order,indices,coefficient
0,,0.499239830510524
1,199,-4.7008066092673505E-4
1,302,-4.017358413886647E-4
1,909,3.931064714784915E-4
1,684,-3.930586019321751E-4
1,324,3.823417783108607E-4
1,612,3.8121944097664975E-4
1,892,3.598778929958623E-4
1,48,-3.5302832801317995E-4
1,315,3.482524642765343E-4
1,822,-3.260976354227483E-4
1,380,-3.1500884977792216E-4
1,688,3.05378980945485E-4
1,825,2.9893793127589737E-4
1,915,2.931171087902859E-4
1,504,2.9100754640451487E-4
1,146,-2.907037239225759E-4
1,653,-2.855486520685113E-4
1,443,2.845232364268537E-4
1,757,2.84061857760603E-4
1,839,2.822871615795555E-4
1,791,-2.8090030864703013E-4
1,685,-2.806392085343302E-4
1,600,-2.8016004682493185E-4
1,466,-2.7930299837302866E-4
1,416,-2.778265081214848E-4
1,459,2.744498531135826E-4
1,844,2.7206427087862647E-4
1,971,2.716685704244415E-4
1,937,-2.70378388278561E-4
1,488,2.688540859099441E-4
1,285,-2.6724483168180305E-4
1,249,-2.648886008741008E-4
1,463,-2.63928937972805E-4
1,316,-2.618742170640367E-4
1,553,-2.6180931758492835E-4
1,184,-2.5694074918551705E-4
1,483,-2.535431262574029E-4
1,991,-2.4987385923691004E-4
1,884,2.455655310193027E-4
1,369,-2.4491632346377093E-4
1,700,-2.4371396030780713E-4
1,89,-2.386304127370895E-4
1,590,-2.3677499093611987E-4
1,176,2.3633674613566337E-4
1,809,-2.3167602051358738E-4
1,114,2.311970542067824E-4
1,739,2.2995889895379776E-4
1,687,2.28169747262486E-4
1,708,2.2499008312427526E-4
1,457,-2.2406076195215712E-4
1,2,2.2376141491016731E-4
1,676,-2.2344932587293827E-4
1,124,-2.2261041923630974E-4
1,639,2.2162553483860646E-4
1,21,-2.210010589838482E-4
1,945,-2.207295711301815E-4
1,679,2.1978103012660006E-4
1,686,2.187051480691483E-4
1,43,2.171965344673415E-4
1,450,-2.157694536966128E-4
1,107,-2.1457609371875591E-4
1,64,2.1448616344552177E-4
1,53,-2.142903966177938E-4
1,888,-2.1351654646104674E-4
1,428,2.1338430217883935E-4
1,816,2.1284237062191037E-4
1,340,-2.1229081888854827E-4
1,160,-2.121538798351284E-4
1,26,-2.1096119972010446E-4
1,615,-2.1038610248053463E-4
1,77,-2.0982905497052303E-4
1,808,-2.0835234088524752E-4
1,252,-2.0763628545218522E-4
1,370,2.0679775052515547E-4
1,289,-2.0553129387253962E-4
1,454,-2.045414540572426E-4
1,115,2.0401895040954342E-4
1,88,-2.0275907421236239E-4
1,705,2.0212258988493232E-4
1,773,2.0165954168056168E-4
1,339,-2.0158412951193128E-4
1,861,-2.0011636875133095E-4
1,223,1.9916248146537884E-4
1,609,-1.988777061544488E-4
1,940,-1.9692008894905098E-4
1,434,1.9624980894576813E-4
1,144,1.9613017479256923E-4
1,882,1.9408214169098207E-4
1,0,-1.9358886749617872E-4
1,795,1.9341261706317582E-4
1,730,-1.9301435467959316E-4
1,958,1.926196208040563E-4
1,438,-1.9221645363115674E-4
1,726,-1.9147087594344338E-4
1,980,-1.911311588730419E-4
1,878,-1.904146241233301E-4
1,63,1.8994857975986737E-4
1,349,1.8909750776112467E-4
1,111,-1.8901521511905812E-4
1,439,-1.888117863610778E-4
1,846,-1.8858406145558462E-4
1,126,1.8802928473067704E-4
1,721,1.8774537513669562E-4
1,400,1.8695475020060368E-4
1,353,-1.8661313872481833E-4
1,159,1.8654033648036656E-4
1,564,-1.8639042211820843E-4
1,197,-1.8625213268706653E-4
1,219,-1.8621861297011877E-4
1,806,-1.8503897509683986E-4
1,895,-1.8470425027223065E-4
1,30,1.8435374396766547E-4
1,330,-1.8358053607530646E-4
1,453,-1.8292955508876025E-4
1,228,-1.809302061942053E-4
1,401,1.8088635154872573E-4
1,682,1.7982030397491614E-4
1,171,1.7963056672090375E-4
1,953,1.7856313736330404E-4
1,170,1.7810859026918947E-4
1,25,1.7770613483127838E-4
1,530,-1.7712381352562694E-4
1,512,-1.770861813909232E-4
1,634,-1.7658255311149012E-4
1,819,-1.765439175327197E-4
1,350,-1.762953606370285E-4
1,290,-1.7627411778331132E-4
1,855,-1.759494649800901E-4
1,298,1.7584324215722972E-4
1,17,-1.75343300894395E-4
1,31,1.7515858021088473E-4
1,581,1.7471106619752362E-4
1,517,-1.7437384429864775E-4
1,296,1.7299509585272957E-4
1,903,-1.7257217656128435E-4
1,412,1.7216522839500238E-4
1,392,-1.7205115947325952E-4
1,367,-1.7158950115327015E-4
1,489,-1.7145738802180321E-4
1,137,-1.712497883632159E-4
1,288,-1.712037475193478E-4
1,695,1.7104392464793036E-4
1,796,1.7086670013599707E-4
1,562,-1.6976429342654278E-4
1,632,1.6922001058069795E-4
1,4,1.6870543566454673E-4
1,583,-1.6825220088487666E-4
1,963,-1.6765787122905202E-4
1,923,1.6743434157338E-4
1,829,-1.669218398266234E-4
1,117,-1.6627783027474313E-4
1,762,-1.6583414752113638E-4
1,79,1.6541680923167436E-4
1,65,-1.6447132809571007E-4
1,780,-1.6371053856591568E-4
1,587,1.6317384216843044E-4
1,745,1.6316871589935991E-4
1,746,-1.6208629859430004E-4
1,245,1.6199480700113578E-4
1,670,-1.61708998209598E-4
1,357,-1.6152334815582476E-4
1,768,1.6130467062944908E-4
1,969,-1.6123448476314316E-4
1,275,-1.6121552457340008E-4
1,862,1.6066093234748215E-4
1,338,-1.6045978582732747E-4
1,474,1.6045260245954804E-4
1,273,-1.6044387888215596E-4
1,845,1.5997226401022298E-4
1,666,1.58996600610667E-4
1,327,-1.5855250912558344E-4
1,866,1.5797173766600583E-4
1,710,1.5773458371891276E-4
1,41,1.5704943499452072E-4
1,621,-1.568987363004105E-4
1,572,1.5686622813395086E-4
1,843,-1.5674127690537456E-4
1,297,1.554352566429077E-4
1,975,-1.552860540491909E-4
1,138,1.5525735139135032E-4
1,656,1.552197959397245E-4
1,233,-1.5462385493679028E-4
1,654,-1.5390587834058912E-4
1,13,-1.5375298166064765E-4
1,875,1.5232175173877978E-4
1,402,-1.5160020259600356E-4
1,182,1.5089990186860613E-4
1,303,1.5044945285801995E-4
1,852,1.4988194034227617E-4
1,485,1.493546701666409E-4
1,292,1.49330265457672E-4
1,56,-1.4907779163133544E-4
1,16,1.4806997246449036E-4
1,482,1.47960338789201E-4
1,225,1.4659050070155828E-4
1,752,1.463567980353241E-4
1,168,-1.4626126366135885E-4
1,166,1.4532007129334438E-4
1,260,1.4457799796051946E-4
1,158,-1.4448490316633323E-4
1,520,1.4443784397271325E-4
1,262,1.44430080578432E-4
1,101,1.4415090250959164E-4
1,507,1.4405322950458016E-4
1,456,1.4372974829769276E-4
1,473,1.436595904277434E-4
1,451,1.4355153962055948E-4
1,264,1.4343913845442106E-4
1,100,1.433863689770145E-4
1,858,1.4324171829291338E-4
1,306,-1.426113396503835E-4
1,722,1.418727020795474E-4
1,27,-1.4184175592042448E-4
1,916,1.4054987547225202E-4
1,812,-1.4049580582368705E-4
1,678,-1.4024921275655768E-4
1,255,-1.3955211384094175E-4
1,66,-1.3879886757548631E-4
1,347,1.378350937046383E-4
1,312,1.377030754882491E-4
1,398,-1.376945384383369E-4
1,569,1.3688164647252516E-4
1,913,-1.3617828788774005E-4
1,352,1.36123888536551E-4
1,307,-1.3561947723080952E-4
1,689,-1.3530113773021682E-4
1,943,-1.3500056329550285E-4
1,18,-1.347582994697335E-4
1,558,-1.3446184262795176E-4
1,802,-1.3355152322325065E-4
1,728,-1.3329370292417713E-4
1,597,-1.3308572415490576E-4
1,613,1.3294992721632728E-4
1,151,-1.3233902025141766E-4
1,304,1.3228865331222744E-4
1,663,-1.3173420171807833E-4
1,74,-1.3168310787183408E-4
1,49,1.315587253960748E-4
1,425,1.30276838315266E-4
1,282,-1.3016017216154046E-4
1,933,1.2992777055941272E-4
1,592,1.2991783245974226E-4
1,221,1.2975704514903253E-4
1,596,1.2950965595633285E-4
1,750,1.285074757028975E-4
1,630,1.283842941462357E-4
1,602,1.2786447982544207E-4
1,774,-1.277707131426244E-4
1,265,-1.2693479281949724E-4
1,143,1.2675885778045678E-4
1,414,1.265710064410742E-4
1,577,-1.265381615192666E-4
1,433,1.2594093430518758E-4
1,373,-1.2557370543421048E-4
1,83,-1.2501792493510347E-4
1,601,-1.2501194701522594E-4
1,794,1.245083439038148E-4
1,363,-1.2399306854209475E-4
1,876,-1.2386876223742288E-4
1,973,-1.2356332636299366E-4
1,599,1.235101231785482E-4
1,961,1.2345172905633435E-4
1,671,-1.2316340086616546E-4
1,929,1.2263837225668644E-4
1,173,1.222048216093552E-4
1,232,-1.2211889482647203E-4
1,769,-1.2197826209213667E-4
1,20,-1.2197610554733632E-4
1,311,-1.2188568011410828E-4
1,817,1.2160217459147033E-4
1,224,-1.2133470201605437E-4
1,110,1.2113132821313864E-4
1,217,-1.2110907454838744E-4
1,108,-1.2078388934795178E-4
1,764,1.2077669762855023E-4
1,566,-1.2047263201182929E-4
1,835,1.1997890591852837E-4
1,511,1.1964905355123337E-4
1,765,1.1943484442184467E-4
1,141,-1.1931193600767303E-4
1,643,-1.1852054141538507E-4
1,447,-1.1827162540261577E-4
1,94,1.1817089188022742E-4
1,918,-1.1815753850159473E-4
1,67,1.1811958842402578E-4
1,15,-1.1810726767107132E-4
1,376,-1.1810686986891144E-4
1,691,1.180942665455034E-4
1,509,1.1778007251872276E-4
1,545,-1.1768080639579615E-4
1,936,-1.176495070395715E-4
1,169,-1.1728223641091148E-4
1,318,-1.1641724638914182E-4
1,462,1.1638778803151154E-4
1,128,-1.1617145130317667E-4
1,44,-1.1607264730100083E-4
1,667,1.16057035172951E-4
1,995,-1.1517923437977198E-4
1,561,1.151730013013172E-4
1,337,-1.1462270435787403E-4
1,951,-1.1439163789750042E-4
1,698,1.1420153241251087E-4
1,541,-1.1387568807926649E-4
1,284,-1.135191145137128E-4
1,702,-1.1204712659807537E-4
1,526,1.1190372645269404E-4
1,763,-1.1189946167042108E-4
1,655,1.1180530488521101E-4
1,468,1.1157768963726832E-4
1,361,1.1062064979432425E-4
1,150,1.1022601450006514E-4
1,261,-1.0940184702645061E-4
1,994,1.0882139694825508E-4
1,536,1.084159117611523E-4
1,521,-1.0839305389073811E-4
1,924,-1.0833069254679704E-4
1,185,-1.0826024824298766E-4
1,856,1.0822455313172948E-4
1,496,-1.0795691207393962E-4
1,278,1.0734291458655019E-4
1,524,-1.070379879972755E-4
1,904,1.067341749009337E-4
1,86,1.0642904079468701E-4
1,760,1.0640074021538754E-4
1,277,-1.056576474195258E-4
1,475,-1.0562815812575274E-4
1,257,-1.0528111629774132E-4
1,421,-1.051027490721962E-4
1,426,-1.0502795831773587E-4
1,211,1.04942528145887E-4
1,681,1.0467232626442942E-4
1,631,1.0447323735329067E-4
1,11,1.044637191654449E-4
1,103,1.0351399886147336E-4
1,222,1.0341100442705282E-4
1,906,1.0275330439670201E-4
1,629,-1.025755438736758E-4
1,713,1.023968929222065E-4
1,478,-1.0203696826627006E-4
1,287,-1.0180516758212654E-4
1,155,1.0178429557096485E-4
1,505,-1.0170142560594787E-4
1,664,1.013470853109519E-4
1,294,1.012961338057884E-4
1,189,1.011880351492738E-4
1,707,1.0112251275988988E-4
1,699,-1.0110359314904446E-4
1,618,-1.0094880651084987E-4
1,658,1.0054379481511783E-4
1,962,-1.0033265958358305E-4
1,237,-1.002914564889496E-4
1,220,1.0005224994100047E-4
1,440,-9.994557453386766E-5
1,502,9.951823284428143E-5
1,308,-9.94190911491194E-5
1,772,-9.934405969026624E-5
1,331,9.901814470629166E-5
1,547,-9.881715827973284E-5
1,379,9.858783367971319E-5
1,313,-9.850612511200941E-5
1,388,-9.828328155603559E-5
1,375,-9.80678829150557E-5
1,382,9.779421320825904E-5
1,495,9.746156344953115E-5
1,540,9.707564784917753E-5
1,465,-9.69955176573522E-5
1,490,-9.698563671540308E-5
1,868,9.677887432848715E-5
1,815,9.64133021773314E-5
1,125,9.633391764693392E-5
1,163,9.629168753568586E-5
1,201,-9.614998216464093E-5
1,113,-9.614146336786404E-5
1,899,9.604999696913438E-5
1,662,-9.548864713806895E-5
1,239,-9.547364434745826E-5
1,153,-9.545229784516458E-5
1,826,-9.54135132667319E-5
1,418,-9.518275689690049E-5
1,427,-9.508630405744305E-5
1,849,-9.505218458037957E-5
1,620,9.439959269240828E-5
1,70,9.438587947033282E-5
1,251,9.436263144039444E-5
1,950,9.431146968064163E-5
1,870,-9.367836461357324E-5
1,538,9.344781763753831E-5
1,75,-9.327173259551384E-5
1,848,-9.312871799217614E-5
1,120,-9.222223953981077E-5
1,253,-9.177972641748709E-5
1,983,9.166751830945483E-5
1,148,-9.156480898564005E-5
1,90,-9.153694437352743E-5
1,458,-9.153319277699595E-5
1,938,-9.143356633047364E-5
1,727,-9.131244754973112E-5
1,280,9.067325751817306E-5
1,200,9.063358920405917E-5
1,250,-9.059862485717478E-5
1,797,-9.057980585610883E-5
1,872,9.038882985233204E-5
1,104,-9.014707905586266E-5
1,801,9.007305089538856E-5
1,326,-8.966823911485098E-5
1,800,-8.964645244742823E-5
1,130,8.960524683234437E-5
1,719,8.947461462807878E-5
1,112,-8.875020796162217E-5
1,52,8.857731658925018E-5
1,135,-8.835685482878822E-5
1,807,8.834680610228919E-5
1,782,8.827907304089122E-5
1,323,-8.808989482205947E-5
1,472,-8.796427777709177E-5
1,469,-8.774984507602348E-5
1,985,8.738683012807719E-5
1,498,-8.73302518753466E-5
1,165,-8.716042564528727E-5
1,192,-8.70590054519099E-5
1,328,8.685229295963836E-5
1,205,8.684047819616787E-5
1,986,-8.673872011019016E-5
1,611,-8.662006821595791E-5
1,534,8.644401495265763E-5
1,637,-8.641068746502663E-5
1,988,8.602351934935726E-5
1,346,-8.544493509404305E-5
1,783,8.524009634627989E-5
1,754,8.518575696711293E-5
1,116,-8.501235785641451E-5
1,356,-8.416093325690452E-5
1,123,-8.411925005586566E-5
1,563,-8.4077732359838E-5
1,672,-8.370619941758877E-5
1,997,-8.33540486623111E-5
1,207,-8.322127120724603E-5
1,1,-8.312681235502758E-5
1,537,-8.307503553936137E-5
1,177,8.305957791468494E-5
1,793,-8.260052605326349E-5
1,659,-8.22056445795616E-5
1,898,8.182726985516714E-5
1,696,-8.14141786294872E-5
1,939,8.131028514212846E-5
1,431,8.128299727599678E-5
1,831,8.114076838190597E-5
1,234,-8.110314238695544E-5
1,957,8.109289195367677E-5
1,444,-8.072723670500576E-5
1,651,8.067377836771656E-5
1,535,8.049948445114918E-5
1,214,-8.024865453121663E-5
1,461,8.01464405481672E-5
1,633,-7.970346092494786E-5
1,557,7.958909044581654E-5
1,384,-7.952920488229202E-5
1,371,-7.949369833361071E-5
1,22,-7.945552506931186E-5
1,29,7.930981916481356E-5
1,429,7.9209968126903E-5
1,157,7.916489960383509E-5
1,121,-7.902412432802352E-5
1,905,-7.89009189155503E-5
1,740,7.874540632564592E-5
1,573,-7.824096079924199E-5
1,539,-7.814306456438167E-5
1,588,7.812626101252816E-5
1,374,-7.797111814412764E-5
1,248,7.762177710844517E-5
1,247,7.758084394520848E-5
1,406,-7.751150407942631E-5
1,393,7.748108141289506E-5
1,529,-7.711954625276172E-5
1,411,7.622057209230087E-5
1,430,-7.619775608591351E-5
1,99,-7.615463602821405E-5
1,673,-7.613987388823184E-5
1,603,7.56260814620859E-5
1,834,-7.537042477710031E-5
1,891,-7.531070945757623E-5
1,131,7.51957819568869E-5
1,73,-7.496651501148295E-5
1,93,7.485931336588074E-5
1,908,-7.485792825627295E-5
1,859,7.443689895849284E-5
1,833,-7.432852731509106E-5
1,167,7.43101824597516E-5
1,142,7.429956950897155E-5
1,767,-7.429387610916719E-5
1,554,-7.371919951895151E-5
1,389,-7.366342159052413E-5
1,19,7.364875951776266E-5
1,761,7.340064882078518E-5
1,479,-7.306810424286312E-5
1,733,7.300453789488089E-5
1,542,-7.291174187674868E-5
1,441,7.278463276380302E-5
1,362,-7.237098191057038E-5
1,241,7.233640756751112E-5
1,405,7.193010977159902E-5
1,506,7.169576629384828E-5
1,494,7.162609927532372E-5
1,145,7.159250316844649E-5
1,798,-7.152660477964312E-5
1,567,-7.151699756506377E-5
1,436,7.120453843057273E-5
1,24,-7.115166632736415E-5
1,911,7.009970071198298E-5
1,333,6.989872110360277E-5
1,711,-6.988345410822487E-5
1,267,6.976400446084615E-5
1,348,-6.973416696450362E-5
1,523,6.963549475346992E-5
1,445,6.96174146235328E-5
1,218,-6.957172229801746E-5
1,464,-6.954407597445569E-5
1,697,-6.926916425491642E-5
1,47,-6.887564244297124E-5
1,140,6.856907111307203E-5
1,309,6.837939676584097E-5
1,886,6.831733839878813E-5
1,377,6.830883156432862E-5
1,174,6.824799644013194E-5
1,771,-6.799703818822056E-5
1,76,-6.7958186543046E-5
1,776,6.7701495907306E-5
1,674,-6.750513274824017E-5
1,358,-6.743830105010398E-5
1,191,-6.731452104089453E-5
1,877,-6.729003002536677E-5
1,321,6.705129931391757E-5
1,35,-6.691975992310234E-5
1,387,6.676856749747743E-5
1,243,6.662944995353504E-5
1,476,6.660765560104294E-5
1,738,6.636695684784753E-5
1,712,6.607704834102019E-5
1,351,6.603687454953915E-5
1,586,-6.589123100147498E-5
1,887,-6.57326464194868E-5
1,6,6.568461838146736E-5
1,967,6.556327143143437E-5
1,638,-6.53789016022055E-5
1,543,6.519186528645487E-5
1,481,6.49102393226736E-5
1,119,6.478509254293435E-5
1,941,6.460198973945608E-5
1,693,-6.431204462411986E-5
1,448,6.421746673855346E-5
1,368,6.407030233634074E-5
1,300,-6.404816257274613E-5
1,37,6.39576758009468E-5
1,927,6.39547287644533E-5
1,299,-6.384234761313817E-5
1,989,6.379563032836705E-5
1,790,-6.373330006679542E-5
1,354,6.37148755170757E-5
1,335,-6.361666470196899E-5
1,955,6.318107717002486E-5
1,372,-6.30643504631753E-5
1,519,6.286388214571037E-5
1,180,-6.24223008667522E-5
1,661,-6.24095744079387E-5
1,268,-6.2379007193168E-5
1,227,-6.22532338737274E-5
1,999,6.212633404956956E-5
1,359,6.207577051944732E-5
1,533,-6.165716484141104E-5
1,753,-6.13649842370811E-5
1,525,6.128600610675187E-5
1,766,-6.127408122879607E-5
1,703,6.097424002581084E-5
1,5,6.0952733048149554E-5
1,840,6.0813410499112535E-5
1,981,-6.072500099002136E-5
1,190,-6.061287835873701E-5
1,645,-6.042349943416146E-5
1,254,-6.022095377031495E-5
1,210,6.020600143588299E-5
1,365,-6.009763784158313E-5
1,729,5.9793800122391866E-5
1,996,-5.977551641804546E-5
1,198,5.94564076337709E-5
1,646,5.898005420343804E-5
1,550,5.88634556513713E-5
1,240,-5.882843509099722E-5
1,417,-5.837353262889374E-5
1,522,5.830111933624273E-5
1,585,-5.8214501982720144E-5
1,665,-5.806872132797738E-5
1,921,-5.806054109535053E-5
1,931,-5.785319574932727E-5
1,497,5.741284134261034E-5
1,990,5.7309556587490774E-5
1,513,5.724241546163715E-5
1,82,-5.664607944600059E-5
1,230,-5.6445009543395126E-5
1,127,5.626575588936941E-5
1,799,5.6244059258343226E-5
1,992,-5.624116852595258E-5
1,758,-5.619610214684147E-5
1,641,5.556578058941868E-5
1,355,5.5533757202172544E-5
1,880,-5.518810216327525E-5
1,28,-5.515111233198079E-5
1,59,-5.514274110668864E-5
1,32,5.5102601807714104E-5
1,987,-5.506140038604275E-5
1,779,5.502925986866094E-5
1,419,5.4886086429484435E-5
1,863,5.464011077444226E-5
1,258,-5.461123698242377E-5
1,619,5.449649958951159E-5
1,694,5.4446619678931385E-5
1,435,-5.444391311534253E-5
1,549,-5.4207641928282046E-5
1,660,-5.393187955341518E-5
1,84,-5.379246511203076E-5
1,213,5.325904244796872E-5
1,460,5.321745864261955E-5
1,982,5.313252023804116E-5
1,954,-5.2902177251087644E-5
1,770,-5.2663811255579695E-5
1,305,5.248490269635908E-5
1,778,5.246773504019315E-5
1,50,5.2413155510939454E-5
1,616,-5.2200892554084876E-5
1,715,-5.217327512776217E-5
1,792,5.208830183097483E-5
1,310,5.191715499132701E-5
1,383,5.188002873230014E-5
1,879,5.173717804309241E-5
1,635,-5.127992833939949E-5
1,106,5.111512426789984E-5
1,122,-5.11089591396486E-5
1,926,5.0922527919969504E-5
1,556,5.068337156966876E-5
1,841,5.0642946443356216E-5
1,644,-5.0508158988971116E-5
1,172,-5.034730233697293E-5
1,575,5.030804703683227E-5
1,152,5.022275211448704E-5
1,45,4.9669922460337874E-5
1,259,4.9667276040399676E-5
1,422,-4.9493010929457184E-5
1,407,-4.912534573694572E-5
1,648,4.910322723534705E-5
1,186,-4.9075023420525834E-5
1,559,4.879300727326444E-5
1,552,4.8366680171269226E-5
1,998,-4.8362081693327107E-5
1,617,4.835899591010358E-5
1,61,-4.80580764385771E-5
1,85,4.7963767185348217E-5
1,81,4.783565473438286E-5
1,935,4.775659285952762E-5
1,314,-4.7540113266867005E-5
1,381,-4.7402110716571346E-5
1,883,4.7331043153339454E-5
1,551,-4.7163326545242746E-5
1,735,4.6861644244205E-5
1,948,4.67916622191333E-5
1,226,4.66536240436768E-5
1,183,-4.646985657955376E-5
1,652,-4.643009132048595E-5
1,55,-4.642531534975082E-5
1,215,4.613477235106148E-5
1,675,-4.583673888624339E-5
1,920,4.572494159754297E-5
1,36,4.5643624646170593E-5
1,910,4.5556995535330885E-5
1,54,4.552025947120444E-5
1,560,4.530339187065963E-5
1,805,4.502851357426454E-5
1,34,-4.4821696148666E-5
1,925,-4.471032318975461E-5
1,391,-4.459929697654721E-5
1,571,4.457423141173063E-5
1,78,4.434168281491472E-5
1,203,-4.426496510623448E-5
1,527,-4.407622208473405E-5
1,499,4.4067568349927034E-5
1,270,-4.385075280306651E-5
1,830,4.32269754319288E-5
1,625,4.319939938375886E-5
1,442,-4.3094742531527785E-5
1,582,-4.3077392346504706E-5
1,885,-4.303893613490206E-5
1,364,-4.28186695959855E-5
1,269,-4.269192873987995E-5
1,775,-4.265455060181327E-5
1,741,4.234783696366698E-5
1,179,-4.2282145929418715E-5
1,977,-4.219727804024243E-5
1,748,4.14674446262218E-5
1,136,-4.109900542493945E-5
1,446,4.064179639844648E-5
1,692,4.0637250393776274E-5
1,837,4.0518090280981496E-5
1,647,-4.049305661192196E-5
1,718,-4.047123047597076E-5
1,970,-4.039211938848747E-5
1,69,4.014314543269758E-5
1,216,4.0124399974629925E-5
1,7,4.0093998606702175E-5
1,403,-4.003959550079711E-5
1,452,-3.988522670212745E-5
1,467,3.9817121680811005E-5
1,649,-3.972122298582543E-5
1,714,-3.954528196616525E-5
1,317,3.944887864104432E-5
1,515,3.9066587793072484E-5
1,777,-3.899551925861113E-5
1,501,3.889408132221143E-5
1,607,-3.87224695789995E-5
1,195,-3.859552522394837E-5
1,854,3.8450360662251074E-5
1,397,-3.824576179541029E-5
1,747,-3.8077675196376614E-5
1,788,3.805096410070063E-5
1,256,3.804985138702505E-5
1,683,-3.789947797968772E-5
1,680,3.7807771931711686E-5
1,864,3.738706850520311E-5
1,91,-3.7067746970096904E-5
1,51,3.6978266159172275E-5
1,188,-3.690836880770282E-5
1,532,3.683506134005435E-5
1,336,3.667135929353546E-5
1,194,3.660288579952292E-5
1,437,-3.633386667978166E-5
1,668,-3.6159058372821426E-5
1,717,-3.598328165783604E-5
1,279,-3.583907486229277E-5
1,640,3.574367403583867E-5
1,850,-3.567876865700568E-5
1,690,-3.560098924346768E-5
1,865,3.5598526048834376E-5
1,737,3.5339079248888154E-5
1,60,-3.5122677718775597E-5
1,804,3.487755498546805E-5
1,14,-3.4499817807111435E-5
1,404,-3.417956747589693E-5
1,902,-3.410298482423531E-5
1,329,3.40947656956609E-5
1,286,3.393814382727864E-5
1,820,-3.382969894115741E-5
1,642,-3.3750462368081546E-5
1,471,3.374183275872565E-5
1,10,3.3582820413094324E-5
1,3,3.34194959160747E-5
1,283,-3.340180329560945E-5
1,874,-3.338262152436014E-5
1,87,3.336573597650273E-5
1,293,-3.3338610243788354E-5
1,548,-3.316188767512236E-5
1,202,3.310389866187526E-5
1,424,-3.303515487104256E-5
1,574,3.2990654229602805E-5
1,394,3.248494121498588E-5
1,814,-3.24598060664751E-5
1,46,-3.2231362479608216E-5
1,187,3.215556108778944E-5
1,156,-3.191426940344515E-5
1,301,-3.1721078895121105E-5
1,147,3.1599256492754485E-5
1,420,3.1459963421540975E-5
1,828,3.145613764309355E-5
1,470,3.139527414065329E-5
1,755,-3.1128906501156844E-5
1,626,3.1114063235329645E-5
1,500,-3.109000332154371E-5
1,827,-3.108854866847034E-5
1,319,-3.097849064399046E-5
1,565,-3.096421440522623E-5
1,823,3.0771065655685364E-5
1,164,-3.0342811118348518E-5
1,811,-3.0277868731810042E-5
1,229,3.0173552399281615E-5
1,742,-3.0017535454645376E-5
1,917,-3.00126945088925E-5
1,57,-2.9860617235686297E-5
1,132,2.9737924823016342E-5
1,871,-2.9584731314812734E-5
1,952,-2.940283402452832E-5
1,716,2.9341598174025225E-5
1,605,-2.9121778607327817E-5
1,409,2.91190503785458E-5
1,610,2.8974659220153465E-5
1,40,2.893267155883695E-5
1,518,2.8919463581901845E-5
1,628,2.8648296113141515E-5
1,432,2.8041393160102332E-5
1,325,2.7729295797810665E-5
1,704,2.764420523367264E-5
1,96,2.748578757997021E-5
1,570,-2.742147629930089E-5
1,942,2.7412413163067958E-5
1,528,2.7196781863218112E-5
1,803,-2.710077669627259E-5
1,928,-2.6941441431907864E-5
1,701,2.6654886105278748E-5
1,408,-2.6351042891649192E-5
1,968,2.6166260193433066E-5
1,789,2.5912819606257326E-5
1,949,2.5854902382626874E-5
1,386,2.5816040718610102E-5
1,867,2.5445397943995337E-5
1,272,2.5429432960783595E-5
1,873,-2.5190131107851983E-5
1,345,-2.5055596754749914E-5
1,979,2.5010763792545855E-5
1,531,-2.4964256490478284E-5
1,276,-2.486267428221074E-5
1,734,2.4848601155754825E-5
1,598,2.4515899804064186E-5
1,956,2.4408504368910573E-5
1,334,2.4366363443718077E-5
1,851,2.4365838349754538E-5
1,12,-2.4296226031514322E-5
1,614,-2.4244345089893913E-5
1,139,2.4174855191020653E-5
1,484,2.400549839944234E-5
1,238,-2.396885587353373E-5
1,480,2.36594789939084E-5
1,709,2.3585177328014623E-5
1,491,-2.3231339141275892E-5
1,390,2.314948372075061E-5
1,178,-2.310799962772478E-5
1,706,-2.3047543904153895E-5
1,271,2.3021294547076134E-5
1,959,-2.3003976252233814E-5
1,396,-2.2999289265012033E-5
1,423,2.296492656877401E-5
1,636,2.2693331269394522E-5
1,80,-2.2684243831196124E-5
1,847,2.260527587669702E-5
1,751,-2.2563617661265732E-5
1,901,2.2100706297011662E-5
1,784,2.2097011586437676E-5
1,274,2.208729494291002E-5
1,736,-2.2011528809000335E-5
1,236,-2.1940949944370368E-5
1,965,-2.170861113910909E-5
1,893,2.161623225545842E-5
1,919,-2.1595980833835676E-5
1,97,2.115208987257907E-5
1,723,2.105865743927747E-5
1,98,-2.0938383780872704E-5
1,263,2.0769702798320446E-5
1,95,-2.073889241849098E-5
1,932,-2.067651948237346E-5
1,455,-2.040306119704439E-5
1,724,-2.0342440047929596E-5
1,109,2.0292815716713714E-5
1,857,-2.0086017725838067E-5
1,68,2.0041171649633072E-5
1,576,1.973906510908173E-5
1,853,1.9711368016893467E-5
1,966,-1.9341676343380356E-5
1,914,1.922584306881117E-5
1,342,1.9083729770091802E-5
1,399,-1.9060646592991603E-5
1,578,1.9048748784746844E-5
1,193,1.8786628282712378E-5
1,508,-1.8736358792062092E-5
1,978,-1.8720468791118426E-5
1,622,1.8562667528943992E-5
1,395,-1.849736487248757E-5
1,604,1.8483477351188243E-5
1,415,1.84277102139512E-5
1,842,-1.8346212008356207E-5
1,291,-1.8319039996485502E-5
1,934,-1.82540127525785E-5
1,623,-1.7852717112435535E-5
1,366,-1.7848461777905904E-5
1,818,-1.7646861351515067E-5
1,897,1.7578941446073047E-5
1,591,-1.7329319025061576E-5
1,181,1.694219186324847E-5
1,869,-1.691105547841784E-5
1,946,-1.684366578478346E-5
1,332,-1.6843573994515436E-5
1,129,-1.674867603597124E-5
1,516,1.6493823182179837E-5
1,889,1.6487037739018294E-5
1,514,-1.627899298106944E-5
1,838,1.6271264986411137E-5
1,976,1.5658795291920604E-5
1,731,-1.5624919472904104E-5
1,743,-1.560682191207911E-5
1,821,1.557055029929577E-5
1,972,-1.5516940386228528E-5
1,196,-1.544999368001131E-5
1,477,-1.5339148838664107E-5
1,555,1.5140855537325456E-5
1,385,-1.4850379551428886E-5
1,627,-1.4780500127031153E-5
1,281,-1.4605345336167416E-5
1,38,1.456285274355025E-5
1,624,1.4241705083508028E-5
1,204,1.4236350600208398E-5
1,154,-1.4033077278097598E-5
1,744,1.371171557468424E-5
1,594,1.356217632732787E-5
1,244,1.349119098584395E-5
1,974,-1.3174236715296092E-5
1,212,-1.30791658204951E-5
1,503,-1.2809235192412282E-5
1,947,1.2447960715938872E-5
1,584,-1.2330270398656901E-5
1,9,1.2156933009744166E-5
1,546,-1.1882432316916519E-5
1,787,-1.182426277435092E-5
1,344,-1.170120083805902E-5
1,23,-1.1662113203071548E-5
1,209,-1.1124171175758198E-5
1,896,-1.0999226575228969E-5
1,206,-1.0562086411147594E-5
1,72,-1.0498552872288402E-5
1,246,1.0353214106752177E-5
1,890,-1.0277968128817018E-5
1,320,1.0225793434618845E-5
1,650,1.0077402659344495E-5
1,162,9.70776868411953E-6
1,756,9.707296068476902E-6
1,786,-9.54139536943234E-6
1,993,9.460947771876532E-6
1,589,-9.221244062986855E-6
1,593,8.8015820409265E-6
1,486,8.743078072429963E-6
1,930,-8.231112087783933E-6
1,341,-8.22834200404819E-6
1,510,-8.141858282270854E-6
1,242,8.01117756748497E-6
1,810,8.008938318770907E-6
1,669,-7.958687355739459E-6
1,608,-7.721208527385808E-6
1,295,-7.65990091495783E-6
1,92,7.540228296948587E-6
1,907,7.415146291817131E-6
1,161,-7.101905989901E-6
1,42,-6.970184303220925E-6
1,944,-6.950491833402392E-6
1,595,-6.734543886426747E-6
1,322,-6.72535082240916E-6
1,912,6.688812121837307E-6
1,235,-6.510804477633941E-6
1,677,-6.359760473807763E-6
1,785,-6.2414178782086165E-6
1,964,6.1801880782846665E-6
1,102,6.1447009294403336E-6
1,832,-6.123200531910456E-6
1,413,-6.088030267257738E-6
1,58,-6.037443324583433E-6
1,579,6.022749009475421E-6
1,732,5.958454055685125E-6
1,8,5.854584648392461E-6
1,343,-5.375786100258996E-6
1,105,5.344798381921378E-6
1,118,-5.3145266657871165E-6
1,487,-5.161757463375494E-6
1,960,5.071622546050259E-6
1,62,-4.926890375509058E-6
1,922,-4.869610547868553E-6
1,860,-4.575449870649381E-6
1,231,-4.390340392627076E-6
1,266,-4.127570951694248E-6
1,657,3.885834221639944E-6
1,39,3.8135109080234613E-6
1,544,3.7846001564279184E-6
1,749,-3.426508580631121E-6
1,134,-3.419301285673089E-6
1,836,-3.231623474037812E-6
1,606,-3.1328372492703295E-6
1,984,-2.991999230584179E-6
1,410,2.7814022445940694E-6
1,568,2.7429063937275816E-6
1,449,2.119671782587651E-6
1,824,-1.994068344995131E-6
1,813,1.8338451459926596E-6
1,71,-1.7592859764713615E-6
1,360,1.7407796935399594E-6
1,175,-1.7273366564332094E-6
1,378,-1.5882315019528845E-6
1,725,-1.520393021785478E-6
1,759,-1.3880960080524807E-6
1,894,-1.37306945619467E-6
1,133,1.3100971755863888E-6
1,900,-1.2845112528313413E-6
1,33,-1.21324216657517E-6
1,881,1.0986565210034314E-6
1,208,-1.0386756473753887E-6
1,580,1.0364202109614529E-6
1,493,9.076876755967495E-7
1,781,-6.018285170440452E-7
1,720,4.0657392469097344E-7
1,492,-3.9468933186254107E-7
1,149,1.382772177859863E-7
2,48;145,-2.0751722790437926E-4
2,136;454,-1.8590668396025668E-4
2,717;977,-1.7562202026759195E-4
2,800;931,-1.720613291782676E-4
2,681;805,1.6947261126125807E-4
2,420;783,-1.6662579154530272E-4
2,654;991,1.623559497915581E-4
2,291;702,-1.6200745585912997E-4
2,202;804,1.6127166660214959E-4
2,470;786,1.6083649066366454E-4
2,688;797,1.5966617937871957E-4
2,192;754,1.589780452110881E-4
2,677;731,1.5874858053942294E-4
2,235;545,-1.582492199464067E-4
2,159;376,-1.5574588414301793E-4
2,199;842,1.555427348791816E-4
2,439;673,1.5471683345264658E-4
2,448;718,-1.541595391356041E-4
2,360;618,1.5321569463070704E-4
2,754;912,1.5077956355034167E-4
2,289;452,-1.5068282377824114E-4
2,312;461,-1.5051334542146358E-4
2,290;960,1.5011376914312438E-4
2,707;753,1.5004885834918032E-4
2,165;892,1.4989990615248353E-4
2,255;418,1.4978344047590798E-4
2,246;595,1.4954298422158863E-4
2,656;744,1.491438066415524E-4
2,469;587,1.471752336628211E-4
2,643;935,-1.469698449255893E-4
2,93;770,1.4689663442987478E-4
2,260;306,-1.4681925599977476E-4
2,211;475,-1.4660346326878063E-4
2,410;423,-1.4653363926768077E-4
2,98;360,1.4531863984726414E-4
2,222;535,-1.4471458590269683E-4
2,244;367,1.4470171942189392E-4
2,252;455,1.435674747326074E-4
2,357;398,-1.4325243768001304E-4
2,521;612,-1.4292598780141075E-4
2,137;619,-1.4253615333511654E-4
2,95;386,-1.4218844916056433E-4
2,341;717,-1.4163455661629385E-4
2,117;548,1.4148767688312213E-4
2,158;793,-1.413933916280612E-4
2,397;735,1.4105192260147693E-4
2,175;188,-1.4074291338944938E-4
2,18;951,1.4047413716781362E-4
2,135;603,1.4035780461640695E-4
2,292;954,-1.4028322311204845E-4
2,70;519,1.4009474925826205E-4
2,462;772,-1.4008127487334865E-4
2,238;532,-1.4003343275381696E-4
2,349;979,1.394779917138268E-4
2,234;699,1.3908171999281091E-4
2,977;989,-1.3883450943647012E-4
2,510;620,-1.3877434690530305E-4
2,307;655,1.385292141106561E-4
2,110;438,-1.3822403049616811E-4
2,57;143,-1.378863515483461E-4
2,369;545,-1.3760227009431008E-4
2,78;819,1.3741890232352852E-4
2,700;720,1.3735551667914012E-4
2,16;44,1.3715634226228626E-4
2,910;958,-1.369674109962491E-4
2,577;684,-1.3682173201277586E-4
2,406;503,-1.3675913829758597E-4
2,804;892,-1.3664910013150893E-4
2,117;880,-1.3640645407409576E-4
2,426;566,1.358724507206049E-4
2,844;946,-1.3578646494826735E-4
2,403;615,-1.356269412267827E-4
2,359;919,1.3547223284185648E-4
2,3;456,-1.3538422922238747E-4
2,391;920,-1.352386248173172E-4
2,426;896,-1.3515712033657676E-4
2,4;958,1.3496722309078347E-4
2,566;753,-1.3493998992290915E-4
2,32;589,1.3469194562916077E-4
2,89;282,1.3457162427679104E-4
2,721;826,-1.3437455518854185E-4
2,137;936,-1.339111495104884E-4
2,696;747,1.3371020001942894E-4
2,226;504,-1.336615827800956E-4
2,205;251,1.3363493537890092E-4
2,272;470,1.336086594213853E-4
2,271;748,1.3356007570122024E-4
2,335;805,-1.335019068045674E-4
2,655;712,1.3345885526650858E-4
2,143;838,-1.3307409260175513E-4
2,6;621,-1.329443286274127E-4
2,569;684,-1.3250578502215461E-4
2,190;691,1.3245165807037235E-4
2,289;542,-1.3241776805272398E-4
2,359;483,1.3193560108296575E-4
2,546;779,1.3183762408518882E-4
2,160;201,-1.318209855559969E-4
2,255;881,-1.3158547649104753E-4
2,569;885,1.310917918792948E-4
2,356;567,1.3036363371710845E-4
2,60;604,-1.3031328998542566E-4
2,575;975,1.3030616012956852E-4
2,112;918,1.2990245206335842E-4
2,363;500,1.2982076402196725E-4
2,720;880,1.2937976942920985E-4
2,439;589,-1.2935879585101906E-4
2,50;832,1.2932365391657037E-4
2,272;428,1.293051073574975E-4
2,208;289,1.2922288512181337E-4
2,193;715,-1.2882942466265181E-4
2,129;229,1.2826423695791494E-4
2,331;601,-1.281672921816819E-4
2,255;611,-1.281283523211911E-4
2,105;909,-1.2778047443861703E-4
2,573;940,1.277770451540517E-4
2,335;917,1.2766910691397058E-4
2,157;249,-1.2725705938178189E-4
2,92;775,-1.2723117928933457E-4
2,50;553,1.271197523354693E-4
2,315;823,-1.2710656818450887E-4
2,328;871,1.2706182540717605E-4
2,317;862,1.2695726052216238E-4
2,50;800,1.2687790689493503E-4
2,215;566,-1.2666809546598367E-4
2,84;614,1.2637001462630583E-4
2,139;309,1.2631934262416657E-4
2,446;794,-1.2614475648761869E-4
2,66;235,-1.260023338718579E-4
2,710;949,-1.2565348819617504E-4
2,824;882,1.2562876668128839E-4
2,267;542,1.256231820061045E-4
2,541;897,1.2538747851841226E-4
2,245;579,-1.2533402600749046E-4
2,95;362,1.2531365967190716E-4
2,151;484,-1.2525365105347033E-4
2,500;999,-1.2521779748373514E-4
2,247;872,1.251512634916036E-4
2,629;816,-1.2490864635286347E-4
2,236;617,1.2482811932125064E-4
2,30;869,-1.2482422848252538E-4
2,819;962,1.2462603955401487E-4
2,243;693,-1.245241738893035E-4
2,856;983,-1.2393605745824785E-4
2,661;824,1.238943567525471E-4
2,241;468,-1.2360094924423088E-4
2,270;752,1.2359018268958484E-4
2,72;423,-1.2356134184571662E-4
2,243;720,1.2330737545831813E-4
2,753;865,-1.2309871990878285E-4
2,286;773,1.2277753396330282E-4
2,377;920,1.2249608941731154E-4
2,102;470,-1.2232174141692029E-4
2,120;160,1.2217643319306707E-4
2,74;661,1.221755369282314E-4
2,152;740,1.2187197843842525E-4
2,161;214,-1.2183986542644146E-4
2,103;836,1.2181750796124322E-4
2,337;840,-1.2168133835351578E-4
2,448;757,-1.2122162632085501E-4
2,235;678,1.2113003181225887E-4
2,429;857,1.2106575637782812E-4
2,669;870,-1.2090058300740234E-4
2,218;999,-1.2056947422863691E-4
2,748;906,1.2033864725118749E-4
2,125;763,1.2033203189180972E-4
2,63;457,-1.2032246450310202E-4
2,451;634,-1.2020834857167632E-4
2,0;203,-1.2019060455612338E-4
2,327;701,1.2018226618381813E-4
2,461;669,-1.2014761555402465E-4
2,65;169,-1.1996924146828677E-4
2,358;912,1.1994576157965663E-4
2,36;62,1.1992828674493621E-4
2,698;997,1.1988498128372807E-4
2,785;892,1.1987567514382726E-4
2,647;795,1.1907253669415566E-4
2,514;817,1.1903094669282769E-4
2,524;725,-1.189224625293295E-4
2,593;991,1.188803641254922E-4
2,299;942,-1.1884117431855821E-4
2,709;948,-1.1853417121276688E-4
2,393;617,-1.1842686410111836E-4
2,505;540,-1.1818919473413942E-4
2,250;431,-1.181641336280491E-4
2,135;357,1.180204070311709E-4
2,86;947,1.1787673546237554E-4
2,765;850,-1.1786090343390393E-4
2,394;466,-1.1753273762800864E-4
2,582;816,-1.175175218344348E-4
2,363;604,1.174117203316833E-4
2,103;936,-1.1738738281131422E-4
2,565;783,-1.172374728825431E-4
2,96;700,-1.1721162765075956E-4
2,6;772,-1.1719038692289204E-4
2,36;678,1.1712168607624206E-4
2,580;813,1.170894279985346E-4
2,158;566,1.1706628319318584E-4
2,377;708,-1.1700910623196515E-4
2,67;689,1.1692510030516448E-4
2,710;733,-1.1690305345632503E-4
2,66;709,-1.1679008591817074E-4
2,545;615,-1.166734154911318E-4
2,164;418,1.1640867571049912E-4
2,100;826,-1.1632556762273039E-4
2,387;765,-1.1622468466392135E-4
2,194;793,1.1609730560614156E-4
2,744;792,1.1607465271220857E-4
2,594;984,-1.1600727696504553E-4
2,42;405,1.1591281478635579E-4
2,187;972,1.1580063931186496E-4
2,630;893,-1.1555631490165245E-4
2,161;199,-1.155308089447954E-4
2,128;363,-1.1545730338854767E-4
2,68;442,1.1537168849200077E-4
2,681;771,1.1533755410362659E-4
2,498;795,-1.1532831604430195E-4
2,432;969,-1.153159265857566E-4
2,169;841,-1.1530188853250412E-4
2,422;504,1.1529129371894132E-4
2,43;650,1.1519659797328786E-4
2,152;870,-1.1505622989765185E-4
2,168;195,-1.1503445394651805E-4
2,656;684,1.1502643124116355E-4
2,148;240,1.148955974046395E-4
2,70;243,-1.1464650839187469E-4
2,599;823,-1.1455473008822574E-4
2,412;527,-1.1437110685782559E-4
2,471;481,1.1428187667848244E-4
2,680;932,1.1409312131725383E-4
2,161;900,1.1403759510984643E-4
2,307;805,-1.1386004336676375E-4
2,99;374,1.1384293076200119E-4
2,754;980,1.1381253212211982E-4
2,77;665,1.1377037402297712E-4
2,527;645,1.1375855383740538E-4
2,874;928,-1.1369685666934007E-4
2,540;760,-1.1367687201629229E-4
2,169;666,1.1367561795794321E-4
2,151;917,1.1365752650101148E-4
2,423;502,1.133536072378446E-4
2,744;911,1.1335022217233258E-4
2,639;748,1.1332541536049568E-4
2,466;548,1.1324128365350689E-4
2,665;904,-1.1317297936663452E-4
2,634;944,1.131255678997149E-4
2,241;607,1.1307329186248927E-4
2,283;525,1.1306328435945967E-4
2,55;956,-1.1295750333594707E-4
2,646;858,1.1286055383745291E-4
2,138;477,1.1275660526195563E-4
2,181;929,1.1267477688711846E-4
2,77;394,1.12592958841285E-4
2,493;822,-1.1240954306936713E-4
2,380;630,1.1234057150468258E-4
2,152;789,-1.1229744764045281E-4
2,428;556,1.1226309320827719E-4
2,709;738,1.1189928197300992E-4
2,155;252,1.1186672111259337E-4
2,799;801,-1.1180235822279471E-4
2,375;878,1.1161745181974783E-4
2,170;383,-1.113593480336768E-4
2,251;427,1.1116858497098688E-4
2,323;714,-1.1111080988089558E-4
2,658;972,-1.1109414984129339E-4
2,608;909,-1.1093081808929502E-4
2,132;642,1.1084646393439249E-4
2,443;569,1.1080831671945166E-4
2,113;620,-1.1075035074790013E-4
2,316;701,1.1033987561155917E-4
2,341;434,-1.1030323784452781E-4
2,1;335,1.1025034861687146E-4
2,352;857,-1.1024820102467564E-4
2,257;293,-1.102376274174497E-4
2,179;279,-1.1021716977353542E-4
2,390;421,-1.102051851288655E-4
2,302;896,1.0998035211810228E-4
2,154;782,-1.0995449581668582E-4
2,506;644,1.0992700821354087E-4
2,251;989,-1.0989324000623135E-4
2,435;578,-1.0987439500913013E-4
2,587;660,-1.0986785699657934E-4
2,675;682,-1.0985358471465315E-4
2,478;635,1.0976244150615669E-4
2,462;859,-1.0975494690287804E-4
2,794;879,-1.0959469386696566E-4
2,114;760,1.0958297526448918E-4
2,143;654,-1.0950873146316582E-4
2,37;191,-1.0940204267416667E-4
2,327;385,1.0924070369518246E-4
2,907;996,1.0918751667053366E-4
2,319;981,-1.0909881093184859E-4
2,368;662,-1.0887759884115392E-4
2,644;647,1.0877851009671188E-4
2,357;642,1.087552375453198E-4
2,20;480,1.0875210674674867E-4
2,29;174,-1.0862233096540869E-4
2,299;370,-1.0861401883360014E-4
2,298;555,1.0852990883002537E-4
2,306;625,1.0852793910260628E-4
2,201;472,1.0848831971751248E-4
2,380;435,-1.0839489849500048E-4
2,143;831,1.0837421852710092E-4
2,217;721,-1.083727065304065E-4
2,561;701,-1.0826463937954195E-4
2,44;453,-1.0820144628998979E-4
2,660;825,1.0810501600049982E-4
2,160;638,-1.0807891907932915E-4
2,183;668,1.0801408582666427E-4
2,549;836,-1.0796562124757757E-4
2,506;536,1.079402877776464E-4
2,734;985,1.079236383565772E-4
2,446;561,-1.0788343701208702E-4
2,308;446,1.0776794569870787E-4
2,155;369,-1.0774855633631153E-4
2,332;988,-1.077427987400586E-4
2,718;941,1.0770201643222326E-4
2,88;172,1.0764447010092213E-4
2,187;549,1.0764258497976581E-4
2,582;809,1.0757988892750561E-4
2,144;764,1.0746759272833849E-4
2,321;612,1.0735156004364038E-4
2,144;504,-1.0734877278892724E-4
2,207;548,1.0732324635060875E-4
2,231;473,1.0726657411165389E-4
2,163;273,1.0723645480952435E-4
2,282;937,-1.0716655884897665E-4
2,4;184,-1.0712885737099384E-4
2,298;748,-1.0710523175588586E-4
2,646;667,-1.0710338316139929E-4
2,553;612,1.0708998826099065E-4
2,76;966,1.0706073511597584E-4
2,255;889,1.0705099974324458E-4
2,232;689,1.0704745803336965E-4
2,292;316,-1.0703389687535707E-4
2,678;851,-1.070027319749299E-4
2,56;285,1.0697536565199231E-4
2,304;642,-1.0696509228776616E-4
2,520;712,-1.069445076346444E-4
2,520;680,-1.0691377137458577E-4
2,884;980,1.06781295311797E-4
2,559;655,-1.0672101779018822E-4
2,348;576,1.0670626674224575E-4
2,467;593,1.0668850843879591E-4
2,428;983,-1.0666590751250497E-4
2,507;542,-1.0666539556574572E-4
2,775;894,-1.0658786700453169E-4
2,420;426,1.0653788694648937E-4
2,666;869,-1.0649046484018321E-4
2,647;810,-1.0636491251268129E-4
2,628;869,-1.0630269119205455E-4
2,125;520,-1.0624268427646248E-4
2,579;616,-1.060676391454069E-4
2,292;343,1.0606747316743648E-4
2,577;666,-1.0599058215322877E-4
2,73;185,-1.0598460481118295E-4
2,287;443,-1.0588773309297644E-4
2,442;838,-1.0583822505384299E-4
2,617;709,1.0580002729340234E-4
2,327;380,1.057764641497572E-4
2,28;198,-1.0566837341332478E-4
2,385;921,-1.0563654472055073E-4
2,267;838,-1.0551763864002808E-4
2,904;980,-1.0549135503511362E-4
2,852;892,1.0547870209738453E-4
2,85;547,1.0541753515822703E-4
2,48;141,1.0537306163468749E-4
2,649;957,1.0531473187706499E-4
2,350;429,-1.0528136873476238E-4
2,653;764,-1.0527626371150012E-4
2,330;368,1.0527528023099611E-4
2,235;241,1.0525394696569927E-4
2,210;634,1.0520824191391043E-4
2,551;577,-1.0518410944397304E-4
2,725;911,1.050945871150726E-4
2,289;650,1.0496343084859857E-4
2,636;888,-1.0492502558825743E-4
2,342;370,1.0485505399779762E-4
2,183;897,1.0478470682933202E-4
2,489;514,1.0459279508039695E-4
2,247;437,-1.043493994566613E-4
2,443;911,1.0428172082049112E-4
2,216;846,1.0421255760941788E-4
2,454;920,-1.0395891926394655E-4
2,501;909,1.0391206020813195E-4
2,574;984,-1.0367484734702124E-4
2,370;746,1.0365449974052385E-4
2,282;966,-1.0357654624828647E-4
2,334;755,-1.0356208529016589E-4
2,405;466,1.0323413881245762E-4
2,229;668,-1.0319837189890375E-4
2,291;931,-1.0315123916307628E-4
2,588;926,1.0303983051839754E-4
2,838;930,-1.0303320275499953E-4
2,161;953,-1.0295838823370221E-4
2,462;739,-1.0292225600720063E-4
2,381;505,-1.0280962871439901E-4
2,220;800,-1.0280296583619541E-4
2,279;839,1.0279551793807068E-4
2,399;946,-1.0272104924017534E-4
2,68;689,1.025725212512475E-4
2,624;887,-1.0255714682108325E-4
2,44;963,1.0253820480277427E-4
2,144;505,1.0253167794657815E-4
2,43;820,1.0249250771645181E-4
2,138;947,-1.0248940540328149E-4
2,352;746,-1.0245162478268185E-4
2,11;952,-1.024450579876303E-4
2,275;694,-1.0244415509172992E-4
2,844;970,-1.0238734826791514E-4
2,142;998,1.0233793142806916E-4
2,374;567,1.0231650938611542E-4
2,351;663,1.0231045314820336E-4
2,433;724,-1.0225192299174124E-4
2,72;279,1.0221310742104295E-4
2,218;569,1.0207832156386311E-4
2,240;527,1.0200983239407568E-4
2,239;298,1.020083776449493E-4
2,376;779,-1.0197509258634549E-4
2,211;316,-1.0194103772708275E-4
2,940;986,1.0192894768246332E-4
2,483;735,1.0192430440053387E-4
2,292;774,1.0191453741085277E-4
2,0;116,-1.0183492194758104E-4
2,479;869,-1.0182371251687463E-4
2,121;259,-1.0173665377647042E-4
2,597;982,-1.0171062945671321E-4
2,47;919,-1.0166750782267072E-4
2,381;700,-1.0158812360846113E-4
2,52;809,-1.015687151501894E-4
2,387;567,-1.0150267556369268E-4
2,185;269,1.0149309781123037E-4
2,658;764,1.0147380386356707E-4
2,335;588,-1.0143404066985442E-4
2,123;237,1.014221417466938E-4
2,297;948,-1.0137361723854078E-4
2,460;631,1.0131938631777087E-4
2,750;867,-1.0131749720459266E-4
2,972;990,-1.0123045354168063E-4
2,593;802,1.0122333543467468E-4
2,5;141,1.012202228159045E-4
2,551;745,1.0121960378669014E-4
2,105;128,-1.0112604742660612E-4
2,320;789,-1.0111910533925608E-4
2,822;863,-1.0111623729301492E-4
2,467;535,1.0102129924156239E-4
2,17;251,-1.0096029361176611E-4
2,327;777,-1.0090187248780693E-4
2,567;688,1.0075729126582922E-4
2,176;354,-1.0070738396162227E-4
2,214;226,1.0067497934460427E-4
2,161;718,-1.0065244030757339E-4
2,344;712,1.0064556834378945E-4
2,444;776,-1.0062917474728889E-4
2,604;710,1.0062756404141378E-4
2,155;312,-1.0054318754176943E-4
2,330;869,1.0052749863351849E-4
2,876;907,-1.005061109762304E-4
2,82;690,-1.0046672884200842E-4
2,106;680,1.0038232448753606E-4
2,34;388,1.0032540085319939E-4
2,109;749,1.0030087361094155E-4
2,365;537,1.0027536523257915E-4
2,706;835,1.0025720689484106E-4
2,182;711,-1.0016864065734263E-4
2,414;603,-1.0015601972179207E-4
2,18;76,-1.0007054574262947E-4
2,201;801,-1.0000961694291769E-4
2,25;72,-9.999304853186477E-5
2,503;626,-9.9966912760786E-5
2,170;295,-9.99477740336019E-5
2,613;738,9.991662605565976E-5
2,270;329,9.981406332469087E-5
2,464;995,-9.973049333778932E-5
2,574;797,-9.966621820828852E-5
2,17;979,9.966320731318112E-5
2,169;408,-9.962490428254909E-5
2,179;534,9.96021834516219E-5
2,413;769,9.948928910501817E-5
2,40;812,-9.944523718857977E-5
2,455;929,-9.943435788358646E-5
2,564;917,9.94280756383086E-5
2,135;980,9.93053781959043E-5
2,320;548,9.929083577089706E-5
2,108;363,-9.927991388317187E-5
2,305;662,9.918235872172363E-5
2,32;107,9.911008843244708E-5
2,404;460,-9.910541599827327E-5
2,16;245,-9.910021867621515E-5
2,355;900,-9.904432568216388E-5
2,646;811,9.904137410331593E-5
2,915;988,9.901737426688721E-5
2,862;928,9.901211890782381E-5
2,16;353,9.889764918257526E-5
2,684;737,9.888329171666526E-5
2,924;937,-9.886609546949643E-5
2,728;795,-9.884193328994427E-5
2,157;839,-9.88139325570212E-5
2,669;766,-9.879785226487817E-5
2,708;991,9.879742748815461E-5
2,500;958,9.86096350752349E-5
2,390;781,-9.856532178420485E-5
2,71;425,-9.852631606263315E-5
2,529;549,-9.852577293561919E-5
2,4;721,9.84020444644016E-5
2,174;473,-9.839844020353514E-5
2,434;683,9.839245671174796E-5
2,584;783,9.833526463997961E-5
2,367;808,9.83168556802213E-5
2,551;851,9.827497855272358E-5
2,627;822,9.821938464437344E-5
2,83;500,-9.820651968585506E-5
2,338;389,-9.817009555158654E-5
2,512;781,-9.816869230143355E-5
2,82;617,-9.812947081827983E-5
2,816;963,9.812924144344698E-5
2,75;492,9.810039612668621E-5
2,221;985,-9.80967582849403E-5
2,691;960,-9.807158118447426E-5
2,477;618,9.793549337851964E-5
2,329;991,-9.789983073581985E-5
2,374;670,9.784037600238106E-5
2,430;663,9.782124196816545E-5
2,359;893,9.77967396644491E-5
2,261;883,-9.779289644728834E-5
2,544;559,-9.777280050725826E-5
2,711;988,9.773839638358954E-5
2,447;684,-9.773038560341332E-5
2,560;851,9.768614186859692E-5
2,4;146,9.766604298195627E-5
2,622;927,-9.765305989121893E-5
2,192;835,9.76323157471381E-5
2,242;877,-9.756061496116514E-5
2,99;567,-9.755056829547207E-5
2,580;924,-9.748321681716862E-5
2,609;619,9.745691724722121E-5
2,474;805,-9.743203390438749E-5
2,431;957,9.734833153866354E-5
2,47;96,-9.730587740959628E-5
2,466;778,-9.72945524523722E-5
2,559;839,-9.727509992222023E-5
2,247;529,-9.725438217270902E-5
2,698;839,-9.721457083805832E-5
2,15;967,9.71324221080076E-5
2,166;373,-9.709248933208331E-5
2,284;920,-9.708391244785599E-5
2,71;168,9.696106700432518E-5
2,204;603,9.695584582739278E-5
2,187;542,-9.691275280575696E-5
2,53;905,9.68793256255429E-5
2,176;744,-9.68510743456309E-5
2,46;362,-9.684396780783671E-5
2,542;630,9.677719747369744E-5
2,468;962,-9.674182557328579E-5
2,730;901,9.668087480982648E-5
2,346;498,-9.66702237542348E-5
2,748;973,9.66344433500626E-5
2,561;672,9.658718237704736E-5
2,242;705,-9.65480346748025E-5
2,491;697,9.65318533198171E-5
2,257;665,-9.642832400780463E-5
2,463;799,9.642596700896213E-5
2,96;977,9.63788786010693E-5
2,123;778,-9.633026810583183E-5
2,301;334,9.630832660633021E-5
2,556;604,-9.629348375542646E-5
2,631;893,9.616638149462608E-5
2,180;797,-9.615701224860048E-5
2,443;897,-9.615165321215527E-5
2,66;70,9.613942886806432E-5
2,9;204,9.60835063568487E-5
2,767;968,9.601683379565066E-5
2,109;769,9.597729670580483E-5
2,7;993,-9.59436277968678E-5
2,683;813,-9.593687042747268E-5
2,451;517,-9.58822429836664E-5
2,207;838,9.587473772282307E-5
2,135;151,9.585696600301324E-5
2,153;983,-9.584807769243961E-5
2,150;695,9.582618420418007E-5
2,491;843,-9.582378428281993E-5
2,381;704,-9.57988351591482E-5
2,818;906,9.573417743135389E-5
2,136;849,9.568245028685606E-5
2,136;945,-9.565690955524103E-5
2,447;839,9.562439915625071E-5
2,5;516,9.561366208429504E-5
2,108;119,-9.559316226940529E-5
2,188;363,-9.555894196820498E-5
2,572;953,-9.55312344295507E-5
2,500;546,-9.548360708829076E-5
2,428;939,-9.54735002710255E-5
2,368;458,9.54602529758298E-5
2,528;577,9.538870022087914E-5
2,439;873,9.533365445094552E-5
2,275;721,9.527597508411547E-5
2,157;304,9.522813003083758E-5
2,508;761,-9.518043285309399E-5
2,745;899,9.517432801445363E-5
2,398;576,9.514106152688698E-5
2,66;577,-9.506856268387105E-5
2,140;153,9.50502442320243E-5
2,518;909,9.474291970618725E-5
2,312;404,9.473448734115727E-5
2,313;547,9.472648507268203E-5
2,203;613,-9.47136952481048E-5
2,189;500,-9.469389975034889E-5
2,625;848,-9.46395709553935E-5
2,214;230,9.461692222926507E-5
2,542;936,-9.459995237562337E-5
2,766;992,9.454015055558123E-5
2,145;562,9.453799404048979E-5
2,72;812,-9.450378895775718E-5
2,43;378,-9.447854882158537E-5
2,154;558,-9.444952603308888E-5
2,292;510,9.433374044721863E-5
2,176;596,9.432370777432501E-5
2,616;770,-9.432361040569882E-5
2,128;300,-9.429150316773959E-5
2,23;563,9.427866246174332E-5
2,218;772,9.427677442037916E-5
2,757;937,9.419182186870022E-5
2,214;947,-9.413083872584703E-5
2,515;673,-9.40979158515254E-5
2,274;746,-9.406956240548495E-5
2,179;627,9.403112614084417E-5
2,32;379,-9.394250271156892E-5
2,628;635,-9.391758042652449E-5
2,616;739,-9.385567907744743E-5
2,10;872,9.379530782984007E-5
2,593;768,-9.377975502658797E-5
2,21;698,-9.376718077259358E-5
2,150;706,-9.373508170470173E-5
2,454;933,-9.364505234742913E-5
2,109;785,9.360503312102934E-5
2,334;507,9.357347136512516E-5
2,141;820,-9.35637917037469E-5
2,705;850,-9.354421227936992E-5
2,210;288,9.35135869272388E-5
2,340;912,9.35080249121324E-5
2,342;757,9.350573686230789E-5
2,440;683,9.341011933163499E-5
2,15;191,9.340182723835969E-5
2,89;308,-9.338947031669657E-5
2,204;843,-9.33240406947254E-5
2,433;508,9.328659091508576E-5
2,69;507,-9.327871546889936E-5
2,431;711,9.32653722143394E-5
2,486;958,9.326105059719581E-5
2,480;610,-9.325057176860161E-5
2,730;797,9.324514793746658E-5
2,286;528,9.322424853437955E-5
2,174;370,-9.321404726752637E-5
2,44;82,9.320126137790514E-5
2,166;990,-9.312143397972078E-5
2,247;359,9.311561469109278E-5
2,411;690,9.31015247793224E-5
2,260;808,9.3000839593876E-5
2,243;553,-9.291759680770768E-5
2,191;771,9.290466564177163E-5
2,291;904,9.284036987629971E-5
2,451;679,-9.275573207891839E-5
2,424;806,-9.274319112419837E-5
2,518;859,-9.272212589511886E-5
2,504;772,9.271877794922842E-5
2,404;889,-9.258063669626902E-5
2,478;918,-9.255534692992882E-5
2,666;706,-9.252704073250517E-5
2,893;905,-9.250318120153329E-5
2,132;686,-9.25014099812091E-5
2,468;580,-9.2471927277413E-5
2,582;589,-9.244344002567647E-5
2,99;447,9.236353778435331E-5
2,491;806,9.234524291637606E-5
2,348;999,9.234325022395376E-5
2,329;464,9.228200916877867E-5
2,709;714,-9.22762689803906E-5
2,375;730,-9.202511144690359E-5
2,588;945,-9.196799602093794E-5
2,194;697,-9.194688222349176E-5
2,561;921,-9.194041865008238E-5
2,111;117,9.193719488388325E-5
2,67;584,-9.189210152945968E-5
2,206;259,-9.184678188304808E-5
2,675;702,9.184332910628654E-5
2,433;847,-9.18009716354123E-5
2,417;879,9.179079486901157E-5
2,577;659,-9.178107182909429E-5
2,430;716,-9.17133300616942E-5
2,176;745,-9.170684058801356E-5
2,828;924,-9.170362299262766E-5
2,522;609,-9.170244203717333E-5
2,545;975,-9.168880678950702E-5
2,579;999,-9.16762970200536E-5
2,141;741,9.166405841505343E-5
2,472;766,-9.164589190714614E-5
2,524;662,9.15878825927206E-5
2,695;852,9.157284693641255E-5
2,188;334,-9.152949767464821E-5
2,62;462,-9.151464256679208E-5
2,17;519,-9.147526505788025E-5
2,882;908,9.14704289326501E-5
2,788;924,9.14498688006058E-5
2,88;292,-9.142990887531408E-5
2,109;937,9.140781268916348E-5
2,403;735,-9.139073856928725E-5
2,448;540,-9.129958962730925E-5
2,424;907,9.126283056550619E-5
2,212;756,-9.125896843980552E-5
2,795;816,-9.125133890118928E-5
2,175;708,9.123241232492167E-5
2,187;196,9.12223105980919E-5
2,468;902,9.121361868894478E-5
2,668;757,9.119668436555792E-5
2,89;155,-9.117118512070547E-5
2,474;797,-9.115908119662231E-5
2,527;762,9.110952985367359E-5
2,447;797,9.107488568736679E-5
2,379;626,9.107264699794135E-5
2,171;577,-9.106492790594736E-5
2,305;492,9.099917808123781E-5
2,184;728,-9.09760855196842E-5
2,782;962,9.0967835016311E-5
2,644;665,9.095880959056685E-5
2,75;613,-9.093833208467367E-5
2,142;808,-9.09007230400781E-5
2,165;744,9.087756173961392E-5
2,26;341,-9.08168001147542E-5
2,302;629,-9.079371054159169E-5
2,143;773,-9.077520358197503E-5
2,178;273,-9.075519046528259E-5
2,522;708,9.070192212343878E-5
2,380;561,-9.06955130590893E-5
2,95;841,9.068473958314802E-5
2,388;404,-9.064167836193787E-5
2,293;837,9.053363175688587E-5
2,392;582,9.052404767134871E-5
2,256;773,9.05159823160332E-5
2,319;717,9.043664088824829E-5
2,306;445,-9.043346915375594E-5
2,653;658,9.035632748422245E-5
2,486;992,9.035012179757998E-5
2,139;340,9.034082021603475E-5
2,333;675,-9.030059662759302E-5
2,154;816,9.02554311356171E-5
2,208;473,-9.016591769963883E-5
2,689;708,9.015859200661547E-5
2,306;324,-9.015628776281345E-5
2,216;857,-9.013207471491513E-5
2,198;588,9.011999407460943E-5
2,4;553,9.009979632563761E-5
2,367;935,9.007606556621215E-5
2,210;696,8.993471483675789E-5
2,107;390,-8.99263971998878E-5
2,21;456,8.992606092553837E-5
2,241;512,-8.991882768252267E-5
2,173;296,-8.984714750266393E-5
2,273;463,-8.977477026877843E-5
2,326;334,-8.976869802504038E-5
2,826;977,-8.975836169171798E-5
2,66;192,-8.975554166290748E-5
2,338;394,8.974328459705325E-5
2,40;918,8.97378402716812E-5
2,822;928,8.973538082793331E-5
2,249;970,-8.973224148816796E-5
2,635;709,8.967757335561184E-5
2,456;946,8.956327710046005E-5
2,561;691,-8.955147008247486E-5
2,664;730,-8.954412071299214E-5
2,288;628,-8.953529201299662E-5
2,651;849,8.951316388870936E-5
2,519;729,-8.951307848496689E-5
2,55;567,-8.94687799966896E-5
2,625;664,-8.946235194897717E-5
2,120;636,-8.943962367557815E-5
2,123;854,8.94298444356292E-5
2,196;537,-8.941485722033098E-5
2,554;782,8.940407926139141E-5
2,537;802,-8.939363990321676E-5
2,44;452,-8.935035081834397E-5
2,404;930,-8.934507640138227E-5
2,276;656,8.927735327821578E-5
2,284;883,8.927026499022462E-5
2,711;963,-8.921459444866482E-5
2,230;837,8.909714904908177E-5
2,776;823,8.906302056285517E-5
2,318;948,-8.906027225637328E-5
2,466;510,-8.904473174192782E-5
2,176;220,8.897763593262435E-5
2,651;688,-8.89373041796184E-5
2,741;988,8.893684236309347E-5
2,500;784,-8.89357106504335E-5
2,579;903,-8.882030005778421E-5
2,261;685,8.8814157009043E-5
2,53;670,-8.879772519838546E-5
2,650;918,-8.877672706188607E-5
2,505;724,8.870810988141577E-5
2,191;698,-8.868358322128013E-5
2,569;884,8.867438708028777E-5
2,390;998,-8.861593578451257E-5
2,450;593,-8.861280338754685E-5
2,265;414,8.861202971260449E-5
2,189;241,-8.858884268615733E-5
2,411;821,-8.855402199879655E-5
2,234;644,-8.842794657647156E-5
2,514;789,-8.841089670801116E-5
2,77;475,-8.839497810379083E-5
2,754;836,-8.838921098132322E-5
2,560;828,8.837368797380414E-5
2,285;368,-8.83461613849885E-5
2,21;789,8.833144911782562E-5
2,32;872,-8.832786619540036E-5
2,201;453,-8.83203036199225E-5
2,189;523,8.82861767767863E-5
2,419;505,8.825640652193663E-5
2,229;858,-8.824259428756518E-5
2,359;787,8.822836509060653E-5
2,374;529,8.821947967486565E-5
2,286;676,8.821607231836843E-5
2,462;945,-8.819268172552843E-5
2,505;526,8.81627953182601E-5
2,95;271,-8.815535114709366E-5
2,329;904,8.808694022753852E-5
2,815;912,-8.808584848293156E-5
2,533;771,-8.80724683892426E-5
2,29;962,8.8069924916966E-5
2,366;911,8.804767068149844E-5
2,581;603,8.803792182067764E-5
2,388;524,8.80226397930392E-5
2,309;974,-8.79910298803985E-5
2,0;223,8.790991028802543E-5
2,528;659,-8.790624766564619E-5
2,282;383,-8.785302601655745E-5
2,840;919,-8.782130420525145E-5
2,375;958,-8.777626090409128E-5
2,319;440,8.776183373819142E-5
2,325;560,-8.77616662021755E-5
2,670;806,8.775227583108624E-5
2,251;670,-8.768981218094917E-5
2,161;683,8.76639760310481E-5
2,173;917,-8.763142876356904E-5
2,734;920,-8.762419330440886E-5
2,146;529,8.75979396471289E-5
2,280;724,-8.759088267314488E-5
2,851;953,8.75644580766021E-5
2,870;888,8.751355581831244E-5
2,392;463,8.751184027713343E-5
2,393;867,8.745880652105502E-5
2,708;713,8.743657631739997E-5
2,385;406,-8.739869415297545E-5
2,850;932,-8.736239211599309E-5
2,387;854,-8.73588650530434E-5
2,427;974,8.73570804523127E-5
2,279;735,-8.735576104810508E-5
2,179;543,-8.734046903200897E-5
2,504;903,8.733914677246877E-5
2,182;905,8.731147551225227E-5
2,309;491,-8.729018706809193E-5
2,369;985,8.726886482445327E-5
2,526;995,-8.724723057501005E-5
2,499;925,8.723031841230713E-5
2,215;589,-8.717643195768832E-5
2,634;674,8.717285761662858E-5
2,427;553,-8.715840718117777E-5
2,618;718,8.71334563983742E-5
2,608;917,8.71217480912955E-5
2,640;899,8.712085473496575E-5
2,640;701,8.711448593986627E-5
2,53;696,-8.709747725842275E-5
2,297;489,8.708378390302902E-5
2,346;430,-8.705454414325866E-5
2,21;913,-8.70123448916908E-5
2,268;397,8.699452982542607E-5
2,367;612,-8.697208761420802E-5
2,305;443,8.694137800476877E-5
2,462;967,-8.693657875315999E-5
2,348;712,-8.690682599079902E-5
2,359;513,8.681995847348734E-5
2,478;631,-8.681241217455301E-5
2,184;320,8.68120755209321E-5
2,693;988,-8.680854273566846E-5
2,957;988,-8.677060945738728E-5
2,252;343,-8.67222193192151E-5
2,549;562,8.670412085369455E-5
2,10;355,8.669332758669467E-5
2,125;434,8.667476938825974E-5
2,255;447,8.665320888407343E-5
2,102;322,8.659296419172853E-5
2,81;658,-8.654330155626858E-5
2,542;826,8.654039044143322E-5
2,27;696,8.65393083230308E-5
2,267;287,8.653174592772958E-5
2,202;744,-8.65099588019755E-5
2,279;901,-8.649760622224434E-5
2,159;199,8.648702259388023E-5
2,257;519,8.646776900404805E-5
2,485;927,-8.64437477764732E-5
2,544;949,8.644036310977981E-5
2,879;884,-8.641939385244485E-5
2,384;656,-8.640652992067817E-5
2,170;767,-8.640333636186926E-5
2,474;742,-8.639295916640115E-5
2,250;360,8.638756061781196E-5
2,433;470,-8.62941047314016E-5
2,363;365,8.623976854909741E-5
2,292;464,8.622327312695986E-5
2,223;476,-8.620232747163504E-5
2,7;728,-8.619851247319626E-5
2,220;611,-8.61222251123948E-5
2,338;975,8.610264060359277E-5
2,179;810,8.608037615923081E-5
2,324;888,8.607144092912729E-5
2,311;380,-8.603873600739409E-5
2,377;729,8.594515724789043E-5
2,464;633,-8.586176555843596E-5
2,407;903,8.582533146684854E-5
2,528;774,8.579567647443283E-5
2,243;904,8.575722455096804E-5
2,495;504,-8.568361496174957E-5
2,905;997,-8.566142530202647E-5
2,213;521,-8.566051171436373E-5
2,652;663,8.565990510925439E-5
2,250;724,8.565587768619837E-5
2,291;984,-8.562964279356586E-5
2,502;985,8.560825091079951E-5
2,44;710,8.555121687908459E-5
2,545;564,-8.550333361125017E-5
2,120;862,8.548874471503243E-5
2,179;608,-8.543786123737839E-5
2,16;345,8.54253490827439E-5
2,767;970,8.542504737784911E-5
2,326;488,8.539120826566018E-5
2,393;771,8.53857631650904E-5
2,35;705,-8.537066509091687E-5
2,168;822,-8.534213700330349E-5
2,496;814,-8.530790297904432E-5
2,334;861,8.529373229737537E-5
2,264;603,8.52499719103363E-5
2,143;969,8.52190350371309E-5
2,313;907,-8.521523386235585E-5
2,542;830,8.51711635832615E-5
2,268;795,8.516566264534699E-5
2,25;898,8.506607518425398E-5
2,106;658,8.500540957299076E-5
2,643;872,-8.499258812181072E-5
2,120;984,-8.491960336301444E-5
2,540;627,-8.486776224885622E-5
2,220;881,-8.485104658889895E-5
2,512;972,-8.475912245803803E-5
2,147;896,-8.475856512959045E-5
2,80;800,8.475539743467234E-5
2,41;190,8.47418857508198E-5
2,713;960,-8.473997291231507E-5
2,391;775,-8.467233417577213E-5
2,472;554,-8.463880480393501E-5
2,273;899,8.462932731766019E-5
2,286;392,8.462419026482661E-5
2,53;139,8.45881673114158E-5
2,213;656,-8.455638583916592E-5
2,766;843,8.455337446210872E-5
2,16;732,8.450237710742048E-5
2,134;297,-8.449005933194817E-5
2,89;381,-8.4468460872836E-5
2,405;524,-8.446703268192027E-5
2,362;579,-8.436705448504926E-5
2,30;440,-8.428933408810392E-5
2,342;556,8.426971529391354E-5
2,698;771,8.42498417106485E-5
2,701;900,8.422945872336535E-5
2,354;803,-8.415768513670883E-5
2,518;749,8.414490862632057E-5
2,262;848,-8.411517339277555E-5
2,187;782,8.410662033073658E-5
2,331;499,8.410505367487543E-5
2,237;693,8.407162171134418E-5
2,240;331,-8.403660402119762E-5
2,590;711,-8.401400072317326E-5
2,561;978,-8.400392411568502E-5
2,362;386,-8.399500601938785E-5
2,365;512,-8.39629818115699E-5
2,210;568,8.39601409714263E-5
2,366;695,-8.395146063045951E-5
2,543;588,-8.375053582961034E-5
2,510;816,-8.373877930673506E-5
2,86;361,-8.371748998323439E-5
2,179;374,-8.37134385569066E-5
2,237;828,-8.370138564896773E-5
2,186;924,-8.369473163478481E-5
2,331;401,-8.36640695562614E-5
2,636;802,-8.366051045082585E-5
2,54;132,-8.365811122294931E-5
2,192;205,8.36572096790899E-5
2,400;436,8.363234333337455E-5
2,469;560,8.35772871417697E-5
2,684;909,8.352609802795056E-5
2,162;328,8.352490283432848E-5
2,306;678,8.347559617111194E-5
2,661;871,8.347131987904057E-5
2,619;657,8.344760182897923E-5
2,35;546,-8.342284910700984E-5
2,721;828,-8.34142702724746E-5
2,383;749,-8.34063135014203E-5
2,724;770,8.33958946699921E-5
2,821;966,8.336985464835306E-5
2,283;317,-8.336305303021582E-5
2,119;913,8.331482370213472E-5
2,546;795,8.324280241572363E-5
2,191;545,8.321224722526915E-5
2,163;846,8.320211159617758E-5
2,472;953,8.309463001136914E-5
2,289;922,8.308953454526057E-5
2,644;810,-8.30572342603382E-5
2,603;791,8.304037380039194E-5
2,161;468,8.29804305058738E-5
2,63;691,8.29687462861893E-5
2,218;701,-8.295441979428496E-5
2,430;698,-8.292910093979556E-5
2,536;637,8.290481727669798E-5
2,194;217,8.290247767134013E-5
2,271;545,8.288168785148087E-5
2,152;584,8.283002285089636E-5
2,719;901,-8.282220144310973E-5
2,124;302,8.282128073296914E-5
2,396;797,8.279996411996136E-5
2,255;911,-8.278712677565869E-5
2,311;869,8.278401252688374E-5
2,285;886,-8.276544060595765E-5
2,184;454,-8.276348932824105E-5
2,621;943,8.266741909893412E-5
2,106;494,-8.263855799061986E-5
2,130;411,8.263268664630476E-5
2,186;797,-8.260978371045768E-5
2,353;426,-8.257485761527772E-5
2,17;166,-8.25198028836596E-5
2,355;884,8.251585630314535E-5
2,548;560,8.246267402639458E-5
2,1;13,8.245538795526275E-5
2,28;421,-8.244709234331281E-5
2,116;161,8.241825768346717E-5
2,215;929,8.240169545168216E-5
2,864;912,8.240047778252456E-5
2,367;505,-8.231709994389676E-5
2,26;163,8.230548298905754E-5
2,97;271,8.22984226666163E-5
2,483;855,-8.228706029105387E-5
2,98;196,-8.222331181170877E-5
2,50;346,-8.222001987572008E-5
2,161;374,8.220327127749978E-5
2,151;910,-8.21939928692845E-5
2,389;900,8.216801145450492E-5
2,7;552,-8.216677421347976E-5
2,621;918,8.214711003205905E-5
2,255;586,-8.214344806598254E-5
2,148;902,8.212172210679588E-5
2,382;853,8.20921503762736E-5
2,19;727,8.207246402058741E-5
2,656;813,8.192953174850023E-5
2,251;723,-8.190752607489377E-5
2,90;549,8.185650275240227E-5
2,727;796,-8.182590684166549E-5
2,103;173,8.180445322040698E-5
2,245;375,-8.177306717426583E-5
2,614;880,-8.171265217261552E-5
2,65;226,-8.171256579171846E-5
2,170;282,8.170621225527909E-5
2,245;786,8.169858690075887E-5
2,172;465,-8.167198124686975E-5
2,247;665,-8.167054929412692E-5
2,345;657,-8.163844616759479E-5
2,433;754,8.162332914943053E-5
2,0;401,8.160360004996348E-5
2,87;713,-8.160075805344236E-5
2,143;361,8.154409486671842E-5
2,124;278,-8.153128074020455E-5
2,366;376,-8.15290657275962E-5
2,355;975,-8.152045925326998E-5
2,44;355,8.149602127156985E-5
2,474;787,8.149162157936462E-5
2,74;828,-8.146013476974172E-5
2,186;834,-8.14044233354706E-5
2,577;804,8.137891515485524E-5
2,618;893,8.133702276490237E-5
2,848;875,-8.128391341346898E-5
2,628;944,8.125834165180536E-5
2,379;518,8.125636918060775E-5
2,47;245,-8.11944271304754E-5
2,411;688,8.116906440365715E-5
2,438;723,-8.115990171257225E-5
2,247;931,-8.115980634976943E-5
2,905;924,-8.109005018438484E-5
2,782;847,8.10721598407232E-5
2,108;503,8.100043033946678E-5
2,185;893,8.098890456568362E-5
2,711;815,-8.096702406839585E-5
2,199;775,-8.096309574807463E-5
2,753;775,8.092165039193866E-5
2,349;641,8.084430546167642E-5
2,195;524,8.079769123468927E-5
2,384;496,-8.077382113653432E-5
2,65;944,-8.074785397157407E-5
2,618;935,-8.071513521267171E-5
2,384;596,8.069104028625861E-5
2,373;722,8.063559078570118E-5
2,534;936,-8.06094869445502E-5
2,352;491,8.060615633312839E-5
2,80;161,8.059029593465117E-5
2,185;898,8.056594511736996E-5
2,713;919,8.055846798918493E-5
2,505;652,8.053483350950886E-5
2,160;394,-8.050222186798367E-5
2,182;714,8.049680784914859E-5
2,29;483,8.049087868272123E-5
2,151;529,8.047915199580013E-5
2,145;498,8.047356099314937E-5
2,420;649,-8.046582621884984E-5
2,382;749,8.046495164752391E-5
2,484;804,8.043158749794923E-5
2,328;690,-8.039580755865525E-5
2,283;741,8.038897888697878E-5
2,272;999,8.035852495307743E-5
2,552;825,8.033530057604094E-5
2,462;822,-8.031122506879472E-5
2,53;656,8.030781368043667E-5
2,77;134,8.024047010956226E-5
2,82;729,8.023140238435377E-5
2,199;414,-8.022461039765435E-5
2,245;573,-8.02228985894254E-5
2,94;222,-8.020247326777576E-5
2,232;795,8.020171661943233E-5
2,44;499,-8.018541273212808E-5
2,138;851,-8.018139397166597E-5
2,136;549,8.016279462551878E-5
2,428;784,8.009747888958982E-5
2,127;752,-8.009567335067941E-5
2,252;705,8.008039917759406E-5
2,44;901,8.007951100287595E-5
2,499;648,-8.007915280186787E-5
2,817;851,8.007700895470632E-5
2,667;997,8.006616650956041E-5
2,173;918,8.002578506839353E-5
2,184;406,-7.998732436139938E-5
2,265;900,-7.995952131939633E-5
2,41;883,7.994638257963348E-5
2,108;508,-7.993453365252507E-5
2,565;999,7.991748398374582E-5
2,612;760,7.991263764388073E-5
2,164;814,-7.990822749323018E-5
2,646;767,-7.986321363400036E-5
2,656;817,-7.985707107355007E-5
2,545;815,7.984024813020798E-5
2,507;589,7.983038924668545E-5
2,936;965,7.981898714714495E-5
2,95;820,7.975585147556955E-5
2,381;772,7.972711939359567E-5
2,159;432,7.971686181504612E-5
2,155;308,7.970497583687278E-5
2,753;840,7.969231514573145E-5
2,2;520,7.968786605277805E-5
2,615;830,7.96856007308506E-5
2,579;596,-7.965503277327083E-5
2,645;864,-7.96057624490008E-5
2,405;965,-7.958721438871397E-5
2,9;363,-7.954205119994778E-5
2,436;495,7.950689375904078E-5
2,250;658,7.950519424315168E-5
2,425;747,7.949916648183052E-5
2,82;440,-7.949346951611257E-5
2,299;672,-7.948628936468433E-5
2,211;315,-7.947529841602246E-5
2,79;420,7.943862314426417E-5
2,204;353,7.943536826627498E-5
2,204;495,-7.94010370048199E-5
2,92;223,7.92424000557087E-5
2,16;761,-7.923774544671845E-5
2,493;515,-7.923115348490063E-5
2,586;881,7.922731831795808E-5
2,153;471,-7.919230156848383E-5
2,48;99,-7.918212632600692E-5
2,139;707,-7.915264333182666E-5
2,420;433,7.914931133513599E-5
2,505;508,-7.914792564266457E-5
2,87;815,-7.908564702736012E-5
2,619;838,-7.907957377571348E-5
2,330;410,7.907391007115383E-5
2,306;804,-7.907007954426663E-5
2,54;949,7.906814681786599E-5
2,287;599,7.905985199594679E-5
2,83;272,7.905184769895682E-5
2,140;498,-7.902349338209534E-5
2,247;803,-7.901265564427404E-5
2,319;676,7.896958962568119E-5
2,66;805,7.894778041474406E-5
2,442;450,7.89390045444452E-5
2,549;645,-7.893391138877829E-5
2,187;272,-7.891677926589338E-5
2,776;999,7.891422977828013E-5
2,600;883,7.890122448301662E-5
2,167;532,-7.887322114416966E-5
2,844;941,-7.886447912423655E-5
2,478;650,7.884954266687414E-5
2,440;623,7.88330294532827E-5
2,213;216,7.879428846038373E-5
2,252;898,7.877648106307126E-5
2,737;909,-7.87726596814521E-5
2,305;791,-7.876778920073523E-5
2,123;599,-7.876262892909704E-5
2,512;843,-7.873514843779111E-5
2,677;747,7.869704646296245E-5
2,244;327,-7.869620073922244E-5
2,290;435,7.867357169757754E-5
2,256;922,7.865180267268619E-5
2,290;813,7.863823554896987E-5
2,421;466,7.863302261898355E-5
2,120;653,-7.861002537877743E-5
2,831;838,-7.859318208754225E-5
2,18;157,7.854437101550261E-5
2,800;929,7.849828911646198E-5
2,101;190,-7.846651371615764E-5
2,277;885,7.839955219921171E-5
2,7;825,7.839454920652944E-5
2,21;148,7.836455135458225E-5
2,270;775,7.833095495344835E-5
2,485;486,7.831347380906417E-5
2,32;281,-7.829995681434796E-5
2,382;659,7.82366472603876E-5
2,270;991,-7.823484141353985E-5
2,31;448,-7.823349561294932E-5
2,729;949,-7.813178032176445E-5
2,230;499,7.80934104824404E-5
2,267;767,-7.809300799716752E-5
2,448;535,-7.807792046420813E-5
2,492;576,-7.806886795598733E-5
2,251;392,-7.8063323976683E-5
2,34;241,-7.80616064053484E-5
2,433;926,-7.804887450760478E-5
2,21;425,-7.801228300775066E-5
2,717;744,7.800148269697545E-5
2,693;957,7.799177178891249E-5
2,705;944,7.798852737711336E-5
2,439;618,7.79515837001904E-5
2,90;341,-7.794372923069934E-5
2,161;280,-7.794220297140747E-5
2,467;472,7.791257405845258E-5
2,401;705,7.788203086483837E-5
2,204;499,-7.781620295377876E-5
2,943;957,-7.779182117134029E-5
2,178;652,7.777264730581289E-5
2,516;893,7.777004823652466E-5
2,448;907,7.775427246283306E-5
2,89;484,7.774313790293701E-5
2,252;685,-7.773403425140348E-5
2,775;905,-7.773180184789709E-5
2,39;706,-7.770134971608192E-5
2,179;238,7.76933540066935E-5
2,817;962,-7.76719940277035E-5
2,213;758,7.76419791362154E-5
2,358;611,7.764144809688292E-5
2,405;409,-7.762575595491572E-5
2,137;489,-7.762555031065402E-5
2,497;954,-7.759774112172011E-5
2,399;905,7.758325537417534E-5
2,177;756,7.75604517035747E-5
2,6;970,7.754476237324739E-5
2,371;564,7.754129421096728E-5
2,298;525,7.74984685558314E-5
2,489;825,-7.74850184764267E-5
2,572;839,7.746489807066515E-5
2,24;939,-7.744994529791157E-5
2,44;630,7.739725167821544E-5
2,30;965,-7.738471136877156E-5
2,134;942,-7.735554373100965E-5
2,489;800,-7.731495828045672E-5
2,306;995,-7.729257849442096E-5
2,215;955,7.726125858786482E-5
2,284;911,-7.72097692396125E-5
2,796;962,7.719337847769319E-5
2,671;949,7.718879302488063E-5
2,283;647,-7.715897608877381E-5
2,684;717,-7.711548762210136E-5
2,399;456,7.710709412279537E-5
2,180;366,-7.708462160522874E-5
2,77;853,-7.707899455329593E-5
2,35;588,7.70786381851247E-5
2,691;971,7.703404476013318E-5
2,48;986,-7.695764215569516E-5
2,70;846,7.69477464032053E-5
2,798;855,7.693039978806639E-5
2,277;319,-7.692095169167507E-5
2,320;440,-7.690412612258866E-5
2,97;936,-7.689990919194392E-5
2,480;617,7.688440200964885E-5
2,116;906,-7.684571710609121E-5
2,655;914,7.683993915939911E-5
2,770;997,7.677873532563182E-5
2,386;532,-7.677229133299876E-5
2,270;894,7.673068791452185E-5
2,136;767,7.672160488436508E-5
2,157;487,7.669615852223898E-5
2,77;533,-7.668785493933805E-5
2,170;421,7.66815978253854E-5
2,832;848,-7.667896216944622E-5
2,346;819,7.666799535192288E-5
2,398;991,7.665880574759462E-5
2,70;931,-7.663097372280186E-5
2,16;143,-7.661257587691816E-5
2,191;823,7.66114695518861E-5
2,265;873,-7.659535857431683E-5
2,325;806,7.658834941831806E-5
2,25;497,7.656632220373996E-5
2,219;241,-7.656473574588697E-5
2,64;588,7.656086434554709E-5
2,327;338,-7.655197814610488E-5
2,276;643,7.651927216400819E-5
2,52;79,-7.64751975659503E-5
2,216;595,-7.646771563090908E-5
2,355;747,7.64534494589182E-5
2,216;621,7.635169993854587E-5
2,140;154,-7.634046895064567E-5
2,248;867,-7.632032201538101E-5
2,386;726,-7.632015648329033E-5
2,252;932,7.63158908124074E-5
2,467;768,7.631120720504434E-5
2,196;956,-7.626103414430638E-5
2,159;320,-7.624004319029048E-5
2,500;579,7.621470828195431E-5
2,551;813,-7.620046465631877E-5
2,134;192,-7.616994626126601E-5
2,427;892,7.616975976860753E-5
2,387;502,7.603126404715632E-5
2,46;762,7.60261254623092E-5
2,13;622,7.602537783211936E-5
2,551;759,-7.600855871840411E-5
2,224;853,-7.600134792266918E-5
2,605;803,-7.598244500736564E-5
2,126;770,-7.591226602693537E-5
2,504;596,7.591038034301608E-5
2,411;446,7.59035985719099E-5
2,46;386,-7.590130422601324E-5
2,146;666,7.589090252368992E-5
2,291;879,-7.583645588790583E-5
2,420;846,-7.582191090204682E-5
2,498;948,7.577830722033894E-5
2,270;913,7.577260142448621E-5
2,848;963,7.575742773098026E-5
2,73;646,-7.575040018124425E-5
2,38;462,7.574410656167937E-5
2,464;521,-7.573482775136192E-5
2,277;602,-7.572460833587105E-5
2,636;690,-7.571923438764518E-5
2,105;424,7.571059658439986E-5
2,127;203,7.570510791869727E-5
2,275;857,7.569849022351839E-5
2,411;966,-7.569790225472687E-5
2,423;485,-7.568628570123251E-5
2,505;884,-7.568145293281491E-5
2,656;794,7.565947351930717E-5
2,44;536,7.558917206958709E-5
2,15;55,7.558194550080296E-5
2,700;845,-7.55467513960698E-5
2,898;968,7.553127390431335E-5
2,429;740,-7.551855442395605E-5
2,152;186,-7.550741953030335E-5
2,89;508,-7.54536040738823E-5
2,79;856,-7.543812089477111E-5
2,288;401,7.541482266275163E-5
2,543;842,7.539299959230334E-5
2,830;849,-7.531171707596917E-5
2,616;714,-7.527571995286603E-5
2,23;389,7.526621497942324E-5
2,550;592,7.525816269180064E-5
2,690;819,7.524871470325034E-5
2,537;681,7.523288204283694E-5
2,328;340,7.522251049969507E-5
2,728;739,-7.519932023523268E-5
2,730;925,-7.515729103594736E-5
2,524;800,7.510837638813217E-5
2,131;997,7.507790213667318E-5
2,835;963,7.505688176169833E-5
2,360;615,7.502727228734431E-5
2,45;106,-7.501493244456389E-5
2,8;398,7.501133280215666E-5
2,488;624,7.500298876030243E-5
2,275;629,-7.500099870381211E-5
2,757;806,-7.498203493945665E-5
2,228;398,-7.495383869715671E-5
2,800;902,7.494213391088524E-5
2,387;641,-7.491172516458081E-5
2,179;297,7.490818544450517E-5
2,190;426,7.488557202683699E-5
2,868;914,-7.485829607836761E-5
2,577;827,7.48553020667282E-5
2,579;640,7.482567617741804E-5
2,289;454,7.470078222881311E-5
2,104;308,7.466596376298511E-5
2,636;976,7.465879883300777E-5
2,272;504,7.465432756029292E-5
2,572;851,7.464870027885801E-5
2,168;274,-7.463930508930397E-5
2,256;681,-7.460257289762471E-5
2,711;924,7.449093602080436E-5
2,0;228,7.448293073492883E-5
2,168;627,-7.448244416221766E-5
2,397;687,7.447899494323132E-5
2,194;511,7.445431176570608E-5
2,487;589,-7.443125942330701E-5
2,291;844,-7.439000319170208E-5
2,441;809,7.438299164975193E-5
2,359;460,-7.43561529794156E-5
2,731;922,-7.433551882844528E-5
2,241;838,-7.43021100223162E-5
2,232;997,7.429636031905043E-5
2,561;995,-7.42958143994267E-5
2,92;170,-7.428637294746874E-5
2,355;394,7.427868803903254E-5
2,178;658,7.423930400577222E-5
2,70;238,-7.421304057324229E-5
2,399;797,7.420851915960118E-5
2,136;590,7.415767713935843E-5
2,306;872,7.413961113782267E-5
2,558;901,7.413899783702045E-5
2,273;672,-7.41096537879682E-5
2,30;155,-7.41034288320013E-5
2,184;647,-7.405205308641165E-5
2,245;529,7.404621455178837E-5
2,47;169,7.403715309075169E-5
2,27;758,-7.403588777976948E-5
2,374;388,7.39400885109142E-5
2,157;587,7.390208788101996E-5
2,120;233,-7.389985809152726E-5
2,41;904,-7.387734857298104E-5
2,489;806,7.383846130969022E-5
2,612;917,-7.382329001728039E-5
2,128;999,-7.381487020196494E-5
2,765;798,-7.375177807061105E-5
2,850;889,-7.370222433593914E-5
2,248;618,-7.367952680023279E-5
2,795;797,-7.367359392383552E-5
2,821;900,7.366975753904252E-5
2,188;604,-7.366543110496018E-5
2,8;988,7.36495575871858E-5
2,12;527,-7.362723305180892E-5
2,523;671,-7.358450862786806E-5
2,46;574,-7.354835618623285E-5
2,291;988,7.353305867855617E-5
2,737;996,7.351578208236217E-5
2,202;536,-7.349583380836E-5
2,279;871,7.347482564232813E-5
2,252;806,-7.346989094176013E-5
2,31;718,7.346787859085623E-5
2,161;687,7.3461560398673E-5
2,643;664,-7.344188397721779E-5
2,64;510,-7.344135128937203E-5
2,173;554,7.3401586320805E-5
2,161;918,7.337651941656745E-5
2,78;847,7.334625099494688E-5
2,508;563,7.331162234031134E-5
2,497;869,7.330609379211644E-5
2,11;668,-7.329232172409664E-5
2,276;339,-7.321414692788828E-5
2,369;839,7.319767124034698E-5
2,378;599,7.314560006256111E-5
2,827;950,-7.313962281422865E-5
2,459;579,7.313811181260134E-5
2,309;965,7.311805583108783E-5
2,223;228,-7.311369090870217E-5
2,400;425,-7.31117495658159E-5
2,42;845,-7.310987731294727E-5
2,314;567,7.3085289644826E-5
2,173;654,-7.308524014706949E-5
2,155;713,-7.307499288980168E-5
2,164;473,-7.307428353397046E-5
2,8;640,-7.306685830001263E-5
2,643;654,7.304601031454392E-5
2,228;918,7.298416019733622E-5
2,173;581,7.297208472608661E-5
2,243;615,7.296675390296204E-5
2,349;436,-7.29596676493308E-5
2,696;919,7.294706112911302E-5
2,418;708,-7.292890043497036E-5
2,358;570,-7.292340338558894E-5
2,152;710,-7.288782592011524E-5
2,586;643,7.287406767896918E-5
2,357;564,-7.282973632087911E-5
2,549;640,7.282548387380942E-5
2,572;831,-7.281113255258285E-5
2,217;232,-7.280134802999081E-5
2,149;683,-7.27927125119265E-5
2,43;373,7.276712649067276E-5
2,376;527,-7.275951202545076E-5
2,199;656,-7.274812187166196E-5
2,222;726,-7.274055471070143E-5
2,273;978,7.273892091476106E-5
2,801;838,-7.269538046901619E-5
2,601;848,7.268966946335448E-5
2,255;643,-7.26809693541323E-5
2,214;945,7.268086983037884E-5
2,197;416,-7.267361565536782E-5
2,840;894,7.26405273848359E-5
2,91;463,7.261649256281775E-5
2,111;504,-7.25878012147077E-5
2,159;742,-7.258650695870298E-5
2,56;506,7.258047708137369E-5
2,121;695,-7.256625114236005E-5
2,74;327,-7.256400239969629E-5
2,283;824,-7.254761774485282E-5
2,414;560,7.25339019462978E-5
2,432;840,7.251551239726773E-5
2,25;466,-7.247650836734907E-5
2,682;868,-7.247142901548235E-5
2,144;168,-7.245026581118845E-5
2,732;845,7.24438414851411E-5
2,363;853,-7.243346370574015E-5
2,154;725,7.24290369487191E-5
2,694;799,-7.240136812197176E-5
2,876;909,-7.239884878616739E-5
2,356;854,-7.236193562493975E-5
2,732;789,7.231961501237546E-5
2,241;762,-7.22683173337218E-5
2,211;550,7.222379792952282E-5
2,559;993,7.221815057722054E-5
2,88;765,-7.221160485354491E-5
2,523;684,-7.220978634607228E-5
2,46;349,7.220553755480364E-5
2,754;886,-7.21901631978873E-5
2,517;683,7.216773985890343E-5
2,404;882,-7.21540566786503E-5
2,104;373,7.214570157135611E-5
2,92;308,7.210490916912155E-5
2,57;682,7.20911233082132E-5
2,607;736,-7.209073548508077E-5
2,551;893,7.207921530741744E-5
2,416;486,7.207277010318169E-5
2,64;484,7.204496682326486E-5
2,450;861,7.202364177920413E-5
2,153;826,7.202313172442237E-5
2,454;718,7.201760267553938E-5
2,49;705,-7.196227694476732E-5
2,762;789,-7.195788307760199E-5
2,429;744,7.194638344911196E-5
2,261;600,-7.194485863850738E-5
2,675;862,-7.193073420594681E-5
2,24;234,7.192506039617087E-5
2,689;896,-7.190014847977089E-5
2,467;950,-7.189401110827314E-5
2,533;722,7.183377106677904E-5
2,85;875,7.181626791720472E-5
2,366;582,7.178347490267982E-5
2,565;707,7.175951344907414E-5
2,261;927,-7.173749463552818E-5
2,60;598,7.173703685236008E-5
2,74;422,7.172514240475886E-5
2,118;600,-7.17205377626621E-5
2,385;815,-7.167852783710658E-5
2,201;492,-7.16646897434668E-5
2,95;567,-7.166140049774291E-5
2,486;913,7.165905562357177E-5
2,31;788,-7.162868549238989E-5
2,223;426,-7.161609655721477E-5
2,171;322,-7.158106524645787E-5
2,156;470,-7.157777963073123E-5
2,249;741,-7.153611836944393E-5
2,490;904,7.153459318021875E-5
2,309;869,-7.153380437892002E-5
2,400;849,-7.152381161603358E-5
2,859;889,7.14936723352358E-5
2,40;146,7.148454340255742E-5
2,255;686,-7.148397232871451E-5
2,18;492,-7.147623835279985E-5
2,59;603,7.144918600727517E-5
2,49;626,-7.143380404043951E-5
2,277;475,-7.140326741112504E-5
2,277;618,-7.137352814935E-5
2,625;774,-7.131760749111939E-5
2,119;441,-7.130088557493901E-5
2,269;509,7.128647237792322E-5
2,346;848,-7.128208851759192E-5
2,179;338,-7.126250819280686E-5
2,24;495,7.125656070750116E-5
2,74;489,-7.12553477034741E-5
2,661;828,-7.125383713270389E-5
2,241;999,-7.124936483747171E-5
2,194;508,7.119185733363746E-5
2,453;899,7.114907831067319E-5
2,114;696,7.114304387944987E-5
2,243;486,7.113086864687934E-5
2,739;918,7.111183542620971E-5
2,272;935,-7.111013958462298E-5
2,91;962,7.109521715602235E-5
2,459;653,7.106742413916495E-5
2,339;899,-7.106438305231342E-5
2,624;844,7.106345584012616E-5
2,225;730,7.105119454747456E-5
2,161;800,-7.103720076529346E-5
2,199;245,-7.103317543884464E-5
2,480;875,-7.101913539001519E-5
2,165;426,-7.100974542636312E-5
2,13;207,7.100833919751804E-5
2,293;426,7.097683302439444E-5
2,454;850,7.096006610616215E-5
2,50;341,7.094589572984424E-5
2,119;379,7.094588257355163E-5
2,62;525,-7.094418085294703E-5
2,226;241,-7.089293198547336E-5
2,505;700,7.087999123054365E-5
2,121;493,7.085894910989862E-5
2,330;586,7.076397895892728E-5
2,46;860,7.076296330151509E-5
2,99;718,-7.075616624460726E-5
2,105;601,-7.075022052579035E-5
2,729;844,7.074486724843482E-5
2,352;427,-7.07349239278858E-5
2,291;970,-7.070244312746052E-5
2,83;646,7.070097442568277E-5
2,16;440,-7.068869246407203E-5
2,195;780,7.067819037688882E-5
2,195;776,-7.065866718119496E-5
2,199;290,7.06318328156815E-5
2,319;919,7.061773441330527E-5
2,402;691,7.061465396661096E-5
2,608;636,-7.061000695789551E-5
2,369;849,7.059911058110191E-5
2,770;901,7.058822382669505E-5
2,276;637,-7.056151451307764E-5
2,543;759,7.052294295911285E-5
2,485;844,-7.052018136586937E-5
2,571;883,7.051747491443356E-5
2,182;330,-7.0491221941233E-5
2,846;938,-7.044978512408855E-5
2,150;499,-7.043495000659714E-5
2,463;899,-7.041942795558348E-5
2,562;647,-7.038950835369331E-5
2,61;161,7.038902941662165E-5
2,577;618,7.038113467980326E-5
2,621;672,-7.038051087603093E-5
2,466;679,7.036709653643649E-5
2,839;961,-7.036471482382905E-5
2,96;664,-7.035284314895291E-5
2,691;867,-7.034630081080898E-5
2,144;208,-7.034359219207545E-5
2,434;843,7.029926390049407E-5
2,406;440,-7.027103822508344E-5
2,26;378,-7.023376220511005E-5
2,142;781,-7.021524517602273E-5
2,728;993,-7.01988339038351E-5
2,750;908,-7.019705369795117E-5
2,271;979,7.018292496359365E-5
2,151;549,-7.018158816022592E-5
2,20;320,-7.016744084855348E-5
2,124;947,-7.016489129053864E-5
2,764;797,7.016216274227821E-5
2,948;960,7.00728815536506E-5
2,249;460,-7.005386016222586E-5
2,94;746,-7.004392180460299E-5
2,91;392,-7.001315776295848E-5
2,827;985,7.00103935690286E-5
2,891;988,7.000796021580106E-5
2,293;838,6.999466578743652E-5
2,308;626,-6.998885929715164E-5
2,440;596,-6.99838747500478E-5
2,33;809,-6.998105048375508E-5
2,218;906,6.994816979328467E-5
2,543;689,-6.99210261412423E-5
2,337;612,6.991650613664763E-5
2,561;636,6.987511744153317E-5
2,73;336,6.98144039513941E-5
2,254;939,6.980003659117401E-5
2,560;832,6.9799011409757E-5
2,738;749,6.977308808527125E-5
2,234;492,-6.976257508871087E-5
2,194;413,-6.973077263227229E-5
2,113;730,6.97203485997499E-5
2,572;684,6.971268509059397E-5
2,553;901,6.968705275156616E-5
2,146;476,-6.967249207837953E-5
2,374;710,6.966839029641916E-5
2,282;560,6.965199718897822E-5
2,285;419,6.965034114328408E-5
2,475;995,-6.955166357562762E-5
2,74;743,6.954493613761191E-5
2,184;440,-6.951472807190138E-5
2,66;291,-6.950575479035066E-5
2,6;672,-6.949623338230831E-5
2,241;930,6.94935425008742E-5
2,305;962,-6.949016800228508E-5
2,48;685,-6.948731813198388E-5
2,464;502,6.945969575442521E-5
2,197;876,6.94569575692813E-5
2,678;808,6.945326408133509E-5
2,255;955,-6.944852957955943E-5
2,15;173,6.943753033314008E-5
2,203;859,-6.942854736551981E-5
2,485;941,6.941619461696336E-5
2,70;548,6.939592906606172E-5
2,231;922,-6.93714128421874E-5
2,203;919,-6.935040558153791E-5
2,841;962,-6.934628750012562E-5
2,83;981,-6.933745506060192E-5
2,64;777,-6.932871767420943E-5
2,543;583,-6.932132924081308E-5
2,61;399,6.930814565710459E-5
2,256;960,-6.93068554932079E-5
2,71;312,-6.929559216753595E-5
2,565;578,6.929533009272595E-5
2,548;658,-6.929169971842652E-5
2,601;861,-6.928165231594497E-5
2,549;912,-6.927446635016457E-5
2,269;852,6.92610810700679E-5
2,191;464,6.926045241205812E-5
2,909;966,-6.925895732661686E-5
2,18;689,-6.925618034552839E-5
2,97;503,6.923107903106468E-5
2,5;957,-6.92031002533871E-5
2,21;86,-6.919190049375936E-5
2,304;889,6.919165346067176E-5
2,21;791,6.917586420942298E-5
2,217;689,6.91625996663166E-5
2,108;869,-6.915810459857055E-5
2,117;670,-6.913576179260044E-5
2,205;370,6.91270404130815E-5
2,143;926,-6.912203792135591E-5
2,310;665,-6.909065926536989E-5
2,125;447,-6.909024856070292E-5
2,510;677,6.908728363145365E-5
2,902;961,6.907768990960326E-5
2,220;991,6.906516667227733E-5
2,186;655,-6.906344630116727E-5
2,73;478,6.902800754051554E-5
2,492;884,6.902399400414636E-5
2,102;156,6.902288660263341E-5
2,452;570,6.901353945824032E-5
2,361;654,-6.898937052471249E-5
2,607;966,-6.897862492087345E-5
2,33;145,6.89688200459783E-5
2,87;322,6.895303847093532E-5
2,498;671,-6.891700774055717E-5
2,588;616,6.890100061648018E-5
2,461;827,6.888704174016004E-5
2,235;450,-6.886010567580897E-5
2,530;985,-6.885583654314036E-5
2,249;404,6.884263651632445E-5
2,0;667,-6.88262032766936E-5
2,21;486,-6.879774267206054E-5
2,421;510,6.878842870723076E-5
2,11;777,-6.878076131230324E-5
2,178;693,-6.877167210448232E-5
2,134;747,6.877129746808148E-5
2,0;315,-6.873959370916765E-5
2,15;52,6.873209524710939E-5
2,470;611,-6.871743197811266E-5
2,756;861,-6.869534864636962E-5
2,441;810,-6.867150144461225E-5
2,67;748,6.861696655149201E-5
2,502;730,6.861215824890512E-5
2,373;577,-6.860965672429314E-5
2,235;532,-6.859129873085058E-5
2,621;656,-6.856754140995281E-5
2,231;664,-6.856748413986589E-5
2,411;520,6.855643675505335E-5
2,34;416,6.855097082790818E-5
2,294;641,6.848825926156541E-5
2,15;66,-6.848525376085496E-5
2,194;549,6.848128765705989E-5
2,330;529,6.846640997383631E-5
2,245;588,6.843284048698311E-5
2,469;721,6.842690586439436E-5
2,226;972,6.840737161768974E-5
2,423;428,-6.831917114571588E-5
2,281;524,-6.830280754478313E-5
2,315;711,-6.829583661669092E-5
2,226;897,6.82544014442377E-5
2,449;607,-6.815712221245518E-5
2,276;899,6.81433587767297E-5
2,309;375,6.80992827179637E-5
2,218;443,-6.809764791128987E-5
2,732;743,6.804862886245619E-5
2,39;631,6.801639253088312E-5
2,96;753,-6.801617587441352E-5
2,257;993,6.799890776989183E-5
2,36;816,-6.799145398518109E-5
2,37;898,-6.798650134527912E-5
2,191;563,-6.796017382370365E-5
2,12;262,-6.795906996959028E-5
2,835;979,6.795777910482304E-5
2,888;894,-6.792499797265603E-5
2,255;380,6.792266005143039E-5
2,262;273,6.790899060159431E-5
2,235;795,-6.789157223748966E-5
2,309;486,6.788454750624157E-5
2,268;970,6.786475403843297E-5
2,296;832,-6.783406178070795E-5
2,341;865,-6.783229214209616E-5
2,355;388,-6.778839482113356E-5
2,261;616,-6.778832928132009E-5
2,196;385,-6.778413221156365E-5
2,672;909,-6.777505893075133E-5
2,86;843,6.775873399694485E-5
2,381;720,6.77569684184576E-5
2,346;695,-6.772837087544532E-5
2,717;769,-6.769127178122316E-5
2,392;646,6.768945720395476E-5
2,665;839,-6.766725321894138E-5
2,475;935,6.765702692210793E-5
2,601;793,-6.765347026625726E-5
2,347;980,-6.764333311550067E-5
2,753;838,6.764235589995743E-5
2,373;588,6.76207788909597E-5
2,16;969,-6.76141609089585E-5
2,39;478,6.760259168350614E-5
2,168;247,-6.760239465571576E-5
2,295;742,-6.76022021642004E-5
2,119;154,-6.758355522610871E-5
2,191;619,-6.758101552881244E-5
2,50;848,-6.757650454258434E-5
2,140;355,-6.755170916168514E-5
2,290;558,6.750494109822769E-5
2,664;947,-6.748988142636556E-5
2,886;959,-6.748759063755734E-5
2,416;925,6.746894322694749E-5
2,160;792,6.746775019150611E-5
2,617;680,-6.746116918620257E-5
2,366;702,6.741702466171783E-5
2,261;971,6.741648314483799E-5
2,235;444,6.74123700779189E-5
2,665;994,6.739058785266846E-5
2,58;789,6.738873588818311E-5
2,519;562,6.738620160685283E-5
2,404;589,-6.738297855259983E-5
2,593;796,-6.737937424064784E-5
2,306;982,-6.736147131342001E-5
2,174;304,6.735655308828936E-5
2,528;575,6.734318264220462E-5
2,170;807,-6.733925575913319E-5
2,50;536,6.730133870250655E-5
2,277;397,6.729378146916174E-5
2,0;132,6.728806863168619E-5
2,35;252,6.72594614652093E-5
2,78;950,6.724183082444482E-5
2,160;762,-6.724053675190151E-5
2,67;328,6.723330913450188E-5
2,418;847,-6.722577869339014E-5
2,600;858,-6.720457355826459E-5
2,81;324,-6.718595866148073E-5
2,423;763,-6.716681476012517E-5
2,784;954,6.716610934259345E-5
2,342;969,6.716025792948211E-5
2,399;751,-6.71232876386332E-5
2,564;782,6.707151519085057E-5
2,82;278,-6.704281735432685E-5
2,261;485,-6.702821088165045E-5
2,263;664,6.701209062211372E-5
2,346;493,6.699766046136418E-5
2,226;801,6.699376830676008E-5
2,933;999,6.698552418273801E-5
2,113;839,-6.698349904515152E-5
2,652;959,-6.694694131820495E-5
2,562;565,-6.694234340362793E-5
2,305;866,6.694135118806642E-5
2,248;379,6.694122115865112E-5
2,332;768,6.692843325699631E-5
2,329;764,-6.692454481833831E-5
2,8;745,6.689660655400718E-5
2,468;953,-6.68953513282684E-5
2,160;526,-6.689435776558152E-5
2,312;966,6.686222293095509E-5
2,302;339,-6.682918614123442E-5
2,553;558,-6.681423887521331E-5
2,154;845,6.680856623158862E-5
2,231;990,-6.678809666614414E-5
2,164;297,6.678482185434173E-5
2,16;214,-6.678271673293013E-5
2,894;902,6.67778294721593E-5
2,375;819,6.674866035152512E-5
2,565;647,-6.673936173841414E-5
2,292;969,-6.673262223831342E-5
2,363;995,6.671955978241909E-5
2,212;797,-6.670884014157419E-5
2,266;540,-6.67053482440387E-5
2,100;229,-6.668623577066546E-5
2,49;111,6.667106614423419E-5
2,359;440,-6.664935514851428E-5
2,199;688,6.662181273918326E-5
2,203;303,-6.658770247577917E-5
2,18;911,-6.655577238748229E-5
2,589;815,-6.654168605145546E-5
2,187;495,-6.652982509720307E-5
2,891;896,-6.652969461248058E-5
2,336;697,-6.650215156436236E-5
2,21;401,-6.65001130878522E-5
2,439;515,6.649489267695021E-5
2,118;218,-6.648449876446859E-5
2,192;557,-6.647841622096164E-5
2,355;677,-6.646043989195707E-5
2,207;283,-6.640824854358054E-5
2,873;906,6.640533025062689E-5
2,199;905,-6.637580176609957E-5
2,493;575,6.637100155686312E-5
2,619;901,-6.636532215113287E-5
2,120;459,6.636469029130002E-5
2,589;954,6.636272523995056E-5
2,316;662,6.635928386000766E-5
2,65;109,6.635799530319177E-5
2,528;607,6.634865010822009E-5
2,172;976,6.634527062838722E-5
2,107;195,6.634318032649963E-5
2,770;912,6.63427642449786E-5
2,775;920,6.633720018110467E-5
2,66;173,-6.630576653373812E-5
2,224;746,6.629134116358919E-5
2,328;457,-6.628250885140504E-5
2,604;911,-6.627985502649335E-5
2,220;292,-6.6274554956373E-5
2,18;903,6.627003609207562E-5
2,137;755,6.626987323660653E-5
2,86;979,-6.62508908367509E-5
2,74;732,6.62430924372822E-5
2,390;665,6.62301246219551E-5
2,199;421,6.621559765491406E-5
2,263;462,-6.621067032532868E-5
2,239;853,6.6196275096817E-5
2,334;761,-6.61824883985698E-5
2,309;494,6.617734830822954E-5
2,259;985,6.614202245691483E-5
2,494;843,-6.612311901154739E-5
2,184;553,-6.610171213152885E-5
2,696;840,-6.609390584906384E-5
2,178;959,6.6074941703967E-5
2,679;808,-6.605507516503605E-5
2,219;389,-6.601927361122801E-5
2,764;991,6.597181539125874E-5
2,786;817,6.597161015903355E-5
2,713;908,6.59610115679773E-5
2,508;628,6.594679661040193E-5
2,21;875,-6.594031511466424E-5
2,332;784,6.593802228679298E-5
2,23;620,6.592744045153026E-5
2,318;696,6.590909681251941E-5
2,408;988,6.590909155205021E-5
2,366;839,6.590313953855495E-5
2,614;737,-6.590036106682079E-5
2,36;313,6.587146845762682E-5
2,319;680,6.585779814492434E-5
2,25;655,6.584272808112288E-5
2,131;580,-6.584247262952055E-5
2,252;655,6.583885284202355E-5
2,150;961,-6.582198735841099E-5
2,562;827,-6.581297667392506E-5
2,6;431,6.5812571976837E-5
2,229;899,6.581170094401625E-5
2,756;797,6.580955988923601E-5
2,213;988,6.579158787163827E-5
2,330;397,-6.578385505860146E-5
2,17;192,-6.574712974238371E-5
2,374;404,6.574160278823421E-5
2,320;880,6.573602489046872E-5
2,37;968,-6.572749439820918E-5
2,181;285,6.571516626328285E-5
2,245;330,6.571054199804469E-5
2,855;918,6.566139870147457E-5
2,412;975,-6.564700339243988E-5
2,90;564,6.561906968144107E-5
2,450;526,6.560986418923356E-5
2,267;891,-6.560759591739767E-5
2,110;932,-6.557271715840402E-5
2,904;943,6.555517040676181E-5
2,253;661,-6.55436993338009E-5
2,186;959,6.554062410555406E-5
2,234;928,6.553878398063477E-5
2,601;603,6.55264199497577E-5
2,390;463,-6.551618403761824E-5
2,49;836,6.55110074031185E-5
2,16;33,6.550954976155923E-5
2,119;486,6.549476201881996E-5
2,297;619,-6.547523949024584E-5
2,376;386,-6.546532070836032E-5
2,735;994,-6.545425666966087E-5
2,288;331,6.544585862278166E-5
2,319;982,6.543704782369916E-5
2,537;771,6.54098225921829E-5
2,156;686,-6.539891677984053E-5
2,272;891,6.535512138866892E-5
2,518;626,-6.533491552787116E-5
2,277;834,-6.533355964161482E-5
2,363;479,-6.53275581573246E-5
2,276;628,-6.52885538697639E-5
2,783;876,6.528287702687102E-5
2,210;988,-6.527457960661752E-5
2,367;913,-6.526173446382752E-5
2,141;525,6.525979023854617E-5
2,354;800,-6.52578351141413E-5
2,90;928,-6.524060121357687E-5
2,383;447,6.522883157133388E-5
2,680;703,6.521970273503324E-5
2,320;623,-6.521900750112978E-5
2,105;501,6.521413573761112E-5
2,243;400,6.521233683564656E-5
2,162;753,-6.519822346618681E-5
2,548;982,6.519058479502195E-5
2,641;872,6.517928050374125E-5
2,359;798,-6.51323792693243E-5
2,173;895,6.51037940477675E-5
2,198;926,6.507712380768211E-5
2,210;706,6.507320925819892E-5
2,397;402,-6.507096812947933E-5
2,242;948,6.504601325463362E-5
2,159;930,6.503055356660361E-5
2,261;467,-6.501379180472532E-5
2,690;962,-6.499379536921035E-5
2,159;942,6.498082890354753E-5
2,496;824,6.494371673703866E-5
2,161;341,6.493372786702054E-5
2,251;918,6.492971303940378E-5
2,353;582,-6.492574569437591E-5
2,665;840,-6.492299449884786E-5
2,585;798,6.490276415696821E-5
2,115;510,-6.487226991067877E-5
2,90;491,6.486023087171564E-5
2,393;520,-6.481026478417386E-5
2,513;684,6.478172535934956E-5
2,287;338,-6.477223280358448E-5
2,865;916,6.47152050583018E-5
2,401;865,-6.471320355742745E-5
2,487;633,6.471316758199402E-5
2,22;655,6.469617294513826E-5
2,0;877,-6.467832867691303E-5
2,330;441,6.465040211814843E-5
2,44;178,-6.463754191963213E-5
2,557;566,-6.46368078101895E-5
2,578;839,6.46239428863229E-5
2,85;662,6.454926236409332E-5
2,454;849,-6.453373105709553E-5
2,90;339,6.452447180580286E-5
2,561;831,-6.447904929978643E-5
2,783;883,-6.447304234072574E-5
2,245;408,6.44496554723123E-5
2,223;636,6.443183870161084E-5
2,627;808,-6.441301605642002E-5
2,317;356,6.438424145945193E-5
2,467;600,6.438195176149636E-5
2,52;379,-6.437549836082221E-5
2,128;790,-6.437041078943931E-5
2,208;683,6.436411941602413E-5
2,845;847,-6.435470596794376E-5
2,860;987,6.434898552846331E-5
2,166;834,6.43399382982158E-5
2,869;907,6.433315375843838E-5
2,342;478,6.431213099403634E-5
2,341;916,6.427591396454665E-5
2,303;858,-6.426192771646477E-5
2,538;750,6.424615183871114E-5
2,360;670,-6.423657999292513E-5
2,462;781,6.421968080740004E-5
2,149;770,6.419554236771133E-5
2,125;757,-6.416202464577582E-5
2,466;762,6.415185024868281E-5
2,798;922,-6.41476841595705E-5
2,109;281,-6.414155922819767E-5
2,427;430,6.414028239448825E-5
2,255;834,6.411465592343867E-5
2,165;337,6.411180859937044E-5
2,710;888,-6.40982375600759E-5
2,132;798,6.409588311511638E-5
2,253;585,6.407452298851238E-5
2,181;973,-6.406184334353473E-5
2,12;864,-6.404689603647771E-5
2,451;927,6.40284085628389E-5
2,484;856,-6.401714547142376E-5
2,114;266,6.401274087736409E-5
2,840;989,-6.398583424648444E-5
2,674;772,6.397975997704942E-5
2,199;875,6.397342539103229E-5
2,21;256,-6.396488417010108E-5
2,508;639,-6.396181865491733E-5
2,106;602,6.393808584332164E-5
2,475;524,6.392327284758463E-5
2,61;899,6.390871930730179E-5
2,320;888,-6.390042255025091E-5
2,191;714,6.386849562133007E-5
2,330;362,6.383618373144478E-5
2,21;780,-6.380200750728743E-5
2,330;735,6.37814956642607E-5
2,345;800,6.378105212944921E-5
2,14;375,-6.377433966511204E-5
2,25;292,-6.376871845796058E-5
2,180;996,-6.373229102611084E-5
2,599;684,6.372745375954015E-5
2,424;905,6.371440829150485E-5
2,794;808,-6.37111983904206E-5
2,309;468,6.370206850337354E-5
2,36;235,-6.370170898501378E-5
2,619;880,-6.369472773376739E-5
2,458;830,-6.368087333490095E-5
2,344;781,-6.366332738999905E-5
2,734;907,-6.366203280453823E-5
2,262;617,-6.36599188509818E-5
2,347;628,6.365912149708683E-5
2,398;498,6.36475499178364E-5
2,247;558,-6.364602402940017E-5
2,694;822,-6.363360553569647E-5
2,806;846,6.36165591352134E-5
2,646;684,-6.360479632341133E-5
2,468;965,6.359451980335543E-5
2,161;719,6.357654650190421E-5
2,357;945,6.356763788460138E-5
2,448;562,-6.356051312488986E-5
2,92;708,-6.355433295202242E-5
2,224;227,-6.352211935812442E-5
2,116;478,6.351353829236881E-5
2,851;982,6.349567590034957E-5
2,319;688,6.34540942153953E-5
2,421;816,6.338128986694342E-5
2,99;287,6.33530760374239E-5
2,576;904,6.334729218210414E-5
2,209;374,6.333893257756066E-5
2,116;163,6.333576892984657E-5
2,187;896,6.333216301786032E-5
2,47;184,6.33103421593797E-5
2,848;986,6.329535466930447E-5
2,140;270,6.328405674598345E-5
2,226;517,-6.32825885708238E-5
2,176;792,-6.327909410236541E-5
2,136;351,6.327218148099923E-5
2,738;948,6.325994015515591E-5
2,692;959,-6.324108734111339E-5
2,721;753,-6.321670228525194E-5
2,81;636,6.320973681082956E-5
2,527;692,-6.319097183744561E-5
2,263;574,-6.318544332050147E-5
2,352;819,6.315785205006732E-5
2,92;480,6.315276830672778E-5
2,403;523,6.31361179734709E-5
2,67;244,6.3124704048739E-5
2,685;708,-6.311013824878961E-5
2,214;992,6.310577907826475E-5
2,500;596,6.310572276815773E-5
2,470;713,6.309307042852036E-5
2,109;265,6.308831603893327E-5
2,532;791,6.299944187016666E-5
2,491;974,6.299600580783366E-5
2,63;133,-6.298404466579728E-5
2,295;643,-6.297027685990362E-5
2,232;783,-6.295375088069816E-5
2,65;772,-6.293679233152517E-5
2,59;680,-6.29245050293303E-5
2,44;332,-6.290543927662057E-5
2,52;447,6.289505652148068E-5
2,763;811,-6.289391358249406E-5
2,480;520,-6.288948757465742E-5
2,367;744,6.288558571734171E-5
2,258;423,6.287818259850151E-5
2,352;974,6.28541383561541E-5
2,24;626,-6.28318023458925E-5
2,54;948,-6.282425153189611E-5
2,96;883,6.281351407399752E-5
2,26;218,-6.278169972121162E-5
2,26;340,-6.277695299192825E-5
2,681;934,-6.276321047843447E-5
2,401;816,-6.275580079789804E-5
2,195;283,6.274592698919883E-5
2,26;800,-6.274294452347929E-5
2,130;145,6.274285677807483E-5
2,105;314,-6.273364268577494E-5
2,848;907,-6.27241761536664E-5
2,677;679,6.271713802227928E-5
2,779;904,6.270932966392548E-5
2,116;504,6.270244277279515E-5
2,178;284,-6.269803894082772E-5
2,12;931,6.268962601341146E-5
2,363;537,-6.267488414001195E-5
2,328;753,-6.266854563760482E-5
2,134;489,6.265701934476443E-5
2,359;524,6.265578405758766E-5
2,592;805,-6.264155651114394E-5
2,64;222,6.26246221791013E-5
2,316;572,6.262199530077868E-5
2,53;817,6.26158459757469E-5
2,509;624,-6.25985696967267E-5
2,436;892,-6.258876543400188E-5
2,27;722,6.255595812217882E-5
2,8;48,-6.25504573424221E-5
2,409;619,-6.251686808615409E-5
2,375;573,6.25126467033652E-5
2,21;412,6.249456013176373E-5
2,472;593,-6.248900605019046E-5
2,276;536,-6.247418522104538E-5
2,121;467,6.244051910318785E-5
2,423;654,-6.242205093497517E-5
2,753;989,-6.238723663884991E-5
2,124;451,6.238676740756346E-5
2,92;517,6.237087732240982E-5
2,537;857,-6.236573433859772E-5
2,32;713,-6.236246280475883E-5
2,127;811,-6.233718520418342E-5
2,363;869,6.23350990255009E-5
2,126;773,6.233332515881874E-5
2,90;252,-6.231859257910718E-5
2,210;681,-6.231259041555852E-5
2,870;916,6.230118577139303E-5
2,676;840,6.228329827830513E-5
2,243;748,6.227127747870177E-5
2,77;369,-6.225741817452797E-5
2,16;967,6.22487830079775E-5
2,862;998,6.224047625757784E-5
2,443;875,6.223941426025357E-5
2,405;472,6.22102653614819E-5
2,55;662,-6.219975006106091E-5
2,312;930,6.217420750748055E-5
2,46;527,6.217176887048049E-5
2,154;503,-6.214725052049106E-5
2,464;563,6.214067270842663E-5
2,202;313,6.210953394784102E-5
2,254;436,6.210886958749797E-5
2,549;887,6.208751646217193E-5
2,226;930,6.208459518701878E-5
2,388;662,-6.207484974869936E-5
2,532;875,-6.207324137037471E-5
2,196;303,6.206288024650876E-5
2,249;763,-6.206180916945144E-5
2,100;230,-6.205136217741042E-5
2,425;466,-6.204668234603075E-5
2,575;824,6.2040801521458E-5
2,924;994,-6.203781232745296E-5
2,78;101,-6.203247478827195E-5
2,604;713,6.202344182225866E-5
2,65;618,-6.202247835288372E-5
2,627;897,6.200354365116132E-5
2,523;544,-6.198802542540759E-5
2,589;638,-6.196379273338636E-5
2,74;962,-6.194415188259426E-5
2,654;935,6.194396054644185E-5
2,214;462,6.190838261273925E-5
2,289;793,-6.190549915440147E-5
2,53;577,6.188848327249476E-5
2,110;837,6.185427001094863E-5
2,553;728,-6.184658782947531E-5
2,20;848,-6.184084049857358E-5
2,494;794,-6.18054733330389E-5
2,203;689,6.179875873255012E-5
2,420;925,6.178437537885683E-5
2,499;563,6.178167090071927E-5
2,26;377,6.177809341445256E-5
2,110;850,6.175902871308852E-5
2,323;813,6.173995016664679E-5
2,116;918,-6.17280080578318E-5
2,125;498,6.17256351161277E-5
2,239;665,6.172018285901592E-5
2,325;832,-6.171165025779346E-5
2,561;867,-6.168576981769325E-5
2,652;846,6.168240385381826E-5
2,25;341,6.167885215527867E-5
2,408;687,-6.16787352474481E-5
2,136;680,6.167540079899692E-5
2,604;955,-6.166395292394655E-5
2,385;808,6.166368787835891E-5
2,284;988,6.161436806414757E-5
2,345;461,-6.160983954871993E-5
2,235;699,-6.158221794868245E-5
2,104;600,-6.158172239522958E-5
2,84;820,6.156877139190118E-5
2,185;417,6.15494094883546E-5
2,330;643,-6.149061020634983E-5
2,582;705,6.148764745089012E-5
2,66;749,-6.14658343374849E-5
2,212;327,6.146166320968659E-5
2,555;693,6.144158311766094E-5
2,367;663,6.143303404737224E-5
2,34;572,6.142411426455473E-5
2,78;216,-6.140618428704373E-5
2,386;401,-6.14026300521024E-5
2,444;701,6.138143925592764E-5
2,461;851,-6.137334404064039E-5
2,119;626,6.136501057993587E-5
2,646;665,6.136252175830378E-5
2,214;917,6.135421864208586E-5
2,327;672,-6.133784171529947E-5
2,661;995,6.133535295756141E-5
2,670;953,6.13323821719885E-5
2,219;745,-6.1332201889205E-5
2,171;495,6.132538812577428E-5
2,468;891,6.126741094057959E-5
2,91;965,6.126730600417066E-5
2,439;545,-6.125583862131915E-5
2,43;118,6.124664767760899E-5
2,907;952,6.122412005514369E-5
2,241;812,6.122163195055321E-5
2,103;146,6.12074125122169E-5
2,802;836,6.118276658310281E-5
2,592;826,-6.116499218890574E-5
2,49;241,6.11504340559746E-5
2,269;696,-6.113880926688375E-5
2,385;631,-6.110741248197106E-5
2,93;666,6.106266169757705E-5
2,61;478,6.105601664520077E-5
2,233;405,6.104590082988062E-5
2,475;820,-6.103494645747963E-5
2,614;820,6.09871404747953E-5
2,743;911,-6.097988315040338E-5
2,667;698,6.0969113269626445E-5
2,231;792,-6.0965742815452394E-5
2,565;577,-6.095245205971765E-5
2,172;337,-6.0948489767598066E-5
2,229;542,-6.09478453366569E-5
2,404;417,-6.0918077329994474E-5
2,132;419,6.0913986631127666E-5
2,216;363,6.09113261102832E-5
2,237;985,-6.0898453503446085E-5
2,265;338,6.089710616182549E-5
2,843;934,6.0893249415780877E-5
2,318;953,6.087904613635183E-5
2,454;699,6.0868579560320214E-5
2,105;917,6.0830113419899034E-5
2,66;669,-6.080772845417852E-5
2,666;968,6.078930237466804E-5
2,194;696,-6.077595865495404E-5
2,336;345,-6.0745927894753257E-5
2,227;737,6.073049531260544E-5
2,563;671,-6.0716391987585883E-5
2,242;582,-6.071493606962866E-5
2,708;977,-6.071469711300952E-5
2,108;194,6.071352532924746E-5
2,700;977,6.0711221638225095E-5
2,168;851,6.069554849496951E-5
2,518;763,-6.0691514887033073E-5
2,520;841,-6.067933995207742E-5
2,84;977,-6.066753360147642E-5
2,277;717,-6.065918952716594E-5
2,770;984,-6.064632925705695E-5
2,340;743,-6.062772212563308E-5
2,263;483,-6.061132937091854E-5
2,577;600,-6.060176256033858E-5
2,877;957,6.0601414953295565E-5
2,237;279,-6.0585066777000565E-5
2,755;915,-6.05771537024304E-5
2,524;633,-6.056503804008168E-5
2,256;540,-6.055970347271013E-5
2,267;835,6.053818298938944E-5
2,170;423,-6.0534215000375786E-5
2,195;599,-6.053330664350059E-5
2,372;555,-6.0514167600060956E-5
2,446;688,6.051307156663624E-5
2,224;529,6.050608771981879E-5
2,223;909,-6.049835387104387E-5
2,2;553,-6.04881581003435E-5
2,656;780,-6.04877091315445E-5
2,277;366,-6.0470234945450995E-5
2,366;721,-6.0450995491424115E-5
2,216;799,-6.042618259027856E-5
2,267;739,-6.03922080317284E-5
2,53;337,6.0370581037258075E-5
2,115;999,6.037036457481819E-5
2,97;137,6.0366301320956994E-5
2,70;600,6.0355783980378155E-5
2,199;918,-6.034586541313594E-5
2,643;881,-6.033994762731351E-5
2,49;94,-6.0329531441306426E-5
2,124;507,6.032195392663789E-5
2,769;958,-6.02692712038854E-5
2,290;582,-6.019836476523095E-5
2,41;869,-6.0176726578854585E-5
2,23;136,6.014931954015242E-5
2,336;604,6.0148782258071884E-5
2,113;559,6.0127166302992314E-5
2,91;390,-6.0126361494423466E-5
2,483;981,-6.009810480452164E-5
2,488;986,6.0094039586768025E-5
2,64;442,6.008836186173443E-5
2,223;862,6.005021744096237E-5
2,314;319,-6.002893182319304E-5
2,780;900,-6.001184847660918E-5
2,387;573,6.000321515173247E-5
2,12;273,-5.99965215729077E-5
2,557;625,5.999179882143573E-5
2,582;948,-5.99874246065921E-5
2,257;559,-5.998385489826963E-5
2,390;694,5.995531768869319E-5
2,233;965,5.993853586077824E-5
2,8;252,5.992122731520984E-5
2,435;943,5.989371862313287E-5
2,127;557,-5.986328158248894E-5
2,359;972,5.985257766696433E-5
2,407;924,-5.984863419420294E-5
2,68;443,-5.982039262888563E-5
2,357;502,-5.979567585459621E-5
2,205;919,-5.9787104538045574E-5
2,367;834,5.9780944877820185E-5
2,208;793,-5.9779340139627284E-5
2,539;930,5.977028503506374E-5
2,428;475,5.975388721711979E-5
2,180;649,5.974737811061603E-5
2,301;615,-5.970852670222693E-5
2,390;462,-5.969986125371032E-5
2,650;917,-5.96919636928633E-5
2,428;604,5.967596875989323E-5
2,218;692,5.967111803231276E-5
2,288;432,-5.9662656104069375E-5
2,350;919,5.966044935875634E-5
2,354;604,5.965827442929118E-5
2,440;523,-5.953906855447629E-5
2,252;680,-5.953653718396403E-5
2,724;844,5.95354082798759E-5
2,291;617,-5.953203679117808E-5
2,124;992,5.952135852332292E-5
2,147;535,5.951542328061807E-5
2,339;908,5.948695939712906E-5
2,155;819,5.948499912325572E-5
2,219;819,-5.945996542033764E-5
2,78;398,5.945529011063999E-5
2,235;399,5.941492430172038E-5
2,672;915,5.9371801186377697E-5
2,689;865,5.934374201402538E-5
2,75;880,-5.928862285448243E-5
2,469;702,5.9267715732598955E-5
2,405;411,-5.922888820625894E-5
2,67;340,5.9223122681762304E-5
2,19;531,5.922293207726149E-5
2,532;721,-5.920210978705937E-5
2,621;857,-5.917985844235791E-5
2,744;857,5.917393494012719E-5
2,177;848,5.916634447959915E-5
2,863;883,5.916084820271853E-5
2,305;607,-5.915723266241542E-5
2,225;649,5.911673468148427E-5
2,373;950,-5.910045500979743E-5
2,420;424,5.909523680216556E-5
2,224;474,-5.9093969069986784E-5
2,45;899,5.908675080949799E-5
2,95;97,5.907773782536887E-5
2,488;565,5.906844529046818E-5
2,64;679,5.906825560832377E-5
2,274;830,-5.9058430071058996E-5
2,359;382,-5.904887144995709E-5
2,889;930,5.904344293888009E-5
2,456;698,-5.904006667923224E-5
2,482;607,-5.902689926043E-5
2,32;620,5.901765136665017E-5
2,720;748,5.901441775540727E-5
2,59;940,5.899644911263055E-5
2,645;936,5.898148364906742E-5
2,246;855,-5.8964814250259604E-5
2,255;330,5.895514411048075E-5
2,295;430,5.895029663516647E-5
2,192;349,-5.8943681196892244E-5
2,294;748,5.8939404511798535E-5
2,53;329,5.892998449808492E-5
2,284;821,-5.8915781844088794E-5
2,546;685,-5.891432194200386E-5
2,7;178,5.8912259141874356E-5
2,73;247,-5.889948726179807E-5
2,668;943,5.889272843091599E-5
2,419;872,-5.888687843295784E-5
2,62;464,5.888081934229942E-5
2,327;634,-5.88731452694678E-5
2,642;889,5.886875058095052E-5
2,172;628,5.8860152546591524E-5
2,128;315,-5.884010665786631E-5
2,130;744,-5.881955744962715E-5
2,485;518,-5.8819090388749146E-5
2,500;565,-5.88017501096277E-5
2,14;958,-5.87882380886217E-5
2,744;919,5.8787659147456016E-5
2,482;703,-5.877306165470356E-5
2,339;564,5.875777073497341E-5
2,77;994,5.87463146100528E-5
2,363;483,-5.8741107797029765E-5
2,279;825,-5.87375044775397E-5
2,630;662,-5.870867587136389E-5
2,738;769,5.868903809285517E-5
2,786;849,-5.866276572503078E-5
2,482;578,5.866126923589704E-5
2,87;140,5.864669057515883E-5
2,480;680,-5.8645009938632327E-5
2,640;789,-5.863704913657759E-5
2,809;952,-5.863122971258201E-5
2,298;428,-5.860023280742502E-5
2,308;854,-5.857810415063127E-5
2,445;599,5.8560906854253524E-5
2,207;546,-5.8559420476360435E-5
2,53;999,-5.855336586211503E-5
2,683;770,5.855179082379776E-5
2,128;911,-5.8543462552574603E-5
2,101;146,5.854056717921584E-5
2,82;355,-5.8522961678514165E-5
2,624;896,5.851559030485419E-5
2,828;951,-5.850097753665726E-5
2,302;573,-5.849122657935858E-5
2,60;262,5.8482428687838334E-5
2,233;793,5.847273032641205E-5
2,96;720,-5.8425767923661736E-5
2,847;981,-5.840881823186377E-5
2,133;747,5.839437338170009E-5
2,32;390,-5.837216718333113E-5
2,739;936,5.837011153041678E-5
2,535;633,-5.8349798496555416E-5
2,456;707,-5.834777870080878E-5
2,302;542,5.834011757934277E-5
2,517;597,-5.831671614292205E-5
2,23;590,5.829412980394139E-5
2,144;152,5.8284293303008115E-5
2,58;380,5.828205828802144E-5
2,180;865,-5.8277410918374907E-5
2,455;913,5.825847239527637E-5
2,324;742,-5.825514115320611E-5
2,26;998,5.825165616636589E-5
2,324;772,5.824262861463162E-5
2,363;930,5.819491892619344E-5
2,713;742,-5.8193691786200085E-5
2,821;939,-5.8188068845115324E-5
2,94;923,-5.817653731654597E-5
2,335;387,5.81723623268154E-5
2,151;284,5.815223226775091E-5
2,568;641,5.813608348090992E-5
2,505;794,-5.811621683202144E-5
2,45;770,-5.810840863105672E-5
2,212;328,5.809359183872856E-5
2,47;533,5.807977987230724E-5
2,802;976,5.805228170692356E-5
2,237;678,-5.8047631228002385E-5
2,48;639,-5.8039816293651113E-5
2,245;252,5.801476813083243E-5
2,175;924,5.8009295047500076E-5
2,772;781,5.800116286382329E-5
2,817;914,-5.7991345525203854E-5
2,170;774,-5.798339376401727E-5
2,326;639,5.797004539032731E-5
2,27;705,-5.796355598491607E-5
2,327;563,-5.796203837448583E-5
2,636;862,5.792589001868685E-5
2,378;684,-5.7914293469157194E-5
2,752;973,5.790605450033817E-5
2,92;476,5.789664049959595E-5
2,16;330,5.7892625205735863E-5
2,8;332,-5.787720667547361E-5
2,662;774,5.786987324631065E-5
2,822;889,-5.7852583241203985E-5
2,443;735,5.779634356448932E-5
2,122;265,-5.77776671025044E-5
2,299;996,-5.777379960567586E-5
2,116;710,-5.7768349648609775E-5
2,164;550,-5.775745729640073E-5
2,44;437,-5.775504956108797E-5
2,14;944,-5.7751598741019875E-5
2,610;719,-5.774192726874883E-5
2,802;991,-5.771570896512505E-5
2,182;981,5.769051751607258E-5
2,375;742,5.761400029722979E-5
2,214;328,5.7596382189190156E-5
2,507;615,5.7591074790548617E-5
2,366;694,-5.7571391665255006E-5
2,104;309,5.7568118327574107E-5
2,423;675,5.756082805724044E-5
2,307;528,-5.7558025459037636E-5
2,103;171,5.7538546000261886E-5
2,292;342,5.752873109886904E-5
2,350;606,5.749171793145108E-5
2,503;774,-5.7467271398876345E-5
2,201;838,5.746489621451005E-5
2,257;310,-5.7457334950042714E-5
2,838;839,-5.745063180085781E-5
2,124;488,5.742635947805487E-5
2,63;117,-5.7419557311705974E-5
2,675;903,5.741190638263756E-5
2,43;91,5.73906014749188E-5
2,306;661,-5.738320012983943E-5
2,228;909,5.7344273145559236E-5
2,191;410,5.734415130777319E-5
2,348;776,5.7341124948401586E-5
2,517;760,5.7325750986187425E-5
2,190;603,5.732414275168509E-5
2,155;255,5.732318405778171E-5
2,299;749,5.726633801409695E-5
2,593;839,5.723554102343155E-5
2,662;683,-5.722592922363101E-5
2,785;906,5.7225128723075224E-5
2,214;753,-5.722358687083476E-5
2,90;908,-5.721753311108302E-5
2,211;814,-5.721731486656282E-5
2,98;431,5.720208113640798E-5
2,107;524,5.719075015473618E-5
2,872;875,-5.716910005549258E-5
2,518;903,5.713625132868084E-5
2,33;771,5.712208177980725E-5
2,176;506,-5.712092772814728E-5
2,184;239,5.709590513375697E-5
2,367;618,5.708534894741689E-5
2,490;857,-5.708267219966734E-5
2,13;526,5.705021366522398E-5
2,446;929,5.704842348753446E-5
2,43;992,-5.703080339588841E-5
2,329;659,5.701413407638084E-5
2,78;634,5.6984228914983074E-5
2,197;648,-5.6982523797255594E-5
2,355;506,5.697633211038558E-5
2,556;972,-5.696871234109927E-5
2,430;963,-5.694717984646609E-5
2,11;431,-5.692478330309218E-5
2,334;983,5.6902306797258176E-5
2,473;948,5.689485686794176E-5
2,666;721,5.689004592659083E-5
2,77;169,5.688338089557624E-5
2,740;985,5.688097425421847E-5
2,199;233,5.687757488951563E-5
2,187;224,-5.6875708474814324E-5
2,256;504,-5.68755471402647E-5
2,201;989,-5.6869193092186785E-5
2,385;759,-5.686513879791343E-5
2,658;820,5.68608202047913E-5
2,497;953,-5.684807492918177E-5
2,313;914,-5.682839055765952E-5
2,566;904,-5.6826576665043694E-5
2,406;626,5.681802421540061E-5
2,399;444,5.67950251670548E-5
2,124;838,-5.6784158674430004E-5
2,58;340,-5.67818703970691E-5
2,50;844,5.675604199846253E-5
2,136;704,-5.6754028518917255E-5
2,294;713,5.673860749610856E-5
2,340;713,-5.673684103695175E-5
2,357;829,5.6732588315693E-5
2,142;505,5.672326488501195E-5
2,333;881,-5.668035024770462E-5
2,393;929,-5.667972159219362E-5
2,238;338,-5.667734653192812E-5
2,770;847,-5.66678007508261E-5
2,79;653,-5.664476968955228E-5
2,427;570,-5.664464097245518E-5
2,298;906,-5.662792610108745E-5
2,167;386,5.6600843030023116E-5
2,418;845,-5.659103979755185E-5
2,381;508,-5.658269803743457E-5
2,349;965,-5.6573607757394536E-5
2,114;692,-5.6560772080612484E-5
2,103;832,-5.6541956979692443E-5
2,355;569,-5.648702756749689E-5
2,46;263,-5.648489184885658E-5
2,824;942,5.644970137330764E-5
2,293;481,5.644742957198302E-5
2,27;213,-5.6432876296874464E-5
2,680;699,-5.6410678828305264E-5
2,662;681,-5.640812491495817E-5
2,70;729,-5.640430394644448E-5
2,25;211,-5.639220834096521E-5
2,96;735,-5.636641555109893E-5
2,507;799,-5.6363704398886526E-5
2,480;719,5.635709311402651E-5
2,48;906,5.6355611150610925E-5
2,115;292,-5.634814521264367E-5
2,178;201,5.6343750246310416E-5
2,641;875,-5.634253491263922E-5
2,753;955,5.63368702311991E-5
2,12;410,-5.629580191553998E-5
2,392;834,-5.6276597200002986E-5
2,73;165,5.627402780192167E-5
2,3;675,-5.623824426437959E-5
2,533;658,5.623605059046248E-5
2,281;355,5.623036241664791E-5
2,465;705,5.622432111397777E-5
2,261;687,5.6214125920361846E-5
2,124;347,5.6213928787490655E-5
2,596;774,5.620431646418701E-5
2,364;438,-5.620338775647437E-5
2,26;457,-5.619727800244288E-5
2,603;783,-5.619657794628424E-5
2,393;797,-5.6194821051643975E-5
2,290;836,-5.6185399833675735E-5
2,36;79,5.6181306789240025E-5
2,327;592,-5.6166110330648864E-5
2,338;708,5.6164906781776815E-5
2,457;553,-5.615636845576874E-5
2,567;898,5.612996738718474E-5
2,159;600,5.612693947360832E-5
2,178;552,-5.611900626225058E-5
2,70;857,5.611608390227968E-5
2,657;800,5.61134510603154E-5
2,457;844,5.610304765405373E-5
2,495;782,5.610069543698966E-5
2,540;878,5.608348128150066E-5
2,181;215,-5.607810667408514E-5
2,89;569,-5.6067711069495145E-5
2,97;755,-5.606366983690139E-5
2,471;920,5.598008476442087E-5
2,208;792,-5.596596295246345E-5
2,44;663,-5.595078745661703E-5
2,135;576,-5.590910214251709E-5
2,174;224,5.589945494816683E-5
2,468;679,5.587406750174265E-5
2,376;794,-5.586470857782085E-5
2,217;243,-5.5862808743056284E-5
2,177;832,-5.586155127018791E-5
2,617;690,5.5859125796344494E-5
2,683;990,-5.5857093953913555E-5
2,21;600,5.585250653618558E-5
2,129;207,-5.583846737360783E-5
2,859;983,-5.582209748032579E-5
2,598;604,-5.581825607864303E-5
2,443;502,5.579502645377901E-5
2,41;571,5.5773471873901115E-5
2,326;858,-5.577316028029564E-5
2,235;369,5.576818022657165E-5
2,124;939,-5.5754931059664074E-5
2,152;322,5.575354896337873E-5
2,670;897,5.574496069947618E-5
2,261;826,5.57362416717465E-5
2,362;739,-5.573316677117411E-5
2,401;629,5.571897460448893E-5
2,421;923,5.570450838157276E-5
2,392;859,5.5697335318923106E-5
2,162;847,-5.569359931443084E-5
2,23;770,5.568949033517553E-5
2,506;653,-5.568712936074493E-5
2,285;819,-5.568363038399052E-5
2,126;805,-5.567859558833059E-5
2,207;526,5.566834699062198E-5
2,199;483,5.566594929627071E-5
2,721;977,5.56565801581609E-5
2,549;650,5.562979474634209E-5
2,171;353,-5.558902992005935E-5
2,68;125,-5.558223598712697E-5
2,301;879,-5.5574686604487384E-5
2,661;765,-5.554452313232966E-5
2,313;868,-5.552786815955049E-5
2,454;618,-5.552362176898558E-5
2,330;708,5.55235635118309E-5
2,23;872,5.5515716637302485E-5
2,208;620,5.550801152676969E-5
2,89;505,5.545157824128852E-5
2,139;907,-5.54470519759028E-5
2,90;107,-5.543220364019042E-5
2,265;888,-5.542178784286494E-5
2,280;718,-5.542115258410733E-5
2,266;405,-5.540560901191242E-5
2,542;992,5.539014145084237E-5
2,905;952,5.538938473292774E-5
2,762;996,5.536918743222378E-5
2,212;916,-5.536829107012386E-5
2,28;411,5.536760807090969E-5
2,165;354,5.535261493518684E-5
2,809;992,-5.53450092294923E-5
2,0;288,5.534453830283419E-5
2,511;535,5.531736462765167E-5
2,248;628,5.5299128085529386E-5
2,438;645,5.5295749731748694E-5
2,263;762,5.5285422384365294E-5
2,311;581,-5.527590690364876E-5
2,392;606,-5.527293040151936E-5
2,830;851,5.5264973476278515E-5
2,612;813,-5.5228670134170974E-5
2,278;863,5.521133002719428E-5
2,16;161,5.521021784901402E-5
2,95;817,-5.52050480715809E-5
2,118;410,5.518644325035708E-5
2,90;899,5.5176711978793415E-5
2,750;971,5.516977614966219E-5
2,520;583,5.5164039636921345E-5
2,454;721,5.5150974156225445E-5
2,553;655,5.511374638778702E-5
2,117;857,-5.510923901981413E-5
2,25;971,5.510411757589877E-5
2,322;889,5.510234282405971E-5
2,665;706,-5.509789138371099E-5
2,97;973,-5.509522050218809E-5
2,21;664,5.507414559195459E-5
2,485;970,-5.506745437648756E-5
2,463;960,-5.506503828586731E-5
2,145;565,-5.501867813855521E-5
2,473;885,-5.5018635510966545E-5
2,87;583,5.501472034225509E-5
2,253;330,5.498779929138596E-5
2,213;799,5.497721101264237E-5
2,42;348,-5.4972739842226506E-5
2,290;945,-5.495738590913256E-5
2,404;652,-5.49415840438457E-5
2,489;757,5.4934531974726375E-5
2,782;796,5.493346868221713E-5
2,168;321,-5.491982050295963E-5
2,395;682,5.490851383933346E-5
2,5;353,5.490443929297997E-5
2,199;594,-5.489213054050257E-5
2,68;662,-5.488924562782777E-5
2,485;737,5.4880028157903536E-5
2,377;844,-5.4867441737515044E-5
2,160;406,5.4805021874433317E-5
2,88;843,5.479181155656041E-5
2,279;902,-5.478015193779385E-5
2,429;965,5.477228035706699E-5
2,414;537,5.477111040054232E-5
2,719;730,5.47546190850455E-5
2,580;612,-5.4734505284884065E-5
2,701;831,5.473327135597867E-5
2,749;753,-5.472801496961455E-5
2,541;794,-5.471702905025862E-5
2,518;659,5.471629699454946E-5
2,47;534,-5.470272072938594E-5
2,401;582,-5.469900608212343E-5
2,120;742,5.469729118780111E-5
2,150;902,5.4695362456743077E-5
2,370;672,-5.468642590276303E-5
2,437;772,5.4685330508836834E-5
2,5;697,-5.467700442455937E-5
2,453;610,5.4658524240838326E-5
2,759;808,-5.4647587659224756E-5
2,383;968,5.464243174814359E-5
2,234;766,5.460718836744433E-5
2,144;321,-5.4596955527479274E-5
2,317;710,-5.458768255223398E-5
2,314;708,-5.4585048175035873E-5
2,592;843,-5.456847892711121E-5
2,273;992,5.45353736706788E-5
2,558;923,5.452819078557189E-5
2,86;996,-5.4516536366129284E-5
2,853;896,-5.451338825560129E-5
2,86;664,5.451206001683331E-5
2,150;570,5.4503470498399874E-5
2,678;828,5.449918942612931E-5
2,125;993,-5.448074236742764E-5
2,34;147,5.447963746706828E-5
2,592;940,-5.4465455614639964E-5
2,451;992,-5.44577779281756E-5
2,293;504,-5.4457564136879955E-5
2,86;744,5.445690570407559E-5
2,397;417,-5.445555611497905E-5
2,483;492,-5.4433611754101503E-5
2,343;352,-5.443241877273141E-5
2,50;90,-5.442213018898583E-5
2,101;789,-5.4413160408529615E-5
2,220;354,-5.439438114715118E-5
2,2;22,-5.439058964021597E-5
2,395;960,-5.4383570655454766E-5
2,171;538,5.435889717261765E-5
2,362;459,-5.435290096254328E-5
2,34;187,5.434052884563093E-5
2,688;862,5.4335511284077624E-5
2,277;997,5.4330211092524675E-5
2,656;848,-5.432589335017765E-5
2,281;684,5.432365471781808E-5
2,65;437,-5.432144908723884E-5
2,730;954,-5.432077212054491E-5
2,76;274,-5.430474388088606E-5
2,26;626,5.4289056773146285E-5
2,353;372,-5.428072463503807E-5
2,674;704,-5.427731876305831E-5
2,241;876,-5.423067278908192E-5
2,341;618,-5.4220770597429135E-5
2,195;393,-5.4219297616884876E-5
2,519;559,-5.4213131929138123E-5
2,749;859,-5.4209035839968026E-5
2,439;964,-5.419830930914204E-5
2,370;950,5.418157035160451E-5
2,261;779,5.417463725960488E-5
2,72;902,5.4171628818113126E-5
2,45;602,5.4171168450725286E-5
2,305;427,-5.415650236883289E-5
2,45;919,-5.415633763838444E-5
2,563;606,5.414848285575453E-5
2,447;572,5.413102187193389E-5
2,697;753,5.4130122795360724E-5
2,402;417,-5.4118339241670446E-5
2,470;675,5.411668580943968E-5
2,612;771,-5.4101391989952646E-5
2,338;994,-5.4089348520595606E-5
2,478;741,-5.408481074116167E-5
2,38;124,5.408243137888506E-5
2,44;430,-5.407367039349279E-5
2,118;371,5.405513448724558E-5
2,104;544,5.4032684648917516E-5
2,821;969,5.401997825692973E-5
2,607;866,5.401996867888234E-5
2,430;667,5.401561701045572E-5
2,78;357,-5.399500710216525E-5
2,242;721,5.399499265081564E-5
2,36;405,-5.399445687664796E-5
2,78;789,5.396445938222208E-5
2,25;291,5.395851646656161E-5
2,711;858,5.395501114201011E-5
2,195;207,-5.394853816398084E-5
2,280;505,5.393408674583471E-5
2,507;862,-5.391622403850268E-5
2,621;846,-5.3908706456939666E-5
2,542;965,-5.3899479544831125E-5
2,39;130,-5.389330102012349E-5
2,302;387,-5.389173252769378E-5
2,62;600,-5.3837106506363035E-5
2,83;606,5.3835551545958355E-5
2,11;739,-5.3814800176385225E-5
2,535;628,-5.3812837888616074E-5
2,325;467,-5.380329263647428E-5
2,70;419,-5.3800273548559624E-5
2,208;517,5.379697221141538E-5
2,356;675,5.375779106639864E-5
2,517;658,-5.373197967116662E-5
2,338;552,-5.371671960321073E-5
2,769;779,5.370235612706935E-5
2,359;529,-5.369576614528167E-5
2,373;406,-5.3680443930749767E-5
2,566;924,-5.3677700383945537E-5
2,275;558,5.367289836347719E-5
2,1;387,-5.367230105732072E-5
2,791;900,-5.3657816511032965E-5
2,176;987,5.365353422010473E-5
2,199;676,5.361999045688358E-5
2,488;592,5.361306137960305E-5
2,44;905,5.360852598412021E-5
2,514;834,-5.356887061261667E-5
2,330;978,5.356153760091896E-5
2,106;433,5.3552246873882134E-5
2,64;811,5.353074730861328E-5
2,495;502,5.351882354483653E-5
2,507;830,5.351051219415158E-5
2,410;771,5.350939987514659E-5
2,801;966,5.350541826463605E-5
2,634;871,-5.347978770137618E-5
2,82;373,-5.346961490624728E-5
2,443;676,-5.346803248397242E-5
2,117;580,-5.346483139820002E-5
2,672;831,-5.345656173893437E-5
2,381;504,5.3444673970855354E-5
2,403;516,5.343913233523914E-5
2,634;706,-5.342901456641831E-5
2,173;972,5.339148689603339E-5
2,601;690,-5.33835913712907E-5
2,317;675,-5.3363731802631084E-5
2,825;850,5.336029310247381E-5
2,784;939,5.334239178655556E-5
2,291;691,5.3301393242164414E-5
2,355;972,5.329554088377393E-5
2,32;538,-5.3290092005200496E-5
2,708;960,-5.3282505363768196E-5
2,279;963,5.327193654274764E-5
2,201;858,-5.32643420439961E-5
2,144;809,5.324745902951863E-5
2,360;463,-5.3217947113271506E-5
2,933;966,5.321395191565853E-5
2,915;987,-5.320898057389824E-5
2,466;963,-5.319225262584854E-5
2,603;900,5.318588459188249E-5
2,420;754,5.3180185765098625E-5
2,762;801,-5.3179306937517585E-5
2,625;795,-5.3165228781235544E-5
2,143;807,-5.312482670297654E-5
2,11;183,5.311840116408643E-5
2,229;407,5.311140547576166E-5
2,208;922,-5.3070274055674955E-5
2,377;572,-5.3026385431837546E-5
2,639;687,5.301801116701291E-5
2,323;468,5.2978159886579406E-5
2,564;572,-5.293264500002005E-5
2,610;830,5.291098700808534E-5
2,373;616,-5.289786226220536E-5
2,26;304,5.289442966720426E-5
2,78;370,-5.289258511623478E-5
2,54;919,-5.288533185933404E-5
2,265;935,5.288212279475234E-5
2,41;362,-5.2871718639870975E-5
2,689;977,5.286700558134995E-5
2,834;913,5.284732377317654E-5
2,617;929,-5.284623013804172E-5
2,104;341,-5.2834812316475826E-5
2,451;926,-5.283386198773436E-5
2,372;643,5.2810979672271065E-5
2,174;366,-5.280552832430082E-5
2,21;992,5.2787810755029405E-5
2,288;892,-5.276808343237231E-5
2,483;845,-5.276622564351949E-5
2,248;474,5.2761084686874225E-5
2,153;429,-5.275997328042906E-5
2,341;711,-5.2756182385935755E-5
2,261;546,5.273282052398222E-5
2,108;178,-5.273071139201866E-5
2,600;711,-5.273023926520847E-5
2,580;788,-5.272220946609091E-5
2,220;664,-5.272177898463486E-5
2,569;717,5.2712390146767594E-5
2,256;584,-5.268087073612428E-5
2,25;775,5.267807289478989E-5
2,796;808,5.264204032251962E-5
2,727;892,-5.264048935662846E-5
2,741;882,-5.2637399838441596E-5
2,305;317,5.26362618331291E-5
2,360;956,-5.2626882583057243E-5
2,246;615,-5.261071283470146E-5
2,436;782,5.260383991752881E-5
2,278;507,5.2602077536914595E-5
2,406;684,5.259510764556193E-5
2,175;848,-5.2580736943584825E-5
2,768;798,5.2563992504012005E-5
2,168;703,-5.256200856395447E-5
2,233;914,5.255370450271464E-5
2,296;966,-5.254653223822852E-5
2,567;680,-5.2546070716572526E-5
2,302;641,-5.254357607186624E-5
2,4;871,5.253323105136215E-5
2,622;712,-5.251578674414846E-5
2,434;846,5.251538212380563E-5
2,109;155,-5.251388014853112E-5
2,156;547,5.2513084720860674E-5
2,134;619,5.2511306022339237E-5
2,187;256,-5.250396363922375E-5
2,373;961,-5.250024810369653E-5
2,425;503,5.2491079417316666E-5
2,38;837,5.2480088982609725E-5
2,12;31,5.247535300071775E-5
2,304;940,-5.247507450057176E-5
2,311;939,-5.2470032319596304E-5
2,134;516,-5.245794066005221E-5
2,100;120,-5.2437642185273715E-5
2,203;738,5.243580717379421E-5
2,92;398,5.2432008819686953E-5
2,283;888,-5.242050601473201E-5
2,53;806,5.239201458266114E-5
2,29;414,5.2375233767453805E-5
2,199;338,-5.236219183795959E-5
2,597;760,-5.235538613729548E-5
2,359;922,5.234165602596853E-5
2,592;608,5.2335448290256465E-5
2,757;796,-5.233463612760427E-5
2,74;825,5.231113250502646E-5
2,178;290,-5.2293239171222184E-5
2,941;995,5.228934588902717E-5
2,66;714,-5.2274734502183645E-5
2,237;851,5.226753342819044E-5
2,16;631,-5.22218749004593E-5
2,414;558,-5.22042770339446E-5
2,347;492,5.220268896254468E-5
2,53;831,-5.220022451988087E-5
2,16;379,-5.21989821805704E-5
2,52;119,-5.219020933359483E-5
2,211;243,5.2150880422081736E-5
2,138;194,5.2143332632858214E-5
2,431;772,5.212041548799794E-5
2,843;881,-5.20952308508994E-5
2,488;577,-5.2088978020936305E-5
2,352;886,5.208536761059166E-5
2,477;650,5.208304922755166E-5
2,708;809,5.207890644327726E-5
2,795;970,5.207752964785335E-5
2,130;348,-5.201543944934537E-5
2,260;794,-5.2014798271663385E-5
2,496;661,-5.200638910827145E-5
2,18;155,-5.197962893863499E-5
2,190;566,5.197645776961131E-5
2,370;675,-5.197362090574002E-5
2,720;821,5.1954748565906483E-5
2,261;984,5.18981378742604E-5
2,195;929,-5.189784113187658E-5
2,185;602,5.18626043270426E-5
2,558;968,-5.185049947173742E-5
2,12;123,-5.184791278638625E-5
2,251;800,5.1847316459042605E-5
2,674;784,-5.183990702583295E-5
2,48;820,5.183281599200843E-5
2,415;448,-5.182478339707104E-5
2,433;770,5.1819978418110325E-5
2,414;483,-5.1813200603484724E-5
2,283;642,5.181200037133047E-5
2,493;680,5.181196259488577E-5
2,293;844,5.1801909570015546E-5
2,143;716,-5.180077808014575E-5
2,493;975,5.17960151623998E-5
2,186;723,5.179516533348599E-5
2,304;839,-5.17796292309331E-5
2,451;862,5.1765517302831176E-5
2,639;697,-5.1757053019203244E-5
2,8;562,-5.175536206077275E-5
2,53;654,5.174710545801098E-5
2,291;484,-5.174114508737174E-5
2,730;862,-5.173043528028939E-5
2,66;534,-5.1725511848480786E-5
2,337;565,-5.170343931254774E-5
2,239;726,5.168883429873875E-5
2,587;848,-5.16817144005325E-5
2,5;551,5.168017803671994E-5
2,233;484,5.1666105805204614E-5
2,56;356,5.1657828770976316E-5
2,4;728,5.164415867964602E-5
2,84;947,-5.1639879614413145E-5
2,90;553,5.158894130912903E-5
2,28;774,5.156905008745669E-5
2,468;796,5.153898250150439E-5
2,88;262,-5.151963038793863E-5
2,531;610,-5.1516661770378865E-5
2,293;719,5.150196742591513E-5
2,126;433,5.149743836918422E-5
2,261;892,-5.148225741212435E-5
2,160;778,5.147851682883816E-5
2,73;675,-5.1452398530542566E-5
2,492;831,-5.1445406947960565E-5
2,382;457,-5.142279454531635E-5
2,380;507,5.139096158905696E-5
2,187;846,5.1383416315349916E-5
2,222;744,5.138181556198161E-5
2,911;920,-5.1346397936520906E-5
2,417;574,5.134404123454182E-5
2,66;319,-5.133786630270966E-5
2,59;135,5.1332565702167695E-5
2,88;171,-5.1329871893276506E-5
2,339;535,-5.131574976872637E-5
2,379;664,5.131523171026878E-5
2,43;235,-5.1308562931074473E-5
2,930;995,5.130549185195851E-5
2,883;908,-5.128814774856004E-5
2,268;899,5.128101239338317E-5
2,96;262,-5.124089580482462E-5
2,46;526,-5.1222361880047045E-5
2,603;884,5.1189627695054375E-5
2,76;891,5.11806702122574E-5
2,353;651,-5.117527003723124E-5
2,780;938,-5.1172595095057966E-5
2,327;692,5.116441455418337E-5
2,329;490,-5.1145097867028784E-5
2,86;202,-5.114342134127976E-5
2,366;920,-5.11393007892622E-5
2,46;392,-5.113925084286279E-5
2,267;714,5.1128697455352806E-5
2,256;992,5.11262616492239E-5
2,270;773,5.1114049849870195E-5
2,530;827,5.111352485202707E-5
2,114;194,-5.110748783643873E-5
2,95;561,-5.1099667673736984E-5
2,838;964,5.109834190376818E-5
2,213;461,-5.109697242429133E-5
2,87;770,-5.108324529605468E-5
2,157;885,5.105941069948287E-5
2,688;730,-5.1047318533964255E-5
2,428;464,5.1024845662766035E-5
2,646;915,5.100161935475623E-5
2,314;649,5.099445940162993E-5
2,211;624,5.099444788721086E-5
2,399;599,5.0983847950510544E-5
2,527;834,5.095508995727349E-5
2,86;907,-5.0951347160161994E-5
2,97;546,-5.0947482915056466E-5
2,730;742,5.094274969363401E-5
2,550;972,-5.092668914868288E-5
2,428;864,5.091242757012766E-5
2,46;83,5.090289724839279E-5
2,524;920,-5.090261685765012E-5
2,388;589,5.09014988818358E-5
2,44;590,5.0882516114435123E-5
2,709;862,5.0881289251754726E-5
2,66;738,-5.087180964414096E-5
2,114;540,-5.0856531958591206E-5
2,420;583,-5.0822153626733204E-5
2,468;782,5.0816886849872554E-5
2,182;323,5.080952750461823E-5
2,420;806,-5.0788538993342196E-5
2,392;938,-5.0787098725091965E-5
2,469;640,5.078554728206315E-5
2,191;221,-5.077773502004004E-5
2,517;972,5.0771034645969286E-5
2,139;194,-5.0721789216563586E-5
2,241;416,-5.0721403858215734E-5
2,676;753,-5.071746172502888E-5
2,180;471,5.070721144489645E-5
2,321;541,-5.070612879645174E-5
2,10;447,-5.070202478046767E-5
2,78;671,5.06993290487259E-5
2,386;845,5.069317181434409E-5
2,186;251,5.069283014862526E-5
2,337;729,-5.068180835249822E-5
2,48;845,5.067314753622471E-5
2,56;536,-5.066018879858009E-5
2,131;769,5.065041729707688E-5
2,161;710,5.064315914585689E-5
2,172;192,5.0626027887801226E-5
2,60;284,-5.060268799468477E-5
2,302;981,5.05978164180573E-5
2,267;680,5.059322801061034E-5
2,449;482,-5.0575819267539066E-5
2,195;817,-5.05747301436371E-5
2,138;735,5.057158516596032E-5
2,203;818,5.055669662927582E-5
2,124;241,-5.055143694834502E-5
2,317;336,-5.0522016989198095E-5
2,308;937,5.051154512403277E-5
2,551;560,5.050928347273936E-5
2,186;307,5.050616555672586E-5
2,598;812,-5.047865659146425E-5
2,554;654,-5.046634355661916E-5
2,230;756,5.0454622053322753E-5
2,304;525,-5.0430599414760195E-5
2,339;779,5.041047533823114E-5
2,96;871,5.0402086375708746E-5
2,517;634,5.039762085854456E-5
2,600;650,-5.0393096593071056E-5
2,13;995,5.038488139817965E-5
2,587;684,-5.0377590507945265E-5
2,117;806,5.036662364314537E-5
2,557;716,-5.036395649540039E-5
2,156;532,-5.035538776309693E-5
2,138;483,-5.035239829751481E-5
2,809;880,5.034631439668339E-5
2,420;856,5.0345954345442096E-5
2,269;343,-5.034306391821242E-5
2,349;890,5.0341829869334206E-5
2,173;341,-5.034080049880791E-5
2,143;394,-5.033048443822104E-5
2,159;341,5.029724007564043E-5
2,58;261,-5.029607495666091E-5
2,451;548,5.0294541041337196E-5
2,96;548,5.025728019255962E-5
2,221;374,-5.021657495693231E-5
2,84;528,5.02102666044503E-5
2,357;400,-5.02059856317244E-5
2,64;744,-5.0193774025025205E-5
2,168;830,5.0183384311407964E-5
2,141;909,-5.018336409367796E-5
2,666;696,5.0174735456112865E-5
2,100;684,5.0162536930087473E-5
2,132;948,5.015824173125653E-5
2,74;359,5.01518380026863E-5
2,324;883,5.014836677767352E-5
2,91;292,-5.013825689431477E-5
2,261;661,5.013073064919653E-5
2,406;646,-5.011984084903821E-5
2,390;510,-5.011657393473905E-5
2,670;890,5.007979305237263E-5
2,261;639,5.006249348063037E-5
2,26;434,-5.005520480666976E-5
2,848;924,5.0037263889411525E-5
2,377;836,5.002930080629102E-5
2,218;782,5.002284520384108E-5
2,753;857,-5.00186269192357E-5
2,428;891,-5.00181100864852E-5
2,307;474,-5.000979017986639E-5
2,394;882,-5.000175757710662E-5
2,139;988,-4.998337017894335E-5
2,43;292,4.9983093918798525E-5
2,418;816,4.997936520785941E-5
2,658;701,-4.996553983378119E-5
2,155;954,-4.9957629596063845E-5
2,320;583,4.995566704898299E-5
2,62;283,-4.994708798713267E-5
2,319;508,4.994313625901649E-5
2,32;750,4.993944839003644E-5
2,755;829,4.990482976633144E-5
2,8;193,-4.989861505084459E-5
2,676;875,-4.9884191137830476E-5
2,235;267,4.98719971437694E-5
2,119;503,-4.984913719894506E-5
2,38;438,4.9842698032638007E-5
2,91;767,-4.984147432483324E-5
2,558;904,4.983392837704779E-5
2,162;214,4.9807274209350605E-5
2,629;880,4.980638521707811E-5
2,157;660,-4.979509496785899E-5
2,219;336,4.97935171123239E-5
2,43;236,-4.9789905632366605E-5
2,337;771,-4.9786940232050495E-5
2,756;809,4.975849505480953E-5
2,96;381,4.9756489521345744E-5
2,103;788,4.9745543904556816E-5
2,306;817,4.972144992572311E-5
2,770;862,4.971621322767174E-5
2,465;570,4.970841615921092E-5
2,0;331,-4.9706659952384314E-5
2,31;427,-4.9705634180468156E-5
2,528;824,-4.969781708566896E-5
2,8;845,-4.965478379862581E-5
2,228;418,4.964465861743159E-5
2,636;978,4.963471737810929E-5
2,740;744,-4.963254321051337E-5
2,335;999,4.95952359577658E-5
2,317;662,-4.958166381673697E-5
2,939;950,4.9570325330468173E-5
2,121;254,-4.956320459894785E-5
2,338;759,-4.952454409806686E-5
2,249;359,-4.95098446946283E-5
2,399;684,-4.950559370414305E-5
2,124;629,-4.947699831831844E-5
2,663;884,4.9455347047975014E-5
2,148;456,4.9451569854425405E-5
2,355;885,-4.944717313329681E-5
2,717;989,-4.941898726795077E-5
2,570;707,4.941093642493621E-5
2,21;654,4.940582982898935E-5
2,276;372,-4.9393966155174093E-5
2,423;831,4.938794148230993E-5
2,400;839,4.938772224091653E-5
2,658;724,-4.932488007224539E-5
2,677;808,4.931232944026104E-5
2,948;988,4.9303586874834685E-5
2,449;578,-4.929406235503754E-5
2,347;373,-4.9287981098378683E-5
2,275;307,4.9270965339526923E-5
2,174;975,-4.926872431898581E-5
2,254;498,4.9247421001809245E-5
2,843;979,4.9243038757625435E-5
2,128;725,-4.923187930065505E-5
2,547;962,-4.922833422676306E-5
2,394;739,-4.921465021382519E-5
2,468;910,4.92032725446861E-5
2,650;857,-4.919884953628442E-5
2,231;730,4.919658856984466E-5
2,115;218,4.9176506764474817E-5
2,95;958,-4.914348314563397E-5
2,44;135,4.911772446701848E-5
2,661;741,-4.910938251723121E-5
2,132;796,4.9104961219314237E-5
2,196;861,-4.909057607715219E-5
2,749;996,4.906441534593716E-5
2,601;797,-4.906435562822638E-5
2,527;913,-4.903286792769339E-5
2,120;385,-4.900819183571513E-5
2,114;716,4.899395824845028E-5
2,97;342,4.899316620993673E-5
2,206;426,4.898322841636593E-5
2,164;830,-4.896535837582558E-5
2,660;834,-4.895674405444092E-5
2,56;276,4.894482115796048E-5
2,97;406,-4.893800573736068E-5
2,49;752,4.89186032698721E-5
2,32;604,4.891432750669928E-5
2,66;936,4.889530426443353E-5
2,814;848,-4.888926506902793E-5
2,434;888,-4.8876652756381856E-5
2,385;926,-4.886381108782367E-5
2,911;955,-4.8858625367923874E-5
2,173;195,4.8834195100308576E-5
2,6;327,4.8817100594513565E-5
2,113;257,4.881579848137635E-5
2,95;102,-4.879125867182514E-5
2,902;923,4.8783898417841956E-5
2,549;972,-4.8777554388031295E-5
2,453;531,-4.877719889089228E-5
2,52;223,-4.876529264999287E-5
2,186;581,4.870346731779389E-5
2,765;995,-4.8692461916931775E-5
2,52;880,-4.869156274904307E-5
2,572;579,-4.868738241436896E-5
2,233;421,4.8681065485043376E-5
2,62;925,4.865933454348653E-5
2,464;574,-4.865838628391342E-5
2,391;739,4.8647796234693817E-5
2,908;923,-4.8644064454014436E-5
2,444;514,4.86380937191277E-5
2,632;642,-4.863805575642673E-5
2,426;433,4.861335015792882E-5
2,60;883,4.86119697326052E-5
2,72;801,4.859305425967266E-5
2,17;41,-4.8566536924194784E-5
2,793;809,-4.855276032042155E-5
2,802;861,4.8537033635587825E-5
2,38;359,4.852685987027861E-5
2,173;806,4.85239151268822E-5
2,411;483,4.851792838700278E-5
2,39;893,4.8517018014169756E-5
2,357;428,-4.8498149639476824E-5
2,527;864,4.8470890860501574E-5
2,285;954,-4.844500168340854E-5
2,3;24,4.843623310343713E-5
2,423;875,-4.8430133369596856E-5
2,16;385,-4.842970042323845E-5
2,249;754,4.842796170983018E-5
2,32;225,-4.8419931082704885E-5
2,885;926,4.84070405991691E-5
2,317;327,4.839533549951167E-5
2,241;872,4.8371553127859014E-5
2,229;684,4.835533807314354E-5
2,272;690,4.8337905580488284E-5
2,336;495,-4.8330167027584465E-5
2,289;590,4.8322844419982094E-5
2,221;548,-4.831492556377448E-5
2,103;505,-4.828789706373425E-5
2,164;420,4.826615161510964E-5
2,179;636,4.8262857159433086E-5
2,140;882,-4.823711156798338E-5
2,367;800,4.823534739938741E-5
2,74;697,-4.821530859934022E-5
2,45;616,-4.821349893360075E-5
2,255;796,4.8199552109407757E-5
2,224;672,4.817585761104819E-5
2,218;636,-4.812352563564447E-5
2,259;587,-4.812229269328518E-5
2,324;709,4.811802993693887E-5
2,315;751,-4.810896540500375E-5
2,249;849,4.810876027491702E-5
2,502;686,4.810222898868477E-5
2,203;321,4.8098910142866806E-5
2,114;359,-4.809468882922379E-5
2,245;758,-4.808825287169426E-5
2,291;424,-4.8084843786883445E-5
2,419;979,-4.80846939350912E-5
2,614;909,-4.808341613099747E-5
2,27;966,4.8081683550860814E-5
2,85;681,-4.807087559669719E-5
2,443;527,4.8067122785480946E-5
2,322;470,-4.8064673990755275E-5
2,322;918,4.8044045175151945E-5
2,369;437,-4.803528468440141E-5
2,939;969,4.800936405865076E-5
2,475;983,-4.800584316805764E-5
2,688;764,-4.799669691049309E-5
2,434;632,-4.799259738836152E-5
2,362;929,-4.79750453632692E-5
2,416;523,4.7971044877528606E-5
2,392;705,4.7934677772562384E-5
2,99;947,4.793097135864763E-5
2,542;590,-4.792920918800822E-5
2,742;908,4.792576178640655E-5
2,44;201,-4.7912955573291994E-5
2,291;891,4.791164551066088E-5
2,58;998,-4.7880449157611694E-5
2,680;737,4.787922207398017E-5
2,373;971,-4.787334591562133E-5
2,475;839,4.785552747795974E-5
2,458;717,-4.784583660530911E-5
2,167;337,4.783111714738922E-5
2,393;844,4.7826605817955425E-5
2,220;420,-4.782241660611168E-5
2,51;83,4.780366020249315E-5
2,118;387,4.7786107212864766E-5
2,199;655,-4.778580335303525E-5
2,281;789,-4.7775654582616236E-5
2,729;930,-4.7769646710419675E-5
2,113;578,-4.7753598535374294E-5
2,646;741,-4.7743513436294376E-5
2,221;898,-4.768573135654091E-5
2,238;421,-4.767885980745779E-5
2,724;967,-4.767431359658993E-5
2,19;294,-4.7670002719496804E-5
2,167;366,-4.7656791877823404E-5
2,267;718,4.76547153390722E-5
2,457;767,4.7652064060748246E-5
2,130;418,4.7651167043933314E-5
2,115;620,4.763808249848947E-5
2,743;943,4.762231470294904E-5
2,556;969,4.7619568123608256E-5
2,85;331,-4.7596929526411696E-5
2,293;484,4.759387705393616E-5
2,661;804,-4.7590490293907385E-5
2,117;320,-4.7581227510858654E-5
2,313;546,4.7575963940901855E-5
2,44;588,-4.755929984184762E-5
2,90;745,-4.7552094483044166E-5
2,507;638,4.754263026417042E-5
2,349;559,-4.753647500359381E-5
2,201;670,-4.753599927414745E-5
2,603;701,4.753557767785742E-5
2,324;588,4.752659635119244E-5
2,290;656,-4.7520887720757206E-5
2,573;922,-4.7488364122498405E-5
2,155;362,-4.746341478596365E-5
2,809;892,4.744346109723261E-5
2,420;752,-4.7441747201002015E-5
2,28;278,-4.7440105262096836E-5
2,256;587,-4.743661282417929E-5
2,581;884,4.743265250285923E-5
2,429;469,4.741228868507577E-5
2,753;917,4.7405446132573366E-5
2,602;885,4.734932834985998E-5
2,312;889,4.734710823691185E-5
2,25;27,-4.732899727042147E-5
2,146;780,-4.731591334890309E-5
2,174;297,-4.731028145126651E-5
2,187;303,4.7305896961125554E-5
2,665;901,-4.7284389497390934E-5
2,522;903,4.728045038396966E-5
2,695;861,4.727620190562571E-5
2,285;929,-4.727079469291659E-5
2,752;913,4.726382979418353E-5
2,468;577,-4.7263032877140454E-5
2,424;443,4.726265793597352E-5
2,128;627,4.725236259879802E-5
2,815;858,4.7235469623734165E-5
2,389;620,-4.723058991823361E-5
2,24;81,4.7225763609911484E-5
2,684;831,-4.719030365781754E-5
2,397;967,4.7189061467503476E-5
2,273;825,-4.717863903531866E-5
2,215;911,-4.7170572921602484E-5
2,840;977,-4.7162234655221476E-5
2,71;680,-4.7160733021722886E-5
2,17;201,4.7147266321245636E-5
2,704;710,4.71352869164786E-5
2,516;630,4.7131465254265906E-5
2,230;320,4.7131431924132826E-5
2,395;617,-4.712057535570416E-5
2,399;524,-4.7119776681489075E-5
2,310;878,-4.7112455700645525E-5
2,605;913,-4.709938827248084E-5
2,164;228,-4.709826164111195E-5
2,513;577,-4.709573069059961E-5
2,163;944,4.707411327978918E-5
2,548;995,4.707287561690902E-5
2,684;905,4.704548843995722E-5
2,53;659,-4.701384341842245E-5
2,528;753,4.700474072723211E-5
2,93;564,-4.6992104109468056E-5
2,68;330,4.698879249841021E-5
2,461;692,4.6980155093138765E-5
2,466;892,-4.697733680949083E-5
2,42;256,4.69763521165981E-5
2,311;884,-4.6948757291850083E-5
2,701;821,4.694749891836966E-5
2,55;278,4.693709956961464E-5
2,517;746,-4.691930604093622E-5
2,9;567,4.691815887241777E-5
2,520;655,-4.691295750106651E-5
2,7;934,4.690799314000941E-5
2,26;865,-4.6881660184689286E-5
2,167;840,-4.688044464226604E-5
2,13;463,4.6876216948534864E-5
2,317;617,4.6872794019211046E-5
2,35;926,4.686734228682808E-5
2,194;361,-4.685644622933162E-5
2,848;883,4.684381107706629E-5
2,35;575,-4.6835595763690844E-5
2,97;370,4.683258576391916E-5
2,257;624,-4.683029975181416E-5
2,313;399,-4.6828060237266184E-5
2,340;380,4.6817835104322136E-5
2,889;928,-4.6815750330224546E-5
2,797;976,-4.6799437381537784E-5
2,28;926,4.678354011349684E-5
2,203;567,4.6780850025195755E-5
2,127;690,-4.6780591552302174E-5
2,255;666,4.677560857208077E-5
2,201;251,-4.675794155746922E-5
2,849;908,-4.675631396190882E-5
2,30;247,-4.672092817314065E-5
2,248;617,-4.6719006945048836E-5
2,125;473,4.671680747555084E-5
2,313;456,4.6713294227068895E-5
2,199;212,-4.6708643125623246E-5
2,221;763,-4.66961432221575E-5
2,296;558,4.669608589936564E-5
2,453;655,-4.6694005308312353E-5
2,45;397,-4.668211554205409E-5
2,795;899,4.667994513955149E-5
2,194;483,-4.6668804147046086E-5
2,640;845,-4.666208945632809E-5
2,342;591,-4.662651450074992E-5
2,489;588,-4.662160410807029E-5
2,298;639,-4.654517607238603E-5
2,84;926,-4.653709798218181E-5
2,324;564,4.6535749489725715E-5
2,314;534,-4.651533484699148E-5
2,12;356,-4.650842615413535E-5
2,617;867,-4.645621859414792E-5
2,525;821,-4.6454225191220685E-5
2,552;989,-4.644551277687331E-5
2,261;496,-4.644425938913412E-5
2,792;922,4.6444234972722226E-5
2,394;665,-4.6442055413226816E-5
2,794;881,4.6415611723203995E-5
2,39;418,-4.640442982507565E-5
2,537;560,4.640128262268603E-5
2,427;494,-4.6399870165839755E-5
2,159;510,4.639467214763702E-5
2,407;566,4.6368076588987655E-5
2,558;572,4.6367874040739665E-5
2,305;932,-4.6353258206614416E-5
2,538;776,-4.635036662065505E-5
2,443;680,-4.634911527293138E-5
2,21;119,-4.6324096477586607E-5
2,10;677,-4.6316033486736694E-5
2,33;880,-4.631245267984821E-5
2,483;972,4.631113723515008E-5
2,165;450,-4.630914834538129E-5
2,41;253,-4.627779185122724E-5
2,279;869,-4.622959843492122E-5
2,340;869,4.621919256290953E-5
2,246;799,-4.621892955367038E-5
2,628;639,4.621518253711972E-5
2,172;508,4.620796009450064E-5
2,179;670,4.6183290010566765E-5
2,701;899,4.6179141035181864E-5
2,393;887,4.616882195126455E-5
2,26;360,4.616656988595752E-5
2,0;245,-4.615466354615712E-5
2,417;967,-4.6152037926268125E-5
2,753;957,4.615138254990131E-5
2,119;283,4.613741258393531E-5
2,404;631,4.6131930238473215E-5
2,851;998,-4.613017744343144E-5
2,265;516,4.6091810728907723E-5
2,229;247,4.607418325971403E-5
2,481;536,-4.605812627274933E-5
2,715;847,-4.604195461515191E-5
2,777;805,-4.603995028378145E-5
2,401;676,-4.603936858336184E-5
2,169;258,-4.603932169235121E-5
2,561;929,4.60385088795317E-5
2,652;887,4.602082646317349E-5
2,461;878,4.601996320677095E-5
2,206;496,-4.601902098524442E-5
2,224;352,4.600315134087274E-5
2,306;315,4.599185967092967E-5
2,21;43,-4.5985154106389136E-5
2,560;767,-4.598299785987722E-5
2,212;461,4.5971700446114146E-5
2,509;975,4.5971573577054766E-5
2,90;822,4.596886428336217E-5
2,21;278,-4.595179182118378E-5
2,307;661,4.5945724013071204E-5
2,290;857,4.594392793468416E-5
2,204;491,4.592398938618247E-5
2,485;909,4.590885846766794E-5
2,536;744,-4.5908331248139536E-5
2,629;685,-4.589902551364852E-5
2,692;706,4.5875288129982205E-5
2,134;824,4.584187048876393E-5
2,52;626,-4.5839548061409386E-5
2,275;695,4.583791715109987E-5
2,160;466,-4.5831773873174224E-5
2,161;226,4.583083779955841E-5
2,398;733,-4.5823700230299015E-5
2,533;985,4.581947634300158E-5
2,362;855,-4.580715567173392E-5
2,261;586,-4.579198748974384E-5
2,576;647,-4.579074032281148E-5
2,466;498,-4.579038003411766E-5
2,88;342,-4.5786272787805655E-5
2,72;528,4.5781903937524876E-5
2,362;869,-4.577752955844677E-5
2,12;654,-4.577678899737185E-5
2,148;150,-4.5767767776830256E-5
2,604;698,4.5766986956429874E-5
2,38;694,4.575970587832734E-5
2,316;982,4.573314654539944E-5
2,373;628,-4.5724673426094814E-5
2,135;764,-4.572197994639403E-5
2,341;708,-4.572134019103674E-5
2,50;177,4.5702845496954707E-5
2,431;504,-4.5676825637544614E-5
2,227;266,-4.5670180366026166E-5
2,710;742,4.5654388664864765E-5
2,302;369,4.565329203754549E-5
2,689;830,-4.564960804569984E-5
2,287;701,4.5649247086153326E-5
2,548;627,4.564857873486459E-5
2,132;585,4.5632101807243164E-5
2,36;202,-4.563110737518782E-5
2,674;923,-4.560925828692276E-5
2,169;469,4.560660587148418E-5
2,43;82,-4.5601727299595074E-5
2,469;944,-4.559450212361916E-5
2,166;556,-4.559281095228975E-5
2,418;796,4.558184228489386E-5
2,208;908,-4.557509806582405E-5
2,39;495,-4.556575975008694E-5
2,423;518,4.554937565123448E-5
2,608;685,4.554917723328837E-5
2,683;719,-4.554814668514036E-5
2,7;795,4.552418315973954E-5
2,36;562,-4.5516551236111643E-5
2,519;930,-4.548394465682877E-5
2,460;669,4.548330146448648E-5
2,176;791,4.546340053871885E-5
2,89;978,4.5458934917597465E-5
2,225;664,4.545794770057553E-5
2,129;838,-4.5449473301679165E-5
2,263;947,4.544439643915474E-5
2,634;704,-4.543754994782107E-5
2,350;469,4.5430807031313E-5
2,51;164,4.540149079752981E-5
2,363;374,4.53990273982698E-5
2,664;860,-4.539871563961383E-5
2,125;572,4.539698206616458E-5
2,526;689,4.5394714393391895E-5
2,29;566,-4.5391039322686064E-5
2,369;922,-4.538703621743709E-5
2,51;562,-4.53823225178902E-5
2,47;728,-4.536732916635441E-5
2,315;516,4.5349588677111834E-5
2,393;852,4.531562508781523E-5
2,130;576,-4.530082330805081E-5
2,570;958,-4.52908372630311E-5
2,277;367,4.528289382591143E-5
2,24;438,-4.526026550996513E-5
2,239;614,4.525148485216635E-5
2,347;576,4.5248548785575906E-5
2,559;981,-4.523576536745534E-5
2,231;625,4.522464265681848E-5
2,316;958,4.5206843642663236E-5
2,445;980,4.51943380450924E-5
2,584;992,-4.518145870704988E-5
2,468;791,4.5178679285401434E-5
2,349;875,-4.517076396646313E-5
2,95;127,-4.515207305499254E-5
2,373;804,-4.514649879358697E-5
2,926;947,-4.5145999770436905E-5
2,171;889,4.5144289117862775E-5
2,316;468,-4.513245907331688E-5
2,395;546,-4.512803122538572E-5
2,90;915,-4.51268529633745E-5
2,406;784,4.512506235384509E-5
2,628;905,-4.512505990928181E-5
2,218;694,-4.511242836895507E-5
2,188;853,-4.510822632632049E-5
2,79;880,4.509269572692086E-5
2,438;837,-4.508058511493853E-5
2,87;521,-4.5073988140639294E-5
2,548;576,4.507112432311092E-5
2,308;445,-4.50596147432664E-5
2,702;780,4.505211133484331E-5
2,45;997,-4.503492187704357E-5
2,340;491,-4.5031408650909515E-5
2,815;928,4.50256025891726E-5
2,602;711,-4.5010461772824484E-5
2,16;789,-4.500754315700722E-5
2,362;467,-4.5006033259010714E-5
2,430;824,4.5001614260178114E-5
2,153;423,-4.496342519857117E-5
2,109;924,-4.4962958718895803E-5
2,259;768,-4.4938935666235994E-5
2,281;604,-4.492756509559602E-5
2,832;836,4.492442655624717E-5
2,445;754,4.4923190954358144E-5
2,875;994,-4.4906338003749244E-5
2,155;937,4.4896578824102355E-5
2,687;911,4.48844076052795E-5
2,268;710,-4.4882172287135996E-5
2,301;696,-4.488006970885364E-5
2,338;422,4.486092263448019E-5
2,322;822,-4.4859543724084235E-5
2,324;939,-4.4843961886709834E-5
2,300;751,4.48348216958074E-5
2,229;248,-4.482488471142537E-5
2,451;467,-4.482374173131794E-5
2,495;826,4.482028548182612E-5
2,537;553,4.474265054595907E-5
2,516;888,-4.473710374997714E-5
2,690;972,-4.472897292501404E-5
2,198;514,-4.4728825359063846E-5
2,247;808,4.471457837109522E-5
2,141;432,-4.4713983306080755E-5
2,286;621,-4.471006322631889E-5
2,123;454,4.467940078550647E-5
2,152;744,-4.466263776448751E-5
2,129;248,4.4661653638185696E-5
2,448;827,4.4660361478712085E-5
2,627;694,4.4657668730055085E-5
2,515;644,4.464079290572682E-5
2,665;980,4.460559472276869E-5
2,419;798,4.459283937339511E-5
2,523;956,-4.458375572686958E-5
2,263;305,-4.4572459943246446E-5
2,393;439,4.454039677984028E-5
2,35;369,-4.453625712746004E-5
2,315;602,4.451760083102903E-5
2,195;427,-4.4515281913324204E-5
2,6;844,-4.451158138608876E-5
2,523;559,-4.451135183854812E-5
2,455;605,4.450302406095384E-5
2,504;870,-4.449903113922543E-5
2,348;386,-4.449691575904656E-5
2,49;876,-4.448959683852595E-5
2,132;615,4.448002573981961E-5
2,274;495,4.4475996587324834E-5
2,62;639,-4.4450632859146066E-5
2,67;256,4.4431208269703216E-5
2,167;259,4.4421047561948324E-5
2,435;565,4.4419646050180024E-5
2,170;496,4.4398820684152436E-5
2,429;456,4.439773853874377E-5
2,390;396,-4.439692387425416E-5
2,480;883,-4.439664395035244E-5
2,154;498,-4.4385861568483606E-5
2,653;856,-4.437188283482987E-5
2,251;891,-4.434246457066095E-5
2,459;472,-4.4341353881867706E-5
2,546;818,4.433517584146925E-5
2,338;543,4.4333704324993955E-5
2,140;471,-4.432978992560073E-5
2,211;955,4.430360787687701E-5
2,61;339,4.429860740875641E-5
2,256;302,4.4293318348710136E-5
2,543;849,-4.427783674247196E-5
2,981;993,4.427456372312856E-5
2,272;922,4.427395823155894E-5
2,38;370,-4.4269225442857104E-5
2,290;943,-4.426884246959691E-5
2,345;585,4.4263769574135774E-5
2,401;471,4.425782269291362E-5
2,132;808,-4.424114463374756E-5
2,245;428,-4.423505443124035E-5
2,161;355,-4.4227638255460895E-5
2,286;845,4.422398114075811E-5
2,94;116,-4.4217569332569716E-5
2,127;817,4.421432907038722E-5
2,528;736,-4.420159217549658E-5
2,583;734,-4.420078401579522E-5
2,144;563,4.4184509312243275E-5
2,779;929,4.418327319467225E-5
2,287;569,4.4182186759272054E-5
2,135;910,4.417796915773151E-5
2,217;445,-4.417378738892139E-5
2,366;397,-4.417364735249386E-5
2,18;124,4.415724294631875E-5
2,383;721,-4.415286486074646E-5
2,111;896,4.4144077395038426E-5
2,246;483,4.414302166966105E-5
2,47;384,4.413158194845839E-5
2,286;576,4.4120015783343394E-5
2,857;882,4.411704079292571E-5
2,525;776,4.410697037920932E-5
2,190;960,4.409121603274106E-5
2,138;650,-4.408964060280375E-5
2,546;929,-4.4075193697333266E-5
2,647;816,-4.405571821453085E-5
2,595;799,-4.404869189221043E-5
2,701;785,4.4044007320265203E-5
2,635;777,-4.4043205687023415E-5
2,495;981,-4.402218488372739E-5
2,61;152,-4.4019557532178316E-5
2,321;714,4.398106433245455E-5
2,180;717,4.3976834092244634E-5
2,628;922,4.397567866974921E-5
2,261;844,-4.396049554348343E-5
2,201;303,4.395786120287995E-5
2,542;739,4.395420435285137E-5
2,373;972,4.395356969708839E-5
2,277;525,4.394516451215837E-5
2,453;901,-4.392267165221911E-5
2,381;876,4.391934422417655E-5
2,43;446,-4.391875549534638E-5
2,138;237,4.39055705436058E-5
2,464;475,-4.3904719787022085E-5
2,254;297,4.3892047014692486E-5
2,470;753,4.3880000836675815E-5
2,845;986,-4.3872298861810255E-5
2,168;849,4.385900446889658E-5
2,307;804,4.3852918788272406E-5
2,28;897,-4.384052763743619E-5
2,273;766,-4.382830211982858E-5
2,2;966,4.3819800945037915E-5
2,194;674,4.3812275652229266E-5
2,384;751,-4.380534564792382E-5
2,644;653,-4.379790954841965E-5
2,62;967,-4.378659948074193E-5
2,90;264,4.37805845704244E-5
2,98;698,4.3772501217989225E-5
2,400;582,4.377194177274029E-5
2,338;707,4.3752934484339875E-5
2,233;789,4.375245390370643E-5
2,218;424,-4.3747702264521986E-5
2,52;909,-4.37436461367681E-5
2,685;977,4.374267387049349E-5
2,802;844,-4.3723180826358466E-5
2,130;398,4.371326059712205E-5
2,234;304,4.371077012428401E-5
2,362;862,4.370772338404568E-5
2,36;549,-4.368934236429964E-5
2,458;659,-4.3689172514649384E-5
2,123;744,-4.36880902478845E-5
2,805;934,-4.3682819584581184E-5
2,328;886,4.368196950032599E-5
2,186;764,4.3679711301713954E-5
2,26;670,-4.367376717594811E-5
2,65;873,-4.366533398169776E-5
2,738;862,4.366243800342337E-5
2,406;425,-4.365101297780195E-5
2,685;776,-4.3647439959339824E-5
2,289;570,-4.362331002385997E-5
2,279;730,4.3620305703472755E-5
2,508;982,-4.3595662920088566E-5
2,185;735,4.359445517779655E-5
2,27;507,4.35941530187557E-5
2,295;509,-4.359277996547658E-5
2,411;528,4.3591761268643904E-5
2,96;640,-4.358799513191608E-5
2,44;108,4.3567472330314676E-5
2,634;950,-4.356602788105347E-5
2,781;808,4.355897441269011E-5
2,271;647,4.354479928560757E-5
2,208;883,-4.354076812300606E-5
2,261;575,-4.3540122704458254E-5
2,96;571,-4.3531113301833E-5
2,615;735,-4.352907454268457E-5
2,306;332,4.3523142605179296E-5
2,800;857,4.3520796038323654E-5
2,438;971,4.350837446749697E-5
2,338;352,4.3493683978670385E-5
2,343;774,4.3487669765556356E-5
2,615;664,-4.3485562652543597E-5
2,35;806,4.3455347220815E-5
2,684;880,-4.345360211322681E-5
2,614;655,-4.345314267374456E-5
2,736;824,4.344874125889571E-5
2,589;882,4.344686348612406E-5
2,155;922,4.34288873362043E-5
2,26;380,-4.3421226346096715E-5
2,165;740,-4.3420808925522853E-5
2,101;691,-4.341749289361805E-5
2,877;943,-4.341288205483124E-5
2,19;947,-4.339693849745059E-5
2,747;988,4.337643647120984E-5
2,783;984,4.332590961974119E-5
2,178;383,-4.331962051515392E-5
2,305;599,4.3318499714260525E-5
2,30;168,4.3308587579092965E-5
2,259;685,-4.329254926995336E-5
2,626;633,-4.329068924451213E-5
2,551;625,4.325825436367585E-5
2,247;715,4.324992182095825E-5
2,656;696,4.324328543162986E-5
2,205;427,4.324195053523942E-5
2,797;915,-4.3239923597924476E-5
2,68;368,4.322954997585905E-5
2,377;802,-4.3206197618192134E-5
2,367;653,4.318718063724458E-5
2,871;887,-4.3183123798057387E-5
2,406;792,-4.3156100498495056E-5
2,297;570,4.3145150474565284E-5
2,208;756,4.3137462932014985E-5
2,76;660,-4.3135717693262214E-5
2,193;745,4.313276813742581E-5
2,863;992,-4.312025541794902E-5
2,624;920,4.3117868756516894E-5
2,536;588,-4.3116741380991136E-5
2,34;162,4.310911244147525E-5
2,168;680,4.310241718691966E-5
2,426;430,-4.3100689224696166E-5
2,360;960,-4.307554893173032E-5
2,444;795,4.307508616240582E-5
2,24;40,4.307296391361937E-5
2,695;790,-4.3071609008495145E-5
2,270;764,4.304610712662894E-5
2,153;882,-4.3032087508468513E-5
2,356;989,4.3031310086513116E-5
2,588;811,-4.302928070289636E-5
2,297;721,-4.302013006983284E-5
2,780;789,-4.301986153579663E-5
2,749;801,4.2992525978354185E-5
2,44;570,4.2987202161795246E-5
2,539;923,-4.298287023099675E-5
2,257;389,4.29631579751989E-5
2,81;679,-4.295828434670022E-5
2,625;849,4.2951430482985856E-5
2,21;369,-4.294703811006276E-5
2,353;834,4.2942898051761214E-5
2,576;599,-4.2906573539790644E-5
2,455;685,-4.28943738785488E-5
2,529;690,4.285964109970343E-5
2,145;901,-4.284854419516997E-5
2,34;853,4.28190181848187E-5
2,453;684,-4.280911595776112E-5
2,794;843,-4.27941924832465E-5
2,82;104,4.2792217271468625E-5
2,26;744,4.278820074871293E-5
2,570;992,4.277988561710741E-5
2,684;699,-4.275755494706929E-5
2,310;664,4.273585702012153E-5
2,737;880,-4.273269452872028E-5
2,862;948,4.2713565259208604E-5
2,27;465,4.271356459680048E-5
2,247;646,4.270656132818218E-5
2,426;427,4.2702616235244235E-5
2,905;956,4.2700646623301834E-5
2,61;199,-4.2697553467735016E-5
2,423;564,-4.269067274922271E-5
2,369;678,-4.268239252865513E-5
2,155;440,-4.268005861831772E-5
2,254;473,-4.2680028201275826E-5
2,59;414,4.267173214316442E-5
2,691;890,4.264763705112888E-5
2,58;616,4.262873192452586E-5
2,119;518,-4.2616423559771674E-5
2,267;981,4.2614159245567466E-5
2,283;609,-4.260176773292923E-5
2,269;512,4.260073978726535E-5
2,704;945,4.2587527167977366E-5
2,123;538,4.257243760724752E-5
2,336;826,-4.256695980976115E-5
2,257;981,-4.2564509250419084E-5
2,421;721,4.256259453170638E-5
2,107;739,-4.2551859569774225E-5
2,434;587,4.2544655494765487E-5
2,65;469,-4.254465090101648E-5
2,687;900,4.2522407713615646E-5
2,14;176,-4.250399596063258E-5
2,125;451,-4.25007318610166E-5
2,52;915,4.2496457072396466E-5
2,685;850,-4.249530468097325E-5
2,40;352,-4.248593284564131E-5
2,650;683,4.247609461404813E-5
2,49;400,-4.247047658689475E-5
2,62;973,4.2456479302225345E-5
2,99;145,4.2452955770385456E-5
2,502;981,-4.244840682025512E-5
2,276;892,-4.243919559266075E-5
2,634;772,-4.243693619652042E-5
2,24;456,4.2412961057295235E-5
2,628;956,-4.240333821608797E-5
2,731;908,4.237584574304343E-5
2,28;588,4.235848686038687E-5
2,64;808,4.2351495629434854E-5
2,54;116,4.233187404788813E-5
2,473;792,4.229726372917383E-5
2,592;777,4.229625848407888E-5
2,332;817,4.229535158229929E-5
2,458;557,-4.2242123270593514E-5
2,447;915,4.223422921818482E-5
2,167;734,4.223123862905522E-5
2,414;888,-4.222687169712171E-5
2,0;516,4.2222063120336896E-5
2,130;302,4.222182844553933E-5
2,821;998,-4.221916623312376E-5
2,489;619,-4.2213772098868487E-5
2,191;220,4.221054761158731E-5
2,546;575,-4.220557157011786E-5
2,302;711,4.2186685936899897E-5
2,220;604,4.216133066207892E-5
2,40;438,4.215942385032978E-5
2,32;720,4.215906274960078E-5
2,56;421,-4.21576063941395E-5
2,328;959,4.215259001921004E-5
2,163;942,-4.214417646746028E-5
2,284;457,-4.2139099359587904E-5
2,490;566,4.213725462684226E-5
2,25;92,4.211504873018179E-5
2,358;742,4.210932413543503E-5
2,3;138,4.2105398610605905E-5
2,264;701,-4.2104270227227695E-5
2,636;692,-4.210146034316915E-5
2,439;915,-4.2094782709871546E-5
2,541;574,4.207574945363747E-5
2,114;900,-4.206395589839797E-5
2,372;383,-4.20604875745215E-5
2,847;935,4.2056392468083E-5
2,155;571,-4.2037284840814364E-5
2,45;268,4.203706775109237E-5
2,740;857,4.201074361610027E-5
2,500;526,-4.200297781494072E-5
2,30;715,4.200089828774814E-5
2,338;718,-4.1990151032533366E-5
2,16;523,-4.194510451084651E-5
2,5;431,-4.194181800785654E-5
2,719;855,-4.1941035264304E-5
2,179;721,4.193194823836072E-5
2,721;917,4.192829484505989E-5
2,669;715,-4.1917329494735273E-5
2,341;553,-4.190649923230071E-5
2,141;252,-4.190626872136777E-5
2,461;530,4.1904724449179225E-5
2,136;954,4.190410741199131E-5
2,582;651,-4.1902132465637756E-5
2,99;289,-4.189485324543544E-5
2,348;735,4.1890465982018095E-5
2,201;646,-4.188006797212339E-5
2,577;893,4.187504128793887E-5
2,262;445,4.186253860250931E-5
2,44;778,-4.18364035290222E-5
2,909;945,-4.1824417272095706E-5
2,629;694,-4.178259114978161E-5
2,96;451,-4.1756972430263433E-5
2,77;208,4.17460046861506E-5
2,433;581,4.174422137417338E-5
2,163;732,-4.17228530173671E-5
2,846;875,-4.171942819734601E-5
2,17;959,4.1715060047441604E-5
2,158;601,4.169061936589133E-5
2,541;578,4.1672483158812225E-5
2,591;746,4.1669321802585654E-5
2,757;763,4.166449139214895E-5
2,851;878,-4.1662781627095345E-5
2,587;640,-4.165437988836658E-5
2,828;903,4.164685055257977E-5
2,597;683,4.1637699884062436E-5
2,148;428,4.160278360264513E-5
2,175;326,4.160067368433652E-5
2,55;524,-4.15993494403219E-5
2,18;407,4.159556742855463E-5
2,503;662,-4.1573897799580105E-5
2,406;667,4.1572596858343065E-5
2,526;865,4.1571414786019814E-5
2,146;831,-4.155449070151091E-5
2,426;495,-4.155402802520159E-5
2,29;199,-4.155241465823187E-5
2,294;883,-4.154081406036749E-5
2,374;589,4.153547133781479E-5
2,371;420,-4.1532603623817334E-5
2,358;428,4.1528544864396155E-5
2,163;255,-4.152853126288479E-5
2,762;778,-4.151424596047035E-5
2,186;392,4.150749424982876E-5
2,562;739,4.1489994977110084E-5
2,584;878,-4.148294479323217E-5
2,205;562,4.147689959830445E-5
2,94;500,-4.146650163523772E-5
2,484;844,4.146517879976825E-5
2,111;379,-4.1462383244872304E-5
2,53;116,4.145821023431108E-5
2,506;543,4.145317083238123E-5
2,400;650,-4.1452904928096835E-5
2,609;810,4.1452480231656364E-5
2,436;821,-4.14502436586268E-5
2,177;447,4.144511625032971E-5
2,228;800,4.143983094494916E-5
2,157;831,-4.143946613536659E-5
2,201;573,-4.143882617756378E-5
2,75;629,4.1435949122037134E-5
2,789;965,-4.143318091883554E-5
2,86;263,4.14289292601298E-5
2,196;815,4.1426885447958253E-5
2,621;743,-4.14101633550381E-5
2,289;645,-4.1404539766402654E-5
2,198;297,-4.139927148125283E-5
2,176;568,4.1390601172265365E-5
2,97;752,4.137879042474709E-5
2,95;707,-4.137396265413757E-5
2,0;633,4.1365709644179447E-5
2,63;483,-4.13566242315947E-5
2,343;510,4.134313322769782E-5
2,395;779,-4.134178927804463E-5
2,357;861,4.133927532673126E-5
2,450;579,-4.1338005861291564E-5
2,208;341,-4.1317654767233845E-5
2,348;376,4.130436913444108E-5
2,311;821,-4.129917183516924E-5
2,16;32,-4.128001600352002E-5
2,234;247,4.1274450633427354E-5
2,581;688,-4.1274267956719196E-5
2,165;819,-4.126227173330788E-5
2,584;876,4.124851345142324E-5
2,31;580,-4.124283824494092E-5
2,173;319,-4.1231745831764186E-5
2,806;917,-4.122095685114492E-5
2,267;860,4.121922300047315E-5
2,566;677,4.1216500032815724E-5
2,315;399,-4.1192281541039995E-5
2,405;621,-4.1189755536449805E-5
2,468;581,4.118879803049526E-5
2,558;889,-4.114560850354233E-5
2,739;855,-4.1136529737007366E-5
2,194;769,-4.1121383662270697E-5
2,170;609,4.1121072059611575E-5
2,434;920,4.112103457740066E-5
2,418;715,-4.111992403525883E-5
2,796;930,-4.1119284875283353E-5
2,858;924,4.111689974374534E-5
2,834;938,4.1110603379627306E-5
2,220;803,4.111038959068515E-5
2,279;395,-4.110654545033336E-5
2,638;785,4.109387075596204E-5
2,172;601,-4.107456969643983E-5
2,267;699,-4.107241881881718E-5
2,631;753,4.106586731240222E-5
2,558;560,-4.1056522349635417E-5
2,704;772,4.105489520229678E-5
2,222;628,4.104335214934199E-5
2,208;837,-4.104003932951517E-5
2,494;892,4.103858450717665E-5
2,247;450,4.102895016727832E-5
2,367;521,-4.099519160167621E-5
2,294;855,4.0990391540272134E-5
2,580;689,-4.0983353526828794E-5
2,473;749,-4.09786405548542E-5
2,165;265,-4.096674035312487E-5
2,686;921,-4.093525360105489E-5
2,850;859,4.090678194256725E-5
2,38;194,4.089432632380895E-5
2,926;984,-4.0891380240566395E-5
2,242;289,-4.088684743830829E-5
2,265;389,4.0876861310709474E-5
2,536;844,-4.087393947473168E-5
2,317;454,-4.086793251591808E-5
2,331;793,4.086594575482066E-5
2,520;617,-4.0865400044714785E-5
2,271;561,4.085574379602555E-5
2,744;814,4.085270798725506E-5
2,123;911,-4.083062123633853E-5
2,405;918,4.082051638291673E-5
2,16;762,4.079386579223611E-5
2,774;920,4.07842347879032E-5
2,184;828,4.078024365232298E-5
2,699;933,4.077145857888851E-5
2,415;757,4.07543351425475E-5
2,392;637,-4.075289554795497E-5
2,560;733,4.073855943292946E-5
2,288;732,4.070176519685828E-5
2,359;523,-4.069807424549925E-5
2,444;869,4.069804079979184E-5
2,436;852,4.069079573409206E-5
2,601;646,-4.068592618385004E-5
2,91;799,4.067465780733314E-5
2,290;948,-4.067215626818421E-5
2,839;993,4.066518956434753E-5
2,679;795,-4.0653938801362534E-5
2,204;363,-4.064065729241723E-5
2,175;394,4.0629570214858736E-5
2,724;925,-4.062942546170369E-5
2,458;842,-4.0626675665047485E-5
2,439;664,4.060791291685751E-5
2,152;572,-4.059764717883204E-5
2,303;802,-4.059421759430679E-5
2,487;697,-4.0587014327371825E-5
2,327;539,4.0581835425502665E-5
2,59;980,4.058096409635446E-5
2,291;670,4.057483377719441E-5
2,99;338,-4.057054850124182E-5
2,412;665,-4.056690394592682E-5
2,730;784,-4.056322482748394E-5
2,744;851,4.0561897661152164E-5
2,668;957,-4.055657271146881E-5
2,289;745,-4.0538561732340016E-5
2,545;548,4.0475664979617894E-5
2,121;593,-4.045077529085224E-5
2,430;905,4.0448694309559624E-5
2,32;111,4.044506693193495E-5
2,208;708,-4.0439054091665165E-5
2,374;995,4.043039890738598E-5
2,985;991,-4.040860646270586E-5
2,94;401,4.0407885628409036E-5
2,454;774,4.0396993507821555E-5
2,386;533,-4.038498367137647E-5
2,302;426,4.0355733320937234E-5
2,842;876,-4.032864718397201E-5
2,492;880,4.0311069579640275E-5
2,226;761,4.0274069731870046E-5
2,244;284,-4.027033312414914E-5
2,285;352,-4.026876532129904E-5
2,123;818,-4.026107594408978E-5
2,264;491,4.0259175856899086E-5
2,298;556,-4.0257846017645734E-5
2,100;720,-4.024196991976388E-5
2,450;937,-4.022706372588651E-5
2,27;879,-4.022550859000075E-5
2,293;746,4.022151255179318E-5
2,199;714,-4.022028760148553E-5
2,102;800,4.02184144748316E-5
2,316;859,-4.020875174216874E-5
2,117;306,-4.019227598408945E-5
2,184;853,-4.018827281026943E-5
2,222;530,4.017450821678995E-5
2,559;665,-4.017328345110487E-5
2,62;329,4.016978163763112E-5
2,465;992,-4.0161854849554524E-5
2,97;181,4.01485913286968E-5
2,536;896,-4.014316041704823E-5
2,358;763,4.013544743857897E-5
2,54;197,4.0130436193922647E-5
2,261;393,4.0129196999597816E-5
2,256;369,-4.012554219678501E-5
2,525;853,-4.0121893194600914E-5
2,116;624,4.011599829947187E-5
2,238;988,4.009942833729199E-5
2,541;822,4.0088702348279124E-5
2,31;553,-4.008364853610611E-5
2,383;654,4.007689929278795E-5
2,595;896,-4.007399923813941E-5
2,703;984,4.005693883053243E-5
2,245;903,4.004152867085455E-5
2,146;721,-4.003325263662332E-5
2,483;626,4.0009904154619273E-5
2,374;773,4.0007850408746825E-5
2,470;508,-4.000424999069337E-5
2,482;585,3.998679294677173E-5
2,53;151,-3.9986091058827944E-5
2,393;978,-3.9966553754031795E-5
2,23;945,3.9956908205266514E-5
2,604;742,-3.9947611727634783E-5
2,558;666,3.99446983147925E-5
2,87;91,3.9925139260992754E-5
2,121;436,3.991469103137588E-5
2,190;581,-3.9898362393309564E-5
2,375;783,3.989661736843571E-5
2,263;859,3.988583973499073E-5
2,267;664,3.9879588154532675E-5
2,428;502,-3.987705201765567E-5
2,258;442,3.9873569934476284E-5
2,486;854,-3.986092758031506E-5
2,202;892,3.985466541944299E-5
2,516;523,3.985428748343487E-5
2,25;455,3.985093090532191E-5
2,696;887,3.98451384159921E-5
2,257;706,3.982415467546335E-5
2,39;145,-3.982369758501011E-5
2,237;818,-3.981557361030117E-5
2,770;990,-3.980889300769578E-5
2,260;678,-3.980760926542923E-5
2,0;272,-3.980262527103452E-5
2,169;944,3.9795417982292564E-5
2,84;245,3.978729004006201E-5
2,593;858,3.9785967784901384E-5
2,561;971,-3.978497056700269E-5
2,47;268,3.9769030278860966E-5
2,698;905,-3.976779248511356E-5
2,235;774,3.976589797540034E-5
2,306;488,-3.976145993873273E-5
2,695;917,-3.9754865339409916E-5
2,2;312,3.9730042455903255E-5
2,609;992,-3.971603334705409E-5
2,145;768,-3.970739275236136E-5
2,331;511,-3.970719084940392E-5
2,499;947,-3.968923191881653E-5
2,360;948,-3.9687164176150215E-5
2,708;735,-3.968365468013129E-5
2,264;506,-3.968364596023156E-5
2,70;247,-3.967864982319461E-5
2,143;454,3.966944699209317E-5
2,38;139,-3.964876767059623E-5
2,656;943,-3.964455147289052E-5
2,60;145,-3.964300635849942E-5
2,269;427,-3.963133466552351E-5
2,73;249,3.962112899091748E-5
2,41;155,-3.960119586457467E-5
2,169;786,-3.959163125561957E-5
2,122;244,3.9581462363774816E-5
2,114;523,3.95785543012546E-5
2,277;891,3.957521370315543E-5
2,320;406,-3.956869770498231E-5
2,276;842,-3.955482201916524E-5
2,71;715,3.954652768481125E-5
2,717;814,3.95334362608669E-5
2,182;321,3.952583556060894E-5
2,144;452,-3.951953142069911E-5
2,303;919,3.947508568439936E-5
2,249;358,-3.945177592665084E-5
2,882;883,-3.9436781326430705E-5
2,352;882,-3.9434562396759895E-5
2,286;579,-3.941778401318945E-5
2,282;288,3.941654319324959E-5
2,74;338,-3.941124739288222E-5
2,100;261,-3.940566950608161E-5
2,554;564,-3.939595389500315E-5
2,532;726,3.939538390301375E-5
2,49;127,3.938745979451709E-5
2,139;817,3.938694220828157E-5
2,25;617,-3.938374781075891E-5
2,48;761,-3.938295758885834E-5
2,225;538,-3.93816692863984E-5
2,464;657,3.937527559745751E-5
2,545;917,3.937248018118783E-5
2,179;352,3.935798255816786E-5
2,855;928,3.935646900541654E-5
2,175;937,-3.935412098024217E-5
2,702;922,-3.934649627656166E-5
2,251;571,-3.9342463610708644E-5
2,304;686,3.932799147162246E-5
2,471;705,3.932405516074697E-5
2,60;96,3.930751403299981E-5
2,322;532,-3.929287451231534E-5
2,99;768,3.928416624699842E-5
2,819;847,3.927690079344577E-5
2,57;831,3.927197618877564E-5
2,28;100,-3.926951291664398E-5
2,466;579,3.92657276959125E-5
2,64;677,-3.926475027025209E-5
2,493;644,-3.926150586787616E-5
2,212;886,-3.926148343165957E-5
2,422;596,3.9257381587435966E-5
2,224;787,3.925529003864138E-5
2,338;578,-3.9239297664474105E-5
2,208;418,3.9208281669350355E-5
2,135;768,3.920792487684559E-5
2,254;489,-3.920563520014146E-5
2,419;809,3.918694700263979E-5
2,504;896,-3.918138606908786E-5
2,450;638,3.917626492922603E-5
2,544;600,3.916602332259328E-5
2,283;441,-3.915552683724591E-5
2,271;564,-3.9149702251966316E-5
2,752;764,-3.914875925242566E-5
2,42;899,3.9144617259246784E-5
2,277;590,3.914197603073567E-5
2,289;427,-3.913036354341631E-5
2,30;912,3.912648861947184E-5
2,393;880,-3.912606788117873E-5
2,507;656,3.9100987699615504E-5
2,63;988,3.909793498765883E-5
2,836;936,-3.908405286009683E-5
2,163;986,3.906606153438454E-5
2,267;963,3.9061773447366874E-5
2,469;841,-3.906154535622952E-5
2,4;20,-3.904907190849008E-5
2,731;839,-3.903601655597588E-5
2,701;998,3.9020907544221884E-5
2,425;458,-3.901835911484838E-5
2,329;458,3.9012368915713745E-5
2,421;488,-3.9009419495897124E-5
2,679;894,3.9004815670983936E-5
2,650;757,3.9001434644589134E-5
2,656;743,-3.899317563061992E-5
2,521;558,3.897984929003444E-5
2,369;917,-3.8979210267001226E-5
2,497;520,3.8971953490263446E-5
2,241;598,3.895649869739489E-5
2,739;899,-3.894122680714136E-5
2,169;533,-3.893593273385343E-5
2,9;843,-3.8934055895893176E-5
2,468;975,-3.892873799155849E-5
2,206;754,3.8917443341489355E-5
2,264;487,3.888701449814591E-5
2,436;826,3.8885749156474734E-5
2,820;839,-3.8879013183665936E-5
2,153;502,-3.88722552571145E-5
2,96;857,3.886979840994506E-5
2,317;539,-3.885392023098853E-5
2,256;708,-3.8845856185808786E-5
2,362;602,-3.884536913808366E-5
2,86;512,-3.8845301986095566E-5
2,276;506,-3.8836626027326656E-5
2,363;695,-3.883645956042755E-5
2,263;599,3.8835361802288694E-5
2,77;224,-3.883486468597232E-5
2,368;917,-3.883408895963561E-5
2,127;962,-3.88285054963734E-5
2,123;443,3.882043280337785E-5
2,95;602,3.878688311529799E-5
2,552;609,3.878571951189699E-5
2,206;836,3.877928889313248E-5
2,393;927,3.8775505371012705E-5
2,567;854,-3.876627117682445E-5
2,504;849,-3.8751977423253664E-5
2,316;785,-3.87473472500746E-5
2,394;994,3.87433824797212E-5
2,678;802,3.8741443959268654E-5
2,5;834,-3.8736618645678694E-5
2,118;768,3.872681622849282E-5
2,524;683,3.8697455146252155E-5
2,512;808,-3.86903825352256E-5
2,53;794,-3.867092170530896E-5
2,85;443,-3.866536960765805E-5
2,383;767,3.866345816906128E-5
2,30;685,-3.8644583155412365E-5
2,505;663,-3.864265618077624E-5
2,632;888,3.862874188784869E-5
2,411;672,-3.8616630964675904E-5
2,8;497,-3.860495325971276E-5
2,291;319,3.85916745224118E-5
2,493;695,-3.85816269312617E-5
2,498;679,-3.857406085772538E-5
2,400;908,3.85724206906757E-5
2,347;884,3.856781602505431E-5
2,18;831,3.8567127663229934E-5
2,158;593,-3.856394418967751E-5
2,725;920,3.8560128758661756E-5
2,151;335,3.853763200181075E-5
2,65;590,3.852680904558118E-5
2,203;603,3.852477634129239E-5
2,267;495,3.851731765069823E-5
2,345;482,3.850530962552682E-5
2,456;965,-3.849548286220138E-5
2,562;609,-3.849156776571493E-5
2,163;356,-3.8482934519026286E-5
2,168;694,-3.847178498001869E-5
2,292;556,3.847169670647427E-5
2,213;743,3.8464592476480626E-5
2,95;962,-3.845963458233693E-5
2,96;895,3.8447135605732264E-5
2,200;460,-3.844358310722007E-5
2,285;497,-3.84387399980682E-5
2,642;808,-3.8436773994896125E-5
2,353;585,-3.843558064233292E-5
2,579;606,3.842525890920701E-5
2,169;603,-3.842511728536829E-5
2,700;865,-3.841936039499655E-5
2,9;616,3.841261391457489E-5
2,44;247,-3.840552566152306E-5
2,272;436,-3.840347705430074E-5
2,478;757,3.8401085502905775E-5
2,87;604,-3.839726695415768E-5
2,73;885,3.837161263493723E-5
2,472;765,-3.836940650109934E-5
2,13;474,3.83640569069676E-5
2,525;741,3.835282914307156E-5
2,359;404,3.8351789820761235E-5
2,122;327,3.8349818755547927E-5
2,624;871,3.8349785876488907E-5
2,238;543,-3.8339429883457885E-5
2,572;804,3.8314384756786645E-5
2,579;929,3.831273903506993E-5
2,219;495,-3.830191664640402E-5
2,205;465,-3.829670918498809E-5
2,234;493,-3.826149034431873E-5
2,714;963,-3.82547320411614E-5
2,225;692,3.824721900430491E-5
2,88;386,3.824587727944058E-5
2,289;661,3.822507587603367E-5
2,86;536,-3.82159994076306E-5
2,845;968,-3.821268171166527E-5
2,85;899,-3.8202343441941164E-5
2,362;954,3.819276388419993E-5
2,291;417,-3.818863531269618E-5
2,315;857,-3.818448617224768E-5
2,605;969,-3.818026378725483E-5
2,463;904,-3.816581623923252E-5
2,344;927,3.816293157319603E-5
2,8;563,3.8153128768279716E-5
2,524;676,-3.813487254851512E-5
2,248;765,3.811982189409409E-5
2,14;749,-3.8115872572891854E-5
2,475;593,-3.81117947437484E-5
2,632;636,-3.8105988334012214E-5
2,231;570,3.810331825727274E-5
2,413;890,-3.8077470751803114E-5
2,756;837,-3.807548815390213E-5
2,191;968,-3.807499688369037E-5
2,417;567,3.806741770241228E-5
2,46;987,3.805443914425885E-5
2,254;948,3.8049713242624156E-5
2,506;701,3.8041637275503205E-5
2,366;393,-3.8039693172999366E-5
2,502;561,3.8037821660540234E-5
2,244;457,3.8028162979021374E-5
2,631;758,3.799498014874717E-5
2,227;359,3.798875181785577E-5
2,345;988,3.798783451208856E-5
2,619;981,3.796255965101851E-5
2,48;163,-3.7956057956978884E-5
2,105;966,-3.7955049954589834E-5
2,140;826,-3.79511919129738E-5
2,311;969,3.794759438655444E-5
2,234;814,3.7942622872336415E-5
2,9;818,3.793820235913369E-5
2,45;205,-3.7932029675567764E-5
2,420;974,3.7931858044276804E-5
2,802;825,-3.7892706020930286E-5
2,68;981,3.788047725634849E-5
2,177;375,3.787760988960728E-5
2,259;584,3.786512375666065E-5
2,865;957,-3.786078677740822E-5
2,21;750,3.785835590395491E-5
2,558;832,3.78553330622624E-5
2,79;179,-3.7852329298614645E-5
2,245;268,-3.7849402773195624E-5
2,114;477,-3.7849161454226165E-5
2,205;330,-3.78353079689725E-5
2,47;553,-3.7829822794311884E-5
2,302;411,-3.780878763085256E-5
2,279;663,-3.780707551511882E-5
2,102;157,-3.780284544036616E-5
2,921;984,3.779865534210684E-5
2,393;696,3.779675539276357E-5
2,753;785,3.7776592590329575E-5
2,65;765,3.777621719148469E-5
2,295;619,3.77617711901206E-5
2,215;940,-3.775052141274063E-5
2,158;667,3.774723871639016E-5
2,334;756,3.7746604423697616E-5
2,72;442,3.773891221608988E-5
2,239;717,3.772917953633627E-5
2,797;880,-3.7728395794541186E-5
2,290;951,-3.772249848740433E-5
2,812;902,-3.771953567383117E-5
2,244;988,-3.771175311960667E-5
2,321;448,3.769499914331974E-5
2,400;537,-3.7690103238249384E-5
2,261;785,-3.7682173940857644E-5
2,348;443,-3.766037265811272E-5
2,48;61,-3.7660323745799044E-5
2,208;596,3.765386231064939E-5
2,118;806,3.764560930587552E-5
2,763;806,3.763226904710795E-5
2,594;786,3.7625330786540926E-5
2,265;548,3.762034116425569E-5
2,295;901,3.7611657008709206E-5
2,421;565,-3.760237929229351E-5
2,210;432,3.760000155312473E-5
2,699;920,3.759145372451994E-5
2,176;305,-3.759034568410488E-5
2,400;578,-3.7587659171096224E-5
2,169;558,-3.7584182550738263E-5
2,199;201,3.7568590007119086E-5
2,649;692,-3.756794258787297E-5
2,452;895,-3.750561916305199E-5
2,605;971,3.749919242993695E-5
2,566;855,-3.749803908444535E-5
2,492;646,3.7494381290695364E-5
2,244;724,3.749033803075649E-5
2,111;664,-3.748049444183657E-5
2,345;408,3.7475314701559465E-5
2,803;808,3.7468373242661124E-5
2,136;285,3.7468330884244125E-5
2,517;751,3.7453015602479556E-5
2,56;917,3.743939219245665E-5
2,78;397,-3.741876732403285E-5
2,194;336,-3.74077525708765E-5
2,336;770,3.7405533433379044E-5
2,310;625,3.740458823394349E-5
2,256;392,-3.740237868618819E-5
2,342;918,-3.73981358227298E-5
2,156;561,3.7395586283585424E-5
2,60;812,-3.739314657658203E-5
2,143;739,-3.738407300717847E-5
2,574;762,3.738382432807764E-5
2,2;821,-3.737384893251726E-5
2,117;863,3.734967686683215E-5
2,247;407,-3.7336056037470044E-5
2,702;832,3.731896063932637E-5
2,718;995,3.729995014509829E-5
2,506;915,-3.728932511425076E-5
2,16;111,3.728386367016553E-5
2,665;733,3.72808452011759E-5
2,688;849,3.7266284543547895E-5
2,104;289,-3.724750741909699E-5
2,106;290,-3.7230910960551534E-5
2,325;451,-3.7225785155982836E-5
2,77;548,3.722558545810878E-5
2,48;768,3.72130960094978E-5
2,87;281,3.720781241167784E-5
2,397;899,-3.720605705151109E-5
2,111;891,-3.7204809291571994E-5
2,702;900,-3.718848108332671E-5
2,739;822,3.718278113340043E-5
2,645;837,3.718190016137987E-5
2,312;715,-3.718158256717314E-5
2,799;860,-3.716740089301779E-5
2,222;375,-3.716215931833375E-5
2,617;635,3.716093974259675E-5
2,408;957,-3.715325017804227E-5
2,769;776,-3.715025863442616E-5
2,728;838,-3.7141481097853954E-5
2,300;516,3.713045343903642E-5
2,740;992,3.712641272423694E-5
2,199;848,3.712261796828868E-5
2,124;930,3.710957447000249E-5
2,300;304,-3.709972243552567E-5
2,467;765,3.7085901354281125E-5
2,5;155,-3.7078527013154105E-5
2,704;949,-3.707244848523254E-5
2,243;315,-3.70656765020898E-5
2,453;577,3.706266681508486E-5
2,269;582,3.7061334101230124E-5
2,663;963,3.705482649256088E-5
2,440;467,-3.705260068873627E-5
2,419;855,-3.703054604273995E-5
2,42;386,-3.702819610028573E-5
2,447;922,3.702342682193706E-5
2,459;616,3.700886888048363E-5
2,278;923,-3.700549335377184E-5
2,73;558,3.7001018361410896E-5
2,404;846,-3.699308347956278E-5
2,655;791,3.698584315888292E-5
2,675;992,-3.698523288128743E-5
2,841;944,-3.698217774541404E-5
2,237;719,3.697875730601746E-5
2,436;860,3.697611253716468E-5
2,99;348,-3.696495516693603E-5
2,525;972,3.695539469897613E-5
2,620;856,3.695492243844932E-5
2,567;818,-3.695294283741274E-5
2,56;423,-3.6933235227733884E-5
2,208;717,3.6929662394773694E-5
2,538;908,3.692272627643502E-5
2,640;702,-3.6920801769135376E-5
2,465;510,3.6910698007946924E-5
2,714;891,3.69058540369026E-5
2,770;980,3.690566268789438E-5
2,772;924,3.6898986984833046E-5
2,76;825,3.687979349552051E-5
2,432;510,3.687340306420997E-5
2,562;695,-3.686883326143772E-5
2,83;351,3.6865118174727017E-5
2,488;940,3.686442620469574E-5
2,658;686,3.6839407711523306E-5
2,234;884,3.683508945744434E-5
2,694;695,3.682379059868973E-5
2,26;178,-3.682040770076975E-5
2,214;808,3.6818327759561915E-5
2,551;557,3.6813696057518875E-5
2,575;736,-3.68129217308473E-5
2,107;391,3.681231635061889E-5
2,796;937,3.6812276146013065E-5
2,406;616,3.6795701498367833E-5
2,97;626,3.677200074489306E-5
2,17;349,-3.674833799010867E-5
2,288;840,-3.674603722133042E-5
2,616;711,3.6741109969582566E-5
2,199;711,3.671557205327576E-5
2,264;553,-3.6707547291668764E-5
2,108;696,-3.670587293734991E-5
2,562;563,-3.668870848575873E-5
2,224;239,3.6684433231169875E-5
2,955;966,3.668340675990037E-5
2,11;327,3.668179117982086E-5
2,246;947,-3.6677920085806096E-5
2,21;650,-3.667478603122865E-5
2,412;532,3.667359977849208E-5
2,446;978,3.6653017253462625E-5
2,230;808,3.664153234630272E-5
2,31;415,3.6639930491663E-5
2,396;772,3.663984015373493E-5
2,348;893,-3.6629939553053954E-5
2,857;972,-3.662269909277212E-5
2,695;721,3.661240647342098E-5
2,284;720,-3.659643874112138E-5
2,356;862,3.659643569485548E-5
2,434;810,3.65948748578139E-5
2,347;992,3.6593577588228005E-5
2,594;921,3.658354359174676E-5
2,500;674,-3.657367391265115E-5
2,712;808,3.657093182541132E-5
2,56;368,3.656069767143092E-5
2,303;646,-3.654569861036357E-5
2,171;934,3.654472472968591E-5
2,43;387,-3.6540468271853076E-5
2,103;148,3.6536957203280455E-5
2,116;298,-3.651615007929815E-5
2,8;715,3.6508375626947566E-5
2,576;812,-3.65037057750552E-5
2,524;776,3.650315023886977E-5
2,524;628,3.649671687741856E-5
2,189;930,-3.648757963736859E-5
2,366;849,3.6485160420949535E-5
2,662;740,3.64824729852094E-5
2,240;376,-3.648226733737273E-5
2,215;954,3.647719831566488E-5
2,20;78,3.64731951847101E-5
2,26;942,-3.647187693827085E-5
2,727;775,3.6468826911602916E-5
2,352;994,-3.6451526857693764E-5
2,354;892,3.643926881534426E-5
2,149;231,3.64274528421365E-5
2,508;943,-3.642378756724953E-5
2,189;293,-3.641311741579553E-5
2,255;507,3.640443401078716E-5
2,639;973,-3.639680670296304E-5
2,633;697,-3.6394497981115936E-5
2,182;924,3.638998773477702E-5
2,1;503,3.638437649448674E-5
2,158;855,3.637869967660444E-5
2,324;758,3.637494605138725E-5
2,116;389,-3.6373956415803934E-5
2,231;770,-3.6366287291889094E-5
2,43;124,-3.636294669150955E-5
2,362;616,3.636269455437921E-5
2,655;808,-3.635983733034522E-5
2,749;983,3.635610734960382E-5
2,80;972,-3.635452224132596E-5
2,54;876,3.633876914560831E-5
2,879;885,3.632703395915109E-5
2,548;985,-3.630838021320756E-5
2,31;205,3.6301791031618E-5
2,157;358,3.629860435598821E-5
2,151;999,-3.6298089862988894E-5
2,357;436,3.62839965234138E-5
2,434;569,3.628033997381351E-5
2,766;794,3.625957275319267E-5
2,117;417,3.625849648060899E-5
2,603;666,3.625020970282702E-5
2,11;250,-3.6241270582328205E-5
2,447;970,-3.622140339660515E-5
2,616;971,-3.621321827608175E-5
2,405;822,-3.620963091807836E-5
2,367;997,3.6198313894852915E-5
2,218;818,3.618052595884859E-5
2,317;432,3.616066516007055E-5
2,466;696,-3.615833665109464E-5
2,229;815,-3.6157758135301506E-5
2,269;651,-3.614003679464467E-5
2,223;313,-3.613070843650819E-5
2,97;746,-3.611648274718199E-5
2,204;426,-3.6105714761677505E-5
2,785;838,-3.6093912996881014E-5
2,335;579,-3.6092942929261255E-5
2,416;499,3.609148179995329E-5
2,649;830,-3.608341549413721E-5
2,762;802,3.607968293649838E-5
2,876;945,-3.605824404196413E-5
2,254;428,-3.605416650967523E-5
2,412;791,3.604907692965976E-5
2,273;330,3.603550813939004E-5
2,275;804,3.602768469229749E-5
2,109;848,3.602657067869124E-5
2,195;281,3.6002780797779E-5
2,498;725,-3.598972091422425E-5
2,177;346,3.598941267396282E-5
2,244;505,-3.598835994112178E-5
2,74;385,3.597275311077266E-5
2,846;857,-3.597081495015181E-5
2,454;577,3.597054636319233E-5
2,258;633,-3.5951327670208826E-5
2,385;512,-3.5939415931150744E-5
2,445;854,3.5928620050497904E-5
2,201;953,3.592479077245176E-5
2,3;136,3.592340818062499E-5
2,880;935,-3.5921780130034896E-5
2,572;802,3.590500419649791E-5
2,116;666,3.590346794716778E-5
2,359;691,3.589408779593355E-5
2,263;634,-3.5876893794228896E-5
2,157;763,3.585971378930966E-5
2,562;919,3.5842071830287954E-5
2,684;731,-3.583579277054178E-5
2,150;769,3.583385855297381E-5
2,355;879,3.5816857409236055E-5
2,277;524,-3.581662230860763E-5
2,542;650,-3.5804099072023356E-5
2,27;153,3.579813078331761E-5
2,80;851,3.579800215773708E-5
2,388;691,3.5789569576710475E-5
2,440;965,-3.5788171918281684E-5
2,390;856,-3.5775601612925285E-5
2,484;811,3.57738692833656E-5
2,163;838,3.57687216769461E-5
2,86;456,3.576553328342735E-5
2,150;861,-3.576044443515977E-5
2,69;574,-3.575947167489432E-5
2,157;881,3.5754538178099426E-5
2,249;787,-3.5753258988689586E-5
2,618;964,-3.5743468806973154E-5
2,42;376,-3.574054548838748E-5
2,489;802,-3.573645749525791E-5
2,715;770,-3.5698561475881396E-5
2,487;491,-3.569707555102225E-5
2,43;470,-3.568890564308829E-5
2,13;503,3.567802292592368E-5
2,488;947,3.567667440402587E-5
2,387;730,3.5674790873104295E-5
2,367;689,-3.5670294707759406E-5
2,421;423,-3.566863628746265E-5
2,165;966,-3.566376256389393E-5
2,283;336,3.5640431195661646E-5
2,136;577,-3.563064038469188E-5
2,325;424,3.5612619678592365E-5
2,424;694,3.559167141419397E-5
2,634;751,-3.5556006496703095E-5
2,255;485,3.5549862398168416E-5
2,238;324,3.5547379033286945E-5
2,191;235,3.5538511958125644E-5
2,289;692,-3.553689105515574E-5
2,291;574,3.553542356918076E-5
2,825;871,3.552763575869135E-5
2,165;809,3.550590665890586E-5
2,608;721,3.549477900279076E-5
2,213;265,3.547824385978762E-5
2,733;966,-3.547398450909787E-5
2,298;729,3.5471725230444335E-5
2,96;295,-3.546385490569708E-5
2,576;684,3.5457481579843E-5
2,221;529,-3.545223079827011E-5
2,348;486,-3.545132150716261E-5
2,375;756,-3.54377608052445E-5
2,905;907,3.543431250692758E-5
2,312;801,-3.543025421937659E-5
2,690;763,3.542546819950398E-5
2,831;875,3.5422559092848414E-5
2,155;690,-3.542216764625207E-5
2,680;739,-3.540449350976206E-5
2,45;620,3.5398986105327754E-5
2,729;906,-3.5375383625506754E-5
2,519;993,3.53727550983359E-5
2,911;913,-3.536468315300045E-5
2,369;464,3.535986692222138E-5
2,24;723,-3.535952280280076E-5
2,404;892,3.534589415392374E-5
2,298;850,3.5345614509405446E-5
2,58;739,3.5337313426718326E-5
2,124;831,3.533058845396402E-5
2,419;582,3.532439564059239E-5
2,260;592,-3.532387671944364E-5
2,276;849,3.5319411744917484E-5
2,34;535,3.531454273381745E-5
2,127;841,-3.5309827090612474E-5
2,470;903,-3.526374734124038E-5
2,372;777,-3.5261957471105954E-5
2,119;609,-3.5254001834536603E-5
2,315;341,-3.524660304954747E-5
2,510;679,3.524304227970505E-5
2,316;689,-3.523863200256262E-5
2,352;522,3.522366577719488E-5
2,8;49,3.5223047583553435E-5
2,246;739,-3.522156696247981E-5
2,245;947,-3.522131825685124E-5
2,485;910,3.521468946548727E-5
2,336;710,3.519090490660887E-5
2,663;992,3.5171257520461545E-5
2,53;515,3.5126421082368994E-5
2,189;838,3.512270366374685E-5
2,730;824,-3.511675928047964E-5
2,159;230,3.509777540114006E-5
2,420;881,3.509251758020907E-5
2,249;882,-3.5090401235587484E-5
2,489;604,3.508879491845667E-5
2,708;952,3.508549002811366E-5
2,203;612,-3.507263102926247E-5
2,211;966,3.5068868650131646E-5
2,312;941,3.5066164306087005E-5
2,159;327,3.506593875004238E-5
2,180;814,-3.5049602812059034E-5
2,134;784,-3.504330035155419E-5
2,220;500,3.503532176211899E-5
2,371;653,3.503315918160261E-5
2,316;343,3.5009165397300344E-5
2,301;664,3.498257491870362E-5
2,41;324,-3.495929115750186E-5
2,98;956,-3.4939782153291325E-5
2,469;832,3.4933995170725644E-5
2,726;945,3.493331038468069E-5
2,194;824,-3.493020783905541E-5
2,286;753,-3.49201120422327E-5
2,194;305,3.4913795684038605E-5
2,262;656,-3.491203630158336E-5
2,899;992,3.4911204503526016E-5
2,962;975,3.491075760574326E-5
2,307;828,-3.491060574736314E-5
2,323;580,-3.490788950478707E-5
2,135;332,-3.4888693126799156E-5
2,309;666,3.4880442440096704E-5
2,287;718,3.487573724600598E-5
2,677;713,3.486857195261313E-5
2,624;947,-3.486128157460361E-5
2,443;776,3.485771203401161E-5
2,270;971,3.485021174724049E-5
2,196;802,3.484818042769472E-5
2,225;723,-3.483803645478641E-5
2,629;804,-3.481894534329283E-5
2,508;676,3.4816019725050864E-5
2,32;638,-3.4812272219936444E-5
2,392;660,3.480625369020976E-5
2,405;992,3.478967890211193E-5
2,497;712,3.478882017275974E-5
2,802;891,3.478614583734702E-5
2,89;109,3.477594511758328E-5
2,892;947,3.476493851171514E-5
2,455;870,3.4760366548454796E-5
2,622;886,-3.4743309976421724E-5
2,408;558,3.474142491155541E-5
2,215;971,-3.473885081647491E-5
2,79;538,3.472723768959116E-5
2,272;786,-3.4717809109787694E-5
2,38;672,3.470897136168071E-5
2,54;844,3.469289337885402E-5
2,766;870,-3.469202543816161E-5
2,54;536,-3.468450391805029E-5
2,57;937,-3.46839299347545E-5
2,51;647,3.4682136685244155E-5
2,191;262,-3.4674470210376976E-5
2,83;809,3.4672542617120354E-5
2,722;758,-3.467081177541871E-5
2,86;225,3.467033184242799E-5
2,105;218,3.4669927760858037E-5
2,659;853,3.4656001488989706E-5
2,494;685,-3.4651267104169035E-5
2,666;744,3.4641076536185134E-5
2,466;576,-3.46384113145739E-5
2,136;267,3.4620424979629054E-5
2,276;876,3.4619266371287375E-5
2,40;529,-3.4613731567659636E-5
2,53;117,3.461346626551627E-5
2,272;468,-3.46124488625508E-5
2,403;616,-3.4609316727356636E-5
2,34;318,3.460753312975537E-5
2,125;655,-3.459943334493644E-5
2,36;645,-3.4591767938319734E-5
2,408;926,3.4588435947852357E-5
2,24;171,-3.458579780174605E-5
2,448;541,3.45848920177895E-5
2,589;874,-3.45739004057624E-5
2,482;680,-3.4570351271087815E-5
2,649;797,-3.456177221911311E-5
2,15;291,-3.455007348024376E-5
2,356;387,-3.454839424768847E-5
2,63;417,3.454253710397791E-5
2,191;909,3.4534948068641244E-5
2,18;690,3.4529378010830226E-5
2,40;318,-3.4508022565642316E-5
2,888;902,3.448577827750314E-5
2,35;198,-3.4481774700410095E-5
2,2;283,-3.446615879482962E-5
2,372;592,-3.4453829550121036E-5
2,602;981,-3.444374105262786E-5
2,218;785,-3.443359407177245E-5
2,220;745,-3.443098435669788E-5
2,155;324,3.442006031119159E-5
2,102;885,3.440944369343588E-5
2,716;807,-3.439015315468233E-5
2,77;593,-3.4389951610082474E-5
2,658;958,3.438934941104916E-5
2,357;808,-3.436373643673764E-5
2,470;943,-3.436061000122525E-5
2,898;971,3.435201714128189E-5
2,176;628,-3.434545021687902E-5
2,696;953,3.4344130590958744E-5
2,105;158,3.4329704935246206E-5
2,676;920,-3.432845232579983E-5
2,428;468,-3.432247756376516E-5
2,172;556,3.431685677915253E-5
2,470;532,-3.429866765088886E-5
2,468;689,-3.4291092795678254E-5
2,230;293,-3.428608588509134E-5
2,171;299,3.428560433608958E-5
2,708;994,3.4265338893865246E-5
2,172;639,-3.4261747250422255E-5
2,435;996,-3.424390451485304E-5
2,331;428,-3.4234026863017715E-5
2,604;695,3.4226535030470646E-5
2,264;765,3.422213033853768E-5
2,632;889,3.4212514428117634E-5
2,122;873,-3.420844730071856E-5
2,423;909,-3.4191037321230835E-5
2,40;956,3.418971820129649E-5
2,482;967,3.417964079366757E-5
2,270;438,-3.4174632836925083E-5
2,216;847,3.417357738762647E-5
2,757;918,-3.416668833786858E-5
2,144;653,3.416117555804593E-5
2,114;508,-3.41593705052609E-5
2,173;280,3.415821766201087E-5
2,171;933,-3.4148229075734245E-5
2,578;607,-3.4145734329206315E-5
2,53;458,-3.414002344821003E-5
2,215;255,3.413328802006665E-5
2,535;540,3.412644690440009E-5
2,530;741,-3.4086308637755305E-5
2,199;327,-3.406987568018063E-5
2,17;271,3.406216991951774E-5
2,545;673,3.404761087881019E-5
2,729;747,3.4038920297045745E-5
2,524;558,-3.400376285845509E-5
2,150;985,3.400149619776787E-5
2,40;466,-3.400073712844326E-5
2,98;593,3.39790760476334E-5
2,317;630,3.397711978291819E-5
2,416;902,-3.396570346118549E-5
2,473;498,3.3953710524626147E-5
2,140;752,3.394451833225316E-5
2,576;884,3.393922421840913E-5
2,160;450,3.393698970421405E-5
2,378;670,-3.393400836501211E-5
2,542;662,3.393253418775685E-5
2,217;308,-3.392994667261636E-5
2,90;923,3.392695439277643E-5
2,257;504,3.3895263279361365E-5
2,226;658,3.3893584959659E-5
2,19;404,3.3865996389907094E-5
2,85;511,3.3865324317074114E-5
2,180;929,-3.3847978512776336E-5
2,277;802,-3.384725237575158E-5
2,114;143,-3.383422923644121E-5
2,392;773,-3.383411767930904E-5
2,52;636,3.383351781880112E-5
2,620;906,-3.383246545019035E-5
2,113;665,3.382941036402595E-5
2,188;695,3.382744789516191E-5
2,203;667,-3.3816732404593E-5
2,142;419,-3.3805235877901574E-5
2,570;611,3.379709949767079E-5
2,629;994,3.378827343590332E-5
2,373;990,3.3786558070389134E-5
2,58;971,-3.3782945365093895E-5
2,54;962,3.377609610964814E-5
2,466;812,3.3761364226429186E-5
2,558;687,3.3760470575753754E-5
2,352;925,-3.372945150790818E-5
2,85;640,3.3720017954704905E-5
2,227;672,3.371954912425606E-5
2,351;497,3.371858712083808E-5
2,489;597,3.371675000169326E-5
2,363;819,3.3714920892282355E-5
2,522;675,-3.3712373990930576E-5
2,286;409,3.3709779433080874E-5
2,279;820,-3.3708149892231544E-5
2,698;971,-3.370078392415179E-5
2,241;933,-3.369971814188213E-5
2,400;861,-3.369872742623279E-5
2,443;685,3.3694201920684694E-5
2,502;735,-3.369331183626495E-5
2,55;356,3.3691591899181516E-5
2,103;428,3.367082178606747E-5
2,53;369,3.364955286333583E-5
2,41;504,-3.3640372412256045E-5
2,763;909,-3.3637692336944634E-5
2,11;391,3.362590263106455E-5
2,65;264,3.362438040265945E-5
2,313;424,3.362327550815259E-5
2,147;187,-3.3614718979254293E-5
2,336;616,-3.361414288293912E-5
2,114;859,3.36043329687531E-5
2,70;700,-3.360327164840262E-5
2,314;694,-3.357904803508132E-5
2,189;539,3.3574062252552764E-5
2,506;869,3.357222253402875E-5
2,769;793,3.357208691597426E-5
2,116;631,-3.3570969642289176E-5
2,108;568,3.356294864765211E-5
2,410;564,3.3558420371888096E-5
2,292;461,-3.355795624842764E-5
2,36;633,3.355573377728448E-5
2,114;821,-3.353510464588976E-5
2,51;565,-3.349774317301103E-5
2,128;592,3.3497613238716E-5
2,479;506,3.349385509868086E-5
2,85;313,3.3486707144382056E-5
2,661;697,3.348374494906739E-5
2,167;564,3.348076651324757E-5
2,941;996,3.3476456337454555E-5
2,447;804,-3.344910700593534E-5
2,418;717,3.344295430362554E-5
2,125;689,3.344026693301791E-5
2,518;983,-3.3421387111940916E-5
2,424;974,-3.341454475719272E-5
2,7;273,3.3394677989979526E-5
2,251;525,-3.337816531832196E-5
2,272;847,-3.3376805845832846E-5
2,363;878,-3.336834680917326E-5
2,312;669,-3.336373533081618E-5
2,199;443,3.335487145745477E-5
2,701;791,3.3354179067945204E-5
2,357;992,-3.334615440252036E-5
2,403;440,3.333949417318066E-5
2,69;179,3.3329316192814884E-5
2,353;933,-3.3326290523193914E-5
2,400;836,3.33259725120478E-5
2,93;483,3.332366603931168E-5
2,407;653,3.3321721449745554E-5
2,410;698,3.33211617672283E-5
2,93;133,-3.3317771128710135E-5
2,501;966,-3.3317527700000186E-5
2,317;634,-3.330350617576211E-5
2,762;991,3.3297642372024954E-5
2,397;410,-3.3293787341966914E-5
2,516;905,3.3288508656822626E-5
2,107;776,-3.328101108294294E-5
2,272;636,3.3253268899677734E-5
2,90;257,-3.3248107730121804E-5
2,59;751,3.3244811575637954E-5
2,323;619,3.323125950704308E-5
2,584;587,-3.3226825837189984E-5
2,334;488,3.322455784463575E-5
2,290;588,3.321769473672827E-5
2,552;731,3.321607181627317E-5
2,89;810,3.3214106591622496E-5
2,168;526,3.321309327577342E-5
2,653;701,3.3212782980535496E-5
2,241;305,3.320718197302366E-5
2,170;582,-3.320372107261635E-5
2,655;908,3.3202932034958684E-5
2,55;854,-3.3165089266412396E-5
2,254;784,-3.31527385731298E-5
2,717;731,3.3145040827284575E-5
2,26;116,-3.31420860545107E-5
2,52;646,-3.313574508144083E-5
2,208;274,3.313255793121951E-5
2,635;739,-3.30993735257332E-5
2,439;797,3.3097677177085624E-5
2,97;779,3.309212521847193E-5
2,341;457,-3.3086747178649486E-5
2,306;561,3.308654679190418E-5
2,402;687,-3.3082292704218325E-5
2,583;978,-3.305616437111692E-5
2,434;616,3.305612264279971E-5
2,317;888,-3.3052021170390136E-5
2,124;694,-3.3047712663933994E-5
2,819;868,3.3037110825203665E-5
2,151;856,3.30340621545597E-5
2,43;764,3.303327621620182E-5
2,365;781,-3.301200056950687E-5
2,49;633,3.3006681622265516E-5
2,755;983,3.300546863914941E-5
2,697;828,3.3002780412450226E-5
2,27;69,3.3001306021600785E-5
2,33;612,3.2997406786793584E-5
2,39;211,-3.298991830022484E-5
2,362;717,-3.297764234863562E-5
2,674;793,-3.296601748103355E-5
2,162;388,3.296494773456729E-5
2,179;759,3.296272043727044E-5
2,911;912,3.2962203283489855E-5
2,527;574,3.295351382790812E-5
2,731;801,3.294889837391394E-5
2,800;918,3.293870202456417E-5
2,466;647,3.293565515927814E-5
2,129;964,-3.293444725889423E-5
2,517;988,-3.2921055063061646E-5
2,62;748,-3.291753092989845E-5
2,775;840,-3.289998957843086E-5
2,147;536,-3.289076243363172E-5
2,324;710,-3.2885909041845875E-5
2,624;891,3.288441828196609E-5
2,6;381,3.288172098379171E-5
2,147;290,-3.287722200585147E-5
2,303;419,-3.2869648828284136E-5
2,887;920,3.286365191782917E-5
2,538;788,3.284885617718162E-5
2,338;965,-3.2843898197380944E-5
2,525;555,3.2840283282086744E-5
2,600;924,-3.283377604295407E-5
2,342;650,-3.282601172884073E-5
2,279;476,3.280313401230647E-5
2,461;916,3.279476845619113E-5
2,236;387,3.2783751352371956E-5
2,279;666,3.2782327716075934E-5
2,116;744,3.2766832706467146E-5
2,587;825,3.2747550730331934E-5
2,146;255,3.2722250051279544E-5
2,377;724,-3.271264564017693E-5
2,846;932,3.270702811164707E-5
2,440;597,3.2706142104276834E-5
2,462;543,3.26904410347269E-5
2,487;961,-3.26862654799631E-5
2,875;924,-3.2683651420115676E-5
2,396;781,-3.268276589239331E-5
2,762;872,3.2681848222085805E-5
2,636;972,-3.2674281174896415E-5
2,326;840,-3.2660459919860716E-5
2,469;482,-3.265039168818289E-5
2,191;657,3.262946149653305E-5
2,280;341,3.2617353602645004E-5
2,616;659,3.261170712774054E-5
2,482;541,3.261103028768923E-5
2,594;926,3.2604777499178925E-5
2,357;671,3.2602921663296725E-5
2,28;528,3.258830093170385E-5
2,496;848,-3.25846050974428E-5
2,30;494,3.2583562665106425E-5
2,393;485,-3.2581185700840954E-5
2,8;705,-3.2577772994442764E-5
2,464;985,3.254327327616426E-5
2,650;813,3.2530522591434186E-5
2,54;350,-3.251444877404848E-5
2,192;420,3.250980625647685E-5
2,439;815,3.24987800386708E-5
2,31;677,3.249744367367212E-5
2,843;972,3.2494962962807094E-5
2,590;650,3.2493632179381254E-5
2,509;742,3.248387168012379E-5
2,180;957,3.24756799891508E-5
2,306;741,-3.247447380446624E-5
2,909;967,-3.245972693575154E-5
2,373;764,3.245264295379038E-5
2,68;926,-3.2452577879102176E-5
2,414;521,-3.24522119947126E-5
2,480;775,-3.245019630687686E-5
2,699;996,3.244952520877484E-5
2,151;187,-3.2439638994329596E-5
2,420;458,-3.243493517624418E-5
2,227;844,-3.243412142319206E-5
2,52;518,3.243212715069105E-5
2,180;995,-3.242740220249111E-5
2,601;852,3.242549946326534E-5
2,277;558,-3.2425397598141296E-5
2,540;548,3.2425222038584413E-5
2,548;740,-3.242183099139193E-5
2,116;787,-3.241364788178992E-5
2,437;536,-3.239246284799097E-5
2,69;292,-3.23870431593226E-5
2,247;720,3.237901538093027E-5
2,221;627,-3.236337056315302E-5
2,16;404,-3.2353486157057353E-5
2,198;834,-3.233721523345748E-5
2,399;795,3.232003304687604E-5
2,121;346,3.2319209054142636E-5
2,233;262,-3.231821196011492E-5
2,25;307,3.230749840208418E-5
2,178;887,-3.230680183293551E-5
2,187;992,-3.2303184773103805E-5
2,146;809,-3.2300221968127695E-5
2,647;712,-3.229291819183842E-5
2,708;896,3.228675569491522E-5
2,582;664,3.22852112257112E-5
2,252;820,3.2278503621971185E-5
2,41;505,3.227167251750813E-5
2,191;684,3.226346515453341E-5
2,593;815,3.22452931127852E-5
2,191;393,3.224489432188939E-5
2,382;440,-3.2230255482654626E-5
2,321;540,-3.222708706792196E-5
2,140;506,3.222504499211915E-5
2,302;816,3.222263004514135E-5
2,128;516,3.2203253834459504E-5
2,151;357,3.2201567923448475E-5
2,1;394,-3.219653948799169E-5
2,521;563,-3.219356381028918E-5
2,264;653,3.219244259288466E-5
2,687;902,-3.2181398267394916E-5
2,433;773,3.216435080064693E-5
2,255;516,3.2151211053206966E-5
2,849;903,3.21503461712426E-5
2,637;660,3.214571644763022E-5
2,17;748,-3.214432616904549E-5
2,54;469,3.213456923587142E-5
2,642;888,-3.2133268943386305E-5
2,225;314,-3.21285602873764E-5
2,486;693,3.211011197216208E-5
2,567;570,3.2105952995084355E-5
2,234;555,3.210311509361698E-5
2,329;633,-3.2094141016165814E-5
2,269;426,-3.2084980203661016E-5
2,179;644,3.2069294797067624E-5
2,136;791,-3.2066914254072846E-5
2,751;988,-3.206119031544927E-5
2,76;495,3.204835354707164E-5
2,330;649,3.204146666784596E-5
2,700;767,3.204082988438857E-5
2,199;376,-3.20358610392671E-5
2,497;655,3.202886792285954E-5
2,48;715,3.199723563736867E-5
2,503;558,3.199640438711628E-5
2,267;474,-3.1994417857343086E-5
2,4;873,3.19859969456199E-5
2,23;419,3.197794981485142E-5
2,12;143,-3.193949141427703E-5
2,314;680,-3.19356547368798E-5
2,430;892,-3.19240841949839E-5
2,323;612,3.191559586150923E-5
2,12;88,3.1908462316444954E-5
2,195;274,3.190274181329896E-5
2,505;865,-3.1892856235349115E-5
2,535;629,3.188918802810254E-5
2,457;865,3.188915597677382E-5
2,234;298,3.188325297133595E-5
2,470;552,-3.187762384198708E-5
2,346;893,3.186548131214255E-5
2,12;361,3.18534207657807E-5
2,589;889,3.183591896432475E-5
2,600;669,3.1824208756684626E-5
2,25;316,3.182193619364161E-5
2,593;762,-3.182011203229807E-5
2,376;692,3.181323106251904E-5
2,279;899,-3.180362268234605E-5
2,197;962,3.179427082751883E-5
2,454;532,3.178757358874189E-5
2,353;482,3.177390078700164E-5
2,96;631,-3.175073167326738E-5
2,417;893,3.174853394618738E-5
2,140;725,-3.174291963134768E-5
2,317;604,-3.1739607982652344E-5
2,199;566,3.17080219236331E-5
2,486;594,-3.170028971969173E-5
2,404;938,-3.1689921634029024E-5
2,656;951,3.168010112016614E-5
2,97;179,3.166912392766602E-5
2,208;906,-3.166190490815607E-5
2,100;424,-3.1637496596508925E-5
2,375;509,3.161313180396705E-5
2,65;906,-3.1612301108982944E-5
2,161;173,3.1605936746388005E-5
2,73;354,3.160462941895734E-5
2,726;876,-3.1598600508533705E-5
2,913;971,3.1595564269348747E-5
2,79;525,-3.159507868089357E-5
2,77;459,3.159216251296576E-5
2,632;820,3.159127045449209E-5
2,238;709,3.155139545295959E-5
2,299;762,3.155083472014707E-5
2,83;581,-3.154784497481068E-5
2,405;511,3.153906212732324E-5
2,4;122,3.1535015079420265E-5
2,284;709,-3.153460008981083E-5
2,16;205,-3.152850300888503E-5
2,769;789,-3.1525199423116815E-5
2,1;463,3.151583531197251E-5
2,32;87,3.150398706935874E-5
2,381;945,3.150293006303174E-5
2,630;700,3.149242779657701E-5
2,100;827,3.148808429657682E-5
2,639;989,3.1486994617806115E-5
2,54;917,-3.147478670527566E-5
2,225;852,-3.146533136049674E-5
2,367;830,3.146457526347578E-5
2,218;254,-3.146123289146501E-5
2,353;872,-3.1453450239210435E-5
2,416;800,3.14519905113593E-5
2,310;741,-3.1451807094797856E-5
2,426;824,3.145115777494431E-5
2,316;631,-3.1441476085216524E-5
2,528;676,-3.143824463689461E-5
2,523;949,-3.143101702946262E-5
2,392;504,-3.140711869927742E-5
2,692;708,3.138901770269736E-5
2,653;712,3.138441385729137E-5
2,24;299,-3.1381724207290474E-5
2,719;900,-3.1377291248860574E-5
2,132;357,-3.1376981475612804E-5
2,11;229,3.137357907196641E-5
2,151;720,-3.136566814079838E-5
2,779;794,3.1353268660009945E-5
2,523;821,3.1337617523116994E-5
2,381;484,3.133510509992334E-5
2,553;559,-3.133496609106219E-5
2,586;872,3.1322332607469706E-5
2,123;718,3.132188303792649E-5
2,275;366,3.131587592099528E-5
2,71;461,-3.1309993182311276E-5
2,248;777,3.1298712717773766E-5
2,522;735,-3.129767114307485E-5
2,118;938,3.125758560114777E-5
2,246;410,-3.125032689907664E-5
2,85;194,3.1245805466794814E-5
2,175;488,3.124316644651799E-5
2,305;445,3.122868540654787E-5
2,231;427,3.1221251931526345E-5
2,557;752,3.121140456604099E-5
2,158;762,-3.1197803612404404E-5
2,455;855,3.119444690970496E-5
2,171;426,-3.1184684129554044E-5
2,334;631,3.117307127013936E-5
2,618;915,-3.117212813812519E-5
2,79;993,-3.1164518419755E-5
2,307;484,-3.11598430250111E-5
2,341;751,3.1142987636346506E-5
2,32;664,3.1142801746412364E-5
2,74;884,-3.11401063363862E-5
2,308;486,-3.113263401031997E-5
2,125;358,-3.1131602285094747E-5
2,234;680,3.1123417288021195E-5
2,43;360,3.1112291542857885E-5
2,260;465,-3.11048431075552E-5
2,749;762,-3.110325661438065E-5
2,25;603,3.109573688922412E-5
2,466;472,-3.1094897770847265E-5
2,355;729,-3.10889409604073E-5
2,751;940,-3.108868544426596E-5
2,114;463,-3.1082446360374855E-5
2,679;888,-3.105686265770276E-5
2,388;882,3.105417868771398E-5
2,169;199,-3.103462183133615E-5
2,217;361,-3.102248374405588E-5
2,279;497,-3.101315723602632E-5
2,38;994,-3.101112153440769E-5
2,109;906,-3.100621954879641E-5
2,920;933,3.100456428721887E-5
2,18;719,3.098337286514568E-5
2,228;817,3.098240221717691E-5
2,13;787,-3.098047003328505E-5
2,507;802,-3.0969093858152486E-5
2,568;744,3.0955450956707304E-5
2,548;622,-3.0944978010795085E-5
2,194;721,3.0928289452341625E-5
2,211;823,-3.0915817745790236E-5
2,297;323,-3.090370654079694E-5
2,468;548,-3.0885004278499314E-5
2,337;905,-3.087940929514212E-5
2,44;893,3.087310835602222E-5
2,465;716,3.0866779494812304E-5
2,588;833,3.086433721288992E-5
2,71;703,3.084977311795079E-5
2,309;323,-3.084676317709422E-5
2,855;998,-3.083091439275433E-5
2,581;797,-3.082842956266727E-5
2,349;682,-3.0811914441555355E-5
2,99;761,-3.0800010302536415E-5
2,604;812,-3.079693593139141E-5
2,804;950,3.07923094701049E-5
2,706;782,3.078301364462772E-5
2,571;723,-3.0781254348891316E-5
2,757;843,-3.078115223444478E-5
2,202;920,-3.077622138394453E-5
2,228;251,-3.0774703335330576E-5
2,314;692,-3.0768658170133494E-5
2,902;929,-3.0764030487158776E-5
2,563;995,-3.075608512167521E-5
2,355;800,-3.075306722058122E-5
2,252;880,3.0750958785848596E-5
2,578;681,3.074449250945377E-5
2,306;980,3.0735731339574054E-5
2,219;443,3.073344424710695E-5
2,626;697,3.073020205456485E-5
2,656;786,3.072639868351169E-5
2,585;983,-3.072333206710218E-5
2,8;161,-3.0718889057664104E-5
2,629;842,3.0704397397620605E-5
2,145;725,-3.0704070962310067E-5
2,240;692,3.0695732875272334E-5
2,12;788,-3.069518657377359E-5
2,95;330,-3.0688737450978065E-5
2,451;545,-3.068522590023436E-5
2,32;856,3.067349967384773E-5
2,40;55,3.065893365057051E-5
2,552;827,-3.065607019788442E-5
2,853;972,3.065425124405645E-5
2,542;554,3.0653885962212976E-5
2,577;849,3.065334373391719E-5
2,305;680,-3.064937444093652E-5
2,272;956,3.064113562253775E-5
2,276;543,3.06333825325167E-5
2,364;770,3.0626171662826716E-5
2,65;477,-3.062599568212481E-5
2,396;462,3.06210742230853E-5
2,70;709,3.062068245008496E-5
2,35;491,-3.0613428526005736E-5
2,588;714,-3.060975306731649E-5
2,92;727,-3.060246471560752E-5
2,546;868,-3.05994737330488E-5
2,693;995,3.058182668478437E-5
2,115;118,-3.0577767826670865E-5
2,363;847,-3.056987901664821E-5
2,46;998,3.056759756066148E-5
2,115;522,-3.055789251572281E-5
2,439;582,3.054836842416615E-5
2,97;929,3.0546549775271086E-5
2,214;764,3.0532955662829076E-5
2,10;383,3.052840638926194E-5
2,272;782,-3.052603174567858E-5
2,372;805,3.052558527465798E-5
2,558;665,3.0506070171305912E-5
2,34;69,3.0502754985514885E-5
2,70;216,-3.0499326972475968E-5
2,308;794,-3.049778665004473E-5
2,820;980,-3.048098678382468E-5
2,556;570,-3.0474597413071442E-5
2,63;284,3.0467994191798302E-5
2,328;754,-3.0456117621516593E-5
2,594;615,3.0445315866193784E-5
2,235;931,3.044386503117867E-5
2,388;747,3.0437494390688097E-5
2,229;830,3.0428422602087623E-5
2,90;310,3.040159896600612E-5
2,521;537,3.0393296397350272E-5
2,337;567,-3.039304352062513E-5
2,395;445,-3.038769964068924E-5
2,165;900,-3.0385343737238652E-5
2,340;457,-3.035020786177327E-5
2,220;375,-3.033751052602556E-5
2,499;768,-3.032908894156758E-5
2,567;926,-3.0324620814790864E-5
2,43;950,-3.032323929097045E-5
2,319;567,-3.0318117378315912E-5
2,103;308,-3.030915759805818E-5
2,264;633,-3.0273573260390495E-5
2,88;897,3.026416867249139E-5
2,70;577,3.026054684467857E-5
2,421;914,-3.025775250215826E-5
2,339;629,3.0257412645686997E-5
2,104;159,-3.0256543421620938E-5
2,323;944,3.025382929118485E-5
2,16;144,-3.0251853045285314E-5
2,26;658,3.024768904253246E-5
2,435;507,3.024753464414691E-5
2,305;547,3.023845053604785E-5
2,744;997,3.023502013256889E-5
2,194;599,3.0224071187149102E-5
2,328;763,3.021214088934044E-5
2,812;927,-3.020413780036389E-5
2,48;629,3.0203033884894072E-5
2,76;157,3.018919907813076E-5
2,71;747,3.017472754936281E-5
2,41;303,3.01639881639654E-5
2,653;808,-3.0150251304170156E-5
2,288;676,3.0148905349239696E-5
2,34;296,3.0136147701551765E-5
2,468;739,3.0130877571299725E-5
2,495;813,3.011913285138998E-5
2,199;220,-3.01184880224534E-5
2,163;672,3.0108776347875533E-5
2,313;958,-3.010663455335562E-5
2,236;335,-3.0102433051110336E-5
2,242;745,-3.0084923171778973E-5
2,935;983,-3.004829200988946E-5
2,299;801,-3.004581352454613E-5
2,288;865,3.0045514800192626E-5
2,214;386,-3.0044729998361838E-5
2,91;155,-3.0039015840652322E-5
2,153;510,3.003625782912396E-5
2,669;710,3.003400682909429E-5
2,69;147,-3.003214112759648E-5
2,445;671,-3.002443301199172E-5
2,483;690,3.0024274277102613E-5
2,45;433,3.0022427206653514E-5
2,0;909,3.0022112515636258E-5
2,157;492,3.000354507161312E-5
2,448;963,-2.9979915102546456E-5
2,79;636,-2.995324269795958E-5
2,146;419,2.99526154726316E-5
2,502;921,2.9943776308821054E-5
2,560;597,-2.9929471962831058E-5
2,77;581,2.992916036937805E-5
2,12;778,-2.9912306086241088E-5
2,571;765,-2.9886631958952086E-5
2,234;525,2.988023662496939E-5
2,94;744,2.9871179198548262E-5
2,2;411,-2.9865397832917078E-5
2,71;400,-2.985418657799797E-5
2,229;827,2.9840266436596265E-5
2,245;849,-2.983907146219994E-5
2,206;549,2.983095298624175E-5
2,374;459,2.982281955684192E-5
2,267;338,2.9813995914005E-5
2,276;376,2.9811448227338346E-5
2,12;405,-2.9798609960985534E-5
2,106;301,2.979438063220599E-5
2,212;345,2.979041666466603E-5
2,641;744,2.978239192361228E-5
2,31;757,-2.9774387631124048E-5
2,390;808,-2.9762725049120546E-5
2,141;223,2.9743567159165623E-5
2,2;559,2.974094545658489E-5
2,90;806,-2.9735721539379672E-5
2,108;672,2.973482262708831E-5
2,654;847,2.9715761374283264E-5
2,747;906,2.971344950640301E-5
2,24;76,2.9711952968266928E-5
2,85;676,-2.9695676074935977E-5
2,11;107,2.968473707120885E-5
2,696;860,-2.966862413159374E-5
2,221;878,-2.966153865393484E-5
2,255;970,2.9654462286354573E-5
2,391;468,-2.964168257010277E-5
2,128;843,2.963661761470681E-5
2,73;882,-2.960819309192267E-5
2,84;95,-2.960639064092184E-5
2,202;775,-2.9603133533320226E-5
2,114;392,2.958919190624426E-5
2,295;322,2.958884315111034E-5
2,74;288,-2.9572680163200614E-5
2,148;706,-2.956832522669786E-5
2,21;900,-2.9567951962097994E-5
2,59;617,-2.955261022454971E-5
2,312;362,-2.9545802550583027E-5
2,565;984,-2.953418108618189E-5
2,369;502,2.9532167993049614E-5
2,705;932,-2.952535938917704E-5
2,247;588,2.9523429721333436E-5
2,195;366,-2.951630452682067E-5
2,59;615,-2.9512755690134314E-5
2,186;805,-2.9507243914060296E-5
2,344;365,2.9485014712004394E-5
2,738;907,-2.947136525412071E-5
2,25;151,-2.9451152218548208E-5
2,159;299,2.9448864658381E-5
2,489;935,-2.9442070392861493E-5
2,24;138,-2.9438088300987404E-5
2,711;981,2.9416027655777775E-5
2,373;827,-2.9413877421856638E-5
2,5;893,2.940519647614233E-5
2,98;839,-2.939832468003866E-5
2,297;666,-2.9394688641291255E-5
2,19;568,2.938610230072924E-5
2,81;609,-2.937474327927959E-5
2,581;690,-2.936979632065431E-5
2,338;429,2.9365979472169022E-5
2,56;618,-2.9354978467494308E-5
2,808;947,-2.9351285703495158E-5
2,116;729,-2.93503716205182E-5
2,719;747,2.9343281496330643E-5
2,505;689,-2.93430045301682E-5
2,666;799,-2.934282619827891E-5
2,467;560,2.9332399698542133E-5
2,144;207,2.9330782016161048E-5
2,460;557,2.932798104304321E-5
2,396;705,-2.932312259008825E-5
2,284;862,-2.932186894828488E-5
2,158;684,-2.9304967968921362E-5
2,174;951,-2.9290656684357658E-5
2,616;997,2.9284140462089242E-5
2,208;850,2.92649653659134E-5
2,418;727,2.926486486388856E-5
2,900;902,-2.925560925436857E-5
2,463;992,-2.925458190348287E-5
2,689;926,-2.9250863739505584E-5
2,785;958,-2.9250410177743604E-5
2,21;934,-2.9235531462253455E-5
2,319;847,2.923342438335093E-5
2,287;305,2.92318723169613E-5
2,266;524,-2.9225245408378825E-5
2,345;949,2.9222434378268166E-5
2,170;179,2.9205992605236743E-5
2,421;577,-2.919565386187225E-5
2,85;199,2.9185969191989677E-5
2,525;891,2.9179487605823048E-5
2,222;633,-2.9177168279802943E-5
2,882;983,-2.917031253731747E-5
2,116;404,-2.916800922377323E-5
2,133;626,2.9156229736799856E-5
2,204;625,2.915375497896522E-5
2,72;258,2.9148746961122295E-5
2,549;903,2.9119722674123052E-5
2,171;822,2.9117004724150252E-5
2,507;696,2.9115002114397506E-5
2,468;928,2.909930865482433E-5
2,95;931,-2.909754556026241E-5
2,477;852,2.9096917069021803E-5
2,639;977,-2.909516488111985E-5
2,289;447,-2.9094171377329496E-5
2,103;446,2.906971869341852E-5
2,410;735,2.904662306584917E-5
2,18;955,-2.90417806007477E-5
2,65;426,2.9019215562622268E-5
2,49;907,2.901785979165008E-5
2,87;270,2.9010948187281964E-5
2,12;580,-2.8978818859201284E-5
2,175;377,-2.8977971735388143E-5
2,472;654,-2.897601727490018E-5
2,776;869,2.8962547087807865E-5
2,801;839,-2.8959177336419832E-5
2,55;683,-2.8949930158488776E-5
2,392;811,-2.892280971338353E-5
2,358;604,2.8918372421131267E-5
2,207;505,2.8909834897883444E-5
2,146;380,2.8909568944897417E-5
2,65;473,2.890449972178138E-5
2,25;821,2.8884891196630778E-5
2,77;966,2.8883779650470033E-5
2,28;923,2.888017142951793E-5
2,476;780,-2.8866423412589188E-5
2,291;455,2.8855847271905902E-5
2,65;504,2.8840893675577407E-5
2,564;888,-2.883924518393502E-5
2,306;676,2.882502981163601E-5
2,20;871,-2.881925879913377E-5
2,267;600,-2.877668990149118E-5
2,10;23,2.8759962162408954E-5
2,425;696,2.874465820385731E-5
2,12;822,2.874460668648897E-5
2,21;267,2.8741538884159783E-5
2,12;992,-2.873409685788856E-5
2,384;438,2.8733881153044733E-5
2,332;499,2.8733451622290672E-5
2,614;929,-2.871194115225704E-5
2,504;690,-2.8703056626181943E-5
2,585;661,-2.8699761533884954E-5
2,88;805,2.869756327462162E-5
2,471;624,2.8697395905327564E-5
2,430;498,-2.8671935344757807E-5
2,375;706,-2.866233229404868E-5
2,481;676,-2.864916833245989E-5
2,213;291,-2.8631816266017747E-5
2,67;457,-2.8622230830796082E-5
2,353;697,2.861525586914301E-5
2,75;115,2.861128937979868E-5
2,548;615,-2.8607348609574563E-5
2,502;615,2.860593936737553E-5
2,105;790,-2.8594656234363644E-5
2,359;821,-2.859331982874424E-5
2,109;873,-2.8592982046938964E-5
2,151;214,-2.8588475285992297E-5
2,721;850,2.8582114906991987E-5
2,296;933,-2.8578293774840246E-5
2,195;461,-2.8575363591653198E-5
2,151;468,-2.8574433572679947E-5
2,154;582,2.857415135833226E-5
2,813;981,-2.8572950531661228E-5
2,367;368,2.8569673467108263E-5
2,5;11,-2.8548865244980964E-5
2,279;430,2.8548797079987837E-5
2,4;101,2.8544354011509668E-5
2,434;528,-2.854057642752686E-5
2,542;615,-2.8486262076860245E-5
2,412;545,2.848528122569708E-5
2,304;951,-2.8482084292334488E-5
2,636;706,2.847260468940362E-5
2,560;982,-2.8470465068288042E-5
2,496;741,-2.847031138691076E-5
2,24;933,2.8464009367806783E-5
2,417;735,2.8456352728738443E-5
2,666;889,2.8447315958491088E-5
2,892;915,2.8445831235838895E-5
2,91;547,2.8443458527983546E-5
2,521;578,-2.8432918623206123E-5
2,526;999,-2.842379315220995E-5
2,177;721,2.841383265215143E-5
2,398;671,2.8407135154904972E-5
2,386;689,-2.840694386392104E-5
2,349;868,2.8394234481359706E-5
2,274;850,2.8385974936451855E-5
2,741;804,-2.8378499524955784E-5
2,65;799,-2.8374387197838435E-5
2,712;812,2.8368170804068792E-5
2,292;522,-2.8361443631528968E-5
2,237;901,-2.836092796126693E-5
2,143;184,-2.8357840272990243E-5
2,372;693,-2.83263451558821E-5
2,23;499,-2.8321324522750786E-5
2,346;759,2.830993171294982E-5
2,81;460,2.8298026263457642E-5
2,80;355,-2.8295761228878393E-5
2,300;461,2.827900382541314E-5
2,603;984,2.8272647829107846E-5
2,120;223,2.8272396134772198E-5
2,263;775,2.8267237787228908E-5
2,291;793,2.8263043670570768E-5
2,117;230,2.825415075263962E-5
2,300;315,-2.825347896245332E-5
2,446;505,-2.8253279945481573E-5
2,540;541,2.8248825661730678E-5
2,853;903,-2.8243152183369368E-5
2,259;564,2.8239105562044385E-5
2,666;860,-2.8212108728663002E-5
2,72;577,-2.8179932275086362E-5
2,464;615,2.8174894212295595E-5
2,21;386,2.8154445389496638E-5
2,191;327,-2.8150203990086968E-5
2,869;939,-2.814815653151897E-5
2,214;357,2.8136140662825232E-5
2,265;277,-2.8131524329362713E-5
2,341;718,-2.8122642204352088E-5
2,250;581,-2.8118351898869325E-5
2,248;317,-2.8108404845561113E-5
2,37;221,2.8105888645287553E-5
2,21;922,-2.8099157234531435E-5
2,113;797,2.808690777539071E-5
2,597;763,-2.8080574708912335E-5
2,394;762,-2.8072413339843613E-5
2,263;492,2.8071894353453024E-5
2,680;928,2.8071702669547242E-5
2,457;988,-2.8065921260606948E-5
2,665;966,2.8064400281897788E-5
2,304;658,-2.8061928843411844E-5
2,601;976,2.806025061957275E-5
2,212;376,2.8056358434140265E-5
2,3;423,2.8048627683849155E-5
2,125;312,2.804595731200078E-5
2,286;955,2.8041511714006456E-5
2,72;466,-2.801824339808609E-5
2,73;317,-2.8018204957398433E-5
2,17;564,2.8012374717411697E-5
2,137;829,2.801097789695111E-5
2,434;655,2.799311468601833E-5
2,56;360,-2.799085845293671E-5
2,239;956,-2.798370667328595E-5
2,448;848,-2.797187455477817E-5
2,149;380,2.7967966130724317E-5
2,34;691,-2.7947165006557238E-5
2,88;273,-2.794623820707926E-5
2,41;424,-2.7934056354289806E-5
2,276;872,2.789769866012494E-5
2,282;986,-2.789103936762405E-5
2,23;364,-2.788560934632088E-5
2,672;701,2.7884984826448425E-5
2,187;529,-2.7880063306173265E-5
2,116;747,2.787981625626117E-5
2,585;855,-2.787800933623889E-5
2,455;617,-2.787730087946919E-5
2,0;588,-2.787243659504577E-5
2,316;658,2.7871465337431184E-5
2,35;932,-2.7854887840159215E-5
2,289;328,-2.7852311253937494E-5
2,62;78,2.7835379238204595E-5
2,307;587,-2.783407076665166E-5
2,337;999,-2.7822086349079693E-5
2,383;961,-2.7819411665377608E-5
2,424;952,-2.78133889382336E-5
2,179;973,2.7807362130594337E-5
2,564;710,2.7803827840505878E-5
2,262;405,2.780260416424791E-5
2,324;924,2.78022096250764E-5
2,25;238,2.778967679857308E-5
2,294;568,2.778773239936115E-5
2,338;377,-2.7783144696641463E-5
2,603;625,-2.7775833385464077E-5
2,224;549,2.777008112786721E-5
2,155;708,2.775777154410015E-5
2,732;762,2.774563305315152E-5
2,96;615,-2.7740725946436006E-5
2,609;901,-2.7734905507402075E-5
2,17;834,-2.7719611206866216E-5
2,88;556,2.771502090740719E-5
2,391;945,2.7711963537635105E-5
2,106;664,-2.7710548831163368E-5
2,333;470,-2.7708770718906694E-5
2,330;631,2.769406909165493E-5
2,483;534,2.7682015666645702E-5
2,305;634,2.7680311065765535E-5
2,338;925,2.7679621637673693E-5
2,477;716,-2.767549283078248E-5
2,161;711,-2.767302516774694E-5
2,108;163,-2.766941680890986E-5
2,588;934,-2.7664280220386793E-5
2,83;746,2.765714665897659E-5
2,330;809,2.7655536311709126E-5
2,330;590,2.765363723694732E-5
2,248;360,2.7648057006839154E-5
2,145;154,2.7646491322242957E-5
2,282;968,2.7642382852790155E-5
2,253;869,-2.763124997953654E-5
2,178;686,-2.7609512469850626E-5
2,165;293,-2.7593038363006E-5
2,822;992,2.7590968523952223E-5
2,12;645,-2.758487824574551E-5
2,304;555,-2.757605461844569E-5
2,659;711,2.7568409750061935E-5
2,8;468,-2.7563667153123822E-5
2,696;879,-2.7563253825244274E-5
2,349;413,2.7554169473346094E-5
2,6;909,-2.7548344404961508E-5
2,434;618,-2.7540588618636587E-5
2,288;801,2.7537486522849535E-5
2,348;685,-2.753471956315226E-5
2,49;116,-2.7525119592551877E-5
2,572;982,2.7514452527526225E-5
2,49;401,2.7504294112169856E-5
2,70;930,2.7503312678023773E-5
2,995;996,2.7491525028707936E-5
2,443;744,2.7483812038920238E-5
2,771;851,-2.7478942924716613E-5
2,263;543,-2.7476344760249004E-5
2,775;945,-2.746880961693227E-5
2,117;297,-2.7467854393036565E-5
2,367;712,2.7457159110629523E-5
2,322;521,2.7449169973620483E-5
2,928;998,-2.744291503010792E-5
2,15;319,-2.7435283337769626E-5
2,278;399,2.7432384254907703E-5
2,264;341,-2.7430109914464276E-5
2,196;711,2.7429186601630043E-5
2,745;851,2.741335125537163E-5
2,506;987,2.7402976086623514E-5
2,243;823,-2.738643189165642E-5
2,563;576,2.7371738807642315E-5
2,575;685,-2.737152613013051E-5
2,579;836,-2.7371308986723712E-5
2,144;367,2.7353209886286997E-5
2,39;835,-2.7347700176513378E-5
2,357;462,2.734630192799222E-5
2,252;658,2.7345344787953254E-5
2,92;828,2.733985462052223E-5
2,612;802,2.7338640075410573E-5
2,229;765,-2.7325777522509945E-5
2,235;503,2.7303553992643768E-5
2,134;409,2.730306035378364E-5
2,132;855,-2.7302668061745986E-5
2,434;636,2.7294137563883993E-5
2,392;723,-2.7259586580190675E-5
2,96;268,2.725702433147268E-5
2,428;912,2.7243900548805476E-5
2,309;427,-2.724152593620424E-5
2,67;208,-2.7240810605184406E-5
2,206;302,2.723968088621468E-5
2,237;538,2.721635951163023E-5
2,74;547,2.7214187585979665E-5
2,266;359,2.719256897190338E-5
2,23;668,2.7184284843623155E-5
2,566;971,-2.7175744355372394E-5
2,122;620,-2.717029784399738E-5
2,99;854,2.7164626617988755E-5
2,7;88,-2.716318506955341E-5
2,493;562,-2.71605823573618E-5
2,658;679,2.7160544460139612E-5
2,32;247,2.715522667826642E-5
2,588;689,-2.7149511696030796E-5
2,360;474,-2.7142887979221832E-5
2,699;774,-2.713985306751711E-5
2,459;527,2.7123900112290212E-5
2,383;472,2.7108399817930227E-5
2,341;418,2.709458751288689E-5
2,504;624,-2.707012518840677E-5
2,54;704,-2.7058688102551153E-5
2,624;848,-2.7027200327341698E-5
2,158;802,2.7012389667533766E-5
2,187;536,2.7006656052332677E-5
2,461;592,2.6997051148937566E-5
2,298;655,-2.6996631184324984E-5
2,4;265,2.6995139147735823E-5
2,627;670,2.699223804500061E-5
2,30;770,-2.6986191636000155E-5
2,67;367,-2.698616895946733E-5
2,819;886,-2.6981833558468968E-5
2,114;203,2.69816672216151E-5
2,335;681,-2.6978226223134983E-5
2,583;770,-2.6967181030396234E-5
2,225;610,-2.6965774797681746E-5
2,715;796,-2.6965356756886603E-5
2,120;826,-2.6953930597910984E-5
2,202;310,-2.6945976234218806E-5
2,311;875,2.6944525545130745E-5
2,306;774,-2.6934060585950705E-5
2,583;912,-2.6924177444573607E-5
2,356;744,-2.6909437054790626E-5
2,597;733,-2.6908898990204447E-5
2,265;612,-2.6903041890340263E-5
2,533;537,2.690281432190859E-5
2,290;800,2.6900605352953427E-5
2,463;605,-2.6896553977863624E-5
2,633;666,2.6888919159758174E-5
2,62;789,-2.6870546649011632E-5
2,50;54,2.6855108583467612E-5
2,589;971,-2.6852572172714566E-5
2,145;556,2.6848601319673685E-5
2,361;721,-2.6844085911996293E-5
2,577;950,-2.68368568155912E-5
2,135;499,-2.682946478887837E-5
2,694;721,-2.6822192091771765E-5
2,144;596,-2.682044206475326E-5
2,115;537,2.681536851591478E-5
2,312;520,2.6813068208386532E-5
2,281;849,-2.680868683037973E-5
2,261;872,-2.6794615198035287E-5
2,320;632,2.6773694472901938E-5
2,161;497,-2.6771538530118724E-5
2,323;409,2.6759794947269113E-5
2,297;417,-2.6745818507998306E-5
2,602;823,-2.6740059737859555E-5
2,267;502,2.673362491443436E-5
2,374;693,-2.6722809883515953E-5
2,231;993,-2.6705132634105755E-5
2,179;647,2.670427105724041E-5
2,88;226,-2.6699920118397872E-5
2,646;988,-2.6686873154475204E-5
2,664;710,2.6684479917996793E-5
2,559;949,-2.667761302792441E-5
2,658;785,2.6674980619295688E-5
2,434;978,-2.6661418111920426E-5
2,197;854,-2.6658763001751317E-5
2,68;451,-2.6652076436834762E-5
2,174;376,-2.664110814388094E-5
2,687;719,2.6639843049530648E-5
2,411;744,-2.6637819142171525E-5
2,473;922,2.6629214286924104E-5
2,425;664,2.6624562168382342E-5
2,208;439,-2.662407770383533E-5
2,23;957,-2.6610486124898387E-5
2,564;779,-2.6600693109801913E-5
2,189;923,2.6598351946200074E-5
2,577;984,2.658759151089519E-5
2,204;848,2.6580897149665274E-5
2,199;986,-2.6576041544020747E-5
2,155;883,-2.6565431822820015E-5
2,282;801,2.653421127738071E-5
2,512;560,-2.6530532964623442E-5
2,340;553,-2.652519968327935E-5
2,68;95,-2.652007876338874E-5
2,363;491,-2.6518114357144365E-5
2,691;931,2.6516489604618236E-5
2,494;766,2.651646002239199E-5
2,791;875,-2.65145760226134E-5
2,367;884,-2.648758374148808E-5
2,533;764,2.6487435568265848E-5
2,523;900,2.6483220203773642E-5
2,293;624,2.6477422991131024E-5
2,93;577,-2.6473509162923763E-5
2,923;934,-2.647105057526447E-5
2,489;678,2.646760160610795E-5
2,345;916,2.6428969974098968E-5
2,82;764,-2.641970895786085E-5
2,526;548,-2.6392301740694748E-5
2,38;299,2.638849279950208E-5
2,282;312,2.6385546257033983E-5
2,475;476,2.638075909077897E-5
2,522;918,2.6354047643706795E-5
2,772;999,2.6351639537465292E-5
2,832;936,2.635050157006353E-5
2,474;655,2.634953807205282E-5
2,91;305,2.6335664937000736E-5
2,440;514,2.633249238295826E-5
2,715;727,-2.632837590437931E-5
2,144;714,-2.6327725397068602E-5
2,349;936,2.6323882636173353E-5
2,920;963,-2.6311467381322466E-5
2,0;788,-2.6311405975059698E-5
2,616;818,2.6290316261590722E-5
2,228;851,-2.6273905810747885E-5
2,163;964,-2.6255665144233666E-5
2,581;646,2.6252432732470454E-5
2,379;628,-2.6237716566456294E-5
2,141;530,-2.6236565513570218E-5
2,34;558,-2.6231524941707158E-5
2,515;545,-2.6227489654963774E-5
2,436;542,2.6227449634929846E-5
2,11;280,2.622665595748123E-5
2,397;910,2.6225135371576088E-5
2,178;945,-2.6199861451750206E-5
2,297;946,2.619666029665241E-5
2,267;996,2.618957961447384E-5
2,118;999,-2.618101895350487E-5
2,372;872,-2.6164202234309E-5
2,867;920,-2.6163225096203765E-5
2,434;974,2.6145801224273063E-5
2,345;725,-2.6138380079437524E-5
2,57;282,-2.613339313396482E-5
2,899;975,2.6132193457014195E-5
2,269;366,-2.6119356184471076E-5
2,131;783,2.611735335865113E-5
2,571;789,2.611564767732565E-5
2,103;794,2.610514834060841E-5
2,414;566,-2.610046503977316E-5
2,743;884,-2.606965993560915E-5
2,842;918,-2.6069293217017683E-5
2,263;506,-2.6064547167415103E-5
2,429;826,2.60642656894019E-5
2,79;313,-2.6044083851930313E-5
2,350;392,-2.6043919049957988E-5
2,175;338,-2.6040597913974535E-5
2,375;668,-2.6029343760013474E-5
2,168;715,2.6024495385666408E-5
2,21;532,-2.6023396683303113E-5
2,471;826,-2.6013513224541048E-5
2,698;803,2.601313769898042E-5
2,303;689,2.6006267552023615E-5
2,376;656,2.6001232119313707E-5
2,14;961,-2.59998245896741E-5
2,568;783,-2.5998370381152784E-5
2,187;802,-2.5995663848796037E-5
2,582;836,2.599201297196749E-5
2,183;226,-2.5991109611933156E-5
2,310;730,-2.598535748498637E-5
2,911;939,2.597827684296306E-5
2,455;998,2.59571664342083E-5
2,689;726,2.5950493134046233E-5
2,91;694,2.5943498558954986E-5
2,465;557,2.5938691807398763E-5
2,81;802,-2.592405977297681E-5
2,182;302,2.5922945517012616E-5
2,40;548,2.591661807047735E-5
2,170;283,-2.590221025137447E-5
2,417;687,-2.5880178963642367E-5
2,172;992,2.587779304563982E-5
2,170;382,-2.587043491911958E-5
2,734;944,-2.584482330115812E-5
2,459;929,2.5841844140865375E-5
2,399;766,2.5841346667471644E-5
2,413;793,2.583931359848418E-5
2,537;878,-2.5833108990927833E-5
2,685;870,-2.5829039223730275E-5
2,561;741,-2.5822434434627755E-5
2,362;802,2.5787719136152292E-5
2,92;302,-2.578232095693156E-5
2,143;433,2.5775366301270664E-5
2,499;769,2.575664602767848E-5
2,11;724,2.575449591747164E-5
2,156;921,-2.5740648016137096E-5
2,394;644,-2.5717115319922483E-5
2,245;926,2.5711048434945133E-5
2,710;854,-2.570639910989972E-5
2,186;572,-2.5704771463222108E-5
2,639;840,2.569776227614919E-5
2,90;863,2.568056037449578E-5
2,218;489,-2.5673469097883726E-5
2,687;769,2.5671525116175954E-5
2,412;875,2.565908581290806E-5
2,179;314,2.5656148889500436E-5
2,167;369,2.564047927679838E-5
2,161;201,2.563168168140579E-5
2,334;346,-2.5628144490882173E-5
2,465;994,-2.5627021959486845E-5
2,43;545,2.5621564243107086E-5
2,255;271,2.5621358932169588E-5
2,173;383,-2.562105744189365E-5
2,379;635,2.5599775534057075E-5
2,76;604,2.559940050660086E-5
2,655;665,2.5598627901114445E-5
2,346;507,-2.5596075802933253E-5
2,218;706,-2.5580498516020262E-5
2,181;940,-2.558042363266879E-5
2,430;997,-2.5580211443874517E-5
2,481;744,-2.5547650201128837E-5
2,159;905,2.5507578709686314E-5
2,328;553,-2.5494811234105543E-5
2,44;704,2.5494336974047502E-5
2,192;716,2.5487656416711143E-5
2,767;844,-2.547927786497705E-5
2,265;618,2.5477957693405523E-5
2,95;524,2.5477129574300088E-5
2,100;252,-2.547617876671248E-5
2,128;526,-2.5475839652103352E-5
2,288;743,2.5451542432083765E-5
2,207;995,2.5447040433438555E-5
2,656;779,-2.5428052971491422E-5
2,262;965,-2.5419976924946556E-5
2,684;804,2.540861509906733E-5
2,180;941,-2.5396466887345465E-5
2,635;936,2.53950791648046E-5
2,435;839,2.5394236404995546E-5
2,649;730,-2.5388810237016147E-5
2,206;896,2.5386122776216904E-5
2,62;101,-2.5384182936143714E-5
2,186;198,2.5383114561235563E-5
2,634;705,-2.537175220680961E-5
2,167;468,2.5359045445453352E-5
2,874;889,-2.535838488576089E-5
2,49;639,2.5334071950719364E-5
2,369;905,2.5331979324178042E-5
2,141;317,-2.5312005656937993E-5
2,48;218,-2.530047564351172E-5
2,565;839,2.5299971797023105E-5
2,259;842,-2.528865922440434E-5
2,507;666,-2.5281212815360417E-5
2,636;993,-2.5277892533713955E-5
2,382;919,2.527495304529922E-5
2,733;933,-2.527344597625287E-5
2,448;609,2.5273008507847543E-5
2,28;674,2.5269216035653523E-5
2,167;665,2.5261769382721352E-5
2,177;726,-2.526043536236071E-5
2,514;882,2.525699503221299E-5
2,560;745,2.5256797006237507E-5
2,719;838,2.5255646831605494E-5
2,27;292,2.5255534598651752E-5
2,939;955,-2.525177281393713E-5
2,44;144,2.5249745004016596E-5
2,451;770,-2.5247271489720893E-5
2,229;566,-2.5242096623676938E-5
2,338;526,2.5237066329992208E-5
2,608;753,2.523500727657973E-5
2,590;978,-2.5233465837847274E-5
2,285;305,2.5231629427995967E-5
2,538;599,-2.5228879454398916E-5
2,252;491,-2.5222160839801764E-5
2,185;885,2.521705210991315E-5
2,524;774,-2.521672437278503E-5
2,18;604,-2.5210065839726416E-5
2,341;655,2.520859550720676E-5
2,88;192,2.5206004214535244E-5
2,666;845,2.519243290090637E-5
2,0;141,2.517617564519041E-5
2,456;599,-2.517268320936486E-5
2,166;255,-2.516666933043877E-5
2,184;904,2.516284524443443E-5
2,127;328,-2.514322014075722E-5
2,545;950,2.5137906565997446E-5
2,34;189,2.5136822014203594E-5
2,149;792,-2.5132272236532626E-5
2,1;236,-2.5131162548544053E-5
2,198;277,-2.5125792598889445E-5
2,205;553,2.5122949198887046E-5
2,231;289,-2.5120957072205017E-5
2,138;852,2.5117612313948392E-5
2,563;764,2.5116113983117668E-5
2,616;784,2.5104455481051878E-5
2,318;896,2.5099990109459957E-5
2,61;711,-2.509714956835794E-5
2,505;760,2.509585326072321E-5
2,481;719,2.5089775711123228E-5
2,19;883,2.5081156618172308E-5
2,214;533,-2.5079907833777616E-5
2,564;918,2.506945216436713E-5
2,236;635,-2.5061914491514042E-5
2,302;992,2.506121460871994E-5
2,340;919,-2.5053355099331537E-5
2,628;892,2.5043920327428803E-5
2,900;923,2.5039417042600708E-5
2,26;846,2.5026544738108622E-5
2,582;629,-2.5020068210673933E-5
2,74;305,2.5010223091904267E-5
2,36;464,-2.5007260073014658E-5
2,863;920,2.500536673523037E-5
2,295;892,2.5000118814937538E-5
2,133;192,-2.4997946692848884E-5
2,35;850,-2.499004108462743E-5
2,480;531,2.4983851486279436E-5
2,468;618,2.498036839973792E-5
2,398;896,2.4978719891366012E-5
2,526;700,-2.4973944185006024E-5
2,434;863,2.497179782440566E-5
2,8;579,2.4966747968517738E-5
2,881;925,2.496580708325518E-5
2,336;725,2.496239439993478E-5
2,487;664,-2.495250609977248E-5
2,27;510,-2.4950752451863594E-5
2,939;947,-2.493722915962099E-5
2,348;398,2.4928100089317804E-5
2,39;210,-2.491877815106277E-5
2,8;708,2.4915431250152448E-5
2,43;467,2.4914930285266944E-5
2,451;795,-2.490104518852221E-5
2,440;817,-2.4889726426936536E-5
2,264;898,-2.4887095317941254E-5
2,104;562,2.488554693740219E-5
2,339;816,-2.4876933119540607E-5
2,821;869,-2.4867380370441742E-5
2,252;305,2.485865425244925E-5
2,604;747,2.4848255143721522E-5
2,217;795,-2.483452446176151E-5
2,497;666,-2.4827242204637475E-5
2,203;463,2.4813156658464756E-5
2,134;369,2.4812244294700065E-5
2,143;931,2.4810834406367014E-5
2,520;744,-2.4802213879926747E-5
2,244;368,2.478426218294298E-5
2,103;538,-2.4775968537733094E-5
2,144;576,2.4775384873355133E-5
2,301;819,2.4771860027781644E-5
2,215;285,-2.4770919412177703E-5
2,86;698,2.4761317584249E-5
2,579;933,-2.475318826248125E-5
2,268;485,2.4753044466465214E-5
2,352;735,2.4751448895356478E-5
2,172;761,-2.474938173984574E-5
2,442;981,-2.4740155868137923E-5
2,36;329,-2.4733682823721785E-5
2,84;408,-2.472886542230707E-5
2,588;784,-2.4724060526961534E-5
2,39;634,-2.472180579934426E-5
2,795;849,-2.4717697823366217E-5
2,96;245,2.47056469062914E-5
2,148;698,2.4691828773876158E-5
2,178;901,2.4680056313274574E-5
2,450;596,2.467190108446945E-5
2,806;974,-2.4652903701213102E-5
2,470;707,-2.462275994247923E-5
2,528;596,2.4618057968849336E-5
2,170;940,-2.4609637478314664E-5
2,77;472,2.4588462683897986E-5
2,97;395,2.457673252361854E-5
2,373;784,-2.4565715703049644E-5
2,313;426,2.456567162659417E-5
2,31;251,-2.4562930969515772E-5
2,39;272,2.4555326991633465E-5
2,159;796,2.454105339992077E-5
2,24;950,-2.4527585367112297E-5
2,633;788,2.451020015571121E-5
2,141;483,-2.4502614053505794E-5
2,544;671,-2.4496934337832405E-5
2,74;91,2.4495371540043833E-5
2,925;967,2.449460615075158E-5
2,115;428,2.4489059515686394E-5
2,295;895,-2.448771877222576E-5
2,202;391,-2.448537893570754E-5
2,146;630,-2.4475652419996478E-5
2,165;429,2.447288298098624E-5
2,572;832,2.4472757562173148E-5
2,317;969,2.446114543665711E-5
2,88;401,2.4460287351427178E-5
2,39;816,2.4454122317586584E-5
2,631;761,2.4453428398663977E-5
2,213;612,2.4427915526255202E-5
2,436;987,2.4424776112291935E-5
2,88;535,2.441850091540891E-5
2,39;891,2.440848001694595E-5
2,202;945,-2.438020904902575E-5
2,468;512,2.437859137807073E-5
2,189;558,-2.4375478764506375E-5
2,566;589,-2.436848136228155E-5
2,11;982,2.434818335771335E-5
2,272;495,2.4345818806144088E-5
2,382;859,2.4344101279427545E-5
2,676;982,-2.434335686709804E-5
2,343;925,-2.434302443600257E-5
2,38;645,2.434206792686672E-5
2,209;567,2.433238902634902E-5
2,324;828,2.433097942429511E-5
2,5;686,-2.4324707564211665E-5
2,549;748,2.431108695398869E-5
2,230;975,2.4310979137143258E-5
2,116;151,-2.4295084754190022E-5
2,370;915,2.429366746248993E-5
2,448;552,-2.4286575911930027E-5
2,53;875,-2.4286252295195218E-5
2,640;887,-2.4266523214498146E-5
2,77;644,-2.426603370668574E-5
2,215;939,-2.4265864748138136E-5
2,26;58,2.4255514038678553E-5
2,755;861,-2.4253169869861094E-5
2,328;811,2.425252851323538E-5
2,136;138,2.42244368336896E-5
2,116;257,2.4218944575460845E-5
2,538;821,-2.4210363694632296E-5
2,466;819,-2.4207269455657203E-5
2,718;996,2.42048866239609E-5
2,281;523,-2.420437977884193E-5
2,541;984,-2.4193831118570318E-5
2,414;516,-2.4189579558130333E-5
2,291;293,2.4187222752280197E-5
2,317;642,2.41863934632318E-5
2,462;992,2.4185325521379173E-5
2,643;710,-2.4176201356795587E-5
2,466;535,2.415370576827701E-5
2,143;270,2.4145688664782444E-5
2,65;434,2.4132375431914285E-5
2,276;288,2.4129291183532007E-5
2,243;747,-2.412662732023528E-5
2,458;577,2.4110538580003547E-5
2,124;157,2.4098371569301486E-5
2,412;459,-2.409554324730991E-5
2,451;832,2.4090602358063942E-5
2,246;635,2.407838899711971E-5
2,709;749,-2.4068696177579398E-5
2,19;892,2.4061864799617028E-5
2,23;257,2.4054525836212247E-5
2,245;594,-2.4051917449704248E-5
2,245;780,-2.40407169793228E-5
2,577;669,2.4029941105354765E-5
2,64;372,-2.402639204445277E-5
2,434;867,2.400019118746203E-5
2,155;467,2.3983590828889794E-5
2,645;965,2.397065505706316E-5
2,235;872,2.3965830906299482E-5
2,269;475,-2.3930982350976127E-5
2,173;219,-2.392829849712217E-5
2,345;353,2.3924641329306467E-5
2,696;988,2.3923490151963184E-5
2,431;602,2.3906958121652957E-5
2,355;447,2.3904036275236138E-5
2,849;970,2.390296570336014E-5
2,245;556,2.3901300360482065E-5
2,233;856,2.389762874333278E-5
2,434;883,2.389639690623383E-5
2,206;848,2.3878318315793826E-5
2,208;293,2.385934538693913E-5
2,533;681,2.3851676806294608E-5
2,592;685,2.3849458211235388E-5
2,10;747,2.3817995046203148E-5
2,178;372,2.380919159539631E-5
2,324;988,2.3808117880708632E-5
2,541;694,-2.379579544976174E-5
2,550;814,-2.3791959047734938E-5
2,307;564,-2.378361329606416E-5
2,29;876,-2.378020610571689E-5
2,627;826,-2.3778747220167582E-5
2,349;860,-2.3776725930273386E-5
2,47;631,-2.3763991834971442E-5
2,296;895,-2.3761985984529413E-5
2,357;796,-2.376137273065315E-5
2,561;700,2.37560281959892E-5
2,82;949,2.3739445835977736E-5
2,77;439,2.3736205513808182E-5
2,609;675,2.373568627222698E-5
2,96;566,-2.3728455219207406E-5
2,480;848,-2.3724853723046486E-5
2,349;645,-2.3715727901401544E-5
2,116;893,-2.3714653962127333E-5
2,806;938,2.3703761925877767E-5
2,235;524,2.3685814395036086E-5
2,274;489,-2.3683577979504938E-5
2,100;407,-2.3672884011332814E-5
2,876;962,2.3671616239355278E-5
2,400;829,-2.366849449197515E-5
2,502;813,2.3664759738448906E-5
2,371;423,2.3655952149369633E-5
2,167;241,2.36494372384856E-5
2,349;835,-2.364555330468509E-5
2,452;946,2.3634350571737846E-5
2,155;504,-2.3633336967182658E-5
2,182;358,2.3628430418238473E-5
2,97;425,2.362541100233172E-5
2,230;548,2.3622625341835015E-5
2,41;463,2.362148396526925E-5
2,735;871,-2.3621322892805927E-5
2,200;669,-2.3620650463395678E-5
2,79;809,-2.3610757046702686E-5
2,305;596,-2.3605638415075194E-5
2,417;473,-2.3604071859325954E-5
2,294;866,-2.3597972261590364E-5
2,241;734,2.3590105653119492E-5
2,495;966,2.358617789945684E-5
2,286;640,-2.3576698206046713E-5
2,461;722,-2.3569627730044073E-5
2,142;303,-2.3566096972191474E-5
2,170;901,-2.3563539662487242E-5
2,64;716,2.3553440398233428E-5
2,227;941,-2.3547015749379858E-5
2,63;413,2.354041367459556E-5
2,610;723,2.3537729712626033E-5
2,178;210,-2.3536171695072578E-5
2,55;387,-2.353514221391766E-5
2,96;328,2.3532919387871116E-5
2,105;793,2.3528897192475863E-5
2,95;800,2.3528166019235193E-5
2,8;953,-2.3517388837594246E-5
2,393;583,-2.351681212880708E-5
2,443;730,2.3509101374595E-5
2,478;882,2.3507953992166002E-5
2,546;689,2.3505345825139253E-5
2,657;866,-2.350026689526269E-5
2,336;949,-2.3493856997070338E-5
2,152;766,2.349242825206896E-5
2,64;498,-2.3478681958283926E-5
2,422;661,-2.3478644275215122E-5
2,611;620,2.3473809605793495E-5
2,23;943,-2.3469538469043004E-5
2,208;882,2.346738398035687E-5
2,495;745,2.3466540036962955E-5
2,99;138,-2.3456751079394663E-5
2,319;359,2.3451459666201186E-5
2,655;805,2.344888708692901E-5
2,176;641,2.3434163211884982E-5
2,74;402,-2.3424157415454655E-5
2,444;797,-2.3422378337786732E-5
2,849;876,2.3420642735801294E-5
2,115;553,-2.3419858722646258E-5
2,169;687,-2.3415236533572648E-5
2,90;278,-2.3413375381145372E-5
2,290;360,2.3398125323467534E-5
2,214;865,2.3388551631135597E-5
2,655;882,2.338378169549249E-5
2,825;836,-2.3381562400135934E-5
2,260;526,2.3375865611930684E-5
2,296;733,2.3360886246887834E-5
2,440;690,2.3347959950686228E-5
2,981;988,2.3335519888159815E-5
2,154;847,-2.332634486901266E-5
2,603;848,2.3317673212044935E-5
2,154;629,2.3309780075756662E-5
2,299;933,-2.3299533407470803E-5
2,296;572,2.3292711941938874E-5
2,34;832,-2.32894898501688E-5
2,179;897,-2.328251410380147E-5
2,0;128,-2.328177217929834E-5
2,489;495,2.3281165373029543E-5
2,305;542,2.3279869101884686E-5
2,457;916,-2.3259355143421702E-5
2,307;974,2.325602409556786E-5
2,8;655,-2.325356454209941E-5
2,159;544,2.3227552254620218E-5
2,211;234,-2.3221422008946777E-5
2,525;538,2.3206355307688332E-5
2,642;820,-2.3206078641422406E-5
2,596;791,2.318872262690826E-5
2,292;446,2.318205493951063E-5
2,472;670,-2.317904739833903E-5
2,79;608,2.3175421754417907E-5
2,483;700,2.3173229450601714E-5
2,62;724,2.3172441742969092E-5
2,74;696,-2.3170536326005346E-5
2,147;943,2.316790539445096E-5
2,192;979,2.3161449903516285E-5
2,170;968,2.314573220048188E-5
2,404;875,-2.3137969594547055E-5
2,178;692,-2.3133035559712127E-5
2,48;193,2.312020706386308E-5
2,742;888,2.3119809215345113E-5
2,292;820,2.310778244289817E-5
2,603;633,-2.3104621746586854E-5
2,100;880,-2.3103491778766007E-5
2,559;616,-2.3091860284063648E-5
2,609;802,-2.3083534692618925E-5
2,75;877,2.3072686842611275E-5
2,90;903,-2.3071330483471894E-5
2,634;701,2.3068386760655772E-5
2,198;218,2.3067760499506127E-5
2,392;948,2.3061214453081803E-5
2,219;296,-2.305258711081655E-5
2,232;953,-2.3048056100981483E-5
2,524;997,2.3043130706152654E-5
2,711;875,-2.3033492204052138E-5
2,587;656,2.3032106698102697E-5
2,91;646,-2.302881447375131E-5
2,50;367,-2.3023349518979E-5
2,581;724,2.299909488431813E-5
2,211;269,2.299129181951065E-5
2,732;967,2.2989620868420115E-5
2,431;593,2.2989271630406752E-5
2,349;691,-2.2985593340015972E-5
2,39;966,-2.297388704852301E-5
2,195;417,2.297076949026647E-5
2,66;314,2.2969498049320274E-5
2,691;809,2.2966806788182126E-5
2,363;693,2.2963502888723438E-5
2,356;717,-2.296180955099013E-5
2,462;506,2.295419518873662E-5
2,250;957,2.2937426593029138E-5
2,345;950,2.2925476874346375E-5
2,614;980,2.2910725960163568E-5
2,451;498,2.2906095420347534E-5
2,158;646,-2.2872332951234072E-5
2,307;801,-2.2869442375000808E-5
2,929;978,2.2866245750036742E-5
2,588;681,-2.286578246720845E-5
2,281;699,-2.2860630701586875E-5
2,70;582,2.2847998195984037E-5
2,197;710,2.2837806165926886E-5
2,482;592,-2.283742260239018E-5
2,390;840,-2.2835706954786823E-5
2,579;802,-2.2834467638210387E-5
2,349;542,2.283142265310228E-5
2,15;40,-2.2830548434992763E-5
2,246;594,-2.2822660360633444E-5
2,73;741,-2.28222488145584E-5
2,466;898,2.282178565062086E-5
2,242;828,2.2820741081727365E-5
2,420;830,-2.2815462241521736E-5
2,127;612,2.2798815714368357E-5
2,116;846,2.279474269810159E-5
2,504;799,-2.2789202542587308E-5
2,714;835,-2.2775837380381552E-5
2,527;985,2.2773178487500117E-5
2,160;785,2.2757541027932835E-5
2,684;743,-2.2737567254088973E-5
2,71;243,-2.271572864070431E-5
2,611;925,2.270236918277829E-5
2,247;330,-2.2692955387227537E-5
2,262;284,-2.2689506229527064E-5
2,247;822,2.2683843739938136E-5
2,165;918,-2.26703420908627E-5
2,113;649,-2.266164263577647E-5
2,121;768,-2.2654791432477144E-5
2,294;573,-2.2649454859254757E-5
2,390;466,2.2637076104859255E-5
2,70;888,-2.2631794480846146E-5
2,481;705,2.2624729388679394E-5
2,78;320,2.261931194931587E-5
2,381;431,2.261683467091692E-5
2,79;202,-2.2613036108694114E-5
2,36;310,-2.25630545283862E-5
2,486;562,2.2562846720095654E-5
2,195;263,2.2555961152619246E-5
2,191;967,-2.25531842863566E-5
2,394;778,-2.253136566130037E-5
2,475;558,2.2530223829998088E-5
2,70;317,-2.2520947653501608E-5
2,163;705,-2.2519818218775142E-5
2,587;974,2.2498039310424928E-5
2,32;656,-2.249499769600241E-5
2,219;666,2.249483538435398E-5
2,508;562,-2.249442368454808E-5
2,516;686,-2.2488133403966912E-5
2,147;435,-2.2481722802393815E-5
2,43;369,-2.24814769000869E-5
2,166;972,-2.2480555729989575E-5
2,385;422,2.2474826507179593E-5
2,142;390,-2.2474402762015588E-5
2,535;765,-2.2467733169988645E-5
2,164;174,2.246692380448381E-5
2,485;958,-2.246411799875793E-5
2,262;327,2.2457620435344955E-5
2,466;511,-2.2442081561465362E-5
2,489;857,2.2437017984231355E-5
2,812;899,-2.243578359897426E-5
2,576;980,2.242804765254604E-5
2,243;425,-2.242210560169029E-5
2,284;945,-2.240860549899729E-5
2,352;721,2.240292213009343E-5
2,478;562,-2.2400251115852846E-5
2,143;460,2.2398861388554708E-5
2,788;877,-2.2393859235859225E-5
2,4;47,-2.239320375881408E-5
2,63;244,-2.2380164687940242E-5
2,558;997,-2.237477518422247E-5
2,278;421,-2.2371061663770742E-5
2,514;640,2.236640096041223E-5
2,440;919,-2.2364709503887074E-5
2,417;984,2.235397165934442E-5
2,52;862,2.2349323404086943E-5
2,552;861,-2.23447518609127E-5
2,855;862,-2.234434108098173E-5
2,369;615,-2.234276900896913E-5
2,398;708,-2.233842822874594E-5
2,707;984,2.233620867717408E-5
2,9;203,2.232727448693827E-5
2,485;763,2.2323916690539777E-5
2,543;876,2.232308805648646E-5
2,109;308,-2.231672008318284E-5
2,450;931,2.231439701244903E-5
2,545;684,2.2304756839981503E-5
2,214;761,2.230118361323147E-5
2,168;998,-2.229633123651262E-5
2,285;917,-2.2290193828454868E-5
2,262;960,2.2286296859423487E-5
2,212;809,2.228627027710061E-5
2,375;726,2.2274546978751443E-5
2,99;922,-2.226426979436345E-5
2,111;557,2.2249963722647745E-5
2,38;110,2.224683222170451E-5
2,340;840,2.224571339608783E-5
2,191;862,-2.2242863211189358E-5
2,390;620,-2.2237929562057456E-5
2,183;757,2.2222845912918273E-5
2,880;909,-2.2222393944983333E-5
2,56;637,2.2222249616140236E-5
2,28;443,-2.2202772266158017E-5
2,465;526,2.219196153540573E-5
2,150;239,-2.218099552780105E-5
2,199;263,2.2173220140330325E-5
2,14;500,-2.2166207912282193E-5
2,111;315,2.2155998193046924E-5
2,348;417,2.215311099071223E-5
2,296;819,-2.214551378442329E-5
2,607;824,2.214318876705826E-5
2,169;966,2.213889419329956E-5
2,351;809,-2.211873726957006E-5
2,547;726,-2.211648466713955E-5
2,247;859,2.2112823111938805E-5
2,207;404,2.2099498903728947E-5
2,252;870,2.2089457598226324E-5
2,519;645,2.2084038466915367E-5
2,537;612,2.2081173993206345E-5
2,524;535,2.2074788327077864E-5
2,369;564,2.206076526823831E-5
2,405;816,2.2058992183494555E-5
2,275;484,2.2044457517427174E-5
2,160;512,2.2033665923097522E-5
2,123;618,-2.202475843382104E-5
2,316;580,-2.2017043411003968E-5
2,31;998,2.201666046840402E-5
2,190;884,2.2011037318624638E-5
2,207;500,2.2005933279981996E-5
2,478;825,2.1997033262425247E-5
2,395;735,2.1995604387632832E-5
2,296;665,2.1975923238151946E-5
2,552;578,2.1971910444455422E-5
2,431;839,-2.1969842629622855E-5
2,4;634,-2.1962348264355513E-5
2,828;851,2.1950473075542127E-5
2,261;267,2.194033713280441E-5
2,401;481,2.1940302896388008E-5
2,863;867,-2.192322493672929E-5
2,567;958,2.191124615477269E-5
2,86;586,2.1906404937490542E-5
2,302;744,2.1901911786055853E-5
2,318;656,2.188468549873701E-5
2,611;675,-2.188368526202851E-5
2,237;486,2.187373668751064E-5
2,184;623,2.1871442785612888E-5
2,14;162,-2.187084112162789E-5
2,567;616,-2.1865146861223135E-5
2,685;842,-2.184286200555552E-5
2,599;818,-2.1833168281177275E-5
2,96;514,2.1826176341160167E-5
2,162;865,2.181782231988494E-5
2,604;961,2.1809483779676872E-5
2,583;815,2.180696017395986E-5
2,26;367,-2.1806483709502297E-5
2,170;310,-2.180269998328463E-5
2,18;828,-2.1800743386810068E-5
2,655;757,2.1792519464586015E-5
2,605;808,-2.1792209849368084E-5
2,561;630,-2.1773518452438607E-5
2,228;914,-2.1765332299851324E-5
2,362;918,2.1763287267536193E-5
2,69;416,2.1753960539314117E-5
2,404;758,2.174607156198207E-5
2,651;908,2.1744634636498803E-5
2,707;958,2.1716494693361287E-5
2,83;164,2.1714414824993402E-5
2,447;721,-2.1701795542577355E-5
2,168;714,-2.1700348431945713E-5
2,800;972,2.1691717098533694E-5
2,468;615,-2.168162336026799E-5
2,284;963,2.1681110816804932E-5
2,553;802,-2.168108462753315E-5
2,306;794,2.167663977491846E-5
2,687;725,2.1675551550641434E-5
2,131;789,2.167379016465169E-5
2,715;935,-2.1668738522543728E-5
2,65;566,2.1666489773609387E-5
2,180;880,-2.166455743561454E-5
2,23;438,2.165368068926738E-5
2,29;197,-2.16531137165908E-5
2,772;972,-2.1649165183373272E-5
2,311;603,-2.1644912303286865E-5
2,132;250,2.164234368504599E-5
2,278;769,2.1623037171734487E-5
2,127;763,2.1620675069105172E-5
2,145;816,-2.1609993546009478E-5
2,48;745,2.1596365010134898E-5
2,605;911,-2.1595298768774856E-5
2,218;297,-2.1594747314683796E-5
2,41;142,-2.1589300401269946E-5
2,180;718,-2.1570808223645865E-5
2,42;844,-2.156797060126747E-5
2,356;434,-2.1562900722276988E-5
2,205;557,2.1561712265812044E-5
2,685;896,-2.1559612341217145E-5
2,326;593,2.1554052240446263E-5
2,600;875,2.1553541245545515E-5
2,592;972,-2.155227165191562E-5
2,441;609,2.1532778623296158E-5
2,237;496,2.1529924841675597E-5
2,470;682,2.1518862590740846E-5
2,634;835,-2.1516708502694215E-5
2,508;606,2.1515555530554107E-5
2,170;302,2.151554171542537E-5
2,237;599,-2.150422090367271E-5
2,313;769,2.1482473866021846E-5
2,12;863,-2.1458226848967545E-5
2,685;869,-2.1452321297903295E-5
2,271;712,-2.1442364101890828E-5
2,304;820,2.144003285580188E-5
2,313;818,-2.1434043245785613E-5
2,249;795,2.14281353650616E-5
2,745;877,-2.1413943400265744E-5
2,683;760,2.141060546730755E-5
2,65;650,-2.1409808976649898E-5
2,410;649,2.1409159137836726E-5
2,457;970,2.1403890619821017E-5
2,780;817,-2.140042569788675E-5
2,285;427,-2.1382605493128573E-5
2,284;366,-2.1379836091656978E-5
2,87;912,-2.137429591723758E-5
2,306;319,-2.1371095205714652E-5
2,483;768,-2.1362976283809136E-5
2,887;959,-2.1357966513227002E-5
2,447;831,-2.135517742943151E-5
2,217;854,2.135283050363334E-5
2,875;883,2.1337990857216584E-5
2,611;881,2.1337891604423524E-5
2,136;456,-2.1337175113579164E-5
2,135;414,-2.133546615220954E-5
2,444;603,2.133490992322437E-5
2,540;688,-2.1311373993364025E-5
2,16;226,2.1307975326186925E-5
2,475;624,-2.1284983787369367E-5
2,116;359,-2.128070328140545E-5
2,256;783,2.1263299318949854E-5
2,341;544,-2.1261816888270927E-5
2,692;887,2.1254991761197855E-5
2,587;702,-2.1254986205580894E-5
2,447;786,-2.1254892122075378E-5
2,373;556,2.124807687408285E-5
2,229;615,-2.1245005688620247E-5
2,341;399,-2.123040902768033E-5
2,256;688,2.122408222451886E-5
2,326;815,2.1221326589314714E-5
2,141;194,2.118956438388626E-5
2,454;645,-2.1188941624897193E-5
2,723;852,2.1183912309191964E-5
2,777;982,2.1183739349988252E-5
2,871;958,-2.118354709060601E-5
2,710;966,-2.1178650872783255E-5
2,161;972,-2.1172288732127884E-5
2,283;315,2.1156078822826035E-5
2,191;507,-2.1132821594481017E-5
2,767;811,-2.113052120533499E-5
2,203;272,-2.1113207223612282E-5
2,99;486,-2.1103053923660158E-5
2,660;938,-2.1094559194417888E-5
2,118;772,-2.1073504126789758E-5
2,499;511,-2.1067810724982485E-5
2,306;440,-2.1065525573306822E-5
2,774;933,-2.1063009277990643E-5
2,451;466,-2.1061890854805198E-5
2,195;404,-2.1037289185636743E-5
2,930;941,-2.103304321824719E-5
2,75;788,2.1029569999709363E-5
2,726;909,-2.101028547990043E-5
2,188;326,-2.100890652631022E-5
2,13;797,-2.100812652518711E-5
2,119;810,2.1003308291959898E-5
2,491;743,2.09905702378466E-5
2,219;866,2.098668329567658E-5
2,650;972,-2.0980712490963102E-5
2,359;478,-2.0979241077305485E-5
2,666;819,-2.097658738252528E-5
2,43;104,2.0963553763769427E-5
2,272;602,-2.096267499296118E-5
2,131;281,2.094627170269659E-5
2,297;352,2.0941066592107315E-5
2,14;383,-2.0927900266019994E-5
2,689;919,-2.091404131867775E-5
2,851;997,-2.0903167577822004E-5
2,682;831,2.0887449502200617E-5
2,270;753,-2.088392159781284E-5
2,195;305,-2.087796653855307E-5
2,52;797,2.0877964158356506E-5
2,145;418,-2.0873054666326067E-5
2,283;496,-2.0871049297726146E-5
2,147;321,-2.0868716235574604E-5
2,498;716,-2.0862976848045688E-5
2,323;330,-2.0856267217633002E-5
2,454;692,2.0855370398379685E-5
2,306;720,-2.0845111646547826E-5
2,173;612,2.0836037958765036E-5
2,54;214,-2.079144003655725E-5
2,108;506,2.0790528838499856E-5
2,233;459,-2.079040501905285E-5
2,179;573,-2.0783057504458817E-5
2,5;346,-2.0762153866802246E-5
2,499;717,2.075490538802726E-5
2,695;853,2.0753688591703777E-5
2,74;802,2.0752285132715477E-5
2,369;439,-2.075012109922426E-5
2,415;718,2.073522619581892E-5
2,191;866,-2.0734138367416563E-5
2,710;766,2.0732679621026595E-5
2,83;94,2.0726282485561274E-5
2,186;519,2.0711014403105338E-5
2,673;815,2.070548779439294E-5
2,79;310,-2.0698784051892496E-5
2,711;751,-2.069500067627462E-5
2,590;704,2.0693807144868175E-5
2,79;776,2.068594432975856E-5
2,148;331,-2.0676159046032664E-5
2,505;546,-2.067469175369082E-5
2,294;483,2.067156461982523E-5
2,74;988,-2.066792859534187E-5
2,462;493,-2.0663432131659454E-5
2,693;930,2.0661500670556477E-5
2,397;649,2.0660732846717608E-5
2,25;720,-2.0659744483836223E-5
2,440;805,2.065688582663048E-5
2,554;808,-2.0655395587183153E-5
2,33;247,2.0654736128083768E-5
2,4;831,-2.0645064831229174E-5
2,58;320,2.0642931358124866E-5
2,519;548,2.0637681500254913E-5
2,863;880,2.0634244338296933E-5
2,639;753,-2.06324756931515E-5
2,308;671,2.063076963757951E-5
2,324;518,2.0623629572261652E-5
2,86;261,2.0622742856464178E-5
2,407;828,2.0618649877732803E-5
2,370;397,2.061281394849319E-5
2,237;730,-2.060871934873039E-5
2,269;824,-2.0574989619109868E-5
2,604;719,-2.0573105789442735E-5
2,132;360,-2.0569481317688768E-5
2,421;532,2.0563737126349847E-5
2,104;570,2.055493345847566E-5
2,137;880,-2.0541668903323917E-5
2,691;793,2.051498388600194E-5
2,684;848,2.048775619142108E-5
2,221;968,-2.0482830710856326E-5
2,309;340,2.0482645616512167E-5
2,386;602,-2.0482193351340416E-5
2,323;494,2.048170445912089E-5
2,22;508,2.0479394391560847E-5
2,24;377,2.046768971494231E-5
2,231;795,-2.046625843883119E-5
2,69;464,-2.046417169626344E-5
2,41;252,-2.0456820401878233E-5
2,75;633,2.0433203675401915E-5
2,255;435,-2.0430102810727524E-5
2,65;850,-2.0428522943745132E-5
2,830;852,2.041638383965342E-5
2,542;838,-2.0403361360449245E-5
2,13;886,2.0393430051508818E-5
2,189;416,-2.0391810273126696E-5
2,698;961,2.038537205025512E-5
2,179;666,-2.0377676022291665E-5
2,713;866,-2.0365658243423692E-5
2,558;857,2.0351594454691952E-5
2,106;548,2.032548113950658E-5
2,2;62,-2.0319897255107777E-5
2,783;997,2.0319010924281732E-5
2,367;527,2.030568454544214E-5
2,711;907,-2.0297163950728545E-5
2,573;668,-2.028710705703922E-5
2,534;972,2.0287034489667108E-5
2,230;827,-2.0286414743023408E-5
2,341;477,-2.0277030885210075E-5
2,396;601,2.0251347070467773E-5
2,504;521,2.023383282350715E-5
2,377;684,2.0232824679707107E-5
2,62;298,-2.0223194705607468E-5
2,476;517,-2.0222051193375765E-5
2,174;948,-2.0215107872919905E-5
2,136;497,-2.0201752026859366E-5
2,254;542,-2.0197333401013296E-5
2,450;989,2.0189245396860983E-5
2,165;857,-2.0185220178774763E-5
2,789;967,2.0175004813075783E-5
2,713;840,2.0169523190806406E-5
2,451;560,-2.0164995343264304E-5
2,702;910,2.014692141433084E-5
2,352;730,-2.0145857860038622E-5
2,558;845,-2.0138346695326506E-5
2,584;740,-2.013520008510437E-5
2,697;834,-2.0134066114697563E-5
2,126;529,2.01308201489179E-5
2,304;487,-2.0120139924024648E-5
2,134;707,2.0111773505164936E-5
2,144;289,2.011031479261653E-5
2,299;474,-2.0107997025755663E-5
2,395;825,2.0105621527356753E-5
2,76;291,-2.0102633935206444E-5
2,346;551,-2.0094564463907643E-5
2,726;740,2.008385782279244E-5
2,6;504,2.0081276677334065E-5
2,631;639,-2.007828730381891E-5
2,574;879,-2.007703789888825E-5
2,588;758,-2.007465262454416E-5
2,352;514,-2.0072382378875627E-5
2,320;863,2.00679166877881E-5
2,225;830,-2.0067163421059203E-5
2,259;629,-2.0058472706335518E-5
2,564;748,-2.004715210050125E-5
2,52;967,-2.0043274566050503E-5
2,74;307,-2.0035692319217888E-5
2,463;948,2.003313212574498E-5
2,247;924,-2.0019859192693378E-5
2,26;686,-2.0011205047898323E-5
2,66;600,2.000899292327011E-5
2,444;900,2.000664857867715E-5
2,549;853,1.9999986832103605E-5
2,551;767,1.9998645239076298E-5
2,810;978,-1.9998063382065086E-5
2,405;446,1.9993023028528066E-5
2,464;619,1.998953377300388E-5
2,167;560,-1.997822228944312E-5
2,581;764,1.997726232764871E-5
2,433;602,1.9975772980926403E-5
2,91;811,-1.99736509142363E-5
2,59;300,1.9963340031239207E-5
2,540;730,1.996329539946515E-5
2,639;779,1.995207719168546E-5
2,223;308,-1.9938425512248698E-5
2,682;838,-1.990860309362805E-5
2,417;926,-1.9900504565369086E-5
2,157;961,1.988344102562805E-5
2,628;776,1.9865687454438597E-5
2,317;867,1.985342027383461E-5
2,308;517,1.9841418535264845E-5
2,561;804,-1.98353208650509E-5
2,363;526,1.980099351649574E-5
2,114;807,1.9790523766329883E-5
2,497;808,-1.9789427214310484E-5
2,198;254,-1.9785530054258404E-5
2,218;800,1.97790338892172E-5
2,792;875,1.9776357194564916E-5
2,109;838,-1.976326346210159E-5
2,180;393,-1.974941515078077E-5
2,103;918,-1.9734317511866772E-5
2,47;359,1.9713248381191373E-5
2,141;969,-1.97123142843509E-5
2,64;430,-1.9691160056429195E-5
2,335;934,1.9659286800193633E-5
2,402;701,-1.9634038660426235E-5
2,558;800,1.9632647215468937E-5
2,152;992,-1.962131526847373E-5
2,592;627,-1.961568591094899E-5
2,253;362,1.9609769011381228E-5
2,238;759,1.9607564829647237E-5
2,255;850,-1.9603167277625662E-5
2,150;852,1.9591385145781562E-5
2,357;423,1.9583511765136987E-5
2,67;368,-1.9580760277234468E-5
2,543;752,1.957507895454494E-5
2,2;125,1.9572954447760276E-5
2,635;825,1.9572619547385784E-5
2,195;849,-1.9565952467574866E-5
2,211;495,1.955309642578211E-5
2,520;808,-1.9542286327471695E-5
2,539;701,1.9540546501539537E-5
2,182;875,1.9538864355672118E-5
2,541;797,-1.953832426508992E-5
2,221;259,-1.953823799540312E-5
2,654;750,-1.953097437149332E-5
2,44;123,1.9520667533855313E-5
2,324;625,1.9507673153232173E-5
2,74;747,-1.9504883854549196E-5
2,24;699,-1.950386646054565E-5
2,581;917,-1.9483916328148674E-5
2,305;630,1.946972192328572E-5
2,95;614,-1.9465571004172233E-5
2,261;739,-1.9445840857489476E-5
2,543;846,-1.9420073135060183E-5
2,204;601,1.941622088090948E-5
2,191;802,1.941025059922183E-5
2,323;965,1.9402113447133976E-5
2,130;520,1.9398373871513494E-5
2,242;392,-1.9397483308769224E-5
2,206;814,-1.938289419798714E-5
2,889;941,1.9361270962477624E-5
2,68;123,-1.9333898606788365E-5
2,45;562,1.933217520102948E-5
2,466;567,1.932213012091996E-5
2,179;940,-1.932069645480132E-5
2,153;585,-1.9319369982618387E-5
2,197;925,1.9316553435057503E-5
2,453;513,-1.9315277035647983E-5
2,36;43,-1.930350816384382E-5
2,745;826,-1.9272776497213623E-5
2,330;944,-1.9267098701167682E-5
2,160;759,-1.926440797536848E-5
2,354;745,-1.9256563265358865E-5
2,556;901,1.9255019193138677E-5
2,329;752,-1.925488882133247E-5
2,47;656,-1.9240168054611895E-5
2,468;888,1.9235141074792617E-5
2,696;717,1.9228096554394193E-5
2,81;939,1.9225627323648367E-5
2,356;942,-1.9222842664490642E-5
2,472;884,-1.9220619790315667E-5
2,896;977,-1.921999465341042E-5
2,244;689,-1.9218517164041312E-5
2,388;635,1.921707559840935E-5
2,166;271,-1.920401091998502E-5
2,490;753,1.9202989540334923E-5
2,639;761,1.9197288194539836E-5
2,395;871,-1.919199994317511E-5
2,163;744,-1.9186724153747203E-5
2,398;817,1.9182056475177237E-5
2,191;380,-1.9178632437453554E-5
2,557;719,-1.9166695172326346E-5
2,260;994,1.9158239115992647E-5
2,130;816,-1.9154964337185412E-5
2,627;878,-1.9152608317568348E-5
2,8;606,-1.9140613204539927E-5
2,111;857,1.91253999271651E-5
2,99;246,-1.912088100604465E-5
2,483;634,-1.9113645320356672E-5
2,349;872,-1.91077314467516E-5
2,206;912,1.910326987335583E-5
2,23;113,1.909643694167267E-5
2,229;571,-1.909288128346143E-5
2,384;971,1.908207810176624E-5
2,251;277,1.9082040925651886E-5
2,907;963,-1.9080989060144742E-5
2,913;992,1.9076350195965737E-5
2,86;435,1.907306045756287E-5
2,552;707,1.9070468969253665E-5
2,446;636,-1.9056122950278107E-5
2,272;667,1.903192832582449E-5
2,199;844,1.901398079239492E-5
2,51;145,-1.9003527592490706E-5
2,413;423,1.900343620308765E-5
2,252;504,-1.8997492623702913E-5
2,2;315,-1.8997158443693334E-5
2,99;712,-1.8996910754229526E-5
2,470;545,1.8981090655077588E-5
2,383;473,1.8971455254692433E-5
2,356;362,-1.8969138226347195E-5
2,35;685,1.8962849226558957E-5
2,72;899,-1.8953440659657733E-5
2,155;877,-1.8951836081451863E-5
2,194;445,1.8950134409891006E-5
2,408;947,1.894808879183995E-5
2,373;698,-1.89473630253131E-5
2,429;919,1.8943557029468085E-5
2,201;890,-1.8930141671373926E-5
2,295;822,-1.89259990030016E-5
2,8;646,-1.892519054054294E-5
2,73;710,-1.892504850468468E-5
2,781;998,-1.89196528657266E-5
2,437;588,1.8917575672293352E-5
2,276;307,1.891063924763381E-5
2,306;514,-1.8910393071920926E-5
2,291;929,-1.8896969428900656E-5
2,90;506,1.8887253031139258E-5
2,304;961,-1.888515881162449E-5
2,90;987,-1.8881491427422364E-5
2,369;772,-1.8868396785273067E-5
2,21;82,1.8860230255391745E-5
2,128;695,-1.8850990676104737E-5
2,702;789,-1.885067672226247E-5
2,21;507,-1.8849756392626266E-5
2,180;195,1.8848342108477977E-5
2,541;879,-1.883475331781132E-5
2,255;939,-1.8821158903356278E-5
2,569;701,1.8788299772141708E-5
2,234;880,1.8785308204053987E-5
2,396;976,1.878289417401687E-5
2,642;796,-1.8779042910192998E-5
2,510;808,-1.8778794156990544E-5
2,76;587,1.8777560018361643E-5
2,738;823,-1.8774664964269985E-5
2,88;541,1.8770961228465278E-5
2,481;838,1.876881447192859E-5
2,484;629,1.876864361381806E-5
2,279;475,1.8762838409411078E-5
2,299;742,1.8745820090634264E-5
2,107;468,1.874502491141413E-5
2,83;392,-1.872726436135923E-5
2,478;836,-1.8721681002970797E-5
2,102;524,-1.871930670365794E-5
2,240;428,-1.87147819248272E-5
2,176;800,1.8704062098479058E-5
2,343;898,1.8699398053023067E-5
2,377;676,-1.8696371056933465E-5
2,750;991,-1.8690116076857933E-5
2,427;436,1.8687446684071166E-5
2,293;500,1.8685194461712546E-5
2,564;908,1.8673863379414375E-5
2,322;584,1.866729004475006E-5
2,796;975,1.865634529551047E-5
2,277;702,-1.865334933052834E-5
2,31;821,1.8634901743157874E-5
2,484;793,1.863280261588305E-5
2,557;842,1.861481164048333E-5
2,64;94,-1.861360809446358E-5
2,307;341,-1.8603578318899823E-5
2,146;582,-1.8596454064888295E-5
2,507;860,-1.8593193780099063E-5
2,361;586,1.85899952645066E-5
2,470;950,1.8587269075108084E-5
2,102;333,-1.8586028732199472E-5
2,526;688,-1.858284814312105E-5
2,459;593,-1.8580061849782926E-5
2,522;992,-1.857886490883447E-5
2,11;957,1.8572724067345118E-5
2,356;527,1.8559292243019724E-5
2,790;917,1.8555678046235306E-5
2,191;615,-1.8553623310776074E-5
2,25;264,-1.8549550057216502E-5
2,273;590,1.852188658432861E-5
2,96;265,1.8520195067776238E-5
2,611;889,1.8501144000845246E-5
2,278;823,-1.8488972826045753E-5
2,359;405,1.8480071929463307E-5
2,713;859,1.8472067495521022E-5
2,509;575,1.847073059768383E-5
2,269;781,1.8462095969977998E-5
2,426;473,-1.8460153170481496E-5
2,78;363,1.844929777608652E-5
2,431;988,-1.8448250035163882E-5
2,259;763,1.8442350659842814E-5
2,232;546,-1.8440198013127836E-5
2,464;541,1.8437489746208428E-5
2,146;352,1.8434869977515005E-5
2,155;960,1.843368650933727E-5
2,379;777,-1.8432507856216224E-5
2,633;877,-1.8426398609647737E-5
2,57;560,1.840876596370356E-5
2,49;697,1.8406857750230225E-5
2,5;515,1.840558239353772E-5
2,453;719,1.8404464736217552E-5
2,809;819,-1.8402357643611474E-5
2,459;567,1.840060058669653E-5
2,137;689,1.8399705440607616E-5
2,147;595,-1.837826784617523E-5
2,70;621,1.8365742319681016E-5
2,666;780,-1.836205664080059E-5
2,113;662,-1.836119271329821E-5
2,125;948,1.8358794976681082E-5
2,521;870,-1.8357972079983284E-5
2,262;789,-1.8356548142697226E-5
2,581;658,-1.8346728094431026E-5
2,125;841,-1.8334915771371642E-5
2,241;604,1.833488597418862E-5
2,35;261,-1.8332200097228456E-5
2,139;515,-1.832685936046756E-5
2,949;950,-1.8316509383717205E-5
2,273;552,1.831412473262742E-5
2,184;739,1.8309533269754523E-5
2,583;880,1.8299162963587888E-5
2,662;991,1.8297594732401027E-5
2,184;576,1.8291561121493598E-5
2,808;998,1.8291286511994632E-5
2,279;812,-1.827452414390319E-5
2,442;811,-1.8269465635840152E-5
2,227;485,-1.8261613552787566E-5
2,244;620,1.8246129354540203E-5
2,145;647,-1.8244343031810887E-5
2,20;789,1.8239065485232504E-5
2,699;956,1.8234628131497552E-5
2,402;640,-1.823163753816358E-5
2,256;286,1.822222106318497E-5
2,18;819,-1.8214460100171184E-5
2,419;712,1.821323721245248E-5
2,681;985,-1.8210859811573786E-5
2,361;931,-1.8202225548044986E-5
2,284;290,-1.819724055104546E-5
2,801;996,1.8196159166050484E-5
2,452;643,1.8187788382514325E-5
2,611;850,-1.8186257611758157E-5
2,219;412,1.8173762219659118E-5
2,614;665,-1.8168768732656906E-5
2,26;356,-1.8150396071961453E-5
2,12;44,1.8140659753456866E-5
2,366;929,1.8136491451681634E-5
2,504;578,-1.8131583641895453E-5
2,42;681,-1.8125549170601765E-5
2,90;470,1.8124482310056532E-5
2,278;877,-1.810805084831184E-5
2,245;359,-1.809133548567754E-5
2,608;993,1.8082217743360557E-5
2,255;780,1.8076995644251264E-5
2,141;735,1.8071682909304664E-5
2,366;651,-1.8070599051441293E-5
2,432;796,-1.8067221765247115E-5
2,143;682,-1.8064685131190722E-5
2,766;884,1.806445106025242E-5
2,85;769,1.8046375067492827E-5
2,429;471,-1.8041839821829635E-5
2,336;997,1.804057523055848E-5
2,612;806,1.803293532702944E-5
2,302;520,1.80186501872415E-5
2,8;991,-1.8017117961383805E-5
2,225;947,1.8016862823749458E-5
2,691;922,1.800843714870777E-5
2,24;274,-1.7983624968902754E-5
2,18;962,1.7979855047321604E-5
2,284;738,1.7970772637272503E-5
2,336;745,1.7959104635170468E-5
2,318;723,-1.7956329183681733E-5
2,440;617,-1.7943851059378465E-5
2,640;859,1.793722476855735E-5
2,388;913,-1.7934551659709577E-5
2,174;205,1.792751963599895E-5
2,381;909,-1.792431788630966E-5
2,216;819,1.7899586395319796E-5
2,353;643,1.7888665731245564E-5
2,205;385,1.787878547265846E-5
2,118;650,1.7874292586495652E-5
2,11;468,1.7860040925213388E-5
2,320;636,-1.785848325444482E-5
2,436;829,-1.7851753692026693E-5
2,126;724,1.7851342186479034E-5
2,178;568,1.7845432477125085E-5
2,411;529,1.7793868235753425E-5
2,247;306,1.779233992636349E-5
2,905;922,-1.7791902461432613E-5
2,29;370,1.77894719178535E-5
2,101;600,1.7788840890951203E-5
2,239;740,-1.7786201179621968E-5
2,65;302,1.7771971954862548E-5
2,519;981,-1.7756498568298514E-5
2,836;850,1.77450747965588E-5
2,436;861,-1.7740771619233257E-5
2,156;322,1.7726244116672466E-5
2,228;670,1.7722407542438006E-5
2,135;468,1.7722365503280925E-5
2,247;566,1.7721127326786317E-5
2,522;994,-1.7719547768710986E-5
2,65;369,-1.7715599186343302E-5
2,398;851,1.7700907270697508E-5
2,605;627,-1.7683356806187037E-5
2,295;375,1.7679889926587857E-5
2,74;210,1.7671311244825087E-5
2,69;535,-1.7660043685727433E-5
2,33;729,-1.7659444263222362E-5
2,61;893,-1.7657749578822004E-5
2,157;825,1.7656128301316662E-5
2,141;202,-1.7643308802193255E-5
2,233;653,1.7638694112656156E-5
2,460;551,1.761882802161799E-5
2,155;962,1.7608930564603596E-5
2,596;683,-1.7607664469680097E-5
2,396;634,-1.7600629715995E-5
2,867;971,-1.758146996647705E-5
2,230;355,-1.7569785506765285E-5
2,542;782,1.756629894669305E-5
2,383;693,-1.755918215473681E-5
2,745;800,-1.7558127008396554E-5
2,712;854,-1.7556079738796108E-5
2,718;757,-1.753132941374138E-5
2,384;660,1.7527004376428775E-5
2,324;950,1.75173768955539E-5
2,353;495,1.751377923789098E-5
2,230;684,1.75077998764559E-5
2,281;776,-1.7471063659562816E-5
2,294;859,-1.7463632935240005E-5
2,484;508,1.74615076100203E-5
2,356;645,1.7458002622947027E-5
2,520;978,-1.7456483443940188E-5
2,67;587,-1.7440803207536535E-5
2,676;705,1.7438941872974052E-5
2,374;930,-1.7432906984126002E-5
2,151;794,-1.7431888541338823E-5
2,150;611,1.7423461473737643E-5
2,226;799,-1.7420754578597688E-5
2,561;765,-1.7415020175909027E-5
2,316;497,1.7411292397479398E-5
2,238;307,-1.7410393287443896E-5
2,306;565,-1.7402020855513545E-5
2,475;509,-1.7402010862064202E-5
2,558;930,-1.739309516519774E-5
2,507;717,-1.73885181402611E-5
2,162;176,1.737922327355078E-5
2,167;726,1.7375830968031054E-5
2,576;896,1.7348022341430556E-5
2,483;566,1.73444918708674E-5
2,211;509,1.7325810736226923E-5
2,116;219,1.732214468274972E-5
2,61;359,1.7313557905613338E-5
2,244;280,-1.7291417928488977E-5
2,447;993,-1.7281684225439195E-5
2,566;954,-1.726439267050312E-5
2,400;857,-1.7262848902720035E-5
2,474;942,-1.7255684160605268E-5
2,388;709,1.7234609784713112E-5
2,41;101,-1.7229386768286784E-5
2,500;746,1.722814069619135E-5
2,773;926,1.722507269637527E-5
2,589;656,-1.7223370822304227E-5
2,733;982,-1.7221315143313223E-5
2,65;542,1.7212139603493696E-5
2,352;708,-1.7210717225040822E-5
2,288;966,-1.7204023597400787E-5
2,309;907,-1.720138170469529E-5
2,424;904,1.719903037253387E-5
2,636;929,-1.7185398332047216E-5
2,109;175,-1.718166830987751E-5
2,374;882,-1.7153152534627094E-5
2,782;808,1.7147419994298905E-5
2,18;747,-1.7128744041104914E-5
2,306;808,1.7125067798859578E-5
2,462;680,-1.7116393462455512E-5
2,267;532,1.7113928807006397E-5
2,670;918,1.710781158848251E-5
2,382;807,1.710676786090375E-5
2,68;744,1.7104541950630295E-5
2,269;430,1.7104028173966806E-5
2,274;517,1.7099854004243336E-5
2,89;560,1.7099779590921346E-5
2,71;482,1.709455690449554E-5
2,133;134,1.708716624294522E-5
2,164;234,1.7083196670961677E-5
2,144;212,-1.706279981628753E-5
2,473;961,1.706254873282181E-5
2,41;330,1.7058129895706308E-5
2,507;819,1.7050767578169832E-5
2,109;131,-1.7042804866956714E-5
2,95;368,1.703564821616077E-5
2,291;922,1.703438545271751E-5
2,35;905,-1.70225440387457E-5
2,43;451,-1.7021660517553757E-5
2,567;885,1.701970929642454E-5
2,783;878,-1.6993551904654463E-5
2,532;689,1.699055108574234E-5
2,380;700,1.698825923333485E-5
2,383;784,1.6985613275056204E-5
2,33;79,-1.6985506242509848E-5
2,504;801,1.6984523477433593E-5
2,72;606,1.698189017876697E-5
2,243;602,1.698018555701172E-5
2,46;168,-1.6978696614122962E-5
2,879;984,1.697843313489611E-5
2,81;106,1.6961125284547245E-5
2,501;607,-1.6951029877751004E-5
2,298;747,1.694190560108619E-5
2,43;347,1.6940898701612407E-5
2,915;964,-1.693438559266081E-5
2,259;467,1.692194375569822E-5
2,510;774,-1.690750516359833E-5
2,290;737,-1.690370526081388E-5
2,176;635,-1.690238136825567E-5
2,16;403,1.690216295726657E-5
2,272;433,-1.69011372385381E-5
2,218;287,1.6896496653312096E-5
2,46;169,1.689445786456398E-5
2,387;443,-1.689288449575589E-5
2,262;395,-1.6889879784783014E-5
2,390;799,1.688225490366882E-5
2,91;918,1.688088003755145E-5
2,581;601,1.6853563067405912E-5
2,39;955,-1.685135006560413E-5
2,87;752,-1.6842139609352442E-5
2,664;735,-1.6839798695173627E-5
2,65;190,-1.682499456934143E-5
2,125;839,1.6815627507551625E-5
2,637;834,-1.680717326937551E-5
2,748;866,-1.6806245746480597E-5
2,744;830,1.6792788825756286E-5
2,720;872,1.679084656567928E-5
2,318;988,-1.6775463106850134E-5
2,186;474,1.6774041389529362E-5
2,116;401,-1.6769896969619095E-5
2,345;693,1.6768989357360363E-5
2,467;954,-1.676558264842267E-5
2,185;343,-1.676326266685415E-5
2,355;934,1.6762680934687955E-5
2,108;210,1.675657569615275E-5
2,403;664,1.674580353282574E-5
2,99;459,-1.6734316095646642E-5
2,80;771,1.6731985696400068E-5
2,304;376,1.6718276224369205E-5
2,289;573,1.671541341527952E-5
2,233;742,1.6688836837811876E-5
2,229;326,1.6665330296672673E-5
2,5;255,1.6660654495501517E-5
2,328;661,1.665899195481018E-5
2,725;950,1.663582870330942E-5
2,327;620,-1.6626496202137318E-5
2,389;744,1.661991245553378E-5
2,70;324,1.6598610685904964E-5
2,655;883,1.659783753346134E-5
2,115;613,1.6596134982581646E-5
2,108;152,-1.6587119932581684E-5
2,685;912,1.65826688086651E-5
2,155;289,-1.658179650947473E-5
2,44;54,1.658085045801847E-5
2,144;712,-1.657571865457856E-5
2,309;706,-1.656469550351095E-5
2,524;684,-1.6563102250913313E-5
2,312;467,1.6553597766120452E-5
2,310;537,-1.6540921953841593E-5
2,45;244,-1.650961179560096E-5
2,95;748,-1.6493777897873164E-5
2,533;966,1.6491002023520788E-5
2,134;323,-1.6488024196689966E-5
2,380;563,-1.6485425401611075E-5
2,14;473,-1.647281272576788E-5
2,267;883,-1.6465373050748667E-5
2,587;832,1.6463233742579357E-5
2,705;948,-1.6454426428495436E-5
2,745;928,1.645377518373937E-5
2,471;814,1.6447375921674893E-5
2,24;324,-1.6446393545967005E-5
2,395;868,-1.6444902566459444E-5
2,627;843,-1.6422625327583642E-5
2,261;422,-1.6418248523683703E-5
2,175;334,1.641591756418559E-5
2,119;992,1.6409864886061832E-5
2,277;514,1.6409773872547903E-5
2,386;658,1.6399440883800195E-5
2,19;292,1.6397073528337386E-5
2,239;547,-1.638812056338299E-5
2,59;243,-1.6379391884284436E-5
2,577;801,1.637912850314511E-5
2,43;678,-1.637383660195255E-5
2,238;454,-1.6369876825055043E-5
2,165;313,-1.635844809722995E-5
2,604;966,1.6357277094528166E-5
2,568;792,-1.634046651070184E-5
2,314;688,1.6327571771988854E-5
2,226;838,1.6314909906552008E-5
2,13;394,1.6312002228055013E-5
2,446;820,-1.6304342308828918E-5
2,692;985,1.6298755227772646E-5
2,277;935,-1.6297178932090817E-5
2,227;746,1.6286521355186622E-5
2,302;828,1.6266532101540167E-5
2,260;967,-1.6259053040779723E-5
2,48;252,1.6251203450612735E-5
2,264;971,1.6247496869198934E-5
2,133;489,-1.621028735882272E-5
2,22;553,-1.620540418764259E-5
2,44;946,-1.6188946795051226E-5
2,336;824,-1.6177183526696398E-5
2,448;711,-1.6177018517479485E-5
2,99;209,1.6170613487784393E-5
2,247;605,1.6167899173343685E-5
2,68;619,-1.6164464750830654E-5
2,165;675,-1.616014522311718E-5
2,727;947,-1.6157936509823976E-5
2,390;772,1.6154562258208096E-5
2,268;631,1.6154075156026488E-5
2,227;524,1.6145769362268706E-5
2,295;785,-1.6130574728190643E-5
2,782;975,-1.612829721651554E-5
2,222;524,1.6112303998619657E-5
2,609;903,1.6084899834431008E-5
2,739;838,1.608014459346103E-5
2,548;662,-1.607738689794239E-5
2,214;499,-1.6058331665812054E-5
2,90;706,-1.6049244645442432E-5
2,465;556,1.6046972297353207E-5
2,340;911,1.604436200296402E-5
2,726;756,1.6039119837167174E-5
2,547;769,-1.6031406311237645E-5
2,461;758,-1.6024638184029468E-5
2,309;562,1.600025014126412E-5
2,235;615,1.5998880892723343E-5
2,216;246,-1.598629039948968E-5
2,542;728,1.5973599450043265E-5
2,711;848,-1.597011863783869E-5
2,306;508,-1.5960669270780048E-5
2,401;923,-1.5959610433172256E-5
2,404;947,1.595703244255526E-5
2,749;838,-1.5955196270429317E-5
2,626;639,-1.5952400251856394E-5
2,459;742,1.5920881979836417E-5
2,260;469,-1.591860444089779E-5
2,191;263,1.5902850071712465E-5
2,755;756,1.5888505563339444E-5
2,107;620,1.58821716807377E-5
2,433;943,1.5881047332707875E-5
2,45;795,-1.5869260856665777E-5
2,541;607,1.5848261043048934E-5
2,136;720,-1.584064731102446E-5
2,381;726,-1.582729754601932E-5
2,131;232,-1.5823075447970836E-5
2,96;452,-1.5805987334286508E-5
2,0;300,1.5799149389472366E-5
2,153;705,1.5796863384926618E-5
2,322;740,1.5787982668978137E-5
2,394;708,-1.5787147760917546E-5
2,205;224,-1.5784986041329316E-5
2,500;517,1.5776868979008413E-5
2,355;412,-1.5771412806979455E-5
2,432;930,-1.5768614406423744E-5
2,599;743,-1.5760662034445038E-5
2,49;734,1.5752312797416638E-5
2,0;758,1.574537107539591E-5
2,44;949,-1.574075400574123E-5
2,361;872,-1.5735651340309034E-5
2,196;360,-1.572708902137065E-5
2,332;440,1.57257949117757E-5
2,45;122,1.5716501491199435E-5
2,251;802,1.5713242446925824E-5
2,583;863,1.569784714203737E-5
2,48;818,1.5694562319504192E-5
2,813;951,1.5694441728376322E-5
2,337;898,-1.5687664321344673E-5
2,229;593,-1.5683605244818946E-5
2,47;483,1.5678981969092795E-5
2,21;655,-1.5676050823340887E-5
2,259;848,1.5669803834087006E-5
2,306;857,1.5662741522553572E-5
2,276;915,-1.565957995270115E-5
2,290;463,1.5659209934645938E-5
2,264;298,1.5658086563466178E-5
2,89;937,-1.5638865844498433E-5
2,288;884,1.5638565887112555E-5
2,514;857,-1.5624585702646534E-5
2,373;533,-1.5624394847900755E-5
2,844;927,1.562404218949709E-5
2,81;548,-1.5623619213348046E-5
2,685;999,-1.562136248554696E-5
2,60;901,-1.5612804867139634E-5
2,362;989,1.5609302318380564E-5
2,628;722,1.560841732373236E-5
2,340;907,-1.5603914765914828E-5
2,84;721,-1.5592314490429618E-5
2,23;414,-1.558932185925411E-5
2,208;846,1.5585578150082927E-5
2,94;293,1.5583297795695357E-5
2,167;512,1.556732369557421E-5
2,360;378,1.5544461677118294E-5
2,155;965,-1.5543054122669596E-5
2,746;850,-1.554042905151392E-5
2,249;927,1.553687135625555E-5
2,2;841,-1.5521762568955863E-5
2,47;966,1.5517625346648004E-5
2,494;852,1.5516207198696736E-5
2,116;999,1.5508484831835714E-5
2,213;891,1.5500066182806686E-5
2,268;447,-1.549731291453653E-5
2,371;856,-1.549041701389523E-5
2,292;428,-1.548568625150832E-5
2,69;940,1.5482463872412902E-5
2,405;789,1.5479630353824638E-5
2,634;988,-1.546462154093864E-5
2,178;453,-1.5459437744265778E-5
2,715;745,1.5456545610527206E-5
2,473;926,-1.5456250868703546E-5
2,113;389,1.5443459201902216E-5
2,471;887,-1.5435574941848078E-5
2,33;556,1.542312275998865E-5
2,285;351,1.542011371791649E-5
2,154;548,1.5419248048072153E-5
2,335;440,-1.540206410876592E-5
2,78;618,-1.537298301479071E-5
2,753;894,-1.5371568322154744E-5
2,217;546,-1.536805827972471E-5
2,173;432,1.5361788730920495E-5
2,59;304,-1.534142638613206E-5
2,863;877,-1.5337151051202697E-5
2,272;972,-1.533697645375069E-5
2,441;952,1.533384445390816E-5
2,190;311,1.532201418539371E-5
2,144;500,-1.5300550603448288E-5
2,618;928,-1.5298242294330332E-5
2,285;872,-1.5293030038882393E-5
2,271;917,-1.5292054094081247E-5
2,227;405,-1.5283931420206905E-5
2,416;614,1.5253277275338728E-5
2,569;978,-1.5241155449806566E-5
2,330;881,-1.5233683695265481E-5
2,740;991,-1.5232490820354335E-5
2,690;811,1.5232275262819978E-5
2,141;228,1.522535655751732E-5
2,753;834,1.5215323230023614E-5
2,224;797,1.5213351320741246E-5
2,108;255,1.5206396096591266E-5
2,328;865,1.5203651951109038E-5
2,432;550,-1.5195723988107573E-5
2,136;252,1.5194755584666153E-5
2,93;626,1.5189319422895376E-5
2,97;748,-1.5188465654404771E-5
2,648;925,-1.5179281345933247E-5
2,63;93,-1.5173386910587259E-5
2,337;500,-1.5165010326494193E-5
2,638;656,1.515924295610508E-5
2,139;549,-1.5158256501553031E-5
2,375;666,-1.5151554638909967E-5
2,21;220,1.5151249870459325E-5
2,596;690,-1.5146723204121135E-5
2,566;719,1.5142059951904611E-5
2,301;507,-1.5138832013876132E-5
2,654;875,-1.5136177137374634E-5
2,305;673,1.5109214848132787E-5
2,903;992,1.5104364214168151E-5
2,306;421,1.5098617554083226E-5
2,49;290,1.5091858697065783E-5
2,126;221,1.5090295839222543E-5
2,199;914,1.5073980506170787E-5
2,713;748,-1.5064842866377992E-5
2,377;399,1.5060681792555052E-5
2,381;634,-1.5048014087548543E-5
2,324;508,1.5038398657387098E-5
2,548;878,-1.5037676180249891E-5
2,48;842,-1.5031255179218307E-5
2,297;452,1.5024418219687374E-5
2,346;832,-1.5021960192709138E-5
2,125;926,1.5020371704494883E-5
2,201;375,-1.5019687276820571E-5
2,234;472,-1.5002369818646021E-5
2,302;815,-1.4989758562059822E-5
2,85;958,-1.4985999822452933E-5
2,128;917,-1.4983810211363122E-5
2,293;756,-1.4960334837193182E-5
2,331;865,-1.4957109029807305E-5
2,427;824,-1.4954057404095147E-5
2,838;981,1.4931787878594199E-5
2,559;641,1.493099602029617E-5
2,732;884,1.492345277432073E-5
2,283;697,1.4921746174706728E-5
2,138;456,1.491589336150073E-5
2,183;541,-1.4912647138780159E-5
2,174;229,1.4910050482153576E-5
2,461;715,1.4899805804353748E-5
2,70;146,1.4899748523261786E-5
2,11;505,1.4883317749852371E-5
2,8;92,1.487484028019992E-5
2,107;281,-1.4866410234961338E-5
2,702;862,1.4863269460294152E-5
2,182;944,1.4860426686730387E-5
2,793;856,1.4857550866298142E-5
2,235;762,1.4844637416391117E-5
2,187;404,-1.484377703093892E-5
2,455;928,1.4823301448684926E-5
2,681;783,-1.4807095618177022E-5
2,73;892,-1.4774924887240773E-5
2,739;971,-1.4749752869337555E-5
2,392;767,-1.4749096799185132E-5
2,891;963,-1.4744034889802061E-5
2,189;784,1.4736594913195118E-5
2,152;669,-1.4731276100428917E-5
2,743;912,-1.4725827152040155E-5
2,302;437,-1.4714827889572249E-5
2,353;753,1.4713017853755978E-5
2,373;604,1.4706104516793918E-5
2,519;549,1.4701707235692623E-5
2,735;825,1.469820561019084E-5
2,77;184,-1.4694237533407931E-5
2,316;953,-1.4689152536619225E-5
2,319;711,-1.4684419296212699E-5
2,135;563,1.4678329097610716E-5
2,461;985,-1.4676528985677205E-5
2,548;729,-1.4648879949495572E-5
2,168;770,-1.4637727922608389E-5
2,276;434,1.4628700550688766E-5
2,191;599,-1.4606888101364315E-5
2,528;616,-1.460442571947751E-5
2,129;571,1.4601912292757813E-5
2,295;889,1.4597216590320483E-5
2,862;927,-1.4587309924667288E-5
2,547;740,1.4586658935364962E-5
2,696;966,1.4575792348456175E-5
2,191;688,-1.4574979765638884E-5
2,522;855,-1.457278410609936E-5
2,54;710,-1.456629507551965E-5
2,572;836,-1.4558401158551712E-5
2,70;988,1.4556446534501597E-5
2,157;333,1.4556297823192014E-5
2,167;689,1.4549908663869113E-5
2,265;367,1.4546584337935563E-5
2,416;535,-1.4545857723895266E-5
2,245;870,-1.4541273282696808E-5
2,819;892,1.4540517871407602E-5
2,159;263,-1.4536621721782758E-5
2,124;226,1.4520548723159895E-5
2,375;876,-1.4519624858096342E-5
2,383;554,1.4514032567795806E-5
2,721;909,-1.4510190836814943E-5
2,301;346,1.4508249211129508E-5
2,180;439,-1.450755849820263E-5
2,74;819,-1.4495516265905778E-5
2,88;472,-1.449030779946095E-5
2,140;429,-1.4467495050693405E-5
2,579;845,-1.4464359815026931E-5
2,363;529,1.4455584598820973E-5
2,29;224,1.4450309763632458E-5
2,314;936,-1.4436994434194341E-5
2,34;847,-1.443667579967306E-5
2,185;277,-1.44248277621645E-5
2,199;813,1.4421892235190436E-5
2,469;592,1.4414532744810743E-5
2,362;522,-1.4409372679101432E-5
2,63;580,1.440521945743626E-5
2,497;859,-1.4403623043932362E-5
2,696;713,-1.4401901210786244E-5
2,537;985,-1.4401666948584347E-5
2,13;548,-1.4398449194541864E-5
2,560;937,-1.4391805338162287E-5
2,450;552,-1.4387230939127894E-5
2,836;912,1.4385009926382436E-5
2,87;918,1.4381851035808372E-5
2,108;273,1.4381281725708355E-5
2,571;640,1.4369950560560754E-5
2,569;810,-1.436665503055866E-5
2,337;665,1.4345370750766016E-5
2,172;396,1.4344479855013526E-5
2,143;605,-1.4339951162867686E-5
2,285;673,1.4332217173804018E-5
2,97;561,1.4329057838882178E-5
2,332;500,1.4329017674597996E-5
2,654;715,-1.4323411522158308E-5
2,179;993,1.4318787355680028E-5
2,165;466,1.4314478709586017E-5
2,199;458,1.4313326371252857E-5
2,67;553,-1.4311385659157405E-5
2,245;455,-1.430480167378102E-5
2,221;540,1.4298371274836876E-5
2,241;907,-1.4294972874787996E-5
2,55;61,1.4294648040286295E-5
2,467;805,-1.4294134118480115E-5
2,549;859,-1.4283709199116861E-5
2,317;542,1.4282684902391256E-5
2,85;499,-1.426901535224772E-5
2,354;675,1.4252914748420964E-5
2,445;960,-1.4250248481918746E-5
2,643;733,1.4245843072427149E-5
2,61;562,1.4242506825726195E-5
2,10;419,-1.424107951761519E-5
2,691;702,-1.4235208396074602E-5
2,755;948,-1.4231081183564955E-5
2,108;114,1.4230675146606281E-5
2,325;420,1.4228406494328078E-5
2,795;963,-1.4224913611718925E-5
2,616;929,1.4215219141441047E-5
2,65;341,-1.4201172252461554E-5
2,768;855,-1.4192117278997968E-5
2,173;819,-1.4191681032645773E-5
2,154;622,-1.4188712397538845E-5
2,264;644,-1.4177289921039858E-5
2,752;846,1.4160905722747873E-5
2,281;786,-1.4150595449140651E-5
2,688;714,1.4140573591526876E-5
2,126;440,1.413346266766969E-5
2,44;273,-1.4131505449991055E-5
2,706;902,-1.412794592897108E-5
2,649;753,1.4116253805190972E-5
2,156;726,-1.411544956118567E-5
2,516;707,-1.4110713692525885E-5
2,755;988,-1.410947269951754E-5
2,78;498,-1.4107899390054105E-5
2,972;979,1.4103514089182688E-5
2,238;721,-1.41014046892732E-5
2,62;315,1.4097147860387863E-5
2,171;849,1.4093242410117679E-5
2,637;938,1.4082186802864869E-5
2,64;805,1.4063571893628932E-5
2,141;454,1.4061015591972291E-5
2,105;607,1.4049197260681822E-5
2,492;858,1.4047033730072881E-5
2,178;555,-1.404393592785238E-5
2,28;424,-1.4043735584620219E-5
2,144;182,-1.4043578029216352E-5
2,167;390,-1.4042244517110634E-5
2,74;285,-1.4038268884406555E-5
2,343;730,1.4034452001585503E-5
2,732;986,-1.4014913830376604E-5
2,815;896,-1.4013125002329908E-5
2,43;600,1.3978141331924773E-5
2,470;650,1.3975084765050633E-5
2,417;580,1.3961463442062567E-5
2,614;902,1.3955009553910974E-5
2,99;267,1.3951975563969217E-5
2,103;195,1.3949166943607484E-5
2,263;527,-1.3946942386551736E-5
2,683;846,-1.3939362485115715E-5
2,47;77,1.3934345917378028E-5
2,83;601,-1.3923116923843417E-5
2,250;433,1.3918809028206847E-5
2,466;809,1.3911777782781881E-5
2,564;808,1.3899118057885157E-5
2,245;404,1.389653182158622E-5
2,346;562,1.3879196369437457E-5
2,348;854,1.3862141542052508E-5
2,256;259,1.3855954425642525E-5
2,306;765,-1.384930255317944E-5
2,136;139,1.3839963272011212E-5
2,23;285,-1.3835560705447493E-5
2,299;915,-1.3822539814496687E-5
2,210;747,1.3819971484920105E-5
2,475;521,1.3814896097399524E-5
2,42;536,-1.3808235587851492E-5
2,169;594,1.3784887553600856E-5
2,91;446,1.3784115935060116E-5
2,784;882,1.3783068550435991E-5
2,76;489,1.3782826860142451E-5
2,384;919,-1.3772991766160675E-5
2,186;277,1.3762025675851837E-5
2,470;999,1.375917067511661E-5
2,458;649,1.375166967096511E-5
2,734;876,1.3746716749445332E-5
2,526;638,1.3744015226808481E-5
2,195;327,-1.3736308704534891E-5
2,671;854,-1.373133874861533E-5
2,205;631,-1.3729855363435528E-5
2,44;768,-1.3727676785823645E-5
2,99;410,1.372355426281266E-5
2,291;806,1.3719475986148534E-5
2,129;163,1.3716926664057151E-5
2,36;42,1.371648416830576E-5
2,16;247,-1.3707989407733751E-5
2,608;850,1.3683834115344983E-5
2,436;494,1.3680884847064951E-5
2,243;700,1.3680693152904313E-5
2,428;856,-1.3679323332027882E-5
2,56;474,-1.36738961686583E-5
2,172;570,1.3668555217553033E-5
2,195;786,-1.365518490073768E-5
2,567;707,1.365405298718397E-5
2,187;302,-1.3650374272588917E-5
2,260;482,-1.364966097557975E-5
2,16;585,1.363399538557715E-5
2,326;977,-1.3626922548765841E-5
2,139;869,-1.3622993859158082E-5
2,422;496,1.362257810385735E-5
2,468;494,1.3616762221827017E-5
2,469;967,1.3609377095666467E-5
2,205;739,-1.359843014323869E-5
2,266;505,1.359544539880974E-5
2,22;559,-1.3593863910997002E-5
2,772;828,1.3587578998760661E-5
2,275;290,1.3580186796948969E-5
2,15;956,1.3563958080365916E-5
2,61;276,1.3559451519913474E-5
2,398;710,-1.3549137125267938E-5
2,125;385,1.3543435064317985E-5
2,292;824,-1.3540659682883229E-5
2,604;803,1.3530199405873647E-5
2,307;697,1.3529575983796825E-5
2,163;207,1.352796125976876E-5
2,192;805,1.3511602606603096E-5
2,684;956,1.3510902840481044E-5
2,568;681,1.3509371129063988E-5
2,165;223,1.3507327976477018E-5
2,434;659,1.3506668710937646E-5
2,861;983,-1.3504708857013989E-5
2,452;793,1.3501908915517391E-5
2,273;410,-1.3486721640748729E-5
2,611;682,1.3486109338602985E-5
2,124;492,-1.348590455983872E-5
2,177;222,1.3482662753061308E-5
2,69;797,-1.3465643088482418E-5
2,395;929,1.346490663675397E-5
2,677;701,-1.3456571931787808E-5
2,208;434,1.3453189156787657E-5
2,532;699,1.3449754019467775E-5
2,220;654,-1.343281387458424E-5
2,404;787,-1.3429933129859355E-5
2,237;734,1.3423257200479805E-5
2,78;600,-1.3421787415564064E-5
2,74;513,1.341989981413512E-5
2,528;955,-1.3410879786816984E-5
2,442;961,1.3406839367563144E-5
2,153;661,-1.3401635509014861E-5
2,262;587,-1.33988873853233E-5
2,165;500,-1.3394311469614273E-5
2,654;831,-1.3392639565635103E-5
2,412;443,1.3388252440014921E-5
2,34;523,-1.3381670996438611E-5
2,49;582,-1.3378047761853779E-5
2,149;311,1.3374206940008543E-5
2,125;815,1.3360333045927726E-5
2,694;994,-1.3352006511651097E-5
2,110;705,1.3342130144302797E-5
2,145;761,-1.3338295298547076E-5
2,43;335,-1.3335520361471537E-5
2,473;566,-1.333361499321828E-5
2,177;383,1.3309618819052113E-5
2,548;733,-1.3300806378366348E-5
2,5;139,1.3293225380979573E-5
2,641;792,1.3281885926914386E-5
2,213;621,1.3279416433052083E-5
2,255;727,-1.3274598351317169E-5
2,547;958,-1.3268296619608642E-5
2,640;832,-1.3265398149027725E-5
2,262;684,1.3262708217142962E-5
2,24;489,-1.3259738897390655E-5
2,83;992,1.3257205519254412E-5
2,96;284,-1.323980831739438E-5
2,382;774,-1.3233819408697189E-5
2,366;951,-1.3206935185489127E-5
2,120;792,1.319428095398327E-5
2,467;883,1.3175165957407517E-5
2,32;306,-1.3173055190412898E-5
2,784;942,-1.3167602548394303E-5
2,340;998,1.315914279750528E-5
2,692;782,1.3153136581865729E-5
2,23;671,-1.314799744741596E-5
2,717;922,-1.3146109487683958E-5
2,477;917,-1.3139428284145993E-5
2,818;914,1.313672713648003E-5
2,259;307,-1.3128353219823989E-5
2,363;843,-1.3108781557821234E-5
2,447;485,-1.3106415378821984E-5
2,283;644,-1.3100850377061726E-5
2,303;492,-1.3097967619499874E-5
2,492;980,1.308726969572525E-5
2,2;655,1.308723515876143E-5
2,272;713,1.3084632597620705E-5
2,691;750,1.308234851604636E-5
2,0;54,-1.306508905758591E-5
2,504;579,-1.3045513170173706E-5
2,614;800,-1.3026188431194571E-5
2,921;926,1.298800994305993E-5
2,16;859,1.2985195160365462E-5
2,518;625,-1.2978118120259869E-5
2,101;960,-1.2977232247521515E-5
2,360;686,-1.296945678660302E-5
2,776;821,-1.2968354531258036E-5
2,3;413,1.2960815174246892E-5
2,575;607,-1.2949987075549334E-5
2,50;264,1.2949774155357752E-5
2,92;184,1.2944146025363493E-5
2,243;246,1.293958454824161E-5
2,815;874,1.293662514754683E-5
2,883;920,1.2932390249521503E-5
2,91;322,1.2929375204096328E-5
2,22;433,1.2925308696899923E-5
2,468;497,-1.2913812019252228E-5
2,25;480,-1.2912051902711234E-5
2,114;505,-1.2912015044882816E-5
2,770;927,-1.2908838323998376E-5
2,67;620,1.2903993212882368E-5
2,765;768,1.290306892653574E-5
2,713;731,1.289782202018051E-5
2,856;935,-1.2891434935622857E-5
2,961;971,1.2883359591619861E-5
2,116;374,1.2877361371611121E-5
2,312;954,1.2870432599490347E-5
2,542;645,-1.2867886787024208E-5
2,187;525,-1.2863145888697834E-5
2,246;936,1.2855418085546067E-5
2,65;841,1.284592683798274E-5
2,179;936,-1.2840726260840735E-5
2,241;523,-1.2839254124165748E-5
2,844;848,1.2828918824285367E-5
2,489;747,1.2821356215217257E-5
2,291;463,1.2804594051271365E-5
2,564;742,1.2799147417654886E-5
2,56;481,-1.2795672059824233E-5
2,429;707,1.2784726572294542E-5
2,290;680,-1.2783716920594758E-5
2,467;545,-1.2783461868963717E-5
2,111;752,1.2779166931986347E-5
2,464;522,1.2777502844606384E-5
2,66;172,-1.2777241266136538E-5
2,44;297,-1.2774930715958477E-5
2,472;475,-1.2772652973256888E-5
2,470;731,-1.2772184224214633E-5
2,543;859,1.2768846770879804E-5
2,493;739,-1.276708297987847E-5
2,25;859,-1.2764098629993722E-5
2,385;711,-1.2754379584918958E-5
2,285;940,1.2739726900590824E-5
2,266;760,1.2725448711567222E-5
2,394;503,-1.2719176670299803E-5
2,91;521,-1.2712202452724615E-5
2,201;901,-1.2711062128536025E-5
2,36;899,-1.2701067395055732E-5
2,388;527,-1.2697654401806543E-5
2,75;234,-1.2694458641653098E-5
2,600;789,1.26848248892022E-5
2,173;564,-1.2672234142273544E-5
2,118;564,1.2666841362218836E-5
2,346;716,-1.2666191812298468E-5
2,393;410,-1.2631043749884459E-5
2,11;244,1.262796139341375E-5
2,14;220,-1.2621922991973275E-5
2,337;466,-1.2612912124300408E-5
2,267;467,1.2610988354476077E-5
2,332;741,-1.2610880138438238E-5
2,295;452,-1.2602497227039579E-5
2,245;247,1.2599398676279648E-5
2,537;558,-1.2599158397660613E-5
2,69;541,-1.2581879436649125E-5
2,241;866,-1.25707080567218E-5
2,63;349,-1.2570224156531356E-5
2,19;783,-1.2568048710388295E-5
2,603;980,-1.2566301734033878E-5
2,613;907,1.2565355721704003E-5
2,377;524,1.2559455596809072E-5
2,538;818,-1.2558019170436305E-5
2,484;505,-1.2557871587596984E-5
2,922;956,-1.2550177729333641E-5
2,460;625,-1.2547232390040978E-5
2,187;861,-1.2547188172174537E-5
2,21;991,1.254608402793839E-5
2,388;847,-1.2541924741204742E-5
2,60;556,1.2541131643128141E-5
2,64;152,-1.2524115231829992E-5
2,577;650,1.2515160824372721E-5
2,529;918,-1.2487475918430593E-5
2,723;830,1.2469020434703677E-5
2,667;905,-1.2461921336477534E-5
2,64;592,1.2458239642543744E-5
2,96;545,1.2455239434961463E-5
2,382;903,1.2454691025284154E-5
2,41;419,1.2454544985374335E-5
2,298;665,-1.245063344459555E-5
2,395;819,1.244624239300713E-5
2,442;484,-1.2441787151530978E-5
2,610;852,-1.2431611663996339E-5
2,396;944,-1.2428891006649567E-5
2,249;758,-1.2422092830552358E-5
2,16;822,1.2409515637003669E-5
2,672;746,-1.2375616111302785E-5
2,156;502,-1.2374329218834616E-5
2,822;859,-1.2356789269335394E-5
2,434;942,-1.2351417238979868E-5
2,24;928,1.2349595702064557E-5
2,903;951,-1.2346948918730981E-5
2,265;870,1.234645410042572E-5
2,51;418,1.2333721292458868E-5
2,650;852,-1.232743747696059E-5
2,576;764,1.2326702693219512E-5
2,286;405,-1.2325805611944511E-5
2,349;987,-1.2323172126205574E-5
2,548;991,-1.2296506566967325E-5
2,442;552,-1.2292421842702885E-5
2,76;213,-1.2286748936563622E-5
2,107;877,1.2284842911751678E-5
2,73;604,-1.2283410977156677E-5
2,405;899,-1.2275820967639405E-5
2,596;635,-1.2273305122754912E-5
2,542;808,-1.2268543268076484E-5
2,53;423,-1.2263768101186238E-5
2,611;859,-1.2257621576947351E-5
2,290;494,1.224303305869346E-5
2,434;596,1.22405872962471E-5
2,146;700,-1.2235416259144504E-5
2,21;136,-1.2216529142889083E-5
2,38;798,-1.221568770537177E-5
2,66;762,-1.2209990355884853E-5
2,659;903,1.2206307838203794E-5
2,152;278,-1.2196450602714755E-5
2,684;827,-1.2182995438376421E-5
2,601;695,-1.2170660442746846E-5
2,150;358,-1.2164511666926938E-5
2,189;481,1.2163026911933411E-5
2,118;932,-1.2159575734016295E-5
2,195;823,-1.2157063687996197E-5
2,531;719,1.214888536108923E-5
2,697;824,1.2128860093082769E-5
2,161;761,1.2114829879087856E-5
2,438;770,-1.2114010992091361E-5
2,649;735,-1.2091053008589773E-5
2,376;845,-1.2083343264724617E-5
2,68;838,1.207795890363278E-5
2,489;880,-1.2073734227170959E-5
2,247;627,-1.2071626308443855E-5
2,168;182,-1.2068040117057185E-5
2,220;531,-1.2063277227738424E-5
2,271;369,-1.2052833982389947E-5
2,358;864,-1.2052481266916094E-5
2,52;191,1.2048443539053488E-5
2,581;615,1.2047010630527911E-5
2,494;737,-1.2042800929780905E-5
2,491;912,1.2040106709483856E-5
2,52;120,-1.2027242140950162E-5
2,707;988,-1.2011961518333445E-5
2,291;809,1.1979738189669756E-5
2,504;773,-1.1977788074154366E-5
2,316;334,-1.1956218152789702E-5
2,806;932,-1.195215797980892E-5
2,140;145,-1.1949583697455006E-5
2,351;954,1.1944652114917934E-5
2,225;908,-1.1939039120318088E-5
2,56;458,1.1938823293905186E-5
2,476;820,-1.1938775352856504E-5
2,243;594,1.1937468551259648E-5
2,285;458,1.1934253820116387E-5
2,407;951,1.193060343679005E-5
2,17;357,1.1922456399736257E-5
2,219;895,1.1918617646050712E-5
2,82;124,-1.1906712224665508E-5
2,34;896,1.1897315374651719E-5
2,352;918,-1.1897075332528067E-5
2,460;758,-1.189385678770771E-5
2,239;655,-1.1884721473890716E-5
2,208;369,-1.1882768143061146E-5
2,269;344,1.1880666623719714E-5
2,702;931,-1.1858023474670854E-5
2,156;239,1.1856677316501613E-5
2,557;855,-1.1850012953672867E-5
2,154;418,-1.1840652673373551E-5
2,100;653,1.183507028948039E-5
2,213;722,1.1824530146934531E-5
2,745;822,-1.1823288310408772E-5
2,48;259,-1.1819827252366604E-5
2,86;972,-1.1818307141950986E-5
2,169;633,1.1813819625339728E-5
2,128;500,-1.1812840518449667E-5
2,338;456,-1.1796190559522892E-5
2,16;152,-1.1795498400202199E-5
2,364;414,1.1778689049722912E-5
2,427;491,-1.1772428421680505E-5
2,213;595,1.1761256141283459E-5
2,371;410,-1.1747640074382019E-5
2,165;596,1.1734937024430015E-5
2,443;999,1.173370748785237E-5
2,0;75,1.1730720583165087E-5
2,826;984,1.1725917230421699E-5
2,459;475,-1.1722633866873739E-5
2,400;651,1.1720852608944642E-5
2,116;923,1.1717057675734978E-5
2,310;313,1.1690572909709172E-5
2,47;744,1.168669266002194E-5
2,918;966,1.1676338986552466E-5
2,804;831,1.1673202436722833E-5
2,21;702,1.1663988845885644E-5
2,270;384,1.1657295916762692E-5
2,332;674,1.165711020146027E-5
2,474;767,-1.1652145988646491E-5
2,249;306,1.1646722808461838E-5
2,625;970,-1.1646219723842416E-5
2,61;278,-1.1645999118237674E-5
2,249;631,1.1643993762908798E-5
2,220;958,1.1625011780099014E-5
2,310;496,-1.1623028405715468E-5
2,581;806,1.1614658764373415E-5
2,677;908,-1.161125365513208E-5
2,462;925,1.1608684925286856E-5
2,423;442,1.159198780132261E-5
2,737;907,-1.159095636464675E-5
2,478;893,-1.1586685489370513E-5
2,17;155,-1.1586535216045122E-5
2,143;557,1.158290380472738E-5
2,357;910,1.1582872856677592E-5
2,830;833,-1.1568684570309448E-5
2,97;591,1.1557518853411771E-5
2,117;291,-1.1552322099370082E-5
2,503;524,-1.1551757005256291E-5
2,8;741,1.155092815680121E-5
2,447;646,1.1543769335658492E-5
2,514;776,-1.1539947728623716E-5
2,345;588,-1.1536859002125832E-5
2,21;124,1.1528350376329606E-5
2,433;658,1.1528081985695882E-5
2,548;812,-1.1517938405437839E-5
2,249;445,1.1517184105929558E-5
2,307;629,1.1509239072712591E-5
2,249;451,1.1506195691646252E-5
2,246;294,-1.150553825507985E-5
2,691;847,1.149348826715916E-5
2,112;337,-1.1493479871889007E-5
2,337;390,1.1492215696305778E-5
2,861;989,1.1480010256896725E-5
2,412;559,-1.147261703765147E-5
2,348;845,-1.1471929750991844E-5
2,301;966,-1.1470526912468988E-5
2,235;797,1.1467712338612727E-5
2,214;335,1.146527803818806E-5
2,5;804,-1.1464856993233643E-5
2,199;557,1.1461564218385931E-5
2,270;751,-1.1461246840464734E-5
2,360;537,1.1451748489367558E-5
2,540;862,-1.145049855240601E-5
2,294;387,1.1437609719217087E-5
2,569;922,-1.1435664456288097E-5
2,56;170,-1.1432831519954165E-5
2,536;595,-1.1427427174936389E-5
2,54;335,1.1426902156496953E-5
2,121;542,1.142404080629917E-5
2,385;792,-1.142353284705001E-5
2,635;899,-1.1420260027288437E-5
2,113;681,1.140430182871717E-5
2,506;637,-1.1392124730722707E-5
2,96;789,1.1352766944981045E-5
2,16;482,1.1346181805404085E-5
2,649;708,1.1337745934861143E-5
2,251;553,-1.1324142432484408E-5
2,170;457,1.1323605957766357E-5
2,189;674,-1.1321820278971298E-5
2,333;885,1.1313784485387932E-5
2,231;728,-1.1309262411061511E-5
2,314;424,-1.129937958264507E-5
2,583;846,1.1291707147797325E-5
2,687;967,-1.1275770523290434E-5
2,677;904,1.1273183310385595E-5
2,16;780,-1.1271029315056785E-5
2,400;688,-1.1270002542009924E-5
2,211;497,-1.1262895848312207E-5
2,298;765,1.1262572679388225E-5
2,65;289,-1.1255298547332502E-5
2,160;385,1.125453147997885E-5
2,436;966,-1.1251447613273493E-5
2,29;54,1.1247076567001826E-5
2,489;742,-1.1246390597857759E-5
2,129;765,1.1245838571436945E-5
2,363;999,1.1239331747391567E-5
2,292;530,-1.1231708495452978E-5
2,560;721,1.1225278436310614E-5
2,603;707,1.1217874625804306E-5
2,308;562,1.1204915017151922E-5
2,414;980,1.119835831406972E-5
2,466;606,1.1196006062638195E-5
2,378;743,-1.1183032806064656E-5
2,287;445,1.1174664573774599E-5
2,261;430,-1.117464964739668E-5
2,795;993,-1.116618065652186E-5
2,100;136,1.1161056553402817E-5
2,400;747,-1.1159940268860576E-5
2,300;916,1.1156757637128492E-5
2,628;761,1.1151659054144197E-5
2,432;592,1.1150548746763466E-5
2,603;898,-1.1134064705348691E-5
2,101;721,1.1110226666221136E-5
2,10;285,-1.1107147290429782E-5
2,25;69,1.1088166005122539E-5
2,246;899,1.1086274950727581E-5
2,226;772,1.1078698896877806E-5
2,607;909,-1.1067300253409906E-5
2,278;738,-1.106184775523347E-5
2,499;808,-1.1059658593760569E-5
2,171;882,1.1050266405901663E-5
2,431;698,-1.1042969441441259E-5
2,150;601,1.104265733443844E-5
2,74;886,1.1041742847656705E-5
2,473;567,-1.10409882350683E-5
2,194;283,-1.1037831694330858E-5
2,635;836,-1.1018148568285841E-5
2,95;980,1.1016297847133768E-5
2,281;447,-1.1011543707600727E-5
2,190;473,-1.1008667286639685E-5
2,155;686,1.1007660500268867E-5
2,294;768,1.098021868881579E-5
2,593;757,-1.0979890903355233E-5
2,548;597,1.0967912485631837E-5
2,284;588,1.0948001412613495E-5
2,77;468,1.0920461774517103E-5
2,170;573,1.0918653832779183E-5
2,568;883,-1.088979750076859E-5
2,165;338,1.0889309033191734E-5
2,144;422,-1.0865535778657051E-5
2,893;928,1.0856309492847775E-5
2,338;730,-1.0855289350585172E-5
2,471;717,1.0852548462373855E-5
2,103;331,1.0849579802026607E-5
2,201;731,1.083543352063053E-5
2,441;708,1.0835213984063594E-5
2,118;846,-1.081857938735208E-5
2,439;487,1.0814424076448101E-5
2,82;596,1.080565481722251E-5
2,289;871,1.0804659406118643E-5
2,178;681,-1.0803342491238954E-5
2,44;516,-1.0799977701792928E-5
2,829;936,-1.0785427104491142E-5
2,405;526,1.0784353868448538E-5
2,281;956,-1.0757466741629914E-5
2,223;293,1.07509062797896E-5
2,817;841,1.0748643760521537E-5
2,397;634,-1.0747785026747962E-5
2,8;286,-1.0739799723013814E-5
2,127;321,-1.0727210189432312E-5
2,171;295,-1.0724827540290628E-5
2,15;239,-1.0721057440867714E-5
2,231;310,1.0714759614006967E-5
2,564;923,-1.07145945193916E-5
2,27;461,1.071436559303059E-5
2,676;725,-1.0694574067193157E-5
2,388;834,1.0692064871268166E-5
2,219;607,1.0683642566757042E-5
2,566;857,-1.068079195018835E-5
2,413;675,1.067574770861246E-5
2,389;666,-1.066942883227806E-5
2,95;570,1.06684528017135E-5
2,349;395,1.0647977973247818E-5
2,222;525,-1.064474318792948E-5
2,292;531,-1.064367933948671E-5
2,160;808,-1.064136605468729E-5
2,63;626,1.0628686046205021E-5
2,577;683,1.0617453521983372E-5
2,223;517,1.0615751928831942E-5
2,322;992,1.0607190479230325E-5
2,249;478,-1.0604281394554785E-5
2,68;911,1.0602027993475015E-5
2,737;844,1.0600296943463931E-5
2,143;551,1.059716989277092E-5
2,159;474,1.0596342007199575E-5
2,123;850,-1.059107617323126E-5
2,272;628,1.0572276713680093E-5
2,615;985,1.0552054709914272E-5
2,171;454,-1.0539254949154726E-5
2,83;319,1.0537517393382614E-5
2,858;875,1.0527340051472055E-5
2,229;453,1.0525989479856752E-5
2,344;512,1.0525432131646223E-5
2,706;819,1.051210854568082E-5
2,235;996,-1.0508619333037512E-5
2,100;171,1.0501791933472421E-5
2,264;697,1.049694193143097E-5
2,434;757,-1.047764354549266E-5
2,267;728,1.0474730765806476E-5
2,306;754,-1.0462661523605563E-5
2,262;380,-1.0458742028361133E-5
2,134;882,-1.0457617954165555E-5
2,282;767,-1.0453314049374156E-5
2,289;877,-1.0447065678666322E-5
2,510;705,1.0446084727399684E-5
2,229;507,-1.0442485621131404E-5
2,428;935,-1.0435239673269315E-5
2,164;649,1.043380041217758E-5
2,613;620,-1.0433732549377039E-5
2,208;452,1.0429612350870314E-5
2,953;982,1.0392456160441481E-5
2,348;896,-1.0382634611226987E-5
2,767;981,1.0378903560750868E-5
2,108;681,1.0369078187295226E-5
2,48;753,1.0366278260591454E-5
2,199;578,-1.0365139703999493E-5
2,124;981,1.0360891309753526E-5
2,83;418,1.0358387474734513E-5
2,17;504,1.0329648531323322E-5
2,179;497,1.032413909915026E-5
2,477;807,-1.0320576118117743E-5
2,86;656,1.0317596186719264E-5
2,404;727,1.0316350865479604E-5
2,380;875,1.0313202330665395E-5
2,298;304,-1.0311616311103763E-5
2,724;946,-1.0270337732511279E-5
2,317;702,1.0268602668677782E-5
2,56;582,1.0260785165515912E-5
2,153;465,1.0259446533344613E-5
2,290;400,1.025912803517511E-5
2,144;495,1.0251872778575012E-5
2,543;833,-1.0242341543074914E-5
2,213;943,-1.0242069673801042E-5
2,79;371,-1.0240381347106722E-5
2,305;635,-1.0235253428831846E-5
2,125;249,1.0226915543274144E-5
2,173;472,-1.0226228635722156E-5
2,358;489,-1.0225643246783835E-5
2,165;389,1.0220821304639677E-5
2,236;709,1.0212323188098525E-5
2,662;761,-1.0205798192346128E-5
2,230;545,1.020573734801724E-5
2,407;658,-1.0204610803009419E-5
2,458;918,-1.0198644025991245E-5
2,242;560,1.0189377778396617E-5
2,410;947,-1.0187071373406589E-5
2,153;428,-1.018210839074292E-5
2,49;252,1.0181960235027693E-5
2,5;250,-1.0176495731133967E-5
2,330;714,1.0174529217096287E-5
2,144;546,-1.0162314875167864E-5
2,404;780,1.015454388558161E-5
2,517;772,-1.0143278223844172E-5
2,12;854,-1.0138270815519053E-5
2,339;923,-1.013109523788297E-5
2,152;564,1.0109559343580745E-5
2,337;966,1.0106101680452887E-5
2,138;917,-1.0105701024178765E-5
2,384;744,-1.0076941985621153E-5
2,85;402,1.0067306192043859E-5
2,100;984,-1.0066364554286281E-5
2,205;716,-1.0056450480426485E-5
2,932;938,-1.0034710321708575E-5
2,525;802,-1.0031024188370354E-5
2,308;505,1.002329776785518E-5
2,259;814,-1.0023020691943493E-5
2,69;573,1.0008221055952057E-5
2,81;669,-1.0003324619681197E-5
2,39;428,1.0001891138097282E-5
2,564;789,-9.972746290925258E-6
2,879;966,-9.966356118723676E-6
2,307;734,-9.963970427026268E-6
2,425;626,-9.956834189878058E-6
2,195;592,-9.952246372463496E-6
2,10;388,-9.951297858783157E-6
2,411;774,-9.937603850552286E-6
2,146;836,9.932465129782901E-6
2,50;218,-9.928729313024014E-6
2,210;835,-9.9281383188531E-6
2,650;903,-9.908794106336771E-6
2,159;212,9.894608678554373E-6
2,327;982,-9.888587354137265E-6
2,355;923,-9.884685831404477E-6
2,707;731,-9.883176895912428E-6
2,238;655,-9.86649049415117E-6
2,48;631,-9.865704996929754E-6
2,41;291,9.858412565876484E-6
2,624;986,-9.85211377842379E-6
2,128;826,-9.848411879322752E-6
2,679;902,-9.846927183130732E-6
2,303;861,-9.846354481176927E-6
2,297;473,-9.845172526984206E-6
2,23;204,-9.83851488888917E-6
2,219;527,9.837075209924162E-6
2,114;454,-9.834048193595974E-6
2,332;514,9.826405417149576E-6
2,312;841,9.823235647993739E-6
2,633;639,9.810687403431998E-6
2,374;627,-9.80949382518026E-6
2,403;559,-9.780737235778023E-6
2,131;953,-9.778175474487193E-6
2,46;350,9.765290611769694E-6
2,225;708,9.764078077139804E-6
2,472;890,-9.763825692241723E-6
2,761;768,-9.751264552263966E-6
2,237;243,-9.750906479740474E-6
2,269;365,9.748110415691629E-6
2,22;470,-9.74511814449013E-6
2,464;797,9.742894866378138E-6
2,45;336,-9.73396061483912E-6
2,484;802,-9.726322947986327E-6
2,78;964,9.71743651275701E-6
2,245;631,-9.71246740566413E-6
2,739;919,-9.710759188287506E-6
2,711;717,9.710082065138407E-6
2,32;908,9.708070607399175E-6
2,174;899,-9.70115231722983E-6
2,262;883,9.696280753425255E-6
2,137;919,-9.695294867553217E-6
2,867;883,9.689747402984603E-6
2,255;476,9.670376617391647E-6
2,357;748,-9.667258858956821E-6
2,397;795,9.665425837590003E-6
2,191;195,9.662428134726154E-6
2,144;808,9.647572840263193E-6
2,143;477,-9.643309613417673E-6
2,28;35,9.637897437875749E-6
2,665;933,-9.636393040332633E-6
2,286;647,9.633728189898928E-6
2,197;268,9.632875811450466E-6
2,158;719,-9.631102532750051E-6
2,239;769,9.623671923411043E-6
2,635;791,-9.623523468195911E-6
2,561;750,9.606669717035353E-6
2,170;619,9.605170462560827E-6
2,406;623,-9.60495513680307E-6
2,254;383,-9.602192135253117E-6
2,313;599,-9.600735361723027E-6
2,319;382,9.590667056601671E-6
2,246;768,-9.587654340133804E-6
2,18;966,-9.582674739166249E-6
2,578;662,9.580675747157205E-6
2,221;585,-9.563343946796067E-6
2,450;785,9.509834462114772E-6
2,42;50,9.502939662447505E-6
2,35;90,9.501720453032811E-6
2,198;489,9.499795425185813E-6
2,15;909,-9.494418525646258E-6
2,316;761,9.487677358223396E-6
2,150;620,9.4819597344191E-6
2,754;975,9.475978911185336E-6
2,35;110,-9.456562829345188E-6
2,529;773,9.444126639454458E-6
2,678;794,9.437334651739186E-6
2,784;824,9.429659931585406E-6
2,85;113,9.41638909277602E-6
2,144;797,-9.412192207088874E-6
2,38;922,9.40794360596026E-6
2,564;943,-9.406427778221077E-6
2,248;635,-9.401677714184099E-6
2,719;911,-9.39585837387126E-6
2,351;992,-9.394603463298751E-6
2,338;343,-9.380227662976307E-6
2,243;721,-9.377231600922478E-6
2,706;961,-9.366713231604717E-6
2,576;743,-9.364016225040277E-6
2,281;713,9.36161204004399E-6
2,261;295,-9.359600598626213E-6
2,269;393,-9.355128830087004E-6
2,494;680,9.35337156331801E-6
2,466;816,9.347889477108906E-6
2,333;682,-9.330742217736113E-6
2,652;884,9.3261800534485E-6
2,272;319,9.322202867905998E-6
2,644;701,9.309008366776624E-6
2,229;924,9.304858591513795E-6
2,44;152,-9.301664827461913E-6
2,173;550,9.293640995311006E-6
2,49;655,9.289502823301326E-6
2,570;946,9.287125547695903E-6
2,192;489,9.272305981237752E-6
2,848;937,9.264188055507244E-6
2,614;684,-9.259420485016545E-6
2,905;994,9.249262380139338E-6
2,683;687,-9.246316856241465E-6
2,255;273,9.246206914992357E-6
2,39;468,9.243378912253527E-6
2,158;991,-9.242326258569078E-6
2,17;252,-9.2395533062078E-6
2,18;316,9.225448395561657E-6
2,889;968,-9.223580357698054E-6
2,526;851,-9.223028151656456E-6
2,137;935,9.203794692563831E-6
2,72;579,-9.200144241945416E-6
2,851;914,-9.191655725724825E-6
2,111;306,9.191539906101525E-6
2,294;302,9.181607023344109E-6
2,631;662,9.173336429566136E-6
2,24;308,-9.165715746811957E-6
2,603;971,9.152246524892271E-6
2,356;702,-9.13670129645081E-6
2,652;875,9.136309531667816E-6
2,818;868,-9.129570049477908E-6
2,178;825,-9.128795967081046E-6
2,596;846,-9.127982197323554E-6
2,220;615,-9.127575556426613E-6
2,508;772,-9.12546447168204E-6
2,227;352,-9.12246516471181E-6
2,162;691,9.121084843838331E-6
2,17;924,-9.113364582431511E-6
2,111;127,9.10713884812278E-6
2,21;155,-9.100272483891337E-6
2,199;786,-9.093043447213178E-6
2,26;916,-9.090651714279381E-6
2,380;792,9.087647811901898E-6
2,338;465,-9.079669747646645E-6
2,469;919,9.07670820790484E-6
2,859;866,-9.068003688258698E-6
2,140;913,-9.064901579622982E-6
2,187;595,-9.04398029839941E-6
2,377;946,-9.0342858236283E-6
2,86;737,9.027965776307702E-6
2,562;645,9.015455230764073E-6
2,81;976,9.005372713053277E-6
2,286;918,-9.003631037760068E-6
2,569;731,8.992457117591634E-6
2,665;770,8.980592151943834E-6
2,169;245,-8.980104079921072E-6
2,435;717,-8.958999363781285E-6
2,352;529,-8.95502656349166E-6
2,131;323,-8.936288419765863E-6
2,779;943,8.93226086582109E-6
2,332;646,8.928706177094462E-6
2,120;261,-8.917248608683925E-6
2,442;588,8.915301512389282E-6
2,426;754,8.909481504802935E-6
2,496;596,-8.908209089582811E-6
2,528;826,8.897103315314355E-6
2,13;154,8.893155961699941E-6
2,38;549,-8.870666126739236E-6
2,163;434,8.868101495572989E-6
2,118;798,8.86446690697133E-6
2,300;940,8.863525166676125E-6
2,592;721,-8.86160631697481E-6
2,234;515,-8.853365405570937E-6
2,309;352,8.83338369348692E-6
2,54;429,-8.828737683463865E-6
2,255;672,8.824640207040625E-6
2,700;748,8.819703738861591E-6
2,181;752,8.814178720329426E-6
2,458;466,-8.812738258428783E-6
2,585;882,-8.812150130736552E-6
2,229;757,-8.805524357337586E-6
2,308;476,-8.80146092753277E-6
2,96;289,-8.797693557641657E-6
2,689;700,-8.797671459154624E-6
2,639;769,-8.796528172765193E-6
2,599;946,-8.795145461707219E-6
2,352;666,-8.794565793544082E-6
2,423;961,-8.790100696845282E-6
2,28;596,-8.789032006316817E-6
2,539;634,-8.781248388975801E-6
2,69;170,-8.780573026369667E-6
2,141;222,-8.776834076960602E-6
2,521;995,8.770508380825395E-6
2,100;103,-8.766980471589594E-6
2,559;588,-8.766484478003021E-6
2,494;869,-8.765403856236882E-6
2,33;337,8.763930437331997E-6
2,531;653,-8.759942293482224E-6
2,380;998,-8.758015025470183E-6
2,483;767,-8.7187089772835E-6
2,330;359,8.7183511324518E-6
2,794;999,8.714179290784764E-6
2,884;885,-8.713733273900095E-6
2,63;297,8.705419337677631E-6
2,583;752,8.700322428000062E-6
2,319;590,8.695479824329819E-6
2,53;291,8.679790736475395E-6
2,453;975,8.667225836306841E-6
2,125;254,-8.664296650382417E-6
2,56;744,-8.649441199184188E-6
2,900;934,-8.64817952123402E-6
2,45;739,-8.645889435455987E-6
2,609;636,-8.64045631951303E-6
2,783;953,-8.634043365966487E-6
2,146;561,8.63088478534993E-6
2,357;498,-8.624827615168369E-6
2,362;977,-8.60799103449071E-6
2,305;483,8.592555329322859E-6
2,770;815,-8.580540067472915E-6
2,46;558,8.578994708725154E-6
2,292;784,-8.571389995824532E-6
2,468;893,-8.558275704070675E-6
2,325;974,-8.556786702148976E-6
2,882;942,-8.540540143320917E-6
2,58;78,8.532395961642798E-6
2,19;220,8.522698013477451E-6
2,292;827,-8.513042608713647E-6
2,744;846,8.5031532680759E-6
2,366;963,8.497767287515893E-6
2,713;999,-8.496431190680207E-6
2,200;359,-8.496157431925978E-6
2,336;950,-8.489759291565299E-6
2,171;843,8.489592225858905E-6
2,17;255,-8.488188647955426E-6
2,122;439,-8.480347405344028E-6
2,489;657,-8.479154173902965E-6
2,352;489,-8.477833044449476E-6
2,424;897,-8.47441051147883E-6
2,562;606,-8.47403479375626E-6
2,128;687,8.473326585458394E-6
2,81;359,8.449274736265237E-6
2,682;819,8.446077527720582E-6
2,630;905,-8.440009852716743E-6
2,414;870,-8.439830067825186E-6
2,356;977,8.43526202637182E-6
2,265;545,8.429694721322846E-6
2,187;436,-8.423570101337263E-6
2,159;775,8.421426918696185E-6
2,202;656,-8.416484622441205E-6
2,589;664,8.405759467857484E-6
2,500;505,8.402773840845195E-6
2,377;905,8.402015742735258E-6
2,102;881,-8.356638462197793E-6
2,303;505,-8.355484663907949E-6
2,33;52,-8.355274606984959E-6
2,432;676,-8.355186734828491E-6
2,752;991,8.352045368662048E-6
2,457;807,8.342302476219037E-6
2,25;579,8.341450020283623E-6
2,167;839,-8.318294368389521E-6
2,184;394,8.310074656835191E-6
2,528;711,-8.30155768743767E-6
2,208;230,8.296415452608928E-6
2,596;660,-8.296373617509643E-6
2,562;893,8.295521045828876E-6
2,38;915,-8.289360442182404E-6
2,124;711,-8.28857884180684E-6
2,299;353,-8.280719478688838E-6
2,213;246,-8.271352705130828E-6
2,229;975,8.271317958170634E-6
2,144;756,-8.265692581642516E-6
2,25;507,8.258427789990783E-6
2,451;988,8.257131245770239E-6
2,495;955,-8.256234455596653E-6
2,366;369,-8.242561408945186E-6
2,327;422,-8.24079025226622E-6
2,663;809,8.238479398280492E-6
2,140;394,8.231937449548037E-6
2,256;862,-8.197090774445713E-6
2,173;291,8.193157090870596E-6
2,199;552,8.189240269838104E-6
2,245;324,8.175161940720332E-6
2,5;759,-8.168039051034984E-6
2,278;776,-8.161231976002264E-6
2,509;730,-8.15811362612561E-6
2,589;928,8.149910778262007E-6
2,138;828,8.14024103897602E-6
2,680;822,-8.140047512759936E-6
2,262;563,8.137924922948986E-6
2,405;535,-8.137678806182852E-6
2,245;298,-8.137176620728451E-6
2,327;952,-8.13366378923781E-6
2,48;658,8.12841205934553E-6
2,182;428,-8.12095707046083E-6
2,401;934,8.110242724978443E-6
2,126;335,8.106211948449105E-6
2,182;912,8.095806064353256E-6
2,160;989,8.094485471259995E-6
2,594;693,8.08019192293083E-6
2,54;151,8.078443169051025E-6
2,98;537,8.077764709655239E-6
2,39;116,-8.073503173070242E-6
2,377;579,-8.05666202912264E-6
2,108;154,8.055162353228583E-6
2,88;969,-8.026163416018687E-6
2,290;321,8.021173663853322E-6
2,241;579,8.017262861039824E-6
2,126;467,7.998944809096777E-6
2,668;877,7.984220015018335E-6
2,416;485,7.98174279804045E-6
2,38;629,-7.981441820335722E-6
2,57;838,7.976997960748908E-6
2,622;812,7.965687148301037E-6
2,403;588,7.947654030440842E-6
2,525;549,7.937903928268153E-6
2,526;785,-7.933315277711802E-6
2,66;872,7.929154039118383E-6
2,418;782,7.924943642055731E-6
2,338;900,7.920530187028776E-6
2,689;833,-7.877622343273286E-6
2,167;307,-7.87750599132729E-6
2,44;854,7.874488367077822E-6
2,194;331,-7.874373311769299E-6
2,83;350,-7.869618703111959E-6
2,677;998,-7.869466546415852E-6
2,225;797,-7.854904979155094E-6
2,508;828,-7.854331872735529E-6
2,78;439,7.843985455734587E-6
2,151;821,-7.84326972894061E-6
2,620;748,-7.837448178746639E-6
2,922;931,-7.8321844323073E-6
2,559;872,-7.827452274838925E-6
2,683;900,-7.825480361495857E-6
2,277;910,7.824953660865407E-6
2,33;859,7.822935608463522E-6
2,450;796,7.821028942901615E-6
2,5;817,7.80747715548484E-6
2,869;969,7.804329376457639E-6
2,150;259,-7.782372404807795E-6
2,235;662,7.777258024105845E-6
2,655;684,-7.773141962617109E-6
2,520;734,7.767912285349454E-6
2,49;557,7.760059170534573E-6
2,143;463,-7.759050374350187E-6
2,528;721,7.748123019155319E-6
2,667;935,7.747435161138662E-6
2,909;917,7.745520498369623E-6
2,24;26,-7.7452588019344E-6
2,70;669,-7.725681649710301E-6
2,646;690,7.720026680034139E-6
2,367;388,-7.71744040510173E-6
2,597;757,-7.717064107528586E-6
2,208;746,7.715917678652242E-6
2,504;891,7.710542818698645E-6
2,6;457,-7.706870378902796E-6
2,565;603,7.705746230331087E-6
2,308;309,7.697495289377812E-6
2,399;472,-7.68443190186488E-6
2,388;617,7.683897856647318E-6
2,604;971,-7.674757552992504E-6
2,7;843,-7.666486477885586E-6
2,162;944,-7.665114177130204E-6
2,18;580,7.644287684334964E-6
2,156;740,-7.631852685279557E-6
2,440;760,7.617679471449101E-6
2,551;650,7.617540456922613E-6
2,518;774,7.616644129783551E-6
2,252;720,7.6085482589348665E-6
2,499;671,-7.6083552223976255E-6
2,115;802,-7.597004953775271E-6
2,304;751,-7.595246528490738E-6
2,109;789,-7.592236073890424E-6
2,220;653,7.5907084822745065E-6
2,203;907,7.576369105114431E-6
2,542;564,-7.571934636104779E-6
2,100;788,7.571327744940577E-6
2,552;975,-7.567494606870471E-6
2,358;620,-7.555934898765861E-6
2,189;719,-7.552590808445038E-6
2,130;896,-7.551299943192091E-6
2,317;393,-7.545187267545848E-6
2,247;770,7.545092766672638E-6
2,201;245,-7.544826707549523E-6
2,378;576,-7.523157408403168E-6
2,463;969,7.501138878729656E-6
2,445;617,7.494380918195972E-6
2,5;753,-7.491727211686353E-6
2,46;436,-7.488827679286499E-6
2,516;988,-7.485134215268731E-6
2,472;511,7.4821815257076E-6
2,374;918,-7.475525383978548E-6
2,73;602,-7.474189937386171E-6
2,22;943,-7.473663449262289E-6
2,326;989,7.461920089662785E-6
2,489;763,-7.455427557238416E-6
2,691;970,-7.447249179778979E-6
2,194;499,7.445832225261074E-6
2,104;231,7.427195187421035E-6
2,359;402,7.423306316596986E-6
2,367;652,7.415104778345845E-6
2,104;764,7.411331659138744E-6
2,42;420,7.409044777836289E-6
2,185;252,7.407389681430097E-6
2,65;801,-7.406862898615467E-6
2,90;665,7.404075060696756E-6
2,48;732,-7.380356938726379E-6
2,845;889,-7.379305627233081E-6
2,577;655,-7.37449327305241E-6
2,442;619,7.3709252429062786E-6
2,93;748,-7.362912414086223E-6
2,320;434,-7.3600279203824425E-6
2,852;861,-7.3569721303989105E-6
2,96;403,7.334080099474623E-6
2,31;924,7.331455393221619E-6
2,265;906,7.325224675817012E-6
2,136;468,-7.324615416053403E-6
2,192;465,7.3223039419067775E-6
2,380;717,7.312969078002083E-6
2,218;367,7.3123002923344874E-6
2,457;774,7.3015885906221466E-6
2,250;615,7.3001892596379735E-6
2,164;211,7.295010536557504E-6
2,74;691,7.293871762139664E-6
2,390;816,-7.289165337776772E-6
2,125;196,-7.281553792229594E-6
2,44;978,-7.2812297930204065E-6
2,276;353,-7.278297979453515E-6
2,249;862,7.276057962873873E-6
2,25;727,7.265459984039539E-6
2,154;401,-7.260339458779297E-6
2,515;817,-7.238805036726206E-6
2,667;684,7.236245346132695E-6
2,593;937,7.232576417306926E-6
2,42;783,-7.227645250321321E-6
2,355;902,7.222440402500919E-6
2,771;985,-7.214173914487258E-6
2,76;955,-7.190611691929659E-6
2,259;496,-7.1865900137740924E-6
2,327;376,7.174931591637845E-6
2,155;745,7.1691990223794885E-6
2,199;951,7.1514105621464095E-6
2,370;423,7.137418119018267E-6
2,151;793,-7.135708114581061E-6
2,88;183,7.123703148611649E-6
2,204;671,-7.122017672476652E-6
2,44;729,-7.115827047543412E-6
2,455;971,-7.1154559506479594E-6
2,421;582,7.115358426368262E-6
2,20;883,7.111290339670507E-6
2,737;941,-7.10826719988757E-6
2,646;797,7.091214274345944E-6
2,117;315,-7.091060928623501E-6
2,288;312,7.087442416693401E-6
2,310;706,-7.084937369183843E-6
2,92;991,7.0821312670557995E-6
2,413;674,7.080065552457257E-6
2,835;891,-7.072721968224127E-6
2,104;486,-7.067547568720876E-6
2,207;417,7.058481828299754E-6
2,17;93,7.04790532065893E-6
2,31;701,-7.039963856792796E-6
2,49;923,7.014822956730227E-6
2,21;118,-7.008819750100912E-6
2,237;384,6.998023129114905E-6
2,549;754,-6.993026966323153E-6
2,455;862,-6.9849212667854804E-6
2,126;374,-6.976764197063928E-6
2,183;229,6.976746481271917E-6
2,339;943,-6.964136950983326E-6
2,78;915,6.957831971202859E-6
2,358;991,6.953852242200736E-6
2,44;330,-6.953558388568732E-6
2,95;662,6.9376006256924515E-6
2,136;880,6.935418230150127E-6
2,106;272,6.9219728910955606E-6
2,400;435,-6.918371936785351E-6
2,402;967,6.8972960801289355E-6
2,243;901,6.887761561916579E-6
2,182;864,-6.879396197018797E-6
2,16;938,6.875051490774157E-6
2,30;91,-6.865984161605512E-6
2,510;796,6.862889974612617E-6
2,484;588,6.856220248258358E-6
2,493;509,-6.849677223030641E-6
2,854;966,6.845206259954419E-6
2,17;989,-6.838159993467968E-6
2,116;132,6.837243404564167E-6
2,411;526,6.836130720511605E-6
2,283;404,6.811620183040775E-6
2,491;633,6.79195712308988E-6
2,269;353,-6.78785092882599E-6
2,579;849,6.770399558874457E-6
2,535;816,-6.769462324576245E-6
2,249;770,6.760166754450584E-6
2,247;644,-6.748039688483775E-6
2,146;936,-6.742574617126906E-6
2,474;618,6.73645060289451E-6
2,9;491,6.734648559759179E-6
2,820;889,6.7335618327261925E-6
2,288;915,6.731771599243864E-6
2,96;643,6.730553069066031E-6
2,742;991,6.723930002788009E-6
2,592;967,6.720182895778373E-6
2,221;253,-6.703298425929108E-6
2,115;772,-6.6984928835258084E-6
2,911;971,-6.6911608714070455E-6
2,21;468,-6.686613411836219E-6
2,359;462,6.67896366925521E-6
2,463;859,-6.671637983467961E-6
2,492;634,6.669961042995321E-6
2,451;689,6.661551289384303E-6
2,386;934,-6.655607273611908E-6
2,25;929,-6.641590734719725E-6
2,270;840,-6.638643348819119E-6
2,276;779,6.638546847857134E-6
2,282;592,6.637470109104884E-6
2,377;394,-6.6330416976834385E-6
2,3;370,6.630072443855512E-6
2,118;765,-6.618957151303774E-6
2,36;369,-6.606017878868348E-6
2,627;803,6.603034913562702E-6
2,432;972,6.559244705067541E-6
2,356;481,-6.55918975655944E-6
2,212;300,-6.556041278196194E-6
2,476;666,6.55125238120486E-6
2,283;310,6.549437804443715E-6
2,131;612,-6.537846251108634E-6
2,124;994,6.5323732428134545E-6
2,640;748,6.529658608290856E-6
2,382;518,6.520785681991499E-6
2,762;967,-6.509067797927245E-6
2,302;535,6.5048524394843505E-6
2,400;565,6.486674541652443E-6
2,412;839,-6.468826842583528E-6
2,236;388,-6.46788694709017E-6
2,406;588,-6.467557768192002E-6
2,66;88,6.464372147727091E-6
2,0;324,6.453180522034568E-6
2,206;815,-6.451297377270051E-6
2,588;830,6.438911401807863E-6
2,60;241,-6.435352390742465E-6
2,352;672,-6.4318191435361605E-6
2,212;754,6.429226903596982E-6
2,234;629,-6.426016666791948E-6
2,375;584,-6.42442312395795E-6
2,710;870,-6.409103824863573E-6
2,725;902,6.404631669333916E-6
2,194;287,-6.3970091395823344E-6
2,329;677,6.3809472232052895E-6
2,61;201,6.3675307241900866E-6
2,33;60,6.36725305113656E-6
2,871;920,-6.366361932612464E-6
2,725;949,-6.3623788725740705E-6
2,619;935,-6.361394780422622E-6
2,261;361,6.359606363090721E-6
2,125;157,6.3591439365938835E-6
2,536;656,-6.357693108135266E-6
2,518;853,-6.353645737805384E-6
2,187;652,6.349730304376647E-6
2,310;365,6.344702649649841E-6
2,197;966,-6.3374155736285325E-6
2,845;981,-6.3370669191700095E-6
2,911;963,6.314532526712168E-6
2,470;549,6.306793413256552E-6
2,780;786,-6.2989795285868545E-6
2,425;860,-6.295803382219248E-6
2,65;265,6.272487386182951E-6
2,74;678,6.257002093158687E-6
2,77;239,-6.253903916448797E-6
2,890;953,-6.249380919731374E-6
2,207;964,-6.243941603287694E-6
2,447;849,-6.2437143685594725E-6
2,425;717,-6.237903581155856E-6
2,7;171,6.234477750228985E-6
2,106;679,-6.2288697188915E-6
2,79;821,6.2210848324624305E-6
2,420;611,-6.208305837022376E-6
2,699;928,6.203661644191349E-6
2,46;95,-6.203300434835323E-6
2,839;849,6.201422074718469E-6
2,40;239,-6.201215169327548E-6
2,510;613,6.197664200025696E-6
2,480;727,-6.193373799827727E-6
2,270;433,6.188103408691928E-6
2,259;593,-6.180074730465127E-6
2,377;626,-6.175204427729373E-6
2,248;571,6.169469228493613E-6
2,17;160,-6.160574584766217E-6
2,767;845,6.1583161662476415E-6
2,359;669,-6.147913778955783E-6
2,438;751,-6.143656917062191E-6
2,80;878,6.141647751789173E-6
2,172;797,6.140750520237506E-6
2,330;952,6.137161051988044E-6
2,662;985,6.120859577267726E-6
2,714;738,6.119784708636677E-6
2,48;989,6.118993327223321E-6
2,233;655,6.118560168969112E-6
2,524;905,-6.115896154379907E-6
2,14;628,-6.107046873500347E-6
2,293;802,-6.090661051396444E-6
2,414;438,6.068182562344201E-6
2,107;278,-6.068106337726992E-6
2,229;230,-6.061137740458574E-6
2,106;737,-6.058623450067808E-6
2,276;587,-6.054776864310559E-6
2,256;730,6.050579448037864E-6
2,382;983,6.041927980269514E-6
2,48;339,6.039800375528627E-6
2,680;767,6.032261493292806E-6
2,618;850,-6.030878008173757E-6
2,313;952,-6.029406121607298E-6
2,237;944,-6.0288369593827536E-6
2,20;634,6.012067719407755E-6
2,513;691,-6.007734178262628E-6
2,944;985,-6.001691424945346E-6
2,48;785,5.99473496466231E-6
2,84;826,-5.992623501196621E-6
2,284;948,5.988907584130545E-6
2,85;578,-5.981648012058659E-6
2,475;997,5.980111606363789E-6
2,55;388,-5.976180795119752E-6
2,171;788,5.966153976053948E-6
2,134;439,-5.965359050903833E-6
2,249;625,5.956027475441793E-6
2,802;862,5.9533183281805966E-6
2,292;985,5.946374191005341E-6
2,822;899,-5.92203888643867E-6
2,137;203,5.915951359509751E-6
2,450;757,-5.904903716065127E-6
2,721;831,5.895229310362494E-6
2,41;960,5.882756942030998E-6
2,735;893,-5.877869828981863E-6
2,528;977,5.8739942470059335E-6
2,421;655,5.86564398608664E-6
2,881;885,5.8623139574036505E-6
2,399;711,-5.857587058155728E-6
2,310;363,-5.854466923345153E-6
2,468;655,-5.853236832907352E-6
2,188;488,5.853190728351158E-6
2,8;508,-5.849057121668819E-6
2,241;335,5.848249058556364E-6
2,116;794,5.847796035338735E-6
2,703;879,5.842999860467796E-6
2,558;646,5.837497369457614E-6
2,548;930,-5.831524362715383E-6
2,349;819,5.822408220350704E-6
2,405;688,-5.813280883569888E-6
2,203;616,5.811509650547803E-6
2,432;454,-5.802842382001239E-6
2,150;717,-5.794891945717182E-6
2,56;248,-5.7867381040216275E-6
2,29;205,-5.784769172527501E-6
2,355;545,-5.780677502793618E-6
2,55;239,5.778386980451328E-6
2,88;410,5.7749957867784465E-6
2,298;973,5.773385318107102E-6
2,93;357,5.758209055543425E-6
2,713;786,-5.756447935180362E-6
2,443;932,5.749339092795677E-6
2,159;548,-5.73861401903102E-6
2,517;565,5.735514115010276E-6
2,778;854,5.731604348335713E-6
2,945;992,5.729635188797919E-6
2,231;683,5.72709714226366E-6
2,756;983,-5.726276235007395E-6
2,158;331,5.725560282075104E-6
2,442;989,-5.725311675173462E-6
2,199;975,-5.718625711029907E-6
2,466;717,5.717169015573006E-6
2,356;864,-5.714541258862491E-6
2,35;337,5.71063267150251E-6
2,514;628,5.68668909890321E-6
2,674;769,5.682735328445054E-6
2,258;961,5.681227893820612E-6
2,17;835,-5.676269939356611E-6
2,45;327,5.674176449991901E-6
2,729;771,-5.671118622774571E-6
2,263;905,5.6658810354338E-6
2,450;500,5.662478201736571E-6
2,225;750,5.661172803452866E-6
2,787;797,5.652290724290316E-6
2,464;866,-5.645754929575274E-6
2,136;655,5.645696411397436E-6
2,340;696,5.642265266757513E-6
2,245;604,5.61933815121525E-6
2,381;977,-5.615713699617906E-6
2,242;469,5.614789455068759E-6
2,383;939,5.6029197981563515E-6
2,455;911,5.589593154778982E-6
2,654;931,5.5747166296528196E-6
2,383;428,5.563274167102859E-6
2,103;240,-5.561574442196029E-6
2,564;904,-5.559564833356595E-6
2,59;480,5.558817859953963E-6
2,235;247,5.5390088276125494E-6
2,830;997,5.5238251321277635E-6
2,615;684,5.5237857672502424E-6
2,333;611,-5.520811748054438E-6
2,55;399,-5.512643777635967E-6
2,321;943,5.511855738613215E-6
2,521;918,-5.506307817235933E-6
2,510;930,5.5021043851395634E-6
2,143;625,5.491937998720283E-6
2,468;560,5.489506578214704E-6
2,597;806,-5.4872518122440065E-6
2,133;483,-5.485991099611773E-6
2,645;692,5.484461342507269E-6
2,44;279,5.482426686687726E-6
2,176;915,5.4780031053598895E-6
2,329;577,5.477705755416767E-6
2,24;680,5.476961893089383E-6
2,337;369,5.475085638885012E-6
2,490;677,5.474381368577898E-6
2,604;853,5.464220537516669E-6
2,578;916,5.463711974431046E-6
2,256;420,-5.453859886490723E-6
2,226;541,-5.422839792008402E-6
2,189;332,-5.421874417423415E-6
2,729;946,5.41896615896096E-6
2,504;972,5.4103828620266635E-6
2,191;362,5.409748906619813E-6
2,138;141,5.392006543530229E-6
2,153;357,5.376510343144805E-6
2,489;882,5.372618082441168E-6
2,370;413,5.370617333857769E-6
2,766;899,5.358776136335411E-6
2,72;961,5.327036276085523E-6
2,213;367,-5.3110844654032865E-6
2,117;583,5.3039506632430525E-6
2,475;856,-5.296903991027925E-6
2,208;655,5.292264151590839E-6
2,269;887,5.2902131565349535E-6
2,794;984,5.283722937036619E-6
2,57;89,-5.281605931236833E-6
2,411;436,-5.2739486939547E-6
2,816;899,5.264120481115752E-6
2,767;851,5.262428146852322E-6
2,210;840,-5.249081582438625E-6
2,313;905,5.24808218464367E-6
2,330;385,-5.242543996458696E-6
2,359;562,-5.238797619833154E-6
2,677;821,5.225155045423008E-6
2,621;909,-5.223583579420848E-6
2,149;875,-5.21916595598575E-6
2,376;985,5.20848507407555E-6
2,462;922,5.205859930079885E-6
2,442;861,5.1845608630255485E-6
2,172;466,5.173890219725946E-6
2,434;477,-5.167193646137637E-6
2,53;953,-5.165976505270793E-6
2,347;722,5.16018150731723E-6
2,318;755,5.149970258388884E-6
2,398;643,5.140986979971854E-6
2,368;689,-5.131716869811384E-6
2,70;235,-5.125608274091455E-6
2,321;435,-5.1226793835171055E-6
2,36;519,-5.1184481126815075E-6
2,506;859,-5.113934853503091E-6
2,344;812,5.108816815866453E-6
2,392;571,-5.085664640586768E-6
2,506;882,-5.078217241336857E-6
2,286;904,-5.071987558493585E-6
2,370;634,-5.0661281963508765E-6
2,901;904,-5.06554970371027E-6
2,344;622,5.0621506431957275E-6
2,578;975,-5.061648995057372E-6
2,20;58,-5.05629323131367E-6
2,422;824,-5.041918285927597E-6
2,859;887,-5.03850246001257E-6
2,208;231,-5.031801343220559E-6
2,199;624,5.022864271289545E-6
2,201;668,-5.008876431949877E-6
2,701;958,-5.008351710007255E-6
2,292;653,4.992780167465912E-6
2,471;744,-4.990562584470601E-6
2,353;366,-4.985436148646924E-6
2,191;898,4.983732244506476E-6
2,298;604,-4.983332740361148E-6
2,261;769,4.982409851552957E-6
2,383;555,-4.979863450441102E-6
2,523;699,-4.977609701428413E-6
2,321;760,4.964927211268302E-6
2,286;504,4.961772738845967E-6
2,423;582,4.959970953263577E-6
2,106;615,-4.9573142133971515E-6
2,653;742,-4.956614754880379E-6
2,70;809,4.943754313668673E-6
2,474;680,-4.943571327760313E-6
2,329;566,-4.920561775919777E-6
2,809;970,-4.9146417926467235E-6
2,404;941,-4.913889394661225E-6
2,355;949,-4.8975703421099E-6
2,424;463,4.8888646739732866E-6
2,66;179,-4.887135492178091E-6
2,90;877,-4.884780493579752E-6
2,2;525,-4.884092989022395E-6
2,420;543,4.878587485395345E-6
2,86;872,4.872185380784828E-6
2,83;293,4.86949149316826E-6
2,83;663,4.867835964106074E-6
2,222;756,-4.864560908521904E-6
2,463;766,4.858165285739766E-6
2,609;976,4.8567696433723005E-6
2,634;958,-4.85584925803953E-6
2,619;866,4.854746134632462E-6
2,426;815,4.851636744968753E-6
2,136;171,-4.838924127630981E-6
2,281;769,4.832514551458788E-6
2,658;772,4.831883320705659E-6
2,335;467,-4.8295009240822076E-6
2,462;798,-4.8283352466243075E-6
2,170;741,4.8253956488066505E-6
2,552;562,4.8236103594661644E-6
2,256;542,-4.82184576095155E-6
2,548;679,4.821009936047879E-6
2,165;579,4.81797775942873E-6
2,430;785,-4.8137530625273345E-6
2,952;982,4.809052893762447E-6
2,446;526,4.805288863855207E-6
2,929;940,-4.784272898496735E-6
2,55;152,4.774758750690538E-6
2,21;860,4.774033794404234E-6
2,444;628,4.773385543315606E-6
2,355;882,4.771823768323122E-6
2,407;764,-4.765186530658008E-6
2,363;411,4.7550412441381455E-6
2,592;850,4.747298892792365E-6
2,138;678,4.74115809747162E-6
2,245;685,4.714938462311094E-6
2,113;412,-4.714317069001963E-6
2,494;881,-4.7084697047685E-6
2,131;813,-4.706451859881542E-6
2,307;434,4.7008299465701175E-6
2,306;577,-4.700041760565641E-6
2,297;409,4.67256488989291E-6
2,559;671,-4.671059221589155E-6
2,789;900,4.6449144465874405E-6
2,548;581,4.635284288819395E-6
2,755;936,4.6000584652196515E-6
2,167;849,4.59842152809712E-6
2,220;714,-4.595922933400817E-6
2,73;665,-4.595920506248297E-6
2,258;666,4.595013715130325E-6
2,117;159,-4.585288239197821E-6
2,59;246,4.585185663482691E-6
2,81;200,4.584965103325181E-6
2,185;348,4.582472712960168E-6
2,135;144,4.55869649888135E-6
2,577;813,-4.535528044685655E-6
2,136;194,-4.523794782882163E-6
2,915;948,-4.5020001678869745E-6
2,359;534,-4.501262423991004E-6
2,603;907,-4.496245542510917E-6
2,32;507,-4.491868701754866E-6
2,235;684,4.4806541605066645E-6
2,487;582,-4.4776822885008765E-6
2,283;417,4.467289675016195E-6
2,815;889,-4.448270097902447E-6
2,71;669,4.41938070470059E-6
2,269;898,-4.405316840240675E-6
2,210;676,4.402518485809227E-6
2,541;627,-4.395600584215072E-6
2,149;990,4.394919638054759E-6
2,521;916,-4.391329622770363E-6
2,172;898,-4.390911685936666E-6
2,304;632,-4.378325510902031E-6
2,255;717,4.373647036358161E-6
2,108;144,-4.368843197772386E-6
2,628;633,-4.368352223254115E-6
2,388;677,-4.3628934646460475E-6
2,416;910,4.347163735129906E-6
2,203;760,4.343249823800358E-6
2,12;924,-4.3430429070264E-6
2,496;660,-4.329646220480883E-6
2,318;915,-4.31803514120236E-6
2,240;985,4.30162291280535E-6
2,876;878,-4.296255691533208E-6
2,256;713,-4.295205875823827E-6
2,316;774,-4.293154124462282E-6
2,374;897,-4.288979014842435E-6
2,186;514,-4.281025033288408E-6
2,0;948,-4.277826839221913E-6
2,89;434,4.254739739152049E-6
2,628;915,-4.25137163469385E-6
2,100;658,-4.247114788200945E-6
2,577;770,4.238393301896917E-6
2,184;302,4.229118436519116E-6
2,48;899,4.224698090943394E-6
2,467;470,4.207660048145757E-6
2,121;826,-4.206464326089343E-6
2,453;480,4.197506247103016E-6
2,420;653,-4.1966308075697154E-6
2,93;984,4.190484123207314E-6
2,521;560,4.189282158710374E-6
2,292;507,-4.176197998011125E-6
2,114;289,-4.17357185954308E-6
2,763;985,-4.165440805098147E-6
2,535;541,-4.161310396553222E-6
2,255;715,4.152337652795463E-6
2,335;933,-4.150042285240623E-6
2,402;899,-4.143038312099109E-6
2,954;971,4.14098867664936E-6
2,115;612,4.1392808045518375E-6
2,334;662,4.135837467115103E-6
2,786;999,-4.134110192426446E-6
2,255;268,4.128695961145207E-6
2,652;692,4.119701211932888E-6
2,304;366,4.1095335884348935E-6
2,272;905,-4.109325813214257E-6
2,519;924,4.1045737838495935E-6
2,138;410,-4.1041958335946985E-6
2,65;298,-4.083941090071541E-6
2,748;859,-4.068832338830513E-6
2,33;822,4.064840734892123E-6
2,557;918,4.060653741721706E-6
2,804;827,-4.056172050910627E-6
2,710;918,4.039753299019997E-6
2,561;748,-4.039712291482853E-6
2,234;550,-4.0391546018397825E-6
2,539;558,4.033088724936181E-6
2,105;695,4.032959903173532E-6
2,476;839,-4.029848239783626E-6
2,272;981,4.026358609616337E-6
2,439;880,-4.017537560275772E-6
2,537;972,4.005308337583464E-6
2,153;253,-4.00472971306699E-6
2,109;753,3.999402673673491E-6
2,172;567,-3.99787457245062E-6
2,146;832,-3.986729629072864E-6
2,16;516,3.982687510975847E-6
2,339;904,3.97139716760786E-6
2,300;345,3.968285150153836E-6
2,214;658,-3.965299457358195E-6
2,826;843,-3.964715024748378E-6
2,276;974,3.958704173162769E-6
2,62;633,3.950725324272278E-6
2,703;794,3.949122926441256E-6
2,551;683,-3.9436143675390255E-6
2,264;850,3.939198773378866E-6
2,46;687,-3.935030104008305E-6
2,295;609,-3.918962502078422E-6
2,370;591,3.9054832367402576E-6
2,18;468,3.895170770738657E-6
2,46;602,3.888075846025893E-6
2,268;854,3.87157727160781E-6
2,19;653,3.871161396854561E-6
2,102;931,3.870805395797153E-6
2,170;184,3.8628932777294774E-6
2,148;961,3.858591009535312E-6
2,77;615,-3.858099197926922E-6
2,747;911,3.833297868910072E-6
2,604;991,-3.833029579398621E-6
2,46;606,-3.818946102954746E-6
2,345;957,3.790090916981858E-6
2,541;703,-3.7767638391466436E-6
2,63;890,3.7744835347755525E-6
2,486;910,-3.7735315477356173E-6
2,184;224,3.7630587110134495E-6
2,411;596,-3.7620383614416047E-6
2,687;779,-3.7514072426560567E-6
2,26;43,-3.7502261251010535E-6
2,405;863,-3.7492895882120515E-6
2,487;839,3.746572900002052E-6
2,572;789,-3.746054393444713E-6
2,178;304,3.7325533649166314E-6
2,411;561,3.7012759729969753E-6
2,134;208,3.6965267200355403E-6
2,221;661,-3.6927821067060525E-6
2,647;904,-3.6890523212243372E-6
2,486;712,3.660463418314386E-6
2,114;645,-3.6602768944166E-6
2,197;499,-3.658725885917466E-6
2,83;690,3.658059789037535E-6
2,100;443,3.6524754697095096E-6
2,852;887,-3.6494874027175743E-6
2,212;959,3.638859681151213E-6
2,278;674,3.6388314333410144E-6
2,440;516,-3.6261200379786865E-6
2,513;655,-3.625867034003104E-6
2,517;850,-3.6028829940783457E-6
2,546;914,3.600161992739912E-6
2,655;705,-3.5955161168917048E-6
2,171;585,3.586911252785777E-6
2,16;108,-3.583201098203266E-6
2,700;981,3.58313250787648E-6
2,90;176,-3.5817142771851635E-6
2,295;730,-3.5618713748214215E-6
2,387;735,-3.5545722688912765E-6
2,793;970,3.554547846236239E-6
2,321;535,3.55080802657801E-6
2,116;249,-3.5504676574249217E-6
2,16;664,-3.5490111546756937E-6
2,141;658,-3.543760324143965E-6
2,100;538,-3.536638925368735E-6
2,561;661,3.533728167586191E-6
2,696;799,3.5153348493045072E-6
2,572;993,3.5132969792588122E-6
2,731;742,3.498393812667467E-6
2,151;233,3.487088536451154E-6
2,603;613,3.4818788293915493E-6
2,108;479,-3.467338781793228E-6
2,422;495,-3.4462409870449006E-6
2,25;284,3.4455959893979033E-6
2,271;419,3.439310124241219E-6
2,635;850,3.4379771316682998E-6
2,680;688,3.4297248987731067E-6
2,588;805,-3.4263611931978564E-6
2,104;427,-3.4239304361394566E-6
2,397;950,3.3999939928257977E-6
2,144;793,-3.3986383796249243E-6
2,748;887,3.3795672874562118E-6
2,362;507,3.3767744182557694E-6
2,685;689,-3.3747560577341226E-6
2,953;997,3.3747497942102633E-6
2,180;744,-3.3738435648913784E-6
2,327;909,3.3688713863209986E-6
2,347;451,-3.3545005575230382E-6
2,731;753,3.346047526565768E-6
2,106;220,3.32846727677695E-6
2,64;346,-3.3272185535101683E-6
2,46;851,-3.321979449681458E-6
2,218;314,-3.3154284878241514E-6
2,416;929,3.315234295459799E-6
2,72;307,-3.308598721015948E-6
2,443;701,3.3073030229623936E-6
2,609;827,3.302044711451638E-6
2,192;426,3.2992331284392234E-6
2,420;681,-3.2980272090940845E-6
2,191;199,-3.2765166907280236E-6
2,237;660,-3.2618142460498145E-6
2,124;182,3.248292865964522E-6
2,20;875,3.2328674524183878E-6
2,170;828,-3.2323001729453393E-6
2,134;988,-3.2298389812358E-6
2,712;927,-3.2087238137647015E-6
2,219;744,3.207603582218249E-6
2,268;966,-3.1857760907676066E-6
2,625;730,3.1833662988132798E-6
2,164;948,3.1700124607011057E-6
2,192;433,3.1647929934128376E-6
2,247;515,-3.1641170976936946E-6
2,385;594,-3.1635647746869335E-6
2,291;802,-3.1618833812756333E-6
2,195;830,-3.161320643204485E-6
2,643;847,3.154718810559759E-6
2,578;870,3.152498361249707E-6
2,70;748,3.145983290796732E-6
2,553;904,-3.1416891078517864E-6
2,146;918,-3.1318682460703823E-6
2,852;917,3.131389846627766E-6
2,533;628,-3.127857991837374E-6
2,237;920,-3.11300111742659E-6
2,88;934,-3.106198253033248E-6
2,753;909,-3.0982046433787604E-6
2,182;994,-3.090009488114165E-6
2,492;629,3.0897618269398117E-6
2,419;647,-3.0841489519504646E-6
2,88;467,-3.0811203585335985E-6
2,532;996,-3.0596945317755005E-6
2,676;955,3.0554379242307347E-6
2,96;661,3.0548995528193733E-6
2,471;871,3.0489079277132396E-6
2,24;353,-3.043209661825818E-6
2,67;906,3.0417468172497798E-6
2,569;879,3.029620601093793E-6
2,413;691,3.018313384880577E-6
2,419;585,-3.0153467999566206E-6
2,316;510,3.0034560126108063E-6
2,354;698,-3.002144103068448E-6
2,714;944,2.9979092929589556E-6
2,318;853,-2.9944614580072854E-6
2,184;286,2.988853289910026E-6
2,920;985,-2.984454626632084E-6
2,179;869,-2.98437232570993E-6
2,334;819,-2.9759290300526433E-6
2,141;804,2.9745204329372014E-6
2,471;676,-2.9696738016548076E-6
2,666;770,-2.966696027156761E-6
2,70;720,-2.9603577739011343E-6
2,137;303,-2.948135843076648E-6
2,257;620,-2.941178914643704E-6
2,677;742,2.93947075025075E-6
2,428;522,2.93421445768359E-6
2,552;753,-2.9333849991028498E-6
2,381;674,2.929073782522683E-6
2,519;959,-2.9146705505548357E-6
2,33;901,-2.9078334098672845E-6
2,400;972,2.8987016936387022E-6
2,53;318,-2.892849382004365E-6
2,388;683,2.8899088690808247E-6
2,514;571,2.8720967136197027E-6
2,720;977,-2.8662581722920314E-6
2,324;571,2.8624233836309075E-6
2,46;408,-2.8603485550252607E-6
2,262;410,-2.843937595677484E-6
2,67;259,-2.8368370285241674E-6
2,5;892,2.829766091074697E-6
2,398;914,-2.8197777857882216E-6
2,294;783,-2.8164282563201554E-6
2,577;928,-2.8128871647121677E-6
2,357;468,2.8082902612149333E-6
2,512;759,2.802892735522363E-6
2,17;186,2.797195526795554E-6
2,684;922,-2.790776153935224E-6
2,345;489,2.7799567126646496E-6
2,347;533,-2.7730508427854587E-6
2,173;592,-2.7645574674189274E-6
2,601;625,-2.743945514672906E-6
2,283;810,2.7345728355807066E-6
2,26;308,2.7311923711615603E-6
2,186;564,2.7261711491775657E-6
2,670;800,2.7242826940206964E-6
2,712;979,-2.7200185984605705E-6
2,96;490,-2.716302980795171E-6
2,387;798,-2.6903804545765077E-6
2,82;507,-2.688951348665515E-6
2,66;241,2.683693964609185E-6
2,279;719,-2.6690689204800707E-6
2,150;763,2.6645621575634507E-6
2,155;242,2.6597383113331727E-6
2,313;946,-2.6579917175752236E-6
2,6;767,-2.646567532379008E-6
2,386;764,2.6438494531524673E-6
2,494;912,2.6375764611733E-6
2,105;331,2.6162927594767067E-6
2,171;983,-2.6147582474048553E-6
2,124;624,-2.6075239793587336E-6
2,179;181,-2.6045596204363267E-6
2,512;979,-2.5981379257471114E-6
2,399;884,-2.5936250361310447E-6
2,427;673,2.589440775742982E-6
2,91;440,2.5830837905837024E-6
2,842;849,2.571902613039922E-6
2,537;956,2.5704502701322104E-6
2,417;885,-2.552460064609522E-6
2,488;939,2.5439297638522146E-6
2,435;737,-2.5437105389584934E-6
2,516;870,-2.5350697219554166E-6
2,596;617,-2.5312691791998417E-6
2,416;958,-2.5257320473045207E-6
2,920;945,-2.5226328916521656E-6
2,220;925,-2.5069654063699793E-6
2,209;459,-2.4966537152214217E-6
2,696;852,-2.484959024672488E-6
2,42;54,-2.4741270145621844E-6
2,923;930,2.469303106242677E-6
2,782;845,2.461792997071742E-6
2,359;900,2.4547902195950004E-6
2,16;605,-2.453839846844542E-6
2,774;807,2.4461378063666898E-6
2,134;139,2.444710647082328E-6
2,186;571,2.4428055145240754E-6
2,248;393,2.441721079504463E-6
2,276;794,2.429072852295669E-6
2,245;938,2.428638822756242E-6
2,76;988,2.426467901272454E-6
2,245;504,-2.4212503091616546E-6
2,179;283,-2.409490451050017E-6
2,292;730,2.407509536465218E-6
2,260;338,2.4065855704446143E-6
2,463;503,2.4052720963864025E-6
2,173;718,2.4039045373259944E-6
2,924;959,-2.399114544612429E-6
2,631;989,2.3891075494669247E-6
2,24;318,2.38713268784492E-6
2,570;620,-2.382962929402009E-6
2,80;461,-2.377499037997527E-6
2,70;642,2.377000991452126E-6
2,0;935,-2.376089236890568E-6
2,45;272,-2.3552021796199306E-6
2,1;43,-2.345144726123023E-6
2,556;992,-2.3398618592062047E-6
2,204;563,-2.327745201110773E-6
2,387;768,2.3195311825853737E-6
2,100;764,2.3179491099663E-6
2,454;739,2.316487168062625E-6
2,411;831,2.3135011335413093E-6
2,575;754,-2.3095002056999494E-6
2,311;792,-2.305896012460503E-6
2,126;847,-2.304461780325742E-6
2,603;738,-2.3020132599487765E-6
2,666;984,-2.298544759969056E-6
2,265;439,2.292214274839534E-6
2,211;602,-2.2904878950354947E-6
2,581;612,2.289802350847102E-6
2,192;747,2.2804675258862805E-6
2,25;606,2.277442039025645E-6
2,252;443,2.2623068468093645E-6
2,5;53,-2.246388250432961E-6
2,559;714,-2.2318251043103867E-6
2,187;318,-2.2278574633085998E-6
2,517;999,-2.2061959358131088E-6
2,707;965,-2.2028617878776385E-6
2,559;875,-2.196775943980295E-6
2,73;277,2.1961412173586854E-6
2,195;918,2.1888553269179824E-6
2,593;698,-2.188134226050478E-6
2,258;603,2.1772468093346936E-6
2,125;843,-2.1764449297949974E-6
2,94;152,-2.173620027521389E-6
2,514;869,2.166254084567009E-6
2,203;935,2.160832473012145E-6
2,494;965,-2.15567452070704E-6
2,675;892,-2.1555766790237533E-6
2,615;686,-2.1444047834085387E-6
2,174;453,2.142245783268243E-6
2,85;701,-2.1350187571811673E-6
2,282;488,-2.1335307710276496E-6
2,250;686,2.1281761924911333E-6
2,416;648,2.1185580374216556E-6
2,10;721,-2.1131172127863556E-6
2,899;936,-2.093229253067805E-6
2,263;823,2.0869063930382267E-6
2,255;859,-2.086067589817525E-6
2,26;50,2.0734056680994893E-6
2,724;729,-2.063852483249459E-6
2,493;754,2.0627831656500895E-6
2,338;385,2.062746994751657E-6
2,127;760,2.054466871418005E-6
2,186;789,2.0499796708181652E-6
2,237;594,2.042458870489712E-6
2,270;926,2.039014154107906E-6
2,724;847,-2.035343506486348E-6
2,194;243,2.027732111119545E-6
2,105;694,2.015912615361822E-6
2,385;984,-2.009735790097965E-6
2,443;459,1.984612812076455E-6
2,20;958,-1.9825147496494584E-6
2,341;600,-1.9804060524512315E-6
2,318;438,1.9802737815863975E-6
2,118;423,1.9720023077280485E-6
2,21;88,1.967714825152952E-6
2,163;634,-1.959721749331251E-6
2,16;463,-1.9531446798258698E-6
2,152;222,-1.9430119361366556E-6
2,101;831,1.9427331614840018E-6
2,869;912,-1.941299458878415E-6
2,337;918,1.93184025298071E-6
2,91;820,1.9260579487764446E-6
2,237;596,1.924259530649685E-6
2,224;370,1.920304881461908E-6
2,298;614,-1.9150850410806637E-6
2,330;662,1.9134083010303934E-6
2,688;908,-1.9110530431778255E-6
2,454;969,1.9032954537407735E-6
2,7;231,-1.9023581536964304E-6
2,171;204,-1.891210598724824E-6
2,108;558,1.8734685569339743E-6
2,427;852,1.8728977121809064E-6
2,734;978,-1.872607328451386E-6
2,222;741,-1.8682145724173982E-6
2,308;377,-1.8640131427894793E-6
2,664;733,-1.8563954927627857E-6
2,342;746,-1.8547287035268063E-6
2,491;911,1.852633590085785E-6
2,363;690,1.8498781765626388E-6
2,797;809,1.8461035924831892E-6
2,431;981,1.8424769344762317E-6
2,90;650,1.800903938360604E-6
2,397;702,1.789854119137839E-6
2,375;500,-1.7846944577891676E-6
2,377;725,1.7778087101403343E-6
2,643;715,1.7772868292016583E-6
2,252;269,-1.7544700790265988E-6
2,628;777,-1.7524772001857696E-6
2,265;451,-1.750127529304365E-6
2,141;892,1.7385005089056577E-6
2,138;246,-1.7336894649093853E-6
2,829;861,1.6970119145165095E-6
2,337;517,-1.6908249568522404E-6
2,508;696,1.690666472452272E-6
2,220;698,-1.6863489295751398E-6
2,243;558,-1.6640682311839655E-6
2,153;171,-1.6498516841856602E-6
2,59;520,-1.649428801530347E-6
2,128;902,-1.6459181392139735E-6
2,230;947,-1.6255879110692109E-6
2,483;529,-1.6238331085673652E-6
2,153;221,-1.5902208175770302E-6
2,277;711,1.5901966842731125E-6
2,35;53,-1.5895243655734555E-6
2,249;980,1.5890887411265375E-6
2,525;530,-1.582655439915426E-6
2,749;785,1.5810062512849333E-6
2,164;458,-1.5808167532026241E-6
2,394;463,-1.5802092948367237E-6
2,70;283,1.5707407372136938E-6
2,245;668,-1.5673687182492513E-6
2,220;688,1.5415878617388127E-6
2,478;850,1.535440974630542E-6
2,356;536,-1.5336634944089767E-6
2,116;293,-1.5324845766424706E-6
2,293;313,-1.5294379282598975E-6
2,902;911,-1.516383528454856E-6
2,111;624,-1.5136421895905334E-6
2,307;577,-1.4802079070180622E-6
2,176;944,1.4780017154071845E-6
2,644;994,1.4629507678488897E-6
2,112;165,-1.4574082284135454E-6
2,709;988,-1.457376465079631E-6
2,220;750,1.4544728313926407E-6
2,766;881,1.4441335371195713E-6
2,655;843,-1.4279733802837064E-6
2,602;988,1.424791385863048E-6
2,656;919,1.414439987946093E-6
2,590;717,-1.4074844864329015E-6
2,220;301,1.4049254585449117E-6
2,208;748,1.390294816130816E-6
2,526;998,1.3858939146936741E-6
2,769;823,1.38150187309187E-6
2,24;136,1.376809846737194E-6
2,47;972,-1.3580508743422787E-6
2,902;934,1.354727699552985E-6
2,243;361,1.3446398139729532E-6
2,647;963,-1.3385291477495676E-6
2,261;824,1.3368609926296578E-6
2,759;893,1.3354869770889413E-6
2,617;960,-1.3347794421180864E-6
2,27;301,-1.3333664898080994E-6
2,440;517,1.3309757193154352E-6
2,355;786,1.3308838352262473E-6
2,409;621,1.3223458822980635E-6
2,265;521,-1.3194417949651017E-6
2,187;875,-1.314820930814236E-6
2,588;657,-1.2990217405511214E-6
2,238;341,-1.2982162650479572E-6
2,901;980,1.292278790329466E-6
2,528;801,1.2916257295826489E-6
2,309;819,1.2885006317077675E-6
2,467;832,-1.2867855761611972E-6
2,475;563,1.279038852385419E-6
2,230;412,1.2688839702494556E-6
2,355;849,-1.267713018729466E-6
2,394;454,-1.257179639589618E-6
2,23;704,1.2562881297314421E-6
2,306;518,1.2534507497786036E-6
2,561;686,-1.2517896893657622E-6
2,84;980,-1.2490907587710265E-6
2,656;953,-1.2418037609306446E-6
2,899;928,-1.239183938389791E-6
2,408;693,-1.23509188658405E-6
2,152;399,1.2261317543757582E-6
2,526;994,1.2247238424632281E-6
2,179;752,1.2234179364145649E-6
2,239;499,-1.2227402947628182E-6
2,522;739,1.1968934171226881E-6
2,48;276,-1.1833743403894537E-6
2,120;406,1.1742898811288525E-6
2,110;645,1.173836350024198E-6
2,75;510,-1.1634389799857342E-6
2,221;773,1.1600353420152983E-6
2,449;541,-1.1575923909744947E-6
2,136;474,1.155201593693929E-6
2,749;961,1.1523384736165308E-6
2,271;834,-1.148406378567602E-6
2,398;664,-1.1374326080269386E-6
2,451;751,1.1212436116746182E-6
2,495;596,1.116073019941523E-6
2,515;815,-1.1096925167552278E-6
2,10;177,1.097637302528768E-6
2,466;795,-1.0804879129285502E-6
2,195;692,-1.0781617658345773E-6
2,2;436,1.0479211337886818E-6
2,254;826,-1.0360717757184543E-6
2,899;902,1.0316115542542693E-6
2,316;851,-1.0269665887931434E-6
2,158;557,9.947687991190592E-7
2,154;886,-9.861479586030683E-7
2,115;464,-9.739907878335944E-7
2,592;692,-9.605556834496945E-7
2,203;392,9.469023902738405E-7
2,636;782,-9.451948981316662E-7
2,81;950,-9.445998611278851E-7
2,324;774,-9.397938272882773E-7
2,180;753,-9.268454089744193E-7
2,119;558,-9.234910228706483E-7
2,269;624,-9.15815293706275E-7
2,147;416,9.118370303034252E-7
2,564;734,-9.104430097420097E-7
2,777;952,9.019407795250352E-7
2,573;641,8.917363221815286E-7
2,920;944,8.905832802978929E-7
2,83;228,8.898494258908207E-7
2,592;986,8.844986562108193E-7
2,234;399,-8.803719412108884E-7
2,155;256,-8.754751094218471E-7
2,178;588,8.666511007052908E-7
2,643;895,8.642998633004995E-7
2,43;670,8.629653790804132E-7
2,824;954,8.610329447539082E-7
2,74;352,-8.468171402297859E-7
2,447;573,-8.459805070512826E-7
2,121;562,-8.259361481268608E-7
2,689;795,-8.250491603041602E-7
2,194;735,-8.244397367571481E-7
2,83;847,-8.223815414995194E-7
2,421;674,8.205980562970977E-7
2,195;656,-8.137481841391618E-7
2,59;594,8.115421775271789E-7
2,537;650,-7.81148260408239E-7
2,247;536,-7.790526885982363E-7
2,172;805,-7.688403520919318E-7
2,771;878,7.60205767509816E-7
2,302;772,-7.541748101808354E-7
2,158;406,-7.52884817115336E-7
2,588;800,7.409218011457941E-7
2,282;940,-7.380877285981802E-7
2,51;228,7.22445011543265E-7
2,742;942,-7.217387486736956E-7
2,504;636,-7.059270091513553E-7
2,97;829,-7.005936867354457E-7
2,708;717,6.986702161293178E-7
2,317;701,-6.980663943590565E-7
2,195;564,-6.965871575485976E-7
2,504;916,-6.945035409161027E-7
2,548;886,-6.928302411973904E-7
2,150;221,-6.923369796717274E-7
2,489;991,-6.893079280712866E-7
2,168;482,-6.795721697260976E-7
2,125;711,-6.74826341903783E-7
2,70;450,6.741125425225036E-7
2,468;894,6.682762677524545E-7
2,41;691,-6.621998806295159E-7
2,469;828,6.609990520632658E-7
2,785;818,-6.552163804144883E-7
2,107;856,-6.474445800415639E-7
2,274;849,6.449290365277207E-7
2,524;931,6.367152775856102E-7
2,444;791,-6.356675363800024E-7
2,113;225,-6.225950969909327E-7
2,5;202,-6.16859608537565E-7
2,414;770,-5.947345495708293E-7
2,100;897,5.913573163962225E-7
2,38;136,-5.90134329312788E-7
2,162;628,5.827416269650887E-7
2,163;845,5.823391011792017E-7
2,461;771,5.776622860733868E-7
2,297;580,5.766930654742195E-7
2,155;516,-5.663568071070102E-7
2,87;913,-5.552613976018417E-7
2,75;620,5.474117052363948E-7
2,187;853,5.436050778432587E-7
2,107;863,5.303302449199306E-7
2,201;711,5.290049371366907E-7
2,647;979,5.227733505333704E-7
2,409;918,5.162680179813875E-7
2,11;757,-5.05472610758985E-7
2,463;694,-4.985666621413129E-7
2,366;910,4.958854999429773E-7
2,434;711,-4.933003380358861E-7
2,40;576,-4.914512595475991E-7
2,225;263,-4.8729639253315E-7
2,649;865,-4.860567994974044E-7
2,327;621,-4.858274243485922E-7
2,393;734,4.786552433855978E-7
2,23;877,-4.773919046842171E-7
2,421;454,4.6582638311531977E-7
2,875;905,-4.61987600276971E-7
2,590;945,4.619786612507643E-7
2,707;783,4.461546239801356E-7
2,267;813,-4.3657916097791794E-7
2,718;850,4.139136376910442E-7
2,738;776,-4.122755089656961E-7
2,163;396,-4.062913601054173E-7
2,472;535,-4.003259466950106E-7
2,394;506,-3.882345306167566E-7
2,745;767,-3.86399439510951E-7
2,624;939,-3.7433282736934816E-7
2,508;924,-3.644782153268966E-7
2,195;285,-3.561782890316584E-7
2,241;560,-3.5121867102871906E-7
2,86;148,3.509551681623452E-7
2,376;951,3.509026664273822E-7
2,678;825,-3.476100200156956E-7
2,219;826,3.334223276785578E-7
2,211;859,3.297147077736054E-7
2,40;723,3.1827179874330954E-7
2,363;506,-3.0689365028241727E-7
2,365;878,-2.970987219008958E-7
2,844;986,-2.9453864506417264E-7
2,402;513,-2.9239659804630723E-7
2,819;895,2.9202014801239103E-7
2,462;724,-2.891213486478188E-7
2,267;425,-2.8241755100833975E-7
2,714;749,2.7082282073277037E-7
2,139;516,-2.650460691149409E-7
2,751;971,-2.5264196564139807E-7
2,315;525,-2.502648654883026E-7
2,731;838,2.486421051567378E-7
2,556;990,-2.4839817547993996E-7
2,201;839,2.477057003117157E-7
2,543;830,-2.4653116727055283E-7
2,168;541,-2.4362736971272195E-7
2,160;251,-2.3593730319545343E-7
2,275;800,2.263372544272363E-7
2,151;224,-2.1716818605027957E-7
2,116;948,-2.1705721140937233E-7
2,0;865,2.1259524230282657E-7
2,730;735,2.0355534872668057E-7
2,103;564,1.9840473159980776E-7
2,219;459,-1.8536423454751373E-7
2,458;917,1.792093691659509E-7
2,99;573,-1.7550875410379112E-7
2,770;904,-1.670224091553582E-7
2,327;461,1.6063626417353594E-7
2,259;734,1.5132731304961026E-7
2,403;714,1.5033700776160772E-7
2,435;907,1.384159434413626E-7
2,367;851,1.31747756864347E-7
2,42;816,1.2657180711478368E-7
2,112;966,-1.2052414527885523E-7
2,13;224,-1.2011587730965597E-7
2,411;701,-1.166608311309672E-7
2,458;696,-9.562287285916002E-8
2,186;688,-8.708528138497151E-8
2,219;305,-7.937903618312342E-8
2,685;721,-5.990970233468728E-8
2,195;673,5.7669774211104725E-8
2,102;532,-5.1546733795697353E-8
2,754;959,-4.328066607506287E-8
2,393;698,4.055398782813746E-8
2,247;493,-3.95117220725813E-8
2,4;439,-3.925895160365387E-8
2,612;729,2.6988775668517622E-8
2,509;754,2.5827556232975448E-8
2,217;671,2.5567796484125826E-8
3,86;361;586,2.1120715151274147E-4
3,806;846;932,2.0867453829196802E-4
3,348;398;896,2.0507279556235855E-4
3,308;671;854,-2.0322279688759286E-4
3,469;721;828,-1.9339111613518128E-4
3,338;578;975,-1.915151058551852E-4
3,338;526;994,1.8379816024288986E-4
3,227;737;844,1.806459955137714E-4
3,172;396;601,-1.7742057501039256E-4
3,187;256;542,-1.720739337304304E-4
3,225;723;852,1.7160754672237817E-4
3,203;603;738,-1.6958233810108504E-4
3,63;93;483,-1.6917561527173737E-4
3,136;474;680,-1.6771469340368174E-4
3,160;512;759,1.6536739514100691E-4
3,660;834;938,1.652904099678025E-4
3,165;223;313,-1.6447004451744342E-4
3,167;241;468,-1.637557612511051E-4
3,459;475;593,1.6048799280298477E-4
3,454;774;920,1.5935399315328955E-4
3,310;365;537,-1.591022495292938E-4
3,288;732;743,1.5844247992344385E-4
3,143;716;807,1.5834184177596699E-4
3,66;88;172,-1.57510458974383E-4
3,453;899;975,-1.5634518988430542E-4
3,222;530;741,1.5565550574755247E-4
3,19;294;568,1.553728931320726E-4
3,400;565;578,-1.5451992142560044E-4
3,124;182;302,1.537040486772302E-4
3,626;633;697,-1.536613653217702E-4
3,191;802;862,-1.5350979844551494E-4
3,11;777;982,-1.5338676518876393E-4
3,275;307;629,-1.5262992076769749E-4
3,640;748;887,1.5245384477332598E-4
3,442;450;989,-1.5224849107309813E-4
3,491;633;697,1.5191368027428771E-4
3,358;489;742,1.5178822925750063E-4
3,26;43;670,1.5145612070474528E-4
3,412;532;791,-1.501646534752434E-4
3,339;535;816,-1.4962286069923215E-4
3,596;683;846,1.4934345785043318E-4
3,36;235;678,1.4931503290745946E-4
3,434;528;616,-1.4882203108872212E-4
3,411;561;831,1.4839485303791254E-4
3,70;450;931,1.471904143886906E-4
3,300;345;916,-1.4715899745296068E-4
3,213;367;612,-1.4678940055273373E-4
3,123;237;538,1.4632258257059544E-4
3,261;422;661,-1.456879752977762E-4
3,346;498;716,-1.4550711327774592E-4
3,172;556;992,1.4527856910433236E-4
3,0;128;516,-1.4477676702378124E-4
3,16;822;859,-1.4365416072296012E-4
3,105;128;917,-1.4299925719434906E-4
3,45;244;620,1.4219752149315781E-4
3,217;689;795,-1.4208362927183398E-4
3,23;113;620,1.4191924356793444E-4
3,191;464;619,-1.4182352123996462E-4
3,138;246;410,1.4127047626279483E-4
3,112;337;918,1.411946144416222E-4
3,153;253;661,1.406141460808524E-4
3,24;234;699,1.4028386956027367E-4
3,177;222;756,-1.401655021291579E-4
3,683;770;990,-1.3997140857317417E-4
3,23;668;957,1.3992412074896173E-4
3,411;672;701,-1.3991566616459712E-4
3,70;283;888,-1.3973711999410604E-4
3,277;524;558,1.3954290015800303E-4
3,370;397;950,-1.394811552079566E-4
3,433;470;508,-1.39467165148916E-4
3,71;425;747,1.3918818796724208E-4
3,390;772;781,1.3905196005475147E-4
3,630;893;905,-1.3900419482718525E-4
3,32;538;908,1.389651144872294E-4
3,176;220;800,1.3882705443927013E-4
3,327;621;909,1.3821852569604253E-4
3,168;830;849,-1.3813111800274762E-4
3,270;751;971,-1.375094488733875E-4
3,869;939;969,-1.3729558645726348E-4
3,592;940;986,1.3674692580541387E-4
3,3;24;456,-1.3664177681304218E-4
3,685;708;896,1.3649774226892364E-4
3,383;473;749,-1.3625406622354345E-4
3,161;374;710,1.3598292525425682E-4
3,24;318;438,-1.3596660316929693E-4
3,144;756;809,1.359618315865732E-4
3,303;802;861,1.358248440284106E-4
3,423;831;875,1.3570783358457712E-4
3,23;419;872,1.356290720177061E-4
3,23;704;945,1.353342703920817E-4
3,422;496;661,1.3501455610231823E-4
3,189;719;838,1.3485309002619214E-4
3,218;314;694,1.3480735075892825E-4
3,83;164;228,1.343731967746359E-4
3,272;628;956,-1.342907928027507E-4
3,542;554;808,1.342187380671248E-4
3,113;662;681,1.342140636051417E-4
3,85;331;499,-1.340746899842321E-4
3,252;269;898,1.3367250063312333E-4
3,589;815;928,1.3299010110647648E-4
3,138;650;852,1.327944385469617E-4
3,249;478;741,-1.3223015125692422E-4
3,302;542;992,1.3212288937467014E-4
3,336;725;949,-1.3201424410450632E-4
3,152;186;572,-1.3199515164159686E-4
3,136;655;791,-1.3182479347920268E-4
3,605;911;913,1.3169894971730548E-4
3,272;628;905,1.3168102717171537E-4
3,168;182;321,1.312717202675326E-4
3,666;799;860,-1.3124773625724446E-4
3,208;655;908,-1.312032817219302E-4
3,285;819;886,1.3119638315711935E-4
3,46;169;687,-1.3082955234455595E-4
3,167;468;512,-1.305385280613293E-4
3,95;97;748,1.3030004572909458E-4
3,411;436;821,-1.3000765087235289E-4
3,414;870;888,-1.2986522042301884E-4
3,219;305;866,1.298065248901052E-4
3,43;467;470,1.2975320587245488E-4
3,147;416;535,1.297454471528331E-4
3,718;941;996,1.2963436925473538E-4
3,456;707;965,-1.2950820252981399E-4
3,191;199;714,1.2934095530594015E-4
3,70;146;419,-1.2933161680889275E-4
3,13;207;526,1.290782332124029E-4
3,119;283;441,-1.2875375651681803E-4
3,349;641;872,-1.286994651828264E-4
3,689;830;833,-1.2863749389004949E-4
3,282;592;940,1.2829487245504513E-4
3,546;868;914,-1.2822903647407354E-4
3,65;264;850,-1.2749563217009544E-4
3,539;634;701,1.274933200310419E-4
3,599;684;743,-1.2730297876105854E-4
3,237;944;985,1.2720807506153212E-4
3,17;564;748,1.2711547023658358E-4
3,567;570;958,1.268270947676752E-4
3,470;731;753,1.2674814584884712E-4
3,163;434;942,-1.266336083418253E-4
3,279;735;825,-1.2652411400308116E-4
3,420;649;830,1.2622295162075824E-4
3,313;456;946,-1.2582639673152317E-4
3,55;152;278,-1.257317539172546E-4
3,290;558;857,1.257249863150553E-4
3,649;730;797,1.256509937616218E-4
3,297;352;666,-1.2556897192885237E-4
3,429;744;857,-1.255063756277528E-4
3,74;819;886,1.2531414083786853E-4
3,44;297;946,-1.2528037878359953E-4
3,544;559;949,-1.2510763309157293E-4
3,126;724;847,-1.2474522083253726E-4
3,627;694;822,1.2455423031901606E-4
3,321;540;541,1.244585579894148E-4
3,179;573;940,1.2439708238822574E-4
3,508;628;761,-1.2436973926244305E-4
3,263;543;859,-1.2423101399585665E-4
3,16;345;482,1.2422716192516872E-4
3,91;390;799,-1.2422498963763585E-4
3,83;663;992,1.240754055081226E-4
3,29;199;566,-1.238024404467659E-4
3,136;194;549,1.2379202219510926E-4
3,28;35;926,1.237869476273918E-4
3,179;283;644,-1.2374223359917094E-4
3,1;13;503,1.2371422113225848E-4
3,347;628;722,-1.2368310611524477E-4
3,56;423;582,-1.2340859336161248E-4
3,212;886;959,-1.233369468014749E-4
3,403;616;714,1.232987849586073E-4
3,547;726;740,1.231322070998162E-4
3,76;604;955,1.2303016980282807E-4
3,173;432;550,-1.229414499290777E-4
3,118;768;798,-1.2286334830972334E-4
3,198;218;297,-1.2282993240243412E-4
3,556;972;990,-1.2254887538360295E-4
3,237;920;985,1.2230175867119025E-4
3,98;698;839,1.2211578838387764E-4
3,263;506;543,-1.2200382639967382E-4
3,430;698;997,1.2199637642998671E-4
3,81;609;802,-1.2197326973922318E-4
3,127;557;752,-1.2196389633045945E-4
3,462;798;922,1.2195399806050172E-4
3,757;796;937,1.2194644324831762E-4
3,363;537;878,-1.2188481771362351E-4
3,173;280;718,1.2177376248804388E-4
3,507;666;696,1.2173978485507058E-4
3,15;52;909,-1.2159163401773693E-4
3,126;221;374,-1.2158590501522717E-4
3,345;353;482,1.2152750118344203E-4
3,468;888;902,1.2151055087600514E-4
3,134;824;942,1.2145768223774916E-4
3,26;116;846,1.214554726053054E-4
3,731;838;839,-1.2143322195664672E-4
3,230;293;837,-1.2122795731311723E-4
3,109;131;769,1.2116197076941008E-4
3,164;174;473,1.2095989869067413E-4
3,238;454;721,-1.2086609627139254E-4
3,130;411;744,1.2062351240390337E-4
3,306;518;774,-1.2028174505899331E-4
3,0;588;758,-1.2013051881126747E-4
3,616;739;971,-1.198331664411264E-4
3,5;139;515,-1.1960488854046476E-4
3,16;245;780,1.1921520289392767E-4
3,176;744;792,-1.1909612746716882E-4
3,380;792;875,-1.1895085082873E-4
3,76;157;660,1.1892332014518377E-4
3,91;521;918,1.1879180575691859E-4
3,414;537;558,-1.1877377066501456E-4
3,257;559;981,1.1845560537892837E-4
3,116;729;906,-1.1843308900719381E-4
3,125;157;358,1.1841513064011523E-4
3,855;928;998,-1.1836214290800546E-4
3,173;819;895,-1.1817689697461252E-4
3,220;301;615,-1.1812984784930112E-4
3,190;311;884,-1.181065330125749E-4
3,220;354;604,-1.1791598894218736E-4
3,378;599;684,1.178798254402103E-4
3,86;737;907,1.1783587114062578E-4
3,167;839;849,-1.1776914107753377E-4
3,678;794;808,1.1771022082003028E-4
3,691;793;809,-1.176594460634028E-4
3,61;161;201,1.1760467042841905E-4
3,54;197;962,-1.1751237619234147E-4
3,480;520;680,1.1738382742897597E-4
3,39;145;418,-1.173797664601522E-4
3,199;656;951,-1.1725964397564163E-4
3,357;436;861,1.1722206657948529E-4
3,45;106;602,-1.1718434580565037E-4
3,336;616;770,1.1711060721115036E-4
3,21;118;650,1.1695163992099006E-4
3,634;751;988,-1.1688645667082943E-4
3,96;268;631,1.1683762004402737E-4
3,267;739;838,-1.1680770890750732E-4
3,163;255;672,1.1675495017795939E-4
3,297;570;946,-1.1669576834925806E-4
3,34;296;558,-1.1665395154078007E-4
3,178;555;693,1.1647485222794038E-4
3,72;528;577,-1.1611767707637042E-4
3,714;835;963,-1.161105229906348E-4
3,195;404;417,-1.16016642525071E-4
3,228;851;914,1.1600978521745014E-4
3,355;900;934,-1.1598257552917937E-4
3,50;367;800,-1.1597629618082039E-4
3,37;191;898,1.1593863097575202E-4
3,165;338;900,-1.1593345153708125E-4
3,277;475;558,1.1592001234203209E-4
3,185;348;735,-1.1590970205351712E-4
3,155;467;954,1.1585050806720118E-4
3,401;582;629,1.1582058561233189E-4
3,64;677;808,1.1579674809497315E-4
3,313;399;456,1.1546712902641016E-4
3,180;195;929,1.1546119309204635E-4
3,244;457;988,-1.1539622423824484E-4
3,650;857;972,-1.1535069643728073E-4
3,91;547;962,-1.1528522929489768E-4
3,39;130;816,1.151746170926489E-4
3,272;319;981,-1.1506933863562522E-4
3,381;876;909,-1.1501305939983219E-4
3,603;791;900,-1.1496045706675434E-4
3,134;139;707,-1.1458630428461552E-4
3,74;285;819,-1.1452795425375612E-4
3,32;225;908,1.144923663250321E-4
3,335;579;999,-1.1446246061483347E-4
3,131;232;783,1.1445872900357872E-4
3,166;972;990,-1.1440203144720032E-4
3,321;612;760,-1.1403634368930723E-4
3,93;666;984,1.1393572915886313E-4
3,10;355;677,-1.1387710955794645E-4
3,349;645;965,1.1376812759676537E-4
3,114;289;454,1.1376495421372087E-4
3,147;536;896,-1.1367008378436499E-4
3,597;757;763,-1.136552952436159E-4
3,822;863;992,-1.133507986336493E-4
3,144;712;808,1.1331091297555948E-4
3,855;862;998,-1.1305855853463654E-4
3,192;205;465,-1.1304578310826138E-4
3,99;486;854,-1.1291062733323882E-4
3,393;583;734,1.1286115389301479E-4
3,289;328;871,-1.1284208257559011E-4
3,235;503;524,-1.1279557022848098E-4
3,772;828;924,-1.1279262427714596E-4
3,27;213;461,1.1273524292250333E-4
3,144;321;714,1.1253765219249207E-4
3,316;572;982,1.1251200566088315E-4
3,355;447;849,1.1231501675755523E-4
3,283;642;888,-1.1225358407997607E-4
3,483;529;690,-1.1223960335776736E-4
3,306;440;817,-1.121995976215031E-4
3,495;502;981,1.1210342263854331E-4
3,276;842;849,-1.1193888544516073E-4
3,24;26;377,-1.1193035690509294E-4
3,108;119;558,1.1189260033268643E-4
3,147;536;595,1.1178106974006558E-4
3,116;219;744,-1.1162095757544664E-4
3,257;981;993,1.1159229653502582E-4
3,528;676;955,-1.1152674771247913E-4
3,215;939;955,-1.1151855342775973E-4
3,453;577;655,1.1143355632647656E-4
3,357;428;502,-1.1140864153730578E-4
3,633;639;697,-1.1138628352737326E-4
3,468;581;615,-1.1128438728427503E-4
3,468;577;618,-1.1110734897091426E-4
3,400;582;836,1.110589013652143E-4
3,597;757;806,1.110515084070395E-4
3,275;366;721,1.1094020619235385E-4
3,4;146;721,-1.1089621263343799E-4
3,89;282;937,-1.108248674177845E-4
3,292;531;653,1.1065819722770537E-4
3,377;802;836,-1.106551213813884E-4
3,251;277;802,-1.1058387531271858E-4
3,245;573;668,1.1053962316662656E-4
3,337;500;999,-1.1042310560504848E-4
3,304;839;961,1.1041391817014749E-4
3,33;247;822,-1.102834463393686E-4
3,285;351;954,-1.1016378979852082E-4
3,292;343;510,-1.1014809710182427E-4
3,506;644;701,-1.1012026362338126E-4
3,62;925;967,1.1009071691190315E-4
3,95;820;980,1.1003364865515483E-4
3,226;799;801,-1.099667702490628E-4
3,74;802;825,1.0993044197512997E-4
3,2;22;559,1.0987521929328806E-4
3,22;433;470,1.0969050277312979E-4
3,210;634;706,1.096791798061823E-4
3,345;408;957,1.0965699630355875E-4
3,34;558;832,1.0959103333612846E-4
3,631;639;753,1.0952535041486037E-4
3,423;518;909,-1.0950047385857802E-4
3,107;391;739,-1.094427584014672E-4
3,400;650;972,1.0934353753938689E-4
3,173;612;806,-1.0930036130318149E-4
3,95;368;662,-1.0928958642701628E-4
3,16;245;938,-1.0928832101141163E-4
3,249;770;927,-1.0920861765124317E-4
3,138;237;678,-1.0910987274603073E-4
3,74;338;385,-1.0900340596745987E-4
3,483;534;972,-1.0899714351065274E-4
3,480;727;775,1.0892926283069026E-4
3,561;661;765,1.0892677516618582E-4
3,451;466;795,-1.0891295095252848E-4
3,382;440;919,1.0889592538847481E-4
3,377;579;836,-1.088825742120853E-4
3,337;466;898,-1.0878570142275746E-4
3,137;489;935,1.0865887329298657E-4
3,346;551;759,1.0860931672983881E-4
3,584;740;992,1.0855895305181478E-4
3,656;786;817,-1.0838217850009613E-4
3,161;497;953,-1.0826191089660826E-4
3,229;684;827,-1.0823286148455741E-4
3,356;481;744,-1.0817955324916012E-4
3,264;298;765,-1.0815884117321813E-4
3,362;616;929,-1.0812434550064504E-4
3,489;678;802,-1.0808454445542476E-4
3,206;259;496,-1.08031522132652E-4
3,239;298;665,1.0791874949360236E-4
3,393;439;797,1.0787277729007638E-4
3,387;443;735,1.0786910344034878E-4
3,352;708;994,1.0785504453588116E-4
3,191;221;898,-1.0779073912668032E-4
3,363;374;693,-1.0773317639607801E-4
3,718;941;995,-1.0765725002910143E-4
3,221;763;985,-1.0749358943451783E-4
3,73;185;885,1.0749162343624407E-4
3,616;770;997,-1.0743219417671401E-4
3,132;419;585,1.0736532720752534E-4
3,404;631;758,1.0717261829461742E-4
3,434;616;711,-1.0715855136375524E-4
3,460;557;625,1.0714061370551653E-4
3,73;247;558,-1.0707511989798989E-4
3,279;719;901,1.070428715661338E-4
3,208;369;439,1.0703922351982712E-4
3,324;588;758,-1.0692664512053326E-4
3,92;302;828,1.068864689768043E-4
3,17;155;504,1.0688416384371582E-4
3,396;705;944,-1.0688283039009985E-4
3,173;383;472,1.068346298143623E-4
3,220;750;991,-1.0667813751348298E-4
3,245;504;849,-1.0662854285559615E-4
3,543;689;833,1.0653951672633286E-4
3,496;596;660,1.0648869867520985E-4
3,73;478;741,1.0642988239615008E-4
3,142;303;505,1.0637984444296462E-4
3,190;311;603,-1.0632252391801474E-4
3,406;588;616,1.0623130095651726E-4
3,314;424;694,-1.0617401315889585E-4
3,154;622;886,-1.061496986791716E-4
3,661;697;828,-1.0609598441039355E-4
3,44;135;332,1.0606819415887523E-4
3,165;450;596,-1.0600400624915377E-4
3,321;448;540,-1.0596166169901065E-4
3,292;446;820,-1.0595212380911971E-4
3,100;653;658,1.0588878599219138E-4
3,338;456;965,1.0579750285556535E-4
3,13;548;622,1.0576325130912151E-4
3,195;207;417,-1.0571083020066185E-4
3,470;552;707,-1.057047619246853E-4
3,537;650;857,1.0563934278089795E-4
3,279;497;666,1.055958035914271E-4
3,164;211;814,1.0557076756527323E-4
3,155;289;877,-1.0540077531212833E-4
3,41;419;505,-1.053993616670718E-4
3,341;418;717,-1.0536980734311386E-4
3,194;483;735,-1.0533915949093542E-4
3,78;398;671,-1.0531854574864864E-4
3,106;658;679,1.0528037916361464E-4
3,57;143;682,-1.0526697153302718E-4
3,543;752;846,1.0523247177145682E-4
3,70;216;846,1.0516213314500612E-4
3,97;425;503,1.0515219103550945E-4
3,66;179;936,-1.0506277991006655E-4
3,190;426;566,-1.0506016659211292E-4
3,480;531;719,-1.0499933227582467E-4
3,737;907;996,-1.0487887065603983E-4
3,48;845;986,1.048660508321918E-4
3,197;416;648,1.0483959508482886E-4
3,261;785;892,1.047274470470355E-4
3,192;465;557,-1.0460088494703643E-4
3,104;373;764,1.0453250114100468E-4
3,226;658;772,-1.045136329204219E-4
3,279;735;871,-1.0435061397385729E-4
3,70;235;931,1.0424190847929268E-4
3,35;53;337,-1.0421680805270598E-4
3,624;891;896,-1.0419006986530395E-4
3,11;229;757,1.0414053417915478E-4
3,138;828;851,1.0413807287665143E-4
3,177;726;756,1.0411213866925293E-4
3,290;400;582,1.040376307752969E-4
3,460;631;758,-1.0403277314184897E-4
3,42;386;845,-1.0400841372002693E-4
3,329;764;991,-1.0393341039331614E-4
3,114;359;523,-1.0385068454957283E-4
3,21;88;934,1.0381462524300888E-4
3,451;751;988,1.0380600783855545E-4
3,56;536;744,1.0370900983153086E-4
3,467;600;883,1.0370285094175572E-4
3,187;536;896,-1.0365495578519953E-4
3,682;831;838,1.0352630876301453E-4
3,18;604;911,-1.0350769861909161E-4
3,318;696;953,-1.0348919508297478E-4
3,237;719;901,1.0346197244682134E-4
3,537;558;560,1.0339946524364999E-4
3,301;334;819,1.033556320283838E-4
3,292;784;954,-1.0333276299211015E-4
3,21;702;780,-1.0328517156677931E-4
3,383;472;554,-1.0327924622910363E-4
3,311;380;792,-1.0324400221263459E-4
3,233;655;914,-1.0314123365611783E-4
3,124;347;451,1.0311969536950616E-4
3,144;495;504,-1.0311642384765093E-4
3,48;818;906,1.0311063674200326E-4
3,632;820;889,-1.0310810278797663E-4
3,589;638;656,1.0301594890556335E-4
3,126;221;529,-1.0299134106859195E-4
3,43;104;373,-1.0288580664437433E-4
3,169;258;633,-1.0280703946364544E-4
3,143;551;557,1.0279948347830956E-4
3,158;646;667,1.0278852218172525E-4
3,432;510;930,1.0274951304426067E-4
3,375;726;756,1.0273522399532603E-4
3,167;468;560,1.0266423032250482E-4
3,583;734;978,1.0258767270450487E-4
3,20;634;958,-1.0257892856367976E-4
3,156;686;921,1.0255938976386251E-4
3,252;305;443,-1.0251081768149034E-4
3,505;652;884,-1.0234861601555697E-4
3,109;131;281,1.0223756913916501E-4
3,164;297;473,-1.0202798547785931E-4
3,24;81;324,-1.0189804025200433E-4
3,915;948;988,-1.0182302113692011E-4
3,78;370;950,1.0181973525791307E-4
3,637;834;938,1.0181048372280022E-4
3,56;356;744,-1.0175433237741138E-4
3,13;463;503,-1.0174932814001762E-4
3,26;308;377,1.0173515679989348E-4
3,381;431;504,1.0164905555940173E-4
3,46;263;574,-1.0157852715378396E-4
3,216;363;819,-1.0157675727874146E-4
3,43;467;950,1.015212702912788E-4
3,469;841;944,1.0150678386417658E-4
3,270;433;926,1.0145186808750629E-4
3,167;337;665,1.0144145105746738E-4
3,119;518;626,-1.0142038989017188E-4
3,477;852;917,1.0140076644938987E-4
3,97;395;779,-1.0139740439310383E-4
3,146;832;836,1.0131136571743222E-4
3,429;740;744,-1.0125436414717163E-4
3,65;190;473,1.0125148767093934E-4
3,170;619;901,-1.0124667956632929E-4
3,294;483;855,-1.0122026848998884E-4
3,525;538;776,-1.0115894561525087E-4
3,905;907;952,-1.0115360952813953E-4
3,218;636;706,1.0113891930973906E-4
3,74;743;884,1.0112578381134513E-4
3,348;712;854,1.0112005760888823E-4
3,44;430;663,1.011151168005977E-4
3,490;566;857,1.0096758039772926E-4
3,199;263;775,-1.0095946797273942E-4
3,8;92;708,1.0092344745988857E-4
3,21;386;934,1.0090729776045776E-4
3,211;495;955,-1.0089168693436648E-4
3,392;504;773,1.0086320800154974E-4
3,565;783;984,-1.0082524956718286E-4
3,53;291;670,1.008026818517419E-4
3,77;581;615,-1.0071257427121035E-4
3,120;233;653,-1.0059825322648184E-4
3,155;324;883,1.0040922158836885E-4
3,199;443;676,-1.0035423845994315E-4
3,180;471;814,1.0034326213338735E-4
3,347;373;533,-1.0019697319207738E-4
3,392;660;938,-1.0014080593594691E-4
3,345;725;950,-1.0013912790712465E-4
3,28;100;897,-1.0012629751255613E-4
3,267;680;767,-1.0011842019103978E-4
3,307;528;577,1.0010103521776068E-4
3,276;628;892,-1.0007688689378397E-4
3,307;434;587,-1.0006665407117643E-4
3,44;123;854,1.0002481330745036E-4
3,399;711;751,-1.000002004935329E-4
3,150;706;902,-9.99299694941956E-5
3,138;194;483,-9.989868554258721E-5
3,349;395;868,-9.988119960654902E-5
3,144;168;182,9.984719105304666E-5
3,86;512;972,9.981629918667657E-5
3,382;749;983,9.980199890077518E-5
3,184;320;406,-9.971310563176963E-5
3,42;50;536,-9.969804887693274E-5
3,50;346;832,-9.963074183513052E-5
3,21;780;900,9.96072224984359E-5
3,107;468;739,9.949733851755954E-5
3,407;653;764,9.946755578794467E-5
3,161;199;711,9.944721424983944E-5
3,489;597;763,-9.94427460565867E-5
3,234;492;629,9.942194306715656E-5
3,522;609;992,-9.94086837731249E-5
3,732;762;789,9.940071066192024E-5
3,429;456;965,-9.938472880447988E-5
3,73;165;354,9.931863763360583E-5
3,174;229;975,-9.930518295060523E-5
3,248;379;777,-9.930018130289716E-5
3,127;328;811,9.92897286376261E-5
3,451;467;560,9.922636245636336E-5
3,134;369;439,-9.92157548649748E-5
3,159;510;930,-9.921148519310383E-5
3,369;545;917,-9.919415025801358E-5
3,141;228;909,-9.919338905243679E-5
3,113;665;839,-9.916692433777554E-5
3,276;307;587,-9.914439551850466E-5
3,478;631;893,9.908400911309921E-5
3,180;718;941,-9.907569681777883E-5
3,201;731;838,-9.904243067429723E-5
3,345;693;988,-9.900382780499312E-5
3,314;319;680,9.899670204128293E-5
3,357;423;428,9.894483501528373E-5
3,97;395;546,-9.883142732577615E-5
3,65;369;437,9.88019524980536E-5
3,241;598;604,9.87781554340657E-5
3,74;385;422,9.876120179803386E-5
3,44;729;949,9.876007360136437E-5
3,88;226;897,9.865981927196687E-5
3,775;920;945,-9.862662987898907E-5
3,219;495;826,-9.858611003320001E-5
3,455;685;870,-9.839743294773417E-5
3,299;749;762,9.835068326350578E-5
3,539;923;930,-9.831612955054634E-5
3,327;592;692,9.82900346299358E-5
3,614;655;665,9.826760830772227E-5
3,201;890;953,9.818633355657572E-5
3,590;704;945,-9.817834553956495E-5
3,449;482;607,-9.817616114266803E-5
3,71;243;400,-9.80788973922686E-5
3,203;392;859,-9.806877471289027E-5
3,103;148;428,9.806622031251093E-5
3,66;714;738,-9.802442923087631E-5
3,74;210;988,9.795141795033597E-5
3,300;304;751,-9.793523988544856E-5
3,8;332;988,9.785473146705845E-5
3,145;562;647,-9.782062698436633E-5
3,86;656;744,-9.781826935117955E-5
3,73;336;604,-9.776198062547334E-5
3,223;308;476,-9.776110294716162E-5
3,567;616;818,9.775645083870113E-5
3,65;542;590,-9.772287477295378E-5
3,504;690;972,-9.768988055945583E-5
3,20;480;875,9.765580175171694E-5
3,81;636;802,9.756755944736386E-5
3,246;294;855,9.752942499548631E-5
3,125;249;358,9.749729557453702E-5
3,220;654;991,-9.747637641545698E-5
3,523;821;900,-9.745720936604642E-5
3,31;788;924,9.742228599015056E-5
3,47;384;744,-9.740402303790588E-5
3,306;508;676,9.73403782742745E-5
3,318;755;988,-9.732762691281181E-5
3,4;101;146,-9.72420045399844E-5
3,153;423;428,9.72364830587532E-5
3,108;363;869,-9.721159649532224E-5
3,269;475;624,-9.704028342767596E-5
3,407;828;903,9.703564507849807E-5
3,367;744;830,9.703552831063443E-5
3,66;70;600,-9.701441456257828E-5
3,32;379;664,-9.699904522480931E-5
3,106;301;664,9.699649609285083E-5
3,269;427;430,-9.699569655443164E-5
3,111;127;557,9.699090559065413E-5
3,338;394;708,9.698469147137817E-5
3,195;283;417,-9.692376811627366E-5
3,542;590;650,-9.690587243081525E-5
3,44;82;355,-9.688997074349478E-5
3,336;495;745,9.682484983361637E-5
3,187;256;302,9.67848288556901E-5
3,267;699;996,9.677861449792299E-5
3,187;436;495,-9.67713104501686E-5
3,112;918;966,-9.675196532312547E-5
3,25;720;821,-9.668738119605316E-5
3,182;323;714,-9.666125043587107E-5
3,352;672;746,9.659264086175952E-5
3,80;355;800,-9.656008452476215E-5
3,292;824;954,9.65029784753381E-5
3,384;751;971,9.635052501852629E-5
3,324;518;625,-9.629823359686846E-5
3,197;268;966,-9.629649918711642E-5
3,206;549;836,-9.626238415221786E-5
3,24;324;939,-9.623636527053592E-5
3,466;472;511,-9.622162357150242E-5
3,20;875;883,9.611719629138843E-5
3,78;397;950,-9.608010580612267E-5
3,552;562;827,9.606286439453391E-5
3,234;247;493,9.599198718745567E-5
3,108;144;152,9.587699783058635E-5
3,858;875;924,-9.587497440318849E-5
3,14;473;749,9.586639477829052E-5
3,316;851;982,9.586288947067837E-5
3,22;433;508,9.571602037036829E-5
3,224;529;549,9.569024867849225E-5
3,56;481;536,-9.568606451000009E-5
3,316;631;761,-9.564102350668E-5
3,444;603;900,9.564095840156135E-5
3,381;674;704,9.563997228884982E-5
3,96;545;548,9.56243925619631E-5
3,338;552;578,-9.560677204488284E-5
3,53;151;999,-9.559346373212753E-5
3,50;832;848,9.554831908456603E-5
3,174;229;453,-9.553665579877636E-5
3,83;272;847,9.552456383252195E-5
3,241;607;866,9.552028711847649E-5
3,218;443;701,9.54962424683915E-5
3,178;652;692,-9.544588967861652E-5
3,90;257;706,9.542238165376746E-5
3,363;491;843,9.540087741254556E-5
3,23;499;671,-9.538991292342916E-5
3,309;427;974,9.538223948322483E-5
3,288;331;401,-9.537581895557347E-5
3,195;564;918,9.534749335572255E-5
3,308;309;562,-9.526805970168863E-5
3,46;95;602,-9.525130401556787E-5
3,417;574;984,-9.520797366899036E-5
3,79;179;636,-9.517557099946269E-5
3,900;902;934,9.515822407752012E-5
3,305;317;542,-9.513349024310064E-5
3,348;486;712,9.507663811783884E-5
3,398;708;991,9.500460880322412E-5
3,362;739;855,-9.497804822418247E-5
3,323;580;813,9.489188459078388E-5
3,552;578;975,-9.48528369627056E-5
3,442;552;861,-9.47926786385514E-5
3,431;711;981,9.475906901937353E-5
3,87;815;912,9.470255182718527E-5
3,77;459;472,9.469858055650387E-5
3,16;482;585,9.466165941241086E-5
3,72;423;442,9.466032339825484E-5
3,43;118;600,-9.462848719836054E-5
3,577;770;984,9.462688626132252E-5
3,187;436;782,9.458018776448181E-5
3,392;637;938,9.457460616834187E-5
3,489;880;935,-9.442024040460384E-5
3,111;624;891,9.432590400471298E-5
3,82;278;507,-9.431736280185057E-5
3,292;461;985,9.428611294156621E-5
3,725;902;911,-9.420412032253984E-5
3,173;554;654,-9.418114208903287E-5
3,310;665;706,9.412296871596278E-5
3,579;849;903,-9.411858491033797E-5
3,329;458;577,-9.406567884285475E-5
3,123;744;911,-9.404466481577034E-5
3,164;211;550,-9.403387380877155E-5
3,249;359;787,9.39998713972671E-5
3,383;428;784,9.393480882503344E-5
3,486;910;958,9.39095068385066E-5
3,46;436;860,-9.390942776097655E-5
3,195;207;404,-9.38918824800849E-5
3,196;303;861,-9.386736625968927E-5
3,639;977;989,9.382929213075698E-5
3,159;199;263,9.381228610434872E-5
3,241;734;907,-9.381058576642802E-5
3,377;579;802,-9.378961812631675E-5
3,26;380;998,-9.376200113098307E-5
3,231;625;664,9.367034730961035E-5
3,283;336;697,9.36373541850339E-5
3,201;245;375,9.359513156719402E-5
3,31;677;998,-9.357038912420592E-5
3,366;911;963,9.352433691430164E-5
3,825;836;850,-9.350005942436949E-5
3,856;935;983,9.348267921985627E-5
3,17;924;959,-9.342849720253017E-5
3,74;661;697,-9.336846981414385E-5
3,68;619;981,9.334170194975428E-5
3,301;696;966,9.329489702289047E-5
3,283;317;642,9.327977228186063E-5
3,38;299;672,-9.327912090471721E-5
3,323;468;965,-9.320524446304449E-5
3,229;326;593,-9.318284188658989E-5
3,339;564;779,-9.314270676673812E-5
3,486;594;693,-9.31174095648877E-5
3,16;111;379,-9.308256124003198E-5
3,134;139;516,-9.305238283825336E-5
3,327;461;592,-9.304613430402525E-5
3,111;891;896,9.303993143250564E-5
3,150;902;961,9.299565679107324E-5
3,344;622;927,9.293118501052182E-5
3,561;672;831,-9.283963969366585E-5
3,345;693;957,-9.282838151797677E-5
3,187;549;853,-9.280521769659899E-5
3,261;295;430,-9.277032454656042E-5
3,260;678;794,-9.275220277437136E-5
3,84;926;947,-9.274743244462672E-5
3,255;586;643,-9.254036564007557E-5
3,33;556;901,-9.253312527844593E-5
3,167;259;564,-9.25259265349948E-5
3,125;451;689,9.251810712850542E-5
3,329;490;904,9.248224041547574E-5
3,152;710;766,9.247077628418206E-5
3,289;454;692,9.245378085335403E-5
3,283;336;824,-9.241613859136205E-5
3,83;351;809,9.240775683332476E-5
3,13;154;548,-9.238859984059359E-5
3,114;508;696,-9.231079152389213E-5
3,212;300;916,-9.229640146272511E-5
3,400;435;565,9.229508703556114E-5
3,514;628;776,-9.225030967335737E-5
3,879;884;885,9.224314525542111E-5
3,286;579;845,9.220942492755675E-5
3,243;315;823,9.218859301188839E-5
3,387;765;768,9.218292424714379E-5
3,428;864;912,-9.216291376457563E-5
3,90;278;863,-9.212215389018529E-5
3,359;478;893,9.209836656005494E-5
3,570;707;958,-9.208652233982726E-5
3,269;426;430,-9.208369240432637E-5
3,363;693;930,9.207123347795292E-5
3,1;13;463,-9.206631021324674E-5
3,239;499;717,9.205945930007015E-5
3,90;564;908,-9.204305363341669E-5
3,128;687;725,9.204210380433017E-5
3,27;465;510,-9.202905993904207E-5
3,105;601;793,9.201212739682029E-5
3,208;274;850,-9.198949402857058E-5
3,65;265;906,-9.190913296993909E-5
3,44;516;630,-9.189154520342011E-5
3,155;819;962,9.185848981579963E-5
3,85;402;640,-9.182871701156315E-5
3,16;44;108,9.181878173706817E-5
3,169;258;603,-9.180463759175196E-5
3,272;470;713,-9.179216966890584E-5
3,41;155;324,-9.164823305180699E-5
3,214;533;658,-9.162728579650531E-5
3,53;139;515,9.156131503255472E-5
3,83;350;606,-9.15446154025415E-5
3,331;401;865,9.154216148357927E-5
3,212;328;886,-9.150765814558576E-5
3,64;442;811,-9.148708837185141E-5
3,201;472;670,9.147649271771261E-5
3,277;590;711,-9.14486670538444E-5
3,463;766;992,9.144145858972776E-5
3,49;241;907,9.141337320043213E-5
3,289;454;645,-9.137495385243272E-5
3,121;254;826,9.137263903467274E-5
3,61;562;893,-9.136460894348952E-5
3,381;726;876,9.134522987938337E-5
3,8;655;705,9.128442490077382E-5
3,248;628;635,9.127758890452325E-5
3,25;69;292,9.12716026375024E-5
3,402;417;687,-9.12638372098941E-5
3,265;521;612,-9.124629452598171E-5
3,151;720;821,9.124607386998965E-5
3,388;834;913,-9.12430220725885E-5
3,549;650;903,9.124163085311438E-5
3,168;541;822,9.12219420066891E-5
3,387;573;641,-9.114568019299998E-5
3,141;317;454,-9.110715371262232E-5
3,352;529;918,-9.1094328136092E-5
3,411;483;690,9.108380560798445E-5
3,418;845;847,9.106785973071064E-5
3,79;420;856,-9.106003376987599E-5
3,285;427;673,9.10202394838287E-5
3,453;655;684,9.09993986667936E-5
3,374;529;773,-9.099668789376785E-5
3,384;596;660,-9.097714920306923E-5
3,390;620;856,-9.096167462587812E-5
3,90;822;928,-9.091812798428795E-5
3,44;330;590,-9.089727497833427E-5
3,70;146;582,9.088465150471534E-5
3,197;710;854,-9.076987330565264E-5
3,549;754;912,9.071982106639659E-5
3,245;298;556,-9.070567568024294E-5
3,734;920;985,-9.067521917893331E-5
3,223;293;426,-9.067440176590751E-5
3,484;629;804,9.062901380458096E-5
3,5;346;759,-9.057857375194478E-5
3,141;223;909,-9.055709013869929E-5
3,132;642;808,9.051344448966992E-5
3,140;506;882,9.046452714597914E-5
3,302;369;772,-9.040668826640385E-5
3,64;677;679,-9.039163610013298E-5
3,159;544;600,-9.037252514898096E-5
3,325;420;806,9.035768667002573E-5
3,510;613;620,-9.033942649239974E-5
3,44;499;768,-9.029875013109603E-5
3,348;776;999,9.029111459272915E-5
3,416;910;958,-9.02318966285068E-5
3,342;478;650,9.018616215911135E-5
3,286;576;904,9.015871737123647E-5
3,412;545;975,9.008114067694986E-5
3,282;288;312,-9.005192501388754E-5
3,27;301;879,-9.002368781384015E-5
3,102;156;470,9.001964703488094E-5
3,64;152;222,9.00189223010976E-5
3,332;674;784,9.001865031203072E-5
3,299;353;933,8.996350187342555E-5
3,308;309;486,-8.993836372803455E-5
3,349;559;872,-8.992350474731171E-5
3,168;627;694,8.989827940404116E-5
3,176;305;635,8.989702550568632E-5
3,70;324;709,8.982519296879527E-5
3,205;562;919,8.979261383672491E-5
3,196;802;861,-8.979090637845599E-5
3,242;469;560,8.97622823124051E-5
3,24;40;438,8.974177905993557E-5
3,96;245;268,8.969539251163245E-5
3,277;319;711,8.962093265110077E-5
3,16;161;226,-8.959121825666941E-5
3,194;697;824,-8.958611251259538E-5
3,48;276;339,-8.952138076593835E-5
3,434;477;618,8.948100181923041E-5
3,256;420;783,-8.944951991906297E-5
3,379;628;777,8.94394499661324E-5
3,255;271;834,8.943132380346778E-5
3,412;443;459,-8.939812370275674E-5
3,56;276;637,-8.937749335895469E-5
3,29;174;205,8.934335784654308E-5
3,504;636;690,8.929817172190068E-5
3,455;855;928,8.926726629346618E-5
3,102;157;881,-8.925714220755155E-5
3,12;88;262,-8.915572600059365E-5
3,397;702;910,-8.913118897035377E-5
3,187;318;896,-8.907741190071005E-5
3,252;491;806,8.906122349064532E-5
3,218;287;569,-8.888647953092466E-5
3,375;584;783,8.88802785103394E-5
3,15;239;956,-8.88617995058755E-5
3,72;466;606,8.879671185313351E-5
3,617;635;709,-8.87841574304751E-5
3,25;292;507,-8.878005789776934E-5
3,448;848;907,8.877997399735313E-5
3,576;599;743,-8.877497466614018E-5
3,28;421;674,-8.874032616124921E-5
3,83;601;690,8.870079149372648E-5
3,472;535;765,-8.866758396700733E-5
3,505;689;700,8.865528923847239E-5
3,48;631;639,-8.858193987565708E-5
3,224;474;787,8.858097283858363E-5
3,875;905;994,8.857206247573471E-5
3,182;321;714,-8.856114780798138E-5
3,341;711;751,-8.855347302944555E-5
3,875;905;924,-8.848318832200083E-5
3,58;261;616,-8.844206681847715E-5
3,480;875;883,8.838476392987254E-5
3,199;458;918,8.837428497968056E-5
3,20;58;78,8.835712827359305E-5
3,941;995;996,8.833398703564082E-5
3,355;786;849,8.830139776871732E-5
3,312;362;954,-8.820914939512691E-5
3,603;707;783,8.813422073202616E-5
3,179;181;752,8.806391706181654E-5
3,24;324;950,8.806190779927204E-5
3,25;238;655,-8.80376953963323E-5
3,237;384;496,-8.793965000867674E-5
3,178;692;887,-8.79147248006152E-5
3,154;845;847,-8.788708616140767E-5
3,28;411;596,-8.787524911199448E-5
3,306;319;508,8.783702900407333E-5
3,312;889;930,-8.781976824371343E-5
3,47;359;534,8.781040590092438E-5
3,406;616;784,-8.780614568989276E-5
3,126;770;847,-8.77777051813991E-5
3,18;76;955,8.776296416960013E-5
3,380;435;507,8.774420517401552E-5
3,68;125;689,8.764426785830174E-5
3,129;207;838,-8.759219365611638E-5
3,275;307;484,-8.758298031539494E-5
3,468;782;962,8.754198670945411E-5
3,158;667;684,-8.744476164211044E-5
3,79;809;880,-8.73477357942588E-5
3,83;500;746,-8.73257899052256E-5
3,392;646;767,8.732148514687737E-5
3,319;590;717,8.730564440721497E-5
3,592;627;826,8.729534488734448E-5
3,2;22;553,8.726708367810106E-5
3,224;474;797,8.724540123647632E-5
3,151;793;856,8.71737423996509E-5
3,53;654;875,-8.716948797910926E-5
3,433;581;658,8.716132601053638E-5
3,243;553;558,8.715971955379647E-5
3,68;123;443,-8.715387815887469E-5
3,655;882;908,-8.713959119883414E-5
3,506;536;637,8.712212773307547E-5
3,256;713;960,-8.709582982289935E-5
3,306;421;577,-8.708090678388583E-5
3,373;604;698,-8.707939079788962E-5
3,430;785;892,8.706073427789806E-5
3,218;692;706,8.703962152854866E-5
3,59;414;980,-8.703882663767818E-5
3,726;909;945,8.703748938874115E-5
3,56;506;637,-8.703035658324421E-5
3,215;954;971,-8.698638482427681E-5
3,5;53;515,8.694083749724884E-5
3,237;599;818,-8.690592890975383E-5
3,235;532;996,-8.68330094367069E-5
3,248;360;618,-8.680851504629782E-5
3,636;690;972,-8.679997946802546E-5
3,25;579;606,8.67107180749282E-5
3,135;332;768,8.670945836184319E-5
3,77;208;439,-8.668327961297684E-5
3,230;756;837,-8.664198682596585E-5
3,518;659;853,-8.663744339033883E-5
3,406;425;626,-8.662922790000104E-5
3,470;549;903,8.660172631486481E-5
3,428;475;856,8.65984557076441E-5
3,541;794;879,-8.658637367847888E-5
3,220;292;531,8.658285924693371E-5
3,23;590;704,8.652155986668804E-5
3,226;838;930,8.652122415747402E-5
3,250;581;658,8.649512285054781E-5
3,143;460;625,-8.647780978529315E-5
3,8;508;562,8.644817915889781E-5
3,32;589;638,-8.643113623262501E-5
3,61;359;478,8.641856663456646E-5
3,815;889;928,8.640633083347421E-5
3,243;486;693,-8.63790667959106E-5
3,100;103;171,8.6325175387872E-5
3,420;458;830,-8.628605423229093E-5
3,782;962;975,8.626528649894938E-5
3,380;507;717,-8.623158014326662E-5
3,52;646;797,8.61813252006696E-5
3,762;802;991,8.615846728844642E-5
3,148;706;961,-8.605407308744167E-5
3,156;239;726,-8.587432901671367E-5
3,349;819;868,-8.585899276651287E-5
3,155;324;571,8.585422293606415E-5
3,649;692;708,-8.585119491807094E-5
3,82;440;596,-8.577561773929355E-5
3,191;410;698,8.577342044375744E-5
3,116;666;744,8.575008269754632E-5
3,44;247;437,8.574573615622753E-5
3,199;844;848,-8.574281883282191E-5
3,280;341;718,8.573680469743895E-5
3,87;583;912,8.569558844853756E-5
3,149;311;875,8.56682379014512E-5
3,357;400;861,8.561787133413806E-5
3,528;607;736,-8.561344113805852E-5
3,454;532;721,-8.558260537226329E-5
3,115;537;802,-8.556363548468283E-5
3,52;379;518,-8.55505682598E-5
3,217;232;795,-8.553461995439501E-5
3,187;549;972,-8.551895589752534E-5
3,348;443;776,8.550404674427619E-5
3,82;124;278,-8.549229616088275E-5
3,679;888;894,-8.546075115170114E-5
3,597;763;806,8.5379939629402E-5
3,383;767;968,8.537986418737831E-5
3,717;744;814,-8.533539751020191E-5
3,153;429;471,8.525308927739517E-5
3,5;753;834,-8.523147736693762E-5
3,677;713;742,-8.521802964435564E-5
3,359;562;893,-8.520665588854177E-5
3,568;744;792,8.513223735826728E-5
3,70;519;729,8.511473130564711E-5
3,254;436;826,8.509783462460482E-5
3,316;851;953,-8.50941109161393E-5
3,255;507;717,8.508318959624516E-5
3,264;487;697,-8.507278697647092E-5
3,666;696;860,-8.506489487870969E-5
3,58;616;739,-8.504996239578903E-5
3,329;752;991,-8.499052007498611E-5
3,136;171;577,8.497143688909095E-5
3,569;684;731,-8.493999760108993E-5
3,97;370;746,-8.489440143946503E-5
3,49;94;923,-8.482835664119234E-5
3,164;420;458,8.47724422055143E-5
3,357;398;671,-8.473706079929036E-5
3,423;485;763,8.468275537305092E-5
3,99;459;567,8.46794457853294E-5
3,79;538;776,-8.467509116729336E-5
3,8;161;468,8.46616647063786E-5
3,514;571;789,8.458876789051377E-5
3,235;532;699,-8.458487773800596E-5
3,137;489;619,8.455799887349822E-5
3,82;104;764,-8.455457872241833E-5
3,147;187;896,8.444484088454527E-5
3,188;363;853,8.443843777537729E-5
3,261;546;575,8.44290568808309E-5
3,21;148;456,-8.435308905455499E-5
3,278;738;769,-8.434484494605566E-5
3,246;483;768,8.433687581427005E-5
3,461;771;851,8.433406729263954E-5
3,513;577;655,8.431225814358762E-5
3,186;514;834,8.430671440158042E-5
3,457;767;844,-8.426503311034375E-5
3,85;640;701,8.420718857970813E-5
3,60;284;883,-8.418948581659048E-5
3,144;797;809,-8.414247670917032E-5
3,535;540;541,8.412256443885344E-5
3,17;201;989,8.408511090176338E-5
3,12;143;361,-8.406762975618514E-5
3,330;385;631,-8.404544261487522E-5
3,116;163;744,8.403021719357074E-5
3,443;502;730,-8.402682257571251E-5
3,245;579;903,8.399641206166066E-5
3,2;283;315,-8.397131614666034E-5
3,208;620;906,8.39617606168707E-5
3,65;302;437,-8.395321469202593E-5
3,451;770;862,-8.389993132246952E-5
3,126;335;440,-8.389584298227759E-5
3,561;750;867,-8.385887035871687E-5
3,362;802;862,8.384813813560326E-5
3,1;335;387,8.383594630379787E-5
3,321;435;943,-8.382935018346946E-5
3,272;319;847,-8.38251941736345E-5
3,68;330;662,-8.381826761258471E-5
3,191;262;563,8.374600735935115E-5
3,47;483;534,-8.372845604119178E-5
3,112;337;966,-8.372331135173286E-5
3,122;244;620,-8.366794836782955E-5
3,68;125;926,8.366032280178268E-5
3,178;210;568,8.36602730706057E-5
3,399;472;884,-8.362852571957433E-5
3,175;924;937,-8.360869995965829E-5
3,239;655;665,-8.350498789612351E-5
3,43;347;451,8.349000193010728E-5
3,19;294;783,8.348560818701992E-5
3,288;732;884,8.342167051094162E-5
3,185;417;735,-8.342130875892306E-5
3,276;307;434,-8.340277664269652E-5
3,499;808;947,-8.3400900764032E-5
3,96;295;895,8.335904677083121E-5
3,67;620;906,8.33232083970895E-5
3,51;164;418,-8.332021444523019E-5
3,483;700;981,-8.324540128130465E-5
3,366;702;910,-8.323635931214132E-5
3,121;436;542,8.319801900664225E-5
3,566;954;971,8.319787595257741E-5
3,144;452;793,-8.31519426658939E-5
3,731;742;908,8.314654066830602E-5
3,229;566;924,8.313875595108155E-5
3,356;434;942,8.312503511312203E-5
3,213;265;612,8.312069932398947E-5
3,432;796;930,8.310107618078175E-5
3,81;359;460,-8.30968185845397E-5
3,85;443;875,8.308296608231925E-5
3,255;859;889,-8.307523998922261E-5
3,381;704;772,8.307471812188994E-5
3,172;556;570,8.301745678285688E-5
3,292;464;522,8.300514792698694E-5
3,67;244;368,8.292165574576841E-5
3,308;446;505,-8.291825020962298E-5
3,200;359;460,-8.286083261215433E-5
3,43;373;764,-8.28571418334139E-5
3,105;790;917,8.285656664304456E-5
3,381;505;508,-8.28241212842128E-5
3,567;885;926,-8.280347234384144E-5
3,21;88;401,-8.278186909404373E-5
3,38;370;915,-8.277115945910315E-5
3,514;640;789,8.276942226968337E-5
3,4;871;958,8.27653738579454E-5
3,96;265;545,8.27626332885429E-5
3,91;322;521,-8.27255367973852E-5
3,505;540;760,-8.271158204600737E-5
3,89;484;508,8.269673488232446E-5
3,784;824;882,-8.268766983149014E-5
3,27;696;966,8.265642678564997E-5
3,168;321;714,8.265047649413441E-5
3,46;169;558,-8.263452007788928E-5
3,310;625;730,-8.260617705964113E-5
3,174;304;951,8.25991335793144E-5
3,109;155;308,8.259203176381716E-5
3,126;433;724,-8.258909278376214E-5
3,265;451;548,-8.258875102653391E-5
3,17;41;155,8.256847012693093E-5
3,265;870;888,-8.256267560514358E-5
3,271;419;647,8.255847608175718E-5
3,143;477;807,8.253039664908123E-5
3,478;825;850,-8.25275966953927E-5
3,313;907;952,-8.250265208074268E-5
3,69;179;573,8.243854949179768E-5
3,16;245;404,-8.240204063479117E-5
3,234;472;884,-8.238879029026189E-5
3,195;366;929,8.238488027414992E-5
3,171;204;426,8.237793296241083E-5
3,330;397;649,-8.237051914415528E-5
3,289;645;692,-8.236020983022172E-5
3,41;142;419,-8.235527499905094E-5
3,233;459;742,-8.235399199969693E-5
3,127;321;612,-8.234787415280331E-5
3,127;328;690,-8.234594197706582E-5
3,427;430;824,8.233157315286422E-5
3,189;332;784,8.231644847209724E-5
3,160;394;466,-8.229612418415866E-5
3,234;629;880,8.225309247839846E-5
3,293;504;624,8.223152437278043E-5
3,9;491;843,-8.222150469350987E-5
3,851;953;982,8.220875973994204E-5
3,381;504;772,8.217966381321361E-5
3,318;438;723,8.21692891078506E-5
3,98;360;537,-8.215827433391124E-5
3,85;194;499,8.214655731676695E-5
3,247;566;924,8.212218158583998E-5
3,55;61;278,8.210720398923856E-5
3,187;525;549,-8.208967160103015E-5
3,174;297;948,-8.207302536260309E-5
3,381;634;772,-8.20383085841579E-5
3,73;165;675,8.202808339461635E-5
3,210;696;747,8.202602113100969E-5
3,316;631;662,8.199276303829207E-5
3,41;101;960,8.18794667257586E-5
3,77;184;239,-8.18624536380566E-5
3,6;767;844,8.185558863103603E-5
3,48;193;715,-8.183172583853993E-5
3,172;337;466,-8.183013815183568E-5
3,273;463;992,-8.18289233888909E-5
3,416;614;902,-8.181764831933366E-5
3,349;645;936,8.172785741067401E-5
3,235;247;450,8.17174868869112E-5
3,405;466;511,-8.165841909058588E-5
3,279;820;839,8.165454264578653E-5
3,172;465;992,8.161341167657544E-5
3,652;887;959,-8.16036748418499E-5
3,281;786;849,8.160343461803077E-5
3,364;414;770,8.159947913783805E-5
3,306;315;857,-8.158815545494119E-5
3,73;277;602,-8.158775729416796E-5
3,53;337;905,8.154287607137092E-5
3,34;147;416,-8.151784956724048E-5
3,50;264;341,-8.150451682761996E-5
3,420;806;974,-8.149026530162338E-5
3,392;646;811,8.14441068028367E-5
3,36;79;310,-8.140424944530796E-5
3,313;905;952,8.140348024253968E-5
3,594;921;926,8.13452104669516E-5
3,97;755;936,8.134332998182454E-5
3,337;390;840,-8.130064034570025E-5
3,165;809;892,-8.129093364913453E-5
3,311;821;969,-8.128770487802599E-5
3,237;279;730,-8.124908127318197E-5
3,78;216;847,8.124391446132617E-5
3,735;825;871,8.123240382470626E-5
3,67;244;689,8.122894556950722E-5
3,57;282;937,-8.1202731380483E-5
3,165;265;338,-8.115178955791935E-5
3,106;220;615,-8.113841867667561E-5
3,150;358;620,-8.11352580753841E-5
3,434;655;757,8.113431824491553E-5
3,35;53;905,-8.113302853955888E-5
3,186;572;789,-8.112461937736818E-5
3,448;609;827,-8.112400369399436E-5
3,98;196;956,8.110051227194079E-5
3,275;484;629,-8.1075922952214E-5
3,592;608;685,8.105800161012965E-5
3,689;896;977,8.10463180091159E-5
3,183;541;897,-8.103565454226488E-5
3,194;217;721,-8.101752571111274E-5
3,16;353;482,-8.100725418735194E-5
3,428;556;604,-8.100678761460228E-5
3,255;330;881,-8.099994302376703E-5
3,403;440;523,-8.090345835485995E-5
3,245;252;685,-8.089803177984291E-5
3,186;307;655,-8.089411497935351E-5
3,270;384;438,8.08912999473137E-5
3,28;528;774,8.088581485684022E-5
3,411;596;774,8.086121424953674E-5
3,374;710;918,-8.085926941854233E-5
3,431;593;698,-8.08295104828795E-5
3,39;211;955,-8.08042425623717E-5
3,125;451;926,8.079518287624388E-5
3,46;168;851,-8.078734930275713E-5
3,94;152;222,8.072704841641118E-5
3,6;381;504,8.070365522565635E-5
3,290;360;960,-8.06905037861093E-5
3,405;621;918,-8.068721907677238E-5
3,235;450;931,8.068396098296212E-5
3,40;146;529,8.067516946143444E-5
3,546;818;914,8.066335480163841E-5
3,267;502;981,8.060682567179829E-5
3,26;341;865,-8.056562853926211E-5
3,74;697;828,-8.055322732701466E-5
3,33;145;556,8.054775900440154E-5
3,121;493;695,-8.053931184850487E-5
3,229;899;975,8.051701793413724E-5
3,70;247;450,-8.051667090769623E-5
3,195;524;776,8.045448999221721E-5
3,784;882;942,-8.043028327270663E-5
3,33;79;880,-8.042899819547785E-5
3,268;447;970,-8.038421062040517E-5
3,708;896;977,8.03816641935947E-5
3,267;714;891,-8.038042059232459E-5
3,471;887;920,-8.03649992729156E-5
3,18;124;831,8.035317789979464E-5
3,318;656;696,8.034805960207334E-5
3,68;95;330,-8.032417905266314E-5
3,144;207;500,-8.030698612937052E-5
3,490;677;904,8.02730466750792E-5
3,256;286;773,8.023239406311664E-5
3,251;670;800,8.023064270888653E-5
3,206;426;896,8.022709910307395E-5
3,279;663;963,-8.021896179618913E-5
3,2;125;520,8.020883652857768E-5
3,64;430;498,8.01953006188039E-5
3,523;699;956,8.017205689098737E-5
3,564;782;808,8.017125588939423E-5
3,32;604;713,8.015894617075118E-5
3,44;201;453,-8.015408000536966E-5
3,403;615;735,8.013984180552119E-5
3,189;293;719,-8.011582763788217E-5
3,350;429;469,-8.011242892587706E-5
3,85;313;958,-8.010708236372566E-5
3,358;570;611,-8.009929424436507E-5
3,496;814;848,8.009599898030429E-5
3,308;445;854,-7.998708184390141E-5
3,696;840;919,-7.994663496045944E-5
3,251;571;723,7.994573637132779E-5
3,533;681;985,7.994497477981652E-5
3,392;705;948,7.987976389741115E-5
3,434;596;683,-7.983990429559074E-5
3,47;77;966,7.977004666917284E-5
3,477;716;807,-7.975545305151598E-5
3,234;304;555,7.96883676477101E-5
3,445;617;960,7.967526301044608E-5
3,324;508;772,7.965979218877003E-5
3,349;542;965,7.964677154941624E-5
3,46;83;392,-7.964062243790852E-5
3,290;558;800,-7.962418387884731E-5
3,31;677;701,-7.962415771774716E-5
3,77;459;593,7.960753881023396E-5
3,435;507;717,7.958119059367007E-5
3,525;538;821,7.95773111320495E-5
3,541;703;984,7.951117521915793E-5
3,685;689;896,-7.950753032188029E-5
3,24;76;274,7.94318462788374E-5
3,64;679;808,-7.941943389820139E-5
3,0;788;877,7.937602956773936E-5
3,425;466;717,-7.936461166938766E-5
3,454;618;718,-7.935307024996958E-5
3,25;151;720,-7.933011716747767E-5
3,643;654;935,-7.932550948111792E-5
3,213;621;656,7.928918764621163E-5
3,281;523;684,7.924678478745451E-5
3,177;832;848,7.92261297964367E-5
3,275;366;694,-7.920317700406754E-5
3,305;445;599,-7.919463373396196E-5
3,373;533;628,-7.91573635525065E-5
3,541;879;984,-7.912885821451592E-5
3,67;457;553,7.911664993892351E-5
3,45;272;602,-7.910570802709005E-5
3,64;592;805,7.907343358986458E-5
3,549;748;887,7.906713160621863E-5
3,140;270;913,-7.898374905204428E-5
3,304;658;686,-7.89731866635152E-5
3,507;542;615,7.895546290189451E-5
3,34;388;691,7.89276411886157E-5
3,150;763;985,-7.890607401437768E-5
3,55;388;524,7.89037873010541E-5
3,329;490;566,7.889135929575751E-5
3,47;184;728,7.884854836267447E-5
3,208;231;473,7.883867004806015E-5
3,169;603;666,-7.883549004256821E-5
3,48;218;785,-7.883052767850345E-5
3,360;537;956,7.877502894643408E-5
3,151;335;917,7.876156358215618E-5
3,228;251;800,-7.875179029909977E-5
3,488;624;947,7.874952970922875E-5
3,468;796;962,-7.87386637823328E-5
3,380;630;700,7.873033604296818E-5
3,264;298;850,-7.869790162168649E-5
3,53;831;875,-7.86521509574544E-5
3,518;853;903,-7.864315180010698E-5
3,118;371;410,-7.857669682668799E-5
3,103;195;918,-7.855064879000151E-5
3,646;767;811,7.854238890314075E-5
3,267;813;981,-7.85415031827107E-5
3,47;359;972,-7.853104004250006E-5
3,54;350;469,7.852911644911942E-5
3,2;411;436,-7.845545998365572E-5
3,124;838;930,-7.844389228059696E-5
3,344;712;927,-7.843226246584997E-5
3,646;667;684,-7.840999568361055E-5
3,451;466;679,7.838568206054548E-5
3,36;43;369,-7.838343830216444E-5
3,114;143;716,7.83209986745806E-5
3,117;417;580,-7.829869036450673E-5
3,504;521;578,-7.829183809153434E-5
3,327;621;672,7.827191156130124E-5
3,14;162;628,-7.826532099587681E-5
3,234;298;555,7.825819310709177E-5
3,186;392;723,7.82499168954023E-5
3,151;214;917,7.824078721833138E-5
3,314;319;567,-7.814741302073031E-5
3,375;666;706,-7.814185327280371E-5
3,375;509;742,-7.809676031562284E-5
3,317;702;862,7.805534352863468E-5
3,2;436;966,-7.802272932448751E-5
3,67;259;584,7.801718445841411E-5
3,8;468;953,-7.80113543330289E-5
3,60;241;812,-7.801011084850135E-5
3,8;646;988,-7.799471479969763E-5
3,24;274;489,7.79663652506982E-5
3,194;674;793,7.790577162391912E-5
3,206;754;912,-7.788570886774581E-5
3,135;332;499,7.783993599923166E-5
3,489;619;935,7.782063022705663E-5
3,243;315;602,7.781971671520102E-5
3,321;448;541,-7.774686466494762E-5
3,604;698;961,7.774244118852231E-5
3,360;378;670,7.773765832819085E-5
3,130;145;418,-7.77328895887933E-5
3,116;298;906,7.769051347581342E-5
3,388;662;683,-7.768428537450184E-5
3,330;714;944,7.767478771801898E-5
3,24;171;299,7.767204926550523E-5
3,439;545;815,7.766737316577393E-5
3,264;506;644,7.764266738031858E-5
3,70;642;888,-7.762094528691205E-5
3,73;165;892,-7.760648966559666E-5
3,121;259;593,7.755335609608595E-5
3,290;588;945,-7.755296004715243E-5
3,293;481;838,7.753660985646154E-5
3,174;376;951,-7.752384764785033E-5
3,20;634;871,7.74866654751861E-5
3,30;440;965,7.745373549446686E-5
3,8;48;745,7.745210214262296E-5
3,96;451;545,-7.744693364584764E-5
3,558;800;857,-7.740051606903338E-5
3,395;617;960,7.738944301922215E-5
3,278;674;923,7.732306952493665E-5
3,151;484;793,7.731122021939307E-5
3,416;499;648,7.730984884320983E-5
3,73;675;892,-7.730010919748384E-5
3,48;715;745,-7.728216652449345E-5
3,106;494;737,-7.728188748397255E-5
3,635;739;936,7.723671991026681E-5
3,36;79;313,7.718916170835165E-5
3,220;604;698,-7.718192686773289E-5
3,358;604;991,7.717063914970967E-5
3,79;525;776,7.712112038130977E-5
3,528;577;801,7.709168103353673E-5
3,318;915;948,7.70414145362433E-5
3,31;205;553,7.701099797432084E-5
3,50;90;341,7.700960229763915E-5
3,102;524;800,7.696126701455018E-5
3,140;752;913,-7.691444544055288E-5
3,424;907;952,-7.688214995171145E-5
3,237;279;901,-7.688009185307438E-5
3,131;769;789,7.687995935035229E-5
3,161;341;718,-7.685907703785155E-5
3,346;430;716,7.685132056483776E-5
3,469;587;702,7.684716165105476E-5
3,45;268;899,-7.678398398514732E-5
3,407;653;658,7.677032380724055E-5
3,336;949;950,-7.67628461157709E-5
3,85;199;443,-7.673438105657688E-5
3,127;203;321,7.673406066397549E-5
3,355;729;949,-7.672889655328344E-5
3,493;515;644,-7.671597158212792E-5
3,165;466;809,7.66964015188906E-5
3,543;689;830,-7.668331558056665E-5
3,325;420;424,7.666542130557142E-5
3,104;289;570,-7.660650280140772E-5
3,427;436;494,-7.659195161803375E-5
3,549;640;887,7.654191837958006E-5
3,566;589;971,-7.654110880649147E-5
3,151;284;821,7.653975265162822E-5
3,158;719;855,-7.653525455358589E-5
3,713;742;908,7.653107711686085E-5
3,282;312;966,-7.649196389373372E-5
3,325;424;806,-7.648414037658172E-5
3,5;255;686,-7.648058295389893E-5
3,116;151;794,-7.647189928662602E-5
3,286;647;904,7.6466141187087E-5
3,402;417;967,-7.64597391430456E-5
3,354;698;803,7.640505254342523E-5
3,577;655;684,-7.638956495060827E-5
3,45;268;397,-7.636895735984315E-5
3,153;171;882,7.63667327707248E-5
3,116;161;374,-7.636033664031711E-5
3,171;299;353,-7.632847849232731E-5
3,78;370;397,7.630715968852721E-5
3,246;483;855,-7.626732607821005E-5
3,17;357;748,7.626031588735975E-5
3,187;318;853,-7.624389413652703E-5
3,390;781;998,7.623941298555195E-5
3,8;563;606,-7.621245386283906E-5
3,189;293;838,7.618517589898501E-5
3,135;144;576,-7.617802418491523E-5
3,295;452;895,-7.615452201083342E-5
3,23;389;620,-7.615116469809453E-5
3,281;699;956,7.61501020095827E-5
3,276;779;794,-7.606785594320404E-5
3,161;214;761,-7.603558114858656E-5
3,575;607;824,7.603463429401229E-5
3,593;802;991,-7.602642437781266E-5
3,44;330;978,-7.601801026137728E-5
3,143;477;716,7.600749770035392E-5
3,19;292;653,-7.600651342993114E-5
3,519;548;930,7.596056941853909E-5
3,21;220;750,7.59472920947618E-5
3,96;452;643,-7.592774042971025E-5
3,317;542;630,-7.590042848037026E-5
3,271;564;917,7.589964303579502E-5
3,205;739;919,7.589059385578145E-5
3,5;141;892,7.588351604510617E-5
3,461;851;878,7.584064494531038E-5
3,211;475;509,-7.579917876881346E-5
3,47;553;728,-7.57831532921128E-5
3,5;551;893,-7.575400651156503E-5
3,44;247;588,7.570499176969819E-5
3,502;686;921,7.569929446459241E-5
3,366;393;929,-7.569844807614232E-5
3,235;545;615,-7.569622179647884E-5
3,92;223;476,7.568348395195265E-5
3,352;489;514,7.567071307561781E-5
3,658;701;958,-7.565417760044273E-5
3,95;97;271,7.563152588945088E-5
3,179;543;759,7.562522279274375E-5
3,143;463;969,7.5622307509118E-5
3,47;96;268,-7.560804173924494E-5
3,8;161;497,-7.560645694654856E-5
3,180;649;753,-7.559313925593258E-5
3,157;839;961,7.556285929063498E-5
3,245;408;947,7.555996300338003E-5
3,19;783;883,-7.553091287290553E-5
3,72;279;899,7.552344927520805E-5
3,416;614;800,7.551597960912564E-5
3,247;330;359,7.551210605957131E-5
3,291;793;970,7.546795961879248E-5
3,28;596;774,-7.546598047508748E-5
3,236;635;709,-7.544498893384843E-5
3,96;403;664,-7.543624736121598E-5
3,105;218;314,-7.543481543678843E-5
3,225;750;908,-7.541220413580798E-5
3,23;257;389,-7.540439197729945E-5
3,82;355;729,7.539855786615152E-5
3,0;245;588,-7.539546811145495E-5
3,565;603;707,-7.537771974829416E-5
3,160;385;808,-7.535127657246064E-5
3,375;573;668,-7.535021904997014E-5
3,685;689;708,-7.531901187750855E-5
3,271;369;545,7.525825683945024E-5
3,470;713;786,7.525489251598443E-5
3,17;93;564,-7.524438140981973E-5
3,581;658;724,-7.522451450726926E-5
3,148;331;428,-7.520921705690983E-5
3,750;867;971,7.515399776099194E-5
3,41;190;960,7.513690776061198E-5
3,120;636;862,7.513509343955884E-5
3,65;190;426,7.51279029257913E-5
3,249;306;980,7.506902690854951E-5
3,47;384;656,-7.50687654286313E-5
3,32;306;720,-7.505693091599195E-5
3,356;387;567,-7.501399182157301E-5
3,126;724;770,-7.498346019227225E-5
3,68;744;911,-7.497329760604783E-5
3,665;933;966,-7.495646882813364E-5
3,161;280;718,-7.492758583687796E-5
3,458;577;659,7.489061148628977E-5
3,100;538;788,-7.487519482782262E-5
3,160;762;778,7.485917476377738E-5
3,516;707;988,-7.485851822164876E-5
3,187;196;802,7.484670586879539E-5
3,636;929;978,-7.482848838399822E-5
3,681;805;934,-7.482227394707875E-5
3,480;531;610,-7.481613717967175E-5
3,99;447;922,7.479339412401444E-5
3,765;768;798,-7.477664701215066E-5
3,12;361;654,-7.475240269613211E-5
3,21;425;860,-7.474015160997535E-5
3,215;285;929,7.473847144750442E-5
3,20;848;875,7.47341494560366E-5
3,255;380;507,-7.471522612276738E-5
3,234;550;814,-7.471463609860866E-5
3,70;548;729,7.46549696356054E-5
3,35;850;932,-7.465459870085789E-5
3,171;295;322,7.464386517936234E-5
3,269;852;887,-7.463926521829816E-5
3,79;776;821,7.461194988159597E-5
3,434;569;978,7.460314593635561E-5
3,121;259;768,7.458634186105773E-5
3,277;366;702,-7.457481592987829E-5
3,365;512;781,7.456252554216741E-5
3,28;411;774,7.455712870936371E-5
3,104;308;486,7.45509432372944E-5
3,119;154;558,-7.454786769531396E-5
3,508;772;924,7.452433950928639E-5
3,451;517;988,-7.448488583499429E-5
3,267;542;728,7.447930114865002E-5
3,53;116;151,7.443225605841668E-5
3,363;500;526,7.442460442269286E-5
3,414;516;870,-7.438383648828769E-5
3,683;719;900,7.4383231833801E-5
3,387;730;735,7.437939213942457E-5
3,64;346;716,-7.436605328557098E-5
3,560;745;851,7.435020520548276E-5
3,92;708;991,-7.430687866615251E-5
3,199;624;848,7.428133991696837E-5
3,35;90;806,-7.425907976998067E-5
3,505;700;865,-7.424394182810471E-5
3,16;780;938,-7.422380225086335E-5
3,220;531;653,7.419407242566594E-5
3,153;221;585,7.417442391067625E-5
3,86;263;947,7.417029216039717E-5
3,106;290;494,-7.415978944519776E-5
3,182;711;981,-7.41596096013062E-5
3,336;345;950,7.415757046156464E-5
3,118;371;423,-7.415059614907021E-5
3,280;505;724,7.41450682491115E-5
3,34;162;691,-7.414469304339836E-5
3,143;361;654,7.414053771223852E-5
3,255;268;447,-7.41237095253738E-5
3,21;43;600,-7.409681018420236E-5
3,54;429;919,-7.40845796946319E-5
3,289;745;877,-7.407686628710318E-5
3,282;488;986,-7.401505748355076E-5
3,291;424;463,7.398178895637657E-5
3,108;119;154,7.396838197432554E-5
3,238;324;709,7.392283562953169E-5
3,8;579;640,-7.3917925954425E-5
3,49;290;400,7.391391363487738E-5
3,306;625;774,-7.38885195399448E-5
3,291;293;844,-7.38824188756757E-5
3,159;199;212,7.387884542309193E-5
3,8;252;655,-7.387063927938265E-5
3,489;604;991,7.386767048114196E-5
3,448;848;963,-7.386106783748502E-5
3,59;304;940,-7.3839066583319E-5
3,291;417;574,-7.378772589853378E-5
3,23;204;671,-7.378282145443013E-5
3,44;516;893,-7.378116712439649E-5
3,124;302;981,-7.377895319110696E-5
3,324;742;888,7.374339644129996E-5
3,251;277;891,7.373498601460607E-5
3,77;394;644,7.373408895006222E-5
3,442;484;811,7.373023121870403E-5
3,744;830;997,-7.368644428445798E-5
3,507;799;860,7.36668899528416E-5
3,58;739;971,-7.364932295241973E-5
3,254;428;784,7.364273146039148E-5
3,77;472;475,7.362666017293584E-5
3,420;424;806,-7.361465828048571E-5
3,222;535;628,-7.360299416532776E-5
3,315;711;751,7.360132683075941E-5
3,279;395;735,7.360127534753723E-5
3,236;335;387,7.359763803044245E-5
3,653;712;808,7.358875868017976E-5
3,81;636;976,-7.357552227062963E-5
3,625;664;730,-7.356799191552122E-5
3,421;565;577,-7.355913451707977E-5
3,90;491;806,-7.355874389183542E-5
3,267;495;981,7.35514644932684E-5
3,362;717;989,7.354891230701343E-5
3,114;505;760,-7.354539769725438E-5
3,319;359;440,-7.35112603870213E-5
3,38;462;798,7.350518870801617E-5
3,74;402;691,7.349714682380342E-5
3,245;268;631,-7.349543441126115E-5
3,373;827;950,-7.348319279402926E-5
3,374;627;670,-7.347328577708065E-5
3,21;267;664,7.345754535762554E-5
3,80;771;851,7.344923125967877E-5
3,72;577;801,7.341113123577307E-5
3,451;634;751,7.34011010861381E-5
3,26;50;367,-7.338253691534535E-5
3,45;122;244,-7.336293069244739E-5
3,38;645;837,-7.327135643593137E-5
3,105;218;424,-7.325629621306986E-5
3,340;380;998,-7.32526891506046E-5
3,264;491;633,-7.325119474092576E-5
3,306;561;995,7.324996616007472E-5
3,17;201;251,7.324853267500782E-5
3,86;737;996,7.324129394381848E-5
3,528;616;659,7.323955599267307E-5
3,454;645;692,7.322339264258794E-5
3,708;713;960,7.32232060786113E-5
3,211;475;624,7.321942082204377E-5
3,249;404;631,-7.320955928435397E-5
3,106;220;301,-7.319069829851695E-5
3,132;250;686,-7.318509056892683E-5
3,46;349;987,7.318355052318216E-5
3,184;286;647,7.317626598246058E-5
3,150;358;570,-7.31733509974883E-5
3,191;362;802,7.314187711387575E-5
3,168;482;680,7.312858984912552E-5
3,404;652;846,7.310630376639416E-5
3,97;271;561,-7.307520665050044E-5
3,268;485;970,-7.306334640611222E-5
3,24;299;933,7.305737433870164E-5
3,178;304;686,7.302908568805932E-5
3,670;890;953,-7.300482035181496E-5
3,533;658;764,7.298561453296017E-5
3,392;637;834,7.295131950449861E-5
3,95;102;931,7.292910273366182E-5
3,138;483;735,-7.29113238618577E-5
3,221;253;585,7.290604226164082E-5
3,470;611;682,7.29060130285056E-5
3,74;489;802,7.290414263567858E-5
3,197;416;925,7.289324816865123E-5
3,432;550;972,-7.282267324986587E-5
3,191;410;771,7.278946594827348E-5
3,50;90;553,7.276975942310782E-5
3,546;689;795,-7.272622864054146E-5
3,592;685;850,7.267719835237448E-5
3,106;272;433,-7.266887560212629E-5
3,146;582;809,-7.265965224582596E-5
3,524;662;774,7.265459559134138E-5
3,302;411;520,-7.265360604048538E-5
3,153;253;585,7.264368933416088E-5
3,665;733;933,7.264191433380983E-5
3,19;404;892,-7.262440068454853E-5
3,65;298;765,7.25829240530663E-5
3,104;341;544,7.257997827761447E-5
3,306;754;980,7.256281827797611E-5
3,167;366;849,7.255642830739097E-5
3,74;352;886,-7.252639183561097E-5
3,237;496;660,7.252341870035814E-5
3,177;447;721,7.251613815387257E-5
3,89;155;937,7.251316544962469E-5
3,165;429;857,-7.251192363909786E-5
3,533;537;681,-7.250875318362403E-5
3,463;694;799,-7.249061477265984E-5
3,604;698;971,-7.246676724928907E-5
3,257;293;504,7.246397688644632E-5
3,170;184;302,-7.246268139393772E-5
3,403;615;664,7.244500098677387E-5
3,347;451;992,-7.244084595507382E-5
3,316;701;958,-7.240201001435159E-5
3,0;300;516,7.238004322557528E-5
3,211;316;497,-7.237771715141333E-5
3,147;290;943,-7.235370507535811E-5
3,233;262;405,-7.235287515933807E-5
3,214;386;658,-7.233468805703287E-5
3,25;617;929,7.232257067206924E-5
3,237;678;851,-7.231582545243765E-5
3,547;769;958,7.229990090483273E-5
3,292;530;985,7.229437973287229E-5
3,116;389;744,7.227256409409781E-5
3,70;600;669,-7.227094014891556E-5
3,493;509;975,7.225774768216764E-5
3,349;860;987,-7.223843276325767E-5
3,625;795;970,7.22240946149801E-5
3,85;199;676,7.221762017810499E-5
3,339;779;904,7.218086559707004E-5
3,217;445;854,-7.216079459907149E-5
3,151;357;910,7.215841630273498E-5
3,15;40;239,-7.215101308359872E-5
3,367;505;663,7.21438497763786E-5
3,35;261;575,7.212457397253664E-5
3,245;556;604,7.208317385804441E-5
3,85;578;662,7.206364912411956E-5
3,702;780;900,-7.206358199247056E-5
3,89;381;508,7.204141406356738E-5
3,191;262;380,7.202374767072173E-5
3,78;634;950,-7.199743773053492E-5
3,31;205;427,-7.196269920854913E-5
3,144;212;809,7.195753343733566E-5
3,96;381;720,7.195521224531541E-5
3,549;859;887,7.194702103030038E-5
3,296;665;933,-7.194696586480263E-5
3,462;506;859,7.19437290899004E-5
3,116;631;893,-7.192763836827807E-5
3,191;327;380,-7.19095818000394E-5
3,400;578;839,7.188907665728912E-5
3,475;856;983,7.187076814080865E-5
3,567;680;688,-7.184156549084048E-5
3,7;88;934,-7.18255347098542E-5
3,424;806;974,-7.181114488097822E-5
3,211;550;814,-7.180742616255033E-5
3,100;252;720,-7.175434112073957E-5
3,130;576;896,7.174034332531223E-5
3,279;476;839,-7.172249352763157E-5
3,309;375;706,-7.171056691695959E-5
3,173;291;319,-7.168353653157866E-5
3,165;429;740,7.168143860431234E-5
3,70;846;857,7.168072093537617E-5
3,518;659;903,-7.166942425599617E-5
3,701;791;900,-7.166479534456852E-5
3,628;922;956,-7.159383357636718E-5
3,86;843;972,-7.153007175869058E-5
3,662;985;991,7.15279478366979E-5
3,56;248;360,-7.151308832668415E-5
3,558;845;889,-7.150485606890248E-5
3,276;892;915,7.150472007738289E-5
3,197;416;499,-7.148653071385383E-5
3,81;609;636,-7.146391559932551E-5
3,240;331;428,7.139479803171943E-5
3,124;226;930,-7.136093118669985E-5
3,203;613;738,7.130939170225018E-5
3,385;406;792,7.12602479748576E-5
3,249;795;970,7.116946294029829E-5
3,65;264;765,7.116553738881934E-5
3,279;395;825,-7.115879562145984E-5
3,231;473;922,7.115521477527981E-5
3,404;460;758,7.115085093839155E-5
3,151;224;529,-7.114908568288873E-5
3,158;566;719,-7.11330010299386E-5
3,496;661;824,-7.111158236191087E-5
3,101;600;789,-7.108723154766444E-5
3,73;604;710,7.108429620067014E-5
3,468;548;581,7.108230650101858E-5
3,123;718;850,-7.107373893959361E-5
3,5;697;834,7.107335276209054E-5
3,668;877;943,-7.106354526833533E-5
3,152;669;710,7.105301311438099E-5
3,249;625;970,7.10489437929597E-5
3,147;321;435,-7.104778710318651E-5
3,439;797;880,-7.094840624510941E-5
3,72;258;423,-7.094447698856734E-5
3,270;775;894,-7.093315597724132E-5
3,222;535;633,-7.089628733566342E-5
3,284;920;963,7.084019290545812E-5
3,165;293;426,-7.08397480134113E-5
3,88;192;805,-7.081740305276798E-5
3,97;406;626,-7.08010811986466E-5
3,395;445;617,-7.078916087200565E-5
3,18;316;580,-7.078845832434934E-5
3,18;604;747,-7.07844033844205E-5
3,179;374;627,7.07815677811999E-5
3,305;317;630,7.07688846932771E-5
3,31;701;998,-7.076607329303219E-5
3,359;798;922,-7.07591606730898E-5
3,234;515;644,7.07578354551277E-5
3,116;747;906,7.073482155767382E-5
3,306;661;765,-7.072700924516284E-5
3,359;513;691,-7.070167121829274E-5
3,356;675;862,7.068391791897053E-5
3,125;655;757,7.066302316496116E-5
3,339;629;816,-7.063845805940178E-5
3,468;679;888,7.062474018765358E-5
3,3;413;675,7.060044268214388E-5
3,485;844;941,7.059333471383047E-5
3,355;545;975,7.057833219321184E-5
3,187;404;875,7.056596253286793E-5
3,111;306;315,-7.055649713590828E-5
3,10;285;419,7.054841341811508E-5
3,621;672;909,7.048346505519104E-5
3,162;214;865,-7.045336706284408E-5
3,38;136;549,7.042507442405091E-5
3,27;722;758,7.041849934456319E-5
3,700;845;981,7.036490400398321E-5
3,339;535;629,7.033680974098517E-5
3,1;13;394,-7.029366007835653E-5
3,248;617;867,-7.023800121897502E-5
3,143;682;838,7.023168538588905E-5
3,160;385;792,7.02196541830799E-5
3,436;542;826,7.017354282962517E-5
3,274;746;850,-7.017315486686085E-5
3,338;352;730,7.011830752535675E-5
3,150;239;499,-7.011207691896304E-5
3,439;618;964,-7.010589573810086E-5
3,179;627;897,-7.00974212588568E-5
3,79;202;313,7.009169078202443E-5
3,214;328;865,7.008855258259222E-5
3,294;387;573,7.00884564730159E-5
3,753;840;894,7.008369209584924E-5
3,575;754;975,-7.005664515704563E-5
3,284;709;948,7.003216722882269E-5
3,253;330;869,-7.000988558264095E-5
3,70;243;720,-6.998974452516416E-5
3,114;645;692,6.997971228070789E-5
3,194;413;793,-6.99584567215253E-5
3,340;696;919,6.993445658492128E-5
3,468;782;975,-6.993299577906746E-5
3,99;246;410,6.993235141118407E-5
3,451;679;795,-6.992122714529911E-5
3,49;400;836,-6.990066886326547E-5
3,767;844;970,-6.988787588350939E-5
3,520;617;680,6.985613771146681E-5
3,120;223;862,-6.983873058202694E-5
3,618;915;964,6.98299468171849E-5
3,92;184;828,-6.982880752900598E-5
3,387;765;798,6.981157810770815E-5
3,47;533;966,6.975815441357561E-5
3,313;424;905,6.967717705180604E-5
3,739;899;936,6.964116225967296E-5
3,284;738;948,-6.960973271138491E-5
3,775;840;894,-6.960270131293027E-5
3,207;838;964,-6.958088499543758E-5
3,49;734;907,-6.956708824120492E-5
3,16;762;789,6.955444926001263E-5
3,127;763;811,6.954887855909943E-5
3,375;706;819,-6.950856275728478E-5
3,64;346;498,6.950716242114252E-5
3,8;398;991,-6.949230743071449E-5
3,334;755;983,-6.946736052622632E-5
3,58;78;320,6.944849176041337E-5
3,102;881;885,-6.94430108769312E-5
3,115;292;428,-6.942896879184071E-5
3,457;774;807,6.940337343783725E-5
3,352;735;994,6.938375136791348E-5
3,344;365;512,6.93651138707056E-5
3,248;379;628,6.933677099637609E-5
3,76;157;587,-6.933588109792796E-5
3,120;459;742,-6.933581869067809E-5
3,87;604;713,6.930364669526746E-5
3,163;207;964,6.925128047176396E-5
3,485;763;909,6.921014542328039E-5
3,70;577;669,-6.918095969370809E-5
3,357;462;945,-6.91467163036509E-5
3,5;353;753,6.913358708068545E-5
3,229;230;827,-6.911434608749795E-5
3,276;842;876,6.907223050595173E-5
3,385;594;921,6.907089105150727E-5
3,87;322;918,-6.906896876631952E-5
3,99;447;573,6.905578558809556E-5
3,88;472;765,-6.905344120391924E-5
3,334;861;983,6.904390189194056E-5
3,614;902;929,-6.904269265250964E-5
3,608;685;850,6.904213008527257E-5
3,307;474;655,6.901164932181788E-5
3,245;330;359,6.898431077963833E-5
3,18;955;966,6.897135038410616E-5
3,472;670;953,-6.895978781534826E-5
3,124;492;831,6.894754565930174E-5
3,55;152;399,-6.894023686391542E-5
3,542;782;808,6.89250813411665E-5
3,24;40;723,6.89192457103793E-5
3,405;409;621,-6.889914471134861E-5
3,180;393;797,6.888854691661228E-5
3,782;796;975,-6.887311045782585E-5
3,9;203;567,-6.887087898929606E-5
3,569;810;978,-6.886418752467035E-5
3,2;411;966,-6.881323577707298E-5
3,192;433;754,6.879717892143252E-5
3,376;656;794,6.87944980314448E-5
3,395;682;868,6.878772008999541E-5
3,30;685;869,-6.877849647752294E-5
3,241;305;866,-6.877707088288829E-5
3,315;341;751,-6.877322054977326E-5
3,2;312;520,-6.87487678821867E-5
3,78;357;671,-6.87443099740494E-5
3,404;727;892,-6.87333072480746E-5
3,85;578;681,6.871779388304014E-5
3,117;320;863,-6.87084691681635E-5
3,13;154;622,6.868324343602467E-5
3,154;582;629,-6.86391826092102E-5
3,527;574;762,-6.861613576399115E-5
3,224;672;746,6.856142694065355E-5
3,388;617;709,6.854665055487245E-5
3,258;603;633,6.853594229795449E-5
3,115;772;999,6.852580582456536E-5
3,327;952;982,6.85174694981251E-5
3,363;411;529,-6.850791297559907E-5
3,558;572;832,-6.850116817816879E-5
3,45;244;327,6.847292121418262E-5
3,283;310;496,-6.847037142020838E-5
3,185;252;898,6.845603161729348E-5
3,69;541;574,6.844345606019842E-5
3,79;636;993,6.842346543066025E-5
3,49;111;752,-6.838903368179622E-5
3,76;274;495,-6.837317904694631E-5
3,96;490;753,6.837199311425571E-5
3,62;464;633,-6.835956335594963E-5
3,18;690;962,6.834989964315616E-5
3,374;459;567,6.833773269556207E-5
3,48;685;842,-6.833017289082297E-5
3,12;822;863,-6.832262373202988E-5
3,36;62;633,6.830936909511375E-5
3,285;419;872,-6.829627405816177E-5
3,84;528;977,-6.829168687808734E-5
3,444;514;776,6.828839381862721E-5
3,75;633;788,-6.824218966173594E-5
3,318;755;915,6.823970524651612E-5
3,64;372;592,-6.82215059169102E-5
3,649;865;957,6.821868712551461E-5
3,362;459;579,6.821744763251898E-5
3,455;605;913,6.820975172679702E-5
3,269;512;781,-6.819944264496786E-5
3,165;819;892,6.819756829228623E-5
3,806;932;938,6.817112782384523E-5
3,162;753;865,6.81484805581922E-5
3,652;692;959,-6.814609389848295E-5
3,182;714;944,-6.813923924537143E-5
3,12;143;931,-6.810685720376274E-5
3,238;709;988,-6.80494640296777E-5
3,28;443;897,6.804858489188908E-5
3,199;233;655,6.804503970955547E-5
3,553;558;901,6.804332911672977E-5
3,168;851;998,6.802732464818514E-5
3,71;482;680,6.80173701465239E-5
3,238;543;759,-6.800879068026103E-5
3,46;392;606,6.799885191127114E-5
3,404;727;947,-6.798746071063285E-5
3,100;103;538,-6.798187170546016E-5
3,79;202;310,6.796111554343128E-5
3,164;550;814,-6.793955667354029E-5
3,78;819;847,6.793344210197073E-5
3,145;154;725,6.791213012602238E-5
3,32;87;713,-6.791034124010803E-5
3,345;489;657,6.789280217104397E-5
3,369;464;615,-6.789252959984615E-5
3,299;474;742,-6.78807672211499E-5
3,30;494;685,-6.78750133919159E-5
3,95;102;800,6.784877909607759E-5
3,417;473;926,-6.784476935177209E-5
3,162;214;753,-6.783933490452093E-5
3,381;634;704,6.781749625278289E-5
3,25;455;929,6.780975628610663E-5
3,465;556;570,-6.778111221057772E-5
3,74;210;696,-6.777776469303844E-5
3,359;523;821,6.77492077777989E-5
3,260;526;994,-6.774697692309176E-5
3,261;267;883,6.773972457709846E-5
3,277;319;590,-6.77240020999644E-5
3,159;432;796,6.771539213944422E-5
3,56;368;458,-6.770558700806092E-5
3,145;556;901,-6.76999548491313E-5
3,167;532;726,6.767999088866357E-5
3,435;737;907,6.766754143387599E-5
3,386;689;726,-6.764005767752702E-5
3,199;245;594,6.762758694844232E-5
3,126;374;529,-6.760429358583498E-5
3,349;872;875,-6.755948697480093E-5
3,145;498;725,6.75507934832115E-5
3,121;593;768,6.754196863697653E-5
3,487;589;664,6.754190226321246E-5
3,542;645;936,-6.752644177011182E-5
3,70;317;888,-6.752058115514506E-5
3,272;636;972,-6.751281086035559E-5
3,355;447;786,6.750862179752263E-5
3,363;526;999,6.748717138750873E-5
3,292;342;556,-6.7483090635341E-5
3,117;320;548,-6.748229781430283E-5
3,393;410;771,6.747078205877552E-5
3,357;564;748,6.747018881813177E-5
3,470;545;950,6.744131233107095E-5
3,104;159;600,6.743286327255083E-5
3,306;488;577,-6.741377386297366E-5
3,75;492;880,6.740741078609737E-5
3,311;581;603,6.739823422478649E-5
3,230;545;975,-6.737426589533702E-5
3,31;205;251,6.73681700239878E-5
3,696;747;988,-6.735219238314864E-5
3,447;804;831,-6.735100979799995E-5
3,382;518;903,-6.733394661701013E-5
3,119;441;810,6.729872343902836E-5
3,220;354;698,6.729452287488477E-5
3,189;558;930,6.725780376262194E-5
3,406;440;623,6.724907793570931E-5
3,106;290;680,-6.724548426178464E-5
3,44;437;588,-6.72378452760081E-5
3,28;424;897,-6.722505921908041E-5
3,47;268;631,-6.71633338866647E-5
3,279;476;820,-6.711478204724129E-5
3,138;246;947,-6.710950926030593E-5
3,224;352;672,6.710442985153294E-5
3,60;604;812,6.70904124630023E-5
3,21;913;992,-6.706872823202937E-5
3,49;626;633,6.705163523902525E-5
3,348;443;685,6.703086939232486E-5
3,201;731;839,-6.702291479473955E-5
3,135;603;980,6.701794907442982E-5
3,876;909;945,6.699007873030265E-5
3,54;469;919,6.698986133283174E-5
3,12;405;992,-6.697696212790907E-5
3,229;507;542,6.69718673006984E-5
3,42;376;845,6.695351551984667E-5
3,466;679;795,-6.694976407862235E-5
3,159;199;327,-6.69309073910419E-5
3,148;902;961,-6.692805018137967E-5
3,69;464;541,6.692204124063231E-5
3,81;359;669,6.691043286999486E-5
3,568;641;792,-6.690092053596957E-5
3,172;628;761,6.689112757667316E-5
3,32;281;713,6.68864061041838E-5
3,214;226;761,-6.6882273849689E-5
3,135;151;357,6.68575401307606E-5
3,382;659;903,6.683483645175164E-5
3,350;392;606,6.683270381000157E-5
3,356;362;989,-6.683025814404192E-5
3,97;179;181,6.682369350085313E-5
3,294;768;855,-6.681391663059841E-5
3,260;794;808,6.681205412334118E-5
3,272;428;891,6.679536930923521E-5
3,121;493;562,6.679012787210843E-5
3,306;561;741,-6.678158699293158E-5
3,52;809;880,6.677030991830826E-5
3,475;521;563,-6.676012616998283E-5
3,179;238;338,6.674527528817401E-5
3,220;611;881,6.674021134498133E-5
3,651;849;908,6.672659995344966E-5
3,268;397;795,6.672274684892472E-5
3,285;351;497,-6.671567970217807E-5
3,374;404;589,-6.671219293687133E-5
3,311;380;875,6.669285403996878E-5
3,17;186;959,-6.668582397456676E-5
3,69;573;940,6.667134309242831E-5
3,131;232;997,6.666094978419541E-5
3,90;549;650,-6.661861938997283E-5
3,217;308;445,-6.656173448296066E-5
3,125;254;473,6.655613228901167E-5
3,39;468;891,6.654175760542592E-5
3,186;198;834,6.653221480715274E-5
3,276;339;899,-6.652165899026014E-5
3,608;721;909,-6.651364802521002E-5
3,114;194;696,-6.648813712866425E-5
3,700;720;977,-6.646090139387755E-5
3,576;684;743,-6.644271853340671E-5
3,115;537;612,-6.643882957965718E-5
3,256;708;713,-6.643625545884345E-5
3,30;685;912,-6.642829678421578E-5
3,9;567;818,6.64171726757862E-5
3,15;173;319,-6.641110868028462E-5
3,67;748;906,6.63681638302331E-5
3,207;526;548,-6.636040215504602E-5
3,4;20;871,-6.63448032361233E-5
3,259;763;985,-6.631801451732166E-5
3,291;702;922,6.63171785617894E-5
3,227;266;405,6.629027357590124E-5
3,169;245;786,-6.62689297542439E-5
3,179;647;810,6.625408212013782E-5
3,20;78;320,-6.623309818527907E-5
3,394;762;778,6.623043034702612E-5
3,195;366;393,-6.622346453009789E-5
3,38;462;922,-6.622015811688277E-5
3,221;540;878,6.62172998652693E-5
3,21;486;992,6.62022761678476E-5
3,484;802;844,-6.619979334675806E-5
3,292;827;985,6.617776394499724E-5
3,46;263;527,6.617229416943966E-5
3,140;145;498,-6.614502589133626E-5
3,142;390;781,-6.612772248400995E-5
3,316;334;662,6.612221916730708E-5
3,621;656;743,-6.611969931424568E-5
3,349;395;819,6.595617774227411E-5
3,332;440;514,6.595193133021619E-5
3,76;213;291,-6.594939028111755E-5
3,319;382;919,-6.5948192611834E-5
3,634;674;704,-6.594097510319527E-5
3,23;136;945,-6.594082943462807E-5
3,440;597;683,6.593222937403777E-5
3,165;918;966,-6.592860182801735E-5
3,249;445;980,6.59243389407248E-5
3,481;536;744,-6.592013936669979E-5
3,74;307;828,6.591922866496652E-5
3,377;725;920,6.591592359937684E-5
3,25;341;655,6.591463467732498E-5
3,32;111;379,6.590647574251993E-5
3,191;615;684,6.589596835219356E-5
3,192;426;433,-6.588653262030963E-5
3,349;542;936,6.588056519532689E-5
3,272;786;999,-6.587563700186773E-5
3,158;566;855,6.585371368538436E-5
3,492;576;884,-6.582770954025621E-5
3,261;393;844,6.581959210421173E-5
3,681;771;985,6.5815137844701E-5
3,303;689;919,6.580424976757152E-5
3,60;598;604,6.574951688090327E-5
3,57;560;937,6.57456931056699E-5
3,433;773;926,6.574489835440137E-5
3,65;504;801,6.573492097576762E-5
3,494;766;881,-6.572550984533758E-5
3,44;590;978,6.571440231432671E-5
3,647;795;816,6.570711899781198E-5
3,566;589;954,-6.566442964680445E-5
3,395;682;819,6.564683559501728E-5
3,213;216;799,-6.563911559566806E-5
3,494;843;881,6.563152342758236E-5
3,92;398;991,-6.562982210665003E-5
3,357;400;829,6.562706392614979E-5
3,219;745;826,-6.56171597464996E-5
3,186;519;924,-6.560244236250863E-5
3,521;870;916,-6.554103912533801E-5
3,753;909;917,6.553985626471118E-5
3,636;706;782,-6.553798798393925E-5
3,509;754;975,6.552420515619809E-5
3,176;506;987,-6.551611506181396E-5
3,711;848;963,6.551280304911265E-5
3,178;372;383,-6.550362065790788E-5
3,9;363;491,6.549882624866365E-5
3,304;525;555,6.548973032339246E-5
3,199;578;975,6.54697055485249E-5
3,109;749;785,6.544155847638767E-5
3,380;561;700,6.542962836553774E-5
3,255;380;717,6.542842862056647E-5
3,70;709;988,6.540728901591902E-5
3,310;625;664,6.539910685517964E-5
3,78;101;789,-6.535405515503075E-5
3,270;752;913,-6.534812253122185E-5
3,320;434;888,6.53460061361124E-5
3,583;770;912,6.534485390694227E-5
3,450;593;796,6.533864953011205E-5
3,677;701;998,-6.533173096782121E-5
3,817;841;962,-6.530682428313256E-5
3,328;690;763,6.529553414520733E-5
3,309;494;965,-6.527848717922385E-5
3,709;714;749,6.526066717308624E-5
3,406;425;503,6.525860593861214E-5
3,261;639;779,6.523033348991333E-5
3,41;463;904,6.52226496020604E-5
3,695;852;861,-6.520673348150097E-5
3,393;852;887,6.517851314689415E-5
3,577;650;813,6.517239955963086E-5
3,0;75;788,-6.514461567520843E-5
3,116;249;359,6.513941602482103E-5
3,446;505;794,-6.513846815823311E-5
3,231;625;730,6.513682097375215E-5
3,377;684;905,-6.508801067487138E-5
3,632;642;820,-6.507118156248202E-5
3,42;348;845,-6.506455306118336E-5
3,125;447;993,6.501918427386709E-5
3,138;678;828,6.500814422007155E-5
3,16;32;664,6.500020445627562E-5
3,169;633;666,6.499596958556408E-5
3,48;218;906,-6.499290908441651E-5
3,221;259;763,-6.494714341193572E-5
3,439;673;815,6.490993323126435E-5
3,130;302;520,6.487790197440197E-5
3,134;516;988,6.48632234912999E-5
3,339;564;908,-6.4837443002974E-5
3,115;510;620,-6.483532455154025E-5
3,7;88;843,6.482342952309714E-5
3,688;730;862,6.482132558885969E-5
3,90;176;506,6.4782031597453E-5
3,558;666;889,6.474393139408191E-5
3,709;714;738,-6.46999420459119E-5
3,208;596;683,6.468768934716828E-5
3,56;356;481,-6.467906785242303E-5
3,23;563;671,-6.466359738698804E-5
3,245;375;668,-6.466322537502977E-5
3,156;561;921,6.464564644816207E-5
3,149;792;875,-6.464073527149932E-5
3,192;205;557,6.463939441250453E-5
3,223;476;517,-6.463136498651715E-5
3,299;370;672,-6.462412112790402E-5
3,27;510;705,-6.461176031965458E-5
3,247;493;515,6.461110625396501E-5
3,83;350;392,-6.456002293086899E-5
3,48;61;276,6.455858988530907E-5
3,398;817;851,-6.454360648712648E-5
3,73;741;882,-6.451980127971421E-5
3,237;734;985,-6.45193877616874E-5
3,552;861;989,6.451525810174067E-5
3,159;796;930,-6.450970866170275E-5
3,482;592;967,-6.450373324148579E-5
3,454;774;933,-6.44711586459908E-5
3,336;495;826,-6.446808783199165E-5
3,109;281;769,6.446051433672045E-5
3,178;383;693,6.445585459889102E-5
3,355;677;747,6.445356433427696E-5
3,216;246;595,6.445029257171483E-5
3,277;367;618,6.444871278984327E-5
3,328;340;553,-6.443403513451326E-5
3,277;366;397,6.441380832830382E-5
3,168;541;694,6.440997739324658E-5
3,150;601;695,-6.440546829531915E-5
3,74;678;802,6.439933329818414E-5
3,276;372;872,6.43846677138361E-5
3,212;328;754,6.438169935507361E-5
3,367;527;913,-6.434777205808099E-5
3,41;291;904,6.431876232081493E-5
3,367;653;808,-6.429736968632648E-5
3,229;248;765,-6.428896810990114E-5
3,144;653;712,-6.427769451207729E-5
3,424;905;907,6.427554274430905E-5
3,433;508;943,6.427331641176243E-5
3,105;314;694,6.42544903374263E-5
3,378;576;743,6.421794246041461E-5
3,355;388;747,-6.420577565014927E-5
3,91;440;965,6.420349618821642E-5
3,275;290;558,6.420141426062625E-5
3,35;337;369,6.418580981480856E-5
3,278;421;923,6.415564089779352E-5
3,235;241;762,6.413999721268496E-5
3,326;593;858,6.41367174056451E-5
3,369;464;502,-6.41274533855206E-5
3,188;363;695,-6.410124658766142E-5
3,372;777;805,-6.409953200432552E-5
3,5;139;817,6.409723185186577E-5
3,513;577;684,6.407885724347176E-5
3,635;836;850,6.406408649295549E-5
3,165;466;892,6.405948154294722E-5
3,120;459;653,-6.403779341187996E-5
3,230;499;808,-6.402066449741906E-5
3,99;209;374,6.399287844345451E-5
3,801;838;839,6.39887705989215E-5
3,304;376;951,6.398639939643419E-5
3,302;520;744,-6.398625314770768E-5
3,506;644;653,-6.39798120284473E-5
3,420;881;925,6.395088346584894E-5
3,263;775;905,6.393487066664498E-5
3,180;366;929,6.393311034861257E-5
3,17;192;349,6.388870580929311E-5
3,75;510;620,-6.388404053595182E-5
3,563;576;764,-6.387541727726387E-5
3,214;328;753,-6.386967216430561E-5
3,56;536;637,-6.385574264725182E-5
3,390;421;816,-6.38356549308662E-5
3,691;922;931,-6.379730741372487E-5
3,270;840;894,-6.379467315745929E-5
3,39;955;966,6.378316114342E-5
3,345;353;585,-6.377421985873306E-5
3,713;748;866,-6.376719884280172E-5
3,195;427;673,6.3761429214735E-5
3,362;977;989,-6.375943211215018E-5
3,78;398;498,-6.374820664025311E-5
3,219;495;745,-6.370567596646099E-5
3,336;345;725,6.366999506640014E-5
3,201;670;953,-6.36697098212734E-5
3,601;797;976,6.366116274356155E-5
3,685;721;850,-6.364405914792771E-5
3,141;222;741,-6.360303307274477E-5
3,306;324;625,-6.359959276448498E-5
3,520;583;978,-6.355646384762575E-5
3,276;656;779,-6.352521170807742E-5
3,480;848;875,-6.35217418247988E-5
3,192;420;754,6.351510550399114E-5
3,89;560;937,6.351041104232662E-5
3,299;762;996,6.350815485647843E-5
3,259;564;734,-6.349347224855741E-5
3,79;310;313,-6.348760460584535E-5
3,176;641;792,-6.348525017710251E-5
3,245;247;529,-6.347247124997499E-5
3,13;224;787,6.346356613749245E-5
3,19;568;783,-6.345108190909488E-5
3,358;604;742,-6.341584750155483E-5
3,419;647;712,6.33764713630286E-5
3,263;599;823,-6.337257941904303E-5
3,90;863;877,-6.335812743075967E-5
3,500;517;565,-6.335247390989291E-5
3,292;784;824,6.332969659619104E-5
3,120;160;792,6.330406524117634E-5
3,373;556;972,6.325551681105337E-5
3,661;765;995,6.324984610373574E-5
3,115;537;553,6.324865403268686E-5
3,497;520;655,6.323935976275216E-5
3,794;879;984,6.32377388053891E-5
3,357;945;992,-6.322413141527211E-5
3,247;515;644,6.320459346352592E-5
3,310;496;741,-6.319883881379903E-5
3,32;87;281,-6.314947931605211E-5
3,416;499;925,6.314927802928819E-5
3,43;292;446,6.314219762633802E-5
3,96;566;857,6.313823482844959E-5
3,476;820;839,-6.313238441912994E-5
3,148;706;902,-6.312395764722224E-5
3,590;711;717,-6.311751112947712E-5
3,175;188;334,6.310921751373349E-5
3,21;43;118,-6.308255347847525E-5
3,330;359;529,-6.30658819720608E-5
3,48;163;845,-6.30580464130868E-5
3,269;427;824,-6.305576606042927E-5
3,80;355;972,6.304284451401074E-5
3,316;953;982,-6.303925839471981E-5
3,385;594;926,6.3030867261411E-5
3,241;512;560,-6.30242938701952E-5
3,247;558;646,6.30073399237991E-5
3,62;78;101,6.299173975698949E-5
3,289;452;793,6.29788270778435E-5
3,196;360;956,-6.297454715582938E-5
3,56;458;917,6.297427864970459E-5
3,260;482;592,-6.297133358164269E-5
3,506;915;987,-6.29402377546646E-5
3,640;859;887,-6.291477267859858E-5
3,524;535;633,-6.291297086737373E-5
3,492;629;880,-6.291125817943949E-5
3,104;341;600,-6.290546344232202E-5
3,188;326;488,-6.286714420161657E-5
3,155;256;960,-6.28314283994924E-5
3,309;323;468,6.282227722302633E-5
3,107;195;281,-6.28187626374931E-5
3,178;273;825,-6.28146870767522E-5
3,103;446;794,6.280097877065974E-5
3,461;771;878,6.277241719820411E-5
3,540;548;627,-6.276736436333818E-5
3,58;340;998,-6.276202337971339E-5
3,21;118;600,-6.27520206536814E-5
3,269;393;852,6.274942108400541E-5
3,262;395;445,-6.274048033384518E-5
3,83;581;601,6.272395320180129E-5
3,141;202;804,-6.271889073972215E-5
3,172;466;567,-6.270886320294824E-5
3,205;330;631,6.267289280033176E-5
3,174;205;224,-6.265335154522373E-5
3,21;155;369,-6.263725817520591E-5
3,355;902;923,6.262492545086415E-5
3,160;385;406,-6.260705417679137E-5
3,434;757;843,6.260365603396933E-5
3,533;628;722,6.260176988077787E-5
3,65;265;873,-6.259805786169093E-5
3,108;568;681,6.259474838957535E-5
3,484;588;811,-6.259215152146522E-5
3,154;582;816,-6.258286611183976E-5
3,137;755;829,-6.25694169714005E-5
3,301;696;879,-6.256424629535823E-5
3,203;667;935,6.25388348359333E-5
3,147;290;435,-6.253329275556974E-5
3,69;464;574,6.250176564053044E-5
3,255;380;435,-6.250100223535906E-5
3,784;824;942,6.247990083478477E-5
3,639;748;973,-6.247768656949436E-5
3,228;251;918,6.244083517955002E-5
3,225;538;908,-6.243543079332101E-5
3,292;730;954,6.238107275356441E-5
3,359;483;972,6.237928299782754E-5
3,452;570;946,6.237152370164294E-5
3,411;446;526,-6.236468769093445E-5
3,483;492;634,6.234533216223438E-5
3,89;381;484,-6.23241480719427E-5
3,102;322;470,-6.232338779786083E-5
3,469;587;832,6.230514522911679E-5
3,306;678;808,6.22881018420738E-5
3,17;155;252,-6.227796322798658E-5
3,336;745;826,6.227753017806921E-5
3,485;518;909,-6.226292849587983E-5
3,143;270;433,6.225188657073608E-5
3,292;316;774,6.22493104665647E-5
3,74;305;962,6.224635978389597E-5
3,604;742;991,6.224133881266423E-5
3,96;571;789,6.22228061014306E-5
3,191;698;771,-6.221512109536689E-5
3,41;155;252,-6.219014822121322E-5
3,176;305;596,6.218964137438574E-5
3,57;282;560,-6.21892608476989E-5
3,196;385;711,-6.218285981323998E-5
3,161;683;900,6.216597133436056E-5
3,128;627;826,6.216167419349811E-5
3,35;261;685,-6.214637220653458E-5
3,489;678;825,-6.213522657593662E-5
3,260;465;994,6.212068986762232E-5
3,690;819;962,6.209521885051678E-5
3,471;676;705,6.207513500533837E-5
3,140;153;826,6.206902918593805E-5
3,441;809;952,6.20627103336571E-5
3,453;480;610,-6.206095262569552E-5
3,306;661;995,-6.206055400133316E-5
3,277;802;891,-6.20288115287895E-5
3,449;482;578,-6.202221544464178E-5
3,72;812;899,-6.201469344328183E-5
3,108;210;681,6.198538950780452E-5
3,450;500;579,6.195370736305417E-5
3,911;939;955,-6.191533283995044E-5
3,125;385;711,-6.190413446047617E-5
3,382;518;659,6.187461963088778E-5
3,389;666;744,-6.18674820163594E-5
3,214;230;499,-6.184386629128668E-5
3,503;524;774,-6.18101084716015E-5
3,7;728;993,-6.177917057691615E-5
3,651;688;849,-6.177729787710336E-5
3,469;640;702,6.176700937187747E-5
3,844;848;986,6.169843807420048E-5
3,27;213;722,-6.169676671909825E-5
3,147;290;321,6.168783167663601E-5
3,191;507;862,-6.168263175892779E-5
3,61;276;899,-6.166093660386978E-5
3,28;674;923,-6.163544399846324E-5
3,294;859;866,6.16324119255382E-5
3,105;424;694,-6.162933572541138E-5
3,163;732;986,6.159736877353127E-5
3,400;688;849,6.158623759067328E-5
3,218;706;782,-6.157537235931286E-5
3,332;646;741,-6.156811954053702E-5
3,282;592;986,6.1568026186374E-5
3,450;526;638,-6.156405698915013E-5
3,352;857;882,6.155594202732899E-5
3,95;841;962,-6.155327790252632E-5
3,182;358;912,6.153978639910078E-5
3,104;231;289,6.152237991707517E-5
3,375;730;742,-6.148368362116042E-5
3,58;261;739,6.1477052294389E-5
3,208;883;908,6.146651817641169E-5
3,184;647;904,-6.144311228527204E-5
3,27;301;696,-6.143360526407744E-5
3,744;851;997,-6.14324648544359E-5
3,271;419;979,-6.1427349227235E-5
3,357;642;808,-6.142323106769204E-5
3,234;247;644,-6.14211708586535E-5
3,237;384;596,6.140550059130822E-5
3,40;55;956,6.137373070842549E-5
3,291;484;802,-6.137176751736896E-5
3,306;421;565,-6.13438794150618E-5
3,192;349;835,-6.1339078038608E-5
3,249;306;445,6.133133971206807E-5
3,377;676;725,-6.132729040846882E-5
3,261;546;685,-6.132463576251689E-5
3,732;743;884,-6.132075653679828E-5
3,250;433;724,-6.131168941967074E-5
3,246;594;615,6.128548913784642E-5
3,214;357;945,6.128132456350803E-5
3,306;565;577,6.12763823317921E-5
3,39;116;893,6.126499856651325E-5
3,271;561;748,6.124901898830813E-5
3,213;246;799,6.123352411986027E-5
3,462;493;739,-6.120456267092491E-5
3,16;214;761,-6.120321524266743E-5
3,526;851;998,6.119482721535859E-5
3,43;82;764,-6.116768646514648E-5
3,67;340;553,6.11482181157479E-5
3,326;593;815,6.113505040674391E-5
3,100;229;827,-6.11283545126755E-5
3,679;894;902,6.112384893820184E-5
3,400;435;578,6.111031602984146E-5
3,396;772;781,6.108920623948157E-5
3,784;824;954,6.106641086435673E-5
3,195;263;823,6.106394570765018E-5
3,48;785;906,6.104300480963345E-5
3,25;480;727,6.10359996444537E-5
3,21;220;654,6.101954487326464E-5
3,26;341;457,-6.0990697801135014E-5
3,52;636;862,6.098921809034796E-5
3,173;195;918,-6.098805540776004E-5
3,125;157;763,6.098176869240438E-5
3,66;714;749,-6.097838216917424E-5
3,144;500;505,-6.096015123563102E-5
3,307;629;804,6.095933250034218E-5
3,338;730;925,6.094549402091322E-5
3,13;224;797,-6.09430850846754E-5
3,446;636;978,6.094184928859994E-5
3,468;893;928,-6.093320651834915E-5
3,36;369;678,-6.092478054906654E-5
3,237;243;693,6.0919855821315675E-5
3,137;755;936,-6.0911494727119494E-5
3,80;851;878,-6.090688952198949E-5
3,256;542;992,-6.0900038298319394E-5
3,90;252;806,6.0880528138156696E-5
3,120;653;742,-6.0877664641125394E-5
3,114;203;859,-6.0868193563038564E-5
3,453;610;719,6.0864860418461006E-5
3,13;548;995,6.086126353038199E-5
3,508;676;982,6.0840263863009825E-5
3,626;639;697,6.081546445746573E-5
3,51;565;647,6.079503641018244E-5
3,390;463;799,-6.079147222329194E-5
3,0;75;633,-6.07724270525957E-5
3,411;446;688,6.0755690196830946E-5
3,93;770;984,-6.0686811771128834E-5
3,434;867;920,-6.0648940824405225E-5
3,149;770;990,6.064048604410259E-5
3,116;710;918,6.062044538155393E-5
3,16;330;631,6.0617597993877566E-5
3,152;564;789,6.060249829582327E-5
3,328;690;811,-6.059777174538342E-5
3,309;340;869,-6.059215229059312E-5
3,519;729;930,6.0555040518067944E-5
3,250;581;724,6.0547990736734834E-5
3,367;368;689,-6.053303686286067E-5
3,234;472;766,6.0527056831706535E-5
3,394;466;762,-6.05132268045131E-5
3,45;795;899,6.0464699666511925E-5
3,362;507;862,-6.045504916062099E-5
3,81;200;460,-6.045290630129762E-5
3,558;666;968,6.0443517186275384E-5
3,119;486;992,6.043961921948004E-5
3,397;402;417,6.043155865904297E-5
3,145;562;565,6.0395433054557986E-5
3,888;894;902,-6.0367309401113027E-5
3,317;356;675,6.035816321039663E-5
3,34;691;847,6.035416847405263E-5
3,271;369;564,6.034900909768556E-5
3,609;619;901,-6.0347326982096134E-5
3,581;601;690,-6.0339200852073146E-5
3,561;630;700,-6.033572245974903E-5
3,164;174;948,6.031209730721307E-5
3,397;402;687,-6.030678183851136E-5
3,372;592;777,6.030042831516355E-5
3,533;537;985,6.026949213020008E-5
3,160;394;778,6.025230839451317E-5
3,6;431;504,-6.022873748705688E-5
3,402;513;691,6.0218975126575615E-5
3,480;617;680,-6.021765227098541E-5
3,695;790;917,6.0213993937361866E-5
3,37;191;221,-6.020306392298655E-5
3,84;721;826,6.0199371762986075E-5
3,255;447;970,6.019885607501166E-5
3,74;327;338,-6.0197216194862E-5
3,281;523;956,6.019238727712713E-5
3,170;283;496,-6.018288161692238E-5
3,523;684;956,-6.0172957082529405E-5
3,210;288;840,-6.013615653417662E-5
3,14;220;958,6.011324379462789E-5
3,441;708;809,6.0105434031867414E-5
3,114;505;540,6.009003695325407E-5
3,377;524;725,6.0086375306572665E-5
3,260;678;808,6.007944172028057E-5
3,347;492;980,-6.006829897084308E-5
3,235;247;931,6.005468763816484E-5
3,116;478;631,6.000792890460938E-5
3,431;711;988,5.9974333820033924E-5
3,177;383;721,-5.996447444264978E-5
3,405;411;526,5.9958084499384294E-5
3,180;393;439,5.994120622395059E-5
3,241;335;999,5.9941160987384665E-5
3,470;650;903,5.993751634878223E-5
3,249;306;754,-5.991682906713827E-5
3,519;562;645,5.9916349850569555E-5
3,270;438;971,-5.9909146312717264E-5
3,177;375;756,5.990025137098136E-5
3,168;247;770,-5.9864881042629554E-5
3,212;327;376,5.986434645012405E-5
3,339;564;943,-5.9856471177997475E-5
3,261;769;779,-5.9832898861300806E-5
3,113;412;665,5.981954326748099E-5
3,249;795;849,5.9810767287204345E-5
3,40;548;812,5.981034785449339E-5
3,4;265;873,-5.980365978921355E-5
3,136;454;849,-5.980283774946937E-5
3,430;498;716,5.9790469126487184E-5
3,509;575;754,-5.9729245081319236E-5
3,100;826;984,-5.970443612460607E-5
3,113;649;797,5.9702832831468E-5
3,171;585;882,-5.970249448729473E-5
3,261;267;600,-5.9692413390043466E-5
3,4;439;873,-5.968498687859608E-5
3,45;739;919,-5.967082459730839E-5
3,359;402;513,-5.966983409238532E-5
3,358;611;620,-5.966952477651945E-5
3,260;465;526,5.9661879935055826E-5
3,98;431;839,5.965323910752167E-5
3,542;739;838,-5.964003523743316E-5
3,12;361;931,5.963205803385016E-5
3,374;930;995,5.962045814429226E-5
3,203;567;818,-5.959653354018529E-5
3,385;921;926,5.958938865881527E-5
3,153;221;253,5.9583926488630575E-5
3,100;424;897,5.9579344849865975E-5
3,171;295;889,-5.957920470833742E-5
3,10;677;747,5.957654249673237E-5
3,309;869;907,-5.95741741174733E-5
3,85;113;662,5.957137053908239E-5
3,83;646;690,5.9554413076712754E-5
3,289;542;650,5.954595461295487E-5
3,133;489;747,-5.949397283913505E-5
3,84;408;926,5.946575958015064E-5
3,420;611;881,-5.9432579354134955E-5
3,255;447;485,5.9431354135499145E-5
3,134;323;619,-5.9398269667594945E-5
3,228;670;800,-5.939057862814726E-5
3,330;362;869,-5.9385993400889714E-5
3,309;666;706,-5.938193351763511E-5
3,276;506;536,-5.937872491937275E-5
3,310;537;878,-5.936999148964767E-5
3,504;891;896,-5.936449225372725E-5
3,300;461;916,5.9323828531222174E-5
3,507;638;656,5.9317849701992023E-5
3,233;653;742,-5.9316090819670285E-5
3,434;883;920,5.9315676193128736E-5
3,551;560;767,-5.930898547831676E-5
3,749;762;996,5.9299717069462364E-5
3,339;908;923,-5.9269097278849226E-5
3,463;766;899,5.926637463221768E-5
3,176;220;354,5.925237201600506E-5
3,24;377;626,5.925234001522879E-5
3,111;504;896,5.9235676227117865E-5
3,645;936;965,-5.9229059096460694E-5
3,153;357;428,5.9228564412959664E-5
3,16;732;762,5.922272276993684E-5
3,710;854;966,-5.920893271383669E-5
3,76;587;825,-5.920609808276635E-5
3,44;297;570,5.918505655770284E-5
3,384;438;971,-5.916433408723951E-5
3,669;710;870,-5.91592744053308E-5
3,54;536;844,5.9156636341573816E-5
3,195;461;592,-5.9144720243575164E-5
3,249;862;927,-5.9141584307539536E-5
3,47;96;245,-5.91353265918627E-5
3,134;192;747,5.913388487955778E-5
3,421;488;565,5.910995619714259E-5
3,383;447;721,5.909447131659487E-5
3,148;456;698,-5.908957943200822E-5
3,159;299;742,5.9084954317253665E-5
3,161;355;972,5.907583892628202E-5
3,349;835;979,-5.907338709650115E-5
3,65;190;566,5.905971274067816E-5
3,201;801;838,-5.9020981433136204E-5
3,309;468;965,5.901492567197953E-5
3,668;943;957,-5.8994745871327806E-5
3,373;577;827,-5.8987651450419816E-5
3,32;390;620,-5.895121613770468E-5
3,15;66;291,-5.8922831713212695E-5
3,634;705;944,5.8915795321915836E-5
3,473;749;961,5.8909807830774355E-5
3,229;815;858,5.8899286458915026E-5
3,670;800;918,-5.883524554048333E-5
3,143;460;551,5.883245853240428E-5
3,199;594;786,5.881856927242425E-5
3,466;819;892,-5.880922576222132E-5
3,301;334;346,5.878678262333474E-5
3,315;341;399,-5.8776943903807107E-5
3,288;628;892,5.8730137253914494E-5
3,593;762;802,5.8706872673224635E-5
3,439;487;589,-5.87030172845159E-5
3,542;630;662,-5.868967008429359E-5
3,334;756;983,-5.867137749905473E-5
3,98;196;360,-5.865550166707408E-5
3,611;881;925,-5.864756276022457E-5
3,241;598;812,5.864175125189432E-5
3,346;562;695,5.8621213955229076E-5
3,340;911;912,5.857933695007209E-5
3,572;684;804,-5.857667203821015E-5
3,88;386;934,5.85529829431331E-5
3,418;715;727,5.8544940313825346E-5
3,504;636;972,-5.85061148270236E-5
3,257;519;981,5.850285690164498E-5
3,151;187;549,5.845033774589838E-5
3,19;220;653,5.843546460422029E-5
3,64;372;805,-5.841147659483377E-5
3,46;95;362,-5.8407389570027765E-5
3,272;428;468,-5.839032554158653E-5
3,154;401;582,5.838853594231201E-5
3,116;374;918,-5.8378830040991644E-5
3,38;359;922,-5.837433114272668E-5
3,339;564;923,5.834615997001327E-5
3,213;461;758,5.8314731434947336E-5
3,266;540;760,-5.831363629677219E-5
3,246;635;899,-5.8305274033063946E-5
3,218;254;297,-5.829465834074672E-5
3,237;594;693,5.8285353332047636E-5
3,440;683;760,-5.828156446273268E-5
3,264;603;971,-5.827298827938904E-5
3,396;462;781,5.822730242310342E-5
3,245;504;579,-5.821769585562625E-5
3,267;425;664,-5.8215473355617484E-5
3,600;875;924,-5.8190676557870996E-5
3,261;485;927,-5.8187056055204746E-5
3,219;241;866,5.817901109895695E-5
3,45;122;620,-5.817344412094595E-5
3,174;304;366,-5.8172556625639994E-5
3,129;163;964,-5.811854087024423E-5
3,501;607;966,5.810942449751244E-5
3,191;220;714,-5.8090874265008154E-5
3,124;302;711,-5.807917742092553E-5
3,353;582;651,5.8073407024055015E-5
3,36;519;645,5.806628719311213E-5
3,144;563;764,-5.80272226711513E-5
3,385;512;808,5.7978282921140914E-5
3,191;263;599,5.795277978527945E-5
3,16;111;664,-5.795018101243058E-5
3,124;451;992,5.79353732046375E-5
3,158;762;802,-5.7907016986536275E-5
3,53;670;806,-5.7894572299133856E-5
3,235;267;699,-5.788879704804448E-5
3,132;250;615,5.788577027103233E-5
3,312;520;841,5.785830074079262E-5
3,215;589;971,-5.7852492982064636E-5
3,367;712;808,-5.78350295417258E-5
3,179;314;936,5.7796130397012714E-5
3,581;806;917,-5.7792709211188995E-5
3,259;584;587,-5.7788752993410276E-5
3,66;173;319,5.776929866668833E-5
3,519;559;993,-5.7765770617908034E-5
3,309;340;907,5.773558856973293E-5
3,103;146;936,5.7728265512185894E-5
3,276;353;643,-5.7727117971463976E-5
3,346;507;819,-5.7702487504111086E-5
3,74;678;825,-5.768813224411786E-5
3,62;283;315,5.7679527287315666E-5
3,130;411;520,-5.766406468699358E-5
3,30;168;715,-5.7623717512582776E-5
3,170;609;901,5.7621033913749985E-5
3,395;819;868,-5.7620698361271204E-5
3,1;43;335,-5.761276927965939E-5
3,334;631;761,5.759191316669842E-5
3,43;451;992,5.758126947087737E-5
3,305;492;634,5.755235055835158E-5
3,423;428;502,-5.754681100500834E-5
3,276;353;872,5.7531594523797396E-5
3,263;462;506,-5.7528179969600165E-5
3,90;745;899,-5.752735794909014E-5
3,284;862;948,-5.752042629305712E-5
3,170;283;310,-5.75117937575847E-5
3,274;489;495,-5.75110995697046E-5
3,352;489;882,5.750880654936131E-5
3,771;851;878,5.7496300310662426E-5
3,255;268;485,5.745296857766085E-5
3,167;564;734,5.742753956849459E-5
3,56;421;423,-5.742064239577649E-5
3,179;238;759,5.7419140219629765E-5
3,187;525;972,-5.740586114609486E-5
3,309;491;974,5.738846238461724E-5
3,96;664;735,5.737347159555685E-5
3,194;305;599,-5.73635644268934E-5
3,107;281;776,5.732678703822737E-5
3,108;114;696,5.731621882800489E-5
3,367;653;712,5.73131811569457E-5
3,170;457;774,-5.7312595344554535E-5
3,40;466;548,-5.7299989576088826E-5
3,306;319;982,-5.729585389301635E-5
3,293;484;844,-5.724001568432042E-5
3,30;91;155,5.723506583979437E-5
3,313;547;769,-5.7234440910954416E-5
3,254;784;939,5.720884197324861E-5
3,168;247;715,5.720756026295387E-5
3,299;749;801,5.720158350978477E-5
3,245;375;573,-5.716115918429107E-5
3,74;305;547,5.7148639266928844E-5
3,244;367;689,5.714631105317668E-5
3,189;332;500,5.711186170879512E-5
3,65;302;369,-5.711172877981558E-5
3,294;748;866,-5.711026394378919E-5
3,103;173;918,5.710666352743704E-5
3,186;277;514,5.70908636670008E-5
3,782;845;847,5.7071472292629616E-5
3,15;55;239,5.706675555307011E-5
3,338;343;730,-5.703567249601933E-5
3,290;656;813,5.7021052192934296E-5
3,0;245;324,5.702091175150075E-5
3,160;394;762,5.7020622169390605E-5
3,463;948;960,-5.700795344609987E-5
3,124;241;930,-5.699782572257802E-5
3,526;700;865,5.69395866951892E-5
3,13;394;463,-5.693457237860134E-5
3,16;44;144,-5.693261482057947E-5
3,55;388;662,5.6928664603973906E-5
3,190;581;603,-5.691871740795293E-5
3,386;658;764,-5.69140222614276E-5
3,114;266;540,5.690456862966084E-5
3,634;704;772,5.687552407200118E-5
3,358;864;912,5.6870000813491624E-5
3,86;263;664,-5.6869695935527414E-5
3,73;646;665,-5.686468795709084E-5
3,247;822;859,-5.685921996974479E-5
3,215;589;954,-5.6854263462475016E-5
3,68;95;662,-5.68454103178947E-5
3,1;394;503,5.6830251590673137E-5
3,29;483;566,5.682527468653828E-5
3,241;604;812,-5.6824302945235436E-5
3,13;622;886,5.6788908574311475E-5
3,150;706;961,-5.678576533985735E-5
3,400;857;972,5.6780171896768665E-5
3,608;753;909,-5.67568995111139E-5
3,413;423;675,5.6753196709326105E-5
3,362;855;918,5.6748617145141305E-5
3,208;418;717,-5.6748310248284995E-5
3,480;610;719,5.66979220532383E-5
3,179;283;810,-5.669719204984001E-5
3,91;392;767,5.669291522741035E-5
3,346;430;498,-5.667943737862348E-5
3,146;561;700,5.6673595598544826E-5
3,643;710;733,-5.6655521734406314E-5
3,153;585;882,5.662188768252216E-5
3,367;388;913,5.657578464529754E-5
3,211;497;859,-5.6573106644527114E-5
3,447;786;849,-5.6564860575888595E-5
3,605;911;971,5.655680045347716E-5
3,296;933;966,5.6521315582750046E-5
3,21;600;650,-5.65204612651553E-5
3,202;536;744,5.6485128739347625E-5
3,225;314;649,-5.6474245196534655E-5
3,21;654;750,-5.646035792811268E-5
3,269;353;366,5.645952395211172E-5
3,247;330;529,-5.642503342160702E-5
3,239;717;769,5.639197053950082E-5
3,543;583;846,-5.638625875231465E-5
3,74;307;661,5.638281617442953E-5
3,794;843;881,5.637432456899752E-5
3,540;548;878,-5.637039943639626E-5
3,75;633;877,-5.636505544055413E-5
3,41;190;691,-5.636247970139866E-5
3,642;796;808,5.6357588733633556E-5
3,362;522;855,-5.632682934124206E-5
3,21;256;369,5.631038399263947E-5
3,504;799;801,5.629791814319347E-5
3,147;435;943,-5.6287384151611724E-5
3,61;278;399,-5.628399964769015E-5
3,237;279;719,-5.627624458724041E-5
3,304;820;889,5.626363566217914E-5
3,27;465;705,5.6258020041149474E-5
3,108;194;508,-5.624889844332753E-5
3,537;681;771,-5.624478505242122E-5
3,254;383;428,-5.6233799200460844E-5
3,295;822;889,-5.618370822139657E-5
3,21;278;507,5.617542804930677E-5
3,295;643;895,-5.612969707473651E-5
3,490;566;753,-5.612922478206102E-5
3,181;215;929,-5.6114081839199885E-5
3,131;953;997,5.608449264927319E-5
3,96;700;977,-5.6070748066576434E-5
3,108;154;558,-5.605623471182912E-5
3,480;848;883,5.605169228702171E-5
3,291;879;984,-5.603734067543964E-5
3,70;324;988,5.6003879775773065E-5
3,226;658;972,5.598651177716809E-5
3,276;288;892,5.597715729613954E-5
3,588;681;805,-5.5961291443269815E-5
3,804;827;950,-5.593136644693663E-5
3,340;713;919,5.589597808419221E-5
3,229;453;899,-5.5879561379242827E-5
3,377;399;905,5.58634819909016E-5
3,218;636;782,5.58626362568003E-5
3,96;720;977,5.5846948568798955E-5
3,338;465;526,5.583992684130672E-5
3,522;609;675,5.583455051500374E-5
3,17;186;519,-5.582398650469439E-5
3,120;826;984,5.5817891350344985E-5
3,242;705;948,5.5814086760457215E-5
3,399;456;599,5.580575044841744E-5
3,52;120;862,-5.577798662520522E-5
3,304;751;940,5.576983381894748E-5
3,96;615;664,-5.576615539152956E-5
3,325;467;560,5.575209390583519E-5
3,400;565;839,5.575117943244659E-5
3,7;273;825,5.574810564035302E-5
3,247;803;808,5.5733698977484016E-5
3,284;366;963,5.572163142616871E-5
3,237;243;486,5.571878133922845E-5
3,172;508;628,-5.571379765542062E-5
3,18;828;903,-5.57119183432873E-5
3,187;196;303,-5.571089452926585E-5
3,489;514;882,5.567607597079185E-5
3,203;392;463,-5.566279425582474E-5
3,113;559;839,-5.564683960504668E-5
3,684;717;731,5.5640980958778565E-5
3,168;541;627,5.5639398900088586E-5
3,281;769;789,-5.5636220602260716E-5
3,144;212;756,5.5617212959508554E-5
3,273;463;766,-5.56158275460759E-5
3,370;413;675,5.560952856964131E-5
3,225;314;708,-5.560617975258349E-5
3,587;702;832,-5.559794845990261E-5
3,24;308;377,5.5564750949970744E-5
3,294;748;859,5.556392011367621E-5
3,363;529;690,-5.555069485425911E-5
3,95;614;820,5.555035647255305E-5
3,288;628;915,-5.554253327435349E-5
3,513;655;684,-5.554073190142716E-5
3,95;330;368,-5.552672374004969E-5
3,43;91;446,5.551054271618708E-5
3,29;197;962,5.548628613208323E-5
3,263;574;762,-5.5478733001078515E-5
3,693;930;995,5.547683703939484E-5
3,314;649;692,-5.547522474149755E-5
3,61;478;562,-5.54684007390051E-5
3,517;597;760,-5.546159757744548E-5
3,167;241;560,5.543532633631106E-5
3,284;290;588,5.5410457939940085E-5
3,55;662;683,-5.5405748360247546E-5
3,36;464;633,-5.540233964353933E-5
3,391;468;739,5.5376409532589664E-5
3,614;820;980,-5.535058378716914E-5
3,67;328;457,5.534014362838835E-5
3,399;599;946,5.533760237854678E-5
3,524;662;683,-5.533253936815798E-5
3,65;341;477,-5.533248304373664E-5
3,142;390;998,5.532793175244863E-5
3,654;715;935,5.5320163761940876E-5
3,95;127;962,5.531077156288562E-5
3,81;548;658,5.530878349843617E-5
3,194;413;769,5.5304744659389006E-5
3,224;227;352,-5.5299507376269884E-5
3,53;369;905,5.529894426882304E-5
3,116;151;999,5.5281121806889914E-5
3,80;771;878,5.527642916072788E-5
3,95;102;524,-5.526469665159044E-5
3,164;297;948,5.5259425336388486E-5
3,186;474;655,5.5257886835544944E-5
3,514;628;869,-5.524962175609201E-5
3,297;417;580,-5.5240459942081416E-5
3,489;757;806,5.5224315394314566E-5
3,126;335;805,-5.522290628833637E-5
3,68;619;838,-5.521447953782114E-5
3,639;753;989,-5.517722156700704E-5
3,585;798;855,-5.514758762641721E-5
3,455;617;929,5.512618804963647E-5
3,339;779;943,5.512094445480755E-5
3,417;735;893,-5.510937755092096E-5
3,388;635;709,-5.5102194909559936E-5
3,74;489;825,5.509166687917301E-5
3,367;527;834,-5.508165977504272E-5
3,317;393;617,5.5074691344705714E-5
3,207;505;546,-5.5054442605995296E-5
3,309;352;974,-5.5043829213154814E-5
3,228;817;851,-5.5037922559155035E-5
3,263;492;634,-5.502592103336212E-5
3,118;410;564,-5.5018825235941554E-5
3,522;708;735,5.49989409015146E-5
3,66;314;534,-5.498527621937246E-5
3,911;920;963,-5.4962737351952885E-5
3,174;224;370,-5.495249772087138E-5
3,348;417;735,5.492855795782256E-5
3,246;899;936,-5.49241472236028E-5
3,517;683;760,5.491676605962284E-5
3,349;641;875,-5.490305492532488E-5
3,399;524;905,5.4902419120707775E-5
3,86;907;996,-5.4894385354183554E-5
3,18;492;831,-5.48917273928E-5
3,100;229;684,-5.488894122961189E-5
3,558;923;930,-5.486606937048338E-5
3,335;440;805,5.486386219517276E-5
3,411;483;529,-5.485138589951639E-5
3,120;233;459,5.484796579680191E-5
3,205;251;553,-5.4847686661031446E-5
3,97;137;755,-5.481648261354549E-5
3,46;83;350,5.4812813548408094E-5
3,55;278;399,-5.4799879319659155E-5
3,404;652;875,5.4787278224939584E-5
3,20;871;958,5.477551426727674E-5
3,116;389;666,5.477508496247266E-5
3,370;591;746,-5.477474708847836E-5
3,373;616;784,5.476377675476604E-5
3,707;731;753,-5.47527801253863E-5
3,279;812;899,5.474847389044225E-5
3,494;869;912,-5.4728895250962E-5
3,68;442;981,5.472251280738932E-5
3,523;544;559,5.471863538890102E-5
3,549;640;859,5.471433088578938E-5
3,88;292;556,5.471420632993609E-5
3,297;666;721,-5.469687260763119E-5
3,412;665;839,5.4656132943677246E-5
3,411;821;966,-5.465016402305125E-5
3,317;454;969,-5.464302389246449E-5
3,91;646;811,5.462954816506975E-5
3,25;307;655,-5.462897377262105E-5
3,237;719;730,-5.461788876373676E-5
3,48;631;753,5.458185626542872E-5
3,260;469;592,5.45528715134214E-5
3,155;369;922,-5.454961311425291E-5
3,5;11;250,-5.454065770612909E-5
3,53;329;659,-5.453575288036453E-5
3,249;460;631,-5.4528136027889355E-5
3,10;285;872,-5.4514159871114435E-5
3,324;710;742,5.450683288472951E-5
3,109;749;753,5.449863443043664E-5
3,21;82;124,5.4481344958060755E-5
3,131;323;612,-5.4434379592585E-5
3,492;646;858,-5.4420034231183925E-5
3,125;434;757,-5.439758268547901E-5
3,24;136;138,-5.436893133926774E-5
3,61;359;562,-5.436205306424674E-5
3,478;757;918,5.43383763490346E-5
3,262;587;656,5.431984688075629E-5
3,375;509;730,-5.431187599098393E-5
3,231;310;664,-5.430636334720259E-5
3,330;809;952,-5.4304637363373776E-5
3,523;559;671,-5.4298651533127126E-5
3,168;482;703,-5.4282337438280564E-5
3,261;575;685,-5.427719815280271E-5
3,88;467;535,5.4269032871674605E-5
3,138;410;947,-5.4262559722463646E-5
3,381;909;945,5.424841321986767E-5
3,295;785;892,5.4244917405118985E-5
3,356;717;989,5.424342344085992E-5
3,337;612;729,-5.424176858474411E-5
3,94;116;401,-5.4239684698266306E-5
3,226;241;930,5.423831699011612E-5
3,753;785;838,-5.423669278387054E-5
3,921;926;984,-5.423143108942323E-5
3,462;493;680,5.4209042342195866E-5
3,267;542;838,5.419163960985865E-5
3,18;604;719,-5.4172459456189256E-5
3,72;307;577,5.4152711446232614E-5
3,153;423;502,5.4133486114836344E-5
3,607;909;966,-5.412166284847203E-5
3,83;663;809,5.4119207510975486E-5
3,261;826;984,5.411396917623777E-5
3,313;399;946,-5.411287274319107E-5
3,219;305;607,5.4112447257732775E-5
3,207;404;417,-5.410386374939984E-5
3,328;886;959,-5.409613909417223E-5
3,42;256;783,5.40956266709621E-5
3,262;395;960,5.4094567706891196E-5
3,74;696;747,-5.4081048612912326E-5
3,16;403;523,5.4076564124868985E-5
3,90;176;915,-5.406970783766325E-5
3,166;556;972,5.405704766280748E-5
3,644;665;994,5.4044180029237936E-5
3,88;171;843,5.4030600213792536E-5
3,770;901;980,5.40059201224384E-5
3,397;402;967,-5.4004142998335836E-5
3,21;468;655,5.39889259045824E-5
3,278;421;674,5.3980672572282286E-5
3,307;587;974,5.396519558842428E-5
3,490;753;857,-5.3965025111201715E-5
3,127;817;962,5.395182963991782E-5
3,259;629;842,5.394616834167867E-5
3,103;146;836,5.393618022902808E-5
3,564;710;742,5.3931619226770604E-5
3,404;589;882,5.391463051519469E-5
3,257;559;993,5.3909876878589625E-5
3,293;481;719,5.390527430861997E-5
3,0;141;228,-5.389444870146316E-5
3,53;696;953,5.389175858636571E-5
3,0;75;877,5.3841378602818924E-5
3,283;315;525,5.383953079606405E-5
3,276;587;974,5.382043073534818E-5
3,53;656;696,5.3819993074335676E-5
3,48;252;658,5.379718103984953E-5
3,178;372;555,5.378160824227846E-5
3,144;500;546,5.377444362230467E-5
3,423;654;831,-5.3772933520724724E-5
3,478;635;850,-5.376667481819554E-5
3,27;153;465,5.3759715449068714E-5
3,50;90;264,5.373665232479719E-5
3,45;106;272,-5.372331829007529E-5
3,178;372;693,-5.369826988365434E-5
3,313;399;599,5.368418142705599E-5
3,270;329;752,-5.365817946715071E-5
3,44;332;768,5.364545296078236E-5
3,228;251;670,5.3636054635338116E-5
3,63;349;691,-5.363412653193854E-5
3,270;384;971,-5.36295941791035E-5
3,46;558;687,-5.3628770623144265E-5
3,189;674;784,5.362198985735872E-5
3,255;418;796,5.360723608721401E-5
3,442;450;552,-5.3600533695064625E-5
3,86;202;744,-5.3594241946024734E-5
3,179;627;670,5.358641439054278E-5
3,172;628;639,5.357428196253048E-5
3,134;297;619,-5.355446650939526E-5
3,87;140;270,-5.3552928059175975E-5
3,285;368;917,-5.354239946481308E-5
3,104;231;427,-5.35379354145199E-5
3,99;348;854,5.353234926257046E-5
3,345;588;800,-5.351610834511387E-5
3,336;725;950,5.351559657770515E-5
3,8;49;252,-5.350688842318918E-5
3,16;345;585,-5.347961528227877E-5
3,101;691;960,-5.347908032248414E-5
3,447;684;831,-5.346371385968993E-5
3,431;504;772,-5.345983778556084E-5
3,170;767;968,5.344567110600517E-5
3,45;327;620,-5.343786530961526E-5
3,195;656;817,-5.34299775861404E-5
3,267;287;338,5.342866729861231E-5
3,249;358;763,5.3424711162488994E-5
3,525;549;853,5.341131357524526E-5
3,74;91;962,5.336375143456637E-5
3,99;287;718,-5.336240108844865E-5
3,122;327;620,-5.3355015602950626E-5
3,279;899;902,5.335200883548831E-5
3,299;742;942,5.334639181502919E-5
3,256;302;542,-5.332708144833221E-5
3,387;567;854,-5.332392112158328E-5
3,311;581;884,-5.3305249205467675E-5
3,713;840;919,-5.330425076082579E-5
3,62;78;600,-5.330305282328586E-5
3,162;328;753,-5.329281015252374E-5
3,522;675;903,5.3290319681766315E-5
3,246;635;936,5.3286206867552105E-5
3,44;54;710,5.327828603254178E-5
3,643;715;935,-5.326955178465448E-5
3,42;536;844,-5.326840859269852E-5
3,305;680;932,-5.326755027519911E-5
3,74;352;819,-5.326523902652555E-5
3,263;483;634,-5.3250877224977066E-5
3,14;628;944,-5.3217760726272864E-5
3,688;849;908,-5.32135575989139E-5
3,163;634;705,5.3191022213991205E-5
3,292;461;530,-5.317192552990539E-5
3,8;715;745,-5.314854101175096E-5
3,436;829;861,5.313332417192522E-5
3,712;812;927,5.3133081134487727E-5
3,75;234;492,-5.31271616562249E-5
3,36;235;369,-5.312294059147909E-5
3,634;871;958,5.310297227347051E-5
3,257;504;624,5.30918099608529E-5
3,58;340;380,-5.3071587828490115E-5
3,57;143;831,5.3070033446986146E-5
3,99;289;573,-5.3065336421818986E-5
3,261;430;892,-5.304428558778895E-5
3,250;433;581,5.3043563698640676E-5
3,103;331;428,5.3013520381933144E-5
3,92;480;775,5.3002037612797275E-5
3,111;557;752,5.30009300621299E-5
3,399;795;797,5.299691383404341E-5
3,373;698;961,5.299330599664611E-5
3,33;822;859,5.2960230858639295E-5
3,398;851;914,5.295473350361955E-5
3,89;434;978,-5.2951527670423464E-5
3,306;332;817,-5.295086887206257E-5
3,114;392;859,5.294704034512477E-5
3,320;440;623,-5.294598624112812E-5
3,601;695;852,-5.29417588600112E-5
3,35;252;806,-5.2928048322747305E-5
3,66;70;577,-5.291738369097371E-5
3,472;670;890,-5.2897688404126826E-5
3,448;552;609,-5.289701870078574E-5
3,140;153;471,-5.289287431639808E-5
3,462;493;822,-5.287327801046268E-5
3,84;408;947,-5.285701483935132E-5
3,732;845;986,-5.283399981550058E-5
3,362;467;954,5.282712869690796E-5
3,41;691;960,5.282686361425432E-5
3,408;926;947,5.278960171179779E-5
3,21;119;486,5.2780084209391765E-5
3,446;561;929,5.276843552502854E-5
3,303;646;858,5.276660677929589E-5
3,225;830;852,-5.275825191260802E-5
3,240;692;985,5.274720568181358E-5
3,433;470;943,5.274360496109618E-5
3,92;170;302,-5.272814654618624E-5
3,491;743;912,-5.2706943723319814E-5
3,278;776;823,5.270068684374473E-5
3,326;334;488,5.269873878757661E-5
3,242;582;948,5.2655129515940476E-5
3,196;360;537,5.264018668769895E-5
3,795;849;970,-5.263469393075459E-5
3,199;212;376,-5.262821979122401E-5
3,393;696;852,5.2608475148316304E-5
3,3;370;675,-5.260538972565454E-5
3,34;388;847,5.260455690382968E-5
3,398;498;671,5.260209282396049E-5
3,16;789;967,-5.2601771367340384E-5
3,83;94;293,-5.257907843676314E-5
3,402;640;701,5.2578249764040434E-5
3,439;582;589,-5.257750195182355E-5
3,587;684;848,5.256773689243739E-5
3,577;650;683,-5.254528644778128E-5
3,448;535;541,5.2535012525539644E-5
3,398;643;710,-5.2524511891292436E-5
3,97;591;746,5.24983941404643E-5
3,225;538;750,-5.2492280229716485E-5
3,159;742;942,-5.247788545624884E-5
3,738;769;823,-5.2427148598984535E-5
3,451;560;832,5.2426707472263765E-5
3,178;692;959,5.24062393014235E-5
3,99;348;712,5.23882850881659E-5
3,7;171;843,-5.237311881226654E-5
3,247;605;808,-5.236936947456661E-5
3,405;411;688,-5.236190897790621E-5
3,70;519;548,5.234314422910582E-5
3,73;249;882,5.2334395240032086E-5
3,306;741;804,5.231906211374212E-5
3,148;150;902,-5.231659105427765E-5
3,156;322;532,5.231023507617042E-5
3,231;289;570,-5.2308229017911895E-5
3,234;304;525,-5.22950951849592E-5
3,97;829;936,-5.228735773202504E-5
3,11;280;724,5.228655509991981E-5
3,255;911;939,-5.228421149878977E-5
3,77;224;853,5.2277401223153776E-5
3,295;322;889,5.227405805456718E-5
3,425;503;626,-5.224026253985826E-5
3,375;500;958,-5.223313266689496E-5
3,47;245;268,5.223237566735958E-5
3,433;724;770,5.2230006232468913E-5
3,138;650;917,-5.222950067083131E-5
3,684;737;909,5.222737046361352E-5
3,195;599;823,-5.222506642789111E-5
3,211;243;602,-5.222487225169318E-5
3,16;205;631,5.222475818073402E-5
3,665;770;980,5.221812906076462E-5
3,26;360;670,5.220755856900493E-5
3,289;590;650,5.218063639073876E-5
3,317;327;634,5.2148707639320855E-5
3,201;375;668,-5.2139720300135594E-5
3,154;418;782,-5.213181540489761E-5
3,86;148;456,-5.211694366987074E-5
3,143;433;926,-5.209532377885232E-5
3,275;484;804,5.208522671780394E-5
3,104;308;309,-5.2079409038588666E-5
3,246;410;947,5.2057092745422216E-5
3,105;695;917,-5.2052336820964974E-5
3,299;801;996,-5.2036140104050304E-5
3,105;501;909,-5.203283800612449E-5
3,662;740;991,-5.203054462489318E-5
3,108;479;869,5.2024081416540246E-5
3,21;425;664,-5.2009233640544665E-5
3,87;281;604,-5.2009147174352596E-5
3,393;583;978,5.1997810213744874E-5
3,314;692;708,5.1975782131902114E-5
3,643;664;733,-5.1970111227466784E-5
3,348;486;854,-5.196251382235037E-5
3,420;426;754,5.19162207027731E-5
3,290;321;943,5.1914794714795515E-5
3,77;475;593,5.19096422250905E-5
3,173;581;917,-5.1907073922416714E-5
3,229;247;566,5.1907031843353146E-5
3,145;418;816,5.1892101380992553E-5
3,252;455;870,-5.187911490729581E-5
3,173;219;819,5.1862439179618846E-5
3,198;277;514,5.18574037054764E-5
3,447;572;804,-5.1853753732550244E-5
3,290;463;960,5.184884891537384E-5
3,632;642;889,-5.1835556754296855E-5
3,67;328;340,-5.182779671546283E-5
3,79;371;420,5.179969064788247E-5
3,468;796;975,5.1789139276228166E-5
3,134;208;439,5.1772776293844065E-5
3,466;579;606,5.174349796830962E-5
3,411;436;966,5.17170145834805E-5
3,417;567;926,5.171565910480372E-5
3,3;413;423,5.170509053363577E-5
3,207;548;995,5.166812316150627E-5
3,517;772;972,5.166260148299941E-5
3,85;701;899,5.1649950730442886E-5
3,251;277;525,-5.1642582604761544E-5
3,172;508;761,5.164116602448168E-5
3,142;419;505,-5.163702177139505E-5
3,150;570;620,5.1611604889489386E-5
3,51;228;418,5.161045769047877E-5
3,358;570;620,5.1608733816029715E-5
3,43;104;764,-5.160113502135226E-5
3,64;152;744,-5.160098632726082E-5
3,227;485;844,5.158087277018002E-5
3,522;609;903,5.157195078625788E-5
3,443;676;875,-5.156516424561998E-5
3,131;580;813,5.153187557773859E-5
3,146;476;780,5.152015630936809E-5
3,270;438;751,-5.1492323438633875E-5
3,124;278;507,5.147463088362328E-5
3,26;58;340,5.1472017329710256E-5
3,56;506;536,5.146540805331897E-5
3,213;216;595,5.145632008805118E-5
3,421;454;532,-5.1451923632795076E-5
3,187;256;992,-5.1442658144720403E-5
3,146;561;630,-5.1441605179563794E-5
3,21;267;860,5.143316235200493E-5
3,475;524;558,-5.1411493308860984E-5
3,488;939;947,5.138663735037336E-5
3,125;358;763,-5.137704300176671E-5
3,407;566;924,5.136230188873358E-5
3,86;972;979,5.1352487469819304E-5
3,133;134;192,-5.1345196419191097E-5
3,42;54;536,5.130692815739159E-5
3,27;292;507,5.130461143110965E-5
3,242;582;705,5.129289413127985E-5
3,35;90;491,-5.1289008100525835E-5
3,421;466;510,-5.1273818306008934E-5
3,127;203;760,5.12520700265132E-5
3,16;463;605,5.125143697771146E-5
3,362;522;739,5.1251252719426E-5
3,21;780;789,-5.122850548845476E-5
3,247;715;770,5.122014913084245E-5
3,593;815;858,5.121818270526081E-5
3,111;127;752,5.1218095874569876E-5
3,603;613;738,5.120419675071145E-5
3,126;335;467,5.120257444700317E-5
3,72;307;801,-5.119847181419593E-5
3,302;369;437,-5.119514460818363E-5
3,113;412;839,5.118824343209355E-5
3,170;295;609,-5.117599081299058E-5
3,159;299;942,-5.117442137490119E-5
3,41;253;869,5.116503323487689E-5
3,186;688;764,5.115880466911245E-5
3,62;724;967,5.114781520670656E-5
3,133;483;626,-5.1130500889781786E-5
3,512;972;979,5.112954572255961E-5
3,68;125;451,-5.1126750738695885E-5
3,276;543;849,5.112407615413172E-5
3,72;279;902,-5.11191999936857E-5
3,34;162;847,5.1115959908314776E-5
3,295;619;901,5.1111886273200336E-5
3,628;776;869,5.106890924529531E-5
3,179;238;543,5.106662576277104E-5
3,11;952;982,5.1059849450424274E-5
3,403;588;616,5.105437262843296E-5
3,175;188;326,5.105187496649026E-5
3,199;655;914,5.104591466887646E-5
3,341;434;477,-5.103700075724003E-5
3,254;383;784,-5.102895758192455E-5
3,96;289;871,5.102656215107042E-5
3,592;608;721,5.101060919217522E-5
3,163;744;846,5.100902022143206E-5
3,204;491;843,5.100784300593838E-5
3,815;874;928,-5.10053574305004E-5
3,114;463;859,5.096068406837695E-5
3,186;564;572,5.095181838601675E-5
3,269;353;582,5.094722122881741E-5
3,171;822;889,5.092192790926537E-5
3,326;639;977,5.0921778733645245E-5
3,500;505;546,5.091963494058244E-5
3,626;633;639,5.0907736676262166E-5
3,325;420;974,-5.0906166431994214E-5
3,182;358;864,5.09030990513777E-5
3,23;414;438,5.0902726064766166E-5
3,689;708;977,5.090137425638132E-5
3,318;915;988,5.090115676298379E-5
3,92;170;828,5.089232186365159E-5
3,537;681;985,5.0883762635575595E-5
3,222;524;535,-5.0883735929604326E-5
3,76;604;966,5.0843519277218936E-5
3,245;404;938,5.082970782038304E-5
3,91;694;799,5.08286936451994E-5
3,91;390;694,5.078956163644206E-5
3,173;383;654,-5.077309716197924E-5
3,59;414;603,-5.076608792663423E-5
3,551;745;851,-5.075356876475447E-5
3,255;516;686,5.074374315961262E-5
3,507;696;860,5.072891141941651E-5
3,225;649;797,5.07167837072008E-5
3,390;396;781,5.071478385869768E-5
3,235;503;662,-5.070338951563459E-5
3,55;387;567,5.069104022843257E-5
3,261;393;485,-5.069067714303108E-5
3,561;765;995,-5.0672245692779204E-5
3,464;475;563,-5.067105284662596E-5
3,41;291;463,-5.065215245066393E-5
3,302;426;815,-5.064650065547257E-5
3,276;543;842,5.0639106578180174E-5
3,97;546;779,-5.0630138443373554E-5
3,90;107;863,5.06085818116029E-5
3,611;859;889,5.060355970341451E-5
3,421;488;577,-5.060262985473222E-5
3,26;178;304,5.059999335649124E-5
3,155;745;877,-5.059632021283021E-5
3,163;845;986,-5.0592639971953225E-5
3,266;405;524,5.0592444645218824E-5
3,571;640;789,5.058344498251903E-5
3,582;629;816,-5.057950227613737E-5
3,330;586;881,-5.057701089061618E-5
3,392;637;660,5.0565705580772473E-5
3,21;267;425,-5.055405176524531E-5
3,185;417;893,-5.0543550291991215E-5
3,506;653;701,5.054044834365725E-5
3,191;464;657,-5.053933220323895E-5
3,45;336;997,5.05317478474548E-5
3,165;265;389,5.0515266546062755E-5
3,140;429;826,-5.0510514282244485E-5
3,247;646;665,5.051047228985666E-5
3,49;116;401,5.048867359930041E-5
3,26;356;434,-5.0476034207531375E-5
3,192;835;979,5.0464016533094545E-5
3,171;204;495,5.045796362242838E-5
3,487;839;961,-5.0454954994622866E-5
3,231;310;625,5.044748529605677E-5
3,95;817;962,-5.0444997968286345E-5
3,272;470;999,5.042132728694647E-5
3,308;505;794,5.0400186803687284E-5
3,198;297;489,5.039824714597907E-5
3,435;907;996,-5.0384777070723866E-5
3,81;106;548,-5.0362418940423514E-5
3,117;230;320,-5.03426562725464E-5
3,107;390;620,-5.034209427708156E-5
3,367;834;913,5.032661365040929E-5
3,72;423;961,-5.0315478346056045E-5
3,629;694;994,5.0305880536359356E-5
3,155;256;369,-5.0303921135933835E-5
3,42;54;844,-5.0295017718887594E-5
3,371;423;564,-5.027854653426553E-5
3,32;225;750,5.0254042150057814E-5
3,414;521;537,5.025319252062403E-5
3,745;822;928,-5.024808391138619E-5
3,658;701;785,-5.023199821753526E-5
3,214;533;764,5.022652598737623E-5
3,603;701;900,5.022473810261415E-5
3,556;570;992,5.0224447177927695E-5
3,393;696;887,-5.021985473433787E-5
3,146;476;666,-5.020885271117784E-5
3,16;440;523,-5.0193772292452766E-5
3,366;369;849,5.019114104561429E-5
3,267;502;813,5.0166840395851746E-5
3,174;366;376,5.01663208092643E-5
3,627;826;843,5.015081728257344E-5
3,132;585;798,5.0142759668005634E-5
3,687;725;902,-5.0140518138106325E-5
3,114;203;392,-5.0127608272679204E-5
3,306;794;808,-5.012516329733523E-5
3,229;247;407,5.011931543795274E-5
3,42;376;386,-5.011135671882909E-5
3,484;793;856,5.011038128341061E-5
3,265;277;618,-5.008551128790335E-5
3,28;588;926,5.007998748406315E-5
3,45;268;795,5.0072214903766573E-5
3,334;755;861,5.007096270365261E-5
3,535;629;816,5.006426642324759E-5
3,83;319;981,-5.0063326802095806E-5
3,201;838;839,5.0060794672159875E-5
3,9;204;491,-5.0042632711417804E-5
3,125;196;815,-5.0041229571640477E-5
3,469;592;967,-5.0041157244003846E-5
3,134;784;882,-5.003826154382844E-5
3,195;780;817,-5.003460359864236E-5
3,27;879;966,5.002801871998508E-5
3,800;902;929,-5.002735860518781E-5
3,44;355;729,5.0015353978587634E-5
3,244;368;689,4.9997003776803065E-5
3,755;861;983,4.998749451970389E-5
3,447;572;839,4.9976695235965034E-5
3,229;326;815,4.997098163992364E-5
3,161;173;280,-4.995221351068125E-5
3,66;235;762,-4.9942163793650014E-5
3,515;545;815,4.9929256517707516E-5
3,21;136;468,-4.991951448452008E-5
3,259;307;564,-4.991418129630772E-5
3,338;352;925,4.9889956745463795E-5
3,350;429;919,4.988861922724869E-5
3,35;705;932,-4.988616100252086E-5
3,258;442;961,4.9859365023998825E-5
3,393;410;698,-4.985574085239272E-5
3,155;289;745,4.985197379267917E-5
3,431;981;988,-4.98481607324583E-5
3,328;661;871,4.983607239297845E-5
3,242;721;828,4.982531617620591E-5
3,44;273;590,4.9808536476012385E-5
3,243;700;720,4.9794312502215767E-5
3,0;300;315,4.97844370707766E-5
3,415;448;718,4.977571188516432E-5
3,234;298;525,-4.976413235774331E-5
3,182;302;981,-4.9746898719959144E-5
3,537;553;612,-4.974122805725241E-5
3,165;338;389,4.97291894528333E-5
3,96;700;720,4.972728985105379E-5
3,208;434;683,4.9722682897230954E-5
3,260;469;482,-4.971065467864448E-5
3,36;62;329,4.970349868457364E-5
3,6;381;431,-4.968747214510579E-5
3,155;256;708,4.967225832224491E-5
3,342;650;918,4.967194329773112E-5
3,116;359;404,-4.966890139431821E-5
3,164;211;234,-4.965002377186437E-5
3,107;195;524,4.9649204308441454E-5
3,12;44;854,4.9634651774781064E-5
3,91;292;446,-4.962963309366033E-5
3,217;546;795,-4.961274408773448E-5
3,141;804;892,-4.960446135618383E-5
3,219;296;819,-4.960225868026051E-5
3,109;175;924,4.9590122732419643E-5
3,867;883;920,-4.957916340827412E-5
3,444;628;869,4.9574035441576374E-5
3,88;262;410,4.953671412744233E-5
3,11;107;739,4.9511267996763806E-5
3,48;753;989,-4.9509627790554815E-5
3,26;58;998,-4.950600332518633E-5
3,0;401;865,4.950074627223128E-5
3,141;194;735,4.949374405023109E-5
3,333;470;611,-4.9466496962943504E-5
3,54;151;214,-4.946228865868746E-5
3,745;899;928,4.945248412907141E-5
3,748;859;887,4.944360307276953E-5
3,342;478;757,-4.9439413906673325E-5
3,338;707;965,-4.9433793949954845E-5
3,208;473;792,-4.942580654993245E-5
3,375;584;878,-4.9415423715804095E-5
3,584;783;878,4.941319398828574E-5
3,86;536;744,-4.939688944345729E-5
3,43;236;335,-4.939253425387878E-5
3,174;899;975,-4.9380996553953025E-5
3,108;479;506,-4.9379674136445976E-5
3,19;404;727,-4.936924453974002E-5
3,100;653;764,-4.9352957808219176E-5
3,320;406;440,-4.934137040958572E-5
3,36;42;405,4.93359398947833E-5
3,428;935;983,-4.932649526053963E-5
3,468;497;953,4.9317856760060415E-5
3,706;902;961,4.930362714364797E-5
3,141;317;969,4.929671654301414E-5
3,115;428;522,4.9283387350943966E-5
3,14;162;944,4.9281579018692555E-5
3,283;644;810,-4.926362806808402E-5
3,208;230;756,-4.924415703520277E-5
3,607;736;824,4.92162492494051E-5
3,73;247;646,-4.920691493913623E-5
3,150;499;717,4.920262150181256E-5
3,466;498;795,4.919826202739934E-5
3,150;695;861,4.919499122720524E-5
3,241;416;523,-4.919443793442196E-5
3,90;665;706,-4.9160842698031145E-5
3,6;457;970,4.9152560514213595E-5
3,170;774;807,-4.914385349814995E-5
3,439;618;915,4.913966683155332E-5
3,577;827;950,-4.913734241071975E-5
3,459;472;475,4.911863902472935E-5
3,91;305;962,4.911722825414494E-5
3,112;165;337,-4.908376072424699E-5
3,342;370;746,4.9078899581831925E-5
3,234;399;766,4.907858743330025E-5
3,96;643;895,-4.907432369153556E-5
3,68;123;911,-4.9060997267250017E-5
3,237;734;944,-4.9056819677300135E-5
3,88;556;969,4.9055025905906046E-5
3,161;687;900,4.902613889917984E-5
3,26;378;670,4.901560206516439E-5
3,342;556;969,4.9008395919773E-5
3,21;702;789,-4.898059744104538E-5
3,91;392;646,4.896623990784464E-5
3,124;694;994,-4.893625992867346E-5
3,19;568;883,4.893029162535181E-5
3,73;277;885,4.892982517409216E-5
3,17;255;834,4.8912973623734615E-5
3,138;237;828,-4.890918405761827E-5
3,273;766;992,4.888492085151219E-5
3,170;302;828,4.887424352802809E-5
3,5;516;686,-4.887278502988017E-5
3,348;398;576,-4.8852615750217076E-5
3,507;666;860,4.884323274224918E-5
3,116;257;293,4.881338297111394E-5
3,347;576;980,4.880118102298381E-5
3,102;156;532,-4.879668438700754E-5
3,478;650;918,4.879581106347518E-5
3,413;691;890,4.87922086954571E-5
3,25;151;284,-4.877707838290699E-5
3,10;388;747,-4.877423190622555E-5
3,175;338;377,-4.877344072028893E-5
3,290;321;435,4.876772574300185E-5
3,23;590;945,-4.876364465515056E-5
3,208;655;883,4.876015112003923E-5
3,295;730;742,4.874909495175348E-5
3,559;665;839,4.87367577869353E-5
3,363;411;483,-4.8731329840469145E-5
3,28;198;588,-4.8723189299102294E-5
3,434;655;843,-4.87141057476109E-5
3,348;735;893,4.8708793269001616E-5
3,48;163;986,-4.8708330734524364E-5
3,376;779;794,4.8693884196141986E-5
3,548;597;733,-4.868985831488898E-5
3,320;632;636,-4.868875395294177E-5
3,234;680;699,4.8683768820360444E-5
3,2;553;655,-4.863932537517485E-5
3,462;739;822,-4.8623941298751176E-5
3,285;305;427,4.86152698443929E-5
3,43;124;992,-4.8613968531499796E-5
3,462;945;992,4.860832686122141E-5
3,385;594;984,-4.8598711094975544E-5
3,323;494;965,-4.859481198381504E-5
3,272;504;972,-4.858378481919243E-5
3,115;553;802,-4.857378538150421E-5
3,485;518;763,-4.85719936091054E-5
3,63;93;133,4.85629851666151E-5
3,36;43;235,-4.855774062594827E-5
3,120;160;385,4.8539238810788104E-5
3,245;849;903,-4.8531490716727256E-5
3,369;502;615,-4.852473628877446E-5
3,397;410;735,4.852074445381809E-5
3,299;762;801,4.849375166875708E-5
3,343;510;774,4.8490403735879206E-5
3,111;504;624,4.8487864171878396E-5
3,421;454;721,4.846289889922822E-5
3,377;394;708,-4.845265553540487E-5
3,272;628;922,-4.8430859431729703E-5
3,231;289;427,-4.8422730076877654E-5
3,305;596;791,-4.841938022122098E-5
3,104;544;600,-4.8409677734999005E-5
3,65;469;944,-4.838654364750491E-5
3,377;729;946,-4.835779475822247E-5
3,305;443;680,4.835376043654526E-5
3,620;748;906,4.835181413492534E-5
3,401;481;705,4.833295003451452E-5
3,116;478;893,4.8324401163872344E-5
3,143;394;454,-4.827809128005995E-5
3,752;764;991,-4.8276484550316175E-5
3,242;392;948,-4.825952339836302E-5
3,21;148;698,-4.8244030500915745E-5
3,393;520;978,-4.82307477764954E-5
3,173;592;972,4.823017814921607E-5
3,103;308;794,-4.8222908455849324E-5
3,171;353;933,-4.820512589194431E-5
3,59;480;680,-4.8195637147445415E-5
3,417;885;926,-4.819442323416785E-5
3,115;292;522,4.819415914781845E-5
3,770;815;912,-4.818606040119035E-5
3,109;873;906,4.8181476090091705E-5
3,160;385;759,-4.818112096000358E-5
3,376;527;985,4.815734324218332E-5
3,38;110;438,4.8154554166746204E-5
3,656;779;794,4.812106155380827E-5
3,247;493;644,-4.8114284020360806E-5
3,214;357;462,4.8112294238881526E-5
3,614;684;880,-4.810810843989165E-5
3,569;731;922,-4.81007242901934E-5
3,473;498;948,4.809752657392263E-5
3,232;546;689,-4.809580050331755E-5
3,37;221;898,4.8091928869751085E-5
3,313;818;868,-4.808746975090059E-5
3,266;505;760,-4.8070586145574696E-5
3,138;477;917,-4.8069106254243126E-5
3,167;512;560,-4.804250631332703E-5
3,330;441;809,-4.8037619048524194E-5
3,218;443;569,-4.803193319452123E-5
3,247;627;808,4.8031778027739946E-5
3,0;203;667,-4.8021562721181656E-5
3,843;972;979,4.798315387257741E-5
3,8;579;845,4.798005635630405E-5
3,38;139;194,4.79766010864212E-5
3,218;818;906,4.797286587359634E-5
3,824;882;942,4.7963438871079704E-5
3,335;933;999,4.79605830718806E-5
3,433;581;724,4.794679946785539E-5
3,416;486;958,-4.793319004391447E-5
3,247;605;627,-4.789779182458527E-5
3,39;116;631,-4.789763481997548E-5
3,336;345;949,4.789719267285394E-5
3,73;317;336,-4.7881437373876304E-5
3,176;635;791,4.788117876635806E-5
3,219;389;666,-4.787440994042584E-5
3,704;710;949,4.786646408748639E-5
3,97;181;752,-4.7848070161553366E-5
3,796;962;975,4.784697426408384E-5
3,464;619;657,4.784594480400803E-5
3,179;338;759,4.783008614038063E-5
3,655;882;883,4.7829175487661124E-5
3,155;312;954,4.7827046531969854E-5
3,48;629;685,4.7821831379692156E-5
3,70;317;642,-4.781139643283819E-5
3,540;627;878,-4.7805051708414494E-5
3,46;168;526,4.779199970237738E-5
3,329;458;659,-4.777994077057827E-5
3,21;86;456,4.777519501560182E-5
3,243;720;748,4.7748550074050475E-5
3,149;380;792,-4.773632528358983E-5
3,412;559;665,-4.7734857267115504E-5
3,48;99;145,4.7717019403045005E-5
3,62;283;525,-4.768460957858454E-5
3,476;666;780,-4.768321453104723E-5
3,640;701;899,-4.76547020857569E-5
3,387;502;730,-4.7653622691071435E-5
3,212;461;916,-4.763688022772062E-5
3,165;223;293,4.762206349948464E-5
3,22;559;655,4.76091081798308E-5
3,28;278;674,4.758116524735043E-5
3,470;713;999,-4.756997127562479E-5
3,53;117;806,-4.7569176860111644E-5
3,352;522;994,4.756876411088859E-5
3,53;577;659,-4.7550647313530364E-5
3,875;924;994,4.7537498208303106E-5
3,213;743;943,-4.7515674403733164E-5
3,494;794;881,4.750928903000065E-5
3,44;135;499,-4.7508085711152355E-5
3,118;806;846,4.744036917634628E-5
3,588;805;934,4.740911609330502E-5
3,543;588;830,4.7392504661172704E-5
3,404;846;875,4.7367801447090044E-5
3,462;543;859,-4.736504485149796E-5
3,270;329;764,4.736233024088523E-5
3,90;549;903,4.735565961499091E-5
3,399;524;684,4.732357495304876E-5
3,10;23;419,-4.731333608736122E-5
3,158;557;855,-4.731213541582922E-5
3,201;670;890,4.730337321978116E-5
3,583;815;912,4.729454178746619E-5
3,30;494;912,-4.728621833817211E-5
3,99;348;486,-4.7264462722796955E-5
3,132;615;686,-4.725573074083796E-5
3,241;468;512,-4.7254017328394916E-5
3,785;818;906,4.724440126733623E-5
3,0;128;300,-4.723981090800796E-5
3,368;458;917,4.7238398313289745E-5
3,263;305;492,-4.723141244375389E-5
3,528;575;736,4.7201168614293275E-5
3,190;603;884,-4.7192177622683846E-5
3,72;812;902,-4.7176935926196316E-5
3,684;880;909,4.7169743481176725E-5
3,255;611;850,4.7165871984421985E-5
3,677;742;908,4.716565884824935E-5
3,77;134;439,4.714368330015383E-5
3,90;339;564,-4.71281326670014E-5
3,106;494;680,4.711942932022231E-5
3,10;355;388,-4.710564473432204E-5
3,178;290;588,-4.7105188553633756E-5
3,213;891;988,4.710083201847324E-5
3,405;446;526,4.708733122763165E-5
3,34;187;896,4.7078669971598184E-5
3,242;745;877,4.707074976977395E-5
3,155;312;467,-4.70699790652198E-5
3,50;218;800,-4.706786403081297E-5
3,497;712;808,-4.706226600276913E-5
3,95;271;748,-4.705370593374338E-5
3,94;293;746,4.70448828382303E-5
3,180;649;957,4.703872468959457E-5
3,74;661;828,4.703665661157371E-5
3,275;694;695,4.703234731197438E-5
3,80;800;972,4.703224272449855E-5
3,128;592;826,4.702743785365039E-5
3,29;197;876,-4.7023619944951176E-5
3,36;202;310,4.7022801780989364E-5
3,252;305;932,-4.701201616738311E-5
3,265;277;367,-4.7008607124730455E-5
3,32;720;872,-4.700756494375541E-5
3,416;902;929,-4.7002871108861505E-5
3,123;538;599,4.699638074588003E-5
3,548;729;930,-4.6982073858232286E-5
3,18;407;903,-4.697539162327712E-5
3,170;573;940,4.696753073488751E-5
3,568;641;744,4.694469745181128E-5
3,116;219;666,-4.6935514130075905E-5
3,312;889;941,-4.693454041059375E-5
3,39;634;706,4.6929855715270436E-5
3,137;880;935,-4.692812318870666E-5
3,379;518;626,4.691905151582707E-5
3,306;440;514,-4.689332913996172E-5
3,11;468;739,-4.6885964866195976E-5
3,96;514;789,-4.6877390230414455E-5
3,54;214;917,-4.687062944031437E-5
3,397;795;899,-4.682378096791811E-5
3,187;529;549,4.6811688206102433E-5
3,142;781;998,4.681073612308563E-5
3,577;804;827,-4.6804709010530755E-5
3,272;667;935,-4.679558143544548E-5
3,230;412;545,4.678914897054436E-5
3,502;730;735,4.6784750877597484E-5
3,153;465;705,4.6756193027367044E-5
3,61;199;711,4.6744426403182455E-5
3,146;255;476,4.673871025009703E-5
3,0;272;935,-4.672321264181607E-5
3,143;361;931,4.670926602140503E-5
3,291;617;929,4.6698006165687494E-5
3,186;924;959,-4.6697790714285596E-5
3,766;843;881,-4.668563676898168E-5
3,401;582;816,-4.668342215342051E-5
3,397;417;967,-4.667670926673837E-5
3,213;291;891,-4.666632205104441E-5
3,155;308;937,-4.6640694460161734E-5
3,417;473;567,4.6637499454779476E-5
3,104;309;486,4.663303653603276E-5
3,631;662;761,4.663065060191149E-5
3,234;766;884,-4.6615823586100136E-5
3,79;608;636,4.660340605884926E-5
3,123;454;718,-4.659302723056717E-5
3,291;702;931,4.65825395851021E-5
3,64;442;588,4.656380612704145E-5
3,366;369;839,4.655516823182547E-5
3,163;838;964,4.652351947903732E-5
3,754;836;912,4.6515165375240375E-5
3,395;779;929,4.650784682794201E-5
3,96;490;566,4.6479225837623206E-5
3,70;146;809,-4.6476680882373805E-5
3,204;363;491,4.647130878351911E-5
3,411;561;701,-4.647101542189786E-5
3,68;443;911,4.645654509678519E-5
3,140;429;471,-4.644233587492148E-5
3,38;139;549,4.640498561140259E-5
3,349;682;868,-4.639163277226153E-5
3,491;911;912,4.638767218380735E-5
3,755;756;983,-4.637317399364185E-5
3,579;802;836,4.636838154355814E-5
3,357;796;808,-4.6364016231282505E-5
3,338;429;965,4.63473805970813E-5
3,217;546;689,4.6346238075499534E-5
3,320;583;863,4.6345435768302666E-5
3,213;656;743,-4.634290171442261E-5
3,31;448;718,4.630206247010624E-5
3,256;688;730,-4.6294912321969E-5
3,96;381;977,4.626486953091278E-5
3,504;521;870,4.6261038334792266E-5
3,543;842;849,4.625925212656265E-5
3,204;363;843,-4.625518122525358E-5
3,417;687;967,4.6244540897876564E-5
3,130;418;816,-4.623812446657348E-5
3,159;474;742,4.622918071656733E-5
3,78;363;819,4.620834875011672E-5
3,135;144;764,-4.6204403632134E-5
3,440;596;617,4.618991638307199E-5
3,285;929;940,4.617933773010636E-5
3,138;141;735,-4.617455379981465E-5
3,561;661;804,-4.6148599348215886E-5
3,558;666;845,4.6138406407436714E-5
3,393;520;583,4.613141694100644E-5
3,160;450;638,4.612275053471852E-5
3,874;889;928,-4.611180667590918E-5
3,336;770;997,4.610273588974122E-5
3,518;749;983,-4.609971005748784E-5
3,65;437;772,4.6099244633836416E-5
3,25;211;859,4.609368433194788E-5
3,324;508;924,4.6066238545394994E-5
3,182;323;944,4.6059918854466215E-5
3,11;431;957,-4.604757963935145E-5
3,63;133;483,4.6042631099163235E-5
3,423;485;909,4.604104495514435E-5
3,130;348;896,4.603949485159799E-5
3,33;809;880,4.6035967956878884E-5
3,203;321;612,4.602876245419734E-5
3,256;504;773,4.6003186579964505E-5
3,654;831;875,4.600127795065251E-5
3,277;366;910,-4.5994233397905556E-5
3,199;290;813,4.596938502552799E-5
3,422;495;504,-4.596768131824209E-5
3,18;76;604,4.595567747860068E-5
3,176;305;791,4.5955218556626725E-5
3,255;611;889,-4.595049928509836E-5
3,580;788;924,4.592268955972229E-5
3,408;693;988,-4.5915632505591614E-5
3,159;432;930,4.5910598084635215E-5
3,227;485;737,-4.590612231950056E-5
3,173;195;564,4.5871008274330496E-5
3,249;625;849,4.5869082193706794E-5
3,128;695;917,4.585913015888915E-5
3,128;500;526,4.5839702239829633E-5
3,17;349;979,-4.5822956470614E-5
3,157;304;487,4.5818770960581556E-5
3,173;581;806,4.5802052472677224E-5
3,123;599;818,4.58001102851154E-5
3,523;544;671,4.577123168617177E-5
3,210;747;988,4.5762046952865356E-5
3,446;561;978,4.576045547784641E-5
3,652;692;887,-4.574203900255328E-5
3,357;468;910,4.573269016618399E-5
3,363;374;930,4.571921681068486E-5
3,557;842;918,-4.5711306506344905E-5
3,70;720;748,4.570724267698992E-5
3,126;529;773,-4.569867949468497E-5
3,256;730;862,4.5696013455490646E-5
3,94;116;923,-4.5684092896486813E-5
3,248;317;867,4.565695816450931E-5
3,298;729;747,-4.5647367496682586E-5
3,43;446;820,-4.5632345863065475E-5
3,308;445;671,-4.5614454829788376E-5
3,724;729;844,4.560788989105228E-5
3,208;517;850,4.560485223575997E-5
3,36;519;562,-4.559808145164581E-5
3,94;293;500,4.558859658910063E-5
3,179;752;973,4.5585977676752996E-5
3,345;588;657,-4.558336242754728E-5
3,176;915;987,4.557943038050473E-5
3,187;846;875,-4.5568955791234754E-5
3,569;879;884,4.5566814170217075E-5
3,199;458;842,4.55612426136664E-5
3,548;985;991,4.555557485246221E-5
3,92;727;775,-4.553831480085859E-5
3,48;785;818,4.550285002017132E-5
3,146;255;666,4.546874863845882E-5
3,202;920;945,4.545517973157582E-5
3,125;385;815,-4.544798724785813E-5
3,17;519;959,4.544430214303751E-5
3,81;200;669,-4.543861799786393E-5
3,26;163;434,-4.5437868762365235E-5
3,696;879;966,-4.543425936901871E-5
3,277;618;935,-4.5420913707655464E-5
3,120;223;636,-4.5420143798432826E-5
3,73;478;882,-4.541899404823356E-5
3,265;414;516,-4.541785211624871E-5
3,284;366;920,-4.5375942525523515E-5
3,12;273;410,-4.535304331631876E-5
3,211;316;859,4.534926803792662E-5
3,204;601;625,-4.534551593247075E-5
3,152;766;870,4.532789687967232E-5
3,41;253;330,4.53248067289718E-5
3,373;604;961,4.5318047686226863E-5
3,322;822;889,4.5317618899766126E-5
3,382;859;983,-4.531753414507884E-5
3,54;704;710,4.531235718740797E-5
3,150;717;769,-4.528023142721251E-5
3,217;361;721,-4.5277363264807815E-5
3,611;850;859,4.5275856051179246E-5
3,69;541;797,-4.527035797895865E-5
3,97;271;748,4.526858665984708E-5
3,412;443;527,-4.526601593230838E-5
3,713;731;742,4.526319688615011E-5
3,422;504;596,4.5255312971331976E-5
3,855;862;928,-4.524430841290811E-5
3,863;867;920,4.524036354035107E-5
3,548;627;878,4.5230295961503195E-5
3,234;493;644,-4.521421033024581E-5
3,103;538;788,-4.519116348012128E-5
3,95;127;817,4.518342690571273E-5
3,297;323;619,-4.517467863247348E-5
3,248;317;617,-4.516846893462652E-5
3,306;561;804,-4.516042035350401E-5
3,26;377;626,4.5145868727127075E-5
3,24;274;495,4.513938136390538E-5
3,636;802;976,-4.513222707365794E-5
3,99;138;410,4.5125506460112854E-5
3,326;840;989,4.5125478715470916E-5
3,30;869;912,4.511766117553913E-5
3,79;608;993,4.5100299801109047E-5
3,130;302;411,4.5091255029303684E-5
3,575;736;824,4.50773075462057E-5
3,71;168;482,-4.507054264069548E-5
3,77;134;369,4.506712076533526E-5
3,25;151;821,-4.506253226020757E-5
3,0;116;948,4.504753762041126E-5
3,257;293;624,-4.503885292190493E-5
3,214;357;992,4.503335335988211E-5
3,151;187;529,4.5023461329186555E-5
3,726;876;945,-4.501915040028357E-5
3,384;496;596,-4.501750802204381E-5
3,213;216;246,-4.500818914346214E-5
3,161;468;953,4.500440704425336E-5
3,190;311;581,4.4984350072743365E-5
3,319;359;919,4.4970219833045246E-5
3,95;614;980,-4.496538553876385E-5
3,444;603;791,-4.496437432993512E-5
3,669;710;766,-4.4921509808710376E-5
3,19;892;947,4.490711971160677E-5
3,187;525;853,-4.4903803718407217E-5
3,18;719;747,4.489207785062105E-5
3,93;564;748,-4.488680962084725E-5
3,149;231;683,-4.488098686945072E-5
3,418;708;717,-4.487250178996509E-5
3,282;488;592,-4.486681843560532E-5
3,170;421;423,-4.486576790554315E-5
3,226;504;801,4.485034874072801E-5
3,376;386;845,4.4847376912344766E-5
3,199;848;986,4.4840334711208874E-5
3,244;280;724,-4.482404944792543E-5
3,123;454;618,4.4820200949762494E-5
3,54;335;917,4.481636435414989E-5
3,440;516;523,4.479387774609297E-5
3,68;330;368,-4.477668628003273E-5
3,664;710;733,-4.476338512243998E-5
3,86;512;979,4.473793104243276E-5
3,519;559;981,-4.472600536223394E-5
3,466;472;535,-4.472529712983955E-5
3,157;492;831,-4.472427024832951E-5
3,114;716;807,-4.472306927745262E-5
3,525;776;821,-4.4711432622942095E-5
3,208;748;906,-4.468893571193071E-5
3,286;676;753,4.468659106395828E-5
3,601;603;625,4.467771787886885E-5
3,113;225;797,-4.4668373970187764E-5
3,63;297;417,-4.465653049967329E-5
3,257;519;559,4.462864481965627E-5
3,483;700;767,-4.461550023935105E-5
3,11;244;724,4.460864112418392E-5
3,357;436;829,-4.460479107254605E-5
3,411;528;596,4.458037456838901E-5
3,46;362;602,4.4554582331802456E-5
3,715;847;935,-4.455249759341293E-5
3,587;640;832,4.4548304506708004E-5
3,294;573;641,-4.454618544014261E-5
3,74;327;422,-4.453038613712119E-5
3,249;404;787,-4.4527937025694784E-5
3,117;320;880,-4.450306326473219E-5
3,25;264;603,-4.4491581510012484E-5
3,448;562;827,4.44903616162628E-5
3,5;155;255,-4.4474762373554E-5
3,239;298;614,-4.4467546182488214E-5
3,155;708;960,4.445536278871897E-5
3,400;829;861,-4.4455261918462275E-5
3,419;582;809,-4.442879075492051E-5
3,97;137;936,-4.44122746813136E-5
3,34;187;853,-4.440025452796338E-5
3,373;972;990,-4.4387650092579E-5
3,191;619;657,-4.436784385977731E-5
3,226;517;772,4.436733996468885E-5
3,610;723;830,4.435381939306376E-5
3,306;661;741,4.4341109507387405E-5
3,526;689;865,-4.433016799514001E-5
3,388;691;847,4.4319461321778135E-5
3,184;286;904,4.4302918056024265E-5
3,244;505;724,-4.427890914324066E-5
3,271;712;979,-4.4271780425776714E-5
3,319;508;676,4.425552368044232E-5
3,290;813;951,4.423058112014498E-5
3,241;579;933,-4.422245618232118E-5
3,324;710;888,-4.420841504692366E-5
3,100;136;880,4.4189357520013784E-5
3,180;471;744,-4.418370828308924E-5
3,51;83;418,4.4183158026346986E-5
3,124;157;492,4.4165882551285337E-5
3,551;560;851,4.416076214304765E-5
3,284;738;862,-4.415633659795534E-5
3,374;670;897,4.415532667309373E-5
3,48;99;768,4.414146827563873E-5
3,106;272;602,4.414056430355943E-5
3,588;689;830,4.409434400915852E-5
3,141;252;820,-4.4084448694651245E-5
3,185;343;898,-4.408367644116859E-5
3,102;322;532,-4.408259087591405E-5
3,347;373;628,4.408125033558449E-5
3,370;672;915,-4.4071699080285216E-5
3,46;436;987,-4.406596896469989E-5
3,451;634;988,4.4046494405847464E-5
3,182;875;905,4.404385719403091E-5
3,29;54;197,-4.404203509087226E-5
3,158;557;719,4.403665865884612E-5
3,124;347;992,-4.403009424803454E-5
3,677;821;998,4.4026458922526535E-5
3,34;162;388,-4.402553009322328E-5
3,197;876;962,4.400759918187233E-5
3,83;392;606,-4.3997238773254606E-5
3,466;762;778,4.398722572350962E-5
3,283;310;741,-4.398184517841838E-5
3,182;330;714,-4.3980243874321015E-5
3,711;858;924,-4.397758534031586E-5
3,412;791;875,4.3977404369883846E-5
3,41;424;463,-4.397613899519302E-5
3,66;534;936,-4.395500974169317E-5
3,60;262;883,-4.3947116502313965E-5
3,548;560;733,-4.394564020878364E-5
3,199;421;914,-4.3942792170211407E-5
3,39;478;893,4.394244241075697E-5
3,69;147;416,4.394128364270693E-5
3,618;718;850,4.393901893967027E-5
3,245;359;529,4.3920017739541125E-5
3,336;604;710,-4.391446326590515E-5
3,434;863;920,4.3913338834418075E-5
3,12;822;992,-4.390202941621369E-5
3,191;199;688,-4.3898059127450385E-5
3,442;588;811,4.389179989696797E-5
3,93;577;666,4.38887614436401E-5
3,155;362;467,-4.388691214214882E-5
3,400;537;650,4.387367614157925E-5
3,337;466;567,4.385971295576185E-5
3,287;569;701,4.385953600800777E-5
3,268;795;899,4.384980387122543E-5
3,434;683;846,4.384413169836009E-5
3,183;226;541,4.3840957992579925E-5
3,609;675;992,-4.383895355438855E-5
3,614;800;902,-4.381732986671142E-5
3,302;339;816,-4.381263685838116E-5
3,458;557;842,-4.380585516366116E-5
3,249;451;770,-4.380509597887422E-5
3,577;666;984,-4.3795002614573695E-5
3,23;136;590,4.3790823421905346E-5
3,212;797;809,-4.378392276936569E-5
3,277;397;702,-4.378391443118304E-5
3,48;145;768,4.377746531326427E-5
3,5;53;139,-4.377038615805739E-5
3,266;505;540,-4.3769494252413635E-5
3,242;469;721,4.376612617931681E-5
3,528;659;711,-4.3759203009311936E-5
3,650;852;917,4.373529955149602E-5
3,128;687;911,-4.370776021354748E-5
3,291;293;802,-4.370373146946134E-5
3,8;286;640,4.369577419311213E-5
3,420;458;649,-4.369260298555132E-5
3,320;636;888,-4.3690576558221356E-5
3,343;352;925,-4.368699004908348E-5
3,832;836;936,-4.3668300298282154E-5
3,56;481;744,-4.366817212145226E-5
3,551;577;650,-4.366792798087944E-5
3,291;922;931,-4.366585140009934E-5
3,357;462;992,4.3665123623931285E-5
3,505;526;689,-4.3655860117890934E-5
3,487;582;589,4.3655365468168107E-5
3,152;186;789,-4.364258323911695E-5
3,97;425;626,4.3630471898829496E-5
3,400;849;908,4.362731673552708E-5
3,553;612;802,4.362704788878454E-5
3,210;634;835,4.362561424614746E-5
3,523;671;949,-4.362385852485278E-5
3,355;569;885,-4.358680754340846E-5
3,8;708;991,4.3557420397338655E-5
3,346;493;562,4.35474574384359E-5
3,85;113;681,-4.353918047818419E-5
3,2;125;841,4.3533401142758874E-5
3,689;708;896,4.351167426971069E-5
3,91;767;811,-4.351159768327874E-5
3,666;889;968,-4.3505936581322274E-5
3,218;569;701,4.349005354096559E-5
3,82;124;507,-4.348354200024551E-5
3,60;241;604,4.346277507039282E-5
3,316;572;851,-4.34485701975105E-5
3,535;628;633,4.343661647656236E-5
3,33;52;809,-4.343434417702819E-5
3,217;243;721,-4.341354201406117E-5
3,381;674;772,4.341280132961535E-5
3,195;327;692,4.340791755559599E-5
3,194;769;793,-4.340576273238022E-5
3,667;698;905,4.3398553736584546E-5
3,16;732;967,4.339070748424903E-5
3,33;145;901,-4.337047362270177E-5
3,65;434;477,4.335931480562946E-5
3,382;853;903,4.334804102031217E-5
3,173;219;895,-4.33460827352785E-5
3,218;287;443,-4.334515038860659E-5
3,727;892;947,4.334476051648531E-5
3,347;492;576,4.3340750702378836E-5
3,278;769;776,4.332956729359179E-5
3,471;744;814,4.331013933012244E-5
3,443;776;999,-4.329926935019454E-5
3,842;849;876,-4.329875411486171E-5
3,247;627;803,4.329840514613488E-5
3,194;283;697,-4.3285977114425446E-5
3,355;412;975,-4.328494405512455E-5
3,408;957;988,-4.327803761172151E-5
3,457;844;970,4.32680453151975E-5
3,12;527;864,-4.326290473020116E-5
3,330;441;708,4.326093909307391E-5
3,46;362;386,-4.3260395895064956E-5
3,185;277;885,-4.3253435625661006E-5
3,161;355;800,-4.324910153682709E-5
3,386;533;658,4.324443168960742E-5
3,90;745;822,-4.324434817785847E-5
3,155;242;877,-4.3241015837315497E-5
3,450;796;937,4.320942801870613E-5
3,578;662;681,-4.320121082802657E-5
3,71;168;680,4.318256275658782E-5
3,692;706;782,-4.317418212736417E-5
3,41;101;691,-4.3160435048807465E-5
3,88;262;273,-4.3159173520047606E-5
3,421;423;582,4.314329334033706E-5
3,639;687;769,4.314069334963941E-5
3,312;461;715,4.311448159742068E-5
3,77;134;208,-4.311182949054453E-5
3,327;539;701,-4.3095764761475847E-5
3,521;537;558,4.3082767056969346E-5
3,108;163;273,4.308051309161788E-5
3,44;123;778,-4.307763523353668E-5
3,279;497;869,4.3076695172172166E-5
3,383;428;939,4.306684224123733E-5
3,134;707;988,-4.30656822562884E-5
3,22;470;943,4.3060037456286897E-5
3,631;639;989,-4.3055645838619035E-5
3,279;430;963,4.304593099766471E-5
3,192;489;747,4.303235227357203E-5
3,152;278;399,4.300558289167281E-5
3,75;115;613,4.299281546999817E-5
3,243;594;615,4.297572849732954E-5
3,180;718;995,4.296843930826734E-5
3,264;898;971,4.296166393122738E-5
3,542;645;965,4.2947937385512406E-5
3,262;656;684,4.2946843080072265E-5
3,659;853;903,4.294523944641697E-5
3,241;579;999,-4.293317208883827E-5
3,96;403;735,4.292299994077005E-5
3,576;599;684,4.2899597037578885E-5
3,219;412;443,-4.2892597940583035E-5
3,68;838;981,-4.289031797548489E-5
3,294;387;641,4.288694278320518E-5
3,106;548;679,-4.2886181250662234E-5
3,357;498;671,-4.2879400949401393E-5
3,356;527;645,-4.284735697420028E-5
3,377;399;524,-4.284711213426562E-5
3,524;535;628,4.284622943784983E-5
3,267;287;718,4.280742751380261E-5
3,203;616;818,-4.280719138743962E-5
3,114;540;760,-4.279900019184545E-5
3,138;852;917,4.278215559334703E-5
3,132;360;686,-4.277847162910831E-5
3,99;138;246,-4.276550155130714E-5
3,318;755;948,-4.2763777934296114E-5
3,65;264;298,4.275185758609037E-5
3,273;330;978,4.2744985605832506E-5
3,146;419;809,4.273590271763712E-5
3,27;69;292,4.2734432618224604E-5
3,141;223;228,-4.2729541653984256E-5
3,551;745;767,4.271249785893934E-5
3,199;338;578,-4.270236523536494E-5
3,291;455;617,-4.269539849781757E-5
3,152;710;870,4.2693827091201875E-5
3,56;285;917,4.2693133565165214E-5
3,318;656;953,-4.267756053746145E-5
3,97;342;370,-4.267105413596205E-5
3,390;421;466,4.265993158585543E-5
3,74;285;886,4.264701165681435E-5
3,161;173;341,4.264104615967384E-5
3,104;231;570,4.263882906774534E-5
3,4;634;958,4.263653032398024E-5
3,65;298;850,-4.26127591187994E-5
3,434;659;711,-4.2611216157352775E-5
3,140;355;882,4.2604902709469384E-5
3,273;330;590,-4.2581791212335386E-5
3,6;327;909,-4.257914077078563E-5
3,355;394;882,4.256870762910414E-5
3,77;184;224,4.2555465456714E-5
3,86;664;947,-4.255473930129013E-5
3,103;173;195,-4.251165791021534E-5
3,14;383;749,-4.250471873558569E-5
3,32;281;604,4.250276848553475E-5
3,21;789;900,4.2502660957152556E-5
3,62;298;639,-4.2502605600449936E-5
3,21;702;900,-4.249858645187093E-5
3,56;285;458,4.249668259365548E-5
3,614;880;909,4.249542522126271E-5
3,257;519;993,4.249093849491231E-5
3,184;286;576,4.248332363400953E-5
3,367;618;935,4.24808797741579E-5
3,449;578;607,4.2461957779134044E-5
3,315;341;711,4.245977679608395E-5
3,191;657;866,-4.2446171517677414E-5
3,38;110;645,-4.2440959461775424E-5
3,414;483;566,-4.2437312665743747E-5
3,104;159;341,-4.243207391211399E-5
3,653;658;764,4.24242913489089E-5
3,214;335;917,-4.242389033016494E-5
3,305;317;662,4.242164451403577E-5
3,241;876;907,4.241899735514672E-5
3,677;731;742,-4.241102021627251E-5
3,54;132;948,4.238229543029902E-5
3,169;469;944,4.2380895694801766E-5
3,162;328;865,4.238089025453944E-5
3,355;388;677,4.2373501414162864E-5
3,5;255;516,4.2368638121339276E-5
3,77;644;994,4.235302474262112E-5
3,656;780;817,-4.235294449806762E-5
3,71;312;669,-4.2350115205190385E-5
3,161;214;226,-4.234822349732472E-5
3,331;601;793,-4.234582330141612E-5
3,542;936;965,-4.234482402962174E-5
3,93;357;748,-4.230996701422608E-5
3,93;666;770,-4.229776279629827E-5
3,711;981;988,-4.229259560882369E-5
3,143;270;773,-4.2265165747369784E-5
3,82;617;690,4.226202834682253E-5
3,392;582;948,4.225904335269473E-5
3,203;303;689,-4.2248748754657044E-5
3,603;707;984,-4.222507720926381E-5
3,53;139;817,-4.2222651658419205E-5
3,454;618;850,-4.220590141520742E-5
3,144;367;712,-4.220163685161221E-5
3,118;387;768,4.219966694963322E-5
3,78;915;964,4.219896510684945E-5
3,316;701;785,4.216845844993134E-5
3,26;304;686,4.216492574387755E-5
3,359;462;798,-4.216151269280383E-5
3,81;106;679,-4.216031703438426E-5
3,118;218;999,-4.213024018639984E-5
3,451;517;634,4.212661873193975E-5
3,366;839;849,4.212356433170393E-5
3,262;327;380,-4.212318918022592E-5
3,114;266;505,4.2120640189192704E-5
3,624;871;920,4.210680861806243E-5
3,284;911;963,4.210477613187122E-5
3,80;161;355,4.209300432342415E-5
3,295;430;892,-4.208629634762727E-5
3,44;54;949,4.2053743738681676E-5
3,412;459;527,4.2046648394723347E-5
3,232;783;997,-4.2041125044704395E-5
3,4;47;184,-4.202752799729041E-5
3,175;338;708,4.2026245356752257E-5
3,150;221;259,-4.20215748550833E-5
3,634;706;835,4.2016616253669235E-5
3,272;470;786,4.201512740345517E-5
3,48;639;989,-4.2007855134831936E-5
3,419;585;855,4.200542025206085E-5
3,66;192;805,-4.199835683796989E-5
3,510;677;808,4.199703804382751E-5
3,581;688;764,-4.1987605723545957E-5
3,655;712;808,-4.198709345897088E-5
3,4;634;871,-4.198503724260086E-5
3,562;739;919,-4.198196350464196E-5
3,84;528;826,-4.1965007089028484E-5
3,713;859;866,-4.196397133282307E-5
3,38;359;798,4.1957373690294934E-5
3,390;466;816,-4.1950595179748656E-5
3,95;561;748,-4.194812726227816E-5
3,233;459;653,4.194303577789057E-5
3,66;235;241,4.194158661067611E-5
3,743;911;912,4.1916073422047694E-5
3,121;346;562,4.189899459621324E-5
3,132;357;796,4.189173700219857E-5
3,275;290;857,4.188763274876203E-5
3,97;779;929,4.188174684868896E-5
3,552;707;731,-4.186742012154795E-5
3,526;638;785,4.186460613284012E-5
3,319;382;440,4.186272814832052E-5
3,34;572;832,-4.186224085109338E-5
3,28;35;198,-4.185702144127188E-5
3,0;331;865,-4.18449076895988E-5
3,337;612;771,4.184048891436854E-5
3,538;750;908,4.183981360361368E-5
3,167;369;839,-4.181634068052047E-5
3,676;725;920,4.181481537469633E-5
3,42;256;420,-4.180729533825181E-5
3,231;683;770,-4.179933217875224E-5
3,710;766;870,-4.178701188517259E-5
3,170;382;774,4.177996729529504E-5
3,90;264;553,4.1770389771705486E-5
3,35;369;905,-4.17548874270561E-5
3,196;711;815,-4.174991954681412E-5
3,174;297;473,4.1732603310348036E-5
3,262;656;848,-4.173047204664929E-5
3,10;355;747,4.172332830250879E-5
3,249;849;970,-4.17219076706926E-5
3,296;733;933,4.171756158692084E-5
3,47;96;631,4.170894106085857E-5
3,16;605;969,-4.17044815965997E-5
3,194;287;599,-4.170414784205725E-5
3,277;319;717,-4.170160456660653E-5
3,205;465;716,-4.1688356597526326E-5
3,43;360;378,-4.166838985357888E-5
3,171;843;934,4.166514619786999E-5
3,641;744;792,-4.1664562496225E-5
3,100;443;897,-4.1658579522496526E-5
3,324;564;710,-4.165592304503107E-5
3,360;463;948,4.1655249643776774E-5
3,300;751;940,-4.165074341593299E-5
3,684;737;880,-4.1650436327613284E-5
3,68;123;744,4.163709523661803E-5
3,26;457;865,4.162982443719644E-5
3,400;651;688,4.161476608423062E-5
3,0;288;331,4.160864397001096E-5
3,21;532;791,-4.160851032534059E-5
3,36;310;313,-4.16012346174937E-5
3,65;434;618,-4.160077660071673E-5
3,27;153;510,4.159607829263293E-5
3,264;644;653,-4.159150483209263E-5
3,711;907;963,4.1583793775930787E-5
3,699;774;933,-4.15807350233899E-5
3,565;578;839,4.155720976520587E-5
3,328;754;886,-4.155515487847868E-5
3,77;665;994,-4.154137400735196E-5
3,319;680;688,-4.1529316103175416E-5
3,197;854;966,4.15265984242678E-5
3,6;457;844,4.1502154492925624E-5
3,414;537;560,-4.149237750840259E-5
3,32;111;664,-4.146437713269921E-5
3,71;312;461,4.146186215674483E-5
3,244;280;505,4.145678257602984E-5
3,703;794;879,4.145312372471125E-5
3,256;259;587,-4.144686510173656E-5
3,248;317;393,4.142683589267882E-5
3,475;521;995,4.1419063218685784E-5
3,551;577;813,-4.138354058152344E-5
3,206;496;814,4.138012262701606E-5
3,12;143;654,4.13665460651863E-5
3,65;426;473,4.136613000811242E-5
3,543;588;833,-4.136490961473653E-5
3,13;526;995,-4.135261803439566E-5
3,551;560;745,4.134974168074693E-5
3,117;159;320,4.13399015088062E-5
3,362;386;602,-4.133127226098619E-5
3,11;183;757,-4.132589782779732E-5
3,285;352;819,4.1320721663041124E-5
3,245;330;529,4.131992401388098E-5
3,8;252;705,4.130889607661388E-5
3,470;549;650,4.12935426846737E-5
3,35;198;926,-4.128353573720683E-5
3,261;661;824,-4.126500108842052E-5
3,35;198;588,4.1248278327320456E-5
3,62;639;973,-4.1222786020337616E-5
3,127;203;612,-4.1208641859297594E-5
3,99;289;447,4.119785583898403E-5
3,458;649;830,4.119342054416675E-5
3,177;375;726,-4.1173422053198414E-5
3,282;767;968,-4.117201487007082E-5
3,292;428;522,-4.115925873617389E-5
3,155;242;745,4.115766289889533E-5
3,65;477;618,4.115693419967694E-5
3,418;715;796,-4.1135435075146664E-5
3,189;539;558,4.113474074301763E-5
3,577;618;928,4.113391952960733E-5
3,277;525;802,4.1129272069717245E-5
3,277;524;997,-4.112622287171217E-5
3,159;212;327,-4.111850111429001E-5
3,584;876;878,-4.111090435304873E-5
3,464;521;995,4.1098327118456934E-5
3,329;490;677,-4.1098290430498334E-5
3,647;795;963,4.1096107909711454E-5
3,400;651;908,4.1095954615400616E-5
3,369;615;985,-4.1061646151327666E-5
3,604;719;747,-4.105960323090968E-5
3,313;456;599,4.104948085376701E-5
3,905;922;956,-4.1036572304905504E-5
3,601;695;861,4.1034731223258166E-5
3,475;476;820,4.10333728662686E-5
3,100;120;984,-4.102217953847556E-5
3,111;306;857,4.1009051214363405E-5
3,405;822;863,4.1000947969656936E-5
3,282;312;801,-4.098317948762667E-5
3,12;356;645,-4.0983015848973586E-5
3,284;290;945,4.097478702198531E-5
3,709;738;749,4.095703611972009E-5
3,436;495;782,-4.095676799122883E-5
3,405;526;688,4.093649126840674E-5
3,169;199;594,4.092641066098508E-5
3,83;351;663,4.092378979081454E-5
3,184;302;828,-4.09198761791602E-5
3,43;470;950,-4.090805325830478E-5
3,173;581;612,4.089570540885687E-5
3,243;602;823,-4.086532073479442E-5
3,234;399;884,-4.0824278692404556E-5
3,685;896;977,-4.080050554741219E-5
3,291;691;702,4.0786101695744706E-5
3,65;799;801,-4.0776960703447144E-5
3,22;508;943,4.0772438979798226E-5
3,374;693;995,-4.076822943740877E-5
3,2;315;525,-4.075075850707318E-5
3,436;494;892,4.06979098494081E-5
3,442;484;588,-4.069334355250363E-5
3,272;922;956,4.069153520218343E-5
3,177;222;726,-4.068668051690676E-5
3,356;527;864,-4.068139557122015E-5
3,144;504;596,4.067451866918698E-5
3,115;613;620,-4.066533574345552E-5
3,117;297;417,-4.066439326564189E-5
3,267;714;835,-4.0645465706075416E-5
3,85;313;547,-4.0644669111180456E-5
3,74;338;422,4.063896657649549E-5
3,237;384;660,-4.063177615428046E-5
3,504;578;870,4.062900455989157E-5
3,240;376;527,4.0628559105883476E-5
3,108;163;672,-4.062741925106761E-5
3,35;337;905,-4.0614255620285675E-5
3,721;753;909,-4.060739213077473E-5
3,46;574;762,4.060707590908449E-5
3,98;537;956,4.0597350885184465E-5
3,557;719;855,4.0589473906530406E-5
3,327;672;909,-4.058610871542909E-5
3,175;848;937,-4.057228814438498E-5
3,109;175;848,-4.056964357401628E-5
3,215;255;939,-4.056213559175079E-5
3,439;545;673,4.0555929942980233E-5
3,44;893;905,-4.052328608808602E-5
3,323;468;494,4.0510913253436826E-5
3,432;454;969,-4.0492800974513343E-5
3,277;602;885,4.048724573067846E-5
3,353;643;872,4.047034231457408E-5
3,49;633;639,-4.046911524631285E-5
3,178;290;945,-4.0459058917666854E-5
3,601;852;861,-4.0409417633222254E-5
3,143;270;926,-4.04058652117257E-5
3,561;867;971,4.0402052696375946E-5
3,614;684;909,4.037282040069545E-5
3,516;893;905,-4.0357567178470436E-5
3,356;977;989,4.035013819779138E-5
3,164;649;830,4.033161993015548E-5
3,468;512;560,-4.032133030077725E-5
3,40;438;723,4.0317637406457E-5
3,453;513;577,-4.0314863245557794E-5
3,255;715;796,4.029923371055749E-5
3,186;277;834,-4.0288146132430054E-5
3,8;562;606,4.0286449289277135E-5
3,238;338;759,4.0268278345398076E-5
3,231;728;795,4.0263271228454413E-5
3,902;923;934,-4.0262733683721594E-5
3,105;128;790,4.02443715822487E-5
3,2;411;821,4.023228242311101E-5
3,449;541;578,-4.022526063220457E-5
3,259;496;814,4.022307914380212E-5
3,538;776;821,4.022221096256793E-5
3,163;356;942,-4.0220014234905936E-5
3,243;553;904,4.0212476565841925E-5
3,329;566;904,-4.020796141496609E-5
3,129;229;571,-4.017300057617959E-5
3,349;436;987,-4.016625352853049E-5
3,261;295;785,4.016457084384417E-5
3,724;770;847,-4.015691527315425E-5
3,45;205;562,4.014508268116409E-5
3,292;343;774,4.0123632842520305E-5
3,243;246;594,4.012280988808413E-5
3,482;541;607,-4.0118417790268355E-5
3,47;184;553,-4.0116110125067384E-5
3,248;393;867,4.011174236644814E-5
3,288;892;915,-4.009671112761347E-5
3,66;179;534,-4.009108932237745E-5
3,250;431;957,4.0066008135184765E-5
3,252;269;343,4.0058416120122885E-5
3,39;130;418,-4.0050020042064394E-5
3,243;558;904,4.0045867080153595E-5
3,259;593;768,-4.00113288665527E-5
3,415;448;757,4.000915649254516E-5
3,16;330;385,-3.999290680974167E-5
3,588;689;833,3.998833022285937E-5
3,525;802;891,3.998311282867811E-5
3,271;419;712,3.9947435964788835E-5
3,572;802;836,3.991901436588975E-5
3,328;753;865,3.9914799868075946E-5
3,179;352;721,-3.9914195954570717E-5
3,395;546;779,-3.99110667829151E-5
3,167;386;689,3.9908408461851966E-5
3,134;208;369,3.9899754322383465E-5
3,157;304;961,-3.9893422282721377E-5
3,96;514;640,-3.989208138505723E-5
3,403;559;588,3.987402157504294E-5
3,178;284;588,3.987270456561613E-5
3,174;205;370,3.9872551745009036E-5
3,581;646;690,-3.987029675705536E-5
3,2;520;841,3.986699578518169E-5
3,159;510;796,3.983403453435205E-5
3,548;740;985,3.9827958911634657E-5
3,731;801;838,-3.9826964825469154E-5
3,48;339;899,3.982633104828924E-5
3,53;116;999,3.982289679788336E-5
3,306;508;982,3.982137772142426E-5
3,152;669;766,3.981776037279313E-5
3,310;363;365,3.981257455612195E-5
3,0;288;401,-3.980286312056994E-5
3,152;222;744,-3.9800765556895666E-5
3,16;33;859,-3.9784942854243794E-5
3,70;419;582,-3.978102005981739E-5
3,154;418;845,-3.976175988029134E-5
3,245;685;870,3.9751503875022746E-5
3,173;472;554,3.974765437570753E-5
3,9;203;818,3.9739774765575826E-5
3,26;356;942,3.973591779332533E-5
3,661;741;804,-3.973590051204143E-5
3,172;639;761,3.973357508405657E-5
3,272;495;782,3.972821631001228E-5
3,472;890;953,-3.9724655715225615E-5
3,267;542;739,-3.972215263448486E-5
3,6;327;621,-3.970804877524442E-5
3,5;697;753,3.969588480469433E-5
3,159;327;376,3.968846682023203E-5
3,345;408;693,3.967315606439685E-5
3,238;307;341,3.9648728241459707E-5
3,16;143;463,3.963232995365732E-5
3,685;708;977,3.9629496864236254E-5
3,70;235;247,3.9584927580409976E-5
3,579;616;929,-3.957689801382765E-5
3,783;953;997,3.956574366378826E-5
3,632;636;888,3.956558385790279E-5
3,256;286;392,3.955706903981472E-5
3,190;581;884,-3.9554635989708124E-5
3,100;230;684,-3.9550359018095335E-5
3,202;536;656,3.9544116149543535E-5
3,384;656;744,-3.954289568760381E-5
3,75;115;510,-3.9542019907196756E-5
3,212;754;886,3.95340892731892E-5
3,377;572;579,3.9509877888247764E-5
3,332;514;817,3.950569438413077E-5
3,135;414;603,3.9493612744970495E-5
3,26;178;686,3.947798362286321E-5
3,253;330;362,-3.9467306774765164E-5
3,357;423;502,-3.9466354071668176E-5
3,366;694;695,3.946116459086206E-5
3,313;424;907,-3.9433203940610866E-5
3,131;580;612,3.943207878083176E-5
3,247;359;529,-3.941437783492768E-5
3,316;497;859,3.940447809444497E-5
3,189;923;930,-3.9402026487359615E-5
3,132;357;808,3.9391469755976105E-5
3,256;540;688,3.937049083083429E-5
3,377;524;920,-3.935425886762758E-5
3,319;567;680,-3.9346873402600845E-5
3,218;254;489,-3.9341731071701896E-5
3,256;392;504,-3.9332067457567786E-5
3,86;261;361,-3.929966429600908E-5
3,84;95;614,-3.926465606653675E-5
3,26;218;800,3.926010277541847E-5
3,291;891;988,3.923338426530688E-5
3,5;155;686,3.921624271696716E-5
3,66;762;872,3.919483847455453E-5
3,218;785;906,-3.918670586217434E-5
3,18;828;951,3.917921995786713E-5
3,455;855;862,-3.9153783657547284E-5
3,420;681;783,3.9152851846021687E-5
3,276;849;876,3.914929941959093E-5
3,189;500;674,3.91463526792537E-5
3,146;352;918,-3.9141353576649164E-5
3,200;359;669,-3.9122637149814106E-5
3,609;903;992,-3.911917456249406E-5
3,282;383;767,3.911262942384741E-5
3,179;534;936,-3.909908293884976E-5
3,598;604;812,-3.909750351920389E-5
3,103;148;331,3.908942641132873E-5
3,36;42;899,-3.908643669179446E-5
3,393;520;734,3.9070060787595854E-5
3,528;575;607,-3.9065595016590144E-5
3,47;169;966,3.9033990270535444E-5
3,210;676;840,-3.903356440603416E-5
3,275;694;721,3.902568094131151E-5
3,458;842;918,3.9012697583267706E-5
3,203;303;919,-3.8998780193718646E-5
3,93;577;984,3.8991882407422E-5
3,157;487;839,3.898391506990438E-5
3,458;696;717,3.898291842404823E-5
3,5;353;697,-3.896990645473437E-5
3,178;552;825,-3.89655152199502E-5
3,701;821;998,-3.8957666194118235E-5
3,321;448;535,3.895243803237167E-5
3,77;472;593,-3.894615983926793E-5
3,410;698;771,-3.894590260574491E-5
3,520;734;978,-3.89401637322786E-5
3,65;765;850,3.8934640923692174E-5
3,153;429;826,3.892736720256969E-5
3,21;664;860,3.892365616174685E-5
3,257;665;706,-3.8919310781768495E-5
3,67;620;748,-3.8913946028173305E-5
3,10;177;447,3.890343141055277E-5
3,291;424;904,3.890039480582863E-5
3,235;795;797,3.889611315821082E-5
3,211;243;823,3.888718717918896E-5
3,543;842;876,3.8874634579958534E-5
3,180;717;814,3.887246625150268E-5
3,114;289;692,-3.886849701457338E-5
3,314;534;936,-3.886478278829665E-5
3,700;720;748,-3.886344598361408E-5
3,81;939;950,-3.885013297179333E-5
3,26;163;744,3.8821775345789396E-5
3,197;268;710,-3.881780447220543E-5
3,582;705;948,-3.881747197606657E-5
3,187;853;896,-3.8789313135341E-5
3,223;228;909,3.8786029582309764E-5
3,40;318;438,-3.876842091694015E-5
3,3;136;456,-3.874956056850535E-5
3,38;124;994,-3.8745081198419505E-5
3,263;305;634,-3.8733674074682557E-5
3,543;830;833,-3.873366836354597E-5
3,203;321;760,-3.872589374387166E-5
3,209;374;459,-3.871006274774857E-5
3,153;171;983,-3.8679869160600886E-5
3,348;443;999,-3.867826579409406E-5
3,2;22;655,3.866363444291646E-5
3,585;882;983,-3.8662906486404945E-5
3,107;863;877,-3.8644966541766665E-5
3,371;420;653,-3.864487464705178E-5
3,16;385;631,3.8628111563968076E-5
3,99;246;947,3.8625853927346054E-5
3,52;447;797,-3.862413042240192E-5
3,249;460;758,3.861559499794531E-5
3,155;713;960,-3.859969228655576E-5
3,78;357;498,3.859388691655505E-5
3,566;719;855,3.8582200985868496E-5
3,25;284;821,-3.858095717982804E-5
3,243;361;721,3.858095211750082E-5
3,170;310;496,-3.8579658994471023E-5
3,259;307;734,3.857927408253591E-5
3,25;27;292,3.856946778765387E-5
3,125;447;839,3.855474160007747E-5
3,393;439;880,-3.8550475773979474E-5
3,44;108;152,3.854964714215628E-5
3,159;263;775,3.8537293375736655E-5
3,81;802;976,3.851542943660476E-5
3,537;650;972,3.85098601738765E-5
3,293;313;426,3.8505064016312804E-5
3,403;516;523,-3.8503444689533623E-5
3,313;905;907,-3.850063564546055E-5
3,283;609;810,-3.8500089919438276E-5
3,279;825;871,3.849563222289097E-5
3,322;584;740,-3.847409041304091E-5
3,183;229;668,3.84712210338235E-5
3,317;327;701,-3.8468910566181516E-5
3,115;118;218,3.84647356694965E-5
3,174;453;975,-3.843468474156067E-5
3,199;220;688,-3.841564538891822E-5
3,420;426;433,3.840729237434444E-5
3,697;753;834,3.840576555450667E-5
3,248;635;777,-3.839391677946243E-5
3,38;798;922,3.839192197267165E-5
3,113;559;665,3.836980056342335E-5
3,108;178;210,-3.836738230012145E-5
3,146;630;700,-3.832582304397533E-5
3,61;161;199,3.832094153586992E-5
3,11;327;777,-3.831690659078882E-5
3,582;589;664,-3.831542720737007E-5
3,210;568;681,3.831194834460845E-5
3,110;705;850,3.830205185323804E-5
3,11;280;505,-3.828682597599707E-5
3,40;318;723,3.8282622750093616E-5
3,224;239;853,3.826544259544808E-5
3,352;491;974,3.8249980434230824E-5
3,377;399;684,-3.824520093241755E-5
3,528;575;824,-3.823776341160444E-5
3,160;251;989,-3.822377758696099E-5
3,514;776;869,3.820812450377896E-5
3,224;352;746,-3.818155123652283E-5
3,319;440;919,3.817826120093336E-5
3,36;816;899,3.8167956558386566E-5
3,324;772;924,-3.8123097762380406E-5
3,34;318;896,-3.811283022310211E-5
3,236;388;635,3.8095416853162896E-5
3,272;713;999,-3.8080918261037556E-5
3,181;215;940,3.8073692939003716E-5
3,135;563;764,3.807202374740148E-5
3,561;661;741,-3.8060360771976026E-5
3,96;262;284,-3.800326201036758E-5
3,318;948;988,-3.799247181177746E-5
3,340;457;553,3.799166888857085E-5
3,286;504;773,3.797995294852245E-5
3,336;616;997,-3.7978787694332023E-5
3,572;953;982,3.797423704444488E-5
3,231;683;990,3.797155321599638E-5
3,317;393;867,3.796170252193039E-5
3,16;33;822,3.7959890116606596E-5
3,59;617;680,-3.795340420575488E-5
3,342;591;746,3.795323420496883E-5
3,687;902;911,-3.7939334264041777E-5
3,430;667;698,3.793200439915736E-5
3,812;899;902,3.793057667218302E-5
3,194;508;696,-3.7916394192729816E-5
3,321;535;540,3.791071023772503E-5
3,92;308;476,-3.788380974498105E-5
3,142;808;998,3.7871793646979106E-5
3,167;386;532,-3.787013819408772E-5
3,25;455;617,-3.78598116397985E-5
3,420;583;846,-3.785383974792646E-5
3,207;283;404,3.7845529111847314E-5
3,2;62;283,3.784017504772987E-5
3,360;948;960,3.783561037499379E-5
3,117;320;583,3.782812421218375E-5
3,235;399;797,3.782799690895962E-5
3,297;323;409,3.782071157188481E-5
3,21;791;875,3.780640275528696E-5
3,25;291;455,-3.780065226552366E-5
3,12;580;924,3.77914637838665E-5
3,337;517;999,-3.777153210804028E-5
3,309;468;494,3.7771109976611166E-5
3,225;723;830,3.776487422930003E-5
3,459;579;929,3.7757179797484136E-5
3,442;619;981,-3.7755280769879345E-5
3,115;118;999,-3.773909068823073E-5
3,307;564;734,-3.77014770640222E-5
3,312;801;966,3.7687752931073656E-5
3,539;558;923,3.767306651420865E-5
3,74;513;691,3.7671731782854364E-5
3,31;677;821,-3.766618071949743E-5
3,179;644;647,-3.766006133335703E-5
3,136;171;849,3.7658354923239423E-5
3,290;463;948,3.764374969220506E-5
3,165;337;918,3.764139933408911E-5
3,195;283;404,3.763415216046083E-5
3,96;289;328,3.7610415436422175E-5
3,67;208;906,3.760402408178673E-5
3,99;761;768,-3.7591753242568294E-5
3,44;273;330,3.758181881044689E-5
3,262;684;848,-3.757644408575452E-5
3,440;467;805,-3.75761473980844E-5
3,398;710;733,-3.7572278846162834E-5
3,165;740;744,-3.75663315436318E-5
3,371;410;564,3.755810172259816E-5
3,286;405;409,3.7558042032609186E-5
3,121;542;826,-3.755465578255525E-5
3,269;344;365,3.754184858166719E-5
3,478;650;757,3.7540970804696096E-5
3,25;307;341,3.753035596052171E-5
3,230;355;975,-3.7528751956210525E-5
3,255;418;715,3.752842518352223E-5
3,589;815;874,-3.7523285014771285E-5
3,581;601;646,3.7505287758773164E-5
3,507;696;799,3.749308245434066E-5
3,100;120;826,-3.7488637974291414E-5
3,103;146;832,3.748447170096328E-5
3,125;839;993,3.7475178688482294E-5
3,749;753;785,-3.746476035527085E-5
3,4;47;553,3.7455617016238964E-5
3,199;338;552,-3.745326248024858E-5
3,96;753;857,-3.7450537926504585E-5
3,23;364;438,-3.745039294110154E-5
3,269;509;624,3.7434646320766385E-5
3,5;551;759,3.7432146999367075E-5
3,99;209;459,3.741878262595778E-5
3,219;412;459,-3.740383260290568E-5
3,199;233;421,3.73978364153114E-5
3,31;251;553,3.7388400230814624E-5
3,159;432;510,3.7381305236148396E-5
3,16;144;152,-3.737807899410364E-5
3,44;516;905,-3.737056383260775E-5
3,267;664;860,-3.735946806317886E-5
3,385;711;815,3.735155883101493E-5
3,566;677;904,-3.735086652761766E-5
3,136;267;767,3.735003394985206E-5
3,272;636;690,-3.734732738614828E-5
3,347;373;722,3.7341997553965464E-5
3,180;744;814,3.7334793895946404E-5
3,335;588;805,3.733467541718115E-5
3,649;753;957,3.732328306702811E-5
3,228;817;914,-3.731856752979471E-5
3,174;366;951,3.731446659137329E-5
3,143;557;625,3.728782665443236E-5
3,405;472;535,3.726867878333228E-5
3,103;171;538,-3.726340983743676E-5
3,20;58;320,-3.725886599249886E-5
3,357;400;436,3.72447354907732E-5
3,332;500;674,-3.7239057210753E-5
3,487;582;664,-3.7234364910329665E-5
3,454;718;850,-3.7226420133263315E-5
3,317;356;862,3.721177706722991E-5
3,619;838;981,3.720286998734331E-5
3,51;83;228,-3.719280808854349E-5
3,625;849;970,3.718918323200473E-5
3,269;365;781,-3.718537508616511E-5
3,254;428;939,-3.718181754543082E-5
3,269;582;651,-3.716980519455686E-5
3,99;374;567,-3.716082103314417E-5
3,470;611;675,-3.71456968831063E-5
3,276;376;779,3.714448741036263E-5
3,103;832;936,3.7141151125143137E-5
3,211;315;823,-3.713090605092294E-5
3,553;558;904,-3.711306111261072E-5
3,97;395;929,-3.710720741796937E-5
3,59;135;980,-3.71035148775595E-5
3,11;777;952,3.7096388020208986E-5
3,26;58;380,3.7087791658768995E-5
3,290;360;948,3.708173936008316E-5
3,298;639;748,3.707867579150447E-5
3,438;645;837,-3.7074183762105614E-5
3,610;830;852,3.707382022647937E-5
3,48;631;989,3.7018731649056285E-5
3,158;331;793,3.701323974877116E-5
3,608;636;993,-3.700564740753505E-5
3,276;376;656,-3.6997637938156915E-5
3,6;431;772,3.6996172032285155E-5
3,87;140;913,3.699061644305627E-5
3,24;26;626,-3.698843721446825E-5
3,1;43;236,-3.6958858957186094E-5
3,549;754;836,3.694964841192801E-5
3,265;516;870,-3.6948295192230644E-5
3,304;366;951,-3.6942003410664E-5
3,96;490;857,-3.6927356359169455E-5
3,307;484;629,3.692658050787122E-5
3,38;136;139,-3.6918508558881775E-5
3,289;427;570,-3.6891109952202335E-5
3,327;539;634,-3.688450005006215E-5
3,443;502;735,-3.687597041844059E-5
3,272;713;786,3.687026006070756E-5
3,592;826;843,-3.6869956642521806E-5
3,90;470;549,-3.6856772309358576E-5
3,41;324;571,3.6836158895519244E-5
3,219;336;826,3.683024205146686E-5
3,474;787;797,-3.681448029399878E-5
3,338;389;900,3.681327016535324E-5
3,643;654;847,-3.680571840853042E-5
3,150;570;611,3.679246900248806E-5
3,90;310;665,-3.6785959732185245E-5
3,259;467;593,3.674108370563432E-5
3,783;876;878,-3.6739193035101645E-5
3,99;410;947,3.6735112814814036E-5
3,55;61;152,-3.6734517967539334E-5
3,229;453;975,3.671420274586004E-5
3,191;599;823,-3.6711321596644824E-5
3,206;814;848,-3.669218193091637E-5
3,379;635;777,3.668595238851267E-5
3,451;545;548,-3.667937896704336E-5
3,214;386;764,-3.666471489295447E-5
3,49;111;557,-3.6659274921397506E-5
3,286;409;918,3.665216103851485E-5
3,269;426;427,3.6650677656399795E-5
3,17;93;357,3.6633256920428223E-5
3,155;571;883,3.6630210768102786E-5
3,165;354;675,3.662134573442269E-5
3,25;69;507,-3.662110695831221E-5
3,15;55;956,3.6620615761220494E-5
3,433;724;847,-3.6613026143043225E-5
3,434;587;974,3.66077003589869E-5
3,0;245;758,3.66036921669336E-5
3,100;684;827,-3.660064718439314E-5
3,217;232;546,3.6597906465836226E-5
3,173;564;918,3.659643220869027E-5
3,385;512;759,3.659408103137603E-5
3,340;491;911,-3.659272353609476E-5
3,282;288;966,-3.658263529675808E-5
3,156;502;561,-3.6581739589794255E-5
3,522;675;992,-3.657925419605178E-5
3,411;520;744,-3.6577002713282065E-5
3,64;442;484,-3.6571900693591494E-5
3,450;861;989,3.657069156726354E-5
3,356;702;862,-3.656742883839087E-5
3,8;286;579,3.656080152816913E-5
3,105;607;909,3.6555531658172854E-5
3,85;547;958,-3.655400499488358E-5
3,114;194;508,-3.6553228591190865E-5
3,150;221;763,3.6540730352200856E-5
3,459;653;742,-3.653276844281833E-5
3,160;385;512,3.653162555332782E-5
3,298;304;555,3.652361561569923E-5
3,532;791;875,-3.651808498419401E-5
3,79;179;993,-3.650782427125742E-5
3,76;157;825,3.6495789937272565E-5
3,298;639;973,-3.649306912127644E-5
3,214;945;992,3.648972743758656E-5
3,205;427;553,3.648120459065837E-5
3,473;792;922,-3.647683480537954E-5
3,109;281;789,-3.64587446393292E-5
3,125;254;948,3.6454519000992296E-5
3,47;245;631,3.644360810089566E-5
3,234;699;928,3.643662073167485E-5
3,234;247;515,-3.642801322633059E-5
3,155;362;954,-3.6411557206520115E-5
3,26;658;686,3.63921621751496E-5
3,16;404;938,-3.6391597555055484E-5
3,239;547;740,3.6382974269997786E-5
3,233;421;914,-3.637126293267178E-5
3,64;346;430,-3.636951774076726E-5
3,541;703;794,-3.6364827355872173E-5
3,65;590;650,-3.636223716056089E-5
3,666;845;889,3.634495930182098E-5
3,41;424;904,3.632736803336993E-5
3,466;498;679,-3.632718582208611E-5
3,226;772;972,-3.632535325319569E-5
3,238;532;721,3.632533700678486E-5
3,512;759;808,3.632468519735629E-5
3,212;300;345,-3.629212395555885E-5
3,363;479;869,3.626994623864907E-5
3,100;252;880,3.62663632590502E-5
3,181;752;973,3.624681422678524E-5
3,286;409;621,-3.624091642797378E-5
3,489;514;857,3.6240825905541E-5
3,86;456;698,3.623149213408678E-5
3,349;936;965,-3.62297156394158E-5
3,396;601;976,3.621452411938144E-5
3,100;261;826,3.6201295846696555E-5
3,267;474;767,3.619513960054065E-5
3,317;432;969,3.618327424937226E-5
3,346;551;893,3.6178768682091704E-5
3,184;576;904,-3.61749997343706E-5
3,45;562;739,-3.6172205457954244E-5
3,58;616;971,3.616758718922071E-5
3,8;640;845,3.615110450515911E-5
3,611;675;682,3.614747917579475E-5
3,470;707;731,-3.6140402506780526E-5
3,311;821;869,-3.613749703656682E-5
3,91;155;965,-3.613382718786614E-5
3,59;480;617,3.611915712477442E-5
3,201;453;901,3.610957106102211E-5
3,544;559;671,3.608216497048853E-5
3,472;475;593,3.608099296801519E-5
3,603;898;971,-3.6058014089324135E-5
3,267;532;996,3.605595563831543E-5
3,256;286;504,-3.603618342075052E-5
3,25;291;929,3.6029214784334195E-5
3,82;440;617,-3.6016464478158425E-5
3,261;639;687,3.599733710615058E-5
3,285;368;458,3.597686679795023E-5
3,4;20;634,-3.596674218257233E-5
3,21;369;922,3.596468812007809E-5
3,276;372;643,3.5963268530342406E-5
3,265;338;389,-3.5935645108757775E-5
3,249;478;882,-3.592721051230637E-5
3,161;468;497,3.591850219676726E-5
3,321;535;541,-3.589779102944642E-5
3,404;780;938,-3.5897211371022436E-5
3,219;443;527,-3.5885213627559584E-5
3,522;739;855,-3.588171396480774E-5
3,186;688;797,-3.587532845030795E-5
3,180;471;717,3.5872202651384285E-5
3,55;356;567,3.5862112487888094E-5
3,355;923;934,3.584728921696022E-5
3,328;340;457,3.584563825509773E-5
3,95;707;958,3.583854827125637E-5
3,51;145;647,-3.5835871006920944E-5
3,66;314;936,3.5832905313342547E-5
3,39;272;428,3.583119703688272E-5
3,246;739;936,-3.582909403051495E-5
3,565;707;783,-3.582842418994562E-5
3,355;900;902,-3.582714733260387E-5
3,66;88;192,-3.582255475434631E-5
3,509;575;975,3.581445316913959E-5
3,369;545;564,3.580909494845403E-5
3,373;804;827,3.580011748052689E-5
3,212;756;797,-3.57919988639653E-5
3,307;474;805,3.5789334308473644E-5
3,89;109;308,3.578391749756772E-5
3,644;647;810,3.57804620919523E-5
3,187;224;529,-3.57766542505641E-5
3,505;652;663,-3.577640408709533E-5
3,548;658;679,3.5771602842992993E-5
3,127;690;763,-3.577154572059354E-5
3,129;838;964,3.576673960293764E-5
3,89;109;937,-3.576602627679716E-5
3,49;241;876,3.57634830268381E-5
3,51;562;647,-3.576139637391328E-5
3,86;225;664,-3.575715838878594E-5
3,457;767;970,-3.575269443472094E-5
3,451;467;832,-3.573167147169966E-5
3,178;568;681,-3.572277642274491E-5
3,29;224;370,-3.57217139399246E-5
3,239;726;740,-3.571341728316264E-5
3,63;284;457,3.5705829442622764E-5
3,241;933;999,3.570252158897819E-5
3,63;349;413,-3.569222636034357E-5
3,281;447;786,3.568301134088825E-5
3,564;779;943,-3.5674501664696225E-5
3,305;542;630,3.5660053711304224E-5
3,131;281;789,-3.564209451269912E-5
3,248;628;777,-3.5634848658830864E-5
3,359;402;691,-3.5620592590460976E-5
3,27;461;758,3.5618844771768885E-5
3,553;901;904,3.558475132499897E-5
3,42;405;816,3.5574078455125916E-5
3,7;178;825,-3.557203536260796E-5
3,213;621;743,3.55717957247461E-5
3,114;392;463,-3.555837257435748E-5
3,565;603;783,-3.553590411198245E-5
3,576;647;904,-3.553190376933262E-5
3,133;134;489,3.551575705208104E-5
3,294;783;883,-3.5512121229378E-5
3,163;207;838,-3.551125368200697E-5
3,23;943;957,-3.5509423276846355E-5
3,75;613;620,-3.550884487593353E-5
3,34;241;416,3.549823203445145E-5
3,84;614;820,3.5496798580774717E-5
3,249;631;758,3.549566552231989E-5
3,293;719;838,-3.549297562525667E-5
3,616;659;711,-3.5460995821291167E-5
3,199;263;905,-3.5460125470414314E-5
3,185;348;417,3.545958161785551E-5
3,326;977;989,3.545623852511197E-5
3,55;356;854,3.544704502786809E-5
3,247;407;566,3.5436401243040655E-5
3,278;738;823,3.54196039848336E-5
3,186;474;805,3.540228467985723E-5
3,25;72;466,-3.539994146765295E-5
3,229;542;615,3.5394014050678644E-5
3,363;483;529,3.537511380630223E-5
3,465;510;705,-3.537310930891277E-5
3,34;69;147,-3.5370381325368324E-5
3,23;364;770,3.534932076814103E-5
3,132;585;855,3.533591310389021E-5
3,53;458;577,3.5322594915143656E-5
3,498;679;795,3.531155808279608E-5
3,327;380;563,-3.5297917571275225E-5
3,18;316;468,-3.528767161628492E-5
3,724;844;946,-3.527679680505498E-5
3,88;226;541,-3.527201614440431E-5
3,86;261;586,-3.527094878922451E-5
3,25;238;307,3.526380418956143E-5
3,357;642;796,-3.526331291664101E-5
3,558;901;904,3.5254182447619693E-5
3,404;930;941,-3.524505641421241E-5
3,158;601;793,-3.523556170925313E-5
3,125;157;249,-3.523329249744905E-5
3,469;482;967,-3.52321633102589E-5
3,205;562;739,-3.5200791011730165E-5
3,136;474;767,3.520041654882441E-5
3,311;821;939,-3.5197490296502605E-5
3,227;266;359,-3.515823503883335E-5
3,232;953;997,-3.513183999862271E-5
3,153;357;502,3.507725405247631E-5
3,124;157;831,-3.507328023086475E-5
3,33;60;556,-3.5059655156137625E-5
3,517;658;972,3.5057161960782635E-5
3,355;569;879,-3.50499480996769E-5
3,407;658;764,-3.504758794862014E-5
3,636;692;706,3.5046246109001826E-5
3,514;571;640,3.504098530152468E-5
3,136;138;456,-3.5000280912807295E-5
3,334;346;819,-3.4997900933233545E-5
3,5;804;892,3.499512944484073E-5
3,109;848;937,-3.498309557299245E-5
3,311;869;969,-3.497950678579905E-5
3,229;247;924,3.496456558119245E-5
3,309;666;819,-3.495880614917729E-5
3,282;488;940,3.495338628781551E-5
3,113;257;620,3.4948746941010106E-5
3,531;610;719,3.493777102478687E-5
3,770;904;980,-3.4937070726270267E-5
3,143;184;394,-3.4930990812460634E-5
3,179;297;352,-3.493068955568842E-5
3,165;450;500,3.4930631605488165E-5
3,39;418;816,3.492746120178957E-5
3,160;466;778,-3.491733247216692E-5
3,145;761;768,3.491718385626353E-5
3,624;844;848,3.4916757053002456E-5
3,294;302;387,3.491375925056521E-5
3,202;775;920,-3.491372977052304E-5
3,37;191;968,-3.489048138830945E-5
3,362;579;616,3.488792366284551E-5
3,155;252;504,-3.487056869787776E-5
3,62;101;789,-3.486524847324314E-5
3,165;740;857,-3.4853800500504885E-5
3,421;532;721,3.484564013135554E-5
3,206;426;815,3.483010682523453E-5
3,41;571;883,3.48255907805114E-5
3,136;139;194,3.4809864599307145E-5
3,62;78;789,3.479644141548497E-5
3,199;624;844,3.479529894298876E-5
3,371;653;856,3.47914829428689E-5
3,560;597;733,-3.478766202570684E-5
3,176;506;915,-3.4768600363851125E-5
3,466;510;816,-3.476002559107118E-5
3,29;54;962,-3.47529998469862E-5
3,440;617;690,-3.4743069781972467E-5
3,5;250;957,3.473083509030177E-5
3,16;440;516,-3.471844000408428E-5
3,103;171;788,3.470565000634949E-5
3,86;435;737,3.470510599154475E-5
3,48;145;761,3.470446590275554E-5
3,454;699;774,-3.4696380783144824E-5
3,378;576;599,-3.468384196677659E-5
3,23;257;620,-3.468256926011883E-5
3,68;95;368,-3.467799172706827E-5
3,36;519;549,3.4662873183623505E-5
3,215;566;589,3.464231939854597E-5
3,505;526;865,3.462957699598011E-5
3,525;549;972,-3.4618331336491724E-5
3,90;341;553,3.461502684507675E-5
3,488;592;940,3.4605413532338775E-5
3,36;329;633,-3.460278221956872E-5
3,295;375;742,3.459664959645893E-5
3,51;83;164,-3.4589784127502855E-5
3,272;905;956,3.457773797785885E-5
3,545;615;684,-3.45747677261977E-5
3,305;427;673,3.456781764791113E-5
3,90;506;987,-3.455034425195472E-5
3,809;819;892,3.454789728744081E-5
3,214;499;808,3.454588465430833E-5
3,394;466;778,3.451419307503093E-5
3,48;732;845,3.451199828968348E-5
3,252;443;932,-3.451173390606134E-5
3,144;495;596,-3.450740200236408E-5
3,188;695;853,3.448825295673155E-5
3,177;383;447,-3.4483301188103404E-5
3,35;575;685,3.447877533826914E-5
3,468;962;975,3.4465262883310894E-5
3,420;543;846,3.445857412265352E-5
3,362;717;977,-3.445724925865922E-5
3,698;905;997,3.4452857751620045E-5
3,114;266;760,-3.4449405113688765E-5
3,161;710;918,-3.444638881663654E-5
3,421;466;816,3.444608671249906E-5
3,587;656;684,3.444122476619302E-5
3,195;461;692,-3.441675110131182E-5
3,201;303;646,-3.43987074789124E-5
3,44;710;949,3.4391688246186594E-5
3,11;244;505,3.438768215637743E-5
3,240;376;692,3.4374016167322655E-5
3,178;588;945,3.436998744737613E-5
3,48;252;820,3.4364018142715505E-5
3,29;199;414,3.435273063997933E-5
3,491;743;911,-3.434730427706931E-5
3,34;187;318,3.43466810715167E-5
3,597;683;760,-3.434088024752893E-5
3,96;262;883,-3.432311243226191E-5
3,298;729;906,-3.431645690224195E-5
3,0;132;948,-3.431256481039655E-5
3,483;845;981,3.4311418003520487E-5
3,319;711;717,-3.430502617247724E-5
3,245;247;330,3.4280944764690157E-5
3,230;808;947,-3.4253334451377406E-5
3,17;166;255,-3.423662139175178E-5
3,180;195;366,3.423158868576738E-5
3,766;794;843,3.4228510961902135E-5
3,49;633;697,-3.4226933591416225E-5
3,174;304;376,-3.422351714688075E-5
3,429;707;965,3.421500695814332E-5
3,448;718;757,-3.419906375628103E-5
3,149;231;770,3.419339162897651E-5
3,140;355;506,-3.418953317063521E-5
3,465;526;994,3.4186024367233594E-5
3,20;78;789,3.418167995976451E-5
3,30;247;770,-3.418104023438073E-5
3,86;512;843,3.4176567890673776E-5
3,63;117;297,3.416133112806014E-5
3,221;259;985,3.4157320595673644E-5
3,468;679;902,-3.413504064626582E-5
3,194;674;769,3.411102331499619E-5
3,219;607;866,3.40856181176641E-5
3,26;218;367,-3.406409957356867E-5
3,229;507;830,-3.405180161986001E-5
3,260;306;794,3.4041842585478434E-5
3,261;430;785,-3.403243006639419E-5
3,7;231;993,3.4030831562493334E-5
3,208;293;756,3.402647443901616E-5
3,493;509;754,3.402290799353403E-5
3,46;408;558,3.4021903974653465E-5
3,161;280;341,-3.4013890795249245E-5
3,156;726;740,-3.3998913990368465E-5
3,127;817;841,-3.3996149483944684E-5
3,464;502;985,-3.398940920506408E-5
3,107;391;468,-3.3975680915676666E-5
3,25;316;497,3.397116882034884E-5
3,180;439;880,3.396922566890895E-5
3,213;265;521,3.394863246081596E-5
3,0;324;588,3.394770072884487E-5
3,426;473;566,-3.3938874480663113E-5
3,263;506;859,-3.392875990832737E-5
3,84;820;980,-3.39201547759292E-5
3,244;327;620,-3.391862222098753E-5
3,220;292;653,-3.391652589049813E-5
3,172;567;898,3.391516221584417E-5
3,342;370;591,-3.39058236974761E-5
3,95;800;931,-3.390355365147012E-5
3,39;495;966,-3.3880026288725605E-5
3,113;257;389,3.386058186793248E-5
3,328;457;553,-3.3848247990924655E-5
3,136;267;680,3.3847113806015545E-5
3,191;898;968,-3.384693506318715E-5
3,45;397;899,3.3835630043006635E-5
3,650;757;918,3.3824659813837797E-5
3,49;582;836,-3.381330074642772E-5
3,446;929;978,3.3793991916388375E-5
3,453;531;719,3.379192138117691E-5
3,74;359;402,-3.3788455026142697E-5
3,230;293;756,-3.3766765612417304E-5
3,66;241;762,3.3762407218078925E-5
3,312;404;930,3.3759842306507515E-5
3,572;579;802,3.3754425984237145E-5
3,691;809;970,3.374266244556691E-5
3,235;524;774,-3.373258295356579E-5
3,52;120;223,-3.3725123072886416E-5
3,269;696;852,3.3722624858635415E-5
3,219;412;527,3.371813549213307E-5
3,195;780;786,3.3697018320620174E-5
3,41;330;869,3.3696052150981176E-5
3,26;457;916,-3.3682105242864195E-5
3,489;802;825,3.367610090739966E-5
3,281;684;699,-3.36684010185903E-5
3,211;234;814,3.36655231835839E-5
3,237;678;828,-3.365115342416161E-5
3,2;436;821,-3.364268774020204E-5
3,342;757;918,3.363738242535785E-5
3,245;408;926,3.362147090671447E-5
3,121;562;695,3.3609994030367604E-5
3,293;756;837,3.360881177747829E-5
3,467;472;765,-3.359511620636955E-5
3,298;525;555,-3.3594902896874166E-5
3,220;420;925,-3.358058130679554E-5
3,139;516;988,3.3578679536395066E-5
3,118;806;938,-3.355321946760044E-5
3,219;241;607,-3.354680808189342E-5
3,337;517;565,3.353988089146949E-5
3,25;92;775,-3.3516845161511714E-5
3,85;640;899,-3.349908307063076E-5
3,267;728;739,-3.349883143517008E-5
3,187;302;992,-3.3469791701877905E-5
3,17;519;924,-3.346957996148072E-5
3,552;731;753,-3.344125691290461E-5
3,73;249;741,-3.343441840154555E-5
3,50;177;346,3.3432402078858294E-5
3,288;312;966,-3.343220420230162E-5
3,5;515;817,-3.342038900953196E-5
3,728;795;993,-3.341764252919985E-5
3,21;82;278,3.34122731260125E-5
3,601;603;848,-3.34115712833867E-5
3,144;208;289,3.340836808319261E-5
3,117;159;230,3.340588181099633E-5
3,71;669;715,-3.339297365796643E-5
3,94;222;744,-3.33918621264562E-5
3,359;821;900,-3.339147077788271E-5
3,268;447;485,3.338186589949815E-5
3,272;433;602,-3.338008258077306E-5
3,575;607;736,3.337936478518285E-5
3,71;168;703,3.337922264583873E-5
3,577;804;950,3.3377055852918254E-5
3,225;610;830,-3.337681574459014E-5
3,27;696;879,3.336392010761734E-5
3,270;384;751,3.3361826690800763E-5
3,352;427;974,-3.335795008346827E-5
3,118;846;938,3.335465676992248E-5
3,76;660;825,3.3349308374948565E-5
3,754;886;959,3.3344238900056E-5
3,381;726;945,-3.334039061377029E-5
3,500;565;999,-3.332564531654779E-5
3,132;419;855,3.332409315047706E-5
3,385;921;984,-3.3310477874732825E-5
3,168;526;998,-3.330868316230576E-5
3,179;497;666,-3.3307966501485146E-5
3,59;300;751,-3.33061867326267E-5
3,517;565;999,-3.3296127784070225E-5
3,68;442;619,3.329078944799155E-5
3,447;485;970,3.32894310019525E-5
3,119;154;503,3.3286227325393684E-5
3,83;809;992,-3.327659933548669E-5
3,262;445;617,3.326962145248202E-5
3,41;142;505,3.32512944599724E-5
3,658;785;958,3.324991401416313E-5
3,234;492;880,3.322700647291832E-5
3,382;774;807,3.3222300792154796E-5
3,231;792;922,3.3218780939480935E-5
3,324;518;774,-3.321160386582821E-5
3,142;303;419,3.3209677547158576E-5
3,554;564;782,-3.320698428785138E-5
3,127;841;962,3.320205035311701E-5
3,12;88;410,-3.319464885846214E-5
3,448;711;963,3.318356999599294E-5
3,275;800;857,3.318293785797068E-5
3,499;717;769,3.315645048414137E-5
3,47;169;533,3.315273383794827E-5
3,256;584;587,3.315192791679553E-5
3,53;117;291,-3.314346747854104E-5
3,73;247;665,3.3142141648381144E-5
3,543;583;752,-3.3124976291301176E-5
3,56;360;618,3.312291052872499E-5
3,528;753;955,-3.311189991371312E-5
3,171;295;822,3.310288195620574E-5
3,352;522;735,-3.3100088229838825E-5
3,279;475;820,3.309478596067426E-5
3,180;941;996,-3.308907521558291E-5
3,97;181;973,3.308586100707352E-5
3,213;367;521,3.3080366908272944E-5
3,422;496;824,-3.3079417100593274E-5
3,235;762;872,-3.307595114023967E-5
3,157;249;358,-3.3072265945132416E-5
3,87;752;913,3.306333025868016E-5
3,161;199;201,-3.304689857672858E-5
3,317;634;701,-3.3021941932268926E-5
3,28;100;443,-3.301877410494908E-5
3,341;418;708,3.3005066895992936E-5
3,267;714;963,-3.2994186150974E-5
3,88;172;192,3.299223136923879E-5
3,413;674;793,-3.298429434550571E-5
3,270;773;926,3.296336687951824E-5
3,74;288;884,-3.296165995207899E-5
3,634;674;772,3.295346161444251E-5
3,305;596;635,3.2945842526177647E-5
3,23;877;943,3.293845790845874E-5
3,220;500;958,3.292760094909092E-5
3,180;649;865,-3.292663617774471E-5
3,86;435;907,3.292457888066792E-5
3,740;985;991,3.2920421470152056E-5
3,447;572;993,-3.2919743252831244E-5
3,187;404;846,3.291950035769977E-5
3,38;694;994,3.291304929394175E-5
3,373;406;616,3.290525646005042E-5
3,355;800;972,3.290115955171542E-5
3,2;312;841,3.289560491794874E-5
3,120;160;406,-3.289517815329957E-5
3,125;655;843,3.2891985214268E-5
3,55;567;854,-3.288466645860277E-5
3,24;680;699,3.2881226951788396E-5
3,467;470;950,-3.285854731329377E-5
3,18;124;157,-3.2840566064480856E-5
3,96;661;871,-3.2825543580002494E-5
3,330;586;643,3.281739001801815E-5
3,50;54;844,-3.281269514226651E-5
3,174;473;948,-3.2810507923708754E-5
3,423;485;518,3.280765399682218E-5
3,207;283;417,3.2793574142073344E-5
3,32;107;390,-3.278673292565243E-5
3,453;480;531,3.277280709678703E-5
3,5;346;893,3.276861089334999E-5
3,281;524;776,-3.2748966738203045E-5
3,187;802;861,-3.274259004557292E-5
3,167;259;307,3.27174850548614E-5
3,109;131;789,3.2704509760572584E-5
3,11;183;668,3.2704299047783624E-5
3,328;754;959,3.2694839465223824E-5
3,83;94;500,-3.268759009282159E-5
3,537;612;802,-3.2651491783141583E-5
3,28;411;528,3.264883648976107E-5
3,175;334;488,3.2629955212466215E-5
3,261;361;872,3.262638249283579E-5
3,314;319;688,3.2606940695305525E-5
3,124;624;939,-3.259835850591196E-5
3,603;738;907,3.259767299668869E-5
3,254;436;542,-3.259703021853272E-5
3,57;89;560,3.257932107262411E-5
3,455;855;998,-3.257573505104269E-5
3,35;491;806,-3.257572413651E-5
3,97;546;929,-3.256824285919405E-5
3,209;374;567,3.256805972258665E-5
3,233;789;965,3.256316711728878E-5
3,38;629;994,-3.255298020025493E-5
3,144;576;764,3.254862712619884E-5
3,348;376;845,3.252886083862534E-5
3,25;603;898,-3.252692652483638E-5
3,141;525;741,3.2521848544595357E-5
3,53;329;458,3.252020219283501E-5
3,108;114;194,-3.2519445953644474E-5
3,208;452;793,-3.2507476738228876E-5
3,432;592;972,3.24977315042802E-5
3,391;775;920,3.2497478474080165E-5
3,302;629;816,-3.2494276402771565E-5
3,75;492;629,3.249374963075369E-5
3,218;424;694,-3.249316060427998E-5
3,186;251;571,-3.249285507426887E-5
3,44;201;901,-3.24927927402011E-5
3,262;445;960,-3.249188282398839E-5
3,64;430;716,-3.2488778544730134E-5
3,271;545;564,3.248446676972773E-5
3,14;383;473,3.2471783309998056E-5
3,230;355;412,-3.2469573901372047E-5
3,652;846;875,3.246232360947293E-5
3,59;135;603,3.245970427985813E-5
3,302;387;573,3.2456000772953644E-5
3,170;609;619,-3.2449808258867774E-5
3,292;510;774,3.244385066651687E-5
3,386;533;764,-3.2423769663700324E-5
3,337;665;840,3.242071837087396E-5
3,105;314;424,3.2412554574455884E-5
3,621;743;943,3.2399488291785755E-5
3,57;682;838,3.2394467216960435E-5
3,105;218;694,-3.239408402113397E-5
3,367;652;884,3.237107601425332E-5
3,235;615;684,3.235975532648364E-5
3,158;762;991,3.235625419322119E-5
3,13;526;548,3.235337420776318E-5
3,31;701;821,3.2349435077589236E-5
3,372;643;872,3.2344353427142465E-5
3,656;684;848,-3.232102003716324E-5
3,543;588;689,-3.23163080337424E-5
3,39;116;478,3.2307119234556616E-5
3,166;373;990,-3.230086859935022E-5
3,49;734;876,-3.2291607471060894E-5
3,581;612;917,3.229089871291466E-5
3,524;676;920,-3.228809046414434E-5
3,88;472;535,-3.225369032869831E-5
3,96;566;753,3.2250808853395E-5
3,272;690;972,-3.223653414371566E-5
3,41;303;419,-3.2221877347559615E-5
3,32;589;656,3.22174385391282E-5
3,151;794;999,3.220405447627253E-5
3,257;310;665,-3.218275096218394E-5
3,270;753;775,-3.2178411075580804E-5
3,138;477;650,-3.216024156050659E-5
3,183;229;757,-3.2152169836385366E-5
3,53;329;577,-3.213257100095538E-5
3,182;330;944,3.2131693757993986E-5
3,405;511;535,3.2130349155625736E-5
3,34;416;523,3.212858594957009E-5
3,29;205;370,3.2107565624082886E-5
3,326;639;989,-3.2097085692073325E-5
3,12;863;992,-3.209366727901156E-5
3,89;109;155,-3.209193481361747E-5
3,317;336;604,3.209174661590564E-5
3,303;419;505,3.2080740024866274E-5
3,68;368;662,-3.206646715160593E-5
3,87;583;770,-3.204548805063834E-5
3,10;388;677,-3.204221148064096E-5
3,49;94;401,-3.2039204569836544E-5
3,84;245;408,3.203396270555982E-5
3,335;588;934,3.203265390164827E-5
3,309;352;427,-3.20266532903805E-5
3,29;414;566,-3.2022795296822395E-5
3,186;251;392,-3.2022753574949796E-5
3,195;656;786,-3.199341363312285E-5
3,215;911;939,3.197402170494768E-5
3,464;541;797,3.195710962593899E-5
3,157;333;881,-3.1954784632569955E-5
3,381;634;674,3.19250944050628E-5
3,603;633;666,-3.189727497591033E-5
3,225;649;730,-3.188761447731428E-5
3,86;435;996,3.188570002958942E-5
3,382;457;774,3.187613760466445E-5
3,167;665;840,-3.186536800286168E-5
3,14;176;944,3.1861911102768364E-5
3,450;552;989,-3.185753978681653E-5
3,168;195;830,-3.183522897386194E-5
3,23;438;770,3.182854835126391E-5
3,158;557;566,3.1826180827699755E-5
3,199;676;875,3.180540311234216E-5
3,848;907;963,-3.1800785316305E-5
3,315;399;711,-3.180062256209036E-5
3,9;616;818,3.179022433331927E-5
3,499;563;671,3.1785591298137435E-5
3,61;152;278,-3.177263203008129E-5
3,134;409;619,-3.1766963532255394E-5
3,185;269;898,-3.1758975856754883E-5
3,47;77;169,3.175760437243161E-5
3,324;564;888,3.1757493237545135E-5
3,341;708;717,3.175333307237924E-5
3,227;359;524,3.172963653567082E-5
3,103;505;794,-3.171604483361427E-5
3,404;892;947,-3.169717493878664E-5
3,44;437;536,3.1695759457181836E-5
3,614;800;929,-3.169530806836298E-5
3,427;491;974,-3.1686949778132215E-5
3,62;462;967,3.167750105125168E-5
3,109;749;838,3.1666191758090795E-5
3,16;226;761,-3.166500375553916E-5
3,561;672;701,3.166457912574707E-5
3,231;770;990,3.163397745100955E-5
3,154;498;725,-3.163111534419989E-5
3,265;451;545,-3.162898736543511E-5
3,21;412;532,-3.1621373399903975E-5
3,246;739;899,3.161961668462136E-5
3,44;630;905,-3.16122571389662E-5
3,370;634;950,-3.161197223917601E-5
3,561;661;995,3.159987374711887E-5
3,89;434;569,-3.159950897583354E-5
3,41;142;303,3.1594566196226476E-5
3,114;454;692,3.1577236606622925E-5
3,73;354;892,3.157208387119065E-5
3,39;145;816,-3.156588972174469E-5
3,109;924;937,3.1563181634589696E-5
3,300;315;516,-3.15629668713292E-5
3,289;661;871,3.156282844186754E-5
3,194;283;336,3.1558271805408786E-5
3,191;235;615,-3.1557908285635624E-5
3,522;739;918,3.155557394545136E-5
3,319;847;981,3.151833657136713E-5
3,81;658;679,3.1502967027863565E-5
3,169;408;687,3.150225811675097E-5
3,47;384;919,-3.149734666801992E-5
3,78;357;398,-3.148659685425112E-5
3,434;636;888,-3.147838439053115E-5
3,245;324;588,3.1478312423595837E-5
3,128;300;315,3.143601203167125E-5
3,469;482;592,3.1432580545252455E-5
3,123;618;718,3.143229374906761E-5
3,308;377;626,3.142569791519358E-5
3,49;876;907,-3.1413283410619346E-5
3,666;845;968,3.141016429995982E-5
3,179;497;869,-3.140622896781098E-5
3,53;318;696,3.1399825006731295E-5
3,91;305;547,3.139439417218447E-5
3,172;192;805,3.138455042741717E-5
3,25;211;316,3.138256682037637E-5
3,119;609;810,3.1362008356776455E-5
3,23;499;563,-3.136180558861176E-5
3,392;571;723,3.135790099866323E-5
3,195;305;427,3.134044105988308E-5
3,136;285;497,-3.131910914299182E-5
3,346;759;893,3.131186079818345E-5
3,64;222;744,-3.130672028413903E-5
3,8;332;741,-3.1305153306044847E-5
3,494;766;843,3.130265091974609E-5
3,140;471;826,3.129990043116526E-5
3,116;401;923,3.129927604506679E-5
3,448;562;609,-3.12964097440414E-5
3,80;461;771,-3.129541173359886E-5
3,730;784;954,3.1284495703848324E-5
3,85;194;331,-3.127488055867566E-5
3,263;664;947,3.126205040235414E-5
3,214;230;808,-3.123898985659094E-5
3,738;776;823,3.123219471090917E-5
3,135;499;768,3.123194429936809E-5
3,302;535;816,-3.123172116437647E-5
3,134;784;824,3.122653398205413E-5
3,603;783;984,3.122643592754539E-5
3,88;467;765,-3.121486019194946E-5
3,44;570;946,3.120873958685234E-5
3,25;92;727,3.120411526489753E-5
3,73;317;604,3.1186706626550536E-5
3,719;730;901,3.11793095722716E-5
3,317;539;701,3.1178969006292624E-5
3,397;649;735,-3.11765668499863E-5
3,129;571;765,-3.1170905372511555E-5
3,155;440;965,3.1163619716484326E-5
3,646;797;915,3.116175993865839E-5
3,325;467;832,-3.1160262743126064E-5
3,684;731;922,3.115843757364416E-5
3,130;145;816,-3.112252015603574E-5
3,264;491;697,3.1119970492225874E-5
3,62;748;973,-3.111859839648239E-5
3,576;884;980,-3.11180527196462E-5
3,691;793;970,-3.1118010379461894E-5
3,729;844;946,-3.111516978955609E-5
3,233;484;856,-3.110945729830368E-5
3,199;775;905,-3.110877573349841E-5
3,260;469;967,3.1099701712719156E-5
3,369;502;985,3.1095996232569556E-5
3,359;404;787,3.1087345061887195E-5
3,66;241;872,-3.107990609466002E-5
3,592;627;843,3.107577539483421E-5
3,75;234;880,3.1060001737491164E-5
3,438;751;971,3.1053439292083316E-5
3,162;214;328,-3.104740022989291E-5
3,251;800;918,3.104662649042E-5
3,304;487;961,-3.1044432702714435E-5
3,702;780;789,3.104282264541176E-5
3,345;657;800,-3.1032584433008204E-5
3,47;359;483,-3.1022505429714495E-5
3,442;552;989,-3.101815410993372E-5
3,63;691;890,-3.100553459765065E-5
3,306;765;995,3.100466210729846E-5
3,144;207;546,-3.099801780693731E-5
3,12;44;123,-3.0987123421881276E-5
3,137;619;880,3.098523142150474E-5
3,405;822;992,-3.098481136209498E-5
3,317;542;662,-3.097379280838599E-5
3,0;331;401,-3.097201822465378E-5
3,731;801;839,-3.0966452198781276E-5
3,186;519;959,-3.096560541176683E-5
3,495;745;826,3.0963227080860146E-5
3,212;754;959,3.095075477299554E-5
3,536;595;896,3.093505194755972E-5
3,16;345;353,-3.093384404414401E-5
3,417;879;984,-3.092821691636685E-5
3,488;592;986,3.0916129028205255E-5
3,444;514;628,3.090375001813893E-5
3,367;521;612,-3.0903633372815755E-5
3,208;230;837,-3.088940863268963E-5
3,150;259;985,-3.088252102538312E-5
3,64;592;777,-3.0868964525108196E-5
3,220;420;881,-3.0866155673750006E-5
3,206;815;896,-3.085779803942112E-5
3,229;248;571,3.082715076970397E-5
3,605;627;808,-3.082447240562868E-5
3,4;122;873,-3.0824146460540136E-5
3,143;184;454,-3.082110354168938E-5
3,140;355;394,-3.0817964342126586E-5
3,79;371;856,-3.081634047408198E-5
3,293;484;802,-3.081431360994911E-5
3,146;255;780,3.0800709598735447E-5
3,337;390;665,-3.0793304792001304E-5
3,564;742;888,3.07826214687679E-5
3,466;816;963,3.077258067334491E-5
3,34;296;832,-3.077169023093254E-5
3,116;219;389,3.0755263044584994E-5
3,237;596;660,3.0748629129393754E-5
3,454;699;933,3.0746151267396904E-5
3,46;350;606,-3.074225608992229E-5
3,347;576;884,3.072414538865646E-5
3,65;542;650,3.072148634922712E-5
3,35;110;932,-3.0713495561842534E-5
3,622;712;927,-3.0702515544624025E-5
3,291;670;806,3.0702153235391734E-5
3,302;339;629,3.068933297203673E-5
3,115;428;464,3.0687269034687865E-5
3,363;374;995,3.06835279762023E-5
3,173;432;972,3.06813119118102E-5
3,382;457;807,-3.067462427483124E-5
3,88;541;897,-3.067282842190843E-5
3,298;428;604,3.0657999892083425E-5
3,510;679;808,-3.0657977331617804E-5
3,206;259;814,3.065767597466184E-5
3,472;554;654,3.0655739198834213E-5
3,6;621;909,-3.063450237149188E-5
3,387;443;502,-3.06193611469839E-5
3,337;500;517,3.060460631811371E-5
3,194;331;499,-3.059456138660824E-5
3,27;461;722,-3.0593145357514453E-5
3,182;864;912,-3.058540612717266E-5
3,25;316;859,3.057438256778846E-5
3,16;353;585,3.056415887637878E-5
3,70;238;709,-3.05599283640862E-5
3,178;201;901,3.0558239798551446E-5
3,449;482;541,-3.0554562564756544E-5
3,114;477;807,3.05526923307369E-5
3,155;312;362,3.05518186441869E-5
3,665;901;904,-3.055076797600405E-5
3,42;420;681,3.054858918313972E-5
3,507;589;656,-3.0547285469377714E-5
3,564;908;923,-3.053859755792545E-5
3,24;353;933,3.053323860927818E-5
3,92;223;517,3.0526118976934274E-5
3,179;352;666,3.052199073691696E-5
3,191;545;615,-3.052108385923392E-5
3,67;256;584,-3.051321472163932E-5
3,220;420;611,3.0509152761186996E-5
3,289;447;922,-3.0506676251749754E-5
3,386;532;689,-3.0501619761293967E-5
3,516;630;905,3.0498693245448946E-5
3,54;151;917,-3.0494582693480326E-5
3,247;407;924,-3.049130540628209E-5
3,5;53;817,3.048972855573571E-5
3,170;295;619,-3.0476926034693332E-5
3,14;176;628,3.0470377983682776E-5
3,374;693;930,3.0468974707885663E-5
3,242;469;828,-3.044781982658956E-5
3,118;932;938,3.0430910290138262E-5
3,333;611;675,-3.0427569296992274E-5
3,123;443;911,-3.0411271429738858E-5
3,7;231;728,-3.0410286875221073E-5
3,222;628;633,3.0402482502457657E-5
3,674;704;772,-3.039704771953726E-5
3,15;66;319,3.038886999540489E-5
3,344;812;927,-3.0370638143616267E-5
3,388;589;882,-3.0368291940010603E-5
3,211;955;966,3.0366415551951987E-5
3,123;778;854,3.0362771879816745E-5
3,485;910;958,3.0362356652960513E-5
3,14;500;958,-3.0351184412605098E-5
3,60;145;556,-3.035021822630676E-5
3,17;271;834,-3.0333519440811147E-5
3,446;561;636,-3.0321547949943523E-5
3,226;517;658,3.030884836535052E-5
3,426;815;896,-3.0304253215346826E-5
3,63;417;580,3.030295474452839E-5
3,510;677;679,3.0299634625028627E-5
3,182;924;994,3.0286072324653835E-5
3,850;859;889,3.02783455887612E-5
3,323;330;944,-3.027049273628988E-5
3,2;125;312,3.025564331401534E-5
3,18;903;951,3.0251397352887937E-5
3,416;800;929,-3.025123116950475E-5
3,29;174;370,-3.023113912105557E-5
3,524;676;725,3.0226801763990125E-5
3,116;161;918,-3.0225735275122505E-5
3,129;207;964,-3.022007807700053E-5
3,163;732;845,3.0209912673862817E-5
3,117;583;880,3.020024259295169E-5
3,188;604;853,-3.0198114344478003E-5
3,369;564;917,-3.019079781287731E-5
3,153;428;502,-3.0187084284581648E-5
3,559;641;875,-3.0175871166366525E-5
3,93;577;770,3.0164892127383436E-5
3,367;830;851,3.0152905845741196E-5
3,56;474;618,-3.014705930431946E-5
3,119;379;518,-3.014547734647592E-5
3,36;405;816,-3.0143156598623974E-5
3,363;483;690,-3.0141356432426537E-5
3,167;259;734,3.0137978845478E-5
3,179;636;993,3.0124282538164053E-5
3,32;620;856,-3.0122987428180075E-5
3,179;279;666,-3.0119904846657394E-5
3,172;601;976,-3.0117893921016646E-5
3,56;248;474,-3.0113188867239164E-5
3,123;538;818,3.0108761831179325E-5
3,6;672;909,-3.0105031560514944E-5
3,442;619;838,-3.0103092983226268E-5
3,593;762;991,3.0077375686936323E-5
3,84;826;977,3.0077041462805757E-5
3,116;161;710,3.0073704442359684E-5
3,295;452;643,-3.005862208832644E-5
3,149;311;792,-3.005829458500108E-5
3,315;602;823,-3.0054316691180825E-5
3,665;733;966,-3.005386404836116E-5
3,10;177;383,3.0043909732035092E-5
3,43;82;104,3.0042231414355914E-5
3,102;800;931,-3.003868132110831E-5
3,431;602;988,3.0030432795264808E-5
3,97;342;746,-3.0029402929445912E-5
3,399;766;884,3.0027380506954835E-5
3,13;474;797,3.002725993663448E-5
3,255;476;780,-3.0026120719436265E-5
3,219;443;459,-3.0015516265380353E-5
3,464;475;521,3.0006913618887575E-5
3,35;261;546,-2.9997557746701855E-5
3,49;401;923,-2.999428993097458E-5
3,406;667;684,-2.9989103280446184E-5
3,32;390;856,-2.9986610731526784E-5
3,249;625;795,-2.998382507704344E-5
3,468;618;893,-2.9965784729061244E-5
3,254;383;939,2.9959992617652182E-5
3,12;123;854,2.995678195315408E-5
3,170;383;767,2.995536977468129E-5
3,155;255;516,-2.9947400634623465E-5
3,180;865;957,-2.993277036879961E-5
3,249;770;862,2.991007667879869E-5
3,277;711;717,2.9901670703054883E-5
3,191;619;866,2.9881371214161837E-5
3,136;497;954,-2.987609820684724E-5
3,286;405;621,-2.986750728119494E-5
3,62;462;724,-2.9864778742954105E-5
3,2;283;525,-2.986193409036333E-5
3,15;52;967,-2.9857464028351543E-5
3,308;446;794,-2.9854320485849474E-5
3,8;48;193,-2.9848924914397603E-5
3,552;707;753,2.98364336584989E-5
3,224;787;797,-2.9835471852198672E-5
3,160;450;526,2.9826275450028084E-5
3,541;694;822,2.9825934934773958E-5
3,122;244;327,-2.9823685639787505E-5
3,64;510;677,2.981916313666012E-5
3,347;884;980,2.9818793024678695E-5
3,533;681;771,-2.981591346507603E-5
3,227;352;746,-2.980770543205027E-5
3,146;666;780,2.980575658291001E-5
3,24;171;933,-2.97981128018973E-5
3,882;883;908,-2.979784458776638E-5
3,118;387;798,2.9785670364842992E-5
3,136;252;720,-2.9759354402954297E-5
3,179;181;973,2.9758636161195447E-5
3,21;124;278,2.9746537345495813E-5
3,532;699;996,-2.9736378121314307E-5
3,324;625;774,-2.9733644879332295E-5
3,293;802;844,2.9733044989900096E-5
3,734;944;985,2.9726824000736292E-5
3,126;433;770,2.972008022983509E-5
3,241;734;876,-2.9717623819990178E-5
3,624;871;887,2.9715530370646838E-5
3,176;568;792,-2.971262977279264E-5
3,77;548;615,-2.9703904474091757E-5
3,848;924;937,-2.969496656765979E-5
3,3;138;456,2.9690358282942663E-5
3,162;628;944,-2.9681061192311437E-5
3,373;698;971,-2.9679318845185614E-5
3,65;169;841,2.966295885085052E-5
3,74;547;962,-2.9642530385725623E-5
3,485;844;927,-2.9635864919796168E-5
3,316;334;761,2.9635540570405364E-5
3,106;680;737,2.962882869212601E-5
3,291;793;809,-2.9624450165812196E-5
3,155;242;289,2.961148284343864E-5
3,141;222;525,2.960958040403039E-5
3,440;517;597,-2.9608854717144227E-5
3,306;678;794,2.9606592016699363E-5
3,139;194;549,-2.9602132513900378E-5
3,495;504;596,2.958828531012452E-5
3,203;463;859,2.9542698544357316E-5
3,243;594;693,-2.9534631383626414E-5
3,213;521;612,2.952337809249589E-5
3,290;435;943,-2.9513138803053913E-5
3,291;691;793,2.950662852676516E-5
3,436;494;852,-2.9504246366500653E-5
3,146;721;831,-2.950365965517003E-5
3,417;567;885,-2.9496123021036544E-5
3,164;458;649,-2.9494585522797835E-5
3,227;737;941,-2.947809614074734E-5
3,307;434;974,2.9458580221369873E-5
3,111;624;896,-2.943999100512727E-5
3,151;224;549,-2.943968813565332E-5
3,277;558;997,-2.9428786421018455E-5
3,64;94;744,-2.942179911105317E-5
3,281;684;956,-2.942142381151431E-5
3,44;247;536,-2.942016504794997E-5
3,31;821;998,2.9413867996940746E-5
3,316;510;774,2.941027144943645E-5
3,165;337;966,2.9402986732010994E-5
3,358;428;912,2.940131227831723E-5
3,17;252;504,2.9387348712348953E-5
3,286;528;753,2.9380123677863046E-5
3,560;597;982,2.9374231150939735E-5
3,21;401;934,-2.935600029805888E-5
3,46;860;987,-2.935175094745399E-5
3,482;578;607,-2.9344562285527677E-5
3,44;704;949,2.9332888144058697E-5
3,46;527;574,2.932963357629145E-5
3,375;783;876,-2.9325305382749553E-5
3,12;654;931,-2.932468097036749E-5
3,95;817;841,2.9318444141313523E-5
3,227;405;524,2.931107662203201E-5
3,79;525;538,-2.930962293393725E-5
3,222;525;530,2.9284336021992853E-5
3,141;483;735,2.9249638318927226E-5
3,388;404;882,2.9247244290120406E-5
3,603;613;907,2.924697546254019E-5
3,208;596;846,2.9229302925351626E-5
3,541;703;879,2.922715643442004E-5
3,216;819;847,-2.9215661310178453E-5
3,425;466;696,2.921073942716318E-5
3,426;433;754,-2.9206001184813096E-5
3,245;428;604,2.920583438376656E-5
3,386;532;726,-2.920173868601549E-5
3,155;256;922,2.9200763035137663E-5
3,174;453;899,2.9194484159719198E-5
3,125;434;655,2.919184876639642E-5
3,150;499;769,-2.9191528620357325E-5
3,59;751;940,-2.9186806471609676E-5
3,49;639;697,-2.918430354609417E-5
3,465;556;992,2.9182726866281373E-5
3,164;473;948,2.9182305494103572E-5
3,54;214;335,-2.9159710273490434E-5
3,208;882;883,-2.91449773973914E-5
3,256;688;862,-2.9133662590498883E-5
3,107;390;856,-2.912815241848098E-5
3,44;430;963,-2.9117946594255053E-5
3,338;343;925,-2.9117755982539707E-5
3,95;567;958,2.911739628713267E-5
3,243;400;425,2.9112702198382894E-5
3,95;567;570,-2.9101852380770104E-5
3,175;326;488,-2.909579389052688E-5
3,125;434;843,2.9090581083846867E-5
3,130;398;576,-2.9087809136842205E-5
3,353;372;872,2.9082048826330176E-5
3,159;341;600,2.908073538121359E-5
3,292;428;464,-2.9079893748150636E-5
3,65;341;618,-2.907824969370872E-5
3,45;106;433,2.9072037197708667E-5
3,277;475;524,-2.906235646967188E-5
3,180;195;393,-2.9054423907908237E-5
3,173;432;592,2.9042872641386012E-5
3,206;302;815,2.9038310037345632E-5
3,439;487;582,-2.9037415970604295E-5
3,184;320;623,2.903351669806162E-5
3,840;977;989,2.903264998131033E-5
3,355;506;882,-2.9007849808213977E-5
3,76;587;660,-2.9004638409539723E-5
3,461;722;758,-2.900339913803119E-5
3,394;644;994,-2.8994639979491077E-5
3,234;525;555,-2.8992057942609823E-5
3,400;650;857,-2.8991218970227608E-5
3,171;538;788,-2.8968474594968246E-5
3,139;515;817,2.8967476411174226E-5
3,242;289;745,-2.8964250267760108E-5
3,97;406;503,-2.8954182118678727E-5
3,863;867;883,-2.8937745660524013E-5
3,340;696;840,2.8936867654958913E-5
3,21;654;991,2.893360741822044E-5
3,239;499;769,-2.892669653106039E-5
3,327;338;385,2.8909674157121967E-5
3,116;404;787,-2.890360750324162E-5
3,252;655;705,2.8900880745947478E-5
3,302;339;535,2.889915581626896E-5
3,559;671;949,-2.889657147161002E-5
3,248;360;474,2.888106372746856E-5
3,44;452;570,2.888018498289366E-5
3,641;872;875,-2.8870344458495103E-5
3,187;272;495,-2.8865335989092335E-5
3,312;404;889,-2.88631336825016E-5
3,204;426;495,-2.8847105255141097E-5
3,17;166;834,-2.8815552293263997E-5
3,157;587;825,2.88053872088346E-5
3,262;587;848,2.880058888526784E-5
3,504;624;896,2.8799027716797275E-5
3,439;515;545,2.8794361867008058E-5
3,299;370;915,2.8777780006082618E-5
3,428;468;891,2.8763239864687305E-5
3,2;62;315,2.8762616847994518E-5
3,374;404;882,-2.875535361178051E-5
3,238;324;988,2.8751809983151595E-5
3,589;889;928,2.873104522545893E-5
3,43;124;451,2.87287478863016E-5
3,448;535;540,-2.8718371858201626E-5
3,90;264;341,-2.8703734172555394E-5
3,27;213;758,2.8702515774563884E-5
3,100;103;788,-2.8699335502153265E-5
3,455;605;911,2.869720231174888E-5
3,137;619;935,-2.8695480184482643E-5
3,323;409;619,-2.867167054063565E-5
3,462;772;781,2.867004810208729E-5
3,124;629;994,-2.866456524738909E-5
3,267;467;883,2.8659986566707195E-5
3,549;748;859,-2.8659513380126968E-5
3,199;443;875,-2.865194801434124E-5
3,269;343;898,2.8641381108743822E-5
3,780;789;900,-2.8639166781953385E-5
3,154;418;847,2.8632848935730185E-5
3,261;739;971,2.862924231841184E-5
3,52;447;646,2.8625265540170118E-5
3,245;588;758,-2.860516800558185E-5
3,654;847;935,2.8601180084256544E-5
3,216;621;857,-2.859252831681294E-5
3,58;78;789,-2.859199868322778E-5
3,721;826;977,-2.8582127753477883E-5
3,260;338;526,-2.8568086104010594E-5
3,440;596;690,-2.8554242551177593E-5
3,151;357;468,-2.85539623266292E-5
3,572;804;831,2.8552626189530564E-5
3,640;748;859,-2.8544874048494165E-5
3,204;601;603,-2.8538827032270606E-5
3,373;533;722,-2.8531151256308305E-5
3,71;400;747,2.847212606861032E-5
3,139;309;907,-2.8461821522262995E-5
3,251;392;723,2.845459373327066E-5
3,497;666;869,-2.8449059071635968E-5
3,243;553;901,2.844703108230031E-5
3,288;743;884,-2.84439516658177E-5
3,219;666;744,-2.8435901999327123E-5
3,298;747;906,-2.841311636682036E-5
3,118;218;772,-2.8401345173361327E-5
3,428;464;522,-2.8393483217543166E-5
3,43;347;992,2.8385296139747195E-5
3,49;290;582,-2.8381886194400592E-5
3,46;350;392,2.8378012029973123E-5
3,213;595;799,-2.8374635646257472E-5
3,77;184;853,-2.8368808271609826E-5
3,562;565;647,2.8338986402988338E-5
3,103;564;918,2.832038141677144E-5
3,47;77;533,-2.831175766228359E-5
3,164;174;297,-2.8308485318454228E-5
3,152;322;584,-2.830688348972726E-5
3,117;297;580,-2.8296090262490253E-5
3,270;752;764,2.82885360015209E-5
3,439;487;664,-2.828835471678342E-5
3,77;533;966,-2.8282372908092424E-5
3,304;632;642,-2.827397210808037E-5
3,356;387;854,2.8269894875927906E-5
3,425;664;860,2.8258946607010557E-5
3,57;831;838,2.8254549037571044E-5
3,170;282;767,2.8253493214170797E-5
3,137;203;303,-2.825107777408278E-5
3,483;767;845,-2.8239442431117504E-5
3,612;729;771,-2.823569778272955E-5
3,134;323;409,2.8212332688038404E-5
3,295;509;742,-2.8199553638370367E-5
3,690;763;811,2.8190090339857305E-5
3,115;292;464,-2.8180744174080215E-5
3,219;336;745,2.8166978241228915E-5
3,317;336;710,2.8158426039689788E-5
3,138;141;194,2.8154751645883008E-5
3,384;496;660,-2.8146345834873784E-5
3,202;804;892,2.8140481124882032E-5
3,220;615;664,2.812762215430298E-5
3,608;909;917,2.8121591567466024E-5
3,351;497;954,2.811889502052079E-5
3,253;585;661,2.8111401763804072E-5
3,218;297;489,-2.810639296814088E-5
3,40;466;576,2.8098564352480923E-5
3,90;470;650,-2.808918626031809E-5
3,646;741;988,2.8078655024321907E-5
3,170;295;901,2.8073181199630472E-5
3,219;296;895,-2.8065703751212758E-5
3,199;624;986,-2.8051385473990946E-5
3,165;466;819,-2.8047277929118767E-5
3,614;737;880,-2.8040437522659615E-5
3,523;544;949,2.803753972754801E-5
3,350;469;919,2.802720859310859E-5
3,189;332;674,2.8015537643149993E-5
3,194;287;305,2.8013184883315723E-5
3,160;450;785,-2.800647686401578E-5
3,259;496;848,-2.8001917648589127E-5
3,201;573;668,2.7999347889920102E-5
3,541;578;607,2.7984489680690733E-5
3,54;350;919,2.7961451446370987E-5
3,593;757;796,2.7954981264780796E-5
3,178;383;555,2.7953870906580256E-5
3,18;155;819,2.795245503517158E-5
3,62;329;633,2.7951997136043982E-5
3,266;359;405,-2.794568505516381E-5
3,150;611;620,2.7938136039526126E-5
3,6;844;970,2.7932482113002437E-5
3,635;739;899,-2.7925705230479596E-5
3,267;474;680,2.7920726036406065E-5
3,40;55;239,-2.791638031956442E-5
3,46;83;606,-2.7914857171284412E-5
3,51;145;565,-2.7899878609352423E-5
3,288;801;966,-2.7898838210518142E-5
3,377;572;802,2.789589936415222E-5
3,214;386;533,-2.7893248170501072E-5
3,122;265;873,2.788060639865036E-5
3,340;840;919,-2.7879618191909442E-5
3,160;406;792,-2.787285284010137E-5
3,29;205;224,2.787044402191506E-5
3,483;767;981,-2.78682901734818E-5
3,187;404;652,-2.7864747117704287E-5
3,74;402;513,2.7864058591516173E-5
3,21;220;991,2.785976994378871E-5
3,83;94;746,2.7844500369242994E-5
3,358;489;604,2.7837385100237904E-5
3,2;62;525,2.7833226942353825E-5
3,120;406;792,2.7833094847231525E-5
3,101;146;831,2.7831802662875322E-5
3,159;320;548,2.782550213308068E-5
3,103;446;505,-2.7805033963204667E-5
3,516;630;893,-2.780184669692753E-5
3,353;482;585,-2.7795202109018422E-5
3,159;199;376,2.7783797441565257E-5
3,129;163;838,-2.7780937118925436E-5
3,442;838;981,2.7775560539903198E-5
3,848;875;883,-2.7770605132445048E-5
3,748;859;866,-2.7769253973891276E-5
3,90;310;706,-2.776121580324368E-5
3,294;302;641,2.7752050950789596E-5
3,48;276;899,-2.7748160200369595E-5
3,523;684;699,-2.772559125995857E-5
3,25;264;898,-2.7721956348451478E-5
3,26;744;846,2.7717239554326536E-5
3,261;393;927,-2.7714923971201304E-5
3,323;714;944,2.771410567871435E-5
3,44;82;729,2.7710767452374377E-5
3,246;635;739,-2.770668245716388E-5
3,191;464;866,2.77066062725769E-5
3,223;313;426,2.769599596749524E-5
3,317;432;454,2.7695837675623475E-5
3,97;503;626,-2.7684765139408105E-5
3,404;460;631,-2.767758272918716E-5
3,762;801;996,-2.767490901120803E-5
3,252;343;898,2.7655391518906063E-5
3,362;459;929,-2.7648150669834902E-5
3,351;663;992,-2.7638789035960134E-5
3,48;639;753,2.763799030148933E-5
3,732;789;967,2.762408071110721E-5
3,480;520;617,-2.761985631189668E-5
3,306;561;765,2.7613848054485738E-5
3,121;467;768,2.7608163191118354E-5
3,121;346;493,-2.76077276489232E-5
3,179;670;897,2.7603913724792633E-5
3,22;553;655,2.7603674916011804E-5
3,176;354;800,-2.7601323489689705E-5
3,189;539;930,2.7600897454081445E-5
3,68;443;744,2.7591019483638336E-5
3,144;168;321,2.7567527652316963E-5
3,332;646;988,-2.7556950753842105E-5
3,313;424;952,-2.7556081023794307E-5
3,74;288;732,-2.7555551499773004E-5
3,21;43;650,-2.755470659957204E-5
3,271;647;712,-2.7548906740857438E-5
3,208;655;882,2.7548133335960238E-5
3,362;739;918,2.7541755037706507E-5
3,17;41;252,-2.753499319959874E-5
3,355;394;506,-2.752645838141275E-5
3,127;321;760,-2.7523923562497787E-5
3,78;101;600,2.7514056015463133E-5
3,265;367;618,2.74959418954306E-5
3,194;331;511,2.7492967339083E-5
3,313;818;914,2.7472355657104798E-5
3,59;594;615,-2.7471443393136106E-5
3,65;289;590,2.7457154933898896E-5
3,119;283;810,-2.745016678984658E-5
3,497;520;808,-2.7444026703497585E-5
3,109;753;838,2.7427365414857512E-5
3,259;467;768,2.740769338143697E-5
3,11;229;668,2.7400185716929836E-5
3,114;143;477,2.739313188882229E-5
3,181;215;285,-2.738606092625455E-5
3,80;461;851,-2.7381997898402414E-5
3,420;752;846,2.7377861764456885E-5
3,261;422;824,-2.7377619251850043E-5
3,39;478;631,2.7371552998836013E-5
3,96;265;451,2.73700768751037E-5
3,455;911;971,2.736255354516575E-5
3,160;526;638,2.7359782266147153E-5
3,541;627;694,2.7352742280286565E-5
3,146;836;936,-2.7351196333006737E-5
3,152;572;789,-2.7345801587125534E-5
3,473;885;926,-2.7341529164516975E-5
3,199;414;483,-2.7340992209467246E-5
3,43;470;545,2.7326124347071396E-5
3,255;435;717,2.7319277242551545E-5
3,70;283;642,2.7310217023076696E-5
3,267;338;718,-2.7306007964259368E-5
3,167;390;840,-2.729743053671151E-5
3,139;707;988,-2.7295842023127667E-5
3,56;360;474,-2.7285029383475434E-5
3,140;394;506,2.7283271191597044E-5
3,305;630;662,2.7280271222998782E-5
3,207;500;546,2.7279410143886018E-5
3,378;684;743,2.7276887963152156E-5
3,257;310;706,2.7272009957151164E-5
3,245;926;947,-2.7271498012607695E-5
3,402;701;899,2.7269041315430243E-5
3,151;187;224,-2.7266230090881853E-5
3,822;899;928,2.725905281287527E-5
3,221;898;968,2.7253029116627158E-5
3,118;387;765,-2.7251688855673872E-5
3,91;322;918,-2.725044567053429E-5
3,220;881;925,2.7248949229821733E-5
3,483;768;855,2.724418192266756E-5
3,38;299;370,2.724248251254472E-5
3,18;690;819,2.7241982541805118E-5
3,404;889;930,-2.724061566719624E-5
3,227;266;524,2.7231650176209943E-5
3,351;663;809,2.7205360407919442E-5
3,545;564;917,-2.7192771080809568E-5
3,306;421;488,-2.71876435452173E-5
3,198;254;297,-2.717579837168572E-5
3,81;548;679,-2.7175757825769426E-5
3,279;730;901,-2.717229789800784E-5
3,269;366;582,-2.7157095835319455E-5
3,366;397;702,2.714617049737999E-5
3,467;545;950,2.7108983061401443E-5
3,133;134;747,2.7106359155089334E-5
3,87;322;521,-2.7104853189390756E-5
3,77;468;581,-2.7104448922786006E-5
3,52;191;909,2.7104207673545712E-5
3,391;775;945,-2.71039658323922E-5
3,125;711;815,2.7098328868659536E-5
3,609;802;976,2.709761925122183E-5
3,235;241;872,-2.709619515848792E-5
3,264;341;553,-2.7091279206658145E-5
3,57;89;282,2.7069767390431773E-5
3,166;373;556,2.7064945168067907E-5
3,241;468;560,2.7047461831109844E-5
3,63;244;457,2.7046756408665455E-5
3,766;899;992,2.7027250755097473E-5
3,732;762;967,-2.70250534175396E-5
3,194;413;674,-2.7022330678218965E-5
3,363;365;878,-2.6990550303249032E-5
3,170;382;457,2.697901159136706E-5
3,97;406;425,2.6978183923436256E-5
3,430;667;997,2.696711157983526E-5
3,390;665;840,-2.6964028628764586E-5
3,3;423;675,-2.6963759653209663E-5
3,258;423;961,-2.6923454874153873E-5
3,469;560;721,-2.6914150157735923E-5
3,359;478;562,2.691133082279253E-5
3,383;473;961,2.690470138525146E-5
3,284;709;862,-2.6891540846083374E-5
3,564;904;943,2.6878168467743813E-5
3,455;605;971,2.6868217892517954E-5
3,32;225;538,2.685832412806145E-5
3,121;467;593,2.683980525052969E-5
3,201;472;953,-2.683659394096236E-5
3,195;393;929,2.6832330686610487E-5
3,455;928;998,-2.682973429630325E-5
3,265;414;870,2.6805076458718803E-5
3,144;422;495,2.6802508983975086E-5
3,8;92;991,2.6797642120583763E-5
3,451;498;679,-2.6796736713411334E-5
3,62;329;464,-2.6795012088198637E-5
3,663;809;992,-2.6778098610581157E-5
3,340;491;743,-2.6772757098773306E-5
3,382;749;859,2.6764097773085082E-5
3,424;463;904,2.676059928230528E-5
3,67;256;587,-2.6753441106407066E-5
3,270;752;991,-2.675212699085887E-5
3,126;467;805,2.6750289819217348E-5
3,270;775;840,-2.672301779726657E-5
3,510;796;930,-2.6718242786137522E-5
3,236;617;635,2.67140348357344E-5
3,317;675;702,-2.6709243485649047E-5
3,89;282;560,-2.6707756607615285E-5
3,579;933;999,-2.670375819053446E-5
3,85;402;701,-2.6701809500330853E-5
3,283;644;647,-2.6698855538238894E-5
3,106;290;737,-2.669260512692206E-5
3,88;386;401,-2.6688981921438496E-5
3,373;577;804,2.6687056845721588E-5
3,367;652;663,2.6684394937431334E-5
3,495;955;966,-2.668382385169687E-5
3,24;81;939,2.667075929229973E-5
3,202;391;775,2.665295082758025E-5
3,210;432;676,2.6650294624413242E-5
3,148;150;961,-2.6637118278975213E-5
3,13;787;797,-2.6630770501664483E-5
3,355;879;884,2.6626824111741382E-5
3,16;32;111,2.660540464733172E-5
3,192;426;754,-2.6598452674938063E-5
3,39;272;891,-2.658814636825896E-5
3,261;267;467,2.6586027283466775E-5
3,121;254;542,-2.6585483364990754E-5
3,124;226;838,-2.65820731439075E-5
3,164;234;814,2.658147998283262E-5
3,338;543;759,-2.656711000206681E-5
3,354;675;892,-2.6561405119410432E-5
3,334;756;861,-2.6553689566522245E-5
3,100;171;538,-2.655264963107605E-5
3,5;202;804,-2.6536968266480884E-5
3,44;453;901,2.6525270440595012E-5
3,183;226;897,-2.6497860262315675E-5
3,35;252;491,2.649240940472539E-5
3,468;577;893,-2.6491158729299775E-5
3,24;26;308,2.6482674173077337E-5
3,65;504;799,2.6477254339451712E-5
3,88;292;342,-2.647649811358249E-5
3,35;53;369,2.646843996232963E-5
3,432;550;592,-2.6467962954044228E-5
3,279;395;871,-2.6456356355908888E-5
3,367;744;851,2.645074400780082E-5
3,161;719;900,2.642582949643885E-5
3,11;250;957,2.641856433012373E-5
3,208;473;922,-2.6397009742851706E-5
3,25;72;579,-2.639585076775812E-5
3,199;220;714,-2.6395084737079364E-5
3,41;362;869,-2.6390667319256802E-5
3,53;116;794,2.638501197897501E-5
3,165;809;819,-2.638286156258671E-5
3,82;373;764,-2.6382247915295686E-5
3,83;581;690,2.6381140561889643E-5
3,199;557;842,-2.637647656781101E-5
3,611;850;889,2.637432618136025E-5
3,262;284;883,2.637042181276958E-5
3,313;547;958,-2.6359519732183265E-5
3,291;809;970,2.635646548744551E-5
3,290;360;463,2.635594440964639E-5
3,548;560;597,2.6339206123968927E-5
3,409;621;918,2.6336302348284677E-5
3,560;767;851,2.6334820996196004E-5
3,400;688;908,2.6324935958373936E-5
3,206;549;754,2.6319013581111655E-5
3,517;597;683,2.631667483781136E-5
3,305;483;634,-2.629779276413458E-5
3,405;409;918,-2.626272517678905E-5
3,158;406;667,-2.6254913463456168E-5
3,186;571;723,-2.622817416066231E-5
3,201;731;801,2.6226043491164343E-5
3,376;527;692,-2.6219050509753566E-5
3,394;463;503,-2.621524065883903E-5
3,187;272;436,-2.620182967091306E-5
3,252;455;685,2.6179167006992052E-5
3,145;565;647,2.61760243008933E-5
3,59;480;520,-2.616179144742401E-5
3,270;753;894,2.614833510137028E-5
3,159;230;548,2.6137813343059512E-5
3,171;353;426,-2.613754903647449E-5
3,324;508;828,2.613217731076431E-5
3,252;658;820,2.6128203644234327E-5
3,411;528;774,-2.6118712412205105E-5
3,889;930;941,-2.6113812075368585E-5
3,192;557;716,2.6111006429619672E-5
3,636;692;782,-2.61098059084505E-5
3,73;336;710,-2.6106292236329E-5
3,340;713;840,-2.6103713542787865E-5
3,335;579;933,2.610152461859512E-5
3,26;50;218,2.6091682762323673E-5
3,72;579;606,-2.6086730861387134E-5
3,61;478;893,-2.6082724984649254E-5
3,434;867;883,-2.608147661826721E-5
3,45;272;433,-2.608090402585574E-5
3,153;585;661,-2.607890393641595E-5
3,474;742;942,-2.607155690326442E-5
3,133;192;747,2.6068432819068643E-5
3,561;691;867,-2.6053575400294048E-5
3,42;348;386,2.6051569368821762E-5
3,520;712;808,2.604722440514625E-5
3,470;552;753,-2.6045980173394115E-5
3,475;524;997,-2.6037788620278647E-5
3,30;91;965,-2.6031281441516565E-5
3,356;567;854,-2.602128792334617E-5
3,99;267;338,-2.6017862819517278E-5
3,292;316;510,2.6015375680836467E-5
3,468;894;902,-2.601210719877676E-5
3,245;247;359,-2.6005605371040832E-5
3,268;854;966,-2.600419964157784E-5
3,85;331;511,-2.600396713971618E-5
3,434;863;867,2.600181256696081E-5
3,70;216;857,2.5991999623534466E-5
3,863;883;920,-2.5980012968862585E-5
3,255;611;859,-2.5970129021299765E-5
3,139;340;869,2.596316319363943E-5
3,132;360;615,2.5946169417276383E-5
3,755;948;988,-2.5928490104140577E-5
3,187;652;875,2.5926149891696073E-5
3,164;458;830,-2.59246243101353E-5
3,269;344;781,2.5916327395777332E-5
3,592;685;721,2.591437228326403E-5
3,286;579;640,2.590091367948239E-5
3,38;438;837,2.589782178525307E-5
3,191;909;967,2.589362060606399E-5
3,305;443;932,2.5879807429537277E-5
3,63;117;417,-2.5875087819980294E-5
3,307;484;804,2.5867210912378723E-5
3,28;278;923,-2.586639187132949E-5
3,62;101;600,2.5850290164236908E-5
3,106;548;658,2.584804013278675E-5
3,63;244;988,2.5828685202142523E-5
3,208;792;922,2.58212627448781E-5
3,425;458;696,2.580427911532311E-5
3,208;230;293,2.5798837170004038E-5
3,287;305;445,-2.578903375711748E-5
3,88;535;765,2.578743603319774E-5
3,724;925;967,2.578235388933917E-5
3,165;744;857,2.5769886364669683E-5
3,4;146;831,-2.576956188048185E-5
3,247;720;872,-2.5768115223771975E-5
3,551;577;683,-2.5760263248488577E-5
3,19;292;531,-2.575355264317131E-5
3,6;381;772,2.5749859011207645E-5
3,700;767;981,-2.5725010316352893E-5
3,165;450;579,2.572012196488739E-5
3,245;298;428,-2.5719658651709263E-5
3,188;334;488,2.5714250507577052E-5
3,230;684;827,2.567381483945083E-5
3,84;528;721,2.5666180076202716E-5
3,367;505;884,-2.5662957533250792E-5
3,23;113;389,2.566103409529643E-5
3,47;656;919,2.5660864757648384E-5
3,413;674;769,-2.563299636254052E-5
3,17;160;201,-2.5625592557461326E-5
3,213;246;595,2.5589621709611766E-5
3,128;790;917,2.5584423397125016E-5
3,561;929;978,2.5580288259354496E-5
3,444;776;869,-2.5577869729004672E-5
3,42;50;54,2.5575069100079565E-5
3,466;548;812,2.5534887310253182E-5
3,450;579;596,-2.552042043157156E-5
3,5;353;834,2.5509456024282842E-5
3,70;216;621,-2.550031314272621E-5
3,67;328;553,-2.549979877599314E-5
3,624;887;920,2.5472490546174257E-5
3,141;317;432,2.5455937735494466E-5
3,24;939;950,2.5454454684157537E-5
3,118;423;564,-2.5445707846686418E-5
3,169;603;633,-2.5433223635249776E-5
3,110;850;932,-2.5432578948643674E-5
3,118;765;768,-2.5415410254811405E-5
3,286;528;955,2.5401008370490542E-5
3,211;495;966,-2.5396824955250696E-5
3,229;668;757,-2.5389738714840238E-5
3,288;401;865,2.5381508622054223E-5
3,178;284;945,-2.537360909599737E-5
3,540;688;862,-2.5370385783004533E-5
3,139;309;340,-2.5345949469205585E-5
3,79;179;608,2.5345653579226393E-5
3,640;702;832,2.5333871723939594E-5
3,203;738;907,2.5333813814940404E-5
3,119;913;992,-2.532328280884718E-5
3,275;290;800,2.5319300591293046E-5
3,6;621;672,-2.531704265970024E-5
3,216;363;847,2.5316754301696445E-5
3,262;395;617,-2.5314948511052533E-5
3,282;940;986,-2.5291821319715484E-5
3,269;475;509,2.5289737178604202E-5
3,502;561;686,-2.52880991527413E-5
3,189;416;523,-2.5278110364940312E-5
3,458;466;696,-2.5275518617348103E-5
3,524;628;633,-2.526631440077509E-5
3,235;524;662,-2.5260809454768545E-5
3,191;688;714,-2.525609492819676E-5
3,249;445;754,2.5252529776090555E-5
3,99;267;287,-2.5245911403459352E-5
3,446;526;688,2.5240035125622208E-5
3,654;715;847,-2.52319258100565E-5
3,103;308;505,-2.520042145983669E-5
3,185;252;269,2.519908449525318E-5
3,112;165;918,-2.519857363869571E-5
3,17;160;989,-2.5195549358565252E-5
3,286;392;504,-2.5195099879160784E-5
3,399;684;905,2.519014899295637E-5
3,43;91;820,2.5169957813161103E-5
3,128;592;843,2.5169552782270284E-5
3,309;352;491,2.5169544930363815E-5
3,225;730;797,-2.5148706361044594E-5
3,210;696;988,2.5134705889485634E-5
3,104;308;562,2.512728746108483E-5
3,170;184;828,-2.5126557101201396E-5
3,143;454;739,-2.512138734221046E-5
3,198;254;489,-2.5092889000517603E-5
3,425;458;466,2.5080629466657398E-5
3,153;585;983,2.507877616032723E-5
3,89;505;508,-2.5077892519454275E-5
3,311;792;875,-2.507349065400266E-5
3,62;600;789,-2.506448201875442E-5
3,356;717;977,2.5061943819153284E-5
3,428;475;935,2.5054544735955865E-5
3,540;688;730,-2.5053838651696756E-5
3,3;24;138,2.50507874837128E-5
3,330;410;735,2.5029186174920702E-5
3,272;504;690,2.502890876259553E-5
3,307;341;655,-2.5020162845729178E-5
3,199;688;714,-2.4993843366586737E-5
3,434;528;711,-2.498962099510058E-5
3,157;660;825,2.498339007205642E-5
3,37;898;968,-2.4982319880743532E-5
3,256;420;681,-2.4976418592170352E-5
3,453;531;610,-2.4968159872591564E-5
3,596;617;690,-2.495585600477322E-5
3,136;351;954,2.4949361995366592E-5
3,390;781;808,-2.4914066173198203E-5
3,412;532;875,-2.4892748959139948E-5
3,392;834;938,2.4887065258984063E-5
3,594;926;984,-2.488046821359058E-5
3,277;514;834,-2.4875480651023395E-5
3,330;649;735,-2.4875415138075146E-5
3,235;267;532,-2.48706478165923E-5
3,42;50;844,2.486299175641742E-5
3,178;210;681,-2.4853515349618114E-5
3,444;795;797,-2.4849676219677258E-5
3,353;753;834,-2.4841129487445558E-5
3,202;656;744,-2.4829097098278266E-5
3,35;110;850,2.4826465603511115E-5
3,749;801;996,2.4820769867805105E-5
3,305;542;662,-2.48204425763426E-5
3,163;634;944,-2.481918469849691E-5
3,373;577;950,-2.481683874952468E-5
3,482;680;703,2.481544037741977E-5
3,334;755;756,2.481038197821227E-5
3,709;738;862,-2.4809023879955318E-5
3,13;394;503,-2.4799186789760076E-5
3,101;721;831,-2.479447483822937E-5
3,124;629;694,2.479042094301328E-5
3,103;832;836,2.4777111573590323E-5
3,143;654;931,-2.477632298720781E-5
3,410;423;564,2.476475314805483E-5
3,507;666;799,-2.475289459933272E-5
3,16;732;789,2.4750681965791488E-5
3,160;466;762,2.473386624181349E-5
3,90;564;923,2.472882634660109E-5
3,46;526;851,2.472439099655566E-5
3,411;529;690,-2.4695072229792E-5
3,69;170;179,2.46823650386464E-5
3,349;682;819,2.4680122662848748E-5
3,745;767;851,-2.466950464805176E-5
3,211;243;315,-2.4651692105153345E-5
3,63;284;988,2.4639943989783185E-5
3,308;486;562,2.4620706054201502E-5
3,479;506;869,2.460998936294447E-5
3,340;491;912,2.4605125349194233E-5
3,900;923;934,-2.4599322265478252E-5
3,32;107;620,-2.458808986099932E-5
3,245;428;556,2.4587301888209703E-5
3,355;900;923,2.4587056761892445E-5
3,17;349;835,-2.4585608303434286E-5
3,821;939;969,-2.4578514462714384E-5
3,201;801;839,-2.457159963320845E-5
3,184;576;647,2.4566266774594516E-5
3,93;133;483,-2.4564105300546854E-5
3,141;530;741,2.455328049355521E-5
3,105;607;966,2.4551371775251165E-5
3,69;574;797,2.455085018601451E-5
3,439;515;815,-2.4540879418622134E-5
3,86;843;979,2.4538143128371332E-5
3,503;524;662,2.453628268852959E-5
3,423;442;961,-2.4531183562818187E-5
3,171;454;577,-2.453102322646211E-5
3,38;136;194,2.4529294865832203E-5
3,100;171;788,2.4515180561316907E-5
3,285;458;917,-2.4509477856862636E-5
3,241;335;579,-2.450415863468926E-5
3,170;282;968,-2.4500794904459956E-5
3,89;155;308,2.449915132761988E-5
3,377;724;946,2.4496075126298998E-5
3,247;306;872,2.4492971237981165E-5
3,134;784;942,2.449198330947993E-5
3,713;731;908,-2.4475535183612022E-5
3,90;257;665,-2.4472167141632466E-5
3,199;414;566,-2.4471569614514722E-5
3,357;398;498,-2.445800110831134E-5
3,333;470;675,-2.4454913725424214E-5
3,462;680;739,2.443515320434471E-5
3,18;76;966,2.4424527402752152E-5
3,454;699;920,-2.4383804988849965E-5
3,111;504;891,-2.4346922518389472E-5
3,204;353;495,-2.4341043357133018E-5
3,255;485;970,2.4339902179709427E-5
3,26;434;942,2.4339400739480925E-5
3,780;786;817,-2.4328327220196473E-5
3,401;471;705,2.4325245236772707E-5
3,52;646;915,-2.432474359567201E-5
3,91;463;799,-2.4323789616002016E-5
3,447;684;804,-2.43236827747108E-5
3,178;273;552,-2.4310461820886972E-5
3,116;794;999,2.4305601061269382E-5
3,256;369;922,-2.4305492639860582E-5
3,208;293;837,-2.4304386623218595E-5
3,489;597;757,-2.4296262467821463E-5
3,416;485;958,-2.4289248355498717E-5
3,332;499;768,2.4280623716601155E-5
3,21;412;791,2.4280604745822512E-5
3,191;327;563,-2.4275234774258408E-5
3,96;403;615,2.4265629191044408E-5
3,427;494;852,-2.424962304606784E-5
3,256;302;992,-2.4246847261863998E-5
3,31;415;718,2.4232520154299222E-5
3,0;54;948,-2.422168904771073E-5
3,655;883;908,-2.4216185721598995E-5
3,243;486;594,-2.420433048692774E-5
3,234;493;515,2.419974465226298E-5
3,561;691;750,2.4178262652597366E-5
3,23;113;257,2.4168838341993563E-5
3,411;672;831,-2.4167086864878288E-5
3,31;580;924,2.4149005983913366E-5
3,26;163;846,-2.414504436448424E-5
3,26;341;916,-2.41447924079128E-5
3,31;415;448,2.4142170746971548E-5
3,400;435;839,2.4136978742612426E-5
3,292;461;827,2.4114914573341142E-5
3,66;172;805,-2.4088111587746168E-5
3,643;847;935,-2.4086030474937098E-5
3,468;548;615,2.4075771097958267E-5
3,265;516;888,2.40654612449372E-5
3,699;774;920,-2.4057514482340553E-5
3,240;376;985,-2.4053227066862395E-5
3,78;618;915,-2.4048575918783933E-5
3,195;274;849,2.4041421414156255E-5
3,92;476;517,-2.4039166304755626E-5
3,284;588;945,2.4035643113833813E-5
3,116;298;729,2.4032096424765775E-5
3,204;563;671,2.4022250715255385E-5
3,277;702;910,2.4021491596601086E-5
3,24;699;928,2.4020284659279198E-5
3,52;797;915,-2.401527932211689E-5
3,157;333;885,-2.4001527270210613E-5
3,430;698;905,2.3991868955657732E-5
3,263;462;543,2.3947467306921935E-5
3,84;245;947,2.3939330482544443E-5
3,107;281;524,-2.3926501599299878E-5
3,151;233;793,2.3922711659132194E-5
3,119;283;609,2.3909005348065053E-5
3,199;552;975,-2.3908971125770354E-5
3,328;763;811,2.3906624262479574E-5
3,116;359;787,-2.3888006942937188E-5
3,363;693;995,2.388721063452537E-5
3,229;542;830,-2.387914955306959E-5
3,656;813;951,-2.3879140501411835E-5
3,27;69;507,2.387868666111417E-5
3,90;278;877,-2.3875948807864688E-5
3,359;460;669,-2.3865701901051796E-5
3,160;201;989,-2.3861928860722527E-5
3,76;213;891,2.3858354141204383E-5
3,348;386;845,-2.3857465079001646E-5
3,18;604;955,2.385314431728012E-5
3,528;676;753,2.385081662710712E-5
3,95;127;841,2.3846227359145916E-5
3,220;354;745,-2.384191958447905E-5
3,136;720;880,2.3841363819688224E-5
3,421;510;816,2.383146032951711E-5
3,356;481;536,2.3829039124186606E-5
3,26;116;163,2.3822865138077534E-5
3,81;324;939,2.3811855053751652E-5
3,173;280;341,2.3796005635360658E-5
3,21;486;913,2.3791278446857988E-5
3,73;602;885,-2.3785366070759673E-5
3,113;225;730,-2.378457446646241E-5
3,8;92;398,2.3776589699240987E-5
3,588;616;784,2.3769828856487536E-5
3,392;660;834,2.3759981104421443E-5
3,733;933;966,2.3754889108696863E-5
3,233;262;965,-2.375181784723449E-5
3,678;828;851,2.3747120087041807E-5
3,143;460;557,-2.3745356446542686E-5
3,77;208;369,2.3730762057650854E-5
3,488;940;986,2.3725813126637075E-5
3,170;282;383,-2.3690452822466666E-5
3,655;757;843,-2.368866034597287E-5
3,414;558;560,2.3688424534994538E-5
3,136;680;767,-2.367952385425665E-5
3,191;199;220,-2.367063389772467E-5
3,117;315;857,2.3666909197688088E-5
3,307;528;801,2.3660432573216376E-5
3,714;891;963,2.366014365309329E-5
3,320;434;632,2.3651613771312916E-5
3,550;592;972,-2.3641577247647478E-5
3,464;541;574,2.363994986803217E-5
3,134;192;489,-2.363794424564096E-5
3,230;355;545,-2.361173319261174E-5
3,286;640;845,-2.360968197374524E-5
3,17;251;989,2.360490485445925E-5
3,35;588;926,-2.3597512168180376E-5
3,322;470;532,-2.3579108586692744E-5
3,108;255;273,-2.3575596337996677E-5
3,154;548;886,-2.3566570954610492E-5
3,369;437;772,-2.354406623129752E-5
3,462;724;967,-2.3538826912095584E-5
3,8;193;715,-2.3535420067900915E-5
3,413;769;793,-2.3530189417717202E-5
3,323;612;813,-2.3529847539142527E-5
3,390;466;510,2.3516305104760033E-5
3,343;352;730,2.3515814942613207E-5
3,171;299;933,2.3498823239621544E-5
3,91;646;767,2.3493637479415664E-5
3,43;600;650,2.3487559847128875E-5
3,249;451;862,2.3486500950557002E-5
3,426;427;824,-2.3481068523808448E-5
3,757;763;806,2.3466947274813774E-5
3,473;567;885,-2.3461330128966486E-5
3,382;518;983,2.345386415468335E-5
3,40;576;812,2.3452342217001653E-5
3,677;731;908,2.345172105471052E-5
3,169;533;966,-2.3445644506841895E-5
3,218;636;692,2.3441884154813312E-5
3,447;572;684,2.34371749289737E-5
3,507;589;638,2.343586014428847E-5
3,577;600;669,-2.342787592619529E-5
3,56;421;582,-2.3424999701129175E-5
3,447;646;915,-2.3423979912532786E-5
3,48;732;986,2.3423580107782594E-5
3,265;338;900,-2.342272557118936E-5
3,352;666;721,2.342166485747572E-5
3,412;559;839,2.341337511285309E-5
3,175;326;334,2.3410689580064218E-5
3,198;588;926,2.3408857185862913E-5
3,222;375;726,-2.340831316599473E-5
3,478;825;836,-2.3406573107857665E-5
3,55;524;662,-2.3401436903232822E-5
3,388;404;589,-2.339339440022007E-5
3,69;292;507,2.339069439860028E-5
3,261;467;600,2.3386197537554713E-5
3,64;510;808,-2.338595035945961E-5
3,237;538;818,-2.337762691734424E-5
3,30;91;440,-2.336985639492504E-5
3,28;198;926,-2.3367522034585463E-5
3,189;558;923,2.3364156086534745E-5
3,320;434;636,-2.3359471347751528E-5
3,176;596;635,2.3333390053813706E-5
3,156;470;532,-2.332198382083015E-5
3,330;590;978,-2.332124688356975E-5
3,59;246;594,-2.3288129757822073E-5
3,235;399;795,-2.3274017028461426E-5
3,29;414;483,-2.326129074130698E-5
3,275;366;695,-2.325307801633702E-5
3,21;468;791,2.3252949050188982E-5
3,34;69;416,-2.3251534652758228E-5
3,0;228;909,2.324509089677009E-5
3,0;223;228,2.3234670096686308E-5
3,48;61;339,2.322773788343952E-5
3,203;603;907,2.322487258018529E-5
3,191;545;684,2.3224664227193386E-5
3,448;711;907,-2.320816453867806E-5
3,87;270;752,2.31965553124893E-5
3,144;367;808,2.3196276754375164E-5
3,275;558;800,-2.317964252925637E-5
3,70;243;748,-2.317100304470071E-5
3,214;462;992,2.3165804465065488E-5
3,197;648;925,2.3145107290296997E-5
3,261;496;661,2.3143998952455463E-5
3,467;470;545,-2.3093358407365114E-5
3,180;393;929,2.3086843173163382E-5
3,414;603;980,-2.30866083837799E-5
3,387;502;735,2.3084838589155617E-5
3,78;439;618,-2.3070740434894788E-5
3,395;445;960,-2.3059076960029818E-5
3,373;588;616,2.305281842124222E-5
3,37;221;968,-2.3040007170961805E-5
3,143;682;831,-2.303277331227552E-5
3,444;514;869,-2.302932706169603E-5
3,427;852;892,2.3027165948651263E-5
3,29;199;483,-2.3022567049275103E-5
3,396;601;797,-2.3019679399303568E-5
3,83;581;646,-2.3004132760142986E-5
3,521;558;560,2.2988808622960265E-5
3,16;143;605,-2.2968438458292037E-5
3,306;332;514,-2.2961367263433274E-5
3,358;428;864,2.2947668111125186E-5
3,581;764;797,2.293559307962409E-5
3,117;306;315,2.2929122555028012E-5
3,74;359;691,-2.2922717311290198E-5
3,639;687;779,-2.2918163088734432E-5
3,8;468;497,-2.2916698651100076E-5
3,767;845;981,2.291636171691601E-5
3,83;272;981,2.2916192332398196E-5
3,526;689;700,-2.2903555807058842E-5
3,447;573;922,-2.2892246032915E-5
3,71;461;715,2.289091375121362E-5
3,191;393;771,2.2890376741064966E-5
3,845;889;968,2.2889075320981772E-5
3,689;700;865,2.288307547869011E-5
3,236;388;617,-2.2859271787737064E-5
3,45;562;919,-2.2857953059698593E-5
3,73;558;665,-2.2845115026424142E-5
3,104;486;562,2.2841757866321278E-5
3,383;554;654,2.283831031741729E-5
3,381;726;909,-2.2831686359743443E-5
3,544;671;949,2.2831449765460337E-5
3,551;650;813,2.2820966741923078E-5
3,440;517;760,2.2819742501680663E-5
3,7;178;273,2.2797770261493415E-5
3,256;392;773,-2.2791010537713957E-5
3,294;483;768,-2.2789856385449102E-5
3,342;650;757,2.2774027281102442E-5
3,96;245;631,2.2769929656961694E-5
3,291;691;922,2.276670825482145E-5
3,251;525;802,-2.2765308792442957E-5
3,74;307;697,2.2764478604570032E-5
3,39;495;955,2.2761044488602114E-5
3,73;317;710,-2.2759875128553998E-5
3,401;481;676,2.2756430912920672E-5
3,316;580;689,2.27542203815949E-5
3,15;40;956,2.2750766294746554E-5
3,117;670;806,2.2744046391036904E-5
3,50;218;367,-2.272490601294127E-5
3,104;159;544,2.2708012109437137E-5
3,793;809;970,-2.2703278680492602E-5
3,21;412;875,-2.2697037070516734E-5
3,44;82;949,2.269048861167658E-5
3,287;445;599,-2.2686348401868424E-5
3,251;802;891,-2.268115294999907E-5
3,180;753;957,-2.2679279855577467E-5
3,255;330;643,2.2662544566364815E-5
3,9;203;616,-2.2657663613243062E-5
3,306;319;676,-2.264268986477404E-5
3,738;769;776,-2.264219364933413E-5
3,316;658;958,2.263438006604815E-5
3,577;618;893,-2.2617326135286336E-5
3,184;440;623,-2.2604617918805766E-5
3,107;524;776,2.260225966690517E-5
3,54;116;948,2.2599245217305684E-5
3,276;506;637,-2.2586304933263326E-5
3,420;653;856,-2.257411041309854E-5
3,376;656;779,2.257182626868776E-5
3,317;617;867,2.2570509498644557E-5
3,102;157;333,-2.2544311757147512E-5
3,252;305;680,-2.2542990403587344E-5
3,334;346;507,-2.2535175926095015E-5
3,195;207;283,-2.253105343073404E-5
3,215;566;954,-2.2521338388620276E-5
3,49;252;705,-2.2512244878388706E-5
3,288;331;865,2.2496606926182617E-5
3,464;475;995,2.2489015303427577E-5
3,351;809;992,2.248560959850585E-5
3,248;393;617,2.2481482172018123E-5
3,394;506;882,-2.2478146626715263E-5
3,592;721;850,-2.2463836602180085E-5
3,263;527;762,-2.2461333355237844E-5
3,23;204;499,2.245150688723672E-5
3,90;908;923,2.2447799219404372E-5
3,684;804;831,2.2427556397478977E-5
3,487;633;697,2.2424563979831753E-5
3,373;406;588,-2.2424027501520132E-5
3,694;695;721,-2.2424022606315597E-5
3,384;438;751,2.242117281414508E-5
3,340;743;912,2.2412281624456995E-5
3,522;735;994,-2.2409168129885548E-5
3,408;558;687,2.240559084351239E-5
3,282;560;937,2.2389009183013974E-5
3,271;647;979,2.2384908716812963E-5
3,131;323;813,-2.2382229388529358E-5
3,652;663;884,-2.237186580426863E-5
3,463;899;992,2.237027104525127E-5
3,400;436;861,2.23568544607586E-5
3,485;486;958,2.2339004712206568E-5
3,306;488;565,2.2324965890557035E-5
3,46;263;762,2.2319899556507474E-5
3,294;713;748,2.2316141199619093E-5
3,181;929;940,-2.2280849904416186E-5
3,252;443;680,2.2277287261735405E-5
3,584;783;876,2.2277233341420493E-5
3,118;765;798,-2.2267124734249505E-5
3,675;903;992,2.2261826169054575E-5
3,70;621;857,2.226099451567699E-5
3,32;507;656,-2.225422846801744E-5
3,424;905;952,2.2249538932847043E-5
3,559;641;872,2.223726475398551E-5
3,55;387;854,2.2235427513808866E-5
3,97;342;591,-2.2226209606416503E-5
3,167;337;390,2.2199983212950982E-5
3,203;567;616,-2.219029504441946E-5
3,249;404;460,-2.218705621549489E-5
3,38;359;462,-2.217846842437065E-5
3,415;718;757,-2.2152079600677646E-5
3,96;328;871,-2.2147240381067454E-5
3,186;564;789,2.2146130756841997E-5
3,471;481;705,-2.2123624553221814E-5
3,34;147;535,-2.2115454906050845E-5
3,18;580;689,2.2115307281919664E-5
3,642;820;889,-2.211462559224324E-5
3,558;646;665,2.211341390605227E-5
3,0;633;877,-2.2113246649184102E-5
3,296;572;832,2.2086501324717062E-5
3,777;952;982,2.20743743672206E-5
3,202;391;945,-2.2068102065596913E-5
3,35;90;252,-2.2064865634808484E-5
3,443;744;911,-2.2061082879783963E-5
3,189;241;523,-2.2060807367579288E-5
3,281;447;849,2.2053121417087102E-5
3,72;258;961,2.2049691273603692E-5
3,439;515;673,-2.2046412790193248E-5
3,141;658;820,-2.2044113911975838E-5
3,579;640;845,-2.204140358434109E-5
3,609;636;802,2.2025923168208385E-5
3,23;364;414,-2.2025249488929875E-5
3,339;904;943,-2.2024936906313742E-5
3,448;907;963,2.2015347095131867E-5
3,32;507;638,-2.2013689049274213E-5
3,56;368;917,2.2007224009493925E-5
3,608;753;917,2.2003742468226897E-5
3,474;655;805,-2.2002620182113632E-5
3,36;405;899,2.1999851567530237E-5
3,74;747;988,-2.1989184069283865E-5
3,471;871;887,2.1988223319636966E-5
3,60;96;284,2.197997359763874E-5
3,264;487;491,2.1977351261489635E-5
3,214;230;947,-2.197100979253628E-5
3,166;255;834,2.1970701651145447E-5
3,326;639;840,-2.1953906091870687E-5
3,44;704;710,2.1949527056593603E-5
3,162;388;691,-2.1946320942884654E-5
3,298;556;604,-2.1932912645792404E-5
3,537;857;972,-2.1932049478850334E-5
3,251;670;918,-2.192145389797981E-5
3,48;259;685,2.1917860504654176E-5
3,148;150;706,-2.1913931342988237E-5
3,52;79;809,2.1910949803764788E-5
3,167;241;512,2.1908589727802244E-5
3,52;120;636,2.1907147003368787E-5
3,541;627;822,2.189809034213333E-5
3,390;396;462,-2.188167405486755E-5
3,215;285;940,2.186298056404513E-5
3,138;141;483,2.1858380783468033E-5
3,374;627;897,2.184107435205562E-5
3,5;155;516,-2.1837400007549786E-5
3,114;477;716,-2.182762499758081E-5
3,270;433;773,-2.1817557382724554E-5
3,455;913;971,2.1806868028136255E-5
3,231;473;792,-2.1805439024488417E-5
3,43;378;670,-2.1796338082149244E-5
3,493;509;575,-2.179362125138447E-5
3,106;220;664,2.1792059520031425E-5
3,225;649;708,-2.17909405540542E-5
3,468;618;928,2.1790037857899524E-5
3,252;680;932,2.1784890590666782E-5
3,294;713;866,-2.1783639644180224E-5
3,4;265;439,-2.1782208244669493E-5
3,153;221;661,2.1758924197056393E-5
3,16;108;152,2.1743574644933287E-5
3,11;391;468,2.173031059525599E-5
3,561;686;921,2.1725441977603655E-5
3,221;253;661,2.1724286388778778E-5
3,862;928;998,2.1723899603179156E-5
3,359;405;524,-2.172088265290039E-5
3,88;273;410,-2.171370788980123E-5
3,298;765;850,2.1706769070232945E-5
3,95;524;931,-2.1695875457735177E-5
3,244;284;988,2.169419006063599E-5
3,125;520;841,-2.1675336094963416E-5
3,255;850;859,2.1646286194334425E-5
3,578;870;916,-2.1644847178704265E-5
3,276;288;915,2.163383301271783E-5
3,132;250;360,-2.16299341312018E-5
3,287;305;599,-2.1627479518214064E-5
3,403;559;616,-2.1622281379050076E-5
3,423;518;763,2.160275224433987E-5
3,172;396;797,2.1596779989134246E-5
3,135;144;563,2.158907488123373E-5
3,551;650;683,-2.1588097303851307E-5
3,169;469;841,2.1573787386305172E-5
3,583;752;846,2.156867135587858E-5
3,66;172;192,2.155976272699167E-5
3,45;336;616,2.155486216758886E-5
3,8;398;708,2.1554216974220946E-5
3,110;645;837,-2.1553435143027126E-5
3,256;681;783,2.1549687271018518E-5
3,718;995;996,2.154279484816249E-5
3,147;595;896,2.154063473038588E-5
3,60;556;901,2.153860150765912E-5
3,64;498;716,2.153140720445465E-5
3,392;463;859,-2.1530163590049925E-5
3,245;298;604,-2.1527522291925803E-5
3,111;315;857,-2.152353435935134E-5
3,304;366;376,-2.1523386518681587E-5
3,696;713;840,-2.1521179931860006E-5
3,103;836;936,2.1519290925531467E-5
3,137;489;880,2.1516656109922498E-5
3,79;538;821,2.151583497711711E-5
3,367;505;652,2.1513758975216113E-5
3,47;744;919,-2.149911080959563E-5
3,24;81;950,-2.1488529107224568E-5
3,100;136;720,-2.148419425916807E-5
3,279;666;869,2.1483179188742045E-5
3,135;468;910,2.1477859522687624E-5
3,239;614;665,2.1475743542514638E-5
3,52;447;915,-2.1472881839780062E-5
3,204;625;848,-2.1458089880034493E-5
3,175;394;708,-2.1453704156464602E-5
3,96;640;789,-2.1449269184181954E-5
3,99;209;567,2.1443769961568476E-5
3,210;288;432,-2.1436280520529226E-5
3,593;698;839,2.1429658282445655E-5
3,43;91;292,-2.1424441313399578E-5
3,59;300;304,-2.1423942861105178E-5
3,87;770;815,2.1422536855934266E-5
3,465;557;716,2.14222579202728E-5
3,185;348;893,2.1414396481575227E-5
3,118;410;423,2.1412734861696926E-5
3,198;514;834,-2.1407976098517467E-5
3,167;532;689,2.138405159770249E-5
3,375;666;819,-2.137500974764111E-5
3,234;298;304,2.137302435949564E-5
3,18;157;492,-2.137202614816652E-5
3,54;710;949,-2.1370265217763984E-5
3,221;548;627,-2.1354800477693708E-5
3,604;961;971,-2.133907138429791E-5
3,564;779;904,2.133568288287411E-5
3,5;346;551,2.132184863579888E-5
3,54;350;429,-2.131966874903573E-5
3,489;619;880,2.1317545547783E-5
3,91;392;811,2.1315408178223977E-5
3,39;706;835,2.131037583406316E-5
3,144;505;546,-2.1306162149649697E-5
3,165;293;313,-2.1295473702172528E-5
3,129;248;765,2.1292498709237493E-5
3,212;345;461,-2.1284224244817005E-5
3,78;439;964,-2.1283999478147973E-5
3,108;210;568,-2.1278145775320565E-5
3,468;494;965,-2.1273462863360796E-5
3,363;411;690,-2.1253799608364342E-5
3,232;546;795,-2.1253797537424138E-5
3,4;20;958,2.1251352379032627E-5
3,207;526;995,2.1238181596971898E-5
3,26;340;380,2.1211809962895417E-5
3,231;795;993,2.120369346477567E-5
3,16;205;330,-2.1201987936737127E-5
3,410;649;735,-2.1201648290025272E-5
3,292;316;343,-2.1169091413954758E-5
3,396;634;944,2.1164423005006225E-5
3,66;173;291,-2.1154985795476046E-5
3,118;846;932,2.113326443234755E-5
3,49;400;582,2.112475267805098E-5
3,313;546;868,2.112124957608986E-5
3,178;453;901,2.1095166397583047E-5
3,63;244;284,-2.1092500447237145E-5
3,93;133;626,-2.10819892967344E-5
3,453;513;684,-2.108137422573072E-5
3,602;711;988,2.108052135606006E-5
3,255;666;780,2.107584575309293E-5
3,229;615;830,2.106751372981478E-5
3,19;404;947,-2.106222948435374E-5
3,256;259;584,2.1030600171817443E-5
3,189;539;923,-2.1021449629602286E-5
3,753;865;957,-2.10148988169066E-5
3,278;769;823,-2.1007134592976417E-5
3,691;750;971,-2.099334214302802E-5
3,74;288;743,2.0969784799895015E-5
3,249;754;980,-2.096692302238218E-5
3,296;733;966,-2.096129001634576E-5
3,169;258;666,-2.0957325715635377E-5
3,5;250;431,-2.09531657274175E-5
3,137;203;919,2.0946080334113757E-5
3,323;330;714,-2.093991932722003E-5
3,220;604;803,2.093451900502803E-5
3,149;380;875,-2.093296587391393E-5
3,135;357;468,-2.092302974875873E-5
3,41;330;362,-2.0920928209046537E-5
3,90;107;278,2.0913627040583557E-5
3,467;535;765,-2.091334971355338E-5
3,521;563;995,-2.0907243299650685E-5
3,270;764;991,-2.0907128304332224E-5
3,110;705;932,2.0903240911365594E-5
3,229;407;924,-2.0901248795437254E-5
3,723;830;852,2.0878295395732684E-5
3,656;780;786,2.0876657018562942E-5
3,132;642;796,-2.0868352614739576E-5
3,199;290;656,2.085048500376565E-5
3,81;106;658,2.0845759421951364E-5
3,194;217;243,2.0827229645438386E-5
3,291;417;984,2.0808881141564367E-5
3,50;536;844,-2.0791725512486566E-5
3,325;560;832,-2.0790762288673755E-5
3,154;401;816,-2.0790448053535553E-5
3,104;289;427,2.0783229573696436E-5
3,290;582;836,2.0781044382733836E-5
3,335;467;805,2.0776024997604317E-5
3,452;643;895,-2.0761204683105534E-5
3,175;377;708,2.0756501844962385E-5
3,464;563;995,2.0748382862607278E-5
3,4;122;439,2.074382523214623E-5
3,525;853;972,2.0732492052344207E-5
3,235;444;797,2.0707703355598177E-5
3,205;557;716,2.070104010737522E-5
3,21;86;148,-2.0699289813323157E-5
3,268;710;966,-2.0694108091734425E-5
3,47;656;744,-2.068984032474574E-5
3,77;394;665,2.0682899476258974E-5
3,157;358;763,2.067354986377798E-5
3,0;141;223,2.0672527043873714E-5
3,60;96;883,-2.0666189302526943E-5
3,451;466;498,2.0662198135441745E-5
3,126;440;467,-2.0649429391360428E-5
3,436;821;966,-2.0628190550852146E-5
3,180;366;393,2.062665607760633E-5
3,288;312;801,-2.0612684237185566E-5
3,203;603;613,-2.0611182919107503E-5
3,135;151;468,-2.0599894628175452E-5
3,99;145;768,-2.059528476971316E-5
3,172;797;976,2.0582453064635458E-5
3,84;721;977,-2.0576448535247634E-5
3,89;308;937,-2.0569812292728614E-5
3,102;156;322,2.0562043865360523E-5
3,175;377;394,2.0561691441815542E-5
3,450;757;796,2.0556748774174802E-5
3,261;485;844,-2.0546524296971706E-5
3,459;472;593,2.0546524265753927E-5
3,180;393;880,-2.0544905859464627E-5
3,726;876;909,2.0541516272615298E-5
3,95;524;800,2.0538206919544242E-5
3,135;563;576,-2.053578109694728E-5
3,360;474;618,-2.05327034863573E-5
3,220;688;714,2.052925216627188E-5
3,16;205;385,2.0517819171557522E-5
3,146;352;529,2.0513843133304247E-5
3,121;346;695,2.051332088216669E-5
3,14;162;176,2.0506642310324743E-5
3,184;224;853,2.050085757779547E-5
3,121;254;436,-2.0496893995451288E-5
3,70;247;931,-2.0489698839126707E-5
3,194;336;697,-2.048511773972249E-5
3,31;718;757,-2.048004747646167E-5
3,475;563;995,-2.0479785627153452E-5
3,342;478;918,-2.0478869934894316E-5
3,327;385;422,-2.046182867275384E-5
3,311;939;969,2.0460217459317806E-5
3,564;572;789,2.0457318495471656E-5
3,165;579;596,2.0457029492427337E-5
3,99;712;854,-2.0439965595315872E-5
3,164;420;649,2.0429786636414336E-5
3,12;262;410,2.0428186328664298E-5
3,369;839;849,2.0422285096757473E-5
3,482;541;578,-2.0407571585253957E-5
3,554;564;808,-2.040717878166387E-5
3,178;201;453,2.0403767329740808E-5
3,0;667;935,-2.039159499611957E-5
3,23;414;770,-2.038146859963697E-5
3,9;204;363,-2.0366145439653618E-5
3,243;246;615,-2.0363566484934314E-5
3,624;844;986,-2.0353834542895943E-5
3,341;457;865,-2.0340778226374448E-5
3,262;327;563,2.033275225648547E-5
3,59;246;615,2.03320439880396E-5
3,246;768;855,2.031817788427908E-5
3,261;496;824,-2.029561554434855E-5
3,359;462;922,-2.0291568649933537E-5
3,46;527;762,-2.0281101689068174E-5
3,139;516;707,2.0273433365555485E-5
3,311;869;939,-2.0264020179636158E-5
3,272;436;495,2.0256734055444644E-5
3,99;267;718,2.0256372709039908E-5
3,436;852;892,-2.0254193462397425E-5
3,221;374;773,2.025246142215291E-5
3,55;61;399,-2.024998239303205E-5
3,628;639;761,2.0245452575719295E-5
3,46;349;436,-2.024137483445999E-5
3,62;298;748,2.0229281335115776E-5
3,589;815;889,-2.0226162656454192E-5
3,65;341;434,2.0221898286509428E-5
3,362;459;616,2.0220159460363123E-5
3,120;385;792,-2.0212874419424454E-5
3,419;647;979,2.019407031443267E-5
3,877;943;957,2.0184361396693186E-5
3,495;813;981,2.0181986379492684E-5
3,614;684;737,-2.0180790030514878E-5
3,16;247;822,-2.0165955786229643E-5
3,444;628;776,-2.016122444397782E-5
3,60;262;284,-2.016108461246885E-5
3,222;524;628,2.0153576679633566E-5
3,202;775;945,-2.0146265277428266E-5
3,3;370;423,-2.012568490450276E-5
3,97;370;591,-2.0119988512952322E-5
3,8;562;563,2.011865939023455E-5
3,90;506;915,-2.0117621189080698E-5
3,507;802;862,-2.0115660772901368E-5
3,405;446;688,2.0071808111413017E-5
3,186;764;797,-2.0071718813892836E-5
3,44;279;663,2.0069188358043786E-5
3,577;666;770,-2.0066859563038755E-5
3,610;723;852,-2.0053807542672976E-5
3,59;243;594,2.004197666522398E-5
3,11;183;229,2.002472461708372E-5
3,206;549;912,2.0019167131503257E-5
3,185;602;885,-2.001605313884431E-5
3,517;634;751,2.0014984538194452E-5
3,25;466;606,-2.0003509866433827E-5
3,7;231;795,2.0001889829905344E-5
3,319;567;688,-2.000076480016139E-5
3,246;595;799,1.9968710236788516E-5
3,466;511;535,-1.9965724346023215E-5
3,33;52;79,-1.9960161251676978E-5
3,185;269;343,-1.9944016182632888E-5
3,220;745;800,1.9939963722897705E-5
3,34;558;572,-1.9937928976777193E-5
3,87;91;918,1.993746885755498E-5
3,134;297;323,-1.993219716204417E-5
3,493;575;754,1.992428759648423E-5
3,152;322;992,1.992268972454671E-5
3,76;291;891,1.9921491980571036E-5
3,116;257;624,1.991849425276844E-5
3,201;245;573,1.9909205537507955E-5
3,430;667;905,-1.9907611783454812E-5
3,69;416;535,-1.9906983408198165E-5
3,475;509;624,-1.9904174131834028E-5
3,187;303;802,1.989858057699445E-5
3,144;422;504,1.989811981625648E-5
3,31;448;757,-1.989642437000122E-5
3,159;230;320,1.9872909127309888E-5
3,540;730;862,1.9871815966263588E-5
3,160;759;808,1.987034332161834E-5
3,228;398;851,-1.9862812765565893E-5
3,399;444;797,1.9840936955302508E-5
3,730;824;954,-1.98332177320219E-5
3,236;388;709,-1.98228488831523E-5
3,114;821;900,-1.9813311270278197E-5
3,204;603;625,-1.9810980716121084E-5
3,247;605;803,1.980834240429179E-5
3,120;261;984,-1.9802373259733134E-5
3,260;306;808,-1.9793630418685037E-5
3,352;514;857,-1.9792462732379174E-5
3,217;243;361,1.978806182729524E-5
3,8;332;646,-1.9778516002791994E-5
3,353;697;834,-1.976747369607355E-5
3,734;876;907,-1.9764850556191487E-5
3,23;877;957,1.975083557094658E-5
3,470;707;753,1.9750159447655148E-5
3,134;882;942,-1.974631289067013E-5
3,72;279;812,-1.9743483554404757E-5
3,130;302;744,-1.9736072857542633E-5
3,258;603;666,-1.9722064450682044E-5
3,184;394;454,1.97097716286543E-5
3,471;871;920,-1.9706462989058317E-5
3,295;375;509,1.9704700058581362E-5
3,159;775;905,-1.970341765869266E-5
3,211;315;602,-1.9701188406790162E-5
3,450;638;785,-1.9699795689083624E-5
3,390;463;694,-1.9692250122379985E-5
3,74;91;305,-1.9690559200673413E-5
3,65;473;566,-1.9685773383625643E-5
3,70;419;809,-1.96777913313632E-5
3,292;530;827,1.9676562733536838E-5
3,307;661;828,-1.9671878639908984E-5
3,194;305;445,1.965467983945062E-5
3,3;24;136,-1.962259802572571E-5
3,348;685;999,1.9604346359662587E-5
3,186;198;514,-1.9579703111506622E-5
3,95;271;561,1.955840208500579E-5
3,460;551;557,1.9555644887632077E-5
3,165;429;744,-1.9552866661731643E-5
3,1;43;387,-1.9547204399700627E-5
3,356;675;702,-1.953070128516809E-5
3,116;257;504,1.951668679638579E-5
3,54;197;876,1.9493809244404903E-5
3,52;518;626,-1.948973399771098E-5
3,168;680;703,1.9482122830016975E-5
3,59;304;751,1.9475782549465165E-5
3,143;463;605,-1.9463095376242165E-5
3,383;472;654,1.9440868581410653E-5
3,156;561;686,-1.9437785203362417E-5
3,141;194;483,-1.9434604792371573E-5
3,703;794;984,-1.942774662564592E-5
3,2;559;655,1.942024428101893E-5
3,186;251;723,1.9417828846570896E-5
3,56;276;536,1.9415466399949928E-5
3,561;750;971,-1.9407539790115874E-5
3,527;645;864,1.94055067154931E-5
3,401;471;676,1.9399370145491008E-5
3,124;241;838,-1.939394134553134E-5
3,226;541;897,1.938372565529746E-5
3,162;176;944,1.938353758621127E-5
3,63;133;626,1.938201516692907E-5
3,548;740;991,-1.9380813002156307E-5
3,464;521;563,-1.9373970252588134E-5
3,28;528;596,1.9371729041684333E-5
3,212;756;809,-1.93611271543542E-5
3,41;324;883,1.935887638642596E-5
3,105;331;601,1.934670231379359E-5
3,306;661;804,1.9336038288678325E-5
3,416;486;910,1.933289417217388E-5
3,78;216;363,-1.9332415906219326E-5
3,87;281;713,-1.9330843157991545E-5
3,261;844;927,-1.9326709013964812E-5
3,174;229;899,-1.9307252051981984E-5
3,144;208;793,-1.930250339568972E-5
3,285;305;673,-1.929449242213761E-5
3,18;719;911,1.9289793553688707E-5
3,400;537;972,1.92873364229746E-5
3,143;773;926,-1.927871161922755E-5
3,260;338;465,1.9272321536532457E-5
3,307;661;697,-1.9253262613947668E-5
3,113;225;649,1.924225537073219E-5
3,504;870;916,-1.9232191490055994E-5
3,90;339;923,1.923082689471108E-5
3,345;957;988,1.922806632920933E-5
3,422;661;824,1.920584474985811E-5
3,138;194;735,-1.91917174959932E-5
3,187;224;549,1.918585748862035E-5
3,323;580;612,-1.9184780412947378E-5
3,372;383;693,1.9183023874569692E-5
3,144;207;505,1.9163040071818445E-5
3,561;636;929,1.9158097436761918E-5
3,551;767;851,-1.9153858208595678E-5
3,474;680;767,-1.915366657888199E-5
3,503;662;774,-1.914216774480102E-5
3,235;267;996,-1.9135121473959457E-5
3,18;316;689,1.912458574704926E-5
3,225;610;723,-1.911959929794539E-5
3,156;502;686,1.9119498816183638E-5
3,217;308;854,1.9117112262642755E-5
3,45;397;795,1.9096046906439123E-5
3,30;168;247,-1.9092236694363724E-5
3,48;141;252,-1.9085252677934942E-5
3,206;836;912,1.9066099227733794E-5
3,356;362;977,1.9055173252061768E-5
3,305;483;492,1.9052152638770296E-5
3,259;814;848,-1.9033460405559572E-5
3,592;608;850,1.9033132502820462E-5
3,93;483;626,1.9031076183849862E-5
3,79;371;653,-1.902742793658477E-5
3,125;757;843,1.9021369238161432E-5
3,441;609;810,-1.9016993709190548E-5
3,46;408;687,1.901412961787227E-5
3,597;733;982,-1.9013961554552692E-5
3,237;243;594,-1.9012937955875746E-5
3,25;603;971,-1.9003271704035245E-5
3,129;163;207,1.9002599750432167E-5
3,338;465;994,1.9002435705258435E-5
3,83;601;646,-1.8995473393801407E-5
3,381;720;977,-1.8992077392943305E-5
3,377;724;729,1.8986954481882387E-5
3,423;763;909,-1.898045027269837E-5
3,53;423;875,-1.8976660728390985E-5
3,781;808;998,1.8966718144817154E-5
3,117;159;548,1.8960575779491422E-5
3,195;281;524,1.8958005167386342E-5
3,490;566;677,-1.8927526147647176E-5
3,92;480;727,-1.8922510466487283E-5
3,77;369;439,1.891685673384378E-5
3,341;477;618,1.891671940666806E-5
3,134;297;409,-1.891321932170051E-5
3,26;304;658,1.8910663816446076E-5
3,281;604;713,-1.8907790013899853E-5
3,291;574;984,1.8883874852161308E-5
3,238;454;532,1.887793214193645E-5
3,363;604;695,-1.8871581109658026E-5
3,5;202;892,1.886601223038995E-5
3,287;443;701,-1.8860610871944113E-5
3,44;279;430,1.8857698729175704E-5
3,478;635;825,-1.885639001181064E-5
3,388;524;683,-1.8853124503011695E-5
3,97;755;829,-1.88511147050193E-5
3,158;802;991,1.8844013021974074E-5
3,138;237;851,1.8825363998856373E-5
3,14;473;961,-1.881902062716465E-5
3,71;400;425,1.8816644690409788E-5
3,158;593;991,-1.881299610389333E-5
3,397;410;649,-1.880785247921634E-5
3,604;719;911,1.880239948711366E-5
3,337;500;565,1.8794668425228308E-5
3,319;590;711,1.879402423564494E-5
3,131;281;769,-1.8791613222309937E-5
3,294;302;573,1.8764737920817823E-5
3,558;845;968,1.876242535215443E-5
3,108;163;255,1.873569205522381E-5
3,179;666;869,-1.8721691044232626E-5
3,21;456;698,-1.8717659672021243E-5
3,204;601;848,1.8710230251158182E-5
3,219;389;744,1.870973435708752E-5
3,116;249;404,-1.8696885371848202E-5
3,88;172;805,-1.8669824578799613E-5
3,283;647;810,1.8641939670247334E-5
3,119;379;626,1.8639446199442922E-5
3,142;781;808,1.8630815614873213E-5
3,63;413;890,-1.8624835264465056E-5
3,173;296;895,-1.862380167570089E-5
3,108;508;696,-1.861931488782175E-5
3,167;390;665,-1.86158667155139E-5
3,263;305;483,-1.8615434898104332E-5
3,90;745;928,1.8614534155068133E-5
3,233;421;655,-1.8608105060898622E-5
3,36;562;645,1.8604760189467253E-5
3,169;594;786,1.8604181021952036E-5
3,430;663;963,1.8589756986505168E-5
3,179;374;670,1.858307223285937E-5
3,817;851;914,-1.8577662562859143E-5
3,99;374;459,-1.8572657265459673E-5
3,80;461;878,1.8569784389402343E-5
3,693;957;988,1.856887416032239E-5
3,170;179;573,1.8557509280469764E-5
3,171;322;889,1.8557028699156704E-5
3,294;568;783,-1.855609274716018E-5
3,310;664;730,-1.854973431780392E-5
3,24;318;723,-1.854832052819683E-5
3,213;291;988,1.854831715392615E-5
3,67;259;587,-1.8547828939819967E-5
3,200;460;669,1.8547706859010686E-5
3,34;318;853,1.8544517935693768E-5
3,326;840;977,-1.8541473837505576E-5
3,493;562;695,1.8532561882541056E-5
3,141;202;892,-1.8528840028261804E-5
3,344;622;712,-1.8525720989762643E-5
3,137;303;919,1.852570747120125E-5
3,56;170;423,1.8519325978328918E-5
3,105;158;793,1.8502777173538466E-5
3,11;107;468,-1.8494324389699346E-5
3,416;800;902,1.8491733046268417E-5
3,345;725;949,1.848323348179725E-5
3,380;435;717,1.8481263836306404E-5
3,70;729;930,-1.846273514399622E-5
3,108;363;479,-1.8459698031416676E-5
3,254;473;498,-1.845772241345309E-5
3,179;314;534,1.8452814828506414E-5
3,691;702;931,-1.8436008064777285E-5
3,143;394;739,1.8425071823281416E-5
3,158;406;646,1.8421533892683202E-5
3,355;879;885,1.841927240516729E-5
3,730;784;824,1.8410352509232438E-5
3,41;291;424,1.840746214359617E-5
3,377;572;836,1.8394691518729097E-5
3,666;770;984,-1.8391919764353148E-5
3,172;396;976,-1.8380828636330346E-5
3,335;440;467,-1.8379076727159668E-5
3,123;443;744,-1.8362916549221517E-5
3,141;525;530,-1.8355412848380936E-5
3,130;398;896,1.835529650178304E-5
3,292;730;824,1.8354777686272592E-5
3,38;110;837,-1.835205076556716E-5
3,63;297;580,-1.8351307265057444E-5
3,155;690;962,1.835012704592023E-5
3,518;763;909,1.8340613721675877E-5
3,61;199;201,-1.8340000757764383E-5
3,83;847;981,1.8337542583818807E-5
3,18;407;828,-1.833688537512794E-5
3,8;48;715,1.8307681620543167E-5
3,170;423;582,-1.8299368473196198E-5
3,495;502;813,-1.8284927708342865E-5
3,363;930;995,-1.827128131843349E-5
3,58;261;971,-1.8270539620578886E-5
3,317;604;710,-1.8262873336802974E-5
3,220;354;803,1.825662792192488E-5
3,558;889;968,1.825558802730635E-5
3,201;303;858,-1.8243831822991145E-5
3,509;730;742,1.8239175505208642E-5
3,161;683;687,1.8232205072337273E-5
3,49;241;734,1.8227042118008374E-5
3,281;355;447,-1.8225931601014802E-5
3,265;367;612,-1.821745340347244E-5
3,152;740;992,-1.8217273071852126E-5
3,262;789;965,1.8205740803945225E-5
3,288;676;840,1.8200812872743395E-5
3,66;577;600,-1.818745690085921E-5
3,16;516;523,1.8177069948731563E-5
3,57;143;838,-1.8164734855083378E-5
3,295;430;785,-1.8140835063977195E-5
3,105;501;966,-1.8133542696869523E-5
3,195;285;305,1.8121039753793676E-5
3,66;70;669,-1.8102223213823666E-5
3,418;782;845,-1.8097762802504094E-5
3,151;529;549,-1.809706865545166E-5
3,70;243;700,1.8094425337803562E-5
3,135;357;910,1.809219863825503E-5
3,53;318;656,1.807273569300989E-5
3,434;632;636,1.8069593844879276E-5
3,261;361;586,1.806297639163007E-5
3,63;117;580,-1.8043174828690756E-5
3,161;201;711,-1.804137960508464E-5
3,398;643;664,-1.8038209583996875E-5
3,243;558;901,-1.803345525400025E-5
3,86;202;656,1.8031149171233143E-5
3,471;624;887,-1.7999376283642037E-5
3,18;155;690,-1.7990425043868932E-5
3,624;848;986,1.798662820461034E-5
3,725;949;950,-1.797973507424951E-5
3,372;592;805,1.7974663537796825E-5
3,169;199;245,-1.7967414617978703E-5
3,199;844;986,-1.79667888421038E-5
3,155;256;713,-1.7963524813712606E-5
3,139;309;869,1.7956487580963335E-5
3,593;796;937,-1.794757235549405E-5
3,267;495;813,1.7940442804892997E-5
3,411;561;672,1.793747293208813E-5
3,38;194;549,-1.793372868811991E-5
3,113;649;730,1.7923258235162157E-5
3,289;542;590,-1.7915895702594574E-5
3,184;406;440,-1.7906114638396955E-5
3,448;552;827,1.7882436853597986E-5
3,26;50;800,1.787685185555175E-5
3,567;570;707,1.7874427598284124E-5
3,190;426;473,1.7866623397505788E-5
3,39;428;891,1.786474966315024E-5
3,303;492;858,-1.7864388808546777E-5
3,459;616;929,1.785401236784101E-5
3,390;510;816,-1.785159929222579E-5
3,505;526;700,-1.7838029888363168E-5
3,229;571;765,-1.783080159026394E-5
3,411;526;688,-1.782190812728216E-5
3,218;772;999,-1.7814446644171547E-5
3,306;676;982,-1.7778097442730732E-5
3,525;530;741,-1.777172616605098E-5
3,249;359;404,-1.7769999979954827E-5
3,639;840;989,-1.7758802322342754E-5
3,172;337;567,-1.775622856240262E-5
3,151;233;856,1.7756010990587235E-5
3,237;828;851,1.775010333031426E-5
3,213;722;758,-1.774825444148626E-5
3,39;272;468,-1.7746609810783083E-5
3,150;601;852,-1.7740856108016424E-5
3,362;507;802,-1.7728728965314093E-5
3,464;619;866,1.7713983573014374E-5
3,242;392;582,-1.770494976251093E-5
3,5;759;893,-1.7704906526206127E-5
3,129;248;571,1.770140110741957E-5
3,182;358;428,1.768267815140066E-5
3,447;646;797,-1.7672211391177725E-5
3,39;634;835,1.766685385413023E-5
3,542;564;782,-1.766483832208439E-5
3,34;416;535,-1.7648991375399397E-5
3,703;879;984,-1.764824595455642E-5
3,518;859;983,1.76376654052823E-5
3,153;882;983,-1.7628523350188796E-5
3,128;363;500,1.7622303328341616E-5
3,286;621;918,1.762119859234302E-5
3,33;60;145,1.7620538806900048E-5
3,302;387;641,1.7615135997235158E-5
3,448;711;848,1.7614309799987328E-5
3,136;468;791,-1.7599667459599335E-5
3,224;227;672,-1.7594391126465655E-5
3,190;691;960,1.7590861602341054E-5
3,363;500;999,1.7589853279090015E-5
3,250;433;658,1.75874392396542E-5
3,710;742;888,1.7551974109947685E-5
3,45;122;327,1.7551206737412703E-5
3,105;128;695,-1.7549276443942273E-5
3,316;334;631,1.754515608824329E-5
3,225;649;692,-1.75337982095795E-5
3,349;559;875,-1.7533422641755567E-5
3,77;459;475,-1.7530843012907565E-5
3,241;838;930,-1.7529972750979675E-5
3,123;237;818,-1.752377129000937E-5
3,383;555;693,1.751228804555923E-5
3,42;405;899,-1.7490569704243565E-5
3,289;447;573,1.7489128758354342E-5
3,161;683;719,-1.7482902258868743E-5
3,301;346;507,1.7476100563287657E-5
3,334;507;819,-1.747529284572294E-5
3,270;753;840,1.7467946604263298E-5
3,211;234;550,1.745771839899403E-5
3,43;369;678,-1.7440905416430956E-5
3,353;366;651,-1.743726226886785E-5
3,20;480;848,-1.7430164299373427E-5
3,9;363;843,1.742619466295859E-5
3,97;752;973,-1.7409437269346094E-5
3,158;646;684,1.7408982163107073E-5
3,170;383;968,1.74016873688756E-5
3,291;691;931,-1.739495836909838E-5
3,108;363;506,-1.7390828073462523E-5
3,302;711;981,1.738342528172033E-5
3,75;510;613,-1.7382803815913327E-5
3,255;418;727,-1.7378673134472264E-5
3,36;549;562,1.737312338407007E-5
3,404;889;941,1.7370328224265734E-5
3,126;433;847,-1.736496669696652E-5
3,373;556;990,1.7361120456488366E-5
3,72;442;961,1.7348554370964797E-5
3,276;353;372,1.7347227331415027E-5
3,45;205;739,1.733673074143927E-5
3,215;255;911,-1.7332291743760256E-5
3,264;603;898,-1.7311668647752412E-5
3,0;128;315,1.7310957127921026E-5
3,639;840;977,1.7303872798434993E-5
3,420;543;583,1.7295590914278293E-5
3,269;366;651,1.7295273019695206E-5
3,43;124;347,1.7294515086262407E-5
3,348;376;386,1.7268328367380638E-5
3,292;342;969,-1.7267731872891466E-5
3,569;879;885,1.7256607811202402E-5
3,426;427;430,-1.724299123215638E-5
3,70;548;930,-1.7239661422072296E-5
3,384;656;919,1.719120512928528E-5
3,335;681;805,-1.7186754355867974E-5
3,519;549;645,1.7183693788401086E-5
3,444;603;701,-1.7173304031300694E-5
3,677;701;821,-1.7172292663621518E-5
3,187;595;896,1.7167063777538474E-5
3,179;644;810,1.716686741007561E-5
3,405;466;472,1.7164965973186043E-5
3,420;433;754,-1.716032576221242E-5
3,293;500;746,1.7160020233395385E-5
3,679;888;902,1.7156224335241586E-5
3,201;251;989,-1.7156203768822663E-5
3,125;254;498,1.715560056414552E-5
3,440;514;817,1.715356831635926E-5
3,665;904;980,1.714727599330264E-5
3,262;617;960,1.7128154576375753E-5
3,36;549;645,-1.711885296729541E-5
3,38;438;645,-1.710528358494015E-5
3,1;236;335,1.710416483809064E-5
3,70;700;748,1.7104108140725837E-5
3,235;444;795,1.710198627148967E-5
3,316;343;510,-1.7100908106679727E-5
3,283;441;810,-1.7098061862116996E-5
3,501;909;966,1.7091562599092106E-5
3,454;577;849,1.708774658435636E-5
3,310;365;878,1.708464462868574E-5
3,377;676;920,1.70677295387399E-5
3,406;503;626,-1.7060161983113113E-5
3,366;920;963,1.7051528131233045E-5
3,390;396;772,1.704854160290755E-5
3,560;745;767,-1.7033509656553716E-5
3,240;527;985,-1.7004931158090994E-5
3,96;615;735,1.6996850684475873E-5
3,223;308;517,-1.6993489413767862E-5
3,237;486;693,-1.6987490144183973E-5
3,191;263;823,-1.698433446122924E-5
3,165;389;900,1.6983938845559526E-5
3,90;176;987,1.697785050002876E-5
3,158;331;601,-1.697241339703104E-5
3,56;276;506,-1.6952025173356648E-5
3,381;484;505,-1.6941338070238724E-5
3,51;164;228,1.6938754791871684E-5
3,77;239;853,-1.6931213810886416E-5
3,248;474;618,1.6927092954783643E-5
3,53;654;831,-1.6918799302902362E-5
3,90;339;908,1.691587198571247E-5
3,10;383;447,1.6910176956202305E-5
3,380;561;630,-1.6867112605790706E-5
3,291;455;929,1.6861145581444462E-5
3,260;338;994,-1.6860101946991537E-5
3,173;806;917,-1.6858264580361933E-5
3,95;330;662,1.684031163904471E-5
3,199;813;951,-1.6838112769619808E-5
3,519;924;959,1.6837991842986606E-5
3,581;603;884,-1.682848878091212E-5
3,94;152;744,-1.6826282138704382E-5
3,65;289;650,-1.6825351895556882E-5
3,186;581;688,-1.682513567506401E-5
3,302;411;744,-1.6821667273056854E-5
3,307;655;805,-1.6808999249704444E-5
3,114;203;463,1.6803891878801056E-5
3,96;328;661,-1.6798117358162065E-5
3,749;785;838,1.6788675933109807E-5
3,528;721;977,-1.6779086900901686E-5
3,259;629;685,1.6766682768061197E-5
3,182;875;924,-1.6765037922690585E-5
3,125;312;520,-1.67609016371451E-5
3,348;685;776,-1.6760094187822396E-5
3,143;831;838,-1.6756643895273356E-5
3,88;342;556,1.673856515746645E-5
3,58;320;789,1.6735640736945392E-5
3,359;382;919,-1.673352934902117E-5
3,605;627;803,1.6703663663619607E-5
3,478;562;893,-1.670362079266308E-5
3,81;324;950,1.668995625029523E-5
3,548;733;982,-1.6688922934477504E-5
3,151;214;335,-1.668568203910173E-5
3,182;905;994,-1.666966417627598E-5
3,271;545;917,-1.666354333883036E-5
3,264;487;633,1.666084435613007E-5
3,721;753;917,1.665342340673669E-5
3,23;285;872,-1.665041066219774E-5
3,75;115;620,1.6649745667718665E-5
3,116;132;948,-1.662744748031326E-5
3,167;689;726,1.6624113979480292E-5
3,74;359;513,-1.662347679810651E-5
3,53;291;806,1.6613282008781058E-5
3,112;165;966,1.661128280513175E-5
3,30;247;715,1.6596303674088505E-5
3,109;308;937,1.659128838261757E-5
3,378;576;684,1.65748692841072E-5
3,17;41;504,-1.657415774994715E-5
3,10;23;285,1.6573259731106443E-5
3,306;514;817,1.6570855470081664E-5
3,128;315;516,1.6567146594225835E-5
3,25;238;341,-1.6560231408363992E-5
3,117;291;670,1.655563403223797E-5
3,184;553;728,-1.6549037977020448E-5
3,30;494;869,-1.6542705604984054E-5
3,167;307;734,-1.654072876212223E-5
3,390;462;772,-1.6525718910500956E-5
3,199;338;975,1.6523810429206753E-5
3,507;615;830,1.6512326922370005E-5
3,146;380;630,1.6497459081495886E-5
3,65;109;906,1.6492113787357992E-5
3,277;525;891,1.6488142678073127E-5
3,445;671;854,-1.6480828159609657E-5
3,24;171;353,-1.647402090911018E-5
3,199;557;918,1.647023166677995E-5
3,95;97;561,-1.644632713934844E-5
3,261;295;892,1.6446009943969206E-5
3,475;476;839,-1.6443741176189797E-5
3,453;480;719,1.6441605598280877E-5
3,107;620;856,-1.643165129890133E-5
3,235;662;774,1.642308855820422E-5
3,85;194;511,1.6421327549268915E-5
3,133;192;489,1.6417360718114025E-5
3,195;285;673,1.6410466108539505E-5
3,7;171;934,1.6397063051830357E-5
3,466;567;898,-1.6386491055968497E-5
3,279;430;663,-1.6382417980140015E-5
3,745;822;899,1.63721186829794E-5
3,221;540;548,-1.63584141529164E-5
3,78;363;847,-1.634675472009275E-5
3,196;537;956,-1.6335104191067034E-5
3,398;664;710,1.6329664019458477E-5
3,52;223;862,1.6321002747844844E-5
3,86;148;698,1.6317761915134442E-5
3,592;777;805,-1.631572935925711E-5
3,44;355;949,-1.6309083477670495E-5
3,269;365;512,1.630030654068017E-5
3,441;708;952,-1.6291000002430368E-5
3,66;291;319,-1.6284905811152683E-5
3,551;557;625,1.628257984400851E-5
3,78;498;671,-1.628089118713668E-5
3,251;427;553,-1.6263797450403956E-5
3,39;428;468,1.6251580001477057E-5
3,204;499;563,-1.6251274276650227E-5
3,212;345;916,-1.6234864081837234E-5
3,9;567;616,1.621838050024567E-5
3,63;457;988,1.6217684975027044E-5
3,277;397;910,-1.621748010110786E-5
3,163;396;634,1.6203777877973176E-5
3,125;196;385,1.620022238401073E-5
3,140;498;725,1.6198845200592E-5
3,116;293;624,1.618489722169409E-5
3,310;363;878,1.6181595697727548E-5
3,9;204;843,-1.617177600226383E-5
3,294;713;859,1.6170104633969508E-5
3,434;616;659,-1.615317912051468E-5
3,144;212;797,1.6146793821187048E-5
3,163;356;434,-1.6143081165389264E-5
3,89;569;810,-1.6128692334255727E-5
3,386;401;934,-1.6128317400352368E-5
3,473;567;926,-1.6111457260703435E-5
3,96;514;571,-1.610518622861765E-5
3,194;217;361,-1.6102593669582402E-5
3,423;654;875,-1.609464001446829E-5
3,246;294;768,1.6082794488723047E-5
3,461;530;827,1.6075353849667823E-5
3,301;346;819,-1.6063413632851862E-5
3,248;571;765,1.6057203832389937E-5
3,3;136;138,-1.605426418073795E-5
3,245;404;780,1.6053530638334417E-5
3,201;245;668,1.604990640032281E-5
3,268;397;899,1.6040185865135385E-5
3,12;356;864,-1.603275133811176E-5
3,144;563;576,1.6020996429632394E-5
3,8;49;705,1.601881298844179E-5
3,25;497;859,1.6018367100047648E-5
3,272;847;981,-1.6000059160230523E-5
3,110;438;645,-1.598410167658559E-5
3,317;675;862,1.598224457621461E-5
3,261;639;769,1.596606379406625E-5
3,12;262;273,-1.5956886861149566E-5
3,373;588;784,-1.5956829080603715E-5
3,211;509;624,-1.5939283107844843E-5
3,20;480;883,1.593239698926137E-5
3,601;646;690,1.593218135128723E-5
3,153;357;423,1.5912961244708244E-5
3,168;627;822,1.5904201532536528E-5
3,208;418;708,1.5889035824597422E-5
3,170;310;741,1.5887628049413022E-5
3,443;730;735,-1.588620686033998E-5
3,85;662;681,1.5883212176821882E-5
3,471;624;920,-1.5878065483634587E-5
3,19;294;883,-1.5875326994940155E-5
3,303;492;646,-1.5873133731720588E-5
3,172;465;570,1.5869968019923138E-5
3,33;612;771,-1.5858992503271632E-5
3,188;363;604,-1.5854416023306585E-5
3,265;545;548,1.5845012494581096E-5
3,128;363;999,1.584027478406804E-5
3,687;769;779,1.5839156619478758E-5
3,18;407;951,1.5829463671420466E-5
3,373;628;722,-1.580481715604032E-5
3,11;391;739,-1.5803630051147923E-5
3,325;424;974,1.5788037952898232E-5
3,291;484;844,1.5785609646209507E-5
3,337;567;898,-1.578371661841146E-5
3,325;806;974,-1.578317101993571E-5
3,115;118;772,-1.577551959852031E-5
3,71;680;703,-1.576839449438033E-5
3,117;230;548,-1.5759880966315783E-5
3,316;343;774,-1.5742948715295888E-5
3,17;835;979,1.5733365909071692E-5
3,129;229;765,1.5729136527980905E-5
3,366;376;951,-1.572438820508464E-5
3,88;183;897,-1.572296700643042E-5
3,184;406;623,1.571853900010579E-5
3,49;127;752,1.571812405876841E-5
3,65;169;469,-1.571267731194128E-5
3,275;629;804,-1.5707587785491483E-5
3,59;520;617,-1.5696961927218204E-5
3,49;626;697,1.569465715601072E-5
3,297;409;619,-1.5684595973289485E-5
3,444;791;900,1.568245751344254E-5
3,317;539;634,-1.5678812077091747E-5
3,123;454;850,-1.5677362400885304E-5
3,450;500;596,1.5668155428511258E-5
3,302;573;641,-1.566630149296494E-5
3,677;679;808,1.5663789261835256E-5
3,83;319;847,-1.5659155707850514E-5
3,226;517;972,-1.5658712315373774E-5
3,1;394;463,1.565018726967162E-5
3,224;227;746,1.564804020459408E-5
3,370;423;675,1.564446123820684E-5
3,40;146;918,-1.5639137496347208E-5
3,230;499;947,-1.5613616072727576E-5
3,0;315;516,1.5606614182886257E-5
3,171;353;495,-1.560120326281205E-5
3,486;913;992,-1.5595117177038243E-5
3,23;204;563,1.5573381900897494E-5
3,238;341;655,-1.5561728387376214E-5
3,13;548;886,-1.5551857295351666E-5
3,170;496;741,1.5548469162008936E-5
3,360;463;960,-1.5534267806567074E-5
3,245;594;786,1.5531343845535965E-5
3,77;169;533,1.552968861321051E-5
3,153;465;510,1.5515389641386098E-5
3,647;712;979,-1.551320743453129E-5
3,66;88;805,-1.5507700872786565E-5
3,24;299;353,-1.550205236511835E-5
3,349;542;645,1.5497916229749003E-5
3,179;297;666,1.5492785187462788E-5
3,238;421;721,-1.5492222969288066E-5
3,41;253;362,-1.547930381753837E-5
3,688;764;797,1.547389342179219E-5
3,557;566;855,1.5461356278273688E-5
3,195;285;427,-1.545905587072093E-5
3,12;405;822,1.5441606446513968E-5
3,45;616;997,-1.542040808442295E-5
3,314;567;680,1.541630657576804E-5
3,220;301;664,-1.5411256817885706E-5
3,208;683;846,-1.5410987174473977E-5
3,457;865;916,1.5388585380187556E-5
3,443;459;527,-1.5386552539136042E-5
3,154;548;622,1.5383431921684638E-5
3,331;499;511,-1.5383026175102984E-5
3,128;363;526,-1.5376028071015906E-5
3,487;491;633,1.5372974729878938E-5
3,481;676;705,1.536317692562891E-5
3,329;464;633,1.5361233649202966E-5
3,4;122;265,1.5354403516725004E-5
3,298;428;556,1.5351230140758666E-5
3,7;88;171,-1.533846287327315E-5
3,235;699;996,1.5336948042589616E-5
3,340;696;713,1.532721300565682E-5
3,15;66;173,-1.532014825350724E-5
3,208;882;908,1.5317115468028333E-5
3,192;465;716,1.531546290717317E-5
3,471;481;676,-1.5311678812795436E-5
3,508;562;606,1.530327987662259E-5
3,338;429;456,1.52965557277693E-5
3,136;267;474,1.5289891505685008E-5
3,28;424;443,-1.527522069280826E-5
3,19;531;653,1.5251341127862257E-5
3,489;604;742,1.5245959415474693E-5
3,118;772;999,-1.5245198454416756E-5
3,338;429;707,1.524288070990671E-5
3,205;330;385,1.5236978340856568E-5
3,210;706;835,1.5228846706596938E-5
3,388;524;662,1.5212570801638444E-5
3,210;288;676,-1.520101474796553E-5
3,157;304;839,1.5200970359757878E-5
3,169;245;594,-1.5200009052983354E-5
3,554;782;808,1.5184979580651838E-5
3,144;756;797,1.5184338267093663E-5
3,326;815;858,1.5176821442515927E-5
3,32;306;872,-1.5154046575272514E-5
3,48;99;761,1.5147031277441035E-5
3,485;486;910,-1.5142342893713933E-5
3,235;503;774,1.513824527912563E-5
3,14;375;500,1.5137857755868216E-5
3,182;323;330,1.513112781032485E-5
3,28;421;923,-1.5122040313106486E-5
3,204;353;426,-1.510842097608677E-5
3,348;576;896,1.50872161880177E-5
3,44;536;588,-1.5084567800461555E-5
3,65;109;265,1.5080916197008954E-5
3,691;750;867,-1.5079960413604713E-5
3,6;504;772,1.5077816264286511E-5
3,738;862;948,1.5075539211408654E-5
3,6;327;672,-1.5062398800676919E-5
3,103;240;428,1.5045236825089362E-5
3,113;730;797,-1.5036979368920212E-5
3,475;820;839,1.5035607273349082E-5
3,108;194;696,1.5034515413072841E-5
3,363;819;847,-1.5033051223324066E-5
3,377;524;905,-1.5032995773774351E-5
3,244;367;368,1.5026203108963233E-5
3,455;862;928,1.5025852082459531E-5
3,235;399;444,-1.5014546298481257E-5
3,208;231;922,1.5013494996033137E-5
3,600;711;924,-1.5010087072498094E-5
3,15;173;291,1.4994474583224401E-5
3,489;742;991,-1.4971530111155775E-5
3,170;382;807,1.495512180299832E-5
3,392;582;705,1.4954163573178678E-5
3,65;226;799,-1.4924377448864893E-5
3,76;489;495,1.4924170825389136E-5
3,125;498;948,1.4923772412990173E-5
3,72;899;902,-1.492075539511184E-5
3,374;388;404,-1.4902848009542741E-5
3,33;612;729,1.4886508178429609E-5
3,26;360;378,-1.4865763842014483E-5
3,541;574;797,-1.486492756153075E-5
3,35;546;575,-1.4854788354149558E-5
3,603;625;848,-1.485160726567765E-5
3,439;915;964,-1.484957220316514E-5
3,349;436;860,-1.4837712128833476E-5
3,696;799;860,-1.4834984703696874E-5
3,215;929;940,-1.482341306053674E-5
3,281;355;786,-1.4820149811580922E-5
3,296;819;895,-1.4817624305200297E-5
3,40;239;956,-1.4815266409713105E-5
3,74;489;678,1.4815265273749452E-5
3,198;218;489,1.4813733033948295E-5
3,272;504;636,1.480353340120793E-5
3,346;493;695,-1.4788796140104783E-5
3,218;785;818,1.4784233270311053E-5
3,245;252;455,-1.4781181443015404E-5
3,208;341;418,-1.4777121568061738E-5
3,15;291;319,-1.4764627497321878E-5
3,150;259;763,1.4751407501520674E-5
3,7;273;552,-1.4726659703364203E-5
3,59;243;615,1.4712264277619924E-5
3,165;354;892,1.4703392422302508E-5
3,306;332;440,1.4701075213111156E-5
3,195;281;776,-1.4671293834991106E-5
3,26;308;626,-1.466928258927569E-5
3,40;529;918,-1.4664268170345736E-5
3,116;293;504,1.4644887518050813E-5
3,191;221;968,1.4640869722017085E-5
3,176;220;745,-1.46358782042567E-5
3,219;819;895,1.4622711477271371E-5
3,330;397;735,-1.462130795732882E-5
3,107;278;863,1.4612058160681347E-5
3,229;230;684,1.4609472622428104E-5
3,600;711;875,-1.4600463971585324E-5
3,168;195;849,1.4595249186596747E-5
3,470;786;999,-1.4560031145792269E-5
3,302;815;896,-1.455108891067785E-5
3,194;243;721,1.455079446971623E-5
3,320;632;888,1.4530669892092366E-5
3,78;370;634,-1.452417683832025E-5
3,546;779;929,-1.4523116283385256E-5
3,16;214;226,-1.4510077691121912E-5
3,7;178;552,1.4506714082325214E-5
3,494;766;794,-1.4496338364761823E-5
3,508;639;761,1.4479004329604043E-5
3,81;200;359,1.4470356611437915E-5
3,26;43;360,-1.4449989541707206E-5
3,226;241;838,1.4448407091875702E-5
3,101;146;721,-1.444579274759409E-5
3,43;235;369,-1.4434595763895248E-5
3,59;603;980,1.4414252229513197E-5
3,313;546;914,-1.441195075319424E-5
3,99;289;922,1.4407180749480237E-5
3,162;176;628,-1.4403908534506314E-5
3,320;863;880,1.4386535847352603E-5
3,78;320;789,1.4374812837594633E-5
3,286;392;773,-1.4374289650185935E-5
3,222;375;756,-1.4372517196405314E-5
3,67;367;368,1.4371468365763696E-5
3,451;689;926,-1.4360203881040195E-5
3,341;399;711,1.4347345053516016E-5
3,588;830;833,-1.4319567051193552E-5
3,329;577;659,1.4318519517782913E-5
3,366;582;651,1.4308818967775902E-5
3,549;836;912,1.4308285710897865E-5
3,279;812;902,1.4306552795767359E-5
3,189;481;838,-1.4293145463402518E-5
3,269;353;651,-1.4287713649383148E-5
3,628;905;922,-1.4272356431681684E-5
3,285;497;954,-1.4270849765915527E-5
3,85;769;958,-1.426220494889286E-5
3,178;652;959,1.4245208189601705E-5
3,65;302;772,-1.4227594047875221E-5
3,136;285;954,1.4207481302928891E-5
3,113;578;681,-1.420336790966321E-5
3,84;95;980,-1.4199768835239103E-5
3,32;638;656,1.4187325246798964E-5
3,572;684;831,-1.4184691500661946E-5
3,36;329;464,-1.4170090663018845E-5
3,65;469;841,1.4168979298516418E-5
3,366;911;920,1.4155339345518305E-5
3,565;603;984,-1.415027539880092E-5
3,435;578;839,1.4130964998383123E-5
3,111;117;315,-1.4129126894095747E-5
3,309;706;819,-1.4107853773346148E-5
3,104;427;570,1.4104802922127603E-5
3,290;400;836,-1.4104104731681815E-5
3,281;523;699,-1.4096508603396878E-5
3,125;249;763,1.4085057227788009E-5
3,469;560;828,1.4083120842843424E-5
3,217;671;854,-1.4082637167557116E-5
3,22;470;508,1.4081455976183506E-5
3,87;521;918,-1.4074501326507227E-5
3,185;735;893,1.4074041454869037E-5
3,388;677;747,1.4073918789641198E-5
3,427;494;892,1.4070413266540915E-5
3,233;405;789,1.406805741053199E-5
3,284;366;911,-1.4066230130490621E-5
3,285;352;886,-1.4052119066585628E-5
3,168;195;274,-1.4036373607504704E-5
3,504;579;849,-1.4026231102818147E-5
3,128;592;627,-1.402496569426293E-5
3,713;786;999,1.4014821814458887E-5
3,98;196;537,-1.4013464143308792E-5
3,92;308;517,1.39916097528286E-5
3,708;809;952,-1.3986744078413299E-5
3,150;601;861,-1.3978700177222651E-5
3,548;581;615,1.3978138226454877E-5
3,208;620;748,-1.3964087010152171E-5
3,466;795;816,1.3964037486133625E-5
3,121;436;826,-1.3945613365575447E-5
3,154;629;816,1.3943399019421588E-5
3,228;398;817,-1.3941835237542204E-5
3,13;207;548,1.3926715627633189E-5
3,157;881;885,1.3926348613451281E-5
3,635;825;836,-1.3918355115005838E-5
3,299;672;915,1.3915169424790181E-5
3,231;310;730,1.3911343263634129E-5
3,295;509;730,1.3908279042706998E-5
3,76;291;988,1.3903344449797538E-5
3,261;467;883,-1.3897791334878174E-5
3,301;507;819,1.3897520595150797E-5
3,343;730;925,-1.3893674813083429E-5
3,26;163;356,-1.3892922038263523E-5
3,359;440;919,-1.3884545027369854E-5
3,252;685;870,1.387580625848734E-5
3,462;506;543,1.3866980578222787E-5
3,149;231;990,1.3862184166788853E-5
3,64;94;152,-1.3860983330536657E-5
3,4;47;728,-1.3857580212020032E-5
3,577;893;928,1.3856607367237172E-5
3,50;54;536,1.3844338225814392E-5
3,157;249;763,1.3844159217895336E-5
3,352;730;925,1.3838701589421281E-5
3,125;473;948,1.3835807576251965E-5
3,64;484;588,1.3825836883408073E-5
3,307;577;801,1.3820741140340088E-5
3,164;234;550,-1.3820309298877061E-5
3,528;736;824,-1.3810134646389448E-5
3,339;564;904,1.3808811689866654E-5
3,49;111;127,-1.3806144822713546E-5
3,16;379;664,1.3791045436691484E-5
3,76;891;988,-1.3784763636623891E-5
3,294;568;883,1.3772780105142688E-5
3,0;324;758,-1.3765470320602077E-5
3,393;797;880,1.376401079609746E-5
3,283;441;609,-1.3754092089483087E-5
3,172;465;556,-1.3748412861380466E-5
3,180;995;996,1.3741544451345644E-5
3,142;390;808,1.3732436658640075E-5
3,324;828;924,-1.3721020998279463E-5
3,395;735;825,1.3720763417275885E-5
3,287;338;718,-1.3711782861317086E-5
3,349;413;691,-1.3707329463184335E-5
3,76;955;966,-1.3706262475063884E-5
3,151;484;856,-1.3704333348846715E-5
3,238;421;532,1.3695424221886674E-5
3,194;243;361,-1.3693902576414243E-5
3,44;135;768,1.3693284878852763E-5
3,685;689;977,-1.3682638100077846E-5
3,25;27;507,1.3678187218190187E-5
3,26;367;800,-1.3676391894730637E-5
3,172;508;639,-1.3661324475505533E-5
3,390;421;510,1.3645769952990897E-5
3,208;756;837,1.3618582240867743E-5
3,374;589;882,1.3605584696606838E-5
3,238;421;454,-1.3600179487468147E-5
3,461;669;715,-1.3597027126549283E-5
3,130;348;398,1.3586266060334092E-5
3,117;863;880,-1.3585881904183039E-5
3,161;226;761,1.3575487334627035E-5
3,502;813;981,1.3574985975032192E-5
3,297;352;721,1.357050890932857E-5
3,222;524;633,1.3550994307595901E-5
3,549;853;972,-1.3548607886291586E-5
3,559;981;993,-1.3545612598761758E-5
3,231;427;570,1.3538034459667628E-5
3,309;375;666,-1.3535630622339853E-5
3,114;359;900,-1.3524390624371114E-5
3,138;678;851,1.3520532516286227E-5
3,78;439;915,1.3513995308870743E-5
3,239;547;726,-1.3508481242858045E-5
3,316;572;953,1.350743186458383E-5
3,178;652;887,1.3505486314892926E-5
3,431;602;981,-1.350303267171043E-5
3,18;747;911,-1.3500839466423085E-5
3,160;526;785,1.3491824604975465E-5
3,468;580;689,-1.34863530450757E-5
3,470;675;682,-1.348317945615299E-5
3,171;322;822,1.3480115234261574E-5
3,38;124;694,1.3474537504466485E-5
3,519;548;729,-1.3469896299677265E-5
3,433;658;724,1.3469025151944529E-5
3,214;658;764,1.346833178962072E-5
3,327;634;701,1.3466570944283385E-5
3,276;543;876,1.3464216561316797E-5
3,465;570;992,1.3443458198355654E-5
3,165;313;426,1.3441647785783973E-5
3,669;766;870,1.3434203798078963E-5
3,59;520;680,-1.3423783156587154E-5
3,542;554;782,-1.3413753851785734E-5
3,108;178;681,-1.339965730996813E-5
3,312;461;669,1.3393919293060487E-5
3,160;201;251,1.3378130907694381E-5
3,533;537;771,1.3377575358621409E-5
3,95;386;602,-1.3375672730367686E-5
3,463;605;969,-1.3375011530317216E-5
3,191;195;823,-1.336357926110466E-5
3,93;357;564,-1.3351498776063003E-5
3,297;452;570,1.3351418868372787E-5
3,756;797;809,-1.3348489577535674E-5
3,515;673;815,-1.3308340275984477E-5
3,36;43;678,1.3307221181180516E-5
3,337;729;771,-1.3306535800697822E-5
3,44;178;201,1.3305992993801665E-5
3,99;138;947,1.3291575620091159E-5
3,448;540;541,1.3286734180271467E-5
3,86;361;872,-1.3271253128736886E-5
3,65;169;944,-1.3264666339557318E-5
3,88;401;934,1.3261224047983002E-5
3,189;241;416,1.324456462580007E-5
3,385;926;984,-1.324292390695947E-5
3,344;622;812,-1.324160157611376E-5
3,901;904;980,1.3240767219861415E-5
3,497;520;712,1.3238836884211264E-5
3,124;182;711,1.3236091544848811E-5
3,176;745;800,-1.323550737873657E-5
3,39;211;495,-1.3231416004317268E-5
3,67;244;367,-1.320220089507325E-5
3,222;525;741,-1.31825728841674E-5
3,436;860;987,1.3135775924729865E-5
3,25;264;971,1.3129582851157006E-5
3,100;407;658,-1.3118165639666495E-5
3,21;256;922,-1.311508179356885E-5
3,217;232;689,-1.3105355323283448E-5
3,366;694;721,1.3095525944241752E-5
3,329;677;904,1.3086892115393424E-5
3,70;621;846,1.308614857169662E-5
3,85;313;769,1.3080059626987738E-5
3,586;643;881,1.3076941872383871E-5
3,199;458;557,1.3075011619870379E-5
3,261;616;739,-1.3073306161517896E-5
3,173;472;654,-1.3064059497685357E-5
3,324;571;883,1.3061386471573432E-5
3,290;656;951,1.305920878096632E-5
3,821;869;939,1.3043488338562996E-5
3,194;336;824,-1.3042572254990003E-5
3,756;861;983,1.3040116283429267E-5
3,205;251;427,-1.3034721172905564E-5
3,131;783;997,1.3025059915000737E-5
3,90;899;928,-1.302494821323315E-5
3,157;487;961,1.3023788333215471E-5
3,68;442;838,-1.3023163183060752E-5
3,191;507;802,1.3022728775821891E-5
3,341;457;916,1.30223981895857E-5
3,0;633;788,-1.3010781729830896E-5
3,255;268;970,1.2999143653175158E-5
3,269;426;824,-1.2991114534142204E-5
3,38;629;694,-1.2985206318928674E-5
3,65;841;944,1.2972525008585797E-5
3,16;463;969,-1.2970316184665609E-5
3,73;185;277,1.2948223491187766E-5
3,401;629;816,-1.292548848967556E-5
3,110;438;837,-1.291620341077078E-5
3,587;640;702,-1.2901855734485113E-5
3,325;451;560,-1.2900363844561722E-5
3,522;903;992,1.288605047575084E-5
3,170;421;582,1.2884045689605008E-5
3,466;548;576,-1.2883877961954667E-5
3,346;832;848,1.2881695749158304E-5
3,208;434;846,-1.2881619864390154E-5
3,245;324;758,1.2869809832678898E-5
3,226;504;799,1.2867951330289302E-5
3,150;695;852,1.286771939384187E-5
3,221;627;878,1.2861018721354551E-5
3,189;500;784,1.2858826366497615E-5
3,79;420;653,1.2842896318482375E-5
3,233;262;789,1.2840344582538288E-5
3,567;707;958,-1.2829631524227125E-5
3,231;728;993,1.2825183984025955E-5
3,691;867;971,1.2815347831439495E-5
3,150;852;861,-1.281208553197561E-5
3,296;558;832,1.2809140074167267E-5
3,116;374;710,1.2791034029844602E-5
3,12;88;273,1.2788557826167768E-5
3,11;250;431,1.2787610291796155E-5
3,416;485;910,1.2777989516077473E-5
3,347;492;884,-1.2775973089839718E-5
3,304;487;839,1.2767854245978694E-5
3,683;687;719,1.2766771528912667E-5
3,261;586;872,-1.276041997655111E-5
3,38;370;672,-1.275355518627013E-5
3,528;721;826,-1.2744328460762609E-5
3,299;749;996,1.273585956906417E-5
3,158;593;762,-1.273444972128595E-5
3,182;428;864,1.2731623399626021E-5
3,319;508;982,1.2719795679823007E-5
3,541;794;984,1.2705586841692346E-5
3,218;287;701,1.270478330234674E-5
3,395;825;871,-1.267902752144208E-5
3,489;763;806,1.2660511748414667E-5
3,173;550;592,-1.2656195880947737E-5
3,238;307;655,-1.2648034554941062E-5
3,247;450;931,-1.264479252273789E-5
3,144;208;452,1.2641151626487223E-5
3,393;485;927,1.2628932414883498E-5
3,171;882;983,-1.2626619985577944E-5
3,13;224;474,1.2605663053142504E-5
3,519;549;562,1.2597031569432298E-5
3,627;670;897,-1.2589403587352795E-5
3,284;911;920,-1.2579174301204449E-5
3,649;753;865,-1.2571082907244353E-5
3,205;465;557,-1.2569825402428295E-5
3,44;144;152,-1.2569473610588106E-5
3,0;272;667,-1.2568639996697947E-5
3,143;605;969,1.2565313083225238E-5
3,66;738;749,1.2561031691779642E-5
3,13;474;787,1.2558800992139738E-5
3,264;765;850,1.255549327448624E-5
3,265;414;888,1.2535177715914909E-5
3,66;709;738,-1.2534341067062909E-5
3,373;804;950,-1.253326964586014E-5
3,180;718;996,1.252982161178784E-5
3,109;753;785,-1.2528820609958316E-5
3,605;803;808,1.2528637044978222E-5
3,63;483;626,-1.252797414785218E-5
3,719;747;911,1.2525342048152095E-5
3,600;858;875,1.2520890475418978E-5
3,528;616;711,1.2508393555353995E-5
3,173;383;554,1.2500380014889435E-5
3,247;306;720,1.2494113646004317E-5
3,139;340;907,-1.2488761110114322E-5
3,230;320;548,1.2483192580052232E-5
3,230;412;975,-1.2471213346425488E-5
3,739;855;918,1.2464628395866346E-5
3,398;664;733,-1.245275149021699E-5
3,402;687;967,-1.2450980063628078E-5
3,382;518;853,1.245057936045544E-5
3,508;562;563,1.2446039871490938E-5
3,85;676;875,1.2436707646519672E-5
3,382;659;853,-1.2436267879508515E-5
3,2;821;966,1.2430981772582024E-5
3,176;568;744,-1.2421126272260475E-5
3,232;689;795,-1.2409471159645979E-5
3,279;475;476,-1.2391552483047318E-5
3,468;655;791,1.2390427702268101E-5
3,394;454;739,-1.238934631508905E-5
3,67;368;689,-1.2388565058084313E-5
3,537;771;985,1.2383990249688785E-5
3,512;843;979,1.23644694592464E-5
3,180;717;744,1.2357118623264805E-5
3,118;600;650,1.2356932301390172E-5
3,39;210;835,-1.2356388151759684E-5
3,255;911;955,1.2345279137046119E-5
3,383;784;939,-1.2334952724459746E-5
3,255;715;727,-1.2334365912167827E-5
3,159;212;376,1.2332943544951389E-5
3,122;265;439,-1.2332631333926703E-5
3,39;130;145,-1.2318738247206772E-5
3,103;148;240,1.2316455276292374E-5
3,279;719;730,1.2315932717006325E-5
3,29;174;224,-1.231460483876564E-5
3,114;143;807,-1.2313214661257129E-5
3,424;443;897,-1.2309257879215225E-5
3,455;911;913,1.2304956800897983E-5
3,512;843;972,1.230049284591182E-5
3,445;754;980,-1.2296774241709121E-5
3,73;249;478,1.2285501193891636E-5
3,24;76;495,-1.2276845179765632E-5
3,107;195;776,1.2267030661112822E-5
3,153;171;585,1.2264942949031687E-5
3,32;750;908,1.226107821065799E-5
3,141;252;658,-1.2252628240322322E-5
3,214;808;947,-1.2246113937529343E-5
3,609;636;976,1.2218283480827412E-5
3,677;713;731,1.2209351060405295E-5
3,8;193;745,-1.2203779976737685E-5
3,154;503;558,1.2196001946583255E-5
3,165;500;596,-1.219275922222568E-5
3,184;239;853,-1.2185093237809003E-5
3,296;558;572,-1.218436470256198E-5
3,187;302;542,-1.2169028183875067E-5
3,199;483;566,-1.2168902567929904E-5
3,255;939;955,-1.2140776749431821E-5
3,28;35;588,-1.2138838316521302E-5
3,14;220;500,-1.2114948267932694E-5
3,261;687;769,1.2114316229591557E-5
3,25;466;579,1.2112673181250464E-5
3,178;284;290,-1.2110753076437511E-5
3,740;744;857,-1.2108996966705377E-5
3,316;468;689,-1.2108781148114878E-5
3,278;863;877,1.2104102139673643E-5
3,405;472;511,-1.2097246405912816E-5
3,464;657;866,1.2096229984221726E-5
3,132;357;642,-1.2091642142246406E-5
3,65;873;906,1.208283802868932E-5
3,471;717;744,-1.208071393567585E-5
3,517;634;988,-1.2068481026188974E-5
3,103;195;564,1.2058885178990884E-5
3,242;289;877,1.2054866683911279E-5
3,711;875;924,1.2049297742308143E-5
3,354;745;800,1.2047798952300868E-5
3,19;727;892,-1.2044829462279145E-5
3,199;233;914,1.2034936477444716E-5
3,443;680;932,1.2032078359376763E-5
3,338;552;975,-1.2030129581245904E-5
3,302;426;896,-1.2018549175284943E-5
3,26;178;658,-1.201224604502936E-5
3,18;155;962,1.2010066495028966E-5
3,44;178;901,1.2007924738264398E-5
3,33;52;880,1.1994247977918509E-5
3,18;819;962,-1.1979348387635372E-5
3,247;437;536,1.1972800598882169E-5
3,155;516;686,1.1946993825893902E-5
3,176;354;745,-1.1938939827483376E-5
3,154;782;845,-1.193628686620686E-5
3,344;512;781,-1.1935339951369723E-5
3,235;369;678,-1.1933224292881954E-5
3,451;862;927,1.1925371596729378E-5
3,314;680;688,-1.1912840223358868E-5
3,42;256;681,-1.1900201972415856E-5
3,136;139;549,-1.1898392124222272E-5
3,245;455;685,1.1896700532500555E-5
3,158;593;802,-1.1895982389156936E-5
3,1;463;503,1.1855510198007788E-5
3,188;604;695,1.1853669335502522E-5
3,65;226;801,-1.1853631751035675E-5
3,152;584;740,1.1831216186892448E-5
3,564;710;888,-1.1830094462855337E-5
3,20;320;789,-1.1827311517331959E-5
3,251;392;571,-1.1809534416893364E-5
3,21;750;991,-1.1801655857143112E-5
3,149;683;770,1.1785495734289505E-5
3,24;76;489,1.1784196285336134E-5
3,665;901;980,1.178398233303041E-5
3,707;783;984,-1.1766651950138786E-5
3,194;287;445,-1.175554261654459E-5
3,451;517;751,-1.174257560613148E-5
3,95;362;602,-1.1738817412668734E-5
3,604;955;966,1.1730925794162992E-5
3,728;739;838,-1.1730104680950802E-5
3,238;338;543,-1.1720962817291948E-5
3,52;119;518,-1.170731496655366E-5
3,199;842;918,1.1703711931657437E-5
3,114;523;900,1.1700128497287388E-5
3,82;355;949,-1.1699786010860295E-5
3,818;868;914,1.1699021586410369E-5
3,53;458;659,1.1697131183227231E-5
3,639;769;779,-1.1685732445794207E-5
3,418;727;796,-1.1680943396307878E-5
3,589;874;928,-1.1670087220302254E-5
3,88;183;541,1.1656925227311588E-5
3,125;447;572,1.1653956557998142E-5
3,141;454;969,1.1642319816926768E-5
3,406;588;784,1.163599729212378E-5
3,301;615;664,-1.1634212257175151E-5
3,55;388;683,1.1628397775239475E-5
3,0;203;272,-1.1624974686792273E-5
3,685;869;912,-1.1613931288864704E-5
3,60;598;812,1.1613658847615893E-5
3,82;596;690,1.1605828625511683E-5
3,40;548;576,1.160326170665842E-5
3,119;441;609,1.1601705349348908E-5
3,225;263;664,1.1598386726916207E-5
3,278;738;776,1.1598278510191577E-5
3,313;769;958,1.159606433733175E-5
3,4;101;721,1.1589805401547262E-5
3,24;438;723,1.1583207506199317E-5
3,560;721;828,-1.1581470394823965E-5
3,44;297;452,1.1579513765002096E-5
3,131;612;813,-1.1573426008982042E-5
3,195;592;692,1.155450607636762E-5
3,313;599;946,1.1553369114121408E-5
3,517;751;988,1.1540127657766786E-5
3,43;545;950,-1.153611972197181E-5
3,39;210;706,-1.1530135096396257E-5
3,203;612;760,1.1528890957132148E-5
3,721;909;917,1.1528358663931066E-5
3,198;277;834,1.1527465658375122E-5
3,14;749;961,1.1523256343371258E-5
3,338;456;707,-1.1510890237871281E-5
3,247;437;588,1.1504416286035213E-5
3,181;285;940,1.149960324663011E-5
3,435;565;839,-1.149110230564638E-5
3,167;386;726,-1.1475576793743774E-5
3,74;696;988,-1.147510381181898E-5
3,182;875;994,-1.147498327628424E-5
3,260;306;678,-1.1472092009306035E-5
3,417;473;885,-1.1461713733303503E-5
3,52;379;626,1.144819661046885E-5
3,87;770;912,1.144051932299588E-5
3,128;826;843,-1.1434207516471608E-5
3,363;604;853,-1.143241727087637E-5
3,475;935;983,1.142845068002626E-5
3,187;853;972,1.1427771442850392E-5
3,429;469;919,-1.1422319180968292E-5
3,202;310;313,1.1421225518166176E-5
3,255;435;507,1.1420704810951102E-5
3,124;488;939,-1.1419378096381498E-5
3,724;729;946,-1.1416922865902742E-5
3,376;692;985,-1.1409880984755359E-5
3,48;163;732,-1.1408202554030682E-5
3,44;273;978,-1.1403017862476114E-5
3,156;502;921,-1.1400005665239466E-5
3,258;423;442,-1.1398447318673833E-5
3,86;261;872,1.139506946326787E-5
3,317;327;539,-1.1394638447160085E-5
3,619;657;866,1.1375958188458994E-5
3,53;318;953,1.1366251205352673E-5
3,581;612;806,-1.1363420863359868E-5
3,911;913;971,1.1356516287550536E-5
3,36;79;202,-1.1356309643517322E-5
3,208;434;596,-1.1349716849295206E-5
3,24;138;456,-1.1344296137215775E-5
3,715;727;796,-1.1343479389730491E-5
3,371;420;856,-1.1343464709986654E-5
3,301;879;966,1.1339002628507029E-5
3,667;698;997,-1.132568719438179E-5
3,34;189;241,1.1324232607261391E-5
3,373;604;971,-1.1320082973830668E-5
3,363;479;506,1.1317929201398441E-5
3,49;252;655,1.1317460333675343E-5
3,96;284;883,-1.1316882782041984E-5
3,164;228;418,-1.1315477942023429E-5
3,229;326;858,-1.130345012923744E-5
3,518;625;774,1.1299534273248323E-5
3,614;737;909,1.1298913531907033E-5
3,56;285;368,1.1294068590241457E-5
3,427;436;892,-1.1293510745187717E-5
3,217;308;671,1.128815657746235E-5
3,156;239;547,-1.1285223992138837E-5
3,359;523;900,1.128412760023578E-5
3,131;783;953,1.1273735954582119E-5
3,393;844;927,1.1272671750257334E-5
3,16;404;780,1.1259239548096083E-5
3,84;95;820,1.1251182075446543E-5
3,337;918;966,1.1204659914738658E-5
3,517;746;850,-1.1203842539331749E-5
3,360;615;686,1.1195856833709602E-5
3,461;827;985,1.118340048236283E-5
3,17;192;835,1.1179182172123472E-5
3,367;663;884,-1.1175215740324884E-5
3,208;746;850,-1.1161218024279712E-5
3,56;170;421,-1.1152925836823879E-5
3,446;636;929,1.1140225638436905E-5
3,78;600;789,-1.1137128292868403E-5
3,683;687;900,1.113641211954676E-5
3,546;818;868,1.1134474074109471E-5
3,390;462;781,1.113382386034991E-5
3,41;155;571,1.1132693006581866E-5
3,43;118;650,-1.1127287050103692E-5
3,78;216;819,1.112543331763097E-5
3,199;212;327,1.1124691173593367E-5
3,370;413;423,1.1108104771072187E-5
3,71;461;669,-1.1090803790927125E-5
3,233;793;856,1.1087117766652666E-5
3,709;862;948,1.108662059705948E-5
3,701;785;958,-1.1083509424910369E-5
3,10;23;872,-1.1070040394195583E-5
3,526;548;995,-1.1068349648458347E-5
3,320;583;880,1.1066685502638883E-5
3,178;887;959,-1.1062796961839872E-5
3,128;695;790,-1.1053585368344318E-5
3,377;524;684,1.1044550892386526E-5
3,332;440;817,1.1042909317908453E-5
3,264;644;701,1.1025658171268097E-5
3,705;850;932,1.1023021563549438E-5
3,21;119;992,-1.1021240973796022E-5
3,341;544;600,1.1018598776631923E-5
3,477;650;852,-1.1015288534245674E-5
3,815;874;889,-1.1009700752949502E-5
3,161;173;718,1.099137315729188E-5
3,588;657;800,1.0975335199362842E-5
3,228;670;918,1.0974726137948168E-5
3,296;665;966,1.0972129368842073E-5
3,7;552;825,-1.0962536716793956E-5
3,356;536;744,1.0956500048049656E-5
3,548;622;886,1.0951688220336334E-5
3,21;136;791,-1.095157879919911E-5
3,488;624;939,1.094953810842819E-5
3,177;346;832,-1.0948087787324867E-5
3,520;583;734,-1.0946516815095207E-5
3,624;939;947,-1.0944525545079576E-5
3,762;789;967,-1.0935882838860503E-5
3,448;552;562,-1.0935394771793505E-5
3,249;404;758,1.0933557143985688E-5
3,8;646;741,-1.0933457872980193E-5
3,165;265;900,-1.0922742291202156E-5
3,305;607;866,1.0919745597999773E-5
3,468;782;796,-1.0914804837859255E-5
3,515;545;673,-1.0907622072533888E-5
3,193;715;745,-1.090166332603562E-5
3,548;597;982,-1.088851503945885E-5
3,102;333;881,-1.08745312785338E-5
3,163;396;944,-1.087226906791856E-5
3,97;561;748,-1.086466445582126E-5
3,212;300;461,-1.0861329152764033E-5
3,40;146;352,-1.0851055679466922E-5
3,522;855;918,-1.0836549834914756E-5
3,382;518;859,1.0835133199378031E-5
3,572;839;993,-1.0827962881531525E-5
3,572;579;836,1.0816028261526428E-5
3,111;379;664,-1.0809680224102302E-5
3,340;869;907,1.0805501170992819E-5
3,381;700;720,-1.077681387216447E-5
3,367;388;834,-1.0767544991678477E-5
3,450;593;757,1.0765732628204096E-5
3,85;113;578,1.0761653401141196E-5
3,171;454;849,1.0761110156161935E-5
3,72;258;442,-1.0746481594563633E-5
3,434;528;659,-1.0739229059595581E-5
3,245;455;870,-1.0724511353184914E-5
3,4;721;831,-1.0721328801567766E-5
3,7;843;934,1.0721309593492066E-5
3,341;399;751,-1.0716589195739187E-5
3,770;862;927,1.0715239761681175E-5
3,478;836;850,-1.0711854648756215E-5
3,486;712;854,-1.0707544733190199E-5
3,14;383;961,-1.0706079678251497E-5
3,65;289;542,-1.0703290701244012E-5
3,500;526;999,-1.0699930151362107E-5
3,32;247;720,-1.0689684542081738E-5
3,363;695;853,1.0681469258629513E-5
3,468;679;894,-1.0679912424797322E-5
3,466;647;795,1.0679169680100342E-5
3,295;375;730,1.0675821001536597E-5
3,0;203;935,-1.0674087586679339E-5
3,148;240;428,1.0671107651598198E-5
3,198;218;254,-1.0668169532014295E-5
3,352;489;857,1.0667474424694727E-5
3,176;641;744,1.065261971944089E-5
3,156;322;470,1.0650924301022335E-5
3,95;567;707,1.0641055262933946E-5
3,125;572;993,-1.0623853464831051E-5
3,201;492;646,1.0622441784847892E-5
3,434;810;978,-1.0621765080159977E-5
3,125;572;839,1.0610560373194702E-5
3,522;708;994,1.0606685297915953E-5
3,450;526;785,1.0601533312426665E-5
3,111;117;857,-1.0600702176485646E-5
3,261;687;779,1.0596598609938977E-5
3,561;701;831,-1.0587416368967825E-5
3,156;547;740,1.056970437268361E-5
3,128;300;516,-1.0568429958132002E-5
3,214;462;945,1.0563071972197427E-5
3,625;795;849,-1.0559169268775146E-5
3,166;271;834,-1.0550361324939077E-5
3,729;747;906,1.054633273492718E-5
3,276;288;628,1.054197422990269E-5
3,398;576;896,1.0534593494223664E-5
3,105;331;793,-1.0523824762473187E-5
3,49;626;639,1.0522908102725143E-5
3,88;342;969,1.0493832989379989E-5
3,17;186;924,1.0480382032071852E-5
3,324;709;988,1.0460178416738259E-5
3,44;332;499,-1.045609377781187E-5
3,269;430;824,-1.045514377164811E-5
3,548;576;812,1.045429687892483E-5
3,462;925;967,1.0446469294613181E-5
3,140;153;429,1.0432398154429034E-5
3,137;829;936,1.0429531854784422E-5
3,779;904;943,1.0425505431897801E-5
3,298;304;525,1.042234920473466E-5
3,364;438;770,1.0408493033559958E-5
3,48;658;820,1.0402970293637925E-5
3,48;218;818,-1.0399973946044968E-5
3,66;600;669,1.0397077066546513E-5
3,71;243;425,1.0396145116842806E-5
3,542;554;564,-1.0391219618735057E-5
3,140;145;154,-1.0377120951756463E-5
3,103;173;564,-1.0368302658816276E-5
3,41;155;883,1.036726735415889E-5
3,574;879;984,1.0362128385345913E-5
3,4;553;728,-1.0356085712018599E-5
3,619;880;935,1.0354914883790535E-5
3,105;695;790,-1.0350161506738777E-5
3,665;770;901,1.0345029851938789E-5
3,499;648;925,-1.0344585037965174E-5
3,199;290;951,1.0329824487642737E-5
3,520;655;712,1.03276577173088E-5
3,130;520;744,1.0325916840549985E-5
3,388;527;834,1.0284083889240393E-5
3,239;614;655,1.0279651449012769E-5
3,405;411;446,-1.026134036075746E-5
3,381;876;945,1.0261252866007297E-5
3,313;546;818,1.0254463912617348E-5
3,16;108;144,1.0252481506550587E-5
3,5;11;431,1.0251534033434862E-5
3,220;375;958,-1.0249089490002642E-5
3,184;394;739,-1.0248540375151244E-5
3,144;289;452,-1.0228306729077726E-5
3,42;816;899,1.0225301261133933E-5
3,144;367;653,-1.0216774178298554E-5
3,377;524;676,-1.0198930028067357E-5
3,256;540;730,-1.0197137647615058E-5
3,62;462;925,-1.0195824586389499E-5
3,276;434;587,-1.0176748048665224E-5
3,221;374;529,-1.017096460028975E-5
3,269;393;696,-1.0151998625923892E-5
3,18;124;492,-1.015077554197277E-5
3,70;283;317,-1.014781710611442E-5
3,205;385;631,-1.0147762537334807E-5
3,40;352;529,1.0137095389531541E-5
3,168;182;714,1.013401409683834E-5
3,22;553;559,1.0128752450612823E-5
3,604;695;853,1.0126062378745523E-5
3,203;689;919,1.0116373451020143E-5
3,56;356;536,-1.009813053565933E-5
3,572;851;953,-1.0096905162748194E-5
3,497;655;808,1.0090193723688565E-5
3,192;420;426,1.0087030951603417E-5
3,696;852;887,1.0086398606595063E-5
3,157;587;660,-1.0085571033626579E-5
3,130;348;576,1.0083352397718147E-5
3,420;583;752,1.0070718842344604E-5
3,700;767;845,-1.0059607890092741E-5
3,15;40;55,-1.0052008767054026E-5
3,559;872;875,1.0047113818446058E-5
3,396;797;976,1.0045023366546197E-5
3,378;599;743,1.0043550838614791E-5
3,608;721;753,1.0031588983117682E-5
3,245;780;938,-1.0028304227789106E-5
3,77;394;994,1.0011192345618616E-5
3,312;404;941,-1.001088272791921E-5
3,195;327;461,-1.0007377565706972E-5
3,64;94;222,-1.0005613036986182E-5
3,297;452;946,1.0003213429279338E-5
3,517;658;772,-9.997908025356919E-6
3,16;762;967,-9.994995662395992E-6
3,684;699;956,9.982137440249967E-6
3,274;830;849,-9.966508446883252E-6
3,25;291;617,9.962643632594647E-6
3,83;293;500,-9.962473896554608E-6
3,163;705;944,-9.955548832571889E-6
3,489;588;657,-9.948875778101205E-6
3,30;155;965,9.946366755313574E-6
3,143;433;773,-9.944825165545859E-6
3,560;733;982,9.924046470586455E-6
3,569;684;717,-9.920255407575365E-6
3,192;420;433,9.914344586160418E-6
3,109;155;937,-9.899257386367253E-6
3,291;463;904,-9.89682393804097E-6
3,406;646;667,-9.882203917454785E-6
3,35;546;685,9.881617326549421E-6
3,108;503;558,-9.880913096620162E-6
3,608;685;721,9.867786506498771E-6
3,143;551;625,9.858771379398327E-6
3,301;334;507,9.825475788530536E-6
3,249;741;882,-9.824399835471169E-6
3,15;909;967,-9.815476275372673E-6
3,359;534;972,-9.799505572956425E-6
3,86;202;536,9.799446498977245E-6
3,542;615;830,-9.798741120093318E-6
3,422;495;596,9.785833388142518E-6
3,266;359;524,-9.777249658408628E-6
3,275;307;804,9.758342738816553E-6
3,651;688;908,-9.753377648053306E-6
3,377;844;946,-9.724410909117957E-6
3,119;503;558,-9.71993002631303E-6
3,59;135;414,-9.718160898351497E-6
3,828;903;951,9.706768189741647E-6
3,304;642;889,9.701836116659435E-6
3,53;515;817,9.6954470883588E-6
3,504;624;891,-9.692158589369504E-6
3,347;533;628,-9.690944810975135E-6
3,173;341;718,9.687928409278842E-6
3,89;810;978,9.683079313591248E-6
3,197;268;854,9.677392962666107E-6
3,184;224;239,9.674237477044503E-6
3,23;285;419,-9.662935999738647E-6
3,335;805;934,-9.661330137515468E-6
3,602;981;988,-9.65556025805277E-6
3,493;575;975,-9.63725068634285E-6
3,667;905;997,-9.613953580046075E-6
3,87;91;521,-9.592716209876076E-6
3,91;390;463,-9.5888753638553E-6
3,658;772;972,-9.588775218136134E-6
3,152;669;870,9.585874733284337E-6
3,755;915;988,9.584886900982567E-6
3,548;662;991,-9.580111249790313E-6
3,361;654;931,-9.575261470565183E-6
3,306;324;518,9.57100455558741E-6
3,581;688;797,9.561314680729488E-6
3,428;856;983,-9.550559953572464E-6
3,160;638;785,-9.543848368739547E-6
3,101;190;691,-9.541259850781359E-6
3,134;489;747,-9.527819817730623E-6
3,15;191;909,-9.518209383477829E-6
3,137;303;689,-9.495244365289208E-6
3,0;288;865,9.491618418491266E-6
3,77;548;581,9.470293556980935E-6
3,118;806;932,-9.469910786923618E-6
3,156;239;740,9.461193518544127E-6
3,30;155;440,-9.461061637687184E-6
3,135;414;980,9.461014917274948E-6
3,400;537;857,-9.460695198428863E-6
3,711;848;907,9.459874192435499E-6
3,656;696;953,-9.456726284163428E-6
3,5;141;202,9.447955344563039E-6
3,367;851;997,-9.445878401585954E-6
3,62;315;525,-9.430807964647137E-6
3,327;777;982,9.40253284798838E-6
3,35;110;705,-9.398214615861968E-6
3,208;289;793,-9.394592884600462E-6
3,65;369;772,-9.39362401569754E-6
3,128;687;902,9.356947338696246E-6
3,179;279;869,9.35081078198676E-6
3,192;349;979,9.349319172389529E-6
3,91;155;440,-9.348948966582365E-6
3,43;82;373,9.346834153892459E-6
3,113;578;662,-9.343100974747925E-6
3,242;392;705,9.342024881064875E-6
3,114;359;821,-9.325868631878377E-6
3,317;356;702,9.324952511002419E-6
3,127;612;760,9.3075981368256E-6
3,254;297;489,9.292751264344635E-6
3,335;588;681,9.283136390981787E-6
3,183;668;757,-9.279571897395347E-6
3,399;472;766,9.278314329885198E-6
3,140;154;725,-9.278087011048882E-6
3,300;304;940,9.271297984304522E-6
3,64;510;679,9.265039146834727E-6
3,247;536;588,-9.252151558180321E-6
3,136;351;497,-9.2330562059387E-6
3,17;357;564,9.225791288545286E-6
3,345;461;916,9.224985064537283E-6
3,136;252;880,9.215782442381783E-6
3,34;189;416,-9.212072203853776E-6
3,225;610;852,9.210629269053104E-6
3,67;208;620,9.199338530482875E-6
3,628;905;956,-9.198028100706218E-6
3,306;445;754,9.188550362148867E-6
3,27;153;705,9.183527126340863E-6
3,77;468;548,-9.178914531053184E-6
3,25;27;69,-9.17220840482428E-6
3,87;91;322,9.170851953982876E-6
3,154;401;629,9.16391765558213E-6
3,76;213;988,9.163290383733654E-6
3,313;868;914,9.152520236901773E-6
3,39;211;966,9.140266374487084E-6
3,218;692;782,-9.140155948385618E-6
3,53;117;670,-9.138002172213254E-6
3,317;630;662,-9.130723568963408E-6
3,155;255;686,9.128719742005547E-6
3,39;631;893,-9.118513963642047E-6
3,53;337;369,-9.109534906073618E-6
3,108;114;508,9.093599038480206E-6
3,194;499;511,9.093191831875903E-6
3,94;500;746,-9.09225592798633E-6
3,589;954;971,-9.089651125048458E-6
3,196;385;815,9.086174813331902E-6
3,305;547;962,-9.082787003890172E-6
3,302;535;629,-9.074467790374026E-6
3,208;517;746,9.068543687350085E-6
3,216;846;857,-9.065709766330623E-6
3,67;256;259,9.06492859024675E-6
3,557;566;719,9.048996189555694E-6
3,60;96;262,9.043443034686738E-6
3,549;562;645,9.040620324307358E-6
3,94;401;923,9.035724210920423E-6
3,24;136;456,-9.033322608102097E-6
3,33;729;771,9.031614768473872E-6
3,355;412;545,-9.030287080186568E-6
3,171;204;353,-9.021871246821907E-6
3,290;948;960,-9.00019204344807E-6
3,208;341;717,8.997403270074283E-6
3,203;272;935,8.99533960243431E-6
3,14;375;958,-8.993013312870432E-6
3,206;302;896,8.973084905519885E-6
3,100;424;443,-8.972298623447821E-6
3,289;328;661,-8.953677676958546E-6
3,128;725;902,-8.949608886567973E-6
3,41;155;504,8.949075411526477E-6
3,262;405;789,8.94743231752404E-6
3,374;388;882,-8.947131942543648E-6
3,314;649;708,8.946389487797084E-6
3,120;385;406,-8.941689349882123E-6
3,312;930;941,8.922629340505396E-6
3,521;578;870,-8.919303734967059E-6
3,44;663;963,8.917593232341825E-6
3,677;713;908,8.916714225495203E-6
3,265;367;521,8.905441062014318E-6
3,269;393;887,8.905053969718773E-6
3,109;265;906,8.883050087283885E-6
3,454;920;933,8.87803248668323E-6
3,77;468;615,8.876160221615519E-6
3,565;707;984,-8.872864507186453E-6
3,36;42;816,8.86401629537211E-6
3,170;179;940,-8.853535660734498E-6
3,168;274;830,-8.851874761495626E-6
3,336;697;824,8.845377122725273E-6
3,397;634;950,-8.838395964396492E-6
3,390;808;998,8.838128029871634E-6
3,349;395;682,-8.83555002796792E-6
3,306;561;661,8.83418621735161E-6
3,419;712;979,-8.825760327451131E-6
3,276;434;974,8.817605412892789E-6
3,429;456;707,-8.809495128615369E-6
3,43;360;670,-8.790926782106517E-6
3,48;259;842,8.785572941878682E-6
3,401;471;481,-8.779399062600671E-6
3,124;488;624,-8.779356750281797E-6
3,87;270;913,8.777765086388618E-6
3,88;467;472,-8.77349260955925E-6
3,24;40;318,8.769461927992266E-6
3,335;681;934,8.763788036816871E-6
3,265;277;935,8.71034765685273E-6
3,333;881;885,8.707403064377921E-6
3,59;300;940,-8.698486920577086E-6
3,753;775;894,-8.69706669664793E-6
3,472;766;884,-8.695791542036064E-6
3,166;255;271,-8.691801975654599E-6
3,345;408;988,8.677793184010514E-6
3,123;237;599,8.668657405597039E-6
3,399;444;795,-8.66695945267787E-6
3,245;579;849,-8.65193914172592E-6
3,542;728;838,-8.647934799185749E-6
3,494;685;869,-8.641709628450473E-6
3,612;806;917,-8.637137705517716E-6
3,65;226;504,8.632803850283824E-6
3,128;725;911,-8.626290092764052E-6
3,453;577;684,8.62624268500238E-6
3,345;482;585,8.615470233773921E-6
3,48;193;745,8.607791613075972E-6
3,414;438;770,8.604968307950055E-6
3,352;708;735,-8.594613253263617E-6
3,229;593;815,-8.591304997759709E-6
3,442;861;989,-8.585617122246762E-6
3,25;898;971,8.57688168188742E-6
3,219;336;495,8.5741326192063E-6
3,427;436;852,8.572453898373221E-6
3,96;295;452,-8.570741659254221E-6
3,131;232;953,-8.561527529358261E-6
3,134;824;882,8.556706428543188E-6
3,905;924;994,-8.550922436031069E-6
3,461;530;985,-8.549655376736659E-6
3,116;298;747,-8.546149136291925E-6
3,737;880;909,8.540530918340419E-6
3,518;749;859,8.535451039287896E-6
3,605;913;971,-8.53501795462801E-6
3,187;303;861,8.52072977555898E-6
3,508;628;639,-8.519654337749104E-6
3,88;183;226,-8.515357239987562E-6
3,643;664;710,-8.511558658437279E-6
3,295;322;822,-8.508635474884281E-6
3,125;312;841,-8.502986304034951E-6
3,67;367;689,8.480325596986937E-6
3,195;830;849,-8.432435364752162E-6
3,82;596;617,-8.43148409851682E-6
3,267;467;600,8.43024822904387E-6
3,202;391;920,8.429335518691118E-6
3,143;184;739,8.428923279711537E-6
3,381;700;977,-8.419786868399184E-6
3,215;255;955,8.419429833385673E-6
3,283;404;417,-8.413745784713162E-6
3,53;794;999,-8.41205560207384E-6
3,244;284;457,8.410258460091775E-6
3,121;259;467,-8.40633021436929E-6
3,21;86;698,-8.40369701327573E-6
3,0;223;909,-8.400319582875696E-6
3,333;470;682,8.400161227087037E-6
3,185;252;343,8.399206599959727E-6
3,74;732;743,-8.392401773073714E-6
3,508;563;606,8.383171307487627E-6
3,318;853;896,-8.363575422458979E-6
3,583;770;815,-8.346759553023663E-6
3,276;656;794,8.342726735577865E-6
3,96;381;700,8.32789338536967E-6
3,306;518;625,8.320169798678486E-6
3,352;819;886,8.305155883250006E-6
3,466;696;717,-8.3043514183654E-6
3,55;524;683,8.299740929478508E-6
3,201;303;492,-8.286106813797073E-6
3,268;710;854,-8.285986494729056E-6
3,161;800;972,8.28162273945305E-6
3,429;471;826,-8.280347133939422E-6
3,608;721;850,-8.274139407006869E-6
3,276;536;637,8.257262267091593E-6
3,250;658;724,-8.254874861495427E-6
3,505;689;865,-8.235864330748768E-6
3,400;651;849,-8.235434562398613E-6
3,106;433;602,-8.233413290429627E-6
3,420;543;752,8.231603386806834E-6
3,168;694;822,-8.218997916535042E-6
3,846;932;938,-8.216580134776188E-6
3,682;819;868,8.214254274606688E-6
3,165;500;579,-8.203411637518882E-6
3,181;285;929,8.195100451418996E-6
3,186;198;277,-8.19299983123242E-6
3,132;419;798,-8.19279185273709E-6
3,3;370;413,8.188317519730964E-6
3,545;673;815,-8.187900061746381E-6
3,447;797;915,-8.187332197316211E-6
3,387;443;730,-8.182103063534272E-6
3,97;179;752,-8.176361275373384E-6
3,108;178;568,-8.172401931252675E-6
3,42;348;376,8.146891364693071E-6
3,147;187;536,-8.14457554168161E-6
3,255;273;672,-8.138187882944629E-6
3,41;303;505,-8.129059046924007E-6
3,333;611;682,-8.124359818364662E-6
3,140;394;882,-8.110710385135067E-6
3,283;317;888,-8.106261843896512E-6
3,191;235;545,8.10492016065436E-6
3,85;443;676,8.096544547967328E-6
3,12;31;924,-8.086036196323418E-6
3,782;796;962,-8.075154395931393E-6
3,559;588;616,8.070348337243818E-6
3,100;658;764,8.061643683523356E-6
3,182;905;924,8.058102207604916E-6
3,115;218;772,8.051632318209643E-6
3,5;141;804,8.047580437411023E-6
3,21;655;791,8.047358325035968E-6
3,546;575;685,8.03334844190989E-6
3,467;560;832,-8.03298375143056E-6
3,429;740;857,-8.032153943809017E-6
3,8;49;655,-7.991517448322656E-6
3,666;706;819,7.986207735109906E-6
3,135;151;910,7.982684701988125E-6
3,38;124;629,7.981223988421313E-6
3,242;560;721,-7.970834262897739E-6
3,223;293;313,-7.967858571708754E-6
3,69;170;573,7.967833886053387E-6
3,81;609;976,-7.960823531806215E-6
3,330;708;952,7.94804699254225E-6
3,12;645;864,-7.930561207802403E-6
3,239;298;655,7.92826191205932E-6
3,699;920;933,7.924051001343337E-6
3,111;117;306,7.911473661949518E-6
3,265;618;935,-7.902112285498443E-6
3,44;178;453,-7.898864772997195E-6
3,90;107;877,7.898415744982814E-6
3,494;685;912,-7.886847109349959E-6
3,100;230;827,-7.878853164233244E-6
3,55;239;956,7.87683536270568E-6
3,435;737;996,7.874766970838915E-6
3,345;489;588,7.8730917094997E-6
3,261;616;971,-7.87200095529262E-6
3,16;161;214,-7.871674290586377E-6
3,246;294;483,-7.871251185339001E-6
3,366;397;910,-7.87105161230995E-6
3,487;491;697,-7.868363397318578E-6
3,372;555;693,-7.861219682237575E-6
3,72;307;528,-7.859807453154874E-6
3,428;856;935,7.858563700342228E-6
3,290;800;857,-7.856413078276753E-6
3,520;655;808,7.849396102948561E-6
3,596;635;791,7.847217159793185E-6
3,327;461;692,-7.836629998961779E-6
3,66;235;872,7.83116697820306E-6
3,61;359;893,7.819396341670595E-6
3,62;639;748,7.811586532227022E-6
3,187;652;846,7.809290344857612E-6
3,338;377;394,-7.791989045846298E-6
3,113;389;620,-7.773137708112288E-6
3,124;711;981,-7.771352870525511E-6
3,276;628;915,-7.767809411594114E-6
3,115;553;612,-7.76688080238288E-6
3,644;653;701,7.760197010169536E-6
3,189;293;481,-7.754565714443808E-6
3,98;431;593,-7.751463970535507E-6
3,235;545;684,7.737969437039256E-6
3,580;612;813,7.723076459162829E-6
3,108;255;672,-7.715638091228588E-6
3,821;869;969,-7.706504247979657E-6
3,469;702;832,7.705316376628514E-6
3,262;273;410,7.698349240961988E-6
3,79;525;821,-7.696972139284784E-6
3,524;684;905,-7.695552958601457E-6
3,99;145;761,-7.691536823146612E-6
3,493;680;739,7.679091713471042E-6
3,151;468;910,7.666697750283634E-6
3,98;593;698,7.64006531398543E-6
3,489;588;800,7.634813184964048E-6
3,124;939;947,-7.627530829824342E-6
3,190;473;566,7.616833742273531E-6
3,86;586;872,7.61434514661883E-6
3,52;79;880,7.606939567441351E-6
3,371;410;423,7.605785441819127E-6
3,384;744;919,7.605401193122578E-6
3,128;902;911,-7.605227815548458E-6
3,11;327;952,7.591748388024761E-6
3,12;31;580,7.581651643626876E-6
3,241;305;607,7.5774144803444185E-6
3,75;629;880,7.569425528342746E-6
3,265;873;906,7.565835244268946E-6
3,220;375;500,7.557803829054181E-6
3,233;405;965,7.552217933492346E-6
3,184;320;440,-7.551553988258103E-6
3,54;704;949,7.549691265728218E-6
3,116;729;747,-7.545064856044621E-6
3,109;175;937,-7.5409479624143145E-6
3,264;633;697,7.535697847939633E-6
3,352;514;882,-7.533392374046665E-6
3,179;608;993,-7.52768718721171E-6
3,44;778;854,7.527390481286089E-6
3,23;668;943,7.525444267521602E-6
3,46;386;602,7.5195768197976465E-6
3,27;301;966,-7.519109201184225E-6
3,32;247;306,7.510897455729928E-6
3,643;715;847,-7.507364332380254E-6
3,204;603;848,7.483930371790841E-6
3,45;205;919,-7.47701507180433E-6
3,621;846;857,7.476817519119931E-6
3,769;776;823,7.4667965129249645E-6
3,205;224;370,-7.461055607692526E-6
3,191;393;698,-7.459812229161013E-6
3,68;451;689,7.453707988239016E-6
3,316;662;761,-7.447252892035201E-6
3,272;905;922,7.433816792454945E-6
3,26;116;744,-7.4319012822214035E-6
3,218;367;800,-7.431304656517378E-6
3,126;374;773,7.4299259085038145E-6
3,29;876;962,7.4260581352831455E-6
3,504;579;903,7.425726226381824E-6
3,123;618;850,-7.421160145915373E-6
3,189;481;719,7.4199317104785905E-6
3,44;54;704,-7.419782694067942E-6
3,462;680;822,-7.41287511363644E-6
3,668;877;957,7.407803519581889E-6
3,316;468;580,-7.406083366250073E-6
3,11;107;391,-7.396309757840121E-6
3,749;859;983,-7.389771906635655E-6
3,199;245;786,-7.380947119196652E-6
3,538;599;818,7.379778662835488E-6
3,26;163;942,7.375815693163038E-6
3,208;289;452,7.3672690005649675E-6
3,338;343;352,7.359991823430265E-6
3,120;233;742,7.359756791801151E-6
3,44;630;893,7.3558016620371494E-6
3,10;383;721,-7.351747173196793E-6
3,54;429;469,7.335669902837873E-6
3,364;414;438,-7.320502700334683E-6
3,306;720;872,-7.318199464720031E-6
3,163;255;273,7.317932230334581E-6
3,25;480;775,7.317657260670286E-6
3,43;236;387,7.31670586485933E-6
3,173;219;296,-7.305342821325188E-6
3,572;851;982,7.30100109726696E-6
3,108;154;503,7.299433304161898E-6
3,381;431;772,7.295837038637384E-6
3,173;296;819,-7.284173585380298E-6
3,171;577;849,-7.26862044186689E-6
3,69;464;797,-7.260626198498793E-6
3,186;655;805,7.243778541186137E-6
3,471;624;871,-7.237610712798728E-6
3,330;643;881,7.2362346565687765E-6
3,61;152;399,7.229086889793426E-6
3,340;743;911,7.219539374515236E-6
3,163;396;705,-7.218828369502508E-6
3,425;458;717,7.205163491321838E-6
3,353;372;643,-7.192335694783059E-6
3,523;559;949,-7.191253957232684E-6
3,637;660;834,7.158533065782378E-6
3,21;386;401,-7.1495042251611754E-6
3,66;179;314,-7.143412600264604E-6
3,393;698;771,7.1300774782460245E-6
3,216;621;846,7.119358137112238E-6
3,309;323;494,7.115405417468021E-6
3,162;691;847,-7.1134718363739215E-6
3,155;690;819,7.100119780508916E-6
3,16;247;859,7.100010345921098E-6
3,53;423;654,7.097089927678494E-6
3,263;483;492,7.090404375004154E-6
3,185;277;602,-7.086126119510427E-6
3,74;285;352,-7.076210372129729E-6
3,132;796;808,7.0745371591585565E-6
3,138;477;852,7.071144025967272E-6
3,18;468;580,7.068800926865918E-6
3,129;229;248,7.068397272401526E-6
3,444;701;791,7.0680510364296185E-6
3,50;341;553,7.056297590547669E-6
3,502;561;921,7.050015758240571E-6
3,134;139;988,7.041420183759334E-6
3,466;809;819,7.040083066152045E-6
3,92;170;184,-7.03022551902991E-6
3,432;510;796,7.0282317051909916E-6
3,666;696;799,-7.0264824710871665E-6
3,367;830;997,-7.016414342534545E-6
3,186;581;764,-7.00575339323753E-6
3,124;226;241,-7.004569432712858E-6
3,53;151;794,-6.990052223733629E-6
3,0;116;132,6.987290301960811E-6
3,171;585;983,6.982775378599787E-6
3,85;499;511,-6.970292056406522E-6
3,257;389;620,-6.9691873094316765E-6
3,187;495;782,6.957026033369236E-6
3,115;464;522,-6.9555718986031996E-6
3,397;687;967,6.951789740483546E-6
3,90;822;899,-6.942658029574319E-6
3,128;500;999,6.941521964367748E-6
3,433;770;847,6.93009510893286E-6
3,269;696;887,6.917756301518432E-6
3,186;307;805,6.915466406524143E-6
3,87;140;752,6.91459909025012E-6
3,405;789;965,6.913409054233565E-6
3,267;835;963,-6.891211526487854E-6
3,167;366;369,6.885969043526046E-6
3,506;543;859,-6.876002136536941E-6
3,439;582;664,-6.869009377706785E-6
3,159;474;942,-6.859568947678578E-6
3,0;54;132,6.852440307036356E-6
3,237;496;596,6.847494239992307E-6
3,458;466;717,-6.831939706774277E-6
3,428;784;939,-6.814372912374224E-6
3,122;439;873,6.810464984263909E-6
3,559;616;714,6.798346551062796E-6
3,70;577;600,6.794806838108409E-6
3,176;628;944,6.7913176806501735E-6
3,125;473;498,-6.78141516060023E-6
3,359;382;440,6.78087206020022E-6
3,284;457;988,6.775409122233473E-6
3,227;844;941,-6.7747966879719604E-6
3,19;727;947,6.771154432097807E-6
3,32;107;856,6.764308148300594E-6
3,635;825;850,-6.7321410515760775E-6
3,806;846;938,-6.730443374336134E-6
3,102;333;885,6.730409829436311E-6
3,430;905;997,-6.728501518933141E-6
3,127;690;811,6.714430810919256E-6
3,21;119;913,6.708493318275555E-6
3,114;454;645,6.701337153040294E-6
3,199;327;376,6.696815021619243E-6
3,416;614;929,6.689553920233571E-6
3,250;360;615,6.6880575020788306E-6
3,324;939;950,6.686531404103232E-6
3,256;708;960,6.685752274934842E-6
3,221;529;773,6.673377497913656E-6
3,140;154;498,6.669903036973471E-6
3,500;674;784,-6.669533694068662E-6
3,494;794;843,6.667926207404224E-6
3,451;770;927,6.665969595148487E-6
3,95;570;958,-6.665289241099524E-6
3,12;123;778,6.655068083745244E-6
3,755;915;948,6.6448021208587275E-6
3,256;540;862,6.642012028516841E-6
3,304;632;889,-6.625505988586307E-6
3,528;826;977,6.6215363161630615E-6
3,431;593;839,-6.621345714000155E-6
3,493;680;822,-6.608652074993112E-6
3,150;221;985,6.596951429734023E-6
3,182;428;912,-6.58969873731062E-6
3,322;740;992,6.587581620137936E-6
3,241;335;933,6.587439218364119E-6
3,89;484;505,-6.583692257364784E-6
3,685;776;999,-6.578418863828508E-6
3,521;537;560,6.57745252450636E-6
3,330;708;809,-6.575644304422371E-6
3,403;664;735,-6.571856056238043E-6
3,312;362;467,-6.564985848396179E-6
3,629;685;842,6.558428497914097E-6
3,180;753;865,-6.557601168098073E-6
3,83;293;746,6.557556004829126E-6
3,12;527;645,6.547794458107214E-6
3,508;772;828,6.54730311259559E-6
3,21;155;922,6.547169157503474E-6
3,148;240;331,6.5454959780233E-6
3,603;701;791,-6.531764116125227E-6
3,206;496;848,-6.527730641554805E-6
3,352;427;491,6.519971979606756E-6
3,16;403;516,-6.50823660888767E-6
3,8;741;988,6.503201316541238E-6
3,537;553;802,6.501844467264741E-6
3,252;720;880,6.496252617485681E-6
3,144;289;793,6.459207412231414E-6
3,137;203;689,6.456344826051376E-6
3,63;413;691,-6.441925839710937E-6
3,60;145;901,6.435835840823054E-6
3,191;220;688,6.427902116682927E-6
3,258;633;666,6.426751900592588E-6
3,41;101;190,6.422863151527223E-6
3,89;381;505,6.42257786457981E-6
3,172;570;992,-6.420571899125278E-6
3,229;593;858,-6.4167463863621034E-6
3,227;352;672,-6.416398333521298E-6
3,665;770;904,-6.413768135942022E-6
3,100;407;764,-6.392666835479635E-6
3,489;857;882,-6.378654954581096E-6
3,273;766;899,6.370504357685811E-6
3,96;289;661,-6.367624286990288E-6
3,204;499;671,-6.3659840024208745E-6
3,469;587;640,-6.34691543724375E-6
3,26;340;998,6.335074979810375E-6
3,485;737;941,6.321605319750141E-6
3,218;314;424,6.319303074627442E-6
3,136;454;577,-6.31287515727794E-6
3,302;437;772,-6.310907535412309E-6
3,83;164;418,6.310412361347113E-6
3,394;665;994,6.304416534669583E-6
3,73;354;675,6.304336799136778E-6
3,17;160;251,-6.297668345100878E-6
3,46;526;998,6.297606624769629E-6
3,54;116;132,-6.296583017734284E-6
3,672;701;831,6.29482115094572E-6
3,263;462;859,-6.2832322843621236E-6
3,31;580;788,-6.2754852383089116E-6
3,488;565;577,6.273409968987884E-6
3,109;785;838,6.2649436403899586E-6
3,128;526;999,6.264692708794449E-6
3,66;577;669,6.261725442765466E-6
3,186;581;797,-6.260194641091812E-6
3,396;462;772,-6.258570857148115E-6
3,134;516;707,6.257063612244314E-6
3,213;265;367,6.245035008759469E-6
3,358;489;991,-6.243261657089834E-6
3,702;922;931,6.219098514961371E-6
3,59;243;246,6.214334213652147E-6
3,264;653;701,-6.213415232991751E-6
3,755;829;936,6.212649324709902E-6
3,8;161;953,-6.210332819469887E-6
3,64;372;777,-6.205028058343456E-6
3,167;307;564,-6.204194291486928E-6
3,179;608;636,-6.19967605066522E-6
3,344;365;781,6.192534134384253E-6
3,770;901;904,6.178444551618846E-6
3,325;451;832,6.1681549317069114E-6
3,277;367;935,6.14684269709773E-6
3,324;772;828,6.118934522848254E-6
3,504;849;903,6.115209975332814E-6
3,464;615;985,-6.104915854868234E-6
3,402;640;899,-6.092172769023383E-6
3,286;405;918,6.078141311939352E-6
3,48;259;629,-6.076302602446119E-6
3,654;750;991,6.067756436607276E-6
3,434;596;846,6.065500389569135E-6
3,237;538;599,-6.046425209424864E-6
3,201;375;573,6.037484215147909E-6
3,327;338;422,6.0186065362287585E-6
3,282;288;801,-6.015138103939409E-6
3,327;777;952,6.013273410337108E-6
3,594;921;984,-6.006173846439537E-6
3,206;754;836,5.993793459200002E-6
3,42;420;783,5.989721130854612E-6
3,92;184;302,5.986610051251007E-6
3,795;816;963,5.979691911405613E-6
3,66;709;714,5.972434091443546E-6
3,178;304;658,5.967961113830369E-6
3,288;432;840,-5.961048052985911E-6
3,54;151;335,-5.957109631798036E-6
3,17;93;748,-5.955123296692351E-6
3,680;699;928,-5.940932340892716E-6
3,195;274;830,-5.938870724915724E-6
3,291;691;970,5.923973673737079E-6
3,298;614;665,-5.921499026945012E-6
3,16;44;152,5.913781709884381E-6
3,70;238;324,5.908119315530637E-6
3,450;552;861,5.898251886389521E-6
3,81;460;669,5.876497121947453E-6
3,264;506;701,-5.869813992943937E-6
3,8;508;563,5.8654079939990706E-6
3,85;199;875,-5.852328278148699E-6
3,405;466;535,5.842198557890463E-6
3,26;865;916,-5.840063868346842E-6
3,4;184;728,5.838457468014771E-6
3,270;329;991,-5.811272678743505E-6
3,50;264;553,5.809567766772147E-6
3,71;482;703,-5.809491427060488E-6
3,382;518;749,-5.799777742584174E-6
3,220;354;800,5.793108860075065E-6
3,197;710;966,-5.782436605132599E-6
3,291;574;879,5.7821533433491395E-6
3,176;568;641,5.763570197793472E-6
3,398;817;914,5.7616603315134125E-6
3,602;711;981,-5.759516445589169E-6
3,273;463;899,5.741833679894101E-6
3,338;377;708,-5.740587134164171E-6
3,220;611;925,-5.7374319479592575E-6
3,601;625;848,5.736451082924455E-6
3,264;506;653,5.7227136109516825E-6
3,494;680;737,-5.720854403574664E-6
3,211;602;823,-5.717723314521726E-6
3,566;753;857,5.702893769388126E-6
3,33;247;859,5.702858465020284E-6
3,98;360;956,5.697484092051203E-6
3,267;728;838,-5.691889005042964E-6
3,561;691;971,-5.690526684214527E-6
3,102;157;885,5.68297370007664E-6
3,48;629;842,-5.682840715682255E-6
3,267;600;883,5.675425464089779E-6
3,197;499;648,5.671874468693973E-6
3,147;187;595,5.661975699110033E-6
3,62;298;973,-5.660814136690138E-6
3,30;715;770,5.657797251536659E-6
3,25;72;606,5.655807144962316E-6
3,206;302;426,5.646856095487225E-6
3,0;141;909,5.6240709465525886E-6
3,171;426;495,5.6181328907248215E-6
3,434;569;810,-5.611766959531788E-6
3,140;270;752,5.606473684049634E-6
3,95;570;707,-5.588074142287004E-6
3,105;909;966,5.585031906873237E-6
3,17;192;979,-5.581602000457119E-6
3,766;794;881,-5.580982419204746E-6
3,117;306;857,5.5806241545598334E-6
3,304;642;820,-5.561903990120527E-6
3,353;697;753,-5.560795783350236E-6
3,295;609;619,5.5462495001293436E-6
3,562;609;827,5.546020422832351E-6
3,542;564;808,-5.54272265947307E-6
3,180;439;797,-5.539401730226955E-6
3,282;801;966,-5.539050655444026E-6
3,69;179;940,-5.534912894439366E-6
3,388;617;635,-5.5346198045704875E-6
3,542;728;739,-5.533607772832072E-6
3,173;612;917,5.522529620643556E-6
3,90;252;491,-5.521029445420614E-6
3,7;728;795,5.520548064071641E-6
3,588;681;934,5.491074108688997E-6
3,514;857;882,5.4909715416583644E-6
3,221;548;878,5.480211073484637E-6
3,64;777;805,-5.467020091863242E-6
3,312;669;715,5.44836665459577E-6
3,466;795;963,5.444282613883196E-6
3,309;375;819,5.442342493779908E-6
3,98;431;698,-5.422970829426936E-6
3,403;559;714,-5.390796266988938E-6
3,136;590;945,5.374984967447885E-6
3,91;463;694,5.367499620311362E-6
3,178;658;686,-5.367040185662759E-6
3,72;528;801,5.349945333480738E-6
3,548;560;982,5.34364487456623E-6
3,237;734;920,-5.341614101923204E-6
3,55;356;387,-5.336987160517493E-6
3,749;762;801,5.3089503098406255E-6
3,702;789;900,-5.3088387237220616E-6
3,5;11;957,-5.299367921285703E-6
3,552;609;827,-5.296260877796208E-6
3,18;468;689,5.292400869677007E-6
3,15;191;967,-5.291789194724263E-6
3,125;689;926,-5.286982145487285E-6
3,91;292;820,-5.282219443745181E-6
3,330;410;649,5.28175604899786E-6
3,271;369;917,5.262971074195263E-6
3,67;340;457,-5.25189486881025E-6
3,290;680;737,-5.251082503912253E-6
3,569;717;731,-5.250298032997293E-6
3,18;157;831,5.250000357137175E-6
3,341;865;916,5.234622983421193E-6
3,253;362;869,-5.216673145701449E-6
3,216;595;799,5.208366254620681E-6
3,261;422;496,-5.206987740034766E-6
3,83;272;319,5.2010585578950305E-6
3,229;507;615,-5.197470717877229E-6
3,120;261;826,-5.188962077881589E-6
3,159;299;474,-5.1606204998905435E-6
3,150;239;769,-5.141326471329213E-6
3,600;711;858,-5.141154239343009E-6
3,355;884;885,-5.1383239393432145E-6
3,397;417;687,5.135303429487349E-6
3,443;685;999,5.130806493720986E-6
3,470;508;943,-5.130800874223074E-6
3,255;586;881,5.1208334436547984E-6
3,231;664;730,-5.1200022136582805E-6
3,100;120;261,5.119564679055694E-6
3,214;499;947,5.1171646175706755E-6
3,119;486;913,5.114114550994569E-6
3,49;655;705,-5.109242349496293E-6
3,28;100;424,-5.10593634894441E-6
3,455;862;998,-5.097478775738865E-6
3,341;434;618,-5.094288195540079E-6
3,165;675;892,-5.0905664613845015E-6
3,199;656;813,5.089575366649106E-6
3,77;644;665,-5.08851193442305E-6
3,322;521;918,-5.082006767561071E-6
3,609;675;903,-5.0784697309824674E-6
3,295;609;901,-5.0579320783203275E-6
3,298;748;973,5.0547851639069495E-6
3,146;419;582,5.053727876253602E-6
3,403;588;714,-5.053693132940199E-6
3,127;328;763,-5.046753908980857E-6
3,460;551;625,-5.040895137382013E-6
3,36;62;464,5.040148123200684E-6
3,154;782;847,5.033984577575875E-6
3,135;576;764,5.028251560473686E-6
3,84;614;980,5.0169387237323576E-6
3,316;658;701,-5.0117074681561745E-6
3,210;432;840,5.001339987455111E-6
3,1;236;387,4.955308916950382E-6
3,153;510;705,-4.946292389068491E-6
3,161;687;719,4.939352206079151E-6
3,45;433;602,4.914209478121115E-6
3,90;470;903,4.913848307254935E-6
3,373;406;784,4.909191660795196E-6
3,684;717;922,4.907558928859156E-6
3,276;376;794,4.905961926859069E-6
3,187;196;861,-4.9012805478886E-6
3,213;656;943,-4.8982768031172395E-6
3,170;457;807,-4.8970688081059685E-6
3,6;767;970,4.8795200735327235E-6
3,125;196;711,-4.875380388440307E-6
3,179;374;897,-4.873242173832327E-6
3,169;199;786,-4.871833015877819E-6
3,104;309;562,4.870098205690353E-6
3,466;647;816,-4.8693620600930994E-6
3,548;662;985,-4.864889121855051E-6
3,267;891;963,4.864053308284162E-6
3,77;169;966,-4.859444832706807E-6
3,44;279;963,4.8582293427502224E-6
3,352;522;708,-4.850511254325378E-6
3,260;592;967,-4.819408497268404E-6
3,184;454;739,-4.818727944419364E-6
3,75;234;629,4.812036156194248E-6
3,144;182;714,-4.803304229592659E-6
3,146;832;936,-4.79750948981416E-6
3,106;301;615,4.796005798502867E-6
3,373;961;971,-4.7884570850290075E-6
3,31;415;757,4.765426471863399E-6
3,16;403;440,-4.762190112041279E-6
3,61;161;711,4.7434767055665465E-6
3,516;870;888,-4.741193773077378E-6
3,356;362;717,4.734837516787965E-6
3,504;521;916,-4.729811189495357E-6
3,61;276;339,4.727230387366416E-6
3,330;397;410,-4.715815279630022E-6
3,377;729;844,-4.714281444375287E-6
3,179;279;497,4.713355672591693E-6
3,45;336;770,4.7125436157991024E-6
3,172;337;898,4.712283615987054E-6
3,394;644;665,-4.709070123570615E-6
3,406;646;684,4.6962359675311106E-6
3,52;909;967,-4.690132553302029E-6
3,521;578;916,4.682836963609813E-6
3,21;532;875,4.681262105772452E-6
3,466;647;963,-4.670820864399433E-6
3,484;505;508,-4.670802500927468E-6
3,225;314;692,4.66641603008991E-6
3,166;556;990,-4.661326190715409E-6
3,34;241;523,-4.6595158346090096E-6
3,92;398;708,-4.65921441304476E-6
3,113;412;559,-4.65499075022615E-6
3,533;771;985,-4.651483275258904E-6
3,124;624;947,4.647033033520619E-6
3,245;252;870,4.639809545172968E-6
3,74;327;385,-4.6073500822964676E-6
3,587;660;825,-4.598159068641701E-6
3,136;171;454,-4.595002242286123E-6
3,79;653;856,-4.591761478268806E-6
3,569;884;885,4.5847953317134785E-6
3,186;307;474,4.580967636043751E-6
3,467;472;535,-4.580171459897225E-6
3,149;311;380,4.571597169495352E-6
3,100;261;984,-4.57038019385007E-6
3,375;876;878,4.558712905623957E-6
3,347;533;722,-4.556707284355001E-6
3,177;222;375,4.548676540722829E-6
3,2;553;559,-4.533854236996656E-6
3,241;762;872,4.5318037607796E-6
3,92;223;308,-4.527659549800861E-6
3,227;359;405,-4.526543059154884E-6
3,84;245;926,4.520207022954817E-6
3,83;228;418,4.5165528599264705E-6
3,420;611;925,-4.503347012996355E-6
3,470;552;731,-4.500651517885125E-6
3,100;136;252,4.490564912929911E-6
3,615;664;735,4.488625234578079E-6
3,687;725;911,4.4810550061576724E-6
3,687;719;900,-4.48039330297062E-6
3,405;863;992,-4.4787122813374494E-6
3,291;417;879,-4.4600803541110794E-6
3,255;850;889,4.456298066128614E-6
3,309;427;491,4.450892286268125E-6
3,57;682;831,4.435378448379313E-6
3,548;662;740,4.435344993751766E-6
3,237;920;944,-4.434508795210655E-6
3,267;835;891,-4.423328440720142E-6
3,124;182;981,-4.422521620915182E-6
3,179;338;543,-4.418455121413187E-6
3,73;185;602,4.409375686813179E-6
3,561;741;804,4.40028246410085E-6
3,290;494;737,4.395234061238061E-6
3,49;94;116,-4.393519115791368E-6
3,329;752;764,4.3897084536492115E-6
3,696;713;919,4.381797533198964E-6
3,223;636;862,-4.3764976416705085E-6
3,450;593;937,-4.375527789942647E-6
3,283;697;824,-4.374633505382509E-6
3,708;735;994,4.370348147709948E-6
3,374;388;589,4.368946153190237E-6
3,314;567;688,-4.366454056955474E-6
3,72;466;579,4.3650782090205736E-6
3,18;604;966,-4.360126442924127E-6
3,168;526;851,4.353610913852154E-6
3,191;195;263,-4.351683900769239E-6
3,89;569;978,-4.347392326636446E-6
3,211;269;624,4.346771857564526E-6
3,650;683;813,4.345694417105413E-6
3,16;161;761,-4.344079191436396E-6
3,96;571;640,4.343631406475236E-6
3,255;727;796,4.3410699557784286E-6
3,48;61;899,4.327305405783393E-6
3,20;58;789,4.323444740625716E-6
3,628;892;915,4.319008377243326E-6
3,462;724;925,-4.313846035686641E-6
3,43;467;545,-4.311445681920545E-6
3,478;635;836,4.29528415021432E-6
3,48;761;768,4.293776895557023E-6
3,358;742;991,4.287024610877162E-6
3,159;199;905,4.282457685648996E-6
3,162;388;847,-4.282136410796229E-6
3,195;786;817,4.265440948097596E-6
3,305;635;791,4.251433342725521E-6
3,6;457;767,-4.251220426673603E-6
3,194;283;824,4.2483898522461265E-6
3,191;393;410,4.2436385390276536E-6
3,467;593;768,4.242295218123485E-6
3,367;388;527,-4.236010406326825E-6
3,399;456;946,-4.233710425880901E-6
3,698;961;971,4.229946702991455E-6
3,86;225;947,-4.228348263036204E-6
3,369;464;985,-4.228031650319305E-6
3,159;263;905,4.226780512340648E-6
3,24;680;928,4.224771088457056E-6
3,420;424;974,4.224483612517934E-6
3,33;337;771,-4.218943458874354E-6
3,391;920;945,4.195683453142002E-6
3,203;613;907,4.19076522696811E-6
3,90;915;987,-4.1894849486295194E-6
3,141;432;969,4.18934969594743E-6
3,367;744;997,4.185058484155201E-6
3,46;349;860,-4.181203049684584E-6
3,82;729;949,-4.17619038789201E-6
3,108;119;503,-4.17329433157608E-6
3,31;427;553,-4.171459632892047E-6
3,10;177;721,-4.161461266300709E-6
3,88;292;969,4.156514488112273E-6
3,524;800;931,4.15625254725157E-6
3,262;587;684,4.155833683924741E-6
3,15;52;191,4.130984880714533E-6
3,152;186;564,4.129227201754952E-6
3,164;420;830,4.121102632213283E-6
3,475;856;935,-4.1177854852254145E-6
3,40;466;812,4.103630978749644E-6
3,468;888;894,-4.102015621837044E-6
3,281;355;849,4.100522012452618E-6
3,11;244;280,4.094868207677498E-6
3,272;436;782,-4.092603181027052E-6
3,219;241;305,4.0845842521903265E-6
3,383;749;961,4.07634115544615E-6
3,370;397;634,4.067148115490818E-6
3,519;981;993,4.0647870177611085E-6
3,408;693;957,4.052769326377711E-6
3,243;700;748,-4.043705417520399E-6
3,291;802;844,-4.042293885210359E-6
3,662;740;985,-4.031215308389277E-6
3,195;327;592,-4.027175248961595E-6
3,288;432;676,-4.023461149094757E-6
3,291;691;809,4.021556076828095E-6
3,309;323;965,-4.009141746526543E-6
3,494;852;892,-4.0083415008323255E-6
3,32;87;604,-4.000180202748505E-6
3,170;283;741,-3.973581592697971E-6
3,354;604;803,-3.958669148128098E-6
3,17;255;271,3.948180092185522E-6
3,332;741;988,-3.926790395093097E-6
3,64;588;811,3.926041294391426E-6
3,425;696;717,3.912273696299894E-6
3,137;689;919,3.9077790254975486E-6
3,13;207;995,-3.87879169321341E-6
3,70;700;720,3.873754511665384E-6
3,440;517;683,3.865165453836583E-6
3,453;513;655,-3.862389348997953E-6
3,46;168;998,3.856911330823179E-6
3,315;399;751,3.856846746809389E-6
3,536;656;744,-3.851526936118271E-6
3,201;492;858,3.848850433580256E-6
3,0;54;116,3.8457721262894485E-6
3,621;656;943,-3.835573796822114E-6
3,627;803;808,-3.828845082262181E-6
3,24;489;495,3.827957937025936E-6
3,691;702;922,3.821362972182503E-6
3,187;272;782,-3.794405056643718E-6
3,734;920;944,3.7943300645287803E-6
3,349;559;641,3.7928204564324497E-6
3,191;362;862,3.7757587698487306E-6
3,41;252;504,-3.7701259685682874E-6
3,552;562;609,3.7592647320921908E-6
3,24;308;626,-3.7531894911649567E-6
3,274;517;746,-3.746713437285779E-6
3,312;467;954,-3.744342130125703E-6
3,39;210;634,3.741301443410644E-6
3,126;221;773,-3.7404679836808947E-6
3,208;231;792,-3.7269537248734755E-6
3,116;249;787,3.7220111438941127E-6
3,286;576;647,-3.719203984476206E-6
3,29;54;876,3.7149730078312913E-6
3,61;339;899,-3.7132987538443937E-6
3,71;312;715,-3.709749457323441E-6
3,228;398;914,-3.7069682674848794E-6
3,52;191;967,-3.7069021177109257E-6
3,493;739;822,3.6965571914908367E-6
3,395;546;929,-3.6707863254726824E-6
3,442;450;861,3.664345098964763E-6
3,431;602;711,3.661183335296754E-6
3,34;189;523,3.6584803264225337E-6
3,85;402;899,3.6539984508381016E-6
3,40;352;918,3.650277837310128E-6
3,8;497;953,3.646385977511674E-6
3,562;563;606,3.6422688623942504E-6
3,78;618;964,3.639211653632235E-6
3,319;359;382,3.631494399179522E-6
3,150;358;611,3.6262778630812806E-6
3,52;119;626,-3.62010632954457E-6
3,291;293;484,-3.6145447330573588E-6
3,38;299;915,-3.6072639593010893E-6
3,23;668;877,3.606260057105633E-6
3,172;601;797,-3.588097097599413E-6
3,166;373;972,3.5808056956069047E-6
3,334;662;761,-3.5743358775226323E-6
3,44;108;144,3.565725270624338E-6
3,96;295;643,-3.559650957552389E-6
3,117;291;806,-3.5540705369953885E-6
3,338;385;422,3.5463128353145113E-6
3,116;163;846,-3.5459980177150118E-6
3,451;498;795,-3.5218340380322422E-6
3,469;640;832,3.5207596107547437E-6
3,255;643;881,-3.512437288692532E-6
3,485;737;844,-3.510271611408048E-6
3,194;445;599,-3.509129004416401E-6
3,255;330;586,3.5084940238025235E-6
3,213;621;943,3.5080787009622376E-6
3,324;564;742,3.503209570678335E-6
3,527;692;985,-3.502285960064161E-6
3,85;547;769,3.4962911093200795E-6
3,52;119;379,3.494474222749608E-6
3,177;346;848,3.4857421046702968E-6
3,569;684;922,3.447867577912683E-6
3,13;154;886,-3.4391962282989445E-6
3,713;748;859,-3.423244446554105E-6
3,539;558;930,3.4209463539433826E-6
3,587;656;848,3.4094760441694926E-6
3,151;284;720,3.4076088971885662E-6
3,96;265;548,-3.402674911858642E-6
3,49;290;836,3.4006358842126847E-6
3,337;565;999,3.3756139276482565E-6
3,308;476;517,-3.37013461077558E-6
3,136;704;945,3.3563521680908226E-6
3,159;341;544,3.355567079684825E-6
3,221;540;627,-3.3489362677607794E-6
3,505;663;884,3.3410786703328492E-6
3,242;560;828,-3.325925796381555E-6
3,400;436;829,3.3258642073225875E-6
3,362;579;929,-3.325643791922548E-6
3,128;627;843,-3.316134809150554E-6
3,30;168;770,3.304440504502727E-6
3,366;695;721,-3.298889693778898E-6
3,676;753;955,3.2933141469477894E-6
3,49;127;557,3.2868337728020095E-6
3,357;829;861,-3.2840358744017085E-6
3,316;658;785,-3.2835281489768213E-6
3,381;484;508,-3.2779496408254887E-6
3,100;720;880,-3.2728458472376933E-6
3,78;397;634,3.2716716579453827E-6
3,483;700;845,-3.2601663608275157E-6
3,755;756;861,3.258431153384596E-6
3,96;451;548,-3.2564827878739415E-6
3,717;731;922,-3.245316027759168E-6
3,283;496;741,3.2321414129020607E-6
3,21;124;507,-3.229340592571052E-6
3,19;220;531,3.229244161424394E-6
3,51;145;562,3.229085092045777E-6
3,618;893;928,-3.2236567424113634E-6
3,95;362;386,-3.220481315688903E-6
3,61;201;711,3.214685180307316E-6
3,468;577;928,-3.20984764412105E-6
3,31;251;427,3.1953906293608857E-6
3,577;683;813,-3.187422537368173E-6
3,56;170;582,-3.183401762017233E-6
3,428;475;983,3.1766453798668452E-6
3,144;182;321,-3.1759495865929384E-6
3,286;528;676,-3.1716852250927227E-6
3,372;383;555,3.1682437181321384E-6
3,53;423;831,-3.1580330842839143E-6
3,551;683;813,-3.1576637822785874E-6
3,361;586;872,-3.157337042030882E-6
3,180;797;880,-3.148035733719266E-6
3,139;869;907,-3.1433047294529527E-6
3,64;484;811,3.1406652167788806E-6
3,115;612;802,-3.124240900515024E-6
3,46;851;998,-3.1204632212826595E-6
3,459;579;616,3.1140568379559377E-6
3,219;459;527,3.1005501649569724E-6
3,561;636;978,3.090466904306144E-6
3,169;408;558,3.0894473954758416E-6
3,749;753;838,3.083392764671608E-6
3,275;558;857,3.0817498124869164E-6
3,8;508;606,3.0803438865545374E-6
3,401;676;705,3.0802465327022174E-6
3,105;158;601,3.0780082301637044E-6
3,167;369;849,-3.0677572838842607E-6
3,22;433;943,-3.060028651783696E-6
3,528;607;824,-3.0514123567087214E-6
3,199;552;578,3.0374266875920903E-6
3,65;426;566,-3.035404955716692E-6
3,306;445;980,-3.0347343872718127E-6
3,680;739;822,-3.027706845365366E-6
3,419;798;855,3.016071347447774E-6
3,569;717;922,3.010000635888476E-6
3,196;303;802,-2.9990447279779272E-6
3,830;851;997,2.9866377491072246E-6
3,70;235;450,-2.9814317172090695E-6
3,403;440;516,2.9711319590485056E-6
3,191;235;684,2.970445984135237E-6
3,105;501;607,-2.955846687969051E-6
3,21;82;507,2.9529372335600976E-6
3,45;770;997,-2.9390138452259734E-6
3,7;795;993,2.933859953502347E-6
3,118;371;564,2.927544314210419E-6
3,353;366;582,-2.926704731731275E-6
3,471;717;814,-2.923270798810926E-6
3,175;848;924,-2.9220079642750424E-6
3,363;365;537,-2.921266990929251E-6
3,106;615;664,-2.919756439483591E-6
3,362;522;918,2.918830512388615E-6
3,530;827;985,2.913733652734743E-6
3,304;632;820,-2.9115633760371796E-6
3,464;502;615,2.9075670517055076E-6
3,284;709;738,2.9049665867583938E-6
3,622;712;812,2.8961266251420377E-6
3,83;351;992,-2.8595264068394695E-6
3,49;557;752,2.8587305448117274E-6
3,225;263;947,2.847119204380792E-6
3,490;566;904,-2.8425514619977583E-6
3,114;523;821,-2.8295730689451364E-6
3,105;158;331,-2.829329870412671E-6
3,375;584;876,2.8169857370185688E-6
3,426;430;824,-2.799433717209771E-6
3,114;289;645,2.7973120706260465E-6
3,656;743;943,-2.790588891405637E-6
3,279;475;839,2.7804448659288704E-6
3,12;788;924,-2.7758105227265044E-6
3,109;265;873,-2.7733379361281135E-6
3,132;798;855,-2.764220376923289E-6
3,48;141;820,-2.7629386398853874E-6
3,274;517;850,2.76110772343088E-6
3,16;33;247,2.7517900433346247E-6
3,89;434;810,2.7441290662037105E-6
3,109;769;789,-2.7374996442140825E-6
3,297;473;948,-2.728995456506213E-6
3,421;674;923,-2.719746886324408E-6
3,543;849;876,2.713748809528533E-6
3,35;705;850,2.7078356534060293E-6
3,461;592;692,2.7058345292368044E-6
3,155;708;713,-2.6956928536025353E-6
3,570;611;620,2.684768382334276E-6
3,233;484;793,-2.675745903889141E-6
3,54;876;962,2.6671833917573005E-6
3,492;884;980,-2.665954865155768E-6
3,199;421;655,-2.6627708080269942E-6
3,25;92;480,2.661261013243467E-6
3,344;712;812,2.645510855154562E-6
3,211;269;509,-2.6266139691814295E-6
3,656;744;919,-2.6203468650697373E-6
3,180;941;995,2.6160768609824296E-6
3,215;566;971,-2.614972519391606E-6
3,208;341;708,2.6062323762697654E-6
3,126;440;805,2.596633949139487E-6
3,589;874;889,2.579032992578379E-6
3,151;233;484,-2.5749719250377815E-6
3,179;297;721,2.5704739496795576E-6
3,375;783;878,2.5667592941376743E-6
3,478;741;882,2.564909529315762E-6
3,414;521;560,-2.5636513276696137E-6
3,316;785;958,-2.5634432081341335E-6
3,45;616;770,-2.559985043379672E-6
3,385;759;808,-2.5579399519095464E-6
3,58;380;998,2.5541720270347914E-6
3,628;635;777,-2.553721150761367E-6
3,21;88;386,-2.5531307607373417E-6
3,191;380;563,-2.5429143062317697E-6
3,195;656;780,2.532416960400151E-6
3,12;44;778,2.51711918156456E-6
3,47;483;972,2.4997379315753815E-6
3,192;205;716,-2.4891658161807288E-6
3,289;573;922,-2.4865013220311435E-6
3,416;648;925,-2.4789208026542685E-6
3,100;229;230,-2.47575359616348E-6
3,492;576;980,2.465128221591572E-6
3,711;858;875,2.45484592438135E-6
3,42;681;783,-2.4474353127711158E-6
3,549;640;748,-2.4355476560003683E-6
3,276;643;872,-2.4066025595724376E-6
3,109;848;924,2.391804284506225E-6
3,10;419;872,-2.387758505813367E-6
3,508;828;924,2.385591481925145E-6
3,714;738;749,-2.3746659477460778E-6
3,717;977;989,-2.3688255831221873E-6
3,212;328;959,-2.3671900110544298E-6
3,10;447;721,-2.3638190473595776E-6
3,34;296;572,2.363463952128865E-6
3,201;472;890,2.3590559447224414E-6
3,33;337;612,-2.3457653080609203E-6
3,20;848;883,2.343737890583699E-6
3,240;527;692,-2.325294533263751E-6
3,141;432;454,2.3236128520603868E-6
3,217;445;671,2.31404995664046E-6
3,53;656;953,2.3096143044311763E-6
3,62;724;925,2.308411823438758E-6
3,227;672;746,2.3081116530563537E-6
3,237;486;594,-2.307647362607062E-6
3,144;422;596,-2.299298254112264E-6
3,98;593;839,-2.2958918684720075E-6
3,70;582;809,2.294933690283968E-6
3,220;654;750,-2.2879701056350844E-6
3,568;783;883,2.2871952337519576E-6
3,150;239;717,2.2677899295655697E-6
3,437;536;588,2.2669203630870243E-6
3,298;614;655,-2.2667811067888336E-6
3,50;346;848,2.2659272019004173E-6
3,458;557;918,2.2590814548457094E-6
3,147;321;943,-2.25203918753409E-6
3,187;542;992,2.25093730586666E-6
3,714;835;891,-2.238167688021625E-6
3,532;689;726,-2.2379640340951834E-6
3,188;326;334,-2.2319643857124753E-6
3,146;380;700,2.2175714739975095E-6
3,90;257;310,2.210192755009159E-6
3,176;596;791,-2.2082119431301E-6
3,287;443;569,2.191521414391561E-6
3,108;273;672,-2.1910153304262848E-6
3,24;234;928,-2.1908258871007824E-6
3,12;356;527,-2.1783757882657096E-6
3,136;468;655,2.1670171710660295E-6
3,330;368;662,2.16140324304143E-6
3,416;485;486,-2.1604695255400125E-6
3,272;468;891,2.1590426937075357E-6
3,207;500;505,-2.1584831770125115E-6
3,11;327;982,-2.1543639106084456E-6
3,527;834;913,-2.1422684268130773E-6
3,140;145;725,-2.113762046612764E-6
3,398;643;733,2.1007916559012373E-6
3,400;425;747,-2.0840778492233517E-6
3,12;580;788,-2.082588801604359E-6
3,631;753;989,-2.079166448412516E-6
3,320;406;623,2.07868636797718E-6
3,102;524;931,-2.0587483723125793E-6
3,261;600;883,2.050979124164427E-6
3,613;738;907,-2.027120816339198E-6
3,47;534;972,2.0255355327340045E-6
3,262;405;965,-2.017668136538649E-6
3,528;596;774,-2.0163956340193135E-6
3,593;757;937,2.0123773629441947E-6
3,643;654;715,2.008598933984234E-6
3,50;177;848,1.988569282124611E-6
3,11;668;757,-1.985985409082864E-6
3,269;344;512,-1.9803830106077115E-6
3,34;69;535,-1.9719763224679834E-6
3,69;170;940,-1.967995364971099E-6
3,67;208;748,-1.966016226099779E-6
3,73;558;646,-1.9508080321743587E-6
3,637;660;938,-1.9481590502738213E-6
3,12;405;863,1.946740065887527E-6
3,744;830;851,-1.944290148239481E-6
3,69;147;535,-1.929633701073956E-6
3,622;812;927,-1.9263251686967993E-6
3,443;685;776,-1.920648064575474E-6
3,353;426;495,-1.9189156199255766E-6
3,46;169;408,-1.8845890863871812E-6
3,80;161;800,1.8828567935239224E-6
3,675;702;862,-1.8728845686981009E-6
3,255;476;666,1.871330798542528E-6
3,197;499;925,1.8664885078041315E-6
3,169;558;687,-1.8562679511092245E-6
3,51;562;565,-1.8427185734270144E-6
3,33;60;901,1.8400737854406442E-6
3,600;858;924,-1.8375557071689773E-6
3,439;589;664,-1.8364186560599628E-6
3,871;887;920,1.833399709231496E-6
3,16;32;379,1.8314011493280984E-6
3,67;584;587,-1.8228352546964393E-6
3,292;730;784,-1.8226486739886562E-6
3,306;324;774,1.8170496232133467E-6
3,674;769;793,1.8021488367611256E-6
3,160;512;808,1.798112609136822E-6
3,388;527;913,1.7967150190277107E-6
3,414;521;558,1.7932278099547887E-6
3,86;225;263,-1.7925475145294593E-6
3,191;262;327,1.779557528498791E-6
3,267;495;502,-1.778987289985972E-6
3,434;632;888,-1.773195017165996E-6
3,199;201;711,-1.7608055376277416E-6
3,250;615;686,-1.7590808724223527E-6
3,168;274;849,-1.757095976824906E-6
3,265;389;900,-1.7487673083247947E-6
3,82;104;373,-1.7101376292691235E-6
3,68;689;926,-1.7044098540457062E-6
3,259;685;842,-1.69480741612062E-6
3,349;691;890,-1.6850762915674029E-6
3,76;274;489,-1.6839513652159542E-6
3,440;597;760,-1.6782517222512817E-6
3,172;466;898,-1.6748381823983721E-6
3,145;154;498,1.6732800934000336E-6
3,265;367;935,1.6665857937491376E-6
3,208;708;717,-1.6632633603146896E-6
3,300;345;461,-1.6602175157787031E-6
3,191;195;599,-1.654648107506946E-6
3,260;482;967,1.6400605285129127E-6
3,21;136;655,1.627658437725471E-6
3,215;911;955,1.625040019840065E-6
3,443;569;701,1.6205748351076112E-6
3,182;302;711,-1.6147886247310367E-6
3,334;631;662,-1.6086459392300571E-6
3,395;735;871,-1.6080913972509464E-6
3,156;547;726,1.6074481523832771E-6
3,387;768;798,1.6014103622193944E-6
3,753;775;840,-1.6005336693648876E-6
3,107;278;877,1.5970632555007588E-6
3,332;500;784,-1.5959719789373045E-6
3,379;628;635,-1.5932859132178415E-6
3,414;516;888,-1.5905015379541096E-6
3,208;274;746,1.5829955618050993E-6
3,234;680;928,1.5818876294050183E-6
3,489;597;806,1.5752970675196668E-6
3,273;899;992,1.5686368913748402E-6
3,251;525;891,-1.5647148190116866E-6
3,165;223;426,-1.560470584739404E-6
3,175;188;488,1.558409140833661E-6
3,153;471;826,1.5549710695576328E-6
3,11;505;724,-1.5478722660910715E-6
3,500;517;999,1.5438980509067565E-6
3,421;655;914,-1.5314027419473381E-6
3,179;283;647,-1.5234554608062611E-6
3,146;529;918,-1.522065905565015E-6
3,254;498;948,-1.5134189590359572E-6
3,108;506;869,1.5123936058682453E-6
3,466;809;892,1.510908859066292E-6
3,12;31;788,1.5084757341240068E-6
3,12;778;854,-1.4932572842718574E-6
3,16;143;969,-1.4830977318152361E-6
3,365;537;878,-1.4595924494027953E-6
3,136;577;849,1.4504905542480351E-6
3,194;361;721,-1.4475026228247917E-6
3,392;767;811,1.439224650473206E-6
3,493;754;975,1.4353136910406523E-6
3,310;363;537,-1.4346826276974562E-6
3,247;558;665,1.4338118830180964E-6
3,551;759;893,-1.4324419365752128E-6
3,298;655;665,-1.4310042914586208E-6
3,4;184;553,-1.424354648099424E-6
3,32;507;589,1.4168078699768086E-6
3,835;891;963,1.4085472585497992E-6
3,435;565;578,1.3998963488589255E-6
3,311;603;884,1.3879542633701107E-6
3,309;486;562,-1.3733094416518642E-6
3,322;584;992,-1.3653217555340997E-6
3,456;599;946,-1.3441774242143324E-6
3,472;511;535,-1.3321355210229382E-6
3,209;459;567,1.318530084902559E-6
3,524;558;997,-1.3072141687608049E-6
3,220;698;803,-1.3071042455948778E-6
3,149;683;990,1.301298637103071E-6
3,284;720;821,1.3005550947152167E-6
3,191;362;507,-1.2956055667391123E-6
3,276;307;974,1.2918423219685226E-6
3,262;380;563,1.2901974721663824E-6
3,407;903;951,1.2823986141706802E-6
3,317;642;888,1.2702552211163142E-6
3,267;532;699,1.263690307771341E-6
3,203;272;667,1.2577876750112724E-6
3,167;366;839,1.2577541448278995E-6
3,604;698;803,1.2565781083844174E-6
3,179;666;721,1.2563065442086388E-6
3,286;753;955,1.2478113048952042E-6
3,168;715;770,-1.2440135546991638E-6
3,161;374;918,1.2280648799041851E-6
3,407;828;951,-1.2167806961100141E-6
3,5;431;957,-1.2143898223599751E-6
3,32;247;872,1.2113821823710596E-6
3,216;246;799,-1.2019081414396568E-6
3,243;400;747,-1.1939320014157615E-6
3,411;701;831,-1.1922552675512101E-6
3,68;451;926,1.1898413602944997E-6
3,43;235;678,1.1879788040235728E-6
3,74;732;884,1.1848727087026799E-6
3,208;274;517,1.1844188240669428E-6
3,25;211;497,1.164113219359053E-6
3,325;451;467,-1.1640521935415773E-6
3,70;519;930,-1.1609572607538601E-6
3,211;269;475,1.1593586749391316E-6
3,608;721;917,1.152953679259227E-6
3,774;920;933,1.1474263353058733E-6
3,99;573;922,1.1469045356445434E-6
3,74;210;747,-1.1298469596660067E-6
3,466;576;812,1.1243955981184683E-6
3,355;569;884,-1.1118350288295173E-6
3,501;607;909,1.102325430148321E-6
3,187;536;595,-1.0972983445974028E-6
3,99;486;712,-1.0867576370297144E-6
3,225;664;947,-1.078752890770484E-6
3,99;287;338,-1.0757299404695401E-6
3,24;234;680,1.070716545651787E-6
3,354;604;698,-1.0671146863671897E-6
3,195;263;599,1.0614598360012065E-6
3,475;558;997,1.0605097480671789E-6
3,583;863;880,-1.0576645706601335E-6
3,254;473;948,-1.0564562762034359E-6
3,236;617;709,-1.0486415074517677E-6
3,296;665;733,-1.0484450113057813E-6
3,900;902;923,1.0429240079349553E-6
3,169;841;944,1.034825179421696E-6
3,329;566;677,-1.0330912992047372E-6
3,17;166;271,1.021843917666153E-6
3,307;697;828,1.0068208557181442E-6
3,393;617;867,1.0051110760486287E-6
3,186;392;571,-1.0025846886681234E-6
3,87;583;815,9.842020420538777E-7
3,477;650;917,-9.78203812377794E-7
3,292;556;969,9.770644964627456E-7
3,286;676;955,9.761735344842523E-7
3,116;504;624,9.652780409709315E-7
3,88;843;934,-9.638141891789818E-7
3,393;485;844,9.616791214273751E-7
3,52;223;636,-9.385016203501337E-7
3,201;646;858,-9.234254266134064E-7
3,647;816;963,-9.196521760030871E-7
3,91;446;820,9.195328460031883E-7
3,337;369;905,-9.191146950148291E-7
3,450;757;937,-9.170425833684576E-7
3,434;863;883,-9.054636949171538E-7
3,250;360;686,9.000447481468006E-7
3,449;541;607,-8.992548344665188E-7
3,234;399;472,-8.973230114597171E-7
3,273;552;825,8.951459720069888E-7
3,464;574;797,-8.863878493473032E-7
3,102;470;532,-8.814053663555415E-7
3,225;692;708,8.799154776144396E-7
3,221;585;661,-8.787979727389872E-7
3,136;285;351,8.776606856275154E-7
3,243;425;747,8.766198572983039E-7
3,97;179;973,-8.621370860013265E-7
3,90;650;903,-8.617099192487175E-7
3,43;335;387,8.605423244953253E-7
3,635;899;936,8.545467819989841E-7
3,431;698;839,-8.431804375485589E-7
3,206;259;848,8.424286628591939E-7
3,290;494;680,8.399202876437917E-7
3,19;220;292,8.374365785623755E-7
3,345;949;950,8.290087341195906E-7
3,245;504;903,8.259507553741025E-7
3,65;109;873,8.255573030608309E-7
3,131;323;580,8.232284685657787E-7
3,74;91;547,-7.899141958049652E-7
3,345;489;800,-7.875890553536921E-7
3,141;222;530,7.811118630078641E-7
3,213;461;722,7.790187903194204E-7
3,228;800;918,-7.760607271172886E-7
3,920;944;985,-7.706221296273144E-7
3,377;724;844,7.58290886542716E-7
3,44;452;946,-7.562564268478976E-7
3,103;308;446,-7.506811098909848E-7
3,56;248;618,7.490158787178195E-7
3,82;440;690,-7.447722065360707E-7
3,559;588;714,-7.410733626742987E-7
3,144;168;714,-7.382138442126492E-7
3,502;615;985,6.995256118230639E-7
3,97;137;829,6.943671645053342E-7
3,152;564;572,6.776628449504211E-7
3,25;727;775,6.764869180708039E-7
3,418;782;847,-6.684997385281861E-7
3,524;725;920,-6.649784874179151E-7
3,195;305;673,-6.600800169810176E-7
3,86;536;656,6.410100484476496E-7
3,507;542;830,-6.336393933291419E-7
3,692;887;959,-6.275057292898442E-7
3,28;278;421,-6.24671695296692E-7
3,50;177;832,-5.971153608363352E-7
3,60;241;598,-5.936943073066164E-7
3,146;380;561,5.870381794318737E-7
3,136;590;704,-5.813002392741386E-7
3,14;220;375,5.795934875170405E-7
3,33;337;729,-5.791500287353237E-7
3,232;783;953,5.72014863312046E-7
3,678;802;825,-5.702906773621363E-7
3,66;709;749,-5.667686550599599E-7
3,71;243;747,5.538744561859252E-7
3,70;238;988,-5.370922962413261E-7
3,167;337;840,-5.319209824521561E-7
3,26;43;378,-5.282183035638793E-7
3,163;273;672,5.247926473548776E-7
3,248;379;635,-5.160794016676844E-7
3,152;584;992,-5.06042309984519E-7
3,99;338;718,5.040251112172212E-7
3,124;488;947,-4.983930425310965E-7
3,489;757;763,-4.965645255073162E-7
3,116;744;846,-4.960004578364111E-7
3,553;559;655,4.905864483066847E-7
3,277;475;997,4.769737477758468E-7
3,447;839;993,-4.766243023252709E-7
3,282;383;968,-4.701427923451025E-7
3,267;425;860,4.6889402121296985E-7
3,229;407;566,-4.6243395278188286E-7
3,214;753;865,-4.298115646411867E-7
3,348;417;893,3.986881494404508E-7
3,75;788;877,3.9584742951385283E-7
3,333;675;682,-3.937658594306108E-7
3,737;844;941,3.7144921626626123E-7
3,23;136;704,-3.62952883874678E-7
3,419;585;798,-3.57897462055834E-7
3,444;701;900,3.49398649528071E-7
3,504;578;916,-3.4606489712683126E-7
3,80;161;972,3.386794684100691E-7
3,173;550;972,-3.355669618275575E-7
3,222;726;756,3.217957478516241E-7
3,100;407;653,-3.1942759325971973E-7
3,8;286;845,3.1886711402430085E-7
3,489;657;800,3.085192734112452E-7
3,117;583;863,3.059136522681125E-7
3,32;538;750,-3.052104245559323E-7
3,34;853;896,3.0425963167755863E-7
3,249;451;927,-2.970925352502839E-7
3,500;579;596,-2.8836493337558444E-7
3,46;95;386,-2.836629313916275E-7
3,115;218;999,2.762988692302341E-7
3,359;483;534,-2.6848727379089054E-7
3,299;474;942,2.42808379208783E-7
3,36;202;313,-2.4044638242473606E-7
3,152;322;740,2.3215630443484265E-7
3,158;406;684,2.199322350301021E-7
3,77;224;239,2.116342063020124E-7
3,265;439;873,2.0927135634038473E-7
3,263;527;574,1.9485452535701955E-7
3,355;902;934,1.8900402454234688E-7
3,390;694;799,1.8789420777434035E-7
3,330;441;952,1.8414160643238574E-7
3,447;572;831,-1.8296234173567627E-7
3,96;452;895,1.7416058416372394E-7
3,144;653;808,-1.7399015625648578E-7
3,356;645;864,1.7002185794335462E-7
3,604;747;911,1.6253704992309078E-7
3,49;116;923,-1.6201739458510112E-7
3,277;590;717,-1.6097268303631035E-7
3,63;93;626,-1.569743945955028E-7
3,103;240;331,1.566239588253436E-7
3,25;284;720,-1.5445916961889447E-7
3,227;485;941,1.5032990536013522E-7
3,4;101;831,-1.439940629541295E-7
3,405;816;899,1.3953187326264453E-7
3,432;676;840,-1.2880440573723866E-7
3,633;788;877,-1.225110214665079E-7
3,396;634;705,-1.220706084074999E-7
3,237;730;901,-1.199699747129225E-7
3,481;719;838,1.0625433403563603E-7
3,275;695;721,1.0548404202986167E-7
3,48;141;658,1.0487232030785554E-7
3,319;676;982,9.634862736642921E-8
3,21;155;256,-8.924489122001667E-8
3,349;413;890,-8.437618935190975E-8
3,175;338;394,8.233762240432429E-8
3,33;79;809,-7.839173669699218E-8
3,88;171;934,-7.703513067345777E-8
3,709;738;948,-7.424890482000957E-8
3,497;655;712,-6.620739943480336E-8
3,588;616;714,6.438016145829048E-8
3,57;89;937,-5.292092782904767E-8
3,101;190;960,-4.67822698540267E-8
3,115;510;613,4.430062233268944E-8
3,243;901;904,-4.1897318928452166E-8
3,273;590;978,-3.3704742045472666E-8
3,363;506;869,-3.267171248108949E-8
3,63;349;890,-2.926607875546744E-8
3,43;292;820,-2.7203323390644074E-8
3,38;672;915,2.3623630293172216E-8
3,393;734;978,-2.0306114664150887E-8
3,159;199;775,-1.640033338017044E-8
3,254;542;826,1.2640510326580868E-9
3,417;574;879,-1.0696150229208556E-9
4,24;76;489;495,-2.2060841945428948E-4
4,632;642;820;889,1.99210321523419E-4
4,126;335;440;805,-1.9541549122088726E-4
4,34;296;558;832,-1.908349496538997E-4
4,200;359;460;669,-1.7929589707086775E-4
4,143;184;454;739,1.7872284300264602E-4
4,214;230;499;808,-1.6861536430687568E-4
4,111;117;306;315,1.677844749852726E-4
4,348;417;735;893,1.677116227330391E-4
4,77;472;475;593,1.6570889993495935E-4
4,386;532;689;726,1.6406885811985882E-4
4,70;146;582;809,-1.6289798288912668E-4
4,464;475;563;995,1.6284107712173215E-4
4,125;196;711;815,-1.6093561559152753E-4
4,262;327;380;563,-1.592692561912337E-4
4,102;156;322;532,1.583066822221196E-4
4,262;405;789;965,1.5609261559138194E-4
4,249;625;795;849,1.5528560022952688E-4
4,8;332;741;988,1.541212634984782E-4
4,226;517;658;972,1.5244127617039196E-4
4,124;624;939;947,1.5122914947331048E-4
4,5;155;255;686,-1.5017884740843167E-4
4,122;244;327;620,-1.4859544346918687E-4
4,327;338;385;422,1.470128906818053E-4
4,306;661;741;804,1.4583637466782237E-4
4,548;662;740;985,1.4513994382009689E-4
4,494;766;794;843,-1.4459642793137657E-4
4,69;464;574;797,1.43912597349304E-4
4,19;220;292;653,1.4263659123184633E-4
4,235;524;662;774,-1.4098644188533305E-4
4,291;417;574;984,-1.3987747580244275E-4
4,39;211;495;955,-1.3973376334072194E-4
4,542;554;782;808,1.3867525511530222E-4
4,211;495;955;966,-1.3549284543498756E-4
4,53;654;831;875,1.3475514123692075E-4
4,2;125;312;841,-1.3421570978585252E-4
4,176;506;915;987,1.3412251632902468E-4
4,447;572;839;993,-1.3364117035225866E-4
4,109;753;785;838,-1.331659214849465E-4
4,154;548;622;886,1.3267255122336607E-4
4,455;855;862;928,-1.3211654090185254E-4
4,256;392;504;773,-1.31928462487726E-4
4,238;324;709;988,-1.3178162814622335E-4
4,40;146;352;529,-1.3124069257469345E-4
4,81;200;359;669,-1.3121766978676296E-4
4,170;382;774;807,-1.3120914445134018E-4
4,4;122;265;873,1.304605359909459E-4
4,453;480;610;719,-1.3023874127921373E-4
4,228;251;670;918,1.3003780403375104E-4
4,286;392;504;773,1.2990612406719358E-4
4,11;183;229;668,-1.2981275414176654E-4
4,109;265;873;906,-1.295826112634363E-4
4,67;208;620;748,-1.29535966771947E-4
4,24;171;299;353,1.2923174824206184E-4
4,300;345;461;916,1.290986248641523E-4
4,138;237;678;828,-1.2827179822000133E-4
4,11;250;431;957,-1.2801918637866247E-4
4,44;630;893;905,-1.27905086731166E-4
4,80;771;851;878,-1.2717573252367308E-4
4,173;432;550;592,1.2624730743735624E-4
4,91;322;521;918,-1.2579209632415571E-4
4,66;314;534;936,-1.2558221294388638E-4
4,127;817;841;962,-1.2546802320703422E-4
4,120;385;406;792,1.2540165319176394E-4
4,154;418;845;847,-1.2539243780795335E-4
4,220;354;698;803,1.2532674117448782E-4
4,344;622;812;927,-1.25015941632721E-4
4,24;40;318;438,-1.2472346461444496E-4
4,349;542;645;936,1.2465900504916752E-4
4,635;739;899;936,-1.2446722277598024E-4
4,20;848;875;883,1.2409242870288414E-4
4,199;624;848;986,-1.2388269317767072E-4
4,23;364;438;770,-1.2352272019660893E-4
4,116;163;744;846,-1.2302286548484775E-4
4,33;145;556;901,1.2302073078580912E-4
4,242;392;582;705,1.2296376962184853E-4
4,240;376;527;692,-1.2287952747555903E-4
4,92;308;476;517,1.228685581094218E-4
4,48;259;629;685,-1.2261404238949675E-4
4,53;458;577;659,1.226064547593528E-4
4,264;487;491;633,-1.2256318201251808E-4
4,36;79;202;313,1.2253730267694116E-4
4,72;307;577;801,-1.2182878514204247E-4
4,32;306;720;872,1.2175209240155357E-4
4,271;419;647;979,1.2163962828283725E-4
4,685;689;896;977,1.2146427187665598E-4
4,171;295;322;889,1.2140855324895383E-4
4,0;54;116;948,-1.2104249670305337E-4
4,229;326;815;858,-1.2086195970284553E-4
4,404;652;846;875,1.2066837198543009E-4
4,210;288;432;840,1.20564314332E-4
4,91;646;767;811,-1.196349242843261E-4
4,3;370;423;675,1.1925033185727523E-4
4,592;608;685;721,1.1902262115305769E-4
4,167;307;564;734,1.1894241333219989E-4
4,104;289;427;570,-1.186233881632562E-4
4,253;330;362;869,-1.182003115200396E-4
4,541;703;794;879,-1.1811159026380636E-4
4,291;691;793;809,1.1751525348365644E-4
4,399;456;599;946,1.1737143870760987E-4
4,5;155;516;686,1.1723143909286301E-4
4,425;458;696;717,1.1718693516250054E-4
4,18;124;157;831,-1.1688222705536103E-4
4,208;289;452;793,-1.167395901543927E-4
4,153;221;253;585,1.1666521163572322E-4
4,260;469;592;967,-1.1664814669785453E-4
4,336;345;725;950,1.1632179813796776E-4
4,713;731;742;908,-1.1631959992668924E-4
4,269;426;427;430,1.1605419790331653E-4
4,310;363;365;878,-1.1583957050796E-4
4,79;179;636;993,1.154800609275297E-4
4,362;459;579;616,-1.1536793388002459E-4
4,342;478;757;918,1.1535949649068462E-4
4,569;684;731;922,-1.1535605327148477E-4
4,180;195;366;393,1.1508230786022011E-4
4,125;254;473;498,-1.1500771751729667E-4
4,133;134;192;747,1.148373630850264E-4
4,15;40;55;956,1.1465514554090216E-4
4,469;482;592;967,-1.1459030409780207E-4
4,165;223;293;313,1.1443584665364321E-4
4,40;466;576;812,-1.1438094168188428E-4
4,11;280;505;724,1.1417557643433977E-4
4,229;230;684;827,-1.133122745370217E-4
4,8;49;655;705,1.1328733804031872E-4
4,80;161;355;800,1.1305138385342254E-4
4,14;162;176;944,1.127677400870057E-4
4,90;470;650;903,1.1265027247098463E-4
4,295;452;643;895,1.1254345979711711E-4
4,202;775;920;945,-1.1249186898241157E-4
4,145;562;565;647,1.1242280907354532E-4
4,24;81;939;950,1.1234381302041898E-4
4,170;295;609;619,-1.1226575689749978E-4
4,84;245;926;947,1.122302340149692E-4
4,186;581;764;797,1.1222898748973928E-4
4,420;543;583;752,-1.1213440182278736E-4
4,592;685;721;850,-1.1200923123980804E-4
4,217;445;671;854,1.1142972874169402E-4
4,48;785;818;906,-1.1133107875965667E-4
4,195;285;427;673,-1.1121383565767151E-4
4,336;495;745;826,1.1117042471133553E-4
4,159;474;742;942,-1.1101315223785527E-4
4,241;335;933;999,-1.1093325486502941E-4
4,139;309;340;869,1.109237164893793E-4
4,62;298;748;973,-1.1071263069242424E-4
4,5;139;515;817,-1.1064454157441902E-4
4,394;466;762;778,-1.1038525369891885E-4
4,202;391;775;945,1.1015772309653356E-4
4,220;420;881;925,1.0998521080627238E-4
4,151;187;224;549,-1.0996426539215157E-4
4,10;388;677;747,1.0993688427874814E-4
4,467;472;535;765,-1.0992626659140559E-4
4,63;284;457;988,1.0971912844437342E-4
4,468;782;796;975,1.0969397778509804E-4
4,352;522;735;994,-1.0962264980023338E-4
4,416;486;910;958,-1.0959173977166568E-4
4,4;146;721;831,1.0938637989705675E-4
4,863;867;883;920,1.0936857962112142E-4
4,178;692;887;959,-1.0929667732216853E-4
4,27;461;722;758,1.0927785132708529E-4
4,43;82;104;373,-1.0927337171150195E-4
4,67;256;259;587,1.0919563582859118E-4
4,30;247;715;770,1.091455684050883E-4
4,260;482;592;967,-1.0877583619708034E-4
4,622;712;812;927,-1.0875051154302704E-4
4,44;54;704;710,1.0867344686521449E-4
4,73;165;354;892,-1.0858236319705967E-4
4,147;187;536;595,1.0857177742980226E-4
4,337;612;729;771,-1.0849402093779018E-4
4,398;817;851;914,1.0829284805495914E-4
4,18;604;719;911,-1.081520551705168E-4
4,34;69;147;416,-1.0809932780617085E-4
4,195;327;461;592,-1.0791525055285633E-4
4,86;435;907;996,-1.0782092715430574E-4
4,173;383;472;554,-1.0780826212278555E-4
4,271;369;545;917,-1.077653818954172E-4
4,495;502;813;981,1.0761715346334938E-4
4,322;584;740;992,1.0756882103945396E-4
4,52;119;379;626,1.0756425937285005E-4
4,66;241;762;872,1.0755359322740748E-4
4,147;290;435;943,-1.0743932896182843E-4
4,281;523;684;956,-1.069923829507679E-4
4,377;524;676;725,-1.069327143291988E-4
4,165;450;500;579,1.0691119506880935E-4
4,281;447;786;849,1.0688124545660744E-4
4,50;218;367;800,-1.0687101112618628E-4
4,471;624;871;920,-1.0685388259442238E-4
4,566;589;954;971,1.0672561430359141E-4
4,82;124;278;507,1.0663590058403775E-4
4,643;654;847;935,-1.0642688968144554E-4
4,74;91;547;962,1.0626529090117942E-4
4,136;351;497;954,-1.0617640272112936E-4
4,318;755;915;988,-1.0610625076911167E-4
4,345;588;657;800,1.0595124772647703E-4
4,153;429;471;826,1.0583079092173697E-4
4,11;244;505;724,1.0557079082367684E-4
4,278;769;776;823,1.0542884336947271E-4
4,363;365;537;878,1.0530217469659674E-4
4,36;43;235;678,-1.0524851988330082E-4
4,396;462;772;781,1.0511890235327066E-4
4,557;566;719;855,-1.0505240917438346E-4
4,105;128;790;917,-1.0488866722451585E-4
4,231;625;664;730,-1.048686178579192E-4
4,367;388;834;913,-1.0481859324287985E-4
4,47;384;656;919,-1.0478367743856427E-4
4,510;677;679;808,1.045780652725641E-4
4,163;396;705;944,-1.0447204454050338E-4
4,157;304;839;961,1.0416252520724547E-4
4,1;236;335;387,-1.0410376344293122E-4
4,172;465;556;992,-1.0391891705056422E-4
4,261;267;467;883,-1.0370880514163785E-4
4,614;684;737;909,1.0363760412910431E-4
4,281;355;447;849,1.0350644182775062E-4
4,44;430;663;963,-1.034464935735894E-4
4,74;489;678;802,-1.0330487994745451E-4
4,178;652;692;959,-1.031739325462592E-4
4,34;162;388;847,-1.0314854434175622E-4
4,189;539;558;930,1.0314509149088292E-4
4,141;222;525;741,1.0308427178203456E-4
4,335;588;681;805,-1.0298168058205136E-4
4,4;101;146;831,-1.0288824287740312E-4
4,2;22;553;655,1.028875502309425E-4
4,356;362;717;989,1.0269623235834488E-4
4,168;182;321;714,1.0268378522947563E-4
4,507;666;696;860,-1.0262044560502974E-4
4,61;161;199;711,-1.0251817020082404E-4
4,85;402;701;899,-1.0240396782418024E-4
4,178;372;555;693,-1.0238405793505296E-4
4,296;665;733;966,-1.0204887257480669E-4
4,471;624;871;887,-1.0180175577320084E-4
4,203;272;667;935,-1.0174053697086157E-4
4,116;293;504;624,-1.0167216197201178E-4
4,63;349;413;691,1.0130215834784582E-4
4,367;744;830;851,-1.0112440300080718E-4
4,227;485;737;941,-1.0100176338033814E-4
4,2;62;283;525,-1.0094102485242931E-4
4,166;373;556;972,-1.0089687733088629E-4
4,569;684;717;922,1.0084837021807254E-4
4,197;268;854;966,1.0054473574387203E-4
4,174;304;366;376,-1.0052598430401467E-4
4,18;604;747;911,1.0051723231390095E-4
4,167;386;689;726,1.0048267063962913E-4
4,8;92;398;991,-1.0029302715089558E-4
4,308;309;486;562,1.0017424857694355E-4
4,182;875;905;924,-1.0010462375325655E-4
4,84;245;408;947,-1.0009401353867694E-4
4,375;666;706;819,-9.995551281527207E-5
4,294;302;387;573,-9.994884874848481E-5
4,320;434;636;888,9.985481327845749E-5
4,117;320;863;880,-9.967903688042293E-5
4,134;516;707;988,9.96668296468105E-5
4,390;421;466;510,9.95782226118849E-5
4,44;297;452;946,9.934675494560449E-5
4,87;140;752;913,9.93416653431393E-5
4,400;435;565;839,-9.923587152205657E-5
4,40;548;576;812,-9.917354509074695E-5
4,408;693;957;988,-9.908126584014486E-5
4,195;281;524;776,9.901323682092249E-5
4,180;649;865;957,9.894991813135E-5
4,230;355;412;545,-9.876098231063272E-5
4,137;489;619;880,-9.864232416495354E-5
4,35;110;705;932,-9.86378727645789E-5
4,5;255;516;686,-9.857071286087585E-5
4,23;877;943;957,9.848591564558952E-5
4,120;223;636;862,9.844343923480226E-5
4,46;169;408;558,-9.84081367882866E-5
4,13;207;548;995,-9.840797781028815E-5
4,44;82;355;729,9.835918665801177E-5
4,23;204;499;563,-9.832879255101845E-5
4,136;468;655;791,9.831933022356212E-5
4,273;463;766;992,9.82811689393034E-5
4,335;579;933;999,9.812591999773578E-5
4,201;472;670;890,9.807693170305017E-5
4,31;677;701;998,-9.805803771243692E-5
4,292;784;824;954,-9.799196135397409E-5
4,157;304;487;961,9.796302998507967E-5
4,134;323;409;619,9.794828518974224E-5
4,39;272;428;891,9.770354238473508E-5
4,417;473;885;926,9.727329841081418E-5
4,146;419;582;809,-9.725808283675747E-5
4,159;432;510;796,-9.724421803399676E-5
4,46;350;392;606,9.722943191276193E-5
4,85;194;499;511,9.717149970342176E-5
4,210;288;676;840,9.711595738794253E-5
4,114;266;505;540,9.69509958413826E-5
4,349;542;936;965,-9.69235890048472E-5
4,235;444;795;797,-9.679750539847546E-5
4,388;527;834;913,9.679073575904241E-5
4,309;375;706;819,9.650646242355923E-5
4,41;155;324;883,9.645769504095167E-5
4,339;564;908;923,9.640669883537437E-5
4,7;178;273;825,-9.634159564730853E-5
4,26;178;304;658,9.63190401134782E-5
4,138;237;678;851,-9.613350519480817E-5
4,393;485;844;927,9.607022010639976E-5
4,85;443;676;875,9.599463184818277E-5
4,188;363;695;853,9.590115130988097E-5
4,290;656;813;951,-9.587153576162149E-5
4,395;445;617;960,-9.586896268262972E-5
4,291;691;702;922,-9.584985314201265E-5
4,355;388;677;747,-9.584139569396549E-5
4,34;147;416;535,9.567713519317547E-5
4,1;43;236;335,-9.566395781553971E-5
4,245;504;579;849,9.554492758093694E-5
4,152;564;572;789,-9.535254733862195E-5
4,33;337;612;771,9.53088807752479E-5
4,434;632;636;888,9.527376816777449E-5
4,236;617;635;709,9.526611293781725E-5
4,115;292;428;464,-9.505601999296474E-5
4,439;515;545;673,9.502517273381516E-5
4,543;583;752;846,-9.498169198661871E-5
4,468;679;888;894,9.495478712478106E-5
4,109;281;769;789,-9.473517881679681E-5
4,39;130;145;418,9.465272487780402E-5
4,292;730;784;824,-9.464845302540024E-5
4,206;549;754;912,-9.464501542325276E-5
4,157;333;881;885,-9.463205730573309E-5
4,340;713;840;919,9.453875254666625E-5
4,277;524;558;997,-9.443358096478383E-5
4,377;572;802;836,9.443046929095069E-5
4,33;52;79;880,-9.439573904652566E-5
4,119;154;503;558,-9.439432949740091E-5
4,187;404;846;875,-9.437677636362412E-5
4,120;233;459;653,-9.429338539785522E-5
4,199;557;842;918,9.428640646445474E-5
4,261;496;661;824,9.414188112042809E-5
4,96;328;661;871,9.406277735223242E-5
4,662;740;985;991,9.394804372186451E-5
4,132;419;585;855,9.390483364368762E-5
4,96;381;720;977,9.374496933697552E-5
4,305;317;542;662,-9.372101524315904E-5
4,43;82;104;764,9.364463893612269E-5
4,374;388;589;882,9.350541601052997E-5
4,135;414;603;980,9.34762994392519E-5
4,397;402;417;687,-9.333452196520458E-5
4,160;385;759;808,9.330209557164074E-5
4,611;850;859;889,9.324595061216543E-5
4,132;419;585;798,-9.315051265226369E-5
4,134;139;707;988,-9.311267425862464E-5
4,270;438;751;971,9.308103526488412E-5
4,97;179;181;973,-9.281366577164788E-5
4,313;424;905;907,9.279951636038508E-5
4,377;399;524;684,9.263922873178651E-5
4,246;739;899;936,-9.260074483838525E-5
4,307;434;587;974,9.25907311772344E-5
4,225;314;692;708,9.257482599657001E-5
4,171;295;322;822,-9.25666075771659E-5
4,609;675;903;992,-9.25060123910565E-5
4,330;410;649;735,9.234351944154901E-5
4,201;731;801;838,-9.216688264660153E-5
4,337;517;565;999,9.212352590660407E-5
4,165;338;389;900,9.207117974681378E-5
4,132;250;360;686,9.202845822682815E-5
4,116;729;747;906,-9.201192222085213E-5
4,213;265;367;612,9.197913254686999E-5
4,29;174;224;370,-9.191829714620667E-5
4,503;524;662;774,-9.189453526102609E-5
4,21;702;780;900,-9.18501992144604E-5
4,8;579;640;845,-9.182502008368924E-5
4,23;590;704;945,9.181977762722644E-5
4,269;426;427;824,-9.174088260568155E-5
4,449;482;541;578,9.169597559108819E-5
4,108;178;210;568,9.165231625027519E-5
4,38;359;462;798,9.152466711318763E-5
4,8;286;579;845,9.15186566814009E-5
4,608;753;909;917,9.133837780987233E-5
4,522;609;675;903,-9.128156505352006E-5
4,96;265;545;548,9.124884666643175E-5
4,45;562;739;919,-9.122060187430403E-5
4,77;459;472;475,9.117587234914143E-5
4,334;756;861;983,9.111288087756213E-5
4,464;541;574;797,9.071580203694826E-5
4,398;643;664;733,9.067326038030376E-5
4,5;697;753;834,9.060578858683039E-5
4,523;544;559;949,-9.057184661015138E-5
4,279;475;476;820,9.047588799341468E-5
4,76;157;587;825,9.039894523861139E-5
4,349;395;682;819,9.037189540689344E-5
4,168;195;274;830,9.030252161311666E-5
4,199;212;327;376,-9.02337324188739E-5
4,528;607;736;824,-9.017782150650605E-5
4,329;566;677;904,9.016350354203662E-5
4,164;211;550;814,-9.01045876831171E-5
4,66;179;314;936,8.987924981307863E-5
4,208;434;683;846,-8.987726487518657E-5
4,7;88;171;843,8.97720857757867E-5
4,468;888;894;902,-8.968949852762036E-5
4,403;588;616;714,-8.964648987924793E-5
4,150;239;717;769,8.961873906300159E-5
4,71;243;425;747,-8.95806823036682E-5
4,462;724;925;967,8.95583049303773E-5
4,194;283;336;697,8.944934429864973E-5
4,187;318;853;896,-8.944039342943196E-5
4,48;218;785;818,8.939660963270529E-5
4,194;217;243;361,-8.935205928976316E-5
4,38;629;694;994,8.934275355291565E-5
4,458;466;696;717,8.92950039931684E-5
4,138;477;852;917,8.927165848663204E-5
4,302;426;815;896,8.919735299979467E-5
4,316;701;785;958,8.91837429487672E-5
4,122;265;439;873,-8.913684652601139E-5
4,87;322;521;918,8.912706900224287E-5
4,23;668;877;943,-8.9122016080773E-5
4,39;272;428;468,-8.90429015232605E-5
4,282;312;801;966,8.902372359093719E-5
4,146;352;529;918,-8.897750717569971E-5
4,35;252;491;806,8.896727261549057E-5
4,116;161;710;918,-8.890487753010244E-5
4,10;177;383;447,-8.887600574225066E-5
4,159;299;742;942,8.887387442794198E-5
4,149;231;683;770,-8.886778450237981E-5
4,97;271;561;748,8.885681291216367E-5
4,178;652;887;959,-8.883996531615001E-5
4,442;552;861;989,-8.869824025920788E-5
4,224;227;672;746,-8.862829782008429E-5
4,42;256;681;783,8.85840123457746E-5
4,115;428;464;522,-8.854719918651729E-5
4,100;261;826;984,-8.85367658688377E-5
4,60;241;598;812,8.850617236538996E-5
4,373;604;698;961,8.849447524210341E-5
4,28;411;528;596,8.849380278684502E-5
4,400;435;565;578,-8.824918903966762E-5
4,88;226;541;897,-8.824082112973264E-5
4,165;500;579;596,-8.823714167323962E-5
4,85;313;547;769,-8.821026624549555E-5
4,103;173;564;918,-8.813076407579105E-5
4,150;358;611;620,8.812036950765888E-5
4,16;32;111;664,-8.811100745725145E-5
4,23;204;499;671,8.807196471394713E-5
4,597;757;763;806,-8.803274761443112E-5
4,64;372;592;805,8.800217459452416E-5
4,16;403;440;523,-8.798240126248861E-5
4,144;367;653;808,-8.793140995070638E-5
4,113;412;559;839,-8.785738521327677E-5
4,119;283;441;609,8.779397610464967E-5
4,126;335;467;805,8.765502802816665E-5
4,367;505;663;884,8.76047504792847E-5
4,165;337;918;966,8.756728421454754E-5
4,90;252;491;806,8.755894546069631E-5
4,181;285;929;940,-8.755118675661164E-5
4,170;179;573;940,-8.754740833970712E-5
4,306;421;565;577,-8.753906249709885E-5
4,270;329;752;991,8.752015731274902E-5
4,74;285;352;886,-8.743058047043362E-5
4,302;387;573;641,-8.736798420197567E-5
4,395;735;825;871,-8.714278403450194E-5
4,83;94;293;500,-8.702956741419934E-5
4,49;290;400;836,-8.702138948797199E-5
4,36;79;202;310,-8.700433123359122E-5
4,487;582;589;664,8.697696099940347E-5
4,59;480;617;680,8.690416947106769E-5
4,260;306;678;808,8.686258914300666E-5
4,80;461;771;851,8.682856975935978E-5
4,90;470;549;650,-8.681661567374041E-5
4,156;502;561;686,-8.679821965275625E-5
4,2;283;315;525,8.673147364255521E-5
4,219;412;443;459,-8.668902734960009E-5
4,305;483;492;634,-8.664978879786034E-5
4,249;306;754;980,8.656035996050196E-5
4,292;461;827;985,8.655973328924106E-5
4,245;298;556;604,-8.65280292107957E-5
4,158;406;646;667,8.650306485639095E-5
4,362;739;855;918,-8.641130995186261E-5
4,161;374;710;918,8.637993903253614E-5
4,483;700;767;845,-8.625276520221253E-5
4,306;421;488;577,8.623600127574785E-5
4,250;360;615;686,8.613958854209872E-5
4,405;411;446;526,-8.612199815089306E-5
4,31;701;821;998,-8.608804820798186E-5
4,643;654;715;935,8.606199047815058E-5
4,453;577;655;684,-8.598903888673546E-5
4,34;388;691;847,8.578034607911028E-5
4,52;120;223;862,8.575204901931896E-5
4,321;448;535;540,8.574447712921176E-5
4,353;372;643;872,8.562957751158538E-5
4,28;100;424;443,-8.552148884581016E-5
4,255;380;435;717,8.549588603086941E-5
4,255;850;859;889,8.544529718428832E-5
4,184;286;647;904,-8.538993503796808E-5
4,152;584;740;992,-8.534930968208367E-5
4,51;164;228;418,8.525562381621376E-5
4,384;438;751;971,8.522429744767119E-5
4,325;451;467;560,-8.521035028329586E-5
4,161;683;719;900,-8.518739626368346E-5
4,16;245;404;780,-8.51634712634002E-5
4,433;581;658;724,-8.512134219101438E-5
4,36;519;562;645,8.506179285702132E-5
4,347;492;884;980,-8.491219047605988E-5
4,83;272;847;981,-8.488200382165207E-5
4,64;372;592;777,8.48709935496748E-5
4,13;154;622;886,-8.48258348518585E-5
4,134;297;323;619,8.473838179593245E-5
4,390;396;462;772,8.472948531723735E-5
4,306;561;661;804,-8.469973765349917E-5
4,53;117;291;806,-8.469649190163132E-5
4,195;283;404;417,-8.466087492991216E-5
4,180;717;744;814,8.449221762386813E-5
4,179;627;670;897,8.443398571930185E-5
4,65;542;590;650,-8.431841716580041E-5
4,170;421;423;582,8.431638109616535E-5
4,104;159;341;600,-8.430622758440065E-5
4,399;472;766;884,-8.411021863725655E-5
4,375;584;876;878,8.40589834820737E-5
4,314;319;680;688,8.401864663245505E-5
4,195;656;780;817,-8.389468467613434E-5
4,201;492;646;858,8.377543393603157E-5
4,434;528;616;659,8.3754620165643E-5
4,19;294;783;883,8.36986474851242E-5
4,375;584;783;878,8.368445525846337E-5
4,32;87;281;713,-8.365683590785028E-5
4,35;110;850;932,8.365639862691685E-5
4,291;293;802;844,8.363263146046805E-5
4,397;402;687;967,8.362308532272414E-5
4,157;304;487;839,-8.359172861526444E-5
4,191;393;410;771,8.35893582140789E-5
4,74;210;747;988,8.35107730606651E-5
4,16;33;247;859,-8.346741164449026E-5
4,83;581;601;690,8.33873963089693E-5
4,245;247;330;529,8.338002511238954E-5
4,273;463;766;899,-8.335969858139641E-5
4,373;804;827;950,-8.333771400558173E-5
4,206;302;426;896,8.330070772069461E-5
4,44;273;330;978,-8.32545755657684E-5
4,243;246;594;615,-8.31834764562063E-5
4,99;267;287;338,8.315672662984894E-5
4,264;487;633;697,8.314937665439596E-5
4,244;367;368;689,-8.304365783856275E-5
4,41;291;424;904,8.300703623547802E-5
4,106;301;615;664,8.295774361414349E-5
4,78;398;498;671,8.295673781904936E-5
4,124;182;302;711,8.284846010481594E-5
4,329;490;677;904,-8.284784077774976E-5
4,176;220;745;800,8.281750215244514E-5
4,15;191;909;967,-8.281695092428711E-5
4,423;654;831;875,8.280575129803381E-5
4,56;285;368;917,-8.277708500629666E-5
4,450;593;757;796,-8.26824009384203E-5
4,180;393;439;880,-8.256015615878954E-5
4,395;682;819;868,8.252349177504924E-5
4,92;223;308;517,-8.248803263801391E-5
4,217;232;546;795,-8.243567074688993E-5
4,330;441;708;952,8.239507094905822E-5
4,448;552;609;827,-8.230072823547162E-5
4,316;468;580;689,8.227183764384899E-5
4,208;231;473;922,-8.224807067676238E-5
4,357;423;428;502,-8.221738893358436E-5
4,23;668;943;957,8.218946883740677E-5
4,53;116;794;999,-8.21647751867641E-5
4,140;145;154;725,-8.212830909614188E-5
4,335;440;467;805,-8.206444220956128E-5
4,234;399;472;766,8.205624538704634E-5
4,147;321;435;943,8.197757053259939E-5
4,5;141;202;804,-8.195709081444247E-5
4,665;770;901;904,8.194373295096858E-5
4,364;414;438;770,8.192641358713875E-5
4,334;346;507;819,-8.190499340055094E-5
4,49;626;633;697,8.187466698326979E-5
4,41;155;324;571,-8.184507419778633E-5
4,72;258;423;961,8.183415318244414E-5
4,189;558;923;930,8.1817950512377E-5
4,140;145;498;725,8.17615405487665E-5
4,18;407;903;951,-8.168850695062576E-5
4,249;451;862;927,8.168044282826655E-5
4,56;421;423;582,-8.168004687800676E-5
4,38;110;438;837,-8.157909698893537E-5
4,70;235;247;931,-8.155494016909087E-5
4,169;199;245;594,8.142825829909456E-5
4,159;199;775;905,-8.141032271537823E-5
4,194;283;697;824,8.139009808081183E-5
4,241;734;876;907,-8.136064628186282E-5
4,21;86;148;698,-8.13378838379874E-5
4,403;559;616;714,8.123290699895425E-5
4,100;103;171;538,8.104182750168695E-5
4,480;848;875;883,8.104002809764599E-5
4,302;535;629;816,8.098853236731105E-5
4,16;205;330;631,8.0988022455498E-5
4,97;342;370;591,-8.094751418352458E-5
4,78;439;618;915,-8.068688413677863E-5
4,508;772;828;924,8.068459722226687E-5
4,367;505;652;884,-8.064275302899888E-5
4,107;278;863;877,-8.064077934261768E-5
4,85;113;662;681,-8.063717403346347E-5
4,548;740;985;991,-8.055173480305577E-5
4,125;451;689;926,8.055074796333244E-5
4,62;78;101;789,8.054120791615588E-5
4,237;538;599;818,-8.051521091368965E-5
4,453;531;610;719,-8.049068389668357E-5
4,318;755;948;988,-8.045891229923092E-5
4,246;483;768;855,-8.03957252446876E-5
4,417;473;567;885,8.03713657457279E-5
4,284;911;920;963,-8.02885271740039E-5
4,367;653;712;808,-8.019584380362077E-5
4,130;302;411;744,8.019476514524106E-5
4,204;601;625;848,8.015368241497356E-5
4,46;349;436;987,8.010584299088241E-5
4,348;398;576;896,8.009781588615203E-5
4,551;577;683;813,-8.004120044684071E-5
4,477;650;852;917,-8.000185950173774E-5
4,263;305;483;634,7.998731011126537E-5
4,516;630;893;905,-7.994449133105206E-5
4,267;474;680;767,-7.991340269277064E-5
4,128;500;526;999,-7.989730669698691E-5
4,313;818;868;914,-7.986904634207207E-5
4,155;256;713;960,7.976827595059136E-5
4,548;662;985;991,7.974926868301281E-5
4,235;267;532;699,-7.966288687957066E-5
4,0;288;401;865,7.963295260298572E-5
4,227;485;737;844,7.961338603286258E-5
4,111;504;891;896,-7.959513431019049E-5
4,55;61;152;278,-7.954944461323839E-5
4,313;546;818;914,-7.954500187801258E-5
4,96;381;700;720,7.933905852415263E-5
4,70;243;700;748,7.923442982019011E-5
4,41;424;463;904,-7.919986575591074E-5
4,18;468;580;689,7.913758895467318E-5
4,5;155;255;516,7.912931803650846E-5
4,116;257;293;504,7.903732958573605E-5
4,189;293;481;719,-7.903522532899273E-5
4,317;356;675;862,-7.899006254576134E-5
4,21;220;750;991,7.892453992140238E-5
4,159;299;474;742,-7.891438458912915E-5
4,179;297;666;721,7.887241285449061E-5
4,128;300;315;516,7.885814374645577E-5
4,58;261;616;739,-7.880308928894222E-5
4,217;308;445;854,7.872527772181953E-5
4,45;268;795;899,7.867557605910096E-5
4,243;553;901;904,7.859529697176321E-5
4,203;567;616;818,7.847913853876846E-5
4,281;523;699;956,-7.84442818928203E-5
4,191;263;599;823,7.842591677894335E-5
4,88;292;556;969,7.833998210487641E-5
4,123;618;718;850,-7.833107497151788E-5
4,271;419;647;712,7.829881285070004E-5
4,587;656;684;848,7.82946472533717E-5
4,434;528;659;711,-7.817883774341373E-5
4,114;203;392;859,7.816367769972706E-5
4,35;546;575;685,-7.813078076678442E-5
4,67;256;259;584,7.810752735298747E-5
4,91;305;547;962,-7.810482721785088E-5
4,164;420;458;649,7.809233354436645E-5
4,58;261;739;971,7.804811443403863E-5
4,84;614;820;980,-7.794109932909949E-5
4,69;179;573;940,-7.790397072025063E-5
4,27;301;696;879,7.790227036782892E-5
4,19;727;892;947,7.787764280315824E-5
4,152;322;740;992,7.785443507737471E-5
4,313;905;907;952,-7.783463321391078E-5
4,59;243;594;615,-7.780788254874766E-5
4,53;318;656;953,7.761083647025196E-5
4,558;666;845;968,-7.752243604825667E-5
4,220;301;615;664,-7.747485995245768E-5
4,155;690;819;962,-7.745437202480122E-5
4,273;330;590;978,7.745435225843255E-5
4,276;307;434;587,7.743492829599016E-5
4,288;312;801;966,7.737926538500051E-5
4,282;592;940;986,7.735017474099284E-5
4,281;523;684;699,7.734276802714628E-5
4,135;357;468;910,7.734153672198487E-5
4,468;782;796;962,7.733910203884885E-5
4,189;332;674;784,7.732268772609403E-5
4,393;520;734;978,7.731720590998032E-5
4,80;161;800;972,7.721734204258827E-5
4,543;588;689;833,-7.721042416016655E-5
4,52;119;518;626,7.720349389986591E-5
4,115;118;218;999,7.717556753463222E-5
4,352;522;708;994,7.710696938660574E-5
4,564;779;904;943,7.709330410147359E-5
4,375;783;876;878,-7.693683515532659E-5
4,143;460;557;625,-7.688223568003029E-5
4,176;568;641;744,7.681178726290875E-5
4,363;411;529;690,7.680015001647064E-5
4,72;466;579;606,7.678513398700104E-5
4,462;506;543;859,7.675912709179805E-5
4,348;443;685;776,-7.67445033098701E-5
4,177;222;375;756,7.665669266052267E-5
4,171;322;822;889,-7.658120695466303E-5
4,153;465;510;705,7.65406291568313E-5
4,6;431;504;772,7.64949028353492E-5
4,19;220;292;531,-7.648717150635847E-5
4,41;155;571;883,-7.644188411777179E-5
4,247;437;536;588,-7.643808707041918E-5
4,81;324;939;950,-7.63435778400534E-5
4,121;493;562;695,-7.63381037264907E-5
4,309;340;869;907,-7.628883472715185E-5
4,53;116;151;794,7.626607206781704E-5
4,33;52;809;880,-7.621191102717065E-5
4,67;208;748;906,-7.619619288680458E-5
4,163;255;273;672,-7.610196993862565E-5
4,337;466;567;898,7.60762145450793E-5
4,165;809;819;892,7.607151319294078E-5
4,26;43;360;378,-7.604907468570673E-5
4,261;267;467;600,7.600768487996693E-5
4,276;543;842;849,-7.595403621847985E-5
4,261;393;485;844,-7.590851861799888E-5
4,411;446;526;688,7.590314905847843E-5
4,317;675;702;862,7.58811690241877E-5
4,16;143;463;605,-7.585958678978214E-5
4,21;119;913;992,7.585617166284839E-5
4,334;755;861;983,7.57006588022264E-5
4,13;394;463;503,7.56787661688601E-5
4,141;194;483;735,7.564627179671285E-5
4,224;352;672;746,-7.564183260174379E-5
4,373;588;616;784,-7.563175623719259E-5
4,117;159;230;320,7.55063799691382E-5
4,235;267;699;996,-7.54302149920372E-5
4,268;447;485;970,-7.540574389372379E-5
4,52;191;909;967,7.538556979451255E-5
4,317;356;702;862,7.535960152244704E-5
4,356;527;645;864,7.534975320394501E-5
4,256;540;688;730,-7.533511308382399E-5
4,181;215;285;929,-7.53305856313287E-5
4,87;583;815;912,7.526889824654107E-5
4,59;480;520;680,-7.526135415851977E-5
4,61;359;478;893,-7.52370009460223E-5
4,677;701;821;998,-7.521119969768452E-5
4,551;577;650;683,-7.520497717881202E-5
4,111;306;315;857,-7.519263898998216E-5
4,73;277;602;885,-7.517790409477562E-5
4,26;58;340;380,7.517629088352405E-5
4,206;549;754;836,-7.514341961593912E-5
4,16;330;385;631,-7.511859864978711E-5
4,504;578;870;916,-7.510168142276844E-5
4,400;651;688;849,-7.508101482199837E-5
4,317;393;617;867,7.505738214362966E-5
4,210;634;706;835,7.505129614233015E-5
4,306;421;488;565,7.497558477434365E-5
4,393;520;583;978,-7.495719095571562E-5
4,160;450;526;785,7.4941316893691E-5
4,517;634;751;988,-7.486973273014298E-5
4,272;636;690;972,7.485555793499961E-5
4,12;405;822;863,7.485208621780501E-5
4,382;659;853;903,7.48058077394602E-5
4,230;499;808;947,7.477251417036089E-5
4,43;470;545;950,7.469974330713215E-5
4,109;749;753;838,7.469024276141761E-5
4,185;417;735;893,-7.465514928741396E-5
4,466;472;511;535,7.463954346834995E-5
4,277;525;802;891,-7.462444013871616E-5
4,234;472;766;884,-7.462309539890428E-5
4,92;480;727;775,-7.46030213599736E-5
4,41;155;252;504,-7.458520174250321E-5
4,14;176;628;944,-7.45563002664291E-5
4,184;224;239;853,-7.451542168698145E-5
4,279;735;825;871,7.451103847325552E-5
4,32;247;720;872,-7.448710048653512E-5
4,315;341;711;751,7.447585255378177E-5
4,524;676;725;920,-7.444638040725432E-5
4,43;292;446;820,-7.44031620257522E-5
4,65;190;426;473,7.426390656974759E-5
4,231;728;795;993,7.423721790775921E-5
4,448;711;848;963,7.423407764079663E-5
4,208;274;517;746,-7.421326202340054E-5
4,241;335;579;999,-7.416342497902952E-5
4,267;728;739;838,7.411506464574323E-5
4,186;519;924;959,7.406697528421689E-5
4,378;576;599;743,-7.397171494447244E-5
4,271;647;712;979,7.397104395005737E-5
4,97;342;591;746,-7.395429410643168E-5
4,135;151;357;468,-7.394872143556831E-5
4,211;243;315;602,-7.387323687518165E-5
4,47;656;744;919,7.386760006179747E-5
4,125;249;358;763,7.385748919472591E-5
4,35;261;546;685,-7.385267262347986E-5
4,136;267;680;767,-7.37395519276626E-5
4,199;290;813;951,7.354524852430957E-5
4,121;467;593;768,7.351289962198686E-5
4,4;47;553;728,7.349673582179187E-5
4,162;176;628;944,7.34732543141835E-5
4,95;362;386;602,7.346236911538119E-5
4,454;699;774;933,7.34533516815104E-5
4,201;245;375;573,-7.336431563770141E-5
4,146;255;476;780,-7.334483598851273E-5
4,317;327;539;701,7.330367626394063E-5
4,494;685;869;912,-7.328608652866556E-5
4,294;713;748;866,7.32576954674262E-5
4,9;204;363;491,7.324892376132397E-5
4,703;794;879;984,-7.319190889751385E-5
4,160;512;759;808,7.318665785409036E-5
4,610;723;830;852,-7.311711067802067E-5
4,254;383;784;939,7.30879357993514E-5
4,587;640;702;832,-7.307962746653225E-5
4,316;851;953;982,7.307035905182244E-5
4,32;507;638;656,-7.306695028345386E-5
4,569;684;717;731,-7.304089809641366E-5
4,120;160;406;792,7.303087728133743E-5
4,158;762;802;991,7.297695874010585E-5
4,55;388;524;683,-7.296958518132652E-5
4,14;473;749;961,-7.294859678803736E-5
4,469;587;702;832,-7.294092247545005E-5
4,45;272;433;602,7.292859254649988E-5
4,249;306;445;980,-7.2885756423359E-5
4,270;433;773;926,-7.287880157630653E-5
4,163;396;634;944,7.287798940508769E-5
4,338;429;456;965,7.286706067502413E-5
4,151;187;224;529,7.285720908819002E-5
4,277;319;711;717,-7.284714817611327E-5
4,306;324;518;625,-7.277851819790055E-5
4,375;509;730;742,-7.277486513479873E-5
4,124;241;838;930,7.276161228363424E-5
4,170;457;774;807,7.274252638280879E-5
4,163;207;838;964,7.269122149886843E-5
4,362;717;977;989,-7.266563506903365E-5
4,745;822;899;928,7.265669860280133E-5
4,104;159;341;544,7.265039548812594E-5
4,161;355;800;972,7.264123081253372E-5
4,65;298;765;850,7.263228114309592E-5
4,385;594;921;926,-7.260930396237286E-5
4,309;375;666;819,7.254795583158808E-5
4,4;634;871;958,-7.250401421319735E-5
4,211;316;497;859,-7.247910173551569E-5
4,23;113;257;620,7.243353739321568E-5
4,490;566;677;904,7.240444753285747E-5
4,118;387;768;798,-7.235823042086174E-5
4,24;40;318;723,7.229636224487765E-5
4,36;43;369;678,-7.229583735364557E-5
4,100;230;684;827,7.223637794654685E-5
4,86;202;656;744,7.221315642286874E-5
4,377;524;684;905,7.221246526721772E-5
4,179;338;543;759,-7.217613623539996E-5
4,41;303;419;505,7.207909204223138E-5
4,19;292;531;653,7.202692368200636E-5
4,13;207;526;995,7.202195209307599E-5
4,225;610;830;852,7.198867632039517E-5
4,14;375;500;958,-7.197517931176875E-5
4,172;396;601;797,7.19592261182518E-5
4,261;393;485;927,-7.184394225883469E-5
4,342;370;591;746,7.177541511491595E-5
4,66;235;241;762,-7.175528575976564E-5
4,116;257;293;624,7.173706710442028E-5
4,82;440;596;690,7.171710105941819E-5
4,250;581;658;724,7.169112759382498E-5
4,5;346;759;893,-7.163520509200386E-5
4,215;566;589;971,7.161676152167012E-5
4,214;499;808;947,-7.158980578306756E-5
4,489;597;757;763,-7.15083751740645E-5
4,548;560;733;982,-7.146575260493788E-5
4,493;575;754;975,-7.141936806741256E-5
4,548;560;597;733,-7.140476753564472E-5
4,726;876;909;945,-7.135771366783663E-5
4,123;538;599;818,7.131989632592848E-5
4,203;392;463;859,-7.129424764402594E-5
4,605;627;803;808,-7.128437426787502E-5
4,14;220;375;958,7.127045074113303E-5
4,130;302;520;744,-7.125358273976663E-5
4,56;276;506;637,7.123932147763928E-5
4,35;261;546;575,-7.119557535532142E-5
4,261;485;844;927,-7.108788689245865E-5
4,141;222;525;530,-7.10740847401003E-5
4,9;203;616;818,7.107371699896403E-5
4,166;373;972;990,-7.105388664228158E-5
4,56;170;423;582,7.101483196372783E-5
4,195;327;461;692,-7.093781138405764E-5
4,54;197;876;962,7.087430404390198E-5
4,39;145;418;816,-7.083121499823948E-5
4,66;235;762;872,-7.081254991852069E-5
4,192;205;465;557,7.076519546545115E-5
4,468;782;962;975,-7.076232794692162E-5
4,420;583;752;846,7.070190521348132E-5
4,40;146;529;918,-7.069381365478666E-5
4,44;247;437;588,7.060283354980877E-5
4,383;428;784;939,7.059640493928314E-5
4,13;548;622;886,7.046595626486738E-5
4,143;433;773;926,-7.045643516435855E-5
4,53;423;831;875,-7.044016079473435E-5
4,17;160;201;251,-7.043377127300756E-5
4,296;733;933;966,7.042861073291194E-5
4,9;363;491;843,-7.041906338714459E-5
4,12;31;580;788,7.031171508094992E-5
4,815;874;889;928,-7.021642136852053E-5
4,522;739;855;918,7.019972701051036E-5
4,394;644;665;994,-7.01917433831938E-5
4,169;258;633;666,-7.01838736583473E-5
4,96;245;268;631,-7.012323704512067E-5
4,608;721;753;917,-7.010599998251333E-5
4,27;301;879;966,-7.005202204010661E-5
4,104;308;309;562,-7.004792876960857E-5
4,165;354;675;892,6.999580094685532E-5
4,677;713;731;908,6.996612093461952E-5
4,109;131;281;789,-6.990495909915292E-5
4,224;227;352;746,-6.986765787733194E-5
4,366;911;920;963,-6.982992352862831E-5
4,105;128;695;917,-6.975465118389563E-5
4,142;781;808;998,-6.971618121433926E-5
4,275;558;800;857,6.971007359357842E-5
4,209;374;459;567,-6.97003498886752E-5
4,103;832;836;936,-6.969476210373942E-5
4,119;283;609;810,-6.967023047048862E-5
4,237;279;719;901,6.961095279199408E-5
4,49;252;655;705,-6.960990253038931E-5
4,384;656;744;919,-6.957586754266803E-5
4,388;404;589;882,6.956966613591853E-5
4,99;209;374;567,-6.956649788137697E-5
4,20;58;320;789,6.943999973990128E-5
4,97;370;591;746,6.936957511940714E-5
4,528;616;659;711,-6.935406323184653E-5
4,73;317;336;604,6.931271207358493E-5
4,4;101;146;721,6.930873229158477E-5
4,217;232;546;689,-6.928960088215386E-5
4,43;124;347;451,6.923873388077052E-5
4,44;279;430;963,6.916907294296929E-5
4,152;669;766;870,6.91305790325797E-5
4,44;54;704;949,-6.910426082796678E-5
4,447;572;684;804,-6.909595856830882E-5
4,298;614;655;665,6.906046982516606E-5
4,245;252;455;685,6.900668215880549E-5
4,8;252;655;705,6.896340479965286E-5
4,124;488;624;947,-6.890564437403143E-5
4,281;355;786;849,-6.890079328809469E-5
4,18;124;157;492,6.884498862040045E-5
4,132;357;796;808,-6.883228313437286E-5
4,54;350;429;919,-6.880274222168567E-5
4,27;696;879;966,-6.874615511659881E-5
4,197;268;710;966,6.872078561464684E-5
4,218;287;443;701,6.867719683616142E-5
4,592;627;826;843,-6.864880050058841E-5
4,141;317;432;969,6.861608050236573E-5
4,400;537;857;972,6.860735310378008E-5
4,455;855;862;998,6.854095681197602E-5
4,178;652;692;887,-6.854063402473448E-5
4,282;488;592;986,6.850678558384224E-5
4,55;61;152;399,-6.849322150361427E-5
4,89;381;484;508,-6.84828657206214E-5
4,315;341;399;711,6.846641097161467E-5
4,528;721;826;977,6.843217401717412E-5
4,191;235;545;615,-6.841359986214955E-5
4,72;307;528;801,-6.835875333636208E-5
4,403;559;588;616,-6.829211554510146E-5
4,56;170;421;582,-6.827701842851804E-5
4,0;203;272;935,6.825326254570468E-5
4,47;245;268;631,-6.82052004354803E-5
4,132;419;798;855,6.817454528767358E-5
4,277;319;590;711,-6.816467662636933E-5
4,48;141;252;820,6.815406770539545E-5
4,444;628;776;869,6.813121486634652E-5
4,66;172;192;805,6.810288900666943E-5
4,261;430;785;892,6.809252766308953E-5
4,154;418;782;845,-6.805478600755156E-5
4,656;780;786;817,6.803931466963306E-5
4,16;32;111;379,-6.80266823657286E-5
4,74;307;697;828,6.80182181920569E-5
4,78;439;618;964,-6.801269204670382E-5
4,56;285;368;458,-6.800617030003502E-5
4,179;238;338;759,-6.797089213229506E-5
4,74;288;732;743,6.786000747075735E-5
4,0;128;300;516,-6.785353224089577E-5
4,199;414;483;566,6.784807023544565E-5
4,133;134;192;489,6.782301032145656E-5
4,260;338;465;994,-6.781063333747539E-5
4,90;107;278;877,6.77873588228764E-5
4,80;161;355;972,6.777158835923077E-5
4,70;324;709;988,-6.769326275058498E-5
4,118;218;772;999,6.761970649353454E-5
4,199;458;557;842,6.76163402421403E-5
4,31;415;448;757,-6.75818142545312E-5
4,225;723;830;852,6.756257569822098E-5
4,381;674;704;772,6.750970749069707E-5
4,105;218;424;694,-6.749834243752171E-5
4,455;911;913;971,6.74583509876296E-5
4,214;462;945;992,-6.744672574330805E-5
4,249;404;460;631,-6.740397461852395E-5
4,407;653;658;764,6.735927506521917E-5
4,84;95;820;980,6.735357690936699E-5
4,64;372;777;805,-6.735099221095566E-5
4,96;514;571;640,-6.726673111322221E-5
4,165;265;338;389,-6.726028655459459E-5
4,81;609;802;976,-6.724060934339885E-5
4,77;169;533;966,6.723004218355779E-5
4,96;295;643;895,6.722602575707335E-5
4,180;195;393;929,6.716306352931836E-5
4,75;115;510;620,6.71564245058513E-5
4,206;302;426;815,-6.715271524689637E-5
4,243;315;602;823,6.714415742104005E-5
4,310;365;537;878,6.714035069510113E-5
4,74;91;305;547,6.712695575144795E-5
4,405;472;511;535,6.708814331124569E-5
4,108;194;508;696,6.70724124815572E-5
4,470;552;707;753,-6.70263489780916E-5
4,197;416;499;925,-6.700594452624752E-5
4,204;363;491;843,-6.696267846767694E-5
4,115;118;218;772,6.683994811147406E-5
4,86;263;664;947,6.682895145189826E-5
4,372;592;777;805,-6.663633753823822E-5
4,98;431;698;839,6.657680924943127E-5
4,229;507;542;830,6.655533423793475E-5
4,29;199;483;566,6.653542941638486E-5
4,343;352;730;925,6.652986052773666E-5
4,411;561;672;701,-6.649767244086751E-5
4,95;127;841;962,6.64054328202957E-5
4,390;462;772;781,-6.639310379139287E-5
4,392;637;660;834,-6.633201276413904E-5
4,38;136;194;549,-6.627511450686785E-5
4,455;605;913;971,-6.626616784554823E-5
4,179;297;352;721,-6.616212269902488E-5
4,71;243;400;425,-6.609295469370127E-5
4,134;192;489;747,6.600180856757174E-5
4,134;824;882;942,-6.59863607504291E-5
4,377;399;524;905,6.595575722914361E-5
4,136;171;454;577,-6.593812272154009E-5
4,406;646;667;684,6.587249838840586E-5
4,89;434;810;978,-6.576315920450242E-5
4,256;688;730;862,-6.574181977402052E-5
4,150;695;852;861,-6.568431374308498E-5
4,540;548;627;878,6.568241398249807E-5
4,48;276;339;899,-6.563800922407961E-5
4,179;497;666;869,-6.5637693066019E-5
4,401;471;481;705,-6.560543886190262E-5
4,251;277;525;891,-6.559833191060889E-5
4,55;388;524;662,-6.555028737394946E-5
4,195;366;393;929,6.553134379193351E-5
4,320;583;863;880,6.552962784152262E-5
4,136;285;351;954,-6.550133392365347E-5
4,15;66;173;291,6.549435384608891E-5
4,48;631;639;753,6.549187066880138E-5
4,19;404;892;947,-6.548667953696887E-5
4,211;269;475;624,6.544006012831851E-5
4,201;670;890;953,6.543621773482179E-5
4,78;397;634;950,-6.542734460619766E-5
4,18;155;690;962,-6.540798968746526E-5
4,110;705;850;932,6.54030896573534E-5
4,429;456;707;965,6.539698121211539E-5
4,180;649;753;957,-6.53521286197795E-5
4,373;604;961;971,-6.534312523354561E-5
4,522;708;735;994,-6.526683706286138E-5
4,187;272;495;782,-6.523605773930918E-5
4,85;113;578;681,-6.523317296559266E-5
4,30;155;440;965,6.52320620261536E-5
4,27;301;696;966,6.522788341111286E-5
4,255;911;939;955,-6.522117142183146E-5
4,317;356;675;702,-6.518014726610362E-5
4,283;310;496;741,-6.516895037997064E-5
4,67;328;457;553,6.516185117944973E-5
4,165;223;313;426,-6.514765685858718E-5
4,264;603;898;971,-6.50766004406311E-5
4,65;264;765;850,-6.498355348747915E-5
4,22;470;508;943,-6.49295578403213E-5
4,24;26;377;626,-6.491953835621115E-5
4,249;404;460;758,6.490546649049648E-5
4,8;48;715;745,6.489612307662228E-5
4,382;518;853;903,-6.482856215377314E-5
4,199;233;421;655,6.482711387597441E-5
4,86;536;656;744,-6.48006726866929E-5
4,109;175;924;937,-6.4732968687494E-5
4,269;353;582;651,-6.468459780769868E-5
4,290;400;582;836,-6.466503126060723E-5
4,10;383;447;721,6.466202186458882E-5
4,592;608;685;850,-6.465619218101252E-5
4,533;537;681;985,6.460906458245567E-5
4,167;366;369;849,-6.460179085547779E-5
4,179;283;644;647,6.459449034501757E-5
4,186;198;514;834,6.458756679254551E-5
4,257;293;504;624,6.455644870584179E-5
4,131;580;612;813,-6.448447690314318E-5
4,48;218;785;906,-6.44506095937713E-5
4,16;161;214;226,-6.438084856441431E-5
4,577;666;770;984,-6.436464094408685E-5
4,88;342;556;969,6.435213572066787E-5
4,159;432;796;930,-6.433064462510699E-5
4,119;441;609;810,6.427698994646448E-5
4,55;387;567;854,-6.422421030836977E-5
4,54;116;132;948,-6.420695341337603E-5
4,63;244;457;988,6.41843217248963E-5
4,478;825;836;850,-6.416361975976837E-5
4,195;274;830;849,6.412897797923604E-5
4,32;247;306;720,6.412737119734363E-5
4,561;661;741;804,-6.410746049506016E-5
4,276;307;434;974,6.409899608682418E-5
4,137;203;689;919,-6.403574542405695E-5
4,577;650;683;813,-6.401025287403654E-5
4,31;677;821;998,6.398480657020763E-5
4,324;508;772;828,6.394710386488822E-5
4,468;577;618;893,6.392351810558811E-5
4,104;231;289;427,-6.392234234466587E-5
4,468;618;893;928,-6.391872029597626E-5
4,96;295;452;895,-6.391437022514721E-5
4,19;404;727;947,-6.390123717066563E-5
4,186;307;655;805,-6.39011222452056E-5
4,10;23;285;419,6.387901765986649E-5
4,376;656;779;794,6.383796753211377E-5
4,134;139;516;988,6.382316309017552E-5
4,7;88;171;934,6.379553700176755E-5
4,125;157;249;763,-6.376745441298436E-5
4,225;610;723;852,-6.371505124896103E-5
4,97;137;829;936,6.369893145308267E-5
4,119;379;518;626,6.369846380195687E-5
4,154;401;582;816,-6.3680170565736E-5
4,367;527;834;913,6.364953168486885E-5
4,239;614;655;665,-6.362200649947412E-5
4,326;639;840;989,-6.345598703436229E-5
4,470;611;675;682,-6.343818451786107E-5
4,294;483;768;855,6.342337559564041E-5
4,107;390;620;856,-6.342093570811532E-5
4,466;548;576;812,-6.339682618610956E-5
4,96;265;451;545,-6.334278408423541E-5
4,85;194;331;499,-6.32869824090217E-5
4,306;319;508;982,6.326159460547123E-5
4,121;436;542;826,-6.321519503683782E-5
4,32;225;750;908,6.318532424075795E-5
4,259;467;593;768,-6.317686906716981E-5
4,64;484;588;811,6.316697412671387E-5
4,185;348;417;735,-6.310993206721777E-5
4,336;725;949;950,6.309843064721996E-5
4,21;486;913;992,6.302503786755528E-5
4,434;616;659;711,-6.300656137456028E-5
4,159;299;474;942,6.280578518042437E-5
4,272;436;495;782,-6.278977908634496E-5
4,330;441;708;809,-6.275865691291721E-5
4,71;312;461;669,6.272722929864277E-5
4,344;365;512;781,-6.272475443423297E-5
4,59;300;751;940,-6.266927309416238E-5
4,78;370;634;950,-6.262544096181874E-5
4,187;302;542;992,-6.25367061183741E-5
4,16;111;379;664,-6.24974691408678E-5
4,311;581;603;884,-6.249671277802891E-5
4,378;599;684;743,6.247695708950292E-5
4,416;499;648;925,6.240228068008836E-5
4,225;610;723;830,-6.237653613147476E-5
4,247;407;566;924,6.225892222677761E-5
4,277;475;558;997,6.223868009205808E-5
4,197;710;854;966,-6.22330380573382E-5
4,29;174;205;224,-6.21911525060482E-5
4,234;493;515;644,-6.216620555581248E-5
4,392;637;660;938,6.215996923688712E-5
4,150;221;259;763,-6.215807596127527E-5
4,173;219;296;895,-6.197382609106179E-5
4,96;566;753;857,-6.196423658451801E-5
4,279;476;820;839,6.186782857265014E-5
4,468;548;581;615,-6.175776166202325E-5
4,238;421;454;532,-6.169798277684275E-5
4,558;666;889;968,6.169551484612274E-5
4,231;473;792;922,-6.165829767131194E-5
4,119;283;441;810,6.165342400678337E-5
4,276;307;587;974,-6.159574302455724E-5
4,17;201;251;989,6.159175876620154E-5
4,31;415;448;718,6.157522402255598E-5
4,308;446;505;794,6.154331192333505E-5
4,117;306;315;857,-6.148433736562427E-5
4,89;282;560;937,6.145370207192678E-5
4,248;360;474;618,6.1413600344944E-5
4,212;328;754;886,6.139721733632203E-5
4,504;521;578;870,6.139562650514951E-5
4,478;635;825;836,-6.1379220618203E-5
4,197;416;648;925,-6.13600317640678E-5
4,19;220;531;653,6.129766883856487E-5
4,50;90;264;553,6.127241516604714E-5
4,139;340;869;907,6.126023312126972E-5
4,82;104;373;764,-6.125294570670998E-5
4,45;205;739;919,-6.122017298687327E-5
4,25;238;341;655,6.120746042033211E-5
4,204;603;625;848,-6.118033584704582E-5
4,178;284;588;945,-6.11766304871635E-5
4,432;550;592;972,6.115068165045874E-5
4,4;20;871;958,6.114217023541357E-5
4,0;300;315;516,-6.112890821954585E-5
4,77;394;644;665,6.112632711654763E-5
4,90;257;310;706,6.108230071441012E-5
4,39;495;955;966,-6.106588576267126E-5
4,66;88;172;192,-6.106301754476553E-5
4,61;359;562;893,-6.0980996373839536E-5
4,316;572;851;953,6.0978527852357294E-5
4,237;279;719;730,-6.095824673136775E-5
4,102;157;333;885,6.094412246418545E-5
4,182;323;330;714,-6.089496091361684E-5
4,112;337;918;966,6.084150886024209E-5
4,245;404;780;938,6.0725714872243574E-5
4,285;352;819;886,6.072194943484167E-5
4,172;337;567;898,6.0696254005884315E-5
4,67;244;367;689,-6.064002959261187E-5
4,21;119;486;992,-6.063363035971454E-5
4,1;394;463;503,-6.058319540706754E-5
4,108;114;194;696,-6.058174881381499E-5
4,0;245;324;588,-6.057708280908777E-5
4,60;262;284;883,-6.0540096840044284E-5
4,186;564;572;789,-6.0535014548340264E-5
4,85;199;443;875,6.044261211717466E-5
4,416;485;486;958,6.044119222528949E-5
4,377;579;802;836,6.044057512792781E-5
4,219;336;745;826,6.043032234646653E-5
4,117;320;583;863,6.0415252837383005E-5
4,366;397;702;910,6.040866254871693E-5
4,16;732;789;967,-6.040795423216415E-5
4,91;392;646;767,-6.0368120173866716E-5
4,36;79;310;313,6.0347668982361935E-5
4,213;621;656;943,6.0329136942509834E-5
4,186;277;514;834,-6.0325037238725825E-5
4,91;463;694;799,6.032088883750127E-5
4,204;601;603;625,-6.031215484231889E-5
4,191;235;615;684,-6.0309454945213854E-5
4,419;647;712;979,6.030739402861306E-5
4,416;614;800;902,-6.026576805683355E-5
4,181;215;929;940,-6.024909388047318E-5
4,489;757;763;806,6.021099279405878E-5
4,18;316;468;580,6.02026796586524E-5
4,65;341;477;618,6.0149469005672694E-5
4,651;688;849;908,6.012618373780835E-5
4,603;701;791;900,6.010985197431956E-5
4,73;249;741;882,-6.010264876753258E-5
4,52;379;518;626,6.003094404884225E-5
4,160;394;466;762,6.002684057632238E-5
4,34;187;853;896,-6.0016715542138605E-5
4,234;399;472;884,6.000946132609167E-5
4,173;195;564;918,5.9986938588512716E-5
4,367;830;851;997,-5.996548870807697E-5
4,342;650;757;918,-5.994205730444542E-5
4,637;660;834;938,5.985961691268568E-5
4,120;459;653;742,-5.985347082169624E-5
4,143;460;551;557,-5.9802407524952946E-5
4,284;709;738;862,-5.976624518932232E-5
4,124;182;302;981,-5.9758107701964784E-5
4,56;170;421;423,-5.971888512875291E-5
4,78;618;915;964,5.970011161201641E-5
4,180;366;393;929,-5.9673511889134504E-5
4,136;267;474;680,5.9649956308908084E-5
4,30;91;440;965,-5.963014459831131E-5
4,265;414;516;888,-5.954599173515589E-5
4,260;338;465;526,5.9542922028362535E-5
4,249;404;631;758,-5.953037351433179E-5
4,46;168;526;851,5.951522902257088E-5
4,105;607;909;966,5.951282557408269E-5
4,324;710;742;888,5.9476221430323375E-5
4,113;257;389;620,5.946939185888552E-5
4,29;54;197;962,5.946497624246655E-5
4,143;270;433;773,5.939106288330568E-5
4,382;518;659;903,-5.938153204512732E-5
4,109;155;308;937,5.9352786641002754E-5
4,43;124;451;992,-5.9349162549800494E-5
4,340;696;840;919,5.9323664856632525E-5
4,26;341;457;865,5.926868079551791E-5
4,359;462;798;922,-5.925839530207852E-5
4,279;497;666;869,-5.924734862842474E-5
4,136;285;497;954,5.924055279542221E-5
4,275;366;694;721,-5.92397174344354E-5
4,97;179;752;973,5.9216483062440834E-5
4,403;615;664;735,5.919076948957009E-5
4,63;133;483;626,-5.9165583208340806E-5
4,256;420;681;783,-5.913021379837802E-5
4,168;247;715;770,-5.912978041174099E-5
4,20;78;320;789,-5.910864264216057E-5
4,295;375;509;730,5.907852169102776E-5
4,62;462;724;967,5.907584926068407E-5
4,99;209;459;567,-5.905369582499552E-5
4,276;842;849;876,-5.8973344681902756E-5
4,446;561;636;978,-5.897317521432008E-5
4,236;388;617;709,-5.8930296239729714E-5
4,71;243;400;747,5.885757227037956E-5
4,48;61;276;339,5.88399467976021E-5
4,173;296;819;895,-5.8838899764810674E-5
4,45;336;616;997,-5.877455802064043E-5
4,602;711;981;988,-5.876644402755971E-5
4,136;139;194;549,5.875965912461256E-5
4,50;177;346;832,-5.871874635277906E-5
4,16;143;605;969,-5.8695466904406705E-5
4,53;117;670;806,-5.8683811955375826E-5
4,363;604;695;853,5.868184358546497E-5
4,33;247;822;859,-5.861585544585898E-5
4,5;346;551;893,-5.8566058976320126E-5
4,96;403;615;664,5.855483214829565E-5
4,286;528;676;753,5.8545106839192694E-5
4,179;238;543;759,5.8526027773455114E-5
4,65;469;841;944,-5.851707742289666E-5
4,352;522;708;735,5.8513205294724316E-5
4,8;508;562;563,-5.85072532811011E-5
4,416;614;800;929,-5.849598717054122E-5
4,721;753;909;917,-5.8493955665002236E-5
4,208;230;293;756,5.848170206009741E-5
4,521;578;870;916,5.8480438254490426E-5
4,160;385;512;759,-5.845633156773966E-5
4,90;176;506;987,-5.8445142908902154E-5
4,39;634;706;835,-5.8432777030917046E-5
4,91;390;463;799,-5.839199353583996E-5
4,21;118;600;650,-5.8360690858778114E-5
4,140;355;506;882,5.831050686132051E-5
4,440;517;683;760,5.8309795945386003E-5
4,64;510;677;808,-5.830589228676004E-5
4,15;66;173;319,5.830188931845921E-5
4,324;508;828;924,5.821651472188326E-5
4,124;629;694;994,-5.814612360957682E-5
4,33;79;809;880,-5.812085440770548E-5
4,18;407;828;951,-5.8109487998373944E-5
4,412;559;665;839,5.807657806335652E-5
4,355;569;879;884,5.8074996872100994E-5
4,106;290;680;737,-5.804262568005765E-5
4,376;527;692;985,5.7992415039006916E-5
4,385;594;926;984,-5.797904667770533E-5
4,100;136;720;880,-5.796801513029433E-5
4,77;184;224;239,5.7946135796577126E-5
4,176;354;745;800,5.794577001452964E-5
4,451;517;634;751,5.7936005369043896E-5
4,174;297;473;948,-5.790421513721629E-5
4,159;199;263;775,-5.789468379516684E-5
4,41;330;362;869,5.788392832445355E-5
4,179;374;627;670,5.784914080387077E-5
4,189;539;558;923,5.784793428659188E-5
4,160;201;251;989,5.78296401060287E-5
4,42;348;376;845,5.780665927296765E-5
4,755;915;948;988,-5.7796056319618443E-5
4,559;641;872;875,5.774046101668562E-5
4,93;357;564;748,-5.773697282795344E-5
4,185;269;343;898,-5.772221986917997E-5
4,92;223;476;517,-5.772151345263275E-5
4,85;194;331;511,5.7714870106568444E-5
4,306;678;794;808,5.769055164332594E-5
4,95;102;800;931,-5.7666323628255027E-5
4,116;219;389;666,-5.7666073001455615E-5
4,261;422;496;824,-5.761822442090475E-5
4,247;558;646;665,-5.761807444298983E-5
4,34;318;853;896,-5.7544952297992046E-5
4,337;500;565;999,5.7535094416452186E-5
4,310;363;537;878,-5.74401477352975E-5
4,10;285;419;872,5.743188150678942E-5
4,120;160;385;406,5.742751239069069E-5
4,277;397;702;910,-5.7424322170042276E-5
4,37;191;221;968,5.7287510085354254E-5
4,269;344;512;781,-5.727852373276281E-5
4,306;561;741;804,5.725647257665748E-5
4,277;367;618;935,-5.7255274065129565E-5
4,267;542;739;838,-5.724567920606398E-5
4,266;359;405;524,5.721504990387232E-5
4,401;471;676;705,5.72145747956212E-5
4,509;575;754;975,5.7199243688395633E-5
4,21;155;256;369,5.717749534725627E-5
4,384;496;596;660,-5.71139875983642E-5
4,31;580;788;924,-5.71065557282668E-5
4,400;565;578;839,-5.70749112521273E-5
4,35;261;575;685,5.704261753352915E-5
4,4;122;439;873,-5.702178332042747E-5
4,338;429;707;965,-5.700486214742333E-5
4,40;146;352;918,5.699916135875585E-5
4,0;54;116;132,5.6990724556710835E-5
4,246;294;483;768,5.6980207111215093E-5
4,304;632;820;889,5.695565973230193E-5
4,248;393;617;867,5.690460896719591E-5
4,345;353;482;585,5.690271812719551E-5
4,4;20;634;871,-5.689472738678123E-5
4,421;466;510;816,-5.6877706765981546E-5
4,95;271;561;748,5.68725786489928E-5
4,467;470;545;950,-5.684452773486909E-5
4,74;288;743;884,5.6833347941002185E-5
4,362;522;855;918,-5.6776075182227726E-5
4,45;122;244;327,-5.6775336091062795E-5
4,400;537;650;972,5.673232733060915E-5
4,113;225;649;797,5.672083133438667E-5
4,31;448;718;757,5.671436054744707E-5
4,230;355;545;975,-5.6699823709025807E-5
4,7;88;843;934,5.669718990875417E-5
4,100;136;252;880,-5.668618897349395E-5
4,150;601;852;861,5.668283739962776E-5
4,417;473;567;926,5.667763927502223E-5
4,396;634;705;944,5.6675042865523924E-5
4,92;223;308;476,5.66435379715409E-5
4,159;263;775;905,-5.6634508373941604E-5
4,608;685;721;850,5.6618645141212105E-5
4,11;244;280;724,-5.6606764533521696E-5
4,21;88;386;934,5.658165581001085E-5
4,507;666;799;860,5.652816904212365E-5
4,44;135;332;499,5.646417378622808E-5
4,490;566;753;857,5.639998462151282E-5
4,11;327;777;952,5.63860200664477E-5
4,14;220;375;500,-5.637208729203811E-5
4,191;220;688;714,5.635390849258426E-5
4,174;453;899;975,-5.63463760374618E-5
4,342;478;650;918,5.633639020797329E-5
4,83;319;847;981,-5.63238895764584E-5
4,367;652;663;884,5.6318871421190034E-5
4,65;341;434;477,-5.6297214370495306E-5
4,116;359;404;787,-5.628609757845246E-5
4,180;718;941;995,5.627059229272441E-5
4,316;572;953;982,-5.623608761529154E-5
4,111;127;557;752,-5.619110964743014E-5
4,138;141;483;735,5.6189644263886035E-5
4,182;330;714;944,-5.618141295187047E-5
4,78;363;819;847,-5.615625392325208E-5
4,400;688;849;908,5.6137010230728883E-5
4,96;265;451;548,-5.6135968247259304E-5
4,260;306;794;808,-5.6082118350553766E-5
4,72;528;577;801,-5.6063878232972614E-5
4,284;709;862;948,5.604229201090452E-5
4,267;714;891;963,-5.603966027309979E-5
4,88;386;401;934,5.602478662714851E-5
4,77;134;369;439,5.6015353956639286E-5
4,325;420;806;974,-5.6014389368426786E-5
4,469;587;640;832,-5.599642159093209E-5
4,167;259;564;734,-5.598062904694006E-5
4,173;581;612;806,-5.592708066681855E-5
4,199;443;676;875,-5.5846499827023554E-5
4,21;119;486;913,5.584218999916937E-5
4,16;33;822;859,-5.582668517301742E-5
4,220;604;698;803,5.577482602630182E-5
4,278;421;674;923,5.5751782976375123E-5
4,61;359;478;562,5.574477223582007E-5
4,275;307;484;804,-5.5704661878430984E-5
4,26;178;304;686,-5.564392249346081E-5
4,428;856;935;983,5.5627686040663414E-5
4,326;639;840;977,-5.5616907277653374E-5
4,132;250;360;615,-5.556282760821586E-5
4,265;277;618;935,-5.552485248939814E-5
4,26;58;340;998,-5.550186569133027E-5
4,233;262;405;965,5.549667779917246E-5
4,54;151;335;917,5.549137424089118E-5
4,135;332;499;768,5.541771911463711E-5
4,279;719;730;901,-5.539981804083522E-5
4,377;724;729;844,-5.534495215787508E-5
4,542;554;564;808,5.5309938335332044E-5
4,95;102;524;931,5.5280926940983096E-5
4,753;775;840;894,5.523631957339407E-5
4,125;447;839;993,-5.521758635740672E-5
4,279;430;663;963,5.517131106312071E-5
4,144;182;321;714,-5.516789447403473E-5
4,135;144;576;764,-5.514389726770544E-5
4,48;252;658;820,5.51217242233334E-5
4,73;165;354;675,-5.507145798242758E-5
4,292;343;510;774,-5.503792444943581E-5
4,45;122;327;620,-5.501753241976565E-5
4,272;628;905;922,-5.500299245636877E-5
4,420;424;806;974,5.494167749975611E-5
4,62;298;639;748,5.4914131663583E-5
4,258;423;442;961,-5.489483649398019E-5
4,5;11;250;431,-5.486974329373776E-5
4,195;207;404;417,5.486725052691341E-5
4,5;202;804;892,-5.485261400266507E-5
4,8;332;646;988,5.48451526767513E-5
4,203;321;612;760,-5.484447389420299E-5
4,270;753;775;840,-5.484143819214405E-5
4,355;394;506;882,-5.482450004935688E-5
4,84;721;826;977,-5.481516141026197E-5
4,172;396;797;976,5.475498831845109E-5
4,237;719;730;901,5.474475185692739E-5
4,185;252;269;898,5.4712484609449E-5
4,235;545;615;684,5.4707280391268434E-5
4,84;408;926;947,5.4701168176835004E-5
4,103;446;505;794,-5.4693989865235575E-5
4,84;528;826;977,5.4648067843082615E-5
4,277;366;702;910,-5.4582838545372584E-5
4,25;291;455;929,-5.45682699771355E-5
4,523;544;671;949,-5.45272438757982E-5
4,470;552;707;731,-5.4525707204051326E-5
4,64;510;677;679,5.451847654744958E-5
4,19;294;568;783,5.4478166354443806E-5
4,81;548;658;679,5.446076766538506E-5
4,99;287;338;718,5.443254758687862E-5
4,405;466;472;511,5.43976498039934E-5
4,48;99;145;768,-5.4380899895199324E-5
4,108;119;154;503,-5.433812529393435E-5
4,161;687;719;900,5.428323123181696E-5
4,125;434;757;843,-5.42596618910564E-5
4,191;362;507;862,-5.424631686896441E-5
4,158;557;719;855,-5.421899071034686E-5
4,138;141;194;483,5.419164892985892E-5
4,227;266;359;524,5.418037038495479E-5
4,96;514;571;789,5.415725713105681E-5
4,272;628;905;956,5.413840765864328E-5
4,287;305;445;599,-5.412180143914355E-5
4,453;480;531;610,5.4116642266065535E-5
4,561;750;867;971,-5.4115343541348126E-5
4,176;305;596;635,5.405684976108946E-5
4,236;388;635;709,-5.4030298498465904E-5
4,39;116;631;893,-5.4020153730497666E-5
4,696;713;840;919,5.398384730462022E-5
4,44;247;536;588,5.3979017858558686E-5
4,54;350;429;469,-5.396907609331939E-5
4,455;855;928;998,5.396075029986584E-5
4,3;370;413;423,-5.3944585209532435E-5
4,325;451;560;832,-5.3944095020642434E-5
4,132;642;796;808,5.389080584865545E-5
4,315;399;711;751,5.388452152558054E-5
4,489;514;857;882,-5.38770270485264E-5
4,306;332;440;514,5.386278371877989E-5
4,267;502;813;981,-5.3815385008573944E-5
4,349;682;819;868,5.380335245086008E-5
4,13;224;787;797,5.380175451267504E-5
4,195;327;592;692,-5.369020999353396E-5
4,254;383;428;939,5.367683350831502E-5
4,235;399;444;795,-5.366369785922796E-5
4,168;195;274;849,5.3655658849674023E-5
4,4;265;439;873,5.36446529737059E-5
4,167;337;390;840,5.358970594716664E-5
4,423;518;763;909,-5.356686174245085E-5
4,32;107;620;856,-5.3566752413629335E-5
4,239;298;614;655,-5.3481813364759284E-5
4,345;725;949;950,-5.3442394634767696E-5
4,553;558;901;904,-5.3377602347375314E-5
4,121;259;593;768,5.3362188090569034E-5
4,78;216;363;819,5.335536123621974E-5
4,26;58;380;998,-5.3340678505298645E-5
4,497;655;712;808,5.331554016697734E-5
4,130;348;576;896,-5.331113637634448E-5
4,125;196;385;815,5.331019189113413E-5
4,426;427;430;824,5.328401694620573E-5
4,61;161;201;711,5.3258211200638965E-5
4,143;394;454;739,-5.324269876922901E-5
4,151;187;529;549,5.322929138776425E-5
4,39;210;634;706,5.321876994721187E-5
4,153;357;423;428,-5.321619845069703E-5
4,208;341;708;717,-5.321616170021669E-5
4,51;83;164;228,-5.3216113201288993E-5
4,172;601;797;976,-5.316272711833773E-5
4,84;528;721;826,-5.309305931548239E-5
4,194;674;769;793,-5.306127778747298E-5
4,32;107;390;856,5.305748467524446E-5
4,248;317;617;867,-5.303637769113756E-5
4,502;561;686;921,5.302166990649442E-5
4,388;524;662;683,-5.302091410791871E-5
4,102;156;322;470,-5.301576727751757E-5
4,382;749;859;983,5.301551880962871E-5
4,140;394;506;882,-5.301099294045976E-5
4,230;293;756;837,-5.299325508252082E-5
4,237;678;828;851,5.293311048131058E-5
4,61;276;339;899,-5.2907726215398974E-5
4,444;603;791;900,5.2887042129653855E-5
4,114;523;821;900,5.2863547185125076E-5
4,346;430;498;716,5.280747950450898E-5
4,56;356;481;744,5.277598747578899E-5
4,608;721;753;909,5.2760768899239725E-5
4,85;547;769;958,5.274411010410026E-5
4,330;397;410;735,-5.274062886469549E-5
4,187;536;595;896,-5.27316576900359E-5
4,428;475;856;935,5.272613084923351E-5
4,78;370;397;950,5.2724692484585386E-5
4,90;278;863;877,5.2709048520215447E-5
4,87;140;270;752,-5.2699904740827265E-5
4,552;707;731;753,-5.269608748925272E-5
4,12;527;645;864,5.268008162973759E-5
4,184;320;440;623,-5.266117374655468E-5
4,537;553;612;802,5.2659857074668214E-5
4,636;692;706;782,5.259432950482512E-5
4,428;475;856;983,5.255878853353751E-5
4,73;185;602;885,-5.2533770278152494E-5
4,559;588;616;714,-5.248959728675687E-5
4,21;136;468;791,-5.245841054597468E-5
4,245;298;428;604,-5.245574538510487E-5
4,214;230;808;947,5.241639823172775E-5
4,229;507;615;830,5.240801551222922E-5
4,128;725;902;911,-5.240747249703802E-5
4,105;158;331;601,-5.237689455768637E-5
4,167;366;369;839,5.237391201725319E-5
4,142;390;781;998,5.235278081692106E-5
4,227;352;672;746,-5.233337863162513E-5
4,7;231;795;993,-5.231541240795006E-5
4,631;639;753;989,-5.2245071279755304E-5
4,451;517;751;988,5.2243599825208337E-5
4,88;472;535;765,-5.220953244218816E-5
4,186;251;392;723,-5.2189800761822124E-5
4,196;385;711;815,5.215990834758988E-5
4,26;218;367;800,5.2158655614085825E-5
4,136;285;351;497,5.214328149641664E-5
4,86;261;586;872,5.2128612238467395E-5
4,23;285;419;872,5.2112322078426346E-5
4,347;492;576;884,5.209989423462684E-5
4,453;513;577;655,5.208418319041189E-5
4,16;247;822;859,5.208259429313806E-5
4,504;579;849;903,-5.205137980889361E-5
4,246;294;483;855,5.2014110375971675E-5
4,245;375;573;668,5.198668743149081E-5
4,155;255;516;686,5.195865017883973E-5
4,182;358;864;912,-5.194389650420307E-5
4,36;62;329;464,-5.192315041181587E-5
4,56;506;536;637,5.191312648478376E-5
4,98;431;593;839,5.190988745723146E-5
4,171;299;353;933,5.1893911741587935E-5
4,194;336;697;824,5.1847318548229854E-5
4,46;263;527;574,-5.1845238915598753E-5
4,33;52;79;809,5.178728598422666E-5
4,33;60;556;901,-5.176142838365958E-5
4,90;470;549;903,5.1746790951969755E-5
4,195;305;427;673,-5.171515755270942E-5
4,99;289;447;573,-5.168076978894226E-5
4,103;146;836;936,5.167086975964573E-5
4,173;432;550;972,-5.164935216253923E-5
4,68;95;330;368,5.164602050271483E-5
4,236;388;617;635,5.161176799503957E-5
4,199;338;552;975,5.160568989611285E-5
4,153;423;428;502,-5.15441547623902E-5
4,24;26;308;626,-5.153696099354012E-5
4,6;327;672;909,-5.153463301334488E-5
4,68;123;443;744,-5.1527473637551796E-5
4,222;524;535;628,5.152367492475794E-5
4,64;592;777;805,-5.150902660168207E-5
4,55;356;387;567,-5.149271631298924E-5
4,105;331;601;793,-5.142997299916433E-5
4,25;151;284;720,-5.1357729767288004E-5
4,67;620;748;906,-5.134560563634344E-5
4,153;171;585;882,-5.132096615121158E-5
4,366;694;695;721,-5.131790853080803E-5
4,145;154;498;725,5.131310245045512E-5
4,81;609;636;802,-5.1290426402769734E-5
4,25;480;727;775,5.1279709082138534E-5
4,36;42;405;816,5.1213862753544136E-5
4,79;202;310;313,5.120691558862882E-5
4,88;292;342;556,-5.1183954005894994E-5
4,177;375;726;756,5.1159581395397215E-5
4,124;226;838;930,-5.114153988846272E-5
4,86;202;536;744,-5.1128406218878226E-5
4,116;249;404;787,5.110143416858162E-5
4,352;489;514;882,5.105583211797967E-5
4,300;304;751;940,5.1054709403594234E-5
4,327;777;952;982,-5.102688137280767E-5
4,403;559;588;714,-5.1012536736087743E-5
4,45;268;397;795,5.0998034402804724E-5
4,127;321;612;760,5.094669129798825E-5
4,150;601;695;852,-5.0926571137967046E-5
4,178;210;568;681,-5.092505116885473E-5
4,117;159;320;548,-5.0889154438133594E-5
4,744;830;851;997,-5.0867115641651724E-5
4,234;298;304;525,5.086442162181297E-5
4,146;561;630;700,5.086247265121139E-5
4,65;289;542;590,-5.0857737864686815E-5
4,229;247;566;924,5.085460780714023E-5
4,67;259;584;587,5.084480368669143E-5
4,215;566;954;971,-5.084261995527753E-5
4,264;506;644;701,5.074876714517693E-5
4,186;688;764;797,5.0740995161857026E-5
4,18;76;604;966,-5.0730935575970154E-5
4,32;225;538;750,5.072660551824436E-5
4,78;370;397;634,-5.0720666893319724E-5
4,99;289;447;922,-5.070796317872943E-5
4,17;519;924;959,-5.0692025833403615E-5
4,377;724;844;946,5.05866372428324E-5
4,23;668;877;957,-5.04702696001435E-5
4,362;507;802;862,5.0454078809709906E-5
4,51;562;565;647,-5.043930615189446E-5
4,57;143;682;831,5.041297486917702E-5
4,526;689;700;865,-5.034561428234839E-5
4,37;191;898;968,5.0326651280609316E-5
4,621;656;743;943,5.03163185927093E-5
4,179;314;534;936,-5.031015824424917E-5
4,349;413;691;890,5.030916632046149E-5
4,317;432;454;969,-5.0279434148716514E-5
4,185;252;269;343,-5.024493143645756E-5
4,561;691;750;867,5.02245873822796E-5
4,167;241;512;560,5.021750217423921E-5
4,341;399;711;751,5.021143027141628E-5
4,102;156;470;532,5.019307821045381E-5
4,155;362;467;954,-5.019223791307576E-5
4,180;393;797;880,-5.0184939348684583E-5
4,13;207;526;548,5.016199615444043E-5
4,416;614;902;929,-5.015862861683461E-5
4,411;561;701;831,-5.015606025746575E-5
4,373;577;804;827,-5.014933055257183E-5
4,3;24;138;456,5.0129057329178846E-5
4,235;532;699;996,-5.012441017729366E-5
4,146;255;476;666,-5.010326138252315E-5
4,10;177;447;721,-5.008767143814924E-5
4,102;157;881;885,5.0047889154505724E-5
4,191;262;327;380,5.0031551246602214E-5
4,245;247;330;359,-4.9995255904998016E-5
4,525;549;853;972,-4.996355634026864E-5
4,448;562;609;827,-4.991247060828994E-5
4,289;328;661;871,4.986375971040675E-5
4,313;424;905;952,-4.9855897198568867E-5
4,261;639;687;769,-4.980169389723524E-5
4,569;717;731;922,4.979212803440995E-5
4,169;199;245;786,-4.97369290848477E-5
4,241;468;512;560,-4.9714820663446025E-5
4,219;389;666;744,4.9710276027866664E-5
4,21;702;789;900,4.9702662588159184E-5
4,77;468;581;615,4.969443566868549E-5
4,31;677;701;821,-4.9673358206412716E-5
4,125;447;572;839,-4.9666791830771885E-5
4,317;542;630;662,4.965558015764753E-5
4,381;726;876;945,-4.963016466579115E-5
4,140;429;471;826,-4.96257832730333E-5
4,138;246;410;947,4.961448707375817E-5
4,163;356;434;942,4.96092906371661E-5
4,2;62;315;525,-4.959909725603058E-5
4,14;383;473;749,-4.957859845000778E-5
4,99;267;287;718,4.9561695774107297E-5
4,448;552;562;609,-4.954710158003122E-5
4,146;380;630;700,4.953437873805634E-5
4,237;486;594;693,-4.951627032544894E-5
4,59;480;520;617,4.9512173393060485E-5
4,373;577;804;950,4.949307573554418E-5
4,151;233;793;856,-4.946556800731653E-5
4,43;91;292;820,4.945189853816734E-5
4,42;376;386;845,-4.942979486111908E-5
4,270;329;752;764,-4.9413425931868805E-5
4,24;234;680;928,-4.937596878969828E-5
4,34;162;691;847,4.9309323161233225E-5
4,489;619;880;935,4.924254558321817E-5
4,250;433;581;658,-4.922467579660256E-5
4,90;257;310;665,4.9216299628096854E-5
4,12;405;822;992,4.920484226410477E-5
4,255;715;727;796,4.920081828797826E-5
4,177;222;375;726,4.919322208736059E-5
4,144;212;756;809,-4.912931792339684E-5
4,90;549;650;903,4.912457918872845E-5
4,33;60;145;901,-4.910292449198979E-5
4,316;658;785;958,4.9086220065302194E-5
4,228;398;817;851,-4.9072606694253565E-5
4,18;316;580;689,4.90618412743382E-5
4,428;475;935;983,-4.900341738614783E-5
4,256;286;392;773,-4.895302111048576E-5
4,29;54;876;962,4.894462632239338E-5
4,58;261;616;971,4.892355614915896E-5
4,168;274;830;849,4.891780524781157E-5
4,225;314;649;708,4.8913434332467545E-5
4,49;734;876;907,4.890978295437147E-5
4,346;493;562;695,4.8882011625467445E-5
4,108;363;479;869,-4.887772010313865E-5
4,44;437;536;588,-4.8877491615768846E-5
4,560;745;767;851,4.8873845211814245E-5
4,420;611;881;925,-4.887189092951856E-5
4,57;89;282;560,-4.884911660600966E-5
4,68;125;451;926,-4.883530337415425E-5
4,427;436;494;892,-4.882145995975791E-5
4,464;619;657;866,4.8812938639805624E-5
4,279;475;820;839,4.881145274968898E-5
4,400;435;578;839,-4.880896412998083E-5
4,282;488;940;986,-4.880766154963639E-5
4,81;106;658;679,4.875677137889892E-5
4,173;432;592;972,-4.8707061803795554E-5
4,208;596;683;846,-4.870300577855608E-5
4,267;714;835;891,-4.868817189035392E-5
4,74;359;513;691,4.86743321725905E-5
4,444;603;701;900,-4.866917395864301E-5
4,237;243;594;693,-4.866079263481939E-5
4,422;496;661;824,4.866064545564842E-5
4,87;270;752;913,-4.865544474991666E-5
4,59;414;603;980,-4.8650419130128855E-5
4,12;44;778;854,-4.863851182499787E-5
4,262;587;684;848,-4.860675952563469E-5
4,0;54;132;948,-4.8603319812798486E-5
4,191;362;802;862,-4.859178416004672E-5
4,161;683;687;719,-4.8588562355946636E-5
4,43;235;369;678,4.8565738675599325E-5
4,245;247;359;529,4.85456348980662E-5
4,109;749;753;785,4.852874760338657E-5
4,70;700;720;748,4.849567456020107E-5
4,309;468;494;965,-4.848545225015202E-5
4,292;316;510;774,4.847713454325539E-5
4,11;777;952;982,4.846146174163931E-5
4,231;310;625;664,-4.845794520304505E-5
4,0;223;228;909,-4.8436222739255495E-5
4,548;597;733;982,4.8404426389512185E-5
4,313;546;818;868,4.8382555456413224E-5
4,237;384;596;660,4.838238641974933E-5
4,120;261;826;984,4.832798593517877E-5
4,105;695;790;917,4.832651997651004E-5
4,165;466;819;892,-4.828987326886354E-5
4,423;485;518;763,-4.82793898567596E-5
4,214;357;462;945,-4.827324901838104E-5
4,174;229;899;975,-4.82519731648478E-5
4,385;921;926;984,4.824966525553009E-5
4,53;139;515;817,-4.821181767546504E-5
4,197;268;710;854,4.820912973271431E-5
4,238;421;532;721,4.819416367950272E-5
4,363;483;529;690,-4.818863581224306E-5
4,5;353;697;753,4.8141193260181836E-5
4,272;428;468;891,4.81173564614191E-5
4,267;425;664;860,4.811700647803199E-5
4,313;546;868;914,4.807539020440327E-5
4,233;459;653;742,4.806207202526661E-5
4,156;502;561;921,4.8051105004382384E-5
4,44;201;453;901,-4.8036106833881774E-5
4,246;635;899;936,-4.8014740806719596E-5
4,27;213;722;758,4.800934334951905E-5
4,161;173;341;718,-4.800380710552228E-5
4,125;473;498;948,4.798617676891605E-5
4,68;123;443;911,-4.7971032614248215E-5
4,201;303;492;646,4.795733206597801E-5
4,123;237;538;599,-4.793224717861329E-5
4,70;519;548;930,4.7918994980761516E-5
4,90;745;899;928,-4.789605791182722E-5
4,306;661;765;995,4.7890884248872546E-5
4,17;93;564;748,4.7890194080160015E-5
4,150;221;763;985,4.787078739547677E-5
4,92;170;184;302,-4.786551538721356E-5
4,204;601;603;848,-4.782369401187796E-5
4,173;581;806;917,4.7818906310462275E-5
4,21;88;386;401,4.780959059051957E-5
4,111;117;315;857,4.7799661128438434E-5
4,291;793;809;970,-4.779664610450626E-5
4,711;848;907;963,4.7771431081165454E-5
4,77;548;581;615,4.7750417681067123E-5
4,152;322;584;740,-4.7737292010298985E-5
4,264;491;633;697,-4.772200304736282E-5
4,107;281;524;776,-4.7713073072190736E-5
4,309;323;468;494,4.768301773266561E-5
4,38;110;645;837,4.76713640051375E-5
4,219;336;495;826,-4.766834191632942E-5
4,551;577;650;813,4.763644154383307E-5
4,218;636;706;782,4.763321128264945E-5
4,10;355;388;677,-4.754631460365458E-5
4,16;205;330;385,4.748033523434409E-5
4,347;576;884;980,4.7431868537368416E-5
4,614;737;880;909,4.73948077533447E-5
4,9;203;567;818,-4.738701089309277E-5
4,91;390;463;694,4.738620004937276E-5
4,96;700;720;977,4.73603031471654E-5
4,207;500;505;546,-4.7359391637614346E-5
4,198;218;254;489,4.732396130308264E-5
4,25;72;579;606,-4.730361669288494E-5
4,404;727;892;947,4.727755968022579E-5
4,134;297;323;409,4.727010099236312E-5
4,173;581;612;917,-4.7252149412322976E-5
4,855;862;928;998,-4.7236817561426266E-5
4,329;490;566;677,-4.723122565980015E-5
4,163;732;845;986,4.721712882679501E-5
4,256;540;730;862,4.7212318256607226E-5
4,75;234;492;880,4.721097270317958E-5
4,153;253;585;661,4.719155823775725E-5
4,528;575;736;824,4.717908277597247E-5
4,439;545;673;815,4.71767147960697E-5
4,152;186;564;789,4.714715162886398E-5
4,7;178;552;825,4.7101953386140056E-5
4,160;526;638;785,4.70995490710381E-5
4,73;165;675;892,4.709437179094754E-5
4,56;356;481;536,-4.707859066308604E-5
4,250;433;658;724,4.7078425521567925E-5
4,28;278;674;923,-4.707809802903215E-5
4,306;319;676;982,4.702772183033277E-5
4,79;525;776;821,4.701901046543135E-5
4,68;442;619;981,-4.699883098589036E-5
4,356;387;567;854,-4.698581452708632E-5
4,243;553;558;904,4.696236546430757E-5
4,43;467;470;950,-4.695427041789462E-5
4,277;590;711;717,-4.695243001896412E-5
4,219;241;305;607,-4.693915640755796E-5
4,86;225;664;947,-4.6916216601970595E-5
4,34;189;241;523,-4.6910571653807675E-5
4,17;166;255;271,4.688273258481133E-5
4,66;70;577;669,-4.6878085956361665E-5
4,13;154;548;886,4.6842434113753886E-5
4,215;285;929;940,4.683837822054991E-5
4,12;44;123;854,-4.683664920551374E-5
4,309;666;706;819,-4.6817706103487775E-5
4,427;436;494;852,4.680983928253192E-5
4,47;384;656;744,-4.680173916291596E-5
4,24;308;377;626,-4.680078731918222E-5
4,38;438;645;837,-4.675709334335383E-5
4,226;658;772;972,4.675395633863814E-5
4,572;579;802;836,4.672825285093184E-5
4,143;477;716;807,4.669747139974437E-5
4,273;463;899;992,-4.667446552990781E-5
4,104;341;544;600,-4.665987232754646E-5
4,640;748;859;887,-4.6656846493883617E-5
4,354;604;698;803,-4.664229488934437E-5
4,16;345;353;585,-4.663645528260541E-5
4,167;259;307;734,4.6606399711133896E-5
4,144;653;712;808,-4.659945571463978E-5
4,98;196;360;537,4.6593177470811246E-5
4,140;153;471;826,4.65764800429818E-5
4,99;348;712;854,4.6558347817260023E-5
4,52;79;809;880,4.6543846330176904E-5
4,242;289;745;877,-4.653549059090501E-5
4,649;753;865;957,4.651944890745589E-5
4,148;150;902;961,-4.6505997483005166E-5
4,8;398;708;991,4.650026101722744E-5
4,130;411;520;744,-4.6483871032779055E-5
4,315;341;399;751,-4.646332308753554E-5
4,182;323;714;944,4.645728995814116E-5
4,281;684;699;956,-4.645517994576525E-5
4,127;328;690;811,-4.644970263728233E-5
4,100;229;684;827,4.644522911180675E-5
4,304;366;376;951,4.644071016677518E-5
4,306;561;661;995,4.642644852934498E-5
4,21;148;456;698,4.641709837898486E-5
4,731;801;838;839,-4.641265651514906E-5
4,46;83;392;606,4.6395363688916316E-5
4,73;317;604;710,-4.6382947346829554E-5
4,51;145;565;647,-4.632893207011478E-5
4,338;343;730;925,4.6320896005279144E-5
4,90;264;341;553,-4.629928426336813E-5
4,2;411;436;966,4.623799154740492E-5
4,373;698;961;971,-4.622584455508239E-5
4,417;567;885;926,-4.619450775819717E-5
4,518;659;853;903,-4.6193614134114083E-5
4,192;205;465;716,-4.6189923784926065E-5
4,69;541;574;797,-4.6185952487817445E-5
4,115;537;612;802,4.618175324503008E-5
4,38;136;139;549,-4.617869799637854E-5
4,320;434;632;636,-4.617139464503775E-5
4,665;733;933;966,4.6152006218967E-5
4,156;561;686;921,4.6149671997064055E-5
4,34;69;416;535,4.6147850187294396E-5
4,378;576;684;743,-4.6144698612355666E-5
4,90;745;822;928,-4.613674197181045E-5
4,9;204;363;843,4.6135211080886234E-5
4,558;845;889;968,4.611953317001572E-5
4,291;424;463;904,-4.611495466350597E-5
4,416;800;902;929,4.6096751910199116E-5
4,268;710;854;966,-4.6081022262035106E-5
4,65;289;590;650,-4.603409233063204E-5
4,114;289;645;692,4.597739469478532E-5
4,70;419;582;809,-4.596743766387365E-5
4,137;303;689;919,-4.596605079671895E-5
4,451;466;498;679,-4.595634336830777E-5
4,309;427;491;974,-4.594799191904897E-5
4,89;569;810;978,4.5945550503353875E-5
4,261;295;430;892,4.593921366934803E-5
4,137;755;829;936,4.591937892535948E-5
4,32;247;306;872,-4.590914415924337E-5
4,129;163;207;964,4.5907743386499296E-5
4,46;362;386;602,4.5902278459362626E-5
4,108;255;273;672,-4.586285268968519E-5
4,483;700;845;981,4.585354962778965E-5
4,214;230;499;947,4.582337955438273E-5
4,56;360;474;618,-4.581583343170245E-5
4,155;708;713;960,4.5770032723541E-5
4,344;622;712;927,-4.5762945461277194E-5
4,164;420;649;830,4.568183741365444E-5
4,427;436;852;892,4.5662560117808835E-5
4,41;142;419;505,-4.565078737332043E-5
4,199;338;552;578,4.5631967649061814E-5
4,22;433;508;943,4.5607567382842314E-5
4,96;289;328;661,-4.558588618063119E-5
4,194;413;674;793,4.5585101572617265E-5
4,199;458;557;918,4.556778990263542E-5
4,194;287;445;599,4.556736960149703E-5
4,393;520;583;734,-4.5559948157583956E-5
4,147;187;536;896,4.5519900930587155E-5
4,82;355;729;949,4.550309882623241E-5
4,283;441;609;810,4.547384696496934E-5
4,284;290;588;945,4.5459351552356365E-5
4,325;451;467;832,4.540788886500742E-5
4,227;266;405;524,4.540583141656046E-5
4,229;326;593;815,-4.538369281824343E-5
4,42;50;536;844,-4.533095045059736E-5
4,464;475;521;563,-4.53292582920376E-5
4,21;386;401;934,-4.532828567589182E-5
4,67;340;457;553,-4.531473002886627E-5
4,118;806;846;932,4.531425161361371E-5
4,99;138;410;947,4.530994059422304E-5
4,70;317;642;888,4.5302920474814325E-5
4,95;570;707;958,4.522873336726216E-5
4,97;395;779;929,4.522873268005632E-5
4,64;152;222;744,-4.521550239184611E-5
4,294;748;859;866,-4.517223737190307E-5
4,77;459;472;593,-4.5170751808018105E-5
4,19;294;568;883,4.515459643709871E-5
4,28;421;674;923,-4.513879788858115E-5
4,8;161;468;497,-4.5137427127213594E-5
4,225;538;750;908,4.507664554325727E-5
4,69;147;416;535,-4.5068427231158155E-5
4,74;285;352;819,4.504995434097034E-5
4,0;203;667;935,-4.503156242103893E-5
4,26;116;744;846,-4.50217318051297E-5
4,286;528;753;955,-4.500767328335904E-5
4,71;482;680;703,-4.4989158250650376E-5
4,41;291;424;463,-4.496665543666566E-5
4,235;503;524;662,4.496444481276566E-5
4,24;274;489;495,-4.4959642732245635E-5
4,265;277;367;935,-4.495357333366979E-5
4,405;822;863;992,-4.494366628771918E-5
4,350;429;469;919,-4.4898548400608266E-5
4,194;331;499;511,-4.4839238137394876E-5
4,346;551;759;893,4.481846937389904E-5
4,451;498;679;795,-4.480972810315758E-5
4,149;311;380;792,4.478627778544249E-5
4,106;290;494;737,-4.4785690573507015E-5
4,134;139;516;707,4.471852784410142E-5
4,325;420;424;806,4.470088391550759E-5
4,46;436;860;987,-4.469480841334472E-5
4,539;558;923;930,-4.469225965441587E-5
4,62;101;600;789,-4.466998773999078E-5
4,73;354;675;892,4.4646432649306774E-5
4,249;359;404;787,4.460391313555914E-5
4,187;549;853;972,-4.4595343343178164E-5
4,63;297;417;580,-4.459447483929449E-5
4,95;567;707;958,4.458727465410496E-5
4,41;101;691;960,4.457998223281959E-5
4,206;754;836;912,-4.457477453084756E-5
4,43;91;446;820,4.4541394777090764E-5
4,272;504;690;972,4.453987653119398E-5
4,449;482;541;607,-4.45114475679161E-5
4,192;349;835;979,4.449552303963152E-5
4,349;542;645;965,-4.448748551526155E-5
4,189;481;719;838,-4.444833127467274E-5
4,17;186;924;959,4.443747570370056E-5
4,83;164;228;418,4.4429396968981705E-5
4,132;585;798;855,-4.441630194903372E-5
4,276;353;643;872,-4.4411925433124364E-5
4,191;195;263;599,-4.44044699367146E-5
4,65;302;437;772,-4.4393063473828115E-5
4,334;631;662;761,-4.437983555128473E-5
4,79;525;538;776,4.436947702254596E-5
4,292;461;530;827,-4.4353311331897864E-5
4,414;521;537;560,4.434121764109027E-5
4,416;485;486;910,4.42907565900085E-5
4,151;224;529;549,-4.4265809350901535E-5
4,684;717;731;922,-4.424295994611331E-5
4,100;229;230;684,4.424182960389768E-5
4,180;941;995;996,4.41877635829131E-5
4,83;581;646;690,-4.415280792702268E-5
4,665;770;904;980,-4.4129298447472956E-5
4,542;554;564;782,-4.4113570704090725E-5
4,290;494;680;737,-4.408432310025654E-5
4,168;541;627;822,4.4083670047774736E-5
4,143;270;773;926,4.406472393978894E-5
4,92;184;302;828,4.4040672697826E-5
4,263;305;492;634,4.403687471915086E-5
4,63;413;691;890,4.402469651305392E-5
4,33;337;612;729,-4.401537752477914E-5
4,111;504;624;896,-4.39885086323903E-5
4,373;533;628;722,4.3970656385906146E-5
4,262;445;617;960,-4.395552555476849E-5
4,140;153;429;471,-4.3940503426488115E-5
4,338;377;394;708,-4.393797335316367E-5
4,87;281;604;713,4.393517430799577E-5
4,542;728;739;838,-4.39262087999193E-5
4,382;457;774;807,4.392466188185559E-5
4,103;146;832;836,-4.3920677670412746E-5
4,569;879;884;885,-4.390407226321979E-5
4,3;24;136;138,4.3886413067644616E-5
4,194;283;336;824,-4.3864982483989386E-5
4,78;357;398;671,-4.385997991931614E-5
4,96;490;566;857,-4.3853200225993895E-5
4,165;429;740;744,4.384870389429671E-5
4,32;538;750;908,-4.3847121019803955E-5
4,472;670;890;953,-4.3772232724434356E-5
4,564;710;742;888,4.374726361435521E-5
4,38;299;672;915,4.3726045153837207E-5
4,285;351;497;954,-4.3725319745867735E-5
4,251;670;800;918,4.3647014053881584E-5
4,21;155;256;922,4.360529738765549E-5
4,169;469;841;944,-4.360077165098163E-5
4,446;636;929;978,-4.357336497821654E-5
4,140;355;394;506,4.356014663219026E-5
4,335;588;805;934,-4.3549407297230433E-5
4,29;197;876;962,4.3534000180020875E-5
4,306;561;765;995,4.352860757232041E-5
4,0;75;633;877,4.3518098933171645E-5
4,489;597;763;806,4.3501759819402955E-5
4,126;433;724;847,4.3445896303935404E-5
4,228;398;851;914,4.342675833611752E-5
4,85;578;662;681,4.341612106528154E-5
4,262;587;656;848,-4.340991660650873E-5
4,71;312;461;715,4.3387295558363736E-5
4,305;596;635;791,4.336090472718784E-5
4,755;756;861;983,4.335160559217287E-5
4,235;399;795;797,4.335147493276124E-5
4,220;354;604;698,-4.334972183006812E-5
4,262;587;656;684,4.3345247157810574E-5
4,429;740;744;857,4.334091115680076E-5
4,192;420;426;754,-4.331379569175239E-5
4,3;370;413;675,4.3272581636590204E-5
4,213;291;891;988,-4.3247990245966295E-5
4,74;307;661;697,-4.323504399460082E-5
4,79;420;653;856,-4.323194914372695E-5
4,87;140;270;913,-4.3221158072782564E-5
4,159;199;327;376,-4.3215483273086566E-5
4,185;277;602;885,-4.3145932737476985E-5
4,175;377;394;708,4.314215962356352E-5
4,191;327;380;563,-4.313981239696788E-5
4,292;316;343;510,4.313350214138682E-5
4,49;290;582;836,-4.313101314375793E-5
4,97;395;546;779,-4.3113115904709684E-5
4,576;599;684;743,-4.311045236236831E-5
4,70;238;324;709,-4.3020852575710604E-5
4,201;731;838;839,4.296984699952313E-5
4,252;305;443;932,4.2889743685335186E-5
4,311;821;869;939,-4.288935621388174E-5
4,153;221;253;661,-4.2850072765172154E-5
4,26;178;658;686,4.284481360129858E-5
4,265;277;367;618,-4.283017600845636E-5
4,24;81;324;950,-4.27967438571588E-5
4,33;60;145;556,-4.2783141667676424E-5
4,13;224;474;787,4.2768422626746195E-5
4,115;292;464;522,-4.2737213463748326E-5
4,83;94;293;746,-4.271737370171315E-5
4,333;470;675;682,4.2703284191179915E-5
4,96;615;664;735,-4.269352206426993E-5
4,21;86;456;698,4.268967981282072E-5
4,261;467;600;883,4.265509428068E-5
4,132;357;642;796,4.264200278535118E-5
4,131;281;769;789,4.2641930898992053E-5
4,59;135;603;980,-4.2620579738318314E-5
4,99;246;410;947,-4.26153030104322E-5
4,28;35;198;926,-4.2567378852974445E-5
4,38;299;370;915,-4.2548327772657506E-5
4,43;104;373;764,4.254108905946514E-5
4,155;312;362;467,-4.253659250799192E-5
4,48;163;845;986,4.251824585339864E-5
4,25;238;307;655,-4.2511300575469164E-5
4,30;91;155;440,-4.2504627651105445E-5
4,191;195;263;823,-4.249478222039686E-5
4,25;307;341;655,-4.2490132116858796E-5
4,41;291;463;904,4.247372360926732E-5
4,432;510;796;930,4.246091939824193E-5
4,709;738;862;948,4.244782796677253E-5
4,151;284;720;821,-4.242351304640468E-5
4,16;161;214;761,4.2408477772693036E-5
4,89;434;569;978,-4.239691685507649E-5
4,363;479;506;869,-4.232716170429472E-5
4,290;463;948;960,4.2323243021495195E-5
4,242;469;560;721,-4.2309385412178617E-5
4,475;856;935;983,4.230189896174882E-5
4,356;675;702;862,4.228687028856072E-5
4,276;372;643;872,-4.228250540339189E-5
4,345;408;693;988,4.2275539656250315E-5
4,192;426;433;754,-4.227190035106476E-5
4,177;346;832;848,4.2260978785787993E-5
4,363;411;483;529,-4.224454899536866E-5
4,600;711;858;924,-4.2234964479063566E-5
4,187;272;436;495,4.2233959419397105E-5
4,215;255;911;955,4.222012782816891E-5
4,140;145;154;498,-4.2202120786394355E-5
4,316;658;701;958,4.219072582868787E-5
4,180;649;753;865,4.215438914685758E-5
4,168;526;851;998,-4.21534090618757E-5
4,614;800;902;929,4.215017005427769E-5
4,380;435;507;717,-4.2119765682712025E-5
4,213;656;743;943,-4.2114546808726205E-5
4,279;395;735;871,-4.209832753246813E-5
4,114;359;523;821,4.209668357179449E-5
4,522;609;675;992,-4.208362224336902E-5
4,234;247;493;515,-4.2040917412538634E-5
4,493;509;575;975,-4.2025550426222706E-5
4,328;340;457;553,-4.2019333510533466E-5
4,46;263;527;762,4.200351866334154E-5
4,245;428;556;604,-4.198450902662883E-5
4,412;532;791;875,4.198325196444232E-5
4,302;339;535;629,4.197850911223426E-5
4,65;169;469;944,4.197212517497563E-5
4,348;685;776;999,-4.1926827279008804E-5
4,195;285;305;673,-4.1916249026650974E-5
4,255;418;715;796,-4.191033470961891E-5
4,171;204;353;495,4.190684324862783E-5
4,64;94;152;744,-4.190249406744426E-5
4,151;233;484;793,-4.1868946239621413E-5
4,181;215;285;940,4.1863401399111475E-5
4,158;593;762;802,4.1852487174102585E-5
4,352;489;857;882,4.1786848275521524E-5
4,212;300;345;916,-4.175581506854864E-5
4,28;35;198;588,4.1724880444526024E-5
4,213;265;521;612,-4.1724550402139293E-5
4,169;199;594;786,4.168305121765737E-5
4,170;282;383;968,-4.166582330280669E-5
4,10;355;388;747,4.166503216159592E-5
4,59;243;246;594,4.164407311858663E-5
4,291;691;702;931,4.162631714539164E-5
4,219;241;305;866,-4.1623892856705147E-5
4,44;516;893;905,4.161856768158041E-5
4,127;203;321;612,4.1589119991927626E-5
4,48;99;145;761,-4.158262475158064E-5
4,189;500;674;784,-4.1568067278018645E-5
4,113;649;730;797,4.15588801828286E-5
4,314;319;567;680,4.15567823615296E-5
4,604;698;961;971,-4.15362646192409E-5
4,235;241;762;872,-4.153153182223095E-5
4,520;655;712;808,4.152086122562286E-5
4,88;262;273;410,-4.1507606451421085E-5
4,208;231;792;922,4.145911286065038E-5
4,256;302;542;992,-4.1452039460989945E-5
4,59;135;414;980,4.1445131176808165E-5
4,150;601;695;861,-4.1428244498080856E-5
4,108;363;479;506,4.139432799433191E-5
4,348;376;386;845,-4.138832669119695E-5
4,212;300;461;916,4.1381316300754694E-5
4,28;411;596;774,-4.1374731393267714E-5
4,206;259;814;848,4.133681972629773E-5
4,98;593;698;839,-4.132551212044453E-5
4,442;484;588;811,-4.1322495801597716E-5
4,39;130;145;816,4.131808624793811E-5
4,237;734;944;985,-4.1317327100224366E-5
4,475;524;558;997,-4.131388611203799E-5
4,73;247;558;665,-4.126017362424972E-5
4,257;559;981;993,-4.125530604721097E-5
4,480;531;610;719,4.1236616449376E-5
4,170;282;383;767,-4.1236105715703684E-5
4,43;82;373;764,4.12338026871613E-5
4,329;458;577;659,-4.122772107185894E-5
4,290;360;948;960,4.121838807068977E-5
4,263;462;506;859,-4.1193326226269275E-5
4,298;729;747;906,4.1164240448708274E-5
4,237;243;486;693,-4.1157915116415174E-5
4,309;375;666;706,-4.110408046974442E-5
4,146;255;666;780,4.110080454357911E-5
4,242;469;560;828,4.1095519107098594E-5
4,245;252;685;870,-4.106427655100195E-5
4,99;486;712;854,-4.1024475248128176E-5
4,45;106;272;602,4.098814925354552E-5
4,451;517;634;988,-4.098287112259039E-5
4,186;198;277;514,-4.097509594304131E-5
4,45;244;327;620,-4.097432756198864E-5
4,353;366;582;651,4.0911380431819065E-5
4,655;882;883;908,4.090835696644096E-5
4,167;241;468;512,4.090258520971722E-5
4,77;468;548;581,4.0889867909224484E-5
4,276;353;372;643,-4.0794669362821074E-5
4,19;568;783;883,-4.0761036267794206E-5
4,74;359;402;513,-4.070757815166008E-5
4,17;93;357;564,-4.069866043620059E-5
4,226;241;838;930,-4.057455681222476E-5
4,86;737;907;996,4.056458385578325E-5
4,205;251;427;553,4.051827575831131E-5
4,362;579;616;929,4.047702489967076E-5
4,466;647;795;963,-4.047005218756412E-5
4,116;298;729;906,-4.045473492992221E-5
4,123;454;618;718,-4.045093266123397E-5
4,90;339;564;908,-4.0399577650285E-5
4,67;328;340;553,4.037814745887918E-5
4,441;708;809;952,4.037566417605517E-5
4,167;386;532;689,4.0346836137082345E-5
4,199;290;656;951,4.034499307491069E-5
4,5;141;804;892,-4.0332660463614436E-5
4,221;540;548;627,-4.0331888644833795E-5
4,68;123;744;911,4.031076381392827E-5
4,150;259;763;985,4.0305961621327E-5
4,86;361;586;872,4.03045384272166E-5
4,195;656;780;786,-4.021575150160149E-5
4,377;729;844;946,-4.021399257464011E-5
4,276;288;628;892,4.019323990476108E-5
4,252;305;443;680,-4.0179688465633694E-5
4,33;612;729;771,-4.0143913412496124E-5
4,78;357;498;671,4.0143709686509875E-5
4,335;681;805;934,-4.0123359483140936E-5
4,201;472;670;953,4.011720715868726E-5
4,254;436;542;826,-4.0086758487388994E-5
4,81;359;460;669,-4.0078594949818427E-5
4,561;661;765;995,4.007605222453203E-5
4,49;290;400;582,-4.0068588322268245E-5
4,251;277;802;891,4.0055441808294154E-5
4,90;506;915;987,-4.0052553122485255E-5
4,298;639;748;973,4.004784828655526E-5
4,44;82;729;949,4.0010219963138996E-5
4,356;717;977;989,-4.0003200714660695E-5
4,191;410;698;771,-3.999377955194938E-5
4,126;221;374;529,-3.994196234708349E-5
4,108;479;506;869,-3.9914714335637663E-5
4,100;120;261;826,3.985535675070438E-5
4,90;176;915;987,3.985319386249649E-5
4,307;661;697;828,-3.969326836884324E-5
4,136;454;577;849,-3.966064033956801E-5
4,186;251;392;571,3.961473479241989E-5
4,50;177;346;848,3.9611520944999565E-5
4,139;516;707;988,-3.960165748330821E-5
4,377;524;676;920,3.957061308044041E-5
4,448;848;907;963,3.95669897355272E-5
4,6;327;621;909,3.953924721043579E-5
4,65;302;369;437,3.948757291645057E-5
4,137;489;619;935,3.948174566324991E-5
4,56;276;536;637,-3.9481353137698415E-5
4,74;327;338;422,3.9472532490038904E-5
4,44;516;630;905,-3.947187879248791E-5
4,189;241;416;523,-3.945826161750131E-5
4,113;578;662;681,3.942533929289417E-5
4,146;476;666;780,3.942329865261828E-5
4,27;153;510;705,-3.9417452420165715E-5
4,192;465;557;716,-3.941310990552347E-5
4,468;796;962;975,-3.940498954910137E-5
4,148;240;331;428,3.937844715753358E-5
4,327;539;634;701,-3.934219898519993E-5
4,144;212;756;797,-3.9341172398588875E-5
4,17;160;251;989,3.933695919066937E-5
4,201;375;573;668,-3.933363374258638E-5
4,12;31;580;924,-3.929706056763538E-5
4,46;169;408;687,3.927780618963307E-5
4,179;644;647;810,-3.923725886059566E-5
4,115;553;612;802,-3.922824396440551E-5
4,97;406;425;503,3.921817338591277E-5
4,480;520;617;680,-3.920840760188857E-5
4,326;639;977;989,3.919176419143726E-5
4,62;639;748;973,-3.9184309398720365E-5
4,471;481;676;705,3.9168374124564535E-5
4,537;681;771;985,3.9162338245497375E-5
4,369;464;502;615,3.915673564098603E-5
4,225;649;692;708,3.912197490604391E-5
4,257;519;981;993,3.911955418195486E-5
4,11;327;952;982,-3.911801916001164E-5
4,295;375;730;742,-3.911241365206922E-5
4,5;353;753;834,-3.911029841096352E-5
4,149;231;770;990,3.908879267523499E-5
4,338;343;352;730,-3.90865076633467E-5
4,120;233;459;742,-3.9066388754794566E-5
4,255;447;485;970,3.904169907270953E-5
4,124;347;451;992,3.903274028201409E-5
4,214;328;753;865,3.900108580714178E-5
4,111;117;306;857,-3.8992957436265675E-5
4,70;243;700;720,-3.897999750517202E-5
4,782;796;962;975,3.8960801756016375E-5
4,199;263;775;905,3.895087141168385E-5
4,97;395;546;929,-3.895072820846462E-5
4,74;327;385;422,3.8931543125683185E-5
4,340;491;743;912,-3.892172132436439E-5
4,46;527;574;762,-3.890792483250396E-5
4,261;267;600;883,3.888939419787922E-5
4,70;238;709;988,3.887205594384699E-5
4,270;753;775;894,3.886803361490623E-5
4,47;96;245;268,-3.8862827044927926E-5
4,684;737;880;909,-3.885308831500176E-5
4,31;205;427;553,3.884970732006172E-5
4,348;443;776;999,3.884580076493924E-5
4,125;254;473;948,3.884549976655498E-5
4,238;421;454;721,3.8832026472440996E-5
4,66;88;192;805,-3.881844658615853E-5
4,301;346;507;819,3.879142436063153E-5
4,128;592;826;843,3.878259082251895E-5
4,177;383;447;721,-3.877611234866596E-5
4,505;526;689;700,3.874184535242302E-5
4,179;297;352;666,-3.8732773347312716E-5
4,220;654;750;991,-3.8712128669203945E-5
4,21;468;655;791,3.8704201532237344E-5
4,295;375;509;742,3.867019389919617E-5
4,464;521;563;995,-3.863755487338822E-5
4,199;552;578;975,-3.8619540522621024E-5
4,373;406;588;784,-3.861770151112195E-5
4,319;590;711;717,3.861698915475799E-5
4,425;458;466;696,3.8611974308649405E-5
4,26;308;377;626,3.86056934897798E-5
4,167;337;390;665,-3.860341967031917E-5
4,41;190;691;960,3.859330678029945E-5
4,1;13;463;503,3.858245735027475E-5
4,64;346;498;716,3.857908935525115E-5
4,269;393;852;887,-3.852126055964623E-5
4,79;371;420;653,3.851324054066517E-5
4,88;183;541;897,3.850237969666828E-5
4,183;229;668;757,3.847973451526242E-5
4,164;234;550;814,-3.83944167552224E-5
4,104;159;544;600,-3.837968425826689E-5
4,143;270;433;926,3.835500783107642E-5
4,218;692;706;782,3.831548999731692E-5
4,210;696;747;988,3.829049721355303E-5
4,504;624;891;896,3.8273102164661914E-5
4,455;605;911;971,3.8271211839394E-5
4,20;480;848;875,-3.8248283024254204E-5
4,0;272;667;935,3.824514268387974E-5
4,132;360;615;686,-3.824038543215347E-5
4,46;168;526;998,-3.823340456832156E-5
4,144;207;505;546,3.817237220596588E-5
4,126;374;529;773,-3.815983776260375E-5
4,73;247;646;665,3.809319501630653E-5
4,667;698;905;997,-3.8064876592032E-5
4,26;340;380;998,-3.80644581556971E-5
4,77;394;644;994,3.8046767377979216E-5
4,143;184;394;739,-3.8039957933884166E-5
4,47;77;533;966,-3.801674184961901E-5
4,259;629;685;842,-3.793859437501361E-5
4,150;570;611;620,-3.793695248420101E-5
4,71;461;669;715,3.7909438553784365E-5
4,269;344;365;512,3.786700348669045E-5
4,118;410;423;564,3.7797219090775454E-5
4,546;818;868;914,-3.7790886217083776E-5
4,272;504;636;690,-3.776988152427087E-5
4,73;558;646;665,3.776128479726718E-5
4,95;330;368;662,-3.775410325338713E-5
4,319;359;440;919,3.770366580473657E-5
4,41;142;303;419,3.769031199671145E-5
4,199;290;656;813,-3.766943364810703E-5
4,189;332;500;784,3.762060034853357E-5
4,272;319;847;981,3.7606453134391106E-5
4,324;508;772;924,-3.759217434037584E-5
4,189;539;923;930,-3.75899150707244E-5
4,25;72;466;579,-3.7576636625455756E-5
4,541;703;794;984,3.75302591350104E-5
4,0;75;788;877,-3.75220657888928E-5
4,430;667;698;905,-3.751809677317775E-5
4,208;655;883;908,3.751565445135014E-5
4,125;447;572;993,-3.7496668884038924E-5
4,67;328;340;457,-3.749439701758185E-5
4,525;538;776;821,3.748255807634917E-5
4,176;596;635;791,-3.747742350350225E-5
4,126;724;770;847,3.7469731585615144E-5
4,221;374;529;773,3.7464725908986024E-5
4,241;579;933;999,3.746252473257536E-5
4,279;812;899;902,-3.746201308060022E-5
4,74;307;661;828,3.743332278417041E-5
4,160;450;638;785,-3.7397897430324926E-5
4,23;204;563;671,-3.7391099500962335E-5
4,1;13;394;463,-3.737290752872885E-5
4,85;402;640;899,-3.731877038677906E-5
4,347;373;533;628,-3.730908003414696E-5
4,95;102;524;800,-3.724630764589372E-5
4,462;680;739;822,-3.7246163887963715E-5
4,497;520;655;712,-3.7237925243923784E-5
4,724;729;844;946,3.7223774972132405E-5
4,169;258;603;633,-3.721921187249318E-5
4,36;235;369;678,-3.7217521528356735E-5
4,202;391;920;945,-3.720402198898422E-5
4,348;443;685;999,3.7169841965364856E-5
4,27;153;465;705,3.715210719550069E-5
4,541;703;879;984,-3.71516014364294E-5
4,78;439;915;964,3.715045649009763E-5
4,669;710;766;870,-3.7124633048023235E-5
4,90;107;863;877,3.712461639707776E-5
4,199;624;844;848,3.7121220911411715E-5
4,126;433;770;847,3.7120632646519966E-5
4,169;408;558;687,3.711128373807648E-5
4,269;427;430;824,-3.711086733208389E-5
4,64;346;430;716,3.7096369340503004E-5
4,94;293;500;746,-3.707850508319925E-5
4,288;331;401;865,-3.7046625053505107E-5
4,124;302;711;981,-3.704614649751398E-5
4,218;287;569;701,3.701668830872454E-5
4,76;213;891;988,-3.700509933489338E-5
4,89;484;505;508,-3.698763945974287E-5
4,26;356;434;942,3.698581967423034E-5
4,74;338;385;422,-3.695841771500298E-5
4,165;429;740;857,3.695764550004608E-5
4,356;481;536;744,3.69513365033282E-5
4,362;522;739;918,3.694483459859824E-5
4,301;334;346;507,-3.69199694926268E-5
4,462;493;680;822,-3.6871848417771625E-5
4,88;292;342;969,-3.6870660904934734E-5
4,128;592;627;843,-3.685973458875981E-5
4,76;291;891;988,3.6850369503735194E-5
4,730;784;824;954,3.683046712604022E-5
4,369;464;615;985,-3.6828990978369345E-5
4,448;552;562;827,3.679830121465212E-5
4,32;589;638;656,-3.679288960466802E-5
4,70;235;450;931,-3.678357164677732E-5
4,457;767;844;970,3.6762753361363837E-5
4,207;526;548;995,3.6756412250824195E-5
4,170;609;619;901,3.672810914652902E-5
4,668;877;943;957,-3.672258669172374E-5
4,347;533;628;722,-3.6704166007958004E-5
4,7;273;552;825,-3.670311836268156E-5
4,295;430;785;892,-3.6680154636674824E-5
4,192;420;433;754,-3.6678427733636335E-5
4,44;178;201;901,3.6669411809680016E-5
4,306;332;440;817,3.6659848591840395E-5
4,160;466;762;778,3.6652284801309856E-5
4,292;428;464;522,-3.664249509948415E-5
4,186;251;571;723,3.664019029603714E-5
4,381;431;504;772,3.663858973197133E-5
4,434;863;883;920,-3.6594409715218494E-5
4,72;307;528;577,3.6554684607821865E-5
4,134;297;409;619,-3.653560111610886E-5
4,56;248;360;618,3.6526254549451113E-5
4,2;436;821;966,3.648431810183171E-5
4,513;577;655;684,3.644129067056185E-5
4,39;116;478;631,-3.642234205224379E-5
4,184;320;406;623,3.6417177626554857E-5
4,69;464;541;574,3.640151988863109E-5
4,175;338;377;394,-3.6401087452421524E-5
4,18;604;955;966,3.6398792486095376E-5
4,121;346;493;562,3.636144403507127E-5
4,69;464;541;797,-3.635805105927791E-5
4,172;465;570;992,3.634316871690256E-5
4,206;549;836;912,3.633021184823407E-5
4,170;184;302;828,-3.6307617300325754E-5
4,439;487;582;664,-3.629168586485036E-5
4,108;163;255;672,-3.628613087616596E-5
4,16;205;385;631,-3.627215174348369E-5
4,306;488;565;577,-3.625455621999184E-5
4,65;265;873;906,-3.6208372169237604E-5
4,544;559;671;949,-3.6167560935474517E-5
4,385;512;759;808,3.614421759393385E-5
4,187;224;529;549,3.6143092495626056E-5
4,114;143;477;716,3.6138391825457576E-5
4,59;520;617;680,3.611669774627263E-5
4,427;494;852;892,-3.6078907693026796E-5
4,103;146;832;936,-3.6072008662597735E-5
4,44;54;710;949,3.606779942192695E-5
4,363;411;483;690,-3.606618117568218E-5
4,24;40;438;723,-3.60648105494276E-5
4,48;631;639;989,-3.606391199157118E-5
4,324;564;710;742,3.60565771484461E-5
4,403;440;516;523,-3.605529871484182E-5
4,81;200;359;460,3.602559074630232E-5
4,643;664;710;733,-3.601642989852917E-5
4,286;409;621;918,3.6014757326930115E-5
4,264;506;653;701,3.6004275538130794E-5
4,26;163;434;942,-3.599775068559127E-5
4,414;521;558;560,-3.5994059152260856E-5
4,18;155;690;819,3.5984156126556975E-5
4,12;356;645;864,3.5966196444322276E-5
4,53;151;794;999,3.593868807926891E-5
4,447;572;684;831,-3.59178597842612E-5
4,359;478;562;893,3.589377213977238E-5
4,164;174;473;948,-3.586148697816865E-5
4,36;519;549;645,-3.586102173353739E-5
4,65;302;369;772,-3.583375042632756E-5
4,430;667;905;997,-3.582716086569498E-5
4,40;466;548;812,3.5809172052566634E-5
4,65;504;799;801,-3.5790704640001575E-5
4,25;466;579;606,3.5786971512775906E-5
4,197;416;499;648,3.5767067874059405E-5
4,320;632;636;888,3.576486900554135E-5
4,45;268;397;899,-3.574328238860595E-5
4,114;266;540;760,-3.573203107936611E-5
4,41;253;330;362,3.567190837431814E-5
4,341;434;477;618,-3.566152063041244E-5
4,158;566;719;855,3.5659959405347314E-5
4,159;199;212;327,3.56363758301478E-5
4,147;290;321;435,3.561992127225979E-5
4,233;405;789;965,3.560789375778263E-5
4,208;418;708;717,-3.558245918892179E-5
4,178;372;383;555,-3.555583927745552E-5
4,25;92;480;727,3.550559140940178E-5
4,382;518;749;859,-3.55011111039947E-5
4,59;300;304;940,-3.549049819143141E-5
4,65;426;473;566,-3.548483781906157E-5
4,44;135;499;768,-3.5476918029756974E-5
4,17;186;519;959,-3.547548168543914E-5
4,15;40;55;239,-3.547059353365178E-5
4,658;701;785;958,3.5447441145351105E-5
4,98;196;360;956,-3.540791749687581E-5
4,97;137;755;936,-3.5332667130420344E-5
4,126;221;374;773,3.529923426325962E-5
4,217;308;671;854,-3.528900645255605E-5
4,379;628;635;777,3.527147662409576E-5
4,61;478;562;893,3.5254738295202526E-5
4,24;234;680;699,3.524402713939991E-5
4,148;150;706;961,3.523225710113867E-5
4,65;109;265;906,3.522288765746534E-5
4,68;619;838;981,3.521436018963104E-5
4,187;525;549;853,-3.520111992441077E-5
4,215;589;954;971,3.518022653861306E-5
4,136;474;680;767,-3.5175022794337294E-5
4,114;203;392;463,-3.5148765629841776E-5
4,82;440;596;617,-3.512839834722649E-5
4,49;94;116;923,3.512737810223404E-5
4,347;373;628;722,-3.5063699123874406E-5
4,83;350;392;606,-3.505704237478286E-5
4,355;900;902;923,3.505536098381716E-5
4,32;87;281;604,3.504368815887071E-5
4,294;302;573;641,-3.5040650781358486E-5
4,666;696;799;860,-3.5037521083477125E-5
4,201;245;573;668,-3.500958813335749E-5
4,83;293;500;746,-3.500336231749557E-5
4,23;113;257;389,3.499624615065889E-5
4,208;230;293;837,-3.498286198199384E-5
4,406;425;503;626,-3.4978428967490994E-5
4,85;313;769;958,3.496114655873952E-5
4,415;448;718;757,3.4960634515823886E-5
4,151;233;484;856,3.496018628095397E-5
4,70;621;846;857,-3.4955874967915815E-5
4,677;713;731;742,3.495342052927255E-5
4,135;144;563;764,3.4935870276354646E-5
4,179;608;636;993,3.4900743600370916E-5
4,41;101;190;960,3.488896360204623E-5
4,36;329;464;633,3.4867856580578905E-5
4,285;368;458;917,-3.485159475953856E-5
4,23;136;590;704,-3.485051627840843E-5
4,155;242;289;745,-3.484319124374688E-5
4,15;52;909;967,-3.4838598665259524E-5
4,330;441;809;952,3.483666670049243E-5
4,182;905;924;994,3.481764416593252E-5
4,100;252;720;880,3.479967685671701E-5
4,8;286;640;845,-3.4793244477455536E-5
4,444;514;628;869,3.4788993375741E-5
4,265;414;870;888,-3.4763071003221456E-5
4,469;587;640;702,3.474042197227373E-5
4,161;214;226;761,-3.4697846936859095E-5
4,46;169;558;687,3.469775648175301E-5
4,276;656;779;794,-3.4666163173407996E-5
4,197;499;648;925,3.465003014782517E-5
4,267;714;835;963,-3.464896866991164E-5
4,47;77;169;966,3.463844719677504E-5
4,269;696;852;887,-3.463068943834164E-5
4,770;901;904;980,-3.462857744646311E-5
4,21;155;369;922,-3.461161974321425E-5
4,48;141;658;820,-3.458481820521304E-5
4,577;618;893;928,-3.4582382019097103E-5
4,117;159;230;548,3.4573165821670755E-5
4,44;279;430;663,-3.453496500729264E-5
4,349;436;860;987,3.4521912303188286E-5
4,323;468;494;965,3.451402797075835E-5
4,96;490;566;753,-3.448813119018465E-5
4,355;412;545;975,3.443070583716693E-5
4,254;428;784;939,-3.438293220540031E-5
4,549;640;748;887,3.438153045527019E-5
4,195;207;283;417,3.4369178611902235E-5
4,11;107;468;739,3.435797070751374E-5
4,17;349;835;979,-3.434325823583186E-5
4,353;697;753;834,3.433375317855971E-5
4,299;749;762;996,3.4330807152733646E-5
4,21;136;468;655,3.431335405273839E-5
4,256;708;713;960,-3.428615755095634E-5
4,439;618;915;964,-3.425629353958421E-5
4,86;202;536;656,3.4248778232343776E-5
4,3;413;423;675,3.423539674471584E-5
4,434;863;867;883,3.421669458481776E-5
4,313;547;769;958,-3.419507087684167E-5
4,297;352;666;721,-3.4191785807695916E-5
4,172;396;601;976,3.417433918528163E-5
4,581;601;646;690,3.417409125600634E-5
4,340;696;713;919,-3.416790845451486E-5
4,179;238;338;543,-3.4144304236780487E-5
4,286;405;409;621,-3.4126539512854474E-5
4,176;305;596;791,-3.4081539179242684E-5
4,522;609;903;992,-3.407027305173624E-5
4,325;424;806;974,3.406771643603852E-5
4,130;398;576;896,3.405012284644536E-5
4,165;293;313;426,3.40435067925107E-5
4,131;783;953;997,-3.39682829445474E-5
4,199;233;655;914,-3.3883365583774334E-5
4,367;388;527;834,-3.387948541595792E-5
4,251;392;571;723,-3.387302936863728E-5
4,238;454;532;721,3.3859851341156116E-5
4,182;323;330;944,-3.3846387054060244E-5
4,99;209;374;459,3.383974392823156E-5
4,352;489;514;857,-3.375657977614766E-5
4,20;480;875;883,3.375280798973303E-5
4,551;560;745;767,3.373767086519859E-5
4,153;357;423;502,3.364802382237917E-5
4,95;614;820;980,3.364705936188553E-5
4,340;491;743;911,3.363552851865554E-5
4,8;468;497;953,3.36231202149039E-5
4,208;882;883;908,3.361608706430351E-5
4,25;284;720;821,3.3606042747556285E-5
4,87;91;322;521,3.358779226810983E-5
4,26;163;744;846,-3.352007510738251E-5
4,30;494;685;869,-3.351978385406188E-5
4,234;492;629;880,-3.3470328677111694E-5
4,286;579;640;845,3.334224840134711E-5
4,468;679;888;902,-3.333460179093481E-5
4,141;252;658;820,-3.333033188675838E-5
4,65;434;477;618,3.332665251107132E-5
4,208;293;756;837,-3.329564885027325E-5
4,98;360;537;956,-3.3272134724512466E-5
4,390;421;510;816,-3.324583459779519E-5
4,699;774;920;933,-3.323928017389078E-5
4,142;390;781;808,3.3237178140766766E-5
4,382;518;659;853,-3.3215232011299556E-5
4,129;229;571;765,-3.320957464227166E-5
4,96;571;640;789,3.319578159422437E-5
4,46;349;860;987,3.3189944573387894E-5
4,103;173;195;918,3.3173115782453994E-5
4,319;567;680;688,3.310765556438064E-5
4,324;772;828;924,3.30986777023063E-5
4,118;846;932;938,-3.3092761315413205E-5
4,88;183;226;541,-3.3087908449795644E-5
4,80;355;800;972,-3.308566522076301E-5
4,180;471;744;814,-3.307088654841001E-5
4,431;602;711;988,3.305153008240271E-5
4,328;690;763;811,-3.301168088137551E-5
4,135;563;576;764,-3.301166070103467E-5
4,222;375;726;756,3.2984201810986116E-5
4,177;222;726;756,3.297289376335273E-5
4,276;288;628;915,3.294004108754656E-5
4,264;298;765;850,3.291412169102056E-5
4,6;457;767;844,-3.2883757122348354E-5
4,149;380;792;875,-3.288141711353757E-5
4,26;341;865;916,-3.288052078191836E-5
4,16;732;762;967,-3.287997232908274E-5
4,64;677;679;808,-3.287471081387099E-5
4,35;110;705;850,-3.285921872048701E-5
4,554;564;782;808,3.285812656918118E-5
4,37;221;898;968,3.2846407961086676E-5
4,180;753;865;957,-3.284060134564465E-5
4,32;87;604;713,-3.2825837980251316E-5
4,213;216;246;595,-3.277064535797899E-5
4,21;267;425;664,3.2743548359608394E-5
4,247;605;627;808,-3.273990714486484E-5
4,237;243;486;594,-3.273421270128325E-5
4,537;650;857;972,3.273318462517156E-5
4,171;454;577;849,-3.271713049651677E-5
4,208;341;418;708,-3.265999591898806E-5
4,367;505;652;663,3.265844065892974E-5
4,79;525;538;821,-3.2651139648065724E-5
4,375;584;783;876,3.264047662413147E-5
4,411;436;821;966,-3.2610519081748824E-5
4,25;211;497;859,-3.260269730111928E-5
4,51;83;164;418,-3.2586721766192626E-5
4,51;145;562;647,-3.258550318378715E-5
4,383;472;554;654,3.258537201919552E-5
4,398;643;664;710,3.2581401575221364E-5
4,245;504;849;903,3.256450620962246E-5
4,137;619;880;935,-3.251413651022682E-5
4,194;243;361;721,3.24281890369146E-5
4,184;320;406;440,-3.240299642361916E-5
4,349;395;682;868,3.2369111822159416E-5
4,124;182;711;981,-3.231175836243536E-5
4,401;582;629;816,-3.226193326633348E-5
4,159;199;212;376,3.225683199622693E-5
4,421;488;565;577,3.2244200018554106E-5
4,52;223;636;862,-3.224279566079875E-5
4,74;210;696;747,3.224254170789302E-5
4,355;447;786;849,-3.222450484716957E-5
4,169;245;594;786,3.22128641842667E-5
4,199;233;421;914,3.2204434113931385E-5
4,191;545;615;684,3.220071661681957E-5
4,249;306;445;754,3.2192066179104934E-5
4,107;195;281;524,-3.219145918647215E-5
4,551;560;745;851,-3.217699658443922E-5
4,57;682;831;838,-3.216000947968095E-5
4,592;608;721;850,3.2014714660817736E-5
4,4;184;553;728,3.196754027568732E-5
4,223;308;476;517,-3.195551637487879E-5
4,180;718;941;996,3.1934873995110174E-5
4,302;369;437;772,3.192482414427492E-5
4,294;713;748;859,3.19185980755932E-5
4,189;332;500;674,-3.191761444165149E-5
4,388;617;635;709,3.191318125513485E-5
4,77;208;369;439,3.1893583263171994E-5
4,507;696;799;860,3.188529973518192E-5
4,214;357;945;992,3.187524383506661E-5
4,39;116;478;893,3.186741270554967E-5
4,0;141;228;909,3.18577173144571E-5
4,176;305;635;791,3.182971336847323E-5
4,39;211;495;966,-3.1751829213916466E-5
4,551;560;767;851,-3.172256830218969E-5
4,589;815;874;928,-3.171723741226004E-5
4,109;131;769;789,3.16949342080308E-5
4,271;545;564;917,3.1684780486891855E-5
4,247;493;515;644,-3.168273562438913E-5
4,275;307;629;804,-3.167929482470355E-5
4,336;345;725;949,3.163883033642135E-5
4,12;262;273;410,3.161999808268381E-5
4,105;128;695;790,-3.161970848394305E-5
4,324;564;710;888,3.1589519151965454E-5
4,278;738;776;823,3.157155446732174E-5
4,312;362;467;954,-3.156622496135622E-5
4,269;344;365;781,3.1557798308335035E-5
4,128;363;500;999,3.153207432622655E-5
4,440;517;597;760,-3.14973917097988E-5
4,166;556;972;990,3.141878094271636E-5
4,162;214;328;865,-3.141593271619112E-5
4,55;152;278;399,3.141183465743453E-5
4,235;247;450;931,3.135883965567851E-5
4,97;425;503;626,-3.135370974468026E-5
4,267;287;338;718,3.134428894163415E-5
4,387;502;730;735,3.1342397608164505E-5
4,158;646;667;684,3.133255664210071E-5
4,179;181;752;973,-3.130358651803328E-5
4,64;346;430;498,3.1276613042944835E-5
4,161;173;280;341,3.126041451521769E-5
4,175;188;326;334,3.1252857671856216E-5
4,362;522;739;855,3.1249452755187845E-5
4,16;143;463;969,-3.122764317672721E-5
4,72;258;442;961,3.120116588072563E-5
4,589;815;874;889,-3.1158315701244825E-5
4,77;459;475;593,3.114332458260037E-5
4,63;349;691;890,-3.1127157933671155E-5
4,16;404;780;938,-3.1077112147885156E-5
4,96;403;664;735,3.106583054664104E-5
4,57;89;560;937,-3.106409889139546E-5
4,67;244;368;689,-3.106096577966721E-5
4,523;559;671;949,-3.097117529690597E-5
4,40;318;438;723,-3.095739003352465E-5
4,44;108;144;152,-3.094133824057041E-5
4,608;721;909;917,3.0937101383306825E-5
4,263;305;483;492,3.092033696422226E-5
4,127;690;763;811,-3.0866135593320045E-5
4,603;613;738;907,-3.0835639933468086E-5
4,299;474;742;942,-3.081964331946217E-5
4,269;365;512;781,-3.079362109126006E-5
4,21;220;654;750,-3.078985593880258E-5
4,446;561;929;978,3.078725168817304E-5
4,271;369;545;564,-3.07853976273103E-5
4,170;283;496;741,-3.0779980678283715E-5
4,25;264;603;898,3.076699922155445E-5
4,269;353;366;651,-3.073975127874426E-5
4,85;640;701;899,3.071670986514191E-5
4,175;326;334;488,3.0714953181364334E-5
4,68;442;619;838,-3.0665307876500646E-5
4,251;525;802;891,3.0655227296657174E-5
4,282;288;801;966,3.065481175812773E-5
4,312;404;930;941,3.0628014733842495E-5
4,68;443;744;911,3.0608572245639094E-5
4,170;283;310;741,-3.054723874762783E-5
4,50;177;832;848,3.0515650996862176E-5
4,100;103;171;788,-3.051091199982159E-5
4,46;83;350;392,3.049582564474703E-5
4,341;418;708;717,-3.049477142806391E-5
4,242;582;705;948,-3.0455758225698606E-5
4,272;713;786;999,-3.0430069527142007E-5
4,286;576;647;904,3.0426806443208E-5
4,542;645;936;965,-3.0406637933700704E-5
4,173;612;806;917,3.0389032338064172E-5
4,784;824;882;942,3.0384041917555004E-5
4,126;433;724;770,-3.0365926903574654E-5
4,219;412;443;527,3.0346068798653708E-5
4,214;533;658;764,-3.0340882785628046E-5
4,94;152;222;744,-3.033252729570867E-5
4,173;472;554;654,-3.0316168034183328E-5
4,339;564;904;943,3.0315742957806124E-5
4,100;103;538;788,-3.0307075256660996E-5
4,187;196;802;861,3.028495121077107E-5
4,478;635;836;850,3.027861343327232E-5
4,154;582;629;816,-3.0263743354076798E-5
4,172;508;628;761,-3.0252693491588005E-5
4,32;225;538;908,-3.0249051613519713E-5
4,191;464;619;657,3.0183350022399677E-5
4,21;220;654;991,-3.0174096760431677E-5
4,316;334;662;761,-3.01630816050612E-5
4,221;540;548;878,-3.0154952563076418E-5
4,25;72;466;606,3.0119480604223594E-5
4,158;557;566;855,-3.0096648171836304E-5
4,8;161;468;953,-3.009448534532952E-5
4,214;386;533;764,3.007378407434198E-5
4,339;564;779;943,3.005843948374276E-5
4,390;396;462;781,-3.0026457511558454E-5
4,283;336;697;824,-3.000799664520997E-5
4,338;552;578;975,3.0003198777823883E-5
4,565;603;783;984,-2.9964961657753303E-5
4,16;440;516;523,2.9933950755289276E-5
4,65;264;298;765,-2.9928483096735344E-5
4,272;470;713;786,-2.9923359640286323E-5
4,292;316;343;774,-2.9916638562331416E-5
4,44;82;355;949,-2.990824323385695E-5
4,366;369;839;849,2.985492484932093E-5
4,25;69;292;507,2.9850757384571215E-5
4,588;689;830;833,-2.982979464446941E-5
4,294;713;859;866,-2.9720440712243944E-5
4,21;124;278;507,2.97061710699122E-5
4,718;941;995;996,2.9692894679716342E-5
4,540;688;730;862,2.9692409217843378E-5
4,141;525;530;741,-2.967207757151065E-5
4,374;388;404;589,2.9652990772796206E-5
4,113;412;665;839,2.9643411527357514E-5
4,312;404;889;930,2.962229645931155E-5
4,390;396;772;781,-2.9615331638716333E-5
4,485;737;844;941,2.9600467782123652E-5
4,305;317;542;630,2.9590926379640288E-5
4,340;743;911;912,2.9584788708833554E-5
4,124;488;939;947,-2.9566447495811556E-5
4,471;624;887;920,-2.9564975917472564E-5
4,371;420;653;856,2.9558700014120804E-5
4,0;141;223;228,2.9556185346358E-5
4,76;213;291;891,-2.954529631973658E-5
4,419;585;798;855,-2.9543509383473442E-5
4,57;143;682;838,2.954149328696334E-5
4,55;388;662;683,-2.9533293190031152E-5
4,44;704;710;949,2.9529362042071677E-5
4,16;32;379;664,2.95107172595512E-5
4,147;187;595;896,2.949415280726947E-5
4,1;13;394;503,-2.9446964584725776E-5
4,170;282;767;968,-2.943491775652154E-5
4,109;175;848;937,2.9426761198244688E-5
4,172;466;567;898,2.9412119827963533E-5
4,275;694;695;721,2.9409616760515373E-5
4,124;226;241;838,-2.940880818732755E-5
4,32;390;620;856,2.9400543808444872E-5
4,43;347;451;992,2.9376901607865984E-5
4,296;558;572;832,2.9374527596938652E-5
4,58;340;380;998,-2.937446708110616E-5
4,249;625;795;970,-2.9370540971607156E-5
4,247;627;803;808,-2.935614755533178E-5
4,43;118;600;650,-2.9322167357776676E-5
4,434;528;616;711,-2.9298421239131876E-5
4,14;383;749;961,2.9238056082890915E-5
4,352;427;491;974,2.9220011060889744E-5
4,298;428;556;604,2.9214280517982173E-5
4,282;288;312;801,2.9194943896531633E-5
4,489;678;802;825,-2.9182583143438583E-5
4,155;242;745;877,-2.914101525188012E-5
4,171;295;822;889,-2.9106597132249245E-5
4,900;902;923;934,2.9101864162765914E-5
4,252;455;685;870,2.9099666674744717E-5
4,414;516;870;888,2.9086029126989627E-5
4,439;515;545;815,2.9028803325493603E-5
4,114;203;463;859,2.9016059632918566E-5
4,282;383;767;968,-2.9010800423441108E-5
4,164;174;297;948,-2.899744489220046E-5
4,363;693;930;995,-2.899102458238224E-5
4,468;679;894;902,-2.8984070618890085E-5
4,373;604;698;971,-2.8939839098099124E-5
4,55;524;662;683,2.8919939576072946E-5
4,483;767;845;981,-2.8915233330988754E-5
4,95;127;817;962,-2.8905055812373046E-5
4,88;467;535;765,2.89022091057743E-5
4,168;482;680;703,-2.889373041356863E-5
4,47;384;744;919,2.8893179062927557E-5
4,683;687;719;900,-2.889309400117091E-5
4,560;597;733;982,-2.8840275292532946E-5
4,36;202;310;313,-2.883368731175945E-5
4,62;724;925;967,-2.8819868180914997E-5
4,18;604;719;747,-2.8778094890994464E-5
4,187;196;303;802,2.8762030213672296E-5
4,549;640;859;887,2.8726247655187572E-5
4,261;422;661;824,2.8672843887439484E-5
4,450;552;861;989,-2.862611159538218E-5
4,173;383;554;654,2.8615069646127535E-5
4,106;220;615;664,2.8612496046318133E-5
4,339;564;779;904,2.8601736851163926E-5
4,71;400;425;747,2.8587694288356705E-5
4,67;367;368;689,-2.8574956370519177E-5
4,306;561;661;765,2.8553778350179908E-5
4,7;231;728;795,2.8542489849988533E-5
4,24;299;353;933,2.8529609509963345E-5
4,18;316;468;689,-2.851281659334357E-5
4,219;241;607;866,2.851227821958719E-5
4,402;640;701;899,2.851184440811657E-5
4,440;517;597;683,-2.8496038159206307E-5
4,49;116;401;923,-2.8485472058406666E-5
4,191;619;657;866,2.8459526337125085E-5
4,106;290;494;680,2.8438570255321118E-5
4,151;214;335;917,-2.8418995470072796E-5
4,36;42;405;899,-2.8403591699383418E-5
4,46;349;436;860,2.8388865635713917E-5
4,187;256;542;992,2.836080550257998E-5
4,647;795;816;963,-2.8358347021967194E-5
4,317;327;634;701,-2.8320337929690276E-5
4,25;211;316;859,2.8312168264651567E-5
4,211;243;315;823,-2.8300367602069204E-5
4,294;302;387;641,2.8280996021989485E-5
4,92;170;184;828,2.8274325064958035E-5
4,517;597;683;760,2.8241803597425456E-5
4,59;300;304;751,2.824003675245366E-5
4,52;447;646;797,-2.823638947756865E-5
4,144;422;504;596,-2.8206306573989157E-5
4,514;571;640;789,2.8204469165380902E-5
4,454;618;718;850,2.8198311816795444E-5
4,524;535;628;633,2.817374595425794E-5
4,154;401;582;629,2.816501798054766E-5
4,125;157;358;763,-2.8150093803168032E-5
4,218;636;692;782,2.8123549558507542E-5
4,125;655;757;843,2.8118330354822752E-5
4,231;310;664;730,2.81091861362723E-5
4,25;316;497;859,-2.8105678626418924E-5
4,279;395;825;871,2.8054721126483908E-5
4,265;367;521;612,-2.8049908519019278E-5
4,140;270;752;913,-2.8046717265828467E-5
4,338;456;707;965,2.804099179743283E-5
4,147;290;321;943,2.803362673440639E-5
4,96;403;615;735,-2.7979863427627472E-5
4,221;259;763;985,2.793979813706374E-5
4,382;518;749;983,2.790324410729328E-5
4,8;646;741;988,2.7898875560233988E-5
4,85;113;578;662,2.7884547077523016E-5
4,125;312;520;841,-2.7882904352680817E-5
4,372;383;555;693,-2.788082374181431E-5
4,643;654;715;847,-2.788070745542187E-5
4,89;434;569;810,-2.7880549236732155E-5
4,17;41;155;252,2.787876265189074E-5
4,21;654;750;991,-2.786984522399354E-5
4,8;161;497;953,2.7866306866116174E-5
4,242;392;582;948,2.785643151523887E-5
4,4;101;721;831,2.785267819550201E-5
4,359;483;534;972,-2.784924190043954E-5
4,151;484;793;856,-2.7838726437913655E-5
4,156;502;686;921,-2.7834544389921175E-5
4,97;342;370;746,-2.7819277496469985E-5
4,153;171;585;983,2.7806916979250155E-5
4,401;481;676;705,-2.7791967854993902E-5
4,255;380;507;717,-2.7781456241160513E-5
4,116;161;374;710,2.7774185204772212E-5
4,282;288;312;966,-2.774314365973155E-5
4,11;183;229;757,-2.7741547816597587E-5
4,127;203;612;760,2.7740030348265078E-5
4,306;324;518;774,2.7738350574518835E-5
4,417;574;879;984,-2.7715461213928233E-5
4,191;393;698;771,2.7694412452939278E-5
4,48;61;339;899,2.7686082641397342E-5
4,26;163;356;434,-2.766944161486838E-5
4,272;905;922;956,2.7652174536957653E-5
4,184;406;440;623,-2.7639201951284167E-5
4,195;656;786;817,-2.758323829473006E-5
4,108;119;154;558,2.7575147386730193E-5
4,483;700;767;981,2.7561039300055874E-5
4,99;289;573;922,2.752536707728547E-5
4,450;500;579;596,2.7524843881460946E-5
4,66;173;291;319,-2.7516583948967542E-5
4,221;253;585;661,-2.7505005376980015E-5
4,95;524;800;931,-2.748549851777665E-5
4,121;259;467;593,2.748188434711915E-5
4,68;125;689;926,-2.747613844818077E-5
4,164;297;473;948,2.7472124985519537E-5
4,72;258;423;442,2.7451960722579777E-5
4,17;192;349;835,2.7432538000745022E-5
4,17;41;252;504,2.7416772241084687E-5
4,677;731;742;908,2.7414654009656776E-5
4,259;307;564;734,2.740791826981144E-5
4,0;633;788;877,-2.739619627698698E-5
4,386;533;658;764,-2.7355394351283597E-5
4,264;644;653;701,-2.7352724303553324E-5
4,118;765;768;798,-2.73153305385097E-5
4,125;434;655;757,2.7286537330906748E-5
4,70;519;548;729,2.726155830159182E-5
4,38;139;194;549,-2.726081464240396E-5
4,169;258;603;666,2.7259556822217625E-5
4,105;501;909;966,-2.7243735733317975E-5
4,26;43;378;670,-2.7239099665706008E-5
4,48;163;732;845,2.7238734129084203E-5
4,291;293;484;802,-2.7238525919348255E-5
4,191;393;410;698,-2.7207186310239818E-5
4,434;867;883;920,-2.720563181295756E-5
4,220;611;881;925,-2.716832477164457E-5
4,444;701;791;900,-2.714948440746899E-5
4,21;86;148;456,-2.709380016327134E-5
4,208;517;746;850,-2.706472453126692E-5
4,56;248;360;474,-2.7057266890275334E-5
4,261;687;769;779,-2.705436489179763E-5
4,86;512;843;979,-2.7039329864820598E-5
4,614;684;737;880,2.702681821550975E-5
4,10;177;383;721,-2.6999545025240895E-5
4,201;303;492;858,-2.692283075303118E-5
4,83;581;601;646,2.691463506512787E-5
4,170;283;310;496,-2.6914455719137123E-5
4,734;920;944;985,-2.6899751300119012E-5
4,11;244;280;505,-2.6896797764169603E-5
4,488;624;939;947,-2.6894917176571216E-5
4,165;740;744;857,-2.688449604303399E-5
4,96;295;452;643,-2.6858130055356566E-5
4,73;249;478;882,-2.6851023514108176E-5
4,246;294;768;855,-2.6787002558571945E-5
4,30;91;155;965,-2.6765653873028366E-5
4,46;263;574;762,-2.6753651129487204E-5
4,363;374;693;995,-2.6736551477106073E-5
4,96;514;640;789,-2.6713883065953928E-5
4,69;170;179;940,-2.6706913809830822E-5
4,32;107;390;620,2.669812522430402E-5
4,115;218;772;999,2.668748645395538E-5
4,84;528;721;977,-2.6640880903132186E-5
4,75;115;613;620,-2.6639995129732805E-5
4,685;708;896;977,2.66217849879363E-5
4,12;361;654;931,-2.6613560071846327E-5
4,228;251;670;800,2.6605517386073275E-5
4,466;795;816;963,-2.658441954625576E-5
4,194;413;674;769,-2.6570766121652193E-5
4,161;280;341;718,2.6517229385290927E-5
4,179;279;666;869,2.6504598648225805E-5
4,158;331;601;793,-2.6487553884612813E-5
4,44;297;570;946,-2.6483460128039667E-5
4,35;90;252;491,-2.6482714005432396E-5
4,272;504;636;972,-2.644008977564073E-5
4,82;596;617;690,-2.643949681631614E-5
4,162;388;691;847,2.643947087687542E-5
4,357;400;436;861,-2.642001883649557E-5
4,155;312;362;954,2.6416238685514136E-5
4,191;464;619;866,-2.6402441832679525E-5
4,470;552;731;753,-2.6368761603124637E-5
4,15;40;239;956,2.635096501557876E-5
4,155;312;467;954,2.6341830133745345E-5
4,93;577;666;984,2.6319560652313807E-5
4,240;376;692;985,-2.629928791761383E-5
4,186;392;571;723,2.6293787878939055E-5
4,65;226;504;801,-2.6281879804946895E-5
4,265;516;870;888,-2.6268688263666166E-5
4,70;519;729;930,-2.6240318796698088E-5
4,47;96;268;631,2.6233928466131765E-5
4,381;634;704;772,2.6206021102722152E-5
4,73;336;604;710,-2.6204353953589486E-5
4,314;649;692;708,-2.6200244981724085E-5
4,552;562;609;827,-2.619365920546503E-5
4,219;305;607;866,2.618029410987761E-5
4,53;423;654;831,2.615372402437834E-5
4,261;616;739;971,2.6132331972193218E-5
4,114;392;463;859,-2.6132108738743277E-5
4,355;900;902;934,2.610386990684616E-5
4,271;369;564;917,2.6095659284278314E-5
4,212;754;886;959,2.6090079476436123E-5
4,118;371;410;564,-2.6089522430095038E-5
4,451;467;560;832,2.607951964384324E-5
4,153;221;585;661,2.6041153930754767E-5
4,55;356;387;854,2.60051737893896E-5
4,21;780;789;900,-2.5997930427827874E-5
4,451;466;498;795,2.5988338568636976E-5
4,68;125;451;689,-2.5972608161164198E-5
4,20;58;78;320,2.597255118343014E-5
4,16;403;440;516,-2.5958431948623135E-5
4,261;295;430;785,2.594851213516204E-5
4,255;611;859;889,-2.5922998067749504E-5
4,175;188;326;488,2.591564411287745E-5
4,488;592;940;986,-2.5907884574763188E-5
4,400;537;650;857,-2.589471011619612E-5
4,159;230;320;548,-2.5887159575783917E-5
4,450;526;638;785,-2.5872455491241003E-5
4,324;518;625;774,2.5859678799125562E-5
4,39;130;418;816,-2.5831609183759806E-5
4,40;466;548;576,-2.5829767833942278E-5
4,94;116;401;923,2.5817321584706517E-5
4,371;410;423;564,2.5806326349922526E-5
4,95;567;570;958,-2.5805438462367164E-5
4,345;408;957;988,2.579531024759185E-5
4,33;337;729;771,-2.5789648853081426E-5
4,180;439;797;880,2.5760911476430587E-5
4,654;715;847;935,2.573437362900463E-5
4,2;22;553;559,-2.5726008175094933E-5
4,440;596;617;690,-2.571642849049396E-5
4,220;420;611;881,2.571387518526494E-5
4,107;195;281;776,2.5712655623315122E-5
4,29;199;414;483,-2.5700092345324714E-5
4,87;91;322;918,-2.5684468281127474E-5
4,179;374;627;897,2.5665477905143843E-5
4,150;358;570;611,-2.5654695030219696E-5
4,2;62;283;315,-2.565455570565926E-5
4,65;169;841;944,2.5645942487553553E-5
4,267;532;699;996,-2.5641982059258798E-5
4,144;207;500;546,2.5635312634324134E-5
4,109;749;785;838,2.5631720391104133E-5
4,65;289;542;650,2.5630770373114696E-5
4,131;232;783;997,-2.5622966410626437E-5
4,276;376;779;794,-2.562133682297197E-5
4,179;279;497;666,2.5619517606498874E-5
4,185;348;735;893,2.5604002530103247E-5
4,261;295;785;892,2.5600342296129465E-5
4,260;465;526;994,2.5574015322529998E-5
4,8;49;252;655,2.5556823790250957E-5
4,182;358;428;864,2.5549280189613724E-5
4,23;364;414;770,2.5548955123136943E-5
4,397;417;687;967,-2.5545291447508322E-5
4,53;337;369;905,2.5494370758445806E-5
4,182;428;864;912,2.5489148618286226E-5
4,276;376;656;794,-2.544275124592372E-5
4,81;609;636;976,2.5427567328730546E-5
4,340;696;713;840,2.539539267138765E-5
4,312;461;669;715,2.5389306183553453E-5
4,255;476;666;780,-2.5381944751142223E-5
4,439;487;589;664,2.5360411521303973E-5
4,284;709;738;948,2.5351879143577458E-5
4,4;47;184;553,2.534015974143168E-5
4,155;256;708;713,2.532261537271459E-5
4,16;44;144;152,2.5314353396859175E-5
4,208;341;418;717,2.5247759653360765E-5
4,144;422;495;504,2.5241790896275278E-5
4,213;216;595;799,2.5236465745031667E-5
4,5;53;139;817,-2.523287617460528E-5
4,677;713;742;908,-2.5226707773481366E-5
4,21;412;532;875,-2.519261808726129E-5
4,272;628;922;956,2.5162607917090224E-5
4,285;305;427;673,2.5158110745737862E-5
4,117;230;320;548,2.514724855036102E-5
4,156;239;547;740,-2.5144147036413097E-5
4,135;151;468;910,2.5122280756919308E-5
4,522;675;903;992,-2.511979799360402E-5
4,123;237;538;818,-2.5114602648637547E-5
4,652;692;887;959,-2.509661617120974E-5
4,362;459;616;929,-2.509092118986392E-5
4,307;474;655;805,-2.508592415103525E-5
4,152;669;710;870,-2.5053350534854838E-5
4,468;577;618;928,2.504752902426706E-5
4,367;744;830;997,-2.5043515845700852E-5
4,73;249;478;741,-2.5036408558622997E-5
4,191;199;220;688,2.500690762045329E-5
4,363;374;693;930,2.4982223814325592E-5
4,305;317;630;662,-2.4980603233689222E-5
4,219;443;459;527,-2.497777873862298E-5
4,152;669;710;766,-2.4955961311636956E-5
4,252;305;680;932,2.493982002748339E-5
4,30;168;247;715,2.493231532452625E-5
4,74;359;402;691,2.49145867720291E-5
4,274;517;746;850,-2.491206600067922E-5
4,1;43;335;387,-2.4876531109097552E-5
4,12;31;788;924,-2.4875119499664224E-5
4,93;577;666;770,2.4863682521919945E-5
4,87;583;770;815,2.4856415313350714E-5
4,154;401;629;816,2.4839012128371922E-5
4,46;95;362;602,2.4823753819723157E-5
4,46;408;558;687,2.4821925392942906E-5
4,2;125;520;841,-2.4804880118914104E-5
4,543;588;830;833,-2.4795678785358303E-5
4,78;357;398;498,-2.4791828479936354E-5
4,63;117;297;580,2.479178923737926E-5
4,106;494;680;737,-2.4782470594441038E-5
4,27;213;461;722,-2.477567645946395E-5
4,99;138;246;947,-2.4763909202150742E-5
4,214;386;658;764,2.4742177847740954E-5
4,126;440;467;805,2.4686705830058738E-5
4,332;500;674;784,-2.4686241821718486E-5
4,239;547;726;740,2.468144545338546E-5
4,103;148;240;331,2.467861612445677E-5
4,79;371;653;856,2.465813908949528E-5
4,288;732;743;884,2.4646326919574573E-5
4,84;95;614;820,-2.4628826383160312E-5
4,161;173;280;718,-2.4622059828724578E-5
4,492;576;884;980,-2.4610245431257704E-5
4,407;828;903;951,-2.455997180663842E-5
4,95;97;271;748,-2.4557768096014393E-5
4,270;329;764;991,-2.4548987521014726E-5
4,83;351;809;992,2.4543960672789584E-5
4,714;835;891;963,2.4542765946944094E-5
4,190;581;603;884,2.4515725182636405E-5
4,161;199;201;711,2.449939974990483E-5
4,304;642;820;889,-2.4498878933226454E-5
4,665;901;904;980,2.4493188472990748E-5
4,106;220;301;664,-2.448851955482046E-5
4,63;93;133;483,2.4474134520058422E-5
4,53;423;654;875,2.4469182391678863E-5
4,36;62;329;633,-2.4430040853891723E-5
4,71;168;482;703,2.4424096544128447E-5
4,21;88;401;934,-2.4403035151591344E-5
4,14;220;500;958,2.4389890485933723E-5
4,273;766;899;992,-2.4361927774179866E-5
4,131;232;783;953,2.4355798193397354E-5
4,49;94;401;923,-2.4341948429988242E-5
4,41;324;571;883,-2.4335090798408902E-5
4,65;190;426;566,-2.43349020674793E-5
4,29;205;224;370,-2.432071482497194E-5
4,18;828;903;951,2.4285113498154894E-5
4,38;124;629;694,-2.426262405984899E-5
4,128;363;500;526,2.4258483988448728E-5
4,332;440;514;817,-2.4252694299344153E-5
4,396;601;797;976,2.424862198413337E-5
4,381;726;876;909,2.424381712744156E-5
4,450;593;796;937,-2.423623805560101E-5
4,482;541;578;607,-2.4213055518192938E-5
4,357;642;796;808,-2.4206036895678954E-5
4,355;879;884;885,-2.4185411465279508E-5
4,628;905;922;956,-2.414890905856299E-5
4,23;136;704;945,-2.4132298753648138E-5
4,21;267;425;860,2.4114371104429223E-5
4,47;359;483;972,2.410840348588222E-5
4,603;707;783;984,2.4107414909923633E-5
4,118;371;423;564,-2.408610967267697E-5
4,263;527;574;762,2.4059349361511676E-5
4,108;114;508;696,2.4010498898418585E-5
4,166;255;271;834,2.4010044357981513E-5
4,373;556;972;990,-2.3995940196419254E-5
4,111;624;891;896,2.3990568564419855E-5
4,299;370;672;915,2.3965506788635022E-5
4,7;178;273;552,-2.3949479591135692E-5
4,143;551;557;625,-2.3944266707346736E-5
4,60;145;556;901,-2.3901935552693136E-5
4,171;204;426;495,-2.389320675843258E-5
4,180;393;439;797,-2.3892673983932606E-5
4,206;496;814;848,-2.388432944925866E-5
4,60;241;604;812,2.384961661508787E-5
4,54;429;469;919,-2.3828971743242516E-5
4,171;204;353;426,-2.381535547092117E-5
4,2;411;821;966,2.3811338772512033E-5
4,305;443;680;932,-2.379611888933734E-5
4,34;296;572;832,2.3794955867268214E-5
4,255;330;643;881,-2.378389902417678E-5
4,183;226;541;897,-2.37769265527196E-5
4,100;120;826;984,-2.3748001560645863E-5
4,174;229;453;899,-2.3741521037345673E-5
4,533;537;681;771,2.3713546814326645E-5
4,160;394;762;778,-2.3707412076917248E-5
4,320;406;440;623,-2.368001594542542E-5
4,36;519;549;562,2.3658981836774463E-5
4,187;525;853;972,2.3657342776440594E-5
4,127;328;690;763,-2.363483509993602E-5
4,124;157;492;831,2.3621204996286547E-5
4,626;633;639;697,2.360827293375609E-5
4,62;462;925;967,-2.3601462357207763E-5
4,213;461;722;758,2.3599068992575025E-5
4,162;328;753;865,2.3591091543106776E-5
4,38;370;672;915,-2.3579315197120075E-5
4,61;161;199;201,-2.357357714886537E-5
4,423;485;518;909,2.3553531181786923E-5
4,178;383;555;693,2.3553427545198138E-5
4,393;696;852;887,-2.3543566408345944E-5
4,49;127;557;752,2.353979332354939E-5
4,97;755;829;936,2.3536275513072195E-5
4,469;640;702;832,2.353300399940304E-5
4,70;283;317;642,2.3530346045456673E-5
4,139;309;869;907,-2.3527063369785707E-5
4,45;205;562;919,2.352510399341364E-5
4,6;327;621;672,2.3523342468379473E-5
4,102;322;470;532,2.3511131308346025E-5
4,106;548;658;679,-2.35109342671566E-5
4,195;780;786;817,2.3495133221326502E-5
4,167;337;665;840,-2.346394766946289E-5
4,20;634;871;958,2.3448806589390537E-5
4,141;432;454;969,-2.3443726536943447E-5
4,95;97;561;748,2.3440108785201502E-5
4,329;490;566;904,2.3435465386414544E-5
4,14;162;628;944,-2.3417625046062898E-5
4,232;546;689;795,-2.3413312042393397E-5
4,227;737;844;941,-2.3405788821918775E-5
4,31;205;251;553,-2.3393300786360108E-5
4,52;447;646;915,-2.335074933904804E-5
4,126;221;529;773,2.334455041698117E-5
4,451;466;679;795,2.3343510423875604E-5
4,411;561;672;831,-2.3341732207068257E-5
4,277;319;590;717,-2.3321664390740397E-5
4,265;338;389;900,-2.3317748058429664E-5
4,180;718;995;996,2.330638491134499E-5
4,182;875;924;994,2.3272852640683698E-5
4,125;254;498;948,2.3266007379589213E-5
4,109;848;924;937,-2.3264395350321663E-5
4,49;400;582;836,-2.3261690266623495E-5
4,448;711;907;963,2.3249160295300288E-5
4,164;458;649;830,2.3230425087639977E-5
4,191;199;688;714,2.3228883707131592E-5
4,255;418;715;727,2.3219477013423477E-5
4,454;774;920;933,-2.3201968843093863E-5
4,74;285;819;886,2.3167185847088434E-5
4,174;304;366;951,2.3133101093332768E-5
4,338;343;352;925,2.3108764338044195E-5
4,305;542;630;662,-2.310781047528911E-5
4,342;478;650;757,-2.308247168278093E-5
4,11;107;391;468,-2.3041253003130475E-5
4,309;352;491;974,-2.302722881579319E-5
4,87;583;770;912,-2.3014964783854637E-5
4,5;53;139;515,-2.2976642090762224E-5
4,337;390;665;840,2.296967495010405E-5
4,317;336;604;710,2.2955503614871027E-5
4,387;443;502;735,-2.2945409983422047E-5
4,206;426;815;896,2.294131878147611E-5
4,304;632;642;820,2.293914481900698E-5
4,156;239;547;726,2.2918052197057853E-5
4,589;815;889;928,-2.290975667866203E-5
4,241;335;579;933,-2.2856526532547322E-5
4,52;120;223;636,2.2854409930509237E-5
4,159;341;544;600,2.2819882850425134E-5
4,24;76;274;489,-2.2815274374215897E-5
4,528;575;607;736,2.278417061361852E-5
4,256;259;584;587,-2.2781785069703207E-5
4,749;753;785;838,2.2778573976731874E-5
4,97;546;779;929,-2.2768505229609017E-5
4,78;216;363;847,-2.2750525925211527E-5
4,466;647;816;963,2.274124803782234E-5
4,241;598;604;812,2.273593647987529E-5
4,199;624;844;986,-2.2713483127875628E-5
4,52;447;797;915,2.2704192701455058E-5
4,9;567;616;818,2.2688045283748153E-5
4,96;490;753;857,2.2687210113880042E-5
4,235;399;444;797,-2.268112567117639E-5
4,665;770;901;980,2.2664656254194065E-5
4,70;283;317;888,2.2630244018764005E-5
4,48;259;685;842,2.262802699632054E-5
4,191;199;220;714,-2.2604115478561594E-5
4,47;96;245;631,2.2590839964531962E-5
4,64;442;484;588,-2.2581180314409067E-5
4,30;168;715;770,-2.2580771647018934E-5
4,203;303;689;919,2.2567111526757128E-5
4,80;461;851;878,2.2528157223854228E-5
4,377;572;579;836,-2.252113885154216E-5
4,45;397;795;899,2.251722215348102E-5
4,581;612;806;917,2.2501170924790018E-5
4,358;604;742;991,2.2490374301502065E-5
4,345;489;588;657,-2.247929625161251E-5
4,442;450;552;861,-2.2472921760993818E-5
4,290;360;463;960,2.2461325425171992E-5
4,381;700;720;977,2.2409068845630543E-5
4,47;77;169;533,2.2381890781868906E-5
4,288;432;676;840,-2.237954603648864E-5
4,91;292;446;820,-2.2374874362560422E-5
4,263;462;543;859,-2.236989214199833E-5
4,48;163;732;986,2.2369780128672425E-5
4,109;131;281;769,2.2331159994399057E-5
4,189;293;719;838,-2.2329981843928835E-5
4,276;543;842;876,-2.2323056282837267E-5
4,418;782;845;847,-2.2317477903254185E-5
4,321;448;535;541,2.2315260629759425E-5
4,74;352;819;886,-2.2310352068692557E-5
4,210;432;676;840,2.2291476695507683E-5
4,6;457;844;970,2.2288947758103834E-5
4,418;715;727;796,2.226483561414418E-5
4,251;277;525;802,-2.226399538801966E-5
4,369;502;615;985,-2.2254226399522804E-5
4,15;66;291;319,-2.2251826585966473E-5
4,89;109;155;937,2.2238770255173764E-5
4,291;293;484;844,-2.2224651921723032E-5
4,67;244;367;368,-2.2214113814587544E-5
4,257;519;559;981,-2.2213090691354118E-5
4,8;92;708;991,2.2209012684370153E-5
4,148;150;706;902,2.2196500532037606E-5
4,15;52;191;967,-2.2122142588576284E-5
4,227;266;359;405,-2.2115110358437077E-5
4,252;443;680;932,2.2104054646489947E-5
4,220;354;604;803,2.2098722940786222E-5
4,434;655;757;843,-2.2093688937326743E-5
4,99;348;486;854,2.2045398545179928E-5
4,168;195;830;849,2.1974704431565065E-5
4,543;689;830;833,-2.196825418940776E-5
4,294;387;573;641,-2.1961476903888994E-5
4,212;328;754;959,-2.1960999288772887E-5
4,170;295;619;901,2.195588354835414E-5
4,53;318;696;953,-2.1952054263387823E-5
4,22;433;470;943,-2.193729646682502E-5
4,31;251;427;553,2.1932494779863347E-5
4,245;324;588;758,-2.1929805385821774E-5
4,96;381;700;977,-2.1925034776672188E-5
4,84;95;614;980,2.192483605309493E-5
4,43;124;347;992,2.1923631995308595E-5
4,237;734;920;944,2.1899854177663627E-5
4,275;366;695;721,2.1889890788186774E-5
4,265;451;545;548,-2.187578287568457E-5
4,317;539;634;701,2.1858832914965026E-5
4,47;483;534;972,2.1854213475266816E-5
4,72;812;899;902,2.183527521665576E-5
4,282;488;592;940,-2.1830256856789425E-5
4,391;775;920;945,2.1810150518543904E-5
4,333;611;675;682,-2.1797410822334473E-5
4,149;311;792;875,-2.178699681406533E-5
4,102;524;800;931,-2.1777214346511438E-5
4,178;284;290;588,-2.173432667896431E-5
4,29;414;483;566,2.171903144042728E-5
4,24;76;274;495,-2.1716485742614612E-5
4,37;191;221;898,-2.16999156819836E-5
4,54;151;214;335,2.169950253562002E-5
4,141;317;454;969,2.169657005833599E-5
4,202;536;656;744,-2.1672839881708017E-5
4,229;593;815;858,-2.167277111469891E-5
4,0;324;588;758,-2.1672564864051728E-5
4,266;505;540;760,2.1666633267951538E-5
4,48;141;252;658,2.1653523214277548E-5
4,165;265;338;900,-2.1642477338601904E-5
4,679;888;894;902,2.163145254809067E-5
4,76;604;955;966,2.1625793228217503E-5
4,10;23;419;872,2.1617178028450854E-5
4,325;467;560;832,-2.1614038339230777E-5
4,387;443;502;730,-2.1601584423495477E-5
4,195;263;599;823,-2.1594226747649794E-5
4,220;420;611;925,2.1590409316667313E-5
4,25;151;284;821,2.1587375318259427E-5
4,103;148;331;428,-2.1569998547085743E-5
4,459;472;475;593,2.1560604083123913E-5
4,25;238;307;341,-2.1538899572129043E-5
4,144;207;500;505,-2.153633837061243E-5
4,163;396;634;705,-2.1503103682720013E-5
4,468;577;893;928,-2.150040528381868E-5
4,23;414;438;770,-2.149322947646634E-5
4,205;330;385;631,2.147698675153534E-5
4,38;124;629;994,-2.145480276147027E-5
4,219;412;459;527,2.1454094560465993E-5
4,245;252;455;870,2.1405205385185912E-5
4,39;272;468;891,-2.1369594225564667E-5
4,232;783;953;997,2.1369033903956945E-5
4,283;317;642;888,-2.135315335479892E-5
4,18;124;492;831,-2.13512196859212E-5
4,83;94;500;746,2.128752051374143E-5
4,561;672;701;831,2.1269300509174452E-5
4,420;458;649;830,-2.1259715320451734E-5
4,36;42;816;899,-2.1254165086132746E-5
4,316;343;510;774,2.1220519012912238E-5
4,136;171;454;849,-2.120642902062056E-5
4,71;312;669;715,2.117151365330894E-5
4,501;607;909;966,2.116998839291638E-5
4,284;738;862;948,2.1153815699942845E-5
4,184;286;576;904,-2.1153393063953302E-5
4,455;605;911;913,2.11419599887489E-5
4,491;743;911;912,-2.1139019232480316E-5
4,345;489;588;800,-2.113833525987159E-5
4,86;225;263;664,2.1131902230764662E-5
4,115;292;428;522,2.1096096134557528E-5
4,43;467;545;950,2.1095643094482476E-5
4,48;629;685;842,-2.1095197068903195E-5
4,107;391;468;739,2.108694810120771E-5
4,345;408;693;957,-2.1073110254792522E-5
4,12;405;863;992,-2.1061906782464634E-5
4,235;503;662;774,-2.1048187449988053E-5
4,65;109;265;873,2.1034259780056687E-5
4,413;674;769;793,2.1008599059526614E-5
4,60;96;262;284,-2.098474732825767E-5
4,27;69;292;507,-2.0962725895966583E-5
4,74;305;547;962,2.093996575304922E-5
4,124;226;241;930,-2.091111527406474E-5
4,158;406;667;684,-2.0881863265977896E-5
4,237;496;596;660,-2.0862689314382556E-5
4,98;431;593;698,-2.075133678233284E-5
4,497;520;712;808,-2.074278072398701E-5
4,358;489;604;742,-2.073023443010831E-5
4,8;49;252;705,2.071647523041927E-5
4,49;111;127;557,2.0714579136039457E-5
4,541;627;694;822,2.070760688004167E-5
4,178;201;453;901,2.069629981457058E-5
4,58;616;739;971,2.069375782209396E-5
4,138;477;650;852,2.0652472789323064E-5
4,195;285;305;427,2.0639097909153255E-5
4,255;268;447;970,2.0606460095295646E-5
4,191;262;327;563,2.0596290657151715E-5
4,66;714;738;749,2.0589260035988455E-5
4,558;666;845;889,2.056957105200467E-5
4,455;862;928;998,-2.056734983383339E-5
4,207;283;404;417,2.0541914050863877E-5
4,444;514;776;869,2.05323126924946E-5
4,150;239;499;769,2.0514082709608612E-5
4,105;218;314;694,-2.049791866267902E-5
4,168;541;694;822,2.046651809510853E-5
4,176;568;744;792,2.0454299471864574E-5
4,149;683;770;990,-2.04452991241747E-5
4,270;752;764;991,-2.0436143216260078E-5
4,40;352;529;918,-2.04274693250963E-5
4,256;540;688;862,-2.042230519390423E-5
4,79;179;608;993,-2.0396887006682076E-5
4,61;199;201;711,-2.0388137701072745E-5
4,73;478;741;882,2.036274816691262E-5
4,625;795;849;970,2.0351473546271154E-5
4,316;572;851;982,2.034348235452426E-5
4,186;581;688;797,-2.029679196695626E-5
4,25;264;898;971,-2.0291032633715384E-5
4,381;484;505;508,-2.02756845966851E-5
4,92;170;302;828,2.02640481816587E-5
4,68;95;368;662,-2.024794698364424E-5
4,393;439;797;880,2.0239277133600597E-5
4,182;358;428;912,-2.0239260595585713E-5
4,514;628;776;869,-2.0238090523428934E-5
4,116;257;504;624,2.0220055250808055E-5
4,392;637;834;938,-2.0212128569950306E-5
4,88;467;472;765,2.0204851693656127E-5
4,198;254;297;489,2.020229431734069E-5
4,191;464;657;866,2.0191959613886624E-5
4,43;91;292;446,2.018389510752151E-5
4,220;375;500;958,-2.0173330412408816E-5
4,99;267;338;718,2.0171596559583325E-5
4,153;585;882;983,2.0135280369996892E-5
4,2;22;559;655,-2.0118139122411555E-5
4,74;489;802;825,2.0105955663703708E-5
4,48;99;761;768,-2.0100753085314806E-5
4,293;484;802;844,2.0089221639152232E-5
4,120;160;385;792,-2.0083501175783495E-5
4,56;368;458;917,2.0076542687254417E-5
4,164;174;297;473,2.0065723501012226E-5
4,2;125;312;520,2.0058075196501268E-5
4,53;329;577;659,2.0046517334375294E-5
4,507;542;615;830,-2.0039286771599284E-5
4,286;528;676;955,2.0038731937166753E-5
4,26;50;218;800,-2.0034153629629358E-5
4,155;256;369;922,2.0029327280735472E-5
4,20;58;78;789,-2.0026087032989378E-5
4,104;231;289;570,-2.002233737036672E-5
4,8;332;646;741,1.99903633005552E-5
4,222;525;530;741,-1.9981763836049083E-5
4,219;495;745;826,1.998011260590152E-5
4,114;359;523;900,1.9951569178048662E-5
4,159;199;263;905,1.9914287546655685E-5
4,470;707;731;753,1.990864040614866E-5
4,249;460;631;758,1.9899223332319706E-5
4,162;214;753;865,1.9896527787778248E-5
4,110;438;645;837,1.9861283344144952E-5
4,16;353;482;585,1.9850341131557116E-5
4,172;337;466;567,1.984720035332932E-5
4,108;114;194;508,-1.9837712033434235E-5
4,31;205;251;427,1.9823328885658053E-5
4,86;225;263;947,1.9816570966864366E-5
4,243;553;558;901,1.9800974690424332E-5
4,59;304;751;940,-1.9792697754254785E-5
4,0;245;588;758,1.9783706461804807E-5
4,284;366;920;963,1.9775089465410764E-5
4,489;588;657;800,-1.9771888146160434E-5
4,369;464;502;985,-1.97216096177341E-5
4,77;468;548;615,-1.9706517483145836E-5
4,390;463;694;799,-1.9678732253428642E-5
4,431;602;981;988,1.9658970155957364E-5
4,38;110;438;645,-1.9593501782691434E-5
4,349;559;872;875,1.958679577798129E-5
4,180;195;366;929,1.9568340093449763E-5
4,548;560;597;982,-1.9556086319998357E-5
4,57;143;831;838,-1.95456377366464E-5
4,336;616;770;997,-1.953824270261157E-5
4,411;483;529;690,-1.9530695340632557E-5
4,222;524;628;633,-1.9522002143985205E-5
4,433;724;770;847,1.9514515359929617E-5
4,70;283;642;888,-1.9514297357367784E-5
4,97;406;425;626,-1.9509437828676186E-5
4,75;115;510;613,1.95020459582863E-5
4,98;196;537;956,1.9501337528343374E-5
4,241;305;607;866,1.9475309441130498E-5
4,54;214;335;917,-1.9474344124884493E-5
4,296;665;933;966,-1.9465372738232793E-5
4,205;562;739;919,-1.9462370224674642E-5
4,261;639;687;779,1.946082807530505E-5
4,75;492;629;880,1.9458931199044305E-5
4,306;319;508;676,1.945655325430185E-5
4,18;76;955;966,1.945137346996418E-5
4,144;367;712;808,-1.9445071861735988E-5
4,377;724;729;946,-1.942750886734704E-5
4,121;254;436;542,1.941434425722178E-5
4,138;194;483;735,1.941017901870928E-5
4,225;263;664;947,1.9393355075966516E-5
4,95;817;841;962,1.9384215341165753E-5
4,528;676;753;955,-1.9372510760753848E-5
4,30;494;685;912,1.936575123167526E-5
4,431;593;698;839,-1.9359624437925896E-5
4,198;277;514;834,-1.9347065006859487E-5
4,339;535;629;816,-1.9346850874253363E-5
4,454;699;920;933,-1.934051349639814E-5
4,239;298;614;665,-1.9313921075114752E-5
4,517;658;772;972,1.9303763348057746E-5
4,194;287;305;599,1.929081502205503E-5
4,443;502;730;735,-1.9284286741339962E-5
4,370;397;634;950,-1.924290634618861E-5
4,34;189;241;416,-1.9213844392603382E-5
4,129;163;838;964,1.9178043520349808E-5
4,87;770;815;912,-1.91632770694996E-5
4,225;649;730;797,1.9160684770606463E-5
4,299;749;762;801,1.911735179942839E-5
4,186;198;277;834,-1.9115131306672772E-5
4,351;663;809;992,-1.91001013746215E-5
4,461;530;827;985,-1.909878752974649E-5
4,83;272;319;847,-1.9094490119290006E-5
4,25;603;898;971,1.9079717060981645E-5
4,128;363;526;999,1.907356005164759E-5
4,196;360;537;956,1.9050852397938362E-5
4,99;374;459;567,1.9040184446315938E-5
4,85;199;676;875,1.9034382286815628E-5
4,116;478;631;893,1.9021652597582547E-5
4,541;794;879;984,-1.8993085458684508E-5
4,338;352;730;925,1.8992851000222748E-5
4,45;205;562;739,1.8984378944592122E-5
4,188;363;604;853,1.8976242315145264E-5
4,50;346;832;848,1.8970448111015765E-5
4,338;465;526;994,-1.896628740185685E-5
4,128;592;627;826,-1.8925448783447385E-5
4,609;636;802;976,1.8919584172057563E-5
4,261;639;769;779,-1.8911413707731774E-5
4,195;207;283;404,-1.8908972840662282E-5
4,150;239;499;717,-1.8880404435966524E-5
4,231;289;427;570,-1.8879345173428814E-5
4,398;664;710;733,1.886681155670217E-5
4,24;136;138;456,1.886307911059717E-5
4,405;446;526;688,-1.8859603885729972E-5
4,82;440;617;690,-1.88524409649039E-5
4,231;683;770;990,-1.8851783392620955E-5
4,64;442;588;811,-1.8840790189028664E-5
4,32;281;604;713,1.880174626851651E-5
4,237;384;496;596,1.8797905139968165E-5
4,337;500;517;999,1.8784347698473547E-5
4,16;245;780;938,-1.8772572359839194E-5
4,190;311;603;884,-1.8748932374636117E-5
4,113;559;665;839,1.8746437955849808E-5
4,442;450;552;989,1.874564189126749E-5
4,171;353;426;495,-1.8741183846074312E-5
4,316;631;662;761,1.873660430355487E-5
4,360;463;948;960,-1.872214702754472E-5
4,34;296;558;572,-1.8718483918797225E-5
4,258;603;633;666,-1.8714507862546936E-5
4,125;157;249;358,1.8704888100050354E-5
4,806;846;932;938,1.868669045861586E-5
4,283;644;647;810,1.8681228974442972E-5
4,7;231;728;993,-1.8668827677792987E-5
4,64;94;152;222,1.8665850066356924E-5
4,36;405;816;899,1.8661424822191358E-5
4,309;352;427;974,1.8652406977815645E-5
4,167;369;839;849,-1.8648648494517375E-5
4,265;414;516;870,1.8616940496585565E-5
4,4;47;184;728,-1.8605913429456966E-5
4,90;822;899;928,-1.8599047518893066E-5
4,175;188;334;488,-1.8598943690725997E-5
4,79;371;420;856,1.8575518384596344E-5
4,276;376;656;779,-1.8533652760827376E-5
4,320;434;632;888,-1.8514950475828342E-5
4,13;474;787;797,-1.8512602710159564E-5
4,103;240;331;428,-1.848271570360545E-5
4,249;625;849;970,1.8481175535047392E-5
4,49;111;557;752,1.8479414633359636E-5
4,347;492;576;980,-1.847617688724272E-5
4,208;434;596;683,-1.846223432955968E-5
4,208;274;517;850,1.8434773710210446E-5
4,319;508;676;982,-1.843380816155849E-5
4,53;329;458;659,1.8418446407439635E-5
4,44;178;201;453,1.8397577846884854E-5
4,311;380;792;875,1.838520871273799E-5
4,118;806;932;938,1.837337398071241E-5
4,575;607;736;824,-1.8359675802035892E-5
4,565;707;783;984,-1.833659721096125E-5
4,163;634;705;944,1.8312637491389352E-5
4,192;420;426;433,-1.822990741661563E-5
4,138;650;852;917,1.8224956725198244E-5
4,81;106;548;658,-1.821474615620241E-5
4,414;521;537;558,-1.821367451493636E-5
4,12;822;863;992,1.8209502538628998E-5
4,450;593;757;937,-1.8204507861999875E-5
4,398;643;710;733,-1.8199940312504083E-5
4,306;508;676;982,-1.8164886346897056E-5
4,199;220;688;714,-1.815532832389405E-5
4,108;210;568;681,-1.8141963384682838E-5
4,63;93;133;626,-1.81236724976418E-5
4,26;50;367;800,1.810901524789425E-5
4,97;406;503;626,-1.81052415901314E-5
4,470;713;786;999,-1.809637287662132E-5
4,179;279;497;869,1.806797129190464E-5
4,230;412;545;975,1.7993549230263153E-5
4,173;383;472;654,-1.7991671683367103E-5
4,381;876;909;945,1.7989144503071916E-5
4,179;374;670;897,-1.797463398940624E-5
4,75;234;629;880,-1.7962591679694208E-5
4,227;359;405;524,1.794945515228258E-5
4,89;155;308;937,1.7941076580749608E-5
4,357;462;945;992,-1.793978014959612E-5
4,21;136;655;791,1.7938674348528417E-5
4,226;517;658;772,-1.7902798930601393E-5
4,421;454;532;721,1.7891055704479842E-5
4,16;762;789;967,1.78904015725428E-5
4,203;603;613;907,1.7868431469658165E-5
4,108;163;273;672,1.786236251979704E-5
4,150;358;570;620,-1.7846246457912054E-5
4,173;219;296;819,1.782741249097101E-5
4,127;328;763;811,1.7817796406851863E-5
4,140;355;394;882,1.7815338540033068E-5
4,125;572;839;993,1.77929826576353E-5
4,91;390;694;799,1.7792478751656742E-5
4,201;801;838;839,1.778067880277923E-5
4,369;545;564;917,1.777311759252555E-5
4,86;512;972;979,1.7765963919367024E-5
4,313;399;456;946,-1.7762600200027845E-5
4,309;352;427;491,1.774348762911025E-5
4,247;605;627;803,1.7736854023333376E-5
4,528;575;607;824,-1.7736113217196436E-5
4,334;755;756;983,1.772093285327975E-5
4,2;411;436;821,1.7714899997118986E-5
4,212;300;345;461,-1.7695083432245907E-5
4,199;458;842;918,1.76933125053263E-5
4,10;23;285;872,1.7669323945040975E-5
4,83;351;663;992,1.766540946189609E-5
4,567;570;707;958,-1.766227313136653E-5
4,43;467;470;545,-1.7660040538741777E-5
4,229;542;615;830,-1.7636994499801803E-5
4,17;166;255;834,-1.7597000285448695E-5
4,86;435;737;907,1.753882704231323E-5
4,118;387;765;798,-1.7526965644122333E-5
4,275;366;694;695,-1.750967820515391E-5
4,44;273;330;590,1.7505360152622114E-5
4,249;445;754;980,1.750259695526933E-5
4,103;171;538;788,1.7495435585644978E-5
4,118;371;410;423,-1.7467671929785233E-5
4,213;621;656;743,1.7433937671531245E-5
4,255;330;586;643,1.742344204316029E-5
4,512;843;972;979,1.7416666655029178E-5
4,155;324;571;883,1.741139941330175E-5
4,255;268;485;970,1.7400485855084883E-5
4,80;461;771;878,-1.7395208988618558E-5
4,243;486;594;693,-1.7393227815995094E-5
4,405;411;446;688,1.7348995672317266E-5
4,178;304;658;686,1.7327622290098976E-5
4,260;469;482;592,-1.7320130070557288E-5
4,341;457;865;916,-1.729763853504195E-5
4,43;236;335;387,1.729476604884593E-5
4,420;543;752;846,1.726324501302431E-5
4,180;471;717;744,-1.7249170401104133E-5
4,91;392;646;811,1.7239996613806684E-5
4,149;311;380;875,-1.7238240699739694E-5
4,160;450;526;638,1.723801999095067E-5
4,589;874;889;928,1.7234539951325897E-5
4,65;226;799;801,-1.7234391187519655E-5
4,255;586;643;881,1.7193748366224638E-5
4,355;902;923;934,-1.718958082197785E-5
4,215;911;939;955,-1.7166603575237063E-5
4,212;345;461;916,-1.7162622976153895E-5
4,297;452;570;946,-1.7145650127557352E-5
4,295;609;619;901,1.7145386132473227E-5
4,116;151;794;999,-1.7140199328014183E-5
4,53;117;291;670,-1.7128972156811455E-5
4,16;345;353;482,-1.712843553276961E-5
4,21;425;664;860,1.7084511871949782E-5
4,10;355;677;747,-1.7063324782891332E-5
4,248;317;393;867,1.705785060331088E-5
4,174;229;453;975,-1.7019203736394902E-5
4,29;54;197;876,-1.7003386113490752E-5
4,52;646;797;915,-1.6970439570889923E-5
4,56;356;536;744,1.6965227435548308E-5
4,221;548;627;878,1.6955260811172958E-5
4,90;339;908;923,-1.6912611137568127E-5
4,187;652;846;875,-1.690113977762823E-5
4,44;355;729;949,1.6882375434298052E-5
4,96;451;545;548,-1.6823720385944292E-5
4,292;730;824;954,-1.6822070294335168E-5
4,16;33;247;822,1.6798367492801148E-5
4,551;650;683;813,-1.678337692971687E-5
4,515;545;673;815,1.67795705843166E-5
4,321;535;540;541,1.6762180089969165E-5
4,218;287;443;569,1.6758923520976524E-5
4,16;463;605;969,-1.6728630043303204E-5
4,229;507;542;615,1.6727492102764118E-5
4,594;921;926;984,-1.672031404267554E-5
4,291;574;879;984,1.6701174818612387E-5
4,218;443;569;701,1.6684297440550663E-5
4,233;421;655;914,1.664617695744487E-5
4,247;605;803;808,1.6638459380285235E-5
4,507;589;638;656,1.6634383063932608E-5
4,711;858;875;924,1.663342279308161E-5
4,77;184;239;853,-1.661120395385071E-5
4,144;168;182;321,-1.660078721023745E-5
4,11;107;391;739,-1.6599789043433098E-5
4,174;205;224;370,1.6591403435681568E-5
4,243;400;425;747,1.6590388945472335E-5
4,405;409;621;918,-1.658292705876261E-5
4,25;27;69;507,-1.656537470817571E-5
4,74;732;743;884,-1.653067309077325E-5
4,25;27;292;507,-1.6529489437030666E-5
4,178;290;588;945,-1.6524021389694615E-5
4,76;213;291;988,1.650708815549072E-5
4,267;467;600;883,1.65065862629079E-5
4,89;381;505;508,1.6497010492557593E-5
4,179;283;647;810,-1.6495985245615724E-5
4,358;570;611;620,1.648559650652802E-5
4,411;528;596;774,1.6478121322787107E-5
4,291;417;574;879,-1.6448382252094844E-5
4,191;221;898;968,-1.644300098626368E-5
4,21;702;780;789,1.6442378343952548E-5
4,133;134;489;747,-1.6437547576477347E-5
4,208;230;756;837,-1.6399820538075298E-5
4,165;450;579;596,-1.6396625317635776E-5
4,234;304;525;555,1.63714586885356E-5
4,136;171;577;849,-1.6365224599314716E-5
4,565;603;707;783,-1.633863629995746E-5
4,393;583;734;978,-1.633627540796233E-5
4,77;184;224;853,-1.633516561877252E-5
4,216;246;595;799,-1.6316677064577764E-5
4,115;537;553;802,-1.631205468016124E-5
4,100;120;261;984,-1.630592295479685E-5
4,189;293;481;838,1.6290045739988665E-5
4,100;407;653;764,1.6285616389994148E-5
4,169;603;633;666,-1.6284382322989628E-5
4,261;546;575;685,-1.6284000230556997E-5
4,0;331;401;865,-1.6270914486933914E-5
4,153;171;882;983,-1.6250516268554076E-5
4,116;219;666;744,-1.62483751913858E-5
4,21;412;532;791,-1.6241788033780512E-5
4,194;287;305;445,-1.6207124340139367E-5
4,11;183;668;757,-1.61987061155444E-5
4,225;314;649;692,1.616103961901428E-5
4,190;426;473;566,1.6154874606547163E-5
4,2;553;559;655,-1.6151074678335715E-5
4,8;508;563;606,-1.614589369683596E-5
4,164;211;234;814,-1.6141617349821112E-5
4,162;214;328;753,-1.6137426553255897E-5
4,12;356;527;645,-1.613273169780321E-5
4,475;521;563;995,-1.6121410023439707E-5
4,156;547;726;740,1.611305175865752E-5
4,6;381;504;772,1.6105793080583674E-5
4,60;96;262;883,-1.6098432294091048E-5
4,601;603;625;848,1.6093062254121085E-5
4,21;256;369;922,-1.6072667860942417E-5
4,691;750;867;971,-1.6059417702985383E-5
4,22;433;470;508,1.6042285407261806E-5
4,358;489;742;991,-1.604135394846689E-5
4,286;676;753;955,1.603278228127043E-5
4,114;143;477;807,1.6027339048315943E-5
4,311;821;869;969,-1.601391798103786E-5
4,101;146;721;831,-1.6013380311433872E-5
4,187;196;303;861,1.5999902408469267E-5
4,99;145;761;768,1.5991610355609394E-5
4,13;526;548;995,1.598691762432472E-5
4,572;684;804;831,-1.5982528620223665E-5
4,161;683;687;900,-1.597342097536353E-5
4,204;499;563;671,1.596671570693043E-5
4,270;384;438;971,-1.595661454494423E-5
4,104;308;486;562,1.5951864430196792E-5
4,116;389;666;744,1.5942629703542196E-5
4,624;844;848;986,1.5939279823774626E-5
4,267;542;728;838,-1.5925859418512336E-5
4,116;161;374;918,-1.5911653922168707E-5
4,159;432;510;930,-1.5891358957680682E-5
4,211;269;475;509,-1.5890222392862232E-5
4,292;342;556;969,-1.5875373972646805E-5
4,173;550;592;972,-1.58643141670411E-5
4,265;367;618;935,-1.586061704662462E-5
4,25;92;727;775,-1.5790952135489548E-5
4,301;334;507;819,-1.5784498383041782E-5
4,46;526;851;998,1.57824771711921E-5
4,144;500;505;546,-1.5774915455298815E-5
4,412;443;459;527,-1.5760756636065446E-5
4,191;235;545;684,-1.5721709152724364E-5
4,293;481;719;838,-1.5709038556690275E-5
4,88;172;192;805,-1.5651364567237157E-5
4,436;494;852;892,1.5639431422116775E-5
4,128;687;725;902,1.5638975545937355E-5
4,17;192;349;979,1.563440048023304E-5
4,357;398;498;671,-1.560735556665083E-5
4,262;395;445;617,-1.5590136010281777E-5
4,152;322;584;992,-1.558580716103906E-5
4,284;366;911;920,1.5581953281467197E-5
4,306;324;625;774,-1.558105161904903E-5
4,59;243;246;615,-1.556712906969305E-5
4,433;470;508;943,1.5556485971970905E-5
4,39;211;955;966,1.5543490027982886E-5
4,45;106;433;602,-1.5539078985672052E-5
4,49;94;116;401,-1.5531890181870583E-5
4,165;450;500;596,-1.551989571037942E-5
4,108;178;210;681,-1.5508582022661963E-5
4,59;135;414;603,1.5505085858145143E-5
4,224;227;352;672,1.5494907621048347E-5
4,105;501;607;966,1.548288119557891E-5
4,62;78;600;789,1.5481482935325434E-5
4,26;163;356;942,1.5478220629805068E-5
4,377;399;684;905,1.546607814295503E-5
4,65;341;434;618,1.544926340705213E-5
4,176;220;354;800,1.5442766043846092E-5
4,190;311;581;603,-1.5440781007352125E-5
4,56;285;458;917,-1.5416673786304416E-5
4,167;366;839;849,-1.541367366491213E-5
4,66;235;241;872,-1.540384149171601E-5
4,144;212;797;809,-1.5369979250770856E-5
4,303;492;646;858,1.5369417692022732E-5
4,70;216;621;846,-1.536867475740112E-5
4,217;232;689;795,1.535516617711735E-5
4,47;359;483;534,-1.5319273792874603E-5
4,336;345;949;950,-1.5309129638700333E-5
4,66;179;534;936,1.5305452447113863E-5
4,15;173;291;319,1.5299885513627604E-5
4,374;404;589;882,1.527595358573975E-5
4,434;596;683;846,-1.527182669104595E-5
4,600;711;858;875,1.5266927896765506E-5
4,459;579;616;929,-1.526087078655959E-5
4,34;162;388;691,1.5252245709693791E-5
4,330;586;643;881,1.5243291228116327E-5
4,40;55;239;956,-1.5226887302876476E-5
4,86;148;456;698,-1.52001861678745E-5
4,48;639;753;989,1.5193429061387622E-5
4,399;444;795;797,1.518852389768062E-5
4,161;468;497;953,-1.5157174949237247E-5
4,129;229;248;571,1.5145624067713904E-5
4,137;203;303;689,1.5125029212104839E-5
4,48;145;761;768,1.5117790091025451E-5
4,173;219;819;895,1.5112387366885322E-5
4,132;250;615;686,-1.5090053391511194E-5
4,5;346;551;759,-1.50796628340733E-5
4,593;762;802;991,-1.5071965361684319E-5
4,156;322;470;532,1.5050144377494953E-5
4,454;699;774;920,-1.501204024906928E-5
4,130;348;398;896,-1.496533011816438E-5
4,47;359;534;972,-1.495766977633481E-5
4,359;382;440;919,-1.49526482684611E-5
4,404;889;930;941,1.4944164834909742E-5
4,521;537;558;560,1.4931289930830219E-5
4,261;393;844;927,1.490918141036704E-5
4,766;794;843;881,1.4898461976429246E-5
4,11;327;777;982,1.4894719706223112E-5
4,208;620;748;906,1.4865377044517376E-5
4,314;567;680;688,1.4849653298809682E-5
4,78;101;600;789,1.4827942646867362E-5
4,247;306;720;872,-1.4821803399209272E-5
4,54;704;710;949,1.4795974648058703E-5
4,264;487;491;697,1.4789218551082507E-5
4,158;593;762;991,-1.4786427827035792E-5
4,47;169;533;966,-1.4693882662239134E-5
4,49;241;734;876,-1.4687802560778077E-5
4,381;634;674;772,-1.46742599640491E-5
4,155;289;745;877,1.4668564720331054E-5
4,134;784;824;942,-1.4647410611708128E-5
4,277;366;397;702,-1.4626547462758356E-5
4,64;430;498;716,-1.4622698369286727E-5
4,191;507;802;862,1.45886426764801E-5
4,390;781;808;998,-1.4573326688562764E-5
4,125;196;385;711,1.4561798605866948E-5
4,35;53;337;369,1.4535916345985535E-5
4,48;732;845;986,-1.4529091408588361E-5
4,313;399;456;599,1.4476735768724576E-5
4,11;391;468;739,1.445863074870082E-5
4,237;734;920;985,-1.4456250335762755E-5
4,275;290;800;857,1.443917951454262E-5
4,288;628;892;915,-1.4435677189513895E-5
4,152;186;572;789,1.441524754667646E-5
4,519;549;562;645,-1.4410176253663483E-5
4,246;635;739;899,-1.4408415411908314E-5
4,16;245;404;938,-1.439553099648004E-5
4,292;461;530;985,1.4382344665673578E-5
4,275;290;558;857,-1.4368672504625886E-5
4,13;154;548;622,1.4367071896265107E-5
4,228;251;800;918,-1.4362437858535895E-5
4,357;400;436;829,-1.4339119298792597E-5
4,304;487;839;961,-1.4302102214576617E-5
4,462;493;680;739,-1.4259551607379299E-5
4,20;480;848;883,-1.4206118777373205E-5
4,0;288;331;401,-1.4202796745754986E-5
4,500;517;565;999,1.4180924979085994E-5
4,363;374;930;995,1.4160801146312984E-5
4,450;757;796;937,1.4156427681117954E-5
4,79;608;636;993,-1.4144053552805598E-5
4,144;495;504;596,-1.413029326626715E-5
4,224;474;787;797,-1.412292080735695E-5
4,430;667;698;997,1.4115407957450727E-5
4,28;278;421;674,-1.4082137857438195E-5
4,319;359;382;440,1.4080467532490212E-5
4,263;483;492;634,1.4059275209925753E-5
4,48;259;629;842,-1.4028613505041071E-5
4,174;304;376;951,1.4012738402230545E-5
4,430;698;905;997,1.3973397618279981E-5
4,267;495;502;813,-1.3957419813670522E-5
4,44;297;452;570,-1.3948527839138938E-5
4,12;44;123;778,-1.3945947807352462E-5
4,72;279;812;899,1.3944972461098381E-5
4,153;357;428;502,-1.3939161612108565E-5
4,128;627;826;843,1.3929847957250694E-5
4,218;636;692;706,1.3916770299335164E-5
4,219;336;495;745,-1.389392594648669E-5
4,242;560;721;828,-1.3877187121965864E-5
4,69;170;179;573,1.3857094088995035E-5
4,5;250;431;957,1.383644901863684E-5
4,313;456;599;946,-1.3812158867046662E-5
4,144;208;289;793,1.3797967253720238E-5
4,27;465;510;705,-1.3756644617334512E-5
4,172;508;639;761,-1.3755778214587087E-5
4,44;279;663;963,1.3754197249652332E-5
4,504;521;870;916,1.3743789005259275E-5
4,199;656;813;951,1.3742386376804618E-5
4,28;424;443;897,1.3720897012702751E-5
4,154;418;782;847,-1.3715980384643424E-5
4,100;424;443;897,-1.3690033029195802E-5
4,97;181;752;973,1.3680556171494718E-5
4,260;306;678;794,1.3675456222801808E-5
4,196;303;802;861,-1.3665469719127188E-5
4,104;231;427;570,1.3642861757330233E-5
4,24;171;299;933,-1.3626622087889825E-5
4,70;243;720;748,1.3621868154875768E-5
4,178;273;552;825,-1.3609127341850685E-5
4,291;691;922;931,1.360107133254742E-5
4,344;622;712;812,1.3568848679298508E-5
4,81;636;802;976,-1.3558442153344785E-5
4,52;120;636;862,-1.3529587631081822E-5
4,152;710;766;870,-1.352230278986439E-5
4,549;754;836;912,-1.3499252164645946E-5
4,821;869;939;969,1.348768775368546E-5
4,26;43;360;670,1.348077078479041E-5
4,215;255;911;939,1.3457548023122521E-5
4,50;90;341;553,1.3451022147593039E-5
4,0;203;272;667,1.3439465677674713E-5
4,395;546;779;929,1.340899803929484E-5
4,198;218;254;297,1.3393334388053333E-5
4,188;326;334;488,1.3392177299715782E-5
4,176;641;744;792,-1.3375180336963263E-5
4,99;447;573;922,-1.3374757349551983E-5
4,146;380;561;700,-1.336692880986435E-5
4,74;327;338;385,1.3364349703315282E-5
4,173;280;341;718,1.336095264387534E-5
4,66;709;714;738,1.33431269718891E-5
4,377;676;725;920,1.3303838884362569E-5
4,12;143;361;654,-1.33001522691679E-5
4,116;249;359;404,1.329402624166184E-5
4,138;237;828;851,1.3289640040231592E-5
4,8;286;579;640,1.3270002764883954E-5
4,66;709;714;749,1.3269643994714351E-5
4,157;587;660;825,-1.3266706767841131E-5
4,70;216;621;857,-1.32657643068879E-5
4,12;143;654;931,-1.3235218129936266E-5
4,38;462;798;922,1.3234953551484012E-5
4,27;153;465;510,-1.3222841979984672E-5
4,333;470;611;675,1.3209962820634588E-5
4,102;333;881;885,1.3187324712348133E-5
4,45;122;244;620,-1.3183144636464126E-5
4,447;572;804;831,1.3181449501910795E-5
4,48;193;715;745,1.3176237274052469E-5
4,97;179;181;752,1.3174661268081125E-5
4,439;515;673;815,-1.3165847751315299E-5
4,635;825;836;850,-1.315574647639851E-5
4,134;784;882;942,-1.3151505189232644E-5
4,206;302;815;896,-1.3133842416040276E-5
4,478;635;825;850,-1.3133835401544499E-5
4,70;577;600;669,1.3104242868880845E-5
4,77;224;239;853,1.3064364617306402E-5
4,296;665;733;933,1.3053227200984223E-5
4,100;136;252;720,1.3051159704273698E-5
4,385;594;921;984,1.3034112157094787E-5
4,124;488;624;939,-1.3009066152621933E-5
4,47;184;553;728,-1.3003349695171251E-5
4,24;318;438;723,-1.3003236492926749E-5
4,291;691;793;970,1.29884115600536E-5
4,352;708;735;994,1.2981926229389968E-5
4,54;151;214;917,-1.2979767543454611E-5
4,144;756;797;809,1.2964867611417092E-5
4,246;635;739;936,-1.295871262980743E-5
4,48;61;276;899,1.2946936638709734E-5
4,70;146;419;582,1.2945469255249181E-5
4,9;204;491;843,-1.293761495029295E-5
4,308;445;671;854,1.2934622859841678E-5
4,25;211;316;497,-1.2912726941656297E-5
4,250;433;581;724,-1.289780852468547E-5
4,345;693;957;988,1.2892612810501313E-5
4,264;506;644;653,1.2892205844603925E-5
4,321;448;540;541,1.2889336915611227E-5
4,5;11;431;957,1.2878874536982614E-5
4,464;475;521;995,1.2868203304857772E-5
4,143;184;394;454,1.2855307792985889E-5
4,191;195;599;823,1.2815099695379192E-5
4,460;551;557;625,1.2802493757057998E-5
4,144;208;452;793,-1.2745003680309644E-5
4,464;502;615;985,1.2708434311454909E-5
4,377;572;579;802,1.2697376262498291E-5
4,26;50;218;367,1.2681338627103852E-5
4,220;354;745;800,-1.2672352810118297E-5
4,400;651;849;908,-1.2663757342827171E-5
4,319;382;440;919,1.2653490786503071E-5
4,316;334;631;662,1.2641938537962184E-5
4,252;269;343;898,1.2634503111121003E-5
4,65;169;469;841,-1.2631992320248455E-5
4,2;312;520;841,1.2619411030380165E-5
4,186;581;688;764,1.2613049575729365E-5
4,362;459;579;929,-1.2608234034407824E-5
4,279;395;735;825,-1.2597300239384813E-5
4,108;178;568;681,-1.2582670202269843E-5
4,17;255;271;834,1.2564755808405017E-5
4,506;644;653;701,-1.254867746090716E-5
4,8;48;193;715,1.2515110125620621E-5
4,508;628;639;761,1.2509166854484937E-5
4,175;338;377;708,1.2505105310335476E-5
4,228;817;851;914,1.2504324431538694E-5
4,299;749;801;996,1.2498828701981931E-5
4,187;272;436;782,-1.2490726086821953E-5
4,144;422;495;596,1.2483377433631995E-5
4,105;501;607;909,-1.2460131830999977E-5
4,349;559;641;875,-1.2452121381991296E-5
4,34;69;147;535,1.2449484314696533E-5
4,102;157;333;881,1.243608769474067E-5
4,114;477;716;807,-1.2419053578396996E-5
4,62;78;101;600,-1.2395438567878517E-5
4,565;603;707;984,-1.2385398903427513E-5
4,115;510;613;620,1.2355736923483462E-5
4,81;200;460;669,1.2354368747168981E-5
4,242;469;721;828,-1.2339072157251999E-5
4,471;717;744;814,1.2338081011877971E-5
4,23;113;389;620,1.2334396069518693E-5
4,367;388;527;913,-1.2305750718280548E-5
4,134;784;824;882,-1.2305692274926994E-5
4,16;345;482;585,-1.2293105480936974E-5
4,404;460;631;758,1.2270612088402088E-5
4,687;725;902;911,-1.2264467305347016E-5
4,64;94;222;744,-1.225656036566784E-5
4,146;832;836;936,-1.2248764075764304E-5
4,6;457;767;970,-1.2243110276959454E-5
4,13;224;474;797,-1.2240796537288327E-5
4,28;528;596;774,1.2217166475247895E-5
4,34;187;318;896,1.2216874711511474E-5
4,355;569;884;885,-1.2211797828794502E-5
4,53;318;656;696,-1.2206304745532331E-5
4,291;691;809;970,1.2204357144106656E-5
4,105;218;314;424,1.2203744543973939E-5
4,141;317;432;454,-1.2169862349008714E-5
4,191;362;507;802,-1.2161237054065646E-5
4,489;604;742;991,1.2159773531008344E-5
4,155;256;708;960,1.2129030149096985E-5
4,146;380;561;630,1.2048581910855797E-5
4,449;541;578;607,1.2048447570448845E-5
4,397;410;649;735,-1.202966427914199E-5
4,334;755;756;861,-1.201439545179215E-5
4,164;420;458;830,1.1996363950525016E-5
4,187;303;802;861,1.1980206252608153E-5
4,70;548;729;930,1.1977145947700191E-5
4,77;394;665;994,1.1974006658973028E-5
4,0;245;324;758,1.1903436946115499E-5
4,497;520;655;808,1.1878958657825214E-5
4,66;70;577;600,1.1866051226801133E-5
4,392;646;767;811,-1.1836178568925493E-5
4,180;471;717;814,1.183545251372848E-5
4,144;208;289;452,1.1826395345989702E-5
4,709;714;738;749,-1.1821136083514206E-5
4,561;636;929;978,-1.1794793418099796E-5
4,187;256;302;992,1.177300540610246E-5
4,194;413;769;793,-1.1764767327634693E-5
4,249;451;770;862,1.1749766930896845E-5
4,187;525;549;972,-1.1736428374215465E-5
4,39;478;631;893,1.1731020532117842E-5
4,214;386;533;658,1.1710492226833108E-5
4,184;576;647;904,-1.1691264779986221E-5
4,131;323;580;612,1.1689151707343491E-5
4,66;577;600;669,-1.1688968980090051E-5
4,548;662;740;991,-1.1678714272973591E-5
4,35;198;588;926,1.1678557712790611E-5
4,130;348;398;576,1.165673247379024E-5
4,159;510;796;930,-1.1651883396013454E-5
4,270;384;438;751,1.1648484640706367E-5
4,231;310;625;730,1.1646065790123888E-5
4,309;323;494;965,1.1645874124487987E-5
4,187;436;495;782,1.1626495583759902E-5
4,49;633;639;697,-1.1616102696706633E-5
4,159;212;327;376,-1.1613900081175473E-5
4,99;348;486;712,-1.1602375484429436E-5
4,64;442;484;811,-1.1594232879114389E-5
4,348;486;712;854,-1.1589016328658774E-5
4,53;329;458;577,1.1573843789386328E-5
4,44;178;453;901,1.1560917108034998E-5
4,105;314;424;694,1.153764159956296E-5
4,393;410;698;771,-1.1534415525014257E-5
4,144;367;653;712,-1.1533574929212497E-5
4,287;443;569;701,-1.1512619202297542E-5
4,17;186;519;924,1.1479422007707226E-5
4,203;613;738;907,1.1456948609170737E-5
4,117;297;417;580,-1.1455326191079276E-5
4,36;43;235;369,1.1436175177741076E-5
4,71;168;482;680,1.1427937030637645E-5
4,313;424;907;952,1.140308420825991E-5
4,62;462;724;925,1.1402014634237006E-5
4,453;513;577;684,-1.1392976918805537E-5
4,43;360;378;670,1.1380739073042324E-5
4,306;332;514;817,-1.1368714979806161E-5
4,194;305;445;599,-1.1363206634338864E-5
4,170;382;457;807,-1.1294056637425856E-5
4,355;900;923;934,-1.1287310845849702E-5
4,381;634;674;704,1.1279321625361885E-5
4,639;840;977;989,1.123771413504841E-5
4,373;577;827;950,-1.1227747197920662E-5
4,70;235;247;450,-1.1223803702048517E-5
4,316;334;631;761,-1.1218681126541931E-5
4,505;689;700;865,-1.1210840827545522E-5
4,76;157;587;660,1.1169199502353091E-5
4,261;361;586;872,1.1156367128267619E-5
4,130;145;418;816,1.1142055534533704E-5
4,262;395;617;960,-1.1140660711158824E-5
4,212;756;797;809,1.113886781682344E-5
4,220;292;531;653,1.1130116950459938E-5
4,72;279;899;902,1.1121709327530358E-5
4,330;708;809;952,-1.1102685137081632E-5
4,103;308;505;794,1.1100304714591106E-5
4,86;435;737;996,1.1046275995330344E-5
4,138;477;650;917,1.1043774618513546E-5
4,190;311;581;884,1.1040812295781619E-5
4,451;634;751;988,-1.1001702498671717E-5
4,135;151;357;910,-1.0998654936084183E-5
4,194;217;243;721,1.0991111238153952E-5
4,212;328;886;959,1.0983589295647436E-5
4,291;455;617;929,-1.0972489247066848E-5
4,54;350;469;919,-1.0964113709301674E-5
4,149;231;683;990,-1.0953556307544001E-5
4,16;44;108;152,1.09013605518112E-5
4,238;338;543;759,1.0876305893900276E-5
4,28;198;588;926,-1.0874105600590402E-5
4,116;298;747;906,1.0863903911353406E-5
4,593;757;796;937,-1.0855735582057029E-5
4,46;95;362;386,1.0855357216223622E-5
4,123;237;599;818,-1.0837883420695498E-5
4,128;687;725;911,1.0798324257571324E-5
4,26;116;163;846,-1.079733352747845E-5
4,399;524;684;905,-1.0767265684123995E-5
4,213;216;246;799,-1.0752740708389653E-5
4,184;286;576;647,1.0728922945344128E-5
4,493;680;739;822,-1.0711770191269832E-5
4,34;187;318;853,1.0694536611145011E-5
4,345;489;657;800,1.067371551612616E-5
4,442;619;838;981,1.0665141982357692E-5
4,53;291;670;806,1.0643184103134176E-5
4,93;666;770;984,-1.0631371978817371E-5
4,46;95;386;602,1.0628201316472338E-5
4,93;577;770;984,-1.0618216168953896E-5
4,691;702;922;931,1.0582532905355802E-5
4,349;645;936;965,1.0555239408336234E-5
4,211;475;509;624,1.0548688776199432E-5
4,314;319;567;688,1.0546375867939978E-5
4,584;783;876;878,-1.0526944926203878E-5
4,518;749;859;983,-1.0513029784442462E-5
4,100;407;658;764,1.0512967746525167E-5
4,210;288;432;676,-1.0511968867324883E-5
4,131;232;953;997,1.0505400726331914E-5
4,0;75;633;788,1.049452545285054E-5
4,83;663;809;992,1.0469070001264926E-5
4,172;465;556;570,1.0425338370982019E-5
4,284;366;911;963,1.0407574023667782E-5
4,143;682;831;838,-1.0397168324349504E-5
4,444;514;628;776,-1.0386118431894398E-5
4,639;687;769;779,-1.0386059132788467E-5
4,7;728;795;993,1.037131884161457E-5
4,8;48;193;745,-1.0367622577799853E-5
4,485;486;910;958,-1.0334095409458427E-5
4,91;155;440;965,1.0323585067507982E-5
4,267;495;813;981,-1.0323216423706494E-5
4,271;419;712;979,-1.0319821802036309E-5
4,381;726;909;945,1.0301793262434071E-5
4,188;363;604;695,-1.0295314210838565E-5
4,260;469;482;967,1.0290936039499932E-5
4,270;775;840;894,1.020186135344853E-5
4,141;223;228;909,1.0195532040427456E-5
4,229;247;407;924,1.0191501214424813E-5
4,96;262;284;883,1.0191155456341999E-5
4,423;485;763;909,1.0139191156578406E-5
4,44;123;778;854,-1.0104707369723965E-5
4,65;190;473;566,-1.009791557391472E-5
4,3;24;136;456,1.0054059167571635E-5
4,493;509;754;975,-1.0052226640588073E-5
4,289;542;590;650,-1.0051707957630129E-5
4,141;202;804;892,1.004470592697844E-5
4,89;381;484;505,-1.0044663775754494E-5
4,107;195;524;776,-1.0037342014201232E-5
4,347;373;533;722,1.0028875698565586E-5
4,138;678;828;851,-1.0026488781547524E-5
4,473;567;885;926,1.0022544565885361E-5
4,738;769;776;823,-1.0000597219691595E-5
4,103;195;564;918,-9.995157891894886E-6
4,18;157;492;831,-9.976908297707501E-6
4,215;566;589;954,-9.965226743752845E-6
4,6;381;431;504,9.954121129808969E-6
4,26;304;658;686,9.953942171291412E-6
4,255;418;727;796,9.952644436979775E-6
4,198;218;297;489,9.948563770681513E-6
4,235;267;532;996,-9.942686801826559E-6
4,165;466;809;819,9.942307124591532E-6
4,65;264;298;850,-9.922869582331815E-6
4,3;136;138;456,9.914387396782256E-6
4,21;82;124;507,-9.893379600716527E-6
4,229;248;571;765,9.854360073679177E-6
4,63;349;413;890,9.823885346082705E-6
4,278;738;769;776,-9.814909153376506E-6
4,233;262;789;965,9.801178177139682E-6
4,144;289;452;793,-9.779502308345425E-6
4,67;208;620;906,-9.77241149758136E-6
4,65;226;504;799,-9.763953456154069E-6
4,549;748;859;887,-9.742747964277252E-6
4,140;153;429;826,9.736840259479535E-6
4,70;216;846;857,-9.72293162310706E-6
4,77;134;208;439,9.71882855369799E-6
4,42;50;54;536,9.691339325581687E-6
4,245;504;579;903,9.65672884309704E-6
4,643;715;847;935,-9.646067812144682E-6
4,24;171;353;933,9.628631550286797E-6
4,25;291;455;617,-9.626059559453348E-6
4,50;54;536;844,9.622828324810512E-6
4,117;320;583;880,-9.611609720154684E-6
4,158;557;566;719,-9.599757154809745E-6
4,26;457;865;916,-9.592079597771492E-6
4,199;844;848;986,-9.584259276676263E-6
4,36;62;464;633,9.574960382310756E-6
4,29;199;414;566,-9.574336197041425E-6
4,245;408;926;947,-9.566969671862758E-6
4,8;193;715;745,9.562801232344888E-6
4,211;243;602;823,-9.555173390960878E-6
4,106;220;301;615,9.546846707012432E-6
4,7;171;843;934,-9.540786796753624E-6
4,16;403;516;523,-9.527443279799888E-6
4,326;840;977;989,-9.50575882011806E-6
4,17;93;357;748,9.467247169775262E-6
4,5;353;697;834,9.45610413986799E-6
4,136;590;704;945,-9.445083692367874E-6
4,25;455;617;929,-9.442314087378734E-6
4,194;217;361;721,9.442237387570993E-6
4,167;241;468;560,-9.439177391948142E-6
4,57;89;282;937,9.428737754372752E-6
4,41;142;303;505,9.401074382496433E-6
4,14;383;473;961,-9.364375230396322E-6
4,222;535;628;633,9.336902324835517E-6
4,306;440;514;817,9.33062573081063E-6
4,23;257;389;620,9.30542888050013E-6
4,414;537;558;560,9.276857670975233E-6
4,392;660;834;938,9.276627681474904E-6
4,363;500;526;999,-9.265529961660319E-6
4,561;691;867;971,-9.237735345695334E-6
4,297;323;409;619,9.226744072074873E-6
4,90;257;665;706,9.211040767771346E-6
4,208;274;746;850,-9.210555015718194E-6
4,38;136;139;194,9.200911112566598E-6
4,330;397;649;735,-9.158598167454311E-6
4,116;298;729;747,-9.14525860688787E-6
4,323;330;714;944,-9.139379780623576E-6
4,201;731;801;839,-9.137190303129543E-6
4,600;858;875;924,9.131473236661105E-6
4,749;762;801;996,9.104184396713949E-6
4,150;221;259;985,9.092166129904357E-6
4,211;269;509;624,9.089277355045986E-6
4,319;359;382;919,9.073619173183705E-6
4,130;302;411;520,-9.04969672883663E-6
4,519;548;729;930,-9.043686619354729E-6
4,42;256;420;783,9.042789345551586E-6
4,213;621;743;943,9.042280063170098E-6
4,309;323;468;965,-9.042087242049162E-6
4,63;244;284;457,-9.040815126182386E-6
4,411;672;701;831,-9.040547282865343E-6
4,275;307;484;629,-9.001844431238977E-6
4,226;504;799;801,8.997977809346708E-6
4,44;247;437;536,8.984765804939055E-6
4,577;804;827;950,-8.983066952030009E-6
4,0;116;132;948,8.979023294657475E-6
4,302;339;535;816,8.974842681009232E-6
4,42;405;816;899,8.946957435306456E-6
4,88;467;472;535,-8.933975109805082E-6
4,359;523;821;900,-8.929946194669428E-6
4,17;160;201;989,8.900302962030888E-6
4,318;755;915;948,-8.864868298816769E-6
4,339;779;904;943,-8.850943776892739E-6
4,51;145;562;565,-8.846075528745325E-6
4,259;496;814;848,-8.817960458621474E-6
4,70;238;324;988,-8.817451820000283E-6
4,324;564;742;888,8.81411404834532E-6
4,269;393;696;852,-8.811360957030346E-6
4,208;655;882;908,8.807874271278102E-6
4,1;43;236;387,8.801613939416542E-6
4,390;466;510;816,-8.786514302948443E-6
4,17;357;564;748,-8.77847082659139E-6
4,160;394;466;778,8.777227342063827E-6
4,59;246;594;615,-8.74613933583187E-6
4,291;484;802;844,8.736059468384316E-6
4,5;551;759;893,-8.724798824585774E-6
4,256;286;392;504,8.698247696615611E-6
4,713;748;859;866,8.653921157931378E-6
4,112;165;337;966,8.6457563819115E-6
4,572;851;953;982,8.63239655588155E-6
4,93;133;483;626,8.601387234585537E-6
4,70;146;419;809,8.598448459128487E-6
4,26;360;378;670,-8.585286711606584E-6
4,299;762;801;996,-8.571525492436644E-6
4,45;336;770;997,-8.52042921918467E-6
4,301;334;346;819,8.515148647841888E-6
4,390;421;466;816,-8.511607992473736E-6
4,85;402;640;701,8.496559140253747E-6
4,24;680;699;928,8.478222490478478E-6
4,144;168;182;714,8.46625451444777E-6
4,100;653;658;764,8.458910908421332E-6
4,112;165;918;966,8.451877644430749E-6
4,431;711;981;988,8.447428400348759E-6
4,270;753;840;894,8.446020225635696E-6
4,41;253;330;869,8.443145367687653E-6
4,86;843;972;979,-8.442908798537187E-6
4,218;785;818;906,8.439670738358936E-6
4,74;696;747;988,-8.411503411432902E-6
4,35;53;369;905,-8.399611954493034E-6
4,49;626;633;639,8.368952586158285E-6
4,179;283;644;810,8.349586688299292E-6
4,214;357;462;992,8.344899370777943E-6
4,167;468;512;560,8.343409837026393E-6
4,424;905;907;952,-8.325664343863115E-6
4,114;266;505;760,8.311360730690069E-6
4,205;465;557;716,-8.300112469546715E-6
4,129;207;838;964,8.296867450488605E-6
4,111;504;624;891,8.280831274628497E-6
4,119;486;913;992,8.268163293613792E-6
4,73;317;336;710,8.251800801116775E-6
4,157;487;839;961,-8.234934016476969E-6
4,422;495;504;596,-8.227738395383551E-6
4,18;719;747;911,-8.22645982712588E-6
4,21;82;278;507,8.223514891616462E-6
4,28;35;588;926,8.214776354910146E-6
4,199;421;655;914,-8.211205728993157E-6
4,448;535;540;541,8.208947195618748E-6
4,74;91;305;962,-8.202200181690413E-6
4,211;234;550;814,8.197013431078787E-6
4,335;588;681;934,-8.183589076363726E-6
4,175;338;394;708,8.173497153801602E-6
4,17;192;835;979,-8.164204924668482E-6
4,38;299;370;672,-8.15691779682167E-6
4,46;168;851;998,-8.13270488149448E-6
4,39;428;468;891,-8.119088257751383E-6
4,160;385;406;792,-8.118497818311519E-6
4,57;282;560;937,-8.115818699703698E-6
4,400;436;829;861,-8.103427804897347E-6
4,158;593;802;991,8.101178110454099E-6
4,24;234;699;928,8.088212790787204E-6
4,83;272;319;981,-8.08687376316234E-6
4,244;280;505;724,8.086672571389446E-6
4,125;385;711;815,8.077805082849408E-6
4,72;423;442;961,8.077770483885464E-6
4,114;289;454;645,8.069859651218849E-6
4,262;395;445;960,-8.060627133005537E-6
4,106;272;433;602,8.048090515095266E-6
4,234;680;699;928,-8.044711579154876E-6
4,160;385;512;808,8.023259927281785E-6
4,377;524;725;920,-8.020060814704195E-6
4,6;767;844;970,7.963691747381266E-6
4,23;499;563;671,7.945955978408237E-6
4,453;480;531;719,-7.926470482379145E-6
4,21;267;664;860,-7.905379691799945E-6
4,142;390;808;998,-7.898903351667398E-6
4,466;647;795;816,7.892170427512609E-6
4,70;247;450;931,-7.885338610732603E-6
4,121;254;542;826,7.88044677879931E-6
4,49;111;127;752,-7.870987389126737E-6
4,233;484;793;856,-7.86995993243464E-6
4,114;454;645;692,-7.868708281853108E-6
4,16;44;108;144,7.856591360449874E-6
4,392;582;705;948,7.84546857690123E-6
4,128;695;790;917,7.812801405829184E-6
4,21;532;791;875,-7.798811511638023E-6
4,25;264;603;971,7.79363913751285E-6
4,448;711;848;907,-7.793004740669174E-6
4,186;474;655;805,7.785805942911096E-6
4,568;641;744;792,-7.78045417980916E-6
4,405;466;511;535,-7.749857425825263E-6
4,86;261;361;872,-7.747753531365066E-6
4,129;163;207;838,-7.711159289045575E-6
4,75;633;788;877,7.696349778221034E-6
4,239;298;655;665,-7.675578930535484E-6
4,380;561;630;700,-7.658989850674244E-6
4,685;689;708;977,-7.652552409920587E-6
4,91;392;767;811,7.648680944613396E-6
4,311;869;939;969,7.569895587214589E-6
4,137;203;303;919,7.5608948750832515E-6
4,77;134;208;369,7.554458987689635E-6
4,51;83;228;418,7.5457673843806194E-6
4,485;518;763;909,7.508385867338791E-6
4,218;254;297;489,7.5018199139136805E-6
4,507;666;696;799,7.460016958802568E-6
4,248;379;635;777,-7.456322052452957E-6
4,333;470;611;682,-7.425919273766086E-6
4,374;627;670;897,-7.4235227441794665E-6
4,213;265;367;521,-7.4065489425375475E-6
4,543;842;849;876,7.392851738629174E-6
4,100;229;230;827,7.373571667461193E-6
4,28;278;421;923,-7.362609905273036E-6
4,125;434;655;843,-7.360999721704079E-6
4,237;920;944;985,7.350527078503096E-6
4,329;752;764;991,7.350214836002105E-6
4,44;330;590;978,7.343104924352445E-6
4,182;875;905;994,7.342998935116543E-6
4,278;738;769;823,-7.316859822365629E-6
4,228;398;817;914,7.306097504394153E-6
4,143;361;654;931,-7.287014500065217E-6
4,16;161;226;761,7.273742435084524E-6
4,211;315;602;823,-7.264358939387868E-6
4,90;339;564;923,-7.259625801817594E-6
4,32;507;589;656,7.23649046148803E-6
4,171;585;882;983,7.2355261356477905E-6
4,561;691;750;971,-7.230373171693297E-6
4,276;434;587;974,-7.219279667170977E-6
4,267;495;502;981,7.216498504853158E-6
4,12;88;262;273,-7.201415289542455E-6
4,96;289;328;871,7.193308527266324E-6
4,248;628;635;777,7.185986415600272E-6
4,240;376;527;985,7.177367993105463E-6
4,186;307;474;805,7.174041167603083E-6
4,17;166;271;834,-7.1638228947472975E-6
4,42;54;536;844,7.159070114600385E-6
4,56;481;536;744,7.155006984506669E-6
4,330;397;410;649,-7.104793223256571E-6
4,349;559;641;872,7.104720233561082E-6
4,23;364;414;438,7.0968994528897335E-6
4,45;336;616;770,-7.092316794947127E-6
4,685;689;708;896,-7.053114372109815E-6
4,248;379;628;635,-6.997011860123827E-6
4,95;567;570;707,-6.965017612589348E-6
4,461;771;851;878,6.962921011484165E-6
4,357;436;829;861,6.917317622521991E-6
4,167;259;307;564,-6.894334609287179E-6
4,199;245;594;786,-6.885774240514418E-6
4,69;170;573;940,6.880965120308519E-6
4,108;363;506;869,6.8799660725617115E-6
4,243;558;901;904,6.853035902873294E-6
4,244;284;457;988,6.850076234679488E-6
4,113;225;649;730,-6.784128996137322E-6
4,26;341;457;916,-6.780471564834339E-6
4,0;288;331;865,-6.754860506960485E-6
4,129;229;248;765,6.720333634941646E-6
4,126;335;440;467,6.711728671939387E-6
4,307;484;629;804,6.669852925645585E-6
4,62;329;464;633,-6.657088534070405E-6
4,279;475;476;839,6.612572524252687E-6
4,358;489;604;991,-6.535803612167789E-6
4,255;380;435;507,6.527544324743624E-6
4,494;766;794;881,6.515431133406913E-6
4,174;366;376;951,-6.496222373473422E-6
4,289;454;645;692,6.482205641952524E-6
4,86;512;843;972,-6.434387286079257E-6
4,120;233;653;742,-6.424309324722426E-6
4,581;688;764;797,-6.42218712126957E-6
4,45;616;770;997,6.402048394659719E-6
4,312;889;930;941,-6.390638855868797E-6
4,306;518;625;774,-6.368080847757665E-6
4,260;338;526;994,-6.356035547723411E-6
4,154;782;845;847,-6.339351371321255E-6
4,74;661;697;828,6.330214781909926E-6
4,155;242;289;877,6.327600961308001E-6
4,56;276;506;536,6.306488754556482E-6
4,42;420;681;783,-6.304726872015391E-6
4,470;549;650;903,6.302539642481356E-6
4,245;455;685;870,-6.301983234274933E-6
4,425;466;696;717,6.300328760985366E-6
4,58;78;320;789,-6.285615678976779E-6
4,128;687;902;911,6.275829460942534E-6
4,318;915;948;988,-6.24693077190161E-6
4,168;627;694;822,-6.228759380501887E-6
4,327;621;672;909,-6.220918158426389E-6
4,229;453;899;975,6.21536899531917E-6
4,148;706;902;961,6.207979649590238E-6
4,245;579;849;903,-6.206215007823937E-6
4,478;650;757;918,6.204518464116442E-6
4,68;451;689;926,-6.2039327299708154E-6
4,89;109;155;308,6.199002917810881E-6
4,11;229;668;757,6.1978742323334744E-6
4,31;415;718;757,-6.1837439232652195E-6
4,74;489;678;825,-6.177795972025352E-6
4,494;766;843;881,-6.167121349085369E-6
4,551;745;767;851,6.132122167559346E-6
4,170;295;609;901,6.12622984398253E-6
4,310;625;664;730,-6.115067919096613E-6
4,356;362;717;977,6.10580876075744E-6
4,165;466;809;892,-6.10433224471827E-6
4,451;770;862;927,-6.102004575117076E-6
4,28;411;528;774,6.087716048208514E-6
4,176;568;641;792,-6.072512681325873E-6
4,352;514;857;882,-6.0449051682096335E-6
4,434;569;810;978,-6.037516656510269E-6
4,62;283;315;525,-6.027597037635151E-6
4,203;603;613;738,-6.0164326541060635E-6
4,88;171;843;934,-5.970792792673405E-6
4,382;518;859;983,5.962184035745198E-6
4,358;428;864;912,-5.960374121246643E-6
4,542;564;782;808,5.958608123324157E-6
4,18;76;604;955,-5.954307580497968E-6
4,117;583;863;880,-5.918163445705584E-6
4,46;83;350;606,-5.916666289749441E-6
4,254;473;498;948,-5.914756597756418E-6
4,39;210;634;835,5.913755418907048E-6
4,249;795;849;970,-5.890631309674481E-6
4,178;372;383;693,5.876923637445159E-6
4,257;310;665;706,5.867588063393256E-6
4,131;323;580;813,-5.849119117881996E-6
4,215;255;939;955,-5.848921033288782E-6
4,269;475;509;624,5.8435739355027634E-6
4,74;402;513;691,5.8430250851819326E-6
4,172;508;628;639,5.8412640705635604E-6
4,34;241;416;523,5.839218196781654E-6
4,533;537;771;985,5.835911859596268E-6
4,255;611;850;859,5.8328782473526555E-6
4,113;412;559;665,5.744266170499307E-6
4,35;90;252;806,-5.711404381678949E-6
4,143;460;551;625,-5.7099349018583515E-6
4,373;406;588;616,-5.7033015858021125E-6
4,121;254;436;826,-5.6843993175132445E-6
4,36;549;562;645,5.680398209699226E-6
4,55;61;278;399,5.679949297175895E-6
4,263;506;543;859,-5.661030675056314E-6
4,383;473;749;961,5.610703659872599E-6
4,12;580;788;924,5.605298503588318E-6
4,187;256;302;542,-5.591724270409673E-6
4,50;90;264;341,5.576880892581543E-6
4,156;239;726;740,-5.563281296395734E-6
4,103;173;195;564,-5.558052119168197E-6
4,6;381;431;772,-5.55787079714213E-6
4,170;382;457;774,5.554662644112859E-6
4,387;765;768;798,5.5398372047507505E-6
4,549;640;748;859,5.496468805355405E-6
4,63;117;297;417,-5.460698120418998E-6
4,469;560;721;828,-5.455947007022292E-6
4,42;50;54;844,5.4412178226938455E-6
4,78;216;819;847,-5.407123921181489E-6
4,318;656;696;953,-5.402490798287848E-6
4,134;208;369;439,-5.3866561908124386E-6
4,313;399;599;946,-5.347245720240978E-6
4,45;106;272;433,-5.314359851157757E-6
4,14;162;176;628,5.307164662292079E-6
4,32;507;589;638,-5.3046759087799035E-6
4,203;603;738;907,5.297215280933368E-6
4,49;626;639;697,-5.261324777591278E-6
4,268;397;795;899,-5.254996361150261E-6
4,286;405;409;918,-5.250642565030897E-6
4,147;536;595;896,-5.244212042329413E-6
4,4;122;265;439,-5.23575649297885E-6
4,108;163;255;273,-5.233868490391751E-6
4,5;53;515;817,5.209159971102318E-6
4,28;100;443;897,5.206487988164401E-6
4,323;580;612;813,-5.201002387677178E-6
4,277;475;524;997,5.188123942881324E-6
4,523;684;699;956,5.184890194438966E-6
4,199;338;578;975,5.180399792156676E-6
4,114;143;716;807,-5.179462817069714E-6
4,167;532;689;726,5.166950834592631E-6
4,519;559;981;993,-5.1548315301164255E-6
4,191;262;380;563,-5.152524533016387E-6
4,248;379;628;777,-5.145882753791429E-6
4,35;705;850;932,5.132791132052714E-6
4,108;119;503;558,-5.080711108001575E-6
4,289;447;573;922,5.0636271917303586E-6
4,16;214;226;761,-5.06190307441607E-6
4,165;265;389;900,-5.061207751694576E-6
4,123;454;718;850,-5.055222129513173E-6
4,15;55;239;956,-5.035751082073458E-6
4,90;107;278;863,-5.00408647381493E-6
4,23;136;590;945,-5.0015283864125395E-6
4,137;489;880;935,4.99398286535592E-6
4,79;179;608;636,-4.992878969069983E-6
4,5;141;202;892,4.987146573069736E-6
4,666;845;889;968,-4.980604661697696E-6
4,185;252;343;898,-4.963276456778406E-6
4,216;363;819;847,4.951025487306748E-6
4,38;359;798;922,-4.917553714222402E-6
4,92;398;708;991,-4.9164789127786876E-6
4,276;353;372;872,-4.8851834847769E-6
4,61;152;278;399,4.879193147748806E-6
4,132;357;642;808,-4.857801898318043E-6
4,316;658;701;785,-4.850192017972228E-6
4,85;199;443;676,-4.848643398415793E-6
4,306;561;661;741,4.847230460634268E-6
4,26;116;163;744,-4.843275751920631E-6
4,158;406;646;684,-4.780265876214041E-6
4,325;420;424;974,-4.764823816012919E-6
4,302;339;629;816,4.748192824268256E-6
4,18;690;819;962,-4.74218983266031E-6
4,73;247;558;646,-4.728261505948943E-6
4,8;508;562;606,4.71586352107662E-6
4,466;809;819;892,4.708326010547142E-6
4,256;286;504;773,-4.698746955377774E-6
4,97;137;755;829,-4.694535574051966E-6
4,41;101;190;691,-4.6887141042918495E-6
4,233;262;405;789,-4.688612011510659E-6
4,226;517;772;972,-4.6814572567385474E-6
4,588;681;805;934,4.634601932250425E-6
4,255;611;850;889,4.629392280742086E-6
4,164;211;234;550,4.6057563918155275E-6
4,402;417;687;967,-4.600530975080373E-6
4,465;556;570;992,4.586271271089293E-6
4,447;684;804;831,4.577346565474695E-6
4,601;695;852;861,4.569609374855329E-6
4,44;135;332;768,-4.5445054669514336E-6
4,22;553;559;655,4.540091965148048E-6
4,702;780;789;900,-4.540001755467628E-6
4,262;656;684;848,4.51508322372968E-6
4,504;636;690;972,4.467757450221193E-6
4,466;498;679;795,-4.456890714629371E-6
4,311;821;939;969,4.452201208231202E-6
4,505;526;689;865,-4.45198500576403E-6
4,533;681;771;985,-4.4427983232372616E-6
4,218;314;424;694,4.440513839560733E-6
4,523;544;559;671,4.438682767794848E-6
4,105;158;331;793,4.41896414642843E-6
4,0;141;223;909,-4.4063032554796935E-6
4,76;157;660;825,4.396981179589709E-6
4,66;88;172;805,-4.395708585891292E-6
4,60;96;284;883,4.39498573039069E-6
4,420;426;433;754,-4.380298767230766E-6
4,109;175;848;924,4.3722056199739655E-6
4,168;541;627;694,4.370371735984847E-6
4,74;288;732;884,-4.368070530568858E-6
4,260;678;794;808,4.366199786176493E-6
4,21;43;118;650,4.361854678237697E-6
4,600;711;875;924,4.355114666634824E-6
4,16;732;762;789,4.353826487117473E-6
4,295;509;730;742,4.344244700071304E-6
4,201;472;890;953,4.340592248145567E-6
4,447;646;797;915,4.3405668477780016E-6
4,17;41;155;504,-4.322673276705366E-6
4,115;537;553;612,-4.310284472173895E-6
4,344;712;812;927,4.291289127674396E-6
4,84;245;408;926,-4.289147383714123E-6
4,12;88;273;410,-4.286471970442331E-6
4,105;158;601;793,-4.281068595997226E-6
4,208;473;792;922,4.280548456972209E-6
4,255;268;447;485,-4.279678956597588E-6
4,74;678;802;825,-4.239573117700707E-6
4,443;685;776;999,-4.236163978805507E-6
4,327;461;592;692,-4.227593908414672E-6
4,121;346;493;695,4.225331568094577E-6
4,691;793;809;970,4.224120883285678E-6
4,475;476;820;839,-4.2142744335139715E-6
4,276;628;892;915,-4.203311518458694E-6
4,272;470;713;999,-4.187451066677186E-6
4,234;247;515;644,-4.178089339883534E-6
4,186;307;474;655,4.171112212662878E-6
4,425;458;466;717,-4.142179630968746E-6
4,449;482;578;607,-4.141404006091806E-6
4,213;367;521;612,-4.129958215915386E-6
4,52;119;379;518,4.127046952823579E-6
4,72;279;812;902,4.119528692621336E-6
4,463;766;899;992,-4.07473234390077E-6
4,317;327;539;634,4.0724859138627365E-6
4,255;330;586;881,-4.06797202554713E-6
4,239;499;717;769,4.065267582141954E-6
4,349;641;872;875,-4.061858524902116E-6
4,254;383;428;784,4.032560551251573E-6
4,42;348;376;386,4.0221907310236565E-6
4,49;241;876;907,4.019478907372271E-6
4,60;241;598;604,-4.015485232802478E-6
4,387;443;730;735,4.0018524229258055E-6
4,112;165;337;918,3.9962329172670846E-6
4,240;527;692;985,3.989216688227902E-6
4,248;317;393;617,-3.980843981790872E-6
4,290;558;800;857,-3.972981971665735E-6
4,301;696;879;966,-3.9640611890048726E-6
4,121;346;562;695,-3.9452934991545365E-6
4,269;366;582;651,3.9446847676685885E-6
4,25;291;617;929,3.929869942991611E-6
4,245;330;359;529,3.925272672689294E-6
4,12;123;778;854,-3.919800542556046E-6
4,121;259;467;768,-3.891374973560575E-6
4,204;353;426;495,3.866178469895571E-6
4,123;443;744;911,-3.856187447728747E-6
4,60;598;604;812,3.84785119681565E-6
4,219;296;819;895,-3.827216467059559E-6
4,493;509;575;754,-3.8259845250724204E-6
4,76;274;489;495,3.822160019661593E-6
4,34;189;416;523,-3.78233976750221E-6
4,21;82;124;278,3.782204369362781E-6
4,167;386;532;726,3.7667174490926654E-6
4,229;247;407;566,3.7656719783643495E-6
4,12;143;361;931,3.7512585129342336E-6
4,624;871;887;920,-3.7460277667090254E-6
4,53;656;696;953,-3.7436070808297834E-6
4,269;393;696;887,-3.7326330432914392E-6
4,604;719;747;911,3.7116413795118853E-6
4,150;499;717;769,3.698617004855794E-6
4,113;225;730;797,-3.695981826705195E-6
4,90;564;908;923,-3.6690881777090466E-6
4,100;171;538;788,-3.646077609972379E-6
4,103;148;240;428,3.6452592787011713E-6
4,144;168;321;714,3.636841358615077E-6
4,55;356;567;854,-3.6306108856807333E-6
4,85;313;547;958,-3.626203185113856E-6
4,290;321;435;943,3.6223960404265093E-6
4,401;471;481;676,-3.598152355263399E-6
4,136;252;720;880,3.597372775697945E-6
4,165;223;293;426,-3.594907444359693E-6
4,400;650;857;972,3.591687080689049E-6
4,90;745;822;899,-3.5728081103225327E-6
4,4;20;634;958,3.5543656880796802E-6
4,114;359;821;900,-3.5414428866960836E-6
4,101;190;691;960,3.5336763340860468E-6
4,213;246;595;799,3.5275841101836995E-6
4,25;27;69;292,3.5230774153122423E-6
4,96;289;661;871,-3.5182186507056286E-6
4,355;569;879;885,-3.5167716474076987E-6
4,223;293;313;426,3.4870716207597055E-6
4,182;302;711;981,3.477216989296421E-6
4,471;871;887;920,-3.4669545931082376E-6
4,269;353;366;582,-3.4663948718151905E-6
4,114;289;454;692,-3.453448893683358E-6
4,114;194;508;696,-3.4529733762362347E-6
4,201;303;646;858,-3.444836176441018E-6
4,732;762;789;967,-3.4226127848247592E-6
4,269;426;430;824,3.40791784241291E-6
4,185;348;417;893,3.401254775583864E-6
4,141;222;530;741,-3.3885897379784916E-6
4,179;352;666;721,-3.3878684975390714E-6
4,170;310;496;741,-3.379132315638182E-6
4,326;593;815;858,-3.3655918587148504E-6
4,12;88;262;410,3.3448150638184306E-6
4,337;500;517;565,3.3345503210682957E-6
4,116;249;359;787,3.317577187067763E-6
4,435;737;907;996,-3.3120291537959425E-6
4,295;322;822;889,-3.2798143308169006E-6
4,25;92;480;775,-3.273851443603589E-6
4,135;144;563;576,3.243474747713887E-6
4,73;185;277;885,3.2277944624734544E-6
4,53;116;151;999,3.2277364005079275E-6
4,187;404;652;875,-3.217582665040318E-6
4,458;557;842;918,-3.1907529118303904E-6
4,302;411;520;744,3.1900967643392827E-6
4,86;261;361;586,3.1899203222391373E-6
4,88;183;226;897,-3.183977042400376E-6
4,378;576;599;684,-3.183839908025711E-6
4,100;407;653;658,3.181923085988393E-6
4,56;248;474;618,-3.174824824184158E-6
4,12;356;527;864,3.1676940402115725E-6
4,108;154;503;558,3.157974863353015E-6
4,614;684;880;909,-3.153595890568978E-6
4,27;213;461;758,3.1420933359595503E-6
4,152;186;564;572,3.1392744796684865E-6
4,294;568;783;883,-3.129983268749071E-6
4,249;451;770;927,3.111165912775202E-6
4,34;558;572;832,3.1042736283845226E-6
4,230;355;412;975,-3.0973089003060623E-6
4,234;298;525;555,3.096666663640096E-6
4,356;362;977;989,-3.094949019130558E-6
4,71;168;680;703,-3.0914417512355913E-6
4,35;53;337;905,-3.083316941030076E-6
4,605;911;913;971,-3.0737030028017387E-6
4,63;244;284;988,-3.0565940844975436E-6
4,221;540;627;878,3.0518819634560297E-6
4,103;308;446;794,3.0371539272184767E-6
4,275;484;629;804,3.0267290501354536E-6
4,90;310;665;706,3.0181427406130134E-6
4,249;770;862;927,-3.006162359354945E-6
4,0;128;315;516,-2.970254040029898E-6
4,222;524;535;633,-2.963523524138149E-6
4,247;330;359;529,2.9440623972431524E-6
4,442;450;861;989,-2.9270998974922323E-6
4,229;407;566;924,2.9249593811199148E-6
4,359;402;513;691,-2.9099100905870326E-6
4,444;603;701;791,2.9072055655264865E-6
4,89;109;308;937,-2.896262268707154E-6
4,255;435;507;717,-2.8613939994125565E-6
4,116;219;389;744,2.86080118344444E-6
4,35;337;369;905,2.8556883790409294E-6
4,166;373;556;990,2.851549821481978E-6
4,291;702;922;931,-2.841717113988916E-6
4,208;231;473;792,2.8356819030227152E-6
4,328;754;886;959,2.796990969239629E-6
4,175;848;924;937,2.783692459178623E-6
4,237;279;730;901,-2.7770456884060566E-6
4,306;445;754;980,-2.772853334553967E-6
4,6;621;672;909,2.7717260234882448E-6
4,520;583;734;978,-2.740815159581987E-6
4,462;493;739;822,2.739318911067306E-6
4,48;218;818;906,-2.7211992352382913E-6
4,83;351;663;809,-2.7039399224290694E-6
4,21;412;791;875,2.695344412151933E-6
4,150;706;902;961,2.684942117128067E-6
4,75;510;613;620,-2.6821935369111747E-6
4,21;43;118;600,-2.621678156020692E-6
4,104;309;486;562,-2.621059341528651E-6
4,144;563;576;764,2.618460836979239E-6
4,208;434;596;846,-2.60674118332261E-6
4,32;111;379;664,2.5953318565237957E-6
4,267;542;728;739,2.568302937956457E-6
4,142;303;419;505,-2.5617044098245266E-6
4,172;628;639;761,2.5372545773923936E-6
4,292;530;827;985,-2.512934145508697E-6
4,143;463;605;969,2.5125537437074194E-6
4,116;374;710;918,-2.5025083813980597E-6
4,50;264;341;553,2.4846639134946668E-6
4,291;417;879;984,-2.4840108332049096E-6
4,261;422;496;661,-2.4799913117111578E-6
4,9;203;567;616,-2.47789889593196E-6
4,487;491;633;697,2.476496970320763E-6
4,267;835;891;963,2.4457504586575496E-6
4,79;538;776;821,2.4396958996115783E-6
4,38;359;462;922,-2.438266466411366E-6
4,118;806;846;938,2.3883514503497163E-6
4,104;308;309;486,-2.380983929989051E-6
4,373;406;616;784,2.379404020628445E-6
4,431;602;711;981,-2.365114987230882E-6
4,117;291;670;806,2.3535357271881155E-6
4,81;106;548;679,-2.3496670150209772E-6
4,67;256;584;587,-2.342102582039138E-6
4,83;601;646;690,-2.3222084690000535E-6
4,131;323;612;813,-2.3174579103141245E-6
4,8;562;563;606,-2.2801031593484843E-6
4,65;109;873;906,2.27155677481275E-6
4,276;506;536;637,-2.2518656910016366E-6
4,367;744;851;997,2.2464774745340926E-6
4,275;290;558;800,2.2386751305742486E-6
4,21;43;600;650,-2.207455000160553E-6
4,439;487;582;589,-2.2037063244764038E-6
4,64;510;679;808,2.195691849135824E-6
4,15;52;191;909,2.193858807419763E-6
4,77;644;665;994,-2.1918214858560744E-6
4,68;442;838;981,-2.1409782037614125E-6
4,184;394;454;739,2.096654361751913E-6
4,136;267;474;767,2.089971643253339E-6
4,310;363;365;537,2.074305650226104E-6
4,234;298;304;555,2.0648872141558057E-6
4,406;588;616;784,2.054496992502014E-6
4,74;210;696;988,2.043708896242211E-6
4,75;234;492;629,2.0390122528651974E-6
4,68;330;368;662,-2.0347137364544535E-6
4,19;404;727;892,2.0335883770833603E-6
4,172;556;570;992,2.014469100105713E-6
4,238;307;341;655,-2.0072928027513976E-6
4,446;561;636;929,-1.9998212809009436E-6
4,453;513;655;684,-1.9851329798403483E-6
4,96;452;643;895,1.9480273982980975E-6
4,24;81;324;939,1.8849852606370525E-6
4,129;248;571;765,1.876740243703278E-6
4,416;485;910;958,-1.8502406049830597E-6
4,312;404;889;941,-1.833583788037236E-6
4,276;543;849;876,1.8200864219038959E-6
4,178;284;290;945,-1.7995377594882782E-6
4,195;461;592;692,-1.790228266075243E-6
4,44;452;570;946,1.7705736091307121E-6
4,508;562;563;606,1.763494094172445E-6
4,99;138;246;410,-1.752576818908766E-6
4,165;429;744;857,1.7256828749562108E-6
4,63;117;417;580,1.715414135840438E-6
4,235;503;524;774,-1.702320674028774E-6
4,42;348;386;845,-1.6991369770247706E-6
4,216;621;846;857,-1.6988367848621323E-6
4,18;155;819;962,1.6902446510714439E-6
4,217;308;445;671,1.645006842176673E-6
4,38;124;694;994,-1.6338682790725257E-6
4,151;357;468;910,-1.600191078509207E-6
4,257;519;559;993,1.5992030064217212E-6
4,504;521;578;916,1.5962940117037402E-6
4,217;243;361;721,1.595474738248566E-6
4,95;97;271;561,-1.5561535139103426E-6
4,62;298;639;973,-1.5537331868469285E-6
4,63;93;483;626,1.5382975369000774E-6
4,700;767;845;981,1.5264562334678204E-6
4,370;413;423;675,1.5250797069152368E-6
4,405;466;472;535,1.5066195773033795E-6
4,489;597;757;806,-1.4741159061892815E-6
4,138;141;194;735,-1.4636831627849526E-6
4,139;309;340;907,1.4287335596419039E-6
4,44;332;499;768,-1.425642736408883E-6
4,208;655;882;883,-1.4152375944192705E-6
4,206;259;496;814,1.3909018147482445E-6
4,689;708;896;977,-1.3530042271499426E-6
4,304;632;642;889,1.341518498967107E-6
4,420;543;583;846,-1.317748961615642E-6
4,242;392;705;948,-1.3126575977251212E-6
4,583;770;815;912,1.3027063593468932E-6
4,87;91;521;918,1.2587042290505072E-6
4,634;674;704;772,-1.2410307230066344E-6
4,95;127;817;841,1.230007570128696E-6
4,172;337;466;898,1.2263582592757644E-6
4,30;168;247;770,-1.2128544285811977E-6
4,272;470;786;999,1.2013995714540809E-6
4,277;366;397;910,1.1963924700331453E-6
4,28;100;424;897,1.1946185336864507E-6
4,245;298;428;556,-1.1428599902514047E-6
4,16;108;144;152,1.1343247090938418E-6
4,68;95;330;662,-1.114565983332795E-6
4,277;475;524;558,-1.0824346756848798E-6
4,8;92;398;708,1.0509095496718974E-6
4,30;494;869;912,1.0454021007846835E-6
4,201;245;375;668,-1.040961699101093E-6
4,66;70;600;669,-1.0293838477529774E-6
4,276;288;892;915,1.023361411231806E-6
4,49;241;734;907,1.0085812506871183E-6
4,494;794;843;881,9.909562796224202E-7
4,286;405;621;918,-9.474308930521452E-7
4,29;174;205;370,-9.453884609250709E-7
4,24;26;308;377,-9.419372815781986E-7
4,400;651;688;908,9.384471311393791E-7
4,349;395;819;868,-9.317065009662867E-7
4,39;210;706;835,9.309103417088904E-7
4,167;390;665;840,9.25000588772925E-7
4,229;326;593;858,8.958758766309805E-7
4,374;693;930;995,8.864160608158464E-7
4,0;128;300;315,8.859465287893929E-7
4,157;249;358;763,8.509198918230098E-7
4,35;90;491;806,8.493676642235514E-7
4,48;631;753;989,-8.464688280818769E-7
4,123;454;618;850,8.232140355565742E-7
4,263;462;506;543,-8.193255726583922E-7
4,66;179;314;534,-8.160037373946689E-7
4,127;203;321;760,8.155386517574859E-7
4,118;387;765;768,-8.014649989678443E-7
4,543;588;689;830,7.925556072474437E-7
4,292;730;784;954,-7.83378758374257E-7
4,440;597;683;760,-7.821174869806456E-7
4,66;709;738;749,7.492760579090526E-7
4,206;259;496;848,-6.743753846605131E-7
4,332;646;741;988,-6.716482783901828E-7
4,340;491;911;912,6.641488627864498E-7
4,281;355;447;786,-6.350340364467168E-7
4,357;400;829;861,6.318180566148927E-7
4,217;546;689;795,6.260002522125024E-7
4,44;273;590;978,-6.24256151761246E-7
4,24;324;939;950,-6.22803796790923E-7
4,76;587;660;825,6.167935192220725E-7
4,114;505;540;760,-6.070309579260004E-7
4,434;863;867;920,5.960731656044355E-7
4,505;526;700;865,5.806063583484734E-7
4,435;565;578;839,5.754991545103283E-7
4,234;399;766;884,5.62499712402173E-7
4,65;369;437;772,-5.021290316256331E-7
4,170;383;767;968,4.832051012792389E-7
4,249;478;741;882,-4.789326172855262E-7
4,44;516;630;893,4.6095052847276023E-7
4,176;220;354;745,-4.480615580412691E-7
4,192;205;557;716,-4.345536506346962E-7
4,227;485;844;941,-4.26068301440128E-7
4,439;582;589;664,-4.2470940275950167E-7
4,115;118;772;999,4.035887789027304E-7
4,243;700;720;748,-3.8958563806053627E-7
4,290;360;463;948,3.8588215037580266E-7
4,875;905;924;994,3.8326585896036185E-7
4,140;154;498;725,-3.7054967528329237E-7
4,397;402;417;967,3.6072563555696394E-7
4,270;384;751;971,3.600776649811885E-7
4,30;685;869;912,-3.0411097119199814E-7
4,85;331;499;511,2.950823904974975E-7
4,298;304;525;555,-2.829474124618446E-7
4,5;11;250;957,-2.779540307473773E-7
4,505;652;663;884,-2.750145116191746E-7
4,405;411;526;688,2.4616453565638395E-7
4,234;247;493;644,-2.422467698507402E-7
4,17;155;252;504,2.3591120510994824E-7
4,18;407;828;903,2.3471524258360244E-7
4,338;429;456;707,2.230263709332367E-7
4,103;308;446;505,-1.8366346580858325E-7
4,42;256;420;681,-1.7202411954315296E-7
4,237;384;496;660,-1.5259214873189486E-7
4,90;176;506;915,-1.4514675181524078E-7
4,25;151;720;821,-1.432898522302911E-7
4,202;391;775;920,1.3185818618010464E-7
4,307;528;577;801,1.182042259706452E-7
4,133;192;489;747,-9.167242043064267E-8
4,73;185;277;602,-8.42827015571715E-8
4,41;253;362;869,6.549013870162796E-8
4,228;670;800;918,4.02286932287034E-8
4,187;404;652;846,3.670173453531461E-8
4,374;388;404;882,4.192096256076111E-9
4,188;604;695;853,-1.8508598573566128E-10
5,44;178;201;453;901,-1.8350704979923157E-4
5,10;177;383;447;721,1.764029580287826E-4
5,96;265;451;545;548,1.5793298824745667E-4
5,7;231;728;795;993,-1.5599940493975917E-4
5,362;522;739;855;918,-1.527869790712687E-4
5,50;177;346;832;848,1.4931308496541598E-4
5,374;388;404;589;882,1.375843475451809E-4
5,425;458;466;696;717,-1.3422712424277915E-4
5,221;540;548;627;878,-1.3070733057434964E-4
5,292;461;530;827;985,-1.2995274382379834E-4
5,12;44;123;778;854,-1.2832826906997098E-4
5,373;604;698;961;971,1.2832150117416728E-4
5,16;205;330;385;631,1.2783782890652846E-4
5,16;143;463;605;969,1.268639002317756E-4
5,30;91;155;440;965,-1.2670388710825923E-4
5,186;307;474;655;805,1.2512136677525975E-4
5,76;213;291;891;988,-1.2416110413886267E-4
5,89;109;155;308;937,1.236131856723092E-4
5,442;450;552;861;989,-1.2170415824667192E-4
5,36;519;549;562;645,1.183312118206E-4
5,48;163;732;845;986,-1.1716729203245883E-4
5,25;291;455;617;929,-1.1634069240874918E-4
5,306;324;518;625;774,-1.1511473755123292E-4
5,302;339;535;629;816,-1.1496662089661781E-4
5,141;317;432;454;969,-1.1495906855264367E-4
5,55;388;524;662;683,-1.1469097047824054E-4
5,420;543;583;752;846,1.1332153024546254E-4
5,317;356;675;702;862,1.1275023251699077E-4
5,8;48;193;715;745,-1.1242116276761866E-4
5,89;434;569;810;978,-1.1240571802029527E-4
5,431;602;711;981;988,1.1211699447813227E-4
5,42;50;54;536;844,-1.117145692230114E-4
5,180;471;717;744;814,1.1089776733730424E-4
5,8;286;579;640;845,1.100187612838571E-4
5,25;92;480;727;775,1.0873965453901957E-4
5,56;285;368;458;917,1.0864206267273795E-4
5,114;143;477;716;807,-1.0692116084351753E-4
5,150;221;259;763;985,1.0673163508769102E-4
5,155;312;362;467;954,1.0661333177274067E-4
5,558;666;845;889;968,-1.0656642705143582E-4
5,17;166;255;271;834,-1.0643848330233716E-4
5,263;305;483;492;634,-1.0637362913471264E-4
5,131;323;580;612;813,1.051699838339056E-4
5,381;726;876;909;945,1.0481060238083187E-4
5,90;107;278;863;877,1.0251327102515562E-4
5,96;289;328;661;871,1.0174194262699886E-4
5,62;78;101;600;789,1.0167019164432111E-4
5,64;442;484;588;811,1.016156275946242E-4
5,186;198;277;514;834,1.0153823103435194E-4
5,9;204;363;491;843,1.015141954164177E-4
5,348;443;685;776;999,1.0085282479772978E-4
5,255;380;435;507;717,9.97802683850563E-5
5,184;286;576;647;904,9.857109864863248E-5
5,197;268;710;854;966,9.841691446286292E-5
5,100;229;230;684;827,9.789100836249924E-5
5,494;766;794;843;881,9.779042733353807E-5
5,275;290;558;800;857,9.774216399418038E-5
5,28;100;424;443;897,-9.626722393722788E-5
5,105;128;695;790;917,9.622060755887804E-5
5,203;603;613;738;907,9.563450785142789E-5
5,68;125;451;689;926,9.475882564055503E-5
5,39;211;495;955;966,9.405048951411403E-5
5,46;168;526;851;998,-9.375191515528711E-5
5,125;434;655;757;843,-9.325791667732921E-5
5,47;77;169;533;966,-9.286642832571997E-5
5,497;520;655;712;808,-9.24490927102189E-5
5,23;364;414;438;770,-9.241861692619892E-5
5,21;412;532;791;875,-9.16494928116325E-5
5,206;549;754;836;912,9.16333578052381E-5
5,242;392;582;705;948,9.121879878056465E-5
5,198;218;254;297;489,9.057489666134836E-5
5,144;207;500;505;546,-9.055661353594154E-5
5,59;300;304;751;940,-9.026298818483519E-5
5,471;624;871;887;920,9.009619662901805E-5
5,121;254;436;542;826,-8.994389258344111E-5
5,373;577;804;827;950,8.989963191265159E-5
5,95;102;524;800;931,8.980933501750635E-5
5,269;393;696;852;887,8.972701966202073E-5
5,96;403;615;664;735,8.940044217776022E-5
5,254;383;428;784;939,-8.849354912281056E-5
5,27;213;461;722;758,8.833388111145838E-5
5,165;265;338;389;900,-8.819399648864884E-5
5,204;601;603;625;848,-8.791462872822698E-5
5,398;643;664;710;733,8.628787926444409E-5
5,417;473;567;885;926,8.563169664306061E-5
5,97;395;546;779;929,-8.466000884469333E-5
5,71;243;400;425;747,-8.452655750727781E-5
5,401;471;481;676;705,8.448445312894882E-5
5,34;162;388;691;847,8.447859404817973E-5
5,140;355;394;506;882,-8.410119282664864E-5
5,104;231;289;427;570,8.400494029858595E-5
5,260;338;465;526;994,-8.384542909068412E-5
5,16;403;440;516;523,-8.368452277616174E-5
5,16;32;111;379;664,8.34509246235171E-5
5,147;187;536;595;896,8.283679150864109E-5
5,367;744;830;851;997,8.260986487336429E-5
5,0;245;324;588;758,-8.214080950087644E-5
5,230;355;412;545;975,8.182090199802987E-5
5,57;89;282;560;937,-8.179631138581961E-5
5,84;528;721;826;977,8.169134501726576E-5
5,21;88;386;401;934,8.160304216216536E-5
5,589;815;874;889;928,8.155243594530829E-5
5,65;302;369;437;772,-8.15407996432125E-5
5,40;466;548;576;812,-8.144978951861453E-5
5,344;622;712;812;927,-8.126533434340512E-5
5,147;290;321;435;943,-8.095910717544413E-5
5,245;298;428;556;604,8.087870081041702E-5
5,665;770;901;904;980,8.068444599981742E-5
5,41;142;303;419;505,8.027846694782403E-5
5,151;233;484;793;856,8.01035279093838E-5
5,100;136;252;720;880,-7.931434651282822E-5
5,124;182;302;711;981,7.914144588449982E-5
5,311;821;869;939;969,7.912570806812351E-5
5,38;124;629;694;994,7.907659311385917E-5
5,40;146;352;529;918,-7.89999338724651E-5
5,218;636;692;706;782,7.872223507736774E-5
5,48;61;276;339;899,-7.868200123405691E-5
5,97;342;370;591;746,7.865236885675295E-5
5,44;516;630;893;905,7.863174023359164E-5
5,260;469;482;592;967,7.851675344960507E-5
5,21;702;780;789;900,-7.828764987979243E-5
5,44;82;355;729;949,-7.820102147372444E-5
5,174;304;366;376;951,7.817516507031946E-5
5,152;669;710;766;870,-7.773936798730588E-5
5,62;462;724;925;967,7.773861697652915E-5
5,109;749;753;785;838,-7.754404028135327E-5
5,126;335;440;467;805,-7.74747939629293E-5
5,22;433;470;508;943,7.657239136934513E-5
5,80;161;355;800;972,-7.646423097404656E-5
5,235;399;444;795;797,-7.63929568514928E-5
5,21;86;148;456;698,-7.634050701775331E-5
5,79;525;538;776;821,-7.630494606463767E-5
5,355;569;879;884;885,7.567942903719953E-5
5,56;356;481;536;744,7.556470647199998E-5
5,16;33;247;822;859,-7.522369541799823E-5
5,269;344;365;512;781,-7.493679724843383E-5
5,416;485;486;910;958,-7.475236167974959E-5
5,68;123;443;744;911,7.474840155334581E-5
5,70;243;700;720;748,7.416853575093239E-5
5,65;264;298;765;850,-7.38350665391503E-5
5,191;262;327;380;563,-7.374140691507166E-5
5,178;652;692;887;959,7.356557461614043E-5
5,134;297;323;409;619,7.351570123526128E-5
5,144;212;756;797;809,7.347252485815935E-5
5,150;239;499;717;769,-7.314902936343649E-5
5,125;196;385;711;815,-7.302767839292229E-5
5,111;504;624;891;896,7.296779921983153E-5
5,195;207;283;404;417,7.274546261450002E-5
5,246;635;739;899;936,-7.255510212580935E-5
5,316;658;701;785;958,7.224619610769798E-5
5,32;107;390;620;856,7.206165864212746E-5
5,48;99;145;761;768,-7.203043263968332E-5
5,88;183;226;541;897,-7.19799773116499E-5
5,179;374;627;670;897,7.188457786496275E-5
5,79;179;608;636;993,7.177767605347595E-5
5,136;171;454;577;849,7.177531948407809E-5
5,93;577;666;770;984,-7.160026528777187E-5
5,451;517;634;751;988,-7.122929907530984E-5
5,99;138;246;410;947,-7.114990894065405E-5
5,548;560;597;733;982,7.081760215671157E-5
5,262;587;656;684;848,7.0726948716325E-5
5,324;508;772;828;924,-7.052785650429306E-5
5,24;81;324;939;950,-7.029844208680497E-5
5,132;250;360;615;686,-7.020216214020277E-5
5,246;294;483;768;855,7.008864923636257E-5
5,129;163;207;838;964,6.989180109086019E-5
5,134;784;824;882;942,6.935087405937814E-5
5,158;406;646;667;684,-6.912108571420248E-5
5,358;489;604;742;991,6.893346486211042E-5
5,41;101;190;691;960,-6.890479563651635E-5
5,53;329;458;577;659,6.889561726555838E-5
5,11;183;229;668;757,6.844706392528876E-5
5,6;381;431;504;772,-6.825139791837866E-5
5,199;233;421;655;914,-6.81102361060398E-5
5,201;303;492;646;858,6.770728008503845E-5
5,46;263;527;574;762,6.769035604334576E-5
5,77;459;472;475;593,-6.751935885228297E-5
5,468;577;618;893;928,-6.731516182988768E-5
5,132;357;642;796;808,-6.730568411381634E-5
5,206;259;496;814;848,-6.690756502858604E-5
5,102;157;333;881;885,-6.683589999207462E-5
5,405;466;472;511;535,6.67460373801465E-5
5,146;380;561;630;700,-6.659430019284142E-5
5,83;581;601;646;690,6.65781688422523E-5
5,74;327;338;385;422,-6.565241666411077E-5
5,561;691;750;867;971,6.560246920106117E-5
5,243;553;558;901;904,-6.559812321348884E-5
5,382;518;659;853;903,6.540648822500904E-5
5,25;151;284;720;821,6.520015684498486E-5
5,400;651;688;849;908,6.498365326412426E-5
5,23;668;877;943;957,6.496307901238067E-5
5,35;110;705;850;932,-6.476990211518071E-5
5,295;375;509;730;742,-6.476240374644806E-5
5,325;451;467;560;832,6.422720461766417E-5
5,15;52;191;909;967,6.414828163373036E-5
5,12;31;580;788;924,6.393136487738923E-5
5,161;683;687;719;900,6.381832779812295E-5
5,138;477;650;852;917,6.374469026022211E-5
5,355;900;902;923;934,-6.371591268796879E-5
5,229;507;542;615;830,6.342249349368395E-5
5,281;523;684;699;956,6.332450028117519E-5
5,1;43;236;335;387,6.323630391008887E-5
5,291;691;793;809;970,-6.316852083108672E-5
5,233;262;405;789;965,6.305660055157917E-5
5,210;288;432;676;840,-6.293561759412594E-5
5,90;470;549;650;903,-6.272759248523536E-5
5,33;337;612;729;771,6.272528128671215E-5
5,88;467;472;535;765,-6.267181156679609E-5
5,18;604;719;747;911,6.250583234335021E-5
5,39;116;478;631;893,-6.233800770986176E-5
5,219;241;305;607;866,-6.225611111779207E-5
5,387;443;502;730;735,-6.221325884934533E-5
5,88;292;342;556;969,-6.207607727033924E-5
5,47;384;656;744;919,6.203934374906321E-5
5,338;429;456;707;965,-6.198274315189963E-5
5,292;730;784;824;954,-6.187013992493163E-5
5,373;406;588;616;784,6.186042214898379E-5
5,201;472;670;890;953,-6.169731284362743E-5
5,66;179;314;534;936,6.146250606517349E-5
5,66;709;714;738;749,-6.135794197416934E-5
5,565;603;707;783;984,-6.12409876720974E-5
5,335;588;681;805;934,-6.12007974065011E-5
5,270;329;752;764;991,-6.109281664606455E-5
5,83;272;319;847;981,6.096537570916048E-5
5,219;412;443;459;527,-6.060025266149012E-5
5,292;316;343;510;774,-6.040768878578919E-5
5,215;566;589;954;971,6.032850527361615E-5
5,115;537;553;612;802,-6.001037472131961E-5
5,24;26;308;377;626,5.992710807811995E-5
5,178;284;290;588;945,-5.991011135124067E-5
5,64;372;592;777;805,5.976145937835974E-5
5,483;700;767;845;981,-5.952250180173921E-5
5,202;391;775;920;945,5.925570431816588E-5
5,262;395;445;617;960,-5.902914422948115E-5
5,211;269;475;509;624,-5.878195594855387E-5
5,66;70;577;600;669,5.865992934218977E-5
5,143;184;394;454;739,5.8561213399281384E-5
5,118;387;765;768;798,-5.829230435474832E-5
5,281;355;447;786;849,5.8275634926668194E-5
5,523;544;559;671;949,5.80545709584807E-5
5,382;518;749;859;983,5.782086821920959E-5
5,186;251;392;571;723,-5.76325895098902E-5
5,339;564;779;904;943,-5.7372130587465096E-5
5,103;146;832;836;936,5.7250277666593855E-5
5,543;588;689;830;833,5.71624063354853E-5
5,245;247;330;359;529,-5.7081520455336513E-5
5,168;195;274;830;849,5.687758994529216E-5
5,85;113;578;662;681,5.68718492472756E-5
5,181;215;285;929;940,-5.6785533085866946E-5
5,228;251;670;800;918,5.673833848565318E-5
5,192;205;465;557;716,5.6600309878868246E-5
5,208;655;882;883;908,-5.657132984034126E-5
5,38;136;139;194;549,5.6540223151972145E-5
5,175;188;326;334;488,5.6420366564709615E-5
5,397;402;417;687;967,5.626057515255831E-5
5,439;487;582;589;664,-5.624907630459387E-5
5,182;875;905;924;994,5.6246553861717554E-5
5,92;170;184;302;828,-5.61789519187888E-5
5,276;353;372;643;872,5.581753252126452E-5
5,347;492;576;884;980,-5.579458757730583E-5
5,65;169;469;841;944,-5.579328289975196E-5
5,338;343;352;730;925,5.560254805245491E-5
5,267;714;835;891;963,-5.556109461591898E-5
5,67;244;367;368;689,-5.553428406134722E-5
5,31;205;251;427;553,-5.541581125185563E-5
5,349;395;682;819;868,-5.5256824790980056E-5
5,306;332;440;514;817,-5.525222970824563E-5
5,126;433;724;770;847,-5.525204226136926E-5
5,114;203;392;463;859,5.525132135887229E-5
5,294;302;387;573;641,-5.5216233971509127E-5
5,45;205;562;739;919,5.508146609254383E-5
5,18;124;157;492;831,5.491379091615266E-5
5,53;318;656;696;953,-5.4904293023667296E-5
5,72;307;528;577;801,5.487066851429222E-5
5,186;581;688;764;797,-5.4859329729407106E-5
5,342;478;650;757;918,5.463364465692953E-5
5,38;359;462;798;922,-5.46274490683631E-5
5,317;327;539;634;701,-5.4392624441801615E-5
5,30;494;685;869;912,5.4376909060660714E-5
5,114;266;505;540;760,-5.4271970145388885E-5
5,464;475;521;563;995,5.409675362718192E-5
5,345;489;588;657;800,5.3837139077537945E-5
5,69;170;179;573;940,-5.367715240649597E-5
5,67;208;620;748;906,5.3571317540992984E-5
5,345;408;693;957;988,-5.334892971964518E-5
5,60;96;262;284;883,-5.324014354227164E-5
5,29;54;197;876;962,5.31690632121397E-5
5,162;214;328;753;865,-5.307709867916877E-5
5,315;341;399;711;751,-5.3048856425181286E-5
5,4;122;265;439;873,5.30399116990693E-5
5,469;587;640;702;832,-5.303589620044015E-5
5,226;517;658;772;972,5.302927460633226E-5
5,218;287;443;569;701,5.277735544272925E-5
5,153;221;253;585;661,-5.276591569228045E-5
5,113;225;649;730;797,-5.257666827805825E-5
5,17;93;357;564;748,5.251078651647033E-5
5,82;440;596;617;690,-5.237439031695725E-5
5,71;168;482;680;703,-5.229927255336454E-5
5,451;466;498;679;795,-5.225419227333573E-5
5,59;243;246;594;615,5.224669107589285E-5
5,169;258;603;633;666,-5.192878459801038E-5
5,65;109;265;873;906,-5.181615843540318E-5
5,120;233;459;653;742,5.152786462407192E-5
5,140;145;154;498;725,-5.12260739074924E-5
5,14;383;473;749;961,5.113467988859865E-5
5,167;259;307;564;734,5.111671173233383E-5
5,32;87;281;604;713,5.08923454602274E-5
5,18;76;604;955;966,5.079416021371445E-5
5,23;204;499;563;671,5.07169433230467E-5
5,284;366;911;920;963,-5.068144681218457E-5
5,71;312;461;669;715,5.0538797031624534E-5
5,153;171;585;882;983,5.053683363500576E-5
5,168;541;627;694;822,5.031793101206793E-5
5,35;261;546;575;685,5.023615147525188E-5
5,255;268;447;485;970,5.012089635101172E-5
5,5;53;139;515;817,-5.004083696079401E-5
5,267;495;502;813;981,5.000447553930299E-5
5,237;384;496;596;660,-4.986145871174709E-5
5,58;261;616;739;971,4.979339499757672E-5
5,466;647;795;816;963,-4.972513792190332E-5
5,32;225;538;750;908,4.970635879550859E-5
5,234;298;304;525;555,-4.970226107600341E-5
5,260;306;678;794;808,-4.9616142432306855E-5
5,261;267;467;600;883,-4.9615093264945576E-5
5,291;417;574;879;984,-4.958369680189507E-5
5,148;150;706;902;961,-4.951914341111026E-5
5,171;204;353;426;495,4.914228252589156E-5
5,0;54;116;132;948,-4.906056191287862E-5
5,87;91;322;521;918,4.8920171718649234E-5
5,321;448;535;540;541,4.891086994689212E-5
5,75;234;492;629;880,4.8835234713141205E-5
5,45;106;272;433;602,-4.880103144675585E-5
5,505;526;689;700;865,-4.88009797998208E-5
5,309;375;666;706;819,4.8780779475764855E-5
5,81;106;548;658;679,-4.873038400285713E-5
5,313;424;905;907;952,4.8715895130375594E-5
5,276;376;656;779;794,4.8620020324775844E-5
5,24;234;680;699;928,-4.8492607237330076E-5
5,314;319;567;680;688,4.835397790396077E-5
5,164;420;458;649;830,-4.813815461556294E-5
5,177;222;375;726;756,-4.796271405768438E-5
5,349;542;645;936;965,4.776213756797907E-5
5,199;290;656;813;951,4.7729195470918114E-5
5,208;230;293;756;837,-4.756945161897787E-5
5,106;290;494;680;737,-4.740723783293389E-5
5,367;388;527;834;913,4.7382540667224514E-5
5,90;257;310;665;706,4.722137146141395E-5
5,160;394;466;762;778,4.7188340693703964E-5
5,208;274;517;746;850,4.699232867804957E-5
5,179;283;644;647;810,-4.6946478969247653E-5
5,377;399;524;684;905,-4.6938912467713716E-5
5,170;282;383;767;968,4.678340987774924E-5
5,99;267;287;338;718,4.6644113617124446E-5
5,176;305;596;635;791,-4.65736325818505E-5
5,77;134;208;369;439,4.6571857528688146E-5
5,165;450;500;579;596,-4.65358878829923E-5
5,74;307;661;697;828,4.648412970530768E-5
5,67;328;340;457;553,-4.647078458546313E-5
5,78;370;397;634;950,-4.646030569316031E-5
5,450;593;757;796;937,-4.644451031522225E-5
5,213;216;246;595;799,4.636340501727225E-5
5,104;308;309;486;562,4.623931215133803E-5
5,176;220;354;745;800,-4.6224894136140464E-5
5,414;521;537;558;560,4.621501131380916E-5
5,44;247;437;536;588,-4.596026979232767E-5
5,217;308;445;671;854,-4.5933974518577734E-5
5,155;256;708;713;960,4.576794045805281E-5
5,83;351;663;809;992,-4.570739385730273E-5
5,363;411;483;529;690,-4.561491368207621E-5
5,367;505;652;663;884,-4.561112175745737E-5
5,116;298;729;747;906,4.548018329248619E-5
5,12;88;262;273;410,4.54352487790069E-5
5,264;506;644;653;701,-4.539325640314242E-5
5,109;131;281;769;789,4.5337996110262833E-5
5,54;350;429;469;919,4.52354201099343E-5
5,269;426;427;430;824,4.5195104942327475E-5
5,444;603;701;791;900,4.5168775835007544E-5
5,158;557;566;719;855,4.512921310990381E-5
5,434;863;867;883;920,-4.51175840499335E-5
5,271;419;647;712;979,-4.508385753944462E-5
5,455;605;911;913;971,-4.4972998756955485E-5
5,278;738;769;776;823,-4.49345637642838E-5
5,48;141;252;658;820,-4.4846753184880984E-5
5,65;341;434;477;618,-4.4723762995888217E-5
5,170;283;310;496;741,4.4676970673224176E-5
5,16;345;353;482;585,-4.4545401338646386E-5
5,21;136;468;655;791,-4.452263370124328E-5
5,28;411;528;596;774,-4.4341608852622244E-5
5,117;320;583;863;880,4.429435396636403E-5
5,35;90;252;491;806,4.425794638164587E-5
5,92;223;308;476;517,-4.416322393304996E-5
5,52;119;379;518;626,4.414427524262897E-5
5,56;170;421;423;582,4.399615951933643E-5
5,26;58;340;380;998,4.384511445374749E-5
5,172;508;628;639;761,4.381281691819165E-5
5,17;192;349;835;979,4.3746149777110715E-5
5,8;161;468;497;953,-4.34836497895761E-5
5,153;357;423;428;502,4.3366145615502306E-5
5,20;480;848;875;883,-4.335912267516728E-5
5,149;311;380;792;875,4.311413638426641E-5
5,363;374;693;930;995,-4.3079833410331183E-5
5,80;461;771;851;878,4.306660308691888E-5
5,189;293;481;719;838,4.3060235175100976E-5
5,19;220;292;531;653,4.301014230693561E-5
5,160;450;526;638;785,4.288500905171953E-5
5,439;515;545;673;815,-4.288250900933612E-5
5,229;326;593;815;858,-4.274508102490804E-5
5,108;363;479;506;869,-4.241109477388651E-5
5,16;245;404;780;938,4.236691406515163E-5
5,39;272;428;468;891,4.2305516746074955E-5
5,234;399;472;766;884,4.2275899888572165E-5
5,21;82;124;278;507,4.224530618746095E-5
5,0;128;300;315;516,-4.209799179438136E-5
5,197;416;499;648;925,4.1820916487795055E-5
5,38;299;370;672;915,4.156509798423651E-5
5,48;631;639;753;989,4.135513872516931E-5
5,23;113;257;389;620,-4.1162949242817274E-5
5,24;171;299;353;933,4.0665516747723216E-5
5,19;294;568;783;883,-4.0653389893604895E-5
5,251;277;525;802;891,-4.0620290131256064E-5
5,42;348;376;386;845,-4.0458976416909835E-5
5,48;259;629;685;842,4.0346669414396226E-5
5,248;317;393;617;867,4.029986569339761E-5
5,25;264;603;898;971,3.968959317108803E-5
5,85;402;640;701;899,3.9646543419671715E-5
5,54;151;214;335;917,3.96080210838498E-5
5,5;346;551;759;893,3.953314474237495E-5
5,24;76;274;489;495,-3.9397474929066786E-5
5,43;124;347;451;992,3.93285211792919E-5
5,68;95;330;368;662,-3.9298777730846015E-5
5,182;323;330;714;944,3.921786486307648E-5
5,117;159;230;320;548,-3.920645342774727E-5
5,128;687;725;902;911,-3.909350369163118E-5
5,28;35;198;588;926,3.9061657856481235E-5
5,18;155;690;819;962,-3.9026942103241775E-5
5,299;749;762;801;996,3.898493829430021E-5
5,138;237;678;828;851,3.896623916470264E-5
5,306;561;661;765;995,3.8953798738426194E-5
5,49;626;633;639;697,-3.8836253419171877E-5
5,23;136;590;704;945,-3.877445840967331E-5
5,26;163;356;434;942,-3.8700262722094993E-5
5,2;22;553;559;655,3.869101163120785E-5
5,279;475;476;820;839,3.855846455644161E-5
5,167;366;369;839;849,3.850427439968982E-5
5,125;447;572;839;993,-3.8445525287337535E-5
5,29;174;205;224;370,-3.8424455500267364E-5
5,134;139;516;707;988,-3.840617008129661E-5
5,194;413;674;769;793,-3.83763201140941E-5
5,29;199;414;483;566,-3.8335275835799654E-5
5,291;691;702;922;931,3.820975854731772E-5
5,319;359;382;440;919,-3.817630041182491E-5
5,16;44;108;144;152,3.81681954018812E-5
5,12;405;822;863;992,3.813720121638041E-5
5,18;316;468;580;689,-3.8107101618869453E-5
5,261;393;485;844;927,3.798821001121942E-5
5,276;543;842;849;876,3.7953798725367456E-5
5,191;195;263;599;823,-3.780911289774452E-5
5,133;134;192;489;747,3.7789157582126696E-5
5,21;220;654;750;991,3.7750952974672004E-5
5,195;327;461;592;692,-3.7740737474061156E-5
5,116;161;374;710;918,-3.772532423200132E-5
5,16;161;214;226;761,3.753770377608555E-5
5,31;677;701;821;998,-3.738683196507066E-5
5,272;470;713;786;999,-3.718327764153535E-5
5,53;116;151;794;999,-3.717917669714368E-5
5,120;160;385;406;792,-3.711966234696986E-5
5,275;366;694;695;721,-3.710473919127124E-5
5,27;301;696;879;966,3.7074283444695196E-5
5,286;405;409;621;918,3.69559070831245E-5
5,129;229;248;571;765,-3.694450295940584E-5
5,191;235;545;615;684,-3.6938560656953126E-5
5,70;238;324;709;988,3.6929866388244626E-5
5,75;115;510;613;620,-3.681777242324426E-5
5,173;383;472;554;654,-3.6713377931008875E-5
5,47;96;245;268;631,-3.6506471449779714E-5
5,448;711;848;907;963,-3.647395410024641E-5
5,3;24;136;138;456,-3.6241541811484385E-5
5,118;371;410;423;564,-3.596281030014948E-5
5,213;621;656;743;943,3.5946171981156676E-5
5,96;490;566;753;857,-3.5910475193357225E-5
5,276;307;434;587;974,3.5905171106864194E-5
5,272;504;636;690;972,-3.579604390405046E-5
5,206;302;426;815;896,-3.548709398153334E-5
5,159;299;474;742;942,3.538404846743386E-5
5,267;542;728;739;838,-3.530898059235861E-5
5,614;684;737;880;909,3.522046419934115E-5
5,49;241;734;876;907,-3.517780439581737E-5
5,73;185;277;602;885,3.517723345082146E-5
5,187;404;652;846;875,3.513637063529166E-5
5,265;414;516;870;888,3.500818911988038E-5
5,211;243;315;602;823,3.499213138580047E-5
5,77;468;548;581;615,-3.492851379767105E-5
5,400;435;565;578;839,-3.488166753450801E-5
5,245;252;455;685;870,3.481090812288727E-5
5,385;594;921;926;984,3.4681386303192006E-5
5,50;90;264;341;553,-3.467401499106372E-5
5,63;117;297;417;580,-3.4666107498832105E-5
5,43;82;104;373;764,-3.463563809510008E-5
5,212;300;345;461;916,-3.457027104444517E-5
5,264;487;491;633;697,3.4485465682669346E-5
5,263;462;506;543;859,3.421029617639758E-5
5,245;504;579;849;903,3.407077139320089E-5
5,27;153;465;510;705,-3.3944614992179224E-5
5,41;291;424;463;904,3.3895125178904683E-5
5,73;247;558;646;665,-3.386920376335736E-5
5,55;61;152;278;399,-3.370058005847739E-5
5,430;667;698;905;997,3.318299705835979E-5
5,51;83;164;228;418,-3.31789664708483E-5
5,95;127;817;841;962,-3.305016013942715E-5
5,237;734;920;944;985,3.3049753705668354E-5
5,74;359;402;513;691,-3.290420841638193E-5
5,140;153;429;471;826,-3.2688331583661356E-5
5,282;288;312;801;966,3.244615259649912E-5
5,114;289;454;645;692,3.232147505892795E-5
5,312;404;889;930;941,3.224282500237556E-5
5,137;203;303;689;919,-3.213777687860693E-5
5,405;411;446;526;688,-3.2116105468372306E-5
5,74;285;352;819;886,3.205846993089227E-5
5,329;490;566;677;904,3.202511738283352E-5
5,26;178;304;658;686,3.1834835959617434E-5
5,108;119;154;503;558,-3.146565490589605E-5
5,180;195;366;393;929,3.134054674091308E-5
5,11;244;280;505;724,-3.123196399587832E-5
5,349;559;641;872;875,-3.112725636240356E-5
5,126;221;374;529;773,-3.108880588467323E-5
5,76;157;587;660;825,3.103678574702301E-5
5,600;711;858;875;924,-3.096647061997005E-5
5,0;75;633;788;877,-3.080461025850846E-5
5,493;509;575;754;975,-3.0772955956958906E-5
5,7;88;171;843;934,-3.075140665476706E-5
5,235;267;532;699;996,3.074475255458802E-5
5,49;111;127;557;752,-3.066191976368666E-5
5,238;421;454;532;721,-3.050609808311361E-5
5,214;386;533;658;764,-3.0492390468658555E-5
5,144;168;182;321;714,3.049189489858944E-5
5,453;480;531;610;719,-3.043043406858184E-5
5,17;160;201;251;989,3.03423474063961E-5
5,2;62;283;315;525,3.0301699887200976E-5
5,229;247;407;566;924,3.028347116795442E-5
5,61;161;199;201;711,3.0159044157271766E-5
5,14;220;375;500;958,-3.013743812061322E-5
5,195;656;780;786;817,-3.0133578994515646E-5
5,21;155;256;369;922,3.005806769671015E-5
5,156;239;547;726;740,-2.9992440979653547E-5
5,108;178;210;568;681,-2.9981635650389095E-5
5,392;637;660;834;938,-2.988512492239361E-5
5,135;144;563;576;764,-2.9847236250146027E-5
5,175;338;377;394;708,2.9832211162818637E-5
5,107;195;281;524;776,-2.98277499131528E-5
5,123;454;618;718;850,-2.962111822195019E-5
5,174;229;453;899;975,-2.9496930701255207E-5
5,318;755;915;948;988,-2.945861641964244E-5
5,220;420;611;881;925,2.931690878728326E-5
5,46;83;350;392;606,2.9289152963851685E-5
5,149;231;683;770;990,2.9274513167803984E-5
5,64;94;152;222;744,2.926892382427237E-5
5,237;279;719;730;901,-2.925794663741772E-5
5,375;584;783;876;878,2.9220452896366824E-5
5,105;501;607;909;966,-2.913448829689537E-5
5,643;654;715;847;935,2.912920016112224E-5
5,106;220;301;615;664,2.8930969634832695E-5
5,43;91;292;446;820,-2.8909486568054494E-5
5,194;217;243;361;721,2.8635581956397405E-5
5,170;295;609;619;901,-2.8633041700156036E-5
5,313;399;456;599;946,2.8623144720264927E-5
5,47;359;483;534;972,-2.8525416623123257E-5
5,5;141;202;804;892,2.8450415880041678E-5
5,84;245;408;926;947,2.8387193292593968E-5
5,173;581;612;806;917,-2.826560778065369E-5
5,261;422;496;661;824,2.819386912763309E-5
5,277;319;590;711;717,2.8053227579420174E-5
5,448;552;562;609;827,2.7784457024568594E-5
5,141;222;525;530;741,-2.7755462362820513E-5
5,340;696;713;840;919,2.7694423882549093E-5
5,454;699;774;920;933,-2.753554852755797E-5
5,121;346;493;562;695,-2.744849232278842E-5
5,191;393;410;698;771,-2.7365372412203343E-5
5,225;610;723;830;852,2.7305653232706886E-5
5,10;23;285;419;872,2.6884487271889124E-5
5,178;372;383;555;693,-2.6868793429403583E-5
5,77;184;224;239;853,-2.6711219061418553E-5
5,294;713;748;859;866,2.670733889706943E-5
5,44;135;332;499;768,2.6706955364207342E-5
5,191;464;619;657;866,-2.6611903823652158E-5
5,100;103;171;538;788,2.6555580205851516E-5
5,468;782;796;962;975,2.6505044450102197E-5
5,446;561;636;929;978,-2.6504225702700476E-5
5,72;279;812;899;902,2.6465791676093854E-5
5,143;270;433;773;926,-2.6429915288174907E-5
5,36;42;405;816;899,2.6383788996186305E-5
5,115;292;428;464;522,-2.634316072208261E-5
5,208;341;418;708;717,-2.6314118500123504E-5
5,234;247;493;515;644,-2.6226902232274608E-5
5,522;609;675;903;992,2.618659760116481E-5
5,219;336;495;745;826,2.617525698837707E-5
5,34;189;241;416;523,-2.6145903453081225E-5
5,290;360;463;948;960,-2.61117276052354E-5
5,37;191;221;898;968,2.6082918458233508E-5
5,113;412;559;665;839,-2.6039966586464425E-5
5,286;528;676;753;955,2.597309189157813E-5
5,231;310;625;664;730,2.5854135376013327E-5
5,256;540;688;730;862,-2.577659208312646E-5
5,167;337;390;665;840,2.5668340758357433E-5
5,103;173;195;564;918,-2.5665112467123968E-5
5,32;247;306;720;872,2.554509724850844E-5
5,310;363;365;537;878,-2.5445003011536974E-5
5,470;552;707;731;753,2.542800675031897E-5
5,12;143;361;654;931,-2.5372563201514607E-5
5,247;605;627;803;808,2.527226230731786E-5
5,304;632;642;820;889,2.509171378367451E-5
5,6;457;767;844;970,-2.5066930206137493E-5
5,533;537;681;771;985,-2.5005221608466592E-5
5,124;488;624;939;947,2.4858270606577576E-5
5,11;107;391;468;739,2.4846175758126625E-5
5,12;356;527;645;864,-2.4712593708301448E-5
5,63;349;413;691;890,2.464534325782493E-5
5,123;237;538;599;818,-2.4619616600764465E-5
5,157;304;487;839;961,-2.460754322148385E-5
5,352;489;514;857;882,2.4522593420657367E-5
5,227;266;359;405;524,2.451572452454746E-5
5,66;88;172;192;805,-2.442955233652817E-5
5,24;40;318;438;723,2.442529003630082E-5
5,158;593;762;802;991,2.4325758105215897E-5
5,70;235;247;450;931,-2.4262705512713218E-5
5,337;500;517;565;999,-2.4147391895588746E-5
5,192;420;426;433;754,2.4026113144599887E-5
5,86;225;263;664;947,-2.3942020011469192E-5
5,116;257;293;504;624,2.3757880201578023E-5
5,179;297;352;666;721,-2.3673256372051886E-5
5,541;703;794;879;984,-2.366924549529311E-5
5,67;256;259;584;587,-2.3619260508125697E-5
5,42;256;420;681;783,2.349735002569268E-5
5,184;320;406;440;623,-2.3293983579952503E-5
5,135;151;357;468;910,-2.323974184575068E-5
5,0;288;331;401;865,2.3113443730161038E-5
5,4;47;184;553;728,-2.3105961346890816E-5
5,369;464;502;615;985,-2.3043566576872976E-5
5,248;379;628;635;777,2.2840390302491842E-5
5,46;95;362;386;602,2.2789096189612768E-5
5,25;72;466;579;606,2.272290304520307E-5
5,189;332;500;674;784,2.2549475737718253E-5
5,78;357;398;498;671,2.251968107325608E-5
5,77;394;644;665;994,2.2476247788977657E-5
5,13;154;548;622;886,2.2458495860370062E-5
5,86;202;536;656;744,-2.2411989295148395E-5
5,154;401;582;629;816,-2.2318764454690612E-5
5,191;199;220;688;714,2.228095158828862E-5
5,103;308;446;505;794,-2.2217132861384327E-5
5,25;238;307;341;655,-2.2194046633776465E-5
5,86;435;737;907;996,2.2174379800083674E-5
5,103;148;240;331;428,-2.2133403154186734E-5
5,400;537;650;857;972,-2.2088763037259177E-5
5,277;366;397;702;910,-2.2082553791536747E-5
5,199;338;552;578;975,-2.205555313509095E-5
5,291;293;484;802;844,-2.2024293333819302E-5
5,241;335;579;933;999,2.1983694306157756E-5
5,15;40;55;239;956,-2.1911481656465906E-5
5,70;283;317;642;888,2.1908016995903722E-5
5,61;359;478;562;893,-2.1806050826930217E-5
5,180;393;439;797;880,2.1787011207038776E-5
5,199;624;844;848;986,2.176370097450185E-5
5,21;267;425;664;860,2.1633776411595566E-5
5,249;404;460;631;758,2.162926634370491E-5
5,265;277;367;618;935,-2.162852071240856E-5
5,282;488;592;940;986,-2.1598643757585304E-5
5,325;420;424;806;974,-2.1502624443449865E-5
5,84;95;614;820;980,-2.140055268704234E-5
5,305;317;542;630;662,2.138588686943897E-5
5,489;597;757;763;806,-2.1344167420955914E-5
5,105;218;314;424;694,-2.1193873400886203E-5
5,194;287;305;445;599,2.10771925265995E-5
5,333;470;611;675;682,2.1053079135946995E-5
5,16;732;762;789;967,2.088240608828189E-5
5,182;358;428;864;912,2.0844773788064465E-5
5,53;117;291;670;806,2.0810787715401444E-5
5,48;218;785;818;906,-2.0797324608980667E-5
5,235;503;524;662;774,-2.0639543653255406E-5
5,440;517;597;683;760,2.0628207196676723E-5
5,411;561;672;701;831,-2.0548642876124304E-5
5,270;753;775;840;894,2.035485844113321E-5
5,159;199;263;775;905,2.009572752807745E-5
5,21;43;118;600;650,-1.974090735891067E-5
5,377;524;676;725;920,-1.96270721048329E-5
5,685;689;708;896;977,-1.9466262168746388E-5
5,99;348;486;712;854,1.944502052408601E-5
5,330;441;708;809;952,1.943597931531063E-5
5,167;241;468;512;560,-1.932928631564297E-5
5,130;302;411;520;744,1.9323017680456174E-5
5,125;157;249;358;763,1.9307129510402518E-5
5,309;323;468;494;965,-1.9184101727806945E-5
5,124;226;241;838;930,1.9002071616230397E-5
5,44;54;704;710;949,-1.8972899543699197E-5
5,170;382;457;774;807,1.896777871313092E-5
5,152;186;564;572;789,-1.882718651828915E-5
5,64;510;677;679;808,1.8812288522308637E-5
5,214;230;499;808;947,-1.8745743385042936E-5
5,128;592;627;826;843,-1.864551983264569E-5
5,316;572;851;953;982,1.8636293936219175E-5
5,163;396;634;705;944,1.861937946495844E-5
5,252;305;443;680;932,-1.8565633697001987E-5
5,277;475;524;558;997,1.856029803576035E-5
5,306;561;661;741;804,-1.854312436375924E-5
5,179;279;497;666;869,-1.8513121248911648E-5
5,434;528;616;659;711,1.8500241952290267E-5
5,173;219;296;819;895,-1.8169903152094383E-5
5,330;397;410;649;735,1.8086393828763085E-5
5,146;255;476;666;780,1.791229085068584E-5
5,91;390;463;694;799,-1.7906422164742327E-5
5,26;116;163;744;846,-1.7895732028086386E-5
5,165;466;809;819;892,-1.7875379452965428E-5
5,45;336;616;770;997,-1.7851543111160902E-5
5,97;179;181;752;973,1.775859575046989E-5
5,34;187;318;853;896,1.762634758989821E-5
5,187;525;549;853;972,-1.758585278742936E-5
5,139;309;340;869;907,1.7575566360049517E-5
5,165;429;740;744;857,-1.7529157104586255E-5
5,90;745;822;899;928,-1.7471206132302917E-5
5,5;11;250;431;957,-1.726107186024407E-5
5,137;489;619;880;935,-1.7236001628684633E-5
5,97;137;755;829;936,-1.7179627795675305E-5
5,144;367;653;712;808,1.7155716440377707E-5
5,69;464;541;574;797,-1.715291422417073E-5
5,284;709;738;862;948,1.7151820290566144E-5
5,85;199;443;676;875,-1.7110655732131558E-5
5,8;49;252;655;705,-1.709653168256699E-5
5,52;120;223;636;862,-1.692305093498698E-5
5,334;755;756;861;983,-1.6834166598393608E-5
5,74;210;696;747;988,1.6793703697364597E-5
5,242;469;560;721;828,-1.6753219862311558E-5
5,36;43;235;369;678,-1.6550180284451778E-5
5,167;386;532;689;726,-1.6468152945229936E-5
5,261;639;687;769;779,1.643464814610616E-5
5,78;216;363;819;847,1.6411993046313897E-5
5,41;253;330;362;869,-1.63488727866712E-5
5,5;353;697;753;834,-1.623420147223043E-5
5,194;283;336;697;824,-1.608493049373878E-5
5,347;373;533;628;722,1.606649701465461E-5
5,17;41;155;252;504,-1.5980255831996497E-5
5,60;241;598;604;812,1.5965761441064542E-5
5,59;480;520;617;680,-1.5927752558161823E-5
5,70;216;621;846;857,1.581323894375147E-5
5,89;381;484;505;508,1.5741218293321296E-5
5,222;524;535;628;633,1.571438766656307E-5
5,13;224;474;787;797,-1.5667151455507465E-5
5,608;721;753;909;917,-1.5657870291083136E-5
5,352;522;708;735;994,-1.5634662886755042E-5
5,9;203;567;616;818,-1.5586745125222858E-5
5,301;334;346;507;819,1.5552501179318267E-5
5,326;639;840;977;989,1.5494133771925413E-5
5,213;265;367;521;612,-1.5475069423234637E-5
5,118;806;846;932;938,-1.5453421344815496E-5
5,102;156;322;470;532,1.535198454473862E-5
5,55;356;387;567;854,1.5231150113060078E-5
5,45;122;244;327;620,1.5198564630725483E-5
5,212;328;754;886;959,-1.5195393039216198E-5
5,0;203;272;667;935,-1.5179587625184919E-5
5,156;502;561;686;921,1.512271589380003E-5
5,159;432;510;796;930,-1.508419824933351E-5
5,46;349;436;860;987,1.5080488114671921E-5
5,173;432;550;592;972,1.506064935390393E-5
5,313;546;818;868;914,-1.5028665529476297E-5
5,81;200;359;460;669,1.5000945298032351E-5
5,91;392;646;767;811,1.4991615211155649E-5
5,100;120;261;826;984,-1.4976779829526012E-5
5,185;348;417;735;893,1.4857584651068547E-5
5,236;388;617;635;709,-1.4826250837111443E-5
5,551;560;745;767;851,1.4820467631672982E-5
5,215;255;911;939;955,-1.464917604405843E-5
5,255;418;715;727;796,1.462858760001255E-5
5,142;390;781;808;998,-1.4429531014710726E-5
5,393;520;583;734;978,1.4409647022038161E-5
5,97;406;425;503;626,-1.43929740076378E-5
5,250;433;581;658;724,-1.425280552477354E-5
5,70;519;548;729;930,-1.4214877500505562E-5
5,7;178;273;552;825,1.4158013615877534E-5
5,131;232;783;953;997,1.4123087584350022E-5
5,172;337;466;567;898,-1.4109926651752828E-5
5,542;554;564;782;808,-1.3989169596616294E-5
5,100;407;653;658;764,1.3922351066307896E-5
5,8;332;646;741;988,-1.3913576835544729E-5
5,86;512;843;972;979,-1.3839561213747194E-5
5,74;288;732;743;884,1.3815794366985306E-5
5,357;400;436;829;861,-1.381450614055514E-5
5,105;158;331;601;793,1.3773332943011189E-5
5,309;352;427;491;974,-1.365817616407957E-5
5,72;258;423;442;961,1.354927522501629E-5
5,155;242;289;745;877,1.3543851324044377E-5
5,449;482;541;578;607,1.3406731497551595E-5
5,121;259;467;593;768,1.3253528276856982E-5
5,85;194;331;499;511,-1.315856400996697E-5
5,109;175;848;924;937,1.312985184603225E-5
5,19;404;727;892;947,1.3128273379259407E-5
5,95;97;271;561;748,-1.3075683658854594E-5
5,56;276;506;536;637,-1.3053995366577483E-5
5,150;601;695;852;861,1.3039306682819922E-5
5,132;419;585;798;855,1.302524066047837E-5
5,99;209;374;459;567,1.2990584831849602E-5
5,320;434;632;636;888,1.297918207037228E-5
5,164;211;234;550;814,-1.2758390132986145E-5
5,41;155;324;571;883,1.2687643481941326E-5
5,44;273;330;590;978,1.2675526232997482E-5
5,85;313;547;769;958,1.260243999882487E-5
5,208;434;596;683;846,-1.2600414418773979E-5
5,35;53;337;369;905,-1.259367035518956E-5
5,569;684;717;731;922,1.2459925052141038E-5
5,152;322;584;740;992,1.2360358356163546E-5
5,154;418;782;845;847,-1.230587935605294E-5
5,336;345;725;949;950,-1.2230833381066806E-5
5,64;346;430;498;716,-1.2197766055304096E-5
5,127;203;321;612;760,1.2176434343010827E-5
5,237;243;486;594;693,1.2088728058285741E-5
5,79;371;420;653;856,-1.2065025619034841E-5
5,201;245;375;573;668,1.206001904975251E-5
5,57;143;682;831;838,1.2035717350386094E-5
5,188;363;604;695;853,-1.2030774792438481E-5
5,592;608;685;721;850,1.1991430122894595E-5
5,70;146;419;582;809,1.1970682116173172E-5
5,43;467;470;545;950,-1.1922878650669447E-5
5,256;286;392;504;773,1.1833857151893419E-5
5,17;186;519;924;959,1.1734627394632096E-5
5,104;159;341;544;600,1.1709408206379161E-5
5,112;165;337;918;966,1.1700634802711031E-5
5,86;261;361;586;872,-1.1631209780747623E-5
5,220;354;604;698;803,-1.1579428771651309E-5
5,172;396;601;797;976,1.1472968485507092E-5
5,176;568;641;744;792,1.1442973147931333E-5
5,444;514;628;776;869,-1.1440027820172522E-5
5,240;376;527;692;985,1.136303676233645E-5
5,549;640;748;859;887,-1.1362195148780521E-5
5,1;13;394;463;503,-1.1241209897763337E-5
5,427;436;494;852;892,1.118113324170299E-5
5,21;119;486;913;992,-1.1157489760997688E-5
5,273;463;766;899;992,1.109754112760679E-5
5,53;423;654;831;875,1.106053836949715E-5
5,239;298;614;655;665,1.1020379539679368E-5
5,10;355;388;677;747,1.0987667897320461E-5
5,39;130;145;418;816,1.0969854285684588E-5
5,78;439;618;915;964,-1.0768868602995266E-5
5,228;398;817;851;914,-1.0732464208421067E-5
5,108;114;194;508;696,1.0500884824620572E-5
5,187;272;436;495;782,1.049833582504226E-5
5,340;491;743;911;912,-1.0393802843125438E-5
5,74;489;678;802;825,1.0341371788816095E-5
5,316;334;631;662;761,1.0321762085766268E-5
5,324;564;710;742;888,-1.0158185560202878E-5
5,39;210;634;706;835,-1.0127763681939357E-5
5,14;162;176;628;944,1.0097822284862591E-5
5,125;254;473;498;948,-9.923014890154596E-6
5,143;460;551;557;625,9.91072298965283E-6
5,428;475;856;935;983,9.874300781713571E-6
5,270;384;438;751;971,-9.756766895536361E-6
5,2;411;436;821;966,-9.732690528597824E-6
5,136;267;474;680;767,9.731660606328E-6
5,249;625;795;849;970,9.712628263304595E-6
5,32;507;589;638;656,-9.692009175832694E-6
5,73;317;336;604;710,-9.640585177639009E-6
5,98;196;360;537;956,9.631189251524941E-6
5,44;297;452;570;946,9.629062205506575E-6
5,165;223;293;313;426,9.591677707694966E-6
5,5;155;255;516;686,9.560054119056465E-6
5,26;341;457;865;916,-9.538022473032718E-6
5,225;314;649;692;708,9.468283378507344E-6
5,478;635;825;836;850,9.442823699459125E-6
5,49;94;116;401;923,-9.439432690148658E-6
5,271;369;545;564;917,9.3718837216538E-6
5,99;289;447;573;922,9.354112582697287E-6
5,159;199;212;327;376,-9.349232242924292E-6
5,116;219;389;666;744,-9.13337781069663E-6
5,68;442;619;838;981,9.131298255404257E-6
5,180;649;753;865;957,9.090906315886748E-6
5,25;211;316;497;859,9.062634349795806E-6
5,4;20;634;871;958,8.861068617339926E-6
5,187;256;302;542;992,-8.831420219831035E-6
5,423;485;518;763;909,8.332497928613174E-6
5,296;665;733;933;966,-8.322840508194773E-6
5,261;295;430;785;892,8.297215817505623E-6
5,185;252;269;343;898,8.138646723062138E-6
5,276;288;628;892;915,8.027217892157147E-6
5,189;539;558;923;930,-8.018226502414205E-6
5,3;370;413;423;675,-7.983129509876578E-6
5,130;348;398;576;896,-7.901194100932776E-6
5,249;451;770;862;927,7.85348475504349E-6
5,25;27;69;292;507,7.818275760041331E-6
5,26;43;360;378;670,-7.740769490868452E-6
5,172;465;556;570;992,-7.719951162009374E-6
5,90;339;564;908;923,7.651700932285216E-6
5,59;135;414;603;980,7.6224374298797735E-6
5,95;567;570;707;958,7.622052965695115E-6
5,87;140;270;752;913,-7.60332050293135E-6
5,377;572;579;802;836,-7.430512631976048E-6
5,111;117;306;315;857,-7.397409213821937E-6
5,38;110;438;645;837,7.368123345666094E-6
5,214;357;462;945;992,-7.357976839694105E-6
5,416;614;800;902;929,7.3090213091352304E-6
5,381;634;674;704;772,7.300392017826549E-6
5,119;283;441;609;810,7.1315378582445386E-6
5,180;718;941;995;996,-6.888622448784139E-6
5,52;447;646;797;915,-6.847375169069702E-6
5,257;519;559;981;993,-6.648192458486093E-6
5,6;327;621;672;909,-6.6441129832647374E-6
5,128;363;500;526;999,-6.527055852983975E-6
5,34;296;558;572;832,-6.434693594848672E-6
5,65;289;542;590;650,-6.402029943619561E-6
5,191;362;507;802;862,6.296598683165108E-6
5,227;485;737;844;941,-6.2533999403127825E-6
5,51;145;562;565;647,6.195652400368217E-6
5,179;238;338;543;759,-6.163863661118714E-6
5,90;176;506;915;987,6.032834732338386E-6
5,65;226;504;799;801,-6.019161382372091E-6
5,161;173;280;341;718,-5.9620062565937765E-6
5,144;208;289;452;793,-5.8857301866280345E-6
5,30;168;247;715;770,5.869037426732441E-6
5,279;395;735;825;871,-5.865074506360934E-6
5,28;278;421;674;923,-5.792258475087051E-6
5,2;125;312;520;841,5.754108273792625E-6
5,199;458;557;842;918,-5.662204096351161E-6
5,33;60;145;556;901,5.590441249677541E-6
5,455;855;862;928;998,5.543313885685009E-6
5,187;196;303;802;861,5.495734390367813E-6
5,136;285;351;497;954,-5.4238508326352605E-6
5,96;381;700;720;977,-5.337531981486402E-6
5,8;92;398;708;991,-5.106864999040801E-6
5,462;493;680;739;822,5.07536015458852E-6
5,217;232;546;689;795,5.05589628757323E-6
5,169;199;245;594;786,-5.028673454101032E-6
5,65;190;426;473;566,-5.009071528323046E-6
5,195;285;305;427;673,4.8704920487286814E-6
5,208;231;473;792;922,-4.712322076433431E-6
5,74;91;305;547;962,-4.618497475456347E-6
5,275;307;484;629;804,4.5323563965243666E-6
5,87;583;770;815;912,-4.443325723492674E-6
5,201;731;801;838;839,4.43052506142708E-6
5,73;249;478;741;882,4.39221762576357E-6
5,528;575;607;736;824,4.285551182797869E-6
5,378;576;599;684;743,4.268992394940934E-6
5,26;50;218;367;800,4.218436497520111E-6
5,362;459;579;616;929,-4.144740897653726E-6
5,138;141;194;483;735,-4.138373917158395E-6
5,45;268;397;795;899,3.957490282701523E-6
5,13;207;526;548;995,-3.956877726863779E-6
5,164;174;297;473;948,-3.910832362994901E-6
5,548;662;740;985;991,-3.890690566565783E-6
5,49;290;400;582;836,-3.884585080374769E-6
5,66;235;241;762;872,3.8502752604903E-6
5,115;118;218;772;999,3.6741143700035757E-6
5,166;373;556;972;990,3.4772062651479454E-6
5,34;69;147;416;535,3.444753392610661E-6
5,447;572;684;804;831,-3.363993672486198E-6
5,33;52;79;809;880,-3.271919430614681E-6
5,44;279;430;663;963,-3.212582421738941E-6
5,15;66;173;291;319,-3.145079616471272E-6
5,151;187;224;529;549,-2.983608236837139E-6
5,127;328;690;763;811,-2.935057346876942E-6
5,81;609;636;802;976,2.910457094749731E-6
5,0;141;223;228;909,2.8607276872599715E-6
5,8;508;562;563;606,2.8009225963396627E-6
5,390;421;466;510;816,2.696357608755463E-6
5,272;628;905;922;956,-2.6560099698199615E-6
5,150;358;570;611;620,2.647663607243431E-6
5,504;521;578;870;916,2.5909162774652507E-6
5,269;353;366;582;651,2.4706623959571023E-6
5,144;422;495;504;596,-2.275826138607065E-6
5,83;94;293;500;746,-2.242711287375864E-6
5,551;577;650;683;813,2.2331169469696385E-6
5,18;407;828;903;951,2.1246521537686E-6
5,20;58;78;320;789,2.0400319453052102E-6
5,255;611;850;859;889,2.03268532723376E-6
5,56;248;360;474;618,1.9080662825469024E-6
5,108;163;255;273;672,-1.8534346004525255E-6
5,306;319;508;676;982,-1.7259209783618452E-6
5,249;306;445;754;980,-1.5860249572177202E-6
5,11;327;777;952;982,1.5489668616252423E-6
5,377;724;729;844;946,1.5177349792968933E-6
5,116;249;359;404;787,1.445154316544118E-6
5,390;396;462;772;781,-1.412012046773388E-6
5,98;431;593;698;839,1.394750169784513E-6
5,31;415;448;718;757,1.368268846142086E-6
5,63;93;133;483;626,1.367944271825617E-6
5,306;421;488;565;577,1.3555426624232564E-6
5,356;362;717;977;989,-1.2667821922902715E-6
5,63;244;284;457;988,-1.1158532506324177E-6
5,36;79;202;310;313,-1.041793293510368E-6
5,73;165;354;675;892,9.598011500998386E-7
5,96;295;452;643;895,8.850596077586981E-7
5,62;298;639;748;973,-8.695060828572549E-7
5,403;559;588;616;714,-8.467714171865939E-7
5,4;101;146;721;831,-8.292416308629119E-7
5,507;666;696;799;860,-8.204984744445629E-7
5,255;330;586;643;881,-7.064333702960952E-7
5,468;679;888;894;902,6.649108696363294E-7
5,114;359;523;821;900,-6.420056738743046E-7
5,46;169;408;558;687,5.552703528734354E-7
5,190;311;581;603;884,-4.646420027199609E-7
5,171;295;322;822;889,-3.5038798522625536E-7
5,453;513;577;655;684,2.4875463350236547E-7
5,160;385;512;759;808,2.298759037852871E-7
5,677;713;731;742;908,1.9829611532500015E-7
5,96;514;571;640;789,1.1804751981329964E-7
5,36;62;329;464;633,-5.511929417479494E-8
5,224;227;352;672;746,-1.8541610284042443E-8
