order,indices,coefficient
0,,0.501666592889832
1,116,-4.954115987818508E-4
1,107,-3.939150720683684E-4
1,496,3.7972360621362796E-4
1,363,-3.492338296901375E-4
1,896,3.3250724815609296E-4
1,182,3.2872812115947967E-4
1,701,-3.2207087102410623E-4
1,640,3.213258275375715E-4
1,14,3.18093217632259E-4
1,169,-3.128085304736785E-4
1,451,-3.0989285228856815E-4
1,742,-3.095210991689667E-4
1,450,3.083245451380733E-4
1,596,2.9815414233950327E-4
1,410,-2.949063708167085E-4
1,744,-2.9287465423602586E-4
1,332,-2.9230524339244625E-4
1,249,2.920397108586939E-4
1,603,-2.9154331581200704E-4
1,423,2.859873675790786E-4
1,610,-2.7918969081874113E-4
1,458,2.7564857405161156E-4
1,634,-2.683509675683592E-4
1,280,2.6737481116490366E-4
1,140,2.657289758613569E-4
1,168,-2.634173293411162E-4
1,700,2.6254637866914547E-4
1,805,2.617818037040311E-4
1,678,-2.5781210605728666E-4
1,957,2.5757532544487224E-4
1,35,2.569064306958457E-4
1,495,2.5601876567531953E-4
1,935,2.5533266228284704E-4
1,382,2.4981046678849956E-4
1,428,2.496574858807045E-4
1,792,2.4931430855910035E-4
1,883,-2.4543922556782073E-4
1,122,2.453618404883659E-4
1,958,2.448802436180056E-4
1,284,2.445193084805009E-4
1,488,2.4443672840900304E-4
1,316,2.4233517532458917E-4
1,623,2.4225200011488782E-4
1,318,-2.4115568856505483E-4
1,483,2.3945034744425237E-4
1,760,-2.3923715679656336E-4
1,359,-2.3894826503784397E-4
1,715,2.3813818744996185E-4
1,482,2.342882021005537E-4
1,341,2.3258975000316228E-4
1,324,2.3200967361630985E-4
1,124,-2.3119321989606618E-4
1,910,-2.306763279334394E-4
1,534,-2.2998604695466623E-4
1,555,2.2859055385208223E-4
1,723,2.2637916757327342E-4
1,234,2.2596226415132371E-4
1,408,-2.2242780370400111E-4
1,97,-2.2236845654965628E-4
1,526,2.205496019537427E-4
1,295,2.2046933033309572E-4
1,86,-2.1902804620343633E-4
1,548,2.1602559680310624E-4
1,620,-2.155392295884861E-4
1,758,-2.1466605039082483E-4
1,493,-2.1408710198431695E-4
1,378,-2.1218169719453342E-4
1,663,-2.100486760116533E-4
1,828,-2.070355145765322E-4
1,921,-2.0695413061397777E-4
1,773,2.0666190948491164E-4
1,466,-2.056470313801876E-4
1,373,-2.055192843598133E-4
1,45,-2.0548459848448086E-4
1,697,2.053402807111072E-4
1,437,-2.0532504870607185E-4
1,654,-2.036645606650898E-4
1,688,-2.033259353723524E-4
1,128,-2.029859232871964E-4
1,783,2.0185984117544034E-4
1,195,1.9938677658091952E-4
1,954,-1.9855528136649109E-4
1,239,1.979000909135998E-4
1,591,1.9562037848557074E-4
1,859,1.9514326986464265E-4
1,721,-1.9505856124025977E-4
1,95,1.9448688140982613E-4
1,307,1.944467242629468E-4
1,572,-1.940479950560776E-4
1,813,-1.9268317781303952E-4
1,674,-1.9228628652945932E-4
1,771,-1.9138908788605646E-4
1,579,-1.9123031682242954E-4
1,989,-1.9103294671562494E-4
1,689,-1.9097159914369796E-4
1,659,1.8823925498026977E-4
1,337,1.8723723342062607E-4
1,47,1.8686351128801554E-4
1,915,1.8642896738907007E-4
1,575,-1.8535533633509663E-4
1,277,-1.8504550211821875E-4
1,563,1.846196311737463E-4
1,592,1.840434470964915E-4
1,118,-1.8393052534573567E-4
1,589,1.8341655302297777E-4
1,222,-1.8297920105017398E-4
1,296,1.8296210687654348E-4
1,499,-1.828837685385205E-4
1,156,1.8223809105605252E-4
1,530,1.8197269220607243E-4
1,774,1.81871618163809E-4
1,201,1.814600487994025E-4
1,214,1.8134660721675312E-4
1,20,-1.8074298386340948E-4
1,838,-1.8052783804981215E-4
1,498,-1.8029030410790278E-4
1,279,-1.800890419689138E-4
1,531,-1.7947174882687966E-4
1,394,-1.7943799801464384E-4
1,515,-1.793711566311764E-4
1,809,1.7887854308420878E-4
1,545,1.7865773228439502E-4
1,779,-1.7832783953717856E-4
1,151,-1.7750266094249297E-4
1,538,1.7693903545671868E-4
1,335,1.766194949946221E-4
1,500,1.7553834392594408E-4
1,732,-1.7549676873167378E-4
1,510,1.7497701793520135E-4
1,4,1.7445381806013106E-4
1,666,1.7400072758935327E-4
1,23,-1.7218263193725242E-4
1,189,-1.7172601408231225E-4
1,652,1.7061882092309438E-4
1,377,-1.7008715934198877E-4
1,87,-1.6976564519158245E-4
1,602,-1.6968603578265305E-4
1,770,-1.6952050026377953E-4
1,643,-1.679930176210238E-4
1,327,-1.6714097965265924E-4
1,847,-1.668746819911741E-4
1,590,-1.667378617318768E-4
1,98,1.66211579826247E-4
1,952,-1.657123597528395E-4
1,352,1.6481550121648757E-4
1,839,-1.6478407354054048E-4
1,987,-1.6444452209980414E-4
1,479,-1.6405936732027143E-4
1,120,-1.6311049454413053E-4
1,950,-1.6301994711107019E-4
1,395,-1.6296336246933823E-4
1,236,-1.622341556619388E-4
1,788,1.6186695354884867E-4
1,457,1.6144441108008193E-4
1,778,1.612647921851194E-4
1,119,1.6041987220061997E-4
1,167,1.6018193344736982E-4
1,36,-1.595908854187138E-4
1,328,-1.591691671964584E-4
1,680,1.5888922491700676E-4
1,314,1.5871988804109377E-4
1,614,1.5858289185845934E-4
1,419,-1.5853830173040247E-4
1,520,1.5797390446539516E-4
1,360,-1.5767538811772966E-4
1,18,1.5694409226972016E-4
1,886,-1.567588832526154E-4
1,136,-1.5675340392327483E-4
1,468,1.5675071156340703E-4
1,518,1.5641115679296367E-4
1,299,-1.5628373699582416E-4
1,641,-1.5609721069500298E-4
1,6,-1.5593512184606804E-4
1,502,-1.5483960671801715E-4
1,790,1.5478288651774057E-4
1,1,1.5477473447094675E-4
1,356,-1.5471783332013326E-4
1,893,1.5471043612257817E-4
1,553,1.5462224539224712E-4
1,951,1.5394636117958515E-4
1,133,-1.5381680217985128E-4
1,791,1.5378441894350748E-4
1,529,-1.53039368835268E-4
1,264,1.5296046516142438E-4
1,786,1.5218724793301632E-4
1,109,-1.5077065372206286E-4
1,898,1.5066352913740172E-4
1,645,1.5031800686390095E-4
1,521,1.4915247860677636E-4
1,228,-1.4908609775281492E-4
1,998,1.488083255756288E-4
1,944,-1.4853171445471737E-4
1,33,1.481551629242897E-4
1,814,-1.4813311759095992E-4
1,106,-1.4713122189245005E-4
1,453,-1.4706741630324762E-4
1,849,1.468788661158061E-4
1,924,1.4653820238815497E-4
1,7,1.4640391158678E-4
1,294,1.4636700720275248E-4
1,345,1.4559157589083422E-4
1,669,1.4507245424853538E-4
1,759,1.4490746712282499E-4
1,995,1.4475709311632248E-4
1,945,1.4442554539284907E-4
1,452,-1.4374324524107294E-4
1,914,-1.428145368712398E-4
1,509,-1.427835312817946E-4
1,205,-1.4222349595480944E-4
1,627,1.4190606677012905E-4
1,211,-1.4170986565099688E-4
1,752,-1.4149812254109765E-4
1,308,-1.4055853189320745E-4
1,39,1.4046862688074725E-4
1,685,1.4027523082849218E-4
1,465,1.4013247077985895E-4
1,427,1.39889003279131E-4
1,84,1.397694251389861E-4
1,703,1.392700904110516E-4
1,860,-1.3926244613827275E-4
1,724,-1.391790742347802E-4
1,722,1.3902777039596288E-4
1,525,1.3890130239915864E-4
1,223,-1.37774993675508E-4
1,511,1.3773842317441274E-4
1,415,-1.372752925528572E-4
1,300,-1.3721327666692287E-4
1,257,-1.3708391361463057E-4
1,25,1.3688528103137021E-4
1,601,-1.3671284160123064E-4
1,619,1.3657810217787626E-4
1,459,-1.3636320953052379E-4
1,994,1.3624482047684423E-4
1,560,-1.3604129815454803E-4
1,508,1.3596611901840034E-4
1,322,1.3584795892503703E-4
1,516,1.3514298268399924E-4
1,558,1.3502898335976632E-4
1,164,1.350234638176639E-4
1,963,-1.3419678481143554E-4
1,867,1.3382273850879732E-4
1,275,-1.333891642715963E-4
1,216,1.3327932509484247E-4
1,633,-1.3323745638708662E-4
1,481,-1.3307141110934783E-4
1,104,1.329489796107336E-4
1,301,1.327868269261331E-4
1,611,1.326904173425964E-4
1,889,1.3201082756264084E-4
1,334,-1.310128179502409E-4
1,325,1.3047980412354086E-4
1,929,-1.299205899640218E-4
1,908,-1.293641024141295E-4
1,270,1.2828618866417144E-4
1,660,-1.2815398789721116E-4
1,692,-1.2796658778616596E-4
1,672,1.2787488026467952E-4
1,585,1.2727002071733992E-4
1,218,-1.271714914112697E-4
1,438,-1.2705144814259073E-4
1,281,-1.2649177095983526E-4
1,331,-1.2635539813555442E-4
1,959,1.2558540365630573E-4
1,554,1.252399124620294E-4
1,268,-1.252074412703793E-4
1,852,-1.2492057374223795E-4
1,651,1.246914837217045E-4
1,323,1.2463892967208326E-4
1,569,1.24370627940561E-4
1,282,1.2351611618952225E-4
1,713,-1.2340762713263748E-4
1,472,-1.232194522487779E-4
1,375,1.2277486512019204E-4
1,91,1.2204835893047084E-4
1,629,-1.216543427910272E-4
1,855,1.21034350228034E-4
1,217,-1.2010842192969349E-4
1,342,1.2003809087940396E-4
1,485,-1.2000657354685942E-4
1,906,1.1981126761521251E-4
1,953,-1.195779711003099E-4
1,571,1.1861436635343058E-4
1,41,1.182884674270773E-4
1,258,-1.1805611198929175E-4
1,934,-1.1781551344463187E-4
1,891,-1.1757033365416784E-4
1,442,-1.1742236344834369E-4
1,253,-1.172701290983468E-4
1,877,-1.1714608185520737E-4
1,884,-1.167735437901408E-4
1,781,-1.1664917407363279E-4
1,283,1.1655021321233444E-4
1,478,1.1651870007006157E-4
1,330,1.1649945607280959E-4
1,756,-1.164489595428227E-4
1,991,1.1642983348452419E-4
1,556,1.1620781600159376E-4
1,490,-1.1601009075463862E-4
1,69,-1.1590359828031821E-4
1,559,-1.1565360305738966E-4
1,320,1.1545523241284475E-4
1,920,1.1377476225312746E-4
1,639,-1.1372750058540729E-4
1,900,-1.1342772408840986E-4
1,894,-1.1314733390675918E-4
1,406,1.129402846265724E-4
1,121,-1.1281695302819235E-4
1,599,1.1261493980865272E-4
1,255,-1.1218806854283947E-4
1,562,-1.1206488956146413E-4
1,940,1.1187072071764743E-4
1,434,1.1178829531685049E-4
1,409,1.1105315930954149E-4
1,383,-1.1104019835105943E-4
1,522,-1.1097387821250671E-4
1,68,1.1064639001753847E-4
1,426,-1.0939828847637381E-4
1,818,-1.0930193399043948E-4
1,757,-1.0905254601018292E-4
1,874,1.0903159027990415E-4
1,405,-1.0884024074159895E-4
1,108,1.0877864497793068E-4
1,872,1.0856841123975698E-4
1,174,-1.0856438118154817E-4
1,706,-1.0842283700426008E-4
1,303,-1.0830393608095908E-4
1,981,1.0801267198689863E-4
1,784,-1.0766956544440434E-4
1,233,1.0710803408564281E-4
1,251,-1.0663654692968794E-4
1,460,-1.0643043154420376E-4
1,302,-1.0630734713034579E-4
1,5,-1.0538994563756206E-4
1,969,-1.0491671163202208E-4
1,313,1.0486765864045561E-4
1,367,-1.046339301051691E-4
1,564,-1.0439464367678164E-4
1,105,-1.0399647606570925E-4
1,922,1.0395104508932413E-4
1,242,1.0344066338440942E-4
1,439,-1.0328743673622316E-4
1,310,1.0325991183579853E-4
1,930,1.0243623482797485E-4
1,588,1.0235692140357291E-4
1,864,-1.0234353236412619E-4
1,812,-1.0126864535730695E-4
1,576,1.0097407731226244E-4
1,76,-1.0085724635513216E-4
1,191,1.0082809698067579E-4
1,13,-1.0079184906226256E-4
1,475,-1.0033931140146049E-4
1,996,-1.002948924427545E-4
1,31,-9.989141478575908E-5
1,568,9.965722384015965E-5
1,99,-9.958399542523752E-5
1,753,9.958129586570973E-5
1,431,9.950120715120822E-5
1,260,9.918217518309164E-5
1,401,-9.910241830623052E-5
1,942,-9.885743460239746E-5
1,519,-9.849252187657419E-5
1,782,-9.84919139380401E-5
1,964,-9.769299171667994E-5
1,807,-9.764715363300059E-5
1,938,-9.717438676161374E-5
1,505,9.659030561395391E-5
1,501,9.649205172844532E-5
1,412,9.633843236456444E-5
1,856,-9.606900319468587E-5
1,684,9.604963100536573E-5
1,913,-9.59045507328195E-5
1,393,-9.577405568106761E-5
1,287,-9.548823619350833E-5
1,420,9.544477727674949E-5
1,89,-9.536286014612936E-5
1,624,9.511322742547127E-5
1,158,9.505613063479002E-5
1,543,-9.486974300010268E-5
1,965,9.476851576372377E-5
1,83,9.465748558100497E-5
1,256,-9.420981133842291E-5
1,873,9.414370357530585E-5
1,763,-9.341836927549838E-5
1,866,9.32244677344898E-5
1,647,9.309244788747966E-5
1,141,9.302300380552425E-5
1,177,9.288320052742881E-5
1,161,9.286643416150037E-5
1,497,9.272678096102296E-5
1,143,-9.257589633065034E-5
1,197,9.251207193673188E-5
1,392,-9.216060255123503E-5
1,346,-9.194752704313905E-5
1,226,-9.189715652417877E-5
1,102,-9.18878434669328E-5
1,691,-9.16062572202352E-5
1,587,9.135376334634754E-5
1,800,9.123037249706604E-5
1,811,-9.103841084484834E-5
1,237,-9.076425336898E-5
1,789,-9.073431142410088E-5
1,50,9.068067527928767E-5
1,374,9.060142199812291E-5
1,901,9.055076544379848E-5
1,417,-9.05026468523712E-5
1,532,-9.048340132615846E-5
1,192,9.038191881367566E-5
1,32,9.002218669765014E-5
1,464,-8.987960759127192E-5
1,369,-8.940672367833521E-5
1,27,8.924628904272722E-5
1,298,-8.892357308581428E-5
1,103,-8.886732945959075E-5
1,826,8.863757920591087E-5
1,626,8.849404162400718E-5
1,379,-8.835984845642449E-5
1,661,-8.82510250339689E-5
1,403,8.762533574949815E-5
1,3,-8.746984536512291E-5
1,968,8.695152748501747E-5
1,386,8.679846245184753E-5
1,12,8.595356314268027E-5
1,743,8.562159707004629E-5
1,632,8.550444409582325E-5
1,730,8.549590276467562E-5
1,845,8.544096884411252E-5
1,808,-8.521571465985956E-5
1,338,-8.451691945717682E-5
1,986,8.429224420032728E-5
1,665,8.421496343262456E-5
1,622,8.41941288915869E-5
1,65,8.412721265572138E-5
1,609,-8.354549317419412E-5
1,746,8.35142326030139E-5
1,180,8.331835855841472E-5
1,400,-8.328350070989334E-5
1,416,-8.313397569279168E-5
1,714,-8.310150952186382E-5
1,698,-8.2895377068203E-5
1,200,8.270785968472195E-5
1,266,-8.254332543312382E-5
1,317,8.23579155761075E-5
1,578,8.235331453899364E-5
1,693,-8.232936017637502E-5
1,404,-8.1874991033023E-5
1,480,-8.164455052790747E-5
1,127,8.133618918518706E-5
1,533,-8.130859907613371E-5
1,390,8.122831494726623E-5
1,833,-8.102752479031284E-5
1,193,-8.09322356683345E-5
1,879,-8.085051406034946E-5
1,85,8.071715850452406E-5
1,19,-8.025227899996772E-5
1,184,8.014178325073095E-5
1,286,8.007686226018667E-5
1,440,-7.995984018367095E-5
1,577,7.984294047860515E-5
1,484,-7.972549478924983E-5
1,114,-7.871989159485394E-5
1,344,-7.858173286806379E-5
1,765,7.845436587120791E-5
1,30,7.801081160413133E-5
1,63,-7.779888088687724E-5
1,446,7.773877468720538E-5
1,820,-7.773028629575113E-5
1,424,-7.738042144967837E-5
1,593,-7.728947884108209E-5
1,541,-7.727608235655392E-5
1,702,7.7126480896828E-5
1,876,-7.711989052045466E-5
1,166,7.699226016199248E-5
1,172,7.684726445069128E-5
1,671,7.63526800086731E-5
1,425,7.593777243587511E-5
1,372,7.583730493417004E-5
1,429,-7.565589497240534E-5
1,768,-7.559867033926899E-5
1,67,-7.552143435135505E-5
1,667,-7.551327567876732E-5
1,837,-7.548536023746391E-5
1,846,7.501079030589327E-5
1,798,7.495416269816061E-5
1,113,7.448219610780535E-5
1,729,7.4323005828108E-5
1,225,-7.425300266421864E-5
1,24,-7.390705728124158E-5
1,737,7.343771693098086E-5
1,305,7.321712516352272E-5
1,71,7.247611473809198E-5
1,362,7.242237734215548E-5
1,978,-7.231279745929706E-5
1,348,7.192975039847973E-5
1,336,-7.11536035546049E-5
1,138,7.104726558924413E-5
1,971,7.080985363613593E-5
1,882,-7.001078387046664E-5
1,617,-6.988784512908395E-5
1,973,-6.938887114910178E-5
1,78,-6.887007107079727E-5
1,719,6.8693129022922E-5
1,219,6.85680826932197E-5
1,648,-6.856328648350567E-5
1,487,6.854148659929465E-5
1,231,6.793807828121129E-5
1,445,6.785558291384105E-5
1,28,6.783974057745067E-5
1,683,6.734095313078936E-5
1,793,6.711617810723224E-5
1,291,-6.703945472550262E-5
1,407,-6.657116029390458E-5
1,486,6.632837492387753E-5
1,123,-6.630660659531192E-5
1,130,6.62688061942594E-5
1,8,-6.623092348027526E-5
1,600,6.607828604017756E-5
1,455,-6.59893023611482E-5
1,983,6.591698515570545E-5
1,227,-6.58048045181218E-5
1,857,6.569079996846504E-5
1,188,6.557277711748714E-5
1,512,-6.547936258079768E-5
1,80,6.53528043781225E-5
1,248,-6.513250869999715E-5
1,489,-6.50055378068069E-5
1,381,-6.463514117906821E-5
1,892,6.446375163523365E-5
1,594,6.42336400245263E-5
1,370,-6.410548728843752E-5
1,832,-6.406845362231688E-5
1,44,6.390362042982934E-5
1,326,6.378508472581599E-5
1,707,6.358087406271391E-5
1,523,-6.352071206953531E-5
1,75,-6.3263089709098E-5
1,817,-6.325725967793221E-5
1,961,6.31926525152451E-5
1,552,-6.318062360737073E-5
1,733,-6.313379849048691E-5
1,955,6.26819575701286E-5
1,100,6.264206636741E-5
1,311,-6.254335349726914E-5
1,230,6.241326548428239E-5
1,704,-6.152086255305179E-5
1,586,-6.148576709202057E-5
1,561,6.146318474187356E-5
1,145,-6.138295600690122E-5
1,848,-6.129242398883422E-5
1,165,-6.114732767161981E-5
1,604,-6.0968996338647744E-5
1,948,-6.077658082827764E-5
1,175,6.071723802794918E-5
1,432,-6.046838743558412E-5
1,333,-6.014314554784037E-5
1,135,-5.994477816737303E-5
1,9,-5.9780691895660564E-5
1,810,-5.974866571888971E-5
1,398,5.9690678254259586E-5
1,2,-5.967291436119932E-5
1,292,5.9489758076983314E-5
1,947,-5.944981264944749E-5
1,861,5.9047673057138816E-5
1,888,-5.898950268221064E-5
1,956,-5.895401650540536E-5
1,936,5.883829555577676E-5
1,49,5.868469280669505E-5
1,52,-5.851441154517505E-5
1,59,5.840513026067262E-5
1,735,5.833153674799472E-5
1,361,5.822362877228652E-5
1,402,-5.811441538077336E-5
1,198,5.801415134870015E-5
1,48,5.765518255136557E-5
1,261,-5.741614219688962E-5
1,202,-5.739111296136504E-5
1,126,-5.709180767160641E-5
1,293,5.702820810555954E-5
1,795,5.682344623223901E-5
1,675,5.6764502885343875E-5
1,70,5.672046547007613E-5
1,681,-5.6585252785623415E-5
1,740,5.6435816283294706E-5
1,449,-5.6264206826663545E-5
1,662,-5.599486799888558E-5
1,146,-5.58622225428959E-5
1,777,-5.5843564866745217E-5
1,542,5.5756898719922E-5
1,132,-5.5370798999557245E-5
1,207,-5.5308584690260997E-5
1,905,-5.5215402764505625E-5
1,655,-5.520359856842399E-5
1,171,5.493673681302026E-5
1,999,-5.487637549542952E-5
1,503,-5.480134915136861E-5
1,976,5.476865274912815E-5
1,690,5.448338833049236E-5
1,513,-5.4364078897765576E-5
1,366,-5.4230644855870356E-5
1,215,5.4144273761835516E-5
1,81,-5.376870902457765E-5
1,288,-5.37418902627952E-5
1,142,5.3726659190915754E-5
1,285,5.367865635335004E-5
1,926,5.3497920393105514E-5
1,843,-5.3353025975183446E-5
1,628,-5.303875284340382E-5
1,15,5.298234727591726E-5
1,851,5.24021494952501E-5
1,583,5.237637088749722E-5
1,911,-5.235120301670734E-5
1,38,5.207018027407134E-5
1,615,5.203110060023102E-5
1,966,-5.18152056177462E-5
1,550,5.1771307869252874E-5
1,421,5.1752313295209696E-5
1,389,5.172507917196671E-5
1,212,5.166285087242569E-5
1,834,5.163251362080419E-5
1,544,-5.15694246666105E-5
1,353,-5.154204460621511E-5
1,827,5.147915377471377E-5
1,982,-5.124843505061068E-5
1,186,5.110087296430424E-5
1,17,-5.107974484265119E-5
1,776,-5.079665997941286E-5
1,967,5.0732871060739775E-5
1,506,-5.044267559101449E-5
1,349,-5.0404349216154983E-5
1,208,-5.0398775293956395E-5
1,183,-5.037161423409212E-5
1,750,-5.031993003267525E-5
1,658,-5.018123452458634E-5
1,504,-5.0053842176751714E-5
1,712,-4.9817882150228266E-5
1,178,-4.966935160665885E-5
1,477,4.941063855758246E-5
1,535,-4.9402648824315E-5
1,890,-4.933921861821966E-5
1,517,-4.909624454514986E-5
1,741,4.8850736823822586E-5
1,677,-4.8505708424934455E-5
1,751,4.8290717902621654E-5
1,880,-4.827138696268644E-5
1,598,-4.823781163936714E-5
1,304,4.802308392468834E-5
1,269,4.801843223398612E-5
1,717,-4.763910486525892E-5
1,646,4.7529586236719825E-5
1,297,4.7467437087388145E-5
1,636,-4.718576947506537E-5
1,990,4.708281449990854E-5
1,355,-4.701550721439202E-5
1,147,-4.6713915150769596E-5
1,454,4.6639903248726063E-5
1,0,-4.613496595326702E-5
1,64,-4.579567774229E-5
1,842,-4.571201793477328E-5
1,823,-4.5161066326606076E-5
1,854,-4.5115609073479936E-5
1,573,4.488237318463058E-5
1,916,4.483198656445257E-5
1,274,4.459558687445856E-5
1,131,4.454353152933689E-5
1,385,4.4250202264437714E-5
1,785,4.4115336580970045E-5
1,699,4.3932741877455205E-5
1,213,-4.380844689188838E-5
1,748,4.374149743379731E-5
1,638,-4.366563185946316E-5
1,557,-4.323817047300291E-5
1,306,-4.319733701186687E-5
1,267,4.2994820556669563E-5
1,819,4.28456952998611E-5
1,153,4.282154675178088E-5
1,56,4.233994126546804E-5
1,196,-4.21893524830642E-5
1,869,-4.202699958396515E-5
1,456,4.180562187752868E-5
1,391,-4.1648821223842494E-5
1,974,-4.149964345629376E-5
1,476,4.1427002966145967E-5
1,238,-4.132673406100619E-5
1,718,4.1303907484777395E-5
1,354,4.084550505885863E-5
1,949,4.0545709576396635E-5
1,696,-4.046914105231873E-5
1,902,4.006272507753675E-5
1,149,-4.000424903352134E-5
1,92,-3.998741052528125E-5
1,618,-3.970382809689277E-5
1,904,-3.948406230500552E-5
1,51,-3.907811066865919E-5
1,179,3.894171575744559E-5
1,40,3.884610098302194E-5
1,574,-3.882091903958779E-5
1,975,3.8784899616818126E-5
1,170,3.857797880596654E-5
1,53,3.8095231003566285E-5
1,199,-3.8059545411784024E-5
1,492,-3.793806123381623E-5
1,709,3.790277332256885E-5
1,780,-3.786747512086176E-5
1,608,-3.7864240465508334E-5
1,749,-3.779214456536134E-5
1,112,3.7759974989236226E-5
1,621,3.750526680189237E-5
1,695,3.72904493652364E-5
1,88,3.7190407446065624E-5
1,388,3.718519749882653E-5
1,821,-3.7120556160251964E-5
1,397,-3.711292465245102E-5
1,582,3.699906911666063E-5
1,637,-3.690480014708766E-5
1,37,-3.682456457309463E-5
1,738,-3.6789618109840454E-5
1,731,3.66060125231164E-5
1,919,3.644405718045127E-5
1,972,-3.614077123424172E-5
1,289,-3.599483903783263E-5
1,224,-3.5879440924418714E-5
1,229,3.567920957631943E-5
1,94,-3.560453994283337E-5
1,396,3.552782982192422E-5
1,943,3.5325819030612115E-5
1,794,-3.530410543233942E-5
1,447,3.5175304979441286E-5
1,754,-3.4996469108655155E-5
1,844,3.4939721006353016E-5
1,134,3.488018766678162E-5
1,565,3.475656552774679E-5
1,411,3.4710036673152306E-5
1,865,3.463078402305554E-5
1,246,-3.462954543221217E-5
1,918,-3.458505860886406E-5
1,240,3.452961557006898E-5
1,787,-3.404584149062156E-5
1,613,-3.39880301781411E-5
1,642,-3.398662505347576E-5
1,247,3.392179752168823E-5
1,58,3.3875196806332384E-5
1,858,3.367696339414756E-5
1,570,-3.356883229892877E-5
1,474,3.344285002651824E-5
1,350,-3.283636772270788E-5
1,897,-3.2587595910909036E-5
1,720,3.222678413754395E-5
1,710,3.206212230570075E-5
1,931,3.186299561568291E-5
1,278,3.182004335519912E-5
1,887,-3.1521917079348956E-5
1,923,-3.141121512767554E-5
1,463,-3.139047310829766E-5
1,686,-3.122430466944069E-5
1,117,3.121359783632136E-5
1,399,3.0955107628024403E-5
1,985,3.090741896553792E-5
1,625,-3.0394462157957856E-5
1,804,-3.0393875722322232E-5
1,26,-3.035262694854492E-5
1,469,-3.033519180203004E-5
1,980,3.021920072604132E-5
1,315,-3.0110546639696366E-5
1,273,2.996304664826105E-5
1,734,-2.9713922401331583E-5
1,581,-2.9709496784371987E-5
1,941,2.9615632904050915E-5
1,259,-2.9531005740104483E-5
1,467,2.9475648088206936E-5
1,903,2.911042696932435E-5
1,340,-2.9083315937973092E-5
1,11,-2.9040624789671426E-5
1,870,2.880560873436458E-5
1,528,2.8468099729883585E-5
1,764,2.8390233406250667E-5
1,347,-2.832360348059143E-5
1,290,-2.7939966763061506E-5
1,650,2.7583805368643716E-5
1,635,-2.7568168097169035E-5
1,173,2.7474424943436618E-5
1,364,2.7220413661173512E-5
1,418,2.7178765537797968E-5
1,93,2.714689740215534E-5
1,443,-2.693128793194545E-5
1,946,-2.6891108445984134E-5
1,422,-2.685483958026136E-5
1,540,2.680926183372849E-5
1,436,-2.6791201532293944E-5
1,55,-2.6426423882236607E-5
1,62,-2.634575786159585E-5
1,206,2.6115834500972003E-5
1,799,-2.6111324410730607E-5
1,155,2.6027181119200966E-5
1,365,-2.6011150746610655E-5
1,22,2.5911096939015395E-5
1,265,2.555289553119419E-5
1,928,-2.5435570613043178E-5
1,679,2.5363969645995347E-5
1,252,2.5315945425435016E-5
1,835,-2.5223774457657224E-5
1,755,-2.5216330671195192E-5
1,822,2.4909551997408165E-5
1,125,-2.4617091329495702E-5
1,551,-2.4610227029794513E-5
1,775,2.4239859823661183E-5
1,448,2.3991622392878166E-5
1,433,2.39120868341815E-5
1,524,2.3763664338732693E-5
1,962,2.3748781750645938E-5
1,607,-2.374590596961889E-5
1,549,2.362498828184051E-5
1,606,-2.343407201940702E-5
1,885,-2.3155558630247567E-5
1,54,-2.3081648310494412E-5
1,673,-2.302716897963303E-5
1,276,-2.3005434610146385E-5
1,878,-2.280399824968919E-5
1,527,-2.2628199169986514E-5
1,631,2.2485432278992193E-5
1,871,-2.2361786393028737E-5
1,766,-2.2337943596296026E-5
1,414,-2.1950727662040288E-5
1,687,2.1921905156218694E-5
1,21,2.1914845972984346E-5
1,881,-2.179194138700966E-5
1,657,2.1775490808790448E-5
1,441,-2.1661615137548414E-5
1,993,2.1377047262833765E-5
1,653,-2.102070654653758E-5
1,473,-2.0931529233635174E-5
1,470,-2.087061530835624E-5
1,181,2.0807350204876694E-5
1,970,2.0669852441518145E-5
1,34,-2.0462946432197724E-5
1,616,2.0449406618100783E-5
1,187,2.040933487543489E-5
1,221,2.0372690980701158E-5
1,309,2.026004788502347E-5
1,157,-2.0169958012985906E-5
1,110,-2.015098187571588E-5
1,129,2.0125765311803623E-5
1,232,-1.9862285571670248E-5
1,806,1.982336397204616E-5
1,46,-1.974533392364773E-5
1,979,-1.9734991570952823E-5
1,546,-1.9698151040558817E-5
1,42,1.9596821560484174E-5
1,739,1.950094183260758E-5
1,150,1.949484451841773E-5
1,514,1.9487058693869726E-5
1,840,1.9415206465523236E-5
1,547,-1.915674496891001E-5
1,82,1.9091228230480458E-5
1,761,-1.884001247848803E-5
1,245,1.8798470594356203E-5
1,351,1.8727873606863315E-5
1,209,1.8667311689101235E-5
1,580,-1.850159555433692E-5
1,204,1.835966857420155E-5
1,907,1.8325528994969656E-5
1,203,1.8298996764333012E-5
1,430,1.817312317723506E-5
1,61,-1.800662471664797E-5
1,841,-1.771443080205484E-5
1,566,1.7695409428346873E-5
1,933,-1.7546587801530846E-5
1,491,-1.754623166169359E-5
1,96,-1.747120252261579E-5
1,29,-1.740756365462586E-5
1,343,1.7392531843155276E-5
1,148,-1.7392414592049655E-5
1,77,1.727648171189683E-5
1,803,1.7053002471073165E-5
1,747,1.6988008745670262E-5
1,668,1.6966805092337916E-5
1,162,1.644665124805962E-5
1,932,-1.604391284547909E-5
1,772,1.6030009390732777E-5
1,384,1.5630271792265517E-5
1,862,-1.544237510174454E-5
1,830,1.5419247716486937E-5
1,925,-1.535578754304086E-5
1,111,1.5314909407635317E-5
1,60,1.50761169801652E-5
1,656,1.5015220806560517E-5
1,66,1.4697957788246341E-5
1,736,1.456731370574403E-5
1,597,1.4422903757719788E-5
1,380,1.4389663263537397E-5
1,682,1.4372981380003689E-5
1,413,-1.4366273956803909E-5
1,435,-1.42885900805065E-5
1,357,-1.4280350426612409E-5
1,927,-1.4185639599587158E-5
1,824,-1.4127943500567105E-5
1,868,1.3804677089309867E-5
1,358,1.379500550384408E-5
1,210,-1.3760302370250978E-5
1,368,-1.3506643591479739E-5
1,115,-1.3281740603382129E-5
1,937,-1.3254332925728876E-5
1,917,1.2982706595520518E-5
1,767,1.2974827381703594E-5
1,644,-1.2952628028647093E-5
1,536,1.2709370907713083E-5
1,708,1.2536343840755652E-5
1,567,1.253469096520262E-5
1,831,1.2425614254501256E-5
1,649,-1.2252709645313941E-5
1,462,1.2203744812658665E-5
1,664,-1.220176680214835E-5
1,797,1.2039734410126984E-5
1,716,-1.1934121218578355E-5
1,988,1.1897669096105884E-5
1,371,1.1683413322403636E-5
1,507,-1.1580555018415297E-5
1,43,1.1424458953695246E-5
1,992,1.1339919257989925E-5
1,185,1.1260524805143808E-5
1,895,-1.1205477250350739E-5
1,73,-1.0935198529987583E-5
1,263,-1.087298720922182E-5
1,312,1.0826808378955556E-5
1,243,-1.0805621727346456E-5
1,853,-1.0634087212112647E-5
1,984,1.0585908697312147E-5
1,387,1.0134918585279664E-5
1,163,1.0129529582314625E-5
1,319,1.0115553607534273E-5
1,235,-1.0085449190088507E-5
1,630,-1.0006425891990932E-5
1,537,9.93361816999694E-6
1,272,-9.602064800937601E-6
1,137,9.308337511995238E-6
1,271,9.24611564717992E-6
1,850,9.19264834744905E-6
1,254,9.170648507985103E-6
1,244,-9.029932986420929E-6
1,745,8.75556004426796E-6
1,339,-8.47901818471693E-6
1,176,-8.441187825192688E-6
1,241,-8.422879575987259E-6
1,711,-8.37526126214043E-6
1,829,8.313993686138136E-6
1,139,8.233376506385001E-6
1,769,7.990777240945595E-6
1,79,7.451893134059889E-6
1,899,-7.414710811350374E-6
1,802,-7.258011888989856E-6
1,762,7.1889027223999285E-6
1,977,7.180353339930834E-6
1,160,6.857677992950145E-6
1,154,6.568677027957101E-6
1,444,-6.1813321717163615E-6
1,72,-5.983902235932856E-6
1,694,-5.974061178313763E-6
1,909,5.902660918583366E-6
1,796,5.70474299466861E-6
1,801,-5.631833903608871E-6
1,863,-5.538262607478084E-6
1,912,-5.4861918014414705E-6
1,539,-5.404696976558828E-6
1,875,-5.2040410059667476E-6
1,612,5.007102740258701E-6
1,471,4.819836061118632E-6
1,816,-4.815466128277588E-6
1,461,-4.626406309060152E-6
1,152,-4.539618530459588E-6
1,321,4.470053641985938E-6
1,939,-4.345972070233712E-6
1,10,4.305174121582739E-6
1,825,-4.195605211686271E-6
1,74,3.970464617470318E-6
1,57,-3.957422366300818E-6
1,676,3.956911278341607E-6
1,670,3.944396811705168E-6
1,728,-3.553998192269807E-6
1,16,-3.499668660130892E-6
1,705,3.274506004590283E-6
1,220,3.178869802979288E-6
1,262,-2.999780036275254E-6
1,960,2.9816728373210227E-6
1,605,-2.7130420972949765E-6
1,815,2.5898160594631933E-6
1,194,2.4855588934223105E-6
1,190,-2.304001965781965E-6
1,584,-1.6996897714433267E-6
1,101,-1.6991245040167934E-6
1,725,-1.4445578966061913E-6
1,726,-1.2118328130750339E-6
1,90,-1.191041147981648E-6
1,997,-8.95504333979183E-7
1,144,8.730454441485819E-7
1,494,-7.785814465569168E-7
1,376,7.702290161125947E-7
1,250,-5.200886238984765E-7
1,595,-3.5279501993974035E-7
1,727,3.1736213784481356E-7
1,159,-1.9143035337659127E-7
1,329,-1.3186355051004322E-7
1,836,1.082199313237331E-7
2,616;896,-2.28498676908249E-4
2,395;934,-2.0909518265383153E-4
2,1;619,-1.9631469546628044E-4
2,742;748,-1.936969492441419E-4
2,790;866,-1.8462525201246044E-4
2,599;698,1.8258672848603396E-4
2,915;949,1.7676943134777807E-4
2,583;855,-1.7635363617313316E-4
2,813;904,-1.752552922601985E-4
2,208;361,-1.7438940367773748E-4
2,12;302,-1.7307193505378035E-4
2,277;837,1.67048131771062E-4
2,723;749,1.6688013669672555E-4
2,361;396,1.660079123208795E-4
2,517;773,1.654863455769604E-4
2,556;636,1.6189951834897043E-4
2,557;640,1.6147810287455802E-4
2,100;258,1.6110918126331706E-4
2,501;594,1.6099674296763216E-4
2,198;410,1.606391590182661E-4
2,648;816,-1.605444387114977E-4
2,448;613,-1.58848270468268E-4
2,99;234,1.5842574460908426E-4
2,585;674,1.5680679939013303E-4
2,7;403,1.565461351998756E-4
2,562;803,1.557158366100454E-4
2,229;710,-1.5491404797052328E-4
2,819;955,1.5471069976927268E-4
2,253;627,1.5465283874452007E-4
2,245;688,-1.5407054270141874E-4
2,282;483,1.5340073838757102E-4
2,729;924,-1.5298624637775373E-4
2,461;901,1.5187635081143864E-4
2,582;883,-1.5143500703421203E-4
2,187;750,1.508927507876032E-4
2,408;672,1.5067669123369157E-4
2,92;896,-1.5009449103267297E-4
2,85;225,1.4819668525149592E-4
2,352;373,-1.4756819475892903E-4
2,454;968,-1.4754021820248984E-4
2,169;459,1.472156595910333E-4
2,356;527,1.469236372810684E-4
2,210;865,-1.4635169407083604E-4
2,301;996,1.4617166580824633E-4
2,36;74,-1.4592771477631272E-4
2,222;489,-1.458755130807775E-4
2,622;672,-1.4587084397255334E-4
2,92;551,1.4567096430688402E-4
2,436;969,-1.4542290251911373E-4
2,338;832,-1.4539939564775687E-4
2,501;810,1.4512816322378096E-4
2,653;810,-1.444196728881577E-4
2,716;741,-1.4429060630178375E-4
2,405;868,1.4415634007949218E-4
2,228;363,-1.4399812054417702E-4
2,129;404,-1.438207838925881E-4
2,48;373,-1.4373479936037676E-4
2,31;275,-1.4276929385476035E-4
2,154;632,1.4274227147829144E-4
2,330;469,1.4255594435722395E-4
2,437;682,1.4239114059301627E-4
2,320;817,1.422697638722346E-4
2,28;432,-1.4199632478255342E-4
2,396;789,1.4192290300029176E-4
2,736;830,1.4163586342019562E-4
2,548;781,-1.410899215891183E-4
2,452;958,1.4070515900176564E-4
2,871;903,-1.406447560751652E-4
2,293;779,-1.4037143166593946E-4
2,24;632,-1.403362013968256E-4
2,451;499,-1.400041390499139E-4
2,326;856,-1.3993800245915477E-4
2,204;964,1.3934407235607072E-4
2,363;531,-1.392824086971498E-4
2,41;483,1.3921251508585246E-4
2,204;794,1.391986111703962E-4
2,277;639,1.3917696990063767E-4
2,267;451,1.3892158350462585E-4
2,431;916,-1.3879237055326144E-4
2,671;962,-1.385565169332209E-4
2,56;198,1.382851476250034E-4
2,613;878,-1.382244143034866E-4
2,62;417,1.3810283315306886E-4
2,785;789,-1.376863280921006E-4
2,306;921,-1.3730607641684566E-4
2,97;268,-1.3727255993030492E-4
2,278;344,1.371507257571172E-4
2,700;786,1.3669420912706406E-4
2,242;999,-1.3662406075762645E-4
2,359;592,-1.3634040033437157E-4
2,5;740,-1.3594754683786213E-4
2,258;690,-1.3589549594286696E-4
2,191;547,-1.3567367639786838E-4
2,49;447,1.34651879900304E-4
2,689;876,-1.3451560048058077E-4
2,344;770,1.3450525003502666E-4
2,5;732,1.3313126122195524E-4
2,197;880,1.3267120124068962E-4
2,524;555,-1.3248622910083232E-4
2,203;281,1.3205075514167224E-4
2,343;710,-1.3178659773497412E-4
2,639;978,1.3162751762409546E-4
2,614;768,1.310726213373205E-4
2,345;563,1.3068741501852567E-4
2,8;353,1.3056523131408087E-4
2,2;871,-1.3046250977503655E-4
2,407;459,-1.3035605190744236E-4
2,40;149,-1.301661745077001E-4
2,92;489,-1.2998334046627292E-4
2,46;574,-1.2954123121482991E-4
2,230;793,1.2949453692821805E-4
2,104;419,-1.293371013994769E-4
2,427;586,-1.2921578129931015E-4
2,551;610,1.2920967107756548E-4
2,209;462,-1.2887039245596562E-4
2,949;980,-1.286019680880481E-4
2,168;898,1.2855739470166166E-4
2,54;858,-1.2826866930082083E-4
2,58;397,1.2804451087857692E-4
2,17;833,1.2800231475375612E-4
2,222;316,-1.278725029913385E-4
2,563;953,1.2762287443107218E-4
2,4;976,1.27605768877811E-4
2,81;307,-1.2742238116033466E-4
2,32;394,1.273719861866582E-4
2,439;917,1.2730094465025378E-4
2,530;674,1.2710995144838032E-4
2,871;981,1.2703033579611946E-4
2,128;362,-1.2702087896805176E-4
2,54;723,1.2697212582270923E-4
2,96;288,-1.2689402838649675E-4
2,317;616,1.2659748548394246E-4
2,346;570,-1.2653351389790366E-4
2,432;569,-1.2622999138048473E-4
2,10;187,1.2599556455848417E-4
2,172;612,-1.259522596239187E-4
2,400;717,1.2570470054898414E-4
2,425;916,-1.25670969381509E-4
2,79;499,-1.2538097011838308E-4
2,103;377,-1.253461709486214E-4
2,235;761,1.2507966186213644E-4
2,395;614,1.2497720784332422E-4
2,140;777,-1.2472502867337713E-4
2,86;464,-1.2463585098773961E-4
2,328;713,1.2454100077682922E-4
2,500;906,1.2448922274500666E-4
2,426;695,-1.2434799767564302E-4
2,944;979,-1.243096944494307E-4
2,227;713,-1.2427319697920345E-4
2,379;684,1.2421156803225016E-4
2,589;821,1.2419570683851194E-4
2,32;448,-1.2405335558884892E-4
2,253;896,-1.2402344449132137E-4
2,238;842,1.2376131532043375E-4
2,198;553,1.2368949969585177E-4
2,189;602,1.2366759523400046E-4
2,53;792,-1.2350758205878354E-4
2,157;552,1.2347032326933037E-4
2,809;970,1.2247752122236677E-4
2,339;569,1.2246807910785702E-4
2,304;973,1.2244054224265052E-4
2,410;957,-1.2228870303993762E-4
2,596;686,-1.2218777060155446E-4
2,643;914,1.2194154379012156E-4
2,333;826,-1.2188159457292748E-4
2,223;725,-1.218740250110735E-4
2,255;285,-1.2180266215805598E-4
2,466;839,1.217467616409292E-4
2,440;870,1.2154206540287006E-4
2,527;568,1.2113448463998577E-4
2,223;330,-1.2094486413560153E-4
2,100;390,1.2086934335490612E-4
2,600;679,-1.2065203506657316E-4
2,249;288,-1.2013689355926677E-4
2,689;913,1.2009325703872401E-4
2,377;841,1.2001816688862304E-4
2,788;826,-1.2000403551477877E-4
2,5;185,1.1992385975574615E-4
2,20;288,-1.1943400139881982E-4
2,120;921,1.1936416951335134E-4
2,163;812,1.1934968629642046E-4
2,192;277,1.192979298023739E-4
2,87;917,1.1924586961332705E-4
2,510;564,1.1911669688807453E-4
2,97;739,-1.1909069219281796E-4
2,49;64,1.1876754732573245E-4
2,454;544,-1.1875286093798603E-4
2,208;958,1.1868357012884126E-4
2,310;533,-1.1841843978731527E-4
2,98;226,-1.1833951417045845E-4
2,236;239,-1.1830340591714451E-4
2,593;693,1.1825905546029259E-4
2,58;848,-1.1824998704376137E-4
2,191;637,-1.1823527534100112E-4
2,336;900,1.1821790964385298E-4
2,340;967,1.1820519886307488E-4
2,54;686,-1.1820434362525758E-4
2,562;567,1.1817065962446088E-4
2,14;456,-1.1814528249252499E-4
2,798;923,1.1798882325550378E-4
2,219;792,1.1782977125636647E-4
2,727;784,-1.178062770845785E-4
2,824;926,-1.1764403541726923E-4
2,24;944,-1.1751404416015927E-4
2,390;555,-1.1721644424480755E-4
2,49;427,-1.1720360102368844E-4
2,266;467,1.1715633992602632E-4
2,828;949,1.1702354874859802E-4
2,695;900,1.1669235876982701E-4
2,407;615,-1.1664695159847213E-4
2,79;497,-1.1658868806561603E-4
2,94;635,1.1658099241020368E-4
2,645;683,1.1657218901418953E-4
2,158;783,-1.1641131304038873E-4
2,341;449,-1.1629235401394132E-4
2,549;822,-1.1623858684661554E-4
2,315;640,1.1616773240091945E-4
2,84;85,-1.1616538651326185E-4
2,131;472,1.1605937144088304E-4
2,572;638,-1.1603483203217789E-4
2,201;747,1.1582849817041543E-4
2,51;107,1.1576485634922913E-4
2,324;440,1.1574735401611569E-4
2,829;871,1.156896217997327E-4
2,435;781,-1.156324151364683E-4
2,133;177,1.1554295750332246E-4
2,129;994,1.1549720299082575E-4
2,230;719,1.1548818179907203E-4
2,176;814,1.1539969944154723E-4
2,319;671,-1.153382420208903E-4
2,80;222,-1.1528057594411382E-4
2,71;632,1.151583480462024E-4
2,281;797,1.151283762371531E-4
2,66;101,-1.1504091580818826E-4
2,101;950,-1.149701413195611E-4
2,141;896,-1.1485961452333649E-4
2,50;546,-1.1484150053750456E-4
2,202;325,-1.1454243626574432E-4
2,74;180,-1.1444032364472653E-4
2,117;576,1.1431716863460634E-4
2,282;481,1.1426499841214291E-4
2,619;812,1.141971295336976E-4
2,795;890,1.1413780107998572E-4
2,89;889,-1.1413557798562834E-4
2,352;424,1.1411585800397028E-4
2,187;199,-1.1400757303402988E-4
2,566;584,1.139224364268371E-4
2,110;862,-1.1390161678957226E-4
2,830;933,1.1378640462987022E-4
2,181;546,1.1376570820896901E-4
2,181;981,-1.1372972023209656E-4
2,187;511,1.1366621685704266E-4
2,822;836,-1.1357325053500337E-4
2,114;157,-1.1353179087349806E-4
2,920;937,1.1350208286263525E-4
2,106;483,-1.1345565391301396E-4
2,318;440,1.1339239787976385E-4
2,709;890,-1.1336246970169825E-4
2,325;549,1.1324884374608118E-4
2,365;564,-1.132099918525525E-4
2,495;650,1.1319697132166904E-4
2,489;630,1.1319128298212856E-4
2,119;238,-1.1313231317147229E-4
2,68;217,1.1310325986027115E-4
2,160;707,-1.129741927632457E-4
2,482;936,-1.1260747787820275E-4
2,599;690,1.1257048645202217E-4
2,142;444,-1.1253927792096608E-4
2,552;898,-1.1250485529105776E-4
2,547;555,-1.1250400020802603E-4
2,255;894,1.1244899322615118E-4
2,196;232,-1.1211144741719021E-4
2,203;741,-1.1198460134057337E-4
2,234;887,-1.1195850135960727E-4
2,55;634,-1.118957624044024E-4
2,550;745,1.1179549834216186E-4
2,533;837,1.115102583251523E-4
2,408;955,-1.115074066091986E-4
2,51;494,1.1144520591697949E-4
2,754;945,-1.1143626120439704E-4
2,686;747,-1.1140999067645049E-4
2,7;109,-1.1134752402157635E-4
2,510;829,1.1131768445727932E-4
2,197;943,-1.1129431031586038E-4
2,331;879,1.1120550695434267E-4
2,739;753,1.1117977343802607E-4
2,187;690,1.110822470488136E-4
2,701;825,-1.11045364245529E-4
2,491;550,-1.1094095989497158E-4
2,410;768,-1.1084767592075747E-4
2,799;945,1.1060205248931762E-4
2,461;498,1.1049714089074461E-4
2,253;363,-1.1047515985909072E-4
2,773;851,-1.104078049233584E-4
2,621;783,-1.1039753485900814E-4
2,307;743,1.1033885643010689E-4
2,364;878,1.1031457285755188E-4
2,250;965,1.1021112914506027E-4
2,459;664,1.1012425939718199E-4
2,522;625,-1.1010334571644314E-4
2,370;683,-1.0997052224622063E-4
2,185;817,1.0990168116671684E-4
2,383;713,1.0988664581435292E-4
2,640;744,-1.0985009733976395E-4
2,7;498,-1.0960083935478095E-4
2,248;967,1.095859165119137E-4
2,76;913,1.0933498699530866E-4
2,117;987,1.0932236946099918E-4
2,385;902,1.0925627821421028E-4
2,105;885,-1.0918687416628251E-4
2,501;684,-1.0913242957684789E-4
2,109;614,-1.0907138801822649E-4
2,632;804,1.0887799210419216E-4
2,240;901,1.088686467551247E-4
2,482;625,-1.086796647046223E-4
2,485;640,-1.0865562564661927E-4
2,545;976,-1.086011987615075E-4
2,42;839,1.0859483079353047E-4
2,407;916,1.0859094767114599E-4
2,130;984,1.0848836276271297E-4
2,143;643,-1.0847470750890077E-4
2,451;787,-1.0846128877721261E-4
2,221;446,1.0841385528470332E-4
2,40;265,1.0839715027031404E-4
2,445;823,1.0836456407308769E-4
2,50;909,-1.0830501204211835E-4
2,500;527,1.0827192182955065E-4
2,301;840,1.0823516889343542E-4
2,32;754,-1.0814545456233486E-4
2,65;875,-1.0773928237015319E-4
2,185;466,-1.0770274732295242E-4
2,228;652,1.0756279885926297E-4
2,553;797,1.0755634463650693E-4
2,653;673,1.0755003838942593E-4
2,532;699,-1.0753019091540089E-4
2,117;191,-1.0751556423406542E-4
2,289;891,-1.074565669811351E-4
2,260;552,-1.0744323642623011E-4
2,364;883,1.0739399646314315E-4
2,27;711,-1.0732712089227735E-4
2,246;906,1.0732116153946542E-4
2,492;837,-1.0731303110397714E-4
2,47;680,1.0716879710924927E-4
2,107;661,-1.071638088828096E-4
2,48;791,-1.0715800803490486E-4
2,188;914,-1.0691756552191418E-4
2,258;616,-1.0690394383055191E-4
2,510;726,1.0689285622187784E-4
2,387;886,-1.0687228661575907E-4
2,133;463,1.0683608155553148E-4
2,35;881,-1.067833086387062E-4
2,294;384,1.0678146476126479E-4
2,86;701,1.0669488288670903E-4
2,584;658,1.0665985874757431E-4
2,67;436,-1.0657228295048392E-4
2,305;777,1.0656409359363941E-4
2,432;733,-1.0644690871958431E-4
2,337;911,1.0639593919583871E-4
2,812;996,1.0635696197258232E-4
2,420;651,-1.062858409070162E-4
2,288;509,-1.0611095078279917E-4
2,309;864,-1.0607979379448392E-4
2,8;852,-1.0607839897931665E-4
2,208;515,-1.0601307153365991E-4
2,313;613,1.0594496001359432E-4
2,201;493,-1.0594335790539614E-4
2,283;858,1.0584970159292152E-4
2,179;293,1.0582066760928152E-4
2,743;887,1.057834207490876E-4
2,509;841,-1.0570693207492986E-4
2,112;598,-1.0561007102561201E-4
2,109;135,1.0560525779429371E-4
2,570;969,-1.0545656385365746E-4
2,918;984,1.0541244899991964E-4
2,334;517,1.053606609078068E-4
2,41;690,1.0533922781991884E-4
2,314;860,-1.0520912139831581E-4
2,320;423,-1.0519707674400461E-4
2,725;884,-1.0511414023852192E-4
2,198;921,-1.0507625078433595E-4
2,287;723,-1.0499904083009667E-4
2,632;965,-1.0490257357440975E-4
2,487;724,-1.0486966295629033E-4
2,442;986,-1.048368594330692E-4
2,394;984,-1.0477586146039403E-4
2,273;821,-1.0476939150502409E-4
2,805;919,-1.0470918554492224E-4
2,751;830,1.0466795847996934E-4
2,562;612,1.0463630252973835E-4
2,437;699,-1.0463236666058854E-4
2,588;608,-1.0453282273479554E-4
2,139;643,1.0452794835535366E-4
2,617;739,1.0448505749246396E-4
2,769;920,-1.0448461707466335E-4
2,322;401,1.0436440644944554E-4
2,220;680,1.0410968000296037E-4
2,381;439,-1.0410899233635091E-4
2,366;615,-1.0403576298300259E-4
2,108;236,-1.0402415067697791E-4
2,271;792,-1.0389043305136415E-4
2,129;989,1.0387106565522246E-4
2,226;933,-1.0382891053383927E-4
2,241;316,-1.0375334098704612E-4
2,89;244,-1.0373680244408637E-4
2,543;853,1.0370936598685345E-4
2,12;41,1.0370047060813514E-4
2,791;894,1.0369039559975152E-4
2,124;480,-1.036853847802004E-4
2,582;598,-1.0359083744599588E-4
2,425;879,-1.0343732269933296E-4
2,586;787,1.0316153333389945E-4
2,32;241,-1.0302524589260101E-4
2,194;563,1.0302514559654057E-4
2,81;693,1.030094824902031E-4
2,506;797,1.0293283862502814E-4
2,352;861,-1.0289214212217373E-4
2,328;766,-1.0281777859995602E-4
2,80;494,1.028091328992721E-4
2,179;748,1.0278321924631904E-4
2,764;815,1.0267053277889868E-4
2,256;366,-1.0266990792303514E-4
2,53;838,-1.0266500260767663E-4
2,167;237,-1.0261988012693878E-4
2,216;555,-1.025933235893881E-4
2,749;929,-1.0257024273362233E-4
2,567;669,-1.0248968845713612E-4
2,648;690,-1.0240309134431802E-4
2,947;994,-1.0239709626134033E-4
2,192;598,1.0233122554792396E-4
2,217;971,-1.0217885936923041E-4
2,423;817,-1.0217524117937664E-4
2,543;865,1.0217043042099131E-4
2,629;768,-1.0216264577648051E-4
2,689;814,-1.0213910516480454E-4
2,333;763,1.0211482005706471E-4
2,247;577,-1.0203836978972724E-4
2,584;635,1.0197989479740796E-4
2,769;902,-1.0197754852976335E-4
2,690;877,1.0187210119484005E-4
2,678;699,1.0183561381792272E-4
2,513;546,-1.0182304019117877E-4
2,870;889,-1.0181809521910978E-4
2,524;832,1.0180442685679849E-4
2,303;367,1.0178372983252207E-4
2,578;703,1.0176867983120972E-4
2,801;975,-1.0174571613568501E-4
2,589;874,-1.0167026564814552E-4
2,616;833,1.0165746063077179E-4
2,761;951,1.0164773429102882E-4
2,550;761,1.0164614680132867E-4
2,111;230,-1.0150202627409141E-4
2,394;689,-1.0144456158721415E-4
2,150;898,-1.0139733763630786E-4
2,794;795,-1.0139271791001161E-4
2,603;881,-1.0110731791265729E-4
2,368;476,1.0110714919352917E-4
2,468;738,-1.0106959894103482E-4
2,516;896,-1.009940485125524E-4
2,373;377,-1.0098516985869152E-4
2,309;390,1.0098427201175232E-4
2,95;305,-1.0088934103617948E-4
2,433;834,-1.0088590192879029E-4
2,112;812,-1.0087093207664671E-4
2,97;582,1.0085894768317E-4
2,161;168,-1.0080993084628799E-4
2,807;878,-1.0079623104425234E-4
2,113;650,-1.0078663042343314E-4
2,636;937,-1.0077215601785097E-4
2,665;753,1.0065486856309463E-4
2,312;885,1.0063054661420138E-4
2,548;754,-1.0057918591622675E-4
2,342;343,-1.0050454632835221E-4
2,775;809,-1.0049147638163627E-4
2,278;640,1.004912062130433E-4
2,75;988,1.0023293699119596E-4
2,408;789,-1.001970271189776E-4
2,17;866,1.001667392006901E-4
2,776;952,1.0007888039468379E-4
2,299;451,1.0006547998519175E-4
2,807;839,-9.99846175361687E-5
2,315;826,-9.99187572241951E-5
2,108;660,-9.986267080240173E-5
2,71;945,9.986117161534723E-5
2,45;494,-9.982997950278758E-5
2,265;468,9.981149115171669E-5
2,741;885,-9.97802955574762E-5
2,2;32,-9.973244456386285E-5
2,161;541,-9.971310212539161E-5
2,213;625,9.965921357350039E-5
2,662;674,9.965075037508257E-5
2,86;503,9.949137768274626E-5
2,337;404,9.939511726086763E-5
2,463;544,9.939049329627744E-5
2,161;453,9.935592355973066E-5
2,26;115,9.924208756304652E-5
2,421;818,-9.921082780513426E-5
2,199;304,-9.91828532774843E-5
2,322;920,-9.91617393237223E-5
2,286;689,-9.913931155267067E-5
2,553;935,-9.913798468341901E-5
2,122;663,-9.903064384222234E-5
2,489;945,9.894233261546261E-5
2,468;844,-9.889700442719709E-5
2,146;653,-9.888528936389398E-5
2,496;770,-9.887507914146598E-5
2,393;935,9.872846880644415E-5
2,757;886,-9.869226534852828E-5
2,676;961,9.858943186278066E-5
2,226;769,-9.85698463074353E-5
2,109;241,9.852994935349655E-5
2,378;737,-9.84995036330161E-5
2,53;144,-9.84899078378015E-5
2,271;401,9.843628597594624E-5
2,200;882,9.839399199171255E-5
2,673;810,9.839304522516898E-5
2,639;746,-9.83735721861569E-5
2,51;661,-9.833990297780315E-5
2,161;916,9.82469288869079E-5
2,466;826,9.822839896658866E-5
2,489;641,-9.820836729075486E-5
2,278;450,9.817202663676747E-5
2,502;751,9.808120719331247E-5
2,220;518,-9.806264528241311E-5
2,211;889,-9.805074959317698E-5
2,179;379,9.80042815266715E-5
2,15;100,-9.799844592659776E-5
2,438;764,-9.798202811620558E-5
2,473;884,-9.797507972832184E-5
2,26;79,-9.791253926444497E-5
2,20;856,9.788949094673816E-5
2,79;444,-9.783247493260277E-5
2,215;517,9.783094134044008E-5
2,513;608,-9.78182052731289E-5
2,877;994,-9.781762393160578E-5
2,182;647,-9.774116311448458E-5
2,392;800,-9.76867007943215E-5
2,668;826,-9.765448897649341E-5
2,562;583,9.761058923213151E-5
2,122;703,-9.759359905292012E-5
2,474;822,-9.751772818814193E-5
2,79;857,9.751605282101489E-5
2,29;75,9.748054882230972E-5
2,452;760,-9.73877510144082E-5
2,300;526,-9.736828419553896E-5
2,588;887,-9.734002678109793E-5
2,431;680,9.732268804413599E-5
2,535;938,9.716990486696771E-5
2,821;978,9.706961564780811E-5
2,541;791,-9.706656865693114E-5
2,634;867,-9.704019748766657E-5
2,488;950,9.698430192727603E-5
2,381;685,9.697619569594313E-5
2,305;935,9.697486978882512E-5
2,626;673,-9.692621931419177E-5
2,177;370,9.685286470008886E-5
2,394;982,9.684034669836976E-5
2,285;894,9.67554790122725E-5
2,404;610,-9.670043611528204E-5
2,31;805,9.665553683970044E-5
2,244;569,-9.657337902168333E-5
2,573;793,-9.655933542168666E-5
2,53;324,9.655814312179967E-5
2,25;69,-9.653664846324045E-5
2,186;254,-9.652235380276121E-5
2,379;566,-9.621200178442812E-5
2,171;451,-9.62046111998072E-5
2,318;788,-9.618439660458122E-5
2,394;584,-9.615098159202E-5
2,47;524,9.607050584587088E-5
2,166;233,9.600767676513971E-5
2,98;603,9.598925458808295E-5
2,424;523,-9.594651382654368E-5
2,458;738,9.591271627788288E-5
2,412;616,-9.586197881609958E-5
2,421;766,-9.582582355917345E-5
2,1;304,9.570337308156742E-5
2,528;548,-9.570331852691081E-5
2,416;626,-9.568932674575536E-5
2,302;406,9.568637116657318E-5
2,83;969,9.56682859962963E-5
2,195;984,9.561636482744464E-5
2,556;990,-9.561138674079694E-5
2,307;731,-9.556492914802258E-5
2,20;338,9.555789216311833E-5
2,165;374,-9.555425125238103E-5
2,511;550,-9.550288697440108E-5
2,418;918,-9.544277542336991E-5
2,83;436,9.543057810447559E-5
2,86;478,-9.529963361893908E-5
2,396;723,9.52880762593491E-5
2,282;987,-9.522381482620707E-5
2,355;407,-9.521812501220592E-5
2,177;757,-9.519618428472534E-5
2,85;201,-9.519091626626273E-5
2,321;552,9.518653984645489E-5
2,124;888,-9.516193030856263E-5
2,87;392,9.510608329340193E-5
2,679;990,9.503652576017852E-5
2,50;874,-9.493422984620165E-5
2,133;619,9.492087051183195E-5
2,749;872,-9.490717718928383E-5
2,87;526,-9.485967022570835E-5
2,92;598,-9.484944470207683E-5
2,404;898,9.48119702182446E-5
2,47;522,9.475923945830014E-5
2,86;142,-9.475596686396729E-5
2,422;539,9.472109848893515E-5
2,547;598,-9.45709551113553E-5
2,297;354,-9.454427519672109E-5
2,74;379,9.44491366218311E-5
2,734;824,-9.44286700574207E-5
2,87;706,9.431841161807015E-5
2,219;246,-9.427706485442972E-5
2,143;201,9.425702578509014E-5
2,269;847,9.41949706466597E-5
2,548;760,-9.419240000603239E-5
2,277;674,9.409974050675338E-5
2,729;819,-9.409748826983628E-5
2,96;209,9.409729293074024E-5
2,222;593,-9.408907887929147E-5
2,465;727,9.408898429229712E-5
2,540;755,-9.402240469308025E-5
2,53;108,-9.395445885967677E-5
2,25;768,9.393111399087293E-5
2,599;997,9.39092480636646E-5
2,111;266,-9.388197941602756E-5
2,6;847,-9.377341448429324E-5
2,600;714,-9.37140547102534E-5
2,234;359,-9.369484677218635E-5
2,212;363,9.368294276052723E-5
2,70;192,-9.364880451399008E-5
2,536;648,9.360757426298095E-5
2,506;649,9.358757991647499E-5
2,277;583,9.358666534904945E-5
2,116;995,9.358607462293089E-5
2,172;966,9.353307399609186E-5
2,69;931,-9.347880859564965E-5
2,410;773,-9.346165311423319E-5
2,50;971,-9.343476315747898E-5
2,623;815,9.331725793814632E-5
2,102;695,9.330578730203988E-5
2,91;451,9.320584116453412E-5
2,841;886,9.315879204252023E-5
2,99;568,-9.314749772875683E-5
2,715;949,9.3131896882492E-5
2,128;811,-9.312748578387678E-5
2,67;142,-9.311698471952132E-5
2,718;792,9.304935918927017E-5
2,376;665,-9.3041374888684E-5
2,226;511,-9.29717371804568E-5
2,194;468,9.296314434089136E-5
2,590;749,9.289690766426792E-5
2,268;336,-9.285704243326073E-5
2,227;841,9.285290338078126E-5
2,159;892,9.282965350706284E-5
2,486;497,-9.279288448966375E-5
2,17;730,9.273227669547086E-5
2,523;902,-9.272494995812252E-5
2,319;682,-9.26574105118522E-5
2,404;921,9.263998002351155E-5
2,738;739,-9.263804679077146E-5
2,355;374,-9.26033867760235E-5
2,341;745,-9.258759044466796E-5
2,537;887,-9.256800777338563E-5
2,14;312,-9.2491787533757E-5
2,227;751,9.248449006225729E-5
2,842;878,9.241997829650653E-5
2,680;773,9.240621548314884E-5
2,20;275,-9.239826504210165E-5
2,497;772,9.238151335515408E-5
2,573;616,-9.236731331249756E-5
2,352;382,9.236051699994053E-5
2,165;811,-9.229182060143864E-5
2,211;783,-9.222459838042764E-5
2,109;833,-9.216303550963247E-5
2,367;757,-9.213336108883492E-5
2,792;950,9.209203523682074E-5
2,56;827,9.202169605269212E-5
2,2;921,9.20172445941783E-5
2,238;405,-9.201495680162077E-5
2,292;789,9.180327486785577E-5
2,182;306,9.178725082549225E-5
2,312;939,9.175420953850206E-5
2,362;605,9.173545303606323E-5
2,199;320,-9.17282703184769E-5
2,407;936,9.16809514985863E-5
2,509;603,-9.166276725047582E-5
2,498;858,-9.165250961934212E-5
2,677;903,-9.159703485030733E-5
2,71;745,-9.156266000819672E-5
2,275;806,-9.152017762164178E-5
2,61;871,-9.1441802975031E-5
2,816;896,9.143876507240217E-5
2,73;331,9.143052654436182E-5
2,132;911,-9.139637630180343E-5
2,140;681,-9.138276457415864E-5
2,269;767,9.137250125385233E-5
2,442;790,9.136593577462218E-5
2,78;575,-9.131687000970271E-5
2,126;470,-9.125896599838052E-5
2,214;968,9.122051757333743E-5
2,54;452,9.117569438110864E-5
2,196;335,9.117447729220963E-5
2,305;352,-9.115413122545196E-5
2,39;75,-9.11430684599186E-5
2,23;832,9.113820637752096E-5
2,334;837,9.110005854320952E-5
2,68;87,-9.108342050493653E-5
2,376;417,-9.106339451639708E-5
2,315;944,9.104191841232376E-5
2,223;468,-9.103760207737637E-5
2,675;917,-9.101356729820192E-5
2,214;690,-9.09877911865505E-5
2,242;493,9.094342816056448E-5
2,377;685,9.093105583847927E-5
2,821;860,-9.091889057232606E-5
2,191;203,-9.091518663726006E-5
2,10;793,-9.086387793514345E-5
2,18;877,-9.085569072721898E-5
2,184;724,-9.085426777526086E-5
2,257;695,9.081338851523573E-5
2,523;757,-9.076374052382165E-5
2,178;888,9.073758703995397E-5
2,56;931,9.064169559891967E-5
2,375;961,9.059930392875668E-5
2,206;960,-9.058048013572079E-5
2,466;843,-9.057727402983972E-5
2,36;207,-9.057431954180627E-5
2,696;771,9.054701172119773E-5
2,53;882,-9.052716959813547E-5
2,496;533,9.05051865467532E-5
2,351;648,9.050314094642036E-5
2,28;707,-9.049874118793888E-5
2,453;660,-9.041146128772641E-5
2,236;304,9.039108642053137E-5
2,177;265,9.036270594918072E-5
2,846;935,9.031766619248888E-5
2,60;582,-9.028176547391844E-5
2,365;900,-9.026455694404842E-5
2,45;700,-9.025948383315664E-5
2,187;864,9.021286423573133E-5
2,414;944,-9.019256536799636E-5
2,829;926,9.015994209415855E-5
2,95;951,9.01214113070654E-5
2,836;876,-9.010099151125183E-5
2,551;797,9.006696583605183E-5
2,355;865,9.006437576655696E-5
2,588;612,9.003211197560652E-5
2,453;481,9.001414599027771E-5
2,303;315,8.997516499513579E-5
2,269;999,-8.996444271836774E-5
2,421;869,8.992502458534562E-5
2,335;360,8.991102883432357E-5
2,16;965,8.988869952295351E-5
2,463;805,8.982617971048138E-5
2,198;693,-8.980294648251699E-5
2,10;35,-8.98007159788869E-5
2,447;752,-8.974531466712568E-5
2,527;771,-8.97012340222248E-5
2,366;785,8.970108874693596E-5
2,244;316,8.965474980073759E-5
2,194;343,8.964457531228894E-5
2,14;882,-8.963024950702152E-5
2,0;34,-8.960848198110256E-5
2,432;538,-8.959336330127308E-5
2,263;950,-8.955169839262801E-5
2,16;715,8.941902394391973E-5
2,422;636,-8.935937887671801E-5
2,291;932,8.931904781652456E-5
2,534;785,-8.928549053275345E-5
2,266;940,-8.927082129450253E-5
2,313;887,-8.926606739395777E-5
2,703;890,8.922282902782558E-5
2,156;254,-8.919766970974246E-5
2,631;846,8.917793345851557E-5
2,121;872,8.91426900533489E-5
2,250;493,8.914252491923505E-5
2,129;147,-8.913612731554803E-5
2,517;677,8.906422576858159E-5
2,394;541,8.90436826849021E-5
2,212;253,-8.90402542598926E-5
2,417;816,-8.902934920150371E-5
2,230;378,8.902407322514705E-5
2,569;935,8.900853831064774E-5
2,121;299,-8.89562178885939E-5
2,81;735,8.891331451271353E-5
2,643;780,-8.891094284496578E-5
2,129;933,-8.884624974158133E-5
2,563;675,8.881616808250047E-5
2,156;543,8.881313926331317E-5
2,521;690,-8.870140111554218E-5
2,156;949,8.867107565507527E-5
2,529;815,-8.866859547593953E-5
2,789;942,-8.862240501849888E-5
2,488;880,-8.860168362000463E-5
2,181;620,8.837320580235686E-5
2,373;677,-8.836114483019161E-5
2,98;739,-8.83287274307685E-5
2,396;519,-8.831407257042659E-5
2,354;797,-8.830870612548456E-5
2,485;965,-8.825665701752118E-5
2,364;951,8.824589793544543E-5
2,409;818,8.8216507295927E-5
2,579;872,8.816613403445844E-5
2,331;456,8.815680990309354E-5
2,5;482,-8.814443844997008E-5
2,583;866,8.809884306030283E-5
2,774;818,8.80902918827467E-5
2,399;878,8.807508420693022E-5
2,108;710,8.802339679633629E-5
2,373;637,-8.799921356519688E-5
2,130;781,-8.798320168089779E-5
2,293;502,8.797502197581282E-5
2,154;640,-8.79544126028782E-5
2,136;963,8.788168058975017E-5
2,346;880,-8.787564444323425E-5
2,437;528,8.78455392025643E-5
2,214;232,-8.784253055889135E-5
2,188;250,8.775320564778497E-5
2,9;568,8.77393413515635E-5
2,919;934,-8.762985820591224E-5
2,593;748,-8.75727017629533E-5
2,335;955,-8.755230979616984E-5
2,423;643,8.755119133292116E-5
2,404;685,-8.750395052843713E-5
2,805;851,8.746970287084106E-5
2,703;964,-8.745795009425156E-5
2,13;679,-8.745470112875815E-5
2,904;927,8.731225253584569E-5
2,604;660,-8.729478351117972E-5
2,68;629,8.727152116368317E-5
2,299;657,-8.726888617688825E-5
2,355;624,-8.71896423540454E-5
2,314;521,8.713851125020369E-5
2,664;973,-8.711797213219236E-5
2,176;547,8.711004116031415E-5
2,144;324,-8.710978586945624E-5
2,321;763,8.710877773128308E-5
2,120;665,-8.709629882332445E-5
2,879;919,8.70874023523525E-5
2,89;805,-8.708388980682636E-5
2,240;995,-8.707885719037717E-5
2,530;607,8.706249032881985E-5
2,202;910,-8.704910527568048E-5
2,589;888,8.700123347973484E-5
2,223;471,-8.69948803766083E-5
2,733;858,8.690014151498485E-5
2,133;891,8.689642089916082E-5
2,353;464,8.685985630709254E-5
2,128;203,8.680176406052151E-5
2,808;871,8.679343204023924E-5
2,603;917,-8.678681032578512E-5
2,910;929,8.675219369663406E-5
2,569;693,-8.672319170535742E-5
2,164;396,-8.67155368190354E-5
2,34;378,-8.666370611444569E-5
2,37;169,8.656731029004806E-5
2,81;728,-8.656202614945367E-5
2,779;822,8.654919302616223E-5
2,71;489,8.653153989032177E-5
2,56;541,-8.652609013577603E-5
2,524;675,-8.652577555543051E-5
2,836;920,-8.651233271526773E-5
2,25;738,8.65089434129058E-5
2,197;467,8.648211400796372E-5
2,382;672,-8.64373069997317E-5
2,297;425,-8.642888362855061E-5
2,1;582,-8.642353619868347E-5
2,40;342,8.64179892899779E-5
2,605;799,8.639490103740579E-5
2,46;897,-8.636731211258245E-5
2,502;540,8.635744276037955E-5
2,159;531,-8.633837710866705E-5
2,260;808,-8.632623382383168E-5
2,253;721,8.631753922789135E-5
2,96;383,8.631438363136104E-5
2,80;384,-8.631081792354388E-5
2,134;212,8.629777465483033E-5
2,707;730,-8.628021252934274E-5
2,209;577,-8.627244167966295E-5
2,234;882,8.618024351665327E-5
2,222;637,-8.617552729399428E-5
2,394;839,8.617386237419403E-5
2,588;598,8.616122901099089E-5
2,147;933,8.61541422436489E-5
2,28;158,-8.615031609104976E-5
2,10;337,8.614894062438206E-5
2,295;542,-8.61305867334076E-5
2,6;407,8.612749141778775E-5
2,820;841,-8.612053776227766E-5
2,164;497,-8.604472815740988E-5
2,85;378,-8.603505265562012E-5
2,470;989,8.603498366037349E-5
2,80;266,-8.602324241055884E-5
2,838;992,8.600220172272355E-5
2,53;877,8.599720069635733E-5
2,227;540,-8.598254489407431E-5
2,43;92,-8.592568571095732E-5
2,786;849,-8.590338498156638E-5
2,211;845,-8.589019138853655E-5
2,99;423,-8.588474065210855E-5
2,74;115,-8.587235584660664E-5
2,113;247,8.586731357318785E-5
2,809;876,-8.582216195131712E-5
2,80;820,-8.579974032719334E-5
2,181;188,8.579331842148182E-5
2,80;587,8.576308955836176E-5
2,466;511,8.576054732947591E-5
2,403;714,8.572225777922294E-5
2,559;987,-8.570210795692804E-5
2,218;673,8.564728665234439E-5
2,259;331,8.561331831680379E-5
2,698;710,8.561213409813695E-5
2,68;140,8.560870662958396E-5
2,116;538,8.559593198253482E-5
2,797;821,-8.558446482877741E-5
2,222;443,8.553561714059741E-5
2,818;905,8.552954738271282E-5
2,86;315,-8.550597372126455E-5
2,147;354,-8.544974196524275E-5
2,258;659,-8.54430206092134E-5
2,104;605,-8.543307125938714E-5
2,266;531,-8.541708938952637E-5
2,458;793,8.536837457466691E-5
2,347;872,-8.532101291469552E-5
2,29;641,8.527291681456081E-5
2,326;424,8.526719121436408E-5
2,740;867,8.525818472310429E-5
2,393;873,8.523712649081668E-5
2,768;957,8.51887305305316E-5
2,126;989,-8.518229792625406E-5
2,287;650,8.514066293069659E-5
2,106;107,8.513217581384792E-5
2,326;910,-8.512662080845394E-5
2,56;499,-8.512399011877898E-5
2,654;811,8.50720431810909E-5
2,450;917,8.505455484736638E-5
2,574;901,-8.502849334026132E-5
2,312;681,-8.500457362102629E-5
2,189;886,-8.499291322072808E-5
2,170;942,-8.497920771171414E-5
2,156;997,8.497913011809502E-5
2,432;627,8.497768225588365E-5
2,382;861,8.497451599424499E-5
2,344;957,-8.497259087815737E-5
2,646;881,8.495921425974223E-5
2,491;658,8.495768741162936E-5
2,17;693,-8.492213680103556E-5
2,11;745,8.491232592550318E-5
2,341;910,8.491162555340237E-5
2,520;938,-8.490836330442758E-5
2,92;975,-8.488519629982306E-5
2,643;981,-8.48800711756853E-5
2,402;769,8.48605547441447E-5
2,425;527,8.485415603347742E-5
2,122;799,8.477407050631349E-5
2,693;735,-8.474500391700058E-5
2,538;693,-8.47430626549562E-5
2,420;461,8.47327515159263E-5
2,7;128,8.472947447019653E-5
2,127;295,-8.472276217041441E-5
2,266;570,-8.469728471300933E-5
2,288;820,8.467698434767848E-5
2,92;680,-8.458304355312603E-5
2,456;922,8.455906623130476E-5
2,269;631,8.455267432949204E-5
2,623;728,-8.454466602793904E-5
2,273;813,8.453092251562366E-5
2,188;285,8.451063790426457E-5
2,357;425,-8.447214290893512E-5
2,328;712,8.445713875558147E-5
2,714;969,-8.443038153947576E-5
2,212;478,8.440090661789159E-5
2,280;674,-8.436246853691664E-5
2,334;685,-8.428766820223855E-5
2,426;980,-8.419692153924718E-5
2,53;352,-8.419386904339359E-5
2,27;583,-8.41680850979763E-5
2,301;973,-8.41491162392699E-5
2,168;220,8.414057132041118E-5
2,723;965,8.412182799851521E-5
2,306;400,8.409850737374453E-5
2,763;988,8.407856189898768E-5
2,865;938,8.405715398654584E-5
2,560;781,-8.404548560093503E-5
2,332;831,-8.399344793744616E-5
2,66;485,8.396184178210797E-5
2,222;387,8.394653823562023E-5
2,588;923,8.387097361110971E-5
2,353;795,-8.386865231024116E-5
2,328;395,8.380084409805449E-5
2,739;852,8.377983874604775E-5
2,224;228,-8.374430556710911E-5
2,436;674,-8.36780623984958E-5
2,403;777,-8.367291433467288E-5
2,333;341,-8.356072837192411E-5
2,494;543,-8.355153471480806E-5
2,526;978,-8.352327555653365E-5
2,701;947,8.350874020494743E-5
2,369;828,-8.346133994131683E-5
2,115;801,8.34596033275576E-5
2,179;999,-8.345570392467358E-5
2,35;153,-8.344433447088516E-5
2,787;807,-8.342195632264786E-5
2,104;325,-8.34168712329344E-5
2,347;695,8.341028596586834E-5
2,30;507,8.340935484882787E-5
2,525;672,-8.337562643574424E-5
2,375;756,-8.337383941759594E-5
2,737;762,-8.334757581981445E-5
2,97;803,8.334322555434916E-5
2,589;875,8.333758469032954E-5
2,160;562,8.332476541811613E-5
2,276;749,8.32552758909779E-5
2,551;579,8.32338990153798E-5
2,379;408,8.31897421029348E-5
2,390;978,8.318858117195662E-5
2,110;616,-8.31545451888882E-5
2,474;996,8.310321092155748E-5
2,8;30,8.30384604117588E-5
2,248;278,8.303209247165437E-5
2,509;949,-8.302315383334103E-5
2,128;547,-8.30070006556177E-5
2,92;821,8.300257183373442E-5
2,248;997,-8.299834107403602E-5
2,278;623,-8.299562151560004E-5
2,163;445,8.293768118739623E-5
2,693;812,-8.291282348123286E-5
2,296;595,8.28861901176555E-5
2,303;658,-8.285600442484829E-5
2,240;697,-8.284049570515134E-5
2,65;887,-8.280402026273069E-5
2,696;818,8.28006604154063E-5
2,237;287,8.2781525794199E-5
2,643;968,8.269479060557114E-5
2,0;323,-8.268422483968762E-5
2,157;569,-8.268316442809768E-5
2,68;963,-8.268175330008238E-5
2,131;199,8.261858580747489E-5
2,172;621,8.258841059265043E-5
2,76;761,-8.256405659489558E-5
2,9;77,-8.255741733070008E-5
2,55;101,8.254143312742045E-5
2,382;742,8.249163273771976E-5
2,431;944,8.24814846570269E-5
2,643;882,-8.245922073407436E-5
2,820;987,-8.241422375780825E-5
2,779;833,8.240822212599737E-5
2,49;158,-8.23719253887457E-5
2,59;109,8.236030872665595E-5
2,198;768,8.235851239835001E-5
2,54;515,-8.235406600251399E-5
2,198;598,-8.234738375356342E-5
2,404;636,-8.233257026088562E-5
2,8;164,-8.230672389125763E-5
2,300;663,-8.229772659558681E-5
2,314;593,-8.229647627985812E-5
2,595;703,-8.229574207569603E-5
2,390;717,-8.229420074759518E-5
2,90;208,8.22735578709948E-5
2,731;761,-8.224501337430393E-5
2,858;889,8.224447405090608E-5
2,758;812,8.224164344547498E-5
2,56;363,8.22361979249268E-5
2,122;543,8.213329530822871E-5
2,183;955,8.213205485740432E-5
2,337;791,-8.211841745273284E-5
2,296;536,8.210461243245041E-5
2,76;133,8.209847983433093E-5
2,438;445,8.209469533506924E-5
2,277;767,-8.208632199325908E-5
2,259;795,-8.208102918160173E-5
2,688;753,8.20680683534913E-5
2,195;634,-8.206016659918249E-5
2,120;484,-8.202378907614031E-5
2,116;847,-8.202117867879834E-5
2,812;995,8.19820604544778E-5
2,267;589,-8.1967768111406E-5
2,421;623,-8.196649550129828E-5
2,218;903,-8.196141897545764E-5
2,603;874,-8.188382464951587E-5
2,471;974,-8.187179109412421E-5
2,641;792,-8.186696655688881E-5
2,12;872,-8.185311502313002E-5
2,745;947,-8.184665659041549E-5
2,624;826,8.184384544951099E-5
2,115;762,-8.18251949065745E-5
2,183;947,-8.182485662425055E-5
2,624;819,8.181655924116357E-5
2,524;934,-8.18108026516898E-5
2,487;733,-8.180945596380135E-5
2,746;980,-8.179693167790044E-5
2,239;331,-8.178054801174709E-5
2,0;4,8.176308547663855E-5
2,616;775,8.172522305191554E-5
2,360;607,8.172513523412351E-5
2,90;717,-8.170476632753832E-5
2,732;978,8.16844412304899E-5
2,16;231,8.165699582573896E-5
2,427;787,8.165491503833539E-5
2,95;106,8.164578164467042E-5
2,450;509,8.163624152948038E-5
2,836;888,8.162957102449706E-5
2,495;963,-8.16006137006248E-5
2,254;707,8.155478736628227E-5
2,432;714,-8.155134703790768E-5
2,30;914,-8.154292024427E-5
2,876;951,8.149380458333126E-5
2,575;909,-8.14924939241302E-5
2,5;64,8.143941508787056E-5
2,243;699,8.142524700317959E-5
2,927;973,8.142471914821634E-5
2,68;842,-8.14210049028592E-5
2,177;936,8.141651777628327E-5
2,148;964,8.140884057247578E-5
2,110;381,-8.140204550659004E-5
2,767;891,8.139486354555222E-5
2,153;518,8.138165049389844E-5
2,458;676,-8.134651638066006E-5
2,135;811,8.134073226420517E-5
2,58;916,-8.129960740801148E-5
2,336;440,-8.127543996128996E-5
2,324;744,-8.127499930404242E-5
2,284;541,8.125144665250891E-5
2,545;739,-8.121531392424436E-5
2,134;606,8.121027392239939E-5
2,34;60,-8.117938233830811E-5
2,550;920,8.11242086246948E-5
2,28;96,-8.106604240901022E-5
2,677;940,8.102627288928066E-5
2,117;494,8.10189942680266E-5
2,83;720,-8.095772700532846E-5
2,162;289,8.094996386304773E-5
2,302;892,-8.093829466767321E-5
2,214;538,8.09301025929672E-5
2,196;577,8.085761736507707E-5
2,165;575,8.084645604062663E-5
2,875;879,8.084508115923496E-5
2,327;605,8.084277682740095E-5
2,608;798,8.081613582420104E-5
2,154;325,-8.081603068036634E-5
2,548;637,-8.080206387142836E-5
2,527;940,8.072062259416305E-5
2,331;954,-8.069512631125003E-5
2,531;598,8.065819010315132E-5
2,158;400,8.059849018386225E-5
2,339;710,8.059505325803052E-5
2,805;882,-8.056908042412059E-5
2,187;705,8.055171170215777E-5
2,202;246,-8.054010366711772E-5
2,304;582,-8.053135439276213E-5
2,681;781,-8.052888966560796E-5
2,384;857,-8.052405124362403E-5
2,582;913,8.048407366471522E-5
2,207;512,8.040346457719913E-5
2,278;853,-8.04023160471578E-5
2,300;339,-8.036350880309398E-5
2,343;656,-8.035985798016144E-5
2,89;307,8.029467754431738E-5
2,129;546,8.028679720717386E-5
2,320;565,8.027054094215975E-5
2,360;486,8.027002589556471E-5
2,699;875,8.025500160255427E-5
2,686;723,8.02102502362637E-5
2,676;778,-8.017324059283262E-5
2,117;650,8.015793917604943E-5
2,393;930,-8.015233717228358E-5
2,90;499,-8.011713362752577E-5
2,25;970,-8.007878422623065E-5
2,121;336,-8.007177150189687E-5
2,572;782,-8.004996644652515E-5
2,77;705,-8.001258174959292E-5
2,787;845,8.000258330489249E-5
2,155;199,7.999898966227177E-5
2,825;999,-7.999849113840326E-5
2,13;102,7.997469171461532E-5
2,414;461,7.995108296626443E-5
2,461;615,7.994536747976279E-5
2,682;714,-7.993779306738999E-5
2,650;991,-7.992555180895239E-5
2,266;581,-7.991841545584047E-5
2,181;714,7.985219958757288E-5
2,453;811,-7.980496603776275E-5
2,405;982,-7.975018033591185E-5
2,261;572,-7.968778629252653E-5
2,743;805,7.965134597385316E-5
2,304;678,7.962274873077758E-5
2,207;470,-7.96219655270052E-5
2,783;935,-7.960708772636664E-5
2,633;870,7.960467926681666E-5
2,14;672,7.952638788090819E-5
2,93;308,-7.94943610655799E-5
2,6;468,7.946986324859311E-5
2,187;755,7.945413551626909E-5
2,442;489,-7.944389873758764E-5
2,849;956,7.940325676531615E-5
2,305;949,7.938658581060222E-5
2,467;636,7.93351204926292E-5
2,92;701,-7.931717020282675E-5
2,320;902,-7.930658812062963E-5
2,74;624,7.928167682777714E-5
2,278;992,7.926164153082025E-5
2,500;642,-7.926106812219922E-5
2,111;570,-7.92551559543056E-5
2,222;500,7.92502505154596E-5
2,34;70,7.923956311844415E-5
2,138;139,-7.915886552363412E-5
2,148;396,-7.915309715940363E-5
2,551;571,7.914955437654087E-5
2,709;898,7.911294822520068E-5
2,11;977,7.907891767288946E-5
2,886;915,-7.90757364162689E-5
2,404;743,-7.905700223637478E-5
2,730;820,7.905196524062606E-5
2,170;293,-7.904488843754468E-5
2,104;884,-7.896438833211126E-5
2,436;983,-7.89583067769928E-5
2,264;816,-7.894917406909974E-5
2,80;468,-7.89456624840777E-5
2,216;945,-7.889871167824234E-5
2,525;630,7.889314424651189E-5
2,431;920,7.885603901173002E-5
2,716;834,7.882357202736317E-5
2,367;380,-7.882152740926013E-5
2,29;683,7.880168260606047E-5
2,437;961,7.878772118631792E-5
2,785;826,-7.872121280840537E-5
2,537;611,7.8720722625816E-5
2,224;334,7.871838727028005E-5
2,304;885,7.870003586823566E-5
2,146;913,-7.869969210819558E-5
2,194;534,-7.864802574095426E-5
2,458;739,-7.86323350244728E-5
2,645;791,7.862965139791825E-5
2,371;756,7.861318210120322E-5
2,209;393,7.86098634522715E-5
2,288;633,7.859172036164117E-5
2,282;346,7.858948945722376E-5
2,131;408,-7.856477334241544E-5
2,752;788,-7.854212901339266E-5
2,326;368,-7.85114022000559E-5
2,54;879,-7.847542684137854E-5
2,164;476,7.84448295569456E-5
2,550;875,-7.838389548995374E-5
2,338;827,-7.8375459006854E-5
2,141;917,-7.837027045268042E-5
2,376;968,7.831239342651907E-5
2,328;569,7.830846613912542E-5
2,377;895,7.829160433197909E-5
2,745;766,-7.828421502565948E-5
2,529;834,7.827448635267587E-5
2,64;958,-7.826282073221451E-5
2,40;51,-7.825425371559138E-5
2,391;625,7.824428689472933E-5
2,768;971,7.822767078940417E-5
2,543;823,7.819020879056204E-5
2,230;995,7.818613315972997E-5
2,158;525,-7.818353437605857E-5
2,110;324,-7.813314625564654E-5
2,526;663,-7.813117572461528E-5
2,277;334,7.811425269409997E-5
2,158;912,7.811248590936824E-5
2,256;859,7.808769501308507E-5
2,422;643,-7.805449963837395E-5
2,467;528,7.800778948378053E-5
2,378;904,7.800666305726683E-5
2,385;690,7.798451072912746E-5
2,14;153,-7.798444009679786E-5
2,211;526,7.797506189023752E-5
2,146;810,7.79740329643222E-5
2,102;457,7.795760143091721E-5
2,179;791,7.795217762341453E-5
2,66;577,-7.793899836161228E-5
2,682;743,7.793327545877415E-5
2,659;694,-7.79067698123673E-5
2,484;882,-7.790353316503312E-5
2,401;705,7.78928545311619E-5
2,15;96,-7.788391479187157E-5
2,152;417,-7.782416963457252E-5
2,222;230,7.78173011943645E-5
2,194;693,7.781576116277613E-5
2,417;665,7.778298884961087E-5
2,270;859,-7.777857580247092E-5
2,14;778,7.773087271961849E-5
2,93;975,-7.769100760415851E-5
2,38;580,-7.76870263376063E-5
2,337;641,7.767793425184344E-5
2,145;768,-7.766191277466228E-5
2,452;625,7.766077810681758E-5
2,107;114,7.764565569681255E-5
2,399;934,-7.763980116782104E-5
2,928;932,7.76325570063184E-5
2,605;971,-7.759569148919871E-5
2,31;255,-7.755763856244626E-5
2,770;990,-7.75369744641776E-5
2,261;853,7.744023409955608E-5
2,161;196,7.74152662759183E-5
2,302;634,7.737407813372659E-5
2,281;510,7.73646093577631E-5
2,224;407,-7.735590342306428E-5
2,282;793,-7.730420990973397E-5
2,193;951,-7.72940901028992E-5
2,50;586,-7.728961574401326E-5
2,510;753,-7.726065203834139E-5
2,510;616,-7.725279098460809E-5
2,576;703,7.723988406618687E-5
2,527;966,7.712694642375547E-5
2,92;477,7.7121655669437E-5
2,11;42,7.711695050997217E-5
2,821;902,-7.711443197138017E-5
2,375;564,-7.710895740162373E-5
2,878;982,7.707316713846431E-5
2,369;392,7.702740027250284E-5
2,42;453,-7.701694704580058E-5
2,469;872,7.696030238262643E-5
2,80;773,7.693267851926291E-5
2,87;833,7.693139792112843E-5
2,691;957,-7.692774800847951E-5
2,255;985,7.692150630732918E-5
2,583;837,-7.691757961008539E-5
2,76;619,7.68902077106359E-5
2,578;882,-7.687505993932504E-5
2,464;969,-7.686119003829082E-5
2,322;711,-7.678081647911778E-5
2,171;577,7.673315030414487E-5
2,873;897,7.670906310633914E-5
2,169;719,-7.670820005124849E-5
2,571;912,-7.669494092052298E-5
2,619;642,-7.668225159755247E-5
2,257;276,7.665249864960925E-5
2,153;877,-7.663678559848458E-5
2,53;365,-7.662751059040245E-5
2,576;956,7.662379156718691E-5
2,408;549,7.658892384086231E-5
2,126;331,7.652153430382226E-5
2,99;839,7.649246240368751E-5
2,201;863,-7.643667189411056E-5
2,265;770,-7.643345992875625E-5
2,413;474,7.642677726704484E-5
2,700;833,7.64077010619449E-5
2,343;418,-7.635862636630022E-5
2,437;830,-7.633471217579074E-5
2,60;961,7.632335583384201E-5
2,35;195,-7.631522166408881E-5
2,297;821,7.626680797983579E-5
2,422;612,7.624079286422285E-5
2,920;999,-7.622745975848694E-5
2,503;550,7.621615688575493E-5
2,137;805,7.619102120768611E-5
2,424;896,-7.618227222772934E-5
2,939;970,7.617997476068931E-5
2,272;310,-7.616372210191806E-5
2,713;989,-7.614900614135676E-5
2,475;553,7.614330432735134E-5
2,50;660,7.614202842456072E-5
2,274;828,7.610945034110586E-5
2,241;490,7.610326659708572E-5
2,405;673,-7.60409664637311E-5
2,17;75,7.602135344187568E-5
2,45;229,-7.595053208148769E-5
2,73;825,-7.594283790483663E-5
2,744;770,-7.591334970306732E-5
2,249;540,7.591334173143674E-5
2,682;919,7.591286658885704E-5
2,293;837,-7.589040864365153E-5
2,379;973,-7.587786063156624E-5
2,255;373,-7.585500484893272E-5
2,335;571,-7.585122828240501E-5
2,327;971,7.584034289166075E-5
2,568;882,7.578124980271975E-5
2,250;639,7.572897004363096E-5
2,332;684,-7.571972415628096E-5
2,595;968,7.571107771207966E-5
2,474;917,-7.570244667784994E-5
2,255;338,-7.569480994226354E-5
2,343;801,-7.56863063523758E-5
2,182;395,7.568437984194246E-5
2,711;893,-7.56747008122948E-5
2,670;720,7.567368426957784E-5
2,259;482,7.565901886759054E-5
2,40;230,7.565627159923486E-5
2,88;689,-7.563246113140366E-5
2,668;886,7.561025628477536E-5
2,126;907,-7.560708018495568E-5
2,64;258,7.559882451141722E-5
2,75;881,-7.557389952515032E-5
2,432;910,-7.554314510235806E-5
2,565;975,-7.553972994495792E-5
2,418;958,7.55382359839579E-5
2,556;839,-7.551702753695839E-5
2,384;466,-7.547953611806245E-5
2,761;833,-7.547025825151244E-5
2,11;490,-7.543887065712958E-5
2,282;306,-7.541973892654483E-5
2,165;283,7.537986401445544E-5
2,582;792,7.537134912946178E-5
2,2;199,-7.534484279946715E-5
2,901;957,-7.53432239920628E-5
2,284;677,-7.533351105428226E-5
2,676;710,-7.526587960886124E-5
2,86;665,-7.523717796243653E-5
2,233;344,7.51835655000541E-5
2,551;560,-7.5175889061997E-5
2,741;795,-7.517154795894017E-5
2,165;211,-7.516090690814788E-5
2,344;698,7.515511061596771E-5
2,330;437,-7.514997023408514E-5
2,37;633,-7.51328007639443E-5
2,558;899,7.511957088197008E-5
2,119;611,-7.507969838743767E-5
2,808;931,-7.506855049272892E-5
2,650;891,7.5042828730182E-5
2,374;806,-7.502153647738945E-5
2,597;953,7.501996547646651E-5
2,278;468,7.500044570385015E-5
2,296;815,-7.499823322769249E-5
2,223;878,7.498406179956339E-5
2,199;925,-7.498175940803931E-5
2,101;891,7.492800515863708E-5
2,257;290,-7.491708528187516E-5
2,253;622,7.491256971951701E-5
2,250;882,-7.491102069593318E-5
2,19;276,7.489757877606645E-5
2,23;338,-7.489275198060436E-5
2,611;681,7.486971927473984E-5
2,158;653,-7.486686843988103E-5
2,310;320,7.48659576147469E-5
2,137;743,-7.48058037206576E-5
2,244;717,7.480470769638448E-5
2,553;922,-7.474927792011945E-5
2,164;284,7.46864140561439E-5
2,120;320,-7.468384808550952E-5
2,183;254,7.468169779907736E-5
2,133;679,-7.46688695001534E-5
2,20;681,-7.466830810828216E-5
2,23;589,-7.466749511161895E-5
2,123;148,-7.461556206074569E-5
2,780;861,7.457758943129769E-5
2,227;831,7.454575995132623E-5
2,28;111,-7.449663738363937E-5
2,460;677,-7.446398752790107E-5
2,314;695,-7.446162548632786E-5
2,97;621,-7.445774414143286E-5
2,117;402,-7.444477307800216E-5
2,162;256,-7.44265591062485E-5
2,400;516,7.442646550072116E-5
2,185;750,-7.440954936658256E-5
2,50;960,-7.438728459590108E-5
2,153;914,7.437351742835496E-5
2,525;697,-7.43620485755647E-5
2,64;427,-7.435929548120358E-5
2,86;92,7.435267891583854E-5
2,343;363,7.434726077303812E-5
2,36;298,7.43406901331821E-5
2,529;656,7.427311075152194E-5
2,528;615,-7.423239246918193E-5
2,347;811,7.422198557834998E-5
2,902;994,7.421312346296816E-5
2,108;385,7.421080553872119E-5
2,551;933,-7.420194842486179E-5
2,634;824,-7.416992479984855E-5
2,65;178,-7.416737896693137E-5
2,77;95,7.415254778823952E-5
2,15;627,7.414102178618E-5
2,294;946,7.413495173712645E-5
2,244;327,-7.412025248350326E-5
2,377;784,7.408734333719622E-5
2,369;893,-7.405378763709613E-5
2,416;642,7.405244380059908E-5
2,513;647,7.400601416285669E-5
2,567;716,7.400434580201067E-5
2,97;973,-7.399886143462211E-5
2,284;497,-7.396333935617213E-5
2,293;493,7.395866997698462E-5
2,548;827,7.394995042572307E-5
2,187;742,-7.394142397980416E-5
2,94;783,-7.394073433184297E-5
2,269;363,7.393007949293539E-5
2,278;537,7.391844229644915E-5
2,661;768,-7.390803490999681E-5
2,429;446,-7.390141546096241E-5
2,318;689,-7.388471759266174E-5
2,566;711,-7.38730233673027E-5
2,191;873,7.386802352330444E-5
2,189;741,-7.384673170497269E-5
2,440;752,-7.379956959160738E-5
2,417;956,7.379114831939152E-5
2,208;959,7.37788138921146E-5
2,261;910,-7.373981923683352E-5
2,156;450,-7.372672364255288E-5
2,16;388,7.368605899804198E-5
2,828;882,7.367805197115368E-5
2,54;279,7.362290678103567E-5
2,677;994,7.361432817659173E-5
2,602;792,-7.356163385963718E-5
2,282;787,7.35530920135505E-5
2,241;403,7.354772231778048E-5
2,261;399,-7.34794126553977E-5
2,97;956,-7.342329675543582E-5
2,679;950,7.340413793069106E-5
2,211;852,7.339855570032896E-5
2,28;66,7.335124371950505E-5
2,266;826,-7.334402073973122E-5
2,503;555,-7.33040333321347E-5
2,399;407,7.329939603859728E-5
2,343;361,7.329194654723473E-5
2,575;637,-7.327849713784514E-5
2,327;757,-7.327434477669419E-5
2,586;830,-7.323143986590067E-5
2,111;525,-7.323119894083716E-5
2,1;945,-7.321291019669265E-5
2,340;610,-7.320987563394258E-5
2,349;713,7.320071561651633E-5
2,304;965,7.318711912198253E-5
2,201;941,7.312686865209256E-5
2,39;841,7.310997545383013E-5
2,503;589,-7.310942960789708E-5
2,170;733,-7.31077215365138E-5
2,68;359,-7.310049819579156E-5
2,896;984,7.309611195532112E-5
2,2;61,7.308917057626742E-5
2,195;830,7.307466069206503E-5
2,119;123,-7.306034504170262E-5
2,490;757,7.305351201276403E-5
2,622;796,-7.300961834540104E-5
2,92;699,7.300175805295368E-5
2,388;891,7.300149683809907E-5
2,933;984,-7.300143592617482E-5
2,791;796,-7.299709158546053E-5
2,578;675,-7.299668573800836E-5
2,578;996,7.292671620433236E-5
2,275;707,-7.291703514648175E-5
2,331;851,7.287363482586462E-5
2,359;946,7.286027724475439E-5
2,207;509,-7.284133859545292E-5
2,51;106,-7.279703958692985E-5
2,177;412,7.276941825030072E-5
2,250;966,-7.276267013393564E-5
2,645;868,-7.27479043809947E-5
2,258;957,-7.27463739031215E-5
2,639;735,7.274336167048427E-5
2,845;945,7.274301527858599E-5
2,36;697,7.272669665923388E-5
2,651;958,7.265979413593671E-5
2,48;716,-7.265481066522466E-5
2,34;389,-7.2646635511314E-5
2,492;935,7.257139054419985E-5
2,867;924,7.255699656383489E-5
2,590;873,7.255617705944659E-5
2,384;407,-7.254126720683559E-5
2,436;953,7.253558374537906E-5
2,12;75,-7.251098202994863E-5
2,280;963,-7.2495476459568E-5
2,11;664,-7.248296475932667E-5
2,145;949,7.243482538580425E-5
2,41;258,7.243363238131501E-5
2,125;616,7.243119742140626E-5
2,710;768,-7.241745636344354E-5
2,582;894,7.241638731164777E-5
2,133;524,-7.24122881388442E-5
2,106;681,-7.240424923522169E-5
2,396;705,7.239886836381981E-5
2,96;949,7.238782513897802E-5
2,699;830,-7.237152557715207E-5
2,229;925,7.235653017676677E-5
2,435;846,7.235273386922441E-5
2,566;792,-7.23438434017419E-5
2,9;53,7.230714829582282E-5
2,331;397,7.229332704423708E-5
2,294;625,-7.227086871514773E-5
2,690;950,-7.225235749130995E-5
2,546;847,-7.223831903395237E-5
2,635;716,7.220661810469406E-5
2,222;921,-7.220548640479787E-5
2,69;233,7.219755891784777E-5
2,551;926,7.218294301163561E-5
2,88;322,7.21720057463004E-5
2,298;841,7.217125847677474E-5
2,178;221,-7.216832961010729E-5
2,56;118,-7.216749912840864E-5
2,680;761,7.215505427682197E-5
2,362;441,7.214193123089853E-5
2,67;875,7.213419091079763E-5
2,330;406,7.210399893208275E-5
2,75;171,-7.208183922410518E-5
2,123;794,-7.206102448499774E-5
2,178;316,-7.204906924976857E-5
2,522;599,-7.204565340416705E-5
2,221;933,7.204365009883993E-5
2,515;983,-7.201168331282379E-5
2,319;453,-7.19281459432037E-5
2,346;862,7.192769688525894E-5
2,601;871,7.190895830588837E-5
2,37;718,7.187162528754447E-5
2,91;820,-7.184289353557578E-5
2,570;629,-7.184120865464135E-5
2,404;691,7.183249359398507E-5
2,18;862,7.178691979224083E-5
2,460;729,-7.178523744261595E-5
2,123;789,-7.178160887440002E-5
2,219;914,-7.177583941018263E-5
2,551;563,-7.17701497548955E-5
2,347;990,-7.175292392516125E-5
2,109;126,7.172695200981432E-5
2,228;673,7.168144567426604E-5
2,598;600,-7.167100451513467E-5
2,295;920,-7.166126536914005E-5
2,140;611,7.164942008436906E-5
2,811;880,7.162715140637864E-5
2,333;411,-7.159808205489069E-5
2,506;983,-7.15828223738361E-5
2,33;308,7.157277623099234E-5
2,359;935,7.157264739941152E-5
2,29;244,-7.155041095445973E-5
2,258;557,-7.153630328214996E-5
2,84;619,-7.153591192059859E-5
2,47;627,-7.151847352986953E-5
2,220;568,-7.150173892805667E-5
2,91;746,7.14651213885924E-5
2,399;838,7.144328002358493E-5
2,331;590,-7.143876396403766E-5
2,81;550,7.143506615256876E-5
2,458;502,-7.138379083604614E-5
2,78;998,-7.138294091974402E-5
2,311;366,7.137760534827458E-5
2,494;853,7.134279136307828E-5
2,37;984,-7.13401662403484E-5
2,206;242,-7.13399972317197E-5
2,127;959,7.133418227286898E-5
2,509;715,7.132166262362667E-5
2,677;785,7.13105616533334E-5
2,372;775,-7.124527277106149E-5
2,272;938,7.123239915858182E-5
2,237;458,7.121471530665951E-5
2,486;662,7.117498696290719E-5
2,241;725,-7.114760197952646E-5
2,17;123,7.11455040747618E-5
2,327;949,7.112544289540264E-5
2,466;933,-7.111809250947342E-5
2,379;796,-7.111773463349575E-5
2,15;966,-7.111034195684836E-5
2,529;637,7.109383328173592E-5
2,634;744,-7.103994677269947E-5
2,256;265,7.099521419039526E-5
2,529;531,-7.094020908089753E-5
2,133;610,-7.092914936388176E-5
2,43;612,7.091417377313116E-5
2,688;790,7.089122990997257E-5
2,779;782,7.088113693913706E-5
2,716;738,7.087222347056103E-5
2,322;487,7.086994748494654E-5
2,811;858,7.086635419795189E-5
2,54;627,7.084873814791634E-5
2,149;437,-7.079255791492268E-5
2,435;631,7.075507627842376E-5
2,59;345,7.075184897904309E-5
2,221;466,7.074241230635172E-5
2,352;355,-7.073779582624367E-5
2,201;349,7.073022279282898E-5
2,925;941,-7.072368324928466E-5
2,634;931,7.07186736955283E-5
2,25;484,-7.070568616166074E-5
2,411;423,7.07041287507728E-5
2,268;486,-7.069213709401505E-5
2,534;962,-7.064439281199697E-5
2,402;584,-7.063311222737042E-5
2,580;855,-7.060090523343126E-5
2,99;802,7.057707397419083E-5
2,89;299,7.057469595166704E-5
2,11;997,-7.056916003810626E-5
2,666;685,-7.056341449628108E-5
2,163;219,7.054626674337736E-5
2,264;562,7.053140723639544E-5
2,196;382,-7.051587774390126E-5
2,620;837,7.049880280945089E-5
2,56;535,7.049205292165697E-5
2,319;616,7.047836471645014E-5
2,122;637,-7.045083422493917E-5
2,725;821,7.041820475089377E-5
2,13;498,7.036640409093423E-5
2,77;833,-7.03545433207798E-5
2,240;309,-7.034480178698163E-5
2,34;82,-7.030045843140468E-5
2,459;943,7.029736139014823E-5
2,573;836,7.027363645163016E-5
2,141;626,-7.027041843993551E-5
2,335;930,-7.019982644967464E-5
2,174;303,-7.01950363138631E-5
2,632;708,7.017942587156948E-5
2,319;758,-7.017536541653546E-5
2,913;952,7.014494448754844E-5
2,203;269,7.014408387835157E-5
2,146;343,-7.014305408141964E-5
2,99;677,-7.013109998898521E-5
2,512;891,-7.012725344895395E-5
2,305;514,-7.012514265529514E-5
2,300;450,7.012426818750955E-5
2,16;956,-7.006059058091797E-5
2,759;984,7.00281616509727E-5
2,69;420,-7.001497296611941E-5
2,431;593,7.001468065115382E-5
2,374;880,6.996594265385588E-5
2,160;487,-6.994821997866814E-5
2,31;760,-6.992648513319483E-5
2,368;886,6.991136589175459E-5
2,304;581,6.991049463996412E-5
2,214;314,-6.988325007808885E-5
2,214;855,-6.98624817073928E-5
2,7;593,6.984923795633637E-5
2,673;775,-6.984386329465274E-5
2,497;621,-6.982662350639736E-5
2,718;976,-6.98189961582241E-5
2,280;656,6.97732986091142E-5
2,73;945,-6.975553375624654E-5
2,812;844,-6.975096740401338E-5
2,657;700,6.974023640471886E-5
2,378;518,6.97318989197905E-5
2,728;984,-6.970313370783306E-5
2,487;898,-6.970272381070384E-5
2,779;938,6.968678002953288E-5
2,260;461,6.966077440793691E-5
2,450;830,-6.964580309564404E-5
2,530;653,6.963596500310963E-5
2,310;423,6.962333947667676E-5
2,333;988,6.95979409621601E-5
2,675;773,6.95934087659281E-5
2,516;769,6.957370231554366E-5
2,241;792,6.956903564408904E-5
2,509;984,6.954806003164608E-5
2,128;513,-6.954472397622898E-5
2,269;564,6.952782581387929E-5
2,780;856,6.951254535679166E-5
2,296;851,6.949030917653556E-5
2,437;719,-6.947336614809633E-5
2,502;968,-6.947017229728508E-5
2,857;882,6.946023522236932E-5
2,234;996,-6.940735442791835E-5
2,212;534,-6.940388100253803E-5
2,11;594,6.939478509563468E-5
2,358;722,6.938279173014806E-5
2,234;701,-6.934985571216408E-5
2,589;965,-6.934117929671572E-5
2,468;773,6.934009088836098E-5
2,437;676,6.932375407076697E-5
2,37;394,-6.931684275932364E-5
2,267;998,6.930671761958351E-5
2,27;465,-6.929428704932546E-5
2,920;923,6.929421312321943E-5
2,561;615,-6.927101795393842E-5
2,874;929,-6.923972099726656E-5
2,618;888,6.923744670882557E-5
2,100;438,-6.921152829908728E-5
2,491;750,6.920350735752007E-5
2,919;933,6.918392312594055E-5
2,460;859,6.918091150182099E-5
2,631;725,6.916592560514618E-5
2,184;815,-6.916120066370384E-5
2,314;625,6.913070119497974E-5
2,780;903,6.912263286172648E-5
2,842;895,6.909813104794156E-5
2,273;544,-6.908430780355346E-5
2,872;990,-6.905484912486259E-5
2,89;226,6.905083350210396E-5
2,233;615,6.904055383278203E-5
2,105;170,-6.902540362540993E-5
2,291;497,-6.902294392099537E-5
2,11;809,6.899416673591073E-5
2,154;237,-6.898474578578242E-5
2,699;705,6.894728444517998E-5
2,76;436,-6.891645278161715E-5
2,193;750,6.890007616525663E-5
2,198;842,-6.885696872846079E-5
2,147;812,-6.883933885027252E-5
2,287;435,-6.882672358422201E-5
2,677;943,-6.881099472361737E-5
2,231;372,-6.880686282476299E-5
2,440;846,6.880597939958508E-5
2,595;779,6.877596116600245E-5
2,201;215,-6.87737965187071E-5
2,284;460,-6.87565935124371E-5
2,195;839,-6.875653863101283E-5
2,226;466,6.871883387978532E-5
2,240;713,6.871766326458545E-5
2,915;917,-6.871194318629462E-5
2,676;934,6.870943940920951E-5
2,12;908,-6.867696334797624E-5
2,78;832,-6.866588611892423E-5
2,440;491,6.865712644249056E-5
2,377;430,6.864725915021142E-5
2,186;981,6.862545658934174E-5
2,65;874,6.858149276119747E-5
2,404;464,6.857732693027887E-5
2,312;969,-6.857689021255104E-5
2,28;101,-6.850529428355881E-5
2,90;375,-6.848471536306372E-5
2,14;69,-6.848293920245565E-5
2,307;623,6.845370473992017E-5
2,450;803,6.845190171793442E-5
2,95;777,-6.844485693247535E-5
2,574;614,-6.843967330520262E-5
2,230;891,-6.841708665657065E-5
2,288;981,-6.840953433268258E-5
2,235;442,-6.83546050001982E-5
2,70;987,6.83247104997877E-5
2,226;948,6.829199412216825E-5
2,774;932,6.826449638841885E-5
2,282;601,6.826330640268909E-5
2,590;723,6.823916978849755E-5
2,431;707,6.823186646785293E-5
2,214;793,6.822675649701024E-5
2,363;557,6.819994987270185E-5
2,132;747,-6.819598669775474E-5
2,113;153,6.818496508185757E-5
2,178;466,-6.81654341999675E-5
2,642;688,6.815966727884769E-5
2,735;952,6.81469639854514E-5
2,102;257,6.813777169929153E-5
2,408;807,6.808043336835638E-5
2,643;690,-6.807675631734331E-5
2,346;657,6.805720953913787E-5
2,251;600,6.805285215431017E-5
2,22;664,-6.804608750165563E-5
2,130;669,6.803795509849895E-5
2,385;412,-6.803685375045177E-5
2,194;958,6.80289079114385E-5
2,441;632,-6.801859414738275E-5
2,332;797,6.800620545925763E-5
2,127;300,6.800024444136214E-5
2,381;987,6.799588567105569E-5
2,781;957,6.795258348718175E-5
2,523;855,6.792676271403158E-5
2,180;536,6.790880788538348E-5
2,414;783,-6.788990101555486E-5
2,503;619,-6.788897697114808E-5
2,381;706,-6.78714319660002E-5
2,85;959,6.786929935914344E-5
2,785;807,6.783633298153836E-5
2,278;565,6.783527013695189E-5
2,167;889,-6.78288958519242E-5
2,580;914,-6.781593113653345E-5
2,305;703,-6.781019114493406E-5
2,180;613,6.776195492171763E-5
2,807;842,6.774388949023122E-5
2,601;742,6.773496186047014E-5
2,535;817,6.770723040799609E-5
2,765;820,6.768464328765356E-5
2,465;716,-6.767835583905268E-5
2,673;901,6.767177192681953E-5
2,845;906,-6.766108724124418E-5
2,153;305,6.765344362553077E-5
2,507;516,-6.763949263995035E-5
2,705;875,6.762131049896795E-5
2,113;862,-6.762103517797531E-5
2,724;971,-6.761935099653067E-5
2,364;799,6.761561925531255E-5
2,77;152,6.760871374468467E-5
2,595;785,6.760013590438023E-5
2,10;585,-6.759116929347464E-5
2,408;958,-6.758390678404266E-5
2,165;627,6.757746676144428E-5
2,351;536,6.756900893186128E-5
2,188;624,-6.75516226746653E-5
2,343;506,6.755034266595666E-5
2,447;705,-6.751029014693372E-5
2,334;445,-6.750073803618531E-5
2,171;197,6.749791203823254E-5
2,368;393,6.74905298904249E-5
2,174;333,-6.748696395758159E-5
2,555;872,-6.74819178277396E-5
2,327;498,6.746145233180818E-5
2,404;980,6.743132563114234E-5
2,319;811,-6.741790129111372E-5
2,872;933,6.741300756736217E-5
2,120;937,6.73995788418209E-5
2,298;892,-6.739427555640243E-5
2,280;839,6.738415730494501E-5
2,495;670,6.737122464055395E-5
2,53;713,-6.735781453013483E-5
2,157;260,6.734116053574059E-5
2,540;841,6.734087335469915E-5
2,571;999,-6.733957366472129E-5
2,796;896,-6.729857405299074E-5
2,657;852,-6.729207936997242E-5
2,35;773,-6.728823933762482E-5
2,356;713,-6.725870400986539E-5
2,16;644,6.725821685084212E-5
2,327;546,6.723880879311063E-5
2,25;412,6.714697450141366E-5
2,408;883,-6.71397621342456E-5
2,209;261,6.713091651027924E-5
2,602;728,-6.7129596389253E-5
2,169;236,-6.711619797591696E-5
2,201;262,-6.708969267005609E-5
2,114;598,6.708181557672869E-5
2,131;981,6.704899726063505E-5
2,1;416,-6.703408020731504E-5
2,197;520,-6.693198155583944E-5
2,172;214,6.692531030577547E-5
2,325;677,6.692015506588323E-5
2,367;522,6.691813326782493E-5
2,50;724,6.691622198634857E-5
2,87;903,6.69105577061456E-5
2,399;632,-6.689912502451392E-5
2,235;630,-6.689361414759347E-5
2,264;286,-6.688114354834709E-5
2,592;967,6.68748407535424E-5
2,44;504,6.686075923574037E-5
2,790;882,-6.684410083859801E-5
2,674;920,-6.680830817544903E-5
2,281;690,-6.677512578505263E-5
2,450;504,6.676026584845369E-5
2,45;146,6.674369598087835E-5
2,589;813,6.673482672383062E-5
2,675;893,-6.673254483584892E-5
2,68;791,6.670876733373935E-5
2,202;596,6.668327597239764E-5
2,10;299,-6.665813893404597E-5
2,143;931,6.66564012021736E-5
2,228;626,-6.664880608896285E-5
2,525;810,6.664567791961766E-5
2,204;980,6.664273998401688E-5
2,421;466,6.66298142437057E-5
2,396;639,6.661554342826532E-5
2,244;984,-6.659156860061998E-5
2,186;515,-6.656849969784085E-5
2,136;212,-6.655104494297978E-5
2,349;910,-6.65455872662121E-5
2,373;763,6.650690289201003E-5
2,569;633,-6.650047904572838E-5
2,160;532,6.647785672775533E-5
2,27;961,-6.647189672521997E-5
2,363;896,-6.644609190203837E-5
2,360;871,6.642979483191832E-5
2,220;326,6.641166831121206E-5
2,332;400,6.641150886396291E-5
2,614;728,6.640350062761164E-5
2,952;959,6.638859739858472E-5
2,259;540,6.637669334983088E-5
2,575;675,6.634444168085036E-5
2,693;843,-6.634204818916827E-5
2,98;216,-6.634123521166024E-5
2,47;637,6.634001909205918E-5
2,97;772,6.633651294804371E-5
2,507;896,-6.633457014730284E-5
2,210;711,6.63147854532642E-5
2,38;343,6.630191219394645E-5
2,296;640,6.629075488871511E-5
2,280;428,-6.628058931471329E-5
2,700;745,-6.626823285275683E-5
2,42;962,6.623459314452161E-5
2,53;412,-6.6222800519882E-5
2,382;482,-6.618821986140969E-5
2,229;339,6.617267754583223E-5
2,75;521,6.616395859258344E-5
2,581;735,6.61573004493071E-5
2,829;911,6.613412160564927E-5
2,432;525,6.611414741214756E-5
2,179;985,6.610620764855992E-5
2,63;764,6.610499114495291E-5
2,69;824,6.61034697464736E-5
2,116;358,-6.610027801249116E-5
2,641;967,-6.606441029600726E-5
2,107;897,-6.606217121965897E-5
2,270;729,6.604859786274706E-5
2,863;887,6.604810955118277E-5
2,312;778,6.603807851008142E-5
2,68;796,6.602790532948225E-5
2,295;895,6.602246237103734E-5
2,30;941,-6.602136915226287E-5
2,61;855,-6.600018959850769E-5
2,65;883,-6.598271732750277E-5
2,80;193,6.59474703623768E-5
2,281;331,6.594685788908945E-5
2,467;948,-6.589372886825265E-5
2,430;495,-6.586969698325417E-5
2,360;511,6.583572227452068E-5
2,364;989,-6.583221305926929E-5
2,673;906,6.577429579769948E-5
2,233;438,-6.576309208281387E-5
2,549;978,6.57605037872437E-5
2,92;589,-6.576028965092618E-5
2,407;456,6.573204690111004E-5
2,374;573,-6.572666540064276E-5
2,344;596,6.571520922014935E-5
2,302;640,6.569250094119131E-5
2,740;964,-6.567477340216038E-5
2,152;816,-6.566633764710429E-5
2,437;749,-6.566630596620588E-5
2,87;558,6.564673107594142E-5
2,86;164,-6.564550651094735E-5
2,275;832,-6.560630991226338E-5
2,99;300,6.55942590089179E-5
2,140;303,-6.557126783464823E-5
2,645;737,6.554081784847383E-5
2,83;570,-6.553115900074622E-5
2,172;497,-6.551846558321916E-5
2,277;695,6.551747919109543E-5
2,184;510,6.550174147495486E-5
2,207;580,-6.550003265487839E-5
2,686;780,-6.545333175767602E-5
2,53;670,-6.545320039933345E-5
2,242;525,-6.54450452430608E-5
2,214;221,6.544360833081137E-5
2,557;659,6.544214046647304E-5
2,121;883,6.54238139097505E-5
2,339;868,6.541857763524236E-5
2,84;305,6.539854558932039E-5
2,222;693,-6.538807785393693E-5
2,349;466,-6.537879663963383E-5
2,101;388,6.536324582982652E-5
2,56;637,6.533670791791182E-5
2,396;746,-6.529331290262357E-5
2,120;769,6.528798551478396E-5
2,792;945,-6.528316811285353E-5
2,35;877,-6.52494309363972E-5
2,69;763,6.522877832504715E-5
2,92;516,-6.521389759740264E-5
2,719;851,6.51896868538764E-5
2,150;380,6.517333727414029E-5
2,81;626,-6.517039232764153E-5
2,76;689,6.515883000529052E-5
2,4;545,6.513388750960989E-5
2,67;660,-6.513022922057443E-5
2,221;429,-6.504955256328318E-5
2,296;510,-6.504806061311119E-5
2,508;662,6.503527990463742E-5
2,605;786,6.503065087716115E-5
2,170;656,-6.50301747176551E-5
2,532;727,6.502461361893482E-5
2,86;481,6.50241553239182E-5
2,324;933,6.50090292039589E-5
2,155;968,-6.50040480566837E-5
2,87;892,6.500257546748626E-5
2,292;742,-6.497697252970341E-5
2,41;989,6.496851686090885E-5
2,27;49,-6.496010741691191E-5
2,291;321,-6.495752626190277E-5
2,68;495,6.494020431470221E-5
2,159;189,-6.493467445174228E-5
2,885;965,6.491607661581539E-5
2,472;839,6.489200441912994E-5
2,122;236,6.476666464246975E-5
2,418;926,6.476126251009924E-5
2,269;541,6.472183844532437E-5
2,811;996,6.471837522855833E-5
2,27;519,-6.471793325484571E-5
2,258;765,-6.470926132394319E-5
2,286;945,6.469567389250044E-5
2,66;187,6.468818005200636E-5
2,765;766,-6.464744432555318E-5
2,192;545,-6.46050141514235E-5
2,450;852,-6.460283783278257E-5
2,428;868,6.458772550085659E-5
2,474;786,-6.458071362117095E-5
2,522;757,-6.457585913043126E-5
2,122;587,-6.455879236213538E-5
2,458;459,6.454778781058274E-5
2,273;979,6.448444560325776E-5
2,197;811,-6.448290843887204E-5
2,396;836,-6.447356201178034E-5
2,222;934,6.446826182496055E-5
2,2;246,6.446682636459964E-5
2,819;957,6.446078691990192E-5
2,574;812,-6.444462542290525E-5
2,219;910,6.444340662779176E-5
2,196;736,6.440906684274412E-5
2,456;709,6.440398787809928E-5
2,100;721,-6.439350318821393E-5
2,812;890,-6.437570581759768E-5
2,143;667,-6.437128584790941E-5
2,0;373,6.43406956359019E-5
2,112;153,6.432659832261954E-5
2,393;396,6.432027876773929E-5
2,524;617,6.431146855678083E-5
2,23;904,-6.430630421154605E-5
2,735;792,6.428755010379339E-5
2,79;515,6.428401902028102E-5
2,647;804,6.427212219247182E-5
2,227;971,6.427073654645496E-5
2,84;803,-6.425034094977602E-5
2,351;497,6.423151154441795E-5
2,732;884,-6.422906917911182E-5
2,499;933,6.42220175880425E-5
2,226;467,6.421130349477927E-5
2,205;949,6.416670948146686E-5
2,827;849,6.416271970257165E-5
2,437;678,6.415592538180246E-5
2,364;975,-6.413127418645455E-5
2,496;690,-6.41276475146477E-5
2,275;883,6.41113171554292E-5
2,493;846,-6.410705216221701E-5
2,136;835,6.409529987360208E-5
2,498;967,-6.409079090233881E-5
2,740;796,6.408990789477862E-5
2,761;765,-6.4028147290039E-5
2,171;304,-6.402343816314769E-5
2,512;649,-6.399563757813673E-5
2,22;151,-6.397705334421704E-5
2,46;225,-6.397106410055897E-5
2,46;673,-6.396973257959018E-5
2,637;902,6.395765432333903E-5
2,35;483,-6.39457421806126E-5
2,212;396,6.393241048660443E-5
2,634;717,6.390291653704649E-5
2,404;766,6.388137077946652E-5
2,234;863,-6.386087159668834E-5
2,724;978,6.386027150976759E-5
2,348;883,6.384925820871258E-5
2,765;812,6.384649810665633E-5
2,288;332,-6.383971088112175E-5
2,245;749,6.381480168190368E-5
2,265;469,6.381252502502972E-5
2,466;583,6.380998453024105E-5
2,249;400,-6.380408862964898E-5
2,571;670,6.379610740831249E-5
2,128;667,6.377187979150431E-5
2,385;687,-6.376035275633762E-5
2,499;957,-6.375682113602535E-5
2,748;967,6.371039786018741E-5
2,159;529,-6.370894536672301E-5
2,363;552,6.37078091267842E-5
2,564;773,6.370455278227878E-5
2,32;137,-6.370017509891215E-5
2,156;910,6.367108508843399E-5
2,587;788,-6.36707112420309E-5
2,41;129,-6.364430619462131E-5
2,158;432,6.363242588454828E-5
2,200;537,-6.363054744011506E-5
2,556;737,-6.36172477601255E-5
2,267;801,-6.361213656967526E-5
2,92;531,-6.360594910829957E-5
2,11;241,6.358806366109822E-5
2,111;631,6.358409523068791E-5
2,132;928,-6.357581948411657E-5
2,690;696,-6.35509821181447E-5
2,797;833,-6.349234617985093E-5
2,89;731,-6.349090778562171E-5
2,318;872,6.34820996623849E-5
2,628;869,-6.346913927115041E-5
2,303;757,-6.346320801705338E-5
2,262;739,-6.342731261804258E-5
2,63;281,-6.341726127019769E-5
2,323;358,-6.338892903863413E-5
2,143;671,6.338808251964162E-5
2,235;486,6.332254377513092E-5
2,482;909,-6.330224098866682E-5
2,98;914,6.329646479166051E-5
2,688;744,-6.326910300285991E-5
2,441;544,-6.325541984427212E-5
2,23;474,-6.321445734443115E-5
2,523;861,-6.31950011345843E-5
2,194;412,6.318159148115633E-5
2,302;513,6.316537950763598E-5
2,209;332,-6.31549854953081E-5
2,60;534,6.312429523547927E-5
2,32;181,-6.31027871377552E-5
2,502;779,6.310056918592027E-5
2,18;394,-6.309912156612557E-5
2,518;835,-6.308960334394812E-5
2,99;758,-6.308358381862722E-5
2,467;468,-6.30748412092121E-5
2,182;464,6.307221167009517E-5
2,699;873,-6.305949241108556E-5
2,140;261,-6.305667640207618E-5
2,133;600,-6.304556319674596E-5
2,672;883,6.303867217985434E-5
2,372;440,6.303218744068281E-5
2,557;801,6.300112910970116E-5
2,643;689,6.299623617392423E-5
2,34;192,6.299171445696829E-5
2,94;524,-6.297785004759655E-5
2,745;965,6.29500871562543E-5
2,879;916,6.294074686624068E-5
2,409;484,6.293609245262499E-5
2,72;422,-6.292742866076299E-5
2,264;555,6.286990548253885E-5
2,421;989,6.285324474448423E-5
2,43;336,-6.283402745758723E-5
2,491;616,-6.281056215912981E-5
2,182;968,6.280097714894154E-5
2,671;991,6.278610071156012E-5
2,630;990,-6.278002711994953E-5
2,701;852,6.275776714637793E-5
2,34;408,6.273398882287331E-5
2,98;738,6.271131106770338E-5
2,324;862,6.268197291593756E-5
2,409;885,-6.265957342318106E-5
2,11;439,6.265798682013641E-5
2,287;991,6.263994294809133E-5
2,539;596,6.26363767256553E-5
2,119;968,6.262064701176538E-5
2,113;968,6.261145411807626E-5
2,167;749,-6.261080114667203E-5
2,564;900,-6.261059519989592E-5
2,384;548,6.260835193858786E-5
2,396;785,-6.260630153269339E-5
2,267;874,6.259480508152024E-5
2,408;711,-6.256237680302964E-5
2,487;636,-6.255476585029365E-5
2,435;860,6.251627186629239E-5
2,371;921,6.251031966765588E-5
2,180;599,6.250246993657802E-5
2,590;720,-6.249574356441874E-5
2,793;914,-6.249316693692671E-5
2,498;791,-6.249272499185707E-5
2,715;965,-6.249096535064765E-5
2,318;645,6.247870786433943E-5
2,15;422,6.246122466754933E-5
2,221;987,-6.244909982962877E-5
2,101;224,6.244159562302063E-5
2,491;837,-6.242259357341097E-5
2,237;869,-6.239986024347548E-5
2,404;871,-6.236971692804486E-5
2,283;568,-6.236503020062049E-5
2,211;996,6.236399251031791E-5
2,126;851,-6.23621945428298E-5
2,198;295,-6.234480071983711E-5
2,239;303,-6.233316724146376E-5
2,67;669,6.232058125805638E-5
2,25;194,-6.230824705235699E-5
2,194;565,6.229324123162376E-5
2,196;988,-6.228510770610217E-5
2,353;588,-6.228452903636826E-5
2,11;927,-6.226886183215648E-5
2,91;238,6.226138803711284E-5
2,853;958,6.225427426499231E-5
2,21;989,-6.224828193236407E-5
2,177;957,-6.22433029361225E-5
2,620;950,6.222432877062031E-5
2,97;545,6.221716748143575E-5
2,491;745,-6.22058668622416E-5
2,211;805,-6.217530537185539E-5
2,888;971,-6.216249877956856E-5
2,666;826,-6.215085950005075E-5
2,401;456,-6.213067712578641E-5
2,303;709,-6.205892399085519E-5
2,40;196,-6.203830317884447E-5
2,71;760,6.202730634981401E-5
2,46;495,-6.199929715804019E-5
2,26;580,6.199506565007989E-5
2,499;964,-6.196373259810263E-5
2,480;782,6.195603531124431E-5
2,206;998,6.194163486354351E-5
2,603;783,6.191132165393657E-5
2,89;652,-6.187558130713847E-5
2,673;928,-6.187129326831388E-5
2,221;559,6.183957968997463E-5
2,258;606,6.183323858476156E-5
2,867;969,6.18327989991887E-5
2,678;928,6.182249248265556E-5
2,422;778,-6.18156785096208E-5
2,373;618,-6.179896560412688E-5
2,43;708,6.179468023045173E-5
2,122;437,-6.178950733648883E-5
2,50;952,6.177479175435133E-5
2,130;866,6.177343556055432E-5
2,280;561,6.176652202042232E-5
2,411;881,-6.176263266893166E-5
2,525;987,6.175910813822834E-5
2,53;945,-6.17426891139028E-5
2,47;220,-6.172361050374527E-5
2,2;916,6.172329187733822E-5
2,331;452,-6.171254459455966E-5
2,560;734,6.171001952859448E-5
2,624;729,6.170684298239074E-5
2,733;962,6.169248667907565E-5
2,111;395,6.168824165144607E-5
2,571;609,6.167597832289417E-5
2,211;919,-6.165739618367626E-5
2,38;913,-6.165643639033376E-5
2,448;622,-6.164852443142109E-5
2,249;525,6.164771383605804E-5
2,71;173,6.163841321789074E-5
2,657;867,-6.159214602820472E-5
2,73;792,6.15891733487803E-5
2,123;411,6.158664381761112E-5
2,246;845,-6.15809583428594E-5
2,323;819,-6.157957896116089E-5
2,179;615,-6.15788566535531E-5
2,651;772,-6.155434136283912E-5
2,135;938,-6.152692237036296E-5
2,318;876,6.149234403699425E-5
2,718;817,-6.147733504763159E-5
2,341;432,-6.14755824224985E-5
2,570;674,-6.147368929744081E-5
2,105;409,-6.147079745425459E-5
2,443;500,-6.145882683136162E-5
2,147;944,6.145238948708026E-5
2,485;808,6.144609384633315E-5
2,563;629,-6.141780926051976E-5
2,227;441,6.140191367348587E-5
2,775;805,6.139083357510457E-5
2,364;387,-6.137900186526269E-5
2,525;774,-6.137161433732639E-5
2,106;122,-6.136223833519431E-5
2,168;219,6.136004151133286E-5
2,582;925,-6.134662365857405E-5
2,67;711,-6.132928303710056E-5
2,538;782,-6.132134678830668E-5
2,117;991,-6.132054719425975E-5
2,394;649,6.129425632646377E-5
2,469;597,-6.126827458657606E-5
2,204;909,-6.126527381915621E-5
2,652;805,-6.123994348025837E-5
2,322;467,-6.116245538107678E-5
2,113;306,-6.116132466141897E-5
2,277;430,-6.114652693713206E-5
2,118;945,-6.114027018735643E-5
2,344;803,6.113493344886223E-5
2,124;900,-6.113055167232106E-5
2,720;935,-6.112429999752282E-5
2,119;191,6.109290433709741E-5
2,623;696,6.108620449816999E-5
2,153;216,-6.108620153330649E-5
2,405;928,6.106204086805684E-5
2,416;826,6.10591933549636E-5
2,313;366,6.103965727793786E-5
2,116;857,6.103947521100349E-5
2,656;984,6.103377666649124E-5
2,443;967,6.102409940089397E-5
2,338;700,-6.102098392769341E-5
2,8;795,-6.095356485102073E-5
2,659;825,-6.09456938203205E-5
2,519;715,-6.09254237858774E-5
2,367;841,-6.090422757159139E-5
2,82;789,6.090341805920113E-5
2,114;970,6.089995394772576E-5
2,192;905,-6.089149415565427E-5
2,552;605,6.088445431194596E-5
2,718;874,-6.0877045508189455E-5
2,572;654,6.086429459014954E-5
2,308;861,-6.0853548584994395E-5
2,123;133,6.0841459447988826E-5
2,166;352,6.08235335653879E-5
2,665;682,6.0792754798013395E-5
2,785;903,-6.078374606099497E-5
2,600;695,-6.075650729397918E-5
2,551;812,6.0740977141292675E-5
2,228;546,-6.069912569658367E-5
2,72;414,-6.0675328459731254E-5
2,794;830,-6.066605557648702E-5
2,541;637,6.065779610001632E-5
2,514;595,6.0644034967947446E-5
2,300;314,-6.0636048112945316E-5
2,221;538,-6.062525725382068E-5
2,460;637,6.059362210653274E-5
2,77;106,6.0589928713596185E-5
2,605;630,6.057067865667397E-5
2,266;381,6.0570027524783916E-5
2,86;953,-6.056380716391087E-5
2,116;889,-6.0555315961579565E-5
2,154;316,-6.0551736759482954E-5
2,77;447,-6.052834499549287E-5
2,79;634,6.051575115100586E-5
2,14;605,-6.051244930878804E-5
2,551;699,-6.049135314781506E-5
2,173;670,-6.043592087056032E-5
2,361;426,-6.041818900169728E-5
2,510;855,-6.041619091333928E-5
2,520;943,-6.0405455716306835E-5
2,578;917,6.039389293547322E-5
2,124;597,-6.037749687056159E-5
2,715;736,6.037672948148089E-5
2,449;583,6.0375634015186066E-5
2,98;928,-6.037105361355467E-5
2,276;784,6.033461512014288E-5
2,651;654,-6.0286214147942385E-5
2,463;517,6.0272153315787584E-5
2,321;381,-6.0246664256340734E-5
2,628;998,-6.023843461169039E-5
2,527;685,-6.023159576221654E-5
2,128;524,-6.023106445458757E-5
2,793;997,6.0229212607066096E-5
2,293;939,-6.0202262590335236E-5
2,640;717,6.020133665396787E-5
2,520;809,-6.020021223552922E-5
2,222;486,6.018148070084338E-5
2,288;883,6.017731586968192E-5
2,487;707,6.016613753008742E-5
2,88;100,6.0152221187409415E-5
2,219;773,6.01417187416532E-5
2,525;823,-6.0125887857675975E-5
2,230;585,6.0121336602654836E-5
2,245;796,-6.011822029444351E-5
2,204;427,6.009292447238878E-5
2,303;838,6.008889092625859E-5
2,286;845,6.008807828084774E-5
2,19;134,-6.003194644555479E-5
2,415;491,-6.0024902900174575E-5
2,897;996,6.0023159635569105E-5
2,178;519,6.00138575912795E-5
2,91;958,-6.000016259293599E-5
2,239;807,-5.99834264251978E-5
2,189;698,5.997722777533565E-5
2,6;219,-5.9966300278650816E-5
2,84;95,5.995765294775092E-5
2,534;984,5.9946459496042505E-5
2,196;579,5.9943000707469E-5
2,1;2,-5.988370615501157E-5
2,294;482,-5.987478132173558E-5
2,363;743,-5.986486751101254E-5
2,271;322,-5.984982940136041E-5
2,526;833,-5.9843639894185575E-5
2,343;867,5.9818824664647444E-5
2,128;403,5.981278890744836E-5
2,406;579,-5.977117655580194E-5
2,298;756,-5.976067696625055E-5
2,10;733,-5.974370517178275E-5
2,28;824,-5.971678554933067E-5
2,153;814,5.9712052848398136E-5
2,295;322,-5.970101591901351E-5
2,63;603,5.969736389025597E-5
2,120;920,-5.9694756462253394E-5
2,236;657,5.967973925019196E-5
2,507;781,-5.965470803748542E-5
2,106;951,-5.962521394856836E-5
2,432;487,-5.960794590729406E-5
2,1;225,5.958060542094066E-5
2,231;550,5.955793590401379E-5
2,762;842,5.9542967649542166E-5
2,94;400,5.953489864110261E-5
2,197;283,5.95256945554644E-5
2,305;594,5.951856801391961E-5
2,211;384,-5.951831358144499E-5
2,169;632,-5.950920443281764E-5
2,80;566,-5.948007103677843E-5
2,675;711,5.9479906167084495E-5
2,37;273,-5.9467299940221076E-5
2,102;679,5.9419901522083346E-5
2,515;885,5.941397593924641E-5
2,461;822,-5.940212674498956E-5
2,258;968,5.939522355722664E-5
2,6;980,-5.9382328768791584E-5
2,791;868,-5.938125891667982E-5
2,331;586,5.937858016264988E-5
2,695;929,-5.934340564621092E-5
2,393;981,5.933788802284114E-5
2,603;980,5.930265250465679E-5
2,372;383,5.9296197378879045E-5
2,456;616,-5.9293649293061736E-5
2,739;992,5.927137242789944E-5
2,77;732,-5.924169019800321E-5
2,38;104,-5.924146100415033E-5
2,412;424,5.9238502743751514E-5
2,770;819,5.922902096774237E-5
2,256;551,-5.922619744393397E-5
2,87;938,5.9225330187654165E-5
2,174;993,-5.920939292925117E-5
2,314;652,5.9205561062950385E-5
2,217;869,-5.919466213634886E-5
2,713;818,5.9191653287977395E-5
2,512;650,-5.9189839178229576E-5
2,544;748,-5.918208011941131E-5
2,219;818,-5.9179282232001655E-5
2,218;405,5.916093661099532E-5
2,775;961,5.9153448942200995E-5
2,640;878,5.9142165288470706E-5
2,588;831,-5.9125165111484815E-5
2,466;803,-5.9117540672787266E-5
2,647;688,5.908514519544507E-5
2,280;423,-5.9080508649726956E-5
2,238;451,-5.904678427839455E-5
2,205;262,5.904428167305417E-5
2,98;945,5.9029782526325795E-5
2,468;878,5.899697610338249E-5
2,117;780,5.896603092396363E-5
2,619;663,-5.8955369801221804E-5
2,476;515,-5.891828525425394E-5
2,153;582,-5.883971983143774E-5
2,92;146,5.8787574898049255E-5
2,335;868,5.8738142532378626E-5
2,518;607,-5.8737235370876344E-5
2,91;626,-5.872925292111689E-5
2,196;209,5.872648026128086E-5
2,1;700,-5.871850617454227E-5
2,903;911,-5.871570984439375E-5
2,397;565,-5.8703655518052745E-5
2,162;598,5.870108723902439E-5
2,119;290,-5.867134898076097E-5
2,487;602,-5.866646358212807E-5
2,136;529,-5.8650563532029935E-5
2,681;883,-5.8619926661157586E-5
2,391;637,5.861059997161919E-5
2,338;691,-5.860667593523309E-5
2,159;741,5.852829867955167E-5
2,607;914,5.852537101037958E-5
2,63;797,-5.851292698448861E-5
2,227;362,5.8507304749757656E-5
2,41;559,5.850646637433056E-5
2,205;913,5.8495283262985626E-5
2,20;805,-5.848787830308244E-5
2,127;148,-5.8461844784487266E-5
2,54;378,-5.844955521588848E-5
2,272;432,5.844406017237221E-5
2,374;984,-5.843307666557868E-5
2,317;405,5.8422676196098075E-5
2,539;552,5.8419908470549836E-5
2,931;956,-5.8411338710645327E-5
2,740;989,5.839879644639605E-5
2,364;761,5.839678379573791E-5
2,834;940,-5.839483998270886E-5
2,251;743,-5.836916752337722E-5
2,566;718,-5.836629420071748E-5
2,659;678,5.836276057318079E-5
2,31;894,-5.8360962886069106E-5
2,241;777,-5.835131182435233E-5
2,58;431,5.8337285637440716E-5
2,509;896,5.8335454600917426E-5
2,268;881,-5.833286621194689E-5
2,158;669,-5.8329639162698906E-5
2,272;910,5.830973669706233E-5
2,10;267,5.830934855789568E-5
2,222;838,5.8278202563945076E-5
2,199;970,-5.827372731281561E-5
2,438;860,5.823183958351734E-5
2,437;703,-5.8195540846005826E-5
2,721;849,-5.819132917121923E-5
2,211;246,-5.816758197571422E-5
2,444;522,5.813873153945134E-5
2,391;859,-5.812939734763356E-5
2,233;849,5.8118651292427306E-5
2,33;500,-5.8111399680939176E-5
2,442;731,-5.808931034571388E-5
2,134;160,-5.805802082174175E-5
2,952;986,5.803941424895718E-5
2,224;954,5.803279121262518E-5
2,393;785,-5.801433080109225E-5
2,689;795,5.801247709870916E-5
2,12;951,-5.797830906166929E-5
2,53;301,-5.797685000302699E-5
2,172;239,5.797600097380148E-5
2,414;844,5.7963415076098384E-5
2,192;548,5.795861254258751E-5
2,145;833,-5.7958173477178426E-5
2,446;977,5.7946712206832826E-5
2,122;942,-5.794253330580314E-5
2,566;874,5.794198213035848E-5
2,137;363,-5.793403509881147E-5
2,657;880,5.7925110892550234E-5
2,335;541,-5.7909885561082605E-5
2,874;998,-5.7889174391109234E-5
2,99;616,5.7878990629633544E-5
2,14;738,-5.787779485351433E-5
2,109;725,-5.7851544832930533E-5
2,242;528,-5.784334269326567E-5
2,539;666,5.7812637849765784E-5
2,16;801,-5.7800169039935155E-5
2,713;793,-5.7789128714643204E-5
2,3;821,-5.775031153874372E-5
2,26;917,-5.773655369976573E-5
2,421;760,-5.7733694489043284E-5
2,299;433,-5.7724791781032115E-5
2,92;509,-5.7720120053769636E-5
2,179;412,5.770901556629444E-5
2,503;950,5.770537304196288E-5
2,301;864,5.770251414052552E-5
2,147;765,5.7700321099728586E-5
2,443;533,5.7652444450022395E-5
2,567;745,5.763423360345131E-5
2,230;361,-5.761476948515791E-5
2,469;966,-5.76005875813552E-5
2,38;201,-5.7584478128702716E-5
2,669;783,-5.755318532482164E-5
2,524;591,-5.752506489761522E-5
2,414;555,-5.7520873211706086E-5
2,576;678,-5.7483474702560767E-5
2,337;537,5.74796427144869E-5
2,218;763,-5.7467497338254405E-5
2,327;540,-5.745428643438831E-5
2,193;454,-5.745354359172593E-5
2,391;755,5.744424153355028E-5
2,141;353,5.7440702375921664E-5
2,619;865,-5.741681258710893E-5
2,117;956,-5.739959865736161E-5
2,323;403,5.739386292134745E-5
2,453;820,-5.737691298095553E-5
2,438;882,-5.737161069776262E-5
2,399;853,-5.736670842580336E-5
2,130;401,-5.73442499410964E-5
2,295;783,5.732851450715397E-5
2,86;404,5.7314482257018845E-5
2,181;501,5.7298619611325815E-5
2,400;485,-5.724562332773063E-5
2,174;701,-5.724152041738194E-5
2,331;964,-5.723696464084399E-5
2,549;966,-5.723602272188802E-5
2,652;779,5.723400498040078E-5
2,353;715,5.723220706598248E-5
2,250;301,5.7212787058920025E-5
2,425;828,5.7191265799937414E-5
2,678;956,-5.718569397555868E-5
2,481;601,5.7179203119579305E-5
2,495;980,-5.716620136668616E-5
2,41;421,5.715304589824378E-5
2,336;632,-5.715159135940984E-5
2,280;316,5.7134889056088574E-5
2,212;276,5.71342920019084E-5
2,606;881,-5.712074199573862E-5
2,648;755,5.711899098853628E-5
2,276;788,-5.7117228256457235E-5
2,259;645,5.711290930444452E-5
2,438;721,-5.709793491605167E-5
2,353;364,5.709286186111789E-5
2,383;992,-5.708541495871116E-5
2,755;929,-5.7074866849397096E-5
2,169;197,-5.707036555353199E-5
2,196;738,5.7057132401920935E-5
2,179;869,-5.705684601881751E-5
2,40;42,-5.7048437989801484E-5
2,195;345,5.7030103893282406E-5
2,602;754,-5.7022101564979724E-5
2,794;890,-5.701409122200303E-5
2,294;359,-5.701235971771367E-5
2,471;707,5.699066892909087E-5
2,78;881,5.698480724866977E-5
2,715;834,-5.697742025118971E-5
2,919;969,5.697514485129684E-5
2,256;995,5.697436257072433E-5
2,153;793,5.696607769500113E-5
2,106;282,-5.69527937673394E-5
2,169;979,5.692439100917789E-5
2,640;752,-5.692426729315214E-5
2,205;231,5.691416288581533E-5
2,642;942,-5.6907136798238735E-5
2,453;591,5.689788716945227E-5
2,118;524,5.6891099488839E-5
2,143;808,5.6886268397013006E-5
2,395;572,5.6858713648269626E-5
2,139;882,-5.68140556355702E-5
2,336;374,5.6806245564405295E-5
2,356;517,5.679869356137667E-5
2,3;982,-5.6792694242042E-5
2,68;161,5.678231691376541E-5
2,228;314,-5.6766347816656836E-5
2,234;785,5.6763114022510047E-5
2,278;696,5.675655028175081E-5
2,872;944,-5.6753682418778465E-5
2,296;299,-5.675289018646368E-5
2,338;404,5.674698794160764E-5
2,738;803,5.671149349616525E-5
2,53;767,-5.667914001509464E-5
2,120;173,5.666370373515864E-5
2,182;342,-5.662804298770252E-5
2,503;544,-5.662177464609689E-5
2,99;547,5.661940062574805E-5
2,265;658,5.660368013120032E-5
2,834;985,5.659493411589295E-5
2,412;662,-5.659347612255551E-5
2,466;769,-5.659327538764876E-5
2,470;740,-5.6589250826103895E-5
2,424;616,-5.658907438776713E-5
2,156;770,-5.657976582787809E-5
2,85;414,-5.657151116414765E-5
2,207;984,5.6567429645136006E-5
2,60;422,5.6534134370660186E-5
2,368;515,5.653044797208306E-5
2,121;966,5.6523722877262566E-5
2,753;889,5.65194310193794E-5
2,302;938,-5.651775555356298E-5
2,720;960,5.651328381437632E-5
2,528;950,5.6495790130525346E-5
2,128;191,5.648587133967359E-5
2,36;220,-5.648070292335236E-5
2,545;940,5.647212555355724E-5
2,742;893,5.646463622904641E-5
2,50;881,5.6450755111852925E-5
2,441;503,-5.644668972487607E-5
2,631;781,5.644363337300307E-5
2,87;248,-5.643280074704564E-5
2,792;963,5.6411806399158283E-5
2,296;717,-5.640538303659243E-5
2,136;373,5.639883161863346E-5
2,9;947,-5.638223141738273E-5
2,288;591,5.6378350627327785E-5
2,694;755,5.637432206569444E-5
2,29;370,5.636806480653446E-5
2,31;373,5.633882633378327E-5
2,579;827,5.630949685363198E-5
2,677;834,-5.6302789481588316E-5
2,139;438,-5.629783244950943E-5
2,523;769,5.629664011464547E-5
2,89;824,5.629542307443245E-5
2,321;600,-5.62948694922808E-5
2,385;409,-5.628520817111425E-5
2,691;929,-5.626688218245841E-5
2,601;770,-5.62633640463789E-5
2,166;521,5.624349594263177E-5
2,337;489,5.6242434036604077E-5
2,172;521,5.62287305386252E-5
2,403;514,-5.6219419641233754E-5
2,414;503,5.620578059856402E-5
2,133;778,-5.618731087631168E-5
2,223;999,5.616219874485962E-5
2,440;720,-5.61621179605462E-5
2,2;93,5.615935491003868E-5
2,172;690,5.615645122570587E-5
2,332;744,-5.615606116285103E-5
2,65;879,-5.61497014718211E-5
2,649;984,-5.61394129275896E-5
2,116;846,5.6132316555278854E-5
2,277;357,5.612935318513987E-5
2,416;502,5.610886657753786E-5
2,242;712,5.6106555867829754E-5
2,148;642,-5.610461828590259E-5
2,193;737,5.609196844030051E-5
2,198;313,-5.6087917309903594E-5
2,167;821,-5.607831804392866E-5
2,368;892,5.6074794465884226E-5
2,55;488,-5.6050336311766176E-5
2,306;328,5.602483472233607E-5
2,517;713,5.602074598915764E-5
2,624;733,5.6008727668270864E-5
2,51;660,-5.599795475248183E-5
2,256;468,-5.599089265861767E-5
2,302;744,-5.59790985787486E-5
2,269;276,5.595346353540187E-5
2,231;801,5.594789375363372E-5
2,752;818,5.593878201734218E-5
2,1;156,5.5930467017919984E-5
2,805;857,-5.592678622288977E-5
2,809;920,5.592161342167931E-5
2,116;706,5.590210226820827E-5
2,740;774,-5.590171183706413E-5
2,159;366,-5.589688580462522E-5
2,93;662,-5.587455468227752E-5
2,566;656,5.5870470138449905E-5
2,446;630,5.586028555006715E-5
2,86;670,-5.585470577583807E-5
2,639;745,-5.584617529237661E-5
2,181;351,-5.5840439100140004E-5
2,48;618,5.581394286848161E-5
2,156;994,-5.5806614377142565E-5
2,380;751,-5.578295237495963E-5
2,556;645,5.577736733489755E-5
2,840;973,-5.572767995395186E-5
2,249;332,-5.572527401058364E-5
2,4;308,-5.572524405601746E-5
2,602;757,-5.57249521340785E-5
2,506;749,-5.5712673301528224E-5
2,171;925,-5.570612142437117E-5
2,143;213,5.5700819354985266E-5
2,253;270,-5.5695496948767464E-5
2,159;569,-5.5682878710985166E-5
2,360;903,-5.567399628213811E-5
2,646;852,5.563995216981985E-5
2,106;939,-5.563121822775629E-5
2,74;762,-5.5628103334949453E-5
2,282;304,5.5622996015091466E-5
2,462;547,5.560199015564748E-5
2,399;888,-5.5585101638400276E-5
2,683;906,5.558273387645274E-5
2,677;859,5.557710294848495E-5
2,277;451,-5.557370773296326E-5
2,485;929,5.55689439800955E-5
2,131;459,-5.5562584131266795E-5
2,84;876,-5.556207436971603E-5
2,219;311,5.555661557859979E-5
2,35;261,5.552843825827171E-5
2,901;904,-5.547880935767212E-5
2,84;812,5.547392224910903E-5
2,382;762,-5.546348717721161E-5
2,655;938,-5.545654611618238E-5
2,250;840,5.545211640434442E-5
2,113;505,5.543387338778236E-5
2,33;212,5.541014728342346E-5
2,65;441,5.540874325196014E-5
2,498;748,-5.540826674059689E-5
2,371;943,-5.540738845993887E-5
2,258;573,-5.5351783880958644E-5
2,219;921,5.53172646475393E-5
2,722;808,-5.531183231739822E-5
2,295;921,-5.529621678612042E-5
2,219;577,-5.529015077115948E-5
2,716;744,5.527879286108529E-5
2,380;724,5.5274049921042025E-5
2,28;77,-5.527359949712295E-5
2,756;966,5.5272600036899584E-5
2,221;585,-5.527064899744728E-5
2,277;842,5.524926699916277E-5
2,9;936,-5.523706033498051E-5
2,151;664,-5.522254427147851E-5
2,162;891,-5.522200257788342E-5
2,18;965,5.5214168735706516E-5
2,637;652,-5.5194079188301546E-5
2,15;655,-5.518185806435383E-5
2,279;328,-5.516912297540312E-5
2,573;908,-5.513343113034616E-5
2,550;862,-5.513282939562635E-5
2,306;623,-5.512163305709007E-5
2,603;676,-5.5119582182215283E-5
2,16;376,5.5114988192307694E-5
2,70;207,5.510099452842818E-5
2,480;551,-5.509308978905194E-5
2,220;401,-5.507067600381785E-5
2,200;621,-5.5070449377785545E-5
2,169;230,5.5065234643641304E-5
2,68;143,-5.505817215327312E-5
2,84;354,5.50365881208163E-5
2,193;761,-5.5033815571539705E-5
2,187;247,5.5032918978656184E-5
2,539;662,-5.502467780873972E-5
2,832;938,-5.496668778524774E-5
2,36;800,-5.496434036903371E-5
2,50;371,5.4961327126620115E-5
2,110;134,5.4953828756714975E-5
2,181;886,-5.494925404738683E-5
2,650;691,-5.4941072013606403E-5
2,464;953,5.493686828183485E-5
2,198;887,-5.492952189022651E-5
2,832;925,-5.4927393172767846E-5
2,701;860,5.492376663234102E-5
2,339;989,5.491515654053847E-5
2,400;464,-5.48971156830528E-5
2,548;575,-5.4896551450238023E-5
2,698;920,-5.488409895571954E-5
2,316;738,5.487491005887457E-5
2,624;861,5.486584347109667E-5
2,79;693,-5.4852877859344234E-5
2,230;240,5.483843799121882E-5
2,390;864,-5.4837262617863095E-5
2,182;352,-5.483262008207905E-5
2,306;728,-5.480030005723677E-5
2,188;493,5.4785097188463194E-5
2,254;545,5.476762982305278E-5
2,350;921,5.476341740649746E-5
2,198;202,-5.475531888542436E-5
2,807;845,-5.475371106429064E-5
2,516;680,5.474750354336429E-5
2,438;608,-5.4730115147106964E-5
2,310;771,5.470964953273165E-5
2,171;764,-5.468105650495257E-5
2,429;611,-5.4662610570279875E-5
2,88;823,-5.466022142059012E-5
2,9;994,5.465667893097822E-5
2,488;584,-5.464821830755969E-5
2,709;739,5.463581368160048E-5
2,440;759,5.463381854737387E-5
2,866;982,-5.462532706804134E-5
2,356;554,-5.461079429103198E-5
2,2;860,-5.460151209322302E-5
2,71;536,-5.459134896906207E-5
2,396;478,5.458960160889564E-5
2,165;955,5.4583549126374935E-5
2,570;671,5.457002070909835E-5
2,157;384,5.456351010077997E-5
2,467;474,-5.455752238764537E-5
2,156;357,-5.455239192892834E-5
2,642;696,5.45522690670744E-5
2,209;362,-5.45461920450856E-5
2,128;529,-5.452148613217707E-5
2,645;979,5.4505773248969575E-5
2,97;992,5.449865598964229E-5
2,389;480,-5.4495304395233E-5
2,16;891,-5.4478681499140705E-5
2,240;486,5.447803579868321E-5
2,69;634,5.44681000778329E-5
2,640;869,5.4460864619967226E-5
2,741;791,-5.44522772549999E-5
2,544;805,5.442836606992144E-5
2,595;666,5.442144407740905E-5
2,54;457,-5.4395036975819145E-5
2,344;499,5.439460280910892E-5
2,742;849,5.4372399536705614E-5
2,400;640,5.43431532083378E-5
2,104;366,5.433688418068744E-5
2,60;792,-5.4321472503392204E-5
2,232;400,-5.4309559974444104E-5
2,868;877,5.4296463828900984E-5
2,643;903,5.429094932517605E-5
2,51;906,-5.428715831590717E-5
2,71;515,5.4261308171879164E-5
2,473;969,-5.425323298773822E-5
2,369;465,-5.425270705066099E-5
2,387;783,-5.424655448860405E-5
2,206;909,5.4214676036241486E-5
2,624;778,-5.4172282433049085E-5
2,678;814,-5.4164000921098814E-5
2,58;113,-5.415354859302853E-5
2,379;957,-5.4146553941292534E-5
2,114;852,-5.41354358207794E-5
2,332;368,5.413119014027972E-5
2,423;535,5.4127599620404516E-5
2,236;890,-5.410644074787384E-5
2,188;603,-5.410158500819974E-5
2,301;683,-5.408812874628284E-5
2,281;774,5.4084795888016095E-5
2,118;876,-5.405966186243343E-5
2,301;352,5.405344581216132E-5
2,199;447,5.40312269747251E-5
2,219;220,-5.4026121787392204E-5
2,421;830,-5.4021391087399075E-5
2,708;943,-5.4016140825435425E-5
2,505;792,-5.3996204113108566E-5
2,538;714,-5.398524749166547E-5
2,462;949,5.396741743626411E-5
2,66;96,5.395322845423838E-5
2,95;660,5.3928990736927206E-5
2,882;884,5.39201569486127E-5
2,317;459,5.3872205654322356E-5
2,796;867,-5.386513840626252E-5
2,29;305,5.38622478372654E-5
2,698;937,-5.3844899758887894E-5
2,29;725,5.3836543630556374E-5
2,474;950,5.3836311937962525E-5
2,903;914,5.3827417300620604E-5
2,5;971,-5.38103342605215E-5
2,519;951,-5.380585107914077E-5
2,577;925,5.380319613841909E-5
2,299;442,-5.3791237928236704E-5
2,267;395,5.37810395277241E-5
2,63;217,-5.377146682674322E-5
2,414;815,5.376333762195244E-5
2,371;965,-5.374069836830782E-5
2,207;961,-5.373338773915503E-5
2,4;20,-5.3730054599718636E-5
2,655;883,5.37278041855356E-5
2,619;677,5.370115001241131E-5
2,153;968,-5.369451736695059E-5
2,163;308,5.366087988893559E-5
2,364;434,-5.3638605853939036E-5
2,174;837,-5.363836786364354E-5
2,779;898,-5.363040044327648E-5
2,703;709,5.361515001397594E-5
2,773;827,5.359149205769101E-5
2,285;449,5.358717083548231E-5
2,740;971,-5.3581198317760855E-5
2,472;662,5.3572576067533114E-5
2,185;415,-5.356774736769177E-5
2,246;808,-5.355541910274174E-5
2,90;442,-5.35485695944732E-5
2,189;344,-5.35474674149168E-5
2,431;557,-5.354295339958348E-5
2,94;494,-5.3531324667416927E-5
2,161;509,-5.352771233689702E-5
2,116;967,-5.350663324427013E-5
2,439;464,5.3497540071988195E-5
2,543;737,-5.3496604900736045E-5
2,177;430,5.349339228706065E-5
2,652;851,5.348870514262508E-5
2,189;238,-5.348605060282294E-5
2,472;878,-5.3480019097694525E-5
2,264;431,-5.346973904708509E-5
2,459;800,5.346678226929541E-5
2,673;937,-5.346485771815066E-5
2,69;860,-5.346192193782078E-5
2,565;640,-5.346059944193891E-5
2,220;424,5.3456316995746585E-5
2,227;689,5.3451955139086563E-5
2,266;527,5.344450253894353E-5
2,219;496,5.3441510335547285E-5
2,341;733,5.343436520398973E-5
2,651;907,-5.342291197002366E-5
2,118;491,-5.339814429144437E-5
2,767;955,5.331884099260634E-5
2,196;546,5.3317284028188635E-5
2,395;583,-5.3311675981069926E-5
2,80;724,-5.3302248865069725E-5
2,591;661,5.329719148787523E-5
2,299;458,-5.3282480452678634E-5
2,279;442,5.3255605853765544E-5
2,245;379,5.3236562402102065E-5
2,627;983,-5.3227661385558486E-5
2,124;513,5.320672310029509E-5
2,183;994,-5.319021439674835E-5
2,449;547,5.318777363177384E-5
2,2;338,-5.3185677990921455E-5
2,581;630,5.318442129792647E-5
2,254;476,5.3182235941456355E-5
2,133;422,5.316427336271797E-5
2,92;281,-5.314881730318536E-5
2,218;285,-5.3145523894490534E-5
2,193;794,5.313164909355159E-5
2,301;574,-5.312845764484683E-5
2,151;275,5.312051595017092E-5
2,217;560,5.3111203950693296E-5
2,324;616,-5.310979374999308E-5
2,232;518,-5.310717929141447E-5
2,375;537,5.310355019714518E-5
2,507;635,-5.3095363438423724E-5
2,93;796,-5.309170080673487E-5
2,384;731,5.3067953919986166E-5
2,14;922,5.3061219595565635E-5
2,48;913,-5.30458018879787E-5
2,75;822,5.30441290280127E-5
2,268;360,5.303963303729105E-5
2,267;867,-5.303713004703671E-5
2,392;459,5.303620388678694E-5
2,672;807,5.3018432965484055E-5
2,105;312,5.299920835121681E-5
2,602;798,5.299504021134542E-5
2,118;910,-5.299157235214443E-5
2,211;283,5.2986612344244305E-5
2,203;797,5.298209463644649E-5
2,190;616,5.297165837270501E-5
2,201;530,5.2960657800715016E-5
2,392;918,-5.295423807411244E-5
2,118;383,5.293567799226373E-5
2,547;752,5.2929362340966626E-5
2,191;639,5.291441337197147E-5
2,26;808,-5.2878874693082475E-5
2,94;299,-5.2876404267854544E-5
2,372;834,5.287478476522934E-5
2,571;874,5.287120370518484E-5
2,38;951,5.28607493919766E-5
2,58;468,-5.2859896614243656E-5
2,148;641,-5.283133856722322E-5
2,186;441,5.279052952203074E-5
2,621;936,5.2785403756581226E-5
2,383;484,5.277769624420803E-5
2,379;958,5.269773698997031E-5
2,438;588,5.269130754571673E-5
2,271;887,-5.2658613384928946E-5
2,247;525,-5.265815361206505E-5
2,69;167,5.2647406528571005E-5
2,808;910,-5.263894790538354E-5
2,546;914,5.2635827446447684E-5
2,340;443,-5.263162856863353E-5
2,64;853,5.261604515941086E-5
2,31;280,5.26126647573293E-5
2,98;458,-5.260695937006479E-5
2,389;932,5.260168084149224E-5
2,643;667,-5.258543413683895E-5
2,462;612,-5.2576666438114546E-5
2,729;955,5.257591875123555E-5
2,158;317,5.255969861100318E-5
2,820;867,-5.254881798520106E-5
2,681;944,5.2548076336018065E-5
2,64;586,5.253456509397443E-5
2,315;584,5.252286103303074E-5
2,63;150,5.2485692358449404E-5
2,216;769,5.2472063427966006E-5
2,225;574,5.245906167038443E-5
2,187;193,5.2439014691514936E-5
2,54;971,5.243195999218972E-5
2,451;512,-5.242386354817919E-5
2,120;184,-5.240993214867291E-5
2,806;955,5.239660622318321E-5
2,306;849,5.2391331346429956E-5
2,191;555,-5.236922184237605E-5
2,814;831,-5.2363801725435504E-5
2,537;585,5.236369458942482E-5
2,33;834,5.2360413594660426E-5
2,349;921,5.2358198249950645E-5
2,244;328,-5.23465531937499E-5
2,872;966,-5.2343331467366545E-5
2,147;297,5.234094650698451E-5
2,243;875,5.233303742930157E-5
2,396;733,5.232985193203776E-5
2,587;737,5.2316670016766446E-5
2,119;992,5.230806131207048E-5
2,118;372,-5.230086856391561E-5
2,248;535,-5.2295220471334657E-5
2,534;807,-5.22782476822209E-5
2,576;903,-5.227390832210663E-5
2,148;373,-5.224436190175145E-5
2,660;792,5.223430801979374E-5
2,181;602,-5.223134896450604E-5
2,239;845,5.2229959616908963E-5
2,349;987,-5.218821580972491E-5
2,514;968,-5.215578277767648E-5
2,129;980,5.2149885711746586E-5
2,42;619,-5.2140195980032664E-5
2,828;905,5.209635695367301E-5
2,364;842,-5.209523906489219E-5
2,303;532,-5.208105303417715E-5
2,60;768,-5.206727128411814E-5
2,192;857,5.206556815460514E-5
2,605;757,-5.205908986514031E-5
2,682;952,5.2052449180264E-5
2,323;868,5.2037716357950305E-5
2,216;910,5.2033581666535136E-5
2,226;416,-5.2031441909457205E-5
2,441;445,-5.201950404267049E-5
2,49;859,5.199695911820587E-5
2,550;680,-5.199391200368218E-5
2,18;741,5.19655908372295E-5
2,143;601,5.196443760133347E-5
2,119;723,5.196214493634888E-5
2,737;791,5.194238267683013E-5
2,65;187,-5.194152281194095E-5
2,168;353,5.1938490762726E-5
2,47;222,5.1919058088184716E-5
2,429;816,5.191342935899805E-5
2,250;733,-5.187698160976596E-5
2,163;828,5.186000712460091E-5
2,63;627,5.18508390615531E-5
2,489;994,5.1841910305380826E-5
2,97;617,5.183718898331174E-5
2,333;382,-5.1832599325106986E-5
2,344;743,5.182827549770296E-5
2,235;731,5.181030965717468E-5
2,202;996,-5.178923087331844E-5
2,412;935,5.177523465036326E-5
2,445;685,-5.176435700891307E-5
2,234;652,-5.176059618174847E-5
2,291;976,-5.1752097582579206E-5
2,637;781,5.174986400175859E-5
2,550;881,-5.1734921671798374E-5
2,737;868,5.170957408546542E-5
2,89;510,5.170939246936359E-5
2,107;565,-5.170767488791896E-5
2,472;505,5.169162488159577E-5
2,163;995,-5.168492352944201E-5
2,92;603,-5.167932933037965E-5
2,84;360,-5.164050174360695E-5
2,234;537,-5.162659324909527E-5
2,473;553,5.162420388330962E-5
2,117;277,-5.1579330073163465E-5
2,562;716,-5.157535368401727E-5
2,337;709,5.1546113304160776E-5
2,245;957,-5.1523203059720624E-5
2,168;609,-5.151937099572766E-5
2,451;801,5.1517220371170586E-5
2,282;299,-5.151540997746516E-5
2,316;411,5.15095497684687E-5
2,96;707,5.14881532831079E-5
2,400;791,5.146662371129068E-5
2,199;423,-5.143676116183383E-5
2,216;461,5.1423327299244496E-5
2,502;701,5.141022065604345E-5
2,513;828,-5.140679745812578E-5
2,418;542,5.140199561470893E-5
2,822;978,5.1398479187694514E-5
2,111;562,-5.1394682132348487E-5
2,307;810,5.136650886921655E-5
2,2;279,-5.1361928568503425E-5
2,175;704,5.133447473132005E-5
2,99;517,-5.133392581316948E-5
2,397;883,-5.1330195251103397E-5
2,93;453,5.1326338355997716E-5
2,514;576,5.132130880063604E-5
2,822;938,-5.132026023167269E-5
2,672;922,5.13129612135895E-5
2,382;511,-5.129072939858179E-5
2,314;452,-5.127457219941047E-5
2,112;253,5.1262048512249236E-5
2,346;986,5.125542898607127E-5
2,411;674,5.124449027240101E-5
2,11;910,5.123237084185958E-5
2,184;714,-5.122159744610803E-5
2,417;561,-5.1221572926303604E-5
2,156;504,5.1212014090979445E-5
2,136;396,-5.1189743537522676E-5
2,179;628,-5.1184292932888615E-5
2,147;797,-5.117202239544625E-5
2,381;749,-5.11701363505169E-5
2,0;344,-5.1169039795422604E-5
2,68;670,5.1163006448058644E-5
2,198;795,-5.11530208078152E-5
2,4;192,5.113481491568263E-5
2,30;38,5.111505938207567E-5
2,0;378,-5.110763687953509E-5
2,314;390,-5.110011039823317E-5
2,587;638,5.108389745795248E-5
2,885;975,-5.108018780340588E-5
2,256;812,-5.107987207017889E-5
2,694;825,-5.106279387011781E-5
2,245;718,-5.10621775660602E-5
2,261;761,5.105557340182722E-5
2,224;344,5.104762063373227E-5
2,557;944,5.104111915992109E-5
2,133;340,5.1029602703596275E-5
2,68;625,5.1020390323800045E-5
2,938;943,5.101521194855913E-5
2,905;948,5.100490061529679E-5
2,689;784,-5.099467570011702E-5
2,26;485,-5.099455437885346E-5
2,221;793,-5.099025790582632E-5
2,116;858,5.0980879077321776E-5
2,17;715,5.0966830840508615E-5
2,335;825,-5.095244445437381E-5
2,510;632,5.0948461941978146E-5
2,387;434,5.094665952503727E-5
2,238;924,5.0937899923619216E-5
2,592;867,5.093634241338513E-5
2,401;936,-5.093601865221174E-5
2,751;968,-5.093001558989598E-5
2,70;910,-5.091628647845672E-5
2,332;379,5.090781965554901E-5
2,412;539,-5.0896277733389653E-5
2,221;411,5.087129403050811E-5
2,7;702,5.0864487848355415E-5
2,331;593,5.085612042540073E-5
2,549;666,5.085257308014614E-5
2,319;991,-5.083786820650767E-5
2,15;438,5.082899361333603E-5
2,87;94,5.0806708723576775E-5
2,104;635,5.0802203241098294E-5
2,395;737,-5.079677284575683E-5
2,273;463,-5.079473435238627E-5
2,373;651,5.0792794289985425E-5
2,53;997,-5.077992054827521E-5
2,238;980,5.07131554775939E-5
2,110;446,5.0702130571376184E-5
2,734;931,-5.069932108978599E-5
2,579;692,-5.066978362993689E-5
2,522;626,-5.066657404928378E-5
2,117;759,-5.066275092195298E-5
2,347;900,5.06613636908713E-5
2,153;459,5.065638169485685E-5
2,629;671,5.065458907256102E-5
2,603;646,-5.064208744367708E-5
2,475;686,-5.063374262359917E-5
2,173;605,5.06336209400711E-5
2,249;263,-5.062148479627361E-5
2,288;572,-5.060602649441636E-5
2,79;538,-5.055298115571281E-5
2,135;453,-5.055035193539033E-5
2,56;557,5.053293486072293E-5
2,53;107,-5.0520394763548664E-5
2,160;352,5.050915463356599E-5
2,522;758,5.047535229989259E-5
2,574;811,5.0470909130431496E-5
2,106;481,5.0465949764922286E-5
2,163;403,5.045062835941828E-5
2,71;181,-5.044396294671407E-5
2,592;970,5.043823144554947E-5
2,269;920,5.0435134406935425E-5
2,112;603,5.0431291830628116E-5
2,677;998,5.0412543141860194E-5
2,184;408,5.035677080949637E-5
2,259;930,5.03422622066761E-5
2,715;951,-5.033669853465916E-5
2,698;743,-5.032865122509182E-5
2,690;968,-5.032810897731184E-5
2,386;548,-5.032779335461299E-5
2,738;848,5.0303228831145685E-5
2,800;906,-5.028632222503669E-5
2,527;554,5.0278594105409734E-5
2,99;219,5.027291160036955E-5
2,184;321,5.0260616211403596E-5
2,499;693,5.025402430369463E-5
2,161;984,-5.01999995433601E-5
2,86;544,-5.018573559855766E-5
2,410;810,5.015961188917281E-5
2,307;826,-5.0157694855366E-5
2,66;498,-5.015598165051685E-5
2,239;887,5.014820667585299E-5
2,501;620,5.01358093820935E-5
2,195;450,-5.013219113352863E-5
2,91;836,5.012014110310212E-5
2,198;499,-5.011906933811167E-5
2,653;805,5.0112586755912355E-5
2,575;578,-5.0108377861901425E-5
2,178;937,-5.010110836605744E-5
2,141;455,-5.00861537038408E-5
2,201;242,-5.0074662813269055E-5
2,364;778,-5.0065919902376924E-5
2,109;327,-5.001701159853251E-5
2,248;816,5.00129728942824E-5
2,392;465,5.001029360225129E-5
2,450;758,-4.998437898759709E-5
2,563;648,-4.996722816265245E-5
2,160;296,-4.991397354498258E-5
2,331;740,4.991236175479831E-5
2,695;829,4.990941992034623E-5
2,261;303,4.990684044458371E-5
2,1;674,4.990221496278709E-5
2,373;947,4.989218857906147E-5
2,275;813,4.9891803696832495E-5
2,280;847,4.9882722240715315E-5
2,83;671,-4.9882453639812354E-5
2,510;694,4.987283893024135E-5
2,45;157,4.9865118600992116E-5
2,210;888,4.98618020717512E-5
2,594;652,4.985933598579425E-5
2,100;445,4.985173921709553E-5
2,4;163,4.9818485150902385E-5
2,134;276,-4.980665412833813E-5
2,93;563,-4.9801018899876455E-5
2,860;947,-4.979840905682286E-5
2,157;572,4.9788140807095786E-5
2,876;970,-4.978219971423402E-5
2,223;413,-4.977842413302712E-5
2,30;781,4.9760756672688324E-5
2,155;632,4.9753926141305156E-5
2,230;866,-4.974864828720763E-5
2,4;109,-4.974513532245451E-5
2,83;212,-4.972008456095523E-5
2,643;861,4.971899449581327E-5
2,376;525,-4.971687680509522E-5
2,410;770,-4.9702427418606225E-5
2,23;822,-4.970241664608223E-5
2,596;662,4.9702363005880597E-5
2,10;911,-4.9687141624923296E-5
2,288;871,-4.9686327257742286E-5
2,790;901,-4.967769599069988E-5
2,606;758,-4.9646478766615185E-5
2,389;900,-4.962713579768218E-5
2,360;990,4.962450312879057E-5
2,133;617,-4.955188668721773E-5
2,329;684,-4.9551599172774425E-5
2,65;877,-4.952914115287384E-5
2,207;519,-4.9520365083382606E-5
2,20;813,-4.950639419260454E-5
2,337;711,4.9504771399001986E-5
2,165;327,-4.950458906559875E-5
2,44;876,4.9435469925733394E-5
2,239;476,-4.943439276763928E-5
2,279;636,-4.9427416288347326E-5
2,904;978,-4.941442037235269E-5
2,34;207,-4.9413624797680264E-5
2,575;917,-4.9407701170700484E-5
2,34;858,-4.932375029594405E-5
2,516;814,4.9322869499206074E-5
2,160;378,-4.931842698733383E-5
2,1;524,4.9307151909903955E-5
2,835;968,-4.928829905254505E-5
2,440;770,-4.928400635059875E-5
2,636;851,-4.9278744440979264E-5
2,81;896,4.9268526428064555E-5
2,237;762,-4.926618583776392E-5
2,110;692,4.9265036912984507E-5
2,34;54,4.924699742408556E-5
2,106;312,4.923333297640127E-5
2,794;822,-4.922363752654735E-5
2,553;571,-4.922053607153184E-5
2,199;955,4.9187805103983835E-5
2,24;62,-4.918530276629209E-5
2,156;625,4.9172035734622255E-5
2,714;879,-4.916759098884119E-5
2,148;377,-4.916506231799957E-5
2,775;810,-4.916072551830587E-5
2,67;871,-4.9159822645803835E-5
2,127;322,4.9151786160918E-5
2,167;753,-4.915029321508553E-5
2,6;617,4.91477389171129E-5
2,815;870,-4.91323379128287E-5
2,571;955,-4.912549984036327E-5
2,440;744,-4.912271270899654E-5
2,149;769,-4.912175260289445E-5
2,121;469,4.9107210073350895E-5
2,199;408,4.91024768900618E-5
2,158;340,-4.9102052934395845E-5
2,366;672,-4.9100009288947406E-5
2,238;723,-4.9097775258518305E-5
2,795;976,-4.9081772909142856E-5
2,591;888,4.907877820857768E-5
2,56;143,4.907731328353771E-5
2,403;819,-4.907444186541394E-5
2,114;646,-4.907128905417954E-5
2,279;656,4.906658638069199E-5
2,888;904,-4.9057423770641565E-5
2,895;979,4.904529498800142E-5
2,259;922,-4.9029118727185765E-5
2,664;927,4.901734616964762E-5
2,245;723,4.899673524925144E-5
2,151;347,4.89804969486807E-5
2,623;771,4.8962275605825315E-5
2,401;711,4.896083655899171E-5
2,611;993,4.8943655013839855E-5
2,770;957,4.893429405926236E-5
2,313;998,4.892731463694751E-5
2,211;412,-4.891593776379499E-5
2,654;872,4.887895406289981E-5
2,572;587,-4.8868636010944553E-5
2,109;754,4.886778396970403E-5
2,568;688,-4.8863249426632956E-5
2,611;874,-4.886065304008022E-5
2,712;990,-4.88587883108404E-5
2,11;813,-4.8825990261980415E-5
2,556;569,-4.881862316998525E-5
2,677;877,4.880754195294756E-5
2,728;908,4.880752564736018E-5
2,37;508,-4.880456349920842E-5
2,544;549,-4.8804166142441055E-5
2,66;224,-4.8781721660074634E-5
2,199;313,-4.8760235649664435E-5
2,277;762,-4.875963088198863E-5
2,622;643,4.8759305805337255E-5
2,715;743,-4.8754907388121524E-5
2,94;903,4.8750824112613206E-5
2,789;944,4.874519926769361E-5
2,75;494,4.8742093601028406E-5
2,380;710,-4.873851424958482E-5
2,71;896,-4.873716401463892E-5
2,139;440,4.872124371305833E-5
2,115;838,-4.8706820084254185E-5
2,181;603,-4.869065020588479E-5
2,39;881,-4.86898915373547E-5
2,156;177,-4.867761067632863E-5
2,748;766,4.8675663251754636E-5
2,400;651,-4.867359389260591E-5
2,275;664,4.866893117260145E-5
2,685;766,4.8657027642571587E-5
2,436;860,-4.8640114009339474E-5
2,277;471,-4.863137552555936E-5
2,447;983,-4.8624294714482264E-5
2,489;758,4.860872105584663E-5
2,749;763,4.858866496844605E-5
2,874;883,-4.858657843263885E-5
2,243;705,-4.857494537539778E-5
2,712;737,4.857419400575754E-5
2,17;359,-4.8571088460464546E-5
2,420;766,4.85564595901889E-5
2,93;854,4.855414778784067E-5
2,341;567,4.855267711601222E-5
2,421;968,-4.853033557121444E-5
2,713;956,-4.852466430399294E-5
2,226;642,4.851477486595745E-5
2,173;515,-4.851164873937959E-5
2,35;518,4.850610407151869E-5
2,572;926,-4.850396276584554E-5
2,48;377,-4.850359133755402E-5
2,810;987,-4.850297154006765E-5
2,189;611,4.8500895251364584E-5
2,324;352,4.849807758543748E-5
2,147;821,4.849061312620409E-5
2,717;978,4.848241889411775E-5
2,373;894,-4.8477522287770125E-5
2,160;606,4.847051615605137E-5
2,68;903,4.846169045133379E-5
2,169;398,-4.84578948039107E-5
2,378;543,4.844623888212896E-5
2,193;285,4.8425266310747344E-5
2,137;682,-4.842134796308105E-5
2,367;441,4.841540177251763E-5
2,67;814,4.839871686877592E-5
2,855;952,-4.839745549567677E-5
2,505;963,4.838271244389691E-5
2,584;689,-4.8377690979540615E-5
2,43;598,4.8376422968086085E-5
2,178;754,-4.837508234099E-5
2,379;599,4.835637562932875E-5
2,60;681,-4.8343177142682075E-5
2,89;890,-4.834310233309179E-5
2,913;949,4.834285830557163E-5
2,910;920,-4.831329117560917E-5
2,130;219,-4.8311849290993095E-5
2,277;379,4.8299619458468285E-5
2,80;791,-4.828831541445821E-5
2,30;584,-4.826729015757141E-5
2,296;870,-4.826180128393999E-5
2,137;425,4.82599891311344E-5
2,47;569,-4.82561636451072E-5
2,492;836,-4.8253219358384335E-5
2,140;899,4.822998466427035E-5
2,211;906,4.822496901280644E-5
2,51;265,4.8215397499627816E-5
2,127;604,-4.818861722336691E-5
2,17;804,-4.817370207608021E-5
2,347;630,4.816717543448564E-5
2,364;397,-4.816670955267345E-5
2,27;709,-4.816556626441752E-5
2,373;438,4.815610159276582E-5
2,149;917,4.8152201002765046E-5
2,179;544,-4.812160502283804E-5
2,388;469,4.810135176113376E-5
2,166;756,4.808496810660204E-5
2,168;792,-4.8068065329793436E-5
2,387;915,-4.806714402473397E-5
2,803;876,-4.805476680652472E-5
2,62;673,4.805145045466139E-5
2,13;444,-4.804874858530723E-5
2,578;790,-4.804141905664239E-5
2,122;393,-4.803634865883293E-5
2,61;338,-4.8023393957433344E-5
2,83;855,4.8020295566223756E-5
2,648;696,-4.801761735688667E-5
2,201;715,4.8005113514563904E-5
2,819;931,-4.79976147814329E-5
2,204;221,-4.798391536915506E-5
2,282;531,-4.798137366547069E-5
2,225;378,-4.7980070528149406E-5
2,122;747,4.797612410334023E-5
2,831;913,-4.7972533394576426E-5
2,206;350,4.796467478514917E-5
2,368;424,-4.7938950389383146E-5
2,116;192,4.7935001158056575E-5
2,1;754,4.792929895907675E-5
2,417;713,-4.792488571765706E-5
2,372;517,4.7893333309674725E-5
2,12;715,4.788882443018819E-5
2,488;886,4.788307169026348E-5
2,25;114,4.78625513230896E-5
2,122;660,4.784836129123996E-5
2,266;300,-4.784697460112662E-5
2,401;518,-4.784495198488457E-5
2,209;898,-4.783169653692032E-5
2,257;269,4.78225662080657E-5
2,150;268,-4.7819721199226706E-5
2,511;862,4.781528651944773E-5
2,260;832,4.7811685926927725E-5
2,477;982,4.779994310386672E-5
2,333;488,4.7795894194069984E-5
2,599;923,4.77953205196369E-5
2,14;327,-4.777855475688836E-5
2,6;936,-4.7773753699389946E-5
2,525;594,-4.7763963489576686E-5
2,67;609,4.773729343929516E-5
2,14;855,4.772484951664426E-5
2,93;836,4.772273188491731E-5
2,91;207,4.7709507824535976E-5
2,56;227,4.770680239736054E-5
2,582;767,4.7696945320869806E-5
2,384;427,4.767665134671574E-5
2,421;815,4.765304548585632E-5
2,462;569,4.763573283866331E-5
2,136;933,4.7626591467085786E-5
2,393;827,4.7602136845123337E-5
2,613;838,-4.759848976934328E-5
2,325;871,-4.75779638962027E-5
2,53;291,-4.7577165671496834E-5
2,677;726,4.7565530192755906E-5
2,6;768,-4.75644943927628E-5
2,678;914,-4.7560911060997984E-5
2,65;511,-4.755433648457501E-5
2,233;860,-4.753757719998779E-5
2,153;532,-4.7531052725775734E-5
2,25;47,-4.75297532791746E-5
2,446;639,-4.752435715776665E-5
2,405;414,4.752410458017946E-5
2,771;867,4.752335974951246E-5
2,700;956,4.7520686164356175E-5
2,218;719,4.751637019321373E-5
2,295;537,-4.751339993675774E-5
2,87;899,-4.749908177217471E-5
2,184;944,-4.748749955001302E-5
2,119;594,4.747951825620149E-5
2,149;660,4.745124292755615E-5
2,224;369,4.743745112810409E-5
2,175;267,-4.743728862363433E-5
2,65;317,-4.740696864807657E-5
2,145;404,-4.7405358171317154E-5
2,315;964,-4.738380296383102E-5
2,120;565,-4.738380266679527E-5
2,117;203,-4.737295648679688E-5
2,343;542,-4.7366870377449415E-5
2,160;852,4.735888287751742E-5
2,918;926,4.7357078670436845E-5
2,475;780,-4.73488312407941E-5
2,320;504,4.7340112415599105E-5
2,827;981,4.733796201162989E-5
2,193;201,-4.7332461171196344E-5
2,343;749,-4.7332144511944634E-5
2,468;847,-4.7302276936661824E-5
2,649;833,-4.7301077579407884E-5
2,299;733,4.728315252656043E-5
2,754;838,4.727825919999252E-5
2,291;435,-4.7276785075548624E-5
2,793;851,-4.727487209721212E-5
2,56;460,4.726397710603795E-5
2,779;923,4.726379623724982E-5
2,0;858,-4.726067723739131E-5
2,53;375,-4.722508072766248E-5
2,142;188,4.720423433628228E-5
2,801;892,4.719931587703125E-5
2,296;378,-4.716495577579113E-5
2,97;200,-4.715307243207957E-5
2,160;177,4.7146679214712786E-5
2,407;618,4.7142387433486176E-5
2,721;868,-4.712819840414083E-5
2,24;640,-4.7119366761113966E-5
2,147;979,4.711322022012958E-5
2,156;300,-4.710280820735712E-5
2,95;853,-4.709352793541623E-5
2,593;967,-4.707045232670498E-5
2,603;693,4.704003661879051E-5
2,372;758,4.703249100618855E-5
2,486;489,4.701226174016341E-5
2,13;457,4.6995161915739774E-5
2,406;676,-4.6959751206500666E-5
2,227;306,-4.695522881996503E-5
2,147;872,-4.694012257115486E-5
2,686;911,4.693901632907277E-5
2,594;917,4.6931345517335814E-5
2,444;800,-4.692019454154554E-5
2,326;511,4.691661000891438E-5
2,833;866,4.691273942997674E-5
2,107;975,-4.686990784239674E-5
2,422;666,-4.686380669074356E-5
2,303;996,-4.6863454678074334E-5
2,204;933,4.682319682557208E-5
2,150;693,-4.6810996864087365E-5
2,567;803,4.680565112853553E-5
2,31;707,-4.680172561807687E-5
2,99;683,4.679980757058379E-5
2,711;717,-4.6796152461189944E-5
2,6;288,4.677566628835917E-5
2,2;773,-4.675902388214941E-5
2,800;904,-4.674294585612849E-5
2,120;328,-4.67256641272462E-5
2,177;640,4.6715609623779825E-5
2,307;410,-4.6710183442799706E-5
2,92;758,4.67001259098201E-5
2,69;123,-4.6689872122466224E-5
2,601;781,-4.6674031865181935E-5
2,224;403,-4.666276333493548E-5
2,149;208,4.665390608782831E-5
2,596;725,4.6650289571896276E-5
2,135;654,4.663737075221212E-5
2,128;435,-4.662918925439533E-5
2,222;697,-4.66234905900741E-5
2,148;500,-4.659506919873723E-5
2,109;727,-4.659181216332892E-5
2,674;898,4.6589831045261237E-5
2,312;492,-4.65797029643934E-5
2,624;967,-4.657527931424745E-5
2,395;464,4.6558513695849655E-5
2,851;919,-4.653919613987273E-5
2,333;556,4.6519760471159704E-5
2,348;681,4.651665544569853E-5
2,102;598,4.650993554082356E-5
2,41;546,-4.650820198185381E-5
2,371;782,4.6488783655855864E-5
2,149;265,4.6469166737139E-5
2,624;996,-4.646771154531293E-5
2,104;858,4.6460485930768204E-5
2,89;857,-4.645166437234949E-5
2,71;965,4.6412375178982325E-5
2,713;737,-4.6384369058215874E-5
2,155;925,4.638429657872077E-5
2,590;710,-4.636790524455785E-5
2,836;951,4.6363825732540805E-5
2,180;973,4.63599182024145E-5
2,31;431,-4.635797969538087E-5
2,762;944,-4.6349814638151186E-5
2,468;859,-4.634613990981179E-5
2,147;818,-4.6337283938035844E-5
2,527;867,4.633632243854646E-5
2,227;902,4.6319107664724204E-5
2,150;360,-4.6315966971409146E-5
2,16;417,4.631199571672605E-5
2,146;589,4.628884638390876E-5
2,565;796,-4.628087436658856E-5
2,236;282,4.627983975601414E-5
2,421;628,-4.627580273039733E-5
2,610;967,4.624127563112218E-5
2,749;874,4.623639136334045E-5
2,387;841,4.623539177333197E-5
2,630;882,4.618500089461592E-5
2,5;817,4.617124804688396E-5
2,26;635,-4.6166981945593784E-5
2,685;804,-4.6166800128062186E-5
2,363;682,-4.616094568751955E-5
2,462;986,4.6127618498832554E-5
2,733;793,-4.612355774196796E-5
2,181;914,-4.608148060528789E-5
2,730;804,-4.607657237661686E-5
2,515;605,-4.606377241072333E-5
2,250;587,-4.6028811409075936E-5
2,230;342,-4.60234291594918E-5
2,328;966,4.60143645242347E-5
2,308;372,4.598625482234204E-5
2,140;423,-4.597241220090345E-5
2,259;783,4.596029098334453E-5
2,55;123,4.595889712608498E-5
2,50;862,4.5955997019276E-5
2,437;763,-4.595335852967805E-5
2,162;588,-4.5943895072371984E-5
2,407;548,-4.5940797003474364E-5
2,202;408,-4.591145938392617E-5
2,462;640,4.589764800650109E-5
2,168;562,4.588858361043205E-5
2,39;313,4.585201768949428E-5
2,276;688,-4.584420543555077E-5
2,109;952,4.5834903209880316E-5
2,835;963,-4.581382432366048E-5
2,312;888,4.580993864604814E-5
2,35;317,4.58009374863273E-5
2,142;983,4.580012685784406E-5
2,153;404,4.5798447546133844E-5
2,737;778,-4.579097038075354E-5
2,236;691,4.5780195312117606E-5
2,666;845,4.5772790513435705E-5
2,580;961,4.575795915645521E-5
2,146;956,4.575542289943725E-5
2,254;659,-4.57410266275361E-5
2,276;752,4.5729915529834096E-5
2,525;634,4.5709002526357926E-5
2,282;625,4.570326468888695E-5
2,448;796,4.5693023593765204E-5
2,230;910,-4.5684033907860025E-5
2,237;944,-4.5678672167518265E-5
2,214;391,4.566758556524957E-5
2,245;818,-4.5667570024205465E-5
2,457;883,-4.56672100557042E-5
2,767;918,4.566696051031861E-5
2,211;703,-4.566609743611464E-5
2,384;646,-4.566548222349851E-5
2,102;600,-4.565219677175206E-5
2,105;975,4.5636971954453406E-5
2,358;749,-4.562939294196049E-5
2,142;379,4.562584158304441E-5
2,178;639,-4.5584141952992474E-5
2,96;775,4.558017710751613E-5
2,46;456,-4.556582684028611E-5
2,617;867,-4.555556485792651E-5
2,17;153,4.552934655715334E-5
2,97;517,4.552721297754572E-5
2,264;872,-4.551268992487022E-5
2,152;209,4.55075062886385E-5
2,445;634,-4.5501797782818475E-5
2,914;956,4.5494894225337755E-5
2,816;876,-4.5492585817666855E-5
2,588;798,-4.5478976328686836E-5
2,482;590,4.547012933154293E-5
2,524;637,-4.546361736631991E-5
2,473;729,-4.545714583556556E-5
2,415;466,4.543702952102552E-5
2,82;659,4.5433378349042055E-5
2,17;434,4.543310460011478E-5
2,401;927,4.5406175383861146E-5
2,744;797,-4.53937695041166E-5
2,191;698,4.538744775275419E-5
2,227;719,4.538368428171309E-5
2,580;583,-4.535000233323318E-5
2,680;765,-4.53449581088885E-5
2,158;431,-4.533482853814961E-5
2,196;763,-4.529290756331927E-5
2,325;978,-4.5269162993973797E-5
2,26;725,-4.526079241686618E-5
2,88;259,4.5250673972801595E-5
2,245;743,4.524197973047721E-5
2,337;538,4.523223747923109E-5
2,261;451,-4.522483792371825E-5
2,75;416,4.522417889777073E-5
2,360;911,4.522028822233724E-5
2,30;863,4.520438992213485E-5
2,94;935,-4.519329255040269E-5
2,233;441,-4.5175361894256695E-5
2,22;437,-4.515297208544185E-5
2,585;622,4.515265382742174E-5
2,334;954,-4.513158912471031E-5
2,290;324,4.511229816792973E-5
2,1;269,-4.511006732651814E-5
2,404;439,4.510300220610079E-5
2,86;981,4.509213956861602E-5
2,342;501,-4.508346495549667E-5
2,798;924,4.508134157964818E-5
2,183;793,-4.5075999643578626E-5
2,128;476,-4.503677567941357E-5
2,23;883,-4.502760909067564E-5
2,51;149,-4.50248184769328E-5
2,115;834,-4.502045697337429E-5
2,166;942,-4.5017461132127965E-5
2,507;769,-4.5007985023974935E-5
2,333;686,4.4968971828874536E-5
2,491;896,-4.496255573021603E-5
2,152;226,4.4932498818296465E-5
2,346;868,4.492644795641058E-5
2,492;997,-4.491924140641402E-5
2,239;351,-4.4877511630211746E-5
2,540;968,4.4835799517899985E-5
2,93;629,4.481469365380572E-5
2,208;881,4.480528270388429E-5
2,283;452,-4.478911205883363E-5
2,222;783,-4.4784022633695716E-5
2,148;792,4.4774371073265026E-5
2,250;589,-4.476200497161588E-5
2,296;618,4.4761343212541314E-5
2,17;462,-4.475558599934902E-5
2,730;904,4.475089111440141E-5
2,784;852,4.4745502616213866E-5
2,756;775,-4.471497189902179E-5
2,26;279,-4.468964413081118E-5
2,122;652,4.46803749999552E-5
2,142;250,4.4656274437251374E-5
2,743;905,-4.464887676556037E-5
2,307;426,4.463775636594124E-5
2,127;486,4.463502862675051E-5
2,154;295,4.462302916720056E-5
2,338;891,4.461685358312049E-5
2,613;688,4.460634752870885E-5
2,270;627,-4.459792205077048E-5
2,249;929,-4.459641760227406E-5
2,201;496,-4.4592681136057505E-5
2,162;395,-4.45918718383896E-5
2,701;717,-4.458105928124047E-5
2,26;664,4.456991402480286E-5
2,375;871,4.4564725359759415E-5
2,660;949,4.454448073537995E-5
2,616;855,-4.453760467356502E-5
2,210;678,-4.4535607039245374E-5
2,616;862,-4.453475325303061E-5
2,171;499,4.452698403508572E-5
2,160;254,-4.45207484370798E-5
2,633;718,-4.45202112009035E-5
2,604;721,4.4515961320076755E-5
2,715;716,-4.4504406877553804E-5
2,453;888,4.449287456082449E-5
2,222;350,4.449175521713475E-5
2,793;866,4.448080903541017E-5
2,406;744,-4.448009122660635E-5
2,359;443,4.446884531745204E-5
2,399;564,4.446708140240316E-5
2,695;974,4.4466559453407914E-5
2,225;495,-4.446493868400506E-5
2,150;628,4.446163339329287E-5
2,642;906,-4.446141984706348E-5
2,474;883,4.4460876990852014E-5
2,609;662,4.4458922527817884E-5
2,657;986,-4.444350475389429E-5
2,114;939,4.444124049911534E-5
2,358;548,4.443317345027899E-5
2,130;671,-4.442532704404875E-5
2,410;496,4.439849867846413E-5
2,422;832,-4.439843653044698E-5
2,308;834,4.43967059046258E-5
2,546;726,4.4396084010297904E-5
2,104;308,4.4395394565732135E-5
2,156;537,4.438900119695505E-5
2,699;736,4.4386073203492515E-5
2,163;786,-4.4383819731677894E-5
2,367;892,-4.4380908013747334E-5
2,589;696,4.43805668231992E-5
2,24;967,-4.437312290464424E-5
2,670;999,-4.43655579235656E-5
2,267;704,-4.4340343748590254E-5
2,148;602,4.4335834294385857E-5
2,528;566,4.433506173182638E-5
2,586;611,-4.4329031680552145E-5
2,165;947,-4.431021151831099E-5
2,119;857,4.430504906365857E-5
2,283;811,4.429794635278971E-5
2,75;978,-4.4288308594045717E-5
2,466;556,-4.428341711456135E-5
2,216;830,-4.4279732805557935E-5
2,372;897,-4.4251092682953286E-5
2,251;447,4.424986254499484E-5
2,54;887,-4.423835634586983E-5
2,4;262,4.422605258784682E-5
2,103;718,-4.422275326972097E-5
2,94;844,-4.421665402307935E-5
2,398;526,4.4205039873799115E-5
2,246;425,-4.420205864657789E-5
2,192;818,4.418003875332665E-5
2,282;985,4.416405767558733E-5
2,423;622,4.4163678477205635E-5
2,119;687,4.415597407030363E-5
2,575;873,-4.4121465681594475E-5
2,302;910,4.4110332667394035E-5
2,69;672,-4.4105590837108566E-5
2,198;943,-4.409737941240135E-5
2,6;427,4.407896960886125E-5
2,242;990,-4.4071488479555916E-5
2,91;509,4.406097442750039E-5
2,61;279,-4.4053901579856405E-5
2,2;364,4.404764261447643E-5
2,335;689,-4.4046238060495834E-5
2,186;787,-4.4025767546819376E-5
2,27;894,-4.4013514797494564E-5
2,124;453,-4.3980729816499906E-5
2,308;561,4.397940522566747E-5
2,76;934,-4.396348127742731E-5
2,315;565,4.395006416558663E-5
2,245;404,-4.393085386052225E-5
2,237;291,4.392856301586372E-5
2,45;552,4.3912982085765625E-5
2,806;874,4.390778736073573E-5
2,45;832,4.3886054959304075E-5
2,380;440,4.3872006875472925E-5
2,2;975,-4.385979326646234E-5
2,83;583,-4.3823719554947205E-5
2,26;343,4.382303207146892E-5
2,258;710,-4.382183934258832E-5
2,195;376,-4.3818999434832074E-5
2,450;489,4.381595958181038E-5
2,704;784,4.379679737020938E-5
2,773;954,4.375842393040158E-5
2,404;718,4.3757772088740674E-5
2,788;928,-4.373427666444753E-5
2,277;974,-4.372259352645988E-5
2,254;515,4.3707323521840136E-5
2,396;487,4.370395461852439E-5
2,66;707,4.367371650115744E-5
2,200;955,-4.3670149609570026E-5
2,540;606,-4.365838659659417E-5
2,866;878,-4.3650266543765626E-5
2,139;318,-4.363790879018949E-5
2,180;786,-4.362646352588235E-5
2,249;395,4.3605508855877926E-5
2,198;199,-4.360222290467338E-5
2,21;353,-4.360150751609766E-5
2,459;582,-4.3582082953143714E-5
2,517;758,-4.3567246791899164E-5
2,51;127,-4.355540424658622E-5
2,799;900,-4.3554404156802E-5
2,158;595,-4.3550698767124466E-5
2,762;936,4.3543585188299564E-5
2,240;755,4.353233515804367E-5
2,224;916,4.3523043014349125E-5
2,453;765,4.3511724265612115E-5
2,545;659,-4.350063185959969E-5
2,255;956,4.3500518923438853E-5
2,796;901,4.348978683364811E-5
2,360;556,-4.348049700799461E-5
2,279;932,-4.3473001398915484E-5
2,664;959,4.3440516647650806E-5
2,461;651,-4.341981954669503E-5
2,377;412,4.338763998115829E-5
2,459;708,4.3360833921765265E-5
2,91;405,-4.3346180158754825E-5
2,140;761,4.3338638138828594E-5
2,442;462,4.333484391328763E-5
2,769;916,4.33314236646575E-5
2,50;67,-4.332086261702627E-5
2,73;397,4.3308549468369966E-5
2,18;659,-4.328076664033515E-5
2,584;886,4.3278575302466264E-5
2,550;809,4.325452957129229E-5
2,726;794,-4.325329254040714E-5
2,63;203,4.3244760492109216E-5
2,462;611,-4.322390327373713E-5
2,177;658,-4.322097755477669E-5
2,474;911,4.322027302877594E-5
2,559;690,-4.3190849797170293E-5
2,333;493,4.317155819589072E-5
2,295;988,4.315025917233099E-5
2,193;797,-4.311141832364046E-5
2,45;260,4.310462550145719E-5
2,947;955,4.309478386025314E-5
2,439;971,4.309442016358222E-5
2,25;143,-4.308784131394914E-5
2,230;581,-4.3087271986592126E-5
2,808;833,4.308599541441445E-5
2,103;695,4.3073555618213275E-5
2,355;461,4.306034441865075E-5
2,687;847,4.304620562270664E-5
2,185;228,-4.303065514025326E-5
2,174;558,-4.302069517798049E-5
2,129;226,4.3015507452737146E-5
2,33;93,-4.301026430188983E-5
2,679;749,-4.300552004875669E-5
2,51;456,-4.300169774177512E-5
2,209;368,4.299761253383799E-5
2,197;938,4.29936984733971E-5
2,505;637,4.298734902168479E-5
2,240;418,4.296659957833743E-5
2,267;512,4.296181794900377E-5
2,461;738,-4.2954291758527415E-5
2,730;978,-4.2948066614190634E-5
2,204;210,-4.294468703062777E-5
2,215;941,4.2937331507243774E-5
2,516;791,4.2914146300555E-5
2,85;518,-4.291377862445364E-5
2,719;763,4.290412069441689E-5
2,561;634,-4.290141858960891E-5
2,191;201,-4.289608641725681E-5
2,201;547,-4.289343079260399E-5
2,729;931,-4.28903786346941E-5
2,68;933,-4.288620269610685E-5
2,18;87,-4.2883994937964104E-5
2,745;833,-4.2857561275130404E-5
2,337;516,4.285509092578144E-5
2,522;690,4.2852648380636144E-5
2,529;566,-4.284648046793957E-5
2,96;627,-4.282617983325036E-5
2,614;702,-4.2823268368256166E-5
2,277;399,4.281694385583376E-5
2,478;588,4.281524055417604E-5
2,283;651,4.2796609754941385E-5
2,782;822,4.27900930814899E-5
2,645;853,4.278347042092623E-5
2,355;936,4.277370131961955E-5
2,60;337,4.276837528300912E-5
2,224;498,4.2766404228069654E-5
2,609;931,-4.274179568379454E-5
2,199;530,4.27382223050006E-5
2,647;993,4.27122992544539E-5
2,170;201,-4.271132641348592E-5
2,367;625,4.270430439693112E-5
2,10;395,-4.269371402253878E-5
2,745;978,-4.268282622328272E-5
2,324;917,-4.2661972389578516E-5
2,297;410,-4.264321659509261E-5
2,64;688,-4.2634724737234464E-5
2,247;310,4.2607223009625395E-5
2,572;633,-4.260513752418654E-5
2,170;671,-4.2595441861032885E-5
2,727;913,-4.259010666537355E-5
2,33;114,4.258894875894266E-5
2,113;497,-4.2570246670071326E-5
2,33;372,-4.256374325889415E-5
2,407;888,-4.255402119199765E-5
2,264;480,4.2527234367757136E-5
2,106;393,4.2520625568434645E-5
2,685;715,-4.251939836119362E-5
2,967;996,-4.251269248462342E-5
2,773;820,-4.2510684560652005E-5
2,484;992,4.250081370123908E-5
2,2;202,-4.249272486550274E-5
2,38;988,4.247270200558699E-5
2,381;810,-4.24573609192133E-5
2,551;942,-4.24569529940574E-5
2,246;332,4.2452277516528745E-5
2,4;966,4.2443722566230875E-5
2,401;699,-4.2437649371733374E-5
2,437;665,4.242860271284882E-5
2,384;760,4.241466653405863E-5
2,766;804,4.240496172250456E-5
2,815;944,-4.2382484944878106E-5
2,775;987,-4.237785196245732E-5
2,142;890,-4.2365004894162914E-5
2,352;942,-4.236148120532174E-5
2,142;771,4.2346739452722535E-5
2,122;753,4.2344269280610464E-5
2,587;964,4.2339192951398846E-5
2,69;821,-4.232873532260356E-5
2,14;877,4.230728522051554E-5
2,682;709,-4.229820950896847E-5
2,141;594,4.229653943729013E-5
2,405;791,4.228621933529128E-5
2,45;343,-4.2274294640117184E-5
2,18;304,-4.227345666507235E-5
2,14;484,4.2272633083765056E-5
2,439;602,4.225268816505658E-5
2,147;654,-4.224999416572505E-5
2,88;467,-4.2237646297114786E-5
2,253;930,4.2235254672871385E-5
2,875;923,-4.2215839683499064E-5
2,466;750,4.221383437864366E-5
2,260;697,-4.2205725987293624E-5
2,155;187,4.219553132771021E-5
2,776;872,-4.21929485459076E-5
2,282;667,4.2184652137081506E-5
2,136;682,4.2179316545884974E-5
2,219;675,4.217627141212258E-5
2,261;881,4.213414894952554E-5
2,945;965,4.211862455212949E-5
2,484;920,4.21153803053868E-5
2,858;995,4.2112960720928456E-5
2,268;463,-4.210601595345787E-5
2,511;856,4.2104860057463116E-5
2,682;776,-4.210172562687451E-5
2,760;968,-4.2095895283534085E-5
2,14;676,-4.206331869708166E-5
2,660;820,-4.2045280736267805E-5
2,38;522,4.2042749279572674E-5
2,727;733,-4.20168013923037E-5
2,431;866,-4.20082042644438E-5
2,449;489,-4.200544976787443E-5
2,107;287,-4.1991431576872416E-5
2,484;517,4.1976889737319444E-5
2,259;301,-4.194421829018496E-5
2,136;253,4.194032363959163E-5
2,63;120,4.193415935390656E-5
2,123;705,4.1927561815572614E-5
2,228;860,-4.190054111186729E-5
2,114;340,-4.1892515426523156E-5
2,33;375,-4.187697858507958E-5
2,351;705,-4.1867866868189004E-5
2,99;682,-4.186721354220198E-5
2,530;547,4.183056677474498E-5
2,678;830,-4.183026811855445E-5
2,403;598,-4.181875597307769E-5
2,435;701,4.178828980004573E-5
2,105;942,4.1786067928446874E-5
2,266;554,4.178244613921007E-5
2,479;889,4.1777881978537895E-5
2,643;803,-4.177191159769372E-5
2,496;559,4.177146509742233E-5
2,103;347,4.1771280427975156E-5
2,272;771,4.174672376898131E-5
2,60;739,4.173925089161834E-5
2,484;937,4.16855458007787E-5
2,730;814,-4.1680390629428775E-5
2,496;947,-4.1665408010182736E-5
2,186;857,4.164211434378081E-5
2,189;672,4.163424044155276E-5
2,141;715,4.162381576828762E-5
2,496;773,-4.161948334932191E-5
2,612;881,4.1617924454551773E-5
2,415;920,4.160607387288505E-5
2,505;575,4.1599763276729275E-5
2,237;767,4.1598032880510743E-5
2,124;953,4.157719705300725E-5
2,603;764,4.155454805790276E-5
2,520;651,-4.15469748594878E-5
2,79;717,-4.1537855682891174E-5
2,201;205,-4.1522530203402395E-5
2,163;596,4.151940866983775E-5
2,117;495,4.1517855320754126E-5
2,64;568,-4.149349777981838E-5
2,414;984,-4.148039096686957E-5
2,311;839,-4.146784335891682E-5
2,811;872,4.1456044472152703E-5
2,2;137,-4.145478328731277E-5
2,142;210,4.144186625534725E-5
2,535;892,4.140142824667245E-5
2,182;328,4.139247018619761E-5
2,284;299,4.137788877693761E-5
2,196;647,-4.1374638633793784E-5
2,781;965,-4.1372172822235794E-5
2,50;855,-4.1362493131759183E-5
2,686;749,4.134910849559508E-5
2,349;350,4.134645943700209E-5
2,802;839,-4.134443950419246E-5
2,89;984,4.134118487613357E-5
2,685;968,-4.131757505822881E-5
2,63;768,-4.1310567476269645E-5
2,626;634,-4.129611918609629E-5
2,578;965,-4.12921908439919E-5
2,531;793,-4.128741204176768E-5
2,25;693,-4.128523431387198E-5
2,497;976,4.1285068331138384E-5
2,137;860,4.128051334636416E-5
2,122;865,4.127423167306549E-5
2,406;692,-4.127399181389897E-5
2,574;673,-4.127220527387251E-5
2,133;640,4.125227073241699E-5
2,422;970,-4.1242009425401685E-5
2,54;145,4.123062143976417E-5
2,171;591,4.12302709932576E-5
2,387;414,-4.11757901641724E-5
2,690;864,4.116153076109369E-5
2,111;583,-4.116127328131711E-5
2,920;959,-4.115691587435271E-5
2,561;663,-4.114962471364618E-5
2,64;859,-4.114860464320645E-5
2,63;92,4.113926094160482E-5
2,117;128,4.111689694628032E-5
2,453;756,4.1115470529865446E-5
2,211;935,4.1092417487240815E-5
2,456;723,4.108263163134611E-5
2,101;488,-4.108143981233262E-5
2,27;109,4.1079785760899324E-5
2,375;404,-4.104407823602251E-5
2,108;484,-4.104123197018681E-5
2,688;830,-4.101640419036351E-5
2,10;768,4.101019979841733E-5
2,53;630,4.100818312442318E-5
2,638;644,4.097109360616656E-5
2,417;849,-4.096821680675592E-5
2,304;883,-4.0916762786866195E-5
2,149;474,-4.090671909971574E-5
2,142;458,-4.0903404530714574E-5
2,615;999,-4.0861634210987086E-5
2,874;887,4.085653496118923E-5
2,435;601,-4.085259327599571E-5
2,115;985,4.0847471130091764E-5
2,514;519,4.084068048113627E-5
2,80;690,-4.083595190123354E-5
2,78;674,4.0831907799787364E-5
2,17;79,4.083115033678493E-5
2,578;799,-4.082660471949567E-5
2,377;842,-4.0823867049056784E-5
2,240;367,4.0811707123115636E-5
2,172;351,4.080156454926461E-5
2,626;904,-4.0779091707473474E-5
2,515;706,4.0775525897167646E-5
2,213;610,4.075799829523643E-5
2,17;128,-4.075146241338149E-5
2,440;929,4.074561335924658E-5
2,18;808,4.073240191253123E-5
2,145;463,-4.07226369331912E-5
2,443;723,-4.071051142480443E-5
2,848;860,4.0699003509092246E-5
2,43;971,4.067564440532781E-5
2,705;742,-4.0659894393689256E-5
2,285;341,4.064621887792096E-5
2,740;947,-4.0645652669243196E-5
2,311;585,-4.063223762744178E-5
2,823;900,-4.0629752185613925E-5
2,217;917,-4.0612024051916746E-5
2,149;896,-4.0609325081809186E-5
2,322;403,-4.060008896723615E-5
2,294;760,-4.059652700340158E-5
2,378;398,-4.059555857746571E-5
2,177;323,4.059111559594202E-5
2,202;410,4.056320069905674E-5
2,585;987,-4.055789216684683E-5
2,351;476,-4.055331829047503E-5
2,449;485,4.0552862012979484E-5
2,191;599,-4.0537028697293567E-5
2,647;814,-4.0533744698478894E-5
2,92;764,-4.0531915961662124E-5
2,171;439,4.052935468953568E-5
2,916;924,-4.051705996659301E-5
2,225;328,-4.051678077442903E-5
2,369;739,-4.049660106510716E-5
2,354;908,-4.0494191147030206E-5
2,887;911,-4.048151979193868E-5
2,602;815,4.046197415794758E-5
2,81;639,-4.043627640548872E-5
2,285;551,-4.043362724064116E-5
2,218;594,-4.0427354638220006E-5
2,650;957,-4.0420663664882425E-5
2,171;555,4.041906268346625E-5
2,721;855,4.0412273540733696E-5
2,133;306,4.040734024142991E-5
2,33;552,4.0406225580617675E-5
2,257;603,-4.040189084124435E-5
2,729;969,-4.039869566161814E-5
2,202;329,-4.0396637060095815E-5
2,742;980,-4.039379801119558E-5
2,381;525,4.039186228273196E-5
2,75;166,4.0386972604217456E-5
2,493;771,-4.038053920137977E-5
2,7;19,4.037404827385502E-5
2,192;976,-4.03610272509477E-5
2,427;777,-4.035471922813169E-5
2,84;863,-4.033590486794303E-5
2,8;741,4.033389221719157E-5
2,220;810,4.031489725340048E-5
2,53;287,4.031487043316808E-5
2,638;782,4.031372788980609E-5
2,34;206,-4.030434537397693E-5
2,332;503,-4.0302222226036924E-5
2,44;675,4.0298993800763734E-5
2,306;976,-4.029395195738142E-5
2,841;892,-4.029383301647238E-5
2,258;699,-4.029174502945633E-5
2,217;359,-4.028196673366556E-5
2,640;967,4.026488761414053E-5
2,33;107,4.026178144918381E-5
2,686;928,4.0254350793424864E-5
2,31;965,-4.0249982180268845E-5
2,327;880,4.024748835267009E-5
2,353;989,4.02426208434852E-5
2,504;524,-4.023786775927204E-5
2,26;959,-4.0234251299333896E-5
2,10;864,-4.016460318635326E-5
2,182;371,-4.0158042598457873E-5
2,246;683,4.0146573577128256E-5
2,147;919,4.0132246953944444E-5
2,153;286,4.013150363105517E-5
2,67;371,4.012126250036051E-5
2,177;690,-4.0107798309014286E-5
2,289;375,4.009982252695429E-5
2,626;958,-4.009025259316465E-5
2,33;534,4.0082847737294744E-5
2,727;935,4.007879884984166E-5
2,204;971,4.007171246037734E-5
2,156;265,-4.0062767330632896E-5
2,447;580,4.004527212649766E-5
2,487;731,4.003750157099419E-5
2,39;676,4.002489508093658E-5
2,86;890,4.0018773726784304E-5
2,929;990,4.000443745320015E-5
2,861;996,-3.999652101159543E-5
2,97;899,3.9982198023381944E-5
2,115;554,-3.996517831025942E-5
2,336;683,3.9961629954571694E-5
2,177;637,-3.995767020965646E-5
2,693;921,3.9947348019385644E-5
2,357;920,-3.9939231352267E-5
2,706;760,3.993645798845089E-5
2,215;496,-3.993252326508286E-5
2,560;965,-3.992722446146858E-5
2,364;773,-3.991800480153387E-5
2,596;828,3.9906190657018995E-5
2,758;844,-3.990272474874814E-5
2,15;883,-3.9899445495303996E-5
2,211;378,-3.9884867363677185E-5
2,116;631,-3.9877355135023715E-5
2,299;533,-3.987511190366038E-5
2,28;950,3.986664653966783E-5
2,156;902,3.9862710268744826E-5
2,70;653,3.985653217051044E-5
2,114;408,-3.9856080508618915E-5
2,456;887,3.985181959709601E-5
2,314;811,-3.980641064213601E-5
2,525;990,-3.9803046099645936E-5
2,466;888,-3.97871095063898E-5
2,56;831,-3.977932853661938E-5
2,349;863,3.977055819596854E-5
2,395;580,-3.9766876891355845E-5
2,504;675,-3.976634191126228E-5
2,811;955,-3.9736476935925934E-5
2,373;511,3.973151200979676E-5
2,247;592,-3.972605081501968E-5
2,738;832,3.9714484172593E-5
2,182;355,3.970770463711848E-5
2,385;831,3.970740442304892E-5
2,612;724,3.970606265249451E-5
2,733;763,3.97028488250095E-5
2,265;929,-3.969312626901786E-5
2,627;883,-3.968790377660152E-5
2,17;562,3.9681451559962E-5
2,402;425,-3.968041292645834E-5
2,287;996,-3.967435260951371E-5
2,129;902,-3.9666483057540165E-5
2,743;828,3.966539456353986E-5
2,133;230,3.9660516606272554E-5
2,252;695,3.963809547936239E-5
2,301;799,-3.963623604073041E-5
2,793;920,-3.9619971016641234E-5
2,455;528,3.961675283908718E-5
2,208;605,-3.96000809588858E-5
2,54;303,3.959839604814176E-5
2,525;775,-3.959303207788009E-5
2,321;553,-3.958686599080573E-5
2,176;689,-3.957065418906221E-5
2,182;760,-3.9567705475570685E-5
2,805;947,3.956719586340411E-5
2,45;934,3.95194609147118E-5
2,642;744,-3.951039789031742E-5
2,70;935,3.9501327414257754E-5
2,198;550,3.94983158205256E-5
2,42;756,-3.949600077222614E-5
2,488;827,-3.9495992486469596E-5
2,545;992,3.9477878462693946E-5
2,133;407,-3.9473376109661075E-5
2,304;640,-3.9471119085129163E-5
2,79;627,-3.943598671278993E-5
2,312;927,-3.94347603781473E-5
2,714;919,3.9420845446267396E-5
2,815;901,-3.941388472921348E-5
2,195;883,-3.94005876764208E-5
2,181;648,-3.939181688359388E-5
2,476;630,-3.9384939184891513E-5
2,468;570,-3.938384282959746E-5
2,609;721,3.93775489388724E-5
2,179;194,3.937240187521461E-5
2,629;842,3.9368871523039195E-5
2,605;658,-3.936737473692419E-5
2,447;914,3.935931187923033E-5
2,551;872,-3.9356268439442794E-5
2,97;651,3.933907502262349E-5
2,487;845,-3.933782937570377E-5
2,300;381,-3.933445552080309E-5
2,237;494,3.9328285373075424E-5
2,544;653,-3.932109233034214E-5
2,15;60,-3.931030987124233E-5
2,520;896,3.9299224870094257E-5
2,600;763,-3.9292651973005825E-5
2,204;777,3.926747080151924E-5
2,279;826,-3.9260366009741267E-5
2,453;949,-3.925383577832453E-5
2,39;458,-3.924217468118482E-5
2,169;708,3.924134088825E-5
2,227;740,-3.923552229435712E-5
2,84;201,3.921527720194264E-5
2,341;881,-3.9193293742035506E-5
2,123;359,3.9181921271668724E-5
2,282;836,3.917831468031045E-5
2,180;296,-3.9176448200509644E-5
2,156;782,-3.9174239511958364E-5
2,234;946,-3.9170439944335864E-5
2,442;710,3.916545364356321E-5
2,258;643,3.9153154889426225E-5
2,821;982,-3.915092811936842E-5
2,441;860,3.912049886808767E-5
2,632;800,-3.9119467963945734E-5
2,546;761,-3.911798319169945E-5
2,81;917,3.911565833659471E-5
2,63;814,-3.911543414999889E-5
2,70;569,-3.91076804339789E-5
2,27;959,-3.9075332461671096E-5
2,166;272,3.906445403059403E-5
2,495;950,3.905417739396072E-5
2,817;950,3.904961873976548E-5
2,85;242,3.9044316874405676E-5
2,63;328,-3.904291419418293E-5
2,562;881,3.902382769842683E-5
2,582;891,-3.902331647531729E-5
2,60;962,-3.902284691207303E-5
2,405;428,-3.901437193223127E-5
2,81;358,-3.901369532473122E-5
2,278;566,-3.901265924190894E-5
2,237;435,-3.901181592306986E-5
2,133;510,3.900509061391938E-5
2,165;880,-3.899444444183875E-5
2,292;798,-3.8991824105943595E-5
2,856;880,3.899040621293877E-5
2,228;287,3.897685199280595E-5
2,245;905,-3.8974923551714004E-5
2,547;725,-3.896939824459358E-5
2,253;666,-3.895087791340441E-5
2,622;803,3.893573109227228E-5
2,68;973,-3.893419028322016E-5
2,223;525,3.893381082262422E-5
2,703;968,-3.8926070757116224E-5
2,230;569,-3.8923830351405174E-5
2,250;315,-3.8912819919633425E-5
2,198;689,3.8907110184116136E-5
2,203;353,3.890060095529906E-5
2,353;741,-3.889913525057955E-5
2,293;620,3.88860699288059E-5
2,649;739,3.887570964204319E-5
2,818;989,3.887547780694056E-5
2,434;513,3.887071411968678E-5
2,404;937,3.886858838660156E-5
2,715;866,3.886014152448165E-5
2,666;997,-3.884909566564489E-5
2,160;583,3.883740757521444E-5
2,186;367,-3.8835302881285966E-5
2,686;964,3.883064257412397E-5
2,299;740,3.88017584734957E-5
2,496;986,3.880049898192656E-5
2,325;822,3.8796880460954184E-5
2,86;756,3.877510787727013E-5
2,227;896,3.877047193715738E-5
2,30;146,3.876484373921428E-5
2,711;737,-3.8762914830301444E-5
2,109;702,-3.8762270187490246E-5
2,120;315,-3.874226458772902E-5
2,108;548,3.87323278030826E-5
2,595;826,-3.872513487305267E-5
2,756;826,3.8710535426937617E-5
2,632;967,-3.8705475700136274E-5
2,670;963,3.870004372418305E-5
2,669;991,3.869888946820808E-5
2,971;995,-3.869691747543259E-5
2,21;778,-3.86942135193612E-5
2,153;873,3.869244469257771E-5
2,153;155,3.868622981110478E-5
2,82;798,-3.868528524941485E-5
2,323;889,3.867455259297998E-5
2,325;704,-3.8673949284661546E-5
2,330;961,3.866300841916315E-5
2,32;109,-3.865614830029046E-5
2,330;525,-3.864772603011509E-5
2,749;797,-3.8644638452168085E-5
2,51;526,-3.864068589498522E-5
2,193;968,-3.8630259331975275E-5
2,775;833,3.862514166377173E-5
2,42;99,-3.86088093093412E-5
2,378;790,-3.8605063772981606E-5
2,408;630,-3.8598771671212314E-5
2,329;705,-3.85917520781417E-5
2,777;909,-3.858779193136716E-5
2,790;982,3.857644690639669E-5
2,359;533,-3.857164914987492E-5
2,686;826,3.856553025567348E-5
2,448;821,-3.856312607551803E-5
2,625;933,3.855570921555021E-5
2,227;726,3.8528659893576944E-5
2,161;207,3.8527017676138973E-5
2,172;476,3.8489840816394574E-5
2,699;982,-3.8478152257121495E-5
2,215;907,3.847305287397923E-5
2,451;729,-3.846322732249348E-5
2,247;849,3.8462727305604237E-5
2,502;825,3.844702776188348E-5
2,713;910,-3.843862019552986E-5
2,229;841,3.843254868600682E-5
2,582;831,-3.842208022989778E-5
2,412;596,3.8386671503394124E-5
2,667;962,-3.836828950773323E-5
2,53;484,3.8360829754729585E-5
2,319;846,-3.835692950505941E-5
2,306;618,3.8356481396362385E-5
2,219;919,-3.834113393583325E-5
2,165;408,-3.833524687609789E-5
2,391;986,3.833251786929909E-5
2,433;903,-3.8330566049293376E-5
2,156;425,3.833001779230958E-5
2,178;185,-3.8321088465281624E-5
2,248;756,-3.830288043829199E-5
2,20;961,3.8299280691062516E-5
2,348;917,-3.827124814261091E-5
2,634;685,3.8268155856824815E-5
2,421;713,3.825960709311425E-5
2,238;840,3.825677428134655E-5
2,165;246,-3.825245660232166E-5
2,173;455,3.8248414864053684E-5
2,65;454,3.824677857293718E-5
2,603;914,-3.824501762617008E-5
2,39;732,3.821754708403585E-5
2,19;53,3.8188970219430384E-5
2,522;859,3.818611890765226E-5
2,702;984,3.817387780202307E-5
2,32;660,3.816843586888153E-5
2,670;839,-3.816669091536042E-5
2,832;865,3.816047813970663E-5
2,604;792,3.815219781172638E-5
2,543;619,-3.815061666097797E-5
2,30;580,-3.814338626990236E-5
2,692;806,-3.812367315863516E-5
2,199;950,3.811662814055727E-5
2,490;569,-3.810084539346619E-5
2,362;751,-3.8093550409587566E-5
2,227;415,3.808380181981927E-5
2,259;683,3.807535239776288E-5
2,553;689,-3.807284942163028E-5
2,130;957,-3.806794928333823E-5
2,305;393,-3.806403006734668E-5
2,416;595,-3.8059191637741425E-5
2,745;750,-3.8052067252596986E-5
2,242;502,3.805169472318066E-5
2,692;827,3.805011246176634E-5
2,156;658,-3.804226146012169E-5
2,572;634,3.80266897668441E-5
2,76;546,3.802638392649747E-5
2,551;782,3.802462285076851E-5
2,94;433,3.801532415371034E-5
2,873;913,-3.8014437953998654E-5
2,68;96,-3.8009282293926944E-5
2,108;412,3.800882084915859E-5
2,9;372,-3.800801041379699E-5
2,722;872,3.800794648046788E-5
2,571;700,3.8005138241311694E-5
2,700;948,3.800419674798679E-5
2,528;996,3.7999979931364514E-5
2,250;771,-3.799981847323708E-5
2,74;800,-3.798379644535555E-5
2,155;441,3.7964049699246594E-5
2,178;738,3.796331662127438E-5
2,98;881,-3.793230573135153E-5
2,25;832,-3.793199764711998E-5
2,250;788,3.792646559984657E-5
2,161;791,-3.790562173295625E-5
2,275;423,3.7901082310178884E-5
2,136;566,3.790074679027286E-5
2,599;837,-3.788712670200118E-5
2,219;866,3.788017890718291E-5
2,193;214,-3.785133105705355E-5
2,766;874,3.782896820182528E-5
2,286;360,3.7824163692307805E-5
2,442;881,3.782000695228981E-5
2,310;594,3.781598465650091E-5
2,419;807,3.781504418575497E-5
2,114;531,-3.7813519163094946E-5
2,893;905,3.780959543865364E-5
2,404;953,3.7795783683480164E-5
2,202;401,-3.779553625074904E-5
2,217;734,-3.7784782398556996E-5
2,11;574,-3.777760847093999E-5
2,192;754,-3.7777362653755734E-5
2,193;360,3.7772856216566455E-5
2,312;904,-3.776235617631179E-5
2,107;960,-3.7749830194017495E-5
2,270;790,-3.774256763297835E-5
2,485;498,-3.773817076643553E-5
2,426;826,3.773648582757608E-5
2,245;901,-3.773027249550888E-5
2,138;681,3.77261492419268E-5
2,24;711,3.772530699215291E-5
2,133;677,3.7710709344103465E-5
2,232;483,3.769312763391398E-5
2,367;377,3.768314812356274E-5
2,266;928,3.766688717132316E-5
2,341;921,-3.76641994597155E-5
2,242;825,3.7662695664307524E-5
2,306;919,-3.765718912153126E-5
2,184;369,-3.763997599566349E-5
2,501;572,3.762722032678286E-5
2,667;919,-3.7619058444539376E-5
2,640;842,-3.7615946631154586E-5
2,294;548,-3.760412277091719E-5
2,135;727,-3.757062113486652E-5
2,301;387,3.7567102274714964E-5
2,63;693,-3.756282307898866E-5
2,296;399,-3.7548317849482E-5
2,31;471,-3.754353183597921E-5
2,179;849,3.753708896872715E-5
2,92;622,-3.753123461360155E-5
2,179;693,-3.7530014808800834E-5
2,108;455,3.752703639506451E-5
2,464;919,-3.752216603492367E-5
2,415;571,3.752195462112182E-5
2,173;626,-3.750537672123912E-5
2,14;821,3.7494058113473395E-5
2,188;341,3.7472047848738795E-5
2,502;555,-3.7450165743812727E-5
2,364;794,3.744548056575231E-5
2,415;750,3.744501709849277E-5
2,72;612,3.744495455195689E-5
2,227;949,-3.742392214606029E-5
2,891;957,-3.741362515367852E-5
2,45;931,3.741122477465772E-5
2,277;920,3.740072996739463E-5
2,282;451,-3.737521719569416E-5
2,210;938,3.736851951973799E-5
2,394;878,3.7364089449989364E-5
2,296;889,-3.7357383005915925E-5
2,12;555,3.734569189367806E-5
2,393;630,-3.7341933154449213E-5
2,546;687,-3.731723869775723E-5
2,208;952,-3.731458508106457E-5
2,643;671,3.730737902237048E-5
2,468;710,3.7306881081628485E-5
2,342;624,3.729745829166415E-5
2,360;793,-3.729388769104493E-5
2,399;753,3.729125264595411E-5
2,153;714,3.728545869374643E-5
2,222;414,-3.728234191894838E-5
2,181;969,3.726748034029636E-5
2,598;725,3.725466634873031E-5
2,124;302,3.7252142832613137E-5
2,178;843,-3.724412157977945E-5
2,774;861,3.723947643738891E-5
2,312;526,3.723075749416945E-5
2,626;971,3.722216648111154E-5
2,219;658,-3.722070762626556E-5
2,729;867,-3.719187217718797E-5
2,534;702,3.716249583531403E-5
2,396;880,3.715669601639103E-5
2,148;705,-3.713892198510645E-5
2,41;95,3.7133326381733656E-5
2,871;875,3.7132301479262015E-5
2,6;375,3.713112703090215E-5
2,4;323,-3.713004257962996E-5
2,655;782,3.712218594610878E-5
2,63;659,-3.711804386152821E-5
2,37;649,3.711776908451418E-5
2,228;600,-3.710759221558592E-5
2,40;387,-3.710008084163182E-5
2,238;857,3.705785575157148E-5
2,18;984,-3.705038774467999E-5
2,271;711,3.7039838444030515E-5
2,333;526,3.702673197902179E-5
2,50;726,-3.702404716607319E-5
2,107;213,3.702346814511604E-5
2,225;269,3.7021875358545926E-5
2,404;641,-3.7020213103923825E-5
2,506;898,3.7020145666092064E-5
2,401;889,-3.701707043095832E-5
2,387;799,3.700730391075763E-5
2,368;531,3.7005950562661775E-5
2,324;603,-3.700061274451971E-5
2,507;965,-3.6981690469090666E-5
2,282;920,3.6981095640992695E-5
2,316;525,3.698027270416118E-5
2,149;507,3.69662463451855E-5
2,253;735,-3.696400215153058E-5
2,539;898,3.695088802962375E-5
2,755;816,-3.693769217937458E-5
2,745;809,-3.6923372618715755E-5
2,12;573,-3.692284858059661E-5
2,432;709,3.69206800056849E-5
2,154;645,-3.691690474285137E-5
2,60;230,-3.691574522545895E-5
2,416;619,-3.691550422872504E-5
2,200;884,-3.691114586394622E-5
2,160;383,3.6908389887946065E-5
2,531;788,3.6906995991789953E-5
2,579;849,-3.690475393304239E-5
2,380;628,3.690242489592351E-5
2,178;250,-3.6872454967580986E-5
2,16;71,3.684455238723854E-5
2,518;771,-3.683679805004313E-5
2,74;599,-3.6819719384664165E-5
2,98;956,3.680645237683238E-5
2,696;752,3.680413921604035E-5
2,142;252,3.678663920764527E-5
2,189;743,-3.6786541051159404E-5
2,223;925,-3.678501377903909E-5
2,542;918,-3.67711272115151E-5
2,75;549,3.674578530813273E-5
2,281;487,3.6743381873958864E-5
2,487;754,-3.6743065087445264E-5
2,276;696,-3.6731944001922094E-5
2,440;935,-3.671620742422234E-5
2,426;900,-3.671245459380068E-5
2,139;405,-3.670742225476662E-5
2,571;910,3.67067585120282E-5
2,196;779,3.669655298812841E-5
2,523;758,-3.66942453188308E-5
2,26;32,3.668918109214499E-5
2,97;423,-3.668866170105163E-5
2,722;832,3.666932336182703E-5
2,303;584,-3.665907399603602E-5
2,645;895,3.665468520201752E-5
2,92;982,3.664220892077598E-5
2,13;950,-3.662381127395546E-5
2,933;964,3.6620944413000425E-5
2,18;37,-3.6617323119217145E-5
2,430;695,3.65969317571926E-5
2,658;872,-3.659611372208625E-5
2,166;439,3.6595393127387175E-5
2,69;518,3.659090706446794E-5
2,127;706,3.658255892993243E-5
2,173;208,-3.6582493392564506E-5
2,44;108,-3.657585632227339E-5
2,288;877,3.656801835957815E-5
2,304;611,-3.6561757535656855E-5
2,407;781,-3.6558352383323474E-5
2,485;871,3.654899316384462E-5
2,913;962,3.653786837117342E-5
2,44;661,-3.6537605088943495E-5
2,837;997,-3.65365456632475E-5
2,80;516,3.652723561622314E-5
2,827;931,-3.651293232972145E-5
2,81;363,3.649251447078393E-5
2,32;541,3.6491119764043856E-5
2,79;207,3.648155595293181E-5
2,377;383,-3.646994308043274E-5
2,130;534,3.644212421914002E-5
2,163;256,3.6438537100714096E-5
2,435;465,3.643638852838768E-5
2,80;994,-3.6434641807741275E-5
2,79;95,3.642840343303476E-5
2,257;999,-3.642360207962578E-5
2,261;988,-3.6402124443821846E-5
2,574;702,3.6401511005369075E-5
2,97;140,-3.6377009336919415E-5
2,725;941,-3.635042241401731E-5
2,773;975,-3.634397182424304E-5
2,74;778,3.6341451558410716E-5
2,723;840,-3.6334765265798126E-5
2,424;817,-3.6334143077844265E-5
2,284;787,3.6306455035349625E-5
2,142;459,3.630089188531568E-5
2,578;630,3.629783769682907E-5
2,48;741,3.6294862511615896E-5
2,126;954,3.627657049771383E-5
2,310;525,-3.627400441016454E-5
2,178;589,-3.627208084700868E-5
2,340;653,3.624879404915097E-5
2,377;666,-3.6239066951329175E-5
2,89;882,-3.622248677749601E-5
2,362;786,-3.621434168102541E-5
2,759;846,3.620757495394908E-5
2,541;830,-3.619465960893222E-5
2,882;962,3.619154307095139E-5
2,486;508,3.6167986373955354E-5
2,90;537,3.614365530648565E-5
2,158;237,3.6141620787615586E-5
2,75;145,3.6140227828036835E-5
2,269;343,3.61389046567271E-5
2,140;956,-3.6134411368815595E-5
2,148;909,3.611781268797576E-5
2,20;323,-3.611767007119368E-5
2,761;786,-3.611647817091556E-5
2,627;666,3.61114458456742E-5
2,395;778,3.611041643461338E-5
2,537;955,-3.610497945093602E-5
2,518;927,3.6100833862023826E-5
2,766;835,3.609935243445702E-5
2,92;852,-3.608027653747685E-5
2,41;951,3.6078580778260956E-5
2,142;632,-3.607805100591736E-5
2,283;527,-3.60761571816499E-5
2,286;876,-3.60724040444951E-5
2,377;892,3.606870337411864E-5
2,118;658,-3.606633970297739E-5
2,396;486,-3.6065950930182004E-5
2,444;456,-3.605062939589859E-5
2,223;474,3.603365834038318E-5
2,861;903,3.6033258513831176E-5
2,298;375,-3.603201648188187E-5
2,315;785,-3.6031702726862894E-5
2,379;869,3.60102042724956E-5
2,343;673,3.600238170565447E-5
2,931;955,-3.598369370646288E-5
2,711;821,-3.597931028478657E-5
2,387;443,-3.59781584202087E-5
2,96;876,-3.5977691935170854E-5
2,556;761,-3.596213243581786E-5
2,209;596,-3.595566931930337E-5
2,494;906,-3.595300270819024E-5
2,347;858,3.5951906353292747E-5
2,557;996,3.594634438481329E-5
2,317;866,3.5915090102443136E-5
2,324;465,3.590204673341196E-5
2,98;581,3.58970004621375E-5
2,92;270,-3.588996319898645E-5
2,838;996,3.588431446088648E-5
2,327;755,-3.588263889905139E-5
2,661;693,-3.587888924941974E-5
2,42;86,3.587556478576635E-5
2,31;793,3.5865448792686414E-5
2,98;646,3.5857038778426006E-5
2,461;555,3.582905561090344E-5
2,525;867,3.582887507113169E-5
2,468;472,-3.582823613275692E-5
2,307;501,-3.582445231528116E-5
2,140;359,3.581012314866776E-5
2,222;713,3.5797961149691415E-5
2,566;829,3.5780148809781744E-5
2,147;990,3.577501093495966E-5
2,376;572,3.577301064090756E-5
2,171;551,-3.576686518825125E-5
2,148;618,3.5759720095462304E-5
2,357;585,-3.5757528592901875E-5
2,189;596,3.5757172157506136E-5
2,839;984,-3.5756065587548475E-5
2,38;914,-3.575295250248641E-5
2,589;690,3.574408498956513E-5
2,29;286,3.574125442221585E-5
2,201;939,3.573934407175037E-5
2,316;930,-3.572922997456206E-5
2,640;807,-3.572063698318842E-5
2,357;674,-3.570069928591879E-5
2,70;389,3.56863845344671E-5
2,721;792,3.568212790996857E-5
2,125;775,3.5680066541513514E-5
2,831;832,-3.566431622799114E-5
2,104;732,3.565994757756089E-5
2,53;736,3.5653419850040685E-5
2,79;701,3.564193246740592E-5
2,434;799,-3.5633100481624495E-5
2,261;556,3.562338495603194E-5
2,695;920,3.562290386802168E-5
2,376;380,-3.5614611462897854E-5
2,106;601,-3.560290959549227E-5
2,673;898,-3.558182883450298E-5
2,459;927,3.556777629781384E-5
2,545;617,3.555175168425839E-5
2,240;441,3.554543516400967E-5
2,79;284,-3.5539247551127376E-5
2,354;525,3.5535091964235046E-5
2,109;498,-3.55185838869588E-5
2,386;760,3.55158666804916E-5
2,97;215,-3.551086779073572E-5
2,333;596,3.550626943441443E-5
2,76;533,-3.550090627516625E-5
2,377;387,-3.549952522106781E-5
2,314;690,3.5494641976813346E-5
2,811;947,-3.548762450813074E-5
2,19;703,3.54866700781972E-5
2,106;220,3.5471056909887664E-5
2,524;764,3.5448708224267436E-5
2,93;589,-3.543991123991282E-5
2,304;741,-3.543217392920736E-5
2,395;525,3.542401344363138E-5
2,140;556,-3.542094965340761E-5
2,314;663,3.540833581339325E-5
2,217;768,3.5401985414571226E-5
2,25;831,3.536396115367922E-5
2,6;298,-3.535441853155367E-5
2,93;551,3.534461313777785E-5
2,172;783,-3.53373742865928E-5
2,26;745,3.5328386736817725E-5
2,737;944,-3.5325983895042795E-5
2,168;401,3.532520612481824E-5
2,557;838,3.532105977173193E-5
2,652;860,-3.531541559986743E-5
2,420;809,-3.5310345896237216E-5
2,541;751,-3.530988895981514E-5
2,196;664,-3.5303031315187345E-5
2,161;224,-3.52953125552374E-5
2,795;839,3.5291893326035315E-5
2,4;132,-3.528006706947805E-5
2,69;849,-3.526219372466614E-5
2,531;862,3.52483453919258E-5
2,527;616,3.524697328725203E-5
2,157;407,3.524230065138409E-5
2,117;818,-3.524198740158816E-5
2,724;779,-3.523775023246467E-5
2,26;348,-3.523000863325909E-5
2,614;759,3.521526931164166E-5
2,451;980,-3.5213348716085064E-5
2,439;521,-3.521142831534423E-5
2,16;554,3.5208363887646414E-5
2,359;996,3.519861940797897E-5
2,327;929,3.519636033005403E-5
2,22;122,-3.519355585380413E-5
2,304;524,3.519315931717905E-5
2,285;787,3.517438381085869E-5
2,617;794,-3.517190964806242E-5
2,304;639,-3.51621432414863E-5
2,312;975,3.51617599323558E-5
2,453;958,3.5161443585413794E-5
2,352;651,-3.515773807054913E-5
2,579;664,-3.515616012833536E-5
2,118;286,-3.5154146446936686E-5
2,238;655,3.514524964843255E-5
2,80;978,3.51450889914316E-5
2,4;73,-3.5119919701210995E-5
2,648;659,-3.511966614142816E-5
2,300;435,-3.5114911202906703E-5
2,327;879,3.511336766788599E-5
2,757;826,-3.5096804291692794E-5
2,288;468,3.508550528203093E-5
2,459;598,3.507393062499647E-5
2,296;400,-3.5073669739044674E-5
2,395;647,3.5072245664728874E-5
2,596;743,-3.5071218708878634E-5
2,609;920,3.5064913917713855E-5
2,96;118,-3.505901293382905E-5
2,196;795,-3.505418446017629E-5
2,201;555,3.505069173945827E-5
2,59;195,-3.504987790424353E-5
2,217;439,-3.503660593404564E-5
2,511;780,-3.503569372905243E-5
2,389;641,3.5032416947156305E-5
2,152;767,-3.502428109036828E-5
2,656;815,-3.502160144587934E-5
2,264;725,3.5021117271419215E-5
2,817;976,-3.5011265590651686E-5
2,109;739,-3.500551161354348E-5
2,611;850,3.499451067647423E-5
2,299;510,-3.4988399480998775E-5
2,296;888,-3.497511431016305E-5
2,419;522,3.496776961743083E-5
2,814;996,-3.4956201400366886E-5
2,233;295,3.49518364280294E-5
2,70;230,3.4950961872920156E-5
2,21;364,3.493498546866389E-5
2,580;862,-3.492867118084104E-5
2,493;805,-3.492148275290416E-5
2,414;959,-3.492129030099374E-5
2,227;604,-3.4914163236843806E-5
2,697;808,3.491273428122389E-5
2,220;697,-3.4895602838613254E-5
2,245;392,3.487581105871887E-5
2,122;638,-3.486746126281125E-5
2,225;766,-3.4856320418941596E-5
2,234;296,-3.485513424678123E-5
2,138;318,-3.484299552259332E-5
2,428;839,-3.483348569379796E-5
2,38;809,-3.481708103810772E-5
2,291;452,-3.480496454630588E-5
2,806;822,3.4778339905698875E-5
2,229;577,-3.47670913263114E-5
2,307;745,3.474561065164882E-5
2,197;499,3.4734210355731894E-5
2,192;530,-3.4712646058917216E-5
2,36;486,-3.47047169804479E-5
2,128;701,-3.469270488152446E-5
2,281;740,3.469018222572045E-5
2,493;779,-3.467205030306937E-5
2,105;551,-3.466802643138577E-5
2,285;560,-3.4660792758092106E-5
2,410;756,-3.464650007004026E-5
2,299;469,-3.463139941917036E-5
2,2;349,-3.462850313317409E-5
2,186;466,-3.462185553323432E-5
2,280;984,3.461994205480745E-5
2,234;851,3.4613815408195204E-5
2,321;511,-3.458241372509645E-5
2,384;494,3.457188325403002E-5
2,139;788,-3.456454305288425E-5
2,64;753,3.4559210371467085E-5
2,335;785,3.455284314245388E-5
2,458;461,-3.454638583089153E-5
2,851;997,3.4545973501826395E-5
2,64;731,-3.453378889621029E-5
2,118;845,-3.451032278930827E-5
2,608;923,3.45046838642871E-5
2,370;754,-3.4483557933447844E-5
2,98;461,3.447450107670689E-5
2,51;760,3.445645942542588E-5
2,209;736,-3.444647799032162E-5
2,80;826,3.443108988723579E-5
2,610;794,-3.439349255113927E-5
2,377;852,3.438265358001694E-5
2,403;828,-3.437389622221519E-5
2,395;855,-3.436116863708558E-5
2,522;680,3.432977914575052E-5
2,121;681,3.431956753358067E-5
2,436;563,-3.4316864234845175E-5
2,119;835,3.431324471190451E-5
2,314;426,3.430737241360849E-5
2,345;436,-3.430700781270026E-5
2,280;805,-3.4270027484564086E-5
2,149;883,3.425192999857356E-5
2,211;646,3.425046516304006E-5
2,342;620,-3.4223752150758086E-5
2,442;761,-3.422320718841996E-5
2,94;769,3.421204082534518E-5
2,491;929,3.421167806866402E-5
2,634;861,-3.4196248786849116E-5
2,163;322,3.419431680379782E-5
2,102;929,-3.4180234480058845E-5
2,238;762,3.417387586346929E-5
2,440;635,-3.41699441183207E-5
2,5;424,-3.416776701887794E-5
2,358;600,3.416044405882491E-5
2,117;287,3.415805976148756E-5
2,234;594,-3.41413908929447E-5
2,145;879,-3.414057511664538E-5
2,564;767,-3.413523240788113E-5
2,58;497,3.413070834693807E-5
2,159;872,3.4126320820233205E-5
2,423;813,-3.4124313732242754E-5
2,631;866,3.412161725152057E-5
2,420;607,-3.4116477136136824E-5
2,753;799,3.410264690453928E-5
2,194;773,3.407462712588699E-5
2,701;994,-3.406526482589981E-5
2,42;373,-3.406397329628015E-5
2,768;842,3.4061805044796815E-5
2,63;193,-3.406027499244696E-5
2,223;853,3.4058192393249754E-5
2,123;594,3.405239933067618E-5
2,393;477,3.404358900752585E-5
2,484;519,-3.403855112063559E-5
2,592;635,-3.4007299762390394E-5
2,301;812,-3.398944330004795E-5
2,545;858,3.398910425235159E-5
2,69;786,-3.398607012310095E-5
2,669;912,3.397163542689831E-5
2,840;857,3.3957414145222795E-5
2,52;420,3.395168248657579E-5
2,783;795,3.393003740460289E-5
2,128;872,3.3921930056455607E-5
2,796;957,3.3912242524498466E-5
2,423;674,3.3907322104027816E-5
2,5;78,3.39057292696211E-5
2,868;930,3.3902655711076014E-5
2,324;794,3.389937797630683E-5
2,228;358,-3.38972456498768E-5
2,674;969,3.389696342285574E-5
2,376;381,3.389513081556457E-5
2,456;927,3.389139709738279E-5
2,689;824,-3.389055434510887E-5
2,329;410,-3.388832231476139E-5
2,160;643,-3.388770625404719E-5
2,631;847,-3.388648238985057E-5
2,364;445,-3.3860722388784084E-5
2,169;240,-3.384715615798245E-5
2,30;759,3.3844675387749575E-5
2,143;625,3.381202779292047E-5
2,92;813,-3.380887854419447E-5
2,796;854,-3.380669233902986E-5
2,557;765,3.3798166402515225E-5
2,400;866,-3.379084434145486E-5
2,401;883,-3.378173933920663E-5
2,428;982,-3.378040664309755E-5
2,280;505,3.377916321214712E-5
2,635;844,3.3774373315347025E-5
2,322;828,3.3773113996103406E-5
2,891;999,-3.3768583598085215E-5
2,238;277,3.3768476972438785E-5
2,380;770,-3.3759019731743705E-5
2,4;222,3.375531289001801E-5
2,135;210,3.375472679112931E-5
2,164;212,-3.3754621975277884E-5
2,680;996,-3.3751956432969786E-5
2,299;496,-3.3749765051705545E-5
2,120;902,-3.37470749908361E-5
2,494;769,3.372977771283008E-5
2,227;509,-3.369682003172208E-5
2,656;671,3.369273438754258E-5
2,323;749,-3.36751020053328E-5
2,431;798,3.3672426219974115E-5
2,195;375,3.3656133976980474E-5
2,146;931,-3.365258764438324E-5
2,62;775,3.364236366647605E-5
2,207;857,3.364197303505318E-5
2,240;540,3.363099767067408E-5
2,160;784,3.3630833359445404E-5
2,198;535,-3.3624503007871495E-5
2,635;966,-3.3619517916768775E-5
2,329;980,-3.3618797038171475E-5
2,592;924,3.3607759185207686E-5
2,93;834,-3.360369306146388E-5
2,399;510,3.3597018697452526E-5
2,33;289,3.358605251224174E-5
2,509;746,3.3578281690677446E-5
2,160;377,-3.357262676095679E-5
2,517;651,-3.35654511524737E-5
2,419;420,3.355798281309563E-5
2,313;466,-3.355102663693634E-5
2,63;728,-3.354697988784354E-5
2,86;852,-3.3531664195367076E-5
2,273;805,-3.3529463605086046E-5
2,883;936,-3.3528560132769406E-5
2,581;928,-3.352547113768189E-5
2,253;868,-3.351036678041963E-5
2,181;408,-3.349748404015486E-5
2,49;109,3.3496221817603916E-5
2,53;578,-3.3495166830614194E-5
2,219;808,3.346959394922812E-5
2,229;509,-3.3451080159522414E-5
2,343;913,-3.344229640541252E-5
2,106;492,-3.343891570954707E-5
2,619;844,-3.343675279791505E-5
2,333;993,3.343288158517046E-5
2,216;402,3.343040363016264E-5
2,338;929,3.341059562902723E-5
2,510;659,3.34064017084076E-5
2,367;391,3.339998952739063E-5
2,144;301,-3.339714777983724E-5
2,369;657,-3.339426452335452E-5
2,222;287,-3.3389401405720154E-5
2,151;485,3.3387591269174013E-5
2,48;689,-3.3373339576758863E-5
2,19;212,3.3368197820383904E-5
2,53;156,-3.333851653504243E-5
2,238;737,3.3337784224780495E-5
2,90;881,-3.3329549095048644E-5
2,216;704,-3.332500750408413E-5
2,138;440,-3.331037755543959E-5
2,726;980,-3.330488551442303E-5
2,556;868,-3.329047508734142E-5
2,91;639,-3.328580805071843E-5
2,780;914,-3.328342289265271E-5
2,261;277,-3.328258266043582E-5
2,11;973,-3.3278440054621176E-5
2,495;683,3.323070043820618E-5
2,92;756,-3.3225963223921334E-5
2,110;806,3.32029836131187E-5
2,782;829,3.320008093704927E-5
2,657;856,3.319851618386054E-5
2,109;329,-3.31728729110672E-5
2,467;487,3.3159858820382756E-5
2,774;985,-3.3159354875572225E-5
2,94;970,-3.315492231902317E-5
2,465;643,3.313161902481583E-5
2,101;624,-3.312310108092172E-5
2,156;183,-3.3109752938950884E-5
2,552;658,-3.310584199397627E-5
2,601;846,-3.309110918299831E-5
2,337;575,3.308812777502264E-5
2,42;481,-3.308117752593069E-5
2,179;620,-3.307972286657811E-5
2,71;351,3.307427632618376E-5
2,186;685,3.3069067698189974E-5
2,544;950,-3.306762892004101E-5
2,851;954,3.3063619240102234E-5
2,208;451,3.3061291907507905E-5
2,718;895,3.3057363759186135E-5
2,178;192,3.305267777501901E-5
2,278;955,3.3050520423718114E-5
2,63;678,3.304649958372761E-5
2,117;700,3.3044949063263414E-5
2,229;299,3.304474205646006E-5
2,534;552,-3.303964962911685E-5
2,109;700,-3.303915678154186E-5
2,114;384,-3.3038622664699936E-5
2,601;631,-3.303829014803239E-5
2,725;768,3.3021253088229066E-5
2,4;62,-3.299944176001078E-5
2,18;833,3.299145278968901E-5
2,67;848,-3.298697881558486E-5
2,573;880,-3.298588095831822E-5
2,107;295,-3.298586904926163E-5
2,316;786,-3.298138770934767E-5
2,592;849,3.296873231296106E-5
2,417;911,-3.296432525025894E-5
2,856;986,-3.2954925932582537E-5
2,221;499,-3.292228372742022E-5
2,284;928,3.291906794806824E-5
2,287;596,3.291819188828493E-5
2,505;900,3.290148005606773E-5
2,384;768,3.289873961686554E-5
2,11;496,3.289098657319686E-5
2,376;730,3.288528639224537E-5
2,488;993,-3.2882619265618366E-5
2,362;669,3.287333736661242E-5
2,286;431,3.286799952940725E-5
2,685;743,3.2867643817494355E-5
2,78;496,3.285233691463958E-5
2,412;693,3.2838976546955794E-5
2,154;305,3.280795253295239E-5
2,122;604,-3.2794249558910414E-5
2,597;901,-3.277621878616383E-5
2,720;950,-3.272594908893113E-5
2,446;795,-3.2711756572618904E-5
2,766;929,3.270040867278852E-5
2,569;717,3.269191323594809E-5
2,209;619,-3.268087483322212E-5
2,150;508,3.266323228596733E-5
2,589;836,-3.264283718279523E-5
2,46;78,-3.26321592927962E-5
2,250;666,3.262892215640705E-5
2,463;572,-3.261284978194957E-5
2,171;942,3.2609500923216365E-5
2,135;865,-3.260928988746875E-5
2,46;356,3.2605752688642896E-5
2,62;359,3.258164151609351E-5
2,275;874,3.257824976479717E-5
2,432;938,-3.257694876649422E-5
2,40;664,-3.256077670074111E-5
2,492;904,-3.2554270838257475E-5
2,209;441,3.254730730874465E-5
2,628;710,-3.252815691913935E-5
2,719;793,3.249847813567121E-5
2,352;400,3.249030910266505E-5
2,96;140,-3.248205605206466E-5
2,427;768,3.247092095260971E-5
2,533;947,-3.24622931264175E-5
2,891;894,3.245142808674474E-5
2,197;451,-3.244796920683414E-5
2,67;601,-3.243740412258872E-5
2,3;725,-3.2436148703077445E-5
2,287;557,-3.243422148598999E-5
2,35;137,-3.242907536998769E-5
2,351;447,3.241394249605272E-5
2,30;704,-3.2379694828931624E-5
2,399;613,3.2372375987535954E-5
2,23;836,3.234542462086333E-5
2,379;451,-3.234524966830269E-5
2,382;936,-3.234108671395961E-5
2,168;669,-3.23410264171256E-5
2,131;870,-3.233301750282318E-5
2,132;308,3.233282161340609E-5
2,592;900,3.2332060655193285E-5
2,809;828,3.2330611347491575E-5
2,522;892,-3.23157112252565E-5
2,387;738,3.230629217394096E-5
2,132;817,-3.230204511943762E-5
2,129;830,-3.2297968493627566E-5
2,98;788,-3.229658169545321E-5
2,476;581,3.228330052076049E-5
2,202;287,3.227786516705622E-5
2,277;737,3.2273720325779616E-5
2,550;562,-3.2248757412048384E-5
2,57;342,3.224424827493717E-5
2,18;176,3.22321519178579E-5
2,283;500,-3.222073897154813E-5
2,128;761,3.222023070702854E-5
2,133;461,3.222021904059558E-5
2,68;541,-3.2213669578672027E-5
2,110;795,3.217104256243767E-5
2,778;881,-3.214420645686561E-5
2,727;954,3.213408896866996E-5
2,354;432,3.212646847676416E-5
2,313;615,-3.212491790211509E-5
2,201;951,3.212161886773367E-5
2,659;765,-3.2118410439594156E-5
2,140;843,-3.2102158582150435E-5
2,322;596,3.209678050320167E-5
2,276;929,-3.2078231254553755E-5
2,327;374,-3.206608083163168E-5
2,168;478,-3.2057615868613135E-5
2,60;661,3.205300738053221E-5
2,166;209,3.2046514501373205E-5
2,169;995,3.202486674253457E-5
2,137;632,-3.202480565189932E-5
2,72;85,3.202323370953117E-5
2,88;930,3.202029042424483E-5
2,286;328,3.201004312428453E-5
2,99;168,3.200131284724081E-5
2,42;76,-3.200106755305662E-5
2,704;727,3.199529956176663E-5
2,470;580,3.198991952503086E-5
2,711;724,-3.195971139186731E-5
2,13;109,-3.194239858127186E-5
2,118;198,-3.192190592567001E-5
2,530;592,-3.191877431682116E-5
2,552;559,3.191847719206219E-5
2,243;809,-3.190600656850808E-5
2,376;984,3.1902272435818114E-5
2,220;527,-3.1901896067135035E-5
2,686;763,-3.18927185620681E-5
2,635;917,3.189235884410072E-5
2,476;834,-3.1865355176768083E-5
2,672;764,-3.186475016211185E-5
2,307;384,-3.185873702522441E-5
2,402;945,3.1856466218662364E-5
2,174;457,3.18505029893196E-5
2,395;587,3.184831225457163E-5
2,202;684,3.18417552829902E-5
2,11;920,3.182422020113167E-5
2,655;924,3.1823505257520396E-5
2,142;160,3.1816487046454086E-5
2,305;756,-3.1816159030830376E-5
2,127;716,-3.181375928378176E-5
2,133;281,3.1809259274465734E-5
2,328;765,-3.180147070035552E-5
2,179;498,3.179417790017075E-5
2,98;576,3.1791190084717106E-5
2,71;648,3.178328091458918E-5
2,231;680,3.177737944684504E-5
2,371;404,3.176783940138841E-5
2,306;510,-3.17573179686398E-5
2,876;945,-3.174461495431818E-5
2,56;801,3.173885104220732E-5
2,453;572,3.172671531150267E-5
2,218;305,3.169728429276234E-5
2,180;299,-3.169394830382129E-5
2,728;792,-3.168436696764944E-5
2,689;976,3.167617576449007E-5
2,180;448,-3.1674299282898853E-5
2,474;635,-3.1667731607818496E-5
2,355;447,-3.166551223175645E-5
2,678;728,-3.1663778508126866E-5
2,333;583,-3.166132651088286E-5
2,12;494,3.1656393391523014E-5
2,786;794,-3.163660207184253E-5
2,441;494,-3.1633670350013536E-5
2,198;823,-3.162836974345819E-5
2,593;661,-3.162635191911303E-5
2,97;907,3.1602748495546115E-5
2,284;701,-3.159107859534681E-5
2,772;819,3.1566121991408656E-5
2,441;755,-3.1559310072374725E-5
2,196;333,3.1556627485620254E-5
2,131;440,-3.154806042077533E-5
2,298;377,3.153141976474852E-5
2,375;500,3.152006794386974E-5
2,628;724,3.1517302153450165E-5
2,86;396,-3.151582641629863E-5
2,338;525,-3.151154546441482E-5
2,438;772,-3.150537378953172E-5
2,197;978,3.1502740314197157E-5
2,312;729,3.150030905469744E-5
2,107;672,3.1496649347770085E-5
2,410;710,3.149594947289304E-5
2,267;725,-3.149161041518422E-5
2,826;888,-3.147686861396663E-5
2,163;649,3.147115235857499E-5
2,43;531,3.146966781262371E-5
2,553;795,3.1465895235711264E-5
2,709;776,3.146224748488262E-5
2,641;733,3.145907364840206E-5
2,68;94,3.145762382394509E-5
2,282;482,-3.14558460878618E-5
2,396;835,-3.145360699580535E-5
2,146;337,3.1451767373993905E-5
2,100;930,-3.144911386881061E-5
2,18;649,-3.144732992810292E-5
2,116;753,-3.1441621148750225E-5
2,397;879,-3.1441363686394544E-5
2,12;354,-3.14312300330912E-5
2,65;611,-3.141084665777309E-5
2,480;926,-3.1375038009061166E-5
2,11;619,3.137500239101976E-5
2,696;744,-3.1373464520816214E-5
2,354;573,-3.13599142623711E-5
2,86;153,-3.134855033500629E-5
2,366;585,3.134138428263371E-5
2,291;918,3.134102696860297E-5
2,126;740,3.133951377202088E-5
2,167;860,-3.133794432792531E-5
2,421;476,3.133622836325031E-5
2,266;468,3.132291344651139E-5
2,68;576,-3.131935879631047E-5
2,752;981,-3.129723043690434E-5
2,230;631,-3.1295963838322655E-5
2,552;872,-3.128683673389031E-5
2,553;929,-3.127893512227863E-5
2,700;934,3.12775351910706E-5
2,49;374,-3.125490171080854E-5
2,76;524,3.1253635943200105E-5
2,339;889,3.122905159271186E-5
2,474;966,3.1191854699246335E-5
2,109;753,3.1191111555779324E-5
2,385;522,3.117152880250412E-5
2,159;368,3.116967685581601E-5
2,287;877,-3.116742796276364E-5
2,286;335,-3.116232345473648E-5
2,191;913,3.115897757066929E-5
2,858;940,3.1154081252835156E-5
2,288;813,3.1147440982646536E-5
2,322;959,-3.114143754978556E-5
2,53;385,3.1128416546764953E-5
2,488;811,-3.1127356820439625E-5
2,580;992,-3.1123527153161516E-5
2,191;290,-3.11223078514256E-5
2,182;388,3.112055713136024E-5
2,208;626,-3.1117215235235614E-5
2,492;681,3.109787662647444E-5
2,667;671,-3.108086786700968E-5
2,248;592,-3.1074422651523074E-5
2,514;774,-3.106407721114956E-5
2,422;831,-3.10596798110198E-5
2,137;617,-3.1049475425973106E-5
2,42;475,-3.104720250765458E-5
2,890;963,-3.104048856192388E-5
2,337;548,-3.103503901627378E-5
2,52;522,3.102113676565102E-5
2,395;881,3.101036037963466E-5
2,794;823,3.100889867482705E-5
2,303;667,-3.1003399102125305E-5
2,31;629,-3.100265637316943E-5
2,72;640,-3.1000735686989994E-5
2,698;824,-3.098039303950634E-5
2,723;857,-3.097671141909673E-5
2,122;572,-3.097274235825171E-5
2,526;888,3.095646909925031E-5
2,242;670,3.094740947569447E-5
2,145;572,3.09425993578868E-5
2,203;547,3.094136421247452E-5
2,759;935,3.093961433734194E-5
2,602;623,-3.093590663102694E-5
2,102;403,3.09339727298797E-5
2,539;725,3.09248585808965E-5
2,568;936,3.092236936638438E-5
2,67;893,-3.091805177346333E-5
2,74;834,3.091571724825862E-5
2,130;659,3.08874172518658E-5
2,59;873,-3.088640118030904E-5
2,273;304,3.0865009205014494E-5
2,332;619,3.085577321907139E-5
2,377;495,-3.084687309674851E-5
2,350;698,-3.082140649902596E-5
2,767;964,-3.081149741984485E-5
2,704;935,3.0808644954395E-5
2,396;426,3.079149099508192E-5
2,246;916,-3.0789117281358466E-5
2,267;768,3.0786199395048825E-5
2,474;528,-3.078278760315169E-5
2,195;564,3.0776227553412885E-5
2,525;605,3.0757287456389614E-5
2,157;339,-3.07522864439183E-5
2,77;251,-3.074173657658878E-5
2,142;352,-3.0737940869754733E-5
2,68;840,3.0736458597697765E-5
2,655;822,-3.073327512237221E-5
2,2;350,-3.071820757346676E-5
2,252;680,3.0699006284892256E-5
2,104;596,-3.068559456326279E-5
2,695;763,-3.0670132497201724E-5
2,46;998,3.066497648876165E-5
2,14;710,3.066394062904884E-5
2,193;203,3.0658964641814544E-5
2,130;560,-3.065213002624625E-5
2,419;530,3.064430125234232E-5
2,105;515,-3.063987083980321E-5
2,1;571,-3.063510156618053E-5
2,386;493,3.063073605472385E-5
2,209;275,3.0628586995188614E-5
2,212;552,3.0614450516078824E-5
2,522;687,-3.060055032876054E-5
2,324;770,-3.05956424875914E-5
2,18;82,-3.0585467924225117E-5
2,392;715,-3.0572811595408003E-5
2,719;997,3.057046639730974E-5
2,966;976,3.055234410688963E-5
2,715;747,-3.05508097830281E-5
2,407;461,-3.0548936845981136E-5
2,594;687,3.0545678119555015E-5
2,240;686,-3.0540770254539386E-5
2,526;808,3.053916710323766E-5
2,402;566,-3.053485843171367E-5
2,212;656,3.052480753178439E-5
2,279;391,3.052162182844131E-5
2,126;917,-3.052109592158463E-5
2,325;785,3.0491642465891915E-5
2,360;829,-3.0480781622534453E-5
2,435;947,-3.0477677500540217E-5
2,271;402,3.0474943194147147E-5
2,282;932,3.0470678626876412E-5
2,634;701,3.0461945030872115E-5
2,101;733,3.0458176753653155E-5
2,375;477,3.045521190447282E-5
2,670;997,-3.045510131055468E-5
2,120;634,-3.0432743500479837E-5
2,146;847,3.0418331360838747E-5
2,451;867,3.0395714289553604E-5
2,32;95,-3.036060460727715E-5
2,218;528,-3.0357582487952418E-5
2,353;639,3.0353553476224906E-5
2,76;833,3.033756965148986E-5
2,223;414,3.0333531008735493E-5
2,160;447,-3.0327069300235668E-5
2,12;94,-3.0326560026022952E-5
2,463;653,-3.0325446042608544E-5
2,38;447,3.03146890934731E-5
2,491;931,-3.0308878192093066E-5
2,305;525,-3.0291272284383776E-5
2,200;250,3.028630890320724E-5
2,44;803,-3.0282132924479094E-5
2,138;611,-3.0265926388797036E-5
2,336;348,-3.0261576117189142E-5
2,287;838,-3.0258254587384154E-5
2,90;688,3.0244428417126726E-5
2,293;299,-3.0243468843080046E-5
2,640;796,3.023863779712067E-5
2,352;774,-3.0234790772060496E-5
2,40;456,3.0234127359361473E-5
2,247;501,-3.021650183310741E-5
2,380;540,3.021006132811238E-5
2,339;442,3.0198576862338982E-5
2,335;767,3.0191715366774223E-5
2,43;881,-3.0185388229570097E-5
2,510;695,3.017959422268461E-5
2,677;947,3.0174921687091184E-5
2,360;364,-3.0171739469970767E-5
2,186;573,-3.0171207059084396E-5
2,289;725,3.0155714236237155E-5
2,304;811,-3.0149782119632692E-5
2,216;414,3.0149336905851686E-5
2,231;761,3.0141418764070327E-5
2,525;771,3.013696296145482E-5
2,228;996,3.012913326165966E-5
2,551;629,3.01236839338212E-5
2,219;288,3.0121672607429027E-5
2,284;451,-3.0115470101296126E-5
2,254;543,3.0108008787853004E-5
2,570;747,-3.0101274757716492E-5
2,457;877,-3.0092735152724516E-5
2,453;661,3.0087022738430207E-5
2,462;588,3.0076895576726024E-5
2,60;970,3.0076119352840824E-5
2,91;453,3.0074528389967736E-5
2,29;153,-3.0065541160760254E-5
2,626;917,-3.0051415766252746E-5
2,258;420,-3.0038796729877354E-5
2,359;530,-3.0024851851322533E-5
2,782;938,-3.0004273687565642E-5
2,529;755,-2.9993104575976224E-5
2,363;901,-2.9990265656151505E-5
2,170;482,-2.9987806842404174E-5
2,507;799,2.9977654040142935E-5
2,446;477,-2.996866254850901E-5
2,336;681,-2.996807220550557E-5
2,725;816,-2.9961331960187756E-5
2,6;36,-2.9956555327384892E-5
2,872;929,2.9951064544758906E-5
2,153;641,-2.9944156123927995E-5
2,131;181,-2.992986491789905E-5
2,309;540,2.9928455440460348E-5
2,531;557,2.9928153980945208E-5
2,762;985,-2.992479456572518E-5
2,182;538,2.990945081401074E-5
2,45;222,-2.9897258220580323E-5
2,318;824,-2.988996884674346E-5
2,331;482,2.9875792580493086E-5
2,53;753,-2.9862730308510053E-5
2,746;836,2.9859842079046978E-5
2,71;412,2.9857345131569414E-5
2,1;670,-2.9848670261050898E-5
2,94;523,-2.9844636485690173E-5
2,17;499,2.9823446040379577E-5
2,438;828,-2.9812500556832923E-5
2,25;201,2.980998103619771E-5
2,573;592,2.980685748510484E-5
2,153;890,-2.9799109348900188E-5
2,278;848,2.9796080052575236E-5
2,140;547,-2.9773612835019366E-5
2,27;723,2.9747410187241017E-5
2,237;557,2.9739021756519713E-5
2,915;978,-2.973427180683295E-5
2,66;900,-2.9712913346936096E-5
2,363;775,-2.9691673163334446E-5
2,557;565,-2.9687274876435587E-5
2,273;589,2.967784403930634E-5
2,525;712,2.96776943922844E-5
2,32;856,-2.9675388098855712E-5
2,483;601,2.9674950242912542E-5
2,713;719,-2.9673069112572628E-5
2,267;379,2.967110464386398E-5
2,551;995,2.9666432827988786E-5
2,104;704,2.9654865903207238E-5
2,673;972,-2.9631760852180465E-5
2,550;943,2.9628202007687404E-5
2,203;363,2.9627652774727033E-5
2,379;628,2.9627527907265166E-5
2,63;966,2.9621350515689122E-5
2,721;883,-2.9615058138848462E-5
2,341;469,-2.9605522363751303E-5
2,327;984,2.959782271956595E-5
2,196;275,2.9597471685225504E-5
2,380;968,-2.9592668383803298E-5
2,196;381,-2.959067100894025E-5
2,415;609,-2.9577982247494277E-5
2,411;987,-2.957197618877111E-5
2,136;803,-2.9564995694544613E-5
2,356;897,-2.9556900867868455E-5
2,741;965,-2.9544868547799705E-5
2,276;920,-2.954290118146513E-5
2,506;709,2.954034772329849E-5
2,75;490,-2.953513450983213E-5
2,382;922,2.950629140067508E-5
2,634;771,2.950367138047923E-5
2,317;431,-2.9494492206394745E-5
2,347;545,2.949256704179349E-5
2,72;557,2.9488636705224252E-5
2,291;896,2.948766999232211E-5
2,531;801,2.948275546705011E-5
2,33;672,-2.9477402458527068E-5
2,600;749,-2.946534029482665E-5
2,765;990,2.9443721244401533E-5
2,86;311,2.943588970953646E-5
2,462;814,-2.9435543317516142E-5
2,279;291,-2.9430309443075247E-5
2,224;485,2.9411032134415626E-5
2,97;273,2.940263929083917E-5
2,257;929,-2.9381717676126242E-5
2,62;972,-2.9378821216742604E-5
2,456;672,2.9372017541314226E-5
2,106;661,2.936797453639784E-5
2,193;249,2.93637484547851E-5
2,99;156,2.936056480095385E-5
2,5;915,-2.9347195287971987E-5
2,749;766,-2.9345448955603408E-5
2,673;845,-2.9327341625800696E-5
2,632;640,2.9325795316510625E-5
2,517;606,2.930431629110849E-5
2,153;337,-2.9303493448117044E-5
2,113;155,-2.928214172882003E-5
2,25;744,2.9276357483739468E-5
2,220;501,2.924606186339387E-5
2,181;541,-2.923913483208185E-5
2,894;961,2.922778649104744E-5
2,473;475,-2.922545635091278E-5
2,295;959,-2.9224186567806787E-5
2,303;456,2.9219368990195477E-5
2,321;452,2.920807121692388E-5
2,409;861,-2.9205365600259264E-5
2,729;820,-2.918906600835214E-5
2,571;825,2.9176669578249335E-5
2,175;325,2.917513814808809E-5
2,602;898,-2.9173094939592087E-5
2,118;258,2.917081787781981E-5
2,213;921,2.9168056533359953E-5
2,11;690,-2.9139712322825176E-5
2,120;670,2.9132908240639196E-5
2,173;520,-2.912767561354208E-5
2,227;494,2.91235618646575E-5
2,296;448,-2.911853251034034E-5
2,383;775,-2.9114205740317215E-5
2,216;713,-2.9114025980962058E-5
2,163;551,2.9105827086970916E-5
2,393;937,2.910112196691E-5
2,204;382,2.9098916114718616E-5
2,67;855,2.9091751929284604E-5
2,332;582,-2.9081703672330892E-5
2,120;369,-2.9072111906958552E-5
2,46;628,-2.9068695082343987E-5
2,306;307,2.9058747886755542E-5
2,601;641,-2.9054860344065555E-5
2,23;917,2.904965019288496E-5
2,594;756,-2.9048877696904986E-5
2,63;734,2.904616145307024E-5
2,11;559,2.9042599282936305E-5
2,62;961,-2.904180474724793E-5
2,53;715,2.90415379039035E-5
2,383;889,2.9040497574456267E-5
2,493;851,2.902607205511997E-5
2,202;425,-2.902347818895204E-5
2,143;933,2.9015090819480787E-5
2,577;976,2.899537446658157E-5
2,396;849,-2.899385356982517E-5
2,145;779,2.8973683373521713E-5
2,149;499,-2.8969084718423215E-5
2,77;951,2.896869408823323E-5
2,86;643,-2.8955558136181864E-5
2,512;580,2.894657952386808E-5
2,256;289,-2.8939412896576574E-5
2,611;830,-2.8936189845999065E-5
2,551;829,-2.893289718771863E-5
2,133;411,2.891914553324605E-5
2,257;324,-2.890673219196358E-5
2,467;570,-2.8904087782590617E-5
2,28;354,2.8903389774505594E-5
2,285;717,-2.8900576632348276E-5
2,598;883,2.889919893975801E-5
2,116;323,2.889280463037035E-5
2,4;676,-2.888063304219209E-5
2,709;711,2.8878993827673298E-5
2,85;485,-2.8873900265987503E-5
2,511;689,2.8872248426638067E-5
2,140;595,2.8868713677203257E-5
2,14;409,-2.8863070020035317E-5
2,82;292,-2.88469722852836E-5
2,363;735,2.8845119231698478E-5
2,204;499,2.8817814690322266E-5
2,184;337,-2.8814593256543133E-5
2,615;825,2.8801195551097085E-5
2,101;685,-2.879893373752903E-5
2,733;939,-2.8794844767454393E-5
2,329;742,2.8790586470450793E-5
2,207;220,-2.879052338947308E-5
2,78;482,-2.8788718755314384E-5
2,408;566,-2.878692092684494E-5
2,541;734,-2.8782479081814984E-5
2,613;647,2.878225513682274E-5
2,310;501,-2.878213945578689E-5
2,304;613,-2.8776953462646252E-5
2,481;603,-2.8771299252415304E-5
2,658;931,2.876928314440728E-5
2,551;568,-2.8749220334084964E-5
2,615;901,2.8741582084693178E-5
2,742;770,2.874114049101653E-5
2,665;887,2.872916705669776E-5
2,503;912,-2.871351262433003E-5
2,553;976,2.8711101930504988E-5
2,398;737,-2.8702997853700053E-5
2,757;971,-2.8697175705987503E-5
2,301;314,-2.8693207673107163E-5
2,166;485,-2.8679742659515212E-5
2,213;371,2.8676194077477967E-5
2,74;439,2.866961763350441E-5
2,365;767,-2.8666322061638568E-5
2,5;978,-2.865627342939507E-5
2,415;689,-2.8650369491167736E-5
2,719;995,2.8637171480793707E-5
2,331;922,2.8633132215618365E-5
2,35;187,-2.8617319461197137E-5
2,640;713,2.8616065576163608E-5
2,123;153,2.8615547742424723E-5
2,214;714,-2.8608422417066276E-5
2,729;859,-2.860746295861541E-5
2,539;685,2.859843918459756E-5
2,276;874,2.859746987245733E-5
2,86;270,-2.8594357161276785E-5
2,793;836,-2.8566957624940192E-5
2,404;968,-2.856026996960773E-5
2,246;797,-2.8549110133465157E-5
2,675;724,-2.8541704624325606E-5
2,459;870,2.8541470851732017E-5
2,316;563,2.8540966817706854E-5
2,445;527,-2.853405751589042E-5
2,50;107,2.8525389365437108E-5
2,104;716,-2.8508973876132555E-5
2,578;945,2.8496490111173315E-5
2,166;371,-2.8482873541665377E-5
2,232;332,-2.847908775302683E-5
2,11;757,2.8479051941566458E-5
2,334;344,2.847505504141619E-5
2,108;504,2.8471896802489392E-5
2,225;518,2.847159750343952E-5
2,11;76,-2.8470069681061485E-5
2,385;818,-2.8467306503287574E-5
2,186;476,-2.8460657954470843E-5
2,49;586,-2.8456335225195747E-5
2,581;585,2.8433932625459364E-5
2,336;870,2.8432220692909604E-5
2,410;910,-2.8431004528954898E-5
2,325;903,2.8417582390072687E-5
2,55;794,2.841485965216868E-5
2,352;514,2.841379519846987E-5
2,292;804,-2.8413001718097124E-5
2,337;821,2.8411658977937288E-5
2,408;666,2.8403351303050353E-5
2,202;789,-2.839844591361601E-5
2,73;615,2.8392006743412122E-5
2,194;953,2.838284935572036E-5
2,38;858,-2.8362111493131656E-5
2,493;885,-2.8355688665252142E-5
2,128;597,-2.8354130912037897E-5
2,432;703,2.8346548475022106E-5
2,459;916,2.8343767576407026E-5
2,219;616,2.833774179581127E-5
2,0;295,-2.8326802696616227E-5
2,194;545,-2.831913528249636E-5
2,285;373,-2.8313311089390188E-5
2,158;779,2.8311145318229706E-5
2,20;198,-2.8310098305265873E-5
2,152;596,2.8303165266455594E-5
2,237;906,2.829625640177234E-5
2,686;713,-2.829609125997417E-5
2,445;795,-2.8295050195064684E-5
2,569;627,2.8273517302124346E-5
2,105;524,2.8271199990536004E-5
2,236;942,2.8267574210896685E-5
2,220;649,-2.823980355685118E-5
2,300;456,2.8232447956386967E-5
2,34;401,2.8222526358566784E-5
2,657;890,2.8216649282981318E-5
2,286;717,2.819884802509913E-5
2,383;784,2.819659417328312E-5
2,161;407,2.8193501392431242E-5
2,122;789,2.818333810575145E-5
2,50;99,-2.81745501414258E-5
2,452;964,-2.8173775044165947E-5
2,422;978,-2.817356693931098E-5
2,445;721,-2.8173016975979266E-5
2,593;625,2.8160775304842504E-5
2,413;853,2.8156495862164483E-5
2,26;95,2.8149772350198955E-5
2,56;284,-2.8145121049329434E-5
2,17;168,2.8137925504294505E-5
2,381;977,-2.8128985289118003E-5
2,122;477,-2.811446578602449E-5
2,56;531,-2.8114359643757594E-5
2,349;511,-2.809185660607548E-5
2,366;858,-2.8081028539535482E-5
2,781;846,-2.8069602645284338E-5
2,156;879,2.806269465751616E-5
2,423;561,2.8044525373409664E-5
2,377;539,2.803278186311411E-5
2,9;231,-2.80305540724988E-5
2,300;504,2.8028089246126433E-5
2,222;676,-2.8027127059646622E-5
2,502;805,2.8018564466681338E-5
2,24;73,-2.8013523168728944E-5
2,191;920,-2.799215537376904E-5
2,571;792,2.7991655303125748E-5
2,860;891,2.7990500552884065E-5
2,387;917,2.7986987620321454E-5
2,22;275,-2.798361910343563E-5
2,286;593,-2.798344108746699E-5
2,75;124,-2.7977548621825354E-5
2,508;539,2.797668810143805E-5
2,408;724,2.797418129978112E-5
2,383;479,2.795766222798059E-5
2,65;750,2.7956460428129103E-5
2,28;591,2.791998149959353E-5
2,65;503,2.7918446605568942E-5
2,82;176,-2.791738990086979E-5
2,279;462,-2.7905925401293987E-5
2,291;706,-2.790080310785796E-5
2,592;607,-2.7887040494592365E-5
2,275;485,2.788511844193261E-5
2,361;656,2.7868165012444265E-5
2,170;640,2.7861393074319174E-5
2,187;900,-2.7849186152351208E-5
2,486;697,2.7846789425317885E-5
2,130;319,-2.7844867029844804E-5
2,508;898,2.7829686031993187E-5
2,945;994,-2.7817997432681416E-5
2,335;734,2.7814163907346363E-5
2,498;697,2.780283846719134E-5
2,484;648,2.7799156652882546E-5
2,28;525,2.7792669972755724E-5
2,240;815,2.7779761170409217E-5
2,40;158,-2.7770771465649162E-5
2,442;487,-2.776071838341987E-5
2,1;226,2.7726150331233852E-5
2,286;562,2.7719089887503633E-5
2,925;977,2.7717919409831016E-5
2,284;583,2.770918088276329E-5
2,462;831,-2.770796430347841E-5
2,82;602,-2.769804733051566E-5
2,492;666,-2.7698035766012515E-5
2,526;927,2.769707216515962E-5
2,56;385,2.7682147197889972E-5
2,49;54,-2.7654151389580207E-5
2,288;423,2.764574347042834E-5
2,255;700,2.7638159290247363E-5
2,440;716,-2.763554218184223E-5
2,276;313,-2.7632688342282278E-5
2,27;821,2.7624119392239E-5
2,198;998,-2.762328294935856E-5
2,448;902,-2.761246885859798E-5
2,85;230,2.7611660940406887E-5
2,243;461,-2.7607047783466703E-5
2,649;715,2.7606442765287412E-5
2,71;994,2.759832144281457E-5
2,205;885,2.759745005198682E-5
2,29;267,-2.7596063984426696E-5
2,72;959,-2.7590068226041392E-5
2,566;771,2.7586911369798544E-5
2,9;596,2.7585289187818926E-5
2,620;882,-2.7581571913242996E-5
2,783;966,2.7580608795897602E-5
2,466;519,2.7578646952710678E-5
2,838;934,2.7577027803444213E-5
2,260;498,-2.7568068692580745E-5
2,875;912,-2.7552387261259478E-5
2,295;645,-2.754939946386027E-5
2,99;228,2.7544798847688712E-5
2,785;930,-2.753764906455761E-5
2,271;532,2.7535133594684153E-5
2,809;949,2.753500208744733E-5
2,575;639,2.7534773987618304E-5
2,841;881,-2.7530550230279998E-5
2,716;903,-2.7527393171613098E-5
2,84;809,-2.7526426191762295E-5
2,379;421,2.751243611717022E-5
2,243;865,-2.750503264744432E-5
2,46;405,2.749168527924017E-5
2,393;680,2.7482229331492705E-5
2,899;980,-2.747771564276193E-5
2,238;258,2.7473441854308302E-5
2,94;843,2.7471742970717455E-5
2,756;896,-2.7467716543948382E-5
2,290;611,-2.745597990705225E-5
2,126;773,2.744022212920137E-5
2,10;317,2.7437110766958206E-5
2,156;371,2.7404323944525444E-5
2,784;935,2.7395188132270384E-5
2,91;984,-2.738921600890176E-5
2,537;911,2.738141883942936E-5
2,155;445,2.7371838153170515E-5
2,393;605,-2.7368592970603554E-5
2,14;860,2.736853963486774E-5
2,48;184,-2.7359612190920306E-5
2,690;765,-2.7333863245074805E-5
2,547;814,-2.73287104593557E-5
2,391;442,-2.7320934194496008E-5
2,280;786,-2.731364863249555E-5
2,488;668,2.7303133060563797E-5
2,456;527,2.7299388232200234E-5
2,35;458,-2.7282336846152504E-5
2,678;932,2.7275856972124573E-5
2,196;531,2.727309557784211E-5
2,549;775,-2.72596752951634E-5
2,715;903,-2.725320804979672E-5
2,532;792,-2.7243970434110244E-5
2,755;825,-2.723409966236016E-5
2,365;997,-2.721950303985262E-5
2,414;616,2.7216253653951272E-5
2,184;392,2.7207820842071786E-5
2,913;915,-2.7202768183168035E-5
2,544;791,2.7181236585478557E-5
2,198;341,2.717876707947465E-5
2,814;871,-2.717284835935823E-5
2,38;47,-2.7169732854484546E-5
2,341;526,2.716419617836777E-5
2,22;749,-2.715937117296218E-5
2,466;491,2.71570860062985E-5
2,619;758,-2.7150174165481048E-5
2,586;859,2.7143383542342018E-5
2,133;443,-2.7135657334797613E-5
2,14;387,-2.7125342149446022E-5
2,87;675,2.712052535857216E-5
2,45;94,2.7116337137849694E-5
2,772;800,-2.7114505664667157E-5
2,553;691,-2.7112699823710708E-5
2,226;767,-2.710953791188552E-5
2,184;382,2.7104530524847723E-5
2,624;931,2.7100799602686833E-5
2,179;825,2.709088937544355E-5
2,904;906,2.7085086623979764E-5
2,346;671,-2.7084335329481434E-5
2,715;896,2.7080137449885314E-5
2,722;749,-2.7073705276157378E-5
2,484;773,-2.7065048983021353E-5
2,858;954,2.7064138673185663E-5
2,235;487,-2.705519917845303E-5
2,75;458,2.70530322408642E-5
2,189;892,2.70525645387002E-5
2,269;751,-2.7050859777950797E-5
2,331;795,2.7046540074829715E-5
2,130;898,2.704476354900131E-5
2,275;577,-2.704005702354069E-5
2,554;940,-2.7015048988375623E-5
2,136;984,-2.7011520485453507E-5
2,783;922,2.7010705536368722E-5
2,7;967,-2.700989382854091E-5
2,605;697,2.7003467522459205E-5
2,663;695,2.6989743330592627E-5
2,587;773,2.69896720136176E-5
2,47;484,-2.6988748665591096E-5
2,248;892,2.698408190276351E-5
2,180;379,2.698364222771161E-5
2,87;575,2.698259279173916E-5
2,630;872,2.6977339060566986E-5
2,291;337,-2.697417847335536E-5
2,685;787,2.6952696309692216E-5
2,65;327,2.6940415157363632E-5
2,363;636,-2.692580399730215E-5
2,60;807,2.6924095270539892E-5
2,17;814,2.6915243772581903E-5
2,679;839,-2.6899026059537924E-5
2,437;932,-2.689361793215123E-5
2,596;756,2.6885602703479326E-5
2,670;754,2.687636269163685E-5
2,288;841,-2.6869457740539025E-5
2,98;467,-2.686211398762421E-5
2,382;424,2.6857244303881026E-5
2,26;656,-2.6851140246607185E-5
2,311;643,2.6841276069430655E-5
2,174;488,-2.6814254496266456E-5
2,196;839,2.6804864751970588E-5
2,16;638,2.6790973720067538E-5
2,133;481,2.6779982291308026E-5
2,412;430,-2.677618133279403E-5
2,42;664,-2.6771540558736873E-5
2,529;892,-2.6756652785393133E-5
2,506;739,-2.6755520768918267E-5
2,100;118,2.6745561209548087E-5
2,246;658,-2.6741582212905908E-5
2,710;873,2.674042301190674E-5
2,341;411,-2.673676191661835E-5
2,90;889,-2.673176516781183E-5
2,109;776,2.672216983530571E-5
2,543;592,2.6718740141051475E-5
2,612;814,-2.6716137025907005E-5
2,2;548,-2.6715918668054037E-5
2,27;363,2.6701165832730452E-5
2,495;792,2.670006393531052E-5
2,65;457,2.6669835259520062E-5
2,305;774,-2.666829426769329E-5
2,112;459,-2.6664044966525818E-5
2,167;906,2.662453017415415E-5
2,111;898,-2.6591512019123074E-5
2,718;830,2.6579394480957412E-5
2,469;953,2.657476267247701E-5
2,1;708,2.6568045352396582E-5
2,346;877,2.6546752018800967E-5
2,204;482,-2.6542470090620054E-5
2,308;817,2.654210324685709E-5
2,592;997,-2.652981962346751E-5
2,337;585,-2.6528870486233833E-5
2,396;514,-2.6521037297320633E-5
2,64;278,2.6511060652022535E-5
2,558;701,-2.650842495459044E-5
2,0;537,-2.6506427192921117E-5
2,254;487,-2.6500512544960152E-5
2,130;518,2.6495207831753966E-5
2,86;453,-2.64935010888984E-5
2,58;862,-2.6482723151473377E-5
2,382;456,-2.6482224626718306E-5
2,82;558,2.6480349837883387E-5
2,675;980,-2.6479421725723596E-5
2,523;916,-2.6469377499119407E-5
2,564;753,-2.6468512616610175E-5
2,572;899,-2.646277370792319E-5
2,474;853,-2.6460950540103423E-5
2,171;752,-2.6460084013927675E-5
2,432;812,-2.6454814472364482E-5
2,364;807,-2.6446917663976522E-5
2,715;833,-2.6429272680939257E-5
2,628;881,-2.6426541577935422E-5
2,216;968,2.6424213672314444E-5
2,164;478,-2.6416815979787217E-5
2,768;879,-2.6413422729373553E-5
2,262;493,-2.641165905639797E-5
2,522;813,-2.6401568411414488E-5
2,246;627,2.6394864749365212E-5
2,218;437,-2.6387182321704687E-5
2,83;170,-2.6378312418196853E-5
2,364;617,-2.6377275640418136E-5
2,448;536,2.637545021088032E-5
2,231;913,2.6360614802974252E-5
2,713;997,2.6343044557865737E-5
2,799;965,2.6334698089801676E-5
2,83;352,2.6327964833433126E-5
2,449;994,2.6324824962746052E-5
2,654;979,2.6320866063543752E-5
2,530;746,2.6302521811286326E-5
2,23;78,2.6301540046689874E-5
2,61;67,2.629408212496707E-5
2,244;286,-2.628900398374892E-5
2,932;985,2.628181690646212E-5
2,186;313,2.6280808724347556E-5
2,213;933,-2.6273819685019855E-5
2,88;487,-2.6272430707482295E-5
2,244;683,-2.6239431795919018E-5
2,326;491,-2.6236958671534878E-5
2,119;637,-2.623426650247971E-5
2,604;969,2.6233831535919014E-5
2,414;868,-2.6224045240531666E-5
2,726;831,2.622343473241827E-5
2,713;851,2.6223411924466602E-5
2,111;160,-2.621619905346504E-5
2,362;497,2.6215918797670144E-5
2,279;966,-2.6207394453081443E-5
2,650;900,-2.619626398798186E-5
2,718;950,-2.6194584334749983E-5
2,27;396,-2.619273795706475E-5
2,270;845,-2.6185257251226622E-5
2,540;815,2.618189314428498E-5
2,361;891,2.6179993113825295E-5
2,33;725,2.616033050314792E-5
2,749;780,2.616006504303773E-5
2,530;596,2.6142773184951995E-5
2,251;695,-2.6136528218932236E-5
2,449;752,2.6121756678833398E-5
2,168;811,2.610940018890383E-5
2,60;369,2.6104807789073004E-5
2,382;552,2.60860151333632E-5
2,330;999,-2.6082348350869592E-5
2,463;677,2.6078791197430265E-5
2,662;854,-2.6070550001333688E-5
2,7;301,-2.6053216299918216E-5
2,132;163,-2.605227324967431E-5
2,376;532,-2.6049522036231145E-5
2,30;711,-2.6043580149326943E-5
2,80;337,2.6033264654869776E-5
2,586;971,-2.6026345107765408E-5
2,346;668,-2.600779484666121E-5
2,657;924,-2.6007668007425803E-5
2,499;819,2.5992883222213347E-5
2,900;932,2.598105935373969E-5
2,238;672,2.59685879188228E-5
2,46;372,-2.5965705661344163E-5
2,277;550,-2.595285937415313E-5
2,240;383,-2.5930377468973607E-5
2,757;892,-2.5914037885174174E-5
2,53;732,2.591088836207791E-5
2,352;642,-2.590491118331666E-5
2,368;841,-2.590045954704723E-5
2,604;617,2.5887808460058642E-5
2,531;987,-2.5880275439878472E-5
2,353;496,2.587882406176538E-5
2,53;201,2.587634474850638E-5
2,315;670,-2.5873868478380995E-5
2,142;483,2.58662159475943E-5
2,41;920,-2.5863411589581305E-5
2,452;706,2.5862017945007853E-5
2,586;724,2.5849678862507657E-5
2,146;223,2.584894908405662E-5
2,331;720,-2.5841107263953974E-5
2,42;802,2.583978004943212E-5
2,34;222,2.5835485814923154E-5
2,678;820,-2.582635835074659E-5
2,545;966,2.5825846857664988E-5
2,831;952,-2.5815496029199763E-5
2,342;352,2.5815255867849165E-5
2,486;630,-2.580951506105604E-5
2,67;210,2.579633455333097E-5
2,456;663,-2.5778287579383825E-5
2,12;519,-2.575418697152293E-5
2,153;657,2.5745667779004848E-5
2,6;355,2.573705769704494E-5
2,246;833,-2.572460143717173E-5
2,189;757,2.5707768386076137E-5
2,810;913,2.570607044529859E-5
2,317;400,-2.5699005187782247E-5
2,477;732,2.5688703140180163E-5
2,467;996,-2.5683416854404576E-5
2,335;966,2.5675148000948327E-5
2,462;689,-2.566493097867209E-5
2,116;182,-2.5664457210317373E-5
2,713;987,-2.56609961644958E-5
2,790;975,-2.5651200751865495E-5
2,30;198,2.5642286638749055E-5
2,80;422,-2.5627914903456604E-5
2,393;574,-2.5626802355781565E-5
2,554;801,2.5626125233411293E-5
2,103;714,2.5621100402692895E-5
2,120;307,-2.5610301294732436E-5
2,340;387,2.5605310766076063E-5
2,113;216,2.560443555593843E-5
2,827;886,-2.560424698867139E-5
2,63;81,2.558963630598327E-5
2,968;992,-2.558960488058167E-5
2,74;985,-2.558912435955306E-5
2,682;855,-2.558158665456979E-5
2,2;827,2.5581392816376003E-5
2,391;522,2.557514098866881E-5
2,171;521,2.5570581472573935E-5
2,404;489,2.5570255989006977E-5
2,129;625,-2.5555241872359945E-5
2,332;952,-2.5553959220004978E-5
2,356;640,2.5553902431525693E-5
2,625;859,-2.5553424370825936E-5
2,619;947,2.5540343260158493E-5
2,60;375,-2.5536808024890183E-5
2,277;628,2.5522578717849E-5
2,18;526,2.5514169381234804E-5
2,28;488,-2.5502582044058313E-5
2,242;485,-2.5495101060911473E-5
2,156;912,-2.5493556626980055E-5
2,333;846,-2.548764624938154E-5
2,168;909,-2.5483221851186093E-5
2,296;407,-2.548315778196224E-5
2,756;868,-2.5474872005303814E-5
2,42;212,2.5472794245822796E-5
2,60;785,2.5472787592188857E-5
2,491;580,-2.5471688234773073E-5
2,649;898,2.5469922753071554E-5
2,222;229,-2.5468626989382458E-5
2,123;687,2.5467131206572173E-5
2,661;888,-2.5458076057034076E-5
2,205;493,-2.5448707163337068E-5
2,137;336,-2.544623942263636E-5
2,692;849,2.5440783478679747E-5
2,40;653,2.5437437988893598E-5
2,46;218,2.542278461503616E-5
2,277;572,-2.5409754887307896E-5
2,645;689,2.5409445559101963E-5
2,390;420,2.5408536072369808E-5
2,293;733,2.5407070525098496E-5
2,69;396,2.540602925278766E-5
2,807;962,2.5399324013169877E-5
2,187;292,-2.5397427710997676E-5
2,896;976,-2.5396351283688863E-5
2,276;818,2.5389667374333395E-5
2,64;482,-2.5385229394332155E-5
2,572;760,-2.5381826914699027E-5
2,106;401,-2.538170220555458E-5
2,246;910,2.537594315921502E-5
2,127;465,-2.5371296637890847E-5
2,87;808,-2.53697834525566E-5
2,385;484,-2.5367992836440634E-5
2,80;958,-2.5355503451346974E-5
2,39;988,-2.534848276508586E-5
2,135;627,2.5348279210765763E-5
2,199;998,-2.533823188360138E-5
2,625;994,-2.5336216627706143E-5
2,159;749,2.5334454495042155E-5
2,717;944,2.5333645504972373E-5
2,303;635,2.532031820534255E-5
2,407;723,2.5318493175856287E-5
2,794;980,-2.530272777945053E-5
2,285;579,2.529940344575922E-5
2,492;533,-2.5296118391947812E-5
2,165;381,-2.529395507577824E-5
2,130;674,2.5289046021744742E-5
2,127;452,2.5281935042244154E-5
2,168;735,2.5269832362662578E-5
2,22;485,2.5250213306217803E-5
2,265;660,-2.5244862485192075E-5
2,11;687,2.5242256239249965E-5
2,763;960,2.5242046856783417E-5
2,775;896,-2.5238977478645746E-5
2,359;543,-2.5221118661862784E-5
2,411;526,2.5216691103946654E-5
2,527;584,-2.52085308490225E-5
2,394;866,2.5208198982336826E-5
2,390;502,-2.5195653409312942E-5
2,69;153,-2.5189980561196688E-5
2,573;699,-2.518882621917235E-5
2,196;685,2.516602541156448E-5
2,108;566,2.5166002329486738E-5
2,383;686,-2.516457531600184E-5
2,392;590,-2.5154379905196447E-5
2,31;285,2.514661384967371E-5
2,186;440,2.5142819735098893E-5
2,689;719,2.514171138931287E-5
2,230;241,-2.5119835050938263E-5
2,461;808,-2.511814232742133E-5
2,304;872,-2.51038481718691E-5
2,432;890,-2.5095836093664493E-5
2,194;902,-2.509241657204786E-5
2,391;714,2.5087743206169227E-5
2,196;377,2.5084716699973863E-5
2,572;980,2.5083692923126118E-5
2,89;947,2.5078299930570363E-5
2,338;548,2.5067868142141233E-5
2,419;650,2.504105929641196E-5
2,540;929,2.50410443167961E-5
2,278;771,-2.503686647915745E-5
2,318;610,-2.5034327954481125E-5
2,208;230,2.503066860653644E-5
2,280;779,2.5023621944366638E-5
2,61;267,-2.5007579085713907E-5
2,567;738,2.4997627830311395E-5
2,534;659,-2.499119377401737E-5
2,677;871,-2.498558108264029E-5
2,259;720,2.4974414749388183E-5
2,54;556,2.4963002331841813E-5
2,851;995,2.4937396168607775E-5
2,407;494,-2.4928278240069117E-5
2,703;767,2.49196414324383E-5
2,192;607,-2.4915218597248715E-5
2,193;844,-2.491181608891813E-5
2,807;809,2.491047682185647E-5
2,337;400,-2.4905367101737304E-5
2,406;640,2.4893115369807234E-5
2,370;637,2.4893039788076812E-5
2,512;957,-2.4886601047139358E-5
2,306;726,-2.4869025861842895E-5
2,169;943,-2.486470233253647E-5
2,604;993,2.4857304958310794E-5
2,173;416,2.4852542642336327E-5
2,336;971,-2.4852053400535772E-5
2,405;459,-2.4850062328367705E-5
2,372;606,-2.4847268357497588E-5
2,596;807,-2.483932684185622E-5
2,338;553,2.4791499186734E-5
2,153;969,2.479029756873473E-5
2,156;234,-2.4789442188710265E-5
2,273;653,-2.4789056000072942E-5
2,90;218,2.4788055693585032E-5
2,75;462,-2.4781445306341154E-5
2,69;771,-2.4778623482759608E-5
2,81;594,-2.477860549970423E-5
2,276;647,-2.477177660200007E-5
2,119;840,-2.4763675457224444E-5
2,46;887,-2.47632417145373E-5
2,803;906,-2.4730368475513748E-5
2,461;503,2.4716070357503452E-5
2,611;672,-2.4701971035324095E-5
2,316;990,2.4694033463880715E-5
2,297;797,-2.4665329340104513E-5
2,210;820,2.4634878275061122E-5
2,550;580,2.4631364207078035E-5
2,759;866,-2.4629022680714505E-5
2,27;514,-2.4626899662250806E-5
2,60;977,-2.4614968218960656E-5
2,197;526,2.4603412902578927E-5
2,52;444,-2.4597420222167276E-5
2,311;670,-2.4587912577547275E-5
2,403;596,-2.458267283362664E-5
2,137;410,-2.4581897072778888E-5
2,119;746,-2.457357475337767E-5
2,268;806,2.4571152549954157E-5
2,421;839,-2.456694699066645E-5
2,93;675,-2.4565132284444987E-5
2,0;511,-2.4557405469638658E-5
2,142;893,-2.4554762987771717E-5
2,228;301,2.4551498930049465E-5
2,384;777,2.4521642022329053E-5
2,251;321,-2.4513300940585285E-5
2,304;447,2.4506513078387152E-5
2,302;801,2.450371395674981E-5
2,430;974,-2.4503623408701593E-5
2,133;208,2.4498778140078697E-5
2,270;852,-2.4487503746851546E-5
2,530;809,-2.44804511727017E-5
2,330;388,2.4472085302928826E-5
2,295;344,2.4469198779216024E-5
2,299;787,2.4466157067323956E-5
2,62;592,-2.4461677086432848E-5
2,653;809,2.4461226584782666E-5
2,23;891,-2.4433151551705198E-5
2,306;677,2.4432469842007323E-5
2,427;625,-2.4430070133896705E-5
2,680;981,-2.441846780410914E-5
2,37;216,2.4411326761005648E-5
2,67;849,2.44109363646615E-5
2,645;958,-2.4398205673732954E-5
2,122;280,2.438576773081119E-5
2,194;710,2.4374170593258006E-5
2,170;382,-2.4321064158492084E-5
2,397;862,-2.4319297175129728E-5
2,441;949,2.431154413801041E-5
2,626;813,-2.4299490773570284E-5
2,185;937,2.4296770280751214E-5
2,59;498,-2.4289820550041075E-5
2,84;485,2.4278213013552703E-5
2,242;571,2.4275640666721084E-5
2,41;659,2.4270966427297072E-5
2,129;371,2.427086383361072E-5
2,724;881,-2.4265389703473548E-5
2,186;755,2.4260327106788336E-5
2,68;768,2.4259817506795036E-5
2,138;140,2.4259565729767953E-5
2,103;917,-2.425893877546245E-5
2,130;965,-2.4240396993301038E-5
2,587;881,2.42385048800657E-5
2,493;701,-2.4234801564531233E-5
2,804;814,-2.4234786498518397E-5
2,632;760,-2.4234083843829956E-5
2,573;920,-2.4229719148791032E-5
2,71;616,2.4227949069936586E-5
2,576;968,2.4220595333169225E-5
2,11;592,-2.422046682890648E-5
2,170;962,-2.421359462860691E-5
2,217;458,2.4212337826279505E-5
2,280;930,2.4208546480350144E-5
2,284;334,2.4202571411991633E-5
2,112;582,-2.4200979871397582E-5
2,130;914,-2.4198808938755053E-5
2,208;453,-2.4192269344161125E-5
2,550;765,2.4189358858357762E-5
2,166;171,2.418863173260706E-5
2,789;826,2.4180962760428633E-5
2,517;563,-2.4169740166121704E-5
2,562;593,2.4162691552793265E-5
2,121;348,-2.41547137787499E-5
2,834;903,2.4150353470682144E-5
2,243;775,-2.4134608603084883E-5
2,177;819,2.4123451179312094E-5
2,63;560,-2.412234121596746E-5
2,484;563,2.411778097913982E-5
2,341;487,-2.4109640600730196E-5
2,131;878,2.4100440032864394E-5
2,524;582,2.408011806385215E-5
2,658;808,2.4065811523793925E-5
2,744;833,2.404575082933739E-5
2,421;884,2.4041583595163022E-5
2,40;579,-2.402800437307198E-5
2,95;474,2.402561297281576E-5
2,182;618,2.401524781463757E-5
2,298;427,-2.399061794366786E-5
2,727;809,-2.3980493152027465E-5
2,306;831,-2.3977220903282504E-5
2,51;663,-2.3968658309417597E-5
2,681;961,2.3960836955708163E-5
2,65;519,2.395890495127154E-5
2,330;414,-2.395498405276123E-5
2,276;613,2.395378816868614E-5
2,177;568,2.3952432518153515E-5
2,120;465,-2.394471460171374E-5
2,713;849,2.3942692831269554E-5
2,158;875,-2.393841608430494E-5
2,99;450,-2.393157439610883E-5
2,466;984,2.3921152883982672E-5
2,350;572,-2.392047182151658E-5
2,414;681,-2.3916756998034653E-5
2,167;358,2.391629546716245E-5
2,97;497,-2.3913800687551454E-5
2,192;471,-2.3906646392756298E-5
2,228;404,2.3903855805844466E-5
2,207;697,2.3898788101709598E-5
2,94;777,-2.3897338454673283E-5
2,84;777,-2.3885176065180545E-5
2,677;729,-2.38807535251083E-5
2,302;828,-2.3879742835835618E-5
2,158;447,-2.386444319304594E-5
2,913;961,-2.3863428120181493E-5
2,307;905,2.3853324877638057E-5
2,244;763,2.3851349058572468E-5
2,740;783,2.3845856561676883E-5
2,106;477,-2.3841027298196145E-5
2,45;402,-2.3819314126249596E-5
2,589;639,2.3814903251712357E-5
2,97;768,2.3804419355878274E-5
2,767;825,-2.3801051199486834E-5
2,230;935,-2.3799626804818885E-5
2,341;750,-2.3793655401438803E-5
2,251;763,-2.3777392439859617E-5
2,171;803,2.377140975380837E-5
2,410;425,-2.3762809579265758E-5
2,274;905,2.3755319109087996E-5
2,228;403,2.3750297503984665E-5
2,69;359,2.3744583076502887E-5
2,138;788,2.3742137980282538E-5
2,510;711,2.373615839214445E-5
2,146;184,2.372178905280108E-5
2,252;963,2.371534589621782E-5
2,155;755,2.371122830685387E-5
2,150;710,-2.370749003099609E-5
2,203;673,-2.370440316281104E-5
2,414;428,-2.3701670031275253E-5
2,746;968,-2.3695146353149068E-5
2,310;743,-2.3686000336981165E-5
2,148;206,-2.368506866142639E-5
2,282;383,-2.3669975767549632E-5
2,732;915,2.3660301747396283E-5
2,71;715,2.3652927661820546E-5
2,275;471,-2.3650941574729717E-5
2,86;950,2.3637430040218297E-5
2,206;720,2.363675832033014E-5
2,178;965,2.3630701109109648E-5
2,43;562,2.362603187281183E-5
2,77;313,2.3625628264732737E-5
2,96;962,-2.3623888224645904E-5
2,703;996,2.361658650674551E-5
2,340;501,2.3614372452151346E-5
2,586;881,-2.3606269922829535E-5
2,141;588,-2.3592600086571987E-5
2,303;761,2.3574219754220194E-5
2,333;881,2.3573507960568935E-5
2,392;749,2.3573016357949564E-5
2,55;345,2.3566121623503875E-5
2,26;483,-2.3557819952342116E-5
2,126;694,-2.3544464221279676E-5
2,685;779,-2.3541900269932354E-5
2,319;669,-2.353781938180229E-5
2,157;494,-2.3537184796335754E-5
2,376;644,-2.352775455226352E-5
2,474;794,-2.35245722183891E-5
2,500;725,2.3524128237204984E-5
2,170;212,2.351124406420653E-5
2,230;518,-2.3508081299242596E-5
2,277;703,2.3504224734072833E-5
2,512;961,-2.348727886899323E-5
2,135;432,2.3480124958645355E-5
2,72;397,-2.3477246850527428E-5
2,244;738,2.3467625158365197E-5
2,440;788,-2.3446844269982503E-5
2,211;851,2.344548851585633E-5
2,9;209,2.344300949069566E-5
2,193;364,-2.3437160903258104E-5
2,747;794,-2.3422907822592548E-5
2,168;319,2.3421484617775784E-5
2,375;766,2.341926254541409E-5
2,199;752,-2.3415648549674233E-5
2,4;934,-2.3414407819689013E-5
2,587;820,2.341262922855028E-5
2,284;837,2.3410300469754656E-5
2,709;812,-2.3381579844181495E-5
2,2;826,-2.3373718457281997E-5
2,249;376,-2.337127905596846E-5
2,252;431,2.3371089693704873E-5
2,103;184,-2.3362989309364476E-5
2,367;859,2.33566691485916E-5
2,228;937,-2.3349622274981343E-5
2,426;880,-2.3332581979300898E-5
2,800;918,2.331778016702409E-5
2,299;966,-2.3313199161796154E-5
2,727;907,-2.330263827524684E-5
2,9;160,2.3298081893100953E-5
2,232;835,-2.329410655345092E-5
2,44;106,2.3270834984520134E-5
2,161;796,-2.327006160977591E-5
2,836;904,2.3269726306790685E-5
2,120;194,2.3244302473885E-5
2,169;874,2.3229022305103884E-5
2,510;825,-2.3228770778041715E-5
2,337;782,2.320700088864428E-5
2,245;915,2.320411945368296E-5
2,358;550,2.317210009399577E-5
2,120;626,-2.3142600800543047E-5
2,231;915,-2.314138595004446E-5
2,205;915,-2.313951972117117E-5
2,449;945,2.3135646240241087E-5
2,31;214,2.3133427615591926E-5
2,882;947,2.3110568826537296E-5
2,214;518,2.3078492747617233E-5
2,253;845,2.3078402006571137E-5
2,77;525,-2.30717948268533E-5
2,28;698,2.307170746251629E-5
2,379;832,2.3068060059354886E-5
2,14;196,-2.3061629821356206E-5
2,639;873,-2.3054635483703084E-5
2,455;548,-2.3051019391853215E-5
2,525;572,2.3038758910367565E-5
2,128;605,-2.3029749214127813E-5
2,228;749,-2.3027783931659802E-5
2,14;167,-2.300280932868524E-5
2,225;230,2.2995844486217706E-5
2,480;932,-2.2977453077738153E-5
2,740;995,-2.297479142446915E-5
2,635;658,-2.295941982449765E-5
2,181;757,2.2953431585038034E-5
2,159;679,-2.294946853688307E-5
2,103;895,-2.2947808140145534E-5
2,806;883,-2.2935965058476545E-5
2,809;987,2.2926969823324235E-5
2,97;613,-2.2914046192787816E-5
2,390;695,2.289871542143972E-5
2,250;641,-2.289667337342922E-5
2,826;900,2.2880515776427662E-5
2,27;909,-2.2861119780102842E-5
2,616;962,-2.2850078869694158E-5
2,807;883,-2.2848326826842847E-5
2,134;164,-2.283263966306899E-5
2,195;381,-2.2828802354041696E-5
2,542;740,-2.282087427544572E-5
2,494;823,-2.280982257483952E-5
2,551;882,-2.2805109663218237E-5
2,617;992,2.27993150803663E-5
2,572;853,-2.2791992468918642E-5
2,647;730,2.2786304684850434E-5
2,713;766,2.2783398524999725E-5
2,463;949,-2.2759164617053628E-5
2,838;878,2.2757729367814283E-5
2,228;424,2.2749176349113167E-5
2,177;772,-2.274393901179477E-5
2,756;940,-2.2743845257796863E-5
2,511;750,-2.27276637088392E-5
2,49;556,2.2727476071515276E-5
2,544;742,2.272379388530633E-5
2,304;787,-2.272127136611557E-5
2,450;586,2.2709965509876374E-5
2,302;975,2.2707084759553263E-5
2,192;207,-2.270171690588529E-5
2,128;860,-2.26985852403152E-5
2,158;548,2.26703672508393E-5
2,871;911,2.2670154971383343E-5
2,362;494,-2.2655530256795127E-5
2,232;546,2.26468295878203E-5
2,161;641,2.2641714713149024E-5
2,213;565,2.2627589396571126E-5
2,98;948,2.261533955066427E-5
2,288;457,2.2599260257053903E-5
2,276;689,-2.25898812233466E-5
2,55;195,-2.2587140291704054E-5
2,209;832,2.2586594731653502E-5
2,196;472,-2.257880457043373E-5
2,343;926,2.2573923221937364E-5
2,4;489,2.2569170731812663E-5
2,4;753,2.256184941303256E-5
2,180;657,2.2557825493538158E-5
2,717;737,2.2552283743264277E-5
2,743;949,2.2548925147387377E-5
2,478;598,-2.2545849393512423E-5
2,99;761,2.2541779286708676E-5
2,154;241,2.254080316649826E-5
2,419;505,2.251621961594376E-5
2,1;883,2.2513877615284718E-5
2,187;577,-2.250780086709001E-5
2,198;432,2.250075664702486E-5
2,146;510,-2.2485857471035778E-5
2,115;580,2.248511233643899E-5
2,616;699,2.2484222375966288E-5
2,331;773,2.2481323638795722E-5
2,458;869,-2.248052429841078E-5
2,590;698,2.247192002011857E-5
2,505;839,-2.2460513972891213E-5
2,214;432,-2.243452461182908E-5
2,229;700,2.242522511298639E-5
2,301;390,2.2421003985711617E-5
2,158;358,2.241402567887476E-5
2,409;882,-2.2407395633637976E-5
2,188;546,-2.2406587930936268E-5
2,278;803,2.24039534120053E-5
2,437;709,2.2400096311196715E-5
2,403;600,2.2381521110631532E-5
2,227;867,-2.2376767537479565E-5
2,79;116,2.237637428129522E-5
2,658;910,2.2374697917717375E-5
2,371;485,2.2364848418751423E-5
2,326;780,2.236251871109031E-5
2,337;510,-2.235641649805491E-5
2,720;821,-2.234688597042623E-5
2,154;366,2.2345717758790883E-5
2,33;363,-2.2333275181384506E-5
2,158;387,-2.2332162381458647E-5
2,846;851,2.23168019615662E-5
2,767;894,2.231500736402364E-5
2,399;618,-2.229401626745591E-5
2,349;769,-2.229395247247726E-5
2,354;863,2.2284200435208875E-5
2,572;811,2.2272145121325817E-5
2,98;266,2.226470851904276E-5
2,78;130,-2.226230211486001E-5
2,589;879,-2.2262288093934974E-5
2,115;231,2.2257787558716298E-5
2,313;384,-2.2235887687537825E-5
2,277;512,-2.2234307825443593E-5
2,296;485,-2.222596148273475E-5
2,82;222,-2.221621652446991E-5
2,740;988,-2.221564415201952E-5
2,358;781,-2.221350063394195E-5
2,634;980,-2.220274856428009E-5
2,196;715,2.2191363554703715E-5
2,49;575,2.219077113595513E-5
2,68;145,2.2188763970778022E-5
2,53;897,2.218717374494056E-5
2,703;935,-2.2186195729542607E-5
2,396;432,2.2184964464954596E-5
2,580;838,-2.21826910149127E-5
2,169;526,2.2177130121112247E-5
2,265;859,2.217629808994615E-5
2,8;476,2.216811173987916E-5
2,234;568,2.216430308885952E-5
2,192;883,-2.2163084098860177E-5
2,887;998,2.2155286184637434E-5
2,706;753,-2.2140967243136745E-5
2,452;686,2.2128511015143594E-5
2,177;403,-2.2127492568566037E-5
2,481;756,-2.212269952518119E-5
2,183;543,2.211775168933209E-5
2,80;387,-2.211592054067268E-5
2,32;35,-2.2106864086865968E-5
2,306;395,-2.21063866862551E-5
2,414;468,2.2104859812937818E-5
2,467;938,2.2095683643246984E-5
2,5;245,-2.209461782306657E-5
2,691;789,-2.208342484079256E-5
2,785;944,2.2078650765252105E-5
2,790;878,2.2074196368629737E-5
2,454;737,-2.2072162093555814E-5
2,572;949,2.2063355593469884E-5
2,387;653,-2.205005991700304E-5
2,715;968,2.2048599737770317E-5
2,286;511,-2.2035385884445577E-5
2,471;818,2.2033815062222275E-5
2,26;838,-2.2025288729957976E-5
2,518;877,2.2024670629653584E-5
2,489;676,2.20144775416384E-5
2,389;967,-2.2008213323633196E-5
2,116;928,2.1985440192418107E-5
2,305;641,2.19854361952694E-5
2,390;663,-2.1973294657858064E-5
2,46;881,-2.1968165716091844E-5
2,638;968,2.1949176474906546E-5
2,299;339,2.1933213378021197E-5
2,241;448,-2.192497598967621E-5
2,214;835,-2.1920419225205477E-5
2,19;918,-2.1917683426900823E-5
2,187;317,2.188637838119059E-5
2,6;777,-2.18831603297605E-5
2,627;693,2.1878697974032673E-5
2,601;967,2.186637092647736E-5
2,511;910,-2.1860128448286943E-5
2,136;466,2.1851230169288903E-5
2,86;252,2.1841193094609763E-5
2,258;841,-2.183345113531361E-5
2,291;767,-2.1830921378356697E-5
2,120;966,-2.18092013310365E-5
2,14;518,-2.179855322582165E-5
2,86;963,-2.1798035666728834E-5
2,709;821,2.1795224864783885E-5
2,549;770,2.178690085403581E-5
2,219;468,-2.17795556912441E-5
2,476;585,2.177919082618329E-5
2,404;420,2.176016536981476E-5
2,62;900,-2.175578500259296E-5
2,163;794,-2.175385538517976E-5
2,388;929,2.1743616245021434E-5
2,26;871,2.174189043308858E-5
2,514;703,2.1738782049255803E-5
2,251;863,2.173379704626572E-5
2,284;437,-2.1727266900236047E-5
2,109;909,-2.171751753618957E-5
2,221;611,-2.1715135425398375E-5
2,270;666,-2.1714261979268048E-5
2,216;349,-2.171049532400296E-5
2,176;558,-2.1691748886691046E-5
2,899;956,2.1690701846502564E-5
2,198;525,-2.1688622959788385E-5
2,557;762,2.168730903940357E-5
2,69;764,2.1656080844456042E-5
2,47;432,-2.1652247039322323E-5
2,72;172,2.164474914237923E-5
2,393;703,-2.1641209038419748E-5
2,769;855,-2.1633027940421777E-5
2,128;314,-2.1630311157725055E-5
2,86;969,2.1610656369694905E-5
2,331;887,-2.1610432216647548E-5
2,245;732,2.1607755842677735E-5
2,381;984,2.1607523120544595E-5
2,411;679,2.1603103491676833E-5
2,196;541,2.1593554588276217E-5
2,307;750,2.159311663660496E-5
2,136;656,2.15913738274862E-5
2,40;60,2.1588368654998934E-5
2,220;307,2.1583383778460522E-5
2,236;710,-2.158290515285808E-5
2,581;788,-2.1572009243582123E-5
2,305;360,2.1567104152600216E-5
2,369;852,2.1564023378109323E-5
2,327;589,-2.1561811720972948E-5
2,448;740,-2.1559081467975508E-5
2,48;643,2.1557901744573604E-5
2,504;955,2.1550633074413878E-5
2,373;960,-2.154878714778251E-5
2,283;880,2.1537767419249205E-5
2,393;901,2.152913834281365E-5
2,110;284,-2.1521511481303037E-5
2,627;655,-2.151968691957303E-5
2,332;722,-2.1500912742123806E-5
2,96;883,2.149524175704047E-5
2,222;735,-2.1492118423816635E-5
2,592;844,2.1491337246344804E-5
2,157;832,-2.1489209964438858E-5
2,534;545,2.148853411804223E-5
2,50;228,-2.147119765585694E-5
2,247;900,2.145799086423692E-5
2,160;568,2.1438471250514042E-5
2,582;772,-2.1427523622983203E-5
2,86;181,2.1393701334574224E-5
2,640;962,2.137503290313076E-5
2,404;929,-2.1363941828778424E-5
2,259;590,2.136024387910985E-5
2,749;779,2.134827434115835E-5
2,661;910,-2.1341387124557902E-5
2,299;710,2.1340792176915322E-5
2,584;863,-2.1333895267820978E-5
2,0;763,-2.1315339744417005E-5
2,431;471,-2.130554198367E-5
2,258;924,2.1287989854498384E-5
2,30;689,-2.128401637251455E-5
2,543;793,2.1274595424063034E-5
2,485;717,-2.127211987685998E-5
2,362;368,2.1268882106660865E-5
2,627;845,-2.1263826099265708E-5
2,728;814,-2.1262954620486244E-5
2,656;839,-2.126284163535938E-5
2,134;296,2.1250498590908325E-5
2,193;281,2.1244936334702666E-5
2,17;951,2.1241991905268295E-5
2,199;547,2.123559493262804E-5
2,820;949,-2.1231291355799618E-5
2,186;752,2.1217586449885087E-5
2,301;645,-2.121607889170435E-5
2,541;796,2.1213816871678998E-5
2,153;181,2.1195741927841113E-5
2,170;939,-2.1184191239998215E-5
2,757;758,-2.1181181670307737E-5
2,772;906,-2.1174743156298863E-5
2,540;645,2.117074307128811E-5
2,901;937,2.116533480206212E-5
2,607;793,-2.115853857948425E-5
2,229;832,-2.1146822614316306E-5
2,137;364,2.114675799229841E-5
2,820;924,-2.1134748247018054E-5
2,226;830,2.1131190538160887E-5
2,101;342,-2.1125438304019773E-5
2,135;572,2.1122897402650046E-5
2,1;199,-2.1111998738706732E-5
2,282;774,2.1111008675283804E-5
2,307;900,2.1099124570997597E-5
2,758;892,2.1097181311091623E-5
2,223;941,-2.1096178080754555E-5
2,192;359,-2.1084463519149854E-5
2,57;182,-2.1060217206633188E-5
2,161;335,2.1058379573885253E-5
2,405;894,-2.105275404188358E-5
2,241;362,-2.104203256726754E-5
2,440;981,-2.104107525667194E-5
2,844;970,-2.1034395016407173E-5
2,437;499,-2.1030899138158083E-5
2,595;875,-2.1021922505789536E-5
2,20;31,-2.100152817034921E-5
2,773;792,-2.0990514281793557E-5
2,419;596,2.098513861351196E-5
2,198;711,2.0975456400881662E-5
2,616;909,2.0973261311246662E-5
2,181;536,-2.097169156414503E-5
2,67;182,-2.0965795814730517E-5
2,516;996,2.095814101639909E-5
2,332;832,-2.095100809927922E-5
2,89;767,2.0950520852712195E-5
2,102;485,-2.0942020373778924E-5
2,783;936,2.093380033495391E-5
2,713;838,2.0931376298564316E-5
2,443;935,-2.0927024181385784E-5
2,202;366,2.0926575800993883E-5
2,655;980,2.0921993701372935E-5
2,154;222,2.0909516581782578E-5
2,955;992,2.0906394145031096E-5
2,703;749,2.0895791850457606E-5
2,141;520,2.08939410551883E-5
2,37;486,2.0886913949241283E-5
2,162;168,2.0873607654715396E-5
2,173;963,-2.086686045465745E-5
2,901;978,-2.0862332331129925E-5
2,80;783,2.0815802850371162E-5
2,598;631,-2.081355897344149E-5
2,666;837,2.0805964851938246E-5
2,459;715,2.0796009847284052E-5
2,282;998,-2.0789483521702193E-5
2,335;393,2.078920674191946E-5
2,823;890,2.0758925269480673E-5
2,773;987,-2.075623970781898E-5
2,862;868,-2.07534028879508E-5
2,452;723,2.0749870607068094E-5
2,226;890,2.0742142720593013E-5
2,172;314,2.0741759616408152E-5
2,94;352,-2.0740075238558772E-5
2,496;674,2.0735869060443645E-5
2,96;359,-2.072499862604489E-5
2,303;457,2.072415546343119E-5
2,720;759,-2.071495294830783E-5
2,184;552,2.0709865662281604E-5
2,91;161,2.068796751779733E-5
2,715;745,-2.0683273082778384E-5
2,168;588,-2.0683089528401174E-5
2,99;242,-2.0673990909994334E-5
2,376;395,2.0671835617448946E-5
2,234;595,-2.0654415347983392E-5
2,109;208,-2.065149172841358E-5
2,511;763,2.0618541788461315E-5
2,676;874,2.0616921115322567E-5
2,250;408,-2.0601955304277586E-5
2,26;361,-2.0599521213191253E-5
2,210;626,2.0583656993437087E-5
2,236;845,2.057955057628928E-5
2,278;756,2.057810590252352E-5
2,26;835,-2.0577767448664297E-5
2,383;919,2.0576073130449783E-5
2,19;578,2.0574501435750106E-5
2,574;937,2.0569076244761853E-5
2,184;917,2.0567770730826205E-5
2,219;981,-2.0553295270066492E-5
2,792;986,2.053132508754968E-5
2,525;999,-2.0529860468069013E-5
2,381;452,2.0528918896791686E-5
2,17;69,-2.0527398571214087E-5
2,196;505,2.0522604674371613E-5
2,564;632,-2.05179843371147E-5
2,23;648,2.0507005626597684E-5
2,567;783,-2.0503941049820226E-5
2,629;793,2.050060073868276E-5
2,356;600,2.049831924170741E-5
2,130;496,2.049126396729644E-5
2,446;611,2.048544853149347E-5
2,315;796,-2.0476015238988516E-5
2,101;498,-2.0467730969078905E-5
2,27;72,-2.0459057607450204E-5
2,25;939,2.04531313897702E-5
2,729;884,-2.0446119515553447E-5
2,220;500,-2.0445197431843353E-5
2,476;951,2.0432442206024423E-5
2,603;812,2.0430868601393342E-5
2,195;918,-2.0430375318981226E-5
2,130;456,-2.0425929267138237E-5
2,12;29,2.0413516581843778E-5
2,588;715,2.040425738394869E-5
2,716;791,-2.0382418971465007E-5
2,546;873,2.037538803137086E-5
2,775;796,2.037375548348251E-5
2,40;660,-2.036826524730101E-5
2,634;949,-2.0359808190402533E-5
2,30;589,-2.0341598256779003E-5
2,717;889,-2.0340449325385626E-5
2,475;962,2.0337486510950418E-5
2,258;390,2.0337102101751057E-5
2,26;47,2.0326296167530836E-5
2,291;538,-2.03181769039702E-5
2,211;858,2.0314793663780132E-5
2,73;879,2.030284075108521E-5
2,60;222,-2.0301552876933387E-5
2,485;583,2.030106092402168E-5
2,678;890,-2.0290642926299964E-5
2,574;996,-2.0288284549427667E-5
2,17;38,-2.0274798517884393E-5
2,303;556,-2.027470157649428E-5
2,111;404,-2.026902519742071E-5
2,67;721,-2.026132798328876E-5
2,83;821,-2.0261062091723772E-5
2,73;689,-2.025155565531525E-5
2,191;530,-2.023961399322477E-5
2,888;927,-2.0231140362385014E-5
2,627;683,-2.0220737099665257E-5
2,89;234,-2.0218457798262652E-5
2,364;936,-2.0212955213347797E-5
2,363;404,-2.020629277548617E-5
2,899;949,2.0180842832205086E-5
2,336;708,-2.017614237826179E-5
2,93;364,-2.0160945419351757E-5
2,34;202,-2.016074100223409E-5
2,68;779,2.0155833139406805E-5
2,281;950,-2.015085116924344E-5
2,114;501,-2.0145929335774955E-5
2,665;670,-2.0143148456286317E-5
2,718;842,2.0141312235924218E-5
2,320;535,-2.0137663033232827E-5
2,166;860,2.0127918369567942E-5
2,387;450,2.011810780256929E-5
2,579;776,2.0111435704611243E-5
2,233;786,-2.0106864635186338E-5
2,296;613,-2.0096424477700143E-5
2,396;786,2.009000712090833E-5
2,233;528,2.0086587130746443E-5
2,590;958,2.008647747307075E-5
2,42;961,-2.008049638745038E-5
2,483;989,2.0080222903366664E-5
2,439;446,-2.0072439118434523E-5
2,393;546,2.005245974219471E-5
2,242;415,-2.005048894318584E-5
2,440;640,2.00344003514433E-5
2,360;689,-2.0028829462763813E-5
2,356;940,2.0014564223959033E-5
2,378;813,2.000699960814084E-5
2,770;775,-2.000528985105321E-5
2,336;459,2.000268046332539E-5
2,222;396,1.9998657137228426E-5
2,610;921,1.9986541643462115E-5
2,231;765,1.9968296416511673E-5
2,280;687,1.9963509736697996E-5
2,575;913,-1.9957591820088994E-5
2,661;735,1.9947625401649302E-5
2,585;672,1.9937606176793405E-5
2,753;838,1.9935711574470067E-5
2,383;468,1.9932254977217594E-5
2,684;722,-1.99187114431671E-5
2,156;365,-1.9917009859264852E-5
2,444;965,1.9915354926883217E-5
2,853;900,1.99038217397797E-5
2,35;459,-1.9878303194573406E-5
2,118;775,-1.9856722666767124E-5
2,680;827,1.9852489768728787E-5
2,611;637,1.9846904209143655E-5
2,767;900,-1.984062327364512E-5
2,313;732,-1.982917711711177E-5
2,253;471,-1.9823616920019362E-5
2,721;806,1.9809787539017397E-5
2,383;994,1.98019502373538E-5
2,194;590,1.9797736114482158E-5
2,566;695,-1.9791953423642296E-5
2,7;574,-1.978604795348327E-5
2,145;898,1.9783808199833436E-5
2,229;442,-1.9781943842054103E-5
2,221;826,-1.976637984667045E-5
2,271;950,-1.9739201889905054E-5
2,69;607,1.973441973462567E-5
2,921;976,-1.9729478660995718E-5
2,122;782,1.972862882424806E-5
2,335;410,-1.972781031607915E-5
2,517;907,1.9718666761659716E-5
2,496;898,-1.9712576388201792E-5
2,103;151,-1.9711926576805874E-5
2,82;897,-1.9707867633690496E-5
2,163;220,-1.970570609195415E-5
2,167;706,-1.9692653134212286E-5
2,124;608,-1.9674422949267238E-5
2,221;964,-1.9659522859451213E-5
2,471;622,-1.9652807852162987E-5
2,29;495,1.964336375343186E-5
2,215;986,-1.9642506686013556E-5
2,213;295,1.9633199449354388E-5
2,455;566,1.962625542591862E-5
2,321;706,1.9620160436713108E-5
2,967;997,-1.9619760421236642E-5
2,174;647,1.9612779460312787E-5
2,150;552,1.9599553247678013E-5
2,595;851,1.958956448057807E-5
2,511;552,1.9588588883123603E-5
2,822;904,1.958771302985801E-5
2,712;713,-1.958720942841279E-5
2,651;809,1.958589251261489E-5
2,254;845,1.958534787675844E-5
2,664;725,-1.956993180350436E-5
2,491;862,-1.956246708497359E-5
2,636;888,-1.9532904402526917E-5
2,128;947,-1.9523401575203367E-5
2,550;677,-1.952167537692251E-5
2,29;97,1.9515595514031566E-5
2,378;901,-1.9509804557359062E-5
2,394;466,1.9504916714427257E-5
2,92;814,-1.949067504115161E-5
2,75;325,1.9484971936139812E-5
2,677;874,-1.947836367171192E-5
2,776;959,1.947223479222695E-5
2,373;400,1.947070687254158E-5
2,20;60,-1.9470349124682324E-5
2,533;771,-1.9465316207112602E-5
2,142;711,1.9464207381944417E-5
2,732;830,1.9451955082992535E-5
2,179;837,-1.944966382287592E-5
2,313;688,1.944646987756102E-5
2,679;872,-1.9445350856566827E-5
2,53;918,1.9441785883882895E-5
2,587;778,1.9437203159225608E-5
2,363;805,-1.9433854006908273E-5
2,13;327,1.9432544405234038E-5
2,390;426,1.942410007423823E-5
2,333;466,1.9419329109120447E-5
2,266;788,-1.9419116161116646E-5
2,797;983,1.9416654806177015E-5
2,302;608,-1.9403425595041143E-5
2,4;24,-1.939649049325673E-5
2,84;731,1.9394219478840563E-5
2,910;935,1.9391524563508117E-5
2,200;620,1.9386713011038548E-5
2,415;670,1.9383912833816908E-5
2,540;901,1.9376799981982295E-5
2,640;778,1.9353862919318573E-5
2,248;938,1.934948825419406E-5
2,756;965,1.9347784225796115E-5
2,68;301,1.9345736296977305E-5
2,71;208,1.934471314724484E-5
2,17;569,1.933530043307199E-5
2,60;657,-1.9332665369433823E-5
2,107;169,1.9325769100500245E-5
2,569;910,-1.9323964859445888E-5
2,555;978,-1.932062650477208E-5
2,665;911,-1.931822666799271E-5
2,72;724,1.9300845236800925E-5
2,461;809,-1.929016797337866E-5
2,31;632,-1.92823049730201E-5
2,436;848,1.9275454930847003E-5
2,725;876,-1.9271117451297225E-5
2,778;989,-1.926531965625794E-5
2,362;761,-1.9263501487286554E-5
2,315;587,1.92626759952331E-5
2,34;242,-1.9262325028190637E-5
2,332;913,1.9251270449740093E-5
2,444;632,-1.9251146194626797E-5
2,375;732,1.9247527024156636E-5
2,532;814,1.9242536134025995E-5
2,230;316,-1.9236585314683823E-5
2,258;768,1.9233000680469163E-5
2,88;636,1.922673240573493E-5
2,487;864,1.921877467537314E-5
2,278;429,-1.9217404484014844E-5
2,406;437,-1.9217029152746693E-5
2,280;637,1.9216722502094926E-5
2,868;982,-1.9215679578954486E-5
2,83;288,-1.9214572187584483E-5
2,160;690,-1.920581106194652E-5
2,744;790,-1.9197541101053022E-5
2,688;881,1.9193588917572238E-5
2,651;800,1.918572336980104E-5
2,743;863,1.918428846534074E-5
2,83;978,1.9171740026116974E-5
2,69;567,1.9151698824909046E-5
2,90;149,1.9135821608306196E-5
2,866;914,1.913283588182988E-5
2,218;889,1.9124986657259555E-5
2,155;364,-1.9117049959472198E-5
2,240;719,1.9107100251352984E-5
2,158;291,1.9107053661047738E-5
2,439;953,-1.910571075374958E-5
2,758;881,1.9097323065684915E-5
2,551;675,-1.909034652033211E-5
2,8;158,1.9070544805249646E-5
2,641;728,1.90616508598467E-5
2,285;469,-1.9057756977078517E-5
2,49;355,-1.905734447544203E-5
2,176;462,1.9042282444205195E-5
2,722;787,1.8985826583370898E-5
2,142;493,1.8976352483403626E-5
2,421;439,-1.897397915718209E-5
2,587;782,1.8970875992380074E-5
2,60;910,1.896470137084757E-5
2,643;727,1.8962108751386818E-5
2,342;733,-1.8961874458188444E-5
2,327;875,-1.896017090140899E-5
2,368;669,-1.8952321404359396E-5
2,161;811,-1.8949011103986038E-5
2,145;395,1.894407488023419E-5
2,161;967,1.8938011274425818E-5
2,294;427,1.893382067882908E-5
2,105;832,-1.891338721280523E-5
2,96;441,-1.8912566808320604E-5
2,404;688,-1.890839038337949E-5
2,363;807,-1.8901318107928793E-5
2,101;804,1.888596873757302E-5
2,62;73,-1.8885420291789767E-5
2,57;352,1.8881463685161354E-5
2,124;932,1.887860552128841E-5
2,117;255,-1.8876979559830687E-5
2,86;219,1.8876190671955465E-5
2,483;835,-1.8873750407081522E-5
2,39;748,1.8872630977323855E-5
2,111;866,1.8870039322212465E-5
2,110;497,1.8865801637282017E-5
2,381;918,1.8864894291621385E-5
2,163;817,1.8858217470108942E-5
2,38;727,1.8853647322195687E-5
2,354;821,-1.8852745112101812E-5
2,880;980,-1.884023852183762E-5
2,81;253,-1.8821363630958974E-5
2,99;140,1.8817478482834388E-5
2,148;862,1.8816901511011063E-5
2,624;757,1.880817767079407E-5
2,33;408,1.880449377955327E-5
2,601;990,-1.8802711137642704E-5
2,610;911,-1.878979487852141E-5
2,9;701,1.8789688753150832E-5
2,427;482,1.878374256977331E-5
2,11;381,1.8769408824654857E-5
2,143;349,-1.8759162443294758E-5
2,720;978,-1.8757753064697918E-5
2,627;906,-1.8755472838392852E-5
2,237;366,1.8733800008843793E-5
2,168;986,-1.8726403760549483E-5
2,10;614,-1.8718135267235333E-5
2,483;635,1.8702403873604195E-5
2,17;201,-1.8701510133379203E-5
2,573;657,-1.8699231366924414E-5
2,276;823,1.8690958923578433E-5
2,124;469,-1.868637170085294E-5
2,83;395,-1.868563189770603E-5
2,134;378,1.8677159093431203E-5
2,473;935,1.867627009404039E-5
2,519;843,-1.864700061853415E-5
2,20;823,-1.864118684263042E-5
2,273;973,1.8629569577898295E-5
2,101;182,-1.86158514885683E-5
2,55;950,1.8614961666927553E-5
2,571;718,1.860418092355118E-5
2,154;393,1.8603304150091747E-5
2,50;682,1.859217200043036E-5
2,134;284,1.857756978107608E-5
2,199;494,1.8566573940327696E-5
2,367;826,1.8564389411626704E-5
2,603;746,-1.8550595759099246E-5
2,249;327,-1.8550127064742026E-5
2,532;733,1.853689382448103E-5
2,281;964,-1.8535042865945732E-5
2,118;390,-1.8530852465413187E-5
2,291;782,1.8524287721607733E-5
2,202;237,-1.8520238408369888E-5
2,129;300,-1.8516556299798677E-5
2,122;721,-1.8512051925011655E-5
2,630;929,1.8504032056041565E-5
2,556;791,-1.849655966737164E-5
2,659;755,-1.8495512653386073E-5
2,138;781,1.848323791746877E-5
2,57;355,-1.8481227266229952E-5
2,257;485,1.847457267232021E-5
2,142;447,-1.8469041750893282E-5
2,794;887,1.8460671853690743E-5
2,491;978,-1.844165267066419E-5
2,377;422,1.843680633118432E-5
2,724;898,1.842780794251564E-5
2,278;958,-1.842732652413234E-5
2,202;341,-1.842499937641358E-5
2,255;438,-1.8402776271258934E-5
2,279;986,-1.8400332049496307E-5
2,188;469,1.8380224029434828E-5
2,116;851,-1.8367934123362038E-5
2,234;251,-1.8356986526402315E-5
2,89;572,1.835112933130296E-5
2,97;725,-1.835089145466075E-5
2,639;913,1.8346486477152717E-5
2,569;741,1.8341639761247755E-5
2,409;706,-1.834151540699527E-5
2,15;507,1.8339995069544668E-5
2,475;763,1.8329644060974587E-5
2,127;435,-1.831252910813843E-5
2,477;747,1.83080022268667E-5
2,775;972,-1.8287892853233994E-5
2,99;998,1.8279334241722345E-5
2,100;664,1.8276529913776192E-5
2,406;961,-1.827555351618821E-5
2,550;639,1.8270884029528813E-5
2,667;834,-1.8257241178060018E-5
2,563;738,1.8249535153208678E-5
2,26;766,-1.8245987395812437E-5
2,237;325,-1.8242091647946352E-5
2,28;572,1.824065491944563E-5
2,489;509,1.8228566828920422E-5
2,344;537,-1.8213713419378704E-5
2,41;557,1.820611130450055E-5
2,201;733,1.820574184536764E-5
2,659;896,-1.81780334534999E-5
2,527;566,1.8177366030159797E-5
2,783;970,1.8175330187795408E-5
2,533;701,1.8171386259824814E-5
2,287;500,-1.8168152178029526E-5
2,300;404,-1.8166089031530356E-5
2,199;674,-1.8163056342473478E-5
2,165;573,-1.816296411708105E-5
2,14;35,1.8161842176605978E-5
2,589;677,1.8146046530210473E-5
2,196;513,-1.8139654433842154E-5
2,195;773,1.812597604471425E-5
2,25;179,1.8121436304698464E-5
2,637;821,-1.811290924239182E-5
2,99;199,1.808717644419427E-5
2,402;527,-1.808573684514149E-5
2,148;604,-1.8079488714031396E-5
2,467;520,1.8076098337174183E-5
2,319;962,-1.80747954971645E-5
2,530;987,1.8056070658478974E-5
2,550;589,1.8044370183824223E-5
2,93;773,1.8040894286845626E-5
2,80;844,1.8040529311312896E-5
2,101;292,-1.803408195675772E-5
2,23;696,-1.8030473200328997E-5
2,396;682,-1.802878424056345E-5
2,682;969,1.8028411113263604E-5
2,542;783,1.802215813393364E-5
2,357;879,-1.8020112266358977E-5
2,393;669,1.7993957626711444E-5
2,41;94,1.79937090758253E-5
2,31;856,1.799203888271434E-5
2,837;929,1.7989341932428494E-5
2,237;964,1.7982125805805452E-5
2,560;579,-1.7976932236533844E-5
2,408;981,1.795863899025324E-5
2,754;898,1.7950059583051996E-5
2,53;446,-1.7946771395965683E-5
2,812;990,-1.7940093191017973E-5
2,622;974,-1.7923525006860696E-5
2,190;862,1.7912427411910098E-5
2,241;757,1.7906988351382626E-5
2,135;569,1.7868059115738528E-5
2,241;574,1.7860038175715917E-5
2,528;763,1.7857717323461503E-5
2,86;439,1.785395160327353E-5
2,710;778,1.785385181778431E-5
2,312;790,-1.784642626952104E-5
2,104;830,-1.7846189169727536E-5
2,612;831,1.784366030232575E-5
2,328;717,-1.7838657816126566E-5
2,701;837,-1.783294413203717E-5
2,732;748,1.7832166251183957E-5
2,128;514,1.780955078577708E-5
2,450;886,1.7807483354328287E-5
2,49;279,1.7785801456002553E-5
2,196;793,-1.775640484606454E-5
2,220;332,-1.7747199822900717E-5
2,244;370,1.773649336460458E-5
2,576;987,-1.7729307712135377E-5
2,170;762,1.7727942462483484E-5
2,396;930,-1.772057526623079E-5
2,333;647,-1.7717745438477533E-5
2,137;900,-1.7700293872507668E-5
2,298;331,1.7696942396556643E-5
2,282;919,-1.7696877722155697E-5
2,59;327,1.768641763652625E-5
2,239;456,1.768239649651128E-5
2,211;652,-1.766989614002465E-5
2,696;788,-1.7666572385506868E-5
2,86;120,-1.7664836854634332E-5
2,106;747,1.766291190963213E-5
2,425;566,1.7660503567711286E-5
2,71;424,-1.7660483345613097E-5
2,89;296,1.765290300041553E-5
2,599;973,1.7641781793409442E-5
2,6;329,-1.7626334607428425E-5
2,381;775,-1.7615294252163037E-5
2,546;603,-1.7607150788822393E-5
2,307;728,-1.7592250121743687E-5
2,79;660,1.757947434013617E-5
2,525;611,-1.7571429072128957E-5
2,474;507,1.7570935687253965E-5
2,218;717,1.7565442103269103E-5
2,61;721,1.7559567244849903E-5
2,567;750,-1.7555880594843837E-5
2,96;552,1.7549431164339506E-5
2,88;664,-1.7549011950684492E-5
2,125;317,1.7548766885989328E-5
2,328;872,-1.7543208139107293E-5
2,824;931,-1.7536213246868415E-5
2,26;992,1.752949870379314E-5
2,533;935,1.7521116421854813E-5
2,193;579,-1.7520669019287365E-5
2,11;446,1.751200004777099E-5
2,592;657,1.750396053209302E-5
2,317;775,-1.748146011519525E-5
2,621;772,-1.7481002381553648E-5
2,412;896,1.74785797393256E-5
2,785;962,-1.7475006564672686E-5
2,375;773,1.7470653860513876E-5
2,224;517,1.7469820017601434E-5
2,76;493,-1.746658676658849E-5
2,65;589,-1.746582349213187E-5
2,103;126,-1.7454146940435394E-5
2,822;865,-1.74533113578825E-5
2,790;881,1.7440932322267066E-5
2,2;270,1.743402412779156E-5
2,236;807,1.7427182897799283E-5
2,341;410,1.7423522356335082E-5
2,169;216,1.7419903667199742E-5
2,412;484,-1.7411535129149312E-5
2,700;912,-1.739966495249417E-5
2,64;89,-1.7395158050683925E-5
2,168;518,-1.7394093937322832E-5
2,491;984,-1.73862027291784E-5
2,6;384,1.7377097169730737E-5
2,19;403,-1.7366638090601705E-5
2,629;747,1.7366291350041917E-5
2,346;856,1.735817344719235E-5
2,226;349,1.735598003050763E-5
2,451;730,1.7354544349242934E-5
2,509;530,-1.7337232981321444E-5
2,158;923,1.733135719832583E-5
2,265;388,1.732951566464305E-5
2,874;960,1.7325604503129866E-5
2,65;843,-1.7294161729506832E-5
2,45;769,1.72861065256307E-5
2,48;76,1.728424180285534E-5
2,65;288,1.7283801184354883E-5
2,595;923,-1.7280466177416853E-5
2,153;489,-1.727605579048627E-5
2,453;626,1.7274542959225016E-5
2,467;700,1.727057098263368E-5
2,532;709,-1.7269643005270868E-5
2,6;756,-1.7269226686454076E-5
2,377;618,-1.725652732476231E-5
2,139;828,1.7247254650149315E-5
2,503;875,-1.724689597889337E-5
2,522;523,-1.7242909691465455E-5
2,152;561,-1.723624655707532E-5
2,792;925,1.7235239507269134E-5
2,291;826,1.7228224482825003E-5
2,335;756,-1.721528769140515E-5
2,254;368,1.721385954436032E-5
2,261;736,1.721128676506534E-5
2,211;673,1.7205438263020353E-5
2,318;551,-1.720518221217108E-5
2,336;955,-1.7203318263033164E-5
2,673;961,1.7203258848279485E-5
2,611;887,-1.7187424982072743E-5
2,533;761,-1.7181367104314548E-5
2,594;903,1.7171551102016485E-5
2,183;199,1.7168646992735197E-5
2,235;489,-1.7157435225076778E-5
2,202;916,-1.715179674573686E-5
2,12;199,1.7150913981862165E-5
2,567;763,1.7146661166717266E-5
2,42;579,1.7145053502188285E-5
2,8;203,-1.7137506352636848E-5
2,422;640,1.7107756899629497E-5
2,130;702,1.7085686473847927E-5
2,677;756,1.708517592067707E-5
2,198;910,1.708053615847985E-5
2,829;903,1.7077533370182293E-5
2,44;84,1.7073324742555323E-5
2,78;891,1.707297345362914E-5
2,167;494,-1.7072337109201826E-5
2,214;737,1.7071537158719977E-5
2,329;496,1.7052979541487685E-5
2,231;440,-1.7048067016876356E-5
2,481;876,1.704512765885746E-5
2,533;743,-1.7025505850061658E-5
2,341;396,1.7007800057524125E-5
2,476;667,-1.699661664354695E-5
2,477;699,-1.69955043429816E-5
2,95;360,-1.6988258210218212E-5
2,878;934,1.6984516515993258E-5
2,370;495,1.6979543590518896E-5
2,461;865,-1.697141255142689E-5
2,622;867,1.6965083586860335E-5
2,92;996,-1.6962179850716366E-5
2,123;887,-1.6957589764784315E-5
2,522;673,1.6947737484617393E-5
2,1;912,-1.6943899464484577E-5
2,659;816,1.693726604489642E-5
2,160;845,1.6928952724945168E-5
2,293;543,-1.6926764671441245E-5
2,275;721,1.6922121105897857E-5
2,301;652,1.691526586365362E-5
2,536;613,1.6905938150988855E-5
2,659;984,-1.6903813789640036E-5
2,187;757,1.6895935515621506E-5
2,109;362,-1.689319491661175E-5
2,42;196,-1.689091194902824E-5
2,767;890,-1.688508971861448E-5
2,65;544,-1.6878031974346687E-5
2,547;631,-1.6874863598368294E-5
2,236;678,1.687168283180588E-5
2,42;253,-1.6866152526377288E-5
2,201;885,-1.6862950511595663E-5
2,680;814,-1.6856584839156774E-5
2,374;955,-1.6856232852213605E-5
2,877;883,1.684828910902734E-5
2,156;571,-1.6845267830109215E-5
2,282;678,1.6841462663716055E-5
2,113;419,-1.683821646783071E-5
2,411;561,1.6811664989596993E-5
2,633;889,-1.6793650293241873E-5
2,766;989,1.6793118807572673E-5
2,60;342,-1.6789364457539175E-5
2,279;871,-1.678850496010173E-5
2,393;747,-1.6788355906573506E-5
2,550;612,1.67731634079316E-5
2,498;808,1.677032195040465E-5
2,780;910,1.6762616780860468E-5
2,102;714,1.675396873446233E-5
2,307;818,-1.6752646031637438E-5
2,216;273,-1.6742151590876136E-5
2,529;667,-1.67304480033587E-5
2,910;987,-1.6724096478668615E-5
2,324;727,-1.6722844794874866E-5
2,414;999,1.6717610386032292E-5
2,517;648,1.671242417477678E-5
2,451;924,1.6696853755939644E-5
2,320;955,-1.6693841224403102E-5
2,531;668,-1.669289754592295E-5
2,710;897,1.6683387897446578E-5
2,158;866,-1.667946333219064E-5
2,55;887,-1.6674924365243335E-5
2,189;525,1.667303699400754E-5
2,92;847,-1.6669195007647717E-5
2,86;714,-1.666325247762274E-5
2,499;770,-1.6662425600926833E-5
2,293;805,-1.665198188287053E-5
2,581;639,1.663686984635084E-5
2,30;447,1.662550942982688E-5
2,6;684,1.6618840968247354E-5
2,848;891,1.6616856721292824E-5
2,626;901,1.6609142138360712E-5
2,402;780,-1.660766189570076E-5
2,220;368,1.6600480524399233E-5
2,763;780,-1.659933738858381E-5
2,223;847,-1.6598927739808583E-5
2,412;495,1.6585507380549757E-5
2,514;525,1.6581109355022924E-5
2,510;566,1.6566442390108823E-5
2,209;503,1.6565510794571436E-5
2,168;616,1.656349039977606E-5
2,24;154,1.6561670625110527E-5
2,861;914,1.6558162395467106E-5
2,303;575,-1.65548006235608E-5
2,193;414,1.6552564255751352E-5
2,533;558,1.6536793652167558E-5
2,238;611,1.652239498483308E-5
2,76;983,1.6518418950133262E-5
2,58;738,1.6514350974293995E-5
2,730;890,-1.6509608258926358E-5
2,476;852,-1.650774699375092E-5
2,7;309,1.6498055411021983E-5
2,285;685,1.6492076680701218E-5
2,961;972,1.648955149632511E-5
2,408;795,-1.6487343156693833E-5
2,698;873,1.6472929702955505E-5
2,577;900,-1.647058259257953E-5
2,9;183,1.6469267866612556E-5
2,83;633,1.6459166019945065E-5
2,355;822,1.645880355406497E-5
2,686;994,-1.6458401112894466E-5
2,598;948,-1.6448889608115352E-5
2,194;418,1.6442396319988874E-5
2,715;800,1.642765267831603E-5
2,194;436,1.641708604924721E-5
2,120;535,-1.6415501021886005E-5
2,94;576,1.640802041720307E-5
2,278;738,1.6405611031092395E-5
2,90;285,-1.639716501001562E-5
2,568;753,1.6393846752254153E-5
2,184;511,-1.6378694829302216E-5
2,562;866,-1.637378736407965E-5
2,625;902,-1.6370899257171417E-5
2,310;817,1.6363253737197817E-5
2,50;182,1.6356415302743683E-5
2,83;166,1.6356216374758094E-5
2,602;789,-1.635363940562526E-5
2,109;448,1.6348943663218042E-5
2,385;599,1.634763002863972E-5
2,101;355,-1.6335084344185524E-5
2,303;381,-1.633364226234826E-5
2,364;640,1.6328861502686338E-5
2,132;686,-1.6323233186467473E-5
2,145;416,1.6322975191503132E-5
2,47;623,1.6322613315304797E-5
2,530;555,1.6314333233595008E-5
2,422;685,1.6302491439368865E-5
2,497;862,1.6301436113813274E-5
2,199;263,-1.6286186725134747E-5
2,31;71,-1.627433230721876E-5
2,745;920,-1.6265916301591888E-5
2,851;888,-1.6259580116148324E-5
2,611;781,-1.625752985533911E-5
2,397;657,-1.62437392091981E-5
2,226;700,-1.62400989773154E-5
2,0;233,-1.623393199141228E-5
2,268;646,-1.6221453291337753E-5
2,571;797,-1.6206553619147918E-5
2,267;677,-1.6201184808924216E-5
2,40;616,-1.619372356880808E-5
2,735;896,1.6193412849278482E-5
2,811;940,1.61643343321044E-5
2,362;725,1.6141705045087007E-5
2,330;929,-1.613574938167905E-5
2,150;539,-1.6134031897267252E-5
2,0;960,-1.613325195985277E-5
2,644;968,1.61315310336438E-5
2,343;451,1.612845035999216E-5
2,184;675,-1.6123342102733557E-5
2,373;745,-1.611631469462988E-5
2,416;458,1.610248602832702E-5
2,258;980,1.6101216148828996E-5
2,822;911,1.6100404127322096E-5
2,335;511,1.6094962856499574E-5
2,107;877,-1.6092546836148728E-5
2,141;173,-1.6082225842624803E-5
2,547;689,1.6078004755727897E-5
2,584;668,-1.607139515056606E-5
2,237;277,-1.6065455176206916E-5
2,698;923,1.60536774730972E-5
2,491;910,-1.604776045921805E-5
2,285;292,-1.6030173541214043E-5
2,532;950,1.6024736040013966E-5
2,551;922,1.6021124978402598E-5
2,343;468,-1.602072386085858E-5
2,745;835,-1.601590201771726E-5
2,168;464,1.601322318123743E-5
2,556;679,-1.6012734516985512E-5
2,779;978,-1.6011474767742637E-5
2,864;950,1.600898790475411E-5
2,160;380,-1.6005486498987878E-5
2,338;708,-1.5989372421532512E-5
2,343;727,1.598013901074958E-5
2,743;771,-1.5977003608302536E-5
2,143;863,1.5973334186559154E-5
2,15;809,-1.59726772259925E-5
2,216;269,1.5963277892871095E-5
2,151;900,1.5962788148342004E-5
2,35;451,1.5962787265104792E-5
2,730;901,-1.5962758149769788E-5
2,109;575,1.5959260777114557E-5
2,129;483,-1.595714673761225E-5
2,24;737,-1.5951881318341745E-5
2,77;351,1.595091792111708E-5
2,181;394,1.5947352852956382E-5
2,277;284,1.593625771306552E-5
2,440;910,-1.5930820964742685E-5
2,689;713,-1.5929215840828154E-5
2,438;582,-1.5925285749763574E-5
2,297;773,1.5923103562987704E-5
2,416;634,1.5909762314793E-5
2,825;955,1.5908218314161292E-5
2,209;669,-1.589603845224732E-5
2,300;569,1.5893536031576885E-5
2,342;684,-1.5886698740969195E-5
2,313;857,1.587485212362709E-5
2,249;572,-1.5869498240057122E-5
2,446;735,-1.5867855675828383E-5
2,278;816,1.5862889621651283E-5
2,104;256,1.5862151144047614E-5
2,245;830,1.5857920208309336E-5
2,250;549,1.5846829470272846E-5
2,427;859,1.5845686664610407E-5
2,224;777,-1.5808979745377193E-5
2,507;945,1.5800294056361588E-5
2,617;969,1.5799482630934694E-5
2,11;248,1.5799159809394934E-5
2,353;770,-1.5796123144118975E-5
2,172;936,1.579422499655439E-5
2,34;789,-1.5775665214454386E-5
2,295;565,1.5774084573225073E-5
2,30;925,1.5770510907193654E-5
2,225;980,-1.5756155090437766E-5
2,759;914,1.5751966507738397E-5
2,583;752,1.5749022805186573E-5
2,61;548,1.5747142766103135E-5
2,7;514,1.573928525108751E-5
2,372;996,1.573622753720036E-5
2,39;603,-1.5726597921778846E-5
2,352;447,-1.5713997278292625E-5
2,304;850,1.5708155054057087E-5
2,818;933,-1.568030894411919E-5
2,659;728,1.5667976138992985E-5
2,299;837,-1.565314296210039E-5
2,369;775,-1.5650848012835694E-5
2,15;970,1.5649819964838173E-5
2,620;884,-1.5641823848320037E-5
2,271;889,1.5616391586102822E-5
2,382;893,1.561241719740906E-5
2,49;636,-1.561235494231672E-5
2,343;931,-1.5601626849236254E-5
2,219;847,1.5593661296082335E-5
2,83;942,-1.5587803818942423E-5
2,637;755,-1.558619040508731E-5
2,19;996,1.5584613020294285E-5
2,216;979,-1.5576147072811504E-5
2,72;565,1.557360432263831E-5
2,135;832,1.5568192589587796E-5
2,497;508,1.5567720823448512E-5
2,645;824,-1.5563815019779493E-5
2,353;969,1.5562712083803782E-5
2,242;316,-1.5557849162966536E-5
2,835;992,1.5539428997888864E-5
2,75;569,1.5539418826912427E-5
2,166;438,1.553317720860693E-5
2,51;706,-1.5533083934084592E-5
2,220;522,-1.5532116884697135E-5
2,404;553,1.5526825728427254E-5
2,373;619,1.552675725586731E-5
2,277;964,1.5525417003865823E-5
2,9;152,1.5512174607686606E-5
2,158;781,1.5506316908914696E-5
2,160;983,-1.548503282764924E-5
2,222;723,-1.5484209255625766E-5
2,425;809,-1.547428550812397E-5
2,439;623,-1.5467274809241385E-5
2,106;168,1.5466381237340315E-5
2,65;466,1.546066247055164E-5
2,713;753,1.5455123864855395E-5
2,690;994,1.5453453482752373E-5
2,879;969,1.5453194160335216E-5
2,124;661,1.5444371546511764E-5
2,170;936,-1.5440023328289673E-5
2,446;732,1.5434404742778746E-5
2,576;759,1.543033980626951E-5
2,448;754,1.542623102720092E-5
2,784;823,1.542597830538927E-5
2,392;558,-1.541672947716165E-5
2,19;128,-1.540787882054709E-5
2,217;237,1.5405910328651963E-5
2,255;764,-1.5404180686707492E-5
2,605;665,1.5386568324633094E-5
2,799;826,1.538000753131055E-5
2,363;673,1.5377056756339217E-5
2,17;647,1.5377015063461426E-5
2,563;773,1.535508917281933E-5
2,346;629,-1.533337587916305E-5
2,30;394,-1.5330610360783055E-5
2,105;790,-1.5329205369775312E-5
2,246;673,-1.531660742092796E-5
2,1;370,-1.53114697269579E-5
2,281;864,-1.529972028428997E-5
2,249;755,-1.5279679665179674E-5
2,438;923,-1.5278096135763675E-5
2,266;356,-1.5270863742997215E-5
2,464;647,1.526832242617823E-5
2,458;640,-1.5249125561579193E-5
2,706;889,1.5239655147144843E-5
2,476;497,-1.5237921756063543E-5
2,303;557,1.5223728535969365E-5
2,181;342,1.5217013864045823E-5
2,228;813,1.5213009201481214E-5
2,362;393,1.519786221845963E-5
2,716;803,1.5196232773051155E-5
2,348;483,1.5189607847161078E-5
2,391;432,1.5184102576961692E-5
2,551;553,1.5182642477818171E-5
2,113;900,1.5166524275842891E-5
2,571;920,1.5161603717743194E-5
2,370;945,1.5156795054919192E-5
2,659;976,1.5151769258742177E-5
2,27;556,1.514324638999067E-5
2,198;423,-1.5140544051382915E-5
2,93;674,-1.51182177379547E-5
2,429;756,1.5112099166944657E-5
2,181;323,1.5107022816007287E-5
2,20;280,-1.5091388402198643E-5
2,675;725,1.5084731803642254E-5
2,219;512,-1.5083754771360706E-5
2,93;888,1.5076308695283244E-5
2,270;701,-1.5069621938660456E-5
2,262;885,1.5068431338057562E-5
2,688;718,1.505960100332409E-5
2,307;567,1.50578877626807E-5
2,353;778,1.5050538142388302E-5
2,663;816,1.5035915720313583E-5
2,128;834,1.5034551399203788E-5
2,292;685,1.5030326368391905E-5
2,126;184,-1.5029202678104661E-5
2,648;896,-1.5006576035479509E-5
2,505;795,1.5002368673579722E-5
2,746;835,1.4997512516055204E-5
2,472;931,1.4989964690022909E-5
2,655;779,1.498512700553584E-5
2,620;684,-1.4984727181755489E-5
2,674;854,-1.4957704322336621E-5
2,361;980,1.4952614167685188E-5
2,261;813,1.4941634966341315E-5
2,279;343,-1.4939165930882626E-5
2,328;618,-1.4931263149865263E-5
2,445;794,1.4910805405419235E-5
2,213;404,1.4907602927810019E-5
2,68;213,1.4903827201835502E-5
2,537;992,1.488795107123856E-5
2,267;277,-1.4875360314731685E-5
2,398;543,1.4873832235549213E-5
2,487;761,-1.4867569442802961E-5
2,423;547,-1.4865062537397028E-5
2,168;453,1.486201524177128E-5
2,425;949,-1.4857275354515827E-5
2,350;998,-1.4852943423434268E-5
2,137;804,1.4848177509667437E-5
2,92;302,1.4846559576426374E-5
2,169;960,-1.4842855057280977E-5
2,48;510,-1.4842651634307967E-5
2,474;610,-1.4841039688999018E-5
2,194;254,1.482692185557281E-5
2,122;619,1.4825507392016573E-5
2,334;527,-1.482155219678812E-5
2,633;815,1.4817812010967254E-5
2,951;988,1.4817241147971384E-5
2,492;939,-1.4815443724303944E-5
2,280;652,1.4811787803831987E-5
2,7;748,-1.4807216329185663E-5
2,384;386,-1.4798279753583398E-5
2,199;504,1.4790983886961741E-5
2,438;720,1.4776058270177338E-5
2,657;786,1.4773200247577306E-5
2,195;408,-1.4756632716747097E-5
2,571;922,1.4741596323225154E-5
2,123;830,-1.4739808911682362E-5
2,150;486,-1.4739103030583067E-5
2,227;715,-1.4732592195436656E-5
2,201;485,1.4729211723317163E-5
2,499;937,1.4725810474153024E-5
2,292;766,1.4721847327317128E-5
2,331;783,1.4719664334405777E-5
2,8;781,1.470421358338172E-5
2,299;700,1.4701520001578779E-5
2,475;961,1.4691747741368695E-5
2,148;789,1.46914633657224E-5
2,395;919,1.4682132532264823E-5
2,310;535,1.4667863193003734E-5
2,227;606,1.4662677250109356E-5
2,122;792,1.4660107632121472E-5
2,296;606,-1.4658575538064905E-5
2,329;745,1.4657090876644089E-5
2,792;952,-1.4650530101396297E-5
2,266;314,1.4650461040768434E-5
2,269;928,1.4647523811471178E-5
2,96;462,1.4630202741408304E-5
2,767;999,1.4623921578975276E-5
2,458;483,1.4621820220804858E-5
2,639;836,1.4619475799378788E-5
2,30;598,1.4599757635657386E-5
2,663;865,1.4599662383376791E-5
2,40;340,-1.4589946332600072E-5
2,572;698,1.458671208717513E-5
2,692;822,-1.4578236204661004E-5
2,894;999,1.4577395755783506E-5
2,239;709,-1.4576952715997321E-5
2,668;827,1.4575433679283823E-5
2,167;228,1.4568112308257089E-5
2,228;777,-1.4566167111825668E-5
2,381;575,1.456321627144308E-5
2,108;140,-1.455244607272109E-5
2,99;909,-1.4548614552028431E-5
2,126;727,-1.4548230352311002E-5
2,395;891,1.4547320367311869E-5
2,111;793,1.4545593837137842E-5
2,579;787,1.4532093556568468E-5
2,103;900,-1.4531745123421736E-5
2,47;118,-1.4514099006126352E-5
2,164;450,1.4512036055415665E-5
2,437;736,-1.4506827785239228E-5
2,227;258,1.4504054629502752E-5
2,186;292,-1.4494438718943302E-5
2,161;319,-1.4486383296863192E-5
2,49;909,1.4484671358893524E-5
2,164;852,-1.447861376916898E-5
2,745;748,1.4462249796272725E-5
2,122;691,-1.4457956546386333E-5
2,111;145,-1.4451791682465826E-5
2,706;885,-1.4438722604411322E-5
2,324;380,-1.4434128490639923E-5
2,318;933,1.4431285338612252E-5
2,160;376,1.4424754051257732E-5
2,51;300,1.4423536665607623E-5
2,127;760,-1.4419482127727763E-5
2,2;267,1.4418469395851637E-5
2,144;352,-1.4416620102812112E-5
2,295;423,-1.4403700392668959E-5
2,53;231,-1.4397884462685445E-5
2,499;538,-1.4397597671288231E-5
2,790;813,-1.4397585755703824E-5
2,105;171,1.4386118710816292E-5
2,779;805,1.4384741895504386E-5
2,541;856,-1.4381127952800114E-5
2,86;791,-1.4375763303478125E-5
2,75;199,-1.4375177056686538E-5
2,209;949,1.4371249748210885E-5
2,454;503,-1.436969677288252E-5
2,768;777,1.4359980281355795E-5
2,533;740,1.4338296364684107E-5
2,92;892,-1.4334686515458544E-5
2,573;924,1.4327855289081732E-5
2,762;834,1.4322965038689877E-5
2,50;437,1.4313712412008843E-5
2,46;331,-1.4291386030084383E-5
2,598;714,1.428931032665606E-5
2,480;900,1.4277873562881031E-5
2,80;788,-1.4276568368890793E-5
2,561;816,1.4257328228045821E-5
2,356;372,-1.4230614426530612E-5
2,54;983,-1.4228008468774239E-5
2,177;778,1.4227344077691936E-5
2,431;762,-1.4225464621641676E-5
2,80;414,-1.4221840393165202E-5
2,920;951,1.4219576637354425E-5
2,558;706,-1.4212479382730174E-5
2,363;597,1.4208517344743956E-5
2,470;694,1.4199038421501067E-5
2,58;798,1.4198243301463381E-5
2,127;964,-1.4185471746746546E-5
2,39;77,1.418439883709361E-5
2,114;572,1.4181581753211312E-5
2,711;944,1.4176210562984918E-5
2,462;850,1.4159197049048292E-5
2,292;602,1.4149943027478373E-5
2,92;253,1.4140997551624416E-5
2,358;639,1.4139695742230268E-5
2,66;552,1.4137857583722074E-5
2,275;431,-1.4132323526379152E-5
2,336;804,-1.4131352410940074E-5
2,65;193,1.4109340849978897E-5
2,412;783,1.410784041742565E-5
2,571;767,1.4106058997282262E-5
2,610;822,1.4076765604581043E-5
2,243;363,-1.4070228518569441E-5
2,362;792,-1.405610799755086E-5
2,561;785,-1.4053122359309268E-5
2,60;809,-1.403976063334008E-5
2,792;874,1.4039123645750162E-5
2,19;897,-1.4023901394774788E-5
2,437;952,-1.401247828216555E-5
2,232;647,-1.401210102451657E-5
2,431;695,1.4011764492637046E-5
2,200;992,1.4009608167635405E-5
2,194;240,1.4003439280106042E-5
2,274;369,1.4001779772847587E-5
2,448;637,1.3993087370610529E-5
2,364;441,-1.3990876228393318E-5
2,884;982,-1.3988985246036652E-5
2,24;417,-1.3985713009505115E-5
2,47;725,-1.3975339062098899E-5
2,139;317,-1.3968864608298725E-5
2,214;629,-1.396096021570737E-5
2,519;882,1.3956856469091762E-5
2,677;745,1.394796021914145E-5
2,220;410,1.3932747271988476E-5
2,319;761,1.3912904553465507E-5
2,720;839,-1.390005128967509E-5
2,131;223,-1.3896024365104485E-5
2,94;211,1.3895197432943436E-5
2,380;502,-1.3889177447937038E-5
2,94;373,-1.387762609466725E-5
2,75;502,-1.3876903712364396E-5
2,610;872,1.3865199923466173E-5
2,7;614,1.3834030289073038E-5
2,268;956,-1.3830060424571454E-5
2,256;395,1.38253678918068E-5
2,383;852,-1.3822629611821318E-5
2,219;649,1.3820654842909962E-5
2,376;451,1.3807776404850173E-5
2,514;723,1.3803517945142345E-5
2,193;263,1.3801622846253296E-5
2,122;665,-1.3799963344728154E-5
2,15;721,-1.3791038339360636E-5
2,99;528,-1.3774993669898771E-5
2,304;314,1.3764893343387555E-5
2,398;978,-1.3757037257183011E-5
2,80;379,-1.3750208637481554E-5
2,675;816,1.3741803238386751E-5
2,482;777,1.3740021920384426E-5
2,449;469,-1.3723549667922805E-5
2,499;698,-1.3709235428233436E-5
2,67;168,-1.3695457428470656E-5
2,401;875,1.3685364326527987E-5
2,422;809,-1.3673879322203063E-5
2,448;781,1.3669916771994542E-5
2,813;910,1.3668873536275771E-5
2,407;444,1.3657723234223478E-5
2,342;355,1.3656780769619236E-5
2,236;397,1.364900987434995E-5
2,494;751,1.3646927010024464E-5
2,96;616,-1.3642304869519049E-5
2,158;354,1.3637467516822952E-5
2,191;923,-1.3637012394316952E-5
2,258;688,-1.3616902756435391E-5
2,665;776,-1.361329449281785E-5
2,15;445,1.3610624024050268E-5
2,110;822,-1.3604195362457733E-5
2,26;660,-1.3601614224774454E-5
2,214;454,-1.3599420925639872E-5
2,148;993,-1.3590681017197174E-5
2,177;377,1.357955330554514E-5
2,163;474,-1.3579334686393212E-5
2,35;208,-1.3577756202639167E-5
2,177;187,-1.357264360393564E-5
2,19;291,1.3571053527759857E-5
2,574;980,1.3553173440362487E-5
2,485;752,-1.3548336333288908E-5
2,399;572,-1.352872297614232E-5
2,127;360,1.3526412953601211E-5
2,329;700,1.3523900458455418E-5
2,526;744,-1.3514778541544606E-5
2,295;979,-1.348814983517185E-5
2,284;634,-1.3479341680052E-5
2,195;466,1.3476025896320025E-5
2,333;851,-1.3474461822965832E-5
2,97;438,1.3474403669340093E-5
2,37;693,-1.3473784609551634E-5
2,156;305,1.3446421370740403E-5
2,317;864,1.3445623313740531E-5
2,112;721,1.3435786605737934E-5
2,41;476,-1.3428627554521213E-5
2,328;690,-1.3426720041476228E-5
2,804;900,1.3419350663153283E-5
2,680;695,-1.3416172316124982E-5
2,153;598,-1.3399587830012754E-5
2,525;833,-1.3396706765585235E-5
2,455;896,1.3383208126324684E-5
2,53;222,-1.337409932254094E-5
2,41;77,1.3372860965419867E-5
2,190;324,-1.3370665792695494E-5
2,199;939,-1.3360292103985955E-5
2,288;945,-1.3357891824911955E-5
2,556;583,-1.3350964081772974E-5
2,286;641,1.33282352883554E-5
2,468;848,1.331609544564752E-5
2,158;435,1.33134589249121E-5
2,880;986,1.3274949143421693E-5
2,77;596,1.3267595190822858E-5
2,64;307,-1.3255739792596707E-5
2,699;814,-1.3241342289973631E-5
2,92;471,-1.323972954680442E-5
2,19;211,-1.3237039102651707E-5
2,134;897,-1.3234986998616903E-5
2,118;637,1.3230570334333899E-5
2,80;408,1.3226707153074751E-5
2,363;809,-1.3226524551936792E-5
2,168;673,-1.3225462876704491E-5
2,8;450,1.3225226101039289E-5
2,780;887,1.3198131181503072E-5
2,426;799,1.3197256465104995E-5
2,344;450,-1.3196745288051717E-5
2,324;617,1.3191378572426353E-5
2,826;944,1.3172058942841073E-5
2,379;800,-1.317200601347637E-5
2,277;853,1.3167485358300549E-5
2,280;792,1.3165011475916602E-5
2,421;920,-1.316038579784147E-5
2,402;494,1.3157045040498218E-5
2,374;447,-1.3155237951966589E-5
2,179;742,-1.313751578624342E-5
2,711;889,-1.313396491907962E-5
2,199;887,-1.3130933948282575E-5
2,146;471,1.3128536863485075E-5
2,75;439,1.3122204521548462E-5
2,244;641,-1.311291008250548E-5
2,725;959,-1.310906069274695E-5
2,624;800,-1.3098866838971234E-5
2,127;268,-1.3091131006538373E-5
2,465;597,1.3069184577720768E-5
2,9;177,1.3064509009151088E-5
2,484;889,-1.3062902681401764E-5
2,313;647,1.305036801775377E-5
2,620;976,1.3040867385471235E-5
2,28;552,1.3039225125081891E-5
2,84;242,1.303510148654688E-5
2,613;973,1.3032749418970465E-5
2,38;220,1.3023178980663502E-5
2,140;781,-1.3020515353347708E-5
2,244;250,-1.3012520845291077E-5
2,365;670,-1.2992778121867214E-5
2,23;492,-1.297753833782844E-5
2,540;683,-1.2974267885146162E-5
2,99;133,1.296458925558465E-5
2,598;759,-1.296398659964083E-5
2,422;851,1.2961753565984391E-5
2,210;730,-1.2961089105509138E-5
2,250;964,-1.2947930942751422E-5
2,397;557,-1.2940567344136123E-5
2,55;59,-1.2928834602822493E-5
2,950;978,1.2927022729263899E-5
2,116;333,1.2922241838595393E-5
2,301;540,-1.2906605710795937E-5
2,283;889,-1.2897245587594208E-5
2,173;896,1.289654971434472E-5
2,75;953,-1.2893175357224022E-5
2,331;427,1.2893076696015131E-5
2,236;660,-1.2890222334156223E-5
2,17;538,-1.2885835775012123E-5
2,162;478,-1.284963373520227E-5
2,302;908,1.2839011248160691E-5
2,369;787,1.2816585114578475E-5
2,200;278,1.2812490370180299E-5
2,272;533,-1.2810800251242375E-5
2,28;981,1.2807385467053067E-5
2,254;793,1.2806103447444488E-5
2,438;798,-1.2801604270981305E-5
2,178;244,-1.2793846196112825E-5
2,523;777,1.2789457339921853E-5
2,323;772,-1.2774797792362964E-5
2,245;307,-1.2771002288997507E-5
2,243;807,-1.2757512140469503E-5
2,238;525,-1.275121355945973E-5
2,653;913,-1.2746053177556518E-5
2,212;373,-1.2727449956533826E-5
2,27;337,-1.2719816176159228E-5
2,133;637,1.271130549066647E-5
2,381;667,-1.2709349703632092E-5
2,184;681,-1.2704962456059355E-5
2,546;833,-1.2690262116085236E-5
2,96;217,1.2687546213182952E-5
2,338;956,-1.2686546625089934E-5
2,480;872,1.2675045842504104E-5
2,561;674,1.2674398071041802E-5
2,87;578,-1.2672028685724958E-5
2,417;887,-1.2671707649219697E-5
2,354;731,1.2668087531530841E-5
2,334;634,-1.266499026299945E-5
2,355;733,-1.2661144284915119E-5
2,81;277,1.2660883037173069E-5
2,672;763,-1.2659295738812939E-5
2,110;630,-1.265774905906802E-5
2,44;51,-1.2639838151668752E-5
2,414;525,1.2615997315146708E-5
2,9;440,-1.261410756976527E-5
2,382;523,1.2593875994596046E-5
2,910;938,1.25891201962543E-5
2,77;111,1.2583088438547296E-5
2,639;969,1.2577697005614966E-5
2,186;240,-1.2577335494745996E-5
2,73;999,-1.2572365691167675E-5
2,778;800,1.2565953519667259E-5
2,35;142,1.2547830774090816E-5
2,677;690,-1.2543039886268706E-5
2,749;983,1.2538840641665134E-5
2,68;198,-1.2525381982619453E-5
2,267;325,1.2518637700352511E-5
2,166;965,-1.2518317178115531E-5
2,626;978,1.251797529123274E-5
2,269;708,1.2503551753121941E-5
2,961;962,-1.2502041246315914E-5
2,684;832,-1.2497809012059303E-5
2,881;971,1.2482782310950964E-5
2,6;202,1.2481217049829171E-5
2,133;517,-1.2480128722209896E-5
2,260;631,-1.2471348324916834E-5
2,237;703,-1.2470575954806516E-5
2,460;541,-1.2470093501330489E-5
2,125;833,-1.2467466568387508E-5
2,50;206,1.2465815366454643E-5
2,178;826,1.2462203730675774E-5
2,599;666,-1.245125397672521E-5
2,587;987,1.2433216543150382E-5
2,104;530,-1.2432243790077944E-5
2,814;873,-1.2428653456853983E-5
2,643;851,1.2415301167917801E-5
2,301;324,-1.2388507677768255E-5
2,248;429,-1.2385333876897782E-5
2,444;723,1.2381987737372625E-5
2,177;422,-1.237980880437754E-5
2,741;744,-1.2378291577877146E-5
2,228;241,-1.2374369297780675E-5
2,19;514,-1.2372987594823908E-5
2,776;787,1.2368201620148498E-5
2,36;756,1.236098476463278E-5
2,465;901,1.2344518273788436E-5
2,373;764,-1.2338965907945817E-5
2,889;989,1.233479511961428E-5
2,326;332,1.2323584735211669E-5
2,36;624,-1.230947581756408E-5
2,632;753,-1.230796355662801E-5
2,220;486,1.2304832051387097E-5
2,675;792,-1.229862114806734E-5
2,450;611,1.2294150389245708E-5
2,15;635,1.2280367283938617E-5
2,265;383,-1.2262326473676253E-5
2,312;884,-1.225983769611061E-5
2,433;715,-1.2256953451842925E-5
2,158;567,-1.2233310493278616E-5
2,105;128,-1.2226605853183609E-5
2,83;642,-1.2217803814033979E-5
2,240;590,1.2203337328925111E-5
2,397;401,-1.2200369291917074E-5
2,593;735,-1.2199817462437E-5
2,326;639,1.2190900426796413E-5
2,154;979,-1.2180653402844335E-5
2,214;616,-1.2178593288736432E-5
2,195;394,-1.2173897247576494E-5
2,293;398,-1.2173233917272844E-5
2,382;726,-1.2172873103541412E-5
2,482;720,1.2172604114257167E-5
2,680;920,1.2170183982825589E-5
2,494;759,-1.2153815481854638E-5
2,313;561,-1.2152411433170234E-5
2,283;488,-1.214886487382267E-5
2,653;987,-1.2141648499267979E-5
2,579;722,-1.2135547812332094E-5
2,169;304,-1.2123620138067993E-5
2,84;125,-1.2114074096250296E-5
2,81;150,1.2102478184352668E-5
2,284;756,1.2091150861946231E-5
2,217;640,1.208541868805527E-5
2,517;600,-1.2063822954944626E-5
2,883;917,-1.2062055514233346E-5
2,535;921,-1.2059429686200069E-5
2,813;988,-1.2059426468742317E-5
2,485;547,1.2043621823336564E-5
2,634;734,-1.2042707493304418E-5
2,314;331,-1.2035388827601009E-5
2,491;511,-1.2033155089957324E-5
2,552;707,1.2024795821246957E-5
2,11;133,-1.2024549543371538E-5
2,188;996,1.1999670652783762E-5
2,781;902,1.1991345691749253E-5
2,299;786,-1.1987918762377097E-5
2,163;512,-1.1985996767225948E-5
2,589;912,-1.1981120641780932E-5
2,195;807,-1.1971624687740712E-5
2,451;820,-1.196741336744354E-5
2,790;826,1.1966935599076425E-5
2,766;818,1.1954325237782892E-5
2,18;558,1.1953200332776249E-5
2,370;481,-1.1945963808035355E-5
2,821;884,-1.1922016772913315E-5
2,83;580,-1.1916973379327789E-5
2,229;820,-1.190523578767356E-5
2,560;768,-1.1902970800385173E-5
2,376;638,1.1895963426664893E-5
2,178;563,1.1885692077542954E-5
2,42;582,-1.1881344792038579E-5
2,369;905,-1.1879058604902321E-5
2,303;887,-1.1874864223512493E-5
2,80;877,-1.1873168149163345E-5
2,472;795,1.1872682065444225E-5
2,53;73,-1.1866565030470928E-5
2,231;554,1.1863931102981798E-5
2,153;359,1.1862500030181277E-5
2,415;713,1.1858691005422379E-5
2,381;806,1.185531792765052E-5
2,240;812,1.185409492544394E-5
2,53;288,1.1846798982196135E-5
2,441;462,1.1840663054465857E-5
2,523;843,1.1836310438906706E-5
2,62;543,1.1829416634339494E-5
2,414;896,-1.1828042425286434E-5
2,276;766,-1.1821158438475012E-5
2,78;338,-1.1795980532916758E-5
2,47;69,-1.1794201912191042E-5
2,198;338,-1.1793627901515566E-5
2,55;830,-1.1790057533946002E-5
2,908;984,-1.1787722908394964E-5
2,868;966,1.1787523174963645E-5
2,381;822,1.1779451686794638E-5
2,603;876,1.1769388995304393E-5
2,708;971,-1.1748496211492286E-5
2,125;354,-1.172939552848041E-5
2,566;623,1.1706581439780567E-5
2,307;535,-1.1691520370783776E-5
2,839;990,1.1686040558183044E-5
2,288;847,-1.1670689475415678E-5
2,195;421,-1.1670066134965463E-5
2,814;875,-1.166742600671843E-5
2,748;849,-1.1662645063967192E-5
2,196;749,-1.1658525317185406E-5
2,548;566,-1.165839902004779E-5
2,130;927,1.1639097658789621E-5
2,684;980,-1.1621943107314986E-5
2,639;965,1.1619351187464839E-5
2,526;790,-1.1593182711848109E-5
2,687;690,1.1561077218429306E-5
2,300;556,1.155942445412713E-5
2,78;898,1.1555685121072871E-5
2,444;497,1.1553178818326643E-5
2,437;855,1.1550993225803767E-5
2,95;223,-1.154799271467942E-5
2,731;863,-1.1523666977658179E-5
2,65;405,-1.1520169831716151E-5
2,22;703,1.1511403917362606E-5
2,292;787,-1.1503965294227654E-5
2,643;962,1.1489445279474022E-5
2,640;882,1.147619253461306E-5
2,607;771,1.1471356538909457E-5
2,188;861,1.1469682089556469E-5
2,530;980,1.1468624665189359E-5
2,733;954,1.1466806651941983E-5
2,223;472,1.1466229458131454E-5
2,741;892,-1.1454879769631246E-5
2,116;493,1.1444203354496686E-5
2,763;764,1.1426616453725194E-5
2,585;630,-1.142342971626044E-5
2,312;676,-1.1422947162522953E-5
2,11;119,-1.1413396209459343E-5
2,161;389,1.1407952010717232E-5
2,488;647,-1.1403437958030685E-5
2,415;999,1.1400095477178734E-5
2,419;900,1.1386962106819637E-5
2,14;519,1.1377792528099955E-5
2,230;476,-1.1366038310473211E-5
2,99;504,-1.1356509614837876E-5
2,626;730,-1.1345432248615096E-5
2,425;584,-1.1337794634293186E-5
2,350;683,1.1336850421540566E-5
2,805;856,1.1334556651399156E-5
2,166;441,1.1316968984538461E-5
2,51;237,1.1283477790551333E-5
2,234;551,-1.1283274703635272E-5
2,40;966,1.1268634570437044E-5
2,221;993,-1.1263804586245104E-5
2,309;815,1.1252237543814141E-5
2,289;395,-1.1248594998061385E-5
2,222;897,1.1248579761031947E-5
2,377;718,-1.1238793054563219E-5
2,624;955,1.1235763809527784E-5
2,126;714,1.122472098003903E-5
2,803;984,1.1218166271124298E-5
2,5;575,1.1212164730049865E-5
2,361;880,-1.1212097947305232E-5
2,89;384,1.120257918733062E-5
2,281;726,1.1199299237082125E-5
2,790;904,-1.1189589177016735E-5
2,5;228,1.1170629522290716E-5
2,757;957,-1.1149850335092048E-5
2,296;633,1.1149321567376428E-5
2,35;564,-1.113913548016783E-5
2,739;898,1.1128854492693824E-5
2,530;807,-1.112567667845247E-5
2,0;20,-1.1088530775307169E-5
2,826;932,-1.1086683715554313E-5
2,79;362,1.1077159022970379E-5
2,466;857,1.1066549944469289E-5
2,284;717,-1.1066371918518622E-5
2,64;575,-1.1066284688356479E-5
2,502;717,-1.1066042059121973E-5
2,311;807,1.1046722847102449E-5
2,485;722,-1.1045142985169135E-5
2,715;887,1.1040449908325311E-5
2,437;928,1.1029121448253917E-5
2,500;723,1.1027609799104666E-5
2,154;202,-1.1025618722832795E-5
2,378;606,1.1024028838498404E-5
2,605;635,1.1014073802755653E-5
2,228;596,1.1011909200592842E-5
2,343;983,1.100695287432459E-5
2,608;828,-1.100325341328054E-5
2,379;444,1.100170165278773E-5
2,596;826,-1.099986585209653E-5
2,487;690,1.0996043489248965E-5
2,681;815,1.0989203837193135E-5
2,12;299,1.0987050290952451E-5
2,299;872,1.098227851900395E-5
2,154;230,-1.0981480948691238E-5
2,239;787,1.0956944260227323E-5
2,712;872,1.0949726919770115E-5
2,160;936,1.0948960665573913E-5
2,81;141,1.0948815826958677E-5
2,157;340,1.0942240124024022E-5
2,396;697,1.0936797959735172E-5
2,788;964,-1.0933447278608353E-5
2,818;861,1.0929826941992863E-5
2,675;876,-1.0928534310393482E-5
2,367;376,-1.0920104723531027E-5
2,395;618,-1.0916154209895626E-5
2,338;704,1.0905296304017404E-5
2,443;492,-1.089887977875935E-5
2,746;992,-1.0895831397916302E-5
2,758;761,1.088996339044812E-5
2,550;912,-1.0887887677582253E-5
2,15;474,-1.0882750839828746E-5
2,604;964,-1.0874311989960164E-5
2,111;468,-1.0872678714917698E-5
2,80;779,-1.0871473409679935E-5
2,313;748,1.0867075939565049E-5
2,304;462,1.0863029317826127E-5
2,288;400,1.0862360645254324E-5
2,950;996,-1.0847184951702646E-5
2,71;605,1.0841032166507496E-5
2,605;716,-1.0825526366346015E-5
2,203;343,1.0816627498344504E-5
2,325;366,1.0813846457114244E-5
2,148;906,-1.0800634001006098E-5
2,224;241,1.079973224927696E-5
2,496;792,1.079761200974949E-5
2,599;920,1.079534611856003E-5
2,458;733,-1.0780222832874511E-5
2,552;832,-1.078015972411886E-5
2,3;884,1.0774901603588694E-5
2,305;903,-1.0773672393553129E-5
2,582;977,1.0772997651751561E-5
2,255;815,-1.0766263026905698E-5
2,606;841,1.075905533047777E-5
2,71;449,-1.0751579737648567E-5
2,391;529,1.0749741669323507E-5
2,237;640,-1.0746928420236244E-5
2,368;387,1.0745321118820761E-5
2,80;677,1.0742813885366957E-5
2,434;597,-1.0738039009392707E-5
2,98;700,1.073035501825368E-5
2,27;791,1.0720328846537497E-5
2,532;954,-1.0714993220411779E-5
2,409;515,1.070802355256812E-5
2,416;666,-1.0699731825182586E-5
2,389;601,1.0699731365277417E-5
2,103;842,1.0695350482475829E-5
2,707;845,-1.0694914752034136E-5
2,199;755,-1.069474409151694E-5
2,207;715,1.0692351220199722E-5
2,277;358,1.0683435469960163E-5
2,128;434,-1.0669742719065199E-5
2,143;770,-1.066907927855822E-5
2,420;871,-1.0649315489146644E-5
2,811;812,-1.064903566370579E-5
2,244;563,1.0649031109554515E-5
2,2;222,-1.0646515508394387E-5
2,445;786,1.0640293207998738E-5
2,791;961,1.0639701215313695E-5
2,46;996,-1.0626792299292327E-5
2,567;912,-1.062149965879813E-5
2,250;973,-1.0607939477355552E-5
2,425;743,1.0607794113502947E-5
2,327;573,1.060436169655479E-5
2,90;437,-1.0598693736850817E-5
2,542;926,-1.059467033044632E-5
2,182;660,-1.0591030155998708E-5
2,16;745,1.0586953821848877E-5
2,206;683,1.0583270277581325E-5
2,393;773,1.0582440160789596E-5
2,76;617,-1.0575716647644375E-5
2,60;925,1.0571844608392265E-5
2,80;157,1.0568693400764222E-5
2,137;794,-1.0566807039306418E-5
2,43;683,1.056112687798605E-5
2,408;675,1.0560026715200551E-5
2,411;600,-1.055840035542131E-5
2,99;350,1.0549387348004493E-5
2,779;875,-1.0547625099684294E-5
2,282;573,1.0547322926468539E-5
2,420;518,-1.0537922897986912E-5
2,485;695,-1.0528201333459942E-5
2,649;866,1.0524455546770465E-5
2,18;868,-1.0511899163071902E-5
2,140;660,-1.0494163599755777E-5
2,187;847,-1.0462557813300351E-5
2,178;499,-1.0455939200634681E-5
2,797;922,-1.0444611013045495E-5
2,277;818,1.0429266600322645E-5
2,281;306,-1.042900474259138E-5
2,633;693,1.0426576238076639E-5
2,847;928,-1.0417909949847406E-5
2,278;486,1.0417705011904925E-5
2,268;603,1.0416563922921726E-5
2,755;896,1.0385968574160583E-5
2,268;572,1.0384135440963855E-5
2,429;993,-1.0379829883644464E-5
2,53;790,-1.0373858759583195E-5
2,479;992,1.0349244558684154E-5
2,197;398,-1.033041407958809E-5
2,665;709,-1.0321303299912668E-5
2,187;280,-1.0313174726826687E-5
2,270;460,1.0307540235979691E-5
2,83;572,1.0302386678803032E-5
2,457;887,-1.0298939554545964E-5
2,160;258,-1.0296107451948478E-5
2,755;925,-1.0286803579270518E-5
2,459;632,1.0282028349128648E-5
2,165;683,-1.0275583690597348E-5
2,172;422,-1.0272257813727767E-5
2,283;654,1.0268117019548725E-5
2,376;911,-1.0236381630084955E-5
2,140;666,1.0229754588156718E-5
2,196;387,1.0211396716668465E-5
2,25;910,-1.0208785906166057E-5
2,173;495,1.0202922848165041E-5
2,881;998,-1.019903130132717E-5
2,91;396,1.0195163387681307E-5
2,30;223,-1.0191529957180041E-5
2,311;672,-1.0182801308616728E-5
2,68;898,-1.0175004256247622E-5
2,25;623,1.0171632185576755E-5
2,193;551,-1.016981419304482E-5
2,167;600,-1.016673904834428E-5
2,317;833,1.0161059297467139E-5
2,511;580,1.0155797956915823E-5
2,393;525,1.0152242106120202E-5
2,153;699,1.0149877382759728E-5
2,222;241,-1.014509139587087E-5
2,113;592,1.0144340895981333E-5
2,329;353,-1.0132481445510516E-5
2,41;299,-1.0131941511686768E-5
2,279;668,1.0127033078739585E-5
2,56;808,-1.0116198762015618E-5
2,44;107,-1.0106608016558358E-5
2,453;589,1.0090267640437678E-5
2,182;576,-1.0089273166191203E-5
2,577;832,-1.0083491577546885E-5
2,410;966,1.007474288619996E-5
2,505;548,1.007038915530091E-5
2,585;911,1.0067924383167949E-5
2,313;785,1.0065660692939453E-5
2,188;771,-1.006094782631007E-5
2,14;214,-1.0054833583187918E-5
2,2;35,-1.0053291777018108E-5
2,17;513,1.005179579896831E-5
2,112;843,-1.004700836161906E-5
2,323;339,-1.0032109083480494E-5
2,725;925,1.0030010309157691E-5
2,789;798,-1.0029050202249313E-5
2,177;770,-1.0023473736179775E-5
2,4;181,-1.0017563991753016E-5
2,406;827,-1.000896379272608E-5
2,391;462,-1.0002811698211281E-5
2,386;983,1.0000452201419704E-5
2,208;499,9.990103164180534E-6
2,360;839,9.985419496300275E-6
2,114;211,-9.983906060356096E-6
2,332;833,9.977505793707972E-6
2,414;491,-9.977203137548154E-6
2,660;765,-9.967118137753997E-6
2,283;958,9.967067801195925E-6
2,11;550,9.953880137013746E-6
2,366;561,9.950879556887518E-6
2,193;715,9.94432244022805E-6
2,64;384,-9.940600718785963E-6
2,165;906,9.925667540293879E-6
2,630;790,9.92455068516334E-6
2,267;279,-9.922468531018005E-6
2,212;671,-9.922146931271248E-6
2,735;986,-9.920120669042077E-6
2,243;822,-9.918065016928101E-6
2,186;616,-9.90201208928326E-6
2,358;407,-9.900568046111464E-6
2,348;635,-9.89755464608751E-6
2,694;740,-9.890405775092172E-6
2,83;950,9.887754414002401E-6
2,276;897,9.880004082607225E-6
2,686;756,-9.860645359179562E-6
2,96;655,-9.859389983171309E-6
2,256;891,-9.835074781761793E-6
2,415;910,9.833681460629778E-6
2,402;887,9.831989068592083E-6
2,227;617,-9.830831503681588E-6
2,383;667,9.8283244836454E-6
2,48;337,9.827864949854639E-6
2,481;783,9.824841980333871E-6
2,452;654,-9.824837855141566E-6
2,117;271,-9.82118520850353E-6
2,446;993,9.819898707998855E-6
2,92;974,-9.812748565498623E-6
2,284;678,-9.809173401145656E-6
2,181;684,9.808687067983241E-6
2,773;981,9.805956778948702E-6
2,296;785,-9.801257528317256E-6
2,483;546,-9.795546039997438E-6
2,17;988,9.794411635046629E-6
2,181;189,9.775195054539339E-6
2,517;640,-9.769913936671781E-6
2,547;583,-9.769445395079846E-6
2,284;940,9.762863147994811E-6
2,56;902,9.745094065434411E-6
2,104;807,9.742968426432178E-6
2,748;835,9.739214778398672E-6
2,499;803,9.729096738146044E-6
2,60;82,-9.726856666608542E-6
2,322;889,-9.726640509556937E-6
2,166;642,9.7198608500505E-6
2,862;877,-9.710239720651256E-6
2,439;815,-9.709057371497826E-6
2,813;901,-9.707264606075309E-6
2,140;710,9.69151937337982E-6
2,257;917,9.681997045283054E-6
2,202;228,-9.680136442064648E-6
2,343;918,9.674852088170477E-6
2,481;483,-9.664919013586015E-6
2,204;626,9.655001071211685E-6
2,533;833,-9.647367711693601E-6
2,515;627,9.63340130863255E-6
2,343;956,9.6292995231475E-6
2,265;330,9.61726617008063E-6
2,670;945,9.616461764650052E-6
2,192;948,-9.61006155595567E-6
2,485;756,-9.59592563787752E-6
2,379;632,9.594991119038405E-6
2,11;988,-9.592024722288772E-6
2,25;60,9.590088699577066E-6
2,350;824,9.573993752495035E-6
2,247;594,9.570690132704437E-6
2,380;532,-9.568792888297974E-6
2,300;371,9.565179105606583E-6
2,668;932,9.562264513373684E-6
2,438;643,-9.55241852991709E-6
2,720;772,9.549750228326346E-6
2,224;304,-9.5399080474743E-6
2,234;743,-9.526236956236067E-6
2,723;964,9.50302076107655E-6
2,25;422,-9.501883966225907E-6
2,366;622,9.489556914538067E-6
2,73;417,-9.475430896682854E-6
2,92;273,9.459309501260172E-6
2,171;447,-9.457995271815837E-6
2,147;240,9.457257173008059E-6
2,149;516,9.456687723659613E-6
2,481;637,-9.455412735839722E-6
2,267;931,9.437399880021805E-6
2,137;297,9.433276915210385E-6
2,250;884,-9.42537137170621E-6
2,567;764,9.42224751126489E-6
2,410;501,9.422111520463788E-6
2,872;979,-9.419044448699832E-6
2,715;918,-9.407392654283125E-6
2,628;974,9.39420358211203E-6
2,116;749,9.388412482137572E-6
2,239;497,-9.379092003326074E-6
2,116;207,9.366523035519756E-6
2,406;849,9.364266372170273E-6
2,603;843,9.347813667604753E-6
2,892;975,9.326235812182774E-6
2,577;921,-9.319195290960446E-6
2,136;815,9.31713224662381E-6
2,27;466,-9.311263884423327E-6
2,528;719,9.303970479446681E-6
2,451;707,-9.296995048507055E-6
2,640;850,-9.278796416559102E-6
2,65;139,-9.270206402365888E-6
2,84;844,9.269737549651062E-6
2,314;381,-9.266272981663098E-6
2,610;933,-9.265001832691783E-6
2,311;720,9.263821417958701E-6
2,17;673,-9.258640232282039E-6
2,596;698,-9.244745719071905E-6
2,140;217,9.241245720561726E-6
2,582;802,-9.237442413790376E-6
2,222;753,9.230210980769427E-6
2,224;459,9.22570012721461E-6
2,256;383,-9.216347395555942E-6
2,8;507,9.215903861582043E-6
2,299;793,9.208196791039313E-6
2,435;716,-9.20504106679143E-6
2,756;796,-9.200854230110828E-6
2,436;891,9.199471893190373E-6
2,188;449,-9.19748374838731E-6
2,331;625,-9.196588380059889E-6
2,461;739,-9.19541898077772E-6
2,421;602,9.194992613876865E-6
2,118;222,9.190673382713448E-6
2,169;678,-9.178412153488753E-6
2,411;930,-9.175754751961356E-6
2,307;921,9.164631314359961E-6
2,489;934,-9.148022631177734E-6
2,345;953,-9.138626641261673E-6
2,273;613,9.132377279011453E-6
2,397;689,9.124988921192463E-6
2,236;787,9.12368028261022E-6
2,60;897,9.12109215198876E-6
2,442;486,9.110493345152598E-6
2,234;375,9.108446599325185E-6
2,497;659,-9.103110477018974E-6
2,212;897,-9.09618055108833E-6
2,7;864,9.095055949216973E-6
2,722;871,-9.083338507862551E-6
2,5;995,-9.083185657910023E-6
2,182;967,9.05557551585506E-6
2,453;836,9.055550524353168E-6
2,364;632,9.04723407596067E-6
2,284;637,9.032110963370727E-6
2,127;993,-9.017434866528812E-6
2,116;167,-9.007445638450484E-6
2,23;149,-9.007137185508538E-6
2,131;336,-9.005866048016565E-6
2,300;716,-9.004618766611878E-6
2,89;152,8.980453230965559E-6
2,225;690,8.974551784893926E-6
2,65;537,8.958634631832222E-6
2,142;800,8.955445322933075E-6
2,28;350,8.954992456156268E-6
2,125;731,-8.954674741652243E-6
2,307;799,-8.952512197910004E-6
2,186;384,8.907722977170421E-6
2,14;382,8.907033239761857E-6
2,322;636,8.894604163333757E-6
2,812;843,8.890184234457508E-6
2,42;913,-8.879522015894238E-6
2,168;598,-8.873257307065101E-6
2,183;504,8.870487081038665E-6
2,161;734,-8.863717957862446E-6
2,295;975,8.854305567103552E-6
2,936;966,8.853383655915828E-6
2,775;787,-8.839677966565596E-6
2,795;823,-8.836327721655407E-6
2,772;904,-8.820682433824178E-6
2,546;989,-8.819621007589595E-6
2,177;481,-8.817810188202865E-6
2,688;696,8.816170903663447E-6
2,249;950,8.815477715763121E-6
2,107;408,8.80055125450127E-6
2,598;711,8.778845173520352E-6
2,710;773,-8.771292458440494E-6
2,60;782,8.767417737849697E-6
2,195;586,8.764391931922973E-6
2,795;922,8.742016872239022E-6
2,13;497,-8.7419195095413E-6
2,11;459,8.704277399765571E-6
2,301;811,8.699415989249531E-6
2,314;465,8.691845728539365E-6
2,788;818,-8.688120373980368E-6
2,160;866,8.675781567603296E-6
2,616;846,-8.672373662014981E-6
2,177;495,8.667448652399234E-6
2,208;891,8.66430604375143E-6
2,99;233,-8.663981826798242E-6
2,742;990,8.66086894714304E-6
2,423;803,-8.640064582293827E-6
2,199;249,8.632403396767351E-6
2,255;791,-8.631434825621228E-6
2,247;306,-8.62165021820387E-6
2,896;949,8.620124937832943E-6
2,862;909,8.612043704552586E-6
2,591;871,8.610947956694467E-6
2,168;639,8.610909382065963E-6
2,339;556,8.600068019105567E-6
2,207;486,-8.597530228279315E-6
2,137;773,8.596363892520023E-6
2,602;886,-8.590344798000055E-6
2,20;525,8.587237196108211E-6
2,495;574,8.586229352818393E-6
2,23;690,-8.578812410751271E-6
2,140;826,8.563675465653463E-6
2,311;981,8.556884835649133E-6
2,219;759,8.555731558567647E-6
2,123;600,-8.55095145012473E-6
2,471;847,8.54578941784305E-6
2,341;535,8.528989694968042E-6
2,298;367,-8.521430032490601E-6
2,710;724,-8.513909071767038E-6
2,200;497,8.510647498656893E-6
2,41;765,8.501579808706666E-6
2,123;679,8.498383810109422E-6
2,198;677,-8.49552213844905E-6
2,124;389,8.487555390085688E-6
2,690;757,8.486585796127853E-6
2,233;396,-8.478667014944313E-6
2,168;721,-8.47768936481528E-6
2,611;640,-8.474967375222229E-6
2,295;693,-8.474733757796394E-6
2,185;499,8.47374069549897E-6
2,12;264,8.471138966005616E-6
2,242;720,8.470493644884256E-6
2,841;988,-8.457087467060434E-6
2,198;759,8.45702048521671E-6
2,820;890,8.455637040032881E-6
2,286;305,8.455573497684381E-6
2,419;444,-8.455561074544926E-6
2,458;874,8.442945769296217E-6
2,337;637,8.442679095491303E-6
2,46;928,8.436098187066806E-6
2,114;672,8.430247748295306E-6
2,503;791,-8.426570547584684E-6
2,1;530,-8.417511014919054E-6
2,25;696,8.41560452116695E-6
2,209;862,8.401805545066518E-6
2,17;597,-8.39865478224791E-6
2,542;988,8.389778322920715E-6
2,287;291,8.377967250308673E-6
2,156;793,8.37060233865243E-6
2,510;889,8.360381942838332E-6
2,201;986,-8.353914617152667E-6
2,441;751,8.348271464401526E-6
2,303;826,-8.337285461032498E-6
2,371;910,8.336305310295986E-6
2,111;467,-8.328565586221817E-6
2,703;812,-8.323000433297054E-6
2,24;717,8.320196520481264E-6
2,109;959,-8.311429810638233E-6
2,16;101,-8.308010269841959E-6
2,170;882,8.301586248260416E-6
2,185;491,-8.299901867508474E-6
2,258;753,-8.276371294321033E-6
2,440;459,-8.26816268704153E-6
2,314;872,8.259790730245992E-6
2,555;764,-8.237916126334764E-6
2,14;616,-8.237577145664792E-6
2,392;899,8.227604731342583E-6
2,681;939,-8.200134155433054E-6
2,43;550,-8.197351674963178E-6
2,766;871,8.184702611458762E-6
2,401;789,-8.162464905067276E-6
2,0;181,8.158859867439875E-6
2,445;632,8.154018588430525E-6
2,117;547,-8.151180923070718E-6
2,99;206,-8.150236868937137E-6
2,497;896,8.14823639293815E-6
2,74;971,-8.134612054842894E-6
2,98;678,-8.109634181995868E-6
2,90;790,8.104344239719753E-6
2,79;983,8.099392905524972E-6
2,362;444,-8.09720440182338E-6
2,737;872,8.08848741735941E-6
2,562;673,8.087082430014489E-6
2,889;992,8.08196068627143E-6
2,312;473,-8.079930701180585E-6
2,218;756,8.06615314769411E-6
2,501;525,-8.057413530967832E-6
2,783;876,-8.048600192997888E-6
2,381;692,-8.037800568016111E-6
2,285;889,8.028821882053498E-6
2,193;747,8.021517270806244E-6
2,303;624,-8.017564163853962E-6
2,131;468,-8.001934572223213E-6
2,426;663,7.995310512429888E-6
2,128;786,-7.994035031974087E-6
2,251;351,-7.992238211303848E-6
2,511;769,-7.991830826693956E-6
2,420;771,7.990355373950788E-6
2,155;216,7.97862686075067E-6
2,544;770,7.932205242837851E-6
2,790;885,7.913876974726706E-6
2,54;79,-7.904899721471636E-6
2,140;268,7.903808409234748E-6
2,25;661,7.902947026914857E-6
2,677;831,7.902475360110316E-6
2,635;970,-7.898242937147627E-6
2,290;603,-7.898181834045941E-6
2,14;971,7.89550669122896E-6
2,420;522,7.895005891911375E-6
2,337;505,7.891630149139596E-6
2,118;420,7.889342552205387E-6
2,140;199,7.861858063947618E-6
2,231;949,7.838187784760198E-6
2,484;769,-7.837622759174348E-6
2,244;733,7.829247644926666E-6
2,287;495,7.82533999625466E-6
2,472;609,-7.823759672342736E-6
2,770;805,7.811601613995324E-6
2,209;272,-7.811091869748876E-6
2,38;256,-7.798717700758333E-6
2,443;610,-7.794113910109102E-6
2,89;374,-7.79154948154511E-6
2,605;753,7.788117146023795E-6
2,759;987,-7.774082495453535E-6
2,630;697,-7.773261907043274E-6
2,59;393,7.76364778560647E-6
2,108;528,-7.760214380340323E-6
2,111;833,7.759518489407216E-6
2,261;272,7.756327136874447E-6
2,305;327,7.755442262661602E-6
2,128;304,-7.751047887520176E-6
2,562;898,7.747063025523554E-6
2,321;473,-7.736784906338501E-6
2,394;790,-7.734486215815601E-6
2,493;983,-7.726729907356897E-6
2,187;546,7.72481102906708E-6
2,363;937,7.723697193775233E-6
2,114;199,-7.71741043301417E-6
2,243;401,7.711078164568411E-6
2,92;114,-7.706600725259042E-6
2,500;803,7.705148343003649E-6
2,280;773,7.702891426299625E-6
2,280;546,-7.700147357539849E-6
2,304;752,-7.698838132448704E-6
2,344;954,7.69616132041862E-6
2,332;424,-7.685387076186757E-6
2,386;436,7.685353962277506E-6
2,815;889,-7.68388753373599E-6
2,117;471,-7.682388534998203E-6
2,329;770,-7.678401016525193E-6
2,786;930,7.67348463035245E-6
2,559;872,7.666813702611902E-6
2,367;755,-7.665994200230731E-6
2,338;823,-7.664769602344955E-6
2,221;629,7.664228711429495E-6
2,127;920,-7.663227014892276E-6
2,253;974,7.66187127878168E-6
2,4;739,7.659217871210253E-6
2,698;897,-7.658029807294999E-6
2,128;832,7.651891706447597E-6
2,782;910,7.651496053604213E-6
2,301;364,7.649655632879046E-6
2,492;599,7.647358613817969E-6
2,252;920,-7.645186826767924E-6
2,467;950,-7.6368348556051E-6
2,631;928,-7.631778871473094E-6
2,308;634,-7.628958581481486E-6
2,855;902,-7.6287023993210986E-6
2,410;868,7.627780050101802E-6
2,785;851,-7.619408161783872E-6
2,830;884,-7.6040735098615275E-6
2,37;979,-7.600857981574772E-6
2,74;973,7.5882650951767215E-6
2,366;749,-7.5723334808868696E-6
2,1;338,7.57215854876582E-6
2,39;874,-7.5518669525710265E-6
2,45;956,7.538919398090475E-6
2,769;937,-7.526717579471335E-6
2,394;863,-7.524437916651889E-6
2,632;900,7.5208036470732246E-6
2,861;967,-7.507748447914821E-6
2,381;465,-7.4959254501975606E-6
2,143;990,-7.484906162957429E-6
2,290;637,7.48088951726628E-6
2,397;497,7.47547822742866E-6
2,600;713,-7.4753427943672034E-6
2,783;836,-7.466673502487254E-6
2,228;636,7.464529432130128E-6
2,375;446,-7.463382663786975E-6
2,255;498,7.4586106154234946E-6
2,347;929,-7.452802810476646E-6
2,620;718,-7.438223113427171E-6
2,382;988,-7.429825254972357E-6
2,567;672,7.4106750305096355E-6
2,379;901,7.405141074510294E-6
2,360;679,7.400058433389103E-6
2,366;872,-7.381898140520802E-6
2,636;643,7.3811678752144715E-6
2,83;656,7.365702831751662E-6
2,69;734,7.363030495455003E-6
2,459;973,7.362943351889598E-6
2,756;834,-7.3574911659798175E-6
2,191;575,-7.336763488138675E-6
2,524;883,7.329186377030776E-6
2,405;961,7.328293833826785E-6
2,214;521,-7.310438139220381E-6
2,42;136,-7.310030971775395E-6
2,267;343,-7.297802504801249E-6
2,605;761,7.297037740628575E-6
2,239;532,-7.28375111780084E-6
2,411;585,7.282264937913306E-6
2,327;873,7.280048290930684E-6
2,643;913,7.262357948979608E-6
2,445;474,-7.252132766645437E-6
2,375;681,-7.24292374295055E-6
2,124;828,-7.2393025632961765E-6
2,187;687,-7.2330144629935216E-6
2,94;592,7.231963410966991E-6
2,211;744,7.2275155482312E-6
2,12;207,-7.22067620444463E-6
2,792;977,7.213255719160719E-6
2,27;85,7.209292063533906E-6
2,609;910,7.207063350668651E-6
2,744;791,7.18251146847726E-6
2,603;970,-7.181828923148989E-6
2,242;701,7.164611385059611E-6
2,306;667,-7.16179253719872E-6
2,47;959,7.151822751753217E-6
2,673;813,7.147049819494475E-6
2,228;726,-7.132274051790708E-6
2,14;757,-7.102836691727833E-6
2,187;329,7.094570058138964E-6
2,621;966,-7.0942277809467086E-6
2,67;891,7.085752952612879E-6
2,584;827,7.073885398688824E-6
2,691;891,7.0721164323797815E-6
2,36;375,7.070150416058782E-6
2,823;853,-7.067691174457453E-6
2,401;408,-7.066043315555954E-6
2,338;784,-7.0567370203365285E-6
2,582;952,-7.052337532943432E-6
2,640;981,7.0478629434576195E-6
2,129;156,-7.047049304238335E-6
2,306;647,-7.045644349667223E-6
2,422;738,7.023825807243346E-6
2,683;708,-7.0199183941556736E-6
2,300;465,-7.016451338388626E-6
2,46;980,7.013629416307326E-6
2,832;891,7.010938693738065E-6
2,192;966,7.008601678558768E-6
2,720;807,6.998246136430735E-6
2,192;592,-6.997035194456665E-6
2,161;601,6.996393017787928E-6
2,268;949,6.99347549971735E-6
2,4;417,-6.985796631061997E-6
2,651;904,-6.967504079122847E-6
2,527;634,6.966291290246361E-6
2,118;931,-6.964908843154268E-6
2,373;755,-6.961798628006103E-6
2,558;659,-6.957029654159137E-6
2,278;796,-6.9445029076865285E-6
2,420;444,6.938442247793452E-6
2,442;688,6.9309514356543816E-6
2,408;966,6.929178344526388E-6
2,182;221,-6.923043303151317E-6
2,457;679,-6.920835779831373E-6
2,240;990,-6.9201761178454455E-6
2,558;837,6.918381066106587E-6
2,29;199,-6.915517932469254E-6
2,25;642,6.903822365475307E-6
2,675;742,-6.890028917264136E-6
2,316;712,-6.889421481807899E-6
2,219;933,-6.886138690988003E-6
2,211;578,-6.884492801943344E-6
2,224;775,6.8828882357067495E-6
2,219;909,6.881766062174788E-6
2,440;837,6.874508500173678E-6
2,486;803,-6.872658103174334E-6
2,54;964,-6.864828225384964E-6
2,705;789,-6.85714933571515E-6
2,785;871,6.842114321779405E-6
2,183;320,6.83404781692884E-6
2,262;753,6.830722300175611E-6
2,139;459,-6.826751884449114E-6
2,158;287,6.810662014241346E-6
2,201;794,6.801167828070637E-6
2,760;824,-6.791172803846709E-6
2,517;881,-6.790457215209322E-6
2,877;897,-6.788382516430553E-6
2,53;440,-6.788303641268381E-6
2,222;700,6.786395454614638E-6
2,211;790,-6.78599461737231E-6
2,25;199,-6.780618130038968E-6
2,97;304,6.77035298414215E-6
2,439;977,-6.7690767708191574E-6
2,101;485,6.768982440032895E-6
2,243;355,-6.761189531174945E-6
2,193;950,6.751351837511126E-6
2,693;718,-6.750221501708419E-6
2,238;820,-6.738180629929994E-6
2,269;830,-6.733301110523147E-6
2,893;980,-6.723210867101606E-6
2,115;992,6.715626260313905E-6
2,657;739,-6.715124228701009E-6
2,494;576,6.705189773849485E-6
2,331;774,6.699133752069247E-6
2,382;675,6.6908852521558245E-6
2,58;278,6.690175068196067E-6
2,760;926,-6.686377814800068E-6
2,11;41,-6.6858867469418335E-6
2,670;807,-6.685667814658229E-6
2,395;404,6.684608880454329E-6
2,791;950,6.68385523501866E-6
2,81;627,-6.67743506716897E-6
2,773;963,6.660299736025235E-6
2,733;882,6.649240936447282E-6
2,456;966,6.643653609415014E-6
2,264;593,-6.633857603237737E-6
2,544;775,-6.631822866169597E-6
2,186;699,-6.630849085316661E-6
2,219;976,6.62442215959573E-6
2,479;484,-6.6243829914363205E-6
2,576;914,6.6192296884458775E-6
2,189;569,6.6159277167576335E-6
2,172;724,6.61321123492591E-6
2,203;795,-6.610230036298723E-6
2,284;834,-6.606482949303379E-6
2,193;560,6.58803691976299E-6
2,917;971,6.585121073796663E-6
2,408;947,-6.583899751522203E-6
2,438;815,6.573189509571018E-6
2,116;269,-6.57098689539061E-6
2,818;919,6.570223697015696E-6
2,561;861,-6.566290991553925E-6
2,76;386,6.562205288811167E-6
2,678;730,-6.55693368383703E-6
2,498;985,-6.552960886115053E-6
2,264;876,6.531851760184844E-6
2,306;592,6.529378849617899E-6
2,298;787,6.528604244111558E-6
2,950;976,6.513840343220056E-6
2,2;530,-6.504644663384317E-6
2,228;817,-6.502204723779423E-6
2,582;839,-6.501304204436013E-6
2,268;899,-6.49295411018241E-6
2,80;400,-6.482756170112208E-6
2,270;677,-6.461906374587104E-6
2,333;756,-6.458950480979931E-6
2,356;996,-6.450132663490434E-6
2,428;656,6.447491483465518E-6
2,112;930,6.446905149140346E-6
2,117;887,-6.441389502867771E-6
2,809;913,-6.440223172689327E-6
2,381;779,-6.433020871991789E-6
2,107;874,-6.4140004525116116E-6
2,609;669,6.411517089263894E-6
2,244;495,-6.409547845195596E-6
2,572;824,-6.40811433861125E-6
2,75;597,6.371091845965741E-6
2,632;943,6.3617215407910485E-6
2,366;679,6.359872796806696E-6
2,911;928,6.352781647870412E-6
2,272;743,6.34711951993525E-6
2,44;524,6.32775468650889E-6
2,352;523,6.32685954419053E-6
2,538;967,-6.323830927902813E-6
2,178;698,6.293749498746469E-6
2,417;663,-6.281699288805613E-6
2,181;856,-6.281242315181141E-6
2,202;980,6.280098828376463E-6
2,883;948,-6.253154377235705E-6
2,125;863,6.251351682660056E-6
2,304;735,-6.207773685375905E-6
2,405;820,-6.193520405078257E-6
2,89;594,6.184942498365389E-6
2,216;751,-6.184688995519206E-6
2,2;790,-6.1764220009160255E-6
2,216;503,-6.169758108632493E-6
2,104;861,-6.163330154108034E-6
2,27;901,-6.157776847311357E-6
2,411;559,6.155862968597256E-6
2,80;987,-6.1430082019992565E-6
2,35;864,-6.142171193625607E-6
2,605;872,-6.141938281780654E-6
2,408;446,-6.125444075894056E-6
2,143;742,-6.121349422733683E-6
2,302;354,6.120073392379272E-6
2,171;832,-6.113921989802134E-6
2,329;833,-6.112959103839702E-6
2,28;288,-6.099426201586017E-6
2,482;762,-6.0954601974446E-6
2,77;748,6.094062948446208E-6
2,306;577,-6.0923062367601175E-6
2,360;761,6.090460375945017E-6
2,34;897,6.079566128538313E-6
2,35;375,-6.079463499557819E-6
2,364;401,6.077104573614732E-6
2,683;998,-6.076608392394017E-6
2,331;787,-6.075595451215516E-6
2,783;988,-6.064675059741343E-6
2,186;368,6.0537883087873755E-6
2,957;965,6.052808899762175E-6
2,637;779,-6.051070174735204E-6
2,689;863,-6.047571828977267E-6
2,643;828,6.046477627544629E-6
2,373;815,6.0445722400369745E-6
2,424;861,-6.027417208086632E-6
2,565;902,6.017381727302092E-6
2,260;547,6.00990679961257E-6
2,456;532,6.008902470997085E-6
2,208;261,6.007014597700908E-6
2,41;106,6.002438934297243E-6
2,614;984,-6.000347464427791E-6
2,182;891,-5.995350312496136E-6
2,214;510,5.993073123526677E-6
2,113;849,-5.9734332643200106E-6
2,16;713,5.964587632308671E-6
2,715;794,-5.952125730020637E-6
2,475;913,5.952009948387109E-6
2,48;146,-5.940408187074281E-6
2,104;561,5.9393941144983974E-6
2,156;916,5.929745597183945E-6
2,184;465,-5.925378805079626E-6
2,41;496,-5.9235147804850915E-6
2,204;888,-5.918725299938941E-6
2,500;568,-5.908481946160949E-6
2,199;981,-5.906417072105485E-6
2,884;969,5.9061081533586E-6
2,216;589,-5.892659835580266E-6
2,13;79,5.8857731911228785E-6
2,16;115,-5.884105288429142E-6
2,301;434,5.882394775693918E-6
2,99;463,-5.882282175137667E-6
2,368;529,5.867458590562397E-6
2,264;675,5.8574072773751425E-6
2,292;705,5.854733084159472E-6
2,768;910,-5.854275300709644E-6
2,222;349,-5.848225324230683E-6
2,566;815,-5.8467173731023145E-6
2,271;495,-5.843158011715935E-6
2,315;665,-5.8349687752176535E-6
2,278;315,5.827662717848161E-6
2,531;892,5.825629507949806E-6
2,282;284,-5.821125800012265E-6
2,404;715,-5.811635055568205E-6
2,774;998,-5.806927765692263E-6
2,475;749,-5.800815425308515E-6
2,458;603,-5.794188721209143E-6
2,464;639,5.792119706366807E-6
2,73;179,-5.782965625624928E-6
2,133;370,5.779428593358348E-6
2,186;285,-5.773626630193963E-6
2,104;421,-5.7652515263810626E-6
2,602;724,5.76348733811417E-6
2,304;775,-5.75713611459372E-6
2,549;805,5.751597655675133E-6
2,340;572,5.74503792035964E-6
2,412;725,-5.7429427475638316E-6
2,225;708,5.736295815746563E-6
2,89;760,-5.726206356874119E-6
2,67;860,-5.720648210615569E-6
2,151;695,-5.717957901896387E-6
2,186;640,5.715218066519257E-6
2,94;128,5.709025285313689E-6
2,20;375,-5.707483363444555E-6
2,573;867,-5.705936458400576E-6
2,113;397,-5.696243985103642E-6
2,346;531,5.693534718086632E-6
2,152;890,5.689214540260369E-6
2,126;135,5.67796932907276E-6
2,299;889,-5.677165005491456E-6
2,307;341,-5.675418088934469E-6
2,27;405,5.673051815187069E-6
2,431;924,5.662101760439048E-6
2,346;747,-5.6536497084053E-6
2,422;724,5.650705022958363E-6
2,445;890,-5.647426080730468E-6
2,227;677,-5.644839292608922E-6
2,109;907,5.643444591409627E-6
2,407;617,5.614850137873155E-6
2,622;740,-5.611727369291824E-6
2,186;258,-5.604833856912364E-6
2,309;901,5.604399452884823E-6
2,109;745,-5.604209473739276E-6
2,436;493,-5.60013472132934E-6
2,157;300,-5.5902858049497326E-6
2,566;571,-5.5817405549048326E-6
2,165;667,-5.580955175275369E-6
2,91;208,5.579067945146038E-6
2,396;980,-5.570403926319543E-6
2,44;809,-5.5395300513775835E-6
2,291;381,5.521141953974577E-6
2,123;396,-5.520337282139746E-6
2,321;935,-5.509374893501513E-6
2,448;867,5.493020349124828E-6
2,99;551,-5.489812671424177E-6
2,240;396,5.4894222887650265E-6
2,450;476,-5.484672223115841E-6
2,924;980,5.478118331506719E-6
2,324;364,-5.467814337535272E-6
2,10;458,5.4614391941398905E-6
2,613;934,5.454861936511707E-6
2,225;338,5.452544237004989E-6
2,196;832,-5.452373029768792E-6
2,794;911,5.443165368833921E-6
2,64;78,5.437723912003839E-6
2,60;343,-5.426904564885024E-6
2,81;623,5.416606904134979E-6
2,555;717,-5.411905959246951E-6
2,278;645,5.405844762017977E-6
2,620;817,5.395507397782655E-6
2,219;306,-5.395395135963339E-6
2,100;259,-5.378581575174953E-6
2,440;605,-5.370915786368544E-6
2,61;849,5.363398858881055E-6
2,442;630,-5.3595642825411195E-6
2,507;966,5.354481458297638E-6
2,626;888,5.353651634374523E-6
2,481;970,-5.347426903744235E-6
2,188;967,5.344959958790238E-6
2,68;173,5.343894899756355E-6
2,25;688,-5.3302728190801964E-6
2,43;114,5.320924111355186E-6
2,97;643,5.313228983674739E-6
2,122;605,-5.313026179959973E-6
2,269;365,-5.312425126299154E-6
2,179;299,-5.304622162546336E-6
2,198;976,-5.279708011812191E-6
2,668;987,-5.276061676540572E-6
2,169;282,-5.273721659191845E-6
2,459;918,-5.2687678436195044E-6
2,80;407,5.265661114892472E-6
2,227;385,5.25295992678651E-6
2,713;872,-5.25228232762915E-6
2,343;773,5.250491639969101E-6
2,105;706,-5.244551907173413E-6
2,452;593,-5.241460059256291E-6
2,589;704,-5.236195751062655E-6
2,281;764,-5.2303336236741715E-6
2,855;916,-5.22925063372805E-6
2,279;556,-5.224977166171062E-6
2,462;490,-5.211828564828859E-6
2,846;962,5.210059077548439E-6
2,260;725,-5.207277408835004E-6
2,574;757,-5.1986754638623654E-6
2,218;928,-5.187545803876568E-6
2,154;935,5.187100021978558E-6
2,233;537,-5.183156521208102E-6
2,425;773,5.1793917565397566E-6
2,53;477,-5.176048405091039E-6
2,254;534,-5.148450130548182E-6
2,421;951,-5.147639625636934E-6
2,304;369,5.1339058031832014E-6
2,367;532,-5.12861037203774E-6
2,150;627,-5.112170400689994E-6
2,210;893,-5.107221438612163E-6
2,109;574,-5.105001066142395E-6
2,450;486,-5.08080711058885E-6
2,910;943,5.079270063531948E-6
2,48;148,5.076058173795115E-6
2,707;980,5.058508538040865E-6
2,783;912,-5.055165457449089E-6
2,208;437,5.048861275119595E-6
2,690;766,5.04583094037532E-6
2,370;670,5.045005052100856E-6
2,228;522,-5.0342329380258615E-6
2,643;888,-5.033108182396225E-6
2,207;389,5.031607902356919E-6
2,682;963,-5.027655381225536E-6
2,34;720,5.025443071369894E-6
2,7;390,5.024486196584188E-6
2,224;787,5.021422361882979E-6
2,176;659,5.014083997541406E-6
2,50;148,5.004786852965182E-6
2,714;917,5.002883521947003E-6
2,662;796,5.000484896730179E-6
2,409;519,-5.0004644917394715E-6
2,25;349,4.9890512856136834E-6
2,343;797,4.98788213242244E-6
2,156;266,4.970811821485926E-6
2,30;725,4.970740959378404E-6
2,29;768,-4.970507737837381E-6
2,59;546,-4.961700046177388E-6
2,450;915,-4.946347779563751E-6
2,430;628,4.9417863522728915E-6
2,421;576,4.936991622739785E-6
2,396;963,-4.935188382892162E-6
2,118;499,-4.93089400503817E-6
2,122;779,4.929481006965015E-6
2,237;431,4.912851635057721E-6
2,160;367,-4.909096818397372E-6
2,323;722,4.9085431930544074E-6
2,371;660,-4.89073319192021E-6
2,104;267,-4.88980955132537E-6
2,476;529,-4.882613997917677E-6
2,156;670,4.8816224434410155E-6
2,196;201,-4.8808800248823675E-6
2,86;212,4.862210302850653E-6
2,582;720,4.859208923582256E-6
2,845;876,4.8589175766213524E-6
2,483;518,4.854317407491884E-6
2,157;501,-4.851267071221223E-6
2,747;911,4.836699166949982E-6
2,96;633,4.83075937529371E-6
2,560;957,4.829314312541813E-6
2,394;421,-4.827699618410765E-6
2,360;777,4.825418336811604E-6
2,631;793,-4.8183422469839645E-6
2,598;905,4.817931072672695E-6
2,229;288,4.817675350736347E-6
2,135;907,-4.815887293195976E-6
2,641;763,4.815859444277894E-6
2,258;540,-4.810691230946715E-6
2,543;663,-4.796940802789022E-6
2,659;702,4.794550850398146E-6
2,498;593,4.791325328282761E-6
2,502;978,4.790356104533947E-6
2,576;760,4.787808213154415E-6
2,722;776,-4.780302855509705E-6
2,482;575,-4.754346898264123E-6
2,106;518,-4.752015436787604E-6
2,759;908,4.751105181119517E-6
2,397;936,-4.750095830352324E-6
2,643;933,4.747911788477887E-6
2,69;484,-4.74176380125765E-6
2,227;995,-4.7411968632674055E-6
2,791;985,-4.740840023707449E-6
2,344;819,-4.7381856925669615E-6
2,96;783,4.737824577122837E-6
2,589;648,-4.736874596893339E-6
2,315;789,-4.7333627524447125E-6
2,682;835,-4.724566310821466E-6
2,331;689,-4.721383198200105E-6
2,508;552,-4.715820806496282E-6
2,673;913,4.713893991627194E-6
2,89;327,4.7101812852253785E-6
2,260;598,-4.704975995176282E-6
2,629;675,-4.674277539409112E-6
2,511;960,-4.673961651206923E-6
2,394;856,4.665655225379421E-6
2,37;662,-4.660812554418338E-6
2,326;978,-4.659324142165317E-6
2,446;581,-4.6590856575068204E-6
2,710;957,-4.654539457455972E-6
2,332;898,-4.63752112499713E-6
2,156;375,4.629179304283679E-6
2,336;806,4.621242692674915E-6
2,267;614,4.620694040428485E-6
2,94;832,4.6111561466694355E-6
2,432;677,4.584108217747278E-6
2,230;343,4.5819318104994675E-6
2,418;590,-4.581812595470251E-6
2,569;718,-4.581416739279056E-6
2,359;492,4.581104202288373E-6
2,94;651,4.557686787454666E-6
2,83;96,-4.551540663681263E-6
2,14;510,-4.550528803663547E-6
2,140;236,-4.549861325688728E-6
2,174;887,-4.534427460312542E-6
2,47;664,4.533616718533768E-6
2,147;219,4.532634721910691E-6
2,74;917,-4.515848230661167E-6
2,566;958,4.494506760956952E-6
2,604;867,-4.492366484505489E-6
2,315;658,4.487754125270565E-6
2,143;827,-4.4852990849390645E-6
2,373;391,-4.4825831691306314E-6
2,375;725,-4.476538594174101E-6
2,787;872,4.45736347778547E-6
2,258;568,4.455934398280199E-6
2,94;412,4.450336711447584E-6
2,385;861,4.426023563395186E-6
2,98;769,4.424439099818684E-6
2,150;724,-4.420083775335451E-6
2,0;54,4.407983736931791E-6
2,226;619,4.4075950126931805E-6
2,142;963,4.4026684250991625E-6
2,256;858,4.401354239307345E-6
2,596;996,4.388639386158348E-6
2,617;936,4.357134866492391E-6
2,148;803,-4.3560597671752875E-6
2,183;701,4.354254978185042E-6
2,232;288,4.339715977472146E-6
2,493;502,-4.332819921499216E-6
2,88;784,4.331338782509207E-6
2,116;221,4.330130592509848E-6
2,17;898,-4.323425198267443E-6
2,652;701,-4.31968439870712E-6
2,298;586,4.308862381802003E-6
2,555;591,-4.306513780229986E-6
2,363;801,4.295412497405657E-6
2,187;957,4.288517150646015E-6
2,54;768,4.284501428898968E-6
2,99;615,-4.270154605811122E-6
2,301;860,4.248938566285703E-6
2,660;721,4.247046540941709E-6
2,92;223,-4.24061980066659E-6
2,185;424,4.2367688248704375E-6
2,346;987,4.226389486237173E-6
2,222;240,4.212140557195387E-6
2,393;673,4.197023352434374E-6
2,133;901,4.190736305419961E-6
2,165;303,4.186172523537785E-6
2,101;766,4.169931657669782E-6
2,737;842,4.169321441272737E-6
2,90;156,-4.1654068789826545E-6
2,833;898,-4.161821689334516E-6
2,531;826,4.1542661293395565E-6
2,301;309,4.1538340787983625E-6
2,266;327,-4.1356918301581125E-6
2,84;758,4.120285451007163E-6
2,335;396,4.110951984540399E-6
2,559;605,4.098526678622601E-6
2,689;879,4.093828333073244E-6
2,837;910,4.0871143094361325E-6
2,526;881,-4.079182356767956E-6
2,617;934,-4.072375725500985E-6
2,153;236,4.070064141751643E-6
2,245;978,-4.051921510596884E-6
2,95;413,-4.039100826983489E-6
2,97;267,4.038037237323607E-6
2,242;615,-4.0329207983591E-6
2,344;486,4.03178714372214E-6
2,315;635,-4.022830889984622E-6
2,258;410,-4.015775707781263E-6
2,268;374,4.012514723545302E-6
2,706;899,-4.011984586981515E-6
2,275;288,-4.005782619850018E-6
2,160;968,3.9990909350964E-6
2,628;695,3.9959136917466154E-6
2,674;796,-3.9898533340245945E-6
2,58;924,-3.980730896564744E-6
2,964;993,-3.96704790936565E-6
2,37;569,3.958509517917607E-6
2,242;960,3.949023203784239E-6
2,147;830,-3.9476965041667295E-6
2,765;949,3.935250582167073E-6
2,182;400,3.929491330595905E-6
2,456;965,-3.927986953473836E-6
2,456;526,-3.9270545657875555E-6
2,68;250,3.919555679481941E-6
2,743;809,-3.916160184741988E-6
2,47;135,-3.910049099909552E-6
2,461;520,3.907988555673137E-6
2,690;957,3.9009347030264024E-6
2,783;951,3.8888192677714E-6
2,60;538,3.882370358260015E-6
2,195;672,-3.880147009697452E-6
2,267;871,-3.872434678046051E-6
2,711;829,3.8574932727585486E-6
2,400;647,-3.846630814466307E-6
2,634;899,3.845354119496786E-6
2,363;534,3.833445421089126E-6
2,363;465,-3.830094695588399E-6
2,441;454,3.819532905086434E-6
2,70;530,3.817952066705186E-6
2,11;261,-3.816574379984728E-6
2,279;361,-3.8124893500316727E-6
2,276;999,3.8063176106598594E-6
2,774;964,3.796117430452016E-6
2,523;892,-3.7827796911970408E-6
2,405;451,-3.7789968602445733E-6
2,35;860,3.7723698580205272E-6
2,304;446,-3.7638647521964842E-6
2,649;709,3.7604617562389844E-6
2,404;830,3.7593729707909445E-6
2,756;903,-3.756118145269681E-6
2,92;775,3.7522600300348187E-6
2,682;805,-3.7511267719449218E-6
2,616;966,-3.744338328604588E-6
2,156;943,-3.739258237893204E-6
2,156;327,-3.73513872981248E-6
2,532;873,-3.7287667742016694E-6
2,730;980,3.7280314210621088E-6
2,152;663,-3.7258861976583182E-6
2,451;803,3.723681105565993E-6
2,588;814,-3.720127079602301E-6
2,108;524,3.7178264480336522E-6
2,28;833,-3.7169139627273167E-6
2,130;759,3.7143002346708975E-6
2,120;392,3.713364966197598E-6
2,490;574,3.7111992153575914E-6
2,664;930,3.693909888467753E-6
2,74;217,-3.683895687722132E-6
2,154;967,-3.6611007561577618E-6
2,133;361,3.654571929561666E-6
2,210;890,3.640169550307191E-6
2,87;535,3.635991865337536E-6
2,216;541,3.634918740667837E-6
2,453;654,-3.627138325033336E-6
2,721;874,3.622203455815331E-6
2,881;988,-3.6174540228394448E-6
2,267;472,-3.611206799163623E-6
2,321;382,-3.59516116360796E-6
2,480;829,-3.5935766321615742E-6
2,443;886,3.5905240759918497E-6
2,601;875,-3.582297702244136E-6
2,234;294,-3.5616236224033684E-6
2,206;862,-3.554075811650917E-6
2,277;585,-3.544250975227963E-6
2,678;736,-3.543215778613041E-6
2,910;931,-3.541579416037305E-6
2,299;620,-3.5393756065025436E-6
2,321;475,-3.5368246020879706E-6
2,360;951,3.534066073183469E-6
2,828;893,-3.524055858071279E-6
2,266;465,-3.517589989652632E-6
2,201;988,-3.508483172028558E-6
2,99;319,3.504704952636689E-6
2,196;862,-3.502730263578863E-6
2,443;841,-3.4800524820881377E-6
2,407;965,-3.4788625487714373E-6
2,465;933,-3.467089200721085E-6
2,654;958,3.4606255252914997E-6
2,932;998,3.451529224122757E-6
2,59;634,3.4456238659300864E-6
2,184;414,3.4395165025210873E-6
2,808;827,-3.4183695574980767E-6
2,306;383,3.412169069163768E-6
2,360;914,-3.4075577881397778E-6
2,747;928,-3.3849559406691764E-6
2,180;700,-3.3541025804714465E-6
2,236;789,3.347122911822816E-6
2,173;634,3.3464051064588318E-6
2,495;991,3.346184801956104E-6
2,559;658,3.3453881933073193E-6
2,484;623,3.332852904748003E-6
2,300;980,3.331363215785588E-6
2,589;998,-3.323001036793248E-6
2,97;720,3.317615350363484E-6
2,849;855,3.305865730912655E-6
2,343;809,-3.3036890249522575E-6
2,311;622,3.2979105557500338E-6
2,886;917,3.2827146792797393E-6
2,137;324,-3.2781422831678482E-6
2,585;920,-3.2758276080188006E-6
2,376;887,-3.2661873666152973E-6
2,54;636,3.263705183559909E-6
2,619;898,-3.259116417275554E-6
2,493;825,-3.2305029591319403E-6
2,38;366,-3.2272586761151745E-6
2,330;676,-3.2249225769511655E-6
2,727;858,-3.221650092153444E-6
2,782;926,3.2058084175360865E-6
2,94;402,-3.198935626266039E-6
2,100;420,3.1956745893480312E-6
2,194;659,3.194454235026685E-6
2,803;933,3.1887357444244784E-6
2,40;527,-3.187449926855421E-6
2,37;497,-3.181629366467868E-6
2,192;838,3.176812329280493E-6
2,120;279,3.169687344811413E-6
2,381;446,-3.1687058915921134E-6
2,569;892,3.166311214105197E-6
2,169;273,3.1584940759178395E-6
2,368;443,-3.1533498298614153E-6
2,124;591,3.138838769893612E-6
2,494;900,3.135338604249343E-6
2,271;780,3.133868645259441E-6
2,619;745,-3.124832689925375E-6
2,293;378,-3.1223328666983924E-6
2,270;826,-3.1032019091145335E-6
2,270;975,-3.099861278967171E-6
2,171;524,-3.091454299718865E-6
2,492;822,3.0913189484492316E-6
2,18;346,3.084538535829854E-6
2,215;651,-3.075814847013036E-6
2,51;452,3.070274879505029E-6
2,282;294,3.056370307068991E-6
2,97;622,-3.055870093165516E-6
2,630;795,3.0485378526136434E-6
2,591;981,3.044663284388592E-6
2,122;749,-3.0419430345078116E-6
2,775;807,3.0366276788300373E-6
2,133;726,3.035781635079976E-6
2,727;933,3.0214594194509502E-6
2,130;991,3.020199583897272E-6
2,4;817,-3.018202294074922E-6
2,288;792,-3.013374084423898E-6
2,193;511,3.001983726752665E-6
2,14;377,-2.999321250829912E-6
2,530;603,2.985868986716808E-6
2,415;719,2.981551030740978E-6
2,156;700,2.966996279173014E-6
2,640;733,-2.960832802741356E-6
2,694;989,-2.9554918937799505E-6
2,421;732,2.94695064982415E-6
2,171;199,2.93630362809065E-6
2,99;882,-2.9361826146452678E-6
2,154;895,2.931586049667905E-6
2,78;628,2.9312880426144854E-6
2,92;801,-2.929616394909282E-6
2,274;893,2.9271395539754856E-6
2,594;701,2.9183811921362353E-6
2,793;862,-2.91599975023071E-6
2,566;696,-2.9136737597270507E-6
2,470;961,-2.9077254412508585E-6
2,210;832,2.9024439887573583E-6
2,336;883,-2.893875924569217E-6
2,985;998,2.8933267455221736E-6
2,711;759,2.8805576032845184E-6
2,685;749,2.880264780894433E-6
2,414;982,-2.865663833680282E-6
2,51;167,-2.8644235069782002E-6
2,133;615,-2.8520548213018945E-6
2,94;140,-2.8517903340718604E-6
2,551;982,-2.8377623707612766E-6
2,299;947,-2.8264988381319425E-6
2,191;611,-2.821733727306153E-6
2,257;920,2.8194300154576885E-6
2,27;575,2.803433866501042E-6
2,104;634,-2.799256491839465E-6
2,355;617,-2.78789594404448E-6
2,397;640,-2.7757552537931442E-6
2,252;890,-2.7705996116897078E-6
2,133;967,-2.7687928074385525E-6
2,455;520,-2.759967550713019E-6
2,250;763,2.7464741564838177E-6
2,868;989,2.7353984635952246E-6
2,302;573,2.732874354255895E-6
2,658;770,2.732613880917084E-6
2,25;863,-2.731630581809561E-6
2,13;362,2.717707942437267E-6
2,467;943,-2.715363795634456E-6
2,29;494,2.7146289499363417E-6
2,483;917,-2.7140434516495505E-6
2,194;320,-2.712264340542576E-6
2,496;941,-2.711136151308982E-6
2,391;538,2.7094509620896426E-6
2,40;343,-2.7072348737087123E-6
2,31;221,2.706572729878093E-6
2,272;736,2.705983967549758E-6
2,168;969,-2.6929912959186286E-6
2,140;523,-2.6886752876269793E-6
2,781;821,-2.6735210933699E-6
2,525;527,-2.6665292107059813E-6
2,88;276,-2.6653701093777642E-6
2,689;823,-2.6606727725201063E-6
2,682;879,2.6559912889199365E-6
2,380;744,2.6507767074734347E-6
2,883;905,2.6500565079879828E-6
2,433;716,-2.6427477205030368E-6
2,93;372,2.642005233945265E-6
2,1;642,2.6234069907636327E-6
2,548;838,2.6169759098840854E-6
2,166;736,-2.6162652718229596E-6
2,385;774,2.6112324917458437E-6
2,161;459,2.6000156408952648E-6
2,594;626,-2.599159247130056E-6
2,201;293,-2.587902939460006E-6
2,470;512,2.586861254514655E-6
2,392;723,2.584652938918245E-6
2,46;239,-2.582241008744369E-6
2,496;675,-2.5814194418832467E-6
2,660;710,-2.56868061119999E-6
2,647;919,2.564951063249728E-6
2,292;329,2.552141886290441E-6
2,282;427,-2.551646662500608E-6
2,334;583,2.549575851846897E-6
2,181;199,-2.54281826922384E-6
2,89;701,-2.5381920492794607E-6
2,98;402,-2.513790295925921E-6
2,491;639,-2.5128008944743897E-6
2,436;570,2.5022624344156196E-6
2,451;881,2.4960788622944154E-6
2,382;763,2.4915880633788677E-6
2,216;987,-2.4869591120172536E-6
2,284;932,2.4851373146895125E-6
2,509;758,-2.460889918792019E-6
2,546;647,-2.460709344263387E-6
2,76;643,-2.427880576821112E-6
2,65;459,-2.4269583535880685E-6
2,457;950,2.4094066986443398E-6
2,232;249,-2.4016112433566905E-6
2,208;776,-2.3847243283595494E-6
2,499;535,-2.368978122321404E-6
2,813;821,2.3621642247576293E-6
2,169;978,-2.3506065626603887E-6
2,64;645,2.348051569216865E-6
2,118;535,-2.329880520672255E-6
2,498;851,-2.328604419186361E-6
2,145;458,-2.324244612341372E-6
2,225;765,2.319972192606656E-6
2,70;809,2.3159690841104455E-6
2,721;930,2.3156648272912096E-6
2,879;971,2.3140917455238276E-6
2,36;778,-2.3132973072158905E-6
2,395;768,2.3113186725387953E-6
2,269;900,2.3045942394181208E-6
2,384;852,2.2920059045445847E-6
2,34;960,2.2869362196269E-6
2,89;926,-2.2846199748077674E-6
2,104;175,-2.2817035145114435E-6
2,193;468,2.281206546685521E-6
2,910;988,-2.27805593574985E-6
2,182;421,2.2769042612098417E-6
2,831;902,-2.2701421012673065E-6
2,654;944,-2.267897914163035E-6
2,282;668,-2.264074973860192E-6
2,209;531,-2.263891691709277E-6
2,38;680,2.258423672005905E-6
2,207;951,-2.245527442687349E-6
2,251;705,2.2448323936564846E-6
2,562;738,2.2012914020635537E-6
2,738;831,-2.1981343323557447E-6
2,110;408,2.19121796550965E-6
2,146;673,2.1906672770224504E-6
2,209;793,-2.181521966465417E-6
2,725;982,2.171229517363399E-6
2,246;744,2.1334744455343418E-6
2,60;291,-2.126326364439171E-6
2,371;610,-2.124288642540523E-6
2,109;792,-2.1186612784546734E-6
2,682;758,2.1072509699619906E-6
2,60;852,2.0998980965928823E-6
2,92;796,-2.096962891824341E-6
2,210;971,-2.0946845826006753E-6
2,222;524,2.094174466318856E-6
2,737;881,-2.085252723232872E-6
2,353;887,-2.059541689429442E-6
2,48;744,2.0562458358997644E-6
2,295;740,2.055164101159898E-6
2,267;609,-2.0540878614606977E-6
2,75;469,2.0522096135445685E-6
2,244;374,-2.0496901178464892E-6
2,464;934,2.04148826714326E-6
2,104;440,-2.0302607999509864E-6
2,99;582,-2.0170822481320877E-6
2,647;934,-2.0113894954690433E-6
2,378;526,-2.005740471079813E-6
2,294;386,-2.0024369958612785E-6
2,505;650,2.0020941165913367E-6
2,290;917,-1.9910171147453845E-6
2,376;707,1.9814891463085553E-6
2,665;799,-1.9796238183260944E-6
2,240;765,-1.9786711687931195E-6
2,378;744,-1.9669614618727724E-6
2,600;640,-1.9668894076120825E-6
2,16;182,-1.9558298193955994E-6
2,408;811,-1.944155852364446E-6
2,544;849,-1.9419895566318222E-6
2,691;942,-1.93800222982915E-6
2,496;740,-1.9334712810358533E-6
2,166;261,-1.9318989322218185E-6
2,321;695,-1.927309984678733E-6
2,545;811,1.920252810104207E-6
2,30;216,1.917358273346881E-6
2,503;898,-1.916849697804968E-6
2,197;488,-1.9125618702569916E-6
2,32;79,1.903272092502177E-6
2,743;968,1.8854315344368731E-6
2,221;967,-1.8532120310905328E-6
2,392;706,-1.8527590488328083E-6
2,134;497,1.8501687619761586E-6
2,397;890,-1.849293325911411E-6
2,495;532,-1.8418743315519634E-6
2,505;773,1.8109180855865603E-6
2,293;737,1.8032427453192475E-6
2,158;407,1.795885807318022E-6
2,669;721,-1.793001758481138E-6
2,148;728,-1.7829775410559136E-6
2,112;693,1.7828551339803545E-6
2,221;888,1.779922948306263E-6
2,353;410,1.7780285713224972E-6
2,393;697,-1.7777318250849287E-6
2,108;675,1.7768320356761416E-6
2,193;199,-1.7715001436616127E-6
2,359;900,-1.7632504720435024E-6
2,857;947,1.761541421781105E-6
2,98;268,1.7589557628166705E-6
2,32;860,-1.7588862306564777E-6
2,75;841,1.742500682715885E-6
2,63;279,1.733886438639934E-6
2,27;414,1.7225927231047204E-6
2,11;123,-1.710689385466549E-6
2,133;934,1.7076376720599162E-6
2,141;887,1.7016409702894018E-6
2,377;738,-1.7012813668559785E-6
2,109;262,-1.6753547707432233E-6
2,498;995,1.6708017546663498E-6
2,174;533,1.6588668942402741E-6
2,294;996,1.6585207147480492E-6
2,801;867,-1.651387045827131E-6
2,267;662,-1.6368059463050256E-6
2,662;931,1.6342060222874385E-6
2,77;209,1.6310034582681723E-6
2,777;843,-1.6239147909983265E-6
2,145;971,1.6208160178706014E-6
2,683;971,1.6090744824162965E-6
2,946;996,-1.6079635970113298E-6
2,157;556,-1.6011138916166359E-6
2,724;754,1.599291921381356E-6
2,81;306,-1.5983816743259176E-6
2,487;950,-1.5848306419130597E-6
2,68;833,1.583052992029925E-6
2,258;655,1.5783780859144614E-6
2,695;711,1.5754089771658764E-6
2,357;916,1.566290829811183E-6
2,497;662,-1.5574507786984514E-6
2,165;889,1.5466833756049673E-6
2,517;954,-1.5433199629575067E-6
2,52;419,1.5415838726237156E-6
2,96;836,-1.5305564317140835E-6
2,196;734,-1.5274436405149119E-6
2,576;595,1.5272898046481895E-6
2,669;671,1.5216079799282647E-6
2,648;773,-1.5148148961444432E-6
2,204;726,1.5098592069865587E-6
2,99;726,1.5070219630936508E-6
2,96;951,-1.5033531167105984E-6
2,143;962,-1.4931987304965915E-6
2,590;897,-1.4882912993166574E-6
2,431;562,1.482207329093932E-6
2,287;443,-1.4806697476467922E-6
2,110;164,1.4772925253837901E-6
2,102;950,1.4720350885880017E-6
2,494;987,-1.469074827028405E-6
2,324;643,1.466995979500986E-6
2,11;967,-1.4528069485219043E-6
2,200;772,1.451595237442472E-6
2,42;133,-1.4497710345844697E-6
2,26;748,-1.442886160527051E-6
2,73;288,-1.4395217870016783E-6
2,259;664,1.4329805755907837E-6
2,127;150,-1.4233196261921946E-6
2,352;983,1.4173767761715348E-6
2,280;856,1.3926074655786318E-6
2,153;607,-1.3910044553702776E-6
2,756;816,1.383656113961268E-6
2,312;710,1.3663605478379804E-6
2,671;747,-1.3545729333723257E-6
2,868;889,1.3407933330565615E-6
2,420;520,-1.3398142396014029E-6
2,352;525,-1.3398037193987737E-6
2,19;767,-1.332610245676165E-6
2,13;59,1.3292962709058193E-6
2,184;711,1.3212487851347043E-6
2,347;940,-1.3126174078057495E-6
2,50;169,1.3111451684093452E-6
2,20;181,-1.3096422395074449E-6
2,61;827,-1.3079249906541926E-6
2,769;896,-1.3074119271941702E-6
2,728;759,1.30276309181325E-6
2,941;986,1.3010396385940912E-6
2,422;888,-1.3009232022311926E-6
2,96;572,1.2929088431402821E-6
2,41;433,-1.2860273220560853E-6
2,83;674,1.2850082301635E-6
2,251;887,1.2719968257004222E-6
2,117;192,-1.2717305289596803E-6
2,423;921,1.2711070662937974E-6
2,291;659,-1.2606139089665452E-6
2,616;984,-1.258722819577729E-6
2,437;776,1.246954736683712E-6
2,153;360,-1.2435836734040474E-6
2,798;916,1.2423999510545041E-6
2,187;925,1.238657566429366E-6
2,240;994,1.2381113787706156E-6
2,601;814,1.2232346023950576E-6
2,220;512,1.220209827601293E-6
2,376;918,1.2199583800864556E-6
2,602;641,1.216252774850289E-6
2,826;975,1.2125911990633343E-6
2,423;693,1.2080762248064675E-6
2,26;722,-1.2030824119949706E-6
2,96;846,-1.2017530445598695E-6
2,287;303,1.201030834956318E-6
2,830;887,1.1919593078787184E-6
2,79;192,1.1873745303732641E-6
2,250;620,-1.1840111601741227E-6
2,367;624,1.1691233399247076E-6
2,769;945,1.166927899261608E-6
2,192;389,-1.1525480538229494E-6
2,803;809,-1.149779190310722E-6
2,146;216,1.1442934883021048E-6
2,170;551,-1.1434782895083304E-6
2,99;546,-1.1341359344457722E-6
2,232;513,-1.1306466466275909E-6
2,94;105,1.1223670096765573E-6
2,720;846,-1.112332100828131E-6
2,269;673,-1.1050300721440407E-6
2,198;629,-1.067357202671107E-6
2,165;858,1.065347607903132E-6
2,533;546,1.063470677268155E-6
2,168;952,1.0479580519290045E-6
2,407;901,1.0388365936874513E-6
2,171;229,1.0283471435512948E-6
2,12;433,1.0248907503824096E-6
2,80;531,1.017420363887786E-6
2,27;597,1.0134664409747648E-6
2,54;174,-1.0004483962797148E-6
2,17;649,-9.987849462428747E-7
2,53;196,-9.510507957314375E-7
2,411;786,9.506538484087904E-7
2,432;550,9.381254366528994E-7
2,158;355,-9.366824412805619E-7
2,2;425,-9.365562602202254E-7
2,194;345,-9.240528437325091E-7
2,345;634,-9.110589878884891E-7
2,379;512,9.096483142131407E-7
2,591;764,9.073684243646186E-7
2,615;785,-9.044228595025891E-7
2,666;966,-9.025152555530193E-7
2,326;745,8.853683457671485E-7
2,540;751,-8.847279564060812E-7
2,289;500,-8.800628783042219E-7
2,241;754,-8.772904791348596E-7
2,403;772,8.770794578611962E-7
2,902;916,-8.766872645977821E-7
2,197;803,-8.746205043437851E-7
2,28;871,-8.731403501111638E-7
2,222;661,-8.676712341668739E-7
2,651;906,8.669990983969367E-7
2,382;980,8.623240568981713E-7
2,87;576,8.616512832090029E-7
2,302;432,8.45287521857939E-7
2,116;498,-8.449426215983817E-7
2,92;450,8.370380976570266E-7
2,28;55,-8.350236219916429E-7
2,344;517,-8.28596202279843E-7
2,824;876,-8.279012752319334E-7
2,266;305,8.209414254499031E-7
2,201;736,-8.038440208133629E-7
2,395;898,-7.994864159726264E-7
2,459;483,7.955205227040477E-7
2,10;537,7.818151216476623E-7
2,507;578,7.791094169248871E-7
2,456;518,7.775205236615069E-7
2,120;416,-7.623738959931375E-7
2,327;393,7.61010034924868E-7
2,892;938,7.592596229146348E-7
2,96;372,7.538203981598754E-7
2,195;611,7.491686624143331E-7
2,652;919,-7.34089654994604E-7
2,559;585,-7.327307536340172E-7
2,614;908,-7.115512486898893E-7
2,146;704,7.0293792156053E-7
2,179;421,6.911503531182097E-7
2,713;994,6.875284241011741E-7
2,379;722,6.749143599759019E-7
2,509;980,-6.733027541324862E-7
2,642;803,-6.71980942860119E-7
2,266;949,6.702464062124693E-7
2,117;338,-6.688226944627992E-7
2,323;989,-6.569789395344112E-7
2,112;868,-6.497371581405086E-7
2,145;502,-6.390112786154485E-7
2,240;958,-6.375383901639081E-7
2,12;480,-6.349711260100025E-7
2,409;774,6.283047645940198E-7
2,432;943,-6.263319886890307E-7
2,18;885,-6.249889663969381E-7
2,532;858,6.084871473222148E-7
2,359;607,6.057322299943025E-7
2,214;483,6.025685335984479E-7
2,537;874,-6.011573310232624E-7
2,737;968,5.99622143866916E-7
2,422;779,-5.861802408461959E-7
2,286;569,5.821608373105941E-7
2,281;603,5.679471316684948E-7
2,178;838,-5.673944901861648E-7
2,575;667,5.634554245326425E-7
2,153;397,-5.387807522265614E-7
2,734;768,-5.302106526424052E-7
2,662;725,5.283350134852143E-7
2,856;910,5.251927516366703E-7
2,170;171,-5.24182196471254E-7
2,230;630,-5.154599423133933E-7
2,373;529,5.083058112454672E-7
2,526;904,5.040722141827491E-7
2,220;283,-5.038767445544219E-7
2,371;980,-4.973324057612229E-7
2,272;302,4.966733100701567E-7
2,475;935,-4.7472752754158105E-7
2,760;965,4.707255005237943E-7
2,406;634,-4.7028647348083475E-7
2,53;372,4.665202294492771E-7
2,178;548,4.639018248636558E-7
2,154;703,4.6005989594906023E-7
2,253;373,4.5913550300279506E-7
2,269;338,-4.5644902442030023E-7
2,69;623,4.537385862692471E-7
2,743;818,-4.4722321387501845E-7
2,116;722,-4.322761672950204E-7
2,17;490,4.2685161098723194E-7
2,513;597,-4.2035355136631204E-7
2,582;999,-4.0065063995545906E-7
2,338;935,3.808432747004417E-7
2,480;555,-3.8020551609985537E-7
2,512;691,3.6800992832113076E-7
2,2;674,3.5800479291819845E-7
2,233;242,3.571324744290269E-7
2,378;858,-3.4784363041361064E-7
2,96;319,-3.4301628292791874E-7
2,782;943,3.399661981896424E-7
2,599;687,3.342185140643196E-7
2,519;723,-3.2987990601553164E-7
2,338;727,-3.1205569273577013E-7
2,438;441,3.1162639322235286E-7
2,268;955,-3.063160525594022E-7
2,66;247,-3.0094104979969115E-7
2,510;755,2.991600992157187E-7
2,477;551,-2.9526443669489896E-7
2,245;590,-2.931791075790266E-7
2,147;226,-2.8905444065272303E-7
2,485;664,-2.8634732536922045E-7
2,428;984,-2.8393576072440615E-7
2,328;737,2.7728208084136506E-7
2,821;950,2.751668639830035E-7
2,20;423,-2.7446132262798696E-7
2,120;341,-2.741749608722727E-7
2,158;507,2.6553742876263275E-7
2,634;640,-2.5162384477384755E-7
2,30;158,-2.4707471668687644E-7
2,509;820,2.468177960167628E-7
2,452;651,2.441363019957815E-7
2,372;881,2.3744377546197973E-7
2,227;969,-2.1438904673807408E-7
2,725;792,1.9777447517093163E-7
2,158;374,-1.9542583666086467E-7
2,5;227,1.9471560715629207E-7
2,145;268,-1.9449436169236347E-7
2,383;859,-1.833556494338015E-7
2,90;234,1.6849060813403648E-7
2,110;190,1.676339382456933E-7
2,469;929,1.6149361884534864E-7
2,16;968,1.5768124440652952E-7
2,376;980,-1.5058368867605297E-7
2,291;668,1.4103814144564992E-7
2,851;858,-1.3673142724147935E-7
2,306;464,1.355199574336746E-7
2,16;849,-1.3325847873314757E-7
2,659;814,-1.328908327602879E-7
2,382;794,-1.32676872290044E-7
2,315;788,1.288956979448759E-7
2,375;420,1.1517336388254876E-7
2,400;431,-1.1263239005089576E-7
2,682;761,-1.1220456586020361E-7
2,213;975,-1.0460922557266328E-7
2,27;333,-9.050435040608428E-8
2,219;643,8.435846989872376E-8
2,543;900,7.870561336397603E-8
2,427;909,5.959914815296258E-8
2,229;934,4.909874113629906E-8
2,461;697,-4.123739636329935E-8
2,645;876,-3.904116704182143E-8
2,185;698,-3.802506571262687E-8
2,476;920,-3.108876333930352E-8
2,140;416,3.0539997614872224E-8
2,287;897,-2.9122109249851703E-8
2,179;255,-1.785612259685987E-8
2,280;411,1.1122040892069806E-8
3,329;410;770,2.305747325831414E-4
3,41;421;951,-2.0925496325374193E-4
3,307;535;921,1.7730120720417476E-4
3,54;145;879,-1.750393055067719E-4
3,381;685;749,1.7258068315718773E-4
3,794;823;890,-1.7068579208762553E-4
3,67;609;721,1.6913245454920484E-4
3,368;443;841,1.6380297006648057E-4
3,603;693;843,-1.6338581119554508E-4
3,201;262;493,-1.6248161263110147E-4
3,135;453;811,-1.6193650184268265E-4
3,163;512;649,-1.6043637610754836E-4
3,589;648;696,-1.5880245008290228E-4
3,595;666;826,-1.5857364641131758E-4
3,358;407;548,-1.58088755639806E-4
3,450;886;915,1.579337467283784E-4
3,282;306;383,-1.5785579296658293E-4
3,767;891;999,-1.5231230158207264E-4
3,196;531;793,1.5163067605016405E-4
3,551;699;982,-1.5147653565963847E-4
3,17;513;597,-1.5098020026288748E-4
3,228;522;673,-1.5096981029399603E-4
3,208;515;605,1.5039124982477989E-4
3,419;650;900,-1.4993019354891474E-4
3,367;441;755,1.4958507359407136E-4
3,474;635;966,-1.4952481116120854E-4
3,133;524;617,-1.494758618711346E-4
3,350;683;998,-1.4885093853105456E-4
3,311;366;585,1.4865950712162235E-4
3,422;636;851,-1.4862816343045118E-4
3,242;415;670,-1.469753577703002E-4
3,235;442;630,-1.4655580077797847E-4
3,124;591;888,-1.4537534262154677E-4
3,301;840;973,1.4449747444944064E-4
3,274;828;893,-1.443002167930235E-4
3,628;695;974,1.442248243823586E-4
3,62;673;775,-1.43653453389419E-4
3,147;818;919,-1.4353374132917743E-4
3,26;483;917,1.4316029402253844E-4
3,573;592;657,1.423917743240825E-4
3,60;369;739,1.4215500225491708E-4
3,382;742;893,-1.4214915850383782E-4
3,271;495;792,1.4199853102726156E-4
3,305;393;703,1.4142076248284825E-4
3,336;632;900,-1.411304531081528E-4
3,259;590;720,1.4110703481283628E-4
3,18;176;659,-1.408051827106735E-4
3,128;529;834,1.405787164116314E-4
3,187;280;546,-1.4043819899128685E-4
3,292;789;798,-1.401965604703142E-4
3,404;610;921,1.4008349786785257E-4
3,162;168;598,1.400039799640816E-4
3,245;379;796,-1.3987293693705448E-4
3,522;599;687,-1.3973793200391398E-4
3,288;468;847,-1.392446235552103E-4
3,142;250;771,1.3886631549365813E-4
3,688;696;744,1.386481428512592E-4
3,187;193;750,-1.3841907092838426E-4
3,27;465;901,1.3825715429348462E-4
3,598;905;948,-1.3819048446277838E-4
3,56;460;637,-1.3812389056776618E-4
3,90;234;537,1.3749802853794306E-4
3,203;343;673,-1.3733649318675145E-4
3,598;600;714,-1.371874591117706E-4
3,50;182;660,-1.371198219000351E-4
3,509;715;896,-1.36998696413161E-4
3,140;303;556,1.3651973353776432E-4
3,227;971;995,-1.3650894113955087E-4
3,153;397;890,1.362245037323375E-4
3,257;603;917,1.360218874245602E-4
3,244;495;683,1.3585423080980912E-4
3,114;340;501,-1.3578822444213143E-4
3,198;202;910,-1.3571824784212698E-4
3,302;432;938,-1.3538207154091794E-4
3,532;814;873,1.3536345830808522E-4
3,98;678;956,1.3524955001131394E-4
3,40;579;664,1.3479230490174925E-4
3,133;306;726,-1.3454867162367452E-4
3,50;169;960,1.34461087627824E-4
3,316;525;990,-1.3418141297047402E-4
3,250;493;771,1.3417485249616728E-4
3,227;306;677,-1.341519994106135E-4
3,242;720;960,-1.3408214235224202E-4
3,431;798;916,1.3378488461407412E-4
3,251;600;695,1.335404382660422E-4
3,84;809;876,1.3352308389154947E-4
3,287;443;723,1.328416807809707E-4
3,352;514;525,-1.3253898331188092E-4
3,745;748;835,-1.3241767211952967E-4
3,14;35;153,1.317530119875799E-4
3,466;519;843,1.3165975126537086E-4
3,84;758;844,-1.3145908904523145E-4
3,284;437;928,1.3130713476735246E-4
3,48;373;618,1.3089207445149E-4
3,509;530;746,-1.30802735444568E-4
3,22;485;664,1.3054641034075863E-4
3,110;408;446,1.3054252699826353E-4
3,119;191;637,1.304136503790574E-4
3,601;631;846,-1.3026021908354136E-4
3,78;674;898,1.3019527068604714E-4
3,279;462;986,-1.3015230923302777E-4
3,69;123;359,1.301270844337646E-4
3,510;695;711,1.297620172389989E-4
3,84;125;863,-1.2975126846598726E-4
3,11;446;977,1.2960422275856958E-4
3,227;715;949,-1.2957092689842373E-4
3,41;258;765,1.2936533279374598E-4
3,88;259;930,-1.2920450881433927E-4
3,337;505;548,1.2908974825787933E-4
3,372;517;881,1.289510935780473E-4
3,404;420;871,-1.2887545013383255E-4
3,559;585;987,-1.2883919287833614E-4
3,267;725;768,-1.2881262647036494E-4
3,126;773;954,1.286960189335271E-4
3,62;359;543,1.286449055075451E-4
3,379;684;832,1.2860035578662608E-4
3,124;661;888,-1.2856876947230558E-4
3,649;739;898,1.2845406185030123E-4
3,9;372;440,-1.2844735091414845E-4
3,53;144;301,-1.2834977404525415E-4
3,449;485;547,1.2794412118485412E-4
3,74;439;971,1.2791297344256973E-4
3,404;685;743,-1.2764026946501244E-4
3,158;355;447,-1.275659250965922E-4
3,746;835;992,-1.274669222614E-4
3,60;82;222,-1.272998876935939E-4
3,311;670;720,-1.2715137601287726E-4
3,180;379;599,1.269796283755308E-4
3,214;510;616,1.2694554608018847E-4
3,199;423;547,-1.2643727902001938E-4
3,381;439;446,1.263636037306008E-4
3,91;207;984,1.2635649412095704E-4
3,155;441;632,1.262663642373692E-4
3,34;207;389,-1.261515286900458E-4
3,367;376;380,1.2595631868322202E-4
3,831;913;952,-1.2577417584729006E-4
3,217;458;869,-1.2571937851718856E-4
3,685;715;743,1.2562880918309648E-4
3,223;525;999,-1.2532481091098366E-4
3,79;634;701,-1.252654956420089E-4
3,194;418;958,-1.2525569557100992E-4
3,147;219;818,-1.2518390976296124E-4
3,214;232;518,1.2493112793179827E-4
3,560;781;965,-1.2478424202524565E-4
3,474;794;911,-1.2462794984652366E-4
3,323;868;989,-1.2462655391440425E-4
3,234;863;887,1.2460038804405042E-4
3,216;910;987,1.243593225124E-4
3,343;809;913,-1.2428968459409273E-4
3,158;669;912,1.2428357705717428E-4
3,153;607;793,1.2427295481744644E-4
3,24;154;632,1.2421163262018952E-4
3,68;96;217,-1.2405454631840776E-4
3,171;199;752,1.2404209572007573E-4
3,380;628;710,1.237723277191741E-4
3,33;289;500,1.2365899637803814E-4
3,414;461;503,-1.236508903690718E-4
3,13;444;497,1.234965014444098E-4
3,240;383;994,-1.2335136384668055E-4
3,76;524;934,1.2335134681295192E-4
3,211;578;996,-1.2313728814374822E-4
3,156;365;670,1.2294227719273235E-4
3,12;207;519,-1.2293508285600815E-4
3,266;356;940,1.2289853868043435E-4
3,10;187;864,1.2255577357557092E-4
3,397;883;936,-1.225539225737235E-4
3,373;677;947,-1.2223486273956833E-4
3,69;123;153,-1.2174591214962586E-4
3,488;668;827,-1.2164467646427039E-4
3,266;581;928,-1.2143811332132255E-4
3,368;529;531,1.2116047557248523E-4
3,68;779;833,-1.2104371448605688E-4
3,280;411;561,-1.2101088026857005E-4
3,157;556;569,1.2099840032425837E-4
3,54;686;964,1.209759257920027E-4
3,159;749;872,-1.209173171583726E-4
3,226;619;642,-1.2086153346760223E-4
3,682;758;761,-1.2077693875351878E-4
3,11;813;910,1.2074176594338173E-4
3,150;508;552,-1.2071154992328622E-4
3,237;277;767,1.2041706241020202E-4
3,5;228;424,1.2033405003510601E-4
3,298;427;586,-1.202928537126178E-4
3,17;38;988,1.2008442957995114E-4
3,15;100;721,1.2005635258547578E-4
3,15;809;970,1.1964778669904864E-4
3,379;421;628,-1.1962760870323907E-4
3,243;363;807,1.1961898652502811E-4
3,27;791;894,1.1958082181850666E-4
3,601;770;990,-1.1952745384347477E-4
3,512;891;957,1.1948214687031546E-4
3,328;690;766,1.1921402619702147E-4
3,334;583;837,1.1913493341904358E-4
3,2;246;425,-1.1913008662304815E-4
3,121;336;883,-1.1912431303360244E-4
3,197;811;880,-1.1891181880724346E-4
3,502;751;968,-1.1884463442812302E-4
3,154;222;241,1.1882079903484613E-4
3,25;422;832,1.1876309501430842E-4
3,267;395;614,1.1873554394941988E-4
3,440;640;752,-1.1870654223495188E-4
3,302;801;892,-1.1865192635544472E-4
3,87;248;892,-1.1860596617820364E-4
3,149;883;917,1.1855231720720172E-4
3,64;307;731,1.1853564029063482E-4
3,306;667;919,1.1849743606681266E-4
3,91;639;746,1.1849651618194831E-4
3,301;387;434,-1.1842164819689726E-4
3,140;416;595,1.1817094721822889E-4
3,620;950;976,1.1798066689857898E-4
3,96;462;949,1.1782415975805489E-4
3,37;497;662,-1.1764808910147439E-4
3,160;690;968,-1.1759788309350008E-4
3,133;640;778,1.1728799793116699E-4
3,1;225;338,1.1727081016301989E-4
3,74;762;985,-1.1693372812127122E-4
3,80;677;994,1.1688409781851361E-4
3,218;285;889,1.168451033875073E-4
3,783;876;970,-1.168187793776736E-4
3,376;451;730,1.1664719480477676E-4
3,153;216;968,1.1650450991408811E-4
3,385;409;861,-1.1632885537861324E-4
3,579;827;849,1.1625945756342701E-4
3,40;340;387,1.1615729423655028E-4
3,14;69;860,1.161246555418364E-4
3,161;196;335,-1.1612206897099769E-4
3,68;779;898,-1.1607190221524782E-4
3,243;775;809,-1.1578169727500444E-4
3,21;364;989,1.1566738564535342E-4
3,46;78;998,1.1554719553686125E-4
3,53;372;440,1.1553552806443658E-4
3,126;331;773,-1.1548947741183355E-4
3,563;629;675,-1.153083448929695E-4
3,11;41;496,-1.1525229798331291E-4
3,84;619;758,-1.1518501681112171E-4
3,196;377;387,-1.1515924437092756E-4
3,159;368;529,-1.1505912514727351E-4
3,440;837;929,-1.1505384696093221E-4
3,80;193;844,1.1494262904993158E-4
3,423;643;803,-1.1493720183745487E-4
3,129;404;980,-1.1479889750647312E-4
3,277;550;639,1.1475627981465456E-4
3,371;782;910,1.147161417005537E-4
3,425;809;949,-1.1471552642995809E-4
3,25;768;910,1.1469408490174642E-4
3,109;126;727,-1.1466950006342427E-4
3,225;328;765,1.1464015647756029E-4
3,119;238;857,-1.1458191524941156E-4
3,474;786;794,-1.145206081072588E-4
3,576;595;968,-1.1443926848220548E-4
3,573;592;924,1.1425351625653788E-4
3,174;457;887,1.1417394186105053E-4
3,34;401;789,1.1377753254196734E-4
3,467;474;528,-1.137493712065328E-4
3,181;351;648,-1.1374760761772276E-4
3,28;77;833,-1.137343961415843E-4
3,551;610;872,-1.1371803082719671E-4
3,306;677;831,-1.1369776961075393E-4
3,266;314;465,1.1363696401977428E-4
3,325;785;903,-1.1363279120726463E-4
3,207;512;961,1.1345403924685348E-4
3,233;295;537,1.1334615023376233E-4
3,505;795;839,1.1312096650081043E-4
3,227;415;713,1.1310532036071268E-4
3,32;137;860,-1.129457756681452E-4
3,580;583;855,-1.1283477718317492E-4
3,505;792;963,-1.127882087427845E-4
3,276;689;784,-1.1250775889239756E-4
3,163;403;828,-1.1247796641203597E-4
3,453;589;888,-1.1238172475596716E-4
3,69;233;396,-1.1234123913281748E-4
3,55;59;634,-1.1230240862773932E-4
3,364;401;883,-1.1214220156867444E-4
3,466;556;583,-1.1208213674054411E-4
3,539;666;685,1.1196941641864575E-4
3,196;505;839,1.1181291697583899E-4
3,414;681;815,1.1174857775609988E-4
3,100;118;258,1.1164420270644705E-4
3,450;586;611,1.115859934611063E-4
3,168;401;518,-1.1147662938821536E-4
3,258;540;841,-1.1140865271177951E-4
3,166;439;521,1.1139849054174307E-4
3,160;177;936,-1.1127900917947092E-4
3,497;659;976,1.1115769564783698E-4
3,109;574;614,-1.1110286853460831E-4
3,163;322;596,1.1098319453278146E-4
3,70;910;935,1.109578423184858E-4
3,323;358;722,1.1082756924383963E-4
3,717;737;944,1.1080742634771376E-4
3,811;858;940,-1.1073934782482921E-4
3,322;403;596,1.1060613183147922E-4
3,713;849;956,-1.1059303098009866E-4
3,657;880;986,-1.105459597455968E-4
3,172;314;690,1.1042881564877763E-4
3,442;487;731,1.103854410254705E-4
3,14;327;971,1.1034745021597442E-4
3,128;811;872,-1.1031956008975485E-4
3,429;446;993,1.1024812428903186E-4
3,34;82;897,1.1011281350219472E-4
3,15;422;809,-1.1007931963537085E-4
3,330;414;999,-1.1004356658558568E-4
3,486;497;508,-1.0996969140506371E-4
3,330;437;676,-1.0993968606528788E-4
3,230;910;935,1.0990541761781153E-4
3,106;168;401,-1.0979041642469687E-4
3,167;237;906,1.0976544930862135E-4
3,264;675;876,1.0959034172432547E-4
3,94;592;844,-1.0954611724099023E-4
3,166;371;965,1.0950996289916996E-4
3,109;208;952,1.0940329953807899E-4
3,192;207;857,-1.09339197635909E-4
3,202;425;916,-1.0931836488032695E-4
3,107;565;975,1.0928971079769242E-4
3,284;756;834,1.0926033981250873E-4
3,1;670;945,-1.0915639194019702E-4
3,14;312;676,1.0911884558221911E-4
3,195;586;611,1.0910784394195711E-4
3,81;594;917,-1.0902452040029065E-4
3,259;301;645,1.0897194487953918E-4
3,303;367;826,-1.0895374239926493E-4
3,256;265;468,-1.0878960608736938E-4
3,63;217;768,-1.0874856011378223E-4
3,620;718;950,-1.0852217786557664E-4
3,75;166;439,1.0843407412168466E-4
3,294;384;760,1.0842411634084431E-4
3,78;628;881,1.0834142581700595E-4
3,41;94;299,1.0830096242703976E-4
3,283;452;958,1.082654673505219E-4
3,81;307;728,-1.0811573017924471E-4
3,103;347;695,1.0806039799648129E-4
3,837;910;929,1.0779659862969378E-4
3,194;565;902,-1.0772026679907959E-4
3,575;873;913,-1.075043407236596E-4
3,359;530;592,-1.0718721593620371E-4
3,81;626;917,1.0714327230430234E-4
3,156;658;770,-1.0707534799299538E-4
3,592;657;924,-1.0697384925013587E-4
3,62;359;900,-1.0693376497798952E-4
3,534;659;984,-1.0686751683881563E-4
3,749;874;929,-1.0685687982773399E-4
3,323;358;749,1.0679101107698136E-4
3,395;404;898,-1.0678744785183928E-4
3,140;261;303,-1.0666394059969724E-4
3,174;488;647,-1.0650619647756024E-4
3,79;284;717,1.0641562618675443E-4
3,105;312;975,1.0637963250042937E-4
3,14;387;738,1.0632490614810893E-4
3,83;170;671,1.0629252314489542E-4
3,481;603;876,1.0624786956361293E-4
3,2;267;279,-1.0617062736887761E-4
3,50;99;726,-1.0615650294054288E-4
3,116;847;928,1.06126986174481E-4
3,15;507;635,1.0598500330553886E-4
3,559;605;658,-1.0593993669352745E-4
3,651;904;906,-1.0593338926239603E-4
3,633;870;889,1.0592859106499502E-4
3,298;367;377,1.058378971654828E-4
3,233;396;849,1.0581374424459602E-4
3,99;300;504,1.0579975602771489E-4
3,491;580;862,-1.0564523744469305E-4
3,39;77;748,-1.0563743376024337E-4
3,88;276;784,-1.0563527506730169E-4
3,520;938;943,-1.0561038169529622E-4
3,69;233;786,-1.0558614286662518E-4
3,95;413;853,-1.0548732985716827E-4
3,6;36;756,1.054860122362925E-4
3,27;49;109,1.0541279263652418E-4
3,108;455;548,1.0533922758651992E-4
3,257;269;276,-1.0530667111711363E-4
3,720;807;839,1.0524037673874029E-4
3,419;420;444,-1.0520960951869679E-4
3,118;491;910,1.0515976762971682E-4
3,116;221;538,1.0511594731678686E-4
3,137;682;805,1.0511409525828616E-4
3,86;439;953,1.0508274240269898E-4
3,282;774;998,1.049734592940367E-4
3,56;227;385,-1.0485349455623961E-4
3,30;725;925,1.0480085596364766E-4
3,547;689;814,1.0478087096361943E-4
3,245;307;743,-1.0473766678766912E-4
3,97;517;651,-1.0470858199227038E-4
3,166;371;756,1.0464801123050893E-4
3,55;794;830,-1.0462352867858967E-4
3,12;715;951,1.0456526473702329E-4
3,649;709;898,1.0451430677168552E-4
3,167;706;753,1.0449565646051588E-4
3,142;459;483,-1.0446468998866903E-4
3,544;742;748,1.0441081266972691E-4
3,278;468;848,-1.0433104868085281E-4
3,451;820;867,-1.0428989764679192E-4
3,18;862;868,-1.0424927340903212E-4
3,720;846;935,-1.0424026205537195E-4
3,177;187;690,1.0409625462652123E-4
3,153;337;641,1.040408687609123E-4
3,113;592;849,-1.0403762836980972E-4
3,672;763;764,1.040189326229274E-4
3,55;123;794,1.039758925090112E-4
3,153;459;582,-1.0397040245712872E-4
3,83;572;633,1.03854250507915E-4
3,56;557;801,-1.0376853278191494E-4
3,467;700;948,-1.0368359732408388E-4
3,189;611;672,-1.0360680167594652E-4
3,438;720;772,1.035586968260379E-4
3,382;424;523,1.035152667029876E-4
3,272;302;910,-1.0348560970253571E-4
3,108;524;675,1.0348397277314642E-4
3,194;418;590,1.0341199317054636E-4
3,387;434;799,1.0340095155581E-4
3,304;611;640,1.0339916415513706E-4
3,435;701;860,-1.0324576057641193E-4
3,655;779;938,1.0324289371490652E-4
3,299;740;947,-1.0320563913133973E-4
3,421;439;815,1.031963422068095E-4
3,265;468;859,-1.0308879526128212E-4
3,10;337;911,-1.0308304433107634E-4
3,502;701;825,-1.0297604848229107E-4
3,69;734;931,1.0296586755929478E-4
3,390;717;978,1.029457215957521E-4
3,149;507;896,1.028865196889084E-4
3,856;880;986,1.0283108814614745E-4
3,301;314;652,1.0274188730018662E-4
3,193;199;263,-1.0263352568047355E-4
3,433;716;903,-1.026182396198318E-4
3,725;884;982,-1.0258367566166341E-4
3,158;374;447,1.0255677322087876E-4
3,255;373;438,1.0246595735975972E-4
3,467;938;943,-1.0246284700244912E-4
3,52;420;444,1.0234216278581024E-4
3,250;840;973,1.0233330495056594E-4
3,190;324;862,1.0218241023130332E-4
3,189;569;892,1.0204612530133011E-4
3,343;451;867,1.019914797605592E-4
3,230;476;630,1.0191695367672681E-4
3,194;412;693,-1.0185601099071888E-4
3,619;758;812,1.01760919981372E-4
3,90;442;790,1.0166500377569975E-4
3,193;285;560,1.0162721022666444E-4
3,219;675;773,-1.01604787961065E-4
3,385;409;774,-1.0156551195617379E-4
3,164;284;497,-1.0156277980433612E-4
3,133;443;967,1.0153343817511531E-4
3,511;763;960,-1.0144747649392062E-4
3,7;748;967,-1.014428113614328E-4
3,132;686;928,1.0144120964839796E-4
3,118;876;945,-1.013890205640114E-4
3,179;742;849,1.0134751830487657E-4
3,86;311;981,-1.0126897669702394E-4
3,292;685;787,1.01158946994209E-4
3,307;410;810,-1.0107444687368789E-4
3,296;400;717,-1.0090386212830353E-4
3,524;582;883,-1.0087708665746189E-4
3,239;351;476,-1.0083118737863538E-4
3,2;270;790,-1.0080347391106883E-4
3,104;175;325,-1.0072033943613045E-4
3,72;565;640,-1.0071302420538596E-4
3,310;533;771,1.007089474592512E-4
3,609;910;920,1.0070081063004003E-4
3,328;765;766,1.0062493839275257E-4
3,166;642;942,1.0055480032762148E-4
3,162;289;891,-1.0054410571886917E-4
3,127;148;964,1.0051138341604887E-4
3,50;682;855,-1.0046368898075628E-4
3,0;4;323,1.0036886084846941E-4
3,441;503;544,-1.0029031132132614E-4
3,194;343;710,1.0021496088857678E-4
3,126;135;727,-1.0018760881563675E-4
3,269;564;900,1.0018638843444556E-4
3,161;207;509,-1.0009436776720773E-4
3,561;634;861,1.0008058804064723E-4
3,311;807;839,1.0007010084759396E-4
3,300;556;569,-1.0001792941878681E-4
3,442;790;881,-1.0001082694259713E-4
3,108;385;484,1.0000644964361278E-4
3,409;519;882,9.998057478223307E-5
3,322;920;959,-9.997833294674572E-5
3,103;151;695,9.99615893028347E-5
3,27;337;821,-9.994626943015906E-5
3,39;841;881,-9.99251029041528E-5
3,336;806;955,9.990460357840588E-5
3,156;371;910,9.990452473906539E-5
3,228;600;749,-9.989442537029678E-5
3,97;215;517,-9.981356441990568E-5
3,10;299;793,9.966622629533835E-5
3,429;611;993,9.961342171784731E-5
3,46;218;405,-9.956798835612713E-5
3,321;553;935,9.956785020120805E-5
3,301;812;996,9.95531735806937E-5
3,690;757;957,-9.95356383336651E-5
3,110;381;692,9.94823934102551E-5
3,30;38;580,9.942260440709624E-5
3,643;828;882,-9.928223805975948E-5
3,284;634;717,-9.921909612634846E-5
3,63;659;728,9.909455241768927E-5
3,65;466;843,-9.90354637841569E-5
3,73;179;825,9.902705426079093E-5
3,325;677;785,9.902388848047272E-5
3,47;118;222,9.899869346289853E-5
3,16;71;745,9.893210110569492E-5
3,567;672;764,-9.890612737162994E-5
3,260;547;598,-9.888347730696009E-5
3,255;498;791,-9.887422432052769E-5
3,114;211;384,9.8848905045409E-5
3,71;208;515,9.882386635254667E-5
3,546;603;914,9.877558466945383E-5
3,38;447;580,-9.868529336736495E-5
3,156;357;879,9.857006446773973E-5
3,312;473;729,-9.855578547879378E-5
3,294;482;625,-9.853784487939021E-5
3,347;630;872,-9.850610225375097E-5
3,338;404;553,-9.848484227610195E-5
3,249;327;540,-9.846550174614124E-5
3,97;651;907,-9.834526916753008E-5
3,391;522;625,-9.833780366971219E-5
3,271;401;711,9.833556191244168E-5
3,299;496;740,9.832022693310205E-5
3,128;701;860,-9.831393895530105E-5
3,198;199;313,-9.830665147142865E-5
3,373;637;755,9.82556494494245E-5
3,9;160;568,9.81403784337774E-5
3,280;792;963,9.811306297295289E-5
3,233;786;849,-9.810617718550657E-5
3,89;572;760,-9.808740743540506E-5
3,56;363;531,-9.802881265484023E-5
3,264;286;431,9.797622534477062E-5
3,441;462;949,9.797535925474685E-5
3,99;233;615,-9.797291881239607E-5
3,68;541;791,-9.787953162689095E-5
3,293;299;837,9.786362673026414E-5
3,17;79;538,9.785901538923578E-5
3,235;486;489,9.785684793204067E-5
3,60;582;792,-9.780649840917394E-5
3,407;444;723,9.777584605297558E-5
3,206;242;960,-9.775711025568966E-5
3,258;690;968,-9.773394970756379E-5
3,251;351;447,-9.766170181622688E-5
3,195;807;883,-9.765063712353092E-5
3,131;336;440,-9.76319744904573E-5
3,552;658;872,9.75302833212867E-5
3,229;339;442,-9.751391496590954E-5
3,295;740;783,-9.749260640619615E-5
3,283;527;568,9.741788727037563E-5
3,143;625;933,9.741467204405463E-5
3,152;209;596,9.736904895383473E-5
3,65;441;503,-9.736177559732603E-5
3,338;704;727,-9.73176888007599E-5
3,129;156;902,-9.729543443732763E-5
3,29;75;494,-9.723653639631963E-5
3,202;287;996,-9.722962142364395E-5
3,423;535;817,-9.719397506713217E-5
3,392;715;800,9.715849878841488E-5
3,614;908;984,9.715288547294712E-5
3,566;718;792,-9.709170181825483E-5
3,116;538;967,-9.708696814018755E-5
3,556;737;791,-9.70053082449872E-5
3,438;643;882,-9.698806129544103E-5
3,291;538;782,9.695510565085977E-5
3,96;372;775,-9.689270523107611E-5
3,105;170;171,9.68914734034578E-5
3,595;785;851,9.680132989911007E-5
3,65;454;503,-9.678989692378784E-5
3,695;711;829,-9.67851879410002E-5
3,0;34;378,9.675315586945726E-5
3,149;265;660,-9.670115012278017E-5
3,172;621;936,-9.6674657759619E-5
3,38;47;522,9.66320404813705E-5
3,420;518;771,-9.662096133176982E-5
3,157;407;494,-9.661399327663513E-5
3,14;672;922,-9.651857641588175E-5
3,279;328;966,9.649523976368436E-5
3,868;889;989,9.641801869496986E-5
3,493;502;779,-9.628303509626017E-5
3,313;647;688,-9.62701122599904E-5
3,47;118;637,-9.626098450913684E-5
3,172;351;497,9.623908949583247E-5
3,392;459;715,9.622814356858595E-5
3,431;557;762,-9.611427389823274E-5
3,67;721;855,9.61074949459781E-5
3,246;627;683,9.602172308244748E-5
3,98;226;700,-9.598803225003313E-5
3,257;485;929,9.596606739032185E-5
3,336;683;708,-9.596469222965023E-5
3,222;593;693,-9.59629416010081E-5
3,266;467;468,-9.59502914247128E-5
3,177;757;957,-9.584863048522584E-5
3,93;836;888,-9.584835197297413E-5
3,96;616;962,-9.58038774081127E-5
3,480;829;926,9.574857673386468E-5
3,130;518;927,-9.572164346410348E-5
3,393;396;785,-9.571233420525475E-5
3,624;967;996,-9.569135945223245E-5
3,487;602;898,9.561641609596603E-5
3,257;485;695,-9.556328217241573E-5
3,624;931;955,9.553034447005495E-5
3,664;725;959,9.54863187295311E-5
3,16;638;968,9.541922063128198E-5
3,34;70;207,-9.540027659787595E-5
3,574;673;901,9.532913940328524E-5
3,161;601;641,9.532507680003691E-5
3,236;691;942,9.53169894758543E-5
3,267;677;874,9.531386211856461E-5
3,201;715;794,9.530302924076856E-5
3,182;388;891,9.527125810152562E-5
3,138;140;781,-9.524182986173459E-5
3,20;280;805,-9.521517452682726E-5
3,71;945;994,-9.521423849403913E-5
3,12;480;872,-9.509987330799559E-5
3,209;275;577,9.509656957689673E-5
3,587;773;987,9.5065616571319E-5
3,195;381;918,9.506149426752191E-5
3,252;680;920,9.505523580699423E-5
3,27;85;959,9.505288019643968E-5
3,443;533;935,-9.501834333547025E-5
3,164;476;852,9.495450422755397E-5
3,148;206;862,9.489289128579608E-5
3,216;269;541,9.48881257717446E-5
3,265;388;929,-9.488029099006199E-5
3,151;275;485,-9.482483746440557E-5
3,92;281;603,-9.469383676654337E-5
3,452;593;625,-9.467177067901106E-5
3,160;352;447,-9.463666378404058E-5
3,82;602;798,-9.461840178471202E-5
3,232;518;835,9.455835456263034E-5
3,488;584;827,9.449107526034917E-5
3,367;377;841,-9.447274537981634E-5
3,314;452;625,-9.446894604367606E-5
3,381;525;987,9.445538338215473E-5
3,516;814;996,9.442313151493298E-5
3,16;745;965,9.440081179836722E-5
3,245;392;723,-9.43922366498392E-5
3,307;426;799,-9.429957316232316E-5
3,166;233;438,9.428781083881199E-5
3,50;724;971,-9.421110839574073E-5
3,142;188;250,-9.420412250681277E-5
3,323;868;889,9.417526417464158E-5
3,174;488;993,-9.415534677908798E-5
3,829;903;911,-9.415471890223479E-5
3,333;493;851,9.414404017927816E-5
3,189;344;743,-9.412192271542654E-5
3,709;739;898,-9.409368710529327E-5
3,270;701;852,-9.405458760664884E-5
3,97;438;772,-9.399890843576908E-5
3,7;614;702,-9.394661655338416E-5
3,246;797;833,-9.394609668362287E-5
3,507;945;965,9.394508986582603E-5
3,42;99;839,-9.394059853432207E-5
3,407;456;965,-9.391346758444486E-5
3,186;384;466,-9.385491397445166E-5
3,566;623;696,-9.382548070700411E-5
3,14;377;738,-9.38154338948565E-5
3,300;381;465,9.378864172832921E-5
3,105;524;832,9.37354533158697E-5
3,344;486;803,-9.373283690043246E-5
3,164;212;396,9.371882921093073E-5
3,179;544;748,9.365799822669038E-5
3,296;536;613,-9.365527881976228E-5
3,326;856;910,-9.362796712793217E-5
3,425;743;828,9.362275396493929E-5
3,20;288;813,-9.355640791438334E-5
3,63;81;150,-9.350132639947681E-5
3,60;681;961,-9.348829893822722E-5
3,336;348;681,9.344568928224079E-5
3,186;254;515,-9.344556317646596E-5
3,120;416;626,9.344500125071596E-5
3,715;743;968,9.342983716024048E-5
3,158;358;548,9.340974242587745E-5
3,115;834;985,-9.338904233783821E-5
3,800;904;906,-9.336919785254052E-5
3,466;826;888,-9.333291921834708E-5
3,298;377;892,-9.330797143047096E-5
3,82;292;798,9.329400150215425E-5
3,2;35;860,-9.327628627495581E-5
3,416;458;502,-9.326387096171442E-5
3,503;550;912,-9.324330118047103E-5
3,307;341;745,9.31973063093611E-5
3,65;327;875,-9.318105452202585E-5
3,163;220;512,-9.314825708026692E-5
3,363;775;809,-9.307580214437516E-5
3,177;370;637,9.302906171637383E-5
3,122;691;789,9.301663866791102E-5
3,193;414;844,-9.296663676367138E-5
3,194;545;659,9.29580660014421E-5
3,382;762;936,9.294295616403129E-5
3,107;295;975,9.292958015544993E-5
3,68;173;495,-9.284666542202705E-5
3,133;370;637,-9.281781128365515E-5
3,605;665;753,9.280699065471026E-5
3,686;749;780,-9.278733047192117E-5
3,591;871;981,-9.27559497933173E-5
3,270;677;729,-9.273467431051178E-5
3,316;411;786,-9.271420537634972E-5
3,278;429;816,-9.270477062074392E-5
3,170;171;551,-9.266722126743782E-5
3,551;553;571,-9.261058870810987E-5
3,293;733;939,9.258840810789565E-5
3,100;390;420,-9.257366698292199E-5
3,756;834;940,9.250912224167709E-5
3,462;611;640,9.249514450737376E-5
3,261;399;853,9.248258744220397E-5
3,88;664;930,9.246522485747723E-5
3,16;71;715,-9.246418027581995E-5
3,23;589;696,9.243609740402088E-5
3,205;262;885,-9.241415711434465E-5
3,752;788;818,-9.234744842740354E-5
3,35;375;564,-9.232164133405337E-5
3,381;439;977,9.232124383765531E-5
3,16;713;956,-9.227470164593327E-5
3,599;920;923,-9.225252218048867E-5
3,446;611;993,9.222505624725827E-5
3,96;319;616,-9.222278126524877E-5
3,482;590;720,-9.218219021345807E-5
3,168;792;952,-9.210076198004769E-5
3,68;301;840,-9.208923782758482E-5
3,335;825;955,-9.207187682652905E-5
3,97;582;720,9.206423661920667E-5
3,94;211;783,-9.202918503757943E-5
3,76;386;983,-9.201613491744899E-5
3,410;756;966,-9.198859968384811E-5
3,651;772;904,-9.197099737592141E-5
3,421;766;818,-9.193366013376886E-5
3,92;775;896,9.19325511135839E-5
3,686;749;763,-9.190438045790489E-5
3,203;269;673,9.188050506866062E-5
3,780;861;903,9.180566220844158E-5
3,7;301;309,-9.17755073215116E-5
3,522;523;758,9.176307169306051E-5
3,202;246;916,9.173726385244264E-5
3,166;352;942,9.172513323442213E-5
3,224;334;954,-9.158068726509775E-5
3,704;784;935,9.157145761284017E-5
3,232;483;518,9.155915107945E-5
3,201;215;496,-9.145395268184573E-5
3,211;673;906,-9.139421185274932E-5
3,220;326;424,9.12841108065178E-5
3,103;718;895,9.127350062807584E-5
3,707;730;980,9.11945348236231E-5
3,17;38;951,-9.115276443724848E-5
3,269;631;928,9.112789431049764E-5
3,184;408;724,9.111871573482676E-5
3,302;608;828,-9.103086025549153E-5
3,196;232;647,-9.102347462573021E-5
3,109;952;959,9.098049174000845E-5
3,319;682;761,9.095607427313873E-5
3,221;411;559,9.09495793516293E-5
3,393;477;747,9.094765959097321E-5
3,86;142;963,9.08892169450611E-5
3,455;528;548,9.08339221216809E-5
3,104;421;884,9.082755331345528E-5
3,107;408;672,-9.081088366968602E-5
3,449;489;945,9.078610761057327E-5
3,433;834;903,9.0555324120363E-5
3,489;945;994,9.053647490901278E-5
3,104;308;561,-9.052748611990308E-5
3,279;291;826,-9.04788852869461E-5
3,133;177;778,-9.039724830235289E-5
3,117;494;987,9.039444702385522E-5
3,157;384;494,9.033511502062598E-5
3,441;445;632,9.03132280855776E-5
3,179;791;985,-9.027540157862152E-5
3,336;459;870,-9.021325835979107E-5
3,517;600;640,9.020028935065555E-5
3,205;913;949,-9.018632743554136E-5
3,105;409;706,9.013343102013108E-5
3,227;740;971,9.01137553947503E-5
3,27;72;959,-9.011137548841611E-5
3,838;878;934,-9.007931889606732E-5
3,99;233;528,9.00586192147211E-5
3,221;629;793,9.002910611328244E-5
3,228;522;813,-9.00194270731442E-5
3,223;472;878,9.000930985851248E-5
3,445;474;794,-8.999994322086233E-5
3,19;276;897,-8.998390677558052E-5
3,104;256;858,8.998168151884957E-5
3,491;658;910,8.989191496975722E-5
3,77;95;106,-8.983267768901752E-5
3,46;372;897,-8.983035997942238E-5
3,130;496;898,8.98186132454846E-5
3,375;477;732,-8.968567051797547E-5
3,161;224;916,8.966086791890629E-5
3,69;420;518,-8.95916574748539E-5
3,244;569;717,8.957570612499208E-5
3,496;533;740,8.955137903850762E-5
3,81;141;594,8.944098595317643E-5
3,61;721;849,-8.940895708853739E-5
3,71;489;994,8.939361166152047E-5
3,68;161;791,-8.936347369238286E-5
3,156;177;770,8.928620207194106E-5
3,377;383;852,8.927345865367884E-5
3,25;696;744,-8.924951977862188E-5
3,278;853;958,-8.924496911935463E-5
3,43;531;598,8.923675610075155E-5
3,142;252;963,8.9222747085103E-5
3,62;592;900,-8.912690784384086E-5
3,65;327;879,-8.912648091186795E-5
3,97;497;772,8.90730859395049E-5
3,440;837;910,-8.906809338684271E-5
3,306;726;831,-8.906645704700725E-5
3,390;502;555,-8.898503374269453E-5
3,219;759;866,-8.897197612068423E-5
3,177;377;495,-8.890627605659755E-5
3,18;649;984,-8.889988965358887E-5
3,599;837;997,8.880108453746932E-5
3,58;468;848,-8.877376022944145E-5
3,196;381;779,8.868622968064935E-5
3,96;876;951,8.865513109683416E-5
3,104;596;807,8.862833664662573E-5
3,191;530;547,8.86098255522212E-5
3,120;341;921,-8.853551745921113E-5
3,25;60;661,8.852576999751525E-5
3,159;366;679,8.851212741738487E-5
3,595;779;923,-8.850730161012457E-5
3,195;586;830,-8.849325663712576E-5
3,41;77;951,-8.845178437656313E-5
3,324;364;617,8.842540187511097E-5
3,238;737;842,8.8381007502956E-5
3,130;456;927,-8.826778694548587E-5
3,551;872;933,8.826265961669304E-5
3,89;767;890,8.824209943345974E-5
3,99;582;802,-8.817759836435829E-5
3,560;734;768,8.817023492578746E-5
3,88;487;636,-8.81424400307191E-5
3,116;493;846,8.809378198683019E-5
3,10;299;733,-8.808230830642523E-5
3,239;456;709,-8.80704148892313E-5
3,27;72;414,-8.803688170058309E-5
3,613;878;934,-8.802318771308793E-5
3,279;343;361,8.802055807147094E-5
3,169;719;995,8.795016528929168E-5
3,680;773;981,-8.792661480040884E-5
3,64;645;853,8.789472549375792E-5
3,148;500;803,-8.7860654080637E-5
3,509;603;746,8.783629503177277E-5
3,45;222;700,8.781583014711796E-5
3,544;791;950,8.777035695202101E-5
3,91;451;820,8.776766260862593E-5
3,336;708;971,8.776547587119474E-5
3,168;735;792,-8.771952940035319E-5
3,324;440;770,-8.771479424097135E-5
3,222;486;697,8.76583380912168E-5
3,4;20;323,8.762612162076477E-5
3,50;874;960,8.762053627246214E-5
3,60;538;782,8.760636821010763E-5
3,235;442;486,8.756333222769876E-5
3,422;738;832,-8.75465614661462E-5
3,278;315;796,8.753509127567533E-5
3,228;287;596,-8.752987072168976E-5
3,267;662;931,8.748150430041096E-5
3,415;910;920,8.747628052877504E-5
3,51;265;660,8.747007548029045E-5
3,24;717;737,-8.742543469531938E-5
3,523;757;758,-8.742327251143625E-5
3,117;494;759,-8.740102827649907E-5
3,169;197;398,8.736277269236862E-5
3,188;546;914,8.728840120027909E-5
3,66;101;498,8.727400066752488E-5
3,647;919;934,8.717981214367818E-5
3,573;867;924,-8.71737689288896E-5
3,259;795;922,-8.715219002292102E-5
3,133;517;677,-8.712268492251453E-5
3,328;737;872,8.71210015783154E-5
3,321;473;475,-8.708725155421504E-5
3,704;727;784,-8.706490434074929E-5
3,96;209;949,8.702036157545829E-5
3,26;485;808,8.696649814340276E-5
3,524;591;764,8.685358227082296E-5
3,117;338;956,8.681988122817199E-5
3,346;570;671,-8.680549334021539E-5
3,114;211;646,-8.677372544047485E-5
3,611;874;887,-8.675694498839544E-5
3,226;511;769,-8.674290987054318E-5
3,376;638;644,-8.669878612015022E-5
3,767;825;955,-8.669530363888631E-5
3,350;572;824,-8.669391805857509E-5
3,7;309;390,-8.668082196525704E-5
3,628;710;724,8.656833801375222E-5
3,653;809;987,8.652852773394153E-5
3,790;813;901,8.652484089015288E-5
3,202;246;425,8.648872048778378E-5
3,224;304;787,-8.647914582475415E-5
3,146;673;913,8.643344926002948E-5
3,677;834;940,-8.640317115281621E-5
3,380;440;744,-8.638839864078843E-5
3,43;336;971,8.634149412278702E-5
3,89;152;890,8.63088855590686E-5
3,571;792;874,-8.62912220734229E-5
3,330;388;929,8.627516812880864E-5
3,25;201;863,8.626057892170504E-5
3,137;632;900,-8.622660435331518E-5
3,207;519;715,8.620469236897628E-5
3,195;611;830,8.615929340913107E-5
3,149;516;896,-8.615036352867718E-5
3,165;408;811,-8.60716266343413E-5
3,346;570;747,-8.600012287129214E-5
3,54;768;879,8.599077404601402E-5
3,395;580;583,8.59888383050595E-5
3,26;722;871,8.598606747005119E-5
3,79;515;983,8.596183431994692E-5
3,93;551;675,-8.595439644434533E-5
3,65;288;877,8.593989010629522E-5
3,294;384;548,8.593731130917485E-5
3,160;562;866,8.592795679058486E-5
3,510;659;755,8.591528112862704E-5
3,701;947;994,-8.588266425430416E-5
3,343;418;542,8.588073625917386E-5
3,14;312;710,8.587262544656981E-5
3,158;595;779,8.584865658151444E-5
3,713;719;997,-8.580525510444803E-5
3,336;681;883,8.578539049658376E-5
3,94;140;523,8.575116820880986E-5
3,142;160;352,-8.573272878058628E-5
3,334;517;954,8.572720516688611E-5
3,742;893;980,-8.56863431214116E-5
3,720;759;846,-8.560194061105862E-5
3,448;536;613,8.559838407275681E-5
3,26;580;992,-8.559736321539424E-5
3,160;643;968,-8.555279312187907E-5
3,226;349;511,8.54514503741043E-5
3,196;793;862,-8.541465211789155E-5
3,160;562;583,-8.540286566375177E-5
3,503;544;791,8.539881812802207E-5
3,170;733;962,8.539521574789109E-5
3,440;635;716,8.539023798196178E-5
3,320;504;955,-8.536980474930816E-5
3,467;520;938,-8.534498808882119E-5
3,193;715;747,-8.534370008610828E-5
3,101;292;766,-8.530875032676135E-5
3,258;768;957,8.530268231797636E-5
3,571;609;920,8.526525042824176E-5
3,106;393;477,-8.52256363978999E-5
3,38;104;858,8.521757822150007E-5
3,183;320;955,-8.517944344703046E-5
3,104;421;732,8.516897992770503E-5
3,326;332;368,-8.51405142738794E-5
3,129;625;994,-8.505197529634284E-5
3,60;342;343,8.504369467316458E-5
3,169;216;979,-8.503693402403283E-5
3,182;342;355,8.503232135652736E-5
3,83;352;942,8.503035837395257E-5
3,359;492;935,8.501944557974889E-5
3,51;127;760,8.50036147568193E-5
3,194;436;563,8.499358167964238E-5
3,366;679;872,-8.498895150857392E-5
3,196;513;647,8.497741146458926E-5
3,461;822;865,-8.497380806379902E-5
3,529;656;815,8.492727153035915E-5
3,573;657;867,8.490890220235529E-5
3,93;662;854,8.489919903614923E-5
3,425;527;566,8.486224859799544E-5
3,579;722;787,8.480481459387035E-5
3,10;337;537,8.477854449446881E-5
3,439;602;815,-8.47430597115684E-5
3,75;881;988,8.472605872000969E-5
3,387;841;886,8.469382811971965E-5
3,122;280;652,-8.466548046102968E-5
3,68;145;898,-8.46633227775843E-5
3,37;633;693,-8.466314426801122E-5
3,306;383;667,-8.461305221317437E-5
3,270;460;859,8.4592895449554E-5
3,280;637;652,-8.455460806884315E-5
3,221;499;964,-8.453223018654593E-5
3,278;738;848,-8.443694828623665E-5
3,266;314;381,8.440859843656899E-5
3,242;415;571,-8.439762902078611E-5
3,5;64;482,-8.436514007053076E-5
3,159;368;531,8.433907719172525E-5
3,156;183;543,8.432868606044298E-5
3,47;118;524,-8.429734498410446E-5
3,250;408;549,8.42940102512951E-5
3,437;682;855,8.428782823151222E-5
3,609;669;721,8.42644582389412E-5
3,211;526;744,8.42385825072363E-5
3,33;363;534,8.423185432835405E-5
3,335;756;868,8.42208742113539E-5
3,183;254;543,-8.415248454116178E-5
3,238;258;924,-8.414882320123375E-5
3,33;114;408,8.414764899046276E-5
3,160;380;532,8.41436727177601E-5
3,83;170;212,-8.414326489611032E-5
3,41;106;951,8.414070150810501E-5
3,458;603;676,8.411495346472369E-5
3,474;528;996,8.410044146502468E-5
3,87;94;576,-8.408728152510646E-5
3,53;365;997,8.401864564216416E-5
3,544;775;805,8.396936436104525E-5
3,258;606;841,8.396453300772767E-5
3,63;627;693,8.396398571370075E-5
3,378;790;813,-8.391454970758072E-5
3,43;114;598,-8.387337455697574E-5
3,282;774;985,8.386417994301671E-5
3,41;95;951,8.381517487609662E-5
3,234;785;851,-8.380054347446708E-5
3,450;915;917,-8.378715409378907E-5
3,171;439;521,8.376663624596388E-5
3,451;867;924,8.372757441344166E-5
3,133;340;967,-8.372115002189101E-5
3,15;422;970,8.372000202041331E-5
3,19;134;212,8.36511702789427E-5
3,298;586;787,-8.365014599067181E-5
3,53;375;477,8.364713479723402E-5
3,114;157;572,8.364254301535841E-5
3,28;698;824,8.364102009459325E-5
3,417;713;849,8.363218391371077E-5
3,360;556;679,-8.359139724901846E-5
3,230;342;343,-8.358116025820385E-5
3,86;120;670,8.349854620022854E-5
3,205;915;949,-8.348831911283975E-5
3,157;300;556,8.348539822774179E-5
3,399;564;632,8.348324708815361E-5
3,125;731;863,8.348091937017264E-5
3,11;42;133,8.341933645365832E-5
3,365;767;900,-8.341649987197251E-5
3,576;760;968,8.337781079054765E-5
3,275;485;664,8.333102620409794E-5
3,123;794;887,-8.332381805267622E-5
3,119;238;840,-8.331060642265026E-5
3,78;496;898,8.329695180032448E-5
3,188;861;996,-8.325350529737531E-5
3,421;818;989,8.325140521731235E-5
3,99;463;517,-8.322672458692812E-5
3,80;422;779,-8.322655938765013E-5
3,567;745;750,-8.320938939900373E-5
3,280;687;847,8.319425492522418E-5
3,182;464;647,8.31475024360518E-5
3,75;469;597,-8.314680559477019E-5
3,196;333;763,8.312035645375749E-5
3,65;178;519,-8.311763347151417E-5
3,147;354;821,8.310701297541568E-5
3,9;77;209,-8.310425223909415E-5
3,54;174;457,8.299675195844923E-5
3,133;422;640,-8.299574241011323E-5
3,47;664;725,-8.296729274067086E-5
3,153;699;814,8.290269234660157E-5
3,32;109;448,8.28641930165358E-5
3,1;416;642,8.283341098163555E-5
3,143;213;933,8.276351085636957E-5
3,682;879;919,-8.275662221902365E-5
3,217;237;869,8.268328441706171E-5
3,146;216;589,8.266413523412913E-5
3,142;210;711,-8.264773155647326E-5
3,278;537;955,-8.264088225122223E-5
3,70;230;910,8.258296707378468E-5
3,327;540;929,8.255076012443491E-5
3,534;785;962,8.248471478694544E-5
3,366;561;615,8.245378430850028E-5
3,110;164;284,8.24449355719271E-5
3,227;617;969,-8.243362966995476E-5
3,90;437;499,8.243257646511296E-5
3,362;368;669,8.242667455438743E-5
3,258;390;420,8.24129890698095E-5
3,27;337;711,-8.240570928018715E-5
3,38;104;366,8.240372421605756E-5
3,291;668;932,8.239860819049334E-5
3,194;240;590,-8.237694666199047E-5
3,691;891;957,-8.233793641258697E-5
3,517;640;713,8.233525524822905E-5
3,260;547;631,8.227478828679792E-5
3,382;675;980,-8.225673183169092E-5
3,575;639;873,-8.22552166316174E-5
3,500;803;906,8.225428830018619E-5
3,287;495;991,8.221022511266786E-5
3,343;506;749,-8.214627453986458E-5
3,252;431;920,8.213325454677406E-5
3,738;831;832,8.211849056298284E-5
3,314;426;695,-8.209194480203547E-5
3,67;711;893,8.205378178830373E-5
3,634;899;949,-8.204730915199718E-5
3,69;167;860,8.202931227741581E-5
3,70;230;569,8.200306873152184E-5
3,201;941;986,8.19881748341485E-5
3,412;616;896,8.19830578060369E-5
3,100;258;420,8.198305618276098E-5
3,97;140;956,8.193900008645957E-5
3,71;181;351,-8.191365413301963E-5
3,306;307;728,8.185642608621018E-5
3,634;734;931,8.183792346695802E-5
3,201;262;885,-8.17973816674622E-5
3,132;686;747,8.17172085188079E-5
3,13;102;457,8.170955020848596E-5
3,488;647;993,-8.169901870659283E-5
3,387;443;886,-8.169691701041827E-5
3,147;240;812,8.169309472157731E-5
3,26;115;838,8.167694620167061E-5
3,217;237;458,-8.165293307593975E-5
3,421;439;602,8.165217244942876E-5
3,178;250;965,8.164887421042495E-5
3,111;160;562,-8.163372103079943E-5
3,165;211;889,8.163064306304725E-5
3,219;306;976,8.160381747571372E-5
3,36;74;624,8.160267211273436E-5
3,670;754;945,8.15889848641707E-5
3,456;526;663,8.15819094252474E-5
3,336;440;870,-8.157673480094647E-5
3,169;236;282,8.156217418796526E-5
3,2;790;826,-8.15616750135502E-5
3,8;353;795,8.154291401692684E-5
3,4;62;417,-8.153584997813745E-5
3,152;767;890,-8.151433705851721E-5
3,346;531;987,-8.150089346919873E-5
3,341;432;487,-8.149043181860363E-5
3,306;383;919,8.147791210079031E-5
3,111;468;570,8.146947527858994E-5
3,64;89;384,-8.14263821194459E-5
3,517;606;881,8.134067302172249E-5
3,138;318;440,-8.133051871474116E-5
3,412;662;725,-8.131446655221022E-5
3,16;115;554,8.13048430064911E-5
3,678;730;890,-8.129582751464761E-5
3,417;713;956,8.129348679085175E-5
3,393;773;827,8.127319219335125E-5
3,318;610;933,-8.127214568054245E-5
3,29;244;370,8.122851716111084E-5
3,131;336;870,-8.121108109678713E-5
3,18;87;526,8.121080424163267E-5
3,65;611;887,-8.113136581503527E-5
3,80;408;566,8.112716530616292E-5
3,20;338;525,8.107749921063172E-5
3,244;733;763,8.107306876071065E-5
3,699;736;830,8.104406735923916E-5
3,421;602;815,8.103968363293911E-5
3,793;836;920,8.103770628466746E-5
3,37;216;979,8.102681447962976E-5
3,109;329;745,8.099653262265627E-5
3,210;678;730,8.099518243999287E-5
3,189;344;698,8.097667190880112E-5
3,626;730;901,-8.095084006730258E-5
3,543;592;900,-8.094083660470634E-5
3,46;239;456,-8.093503504091682E-5
3,534;545;659,8.092108936513528E-5
3,645;737;868,-8.085904227157622E-5
3,2;222;921,-8.084335034035975E-5
3,490;574;757,8.07890659747717E-5
3,34;206;720,-8.077109011595588E-5
3,323;403;819,-8.075827239392117E-5
3,198;295;693,-8.074122967827407E-5
3,315;565;640,-8.072165274139447E-5
3,746;835;968,8.069048265158645E-5
3,245;901;957,-8.065934535086551E-5
3,225;690;765,8.065424851537999E-5
3,397;401;936,8.061904580514339E-5
3,211;744;790,-8.058418651902886E-5
3,224;304;775,8.057611188297457E-5
3,53;231;440,-8.05447210010973E-5
3,382;523;861,8.051537688815816E-5
3,104;561;634,-8.051072145609434E-5
3,96;118;372,-8.049103121108902E-5
3,433;715;903,-8.049083537803801E-5
3,201;733;939,-8.047516843069953E-5
3,432;703;890,-8.047506673620985E-5
3,344;698;743,8.036686676933229E-5
3,116;269;847,-8.036334964115548E-5
3,242;415;999,-8.032408759174345E-5
3,261;399;572,8.030348943766366E-5
3,358;722;749,8.02691795430009E-5
3,160;487;707,8.021320026815861E-5
3,13;59;498,8.017403750418127E-5
3,130;669;991,8.015081629701006E-5
3,857;882;947,8.009314062403247E-5
3,484;517;773,8.008189066600026E-5
3,845;876;945,-8.007062219085274E-5
3,525;605;630,-8.006899564270654E-5
3,80;414;468,-8.004267248606475E-5
3,281;864;950,8.002121688249444E-5
3,14;757;971,8.001348698915691E-5
3,848;860;891,8.000480891371759E-5
3,304;611;850,7.999510160327176E-5
3,117;287;650,7.999401552390431E-5
3,69;518;607,-7.998858654472342E-5
3,382;726;794,7.998537771785274E-5
3,109;448;754,-7.990191939775365E-5
3,223;925;941,-7.988935443277152E-5
3,4;222;934,7.986028246839802E-5
3,209;619;898,-7.983535753857615E-5
3,296;399;618,-7.98036305205504E-5
3,587;737;778,-7.979196758093226E-5
3,293;502;805,7.979004371474881E-5
3,99;582;839,7.974931167520088E-5
3,225;495;574,7.97296014246013E-5
3,100;118;390,-7.969634147110963E-5
3,68;96;359,-7.965593558483036E-5
3,136;835;963,-7.960331605245434E-5
3,280;316;411,7.959941029503712E-5
3,60;422;970,-7.959864965424058E-5
3,221;411;585,-7.958666467948225E-5
3,151;347;900,-7.957646598278326E-5
3,643;690;968,7.953697554589792E-5
3,66;247;900,7.948403079750291E-5
3,312;729;969,7.946507764528484E-5
3,119;746;835,7.941617824131154E-5
3,352;382;861,-7.941272585712123E-5
3,254;534;545,7.939866489519271E-5
3,533;546;761,7.93879708496819E-5
3,314;381;465,-7.938632442462459E-5
3,242;701;825,7.938168940030158E-5
3,523;777;843,7.937249391148529E-5
3,104;175;267,-7.934885053063344E-5
3,407;723;965,-7.932967304583078E-5
3,295;565;975,-7.931213187315614E-5
3,86;464;953,7.929793652956214E-5
3,222;396;486,-7.927359341205444E-5
3,96;572;633,7.924440773320693E-5
3,137;364;794,7.92331927867445E-5
3,68;173;670,-7.916154896067077E-5
3,248;967;997,-7.911619896990356E-5
3,327;393;873,7.911039644578947E-5
3,83;212;671,-7.908389875421743E-5
3,488;668;886,7.904746426831008E-5
3,424;616;896,7.904280840675132E-5
3,92;253;471,-7.90341936724162E-5
3,117;277;818,-7.898491155807196E-5
3,158;387;653,7.895649419834625E-5
3,84;803;876,-7.895140708106632E-5
3,355;374;447,-7.893569154816752E-5
3,49;64;586,7.88759727621863E-5
3,226;767;890,7.886977539724837E-5
3,244;641;733,-7.886049729903239E-5
3,421;439;623,7.884205437251632E-5
3,326;491;639,7.883083840699077E-5
3,32;448;754,-7.881948289800682E-5
3,282;294;625,-7.881665458578189E-5
3,156;265;770,7.879326126484827E-5
3,133;411;600,7.876472792238962E-5
3,150;710;724,-7.875516725542269E-5
3,397;689;879,7.873721210517384E-5
3,287;557;838,-7.872575477983676E-5
3,115;231;554,-7.872503771226573E-5
3,80;773;820,7.868983789642472E-5
3,349;466;511,-7.868477925898462E-5
3,12;573;908,-7.867378131188829E-5
3,115;580;838,7.864695390633385E-5
3,49;575;909,7.864495031160962E-5
3,53;385;484,-7.864012190644888E-5
3,137;632;804,-7.863948656719146E-5
3,446;581;639,-7.86003356300219E-5
3,497;621;772,-7.851483083582625E-5
3,406;579;849,7.848833557037066E-5
3,4;739;753,7.842799254735924E-5
3,474;794;822,-7.841746259919958E-5
3,194;240;958,-7.837545000566256E-5
3,156;266;305,7.836280631457211E-5
3,188;285;341,-7.832720124738927E-5
3,68;198;768,-7.832156755682237E-5
3,169;230;719,-7.832030930247977E-5
3,1;530;674,-7.829107334473651E-5
3,414;491;616,7.821510775072556E-5
3,193;214;737,-7.817282790620117E-5
3,643;861;903,7.814976452672176E-5
3,155;187;925,-7.81402419208449E-5
3,721;849;855,-7.81339064574388E-5
3,295;322;959,-7.813304178010832E-5
3,153;305;641,7.812441498825613E-5
3,6;427;777,-7.812410443932034E-5
3,396;432;487,7.811106874815738E-5
3,265;658;770,-7.81056512685596E-5
3,124;302;608,-7.810119502439666E-5
3,10;395;768,-7.808510430778034E-5
3,326;780;856,7.807004265894734E-5
3,307;623;728,7.804606186727381E-5
3,137;682;743,7.801223063704383E-5
3,447;580;914,-7.800834003000903E-5
3,357;585;920,7.7997571445111E-5
3,167;706;889,7.79746297369433E-5
3,17;75;462,-7.794261279390205E-5
3,476;920;951,-7.79397700537026E-5
3,79;192;207,-7.788786654641497E-5
3,158;431;866,7.785254573667152E-5
3,616;846;962,-7.783456319400876E-5
3,206;350;998,7.782851342071836E-5
3,16;715;745,-7.781088390620115E-5
3,256;289;891,7.77679664783288E-5
3,220;307;501,-7.773412687983492E-5
3,53;156;997,7.768658658755609E-5
3,201;242;485,-7.767798012288285E-5
3,640;733;882,-7.766431321194304E-5
3,99;682;761,7.757886012740526E-5
3,17;562;673,7.756472779288582E-5
3,437;699;736,7.751615662159473E-5
3,582;913;952,7.751345550918698E-5
3,181;189;602,-7.748380507798342E-5
3,196;546;647,7.748350102087103E-5
3,243;363;809,7.747491357030717E-5
3,97;304;973,-7.747130657302463E-5
3,197;488;880,-7.744038766935941E-5
3,497;659;896,7.741483398897806E-5
3,177;377;412,-7.741031561666863E-5
3,326;639;978,-7.74020280139956E-5
3,556;737;868,7.73875539636788E-5
3,66;187;247,-7.737575151311469E-5
3,162;478;588,7.732785178262273E-5
3,58;468;738,-7.732224700851182E-5
3,187;247;577,-7.732011213222356E-5
3,81;253;363,7.730214633446127E-5
3,76;533;546,-7.728018704972313E-5
3,302;432;910,7.726923898537504E-5
3,326;368;424,7.726131434790803E-5
3,137;324;364,7.723623839301296E-5
3,549;770;775,7.723269268963189E-5
3,84;354;863,7.719950396537464E-5
3,472;795;839,-7.719942955216755E-5
3,143;742;990,-7.719057488666777E-5
3,64;482;575,-7.715995593343657E-5
3,80;468;844,-7.715311509951157E-5
3,296;633;815,-7.715023333186974E-5
3,523;769;855,7.712775278887413E-5
3,84;731;863,-7.70738183237376E-5
3,560;957;965,7.704994271896214E-5
3,30;146;589,-7.704822673858492E-5
3,4;545;976,7.703772946980478E-5
3,420;520;651,7.703240903601139E-5
3,145;268;572,-7.703148134129103E-5
3,418;542;918,7.697479342491581E-5
3,161;459;916,-7.69690017441383E-5
3,128;524;832,7.691547726646787E-5
3,480;782;829,-7.688512386776605E-5
3,65;139;317,-7.685658702570597E-5
3,156;183;254,7.685394383571925E-5
3,5;228;817,7.682743909486584E-5
3,720;950;978,7.676332884145039E-5
3,360;364;761,7.676187027951484E-5
3,135;654;811,-7.673272876744534E-5
3,48;146;184,-7.671163212524947E-5
3,99;228;546,7.670132271974911E-5
3,376;918;984,-7.667532035902058E-5
3,111;145;395,7.666993814110833E-5
3,776;952;959,7.664444575821058E-5
3,85;378;518,7.653641290196631E-5
3,147;219;933,7.652513604637019E-5
3,60;230;343,-7.649942474767125E-5
3,137;410;425,7.64950106751748E-5
3,98;700;948,-7.649176430011851E-5
3,151;695;900,7.647997228854298E-5
3,124;900;932,-7.646724430939083E-5
3,253;471;974,7.645792666766233E-5
3,352;382;523,-7.645130355851908E-5
3,487;690;864,7.644708348082666E-5
3,386;548;760,7.639865847288093E-5
3,173;455;520,7.639358095595614E-5
3,409;774;818,7.637871640976951E-5
3,448;622;740,-7.637265214575307E-5
3,61;67;721,7.635528525772059E-5
3,278;645;853,7.63067660366076E-5
3,285;373;894,-7.629462094332632E-5
3,286;845;945,-7.629431062147453E-5
3,239;456;887,-7.6267647341828E-5
3,236;807;845,-7.6251887815675E-5
3,401;456;518,-7.624842089516915E-5
3,47;725;959,7.622743870168087E-5
3,203;353;741,-7.621378259558062E-5
3,377;430;495,7.619877206784467E-5
3,719;793;997,-7.616714939304872E-5
3,564;632;753,-7.616408050820078E-5
3,475;913;962,7.615178350773853E-5
3,182;421;760,7.614260830971943E-5
3,246;627;906,7.613578634353956E-5
3,167;753;889,-7.610090260027753E-5
3,356;527;940,7.605890449542308E-5
3,552;605;658,7.604042762186072E-5
3,572;587;638,7.601797331700235E-5
3,17;538;693,-7.601041528106835E-5
3,84;201;242,-7.599565670626423E-5
3,53;375;446,7.597484223070152E-5
3,54;723;964,7.595699133667646E-5
3,198;677;943,-7.595434170743347E-5
3,230;793;866,-7.594157792009981E-5
3,57;352;355,7.59243862513414E-5
3,75;841;988,-7.591636564756837E-5
3,187;199;925,7.591597594868366E-5
3,87;808;833,-7.591492650075209E-5
3,249;540;929,7.590049582280298E-5
3,12;29;199,-7.588889699834293E-5
3,23;883;917,7.581892709744964E-5
3,322;403;828,-7.576922627779609E-5
3,20;31;856,-7.574080130479865E-5
3,266;300;381,7.572811123738103E-5
3,127;300;435,-7.572310890281182E-5
3,297;410;425,-7.571036275162235E-5
3,566;696;771,-7.568855543175334E-5
3,6;329;684,-7.566384883161742E-5
3,45;157;552,-7.566112100000326E-5
3,198;795;976,-7.565060665804758E-5
3,343;931;956,-7.56103613089248E-5
3,140;899;956,7.557412269503946E-5
3,506;749;983,-7.556427318871237E-5
3,136;529;566,-7.555340778883415E-5
3,602;641;728,-7.552700085670477E-5
3,139;828;882,-7.552596983001939E-5
3,162;588;598,7.552510165833766E-5
3,251;743;863,-7.551727839256722E-5
3,343;363;673,-7.547616699105395E-5
3,47;220;680,-7.546480724849352E-5
3,228;673;813,-7.54340282136977E-5
3,405;894;961,-7.539369231479374E-5
3,93;308;834,-7.539289282325864E-5
3,256;551;995,-7.538164319023535E-5
3,582;767;894,-7.537937681703866E-5
3,510;616;855,-7.536755348221103E-5
3,59;327;546,-7.535239930127525E-5
3,498;791;985,-7.533721274405936E-5
3,328;569;717,7.530854902463048E-5
3,287;596;996,-7.53039660226028E-5
3,40;42;664,-7.527780857305132E-5
3,59;109;327,7.527412682805779E-5
3,602;757;886,-7.524820880096622E-5
3,175;325;704,7.524492379674468E-5
3,453;661;888,7.524487916770087E-5
3,255;498;985,7.523352430818896E-5
3,286;328;569,7.517813047279437E-5
3,307;341;921,-7.516054509589517E-5
3,401;699;705,-7.515524571004939E-5
3,186;640;981,-7.513830258310877E-5
3,211;652;851,7.513216491673355E-5
3,24;62;73,7.511574613091809E-5
3,146;184;510,-7.510608771543262E-5
3,295;542;740,-7.509884245147721E-5
3,296;633;889,7.508042681816995E-5
3,651;800;906,7.50795232075244E-5
3,372;517;758,7.505368393289651E-5
3,130;759;866,7.502748446819832E-5
3,206;242;720,-7.501978534475418E-5
3,285;717;889,-7.494687817349899E-5
3,30;216;704,-7.490826282646249E-5
3,14;327;605,-7.490407973034739E-5
3,223;330;999,-7.487821923800259E-5
3,56;143;931,-7.485677363154017E-5
3,16;417;713,-7.485369623174828E-5
3,253;735;896,-7.484743403109895E-5
3,106;481;483,7.484328306450069E-5
3,75;199;494,7.484165257042647E-5
3,79;116;857,7.484075240382388E-5
3,30;223;925,-7.481615329364495E-5
3,109;329;700,7.480789486287997E-5
3,533;558;701,7.477247808888832E-5
3,400;516;791,-7.476584987287874E-5
3,148;641;792,-7.476570592585913E-5
3,26;748;766,7.474111314790433E-5
3,253;270;845,7.470619999081892E-5
3,383;889;992,-7.467634684336956E-5
3,315;789;944,7.467121389844552E-5
3,222;349;350,-7.466705852860198E-5
3,188;624;861,7.465946499628896E-5
3,258;655;980,7.463004127737821E-5
3,98;266;788,7.46191259153696E-5
3,208;952;959,7.460228215087206E-5
3,208;261;881,-7.459875945449867E-5
3,416;666;826,7.456296240888447E-5
3,81;550;639,-7.455978006534697E-5
3,766;874;929,-7.4522587674894E-5
3,98;402;945,-7.451399296242265E-5
3,185;499;937,-7.450995497640943E-5
3,453;660;820,7.449638061000124E-5
3,360;871;903,7.449274072832467E-5
3,172;783;966,7.448340944678888E-5
3,99;168;616,7.448136003895024E-5
3,168;609;721,7.447512736138658E-5
3,367;380;532,-7.446966247650141E-5
3,210;730;820,7.44570990059254E-5
3,131;181;199,-7.444700164769048E-5
3,10;614;768,-7.444165513577557E-5
3,243;461;822,-7.443679911475653E-5
3,291;497;896,7.440773554779252E-5
3,222;396;697,7.436748827117221E-5
3,154;295;895,7.436216520906686E-5
3,292;602;789,7.434256639661113E-5
3,301;811;812,7.434047962068625E-5
3,72;422;724,7.433801283692055E-5
3,0;34;54,7.43199608956731E-5
3,219;220;512,7.428938559522195E-5
3,122;236;942,-7.428516523110383E-5
3,96;319;846,7.428513061519333E-5
3,218;305;756,7.424075001429026E-5
3,31;629;793,-7.421890814131971E-5
3,53;291;918,7.419782719531292E-5
3,399;572;853,-7.418664965677141E-5
3,498;851;995,-7.416267254511461E-5
3,282;573;836,-7.416206810361304E-5
3,56;808;931,7.414322998719641E-5
3,364;807;878,7.413498103759845E-5
3,63;217;734,-7.412916337051045E-5
3,143;808;931,-7.410092706475551E-5
3,314;426;663,-7.403462309911854E-5
3,233;242;528,7.403368363209843E-5
3,237;431;557,-7.401988140868757E-5
3,172;936;966,7.398550176729903E-5
3,353;496;770,-7.397778752727943E-5
3,610;794;911,-7.397311429003659E-5
3,80;400;516,-7.39031320334467E-5
3,696;788;818,7.389200276982845E-5
3,86;219;981,-7.388706839447925E-5
3,133;177;637,-7.386048551002192E-5
3,227;362;441,7.384493536425355E-5
3,71;351;536,7.383999803853172E-5
3,39;313;732,7.382981471357299E-5
3,266;356;554,7.38230272993724E-5
3,99;517;677,7.380339425233676E-5
3,218;528;719,7.37804819315652E-5
3,75;124;953,-7.377040428537756E-5
3,105;885;975,7.376429337945297E-5
3,210;711;893,7.374635575939535E-5
3,5;185;817,7.373204756753901E-5
3,313;615;785,-7.370883964909806E-5
3,396;682;963,7.370492115190647E-5
3,359;592;900,-7.36987413824143E-5
3,408;666;966,-7.369068258232337E-5
3,36;778;800,-7.367892809792876E-5
3,492;822;904,-7.366413578070499E-5
3,222;489;934,7.361996843894589E-5
3,306;677;726,-7.36149529716205E-5
3,69;567;672,-7.36007025794149E-5
3,491;616;984,7.358451837278807E-5
3,219;808;910,7.356182642152539E-5
3,60;809;970,7.35616147629703E-5
3,604;617;969,-7.355509142427208E-5
3,27;363;465,7.354743037004659E-5
3,86;92;270,7.351442627089002E-5
3,33;107;114,-7.350504039775831E-5
3,53;412;484,-7.350385035923876E-5
3,122;605;753,7.350242896073403E-5
3,376;381;984,-7.349272057205571E-5
3,60;925;977,-7.348407465175413E-5
3,373;391;637,7.348375119413842E-5
3,3;821;982,7.346498841042581E-5
3,216;349;910,7.340970103581253E-5
3,414;525;999,7.339593568329292E-5
3,267;472;931,-7.339287772369542E-5
3,6;219;847,7.336987664569958E-5
3,92;814;996,7.334213145151163E-5
3,181;408;981,7.330712881522488E-5
3,243;705;875,7.328521410768351E-5
3,228;546;726,-7.32821245913057E-5
3,523;758;892,7.326041488997754E-5
3,127;150;360,7.325872983264676E-5
3,65;537;887,-7.324759273136453E-5
3,530;809;987,-7.319602379355841E-5
3,228;404;937,7.318276032753644E-5
3,145;572;949,7.317598503963215E-5
3,373;438;764,-7.317474639860567E-5
3,737;778;881,-7.317362440247157E-5
3,8;353;741,7.312325116643003E-5
3,325;549;978,7.311568042188205E-5
3,510;566;711,7.311187173196326E-5
3,414;428;868,7.308626859460283E-5
3,210;832;865,-7.307435978410382E-5
3,913;915;949,7.305337247146398E-5
3,210;865;938,-7.304938748382322E-5
3,273;463;544,-7.301945030352002E-5
3,408;947;955,7.300500999743651E-5
3,547;598;725,7.299356902210383E-5
3,170;640;733,7.298295331414899E-5
3,140;217;359,-7.29801193619261E-5
3,225;230;378,-7.296994034260371E-5
3,309;815;901,-7.296916709880146E-5
3,24;73;417,7.295458652093881E-5
3,96;118;775,-7.293819183870517E-5
3,204;794;980,7.293432347295376E-5
3,722;776;872,-7.292851290571397E-5
3,108;455;566,-7.289303161504958E-5
3,243;355;865,-7.285383222796604E-5
3,234;359;946,-7.282610396159679E-5
3,448;637;821,7.280218841608213E-5
3,586;881;971,-7.280116151529486E-5
3,249;376;525,7.278720304323059E-5
3,208;451;881,-7.27803210787984E-5
3,394;541;856,7.27702925994384E-5
3,188;493;771,-7.27519227636079E-5
3,67;168;669,7.274530136335148E-5
3,128;667;834,7.273094440026933E-5
3,321;511;552,7.27017284005017E-5
3,349;511;769,7.266481489902714E-5
3,312;884;969,-7.265712663464336E-5
3,90;156;375,-7.263876565292205E-5
3,234;375;537,-7.26359379101099E-5
3,1;524;582,7.260388588100787E-5
3,550;745;920,-7.258147024822898E-5
3,319;669;671,7.25571666007501E-5
3,356;372;897,7.255670057406556E-5
3,193;249;263,7.254501686728557E-5
3,9;177;568,-7.249639115733912E-5
3,532;699;873,7.249637994705805E-5
3,24;737;944,7.247190043358231E-5
3,95;305;360,7.246904407511167E-5
3,41;129;546,7.246226790827967E-5
3,460;677;859,-7.242517134973781E-5
3,480;551;926,7.241027742495862E-5
3,119;746;968,7.238893918443138E-5
3,8;30;507,7.238095513005108E-5
3,28;66;707,-7.23586278019267E-5
3,15;635;966,7.23415131917488E-5
3,337;505;575,-7.232320218816888E-5
3,573;592;867,-7.232058072460386E-5
3,259;331;795,7.23061576506038E-5
3,78;130;496,-7.229934951687431E-5
3,67;436;860,7.229617133337219E-5
3,167;237;494,7.227362198364766E-5
3,200;620;882,7.226020987423034E-5
3,120;173;416,-7.225223161492959E-5
3,229;832;925,7.224778418942752E-5
3,100;438;445,-7.224228772700356E-5
3,415;670;999,7.21744212407672E-5
3,142;160;983,-7.215623802381118E-5
3,160;377;383,-7.212974172086462E-5
3,331;795;922,7.212743380059936E-5
3,619;663;865,-7.212212774458697E-5
3,46;405;928,-7.206392963500749E-5
3,360;829;911,7.205696178209703E-5
3,77;111;525,7.200830126030206E-5
3,118;383;775,-7.198571065591932E-5
3,115;838;992,-7.197692328327838E-5
3,725;925;941,-7.196735356235176E-5
3,463;572;949,7.196344862217556E-5
3,131;181;981,7.183054446935234E-5
3,186;285;292,-7.182193338137054E-5
3,243;699;875,-7.180371058125402E-5
3,440;846;935,7.179255131192793E-5
3,62;673;972,-7.177084193334979E-5
3,177;323;772,-7.174425938700726E-5
3,53;630;882,7.171219479106587E-5
3,745;809;920,-7.169453164608098E-5
3,163;445;794,-7.169447026058394E-5
3,143;643;671,-7.164451151492058E-5
3,14;167;821,-7.163693659688663E-5
3,8;164;450,-7.161958345244176E-5
3,221;826;888,-7.161698013802589E-5
3,209;362;368,7.160761319598175E-5
3,437;678;699,7.159384546079125E-5
3,605;757;971,-7.156809563431927E-5
3,65;327;589,-7.150818581501227E-5
3,65;405;459,-7.149691203914686E-5
3,311;643;981,7.148276627754672E-5
3,481;783;876,-7.144867129879488E-5
3,405;414;982,7.144844786182614E-5
3,259;664;930,-7.144243999444887E-5
3,453;591;888,-7.144211208794088E-5
3,173;495;963,-7.143027312402113E-5
3,356;517;600,-7.142626581896671E-5
3,572;949;980,7.141840947070588E-5
3,137;804;900,-7.141483116719817E-5
3,12;354;573,7.140996804775478E-5
3,118;845;945,7.140668679683257E-5
3,369;739;852,7.138543854108883E-5
3,343;749;983,-7.136658356548911E-5
3,92;801;892,-7.131730525832034E-5
3,303;532;709,7.131657665889793E-5
3,35;137;860,7.131276727865069E-5
3,33;107;672,-7.130275313608605E-5
3,108;385;412,7.128591986130192E-5
3,780;861;914,-7.127433192471758E-5
3,92;223;471,-7.12688350643037E-5
3,65;441;454,-7.12688334035812E-5
3,220;283;568,7.12661291649751E-5
3,266;381;465,-7.12365919778367E-5
3,67;848;860,7.123205715447536E-5
3,86;153;969,-7.120446440924559E-5
3,236;239;845,-7.118866513001916E-5
3,79;284;701,-7.11885521480677E-5
3,445;527;634,-7.118810560359933E-5
3,116;498;858,7.117221092602713E-5
3,149;507;516,-7.11706302522656E-5
3,203;363;673,-7.117040478387535E-5
3,1;199;530,-7.116048438075991E-5
3,86;503;950,7.109588669908916E-5
3,18;558;659,7.10877921762266E-5
3,113;497;862,7.107916632907577E-5
3,337;709;821,-7.104714661498361E-5
3,83;674;969,-7.104088817822216E-5
3,409;484;519,-7.103877106963763E-5
3,459;582;598,-7.103657426246426E-5
3,113;247;849,-7.103166758628233E-5
3,432;703;812,7.103092088246524E-5
3,532;727;733,7.103068067567886E-5
3,277;762;842,7.099467112430227E-5
3,307;384;731,7.095837292458369E-5
3,422;643;888,-7.095373879922882E-5
3,556;791;868,-7.094313579029244E-5
3,306;592;849,-7.094246313774403E-5
3,147;226;933,-7.090741498321317E-5
3,639;745;978,-7.090087083474251E-5
3,153;532;699,7.088389647833238E-5
3,11;248;997,-7.087142801044285E-5
3,10;733;793,-7.085525310909985E-5
3,284;678;928,7.080528611436074E-5
3,99;423;547,7.080421666532391E-5
3,18;346;877,-7.07663499990466E-5
3,228;363;404,-7.075924361676358E-5
3,91;238;451,-7.070845135362491E-5
3,741;744;791,-7.069653585349542E-5
3,245;718;830,7.065844733871096E-5
3,172;422;724,-7.065057115423743E-5
3,112;812;843,-7.06447861004825E-5
3,28;572;698,7.064192459375773E-5
3,559;605;872,7.063314794677527E-5
3,349;466;769,7.062795141635748E-5
3,40;527;966,-7.058855474612615E-5
3,288;457;883,-7.054616859095349E-5
3,321;473;935,-7.054552865764808E-5
3,306;400;464,7.051444115551695E-5
3,73;615;825,-7.051385002164947E-5
3,6;617;936,-7.049681257086976E-5
3,76;524;617,7.048568507261805E-5
3,266;531;788,7.044027532439154E-5
3,358;600;749,-7.040575826115219E-5
3,334;445;527,-7.040507759875364E-5
3,219;818;933,7.040020934562896E-5
3,188;624;996,-7.038361592992092E-5
3,260;697;808,-7.035504096683823E-5
3,589;874;998,7.035467453261462E-5
3,282;346;987,7.034193864614112E-5
3,28;288;591,-7.031734196196371E-5
3,122;587;638,-7.031696743847912E-5
3,91;208;958,-7.030600687120859E-5
3,12;264;480,7.028192909386436E-5
3,404;715;743,-7.028012660317246E-5
3,259;482;720,7.027601754089115E-5
3,50;148;862,7.024347875943304E-5
3,201;951;988,7.022163461442029E-5
3,363;531;801,-7.018086472099817E-5
3,286;335;360,-7.017946852218988E-5
3,253;627;845,7.016322097408546E-5
3,240;309;815,-7.015890672497463E-5
3,670;720;807,-7.014936117105844E-5
3,92;509;758,7.013973274472197E-5
3,127;295;920,-7.012265351418055E-5
3,122;665;753,7.010801176258315E-5
3,744;797;833,7.00886282293001E-5
3,729;819;931,-7.006341087267557E-5
3,510;694;755,-7.00603630911614E-5
3,128;860;947,7.004131162433552E-5
3,177;690;957,-7.001387391811079E-5
3,264;725;876,-6.999188306914079E-5
3,153;489;641,6.998735772838468E-5
3,293;378;543,6.993573011386913E-5
3,188;967;996,6.989999442958366E-5
3,281;603;764,6.989693925809849E-5
3,170;482;762,6.988924159306646E-5
3,220;307;410,6.988497895232185E-5
3,408;672;807,6.984292690335751E-5
3,180;296;613,-6.981524153779617E-5
3,86;252;963,6.980475543851247E-5
3,332;379;832,6.980453147461219E-5
3,432;703;709,-6.980387905869759E-5
3,240;367;441,-6.978433084601865E-5
3,435;601;846,6.978187834839531E-5
3,529;531;892,6.977399597401806E-5
3,6;288;847,6.97622182259266E-5
3,472;609;662,6.975479379026744E-5
3,50;682;952,-6.975478559657786E-5
3,128;304;314,6.975027026049613E-5
3,186;285;787,6.973597531631258E-5
3,186;466;857,6.972947236980371E-5
3,436;570;674,-6.972883478998042E-5
3,255;438;764,-6.971125863332855E-5
3,6;407;617,6.965447918836226E-5
3,219;246;910,6.964962842012645E-5
3,14;214;855,-6.96397876079933E-5
3,109;362;725,6.963780903711098E-5
3,69;672;764,6.963733098405539E-5
3,118;491;658,6.963659373638765E-5
3,50;586;724,6.962746636364149E-5
3,659;816;896,6.960682996464657E-5
3,61;338;548,-6.959364892969552E-5
3,46;225;495,-6.959346678821268E-5
3,37;486;662,6.958013337013241E-5
3,168;353;639,-6.953094273683453E-5
3,5;740;995,-6.950812231247659E-5
3,84;305;360,-6.947188995967675E-5
3,38;104;256,6.944594101473145E-5
3,296;595;785,6.942984200690276E-5
3,250;315;964,6.942915844346127E-5
3,342;355;733,6.942143028994118E-5
3,179;620;837,6.942039481771592E-5
3,53;753;838,-6.939132297867313E-5
3,69;518;771,-6.937028580156932E-5
3,196;209;577,-6.93644135236225E-5
3,143;667;962,6.934434318388523E-5
3,214;314;690,6.930463683567722E-5
3,156;571;700,6.928935247664311E-5
3,370;670;945,6.92612156777813E-5
3,15;627;655,-6.922555235259438E-5
3,407;444;965,-6.919571841901864E-5
3,293;493;502,-6.918809897087315E-5
3,63;328;966,-6.912740879984448E-5
3,171;199;304,6.910851193803972E-5
3,243;775;807,6.910673429897488E-5
3,380;540;751,-6.910548441980197E-5
3,94;592;635,-6.904394502617614E-5
3,14;519;882,6.90432912864885E-5
3,491;511;550,6.902421232566781E-5
3,138;139;318,-6.901358633138913E-5
3,503;589;912,6.900954373547483E-5
3,419;530;596,-6.900083764735265E-5
3,13;79;497,6.900052504967542E-5
3,337;709;711,-6.898920983737015E-5
3,191;611;637,-6.898739932976432E-5
3,50;724;881,6.898576111404857E-5
3,77;351;705,6.89389127689116E-5
3,169;236;304,-6.893350344787318E-5
3,303;315;635,-6.890618386435932E-5
3,278;623;771,6.887035192732778E-5
3,137;410;773,6.885263146885348E-5
3,99;219;909,-6.884648673996177E-5
3,6;407;936,-6.881479826797894E-5
3,150;508;539,6.881186451282735E-5
3,531;788;826,6.88072931279173E-5
3,410;710;957,-6.878891681558502E-5
3,73;331;879,-6.873729611903546E-5
3,128;435;701,-6.872661750188821E-5
3,326;511;780,6.87033323978229E-5
3,709;711;821,6.866278072358732E-5
3,2;137;860,-6.865970692290557E-5
3,411;559;987,-6.865584817234063E-5
3,785;789;944,-6.865308060078766E-5
3,491;837;910,6.861200184883131E-5
3,229;820;841,6.860856830207518E-5
3,145;404;898,6.860626980419533E-5
3,104;605;635,-6.860057546194847E-5
3,211;246;906,6.859776180288214E-5
3,1;2;674,-6.858825427144408E-5
3,64;78;482,-6.858427325270567E-5
3,99;319;761,6.85793610613108E-5
3,326;511;856,-6.855843824397998E-5
3,126;694;989,-6.854848874235397E-5
3,68;833;898,6.852076942158897E-5
3,362;368;393,-6.851653274947381E-5
3,26;580;838,-6.849106061424364E-5
3,3;821;884,-6.84698787586194E-5
3,592;844;970,-6.846362314264062E-5
3,240;812;990,-6.843568061119891E-5
3,177;422;778,-6.842560977252097E-5
3,182;421;968,-6.842495946264812E-5
3,71;173;208,-6.842034670036701E-5
3,48;76;643,-6.8409907383053E-5
3,713;766;818,-6.840276609385864E-5
3,236;660;710,-6.840021565127607E-5
3,305;393;935,6.839638624457555E-5
3,174;647;993,-6.837591020468117E-5
3,339;868;989,6.83680458962877E-5
3,275;288;813,6.833733850946039E-5
3,355;617;936,-6.833447321347103E-5
3,432;677;943,6.83319916642931E-5
3,114;384;852,-6.830752173946176E-5
3,335;410;868,-6.830554292050711E-5
3,99;140;199,6.829466582294944E-5
3,604;721;792,-6.82807240978578E-5
3,724;779;978,6.826969863196637E-5
3,195;672;807,-6.823997445329729E-5
3,142;252;890,6.820156437457334E-5
3,227;385;831,-6.817708802990653E-5
3,233;242;615,6.81606007948978E-5
3,238;924;980,6.815835685569939E-5
3,53;144;324,-6.81522292771496E-5
3,125;317;775,6.814743926295022E-5
3,246;744;797,-6.813401460844505E-5
3,7;403;514,-6.812379280492804E-5
3,49;355;374,6.808534354895901E-5
3,269;751;830,-6.807215283060233E-5
3,153;793;914,-6.806433741200525E-5
3,282;531;987,-6.802321719236245E-5
3,27;709;711,-6.800830685609318E-5
3,161;791;796,-6.800437336742715E-5
3,86;315;665,-6.800150777881203E-5
3,106;282;483,6.796298512016828E-5
3,760;824;926,-6.792675413665922E-5
3,390;663;695,6.79233110628593E-5
3,30;198;711,6.791334432077709E-5
3,179;544;742,6.790990863445949E-5
3,682;743;805,-6.789929251374086E-5
3,110;381;822,6.787736861363084E-5
3,42;136;373,-6.787283774705893E-5
3,343;542;918,-6.78713072666971E-5
3,143;201;349,6.783678139611775E-5
3,159;366;872,-6.783403606732949E-5
3,123;411;600,-6.783109874801128E-5
3,6;219;288,-6.782536335298577E-5
3,60;82;897,6.78248468600987E-5
3,183;320;504,6.782364256393613E-5
3,80;877;994,6.782046511950126E-5
3,232;288;400,-6.780594021382644E-5
3,304;741;965,6.774163145810541E-5
3,629;671;747,6.772100228416014E-5
3,453;660;765,-6.767575575793917E-5
3,318;689;824,6.767415589799704E-5
3,78;338;891,-6.76730215123306E-5
3,196;531;862,-6.765229560517541E-5
3,109;327;498,-6.762813143397182E-5
3,114;939;970,-6.761000235021528E-5
3,373;438;815,6.760689161988944E-5
3,317;400;431,6.76059735701495E-5
3,182;306;328,6.760058436805242E-5
3,136;933;984,6.75998445775113E-5
3,104;634;861,6.759655947452986E-5
3,70;569;910,6.758241085146296E-5
3,234;595;785,6.758027647085974E-5
3,101;624;733,6.75710793227448E-5
3,136;682;963,6.755935575836222E-5
3,365;564;767,6.75468390705909E-5
3,122;236;789,-6.753723468340239E-5
3,33;289;725,-6.749269378681299E-5
3,7;309;864,6.747793979328131E-5
3,178;244;563,-6.747784985051958E-5
3,278;429;756,-6.74560909334506E-5
3,326;639;745,-6.745369212357826E-5
3,239;303;456,6.744202078949888E-5
3,295;542;988,6.743513093708E-5
3,491;837;929,-6.74330615196054E-5
3,395;778;881,-6.742514802153928E-5
3,53;201;715,-6.736792995063202E-5
3,97;617;739,-6.735123268281837E-5
3,197;398;978,6.73457411097579E-5
3,102;403;714,6.732922234441044E-5
3,20;198;823,-6.730472426325249E-5
3,397;497;862,-6.728918939534125E-5
3,111;230;793,6.726101987710718E-5
3,53;792;945,-6.722507853205866E-5
3,525;712;990,-6.721818129410037E-5
3,70;230;935,-6.720774869897236E-5
3,49;374;447,-6.719571487517353E-5
3,80;690;877,-6.719015729791131E-5
3,154;632;640,6.714647161443193E-5
3,359;443;533,6.712686355760357E-5
3,179;255;791,6.710179602243164E-5
3,207;580;961,6.708607217694232E-5
3,758;812;844,-6.707670002446699E-5
3,10;337;585,-6.707175335562698E-5
3,110;324;616,6.706669037293124E-5
3,51;167;906,6.706035464709545E-5
3,255;373;815,6.703778920005707E-5
3,673;845;906,6.702245581860226E-5
3,422;851;888,-6.701624826740929E-5
3,79;116;192,6.697552895582437E-5
3,779;782;938,-6.691963110006808E-5
3,178;250;639,6.691809838135612E-5
3,571;767;825,6.691334680098917E-5
3,413;474;853,-6.690363990578138E-5
3,714;879;919,-6.6872442155576E-5
3,344;517;954,6.686959759686839E-5
3,69;634;734,-6.682330704627573E-5
3,65;317;459,-6.681777544024651E-5
3,448;740;796,6.680710207332208E-5
3,137;617;794,6.680326669676667E-5
3,161;541;796,6.679027184662003E-5
3,322;401;889,-6.678394266595043E-5
3,266;305;327,-6.67791820819465E-5
3,245;732;978,-6.6776552570379E-5
3,97;438;720,6.677386360111359E-5
3,120;184;465,-6.674627497228694E-5
3,284;451;787,-6.671007993530983E-5
3,159;679;872,-6.67089707057219E-5
3,79;634;717,-6.668659074294636E-5
3,40;527;616,-6.66819145783339E-5
3,593;661;693,6.668102076039938E-5
3,98;216;769,-6.66526736217064E-5
3,780;856;910,-6.664737536710547E-5
3,584;689;863,6.662762332005609E-5
3,314;521;690,-6.6620540132346E-5
3,68;140;217,6.661724810653615E-5
3,286;305;641,6.6598160947264E-5
3,1;304;883,-6.659198138937615E-5
3,200;882;884,-6.65713932401431E-5
3,494;543;823,-6.655062349710288E-5
3,10;35;187,-6.654210929138492E-5
3,89;307;384,6.653001213026516E-5
3,87;526;833,6.652579034470763E-5
3,98;216;945,-6.651959705066937E-5
3,94;635;970,-6.651130897404848E-5
3,682;714;879,-6.650894232624844E-5
3,58;431;798,-6.649978423787283E-5
3,15;96;883,-6.64844445617697E-5
3,181;536;648,6.647591533205056E-5
3,135;569;627,-6.647158926953938E-5
3,605;635;716,-6.641748440918033E-5
3,105;170;942,6.640572974998166E-5
3,134;284;497,-6.638913558699162E-5
3,228;636;937,6.638264682664242E-5
3,292;705;742,6.638238670532595E-5
3,60;534;785,-6.636258234964168E-5
3,189;602;757,6.633523021783389E-5
3,193;285;551,-6.6324094160056E-5
3,376;644;968,6.630673838630616E-5
3,285;341;469,-6.629578026428565E-5
3,133;177;481,-6.628711679884662E-5
3,386;436;493,-6.625744868552158E-5
3,97;267;725,6.624791062006338E-5
3,121;348;681,6.621233988859417E-5
3,224;403;777,6.617703000761154E-5
3,120;484;920,6.614541871890803E-5
3,642;688;696,-6.613076279522112E-5
3,562;567;716,-6.611273001979789E-5
3,23;149;474,6.608997481878248E-5
3,28;488;950,6.607571534947057E-5
3,163;256;551,6.606571413483434E-5
3,689;824;876,-6.603830075339129E-5
3,327;589;879,6.59923148028679E-5
3,783;795;922,-6.598207374073709E-5
3,512;691;891,6.594746730522799E-5
3,231;913;915,6.592825080515328E-5
3,127;295;959,6.592662318864302E-5
3,179;421;628,-6.592417731558237E-5
3,196;579;664,6.59143161666747E-5
3,31;285;894,6.58828663769192E-5
3,275;577;832,-6.587621270481123E-5
3,425;566;584,-6.585305400257067E-5
3,383;479;484,-6.584770469300535E-5
3,29;370;495,-6.583500495783409E-5
3,91;405;451,-6.58244950876301E-5
3,38;201;988,-6.578137224529843E-5
3,101;182;891,6.57737164607453E-5
3,474;610;822,6.575898109731705E-5
3,723;840;857,6.572499484087199E-5
3,94;576;903,-6.572436816483485E-5
3,99;199;423,-6.572063656202468E-5
3,63;678;814,6.571875869885149E-5
3,193;737;968,6.571781711031E-5
3,17;201;951,-6.571030562875907E-5
3,166;485;756,6.566234893632864E-5
3,111;631;866,6.565993304239065E-5
3,100;664;930,6.565661650397532E-5
3,558;701;837,6.564875883927815E-5
3,98;461;738,6.561691052055346E-5
3,678;730;820,6.56031825127437E-5
3,279;391;986,6.555750024380003E-5
3,855;902;916,-6.555185014436092E-5
3,116;722;749,-6.553905615014563E-5
3,600;640;713,6.553116198519871E-5
3,60;582;977,-6.552896563781686E-5
3,11;119;123,-6.552239025254003E-5
3,648;816;896,-6.552170312601111E-5
3,196;472;795,-6.55154498251898E-5
3,284;541;637,6.551377899136473E-5
3,440;720;935,6.546392966447921E-5
3,102;485;929,6.546273476792889E-5
3,207;512;580,6.543382824372696E-5
3,178;185;698,-6.541625556000519E-5
3,432;709;890,6.536751129043006E-5
3,196;795;839,6.534950349074186E-5
3,502;779;805,6.534940761921146E-5
3,277;583;837,-6.531564221603413E-5
3,360;679;990,-6.529509307264992E-5
3,116;221;967,-6.529140851976415E-5
3,207;220;486,-6.52855904003362E-5
3,34;401;408,6.528321268657585E-5
3,44;84;876,6.526984216027857E-5
3,197;467;520,-6.525946125737353E-5
3,659;694;755,6.52324449644415E-5
3,342;501;684,-6.51935476671955E-5
3,527;634;771,-6.519197565770467E-5
3,92;756;896,6.518903425274161E-5
3,5;78;482,-6.516530085007616E-5
3,86;92;701,6.515456301672984E-5
3,529;667;834,6.51208736851945E-5
3,381;806;822,-6.508295677618779E-5
3,171;524;764,-6.506150374171699E-5
3,227;509;949,-6.505622183063319E-5
3,106;107;661,-6.505611951052384E-5
3,83;570;674,-6.503447993018828E-5
3,407;459;916,6.50248904754485E-5
3,319;682;758,-6.502035773633431E-5
3,55;101;950,-6.501085389334315E-5
3,60;768;910,6.499795240799118E-5
3,65;877;883,-6.498941138541479E-5
3,377;422;666,-6.498311806117715E-5
3,658;910;931,6.497634572745748E-5
3,398;526;978,6.497528506423885E-5
3,99;228;726,6.496593073941417E-5
3,35;261;451,-6.495970845289017E-5
3,221;446;611,-6.49561353094766E-5
3,124;608;828,6.4946627271607E-5
3,201;205;262,6.494137086360626E-5
3,179;299;620,6.493624636017125E-5
3,293;398;543,-6.4935983663785E-5
3,180;296;448,-6.493444246987762E-5
3,314;593;625,6.49246157637875E-5
3,53;222;713,6.492000834417413E-5
3,98;268;646,6.491873522817679E-5
3,201;747;794,6.491365889294882E-5
3,19;212;897,-6.490574087633305E-5
3,187;511;750,6.490408800599175E-5
3,311;720;839,-6.487919929477011E-5
3,148;602;728,-6.484527876807037E-5
3,144;301;352,6.482938395157328E-5
3,168;453;811,6.481336019103874E-5
3,55;59;195,-6.476227608475276E-5
3,169;236;678,6.475425304263553E-5
3,346;657;856,6.469837938758169E-5
3,196;275;832,6.467968177747974E-5
3,166;209;736,-6.467230065327708E-5
3,418;918;926,-6.46560347229405E-5
3,213;371;404,6.464661397749634E-5
3,451;707;730,6.462219945756065E-5
3,98;769;945,6.461915446188557E-5
3,267;472;662,6.461453526027638E-5
3,257;695;929,-6.455999458217221E-5
3,258;557;659,6.454864473965649E-5
3,38;220;680,6.454711320156217E-5
3,626;730;904,6.45283543719062E-5
3,219;306;921,-6.451919010310749E-5
3,440;491;910,6.451747704937974E-5
3,184;414;681,6.451575517831443E-5
3,407;461;615,6.450294158647806E-5
3,405;791;894,-6.449845739703075E-5
3,84;812;844,6.447498828135713E-5
3,199;249;950,-6.446842057605915E-5
3,126;470;740,6.44638563535478E-5
3,92;223;847,-6.444254999013407E-5
3,305;514;774,6.443834336567671E-5
3,291;452;706,-6.44333937895937E-5
3,487;754;898,-6.441694424634244E-5
3,121;299;966,-6.441300137978701E-5
3,68;87;94,6.440750105111875E-5
3,47;222;524,-6.440715843244075E-5
3,254;543;793,6.4376917800073E-5
3,20;181;323,6.433489083263872E-5
3,93;453;888,6.432872578632156E-5
3,116;323;358,6.432432933109418E-5
3,474;507;966,6.432282130049749E-5
3,130;219;914,6.431606750561595E-5
3,211;703;996,6.430154844683898E-5
3,284;299;451,6.430040140090961E-5
3,136;466;933,-6.429171608616373E-5
3,166;171;521,6.428124545720785E-5
3,379;632;800,-6.424952765801994E-5
3,156;425;879,-6.423413663461388E-5
3,56;118;198,6.417455582077714E-5
3,145;463;572,-6.417392620125883E-5
3,84;619;812,-6.416846324169855E-5
3,514;576;968,6.414025644703127E-5
3,93;662;796,6.41113025059748E-5
3,219;658;910,-6.410699737823652E-5
3,53;578;882,-6.409497451349513E-5
3,517;563;773,6.40899447446195E-5
3,675;725;876,-6.40623926687103E-5
3,65;317;405,-6.406143258227325E-5
3,17;153;359,6.40611333254749E-5
3,615;825;999,6.405980946850263E-5
3,22;437;749,6.405437473383277E-5
3,6;468;847,-6.4032412704313E-5
3,97;268;899,6.403237975040522E-5
3,474;528;950,-6.402338948703039E-5
3,216;769;945,6.402328014024056E-5
3,1;370;754,-6.401489318844576E-5
3,499;538;693,-6.399016872201859E-5
3,28;158;432,6.392167324201285E-5
3,347;545;811,6.391902155630195E-5
3,94;105;524,6.39179400075396E-5
3,627;655;883,6.390385233684958E-5
3,29;199;494,-6.39036717911363E-5
3,178;548;754,6.384215133005059E-5
3,179;293;299,6.383748770669964E-5
3,98;788;928,-6.38233996099676E-5
3,252;680;695,6.377297778574781E-5
3,291;321;381,6.375249501830038E-5
3,224;369;787,-6.374515784753158E-5
3,75;325;978,-6.373040584903958E-5
3,36;220;697,-6.372386045291179E-5
3,23;338;891,6.370971187306069E-5
3,805;882;947,6.370416834372261E-5
3,363;682;805,-6.36563149367034E-5
3,194;343;468,-6.365567058573784E-5
3,377;718;895,6.361226179219846E-5
3,50;437;855,6.358972897895007E-5
3,404;685;715,6.357167128326413E-5
3,269;276;999,-6.357011542874652E-5
3,71;351;648,-6.35483937350984E-5
3,773;792;963,6.353128140640024E-5
3,785;807;962,-6.350491942946019E-5
3,652;805;851,-6.350237456818012E-5
3,120;320;902,6.347525071672727E-5
3,163;445;786,6.346547509910692E-5
3,278;344;803,-6.345394257829405E-5
3,171;591;764,-6.343902745880094E-5
3,46;456;887,6.343280647191037E-5
3,93;551;629,6.337724270324312E-5
3,99;616;909,6.337209309422465E-5
3,239;303;709,-6.335700155982183E-5
3,145;779;833,6.33473140218298E-5
3,101;224;498,6.334582204784854E-5
3,198;410;910,-6.332379632916963E-5
3,364;617;794,-6.331933042716448E-5
3,453;836;888,-6.3290835028881E-5
3,213;565;975,6.324890208558181E-5
3,53;287;877,6.32435166331157E-5
3,475;686;749,6.323576970124465E-5
3,135;865;938,6.322789633272013E-5
3,68;161;541,6.320971706787785E-5
3,20;275;423,6.320260582533388E-5
3,537;611;887,-6.317173121751753E-5
3,147;919;933,-6.31716478643031E-5
3,379;722;832,-6.316880574386791E-5
3,277;430;628,6.315644679331506E-5
3,219;919;933,6.315107291344184E-5
3,330;437;961,6.314132287804252E-5
3,420;461;651,6.309827295938862E-5
3,239;787;807,6.309491576189664E-5
3,520;651;809,6.306221359614397E-5
3,354;797;821,6.305117243986142E-5
3,582;894;999,6.30440185540912E-5
3,204;210;888,6.297942337544474E-5
3,86;270;852,-6.29688499063395E-5
3,127;148;604,-6.295138573401156E-5
3,28;350;572,-6.293704628972581E-5
3,382;482;762,6.292394410608455E-5
3,67;814;871,-6.288909433244103E-5
3,211;378;790,-6.286732918554744E-5
3,53;108;484,6.282105827606454E-5
3,131;199;981,6.281464947643231E-5
3,423;622;643,6.280510075313064E-5
3,227;258;540,6.279578903444466E-5
3,75;822;978,-6.278055707784243E-5
3,27;466;583,6.278016984482267E-5
3,80;677;690,6.277935749914445E-5
3,32;35;137,-6.274883956293627E-5
3,54;279;636,-6.273600627054795E-5
3,397;657;890,-6.27302703512375E-5
3,393;525;630,6.270763767491245E-5
3,585;622;672,6.268248370266533E-5
3,25;114;939,6.265863619134998E-5
3,193;201;747,-6.264229857339691E-5
3,643;780;861,6.262217300423066E-5
3,349;713;987,-6.2601567666331E-5
3,152;417;561,-6.256730139343152E-5
3,283;452;651,-6.25504133501322E-5
3,250;301;973,-6.252983328736992E-5
3,109;262;739,6.250075204047143E-5
3,440;491;837,6.248325707323239E-5
3,105;515;706,-6.24726035016786E-5
3,245;404;830,-6.243492267813533E-5
3,122;393;747,-6.242198429070309E-5
3,9;701;994,-6.241511826834517E-5
3,8;507;781,6.240225279846238E-5
3,49;54;636,6.240134400473403E-5
3,573;657;924,-6.2394733710129E-5
3,98;576;956,6.237630361867993E-5
3,75;171;439,-6.236456231681845E-5
3,405;791;961,-6.234349788826906E-5
3,327;540;755,-6.2338902459004E-5
3,158;354;432,6.23352500168605E-5
3,54;768;971,6.229946714419959E-5
3,260;461;697,-6.228629251475532E-5
3,68;840;973,-6.228015442019415E-5
3,282;932;985,6.22718248481076E-5
3,175;267;704,6.226918972642229E-5
3,158;287;435,-6.222721897383113E-5
3,182;400;464,-6.221517680121805E-5
3,315;826;944,-6.221515531066958E-5
3,278;486;803,-6.220944987321626E-5
3,582;831;913,-6.220744405590877E-5
3,371;404;610,6.220357186495617E-5
3,438;445;721,6.219830826555473E-5
3,196;201;736,-6.219675157740965E-5
3,360;364;951,6.217962282776952E-5
3,194;320;902,-6.216208708223695E-5
3,328;712;737,-6.216030089063795E-5
3,31;214;221,-6.213898119786737E-5
3,275;806;874,6.21207045906394E-5
3,281;306;726,-6.211745493997178E-5
3,123;600;679,6.21151200305901E-5
3,603;746;980,6.210905860910785E-5
3,275;721;874,-6.210702697869778E-5
3,312;526;888,-6.209546132229595E-5
3,237;287;291,6.209036857062935E-5
3,49;158;447,6.208300668921615E-5
3,193;454;737,-6.20828814366764E-5
3,146;653;913,-6.208033928880222E-5
3,187;546;687,-6.207180906165653E-5
3,23;822;904,6.207063966922531E-5
3,400;464;647,-6.205661486667022E-5
3,95;413;474,-6.205152025355254E-5
3,250;315;788,6.202113720161501E-5
3,158;340;387,-6.198029859763475E-5
3,481;783;970,-6.197324734360396E-5
3,373;400;651,-6.196736389125525E-5
3,196;749;779,6.196146297576916E-5
3,201;530;547,-6.195810860639652E-5
3,191;599;920,-6.194303960738413E-5
3,790;826;975,6.192564726483511E-5
3,222;230;316,-6.190925077846508E-5
3,147;944;979,-6.190898950655469E-5
3,603;676;874,6.18753772451814E-5
3,133;407;615,6.184311206910277E-5
3,124;480;932,6.184114053054092E-5
3,115;554;801,6.183854499591427E-5
3,411;423;674,6.182865956559866E-5
3,116;269;928,-6.18277931520473E-5
3,282;483;601,-6.181666132525674E-5
3,222;700;934,6.176567812766705E-5
3,131;223;878,6.167270512465008E-5
3,153;657;890,-6.164710904744677E-5
3,188;250;493,6.162933503849277E-5
3,31;760;965,-6.160982797554079E-5
3,277;334;583,-6.160879398011238E-5
3,195;375;564,-6.160613216794982E-5
3,127;452;760,6.158250451844599E-5
3,475;913;961,-6.158032677977505E-5
3,134;296;606,6.157725170613125E-5
3,79;499;538,6.1564252966924E-5
3,48;377;618,-6.155173464982031E-5
3,8;203;795,6.153148774486795E-5
3,233;396;786,-6.151599683932343E-5
3,147;226;830,6.14920665490258E-5
3,6;355;936,6.14863365655909E-5
3,782;822;938,6.144082662484726E-5
3,112;253;930,-6.144078800556477E-5
3,154;645;979,-6.143963566084615E-5
3,530;653;987,-6.141882467631106E-5
3,240;686;713,-6.14174654108583E-5
3,593;661;735,6.140935803962184E-5
3,224;228;403,6.139198885812601E-5
3,91;639;836,-6.137841151303455E-5
3,635;844;970,6.137708748334272E-5
3,91;207;509,-6.137653947687678E-5
3,92;471;622,6.137615748543422E-5
3,360;871;911,6.130395137718276E-5
3,279;391;462,6.130147130337785E-5
3,83;642;942,-6.128619106723413E-5
3,269;541;830,-6.127021734559421E-5
3,60;369;852,6.126780984637599E-5
3,364;441;445,-6.126325193912783E-5
3,89;327;374,6.12515026492252E-5
3,405;868;982,-6.123903405856538E-5
3,60;785;807,6.122965721902259E-5
3,174;303;887,6.121216984481379E-5
3,364;397;883,-6.117855520548841E-5
3,80;587;773,6.117319526296807E-5
3,129;226;830,-6.114910946645109E-5
3,403;772;819,6.111770663050674E-5
3,242;525;712,6.109154781632578E-5
3,335;541;734,-6.108307914092175E-5
3,673;775;961,6.107743379341689E-5
3,4;262;739,-6.107180226758716E-5
3,451;820;924,-6.107043134137012E-5
3,18;37;394,-6.104777302307814E-5
3,88;100;259,6.104728949485971E-5
3,805;851;919,6.10406841640374E-5
3,402;527;584,-6.1029272104095937E-5
3,265;330;469,-6.1003297008998E-5
3,104;419;530,-6.0971563356914574E-5
3,75;549;822,-6.0965738006337353E-5
3,216;541;830,6.0958706043260425E-5
3,25;143;201,-6.092370267672438E-5
3,392;558;706,-6.091238486384332E-5
3,557;838;996,6.09033128130142E-5
3,270;790;826,-6.090316412367024E-5
3,331;783;922,6.089963333252516E-5
3,53;713;838,6.087621180510028E-5
3,400;640;717,-6.084687377127827E-5
3,89;234;652,-6.080685553341485E-5
3,182;352;355,6.0804326089579475E-5
3,80;384;407,-6.079689398110583E-5
3,107;877;897,6.0787008299408665E-5
3,67;210;711,6.077614947011645E-5
3,13;59;109,6.0771159099166734E-5
3,4;966;976,-6.0766470796044545E-5
3,362;605;761,-6.075746346063078E-5
3,572;587;782,6.074613139984583E-5
3,305;352;514,6.074297435234784E-5
3,303;624;826,-6.0739588072385034E-5
3,112;603;693,6.070537910671752E-5
3,619;677;745,6.0684168377752534E-5
3,550;580;862,-6.066999042499193E-5
3,25;199;939,-6.066143000936378E-5
3,219;512;649,-6.065672614211673E-5
3,151;485;664,6.0647253248024755E-5
3,11;459;927,-6.0620353522055473E-5
3,71;515;605,6.0596528335605396E-5
3,53;73;288,6.0571058222014476E-5
3,198;629;842,-6.056477253084284E-5
3,220;368;424,6.056087979500739E-5
3,96;209;441,6.0558320542668064E-5
3,221;411;987,6.054130891455782E-5
3,113;247;592,-6.051941055715011E-5
3,270;790;975,6.0476957105349756E-5
3,492;599;837,-6.047126203847919E-5
3,281;331;774,6.0469179059500266E-5
3,335;396;930,-6.046471920545192E-5
3,94;352;373,-6.0422480585317884E-5
3,33;212;552,6.040085072475539E-5
3,547;583;752,6.0396218867357895E-5
3,694;755;825,6.03913579186076E-5
3,517;651;907,-6.038518467160886E-5
3,328;712;872,6.0380189065758026E-5
3,127;150;268,-6.037691514565177E-5
3,182;306;647,-6.036816919631613E-5
3,9;177;936,6.03584559690422E-5
3,137;425;773,6.035580062139775E-5
3,43;550;562,-6.0349368284158033E-5
3,608;798;923,6.03429916693857E-5
3,90;688;790,-6.0337886061317114E-5
3,321;452;706,6.033350360019517E-5
3,113;216;968,6.032435430451487E-5
3,177;323;403,6.03219836942998E-5
3,315;785;826,-6.031250755712323E-5
3,81;358;550,6.0297416019396757E-5
3,285;560;579,-6.0283548223566694E-5
3,260;461;498,-6.02728432156461E-5
3,390;502;717,6.025459858213321E-5
3,299;339;710,6.025394305076675E-5
3,317;400;866,6.025022869341877E-5
3,158;567;669,-6.0244303490626254E-5
3,182;342;352,-6.024286097670362E-5
3,579;722;872,6.02342844108497E-5
3,638;644;968,6.020999581367E-5
3,99;156;300,-6.020798498546589E-5
3,316;525;712,-6.020775134641781E-5
3,382;511;552,6.0202813708936586E-5
3,163;474;786,-6.019285480427422E-5
3,118;286;876,-6.0191028622793006E-5
3,204;221;933,6.015347783298428E-5
3,92;450;509,6.0129781908789634E-5
3,68;495;670,-6.011374612051761E-5
3,161;601;967,6.010703044168142E-5
3,133;411;679,6.010198514228687E-5
3,35;187;317,-6.010175086810979E-5
3,582;891;999,-6.010101798345052E-5
3,496;773;792,-6.008050818959807E-5
3,170;201;293,-6.004710412243801E-5
3,104;419;596,-6.0025570862145175E-5
3,485;547;752,6.001029996394129E-5
3,27;109;575,5.9984498076562016E-5
3,191;873;913,-5.998295092117252E-5
3,216;713;987,5.9977843133837004E-5
3,335;868;966,-5.997016351172829E-5
3,510;659;694,-5.995268178627791E-5
3,116;851;858,-5.9947335903679756E-5
3,338;404;929,-5.994541317918605E-5
3,270;729;859,5.994287293642399E-5
3,60;582;925,-5.994167953318621E-5
3,64;278;853,-5.991953797008169E-5
3,169;216;273,5.991524054029056E-5
3,111;160;583,5.990824587515424E-5
3,111;160;866,5.9899428575266425E-5
3,212;656;671,5.988711240321078E-5
3,122;660;721,-5.988688598427819E-5
3,696;752;788,5.9881110100060184E-5
3,146;337;510,5.987294488476312E-5
3,280;428;984,-5.98657799543389E-5
3,270;677;859,-5.9865159539358534E-5
3,399;510;753,-5.9857693836093255E-5
3,45;402;769,-5.9831687227402105E-5
3,11;550;745,5.98248197041939E-5
3,85;225;230,-5.9808410084562974E-5
3,151;347;695,-5.9803246197717395E-5
3,265;383;468,-5.978524367836188E-5
3,44;108;675,-5.976650245255314E-5
3,94;400;651,5.9763562514733954E-5
3,401;456;927,5.9758133751156044E-5
3,97;545;739,5.9748895870351506E-5
3,27;514;723,5.974620502143695E-5
3,577;832;925,5.9712787658152494E-5
3,643;780;914,-5.965610804726085E-5
3,226;466;769,5.9645375499281966E-5
3,451;499;803,-5.9626302731947185E-5
3,97;517;907,5.961627140795206E-5
3,73;792;945,-5.961546294064542E-5
3,17;562;898,-5.959714788167415E-5
3,65;611;874,5.959180630484155E-5
3,522;673;813,5.959059948545627E-5
3,32;109;754,-5.9579870288874305E-5
3,158;400;431,5.9543198771507563E-5
3,226;467;700,5.9521324742435025E-5
3,107;114;672,5.9517073940223376E-5
3,193;560;579,-5.9510950802207445E-5
3,54;303;887,5.9504696430648324E-5
3,231;680;761,-5.950046097514482E-5
3,42;136;253,5.949399885241848E-5
3,48;373;377,-5.948983121897863E-5
3,300;456;663,-5.9471319290917904E-5
3,43;114;531,5.94627163387222E-5
3,645;689;824,5.944705694132742E-5
3,323;403;772,5.9441846985310225E-5
3,134;212;276,-5.9438629489335124E-5
3,476;585;630,5.942399910225101E-5
3,404;636;937,-5.939856435182387E-5
3,1;269;708,5.937485201721833E-5
3,12;299;433,-5.935055609168259E-5
3,192;359;607,5.934140400342969E-5
3,184;321;511,-5.931505618124483E-5
3,50;546;726,-5.930132524618032E-5
3,63;281;764,-5.93006959876362E-5
3,360;556;839,5.927409313962073E-5
3,380;744;770,-5.926848560130729E-5
3,147;654;944,-5.9259179347023265E-5
3,375;404;420,5.922241995115896E-5
3,194;345;953,-5.9202076723587715E-5
3,73;331;689,-5.919769529000217E-5
3,154;305;393,-5.917428251073354E-5
3,63;659;678,-5.916388743588261E-5
3,485;756;965,-5.916334890717388E-5
3,792;952;986,5.91624483938109E-5
3,62;961;972,-5.914953786072802E-5
3,91;746;836,5.914273313835676E-5
3,135;832;865,-5.9132698011847557E-5
3,524;555;591,5.912468114786582E-5
3,129;483;546,5.9087887986923534E-5
3,304;524;883,-5.906386915481797E-5
3,57;182;342,-5.904840864721631E-5
3,124;591;661,5.90233384250657E-5
3,104;830;884,-5.900289994446245E-5
3,429;446;611,5.896762893434497E-5
3,217;640;869,5.896140270331679E-5
3,71;632;965,5.895738450658907E-5
3,165;211;858,5.8945785116700506E-5
3,161;168;319,-5.8934247640563805E-5
3,231;913;949,5.8916036044887306E-5
3,62;543;900,5.89112822527267E-5
3,493;846;851,-5.890348412673446E-5
3,13;102;679,-5.887629070192164E-5
3,587;778;881,5.886887665487099E-5
3,278;696;771,5.884314915906219E-5
3,152;561;816,-5.882891770044717E-5
3,68;198;842,-5.878652555113644E-5
3,187;280;847,-5.875875271846057E-5
3,298;367;841,-5.8751227051628015E-5
3,265;330;929,5.873742185714346E-5
3,525;634;867,-5.8736755227117594E-5
3,430;628;695,-5.871334948275857E-5
3,48;643;689,5.8700406853649915E-5
3,54;378;858,5.869838762715821E-5
3,165;303;381,5.8693336225614816E-5
3,253;363;896,-5.868515298411121E-5
3,26;279;343,-5.86552027772202E-5
3,29;370;683,5.86482444695229E-5
3,178;754;838,5.863376801200785E-5
3,320;423;535,5.861870656893817E-5
3,483;518;835,-5.8618245052243824E-5
3,305;703;935,5.861014658014395E-5
3,276;766;929,5.860953033726878E-5
3,89;572;824,5.860100008729244E-5
3,612;814;831,5.8593159251496084E-5
3,194;563;953,-5.8574468788356304E-5
3,314;390;426,-5.856223061047729E-5
3,540;606;841,5.855332286489222E-5
3,112;253;721,5.85507223712016E-5
3,48;337;510,5.853386240592587E-5
3,509;746;980,-5.853350350093052E-5
3,569;633;718,-5.84970343523578E-5
3,34;408;789,-5.848927507065987E-5
3,143;349;863,5.847980135466555E-5
3,484;519;882,-5.847906307095939E-5
3,462;547;689,5.846832209722963E-5
3,396;519;723,5.845634876264939E-5
3,244;641;763,5.843754226331907E-5
3,280;637;779,-5.842183368325803E-5
3,60;230;342,-5.839731095885422E-5
3,96;627;883,5.838880020670294E-5
3,220;283;500,5.836028311429473E-5
3,67;871;875,5.8343872103592765E-5
3,287;443;500,-5.832854216259875E-5
3,149;208;437,-5.832787970129698E-5
3,794;830;887,-5.8304483557221286E-5
3,422;643;851,5.830124755486302E-5
3,367;391;625,5.8290018500615644E-5
3,473;475;935,5.827562204713393E-5
3,127;604;993,-5.8262994645641416E-5
3,76;546;833,5.8253621591939046E-5
3,37;693;718,5.822379073071428E-5
3,80;724;978,5.821767860655312E-5
3,756;868;966,5.820454493239348E-5
3,266;356;527,5.81723456135205E-5
3,119;191;290,5.815948168242495E-5
3,375;404;871,-5.815818304221059E-5
3,438;608;798,-5.8121570838249745E-5
3,301;364;799,5.8108021642679544E-5
3,199;313;998,-5.809113545599766E-5
3,279;442;462,5.8087852148507E-5
3,366;749;872,-5.808657736354365E-5
3,12;354;908,-5.808638589977294E-5
3,599;687;690,-5.8055795885742265E-5
3,260;552;832,-5.8019492563577194E-5
3,34;206;242,5.800828170622689E-5
3,364;640;842,-5.799452476774737E-5
3,370;495;683,-5.799139069319154E-5
3,286;335;511,5.798974986143471E-5
3,311;670;839,-5.7983811225576856E-5
3,53;446;477,-5.797970767458164E-5
3,340;501;572,-5.7952548608198194E-5
3,436;860;891,5.793261547180155E-5
3,126;714;917,5.792909467205261E-5
3,14;821;860,5.792242633688888E-5
3,310;320;535,5.791422799095146E-5
3,80;531;826,5.7862594351180545E-5
3,58;798;924,-5.785655486661645E-5
3,28;101;950,5.7817366396353184E-5
3,85;201;485,5.781230744732603E-5
3,409;774;861,-5.7775212875508563E-5
3,324;616;862,5.7752437663950334E-5
3,393;630;697,5.775157268726057E-5
3,790;878;982,-5.774123627112209E-5
3,330;525;999,5.7734455008371326E-5
3,178;826;888,5.773106744429783E-5
3,98;581;788,-5.771620239878656E-5
3,462;588;831,-5.771018918258456E-5
3,179;255;498,-5.7706531766689384E-5
3,414;491;984,5.770291501024433E-5
3,172;521;690,5.768984301760298E-5
3,333;493;846,-5.768868521937254E-5
3,83;580;583,-5.768438726954129E-5
3,18;346;862,-5.768046211662673E-5
3,40;456;616,-5.7677551893241655E-5
3,385;774;861,5.765563450823099E-5
3,88;100;930,-5.764135637126856E-5
3,41;299;433,-5.7631005008381396E-5
3,133;463;677,5.760238554167177E-5
3,295;322;920,-5.75767293577745E-5
3,517;600;713,-5.75764216388866E-5
3,135;432;569,5.75699059497988E-5
3,574;811;996,5.755923084049647E-5
3,15;507;966,-5.75560167067079E-5
3,86;714;969,-5.7534376015584366E-5
3,614;728;984,-5.7525494860795444E-5
3,37;569;693,5.751833084834379E-5
3,436;493;983,-5.750401128360143E-5
3,532;858;954,5.7502842708109626E-5
3,399;407;618,5.749465271704292E-5
3,475;961;962,5.749189016947811E-5
3,161;319;811,5.747055242144151E-5
3,120;369;465,5.74692994891374E-5
3,276;647;688,-5.745248303735566E-5
3,2;773;975,-5.744073964860039E-5
3,132;911;928,5.7437441055080945E-5
3,269;365;767,5.740865226010339E-5
3,117;287;991,-5.7364922266360254E-5
3,82;602;789,5.7343563280034916E-5
3,74;180;973,5.731838651867074E-5
3,269;365;564,-5.731523277055025E-5
3,321;381;452,5.729268880939898E-5
3,99;528;615,5.726887288386598E-5
3,507;799;965,5.7252349922560925E-5
3,379;684;722,-5.724050407521661E-5
3,113;419;505,-5.7216026472823244E-5
3,391;432;714,-5.721037370297861E-5
3,552;559;658,-5.719910173920594E-5
3,21;778;989,5.7175664611389374E-5
3,165;327;573,5.717543712130247E-5
3,238;277;762,-5.715371527588205E-5
3,511;856;910,-5.7143877186044516E-5
3,28;354;432,5.7142092415683914E-5
3,380;502;968,5.71206056713202E-5
3,30;598;711,-5.7115554806461865E-5
3,35;195;773,5.7085299626773526E-5
3,133;230;361,-5.70819426725489E-5
3,448;637;902,-5.706206186000829E-5
3,120;565;902,-5.7054796839380306E-5
3,116;706;753,5.705157895470925E-5
3,762;834;985,5.704040428852461E-5
3,207;470;580,-5.703663621676867E-5
3,165;374;573,5.702607116653718E-5
3,425;527;584,5.7014362714039996E-5
3,222;229;700,5.698021445540981E-5
3,138;611;781,5.6976349929992485E-5
3,315;584;658,-5.6970023512044096E-5
3,69;821;860,5.694895710538721E-5
3,418;590;958,-5.6945946924812505E-5
3,150;360;486,-5.6936886364949636E-5
3,324;727;933,5.6933732371518376E-5
3,30;38;447,5.691992557630132E-5
3,60;337;782,5.69137816850501E-5
3,65;454;544,-5.6908598208841354E-5
3,251;321;600,-5.689038294429674E-5
3,73;179;999,-5.6881302456711775E-5
3,169;230;240,5.687088213536645E-5
3,280;411;786,5.684781797258226E-5
3,620;882;884,-5.684434171756077E-5
3,378;744;790,5.683537054187948E-5
3,30;584;863,-5.682440385040696E-5
3,332;831;913,-5.682133923638104E-5
3,61;721;855,-5.6802555882408805E-5
3,120;392;465,5.6756797083627777E-5
3,659;728;814,5.675611945502576E-5
3,343;468;710,-5.673830837163297E-5
3,86;481;756,-5.6726638404800925E-5
3,158;567;783,5.672385300802851E-5
3,23;648;690,5.669857592737826E-5
3,369;828;893,-5.66837744407325E-5
3,403;600;714,-5.668040320506988E-5
3,28;350;698,-5.6667561241505024E-5
3,541;751;830,-5.6632601525447036E-5
3,182;306;400,-5.662258675009843E-5
3,634;701;717,5.661028612401262E-5
3,75;145;502,-5.660291320162816E-5
3,603;812;843,-5.6602749977076527E-5
3,189;344;596,-5.660244369503589E-5
3,70;653;809,5.659928785186431E-5
3,41;421;920,-5.658526520827718E-5
3,130;866;914,-5.6579812445761506E-5
3,187;687;847,-5.6578124984022703E-5
3,177;481;637,5.6575889312098076E-5
3,64;427;586,5.656829453638712E-5
3,472;609;931,-5.656799509551954E-5
3,333;596;686,5.656530485766616E-5
3,80;379;566,-5.65573397417819E-5
3,493;502;701,5.6545585409549404E-5
3,250;589;639,-5.653839785147648E-5
3,23;492;822,5.653193473950968E-5
3,119;723;857,-5.652824594499067E-5
3,301;540;645,-5.6515735500350914E-5
3,3;725;821,5.650717138302633E-5
3,154;202;366,-5.650682564643651E-5
3,79;538;693,5.6506388097304176E-5
3,192;548;838,-5.650352688789524E-5
3,106;122;393,5.6499366817720366E-5
3,102;598;600,5.648529283392287E-5
3,376;417;665,-5.6475306021077996E-5
3,55;195;345,-5.645623464344789E-5
3,706;753;889,5.645332970386278E-5
3,64;568;753,5.644447502875308E-5
3,184;714;917,5.643545709652194E-5
3,25;738;831,-5.643471240864671E-5
3,899;949;980,-5.643333052236491E-5
3,51;167;494,-5.6401162649385094E-5
3,181;189;886,-5.640080007658647E-5
3,23;474;883,5.637373631141375E-5
3,677;756;940,5.636764515473888E-5
3,290;611;637,-5.635296408226705E-5
3,23;832;891,5.634413471236152E-5
3,153;360;607,-5.6333879834770006E-5
3,24;632;967,5.632587380429954E-5
3,284;634;701,-5.6317204749601764E-5
3,129;300;404,5.627836152995373E-5
3,737;791;868,-5.625554477840508E-5
3,120;307;921,5.624780085272362E-5
3,360;761;951,-5.624617762721651E-5
3,185;415;750,-5.620912530167147E-5
3,435;601;781,-5.620195242296897E-5
3,17;462;569,-5.619834819327003E-5
3,218;405;673,5.616703954272807E-5
3,17;201;988,-5.616373220046359E-5
3,192;598;883,-5.614558623616025E-5
3,125;616;833,5.612627610647307E-5
3,221;611;993,5.6102761713448934E-5
3,29;495;683,5.608087148345457E-5
3,396;426;880,-5.6079777265740624E-5
3,173;670;963,-5.607911093561975E-5
3,362;444;497,-5.6073313642637906E-5
3,525;527;771,5.6070267066471867E-5
3,140;660;710,5.606924270388226E-5
3,179;255;985,5.60369052863257E-5
3,698;710;897,-5.601577043143985E-5
3,153;582;598,5.6012770524040024E-5
3,135;210;832,-5.5994012609205244E-5
3,11;594;687,-5.5988439641112266E-5
3,9;77;596,-5.5961618063566217E-5
3,98;603;646,-5.5960676915381034E-5
3,120;920;937,-5.5959658494709055E-5
3,99;802;839,-5.5958984536355865E-5
3,277;284;334,5.5955267804695434E-5
3,54;627;983,-5.594657641934882E-5
3,159;189;741,5.592485845460188E-5
3,462;611;850,5.5923731984500316E-5
3,221;466;888,5.5916760206161826E-5
3,30;725;941,5.591081335627236E-5
3,193;201;794,-5.588608937971788E-5
3,806;874;883,-5.588598868288448E-5
3,113;397;862,5.587306944322194E-5
3,622;643;803,-5.5857561443815115E-5
3,337;711;821,5.5842108810950625E-5
3,510;566;829,5.583202639611197E-5
3,242;493;502,-5.5786366614365674E-5
3,84;95;305,5.577743908442931E-5
3,278;565;640,-5.577272521832022E-5
3,136;212;373,-5.5766120271518216E-5
3,89;760;824,-5.576029920833619E-5
3,399;618;888,-5.5756783800857524E-5
3,394;866;878,5.574180140397082E-5
3,338;727;784,-5.573532875660186E-5
3,343;918;926,5.572358905981824E-5
3,280;423;674,5.571904328134066E-5
3,140;236;710,-5.571236914035092E-5
3,370;670;754,-5.56949826856136E-5
3,487;602;754,-5.568469892019468E-5
3,216;349;987,5.5661665770226534E-5
3,248;278;429,5.56440711936518E-5
3,243;401;699,5.564261908678249E-5
3,108;504;524,-5.563836942554048E-5
3,279;291;932,5.561030647995353E-5
3,6;329;980,-5.5590611161860135E-5
3,184;337;510,-5.556453506763573E-5
3,80;193;414,5.554589276037468E-5
3,156;305;949,5.554168601212528E-5
3,36;207;220,-5.5541049996753207E-5
3,121;469;872,-5.550730840579781E-5
3,39;603;874,5.54977590552803E-5
3,104;175;704,-5.548235531475826E-5
3,221;429;446,-5.54790081511437E-5
3,433;715;834,-5.547475642369465E-5
3,258;643;968,5.5471218961002214E-5
3,139;317;405,5.545562087118926E-5
3,28;871;981,-5.5451889899997714E-5
3,292;685;804,5.545011222616165E-5
3,42;86;756,5.544385804111733E-5
3,431;762;944,-5.542438820780063E-5
3,718;792;874,5.54104214035671E-5
3,273;813;821,-5.5406151882073275E-5
3,38;256;858,5.539809231693308E-5
3,244;286;717,5.5392674993453005E-5
3,462;547;814,5.5367412675740714E-5
3,84;201;485,5.536688796033437E-5
3,153;236;890,5.5365586608599595E-5
3,127;920;959,-5.536423979193467E-5
3,144;301;324,5.535595639019654E-5
3,552;605;872,-5.533058251149828E-5
3,277;695;974,-5.531740455765877E-5
3,491;511;862,5.531706096638528E-5
3,163;445;474,5.531516051870742E-5
3,25;688;696,5.53103571927173E-5
3,380;502;540,5.530129093616143E-5
3,533;558;837,-5.528771168145452E-5
3,566;656;815,-5.5286240084874404E-5
3,163;403;596,-5.527359727921541E-5
3,8;203;741,-5.5271677713820284E-5
3,196;513;546,5.526992598405755E-5
3,189;698;743,-5.5266171041188377E-5
3,92;253;622,5.526158978489096E-5
3,167;228;600,5.525204946928571E-5
3,313;561;615,5.522326245554207E-5
3,289;375;500,-5.520469270357609E-5
3,383;468;859,-5.520341535772802E-5
3,120;315;665,5.517599898107164E-5
3,451;707;980,-5.5171969126255E-5
3,553;797;922,5.5169585548592794E-5
3,184;414;815,-5.5167197310161064E-5
3,109;135;727,-5.515002179461971E-5
3,347;858;940,5.514432305863688E-5
3,31;632;760,5.5139664650751864E-5
3,99;350;998,5.513546084727822E-5
3,50;99;546,5.511812337387542E-5
3,304;314;872,5.511389770875228E-5
3,42;212;373,5.5092910000280825E-5
3,596;662;725,-5.5076245541881924E-5
3,420;651;809,-5.5071021895418755E-5
3,335;571;767,-5.504264115055572E-5
3,178;192;838,5.503824202873479E-5
3,220;486;697,5.5030291325129934E-5
3,382;763;988,-5.5022838337398825E-5
3,441;454;503,-5.500192482556723E-5
3,16;101;388,5.499408992845102E-5
3,92;531;598,5.4988925748245215E-5
3,104;419;807,5.49873628780952E-5
3,279;668;826,-5.497879386179722E-5
3,48;148;377,-5.497541772980784E-5
3,101;355;624,5.496407917121481E-5
3,93;551;563,5.4959495424264486E-5
3,539;662;725,-5.49477806960228E-5
3,22;437;703,-5.488215752399921E-5
3,68;495;963,5.487748089702041E-5
3,25;47;69,5.4873417585504066E-5
3,81;253;896,5.4872446504778774E-5
3,92;589;821,-5.486631758924954E-5
3,123;705;789,-5.4858843930441096E-5
3,2;61;279,5.485706793262048E-5
3,14;605;971,5.485174676931226E-5
3,71;449;945,-5.4803217004509147E-5
3,462;640;850,5.478928041413488E-5
3,277;284;837,-5.4787026116696366E-5
3,264;562;593,-5.478479484667934E-5
3,196;472;839,5.477639615371639E-5
3,242;493;825,-5.4759176423002863E-5
3,73;825;999,-5.47545272665399E-5
3,7;390;864,-5.4738407098825994E-5
3,160;447;983,5.4718029757157533E-5
3,412;596;662,-5.470964989081045E-5
3,685;743;968,-5.470533998101367E-5
3,33;375;725,-5.4686773632033155E-5
3,507;799;945,-5.46793995991049E-5
3,4;20;181,-5.4666409279663906E-5
3,259;301;683,-5.4657192324266466E-5
3,267;379;512,-5.464723623758218E-5
3,17;715;833,-5.4646507610753945E-5
3,721;806;883,5.4644702154929876E-5
3,87;892;938,-5.464357017365712E-5
3,70;192;389,5.46221856304013E-5
3,166;272;736,-5.462160957216666E-5
3,145;268;949,-5.461307067864939E-5
3,2;349;350,5.460858704719344E-5
3,8;158;781,-5.4607011395146824E-5
3,267;279;871,-5.4605648192411715E-5
3,461;520;809,-5.454196385521531E-5
3,223;468;878,5.453331937302687E-5
3,510;659;825,5.4530694845770834E-5
3,280;505;773,5.4518791022272975E-5
3,126;470;989,-5.4517893300547045E-5
3,437;665;709,5.4499639801833754E-5
3,171;577;925,-5.448478486679187E-5
3,662;796;854,5.44802394384271E-5
3,397;401;883,-5.4474990965311526E-5
3,257;276;999,5.444174054858842E-5
3,282;299;451,5.444046230623209E-5
3,336;348;883,5.443562378450244E-5
3,189;596;743,5.441777134666979E-5
3,142;444;800,5.440663298184867E-5
3,446;581;735,5.439358789171979E-5
3,152;417;663,-5.4389966403467095E-5
3,96;383;775,5.438651135046746E-5
3,140;261;761,5.437715408587303E-5
3,93;453;589,-5.436479398492734E-5
3,78;628;998,5.4341748995102926E-5
3,15;438;721,-5.4337921782098525E-5
3,643;780;903,-5.433547517605578E-5
3,325;785;871,-5.431907607623382E-5
3,333;846;851,5.4316673894536385E-5
3,404;439;953,-5.4314880865662484E-5
3,716;744;791,5.4309959426657524E-5
3,277;703;767,5.4306082132191014E-5
3,243;363;775,5.4303978376988066E-5
3,4;262;753,-5.430281641752819E-5
3,192;545;966,5.425579584690666E-5
3,437;928;932,5.4243342227264406E-5
3,256;366;858,-5.4238893794237676E-5
3,247;310;501,5.423751104272287E-5
3,343;506;797,-5.4233527781908564E-5
3,729;820;924,-5.422927841677394E-5
3,227;540;841,5.419209354508994E-5
3,51;706;760,-5.4181505637062644E-5
3,438;588;923,5.4175521653823506E-5
3,227;867;969,5.415534432837374E-5
3,578;799;945,-5.412976803054445E-5
3,74;115;834,-5.412351220181036E-5
3,80;157;407,5.410566474581491E-5
3,109;262;753,-5.410443003863227E-5
3,768;879;971,-5.4079313236922906E-5
3,29;267;768,5.407361361182598E-5
3,14;35;877,-5.4052236244491224E-5
3,47;522;680,-5.4043362577758186E-5
3,142;160;447,5.404231359537304E-5
3,722;787;872,5.400911270284081E-5
3,501;525;594,-5.3998116849658964E-5
3,46;356;897,-5.398663571950845E-5
3,138;139;788,5.397320730088569E-5
3,312;676;710,5.3971193232272314E-5
3,200;537;955,-5.3968368720202085E-5
3,390;426;663,5.395571220103669E-5
3,130;957;965,5.395540369406779E-5
3,54;452;964,5.394744038419105E-5
3,25;179;194,5.394669831214145E-5
3,422;666;685,5.394290447546159E-5
3,417;561;663,-5.3941949548773985E-5
3,312;710;778,5.3941180968129355E-5
3,168;735;986,-5.393304117381476E-5
3,662;674;854,5.3927280584299874E-5
3,485;695;929,-5.392408949869129E-5
3,27;405;791,-5.390844091813411E-5
3,158;237;435,-5.390836123289526E-5
3,714;879;969,5.389994726098168E-5
3,155;199;755,-5.3871337464342006E-5
3,56;385;831,5.3861511428425005E-5
3,198;202;341,5.3855560809483696E-5
3,307;410;501,-5.385448883106715E-5
3,50;107;169,5.384311790922802E-5
3,391;637;755,5.383607281637186E-5
3,104;635;716,-5.3813853545142986E-5
3,620;718;817,-5.3809035138772527E-5
3,404;489;641,5.37969222856224E-5
3,407;617;936,-5.378045658738358E-5
3,500;642;803,5.3775819399201464E-5
3,82;176;659,-5.377012631072563E-5
3,195;394;421,5.376409582361283E-5
3,75;171;521,5.375620565150682E-5
3,487;707;845,-5.37545678871093E-5
3,373;391;755,-5.371424602885025E-5
3,83;656;671,5.370211833963755E-5
3,11;745;809,-5.370208445436411E-5
3,531;668;987,5.368614526191587E-5
3,307;341;750,5.368584838517049E-5
3,450;509;758,5.36836594684724E-5
3,794;795;890,-5.365288905822748E-5
3,22;151;664,5.363976047651932E-5
3,421;732;830,-5.363690005163795E-5
3,145;463;949,5.360288937783696E-5
3,35;459;483,5.359401116247315E-5
3,335;360;689,5.358115231703813E-5
3,156;625;902,-5.357478908008859E-5
3,6;384;777,-5.3574454125651274E-5
3,371;756;965,5.3568489444428433E-5
3,259;331;922,5.355801449907539E-5
3,281;331;964,-5.353249451499273E-5
3,122;437;749,-5.351315604141376E-5
3,458;461;738,5.350621334210751E-5
3,312;885;975,-5.350201394163501E-5
3,243;401;875,-5.349077605947589E-5
3,122;604;792,-5.347827144143505E-5
3,44;106;661,-5.345854787560622E-5
3,775;796;896,-5.343731714888837E-5
3,51;300;526,5.343362739785669E-5
3,313;384;857,5.3429736631727275E-5
3,130;560;957,5.3425779794485885E-5
3,2;790;975,5.342450459547855E-5
3,619;758;844,5.3403365297555765E-5
3,281;331;740,5.3397113825096643E-5
3,544;549;775,-5.339477358149181E-5
3,30;198;759,5.337582273943951E-5
3,111;467;468,5.335636654620297E-5
3,294;548;760,-5.33483361514752E-5
3,201;715;747,-5.328372350616664E-5
3,253;868;930,5.3278824500123876E-5
3,280;411;423,-5.3263412960492314E-5
3,77;251;705,5.3247689762474676E-5
3,415;571;920,-5.32328798932364E-5
3,722;808;871,5.32152387563945E-5
3,562;612;881,-5.319967621981364E-5
3,6;202;329,5.3191457960597666E-5
3,331;740;774,5.319126065932357E-5
3,89;594;701,-5.318367366229393E-5
3,44;51;661,5.317962147796506E-5
3,394;866;982,5.3175556871318655E-5
3,53;477;732,-5.3167947130617886E-5
3,47;69;623,5.316043868628762E-5
3,157;552;832,-5.313472734550949E-5
3,133;281;726,5.313460247422848E-5
3,268;603;881,-5.308418265862822E-5
3,51;237;906,5.30835729318741E-5
3,68;301;973,-5.308253324435656E-5
3,92;516;996,5.30779561242565E-5
3,582;925;977,-5.306566029460096E-5
3,41;496;690,-5.306075559553351E-5
3,198;295;921,5.303876197664925E-5
3,514;576;703,5.302981240246103E-5
3,313;366;785,5.298658270701246E-5
3,167;600;749,-5.296050730232457E-5
3,54;279;556,5.2953262758922414E-5
3,281;306;510,-5.293573162114694E-5
3,487;731;761,-5.293339467094935E-5
3,187;329;705,5.291656859332081E-5
3,120;665;670,5.289989905341794E-5
3,672;807;883,-5.2896257973270326E-5
3,401;518;927,-5.2894266667073994E-5
3,106;282;601,-5.287880822451403E-5
3,178;548;838,5.287493670023855E-5
3,417;665;911,-5.2866066690763384E-5
3,40;387;653,5.285874311447084E-5
3,191;290;637,-5.285652854705964E-5
3,179;498;985,5.2854503516857155E-5
3,81;150;627,-5.284477217911775E-5
3,68;173;963,-5.281103396936758E-5
3,168;220;518,5.280827467813686E-5
3,133;461;615,5.279720239127399E-5
3,154;640;967,-5.2792468527828526E-5
3,7;109;574,5.279083332397108E-5
3,30;394;584,5.2770261689634986E-5
3,412;424;616,-5.276208872368E-5
3,182;576;968,5.276059524513706E-5
3,132;686;911,-5.274591020266936E-5
3,348;483;917,-5.2730704584316386E-5
3,128;476;529,5.27223738930835E-5
3,131;223;472,5.27095702345531E-5
3,456;527;616,5.2692912196362984E-5
3,143;808;827,-5.2681199736466454E-5
3,230;240;719,5.2680554438339604E-5
3,156;265;658,5.26561788169478E-5
3,118;286;845,-5.265234291569102E-5
3,26;635;917,5.264755557865934E-5
3,373;377;618,-5.2645857906310474E-5
3,234;743;887,5.2640783787594944E-5
3,431;798;924,5.262660827539437E-5
3,92;516;814,5.260369941546871E-5
3,40;342;343,-5.2594630203361845E-5
3,417;887;911,-5.259019820212417E-5
3,312;526;927,-5.2589393551947515E-5
3,565;640;796,-5.257373437359429E-5
3,251;447;705,-5.257101443336227E-5
3,421;476;951,5.254934699902196E-5
3,226;416;642,5.254171677127004E-5
3,32;241;448,-5.2537340254568744E-5
3,37;273;979,5.253005659960889E-5
3,382;424;861,-5.249651864557591E-5
3,143;742;770,-5.2491647084341896E-5
3,720;821;978,-5.2486297710874066E-5
3,98;268;881,5.245061412364788E-5
3,94;412;783,-5.2442534901789044E-5
3,173;416;634,5.2429365801800216E-5
3,682;709;776,5.2426164740088435E-5
3,445;794;890,-5.242553788962066E-5
3,282;573;920,-5.240850271534345E-5
3,166;261;272,-5.2395132813644064E-5
3,169;708;943,-5.238570079289411E-5
3,790;885;975,5.238337512192913E-5
3,333;382;988,5.237649498773022E-5
3,673;901;937,-5.236428204318228E-5
3,14;382;456,5.235662810557924E-5
3,393;901;937,-5.23448505297888E-5
3,34;82;222,-5.234092706251395E-5
3,129;546;989,5.233692239633127E-5
3,703;709;890,5.2292492418089784E-5
3,116;858;995,5.228897198417741E-5
3,9;183;994,5.2282161559401374E-5
3,196;577;832,-5.225453231831036E-5
3,127;706;760,5.2250546035912946E-5
3,250;587;964,5.224970883255122E-5
3,254;487;707,-5.2240718276608074E-5
3,223;330;414,5.2217341454962556E-5
3,484;563;773,5.2205824694743884E-5
3,2;35;137,5.215165524506344E-5
3,198;553;689,5.214991045393906E-5
3,221;466;826,-5.214946301323531E-5
3,288;457;877,-5.214276881448827E-5
3,673;961;972,-5.213478712342979E-5
3,507;516;769,5.213195138060723E-5
3,346;531;668,5.21310751657136E-5
3,765;820;949,5.211864987044177E-5
3,551;568;882,5.2090789433322604E-5
3,590;873;897,5.208129435300304E-5
3,249;540;755,-5.207544019275784E-5
3,415;689;713,-5.20651835584023E-5
3,90;149;208,-5.205459004156614E-5
3,142;458;459,-5.203923349416705E-5
3,682;919;969,5.2022000159640236E-5
3,124;513;608,-5.202105831235175E-5
3,186;440;640,-5.201131201693045E-5
3,41;258;557,-5.2008527463567724E-5
3,1;156;700,5.20077393680653E-5
3,678;928;932,5.2004171887494674E-5
3,160;254;707,-5.2001039677108366E-5
3,497;896;976,5.1997082270353606E-5
3,93;674;796,-5.199467949809496E-5
3,208;626;958,5.199337501273897E-5
3,165;573;880,5.1977941910369864E-5
3,437;736;830,5.1951967787537126E-5
3,550;680;761,5.194687859444025E-5
3,5;482;575,5.192678890122736E-5
3,255;791;985,-5.190418630023877E-5
3,66;224;485,-5.188738143553658E-5
3,137;336;632,5.188075391975255E-5
3,188;603;914,5.1869017358978256E-5
3,153;459;598,5.1868441801664445E-5
3,238;277;737,5.186811276270317E-5
3,196;685;779,5.186552900420256E-5
3,133;230;891,5.1855383763178934E-5
3,271;780;887,-5.18504707944496E-5
3,83;288;572,-5.18482853807053E-5
3,68;541;796,5.1839374390827235E-5
3,406;676;961,-5.1829044618801493E-5
3,203;269;343,5.182285560391495E-5
3,126;184;917,5.181122234548409E-5
3,75;458;502,5.178885156884736E-5
3,396;487;733,-5.17835455500518E-5
3,357;879;916,-5.17832900616394E-5
3,448;740;867,-5.1780507330381395E-5
3,161;541;791,-5.177693603636343E-5
3,278;344;486,5.177332733753072E-5
3,234;296;595,-5.176785462713758E-5
3,71;181;536,-5.173966643643368E-5
3,117;192;277,5.173592856416525E-5
3,198;629;768,-5.1727350386803666E-5
3,259;331;482,5.172130503482735E-5
3,153;286;641,-5.1719656749512985E-5
3,694;740;989,5.171526653465565E-5
3,225;230;518,-5.170492593852748E-5
3,55;59;345,5.16954963904334E-5
3,86;311;643,-5.167410832631299E-5
3,686;763;780,-5.1666536633581996E-5
3,130;456;518,5.166467148742429E-5
3,376;417;911,-5.165619140174513E-5
3,68;629;768,-5.165495794013311E-5
3,568;688;753,-5.16338659077522E-5
3,12;264;555,-5.1629640617989296E-5
3,25;143;863,5.160405140100648E-5
3,365;670;997,-5.1597678793734004E-5
3,715;716;834,-5.1586136815994234E-5
3,484;889;992,5.1574063580833304E-5
3,402;769;945,-5.155277887412645E-5
3,282;985;998,-5.15513817643807E-5
3,239;787;845,5.155002804524378E-5
3,183;199;955,-5.154531319363443E-5
3,55;123;887,-5.154367047481993E-5
3,677;877;994,-5.154187906333785E-5
3,17;649;715,-5.154009207657967E-5
3,136;466;803,-5.1539806926386545E-5
3,35;187;864,5.1534655631742715E-5
3,200;250;882,5.152329197448639E-5
3,160;378;606,5.151596399776751E-5
3,234;251;863,-5.1490317129036854E-5
3,331;773;851,-5.1486761354877494E-5
3,297;410;773,5.147498123395486E-5
3,183;504;955,5.1471418571594705E-5
3,474;610;794,-5.147122271447586E-5
3,154;237;366,-5.1453411791228114E-5
3,56;808;827,5.1444849045754775E-5
3,785;789;826,5.143089017745683E-5
3,38;809;913,-5.1428450569020736E-5
3,161;335;734,-5.141635953417509E-5
3,160;254;487,-5.140569290015439E-5
3,65;874;887,-5.1390691517959344E-5
3,23;338;832,-5.1378270352670415E-5
3,276;784;823,5.134627018803498E-5
3,90;156;234,-5.132611881782153E-5
3,145;395;404,-5.132034127782959E-5
3,240;590;958,5.131490162863487E-5
3,105;790;885,-5.1313335027023236E-5
3,498;593;967,5.130326748078825E-5
3,237;762;944,-5.130235105190742E-5
3,546;687;847,5.1298631590988076E-5
3,405;428;982,5.1294666226761625E-5
3,122;721;792,-5.128491233055696E-5
3,414;428;982,5.1273304797531244E-5
3,109;208;959,-5.125377539919729E-5
3,312;888;927,5.12509225230081E-5
3,1;226;619,5.124538821880849E-5
3,266;300;314,5.124422682135296E-5
3,113;650;900,-5.122804628232836E-5
3,106;312;681,5.122623842577899E-5
3,440;605;635,5.122285214689536E-5
3,35;375;773,-5.1219382611470676E-5
3,192;966;976,-5.1216225729728975E-5
3,29;725;768,-5.119269667262733E-5
3,39;732;748,-5.1188318514538216E-5
3,545;858;940,-5.11794314570919E-5
3,307;799;900,-5.117862282249021E-5
3,2;93;975,-5.1168052709515E-5
3,130;659;984,-5.1140353496987936E-5
3,759;908;984,-5.114025225391702E-5
3,26;745;748,5.1130399614141054E-5
3,67;601;814,-5.112875129607017E-5
3,445;474;786,-5.1117857582524924E-5
3,171;229;925,-5.108160443524556E-5
3,60;657;852,-5.1070979317161806E-5
3,130;702;984,-5.1059046949720594E-5
3,449;547;583,5.100521779631017E-5
3,305;594;756,5.100353438474132E-5
3,148;377;618,-5.100167857807655E-5
3,91;396;836,-5.0997559656693106E-5
3,1;226;416,-5.098029032010461E-5
3,232;249;400,-5.096225886467118E-5
3,276;313;613,-5.0961119742607616E-5
3,415;689;719,5.095268637351435E-5
3,197;488;811,-5.095041598353818E-5
3,304;775;787,-5.0935804446994145E-5
3,461;503;555,-5.0922561494852666E-5
3,17;673;898,-5.0880030177343345E-5
3,293;299;620,-5.0860236994708944E-5
3,280;505;963,5.083713853033409E-5
3,282;836;920,-5.0825007325753084E-5
3,48;689;913,-5.0809070130012516E-5
3,397;565;640,5.0800487058654796E-5
3,421;576;968,-5.074511344914753E-5
3,110;134;284,-5.072479298412255E-5
3,121;348;883,-5.072047409146166E-5
3,234;251;743,5.071969073228456E-5
3,406;579;827,-5.0690869889574846E-5
3,43;683;971,5.068688262895632E-5
3,236;397;890,-5.068648825740463E-5
3,182;760;968,5.068453295816108E-5
3,540;751;968,-5.067850168906682E-5
3,172;351;476,5.067386416287047E-5
3,219;311;981,5.067060563722026E-5
3,267;677;998,5.066239497107758E-5
3,188;861;967,5.065959966954166E-5
3,64;258;753,-5.0652565905089833E-5
3,87;392;899,-5.065228569259689E-5
3,173;455;896,-5.0644799088942245E-5
3,45;222;934,5.064413474796259E-5
3,668;827;886,-5.063935952396334E-5
3,85;201;242,-5.0638882870595654E-5
3,41;920;951,-5.063559865446948E-5
3,228;424;817,-5.061221368010567E-5
3,172;214;521,-5.0611560574755107E-5
3,92;270;701,-5.05858932959386E-5
3,284;756;940,5.057973745900741E-5
3,47;524;637,-5.056605814275407E-5
3,373;619;947,-5.05607011497283E-5
3,366;561;785,5.0547871039326633E-5
3,266;527;554,-5.0539320081934256E-5
3,161;389;967,-5.050693728700145E-5
3,382;672;922,-5.050149141487359E-5
3,46;218;673,5.049765709167659E-5
3,25;661;910,-5.0496262540846E-5
3,48;744;791,5.046988422135307E-5
3,17;647;730,-5.046646885138176E-5
3,42;253;373,5.0462785235903764E-5
3,184;392;465,5.046241447082505E-5
3,161;168;811,-5.0456102073509814E-5
3,582;792;925,-5.045198150711328E-5
3,432;550;943,-5.0445103851928314E-5
3,191;530;555,5.04439965849826E-5
3,204;482;909,-5.0434378783934155E-5
3,399;613;878,5.043280196588579E-5
3,160;377;784,-5.0429501513016135E-5
3,605;753;799,-5.0413552605815186E-5
3,682;879;969,-5.037922119052284E-5
3,138;140;681,-5.036965831653849E-5
3,41;476;920,5.034854998696444E-5
3,282;573;793,5.03329189890774E-5
3,426;880;980,-5.0297477855331744E-5
3,177;403;772,-5.029721780629056E-5
3,408;811;955,-5.028080503381861E-5
3,502;540;968,5.02785186573583E-5
3,574;811;812,5.026668618776502E-5
3,76;386;436,-5.024685870582754E-5
3,363;534;552,5.02443643218986E-5
3,156;450;504,5.024352147597852E-5
3,290;324;603,-5.0242468594750504E-5
3,59;327;393,5.022440290149967E-5
3,172;476;497,-5.01984474608615E-5
3,369;893;905,5.0198385389453175E-5
3,94;402;494,5.0190674300735886E-5
3,296;407;888,-5.018953046024346E-5
3,643;851;888,5.0180078031723956E-5
3,437;703;749,5.017877807367812E-5
3,308;561;634,5.017192565888801E-5
3,195;450;611,5.0132517747114726E-5
3,499;770;819,5.009309641141209E-5
3,435;860;947,5.0093054118097546E-5
3,713;737;872,5.008624512276033E-5
3,17;649;866,-5.008621048422018E-5
3,45;402;494,-5.007001852897886E-5
3,394;790;866,5.006471102761723E-5
3,241;574;757,5.006206735246222E-5
3,400;485;640,5.006015110835411E-5
3,557;659;765,-5.00579792335707E-5
3,218;594;756,-5.0056660717423817E-5
3,578;630;882,5.004420282954869E-5
3,648;659;816,-5.003476327922582E-5
3,324;617;794,-5.0020361283268925E-5
3,620;718;976,5.0016229879434305E-5
3,525;810;987,5.001271150560073E-5
3,87;706;899,5.0007162908008234E-5
3,444;723;965,-4.998758920238751E-5
3,160;254;845,4.9974788020526E-5
3,89;226;890,-4.997118835759853E-5
3,249;288;400,4.995207153254697E-5
3,675;742;893,4.994404374334352E-5
3,233;295;344,-4.994348775843197E-5
3,605;665;799,-4.993358883042842E-5
3,377;422;685,-4.992738676877001E-5
3,445;823;890,4.9923128683892375E-5
3,254;545;659,-4.992242575005745E-5
3,492;837;997,4.9916400804527345E-5
3,605;658;872,-4.9885475209231274E-5
3,80;222;783,4.9873497649705815E-5
3,244;250;763,-4.987174820041547E-5
3,31;214;629,4.9869357727574843E-5
3,51;456;526,4.98686084558667E-5
3,40;230;343,4.9864734504338165E-5
3,552;559;605,-4.985282192976461E-5
3,240;540;901,-4.984555362485099E-5
3,282;299;787,4.9844254188024896E-5
3,364;640;807,4.9836013985733783E-5
3,276;752;788,-4.981293679749843E-5
3,450;611;830,-4.980553695615755E-5
3,401;705;875,4.9801652747278456E-5
3,130;401;927,-4.978891105470606E-5
3,466;803;984,-4.9758556922806713E-5
3,221;933;964,-4.97440037947732E-5
3,523;769;902,-4.973817788692475E-5
3,117;780;887,4.973813624122551E-5
3,722;776;787,4.972777987486454E-5
3,285;341;449,4.971764309820366E-5
3,240;396;697,4.971732768262014E-5
3,391;538;714,4.9686518987409944E-5
3,355;822;865,4.968649291422266E-5
3,178;698;937,4.968433898896771E-5
3,268;374;955,-4.968412760836499E-5
3,8;30;781,4.9680281080295844E-5
3,113;306;592,4.9650612673294585E-5
3,576;759;987,4.962433545823487E-5
3,280;546;687,-4.960753248407193E-5
3,393;680;981,4.9605347782895924E-5
3,296;448;536,-4.960280511742719E-5
3,299;469;872,-4.955793587545475E-5
3,23;78;891,-4.9550512371347984E-5
3,5;245;915,-4.954106861548631E-5
3,660;820;949,-4.9527623984101695E-5
3,269;338;708,4.9523212555396854E-5
3,12;41;94,4.952061596421739E-5
3,286;569;717,4.9507595083020105E-5
3,636;643;888,-4.949897274962702E-5
3,266;531;826,4.947538682058634E-5
3,75;416;502,4.9462807779987006E-5
3,148;396;789,-4.945729949216472E-5
3,473;884;969,-4.945604564554204E-5
3,216;269;751,-4.9442337676327206E-5
3,186;573;616,4.942901677521086E-5
3,297;354;797,4.941834454797582E-5
3,50;206;862,-4.939894483205519E-5
3,234;652;701,4.938876913908328E-5
3,425;743;809,4.9387155121308485E-5
3,10;585;911,-4.936188231532096E-5
3,225;328;690,-4.9310524938475345E-5
3,120;341;535,-4.9309336927622776E-5
3,380;751;968,4.930681933083671E-5
3,238;840;857,-4.930608320821378E-5
3,183;254;793,-4.9266975141656055E-5
3,572;824;926,4.924627349163989E-5
3,256;265;859,-4.924334472806464E-5
3,333;763;988,-4.9234264453364226E-5
3,11;813;988,-4.921450353179181E-5
3,435;781;846,-4.919713258949025E-5
3,99;682;758,4.918474440719732E-5
3,329;684;980,-4.915038046504657E-5
3,680;814;996,4.912368681771064E-5
3,63;281;603,-4.911507608218666E-5
3,20;60;681,-4.9090659935349836E-5
3,553;795;976,4.90872234163116E-5
3,142;250;493,4.908403998258668E-5
3,269;541;751,4.9037919098448544E-5
3,117;494;576,4.903719791794167E-5
3,212;534;552,-4.902937871121658E-5
3,166;438;860,4.902506874245148E-5
3,376;451;980,4.9023192434119686E-5
3,332;582;831,-4.900607204645714E-5
3,214;616;855,-4.9000843549242405E-5
3,271;532;792,4.8990383704798434E-5
3,218;673;928,-4.898583771801146E-5
3,211;858;889,-4.8976423244815755E-5
3,169;282;304,4.89726814110104E-5
3,590;698;873,4.896529512432547E-5
3,123;794;830,-4.895523773675298E-5
3,409;515;885,4.894738913466108E-5
3,121;681;883,4.894443061808289E-5
3,420;607;771,4.893997443058632E-5
3,455;528;566,4.893949159675244E-5
3,120;315;670,-4.893273751521538E-5
3,594;626;917,-4.8887296626655084E-5
3,249;525;572,-4.8886062163847684E-5
3,188;341;469,4.88810066501317E-5
3,685;715;968,-4.887278594467265E-5
3,264;675;816,-4.886619154625079E-5
3,194;468;773,-4.8850219432622566E-5
3,154;305;703,4.884114707000536E-5
3,122;703;749,-4.8826102299503426E-5
3,50;881;971,4.882292313150834E-5
3,616;896;984,4.8811330871434266E-5
3,310;501;594,-4.879152959048908E-5
3,377;387;738,-4.8791263475048895E-5
3,244;374;984,-4.87909535023456E-5
3,335;396;785,4.877871183822959E-5
3,245;379;901,-4.877186892382628E-5
3,767;894;999,-4.877145340470335E-5
3,369;392;465,-4.875778601502506E-5
3,315;788;964,-4.8747449721699936E-5
3,149;474;883,4.874167881816809E-5
3,67;182;660,-4.872712648548046E-5
3,74;217;917,4.8719015363648734E-5
3,137;363;805,4.8714688995563905E-5
3,191;920;923,-4.8714607954369954E-5
3,60;739;852,4.870213191494318E-5
3,45;157;832,-4.8695795225186286E-5
3,530;653;809,-4.868684037785841E-5
3,282;383;919,-4.8681990094388796E-5
3,359;443;492,4.867963524456687E-5
3,456;723;965,-4.8663888920037525E-5
3,256;383;859,4.865260777717548E-5
3,395;464;919,-4.864523718813217E-5
3,48;184;510,4.86414299653429E-5
3,35;458;483,4.863872091573371E-5
3,463;544;653,-4.8636274480381464E-5
3,168;319;811,-4.862235735565019E-5
3,301;811;996,-4.8618609721845496E-5
3,237;458;869,4.859140577749654E-5
3,186;313;384,4.8589511079078884E-5
3,601;641;967,4.858783892640059E-5
3,632;760;965,-4.8583154607760905E-5
3,230;631;793,4.8577301011750186E-5
3,101;355;733,4.8574419494482614E-5
3,118;222;637,-4.85705154530448E-5
3,737;762;842,4.8566344014731404E-5
3,194;240;418,-4.8558732073399966E-5
3,246;683;906,-4.855239852080337E-5
3,68;250;301,-4.851588475657995E-5
3,106;122;477,-4.85021251320573E-5
3,399;838;878,-4.849719827416813E-5
3,117;759;987,4.8490095457647915E-5
3,51;167;237,-4.8488700032362177E-5
3,291;321;706,4.8486179770119157E-5
3,96;616;846,4.8473362182795306E-5
3,245;688;718,4.8448665149466106E-5
3,5;227;971,4.844866470656368E-5
3,506;739;898,4.8446836125723566E-5
3,122;572;638,4.842196901704545E-5
3,80;422;978,-4.840514547383135E-5
3,214;432;538,4.8392507648973436E-5
3,51;526;663,4.83843226590068E-5
3,543;619;865,-4.8379205505822976E-5
3,193;360;951,4.8375050399703694E-5
3,45;552;832,4.8374494283548575E-5
3,231;680;765,-4.836005294262072E-5
3,299;469;966,-4.8327052889130683E-5
3,86;142;890,-4.831798314284178E-5
3,566;695;711,4.830188281968462E-5
3,208;230;891,4.828903712314813E-5
3,659;755;816,4.828609318418709E-5
3,259;331;590,-4.8272300142282415E-5
3,317;431;866,-4.8269986129463835E-5
3,103;151;900,4.825254376695273E-5
3,414;491;896,-4.8226496383507135E-5
3,117;192;818,-4.821401361012618E-5
3,7;574;702,4.8213534134810486E-5
3,17;168;562,-4.8203311334931806E-5
3,264;480;872,-4.819558086513198E-5
3,617;867;969,4.8191770826422426E-5
3,48;76;689,4.819125141065474E-5
3,296;870;889,4.818075739688536E-5
3,412;783;935,4.817589965378743E-5
3,227;831;902,-4.81667174776974E-5
3,28;77;111,-4.8155136098377735E-5
3,522;626;813,-4.8154310422119874E-5
3,451;730;980,-4.8142132752707984E-5
3,136;803;933,-4.8138517773038615E-5
3,271;495;950,4.8138444036204696E-5
3,109;126;135,-4.813113637216375E-5
3,50;228;546,-4.8127486507420716E-5
3,312;790;885,4.811519910252303E-5
3,128;191;203,-4.8050186458928723E-5
3,177;412;430,4.803138453839656E-5
3,103;695;900,-4.803094915624592E-5
3,437;719;763,-4.802567017827018E-5
3,571;797;922,-4.801551013228689E-5
3,304;741;885,4.7993586854300526E-5
3,55;345;634,4.797263884717036E-5
3,194;534;659,-4.7957224887809155E-5
3,619;745;947,-4.794997885943844E-5
3,258;710;957,-4.794944644017214E-5
3,27;49;909,4.791362010808005E-5
3,284;334;837,4.7905569187775366E-5
3,186;292;787,4.79021365256013E-5
3,312;790;975,4.789557864105206E-5
3,305;352;525,4.789531818144849E-5
3,6;684;980,-4.789452594395076E-5
3,297;354;821,-4.788343179418689E-5
3,335;571;955,4.786714221429081E-5
3,174;303;457,-4.786636558796001E-5
3,465;727;933,4.784560973641031E-5
3,254;368;515,-4.7835471406274495E-5
3,2;548;827,-4.782531947567778E-5
3,534;659;702,4.777671495946661E-5
3,328;395;618,-4.7774468459929194E-5
3,18;741;885,4.776888387582645E-5
3,335;511;689,4.776812344431794E-5
3,27;396;723,4.775865265127605E-5
3,161;319;453,4.775793147076918E-5
3,283;500;527,4.773944063028972E-5
3,584;668;886,-4.7724289380607326E-5
3,116;846;851,4.771235483982638E-5
3,393;525;697,-4.7691701118403895E-5
3,169;632;708,4.7691648673433274E-5
3,219;288;847,-4.7690956764903326E-5
3,280;652;779,-4.7689216856942367E-5
3,294;386;548,4.768169263042436E-5
3,698;710;873,-4.766639178658882E-5
3,551;610;933,4.766265200000052E-5
3,571;767;955,4.7662152580245936E-5
3,153;236;397,-4.765938268408359E-5
3,234;594;652,4.765895202874891E-5
3,102;257;695,-4.765684531341985E-5
3,509;896;949,-4.765642863902731E-5
3,382;675;742,-4.763125924586822E-5
3,586;724;881,4.76299098584789E-5
3,108;140;660,4.761015812190868E-5
3,139;317;459,-4.761006988712696E-5
3,375;404;766,4.757979658359444E-5
3,131;472;878,4.7576524313176954E-5
3,703;767;964,4.757642194739192E-5
3,524;617;934,4.75662806749259E-5
3,511;550;580,4.753591336170185E-5
3,245;743;905,-4.751426186079022E-5
3,283;452;654,4.7504496038383855E-5
3,296;785;851,-4.7498579863253095E-5
3,195;394;839,-4.749380375839758E-5
3,505;575;637,-4.749310844045229E-5
3,81;141;626,4.7488073252965336E-5
3,356;527;554,4.748059613288018E-5
3,247;310;594,4.74752992477424E-5
3,425;809;828,4.747071608910876E-5
3,249;395;572,4.746700760540183E-5
3,171;451;499,4.7458424763846504E-5
3,158;407;548,-4.745700550736321E-5
3,408;675;724,4.7453517435258704E-5
3,1;304;582,-4.744291008715187E-5
3,292;329;705,-4.7433692137450534E-5
3,230;569;910,-4.7428765599707865E-5
3,9;152;596,4.7426443317629476E-5
3,100;445;721,-4.741209030533776E-5
3,72;612;724,-4.740299646650076E-5
3,90;218;285,-4.7401405300853096E-5
3,2;338;827,4.7375881918216515E-5
3,500;527;568,-4.736963817344104E-5
3,224;369;775,-4.7353417140419E-5
3,332;379;684,-4.7350645582297E-5
3,83;583;855,4.7344491502115415E-5
3,383;667;919,4.7339577997923824E-5
3,156;254;793,-4.7310611764513165E-5
3,241;725;792,4.730839900322437E-5
3,84;305;777,4.730150202917707E-5
3,324;380;744,-4.7284363076292274E-5
3,204;626;888,-4.728166198455687E-5
3,611;640;850,-4.7280284081348114E-5
3,162;256;395,-4.7278378877823534E-5
3,34;242;960,-4.7271269869688495E-5
3,261;813;910,4.726909396024348E-5
3,38;201;951,-4.724325028749123E-5
3,276;696;818,4.722914329552202E-5
3,49;556;636,4.7226170307495054E-5
3,246;332;744,4.7224252662519325E-5
3,4;545;966,-4.71968671736355E-5
3,91;453;958,4.719641729493218E-5
3,267;589;874,-4.719441774695366E-5
3,77;111;833,4.7185952123242644E-5
3,86;453;481,4.717735554300524E-5
3,179;293;837,-4.714019047004429E-5
3,110;692;822,4.713969024779384E-5
3,122;605;799,-4.713773367648068E-5
3,373;763;960,4.712727437375648E-5
3,154;295;645,-4.712067017176222E-5
3,199;408;981,4.711827062774245E-5
3,102;485;695,4.7080351908916277E-5
3,124;453;591,-4.707871528402151E-5
3,276;749;766,4.7057355502379007E-5
3,36;220;486,-4.704680415610148E-5
3,281;487;864,4.704619660142123E-5
3,10;35;864,4.7041993187406774E-5
3,87;578;675,-4.7016069370990525E-5
3,307;743;905,-4.7009687283587094E-5
3,164;450;476,4.7009457092135386E-5
3,122;638;782,-4.7007338228859056E-5
3,423;622;803,-4.700676547051895E-5
3,73;689;879,4.6994022122086434E-5
3,81;627;693,4.697018535215336E-5
3,186;240;441,-4.694413800858555E-5
3,188;624;967,4.691351184939522E-5
3,245;392;590,4.690772969207934E-5
3,448;622;867,-4.689750326897955E-5
3,363;743;805,-4.689123595299065E-5
3,255;700;956,4.688580446137662E-5
3,37;169;979,-4.6878197832588636E-5
3,27;514;519,-4.6873604583899454E-5
3,33;107;408,4.686129930209324E-5
3,409;515;706,4.685193382208644E-5
3,31;71;760,-4.685037112554641E-5
3,506;709;739,4.6844774985481395E-5
3,26;485;871,4.684352326987512E-5
3,16;182;388,-4.684279905472235E-5
3,102;403;600,-4.682980708071584E-5
3,42;133;619,4.681709678955488E-5
3,296;399;888,4.680773849013046E-5
3,120;194;565,4.68009377521268E-5
3,129;371;404,4.679667618125631E-5
3,153;360;793,4.677812972862215E-5
3,116;167;753,-4.675480297524672E-5
3,456;616;966,-4.673979974205983E-5
3,389;480;932,4.6739579546866675E-5
3,154;305;935,4.673346826296389E-5
3,440;640;981,-4.667086171287216E-5
3,399;564;753,4.6669839632956346E-5
3,346;629;747,4.66639688146444E-5
3,211;805;851,4.664677388527834E-5
3,401;408;789,4.6645972288060554E-5
3,545;811;940,4.664393468516333E-5
3,155;364;632,-4.663392952334758E-5
3,382;726;980,-4.662522452286672E-5
3,0;373;763,-4.661029271032022E-5
3,357;674;920,-4.660282389242369E-5
3,123;411;679,4.660208583266456E-5
3,4;222;489,-4.6583244347069424E-5
3,240;540;815,-4.657091968244091E-5
3,368;387;841,-4.656936777868504E-5
3,5;424;817,4.656746918643054E-5
3,11;241;574,-4.655615979961627E-5
3,473;729;884,-4.654248302974665E-5
3,551;782;829,-4.6536904793448216E-5
3,137;364;617,4.647776333132709E-5
3,41;421;476,4.642966180263367E-5
3,156;177;658,-4.642393163511513E-5
3,214;454;737,-4.6419458157803936E-5
3,74;379;599,-4.639685661394257E-5
3,158;432;525,4.638668316117749E-5
3,98;678;914,4.636041657785002E-5
3,380;440;770,4.6357873485561717E-5
3,659;755;825,4.634987519521811E-5
3,118;258;390,-4.634349978425311E-5
3,109;700;745,4.632405286524063E-5
3,41;258;659,-4.632022229724276E-5
3,636;643;851,4.629561965533779E-5
3,184;408;711,4.628864390821186E-5
3,675;725;816,-4.627833361835923E-5
3,122;619;865,4.626130439018497E-5
3,70;192;207,4.625601186678982E-5
3,225;338;708,-4.622870055049234E-5
3,223;474;853,4.621639964408037E-5
3,307;818;905,4.619251316452076E-5
3,244;563;738,4.6177412750718134E-5
3,56;460;541,-4.617073813178186E-5
3,420;461;520,4.6162345293254516E-5
3,711;717;944,4.6159103725389324E-5
3,211;851;919,4.6153500145088095E-5
3,588;608;798,4.615098554465198E-5
3,278;645;958,4.614878640284283E-5
3,468;710;773,4.613824629471171E-5
3,304;462;611,4.6133252550829005E-5
3,121;469;966,-4.61309896925841E-5
3,120;194;320,4.6122100697513326E-5
3,402;425;566,4.610052346563166E-5
3,95;223;853,-4.6097624305761326E-5
3,38;366;858,4.60973951277184E-5
3,14;382;922,-4.608017420552585E-5
3,65;288;457,-4.6077017603045486E-5
3,375;766;871,4.601030479846416E-5
3,4;192;545,-4.600113937186411E-5
3,622;740;867,4.5997402604355894E-5
3,861;967;996,4.599445183263769E-5
3,267;277;379,-4.5993331342043915E-5
3,94;128;524,-4.5983056124009543E-5
3,23;589;648,4.597848672698922E-5
3,25;412;693,-4.597480145977904E-5
3,818;919;933,4.5967277305378335E-5
3,563;648;773,-4.5959124274424666E-5
3,294;427;482,-4.5929508528645395E-5
3,408;711;724,-4.590933064487394E-5
3,333;341;411,-4.590879604720448E-5
3,431;562;593,4.5908591886832144E-5
3,407;618;888,-4.590555401954774E-5
3,193;263;950,4.590254580689412E-5
3,229;288;509,4.589259508008266E-5
3,224;775;787,-4.589149679385708E-5
3,637;652;779,-4.588325533523453E-5
3,39;841;988,-4.5881269705475296E-5
3,80;379;408,-4.5879348118211164E-5
3,268;463;572,4.5854139690387945E-5
3,129;902;994,4.582538874961485E-5
3,173;495;670,-4.582108841013514E-5
3,327;589;875,-4.581920973220964E-5
3,74;180;379,4.581557281452863E-5
3,89;384;731,4.580661146181184E-5
3,442;487;761,-4.580007935424196E-5
3,111;583;866,4.5797440048539615E-5
3,377;841;892,4.5793995305716256E-5
3,271;322;889,-4.57798849506537E-5
3,14;409;484,4.577655863261896E-5
3,49;109;909,-4.577548555188772E-5
3,274;369;828,-4.576832749273209E-5
3,310;533;743,4.575551626408829E-5
3,123;133;679,4.574715769360315E-5
3,61;338;827,4.574539878227941E-5
3,95;474;853,4.5739574157117836E-5
3,352;400;651,-4.572863297950358E-5
3,268;360;486,-4.5679467746932266E-5
3,510;632;753,-4.567727001086748E-5
3,91;208;626,-4.5654578144107865E-5
3,832;865;938,4.563533823860479E-5
3,35;153;877,4.561847348029424E-5
3,27;405;961,4.56181566495288E-5
3,348;635;917,-4.5600086886543564E-5
3,40;456;527,4.5568506142491825E-5
3,160;383;852,4.5566112539425414E-5
3,80;788;826,4.5547141401598685E-5
3,250;882;884,-4.55296902473278E-5
3,669;671;991,-4.5518845841248185E-5
3,83;96;572,4.5512426342499615E-5
3,272;743;771,4.5471969833469324E-5
3,92;302;975,4.545504096033101E-5
3,188;449;469,4.541055773230676E-5
3,29;97;267,-4.5409483646826735E-5
3,532;733;954,-4.540831092473572E-5
3,237;703;767,-4.540698285383761E-5
3,277;767;964,4.539715699814918E-5
3,178;192;754,4.538614849630031E-5
3,237;494;906,4.5379473233790466E-5
3,312;492;939,-4.5373835780256886E-5
3,42;913;961,-4.53521955837105E-5
3,267;589;677,4.534483365270915E-5
3,247;592;849,-4.533720255032972E-5
3,406;692;849,-4.533457649844278E-5
3,1;225;708,-4.533286332772836E-5
3,620;817;950,4.533194430708969E-5
3,113;505;650,4.532984012132702E-5
3,143;667;671,4.5324966019722665E-5
3,659;896;976,4.531018850524282E-5
3,329;745;833,4.5288690881491045E-5
3,721;868;930,-4.5287483626396406E-5
3,170;882;962,-4.527330583146456E-5
3,25;738;832,4.524319963095574E-5
3,220;332;424,4.5224481684395305E-5
3,602;789;798,-4.522386593477395E-5
3,234;743;863,-4.522071013021425E-5
3,740;783;988,4.520731285211202E-5
3,97;215;907,4.5179766058059844E-5
3,153;337;489,4.517590330504415E-5
3,302;634;640,4.516332219782127E-5
3,343;727;809,-4.5161761605927884E-5
3,65;589;875,4.5159704331724894E-5
3,291;767;918,4.5158502068292706E-5
3,485;547;583,4.515718819691871E-5
3,517;563;648,-4.5138457523732896E-5
3,302;513;828,4.5130137702335594E-5
3,329;700;833,-4.512820128378512E-5
3,492;599;666,-4.5115732370605056E-5
3,34;202;401,4.5104398592905176E-5
3,78;482;575,4.510184127914022E-5
3,256;395;891,-4.510105231344186E-5
3,76;617;934,-4.50901493425617E-5
3,277;703;964,4.50872131049002E-5
3,299;458;733,-4.508339986652291E-5
3,38;727;809,4.5077235444588246E-5
3,68;161;796,-4.5076623359245454E-5
3,68;213;625,4.5073311207286815E-5
3,11;574;757,-4.505649124288395E-5
3,0;20;181,4.505328740846769E-5
3,388;469;929,4.502784981698767E-5
3,60;792;925,4.502396860809814E-5
3,555;717;978,-4.5022303114739414E-5
3,143;201;863,-4.501471801272368E-5
3,93;796;854,-4.501063899361116E-5
3,138;140;611,4.5010181284637995E-5
3,383;713;994,-4.498708009562245E-5
3,376;730;980,-4.497497069501728E-5
3,422;724;978,4.4969332633774904E-5
3,243;461;865,-4.496870096164372E-5
3,346;862;868,-4.496325203793776E-5
3,332;684;832,4.491971819029964E-5
3,245;796;901,4.491132748153716E-5
3,498;593;748,-4.4899295444985654E-5
3,307;745;750,-4.489381747221373E-5
3,1;524;883,-4.488423665760504E-5
3,711;737;944,4.487413242096592E-5
3,368;841;886,4.4858249152101426E-5
3,148;500;642,4.48573053097158E-5
3,442;489;630,-4.485581325121715E-5
3,393;703;935,-4.483816830108592E-5
3,84;125;354,-4.481879396624127E-5
3,324;643;933,-4.4814517433056256E-5
3,229;339;710,4.481126835490972E-5
3,277;357;585,4.48106312264765E-5
3,338;548;827,4.480200789067961E-5
3,52;419;444,-4.480122693727692E-5
3,437;676;961,-4.4784804190010716E-5
3,491;896;984,-4.4774400491917836E-5
3,367;757;826,4.4756714054851654E-5
3,81;253;735,-4.47470765860365E-5
3,83;395;855,4.4742801869720404E-5
3,163;474;794,4.4738269917722936E-5
3,54;879;971,-4.4735952185268374E-5
3,166;352;642,-4.4710502273626205E-5
3,48;741;744,-4.4698037712016694E-5
3,785;826;944,-4.469597279395811E-5
3,80;531;788,-4.467971971062906E-5
3,153;397;657,4.467575249523849E-5
3,133;407;461,-4.467132715372245E-5
3,204;210;626,-4.466964807303743E-5
3,152;663;816,4.465818654817495E-5
3,227;441;494,-4.465248412265175E-5
3,209;368;393,4.464602822370793E-5
3,133;281;510,-4.4642860978677036E-5
3,27;72;85,-4.463580675840623E-5
3,26;79;660,-4.463292625682065E-5
3,713;851;997,-4.462892183125872E-5
3,11;381;439,-4.4624473475168596E-5
3,356;640;713,-4.461012660254411E-5
3,35;317;864,-4.460244403852168E-5
3,158;783;912,4.46000389316273E-5
3,193;214;968,4.459102833265772E-5
3,144;324;352,4.4586457010326836E-5
3,72;172;422,-4.457951440860083E-5
3,385;522;599,-4.457771665997475E-5
3,139;438;828,4.456658899941964E-5
3,452;723;964,4.456396841184847E-5
3,8;158;507,-4.452186535385398E-5
3,643;667;962,4.452041127817112E-5
3,305;514;525,4.449641875876569E-5
3,8;164;476,4.449242582661553E-5
3,327;573;880,4.448031486386106E-5
3,81;306;307,-4.447053158330901E-5
3,323;889;989,-4.446186616014762E-5
3,171;524;591,4.44591608166951E-5
3,136;566;815,-4.445635142006369E-5
3,121;336;348,4.4448913215569454E-5
3,48;146;337,-4.4436238855748066E-5
3,112;153;459,4.4429468404008205E-5
3,214;432;714,4.440922686494199E-5
3,367;841;892,-4.440671008159933E-5
3,280;411;930,-4.440312583831797E-5
3,614;759;908,-4.4379598284153166E-5
3,193;551;579,4.437775062288439E-5
3,130;219;759,-4.4342821581642545E-5
3,131;223;468,-4.432598510580997E-5
3,65;441;544,4.4322567776893515E-5
3,307;567;745,-4.432129701689566E-5
3,133;340;443,-4.4315277529897763E-5
3,127;452;706,-4.4309141261901555E-5
3,147;797;821,-4.428841792865077E-5
3,724;881;971,-4.4284782838757494E-5
3,466;491;750,4.4283123643686695E-5
3,319;669;991,-4.428075281920629E-5
3,49;279;556,-4.427032072081372E-5
3,72;397;565,4.4267016478291694E-5
3,30;198;598,4.424510271550909E-5
3,135;727;907,-4.4234991479954355E-5
3,50;99;228,4.421832455732976E-5
3,5;64;78,4.421820227812254E-5
3,111;562;583,4.419683573581141E-5
3,14;676;710,-4.419650684043639E-5
3,331;452;593,-4.417726193033725E-5
3,236;239;807,-4.417080237915597E-5
3,220;410;810,4.415704385563904E-5
3,341;396;733,4.415556043473977E-5
3,33;114;672,-4.415508160328485E-5
3,86;544;791,4.415302946387101E-5
3,31;280;805,-4.415018935768094E-5
3,117;192;471,-4.414542651863882E-5
3,253;471;622,-4.4128767729354734E-5
3,450;489;758,-4.411720588160965E-5
3,200;278;955,4.4103476077459736E-5
3,11;42;76,-4.41006129968462E-5
3,169;632;943,-4.4098523708473815E-5
3,219;921;976,-4.4097847346877954E-5
3,514;595;703,-4.409195175869484E-5
3,501;620;684,4.408175205035557E-5
3,237;431;944,-4.407295960783533E-5
3,286;360;511,4.4071357604763915E-5
3,18;304;741,4.407129681735142E-5
3,483;635;917,-4.406652405167937E-5
3,50;206;909,-4.405849630196594E-5
3,779;833;898,4.405063191659279E-5
3,112;693;843,4.401245932533655E-5
3,201;715;736,-4.401028674926276E-5
3,92;146;223,4.400396389579689E-5
3,462;490;569,4.4000272446768486E-5
3,714;919;969,4.399725189594131E-5
3,279;361;656,-4.399613434528965E-5
3,464;919;934,4.398696499091655E-5
3,360;839;990,4.397791408073854E-5
3,444;456;965,-4.397514159454581E-5
3,42;196;664,4.393168497248164E-5
3,406;437;676,-4.391101807186405E-5
3,154;393;703,4.390785179085481E-5
3,677;690;877,-4.3898954268985655E-5
3,86;404;464,4.389854389521169E-5
3,136;566;656,-4.3895918605136516E-5
3,273;304;613,4.38722851892536E-5
3,230;378;518,-4.3858252234166915E-5
3,11;664;973,-4.385800079744884E-5
3,38;220;522,-4.385273140624846E-5
3,293;378;398,4.384900141719046E-5
3,25;69;484,4.38454454794475E-5
3,138;139;440,4.381530231062521E-5
3,199;755;925,4.380655561764713E-5
3,52;420;522,4.380621498321921E-5
3,46;239;887,-4.379612752858245E-5
3,73;397;879,4.379497987963434E-5
3,170;733;882,-4.378441502919589E-5
3,376;395;572,-4.377389253306936E-5
3,373;764;815,4.3767206827600954E-5
3,277;357;920,4.376687869881395E-5
3,504;524;675,-4.376625690832836E-5
3,238;762;842,-4.3764827902278034E-5
3,199;304;752,-4.374433911763204E-5
3,178;466;888,4.373618736470396E-5
3,676;710;778,4.373547322149483E-5
3,716;741;791,4.373226616210589E-5
3,249;327;929,-4.3718105478860974E-5
3,159;679;749,-4.370314064505127E-5
3,394;649;984,-4.367722779235376E-5
3,186;258;699,-4.3671843661071534E-5
3,458;461;739,-4.366472641836175E-5
3,235;489;630,4.365962273927202E-5
3,173;416;626,-4.365189142840753E-5
3,247;577;900,-4.365143415871156E-5
3,171;304;752,-4.363736672710089E-5
3,187;705;742,4.36370180289611E-5
3,205;231;949,4.363271683293707E-5
3,273;653;805,-4.3625326833665624E-5
3,350;572;698,-4.361858320481193E-5
3,313;613;647,4.360509469074435E-5
3,431;695;920,4.359788476919424E-5
3,230;719;995,4.359729942974359E-5
3,217;560;734,-4.358387477020373E-5
3,112;253;868,-4.3579861792509734E-5
3,202;237;366,4.3577251880130746E-5
3,117;700;956,4.3575273941096866E-5
3,120;320;565,-4.355897867503886E-5
3,453;626;958,-4.355682164141019E-5
3,43;708;971,-4.355572292199262E-5
3,45;343;931,-4.353359536942311E-5
3,169;526;978,4.352693719096458E-5
3,438;798;923,4.3518095604734645E-5
3,31;431;471,4.351258600418738E-5
3,578;790;882,4.3505434867745246E-5
3,194;254;545,4.34969009223013E-5
3,83;166;352,4.349388563275937E-5
3,118;499;535,4.3492438932201806E-5
3,225;765;766,-4.3487029646250555E-5
3,20;681;961,-4.348581993741821E-5
3,159;569;892,4.348425815184437E-5
3,120;279;328,4.3467831815077866E-5
3,193;199;249,-4.3454599890256056E-5
3,77;313;732,-4.345453596177076E-5
3,195;376;918,-4.3447117905205536E-5
3,473;475;553,-4.3419859772629995E-5
3,331;586;787,-4.3403728054780476E-5
3,287;495;650,-4.3396375443044854E-5
3,150;627;693,-4.338849129718716E-5
3,675;773;792,-4.33627756975276E-5
3,147;354;797,-4.335227724587097E-5
3,459;927;973,4.330005107888831E-5
3,47;222;637,4.329737614787969E-5
3,64;688;753,4.329413118056812E-5
3,759;846;935,-4.328566335592482E-5
3,258;410;768,-4.326870582861658E-5
3,120;535;921,-4.3264976300386216E-5
3,400;431;866,-4.3258196361121277E-5
3,30;711;759,-4.325201801778729E-5
3,194;254;659,4.325026045056426E-5
3,422;738;831,4.3217953969030774E-5
3,313;613;688,4.3213922253756045E-5
3,198;499;535,4.319749004356395E-5
3,2;222;350,4.3184637279878315E-5
3,25;143;349,4.317461526510825E-5
3,41;77;106,4.3159491099260445E-5
3,248;592;997,-4.315525767369711E-5
3,280;561;674,4.3147960034773127E-5
3,25;831;832,-4.3142954361841055E-5
3,421;576;760,4.3136526810242E-5
3,181;188;546,-4.313466872058747E-5
3,510;755;825,4.3133578649731194E-5
3,7;498;748,-4.313302996198661E-5
3,555;591;764,-4.3127653320816E-5
3,9;701;947,4.3090964576242565E-5
3,219;759;914,-4.308783751857065E-5
3,112;582;598,4.308720581973939E-5
3,186;258;573,-4.30858312161954E-5
3,415;466;750,4.3068675272091975E-5
3,156;543;793,4.304310800569328E-5
3,155;364;445,-4.303318042294535E-5
3,278;537;992,-4.3026132390305076E-5
3,81;307;623,4.299771709833953E-5
3,589;836;888,4.299216686174732E-5
3,347;811;858,-4.298769122319491E-5
3,640;752;981,-4.29802065557983E-5
3,712;713;737,-4.297228343817162E-5
3,18;885;965,4.2957715373920484E-5
3,203;353;795,-4.2955879258860474E-5
3,101;224;485,4.293952287105841E-5
3,351;476;497,4.2917186858378714E-5
3,18;87;808,-4.290776484355462E-5
3,10;537;911,4.2904071857739324E-5
3,391;432;538,4.288420288298281E-5
3,129;625;902,-4.2881417541625236E-5
3,353;778;989,-4.288019383424153E-5
3,813;910;988,4.2879652069626946E-5
3,127;604;964,4.286442702276158E-5
3,180;599;973,-4.286029999455099E-5
3,71;489;945,-4.28578409853818E-5
3,576;595;703,-4.284966465374429E-5
3,237;291;435,-4.283097130371791E-5
3,333;411;881,4.282436722563053E-5
3,81;277;550,-4.281975300607393E-5
3,172;239;351,4.281486348721158E-5
3,1;582;883,4.279673108949035E-5
3,282;482;625,-4.2790832858824586E-5
3,234;296;851,-4.278251529603326E-5
3,198;423;921,-4.2773428109581285E-5
3,109;241;362,4.276927220784327E-5
3,249;376;572,-4.276922714812483E-5
3,270;627;666,-4.27679506712212E-5
3,360;793;914,-4.2762031397326594E-5
3,172;422;612,4.275373725432109E-5
3,264;431;562,4.2750742902875714E-5
3,48;643;913,-4.274263787138154E-5
3,474;950;996,-4.274009620257614E-5
3,168;792;986,4.273440266296871E-5
3,172;214;690,4.273277509217724E-5
3,293;398;737,4.2730666262634736E-5
3,240;309;540,-4.271468490926651E-5
3,30;580;914,-4.270705456354926E-5
3,44;107;661,-4.2705379041118003E-5
3,391;529;637,-4.269695201288013E-5
3,303;557;996,4.268181452721355E-5
3,526;904;927,-4.266390460121665E-5
3,338;553;929,-4.2661309063050905E-5
3,122;543;619,-4.264861688736141E-5
3,284;677;756,-4.264676064131898E-5
3,240;713;994,-4.263771854307043E-5
3,25;642;744,4.263067399061072E-5
3,234;551;882,-4.261228360027314E-5
3,242;316;525,-4.2606456543426956E-5
3,285;449;469,4.260287178019168E-5
3,99;319;758,4.26024643440291E-5
3,63;81;693,-4.258663157046969E-5
3,272;310;533,4.2574801502810135E-5
3,712;713;872,-4.256512416332961E-5
3,197;283;880,-4.255556207050605E-5
3,196;382;988,4.254536607543036E-5
3,170;201;733,4.2544305010294966E-5
3,248;892;938,-4.253958746224064E-5
3,685;766;804,4.2526138774098264E-5
3,66;577;900,4.2519564576675237E-5
3,2;61;338,-4.2497849383309486E-5
3,630;790;882,4.24835965676341E-5
3,113;155;216,4.248273299525053E-5
3,373;745;947,-4.247771688179111E-5
3,42;99;582,4.246763277722796E-5
3,86;153;181,4.2458113283249533E-5
3,349;910;987,4.244185272840903E-5
3,253;666;845,-4.244139159700082E-5
3,783;836;951,-4.2431211233692566E-5
3,219;773;792,4.2421239485389445E-5
3,302;406;634,4.2415927835040515E-5
3,61;548;827,-4.240811951504013E-5
3,222;349;921,-4.240436552379249E-5
3,76;493;983,-4.237631244979399E-5
3,96;209;462,-4.235091237293675E-5
3,123;133;411,4.2347046605373016E-5
3,197;451;499,4.233563816879624E-5
3,155;199;925,4.2329906158039013E-5
3,314;652;860,4.232047026241351E-5
3,678;699;736,4.2315399711590375E-5
3,601;781;846,4.22936338391088E-5
3,65;457;877,4.2291250547786144E-5
3,545;966;976,-4.2270144382071206E-5
3,170;171;942,-4.2262673619457695E-5
3,40;51;149,-4.223178458932119E-5
3,240;441;755,4.221391828169212E-5
3,69;484;623,4.221262214316439E-5
3,678;699;830,-4.220419649248955E-5
3,104;325;704,-4.22016789017312E-5
3,76;546;761,4.2198043455525065E-5
3,37;497;508,-4.213679823612886E-5
3,91;238;405,4.213282718076319E-5
3,48;716;791,-4.212620263608164E-5
3,186;240;755,-4.2116320080941875E-5
3,59;345;634,-4.209573151628404E-5
3,327;605;971,-4.207320732407621E-5
3,301;652;860,-4.206693626672857E-5
3,794;822;911,4.2063715725102564E-5
3,371;404;921,4.205336189534305E-5
3,198;598;711,-4.2053323995620824E-5
3,107;114;408,4.2045568415274655E-5
3,178;316;738,4.2035026201058704E-5
3,199;939;970,4.202423085710523E-5
3,109;574;702,4.199705277042677E-5
3,185;415;491,4.199374782550646E-5
3,65;875;879,4.198707808140395E-5
3,93;364;773,-4.1983867848989945E-5
3,193;364;951,4.19786500348662E-5
3,414;896;984,-4.197237298602706E-5
3,42;481;756,4.195400830289654E-5
3,98;216;402,4.195031946885879E-5
3,1;670;754,-4.193704517525276E-5
3,225;269;338,-4.1921699381104686E-5
3,404;688;830,-4.1918912943216034E-5
3,534;785;807,4.190252153516987E-5
3,2;202;916,4.189052095912738E-5
3,201;496;986,4.188988983300392E-5
3,30;146;216,-4.1877683469587437E-5
3,42;579;664,-4.187742685378521E-5
3,72;422;612,-4.1875146948648347E-5
3,128;513;597,-4.1872082331040255E-5
3,741;885;965,-4.186826661966242E-5
3,158;779;875,-4.186398219578669E-5
3,92;146;847,4.184644382323676E-5
3,44;504;524,-4.1844912401827574E-5
3,315;584;635,-4.184079824587202E-5
3,156;700;912,4.1824631172597475E-5
3,438;582;720,-4.1821052632036836E-5
3,26;838;992,-4.181318532238795E-5
3,633;815;889,-4.1795661089328986E-5
3,107;295;565,-4.1751025704022346E-5
3,101;292;804,4.173132356153016E-5
3,335;393;930,4.173093227801016E-5
3,321;695;763,4.1712504754265453E-5
3,67;601;875,-4.170546977695649E-5
3,250;788;964,-4.170060360583443E-5
3,21;353;989,-4.169922103948243E-5
3,168;219;616,-4.169534792552255E-5
3,130;560;781,4.168218587986419E-5
3,255;285;894,-4.168027857051328E-5
3,245;818;905,4.16800350446269E-5
3,25;201;349,4.167999577657818E-5
3,232;483;835,4.167186760922089E-5
3,213;295;975,-4.1668577839499646E-5
3,408;672;883,4.166344759152323E-5
3,575;578;917,4.166189719785411E-5
3,148;803;906,-4.165488821309879E-5
3,178;589;639,4.1654314376382604E-5
3,523;757;892,-4.165054418324887E-5
3,55;794;887,-4.164580180015499E-5
3,184;681;815,-4.163125008372124E-5
3,26;348;917,-4.1625239979072986E-5
3,184;382;552,4.1623218242651135E-5
3,127;435;465,4.1612386067296446E-5
3,233;441;860,4.1604177849150985E-5
3,405;673;928,-4.159458146302335E-5
3,186;368;515,4.159301812960017E-5
3,775;810;987,4.156835955339365E-5
3,281;690;950,-4.156587572269292E-5
3,113;247;306,4.156069931252541E-5
3,548;754;838,4.1556619916801106E-5
3,503;550;589,4.155428663196121E-5
3,259;331;783,-4.1543371845307006E-5
3,408;549;666,4.1542085660929904E-5
3,80;407;494,4.153454514815204E-5
3,108;236;660,-4.1532520315397547E-5
3,571;670;999,4.1520445879549796E-5
3,124;389;932,-4.151031154333403E-5
3,341;487;733,4.150478568085323E-5
3,219;496;773,4.149853424410091E-5
3,261;910;988,-4.149344974165366E-5
3,111;395;898,-4.1474825119203793E-5
3,229;509;820,-4.14609117872044E-5
3,220;512;649,-4.1450194921258236E-5
3,295;895;979,4.144636812097451E-5
3,307;826;900,4.143524060478321E-5
3,159;366;749,-4.142795384885814E-5
3,291;896;976,4.142629871267469E-5
3,147;872;979,-4.1420258356964755E-5
3,248;278;756,4.14149898334573E-5
3,693;812;843,-4.1414733482271814E-5
3,443;492;533,-4.140684584924156E-5
3,165;683;906,-4.1400224310577264E-5
3,300;314;381,4.1378457576172E-5
3,492;836;904,-4.136650852287045E-5
3,117;495;650,-4.136646905297085E-5
3,163;812;995,-4.136594025673895E-5
3,31;275;471,-4.1361022008914045E-5
3,209;503;619,-4.13508504650874E-5
3,25;194;693,4.1350549423372435E-5
3,0;20;323,4.1309525153405056E-5
3,33;93;308,-4.130589036312952E-5
3,60;291;337,-4.130384716117695E-5
3,429;756;816,-4.129443971674826E-5
3,30;925;941,-4.1289801576815344E-5
3,395;583;855,4.128726827259108E-5
3,431;471;707,-4.1283962523435166E-5
3,379;901;957,4.128311801210251E-5
3,79;515;627,-4.127166664232034E-5
3,220;501;810,4.126554961239481E-5
3,444;456;723,4.125986074037656E-5
3,302;640;744,4.1253053409358336E-5
3,293;493;779,-4.124152699079486E-5
3,104;267;325,-4.123348205967971E-5
3,84;619;844,-4.123261352702375E-5
3,156;571;912,-4.1228589759811874E-5
3,620;817;976,4.1227045537228844E-5
3,161;389;601,4.122031437029759E-5
3,253;721;930,-4.121886971202289E-5
3,119;123;594,4.1198512639816584E-5
3,335;360;511,-4.119537815882626E-5
3,127;300;716,-4.118901896509777E-5
3,364;397;401,-4.118686460522698E-5
3,83;166;642,-4.118291590377168E-5
3,592;657;867,-4.117506180823275E-5
3,230;581;630,-4.116850363458247E-5
3,58;278;738,4.1154831248594743E-5
3,572;760;824,-4.114613841423052E-5
3,219;866;914,-4.114484608899213E-5
3,160;784;852,4.1139183913651195E-5
3,73;331;397,4.11367739054097E-5
3,281;740;774,4.112173673515976E-5
3,337;548;575,4.1118155186351706E-5
3,185;424;817,4.110251636751748E-5
3,87;535;892,-4.108680670834582E-5
3,264;286;593,4.1069673461806995E-5
3,459;632;943,4.106806184131898E-5
3,396;746;836,-4.1067634322280884E-5
3,200;278;992,-4.106059635692292E-5
3,172;621;783,4.1053463446652706E-5
3,17;123;153,-4.1043865516588216E-5
3,543;663;865,-4.102663169718033E-5
3,11;42;619,-4.101793461489657E-5
3,303;381;667,-4.1012613334831416E-5
3,351;536;648,-4.1006279133784534E-5
3,16;644;968,4.10052029293292E-5
3,179;194;693,-4.097910582330916E-5
3,10;267;395,-4.095846047004997E-5
3,91;161;984,4.0947464500096846E-5
3,153;286;305,4.0942265677337906E-5
3,226;830;933,4.091787588034621E-5
3,172;783;936,-4.090445389726827E-5
3,161;453;811,4.090392548881115E-5
3,305;525;774,-4.089861677913881E-5
3,360;829;903,4.089471594342515E-5
3,242;571;999,4.0894084174850357E-5
3,381;692;822,4.088606555757191E-5
3,195;376;984,-4.0882397761555903E-5
3,16;417;956,-4.087962510124852E-5
3,94;105;128,-4.087702970262728E-5
3,86;92;852,4.0876995838746324E-5
3,214;538;714,-4.087695821221463E-5
3,335;410;756,-4.085960919632886E-5
3,396;639;836,4.085736047904186E-5
3,137;324;617,-4.0852385344719446E-5
3,71;412;896,4.085110931668852E-5
3,8;203;353,4.084659872550595E-5
3,502;555;978,-4.083740677097615E-5
3,256;812;995,-4.083422325673246E-5
3,272;310;743,-4.082921284494333E-5
3,626;888;971,-4.081537477950095E-5
3,99;450;504,-4.081400054901529E-5
3,577;921;976,4.0795779687386985E-5
3,259;540;683,4.0780580357927425E-5
3,84;85;485,4.0774109735894755E-5
3,484;769;937,4.076450565298532E-5
3,102;600;714,-4.076173158443054E-5
3,729;884;969,4.072481370281424E-5
3,11;76;133,4.07174246578971E-5
3,589;648;690,4.071386725929649E-5
3,749;766;874,4.0708088208944866E-5
3,458;459;483,-4.068936318423025E-5
3,410;756;868,4.0689116921949325E-5
3,89;857;882,4.0686583366329117E-5
3,178;221;466,4.06828358648902E-5
3,28;525;833,4.0665133057176E-5
3,128;435;860,-4.0650620262001854E-5
3,63;120;279,-4.064386407248016E-5
3,268;572;949,4.064343252560017E-5
3,540;645;683,-4.063574317081356E-5
3,277;284;583,4.063072176030466E-5
3,324;380;770,-4.0630088049745665E-5
3,271;495;532,4.062324603048423E-5
3,176;462;689,-4.061466608059177E-5
3,210;888;971,-4.059910197098588E-5
3,141;353;715,-4.059775596060002E-5
3,243;355;461,4.058993788274604E-5
3,273;544;653,4.0587237130060965E-5
3,227;441;751,-4.0586844115988785E-5
3,452;706;760,4.05826682916208E-5
3,582;767;999,4.0552298993888175E-5
3,37;633;718,4.054928083895265E-5
3,532;727;858,-4.054425900228684E-5
3,58;916;924,4.0542688074696815E-5
3,337;575;637,-4.053576368705857E-5
3,651;800;904,-4.0535286803787924E-5
3,118;658;931,4.0530029491927895E-5
3,445;786;794,-4.05295744003622E-5
3,422;636;643,-4.0528630430458775E-5
3,373;529;755,4.0520300435811854E-5
3,65;589;879,-4.05132110220891E-5
3,321;600;763,4.0511154742031985E-5
3,336;374;806,-4.0508863500060584E-5
3,216;751;830,4.050670868308796E-5
3,211;526;790,4.047990823278551E-5
3,49;158;355,-4.046066297132208E-5
3,150;380;628,-4.044966336229482E-5
3,25;422;738,-4.0440982606033824E-5
3,158;595;923,-4.042283262954054E-5
3,282;306;667,4.042274544391748E-5
3,254;707;845,4.041445841055677E-5
3,354;432;525,4.0396866435680104E-5
3,496;675;773,-4.0391104857111465E-5
3,212;253;373,-4.036689796440737E-5
3,293;543;737,-4.0355411506996944E-5
3,454;503;544,-4.03518097454362E-5
3,117;255;338,4.034861268829044E-5
3,491;639;745,4.034015826904813E-5
3,277;674;920,4.0333130461302184E-5
3,375;446;732,-4.031867145252406E-5
3,485;808;871,-4.0311883325769586E-5
3,294;946;996,4.030887330561282E-5
3,79;362;497,4.030708121420411E-5
3,231;372;440,-4.03066314509344E-5
3,338;525;823,4.0303664655314195E-5
3,372;758;881,-4.030011190747107E-5
3,450;886;917,4.029414420564378E-5
3,117;277;471,4.0292104168444066E-5
3,472;505;795,4.028533691640063E-5
3,363;775;807,-4.028528720569492E-5
3,302;801;975,-4.0284896668291635E-5
3,287;303;996,4.027614429411455E-5
3,258;573;699,4.026425967357153E-5
3,15;96;627,4.026131179954386E-5
3,209;531;862,-4.025722194743918E-5
3,15;474;966,-4.024745042711703E-5
3,28;77;525,4.022835659264358E-5
3,228;241;403,4.022335374518425E-5
3,9;209;596,-4.0195982531667575E-5
3,64;258;568,4.0193376958617E-5
3,257;276;920,-4.0190915168729576E-5
3,271;322;401,4.018694379115963E-5
3,83;720;950,4.0143620659662884E-5
3,475;553;935,4.0141221023140715E-5
3,572;634;980,-4.01314251721097E-5
3,90;375;537,-4.012932189853598E-5
3,142;493;771,-4.012371505955567E-5
3,65;537;874,4.012004127078235E-5
3,130;534;659,4.0103242070289485E-5
3,32;394;541,4.0097689832586784E-5
3,71;632;760,4.0094586981659404E-5
3,92;253;974,-4.0092207143932116E-5
3,46;405;673,4.0086386481659476E-5
3,224;334;517,-4.007615085786244E-5
3,117;203;547,4.007502727566918E-5
3,124;469;953,-4.0062737644505546E-5
3,11;550;920,-4.005432001698779E-5
3,171;304;447,-4.005413566010038E-5
3,570;674;969,4.0047337577986857E-5
3,194;468;710,-4.003275942956431E-5
3,213;404;610,4.003252504101841E-5
3,204;382;980,-3.999403549041414E-5
3,341;449;469,3.999157706023894E-5
3,94;523;777,3.998584431616933E-5
3,506;649;898,-3.9979807761073684E-5
3,41;129;483,3.996924734840761E-5
3,118;258;420,-3.9968958087781665E-5
3,32;181;856,3.9968951715966954E-5
3,45;260;832,-3.9966902370736276E-5
3,182;538;967,-3.995624978583374E-5
3,2;32;137,3.9953669480885444E-5
3,637;781;902,3.992135337866915E-5
3,46;628;998,-3.992002919819802E-5
3,228;358;749,-3.9910819922520906E-5
3,782;910;943,-3.990444866980845E-5
3,28;111;525,-3.990164926252976E-5
3,7;593;967,-3.9901095443678686E-5
3,156;782;943,3.989814927724331E-5
3,353;464;969,-3.989405414028819E-5
3,535;892;938,-3.988614566618153E-5
3,89;374;984,-3.9878938919137805E-5
3,301;390;864,3.987173696751697E-5
3,222;713;838,3.9867438615840774E-5
3,90;156;537,-3.9863093086765456E-5
3,74;762;834,-3.9855793020588396E-5
3,460;541;637,3.985382416920628E-5
3,75;490;569,3.983151245114093E-5
3,333;756;826,3.982024412750718E-5
3,68;670;963,-3.979131916688103E-5
3,296;815;870,-3.978825333723643E-5
3,63;193;281,-3.97780295062248E-5
3,26;47;725,-3.9777921374866955E-5
3,357;425;916,3.977720858067838E-5
3,157;260;832,3.97752336450726E-5
3,89;244;327,-3.9772841470250966E-5
3,128;434;513,-3.975747648409563E-5
3,41;77;95,3.974039877499069E-5
3,24;154;640,3.971460467781681E-5
3,44;84;809,3.971038909814526E-5
3,228;301;860,-3.970428550734157E-5
3,393;525;605,-3.970285191646536E-5
3,140;303;761,-3.968431254447399E-5
3,234;251;887,3.964352491086891E-5
3,872;929;990,-3.964018764246541E-5
3,110;164;497,3.963997752902683E-5
3,774;932;985,3.963426042403267E-5
3,92;813;821,3.96339676170935E-5
3,888;904;927,3.961367770079072E-5
3,352;373;651,-3.960853726506365E-5
3,798;916;924,-3.9601918950034356E-5
3,326;511;910,3.959573189412167E-5
3,128;314;811,-3.959527196636284E-5
3,442;731;761,3.95925492837373E-5
3,44;108;524,-3.95877079664581E-5
3,1;225;269,3.958735652001193E-5
3,593;693;735,-3.958280842509668E-5
3,117;271;780,-3.957025858842949E-5
3,80;587;987,3.957014486743949E-5
3,322;467;487,3.956946103556934E-5
3,168;952;986,-3.956450267150978E-5
3,50;586;881,3.956406922824947E-5
3,743;863;887,3.955822398249125E-5
3,590;723;749,3.954603028070407E-5
3,261;572;853,-3.953708940413395E-5
3,219;288;468,3.952661792824365E-5
3,799;945;965,-3.9513585316854507E-5
3,136;396;682,-3.950948221008502E-5
3,274;369;905,-3.950844905331881E-5
3,30;507;781,3.95028041638944E-5
3,49;54;279,3.9502322713881045E-5
3,344;596;698,3.94905931953387E-5
3,15;96;655,-3.947263940337563E-5
3,407;461;901,-3.946515040529624E-5
3,5;732;978,3.94265598002655E-5
3,69;567;763,3.941961977733503E-5
3,73;288;792,3.939540157442466E-5
3,165;381;575,-3.9392177440938955E-5
3,160;367;376,-3.9390697834609245E-5
3,396;786;849,3.93906227185587E-5
3,90;285;889,-3.9374672390349175E-5
3,411;559;585,3.9367823058627815E-5
3,113;505;900,3.936574758726927E-5
3,80;387;783,-3.934425262772294E-5
3,228;626;813,3.934199241093897E-5
3,178;185;499,3.9333826952604346E-5
3,140;777;843,3.9325983542961E-5
3,127;295;322,-3.930600458720685E-5
3,17;69;123,3.9305437087677715E-5
3,84;360;777,-3.930457702165776E-5
3,807;842;878,-3.9294040039667627E-5
3,505;548;637,3.928475719432237E-5
3,203;741;795,3.926923311805861E-5
3,80;422;724,-3.9257189023889545E-5
3,142;188;493,3.923851157853392E-5
3,377;422;539,-3.922623539974157E-5
3,594;652;701,3.922208868460195E-5
3,53;877;897,-3.9220466540823315E-5
3,272;302;938,-3.921317450342893E-5
3,589;875;912,-3.9179499113649335E-5
3,29;153;641,-3.916856282290992E-5
3,39;75;841,3.915515475088697E-5
3,321;381;706,3.914228776817024E-5
3,507;516;896,3.914043335827393E-5
3,352;424;861,3.9119323630924105E-5
3,267;609;662,3.911708185667826E-5
3,703;709;812,3.911347808521778E-5
3,236;657;890,3.910902457179504E-5
3,295;344;537,3.910040874006507E-5
3,54;556;636,-3.90937114320088E-5
3,223;725;925,3.9090894146254095E-5
3,112;693;812,-3.908760374733108E-5
3,198;525;823,3.9082305715238995E-5
3,11;496;559,3.90486653804891E-5
3,142;379;632,3.903186228469249E-5
3,283;811;880,-3.903018370461234E-5
3,195;421;466,3.900740181227029E-5
3,343;797;983,-3.90029681020883E-5
3,30;216;589,-3.8998490233831396E-5
3,196;387;738,3.898802829932796E-5
3,495;532;792,3.894050632205512E-5
3,362;393;669,3.892745242063069E-5
3,341;396;432,-3.889293280021802E-5
3,148;500;906,3.88918993474162E-5
3,30;447;580,-3.888975568059098E-5
3,179;379;869,-3.88720292099385E-5
3,689;784;823,3.8848448431281526E-5
3,255;373;764,3.884197830982498E-5
3,99;319;682,3.882747608037969E-5
3,467;520;943,3.882734726669535E-5
3,216;269;830,3.8820324383328295E-5
3,195;381;984,3.880795868305437E-5
3,65;178;843,3.8784230229728104E-5
3,332;379;722,-3.876630350853681E-5
3,315;587;964,3.876328046304374E-5
3,546;761;833,3.875567302331535E-5
3,373;677;745,3.875527987799959E-5
3,222;443;500,3.8752978066068854E-5
3,282;427;482,-3.8747868019926296E-5
3,191;639;913,-3.8747338996481155E-5
3,581;788;928,-3.874385002306344E-5
3,161;541;734,3.873107455939968E-5
3,16;231;801,3.8721828858107506E-5
3,193;551;560,3.869381180979331E-5
3,81;277;358,3.8681887677041726E-5
3,525;775;810,3.867684353411084E-5
3,115;762;985,3.867531335211528E-5
3,243;822;865,-3.867196355900907E-5
3,590;698;897,3.8631984725027475E-5
3,59;195;634,3.861155043085814E-5
3,46;78;881,-3.860034573236613E-5
3,224;407;459,3.859647106867145E-5
3,76;689;913,3.859124742672604E-5
3,198;199;998,-3.859117281384077E-5
3,199;530;674,-3.8581147783472256E-5
3,529;566;656,3.856350153470057E-5
3,238;723;857,-3.856140858712747E-5
3,217;734;768,3.8547574572113495E-5
3,182;306;395,-3.854177528983248E-5
3,44;84;803,3.8536566294226015E-5
3,402;780;887,3.8530005043563405E-5
3,133;443;610,3.852086021730414E-5
3,120;194;902,-3.851844615122571E-5
3,51;237;494,3.8515918449940545E-5
3,353;715;887,3.8511693817302335E-5
3,260;461;808,3.8511510603629085E-5
3,19;767;918,3.850424759505918E-5
3,250;549;666,3.8503303985727805E-5
3,60;291;782,-3.849753756344267E-5
3,170;293;939,-3.847353289629101E-5
3,260;498;808,3.846746546265933E-5
3,219;246;658,-3.846461651657385E-5
3,544;748;849,3.8463075203621936E-5
3,163;786;794,-3.846255825567649E-5
3,128;314;872,3.846223722153061E-5
3,331;427;787,-3.8458574387081555E-5
3,193;201;715,-3.845808219266388E-5
3,106;220;401,3.843963766406332E-5
3,405;428;868,3.8435521656309634E-5
3,69;420;607,3.843005274008657E-5
3,279;668;932,3.8427656896583546E-5
3,770;775;805,3.841334974905221E-5
3,224;241;403,-3.841201950969112E-5
3,133;407;901,3.840450454079525E-5
3,403;598;600,3.839649145760485E-5
3,175;267;325,3.83908338358146E-5
3,37;508;662,-3.83866607668599E-5
3,673;810;913,-3.8385942716392104E-5
3,54;457;887,-3.8369983222199104E-5
3,544;549;805,3.835577649123246E-5
3,155;187;755,3.8349008423458025E-5
3,235;731;761,-3.8348659222296535E-5
3,168;616;909,3.8331049493310345E-5
3,511;550;862,-3.8329831233439466E-5
3,222;661;735,-3.832052859649243E-5
3,377;784;852,-3.831562535798104E-5
3,132;747;928,3.827790609588655E-5
3,143;213;625,-3.8266986584833214E-5
3,336;374;955,3.8262467112726477E-5
3,284;928;932,3.82597434036724E-5
3,27;556;583,-3.825064437821354E-5
3,36;624;778,3.82417206906116E-5
3,31;221;793,-3.82334354020169E-5
3,170;656;671,3.822662829353624E-5
3,634;734;824,3.821766995044761E-5
3,556;645;791,3.8208917093662693E-5
3,808;827;931,3.820232632837339E-5
3,582;767;891,3.81828125244896E-5
3,376;665;911,3.8167751184927326E-5
3,350;698;824,3.816238666858611E-5
3,683;708;971,-3.815319218561216E-5
3,303;315;584,-3.8147557858564206E-5
3,185;228;817,3.814212675661042E-5
3,575;578;675,-3.8114404869335074E-5
3,167;228;749,-3.8109967042520216E-5
3,110;446;795,-3.81074758653228E-5
3,187;280;687,3.810724948592333E-5
3,37;394;984,-3.8099468759209043E-5
3,384;646;852,-3.8094025104081924E-5
3,59;195;345,3.809170657983492E-5
3,87;675;917,3.8084136689730345E-5
3,139;440;788,-3.808294229000164E-5
3,282;284;451,3.8067520216433495E-5
3,639;873;913,3.805528183395651E-5
3,70;653;987,3.805429351793897E-5
3,78;832;891,-3.805363530779425E-5
3,394;466;839,3.804059120175616E-5
3,92;775;796,3.803833329910794E-5
3,223;725;941,3.803345013409198E-5
3,133;177;640,3.803006520548041E-5
3,324;643;727,-3.802882728399982E-5
3,474;507;635,3.800756385623705E-5
3,84;85;201,-3.798416053196678E-5
3,53;196;715,3.797245261231394E-5
3,537;874;887,-3.797227098947606E-5
3,550;761;765,3.7956157457100025E-5
3,458;603;874,3.795418665878511E-5
3,84;242;485,3.7948746108018714E-5
3,100;258;390,-3.794812022981608E-5
3,159;569;741,3.7946532555196006E-5
3,473;553;935,-3.792423918951144E-5
3,53;196;201,3.7917088333697056E-5
3,186;384;857,3.791003170661576E-5
3,92;273;813,-3.790271010274764E-5
3,610;822;911,3.7902415991370064E-5
3,267;277;451,-3.78776762302685E-5
3,187;329;742,3.787382312696635E-5
3,455;548;566,3.786866775041778E-5
3,67;371;660,3.786866135688033E-5
3,173;208;515,3.7854543206592026E-5
3,156;425;916,3.785331014807647E-5
3,89;226;767,-3.78473580307304E-5
3,191;575;873,3.783186406749384E-5
3,161;168;453,-3.781853167568412E-5
3,64;78;575,3.781523845102985E-5
3,186;368;476,3.7807058724793975E-5
3,153;155;968,3.7802945514561484E-5
3,221;429;611,3.7802106923725246E-5
3,267;609;931,3.7802061942309804E-5
3,419;530;807,3.780159459421161E-5
3,53;578;630,-3.779747082341426E-5
3,219;220;649,-3.7787107935005005E-5
3,174;701;837,3.77810847450879E-5
3,437;678;932,3.776766857780495E-5
3,404;685;968,3.775587696603094E-5
3,455;520;896,-3.7754677766218005E-5
3,67;849;855,-3.772297615119205E-5
3,133;600;679,-3.7715901870704054E-5
3,41;476;951,-3.771179875550438E-5
3,306;328;618,-3.770971201604742E-5
3,154;645;895,-3.770913055616237E-5
3,14;382;672,-3.770196613952073E-5
3,740;774;964,3.769298295546537E-5
3,346;856;986,3.768724114923567E-5
3,158;237;291,-3.767682721891049E-5
3,17;69;153,-3.766971111115698E-5
3,222;230;241,3.766476027877125E-5
3,68;145;779,-3.76610574159717E-5
3,25;114;970,-3.7658768523122695E-5
3,438;582;772,3.764692311389022E-5
3,677;729;859,3.764661824703152E-5
3,484;517;563,3.7638054589455394E-5
3,526;744;790,3.761860303398535E-5
3,624;819;931,3.760517095951423E-5
3,17;434;597,-3.760119305130785E-5
3,281;487;690,3.759511300051416E-5
3,119;191;611,-3.7590096955934496E-5
3,499;933;964,-3.7585460118008825E-5
3,774;985;998,3.7582093831613554E-5
3,686;713;994,3.7576091620015435E-5
3,150;552;898,3.756670486002846E-5
3,395;587;881,-3.755201773452204E-5
3,33;212;534,3.755053536058001E-5
3,314;331;593,3.7534935498150025E-5
3,86;181;714,-3.7533953416589704E-5
3,378;526;790,-3.752312575061997E-5
3,545;617;739,3.752131212977806E-5
3,109;241;725,-3.7516956089223394E-5
3,27;85;414,3.7508210168746156E-5
3,411;423;561,3.7497065301268926E-5
3,305;594;903,-3.749444063334612E-5
3,493;701;825,-3.74881054008647E-5
3,96;441;462,-3.748072182407531E-5
3,71;715;965,3.746110498512581E-5
3,648;755;896,3.7448706808905E-5
3,91;509;984,-3.744154553919152E-5
3,53;365;670,-3.743703112590166E-5
3,5;227;740,-3.743138372788478E-5
3,90;218;889,3.742999881399218E-5
3,254;487;845,-3.742860768366807E-5
3,128;362;761,3.742759498627428E-5
3,48;148;618,-3.741859125235881E-5
3,31;280;856,3.741296753995291E-5
3,154;895;979,3.7412263243704294E-5
3,650;691;891,-3.7403143491925604E-5
3,416;595;666,3.739114746565056E-5
3,128;476;834,-3.7382306971996144E-5
3,88;467;487,-3.7379840503500176E-5
3,141;353;887,3.737805721809377E-5
3,122;280;637,3.7378049202618034E-5
3,117;128;191,3.736480908541558E-5
3,177;640;778,-3.736216672917121E-5
3,51;106;661,-3.73600023345736E-5
3,748;766;835,-3.7350182837622666E-5
3,269;343;363,3.734265713360205E-5
3,171;524;555,3.7312503183835654E-5
3,289;395;891,3.731244929150103E-5
3,703;812;890,3.730129719657165E-5
3,324;465;933,-3.729763624542573E-5
3,148;396;705,-3.729424685219809E-5
3,93;773;975,3.729095079146818E-5
3,86;643;981,-3.728886256459713E-5
3,303;557;838,3.727851643875503E-5
3,347;545;858,-3.727049311265764E-5
3,551;829;926,-3.7268956386891025E-5
3,46;495;980,3.726452232184878E-5
3,4;132;817,-3.726037780522455E-5
3,408;446;795,3.7259106360696194E-5
3,74;917;971,3.724832272772917E-5
3,71;715;745,3.724794528405363E-5
3,176;689;814,3.7241494002074746E-5
3,9;53;231,-3.723974819323928E-5
3,542;740;988,-3.7239297534396874E-5
3,133;422;778,-3.722952405274151E-5
3,51;149;660,3.721958583605991E-5
3,324;465;727,-3.721211135050112E-5
3,395;614;768,-3.719578686950601E-5
3,295;423;921,-3.71837311146588E-5
3,506;797;983,-3.718176682755949E-5
3,631;793;866,3.717527828022413E-5
3,392;590;723,3.716417599114945E-5
3,293;620;837,3.714306465337108E-5
3,196;763;988,-3.7142397950048265E-5
3,480;782;926,3.712814811252471E-5
3,85;230;378,-3.712398410734065E-5
3,580;838;992,3.7121861674042325E-5
3,53;201;736,3.711454963912485E-5
3,476;667;834,3.711177278854291E-5
3,250;301;840,-3.710426930321915E-5
3,396;835;963,3.708229923251658E-5
3,240;396;486,3.707770351495476E-5
3,2;364;773,-3.707720404706452E-5
3,420;766;871,-3.707415148798082E-5
3,149;507;769,3.706325579004187E-5
3,205;493;885,3.704692474963807E-5
3,161;207;984,3.703296625926085E-5
3,218;719;763,-3.702907587484976E-5
3,239;532;709,3.7027231060589807E-5
3,192;359;530,3.7017567477903286E-5
3,30;38;914,-3.700981456550268E-5
3,156;266;949,-3.7005135436693635E-5
3,130;219;866,3.700488022273766E-5
3,602;728;792,3.698703958737213E-5
3,439;623;815,3.698592159240855E-5
3,599;666;837,-3.698530372268964E-5
3,304;462;640,-3.698001559538978E-5
3,140;523;843,-3.697860160704009E-5
3,356;600;713,-3.697777708833944E-5
3,75;145;458,3.697598752503022E-5
3,443;841;886,3.69588126494515E-5
3,26;343;361,3.695408107375764E-5
3,80;266;826,3.6949966496723E-5
3,109;614;702,-3.694955743571705E-5
3,14;484;882,3.694648803456918E-5
3,385;687;690,3.6945944042451484E-5
3,76;386;493,-3.694411750611E-5
3,312;526;904,3.6934875062130506E-5
3,323;722;749,-3.691744951783121E-5
3,174;558;701,3.6905116345624114E-5
3,243;401;705,3.6899004561173915E-5
3,363;597;901,-3.689426708300935E-5
3,416;595;826,3.688970997365316E-5
3,452;651;654,-3.687849368283149E-5
3,571;609;910,3.686370533223682E-5
3,486;508;662,-3.686147917682492E-5
3,277;737;762,-3.685813673353907E-5
3,168;562;898,-3.683967318029808E-5
3,357;585;674,-3.6829330083361403E-5
3,4;109;262,3.68259190477843E-5
3,156;305;327,-3.682542496369111E-5
3,241;448;754,-3.681313678767335E-5
3,476;581;630,3.681219304512681E-5
3,101;685;804,3.681138455501816E-5
3,633;815;870,3.680209256528297E-5
3,280;428;839,-3.67990787772397E-5
3,492;681;939,3.67938188181208E-5
3,97;267;768,3.679380250665651E-5
3,718;817;950,-3.6791866505588575E-5
3,22;122;437,3.678917512098197E-5
3,193;203;281,3.6776947452093656E-5
3,378;398;543,-3.6773507278702695E-5
3,480;900;932,-3.6769708325043964E-5
3,790;901;904,-3.675937244353271E-5
3,181;394;856,-3.674579102049207E-5
3,718;842;895,3.6739964208956684E-5
3,353;588;887,-3.6729179231860216E-5
3,79;284;634,-3.6724797180970307E-5
3,395;647;934,-3.6722131797247024E-5
3,340;610;967,-3.672044002866346E-5
3,407;548;781,-3.672013741664189E-5
3,89;510;889,-3.671988242037545E-5
3,110;408;630,3.671769925341148E-5
3,790;813;904,3.670720944907898E-5
3,209;362;393,3.670690893830857E-5
3,165;211;283,-3.6701555608137494E-5
3,103;842;895,-3.670133013036717E-5
3,562;567;738,3.670030227915242E-5
3,299;510;889,-3.6699775688700814E-5
3,539;596;725,-3.669873665586236E-5
3,111;266;467,-3.667246386795779E-5
3,219;306;577,-3.666431615685557E-5
3,93;453;836,3.665421951490032E-5
3,71;412;616,3.662331495902114E-5
3,387;450;886,3.662255164405019E-5
3,87;575;917,-3.659277991423425E-5
3,123;396;705,-3.658964863675232E-5
3,43;550;612,3.655166144325556E-5
3,404;439;464,3.654710287666698E-5
3,300;465;716,-3.653198296256502E-5
3,64;258;688,-3.652473834337725E-5
3,5;971;995,3.6520474175455664E-5
3,170;382;762,3.651160536811986E-5
3,34;202;408,-3.650817754566366E-5
3,588;715;887,3.650062127378722E-5
3,50;586;971,3.64936469494384E-5
3,414;468;844,-3.649274420514812E-5
3,313;366;561,-3.6490497498524064E-5
3,14;409;519,3.648256593919293E-5
3,394;421;466,-3.6477803883484326E-5
3,227;726;831,3.6472812457218966E-5
3,7;301;864,3.647076695442325E-5
3,283;488;880,-3.6470490396369205E-5
3,543;823;853,-3.64607593208297E-5
3,866;878;982,-3.645820356429419E-5
3,26;361;656,-3.645310914855271E-5
3,65;519;843,-3.64434329090131E-5
3,141;353;588,3.644105777859477E-5
3,605;630;697,-3.644061022967916E-5
3,116;498;851,-3.642829655572798E-5
3,861;903;914,-3.6419882800151914E-5
3,220;332;368,3.641879237183182E-5
3,98;738;739,3.641840645885932E-5
3,713;793;851,3.641440465440192E-5
3,169;874;960,-3.640779674479841E-5
3,223;414;525,-3.639750176758845E-5
3,399;613;934,-3.6395021900985094E-5
3,364;773;975,-3.639485617801304E-5
3,246;744;833,3.639146830371891E-5
3,60;222;897,3.635628189555216E-5
3,103;377;895,-3.634835032310074E-5
3,75;597;953,-3.634725470336821E-5
3,533;546;833,3.634588493013323E-5
3,16;715;965,-3.634329631360181E-5
3,38;727;913,3.634201309418453E-5
3,181;199;981,3.633392876875433E-5
3,9;53;372,-3.632622594735392E-5
3,83;170;656,-3.631901495357034E-5
3,58;431;924,-3.631408791772582E-5
3,551;812;995,-3.6312168494062257E-5
3,108;140;236,3.630965022349218E-5
3,589;690;696,-3.630445421412183E-5
3,122;572;782,3.6302787863816666E-5
3,67;168;721,3.6291461314762996E-5
3,206;862;909,-3.628303509258878E-5
3,334;445;685,3.628240959820537E-5
3,5;185;228,3.626714862910567E-5
3,508;539;898,3.626635953455183E-5
3,420;520;809,3.624484355949848E-5
3,96;783;836,-3.624177617981748E-5
3,283;654;958,-3.6235992263406973E-5
3,421;602;623,-3.6235326472072034E-5
3,162;168;588,3.622227135550288E-5
3,428;656;839,3.621567505252901E-5
3,9;160;177,3.6201398299315304E-5
3,37;169;273,-3.618686730347525E-5
3,372;606;758,3.6174557313986663E-5
3,278;315;640,-3.617155312166594E-5
3,341;396;487,-3.6167205803070096E-5
3,362;494;751,3.614409344684571E-5
3,357;425;879,-3.613308199095584E-5
3,449;489;994,3.6117020592712255E-5
3,234;595;851,-3.6115414812201877E-5
3,164;212;478,3.6096180626552785E-5
3,322;487;636,3.6093739908508454E-5
3,675;893;980,3.608911484902512E-5
3,202;684;980,-3.608580519158882E-5
3,304;369;787,3.608373761049011E-5
3,69;763;764,3.608339914240993E-5
3,333;341;881,-3.607997661839832E-5
3,371;485;965,3.607116834958205E-5
3,619;812;844,-3.6068742235381034E-5
3,228;301;652,-3.606651327246469E-5
3,151;275;664,-3.606470350365326E-5
3,147;240;990,3.60533020104767E-5
3,35;142;483,-3.604350193569448E-5
3,448;622;796,3.603032833856282E-5
3,130;671;991,3.601917339320041E-5
3,453;572;811,-3.6018142824696026E-5
3,220;307;810,-3.5996703996827467E-5
3,56;198;499,-3.5977817507979183E-5
3,360;556;990,3.5977062630943805E-5
3,97;613;973,3.596528397086445E-5
3,160;583;866,3.59576223789035E-5
3,639;746;836,-3.5954851653372894E-5
3,130;319;669,-3.595214833394772E-5
3,249;395;525,3.595100357162772E-5
3,220;500;527,3.594173812330156E-5
3,27;333;556,-3.5930680653166625E-5
3,116;333;846,3.592717673417996E-5
3,179;299;837,3.591817265858188E-5
3,258;688;753,3.591393316315231E-5
3,110;134;164,3.591254284035877E-5
3,39;75;988,3.5911056178992816E-5
3,20;423;813,3.590953000900049E-5
3,134;160;606,-3.590859913266686E-5
3,193;360;364,-3.589091261124127E-5
3,375;681;961,3.587758811340285E-5
3,566;571;792,3.5869957926536066E-5
3,64;278;645,-3.5861137633765565E-5
3,367;625;859,3.5858598692910136E-5
3,266;527;940,-3.5851873788272795E-5
3,255;338;700,-3.580522342071128E-5
3,502;540;751,-3.580316953896265E-5
3,213;371;921,3.5800922449469284E-5
3,65;288;883,-3.579308558615743E-5
3,37;169;216,3.5787685890549314E-5
3,41;659;765,3.577292315811227E-5
3,223;330;525,-3.576208317444031E-5
3,180;299;657,-3.576146511440901E-5
3,628;881;998,-3.574335267073658E-5
3,29;305;641,-3.57369670958159E-5
3,24;717;944,-3.573221481038974E-5
3,91;396;639,-3.5731179636645606E-5
3,401;883;936,3.5724685202462815E-5
3,108;140;710,3.5723724355522913E-5
3,198;550;677,-3.572351182927487E-5
3,314;390;695,-3.5716588314105767E-5
3,10;317;864,3.5714661688266276E-5
3,434;513;597,3.570914942013247E-5
3,301;324;352,3.568830081490672E-5
3,680;827;981,3.568353859085263E-5
3,71;760;965,3.568233896865165E-5
3,124;480;900,-3.567476286558287E-5
3,148;862;909,-3.5669948792268927E-5
3,128;605;761,-3.564851275140481E-5
3,566;623;771,-3.564780446851538E-5
3,507;635;966,-3.564476407530417E-5
3,68;791;796,-3.5644425157358287E-5
3,415;571;999,-3.56441807854156E-5
3,476;529;834,3.5640867706982435E-5
3,645;853;958,3.5640164658405316E-5
3,104;605;716,-3.5635011150587086E-5
3,94;402;769,-3.5633024615889414E-5
3,484;920;937,3.562597680959864E-5
3,17;79;693,-3.561745397330205E-5
3,160;258;690,-3.560471044563393E-5
3,475;749;780,-3.5599655130574365E-5
3,62;359;592,3.5591337948221184E-5
3,0;295;537,3.557638055103679E-5
3,660;765;820,3.557600699525655E-5
3,5;915;978,-3.5575471435017994E-5
3,300;450;504,3.557355640494674E-5
3,2;61;267,3.557047829146432E-5
3,495;670;963,3.556645767486333E-5
3,6;355;407,-3.553864208194575E-5
3,363;557;801,3.553082047107114E-5
3,171;577;832,-3.5515464383564136E-5
3,747;911;928,-3.551124626809743E-5
3,320;423;817,3.550804423563051E-5
3,783;836;876,-3.549444153204961E-5
3,34;60;897,-3.549230748150438E-5
3,341;526;881,-3.548720365658391E-5
3,721;806;874,3.547370128202822E-5
3,239;351;497,-3.543219619281673E-5
3,450;476;852,-3.5428283710839795E-5
3,664;927;973,-3.541427930533646E-5
3,733;858;954,-3.540458003831789E-5
3,779;782;822,-3.5396600326905616E-5
3,2;199;674,3.539376500015615E-5
3,4;24;62,3.5393250137623164E-5
3,570;671;747,-3.5388134684996514E-5
3,368;531;892,-3.537318991694344E-5
3,75;166;521,-3.536746972532706E-5
3,75;325;549,-3.536267685534396E-5
3,496;533;947,3.53413584317953E-5
3,188;250;771,-3.533515544954647E-5
3,660;721;792,-3.533238202029168E-5
3,488;811;880,-3.531885434146736E-5
3,494;759;987,-3.531125050936554E-5
3,509;715;949,3.530745784588045E-5
3,494;853;900,-3.530427668894525E-5
3,619;677;947,3.529188089175567E-5
3,58;738;848,-3.5287830371659666E-5
3,199;504;955,3.5287260228410736E-5
3,592;967;997,3.526982930950781E-5
3,261;303;556,-3.526726019924603E-5
3,78;338;832,3.526417003440355E-5
3,393;673;901,-3.525808368155307E-5
3,199;304;447,-3.525702630477841E-5
3,77;251;447,-3.5238642294642606E-5
3,307;567;750,-3.523309146107374E-5
3,582;802;839,3.523000411413755E-5
3,442;688;881,-3.5222727795028415E-5
3,604;867;969,-3.521805757839004E-5
3,277;399;853,3.521053200544064E-5
3,579;722;776,3.5208320203253675E-5
3,651;772;906,-3.5188794866568584E-5
3,13;79;362,-3.51778945005809E-5
3,139;318;788,3.5162806322724626E-5
3,1;269;338,3.514763273970371E-5
3,525;611;672,3.514601172013486E-5
3,378;543;737,-3.513327928014984E-5
3,83;395;583,3.5131846592831327E-5
3,20;275;813,3.5123579761390645E-5
3,58;431;916,3.51207941132797E-5
3,124;453;888,-3.511778057430172E-5
3,719;793;851,-3.511254470619218E-5
3,227;689;719,-3.510842190168968E-5
3,772;800;904,3.510647478409464E-5
3,31;71;965,-3.510502189491354E-5
3,92;701;852,-3.510201131036428E-5
3,40;51;660,-3.509859926395322E-5
3,189;238;525,-3.509013746327066E-5
3,558;706;899,-3.508751584351613E-5
3,166;209;272,-3.50664723076748E-5
3,414;616;984,-3.506398233993909E-5
3,277;430;695,-3.5045007127558635E-5
3,115;580;992,-3.503194914565332E-5
3,113;153;155,3.5028649123587534E-5
3,440;759;935,-3.5027940447111024E-5
3,318;610;872,-3.502591395481374E-5
3,88;259;664,-3.501207539230557E-5
3,134;164;284,-3.497910306192141E-5
3,267;874;998,3.496398736522698E-5
3,33;375;500,-3.495844375951238E-5
3,160;367;532,-3.495386826624168E-5
3,272;432;910,-3.495154176133329E-5
3,513;608;828,-3.494609878938465E-5
3,110;408;795,3.4944358544761483E-5
3,291;497;976,-3.49368584406573E-5
3,116;753;889,3.4936588065586805E-5
3,556;645;868,3.4921262815228036E-5
3,35;458;459,3.491639503022455E-5
3,611;681;781,3.491356295156565E-5
3,238;525;611,-3.491241943497424E-5
3,13;59;327,-3.4908691087304074E-5
3,167;821;860,-3.4904693748340814E-5
3,154;202;237,3.48938246506643E-5
3,530;592;607,-3.48918106068389E-5
3,165;381;667,-3.4888938604559684E-5
3,334;445;634,3.487755478890072E-5
3,75;469;953,3.485164715753887E-5
3,68;213;933,-3.484068580810015E-5
3,28;572;824,3.4840202652839556E-5
3,26;79;95,3.482231599984781E-5
3,346;862;877,-3.4790968335314064E-5
3,126;740;989,-3.478614797957964E-5
3,394;790;982,3.477254410435702E-5
3,730;901;904,-3.4769009641395625E-5
3,97;200;772,-3.4750926455098555E-5
3,337;489;641,3.474526641060169E-5
3,94;211;935,-3.47392562425536E-5
3,54;452;723,-3.4731193727976325E-5
3,330;406;437,3.4714572799917436E-5
3,530;547;555,-3.4712855609114235E-5
3,17;123;359,3.471108522979855E-5
3,730;804;814,3.4707029866115276E-5
3,280;656;984,-3.470265714726677E-5
3,18;82;558,3.4701203550494695E-5
3,150;380;710,3.469484126425987E-5
3,196;275;577,3.469098119120212E-5
3,98;226;948,3.469049834042166E-5
3,26;348;483,3.469023121075204E-5
3,327;374;573,3.468496205411592E-5
3,43;92;531,3.467458302130762E-5
3,152;417;816,-3.4658456189598466E-5
3,96;288;572,-3.4657606474941505E-5
3,222;489;676,-3.465648984952723E-5
3,23;78;338,-3.465151017017052E-5
3,114;199;939,3.4644011521097365E-5
3,31;255;285,-3.462516937239292E-5
3,74;217;971,3.462492175631522E-5
3,25;939;970,-3.462222057780355E-5
3,128;203;547,3.461665823417792E-5
3,194;710;773,-3.461649358225966E-5
3,26;748;835,3.461590441027114E-5
3,94;592;970,-3.459543450034793E-5
3,540;755;929,-3.458650953600072E-5
3,261;277;399,3.454644757279479E-5
3,9;183;947,-3.45278787704069E-5
3,674;796;854,-3.449987526585852E-5
3,161;509;984,-3.449130546511914E-5
3,496;559;690,-3.44912946818875E-5
3,320;535;817,-3.449038317102749E-5
3,343;542;926,3.449021918955522E-5
3,245;796;957,-3.448798866330989E-5
3,680;695;920,-3.448782790670973E-5
3,288;871;981,-3.448206451694089E-5
3,333;382;763,-3.4468736954389755E-5
3,484;648;773,-3.4465484360054285E-5
3,277;585;674,3.44514974548764E-5
3,291;381;452,3.445093909214202E-5
3,312;473;884,-3.444156376288708E-5
3,222;443;723,-3.443652614197574E-5
3,662;674;796,3.443035622931244E-5
3,246;845;906,3.442981537672882E-5
3,13;327;498,-3.4413509609146105E-5
3,291;659;896,-3.4406631719267583E-5
3,31;255;373,-3.439939781486253E-5
3,372;383;775,-3.438166309199735E-5
3,313;466;857,-3.4379521931663725E-5
3,147;297;821,-3.4327251002134826E-5
3,229;288;820,3.432423118285157E-5
3,119;835;968,-3.4323234368549406E-5
3,186;285;685,3.431299534756482E-5
3,364;387;799,3.431124767552412E-5
3,142;458;483,3.430959312908119E-5
3,42;99;802,3.43083314136342E-5
3,701;860;947,3.430372371021303E-5
3,310;320;817,-3.430274899211032E-5
3,270;460;729,3.429847446100008E-5
3,282;284;787,-3.4293027771947175E-5
3,178;466;843,3.428918474799715E-5
3,305;327;949,-3.428880793353782E-5
3,225;269;708,3.428586100402481E-5
3,494;576;759,3.428398258619832E-5
3,99;199;547,3.428233097105186E-5
3,10;395;614,3.427889593081082E-5
3,16;71;965,3.427421949647509E-5
3,150;539;552,-3.424281191081229E-5
3,23;836;904,3.4230360368109224E-5
3,477;551;982,3.4224033125999634E-5
3,426;799;826,3.4208978534806395E-5
3,353;410;496,3.4208457667575524E-5
3,25;194;412,-3.420775053894834E-5
3,793;851;997,3.420062626630623E-5
3,626;730;978,3.4196335719997066E-5
3,213;371;610,3.419584962823295E-5
3,71;173;515,3.418462110946223E-5
3,35;451;881,3.4183323123754635E-5
3,371;404;980,3.4182077944956125E-5
3,487;724;898,3.417768981687768E-5
3,359;946;996,3.417277198793047E-5
3,295;693;921,3.4162532309763775E-5
3,38;47;680,-3.414252916783689E-5
3,709;812;890,-3.412196748050145E-5
3,143;601;770,3.41128012176704E-5
3,241;403;777,-3.409857487197815E-5
3,291;337;538,3.40977151418716E-5
3,333;411;526,3.409671637558756E-5
3,223;468;472,-3.408805712214588E-5
3,799;826;900,3.4083267827334385E-5
3,109;575;909,-3.4070868679927575E-5
3,261;813;988,3.4070047549740096E-5
3,73;397;689,-3.406208754191621E-5
3,586;611;830,3.405952182889939E-5
3,204;888;971,-3.405707822273132E-5
3,278;450;486,3.4054315878915137E-5
3,181;603;914,3.405256692753993E-5
3,526;808;833,3.4044110489290665E-5
3,100;438;721,3.4027172778673785E-5
3,278;640;796,-3.400735027384034E-5
3,6;36;298,3.39974057178421E-5
3,729;819;955,3.3981321636376975E-5
3,66;101;224,-3.3975939812137976E-5
3,247;501;594,3.397364333220028E-5
3,19;578;703,-3.396619880053101E-5
3,16;101;182,3.3959963160395635E-5
3,805;857;947,-3.395749880012848E-5
3,299;442;710,-3.395426443669809E-5
3,40;42;579,-3.3954212024455244E-5
3,787;807;845,3.395336945293412E-5
3,28;111;833,-3.395210100583487E-5
3,97;621;772,3.3940435823506865E-5
3,344;450;486,-3.393650472353941E-5
3,68;250;973,3.3923517435262694E-5
3,186;573;699,3.391813618495425E-5
3,510;695;829,-3.391385851061288E-5
3,437;665;682,3.391263337033751E-5
3,252;431;680,-3.390677584558946E-5
3,6;219;468,-3.3903292674573606E-5
3,105;312;885,3.3890584771017724E-5
3,209;441;949,-3.38894425490968E-5
3,327;875;879,3.3884312240742596E-5
3,505;773;792,-3.3875925854519946E-5
3,298;377;841,3.3865697165549325E-5
3,120;328;966,3.3863546979121404E-5
3,296;595;851,3.38574605865942E-5
3,30;223;941,-3.383809869945822E-5
3,96;118;383,-3.383575353632253E-5
3,326;491;978,3.383327034351227E-5
3,83;166;942,-3.382735157161765E-5
3,689;713;719,3.382624747909213E-5
3,328;690;765,-3.3821884714164444E-5
3,39;77;732,-3.3807913794621334E-5
3,414;681;944,-3.3778425995510454E-5
3,68;96;140,3.3776249734959685E-5
3,88;322;636,3.376590779083268E-5
3,467;528;950,3.3762959903153396E-5
3,216;414;555,-3.375996879748226E-5
3,522;758;892,3.3759918675307376E-5
3,145;779;898,-3.375747445653936E-5
3,31;805;856,3.374683910868322E-5
3,215;517;907,3.372847305856387E-5
3,35;208;261,-3.372832638504684E-5
3,122;437;703,3.3724462380404084E-5
3,27;333;583,3.368016176313485E-5
3,252;890;963,-3.367196232938377E-5
3,436;848;891,3.3649757155293835E-5
3,458;676;874,-3.364686548780835E-5
3,143;601;990,3.364346583832369E-5
3,187;577;900,3.364266758775534E-5
3,614;728;759,-3.3634228721876986E-5
3,202;228;596,3.3632366418152967E-5
3,398;543;737,3.362938030833175E-5
3,63;203;797,-3.36276509985115E-5
3,23;78;832,3.362328680782771E-5
3,133;361;891,-3.36183637319814E-5
3,96;441;949,3.361556952789774E-5
3,93;364;975,-3.3615041339389E-5
3,224;241;777,3.361183982660312E-5
3,41;557;659,-3.3605294339973294E-5
3,129;147;830,-3.360418402501726E-5
3,180;536;613,3.3600580476295405E-5
3,12;41;433,-3.358989754303816E-5
3,512;691;957,3.358844450089068E-5
3,333;526;881,-3.357346691748137E-5
3,550;809;920,-3.357292901421993E-5
3,33;372;834,3.3557106854453173E-5
3,544;742;849,-3.355517220830429E-5
3,83;352;642,3.355023868637681E-5
3,114;531;598,3.3547314173123575E-5
3,141;173;896,-3.354615448564842E-5
3,522;523;757,-3.354225072071045E-5
3,282;306;919,-3.353956329053387E-5
3,376;451;707,-3.351852195215753E-5
3,335;393;785,-3.3517894036634964E-5
3,181;620;684,-3.351554989306502E-5
3,645;791;868,-3.3513939624028753E-5
3,126;184;714,-3.351249503313818E-5
3,261;556;761,3.3509351217617876E-5
3,461;520;651,3.349525063844902E-5
3,112;603;843,3.349086464997515E-5
3,174;533;558,-3.349001267420921E-5
3,4;308;817,3.347729666483354E-5
3,130;759;914,3.3475653168727635E-5
3,409;706;885,3.347489912577932E-5
3,167;228;358,-3.3462162973466285E-5
3,338;704;935,-3.346205293116968E-5
3,89;299;510,3.345456205703766E-5
3,198;341;410,3.3452012329425835E-5
3,96;319;962,3.3449208546638005E-5
3,195;564;773,-3.341656056768811E-5
3,427;586;787,3.340722521876293E-5
3,132;747;911,3.3406186624007614E-5
3,137;363;682,-3.340257513904857E-5
3,113;397;497,-3.339776377111244E-5
3,304;446;581,3.339288799094656E-5
3,134;276;897,-3.3387111618092946E-5
3,20;31;280,3.337695814528483E-5
3,99;133;517,-3.337056509495456E-5
3,149;437;499,-3.3359350909368346E-5
3,54;452;686,-3.335460383543815E-5
3,402;566;584,-3.3314646625837734E-5
3,779;875;923,-3.3307855848012446E-5
3,242;316;990,3.328111129610368E-5
3,202;401;408,3.328043815960975E-5
3,453;820;949,-3.3276183640581086E-5
3,774;932;998,-3.327454142603979E-5
3,392;459;800,3.327163404365018E-5
3,179;615;999,-3.326878269794727E-5
3,222;524;637,3.326237008380293E-5
3,130;319;991,3.32569707817532E-5
3,427;777;909,3.325598129479972E-5
3,196;381;749,3.325527268821035E-5
3,25;642;688,3.3248554685944485E-5
3,277;451;512,3.3241042412644166E-5
3,332;503;898,-3.323406730441613E-5
3,63;81;627,-3.323345657160427E-5
3,363;465;901,3.323151219660381E-5
3,200;955;992,3.322734752593672E-5
3,145;395;898,3.3218919443577236E-5
3,267;395;768,3.3200368585395875E-5
3,156;910;943,3.319760734835462E-5
3,77;525;833,3.3188571452553566E-5
3,231;761;765,-3.318429120305626E-5
3,40;51;265,3.317795095747676E-5
3,63;603;764,3.3170426157085656E-5
3,450;586;830,-3.3169387928023275E-5
3,783;936;966,-3.316150911927955E-5
3,189;238;672,-3.3160921959968684E-5
3,28;66;96,3.315605762289192E-5
3,767;891;894,3.3155843941388626E-5
3,53;196;736,3.3152027219148075E-5
3,4;24;417,3.315183066515603E-5
3,338;832;891,-3.3140019941692494E-5
3,51;452;760,-3.313156754757107E-5
3,448;796;867,3.312946492607295E-5
3,686;747;928,-3.312862850866261E-5
3,315;565;796,-3.312477787354171E-5
3,92;146;471,-3.3120488441257995E-5
3,307;501;810,3.311880199249712E-5
3,96;627;655,3.3115923973177365E-5
3,376;707;980,3.3113156830183774E-5
3,10;35;317,3.3100452956599384E-5
3,120;769;920,-3.309624827809615E-5
3,76;133;617,3.308730057027886E-5
3,117;191;203,3.3085094279521574E-5
3,404;553;691,-3.307394883668995E-5
3,56;198;535,3.306803673356678E-5
3,657;700;786,-3.306775417819458E-5
3,236;304;678,-3.306300482394998E-5
3,27;49;575,3.306150852368876E-5
3,15;474;507,3.306109390579281E-5
3,453;481;756,-3.305924314453744E-5
3,97;545;617,-3.304199459585497E-5
3,69;672;763,3.3040394364105996E-5
3,83;395;580,-3.303652238377912E-5
3,199;263;950,3.3033562201673494E-5
3,133;306;510,3.30311657696958E-5
3,901;904;978,-3.302938501753848E-5
3,345;436;953,3.301455317264088E-5
3,7;19;128,-3.301379666024544E-5
3,13;679;950,3.300480022965392E-5
3,541;791;796,3.299612567306454E-5
3,71;424;896,3.2988353006408166E-5
3,186;313;466,-3.298521941565423E-5
3,6;298;756,-3.298488473183266E-5
3,573;793;920,-3.298388948205351E-5
3,205;231;913,3.297415653755395E-5
3,2;61;871,3.296799967550317E-5
3,165;811;955,3.29679277243778E-5
3,576;678;956,-3.296643320014346E-5
3,52;444;522,-3.296014550872506E-5
3,44;803;809,-3.294324919605106E-5
3,122;665;799,-3.294005948098479E-5
3,214;221;629,3.293720859372139E-5
3,69;153;359,-3.2914025341701614E-5
3,256;289;395,-3.291049196928668E-5
3,385;599;690,-3.289653426483215E-5
3,250;408;966,-3.288813064520274E-5
3,742;770;990,-3.2886326247111164E-5
3,550;745;809,-3.288587604217617E-5
3,94;352;651,-3.288115777916548E-5
3,71;616;896,-3.287872578315176E-5
3,96;836;951,3.287378132286792E-5
3,31;221;629,3.2865789556960676E-5
3,39;77;313,-3.284649915878478E-5
3,29;153;305,-3.28443381010974E-5
3,113;153;968,3.2836152519117E-5
3,198;432;550,3.283335150746625E-5
3,278;623;696,3.282388506254201E-5
3,749;766;929,3.280206331792163E-5
3,60;661;768,-3.2763645777310496E-5
3,45;146;343,3.2763090011354325E-5
3,74;624;778,-3.2757465524088175E-5
3,221;429;993,3.275642657415662E-5
3,385;831;902,3.275270716282547E-5
3,161;641;967,3.275173692122194E-5
3,25;484;623,-3.274876410276321E-5
3,42;913;962,3.2746377307106E-5
3,276;752;818,3.2745492600099084E-5
3,58;798;916,3.2745454280362547E-5
3,140;199;547,-3.273898423715155E-5
3,82;558;659,3.2731504175080864E-5
3,43;336;708,3.273040303682609E-5
3,259;331;720,-3.2725542242221884E-5
3,410;868;966,3.27121615595066E-5
3,160;258;643,3.271021603993997E-5
3,733;882;962,-3.270320833912298E-5
3,522;523;892,-3.269265900930633E-5
3,533;743;771,-3.268185803487866E-5
3,299;700;786,3.267757978916723E-5
3,494;823;853,3.267097554267691E-5
3,30;447;914,-3.266352837804871E-5
3,22;151;275,3.260581630333719E-5
3,41;496;559,-3.260195549013302E-5
3,133;177;422,3.2586383335185625E-5
3,187;755;925,3.258199011573486E-5
3,343;418;926,3.256708370218953E-5
3,83;580;855,-3.256432453995788E-5
3,725;821;884,-3.2551542557784975E-5
3,87;392;706,-3.2525430915205216E-5
3,647;804;814,3.251862408961116E-5
3,232;332;400,3.251816199308777E-5
3,460;729;859,-3.250342776330686E-5
3,196;541;734,3.2499264737695905E-5
3,41;129;989,-3.2496842893295195E-5
3,287;838;996,3.248794293092349E-5
3,133;208;361,3.248408118741846E-5
3,38;343;727,-3.248133706837908E-5
3,209;793;862,3.2473297872367775E-5
3,271;792;950,-3.247096976599242E-5
3,71;449;994,3.2469308400013084E-5
3,17;168;673,-3.2446234400670166E-5
3,590;710;897,3.243448584841095E-5
3,333;341;526,3.242920118079165E-5
3,337;404;489,-3.242810393325111E-5
3,165;327;880,-3.242104526516719E-5
3,122;789;942,-3.2418422848815316E-5
3,391;625;859,-3.240091548326911E-5
3,278;468;738,3.239383833649505E-5
3,43;550;881,-3.239289942162526E-5
3,46;218;928,-3.237866178021336E-5
3,544;549;770,3.2374337693751894E-5
3,571;718;792,-3.236566619361735E-5
3,291;337;782,3.234985357528053E-5
3,288;792;945,-3.234002723829321E-5
3,89;882;947,-3.232568591789739E-5
3,266;788;826,3.2322381622721996E-5
3,44;108;504,-3.231566443387081E-5
3,106;481;601,-3.231185930482369E-5
3,277;430;974,3.229922419233559E-5
3,352;642;942,3.2297942894704113E-5
3,9;947;994,-3.2297122266487874E-5
3,4;163;308,-3.2295358144632415E-5
3,276;689;823,-3.229122516813178E-5
3,117;128;203,-3.2283228940312545E-5
3,211;646;852,3.2271652936488964E-5
3,427;586;859,-3.2264407160751344E-5
3,333;596;826,-3.226053928157773E-5
3,395;587;778,-3.2250338136132664E-5
3,300;526;663,3.224681543029298E-5
3,19;211;703,3.2232530499257105E-5
3,353;410;770,-3.22316043809429E-5
3,308;372;834,3.2231337271945605E-5
3,0;181;323,-3.2227344408316226E-5
3,183;199;504,3.222571402125977E-5
3,391;462;986,-3.2216097223952784E-5
3,228;363;937,-3.2214557080800205E-5
3,90;717;889,3.220499928265108E-5
3,4;181;323,-3.2202934976199416E-5
3,407;444;456,-3.219739253831461E-5
3,25;47;484,-3.217378922927318E-5
3,62;73;417,-3.216164171725527E-5
3,275;721;806,3.214336733156011E-5
3,567;716;803,3.2134507491723654E-5
3,365;564;900,3.2129918848360405E-5
3,195;450;830,-3.212227190344417E-5
3,42;961;962,3.210190827774205E-5
3,178;563;738,3.209479250816077E-5
3,27;109;909,-3.209196549554054E-5
3,412;539;725,-3.208554375274441E-5
3,92;477;699,3.206397746405276E-5
3,157;384;407,-3.2063948619412475E-5
3,193;454;968,3.2063494874450495E-5
3,154;295;979,-3.205961541160718E-5
3,331;740;964,-3.205421142630194E-5
3,296;485;640,-3.2047641841354784E-5
3,715;896;949,3.2030082795224544E-5
3,166;233;441,3.2021053972399294E-5
3,332;744;833,-3.2015490934575826E-5
3,54;174;303,-3.201324249751446E-5
3,226;466;511,-3.200761476461767E-5
3,66;485;498,3.1998078203275996E-5
3,229;577;925,-3.19913892681449E-5
3,210;832;938,3.198403502309263E-5
3,266;300;465,3.1981540754626045E-5
3,32;541;856,3.198147766742083E-5
3,34;206;960,-3.197007428845246E-5
3,122;660;792,3.196231103460036E-5
3,332;744;797,-3.1953023194125335E-5
3,478;588;598,3.193806117245272E-5
3,89;307;731,3.193525164962681E-5
3,276;613;647,-3.1904338451099176E-5
3,31;632;965,3.189664221323269E-5
3,391;442;462,-3.187027178263326E-5
3,677;871;903,3.186316867132892E-5
3,250;641;763,-3.185918215408001E-5
3,181;602;886,3.185772530475712E-5
3,97;200;497,-3.185166399380301E-5
3,670;720;839,3.184753151315975E-5
3,257;324;917,-3.1810832341610046E-5
3,279;391;442,3.1787751156044794E-5
3,505;773;963,-3.1764868937094387E-5
3,186;752;981,-3.174051783186146E-5
3,30;584;689,3.171102875019296E-5
3,204;382;726,-3.16895483824058E-5
3,9;152;209,3.168911758788566E-5
3,136;529;815,-3.1682394838260705E-5
3,192;598;948,3.167989364195971E-5
3,304;811;872,3.167987628606991E-5
3,107;874;960,-3.167695951987805E-5
3,273;463;805,-3.1666772193878005E-5
3,24;640;967,-3.164953639837737E-5
3,299;496;533,-3.164524717797083E-5
3,192;883;905,3.163642023301644E-5
3,42;453;481,-3.163019298027854E-5
3,128;761;786,-3.160754484806919E-5
3,227;713;719,3.160656136453338E-5
3,551;629;675,3.160336209484511E-5
3,377;539;666,-3.1593946243483214E-5
3,128;362;605,3.1580857405023146E-5
3,91;405;820,-3.1575449396752763E-5
3,337;537;585,3.157431770908437E-5
3,53;287;897,-3.157348332275083E-5
3,459;664;927,3.1555245164502616E-5
3,209;275;832,-3.155400792536546E-5
3,315;785;789,-3.154973131370514E-5
3,567;672;763,-3.1547722928449113E-5
3,50;437;952,-3.1545620054016294E-5
3,275;806;883,3.154163467429849E-5
3,355;461;822,-3.153711817572537E-5
3,385;774;818,3.15205714912766E-5
3,186;313;857,3.151969859502339E-5
3,94;373;651,-3.149844364747645E-5
3,165;327;374,-3.1491992467911416E-5
3,332;913;952,3.148390352639444E-5
3,26;348;635,-3.148350134156254E-5
3,200;250;884,-3.146044539370245E-5
3,256;383;468,3.145667329942654E-5
3,85;225;378,3.145205664181297E-5
3,299;620;837,3.143667634300057E-5
3,17;128;513,-3.143383062288074E-5
3,346;868;877,-3.14231654088469E-5
3,537;611;874,-3.1409356084221446E-5
3,425;879;916,-3.140039401910877E-5
3,503;589;875,-3.139001255562321E-5
3,543;823;900,3.137213392059584E-5
3,576;914;956,-3.136621291029365E-5
3,201;293;733,3.135604256112606E-5
3,237;703;964,3.133834321430085E-5
3,300;314;465,-3.133444014177578E-5
3,282;531;668,-3.131103873906149E-5
3,173;626;634,3.12923417139095E-5
3,101;342;733,3.128704621016106E-5
3,381;692;806,-3.128189177455933E-5
3,390;555;978,3.1281351729506287E-5
3,652;805;919,-3.127520006319899E-5
3,686;723;964,3.127452426005406E-5
3,470;512;961,3.127309820214626E-5
3,13;109;498,-3.1267044210096274E-5
3,325;871;903,3.1265991520446523E-5
3,346;657;880,-3.125698802230377E-5
3,356;554;940,3.125106053447807E-5
3,93;629;675,-3.123814422511897E-5
3,130;674;898,-3.122131005749493E-5
3,86;153;714,3.120297302266331E-5
3,383;479;889,3.1193962210679865E-5
3,53;222;838,-3.1184270875871096E-5
3,236;397;657,3.117051904676092E-5
3,313;366;615,-3.1166224420604814E-5
3,101;685;766,3.116221361652343E-5
3,11;123;687,-3.116045478196392E-5
3,45;700;934,-3.114318953569599E-5
3,165;374;880,3.1139770419517896E-5
3,329;353;770,3.113943955765999E-5
3,177;430;495,-3.1127467578099315E-5
3,92;477;982,-3.111899114949131E-5
3,16;554;801,-3.1099923866886166E-5
3,16;638;644,3.10848610389168E-5
3,527;566;584,-3.1079787965921385E-5
3,270;460;677,3.1073979201063826E-5
3,358;550;639,-3.106961892142196E-5
3,53;375;732,3.1066253147543425E-5
3,317;775;833,-3.105771794701948E-5
3,17;499;693,-3.10555474620843E-5
3,240;486;697,-3.1053854264896976E-5
3,101;342;624,-3.1052709123605796E-5
3,28;288;981,-3.105089444157846E-5
3,743;809;949,3.1023530413291127E-5
3,128;701;947,3.1021203864015967E-5
3,461;498;808,3.101216730020014E-5
3,86;252;890,-3.1011545985100635E-5
3,610;794;822,3.0980989880554815E-5
3,17;647;814,3.0974848178180406E-5
3,309;540;901,3.097018623573602E-5
3,311;585;622,-3.096311460653425E-5
3,253;363;735,3.096182400229563E-5
3,341;432;733,3.093180107902894E-5
3,470;694;989,3.0931587016022744E-5
3,41;546;989,-3.0930011666096885E-5
3,298;331;787,3.092410308285973E-5
3,214;221;793,-3.090962838476968E-5
3,276;313;647,3.090498074823318E-5
3,196;382;763,-3.09048792928973E-5
3,68;625;933,3.090326407689562E-5
3,89;327;984,3.0899907765438234E-5
3,58;278;468,-3.089494706431171E-5
3,163;256;812,-3.088584295248657E-5
3,216;402;769,3.088285014002948E-5
3,147;872;944,3.0880625535474624E-5
3,525;527;634,-3.087576223542923E-5
3,811;947;955,3.0870436078372015E-5
3,385;412;484,3.0852208599761835E-5
3,26;47;959,3.084128160960186E-5
3,129;147;933,-3.084012762235884E-5
3,94;523;843,3.083823545389533E-5
3,249;332;400,-3.083282425776855E-5
3,18;741;965,-3.08318914958155E-5
3,35;195;375,-3.082258947863267E-5
3,66;187;900,3.08131895779907E-5
3,343;710;773,-3.079936171347666E-5
3,306;328;395,3.079874703957042E-5
3,321;475;935,-3.0777620487708204E-5
3,288;423;813,-3.0777458224545995E-5
3,634;824;931,3.077469356045144E-5
3,260;598;725,-3.076883652416667E-5
3,208;776;959,-3.076831134784654E-5
3,346;570;629,-3.07508591166521E-5
3,696;752;818,3.074215307640707E-5
3,80;690;994,3.0740808092377926E-5
3,198;432;677,-3.0731339055150114E-5
3,181;757;886,-3.072401692545834E-5
3,165;627;683,3.068451616844218E-5
3,595;779;875,-3.0681411308995834E-5
3,396;785;930,3.0679098279332496E-5
3,211;783;935,3.066736835632729E-5
3,104;366;858,3.0658978117152956E-5
3,181;342;501,-3.064411427847109E-5
3,344;819;957,3.064098590188852E-5
3,83;96;633,3.0592732058299384E-5
3,421;920;951,-3.0592582365501215E-5
3,574;673;937,-3.057992495476177E-5
3,196;333;382,-3.057572781404624E-5
3,65;457;883,-3.056494762399989E-5
3,105;170;551,-3.056041951784721E-5
3,507;578;945,3.0529354501590184E-5
3,172;314;521,-3.0527436212997826E-5
3,341;567;745,3.0526739790234875E-5
3,373;391;529,3.052391258764687E-5
3,390;555;717,-3.050697786378438E-5
3,91;238;820,3.0491272464458476E-5
3,90;149;437,3.0483460980985446E-5
3,53;144;352,3.0478698861618476E-5
3,589;875;879,3.0464132403754147E-5
3,58;397;497,3.0463795714132012E-5
3,0;54;858,3.0456932514916164E-5
3,225;495;980,3.043876727361425E-5
3,32;79;660,-3.0409803773044677E-5
3,349;350;921,-3.0394447383388163E-5
3,260;598;631,-3.0380599535737147E-5
3,145;458;502,3.0374953099066576E-5
3,629;768;842,-3.037091821298254E-5
3,11;133;619,3.03487087756945E-5
3,2;61;827,3.0347869194409392E-5
3,1;2;199,-3.034626088815894E-5
3,2;270;826,-3.0339482471323488E-5
3,677;785;871,-3.0331167363636267E-5
3,296;399;407,-3.0301410477190832E-5
3,481;876;970,-3.029352196228258E-5
3,367;624;757,-3.0279119692977185E-5
3,143;770;990,-3.0277505408355495E-5
3,245;590;749,-3.0261251879549208E-5
3,67;721;849,-3.0253559480707876E-5
3,38;343;913,3.0247911450670238E-5
3,178;519;843,3.0243685831093534E-5
3,237;431;762,3.023537632994196E-5
3,427;482;777,-3.0226581137978734E-5
3,174;333;993,3.021319845762025E-5
3,364;434;799,-3.0211466808344965E-5
3,103;184;917,3.020945569144188E-5
3,13;457;950,3.019716621938725E-5
3,45;494;769,3.01923080851765E-5
3,109;208;776,3.019054462273325E-5
3,222;350;921,-3.018773581236075E-5
3,595;875;923,3.01802103007103E-5
3,169;459;708,-3.017920312199672E-5
3,335;410;966,-3.01713374163178E-5
3,2;267;871,3.01712171756964E-5
3,258;410;957,-3.0161739642902374E-5
3,117;287;495,3.0158892970988686E-5
3,227;509;715,3.015826668128813E-5
3,333;686;756,-3.0152189982984895E-5
3,262;739;753,3.0151553573032723E-5
3,648;659;896,3.0141798074281918E-5
3,18;37;984,-3.013031379744735E-5
3,20;288;423,-3.012830345196595E-5
3,227;715;896,-3.0126117033314893E-5
3,437;665;776,-3.0118952117391685E-5
3,98;646;881,-3.0106410166481006E-5
3,194;320;565,-3.0093839275953376E-5
3,36;624;800,-3.0093437656593117E-5
3,139;438;643,3.008666541193728E-5
3,70;207;389,-3.008246559965091E-5
3,598;631;725,-3.0077343428564074E-5
3,9;231;372,-3.007691773833544E-5
3,218;528;763,-3.0045941390253163E-5
3,459;715;918,-3.0045423571176215E-5
3,266;305;949,-3.0030220039214346E-5
3,140;236;660,3.0018205164873496E-5
3,362;441;494,-2.9994545287179123E-5
3,138;611;681,2.9988352062798255E-5
3,692;806;822,-2.9970815069551148E-5
3,367;377;892,-2.9960745471567025E-5
3,421;628;869,-2.994174155432058E-5
3,237;287;435,2.993872769403077E-5
3,207;715;951,-2.99385724393366E-5
3,392;590;749,2.993002490053861E-5
3,23;474;917,-2.9927841352387685E-5
3,84;95;777,-2.99191546237832E-5
3,11;41;690,-2.9917794087526696E-5
3,306;623;728,2.99168557839766E-5
3,414;616;896,-2.99078533580386E-5
3,600;695;763,2.9903125890777185E-5
3,209;441;462,2.989831263352459E-5
3,346;668;987,2.9893633791169943E-5
3,158;340;653,-2.9886222201439165E-5
3,62;543;592,-2.988316982403663E-5
3,321;473;553,2.9882999503147165E-5
3,416;626;634,-2.9874943824937946E-5
3,102;598;714,2.9872786134155892E-5
3,81;277;639,-2.9870748002845824E-5
3,118;845;876,2.9870459005872343E-5
3,136;396;835,2.986476589601838E-5
3,66;96;707,-2.9864051253369717E-5
3,21;364;778,-2.9856653467101672E-5
3,336;632;804,2.9841681921089293E-5
3,487;724;754,2.9833604180243454E-5
3,7;19;403,2.9832246333497347E-5
3,98;458;739,2.9827456889531455E-5
3,435;601;631,2.9810580167342893E-5
3,332;619;898,-2.980969564908094E-5
3,2;364;975,2.980142066008831E-5
3,86;404;953,2.9797826039174727E-5
3,34;192;389,2.977694516838365E-5
3,272;310;771,-2.9771293540401154E-5
3,377;412;495,2.9770493370506905E-5
3,300;435;465,2.9763505309505074E-5
3,159;189;892,2.9757312055330262E-5
3,587;820;987,2.9753976514918513E-5
3,254;476;515,2.974992580225123E-5
3,282;294;482,2.974688487495853E-5
3,94;412;935,2.9743549559558623E-5
3,205;913;915,-2.9737178982211966E-5
3,19;212;276,-2.9730105730698565E-5
3,56;284;460,2.9712183826595513E-5
3,198;295;423,2.9705708006144022E-5
3,158;407;781,-2.9697163965552338E-5
3,19;128;514,-2.9647574211242807E-5
3,491;550;580,2.9638229710749015E-5
3,322;467;636,2.9630382103566265E-5
3,406;827;849,-2.9629998944970936E-5
3,410;710;768,2.9619705617564648E-5
3,473;729;969,-2.9617062550233325E-5
3,26;664;725,-2.9615906750868895E-5
3,104;440;605,-2.9598517495949433E-5
3,134;160;378,2.9598153239769978E-5
3,204;382;794,2.9586330483807137E-5
3,28;552;707,-2.9585917812829622E-5
3,352;424;523,2.9581854248364232E-5
3,630;929;990,2.9581517455033605E-5
3,397;557;565,2.9576090597575187E-5
3,67;182;371,2.9570877072356647E-5
3,12;480;555,-2.9546606105580626E-5
3,87;94;903,-2.9533165279328025E-5
3,179;615;825,2.9520230202278276E-5
3,120;307;535,2.95117281217631E-5
3,400;485;717,-2.9503470533156338E-5
3,191;575;913,-2.949886366501624E-5
3,393;396;930,2.949183861410741E-5
3,222;713;753,-2.948701493561901E-5
3,189;525;611,2.9475294179820062E-5
3,146;673;810,-2.947219390522833E-5
3,2;270;975,2.9469486045760496E-5
3,0;511;960,-2.9469036763717896E-5
3,512;650;691,-2.9460246711219534E-5
3,47;484;623,-2.944608627584585E-5
3,198;689;976,2.9443003988071178E-5
3,727;858;954,2.9434675815284807E-5
3,109;727;907,2.9411243542996056E-5
3,97;622;643,-2.9405118894721004E-5
3,81;306;623,-2.9386264584819765E-5
3,368;443;886,-2.9378553928301484E-5
3,26;808;871,-2.9376892545404303E-5
3,299;451;787,2.936812407630149E-5
3,396;432;733,-2.936456125881668E-5
3,11;967;997,2.9355322806527093E-5
3,352;514;774,-2.9342406617708157E-5
3,585;674;920,-2.934209195519025E-5
3,79;444;497,-2.9323109392817152E-5
3,769;920;937,-2.929938558191867E-5
3,773;851;954,-2.929126876228608E-5
3,551;560;579,-2.928781941407934E-5
3,327;605;757,2.928522405514916E-5
3,503;875;912,2.9277585314898845E-5
3,516;680;996,2.927743381948863E-5
3,489;676;934,-2.927458281677726E-5
3,542;783;988,-2.9264396813097683E-5
3,780;903;914,2.9261080228056752E-5
3,222;240;486,2.926039436243447E-5
3,99;219;616,2.9226084071968857E-5
3,393;680;827,2.9224477946150657E-5
3,324;440;744,2.9216891735964902E-5
3,200;497;621,2.9180858947706413E-5
3,342;352;355,-2.9166175498534008E-5
3,189;525;672,2.9163189843814285E-5
3,25;661;768,-2.9162450659730494E-5
3,303;315;658,2.915264576188974E-5
3,111;230;866,2.9134732122500044E-5
3,26;279;361,2.910161454200991E-5
3,104;308;861,2.909844315393331E-5
3,139;405;459,-2.9095412894309382E-5
3,171;551;942,2.9091454317784022E-5
3,335;785;930,-2.9083447647551943E-5
3,769;855;902,2.9071374476451496E-5
3,27;405;894,2.904975227867711E-5
3,141;588;887,2.9035122980256003E-5
3,496;740;947,-2.9016886691774178E-5
3,62;775;961,2.900229235252798E-5
3,192;530;592,-2.899900246146033E-5
3,27;791;961,-2.8992505722909675E-5
3,791;894;961,-2.8991699468561987E-5
3,194;343;773,-2.89851306838949E-5
3,570;629;671,-2.8980598294836075E-5
3,43;92;598,-2.8978603506343877E-5
3,44;803;876,2.895729444849992E-5
3,295;645;979,2.8945769954282648E-5
3,356;372;996,-2.89437694029361E-5
3,503;791;950,-2.893594935507455E-5
3,101;342;355,-2.893573507926994E-5
3,204;210;971,2.893019945249132E-5
3,80;337;791,2.8924264222193762E-5
3,209;332;898,2.8914273931585173E-5
3,219;675;792,-2.890203809546319E-5
3,408;807;883,-2.8886188862378615E-5
3,63;678;728,-2.8880267548919557E-5
3,657;856;986,2.8879307074736426E-5
3,207;509;984,2.8874707419432598E-5
3,114;384;646,2.8856386616826738E-5
3,4;163;817,-2.8853131816596087E-5
3,125;354;863,2.8851743534719012E-5
3,282;793;836,-2.8834510150589655E-5
3,15;627;883,2.8825392421601144E-5
3,425;828;949,2.88107851990662E-5
3,254;368;476,2.8809859315416856E-5
3,163;596;828,2.8805927557245543E-5
3,47;432;627,-2.880168753229526E-5
3,111;145;898,-2.8794314623361343E-5
3,235;442;487,2.8750413950157058E-5
3,99;300;450,2.8747186712973347E-5
3,236;282;304,2.874678670247419E-5
3,142;890;963,2.8742610124767742E-5
3,208;453;958,-2.8732368623761878E-5
3,133;615;901,2.8728101192614743E-5
3,448;637;781,-2.870475478318335E-5
3,104;530;596,2.8685636633652995E-5
3,110;190;616,-2.867646482578633E-5
3,241;490;757,-2.8674647382016447E-5
3,12;94;433,2.866519776810831E-5
3,113;419;900,-2.8627259233842287E-5
3,56;363;557,-2.8625941505704597E-5
3,198;432;943,-2.8607763502962997E-5
3,141;520;896,2.8601830908069918E-5
3,443;610;967,2.859977020901504E-5
3,134;296;378,-2.859884936268948E-5
3,34;54;378,2.8589985971849772E-5
3,280;411;674,2.8586762749043034E-5
3,682;835;963,2.8581366489291808E-5
3,124;389;900,-2.8574637893647122E-5
3,384;427;777,2.856714321574949E-5
3,216;349;713,-2.8558540542958762E-5
3,384;768;777,-2.8549558482825985E-5
3,61;67;849,-2.8545196017630965E-5
3,135;432;627,-2.854150340152162E-5
3,710;768;957,-2.8530609680323757E-5
3,572;638;782,-2.8509961490787898E-5
3,634;899;980,2.850656968867762E-5
3,438;588;608,-2.8504203607643803E-5
3,97;438;582,-2.8501257702372253E-5
3,574;901;937,-2.850035181249146E-5
3,24;62;417,2.8496925115209308E-5
3,740;796;867,-2.8483344943637762E-5
3,359;530;607,-2.8474147344132767E-5
3,506;649;739,2.847270160418701E-5
3,235;486;630,2.8467501828411437E-5
3,117;338;700,2.846535039176593E-5
3,80;408;958,2.8444004540110943E-5
3,74;379;973,2.844129485856714E-5
3,291;497;659,2.843653194363887E-5
3,26;32;95,-2.8422801798914253E-5
3,40;616;966,2.8408045233478496E-5
3,335;767;955,-2.8398315834356554E-5
3,441;454;544,-2.8387503608475486E-5
3,384;386;760,-2.838711118533787E-5
3,303;367;624,-2.8380789609725206E-5
3,12;75;494,2.8377939478303295E-5
3,78;881;998,-2.8374370885001824E-5
3,51;106;107,2.8372012288843827E-5
3,475;763;780,2.836369081659245E-5
3,178;185;937,2.8360565310165313E-5
3,333;466;583,2.8358749578433603E-5
3,498;697;808,-2.8354908767701072E-5
3,213;404;921,2.8345918731453298E-5
3,436;570;969,-2.8333498338851973E-5
3,155;755;925,2.833200375708749E-5
3,16;376;644,-2.832207552352986E-5
3,133;510;726,2.8320777737672736E-5
3,404;688;718,-2.8320181813445806E-5
3,121;872;966,-2.831626974211741E-5
3,244;250;641,2.830992741706698E-5
3,700;745;833,-2.8309880957775502E-5
3,104;732;830,2.830764122458977E-5
3,191;201;530,2.8306634953044776E-5
3,675;711;724,-2.830462845117806E-5
3,727;809;913,-2.8302759474755744E-5
3,126;727;907,2.8301675409604712E-5
3,25;69;623,2.829551216732342E-5
3,170;382;482,2.828804629164223E-5
3,735;792;986,2.82853421516093E-5
3,481;603;783,-2.8278682316154046E-5
3,179;412;693,-2.8275715254177307E-5
3,212;396;478,2.8271100928739556E-5
3,163;219;220,2.82587913990138E-5
3,42;86;453,2.825845006928017E-5
3,219;311;643,2.8256169447258398E-5
3,103;377;718,-2.8247069593998752E-5
3,466;511;769,2.8235903649600602E-5
3,338;727;935,-2.82220738126334E-5
3,327;755;929,-2.8221633403142205E-5
3,51;456;663,2.8213756393184197E-5
3,458;640;869,-2.8207116073723342E-5
3,219;818;919,2.8196979096333898E-5
3,567;763;764,2.8196508263307614E-5
3,71;412;424,2.819313242846171E-5
3,587;788;964,2.81821859260331E-5
3,77;209;596,2.8172966340064853E-5
3,390;426;695,-2.816131809720893E-5
3,318;440;788,2.81564110247933E-5
3,17;951;988,2.815268539575044E-5
3,193;414;468,2.8151960465612576E-5
3,170;212;656,2.8146361500189712E-5
3,408;811;947,2.8144588425220997E-5
3,470;694;740,2.8127043562012948E-5
3,75;841;881,-2.8123264881527785E-5
3,286;511;689,-2.812079041785505E-5
3,136;396;963,2.810513386293702E-5
3,245;915;978,-2.8101480136481772E-5
3,250;587;788,2.8085895661515847E-5
3,86;503;544,-2.8084956249838788E-5
3,206;350;683,2.808438236252702E-5
3,150;539;898,-2.8081662339373754E-5
3,324;603;917,-2.807983599918569E-5
3,510;711;829,-2.807429129557365E-5
3,202;237;325,-2.8067516939049395E-5
3,34;60;82,-2.8060800148202486E-5
3,655;782;938,-2.805492636523233E-5
3,689;795;976,-2.804986611747856E-5
3,14;605;757,2.804758956506193E-5
3,494;543;853,2.80448777751888E-5
3,1;571;700,2.804287788926787E-5
3,97;622;803,2.804251326588544E-5
3,49;355;447,2.804095164026995E-5
3,54;686;723,2.8039367453973425E-5
3,168;478;588,-2.80368923550568E-5
3,63;728;814,2.802831350737846E-5
3,273;613;973,-2.8019043086724493E-5
3,453;765;820,-2.80156521773249E-5
3,829;871;903,2.801361579601662E-5
3,168;219;909,2.800297899311511E-5
3,118;491;931,-2.8001537027990425E-5
3,17;434;513,2.7995686884582106E-5
3,566;571;718,2.799027428180412E-5
3,347;872;990,-2.798763254566869E-5
3,313;561;785,2.798441674161953E-5
3,6;202;684,2.796419226262299E-5
3,379;444;632,-2.7949626411417034E-5
3,301;645;683,2.793650945538593E-5
3,234;946;996,-2.7933045379443355E-5
3,421;713;766,2.7918210929366095E-5
3,319;453;811,-2.7906201704661786E-5
3,626;901;978,2.7900464705666282E-5
3,405;414;428,2.7896462872321742E-5
3,112;721;868,2.7884263371456398E-5
3,393;785;930,-2.7876585221152885E-5
3,257;290;324,-2.785770041485043E-5
3,42;453;756,2.7837791158808705E-5
3,116;493;851,-2.782929180015834E-5
3,154;202;325,2.7823906145396193E-5
3,222;753;838,-2.7819960953886714E-5
3,138;318;788,-2.781472674552102E-5
3,1;156;912,2.7806168244241422E-5
3,572;760;926,-2.780580377985309E-5
3,192;471;818,2.77992652474705E-5
3,32;181;541,2.7788996523992383E-5
3,211;412;783,-2.7780939609808116E-5
3,77;313;748,-2.777769025729133E-5
3,24;711;737,-2.777714779581792E-5
3,18;394;649,-2.7775090494051086E-5
3,268;646;881,2.775737020154853E-5
3,102;457;950,2.7741754527050663E-5
3,68;145;833,2.7719300311112573E-5
3,28;55;101,2.7684051797644368E-5
3,324;364;794,2.7683434470724418E-5
3,224;228;241,2.7675667250085227E-5
3,152;226;890,2.7671643972875337E-5
3,124;469;597,2.7666861474755202E-5
3,184;382;511,-2.765866157150216E-5
3,47;135;569,2.7648839388680464E-5
3,259;783;922,2.7646297417811746E-5
3,285;292;685,-2.764385646288681E-5
3,139;643;882,2.7641561423263705E-5
3,278;566;623,-2.7641366215947177E-5
3,88;689;823,2.7627094242576184E-5
3,251;863;887,2.7615827678410485E-5
3,218;305;594,2.760543200170615E-5
3,273;544;805,-2.7603483147847115E-5
3,42;212;253,2.7583893280938206E-5
3,202;325;366,-2.7581739152279316E-5
3,193;747;794,2.756887360876924E-5
3,14;214;510,2.756827733428588E-5
3,14;312;778,-2.7560189958184416E-5
3,240;418;958,2.7539569732518733E-5
3,116;333;493,2.753535613081108E-5
3,342;620;684,-2.7520062204020368E-5
3,75;462;490,2.7497503074489684E-5
3,196;209;531,-2.7487576855378216E-5
3,422;779;978,2.748688859036828E-5
3,415;571;609,2.7479304382659372E-5
3,18;868;877,2.7476036817421252E-5
3,63;193;203,-2.7471565549486862E-5
3,36;298;756,-2.746216744404843E-5
3,592;635;844,-2.746018903443344E-5
3,440;744;770,-2.7450011068124725E-5
3,311;585;672,2.7436552129982823E-5
3,187;757;957,-2.743594994469912E-5
3,248;535;892,2.7429481036272062E-5
3,306;395;618,-2.742402556876634E-5
3,89;652;701,-2.741004949148846E-5
3,94;635;844,-2.7409521834945987E-5
3,239;331;887,-2.7406130970186012E-5
3,40;60;343,-2.7400959337343884E-5
3,89;760;926,-2.7392539594016487E-5
3,277;585;920,-2.7383764605253517E-5
3,331;482;590,2.7383350964284075E-5
3,294;427;625,2.737694146459862E-5
3,169;240;995,-2.7373930656980432E-5
3,116;182;967,2.7373807933949615E-5
3,133;481;637,-2.7359126242620385E-5
3,59;109;498,2.7335772535186983E-5
3,6;288;468,2.7313394430108062E-5
3,341;410;910,2.730182263093077E-5
3,601;742;770,-2.7282531743040117E-5
3,80;222;414,2.725933260063513E-5
3,634;949;980,-2.7258430784343756E-5
3,264;555;872,2.7239284253561178E-5
3,98;266;581,-2.7234543818594144E-5
3,114;199;970,-2.7229506122990696E-5
3,38;951;988,2.7222681327698457E-5
3,178;466;826,-2.721077302124288E-5
3,382;742;980,2.7201735529715357E-5
3,20;198;525,2.719930745914403E-5
3,438;643;828,-2.7198021060343624E-5
3,97;423;803,-2.7197415942784807E-5
3,132;163;817,2.719192257303952E-5
3,209;362;669,2.7189837942890517E-5
3,311;622;672,2.718166726697474E-5
3,301;309;390,-2.717490528786987E-5
3,406;634;744,2.7161550014311432E-5
3,334;634;685,2.7158405766678287E-5
3,137;297;410,-2.71546193714287E-5
3,437;855;952,2.7146743083706293E-5
3,402;425;527,-2.714563868070159E-5
3,59;546;873,-2.7142267703771608E-5
3,154;230;241,-2.713725129452073E-5
3,655;779;782,-2.7126904103724382E-5
3,222;693;735,2.712517749893725E-5
3,99;234;551,2.7103279554336417E-5
3,187;546;847,-2.7095237872333556E-5
3,187;247;900,2.709072309448734E-5
3,10;267;614,-2.7083586904937476E-5
3,158;354;525,-2.7077596826814364E-5
3,159;741;892,-2.7075575641406223E-5
3,685;749;779,-2.7065866447757762E-5
3,282;284;299,2.706486670074966E-5
3,69;607;771,2.7062605846348048E-5
3,776;787;872,2.7058276503406293E-5
3,280;786;930,-2.705506897861457E-5
3,76;761;833,-2.705381983950191E-5
3,126;331;954,-2.7039507177174136E-5
3,238;258;980,2.703334289848103E-5
3,250;641;733,-2.7026679777689706E-5
3,378;398;737,-2.7025275465710578E-5
3,19;403;514,-2.7007547103482744E-5
3,17;833;866,-2.700351937638758E-5
3,155;187;199,-2.6988371326415982E-5
3,12;207;951,2.698214240350365E-5
3,59;393;873,-2.698113800425678E-5
3,323;339;868,2.698021583668991E-5
3,407;615;901,2.697219930013392E-5
3,313;887;998,-2.6962678047910218E-5
3,47;135;627,-2.695676650335287E-5
3,379;628;869,2.6939231269114232E-5
3,237;325;366,2.692788072025905E-5
3,624;729;819,-2.6925526301126108E-5
3,168;353;464,-2.6875841190420745E-5
3,379;408;566,-2.6871603534934896E-5
3,801;892;975,-2.686603592070136E-5
3,86;120;665,2.6856162909063702E-5
3,163;551;995,2.684720669112173E-5
3,118;286;945,-2.684229420846751E-5
3,354;573;908,-2.6840005886167947E-5
3,184;414;944,2.6837105950358252E-5
3,185;228;424,-2.6834712758904684E-5
3,51;300;663,2.6824200818667294E-5
3,305;352;774,-2.681058510859444E-5
3,97;273;304,2.6806270026533184E-5
3,5;78;575,2.6795255564597337E-5
3,193;199;950,2.6782736879355168E-5
3,382;675;893,2.6759966022806028E-5
3,238;258;655,2.6739343632029752E-5
3,96;217;359,-2.673288496275522E-5
3,65;139;459,2.6723116985221574E-5
3,315;640;796,-2.6720915268457536E-5
3,822;836;904,2.6717191210857893E-5
3,715;800;918,2.6710169734890873E-5
3,98;576;678,2.6709846101650478E-5
3,510;566;695,-2.6696894349831606E-5
3,550;589;875,2.6696075087122924E-5
3,28;350;824,-2.6691595997449414E-5
3,75;416;458,2.669059779939851E-5
3,19;291;918,2.669016996271695E-5
3,302;406;640,-2.667706501107562E-5
3,592;867;924,2.667123994573004E-5
3,166;209;261,2.6665719577732354E-5
3,267;451;867,-2.6662392180342868E-5
3,27;337;709,-2.6656130031411355E-5
3,179;742;748,2.665460402288737E-5
3,99;463;677,2.6643598339289467E-5
3,116;333;851,2.664301863491688E-5
3,123;153;359,-2.663904476757214E-5
3,163;322;828,-2.6631414935680524E-5
3,171;451;803,-2.661611665495986E-5
3,211;283;858,-2.6604851935384836E-5
3,8;30;158,2.6604329599153358E-5
3,157;501;572,-2.6593864722305365E-5
3,245;688;830,2.6577310882521725E-5
3,257;269;999,-2.6563353163652358E-5
3,405;451;820,2.656044599311124E-5
3,248;592;967,2.6549273456863852E-5
3,51;127;452,-2.654689660340234E-5
3,658;808;910,-2.6525395581139735E-5
3,130;781;957,2.6513978497353678E-5
3,95;360;777,2.650249368278363E-5
3,106;681;939,2.6501155480715057E-5
3,197;938;943,-2.6496440845874012E-5
3,47;664;959,-2.6491300022501415E-5
3,369;657;852,2.6490247193134823E-5
3,572;634;899,-2.6466770134346893E-5
3,333;596;756,2.6462947278811525E-5
3,136;803;984,2.645724668621131E-5
3,89;296;510,2.645718730408362E-5
3,250;620;882,-2.6430832962439657E-5
3,228;522;626,2.6430044645507546E-5
3,15;438;445,2.6423090910379638E-5
3,148;641;728,2.6421463351413824E-5
3,601;871;875,2.641550385416624E-5
3,34;70;389,2.6414989172235256E-5
3,582;792;977,-2.641349721612179E-5
3,9;53;440,2.640379713440831E-5
3,300;456;526,-2.640228471982922E-5
3,63;560;734,2.64014158490585E-5
3,158;669;783,2.6399126125963137E-5
3,474;883;917,2.6392243038744983E-5
3,214;737;968,-2.6389125763152426E-5
3,659;755;896,2.638518991945117E-5
3,363;682;743,-2.6374392125500163E-5
3,271;401;889,-2.6369229466127653E-5
3,9;77;152,-2.636362292922502E-5
3,98;226;467,-2.6353120013124635E-5
3,640;807;842,2.6322542579182802E-5
3,11;496;690,2.6314921162439166E-5
3,551;553;922,2.629805440037151E-5
3,67;814;875,-2.6295818999335518E-5
3,333;686;826,-2.628273363625107E-5
3,160;707;845,-2.626877768018778E-5
3,145;268;463,2.626810006013086E-5
3,595;703;968,2.625841903477823E-5
3,193;360;761,-2.6256908824828478E-5
3,379;408;958,-2.6217233481192987E-5
3,110;190;862,-2.621660902658814E-5
3,377;842;895,-2.620152141634749E-5
3,99;350;683,2.620077100028857E-5
3,377;412;430,2.619248018843849E-5
3,602;623;815,-2.6190670988838844E-5
3,356;517;640,2.6163352530441637E-5
3,42;802;839,2.616166374711682E-5
3,404;743;968,2.616110623898384E-5
3,110;324;862,-2.615882182155484E-5
3,553;691;929,2.614018584385694E-5
3,636;851;888,-2.6133950582879442E-5
3,60;369;657,2.6115702692802715E-5
3,31;71;632,-2.611299707372844E-5
3,171;197;803,-2.61102969855047E-5
3,10;187;317,2.611011051555482E-5
3,643;689;913,2.61089823897942E-5
3,46;331;887,2.6107160222804868E-5
3,275;471;707,2.6095812778568888E-5
3,196;505;795,2.6095470825273388E-5
3,374;573;880,2.609490763605629E-5
3,366;615;785,2.6088213614128026E-5
3,364;778;989,-2.608322832852292E-5
3,279;343;656,2.60716443163305E-5
3,341;411;881,-2.607116637987385E-5
3,282;451;787,2.607011266263024E-5
3,45;146;956,-2.6064997557555935E-5
3,146;589;704,2.605422767902351E-5
3,396;426;980,2.6050142708124976E-5
3,321;600;695,2.6047650996630642E-5
3,374;806;955,-2.6043288637532208E-5
3,419;505;650,2.603062286438429E-5
3,127;300;465,-2.602137424623922E-5
3,445;527;685,-2.602069494622566E-5
3,18;808;833,-2.601802155794548E-5
3,63;203;281,2.6012405081335748E-5
3,51;127;706,-2.6009648907973743E-5
3,80;384;494,2.60004531617625E-5
3,395;464;647,2.599904110119763E-5
3,511;780;910,2.5997098465050294E-5
3,162;256;289,2.597885838232659E-5
3,83;570;969,2.5950476094849983E-5
3,8;164;852,2.5949610601587472E-5
3,743;828;949,2.5940580640683316E-5
3,655;779;822,-2.5937011321650268E-5
3,30;394;689,-2.5925840432689174E-5
3,258;655;924,2.592456342860986E-5
3,258;924;980,2.5917258055543672E-5
3,74;217;439,2.5917045692072924E-5
3,543;853;900,-2.5916386891122855E-5
3,384;466;857,2.5915508313842995E-5
3,0;373;511,2.5909467651465846E-5
3,381;918;984,2.590835559293788E-5
3,75;166;171,-2.590576686187969E-5
3,134;164;497,2.5901197987158303E-5
3,331;783;795,2.5897908766407374E-5
3,125;775;833,2.5896106707541075E-5
3,266;788;928,-2.589098162309734E-5
3,37;486;497,-2.585882889071764E-5
3,168;464;969,-2.5854711429184495E-5
3,80;379;958,2.5831189154086553E-5
3,335;571;825,2.582028854648516E-5
3,44;809;876,-2.5817462463086577E-5
3,94;524;832,-2.5815792973003202E-5
3,286;845;876,2.5810408837188888E-5
3,211;412;935,-2.580929663888664E-5
3,45;94;769,2.580883781929788E-5
3,142;188;771,-2.5796740690475078E-5
3,156;625;994,2.5795523948200052E-5
3,310;525;594,2.5786576184852976E-5
3,228;403;777,2.5779261318549958E-5
3,27;396;514,-2.5773218996586916E-5
3,40;149;660,-2.5763759322876752E-5
3,306;464;647,-2.576202362177787E-5
3,50;437;682,-2.575562189795479E-5
3,42;76;133,-2.5754802682561095E-5
3,192;207;389,2.5738447610965633E-5
3,769;855;916,-2.573629760370148E-5
3,578;945;965,-2.573615966522041E-5
3,352;382;424,-2.573535672972857E-5
3,198;338;525,-2.5716740458423643E-5
3,80;337;400,-2.5716390241695033E-5
3,136;682;835,2.5714535220651346E-5
3,229;442;710,-2.5707172520846207E-5
3,18;82;176,2.570405736319288E-5
3,119;594;687,2.5703011334013637E-5
3,338;704;784,-2.5699059543504966E-5
3,285;551;560,-2.5695627522358357E-5
3,682;714;919,2.5694401022402085E-5
3,179;194;412,2.5687390303340035E-5
3,251;743;887,2.568167249672519E-5
3,15;60;422,-2.5675641058019596E-5
3,166;756;965,-2.567540851517229E-5
3,243;355;822,2.5654900724962056E-5
3,81;594;626,-2.564299653164335E-5
3,502;717;978,2.5636417643613794E-5
3,131;181;408,-2.5633532465592387E-5
3,670;807;839,-2.5610890940956062E-5
3,13;109;327,2.5604042539363227E-5
3,295;783;988,2.5592009669976166E-5
3,246;332;797,2.5562860783630762E-5
3,294;386;760,-2.5560915693616516E-5
3,570;629;747,-2.556018828470888E-5
3,378;526;744,-2.554981224335939E-5
3,94;105;832,-2.5542337160723437E-5
3,414;461;555,-2.552925157154799E-5
3,244;316;738,-2.5502310999901024E-5
3,654;872;944,-2.549472288230123E-5
3,384;548;760,-2.5480236701789998E-5
3,438;764;815,-2.5473173591200562E-5
3,642;688;744,2.5472636241470214E-5
3,589;677;874,-2.547259061492812E-5
3,168;639;969,-2.5443094492824918E-5
3,553;571;797,-2.5428863365016714E-5
3,345;563;953,-2.542811707164715E-5
3,561;615;785,-2.541972203207264E-5
3,90;285;717,2.5394411913528586E-5
3,26;745;835,2.5376056445653814E-5
3,336;804;900,2.537125567682264E-5
3,549;666;966,2.536211337636091E-5
3,67;609;669,2.535937120546273E-5
3,496;674;898,2.5351657635515724E-5
3,48;184;337,-2.5349985316607226E-5
3,1;304;524,-2.5349870885810492E-5
3,193;203;797,-2.5325572191324757E-5
3,26;725;959,-2.5322207146989743E-5
3,532;792;950,-2.532094800071406E-5
3,238;405;451,-2.5307024232027995E-5
3,186;240;367,-2.529780922244108E-5
3,166;233;860,-2.529291033780221E-5
3,72;85;414,2.5292547532899223E-5
3,157;339;556,2.529071868491064E-5
3,140;523;777,-2.5288470423502692E-5
3,312;676;778,-2.5274376633760345E-5
3,17;79;499,2.526203682156839E-5
3,252;695;920,2.525950033440754E-5
3,45;931;956,-2.5257626704609844E-5
3,514;703;968,-2.525039508171328E-5
3,65;178;466,2.523893810781227E-5
3,14;327;757,2.522508193283997E-5
3,14;456;672,2.5223008092122718E-5
3,272;432;938,2.5215404563407523E-5
3,12;94;299,-2.521404307035116E-5
3,789;826;944,2.5213430229396648E-5
3,372;897;996,2.5212027380648914E-5
3,288;509;820,2.520561309975438E-5
3,522;687;690,-2.5200466613553188E-5
3,643;903;914,-2.5197786147032685E-5
3,104;308;634,-2.5194569177182833E-5
3,246;808;910,2.5182708520231916E-5
3,315;635;658,2.5149666215721986E-5
3,549;775;805,-2.5138788641454894E-5
3,282;294;427,2.512781013932921E-5
3,53;715;736,-2.5117686496216475E-5
3,272;533;743,-2.5107520187881806E-5
3,206;683;998,2.5087470136840817E-5
3,72;172;724,2.5071113983430693E-5
3,153;714;969,2.506742666175294E-5
3,197;520;943,2.505548287323265E-5
3,23;690;696,2.505349370441072E-5
3,220;410;501,-2.5046850085328194E-5
3,728;759;908,-2.5037520031222377E-5
3,27;709;821,2.502760025722256E-5
3,83;212;656,2.5022066679934237E-5
3,584;827;886,-2.5011155730507935E-5
3,230;476;585,2.5010774707777044E-5
3,299;533;740,2.498723427528642E-5
3,38;47;220,-2.498134563555263E-5
3,318;551;933,2.4980027345482373E-5
3,125;317;616,2.497816372152441E-5
3,148;602;641,-2.497627002090664E-5
3,218;305;903,2.496831668701818E-5
3,453;765;949,-2.4967715511259508E-5
3,279;291;668,-2.495490455567702E-5
3,211;652;919,2.49435742414122E-5
3,713;753;838,-2.493861129238312E-5
3,204;221;499,2.493335449423385E-5
3,83;288;633,-2.492618610545238E-5
3,140;261;556,-2.4924589232279028E-5
3,2;826;975,2.4912684077585296E-5
3,337;516;791,-2.491083104556793E-5
3,715;833;866,-2.4896612874460363E-5
3,53;156;365,-2.4875330172762125E-5
3,80;222;387,-2.4867266170555314E-5
3,343;361;656,-2.486140249199809E-5
3,156;365;997,2.4834866908832436E-5
3,228;358;600,-2.4834230093539338E-5
3,373;511;960,-2.4833434605735258E-5
3,136;212;253,-2.4829199640968215E-5
3,222;287;723,-2.4823964573268E-5
3,675;816;876,2.481536105685216E-5
3,523;855;916,2.481071095200515E-5
3,304;640;850,2.480897002014743E-5
3,13;362;497,-2.4803231549562147E-5
3,392;715;918,-2.4750179193374093E-5
3,596;756;826,2.474017313984067E-5
3,49;427;859,-2.4726544846240424E-5
3,158;548;781,-2.4723511823564983E-5
3,267;589;998,2.47090056108025E-5
3,516;769;896,2.4708729081664268E-5
3,338;691;929,2.4702849382701064E-5
3,420;444;522,-2.4693531002249975E-5
3,117;271;887,2.4693353062867332E-5
3,17;499;538,2.4686323028697457E-5
3,72;397;557,-2.4684852132673193E-5
3,193;468;844,-2.4679325769530098E-5
3,765;812;990,2.467435753530593E-5
3,235;487;731,2.466831605354382E-5
3,380;628;724,2.466323026812247E-5
3,368;387;886,2.466154748864615E-5
3,67;210;893,-2.464548124190987E-5
3,268;336;806,-2.4641360258274936E-5
3,209;261;272,-2.4638433348957714E-5
3,177;265;658,2.4635120170498793E-5
3,225;690;766,2.463440819683179E-5
3,277;358;550,2.4602526913280476E-5
3,90;208;437,2.4596959416782507E-5
3,136;529;656,2.459683895008443E-5
3,12;302;908,2.4590210091149616E-5
3,46;78;628,2.458639814996022E-5
3,92;680;814,2.4562831377191255E-5
3,92;801;975,2.455998310024281E-5
3,30;158;781,-2.4558896614024428E-5
3,3;884;982,2.4543951069917074E-5
3,422;724;779,2.4532438806611447E-5
3,105;515;885,-2.4531837957084403E-5
3,195;408;672,-2.452578652328691E-5
3,105;551;942,2.4521029634879845E-5
3,93;674;854,-2.451875373839383E-5
3,116;498;995,-2.4502420829187907E-5
3,418;542;926,-2.449720418355453E-5
3,382;482;936,-2.4491056610056456E-5
3,215;496;941,-2.4486126325013478E-5
3,440;605;716,-2.44856501540526E-5
3,369;775;787,2.4480730528592872E-5
3,396;486;697,2.447455199857173E-5
3,46;881;998,-2.447395564581411E-5
3,200;278;537,2.4471740468449624E-5
3,465;643;727,2.4464817056601245E-5
3,150;380;724,-2.4463310838240858E-5
3,94;128;832,2.44579057781704E-5
3,65;537;611,2.4452961473298488E-5
3,45;157;260,-2.4450399841813005E-5
3,259;783;795,2.445014601026809E-5
3,102;679;950,-2.4442512331366348E-5
3,204;427;909,-2.4442488226920783E-5
3,458;738;739,2.4423245486550477E-5
3,367;522;625,2.4421471871429435E-5
3,156;234;537,2.4412370231324588E-5
3,150;268;360,2.4369068913097603E-5
3,69;634;931,2.4367017147821275E-5
3,15;60;809,2.4363997124270322E-5
3,122;753;799,2.4361910548253373E-5
3,209;368;669,-2.4350743517206905E-5
3,244;370;683,2.433149850145638E-5
3,551;571;922,2.4327442507104387E-5
3,749;763;780,-2.432559988787824E-5
3,7;109;614,-2.432049423986005E-5
3,485;583;752,2.4309739639256543E-5
3,588;814;831,2.430739479888522E-5
3,406;634;640,-2.4306470071728217E-5
3,361;396;426,2.4302552982338843E-5
3,165;283;889,-2.4301275263461144E-5
3,239;456;532,2.4294617678181672E-5
3,89;572;926,2.4282104003721216E-5
3,16;713;849,2.4277043059367136E-5
3,692;827;849,-2.4274592637733116E-5
3,318;645;689,-2.426064417366692E-5
3,186;367;755,2.4239255127499106E-5
3,156;371;782,-2.4202010924297308E-5
3,110;692;806,-2.419176628830383E-5
3,184;711;724,-2.4189314327322466E-5
3,118;658;910,2.4186118101832555E-5
3,432;538;714,-2.4185392795312677E-5
3,507;769;896,-2.4184046701502946E-5
3,86;219;643,2.4179276544994925E-5
3,147;812;990,2.417905750033823E-5
3,0;54;378,-2.4175630836719428E-5
3,318;872;933,2.4175310889279308E-5
3,252;431;695,-2.417386822267754E-5
3,9;568;936,-2.41704055741447E-5
3,192;905;948,-2.4162806815303288E-5
3,891;894;999,-2.4160245189931708E-5
3,493;502;805,2.4160095080773203E-5
3,267;325;704,2.4160070117064907E-5
3,182;371;660,2.415652212279528E-5
3,6;384;427,-2.4150762960431616E-5
3,84;354;731,-2.4143346536723476E-5
3,291;659;976,-2.413934637706372E-5
3,166;371;485,2.4138696063623083E-5
3,58;113;397,-2.4136390829142423E-5
3,108;528;548,2.4130256029297434E-5
3,514;576;595,-2.4130027184521264E-5
3,342;355;624,2.411264666361606E-5
3,383;784;852,2.4104732303784207E-5
3,375;500;725,-2.409754677313411E-5
3,241;362;792,2.4093564696490877E-5
3,168;478;598,2.408962197431363E-5
3,231;550;765,-2.4084913643903133E-5
3,665;682;776,2.4068140755909333E-5
3,56;831;902,-2.4066066247134212E-5
3,494;543;900,2.4052035188499642E-5
3,222;661;693,-2.4044864838356205E-5
3,49;158;374,2.4042295814612177E-5
3,201;547;555,2.40366386006228E-5
3,117;191;547,-2.4028496728347254E-5
3,39;676;874,2.4027128754012903E-5
3,381;525;810,2.4026526891393048E-5
3,431;680;695,-2.4026126246757867E-5
3,579;692;827,-2.401875648452237E-5
3,303;367;757,-2.4004056245824258E-5
3,632;708;943,2.400231780013044E-5
3,173;520;896,2.3992820810137977E-5
3,23;492;836,-2.3981136418468413E-5
3,228;363;636,-2.3964714099862138E-5
3,157;339;569,-2.3963087804420853E-5
3,147;654;872,2.3950324753479123E-5
3,80;157;384,2.3923792356040255E-5
3,104;530;807,-2.392210792522157E-5
3,551;571;797,2.3921282040496335E-5
3,93;563;629,-2.3896276823811994E-5
3,28;591;871,-2.388785108903622E-5
3,353;464;639,-2.3876073296333846E-5
3,97;273;973,-2.387079737839513E-5
3,86;791;950,2.3864182656505742E-5
3,160;568;936,2.3853923245863542E-5
3,267;277;512,2.385024639358591E-5
3,363;404;636,-2.3844930906542502E-5
3,495;532;950,2.3836045784102787E-5
3,677;756;834,2.3830599846172574E-5
3,159;189;569,2.3823635030353564E-5
3,497;508;662,2.3820231305250404E-5
3,142;711;893,2.3797385996939746E-5
3,715;716;903,2.379474233526401E-5
3,87;576;903,2.3791831173104823E-5
3,97;643;803,-2.3776485886941336E-5
3,168;562;673,2.376043601798867E-5
3,139;643;828,-2.375490915068724E-5
3,534;807;962,2.3741329160796847E-5
3,36;74;800,-2.3735465519398947E-5
3,63;150;693,2.3730928888606253E-5
3,165;947;955,2.3729755487725255E-5
3,16;182;891,-2.3721811219938116E-5
3,268;374;806,-2.371386381596928E-5
3,862;868;877,-2.3713528897353642E-5
3,246;425;916,-2.370071791681085E-5
3,417;663;816,-2.36967843150419E-5
3,222;240;697,2.369249176263057E-5
3,304;639;735,2.3691323124286697E-5
3,456;527;966,2.3677837121530007E-5
3,282;346;668,-2.367415808377105E-5
3,531;793;862,2.3666848322176E-5
3,23;492;904,2.366475186084513E-5
3,148;604;993,-2.3664070748509067E-5
3,18;526;833,-2.3652394758666192E-5
3,192;598;905,-2.364963886092593E-5
3,82;292;789,2.362979215428214E-5
3,196;209;832,2.3622687326869172E-5
3,284;437;932,-2.361327968483447E-5
3,249;288;332,-2.361151821291322E-5
3,116;706;889,-2.3597046395682026E-5
3,135;453;572,2.359695215814533E-5
3,50;855;952,2.3590312189976984E-5
3,180;657;700,2.357053961133735E-5
3,122;663;865,2.356794771333926E-5
3,92;603;764,2.3565821899455262E-5
3,1;416;619,2.3565808496657785E-5
3,89;824;926,2.355095391298018E-5
3,278;450;803,2.35438969683703E-5
3,545;617;992,-2.3538842637688758E-5
3,50;67;660,2.353756211250066E-5
3,208;361;891,2.3536726841757395E-5
3,48;148;373,2.3534545021382784E-5
3,18;176;558,2.352518375791976E-5
3,76;133;524,-2.3519454540008022E-5
3,634;771;867,2.3518338427512577E-5
3,210;626;971,-2.3497976338367523E-5
3,219;643;981,-2.3494305407708572E-5
3,61;267;279,-2.3494080169393624E-5
3,242;316;712,-2.3493711626639652E-5
3,240;367;755,2.3483016145820295E-5
3,589;639;965,2.345985159987626E-5
3,4;489;676,2.3452923270078834E-5
3,275;874;883,2.3432801421685144E-5
3,650;691;957,-2.3421588060604767E-5
3,99;234;882,-2.3415895440149616E-5
3,89;152;226,-2.3404936884592423E-5
3,71;173;605,2.3401911587786957E-5
3,452;686;723,-2.3399464246546344E-5
3,372;517;606,-2.339799722030547E-5
3,307;341;535,-2.3392389528205026E-5
3,590;698;710,-2.3392019926783025E-5
3,344;499;957,-2.338975302392198E-5
3,82;292;602,-2.3383163903789378E-5
3,302;406;744,2.336536825953533E-5
3,31;431;707,-2.3362718413796887E-5
3,156;782;910,2.3360148771755528E-5
3,179;293;620,2.33516637197332E-5
3,201;205;493,2.334435702182915E-5
3,730;820;890,-2.334287132065853E-5
3,550;680;765,2.332785865584973E-5
3,472;662;931,-2.3323083028768384E-5
3,239;807;845,-2.3313784858624454E-5
3,532;699;814,-2.3307894269282546E-5
3,566;571;874,-2.3275397096349946E-5
3,734;824;931,-2.3275224811710385E-5
3,103;377;842,2.327393560567839E-5
3,154;222;230,2.3271890689832966E-5
3,120;173;634,2.32668021780291E-5
3,551;563;629,2.326363317492529E-5
3,165;303;575,-2.3233525827720666E-5
3,53;385;412,2.322633452951177E-5
3,515;627;983,-2.322580605690797E-5
3,464;639;969,2.3220339766450815E-5
3,140;416;826,2.3218854480633152E-5
3,70;809;987,-2.3213191969479392E-5
3,301;434;799,2.320804934612701E-5
3,184;321;382,2.320803712832129E-5
3,376;525;572,2.3193954218311656E-5
3,280;316;786,2.3184920941875355E-5
3,23;822;836,2.3171456262817277E-5
3,33;363;552,2.3170320595370824E-5
3,397;557;640,-2.316284581019429E-5
3,264;816;876,-2.3162841179477242E-5
3,519;715;951,-2.3149470233266196E-5
3,222;593;661,-2.313967215491878E-5
3,195;394;466,-2.313647760102712E-5
3,46;897;996,-2.3127020675738215E-5
3,189;596;698,-2.312695811447155E-5
3,401;699;875,-2.3111785939697996E-5
3,11;41;559,-2.3107737858450914E-5
3,291;321;452,-2.31054480884427E-5
3,453;591;661,-2.3101470074283353E-5
3,142;352;447,2.3095077788339685E-5
3,147;765;812,2.3093230670949024E-5
3,657;867;924,2.309255605552861E-5
3,139;318;440,2.308317366726753E-5
3,268;603;646,2.30657032762636E-5
3,304;613;973,-2.3064223958862572E-5
3,437;678;830,-2.305494155769997E-5
3,51;494;906,-2.3051323861028205E-5
3,10;267;768,2.304944631450557E-5
3,284;299;787,-2.3043613496790976E-5
3,68;143;213,2.3040385469238722E-5
3,525;605;697,-2.303624231823695E-5
3,181;199;408,-2.3032321158091473E-5
3,128;304;811,-2.3027229389651942E-5
3,528;548;566,-2.302087965821538E-5
3,182;400;647,-2.3013751291828498E-5
3,181;351;536,-2.3012431679265443E-5
3,156;902;994,-2.3007902179596202E-5
3,395;587;737,-2.3001496206688225E-5
3,68;250;840,2.2999982267722375E-5
3,4;24;73,-2.2988844488973458E-5
3,387;414;783,-2.296510144492412E-5
3,210;626;888,-2.296401360381543E-5
3,133;208;230,-2.2963047673775426E-5
3,86;164;212,2.296132337341363E-5
3,47;69;484,-2.2945784091539304E-5
3,82;176;558,2.293939342177903E-5
3,247;525;594,2.2937018331281555E-5
3,479;889;992,-2.2931054596025923E-5
3,340;443;610,-2.2930475463224533E-5
3,259;540;645,-2.29248700684425E-5
3,403;598;714,-2.291140753218343E-5
3,582;831;952,2.290999345606448E-5
3,116;631;847,-2.2909425553237817E-5
3,161;196;734,-2.2901501451233093E-5
3,527;554;940,-2.2883145580477277E-5
3,165;408;947,-2.288136344890226E-5
3,165;575;667,2.2878258613796583E-5
3,492;533;935,-2.287681291482212E-5
3,378;790;901,2.2874259467631776E-5
3,120;307;341,2.2862762870635036E-5
3,236;691;789,2.286197041301661E-5
3,775;807;809,2.2858623429745518E-5
3,464;647;934,-2.2854728814304038E-5
3,277;628;695,2.285353898970514E-5
3,80;414;844,2.285161495017024E-5
3,258;659;765,2.2846798170686572E-5
3,29;244;495,-2.283815410953415E-5
3,220;283;527,2.283676475290624E-5
3,532;733;858,-2.283586717695359E-5
3,191;639;873,2.2831733429160553E-5
3,80;414;783,2.2820092502662673E-5
3,451;729;867,2.28163497353764E-5
3,155;216;968,-2.2808304647741454E-5
3,197;526;978,2.2808273009075988E-5
3,245;743;818,-2.2802403233103035E-5
3,240;719;995,2.2796847232203898E-5
3,26;664;959,-2.277878616831805E-5
3,245;590;723,-2.2767108644234374E-5
3,488;584;886,-2.276333774232998E-5
3,820;867;924,2.27632578140105E-5
3,92;450;758,-2.2762931599615128E-5
3,343;468;773,-2.276158756873188E-5
3,393;680;773,-2.275920862738359E-5
3,31;471;707,-2.2754691439288342E-5
3,143;601;742,2.2750526683240082E-5
3,116;167;706,2.2741137159222922E-5
3,366;585;672,-2.274108048230069E-5
3,530;603;980,2.2738119089697293E-5
3,127;322;959,2.2719478891973972E-5
3,308;561;861,-2.2719172036909624E-5
3,77;152;209,-2.2712618576911975E-5
3,440;459;870,2.2708302070346116E-5
3,329;700;745,-2.270449091974071E-5
3,197;499;803,2.2695920681090572E-5
3,30;146;704,2.2690959886152718E-5
3,45;260;552,-2.268094908904345E-5
3,116;207;857,2.2667882181919026E-5
3,309;540;815,-2.266732328982188E-5
3,484;769;920,2.266491951134753E-5
3,89;244;984,-2.2664523784848073E-5
3,80;387;414,-2.2661709875637312E-5
3,100;259;664,2.2653476455392956E-5
3,120;369;392,-2.2647027124187484E-5
3,214;391;538,2.2639045056574636E-5
3,665;682;709,-2.2638358408870337E-5
3,363;735;896,2.261673053940631E-5
3,561;663;816,-2.260369796052955E-5
3,202;596;996,2.2595465583674634E-5
3,404;420;766,2.257636990679753E-5
3,571;825;955,-2.255485962829358E-5
3,236;789;942,2.254481897480322E-5
3,475;749;763,-2.254102244474354E-5
3,661;693;735,-2.2526245542806154E-5
3,76;643;913,-2.2521168049992297E-5
3,34;54;858,2.251065464168985E-5
3,481;483;601,2.249684948922703E-5
3,298;427;787,-2.249591219573334E-5
3,85;242;485,-2.2491883636709456E-5
3,87;558;706,-2.2491560146624443E-5
3,699;814;873,-2.246902642835146E-5
3,301;309;864,-2.246377157868805E-5
3,492;822;836,-2.245385098152006E-5
3,63;120;966,-2.244502294519855E-5
3,128;304;872,2.2442405440925946E-5
3,53;324;352,-2.2440203605002512E-5
3,278;566;696,-2.2430907339697805E-5
3,40;149;265,-2.2430428090587976E-5
3,170;212;671,2.2422329008405555E-5
3,393;773;981,-2.2421074516713652E-5
3,198;550;943,-2.241928236520005E-5
3,445;794;795,2.239200509908293E-5
3,293;493;805,-2.239149831438944E-5
3,59;327;498,-2.2390878951386684E-5
3,49;427;586,-2.2389656039449407E-5
3,85;225;518,2.238029743095531E-5
3,269;631;847,2.237342044450526E-5
3,556;679;990,-2.2370671696000325E-5
3,184;321;552,-2.2364111278288164E-5
3,412;430;495,-2.2344430151130682E-5
3,37;569;718,2.2341170895130646E-5
3,70;530;809,2.2339053072783822E-5
3,92;589;813,-2.2326385390365138E-5
3,212;276;897,2.232504261562664E-5
3,148;705;789,2.2319790134089997E-5
3,40;158;340,-2.231920758762843E-5
3,276;749;874,-2.2316713291282076E-5
3,255;764;815,-2.231275277029822E-5
3,303;757;826,-2.2304500042282712E-5
3,296;299;510,2.2291134253519167E-5
3,463;653;805,2.228697827618223E-5
3,406;692;827,-2.228308504811469E-5
3,402;425;584,-2.227130229173014E-5
3,64;89;307,2.2267493533348025E-5
3,100;118;420,-2.2254606931201265E-5
3,222;240;396,2.2253689460254312E-5
3,1;754;945,2.2248213542986057E-5
3,112;153;598,-2.224598985172802E-5
3,71;449;489,-2.2233423923860854E-5
3,285;685;787,-2.223219773403905E-5
3,616;775;833,-2.223107039528025E-5
3,158;400;866,2.2217283382069476E-5
3,462;588;612,2.2216493693286127E-5
3,456;532;709,-2.2211838072089592E-5
3,45;94;402,-2.2208631300636378E-5
3,157;260;552,2.2196521702611893E-5
3,617;739;992,2.2182848205951123E-5
3,74;439;917,-2.2162978108394285E-5
3,452;654;958,-2.2162009681328976E-5
3,156;254;543,2.2160159212527017E-5
3,178;499;937,-2.215879924420208E-5
3,130;319;671,-2.215810145342856E-5
3,384;427;768,-2.21549694933734E-5
3,107;213;295,-2.213431484900109E-5
3,453;572;654,2.2133117157001714E-5
3,98;268;603,2.2097516443748855E-5
3,113;306;849,-2.208920200404771E-5
3,156;670;997,2.207359691659936E-5
3,411;786;930,2.2065091819004463E-5
3,51;149;265,2.2061887282276102E-5
3,227;509;896,-2.2051540428156324E-5
3,287;500;723,-2.203949022693291E-5
3,284;677;834,-2.2035611407763663E-5
3,527;771;867,-2.2034760904896456E-5
3,68;143;625,2.2026021255071527E-5
3,306;400;647,-2.20204517345462E-5
3,293;502;779,-2.201301926430644E-5
3,191;575;639,2.2008388541707285E-5
3,199;320;504,2.2001293146260923E-5
3,20;525;823,2.199358754870309E-5
3,227;604;867,2.1987642643114144E-5
3,654;944;979,2.198425990716262E-5
3,182;395;618,2.197033759708969E-5
3,643;667;671,2.1960889487355522E-5
3,59;393;546,2.1917608789954955E-5
3,29;286;305,-2.1915895907061333E-5
3,240;383;713,2.1911408060485447E-5
3,123;148;396,2.1889626505569052E-5
3,111;230;631,-2.1885019029519105E-5
3,156;266;327,2.1882573959169727E-5
3,58;497;862,-2.187681316387714E-5
3,37;394;649,-2.187231460742403E-5
3,53;107;897,2.1871326382772298E-5
3,178;221;826,-2.1870118731846067E-5
3,128;435;947,2.1868166427629156E-5
3,163;551;812,-2.1859640789970715E-5
3,111;793;866,-2.1845067965498777E-5
3,485;640;717,-2.1844199161882434E-5
3,224;459;916,2.1832230634952885E-5
3,150;508;898,-2.1824745956580014E-5
3,93;662;674,2.1820580996192255E-5
3,54;515;983,2.182054027942749E-5
3,231;915;949,-2.1819883624023583E-5
3,364;640;878,-2.181251588581541E-5
3,68;629;842,-2.1810013521253808E-5
3,325;677;903,2.180590668164193E-5
3,46;356;372,-2.180181862520034E-5
3,178;250;589,2.179963239204238E-5
3,209;332;503,2.1794312092916738E-5
3,146;343;956,-2.1784583779277787E-5
3,27;396;519,-2.178047467599648E-5
3,528;719;763,2.177475094889956E-5
3,105;790;975,2.1772106176450242E-5
3,679;749;872,-2.172767566031527E-5
3,288;591;981,2.172404216745743E-5
3,300;339;556,-2.1704287043424455E-5
3,743;809;828,-2.1696276395788056E-5
3,179;825;999,-2.1689710963755044E-5
3,346;880;986,-2.1684949180028563E-5
3,233;528;615,-2.1671191917676754E-5
3,215;651;907,-2.1654663091045993E-5
3,339;889;989,-2.1652452329673665E-5
3,63;92;764,-2.1647711175404866E-5
3,19;53;918,2.1636896353839115E-5
3,40;60;230,-2.163518133003201E-5
3,35;195;564,2.1633127332677423E-5
3,11;261;910,2.1622714236396173E-5
3,584;668;827,2.161494353951762E-5
3,301;574;811,-2.1610709217431688E-5
3,316;712;990,2.159827425092456E-5
3,604;964;993,-2.159292494138798E-5
3,319;616;846,-2.1584382492840086E-5
3,204;482;777,-2.1581380590457985E-5
3,24;711;944,2.1563972432014812E-5
3,148;602;792,2.15621010500335E-5
3,553;571;922,2.1551931321910424E-5
3,273;304;973,2.154759547614019E-5
3,186;440;981,-2.1538007460750665E-5
3,253;270;627,-2.1532364142035E-5
3,201;493;885,-2.1523475498587018E-5
3,236;239;787,-2.1517851546567723E-5
3,186;441;755,2.151499427211053E-5
3,408;630;795,-2.1508958345757127E-5
3,437;682;776,-2.1505522302377833E-5
3,353;364;989,-2.1481941861878725E-5
3,127;268;486,2.146707529262902E-5
3,97;215;651,2.146429305967389E-5
3,15;655;883,-2.1462163605823325E-5
3,414;815;944,-2.1458283440079086E-5
3,421;476;920,2.1446782671235674E-5
3,99;206;683,-2.144657117292614E-5
3,431;557;944,-2.1430809588752116E-5
3,127;148;993,2.1421410410058467E-5
3,169;240;719,-2.1416822849617768E-5
3,11;592;997,2.1416379449689453E-5
3,116;192;207,2.141206661109921E-5
3,94;494;769,2.1406729812628047E-5
3,42;76;619,-2.1401487829306854E-5
3,122;543;663,-2.1391240950330633E-5
3,396;514;723,-2.1366374272384588E-5
3,11;664;927,2.135948473995425E-5
3,170;733;939,-2.13414384652325E-5
3,160;383;784,2.1329692351059E-5
3,373;619;677,2.132560449810752E-5
3,256;468;859,-2.1311409850106466E-5
3,250;620;884,2.129691295606402E-5
3,89;857;947,2.1284070803596254E-5
3,248;535;938,-2.126963027980886E-5
3,13;102;950,-2.1266960743343767E-5
3,34;202;789,2.1266885670710063E-5
3,634;640;744,-2.125837936861638E-5
3,606;758;881,2.1251529099200075E-5
3,278;566;771,2.12409466619184E-5
3,235;442;761,2.123675504314927E-5
3,239;476;497,2.123099085574698E-5
3,14;518;877,2.1218260052373565E-5
3,362;725;792,2.121429443879462E-5
3,525;527;867,-2.1205909827246807E-5
3,262;493;885,-2.1203181827244088E-5
3,421;732;884,2.1199442061818488E-5
3,53;713;753,-2.1198087110604614E-5
3,279;556;636,2.118918344327031E-5
3,680;773;827,2.1189168580507667E-5
3,142;379;800,-2.1176244196446056E-5
3,197;283;488,2.117613370895944E-5
3,381;775;987,-2.116515514195262E-5
3,44;51;107,-2.116210720258095E-5
3,54;79;515,-2.113957018239868E-5
3,301;574;996,2.1138671343065137E-5
3,134;160;296,-2.1132266504941125E-5
3,622;740;796,2.1132123662825348E-5
3,116;323;749,2.1130574753131786E-5
3,666;837;997,2.11227935834433E-5
3,686;911;928,2.111435639261612E-5
3,296;815;889,-2.110114686953871E-5
3,425;743;949,2.1099269021945727E-5
3,50;169;874,-2.109381547989413E-5
3,230;240;995,2.1070051331144654E-5
3,77;106;951,2.106518303235861E-5
3,153;532;873,-2.106471941615287E-5
3,204;427;777,2.1054315497939286E-5
3,125;317;833,-2.104915758827087E-5
3,37;649;984,2.1045988058034447E-5
3,594;756;903,-2.1040098146073064E-5
3,114;340;572,2.103580390773482E-5
3,98;458;738,2.103501375442682E-5
3,598;883;948,2.102857798412041E-5
3,387;915;917,2.102178515326575E-5
3,258;540;606,-2.1017215669756406E-5
3,222;676;934,-2.1008288460973877E-5
3,122;393;477,-2.100735163899686E-5
3,461;697;808,2.1000581000512395E-5
3,129;483;989,-2.0996572535426495E-5
3,476;581;585,-2.097583361524896E-5
3,227;540;606,2.097091323494072E-5
3,26;32;660,-2.095920643210358E-5
3,14;35;518,2.0958913563836713E-5
3,228;241;777,-2.0951217467902853E-5
3,648;659;755,2.0937182020466556E-5
3,106;492;681,2.091401666983962E-5
3,227;362;494,-2.0910837325054526E-5
3,366;585;622,-2.0909230055892924E-5
3,46;239;331,-2.085232790340414E-5
3,97;497;621,2.0846924932256538E-5
3,106;168;220,2.084076056235565E-5
3,564;767;900,-2.0834769629789086E-5
3,97;423;643,2.0826747124414324E-5
3,624;729;955,2.0819426392785587E-5
3,19;578;996,-2.0811741513447705E-5
3,2;349;921,2.0805318715134913E-5
3,528;950;996,-2.0787526140786303E-5
3,201;215;986,-2.0777464289992857E-5
3,18;304;965,-2.0768103513856454E-5
3,290;324;917,2.0757414356658697E-5
3,359;543;900,-2.075585013658132E-5
3,99;140;423,-2.074880680784015E-5
3,207;519;951,2.073738700316794E-5
3,92;892;975,2.0732393552875246E-5
3,323;339;989,2.0726335252671576E-5
3,624;757;826,-2.0721652371929596E-5
3,355;407;936,-2.0721354982667542E-5
3,109;776;959,-2.0720555322786987E-5
3,40;196;664,-2.071603715998101E-5
3,11;592;967,-2.070477736215262E-5
3,129;371;980,-2.0690755588589103E-5
3,576;703;968,-2.068396095286357E-5
3,238;655;924,-2.068083215525931E-5
3,215;941;986,2.0671949632143875E-5
3,216;414;503,2.067018837414328E-5
3,110;190;324,2.0644341247695074E-5
3,337;400;516,2.0642898429464623E-5
3,525;630;697,2.0624436847138088E-5
3,248;429;816,-2.062173596830163E-5
3,218;405;928,2.0616234396580132E-5
3,742;748;849,-2.060707210119886E-5
3,522;626;673,-2.0591700491588732E-5
3,222;387;414,-2.0587892747550982E-5
3,613;647;688,2.05825865206327E-5
3,432;910;938,2.0579357957359653E-5
3,375;420;766,2.0578945245511365E-5
3,29;75;199,-2.0564153958542453E-5
3,156;357;916,2.0551325457894318E-5
3,208;776;952,-2.054728107634329E-5
3,640;807;878,2.054456117842024E-5
3,239;331;456,2.0538189698365268E-5
3,879;919;969,2.0536265735723852E-5
3,198;553;795,-2.052980637712823E-5
3,45;343;956,-2.052232713464357E-5
3,589;813;821,2.0506255021703428E-5
3,104;440;716,-2.0500981521249904E-5
3,332;503;619,-2.0488884469650925E-5
3,605;761;786,-2.04867857925421E-5
3,184;369;465,2.046528971382074E-5
3,5;740;971,-2.046463291316051E-5
3,14;377;387,2.0461316055792766E-5
3,200;497;772,2.0451034882361486E-5
3,523;855;902,2.0439946139569976E-5
3,124;302;828,2.042508286896333E-5
3,506;649;709,2.041393587032606E-5
3,495;650;991,-2.0404094097925754E-5
3,462;612;831,2.0400870271164724E-5
3,337;538;782,-2.0377379775585703E-5
3,358;407;781,-2.03759133078101E-5
3,202;408;789,-2.037351687102746E-5
3,409;484;882,-2.037310233245622E-5
3,512;650;891,-2.037143289439225E-5
3,117;471;818,2.0363351771003505E-5
3,111;266;468,-2.03608154150288E-5
3,134;212;897,-2.0359150951594587E-5
3,123;830;887,-2.035017710425628E-5
3,187;317;864,-2.0343725048797898E-5
3,242;571;670,2.033242267248076E-5
3,16;231;554,-2.03214135594558E-5
3,329;353;496,2.0293453432525228E-5
3,560;781;957,2.029196764112544E-5
3,277;357;674,-2.0282887039387083E-5
3,11;745;920,2.02725598650751E-5
3,5;245;978,2.0255704057489706E-5
3,195;672;883,2.0244386985805503E-5
3,50;862;909,-2.0239608280517807E-5
3,550;612;881,2.022690424805423E-5
3,99;234;568,2.0219910555527765E-5
3,238;737;762,-2.021326840935834E-5
3,11;241;757,-2.0199826705616216E-5
3,389;601;641,2.019310334480085E-5
3,108;455;528,-2.0189479357192184E-5
3,511;580;862,2.0174950891839705E-5
3,5;227;995,-2.0161824141774308E-5
3,87;558;899,-2.0160761117435296E-5
3,305;756;903,2.015152332238527E-5
3,172;239;476,2.015136958376256E-5
3,329;705;742,2.0150068466864917E-5
3,62;673;961,-2.014626211878932E-5
3,322;596;828,2.0145903488236026E-5
3,162;478;598,-2.013601743602658E-5
3,99;140;547,-2.012095673798007E-5
3,284;334;583,2.010289173523001E-5
3,169;398;978,2.010148938336135E-5
3,75;462;569,-2.0084990845497393E-5
3,96;846;962,2.0084175171209856E-5
3,34;60;222,2.0069051406429403E-5
3,304;462;850,-2.0056703785561156E-5
3,823;853;900,-2.0053341599067625E-5
3,227;494;751,2.005280914954782E-5
3,729;931;955,-2.003147523416397E-5
3,496;675;792,-2.0030687517489106E-5
3,395;464;934,2.000626545965083E-5
3,109;700;833,1.9998257074532906E-5
3,130;534;984,-1.9997956279753634E-5
3,143;643;667,1.9990623118700457E-5
3,106;483;601,-1.9972959508097397E-5
3,360;829;871,-1.9957988121698717E-5
3,88;784;823,-1.9951393135304834E-5
3,599;698;920,1.995024653791785E-5
3,99;156;450,1.9933120912088004E-5
3,179;498;791,-1.991486398730007E-5
3,276;313;688,1.9908581593304552E-5
3,479;484;992,-1.9907260902523365E-5
3,614;759;984,1.990719757219442E-5
3,640;882;962,1.9899592527091818E-5
3,38;256;366,-1.989042075140723E-5
3,160;377;852,-1.9886655311674627E-5
3,218;437;719,1.9880533130070875E-5
3,572;634;949,1.987973702625704E-5
3,367;391;522,-1.9861082466433393E-5
3,241;362;725,-1.9836591611533564E-5
3,307;426;826,-1.982108180827758E-5
3,69;396;849,1.9799750809631733E-5
3,220;326;368,-1.9791894114725415E-5
3,92;477;551,1.9789329117859024E-5
3,99;156;504,1.97821477483809E-5
3,456;672;922,1.9780669950963795E-5
3,0;763;960,1.9773631594521754E-5
3,567;669;783,-1.9770189294560318E-5
3,278;315;565,-1.9768392750734622E-5
3,437;528;719,-1.976432474333287E-5
3,39;603;676,1.9762300195881836E-5
3,599;666;997,-1.9749771149508812E-5
3,274;828;905,-1.9746278264070566E-5
3,168;673;898,1.974289935943412E-5
3,4;222;676,1.9740726023692525E-5
3,193;715;794,1.9739699213378588E-5
3,108;412;484,1.9737213091659997E-5
3,137;297;425,-1.9736046753151916E-5
3,35;208;451,1.9711448634630258E-5
3,68;217;359,-1.9704790114216275E-5
3,74;599;973,-1.970471719793265E-5
3,440;720;846,-1.970010858240867E-5
3,586;724;971,1.969432485603769E-5
3,286;335;689,1.9685573175094202E-5
3,649;833;866,1.968404336015797E-5
3,393;827;981,-1.9680600606389656E-5
3,72;557;640,-1.9676939716600158E-5
3,343;451;801,1.9674841718468032E-5
3,86;212;396,-1.9674617215336598E-5
3,60;534;807,-1.967343643544653E-5
3,287;877;897,1.9668365486303178E-5
3,653;673;913,1.9663828643977977E-5
3,106;492;939,-1.9652620866229154E-5
3,196;209;275,-1.9632604170668035E-5
3,428;656;984,-1.9629101665583058E-5
3,140;416;666,1.9628973415427466E-5
3,81;363;735,-1.9621358351163844E-5
3,304;582;883,-1.9620204900548384E-5
3,518;607;771,-1.9612479987983263E-5
3,31;255;894,1.960137027153413E-5
3,204;726;794,-1.9600837426182715E-5
3,234;359;996,-1.959215064217776E-5
3,191;698;920,1.9587863664840136E-5
3,198;423;693,1.9568954743144566E-5
3,65;139;405,-1.9565526321395385E-5
3,303;584;658,1.9563753538822647E-5
3,194;436;953,-1.9543691005301782E-5
3,123;148;705,1.953075524613836E-5
3,162;168;478,-1.9522348888776753E-5
3,207;486;697,-1.9521706327360426E-5
3,137;297;773,-1.951769666377475E-5
3,343;506;983,1.9510931645104153E-5
3,578;630;790,-1.950721099775484E-5
3,819;931;955,1.9507193976297093E-5
3,334;344;517,-1.950644927262627E-5
3,1;199;674,-1.9499424663152907E-5
3,116;851;995,-1.948676116003248E-5
3,380;540;968,1.9485011466295094E-5
3,645;824;876,-1.9482807777164068E-5
3,65;466;519,1.9454634361209433E-5
3,198;711;759,-1.944861356152965E-5
3,62;775;972,1.9447956186565465E-5
3,566;718;874,-1.9388120584599324E-5
3,26;745;766,1.9378096617991016E-5
3,30;689;863,-1.9371510899477476E-5
3,255;438;815,1.9357014248702385E-5
3,99;546;726,1.935359563675441E-5
3,562;716;803,1.935323186423324E-5
3,180;657;786,1.9310442435235356E-5
3,112;721;930,1.9309449197112176E-5
3,415;491;750,-1.9309268953404755E-5
3,390;502;978,-1.9306827813331414E-5
3,651;654;958,1.9303965255880533E-5
3,238;723;840,-1.929625674975642E-5
3,340;387;653,1.9278632012521474E-5
3,122;691;942,1.926440514805502E-5
3,84;758;812,-1.926431689621184E-5
3,249;376;395,1.9264135123082933E-5
3,653;673;810,-1.9253220063080196E-5
3,1;700;912,-1.9230720049780235E-5
3,242;502;701,-1.922984733782608E-5
3,315;785;944,-1.92162296552139E-5
3,27;333;466,1.9215246990012605E-5
3,668;826;932,-1.9199441754022848E-5
3,193;761;951,1.9188700184524838E-5
3,213;610;921,1.9174119840204735E-5
3,232;288;332,1.9163136726797218E-5
3,167;358;749,-1.916249114342439E-5
3,128;529;667,1.9156694763782486E-5
3,275;721;883,-1.9152669551479837E-5
3,156;371;943,1.914637837871554E-5
3,275;431;471,-1.914307083343487E-5
3,544;770;775,-1.9121497185990036E-5
3,154;230;316,-1.9097939533629363E-5
3,327;757;971,1.909322578308316E-5
3,463;517;677,1.9092423130434827E-5
3,276;766;874,1.908910816864108E-5
3,177;403;819,1.9081305818739692E-5
3,50;148;909,1.9078388680626112E-5
3,114;501;572,-1.9076644089294766E-5
3,50;228;726,1.9069050202970822E-5
3,92;450;489,-1.906352359422969E-5
3,186;685;787,-1.905916803150667E-5
3,107;287;877,1.9054410251410657E-5
3,234;551;568,-1.904747520551244E-5
3,114;408;672,1.902528460560111E-5
3,79;207;857,-1.9006213585363006E-5
3,238;451;820,-1.9004366263489223E-5
3,142;210;893,1.9003025225143965E-5
3,288;572;633,1.89941722023122E-5
3,334;344;954,1.8992354557569567E-5
3,10;458;733,1.898843200362027E-5
3,178;192;548,-1.8981416750428417E-5
3,11;261;813,-1.8977303324779615E-5
3,97;423;622,1.8976562251637808E-5
3,625;902;994,-1.8974633315603795E-5
3,415;609;920,1.8971405058997945E-5
3,362;761;786,-1.8970011800016838E-5
3,645;689;876,1.8959709518418125E-5
3,234;294;359,1.8948406115801763E-5
3,124;389;480,1.8940754269839995E-5
3,33;308;834,1.8912730202598458E-5
3,318;551;610,1.8910891311208674E-5
3,81;735;896,1.8908525631055533E-5
3,229;299;442,-1.8887489519913307E-5
3,96;552;707,-1.8881780074182544E-5
3,163;219;512,1.887604815624372E-5
3,186;440;752,-1.8875395263691533E-5
3,107;287;897,-1.887038600714329E-5
3,92;281;764,-1.884816756723995E-5
3,205;231;915,-1.8847703265280952E-5
3,42;86;481,1.88429553887113E-5
3,886;915;917,-1.8836508216430705E-5
3,158;595;875,-1.8835863244420663E-5
3,93;308;372,1.88120960779144E-5
3,464;647;919,-1.8793014479042617E-5
3,182;221;967,1.878024123324335E-5
3,265;388;469,1.8762561008969038E-5
3,524;555;764,-1.876236040329707E-5
3,265;330;388,1.876173508705571E-5
3,421;830;884,-1.8748908159432642E-5
3,5;245;732,-1.8718246118591486E-5
3,14;69;821,-1.871298956513342E-5
3,185;698;937,1.8710517903829894E-5
3,337;537;911,-1.870868222679554E-5
3,102;457;679,1.8704017313291804E-5
3,360;903;911,-1.8701068234851562E-5
3,227;896;949,-1.8698119431630936E-5
3,407;456;723,1.8691703693590155E-5
3,222;387;783,1.8686585604106467E-5
3,122;572;587,1.868068670912298E-5
3,130;781;965,1.8676901791720673E-5
3,41;483;989,1.865487495654202E-5
3,269;847;928,-1.8637751852970607E-5
3,449;945;994,-1.8636735324046325E-5
3,369;657;739,1.8626124090188172E-5
3,80;724;779,-1.8623623250171325E-5
3,12;555;872,1.8605772288704665E-5
3,92;302;892,1.8604927399422543E-5
3,244;250;733,-1.8562447543742947E-5
3,336;440;459,-1.855855851681134E-5
3,267;451;512,-1.8554238184469857E-5
3,338;553;691,1.8552969182860883E-5
3,299;657;786,1.8549170858935342E-5
3,337;585;911,1.854772839573752E-5
3,240;765;990,1.8546951694700248E-5
3,103;347;900,1.854512429785889E-5
3,181;342;684,-1.853009756912931E-5
3,648;690;696,-1.8529264959009304E-5
3,735;792;952,1.8528113779098403E-5
3,287;303;838,-1.8527124302013338E-5
3,246;673;906,1.851195338712467E-5
3,119;238;723,1.850227573820108E-5
3,200;621;772,-1.8492886986598585E-5
3,317;616;775,-1.8490161839388293E-5
3,195;408;807,-1.8477242804381177E-5
3,18;394;984,1.8475691005427257E-5
3,332;582;952,-1.847447783815151E-5
3,230;581;585,1.8463911893842954E-5
3,105;706;885,1.84634318121274E-5
3,202;401;789,1.8460505221834416E-5
3,146;810;913,-1.8449929749173114E-5
3,37;486;508,-1.8434866408385455E-5
3,65;187;750,1.8434286987086185E-5
3,130;659;702,-1.8432927506288955E-5
3,92;114;531,-1.843098642804813E-5
3,467;474;996,1.8423520783535738E-5
3,276;788;818,-1.841677557702439E-5
3,327;374;880,-1.841555998517092E-5
3,319;758;761,-1.840914802075714E-5
3,97;200;621,1.8394951934657325E-5
3,307;799;826,1.838320574944569E-5
3,273;589;821,1.8378697868431513E-5
3,258;568;753,1.8372325026192643E-5
3,25;642;696,1.8366960567510787E-5
3,26;343;656,1.8363725534972078E-5
3,343;801;867,1.8361570674281006E-5
3,231;554;801,1.8358900804850772E-5
3,270;627;845,-1.835591671708526E-5
3,28;591;981,1.834565687778314E-5
3,50;107;960,-1.834305361521434E-5
3,156;357;425,1.8327995943340462E-5
3,129;830;933,-1.8298358829869162E-5
3,280;505;792,-1.8283656582781326E-5
3,83;96;288,1.8283351387432085E-5
3,12;519;715,-1.827024090214794E-5
3,68;94;903,1.826770454705134E-5
3,26;47;664,-1.8256820868204196E-5
3,280;805;856,1.8254075140131413E-5
3,380;710;724,1.825004321067754E-5
3,557;565;640,-1.8245551636193426E-5
3,422;636;888,1.824523061037723E-5
3,84;125;731,1.822557983083995E-5
3,391;529;755,-1.8214580397394332E-5
3,124;597;953,-1.821232540072324E-5
3,87;526;808,1.8207245581833068E-5
3,630;872;929,-1.8204721955087266E-5
3,141;715;887,1.8195024112515842E-5
3,294;359;946,1.818970682670108E-5
3,133;208;891,1.8185280691853905E-5
3,206;720;960,-1.817143025113609E-5
3,331;851;954,-1.8170737644309106E-5
3,393;605;697,-1.8167160179722107E-5
3,779;822;938,-1.8159172299580507E-5
3,76;533;761,-1.815597278668234E-5
3,72;85;959,1.8144722744491765E-5
3,147;818;933,-1.813448265121626E-5
3,315;789;826,-1.8125187792964894E-5
3,328;712;713,1.8114757915774794E-5
3,86;164;396,1.81126682808E-5
3,79;627;983,-1.8112227716212845E-5
3,53;73;945,-1.8111031643849765E-5
3,11;248;967,-1.8109629899948443E-5
3,90;149;499,1.810907501853122E-5
3,174;558;837,-1.8104539612981467E-5
3,219;577;976,1.8100911875583838E-5
3,462;814;831,1.809906651029582E-5
3,184;408;675,1.8097045187673867E-5
3,178;639;965,1.8090386016277792E-5
3,316;786;930,1.8083083785162523E-5
3,728;759;984,-1.8067487472671002E-5
3,153;236;657,1.8055078125745347E-5
3,109;745;833,-1.8041181276188005E-5
3,88;276;823,1.8037776052838044E-5
3,363;531;557,-1.803104634430453E-5
3,222;593;735,-1.8011925446180566E-5
3,23;149;917,-1.8003488038786118E-5
3,439;602;623,-1.799594417845199E-5
3,77;732;748,-1.7988080605414356E-5
3,645;895;979,1.7986681348555023E-5
3,198;768;842,-1.7986494924323963E-5
3,292;602;798,1.797963958415022E-5
3,551;563;675,-1.79778232703737E-5
3,522;599;690,-1.7974318407721736E-5
3,204;499;964,1.797136531127928E-5
3,486;497;662,-1.7970472166049554E-5
3,393;574;901,1.795887652570578E-5
3,192;277;818,1.7949802471234462E-5
3,20;60;375,1.7947457558616612E-5
3,2;338;548,1.793742297385587E-5
3,96;372;383,-1.7934208624607903E-5
3,296;510;889,1.7927254365872112E-5
3,772;904;906,-1.7924898239161267E-5
3,227;677;726,1.7918011824470406E-5
3,264;286;562,-1.7916282325689756E-5
3,367;376;532,1.7913240925614504E-5
3,127;435;716,-1.7909472670954627E-5
3,364;441;632,1.7906093369048388E-5
3,193;281;797,1.7904142896546084E-5
3,246;332;833,-1.789573575599457E-5
3,141;173;520,1.789291390574166E-5
3,364;807;842,1.7888487666394085E-5
3,463;544;805,1.788655227668894E-5
3,572;698;824,-1.786792992241186E-5
3,122;280;779,1.78623361025247E-5
3,82;222;897,-1.785766838777401E-5
3,424;523;861,-1.7857486985171727E-5
3,435;465;716,-1.7849061822053293E-5
3,55;488;950,1.7847962364934847E-5
3,550;589;912,1.7839985121316085E-5
3,143;643;962,1.7839585753584176E-5
3,14;153;518,1.783811246497759E-5
3,442;486;489,1.7834127357184476E-5
3,227;677;831,1.783380549387142E-5
3,119;840;857,-1.7833532849448406E-5
3,171;197;499,-1.7828798510473224E-5
3,204;626;971,-1.7826299108454596E-5
3,80;266;531,1.782266825564819E-5
3,197;283;811,1.782008337913787E-5
3,562;583;866,-1.7818690119926986E-5
3,436;563;953,-1.7817684771417977E-5
3,132;163;308,-1.7814031521772618E-5
3,432;569;627,1.78103982779226E-5
3,13;362;444,-1.7787594137824206E-5
3,408;549;966,-1.7784090071927633E-5
3,571;700;912,-1.7782394948049003E-5
3,128;434;597,-1.777863558875685E-5
3,267;343;867,-1.7771193517960916E-5
3,68;140;359,1.7761790203428948E-5
3,233;438;860,1.7757292948868112E-5
3,214;232;483,1.7730867989338087E-5
3,103;126;917,-1.7730794293331867E-5
3,379;566;958,-1.77207554845758E-5
3,115;762;834,1.772003162536249E-5
3,406;640;744,1.771842568134033E-5
3,28;96;552,-1.771781476441611E-5
3,325;549;822,1.7710498087214453E-5
3,126;694;740,-1.7706506951347024E-5
3,493;779;805,-1.7702494469711457E-5
3,12;302;573,1.769717466263122E-5
3,507;578;965,-1.7696734988395346E-5
3,33;212;363,-1.7684227897497564E-5
3,53;630;790,1.7682349639571986E-5
3,283;858;889,1.767008828862746E-5
3,334;527;685,-1.7649243919366337E-5
3,367;522;859,-1.7647559563282797E-5
3,251;321;695,1.7646965430734695E-5
3,41;95;106,-1.764276358373194E-5
3,56;541;637,-1.7640362849599522E-5
3,550;562;612,-1.763759504481993E-5
3,168;220;401,-1.7637205662384662E-5
3,716;738;803,1.7636601165525663E-5
3,448;781;821,-1.763267060332243E-5
3,346;856;880,-1.7630819815625466E-5
3,32;394;856,1.762651395769533E-5
3,198;689;795,1.762507654370445E-5
3,347;872;929,1.7610048812700348E-5
3,180;299;700,1.760789237461013E-5
3,131;468;878,-1.7604447733006607E-5
3,83;821;978,-1.760342733657216E-5
3,475;686;780,-1.7603371572903692E-5
3,15;474;635,1.7582426233503687E-5
3,209;503;898,-1.755758778869156E-5
3,125;616;775,1.7554884512711977E-5
3,169;459;632,-1.75528988443983E-5
3,29;97;725,-1.7548911714736146E-5
3,296;448;613,1.754849238682722E-5
3,114;157;501,1.7545644114468267E-5
3,277;334;837,1.7526865259998228E-5
3,301;387;799,1.752088406498632E-5
3,31;373;894,-1.7514266485384658E-5
3,292;766;804,1.7510764486817377E-5
3,347;630;929,-1.7500697810577295E-5
3,22;275;485,1.749463408091523E-5
3,147;765;990,1.7491404618903777E-5
3,710;873;897,1.7485053641781727E-5
3,803;809;876,-1.7477445719445485E-5
3,363;636;937,-1.747514553559562E-5
3,381;575;667,1.747339738583817E-5
3,335;756;966,-1.74670887549856E-5
3,11;381;977,1.7460640131327992E-5
3,228;596;996,1.7458856973669126E-5
3,318;689;876,1.745744129349407E-5
3,76;133;619,1.7450593090299153E-5
3,201;293;939,-1.7444402390808995E-5
3,28;96;707,1.742340715543999E-5
3,211;246;845,1.7412257710215017E-5
3,153;337;404,1.738012521728815E-5
3,361;426;980,1.7365724128657807E-5
3,31;285;373,1.7362017741009326E-5
3,437;682;952,1.7355801442581312E-5
3,105;409;885,-1.7353104817476714E-5
3,106;168;518,1.7351906402421096E-5
3,10;299;458,1.7345076501126293E-5
3,4;109;739,1.7338321898584925E-5
3,60;792;977,-1.733428097524756E-5
3,169;459;943,1.732595996032777E-5
3,186;258;616,1.7320897711520954E-5
3,201;215;941,1.73208884432385E-5
3,448;821;902,-1.730267092604383E-5
3,79;362;444,1.729713767107467E-5
3,281;510;726,-1.729615414199241E-5
3,169;398;526,1.7290622103678002E-5
3,116;269;631,1.728082224199579E-5
3,339;868;889,1.727810750743308E-5
3,715;745;965,-1.7273715848736488E-5
3,64;586;859,-1.7262983154163643E-5
3,227;415;719,1.7259943060555823E-5
3,282;774;932,-1.725661585926229E-5
3,327;546;873,-1.724819367207996E-5
3,301;364;434,-1.7240023073100777E-5
3,224;228;777,-1.7226918793142558E-5
3,63;193;797,-1.7206804374425294E-5
3,27;414;959,1.719569376313589E-5
3,45;222;229,1.719047345565517E-5
3,54;515;627,1.7187474283381374E-5
3,474;822;911,-1.7182497706600477E-5
3,94;783;935,1.7180726682229898E-5
3,156;327;949,-1.717216502705886E-5
3,525;634;771,-1.716757811184531E-5
3,296;378;606,-1.7166777965731693E-5
3,280;839;984,-1.7150661535708185E-5
3,562;716;738,-1.714618518950736E-5
3,233;344;537,-1.712353888392041E-5
3,121;299;872,1.7120062328273817E-5
3,304;314;811,1.7104854674773595E-5
3,69;420;771,-1.7101484300718745E-5
3,229;288;841,-1.709872674470155E-5
3,98;581;928,-1.7087123943181863E-5
3,331;452;625,-1.7077971160357735E-5
3,99;551;568,-1.7074032691005484E-5
3,127;322;920,1.7044303843828124E-5
3,346;657;986,-1.7041370303128562E-5
3,548;575;637,1.7033159721560767E-5
3,56;118;499,1.7025268271141945E-5
3,198;199;887,-1.701975538545969E-5
3,317;616;833,1.7018205023367406E-5
3,281;690;864,1.701242286251246E-5
3,190;616;862,1.7000977239745946E-5
3,209;577;832,-1.6987607295909963E-5
3,298;367;892,1.69828500802926E-5
3,168;464;639,1.6967902539649918E-5
3,92;516;680,-1.6966490978668166E-5
3,178;221;888,1.6965752846576337E-5
3,53;288;945,1.6951259533733257E-5
3,355;461;865,1.694560884799218E-5
3,219;468;847,1.6944622206982744E-5
3,29;153;286,-1.694252574076072E-5
3,221;538;967,1.693030106084261E-5
3,90;442;881,1.6925148088658955E-5
3,130;560;965,-1.691185226559101E-5
3,301;314;860,1.69034798744668E-5
3,75;549;978,-1.6902313377022067E-5
3,165;246;906,-1.6901645339208395E-5
3,79;116;207,-1.6885369221465866E-5
3,129;226;933,1.687770945691923E-5
3,186;476;515,1.6870040778574978E-5
3,48;76;913,-1.6866910712468923E-5
3,152;561;663,-1.686569432879431E-5
3,268;806;955,1.6859756027483434E-5
3,422;831;832,-1.6854379419574076E-5
3,21;353;364,-1.6835123123396858E-5
3,123;133;600,-1.683301066815901E-5
3,230;361;891,-1.683104483961146E-5
3,304;581;639,-1.682905622420573E-5
3,14;214;616,-1.6822339115772758E-5
3,194;254;534,-1.679383564773529E-5
3,158;355;374,-1.678585787246621E-5
3,421;760;968,-1.678446461200381E-5
3,584;635;658,-1.6780099167405416E-5
3,218;285;717,-1.677843465094446E-5
3,80;587;820,1.677551063117483E-5
3,134;378;606,-1.677117027632124E-5
3,337;505;637,-1.675834944133765E-5
3,341;567;750,-1.6753669784288105E-5
3,485;722;808,1.6748237268604957E-5
3,242;528;615,1.6743638270325274E-5
3,170;640;882,-1.674322784120824E-5
3,352;447;983,-1.6741727378422997E-5
3,932;985;998,1.6740775551707625E-5
3,56;363;801,1.673464586246911E-5
3,154;632;967,-1.6731414497920385E-5
3,587;737;881,1.6682582437329713E-5
3,14;510;855,-1.668190580772165E-5
3,18;87;833,1.6678283037588394E-5
3,304;446;735,1.6676462539794834E-5
3,280;546;847,-1.6672299073913718E-5
3,2;61;548,1.6662523002314163E-5
3,119;290;611,-1.6661844625465836E-5
3,183;543;793,-1.6657994603909127E-5
3,177;412;495,1.6657091923621875E-5
3,542;740;783,1.665146915929842E-5
3,50;148;206,-1.664441215213805E-5
3,19;703;996,1.6641137748201163E-5
3,286;876;945,-1.6634990889286056E-5
3,258;568;688,-1.6628165612407706E-5
3,468;738;848,1.661618947420679E-5
3,307;426;900,-1.6612138729199487E-5
3,34;70;192,1.660865146446756E-5
3,150;628;710,-1.66046164242662E-5
3,71;745;965,1.6597596966672198E-5
3,57;342;355,-1.6582600062170375E-5
3,154;325;366,-1.6579041504516934E-5
3,82;789;798,-1.657772991955686E-5
3,232;513;647,-1.6575161288435634E-5
3,575;675;917,1.656170404460778E-5
3,652;851;919,-1.6546324017576472E-5
3,89;152;767,-1.6544277058627508E-5
3,81;358;639,-1.653114739746409E-5
3,153;699;873,-1.6528683853085896E-5
3,782;829;926,-1.6511805513850197E-5
3,19;291;767,-1.6503897688280028E-5
3,7;19;514,-1.6495061518258956E-5
3,98;576;914,-1.6479914169979864E-5
3,69;233;849,1.6472844100237685E-5
3,77;251;351,1.6465042999388503E-5
3,166;441;860,1.644531309045981E-5
3,5;64;575,-1.644236863744337E-5
3,613;838;878,1.6434248138009467E-5
3,195;376;381,-1.642158704849045E-5
3,126;773;851,1.639603718506678E-5
3,344;596;743,1.6395491750188985E-5
3,228;287;996,-1.6395225567422103E-5
3,790;866;982,1.6392689381073075E-5
3,523;769;916,1.6388000144154043E-5
3,77;351;447,-1.638688247090441E-5
3,377;383;784,-1.6383409330054585E-5
3,179;421;869,-1.6374404351963638E-5
3,17;490;569,1.637272340249086E-5
3,160;376;380,-1.6340666150686746E-5
3,188;285;449,-1.63388615105219E-5
3,42;475;913,1.63346187890692E-5
3,11;119;687,1.6331400482182437E-5
3,183;701;994,1.6328125596874826E-5
3,486;489;630,-1.632050161425483E-5
3,713;818;989,-1.631563980644287E-5
3,322;401;711,-1.6312401864574626E-5
3,103;151;347,1.6307968390380768E-5
3,483;546;989,1.629935791364688E-5
3,459;708;943,-1.6298579051425877E-5
3,143;671;962,-1.6272359726533317E-5
3,219;616;909,-1.6271713074753318E-5
3,715;747;794,1.6266601658125922E-5
3,458;733;793,-1.6261562464376225E-5
3,71;181;648,1.6257846471668177E-5
3,220;500;568,-1.625104728725433E-5
3,101;766;804,1.6231829839140303E-5
3,225;574;980,1.620778605060565E-5
3,285;551;579,-1.6185167909588795E-5
3,373;619;745,-1.6182307382465843E-5
3,95;305;777,1.617188287349262E-5
3,75;124;469,1.617017351405282E-5
3,118;910;931,-1.616455592651155E-5
3,196;381;685,1.616435111653794E-5
3,153;404;641,1.615649796318298E-5
3,92;489;509,1.614527432982019E-5
3,165;246;683,-1.6143204463831917E-5
3,368;529;892,-1.614227684025022E-5
3,72;414;959,1.613369543299611E-5
3,211;384;852,1.6126953630850977E-5
3,494;823;900,-1.611421194289685E-5
3,214;232;835,1.6114119319399557E-5
3,92;471;974,1.610175779005116E-5
3,0;344;537,1.6087904262797308E-5
3,386;436;983,1.6080179761500317E-5
3,131;408;981,-1.6072515440481507E-5
3,227;258;606,-1.6061263961271295E-5
3,41;557;765,-1.6057693596618662E-5
3,80;677;877,1.6052501006015013E-5
3,320;565;902,1.6052387199816197E-5
3,76;133;934,1.604454677918611E-5
3,328;713;737,-1.604038296171094E-5
3,129;147;226,-1.6034901523403085E-5
3,647;730;804,1.6028549326202073E-5
3,11;490;757,-1.6024644468760386E-5
3,579;787;872,1.6014017439694772E-5
3,339;442;710,1.6013038048853304E-5
3,476;529;667,1.601113057354503E-5
3,199;313;887,-1.6009814060882406E-5
3,158;317;866,-1.6001387395805774E-5
3,35;564;773,-1.5990414009048416E-5
3,42;136;212,-1.5966812253453244E-5
3,655;822;938,1.5961148330929498E-5
3,67;436;891,-1.5958492491254018E-5
3,230;241;316,1.595743645491176E-5
3,98;458;461,-1.5937415799237563E-5
3,815;870;889,1.593503985559125E-5
3,411;526;881,1.5930769964621248E-5
3,133;340;610,1.5920688007214744E-5
3,63;281;797,1.59173334259649E-5
3,97;725;768,-1.591150812565293E-5
3,166;485;965,1.5908363892578245E-5
3,49;54;556,1.590598356766793E-5
3,2;93;773,-1.5901789687919076E-5
3,382;794;980,-1.5894454749659336E-5
3,204;499;933,-1.588940348515744E-5
3,467;528;996,1.58891661254517E-5
3,242;712;990,1.588583467736088E-5
3,11;910;988,-1.5875389071253967E-5
3,114;211;852,-1.5871785001685736E-5
3,214;483;518,1.5866977095703365E-5
3,193;249;950,-1.5862009007166342E-5
3,306;577;921,-1.5860324950743702E-5
3,66;187;577,-1.583937204455398E-5
3,22;122;749,-1.5838536599494944E-5
3,344;499;770,1.583370016789656E-5
3,359;543;592,1.582862460623424E-5
3,545;739;992,1.5812246085001582E-5
3,216;414;461,-1.5788922807966054E-5
3,191;599;698,-1.5788861156212954E-5
3,80;779;978,-1.5786047909003602E-5
3,93;563;675,-1.5778739675621626E-5
3,142;352;983,1.575974914209647E-5
3,229;299;339,1.5754008202236405E-5
3,92;680;996,1.5740464107562238E-5
3,244;328;569,1.573902875828278E-5
3,322;711;889,-1.5735978723745126E-5
3,133;463;517,1.573201361458299E-5
3,277;471;818,1.572925436558941E-5
3,155;445;632,-1.572553925362273E-5
3,334;527;634,1.572364589363712E-5
3,284;678;932,1.5718926361303964E-5
3,369;828;905,-1.5718480196857203E-5
3,325;822;978,1.5707944389557516E-5
3,83;950;978,1.5697433185812595E-5
3,774;818;861,-1.5697255085521667E-5
3,60;337;538,1.5695242946650364E-5
3,287;650;991,-1.569126965949371E-5
3,389;601;967,-1.5686128921645876E-5
3,141;594;917,-1.5663077613205876E-5
3,159;529;892,1.5662875432336157E-5
3,261;277;853,-1.5652362458649566E-5
3,189;741;892,-1.563700362364246E-5
3,370;754;945,1.561047673971983E-5
3,88;322;487,1.5579726574811798E-5
3,211;652;805,-1.5570733341528587E-5
3,281;740;964,1.5570047125736085E-5
3,277;358;639,-1.5566433562787366E-5
3,149;769;896,1.556367549061388E-5
3,367;624;826,1.5557889522253145E-5
3,99;206;350,1.5556499904518864E-5
3,314;811;872,-1.5555292289758985E-5
3,282;481;483,-1.555468412122732E-5
3,438;608;923,1.553689094741342E-5
3,243;807;809,1.5534866072479213E-5
3,202;228;996,1.5520204937023454E-5
3,431;680;920,-1.550250598628831E-5
3,289;500;725,-1.5477307709948845E-5
3,46;673;928,-1.5473313691193476E-5
3,96;655;883,1.547228116237755E-5
3,169;273;979,1.546975680994322E-5
3,301;574;812,1.5466361802065718E-5
3,75;124;597,1.545592758553286E-5
3,24;632;640,1.5454488080231025E-5
3,727;733;858,1.5452507973755894E-5
3,326;780;910,-1.5447932023297196E-5
3,170;293;733,1.544765975190382E-5
3,649;715;866,1.5435657702503063E-5
3,198;693;921,1.542365444661751E-5
3,296;485;717,1.5413411833514773E-5
3,756;775;896,1.541205026363669E-5
3,375;564;773,1.5408586451159897E-5
3,394;584;689,-1.5401685116176255E-5
3,110;446;630,-1.539895657817955E-5
3,186;367;441,-1.5391531751350182E-5
3,569;741;892,-1.5375446469025885E-5
3,120;484;769,1.535251732276332E-5
3,33;500;725,-1.5350991906281795E-5
3,69;634;824,1.534824244159775E-5
3,57;342;352,1.534700207636274E-5
3,154;393;935,-1.5340165300159776E-5
3,11;123;594,1.5339679140219563E-5
3,412;596;725,-1.5338815070669708E-5
3,485;722;871,1.5334247995021243E-5
3,14;616;855,1.5331657558902523E-5
3,86;120;315,-1.5327250957168658E-5
3,364;397;936,1.530790410949918E-5
3,20;375;681,1.530534863796554E-5
3,124;302;513,-1.5285088201618745E-5
3,642;803;906,1.5281990205010762E-5
3,20;375;961,-1.5279039220221282E-5
3,98;461;739,1.5270038733173605E-5
3,186;616;699,-1.5261474236719852E-5
3,169;197;526,1.5260881333932378E-5
3,84;803;809,-1.5255902076042528E-5
3,479;484;889,-1.5255373699939817E-5
3,720;821;950,-1.5250858572153136E-5
3,23;589;690,1.5250161194129049E-5
3,277;379;512,-1.5246201225381697E-5
3,87;248;535,1.5240877639812072E-5
3,111;631;793,1.5240627116390828E-5
3,163;220;649,1.5234544803509508E-5
3,53;301;324,1.52329677338067E-5
3,234;294;996,-1.52298354632724E-5
3,170;482;936,1.5217979304356707E-5
3,284;834;940,1.520978013879018E-5
3,331;456;887,-1.5200026762884081E-5
3,118;524;637,1.5191222739326389E-5
3,351;447;705,1.5188311330561797E-5
3,179;544;849,-1.5185268150719553E-5
3,75;439;521,-1.5183185306451477E-5
3,704;727;935,-1.5164356612305387E-5
3,84;95;360,1.5155361205725547E-5
3,566;792;874,-1.5140466265206904E-5
3,191;203;547,-1.5137314484433021E-5
3,161;407;459,-1.5131579303859531E-5
3,729;820;867,1.5123259758198865E-5
3,216;503;555,1.512303098782758E-5
3,294;384;386,1.5102610047542473E-5
3,226;349;466,-1.5086496449134322E-5
3,177;265;770,-1.5084396290710918E-5
3,181;501;684,-1.5078822728273525E-5
3,115;231;801,1.507436380918736E-5
3,27;466;556,1.507183414500149E-5
3,445;634;685,1.5069393525918108E-5
3,414;503;555,1.5065087618457236E-5
3,657;739;852,-1.503621554269846E-5
3,129;300;371,1.502904067263898E-5
3,756;796;896,-1.4995148020501427E-5
3,795;823;890,-1.4994883256670978E-5
3,14;456;922,-1.4991813152823243E-5
3,740;971;995,1.4991592926211258E-5
3,122;652;779,1.4988555096344683E-5
3,24;711;717,1.4983345461725473E-5
3,395;919;934,-1.4969261855921807E-5
3,271;402;780,-1.4966219914198567E-5
3,660;765;949,-1.4966079550103738E-5
3,247;501;525,1.4961787642115373E-5
3,51;107;661,1.4961512265930454E-5
3,656;839;984,-1.4936502540076607E-5
3,394;421;839,1.4935446947787728E-5
3,353;364;778,-1.4932064981891487E-5
3,2;350;921,-1.4931233175418296E-5
3,179;748;849,1.4907420331659483E-5
3,286;431;562,1.4900961264509897E-5
3,596;686;826,-1.4888227488667673E-5
3,289;375;725,-1.4887567507272285E-5
3,192;754;838,1.4883932218808738E-5
3,172;621;966,1.48745753321925E-5
3,80;516;791,1.4864539403101256E-5
3,432;550;677,1.4836599858198529E-5
3,207;470;961,-1.4822045862457701E-5
3,171;197;451,-1.4821763118196947E-5
3,47;432;569,-1.4819038256247017E-5
3,7;128;514,-1.4818513586444587E-5
3,107;169;874,-1.4815874297516481E-5
3,242;670;999,-1.4808794903170181E-5
3,661;768;910,-1.4791436408577274E-5
3,352;525;774,-1.4774776491616119E-5
3,181;394;541,1.4768397116596836E-5
3,43;683;708,1.4763238844817665E-5
3,74;834;985,-1.4732999307341732E-5
3,148;373;618,1.4732936558567257E-5
3,126;135;907,1.4731888407909711E-5
3,396;514;519,1.4730983587587042E-5
3,168;319;453,-1.4730054849721407E-5
3,321;475;553,-1.4727764060477732E-5
3,191;599;923,-1.4722416591935316E-5
3,295;423;693,-1.4712668518977166E-5
3,331;593;625,1.468972442235501E-5
3,296;407;618,-1.4682912246498023E-5
3,49;586;859,-1.4676068277987518E-5
3,772;800;906,1.4673127782839673E-5
3,201;496;941,-1.466889163170013E-5
3,108;548;566,1.4666327260410298E-5
3,640;842;878,1.4653444507805425E-5
3,102;403;598,-1.4646811450539234E-5
3,28;101;488,1.4609592690805924E-5
3,431;916;924,-1.4606523987840175E-5
3,404;553;929,1.4602292001454792E-5
3,49;109;575,-1.459650008122191E-5
3,177;422;640,-1.4591267922145424E-5
3,1;571;912,1.4573886526483465E-5
3,15;100;438,-1.45701659453099E-5
3,530;603;746,-1.456757929739097E-5
3,105;312;790,-1.4566085404818338E-5
3,492;666;837,1.4556877456754963E-5
3,123;396;789,1.4547161293250365E-5
3,527;616;966,1.4545344701349064E-5
3,227;306;726,1.4544934464961277E-5
3,578;799;965,-1.4542747554207363E-5
3,508;539;552,1.4529091674657661E-5
3,300;371;980,1.4518579629905517E-5
3,12;302;354,-1.4504041316082517E-5
3,382;893;980,1.4491157439842295E-5
3,93;589;836,1.4480063675048616E-5
3,381;749;779,-1.4462487508901784E-5
3,99;242;528,-1.4460765253096035E-5
3,245;307;818,1.4455306517172063E-5
3,27;575;909,-1.4453004310517624E-5
3,53;578;790,1.4451237115174567E-5
3,271;532;950,-1.4446077335610518E-5
3,493;502;825,1.4440929182931956E-5
3,29;267;725,1.4438279428343887E-5
3,49;279;636,-1.4435315807172596E-5
3,276;749;929,1.4433036555693133E-5
3,176;547;814,1.4426320224939324E-5
3,180;448;613,1.4425125429608797E-5
3,54;79;983,1.4422118806251807E-5
3,166;438;441,-1.4421448598766735E-5
3,196;377;738,-1.4418341679241578E-5
3,162;395;891,-1.4416521558088546E-5
3,145;768;879,1.4392103827566308E-5
3,624;778;800,-1.4391079789784551E-5
3,376;381;918,1.4382621394604845E-5
3,64;278;958,1.4376927726199432E-5
3,186;254;476,-1.4373192804849368E-5
3,83;436;674,1.436993431998376E-5
3,368;387;443,1.4365353327597322E-5
3,56;284;637,-1.4358136639365238E-5
3,794;795;823,1.4355027523856367E-5
3,0;233;344,-1.4352673637740129E-5
3,363;807;809,1.4334091137397288E-5
3,56;143;827,-1.4331026783125697E-5
3,244;328;717,1.430656660412118E-5
3,181;189;757,-1.4279739858065153E-5
3,195;450;586,-1.4264653611547138E-5
3,68;87;903,1.4264027371090126E-5
3,17;69;359,-1.4255961195988757E-5
3,775;961;972,-1.4239755511531651E-5
3,195;345;634,1.4238879907814078E-5
3,422;539;685,-1.4232499412382641E-5
3,474;610;911,1.4230971525145034E-5
3,64;568;688,1.4226916535915245E-5
3,165;811;947,1.4226190563567637E-5
3,227;258;841,1.4210304773925985E-5
3,506;709;898,1.4207982421687581E-5
3,108;236;710,1.4201655904086778E-5
3,422;612;724,1.4201129950259822E-5
3,603;783;876,-1.419556805931882E-5
3,553;689;795,-1.4184725056279563E-5
3,354;731;863,1.4183751279137999E-5
3,66;96;552,1.4174911289598815E-5
3,176;558;659,1.4174757764090454E-5
3,488;584;668,1.4173691695409469E-5
3,116;631;928,1.4164733668684111E-5
3,360;607;914,1.4157686897007922E-5
3,176;547;689,1.4140412301780789E-5
3,61;267;871,-1.4140336076452304E-5
3,109;135;907,1.412962858346132E-5
3,290;603;917,1.4120911769867357E-5
3,14;153;877,-1.4111304487433835E-5
3,19;134;276,1.4108667026465814E-5
3,153;181;714,-1.4108492037743038E-5
3,162;256;891,-1.4104785420536274E-5
3,117;271;402,1.4102040914772573E-5
3,698;873;897,1.4100419139534561E-5
3,430;628;974,-1.4084700522401618E-5
3,26;115;580,-1.4080542670234828E-5
3,647;730;814,1.408043727414927E-5
3,106;122;747,1.4078447030418516E-5
3,11;459;973,-1.4076201659651706E-5
3,140;268;899,-1.4073563764412507E-5
3,46;225;980,1.4070622245138091E-5
3,112;459;582,1.4066198491552308E-5
3,118;372;775,1.4061875762670863E-5
3,281;487;950,1.4053335531872522E-5
3,415;571;910,1.4050700717141662E-5
3,197;467;943,1.4044627991495235E-5
3,99;758;761,-1.4043712086107379E-5
3,156;177;265,-1.4030804615277295E-5
3,169;282;678,-1.4024496181628596E-5
3,166;261;736,1.400721844689613E-5
3,188;546;603,-1.400579403407318E-5
3,140;423;547,-1.398484148757742E-5
3,550;875;912,-1.3979591499498283E-5
3,641;733;763,1.3973991164669731E-5
3,371;485;756,1.3972612349329457E-5
3,370;481;637,-1.3972128445578422E-5
3,114;157;340,1.3971950186221609E-5
3,236;787;845,1.3968454175836479E-5
3,162;289;395,1.3936510500414414E-5
3,7;574;614,1.393597343590135E-5
3,766;818;989,-1.3935345327951143E-5
3,251;321;763,-1.3930181901098182E-5
3,534;702;984,1.3924577265280264E-5
3,122;637;779,-1.3918021891912665E-5
3,119;723;840,1.390982798883978E-5
3,533;740;947,-1.3907186358327024E-5
3,603;646;881,1.390228117881006E-5
3,278;565;796,-1.3900618627666625E-5
3,287;557;996,-1.3898069139337864E-5
3,237;277;964,1.3895649664301034E-5
3,258;710;768,1.3887222657556192E-5
3,89;299;889,1.38836229297763E-5
3,271;402;887,1.3867614813799136E-5
3,25;114;199,1.3858653348036866E-5
3,128;362;786,1.3843722520832686E-5
3,336;683;971,-1.3838945941670268E-5
3,408;566;958,-1.3838542120298575E-5
3,156;183;793,1.3823602932239047E-5
3,713;766;989,1.3802644863825586E-5
3,265;469;929,-1.3800939655990955E-5
3,16;101;891,-1.379876062498021E-5
3,480;551;782,-1.3792352836138891E-5
3,385;522;687,-1.378315351577775E-5
3,28;158;354,-1.378075704527431E-5
3,74;778;800,-1.3776098266690295E-5
3,219;658;808,-1.3767553663029474E-5
3,276;920;999,1.3765741373196743E-5
3,198;313;998,1.376517025011619E-5
3,420;518;607,1.3753370887497587E-5
3,193;364;761,-1.3727069722325031E-5
3,410;496;770,-1.3718545518939071E-5
3,121;336;681,-1.3716408364681472E-5
3,306;510;726,1.3711349348212693E-5
3,4;73;417,-1.370990795247214E-5
3,376;887;911,-1.3702349071546594E-5
3,514;525;774,-1.3684773607956007E-5
3,604;660;721,1.3677242993093222E-5
3,79;499;693,-1.3652740091293616E-5
3,286;360;689,1.3648897864027121E-5
3,159;531;892,-1.3620263800236374E-5
3,291;381;706,-1.3598748699982854E-5
3,690;864;950,-1.35772230609016E-5
3,378;813;904,-1.3573995015323589E-5
3,14;510;616,-1.3565234020177754E-5
3,85;230;518,1.3560755362473476E-5
3,200;250;620,1.3558961323973999E-5
3,269;767;900,-1.3558702898065107E-5
3,472;505;839,-1.355427020483099E-5
3,342;501;620,-1.3542599946682139E-5
3,312;681;939,-1.3527646627791608E-5
3,196;335;541,-1.3523471838066942E-5
3,675;742;980,1.3521628842257705E-5
3,86;701;852,-1.3519417079819265E-5
3,3;725;982,-1.3510669551732442E-5
3,60;785;962,1.350569750276638E-5
3,0;233;537,1.3502314567050548E-5
3,30;394;863,-1.3496608352506851E-5
3,80;566;958,1.349001620096585E-5
3,282;427;625,1.3488980829845503E-5
3,81;141;917,1.3477629517869607E-5
3,20;275;288,1.3475383971219556E-5
3,348;681;883,-1.346224313343844E-5
3,550;677;943,1.3448804593470534E-5
3,130;401;456,-1.344644805273005E-5
3,10;458;793,-1.3432357007826767E-5
3,330;676;961,1.342381492166253E-5
3,92;302;801,1.3422281249905209E-5
3,238;525;672,-1.3414898513173106E-5
3,673;775;972,-1.3409785042178675E-5
3,187;292;329,-1.3406618694893184E-5
3,613;838;934,1.3398438664148454E-5
3,32;241;754,-1.3393623187679338E-5
3,176;462;547,-1.3387450695227482E-5
3,182;306;618,-1.3384456441204344E-5
3,108;660;710,-1.3378034545326989E-5
3,38;580;914,1.33382071839393E-5
3,147;654;979,-1.3336228045067983E-5
3,266;581;788,-1.3334640396760225E-5
3,540;815;901,-1.3327981121698793E-5
3,65;187;511,-1.3326000970871264E-5
3,181;546;914,-1.3314693721101126E-5
3,415;609;910,-1.3313518244388787E-5
3,399;510;632,1.3309669824643731E-5
3,18;82;659,-1.3305747716171677E-5
3,730;904;978,1.330556164563557E-5
3,90;234;375,1.3299695992179602E-5
3,36;486;697,1.3297184596086882E-5
3,14;196;387,-1.3289649187024005E-5
3,52;419;420,-1.3277545566090514E-5
3,197;398;526,-1.3275143989886086E-5
3,338;784;935,1.3265692852526732E-5
3,198;313;887,-1.3263489934846082E-5
3,156;879;916,1.3263463677675707E-5
3,35;208;881,-1.3239794910784953E-5
3,329;496;770,-1.3215545900620802E-5
3,107;213;565,1.3214245598317541E-5
3,359;443;935,-1.3212849689402209E-5
3,146;343;931,1.320002006379547E-5
3,145;768;971,1.3197242861906705E-5
3,168;588;598,-1.3195182612947262E-5
3,499;819;957,1.3190648342080925E-5
3,32;181;394,-1.317492506442265E-5
3,195;375;773,-1.316152060726238E-5
3,224;485;498,1.3160134325071966E-5
3,567;716;738,1.3147434558568025E-5
3,268;336;955,1.3138542737060238E-5
3,244;327;374,-1.3134163989058264E-5
3,271;711;889,1.3124891825911538E-5
3,681;815;944,-1.3122896262472962E-5
3,387;443;841,-1.3122356585673325E-5
3,63;279;966,-1.311471060469259E-5
3,759;866;914,-1.3109487795410345E-5
3,355;407;617,-1.3106048666229505E-5
3,330;414;525,-1.3102989050915504E-5
3,214;391;432,-1.309842340243265E-5
3,50;67;182,1.3096749272596797E-5
3,282;346;531,1.3088091692897333E-5
3,353;639;969,-1.3084888666241413E-5
3,41;559;690,-1.3083189939512504E-5
3,677;785;903,-1.3083144107063425E-5
3,567;669;912,-1.3069089007842715E-5
3,2;530;674,1.3064215061722077E-5
3,323;339;889,1.303873590136453E-5
3,37;569;633,1.303771943264569E-5
3,470;580;961,-1.3030732239164458E-5
3,237;458;640,1.3013613508872029E-5
3,63;120;328,1.3011047422768142E-5
3,122;604;721,1.3005769537123784E-5
3,126;851;954,1.3001292810757737E-5
3,131;440;459,-1.2992719469876491E-5
3,366;679;749,1.2988805464793027E-5
3,11;119;594,-1.2987369785900794E-5
3,480;555;872,1.2976925795876729E-5
3,15;445;721,1.2966987268715997E-5
3,141;588;715,-1.2957650833056337E-5
3,517;758;881,1.2956291234150173E-5
3,142;447;983,-1.2949763566999287E-5
3,140;681;781,1.2945819920721244E-5
3,219;246;808,-1.2942996109278696E-5
3,218;756;903,1.2940750006551486E-5
3,75;325;822,-1.293588936220954E-5
3,107;213;975,-1.2912837775616054E-5
3,510;694;825,-1.2909750857167442E-5
3,441;494;751,1.2909641746451918E-5
3,112;603;812,1.2909602466419556E-5
3,410;425;773,-1.290786646099848E-5
3,26;95;660,1.290029705563137E-5
3,208;453;626,-1.2898830132984069E-5
3,385;818;861,-1.2896222070302336E-5
3,17;730;804,-1.2896110481695107E-5
3,130;401;518,1.2882192857294531E-5
3,145;416;458,-1.2867361296434521E-5
3,282;667;919,-1.2865797894548031E-5
3,303;556;761,1.286098416321827E-5
3,821;950;978,-1.2856669568770886E-5
3,94;140;843,-1.284643126854063E-5
3,208;437;499,-1.2830012032873849E-5
3,385;409;818,1.2826121082904954E-5
3,34;192;207,-1.2818570515029452E-5
3,223;414;999,1.2809325119411477E-5
3,266;468;570,-1.2807391750122799E-5
3,430;695;974,-1.2801197456183796E-5
3,112;868;930,-1.2796898967523546E-5
3,445;795;890,-1.279523200694912E-5
3,306;577;976,1.2794393916760853E-5
3,527;634;867,-1.2793832956169087E-5
3,298;375;756,1.2790154694679798E-5
3,157;340;572,-1.2778395197921619E-5
3,24;154;967,-1.2772983331765319E-5
3,283;488;811,1.2771451632231381E-5
3,171;447;752,-1.2769522401269648E-5
3,395;647;919,1.2758357599956395E-5
3,331;773;954,1.2757940238415436E-5
3,247;310;525,-1.274913178927007E-5
3,293;378;737,1.2748956801770094E-5
3,503;550;875,-1.2748925040391772E-5
3,117;402;887,-1.274353278763778E-5
3,33;93;834,1.2723303107733775E-5
3,42;582;802,1.272114771306172E-5
3,567;738;803,1.2687074716039998E-5
3,487;690;950,1.2686640736367526E-5
3,303;456;532,1.2682227258330376E-5
3,147;297;797,-1.2675216268595136E-5
3,178;499;698,-1.266507717920802E-5
3,7;128;403,-1.2663954639425545E-5
3,227;362;751,1.2659873139975798E-5
3,158;287;291,1.2653951676067762E-5
3,755;816;896,1.2646732805273835E-5
3,23;648;696,-1.26419284456765E-5
3,405;414;868,1.2635069336264224E-5
3,54;145;971,-1.2629418376124191E-5
3,169;197;978,1.2615336881296478E-5
3,54;145;768,-1.2593522493976724E-5
3,195;918;984,1.2572087957300925E-5
3,36;298;375,-1.2565947648385652E-5
3,299;458;793,-1.2565941761509477E-5
3,624;861;996,-1.2564088950979234E-5
3,53;291;767,-1.2562920510370601E-5
3,157;340;501,-1.2552198060920513E-5
3,102;695;929,1.2537234420819989E-5
3,196;209;793,1.2533881146310447E-5
3,32;95;660,-1.2532257609058301E-5
3,356;517;713,-1.2527693215583578E-5
3,160;643;690,-1.2514098421020717E-5
3,195;466;839,1.2512185536495576E-5
3,168;735;952,-1.2506444442575648E-5
3,104;256;366,-1.2487540040566327E-5
3,1;226;642,-1.2484232197625157E-5
3,746;968;992,1.2471353147795828E-5
3,688;718;830,1.2470736811051861E-5
3,14;710;778,-1.2462908657413574E-5
3,304;369;775,1.2441215633630438E-5
3,544;770;805,-1.242224692914191E-5
3,8;450;852,1.2407134141042512E-5
3,623;696;771,-1.239767221317225E-5
3,321;382;511,1.239759731027914E-5
3,332;684;722,-1.238934344031535E-5
3,412;539;596,1.2387960223110512E-5
3,207;220;697,-1.2386883499938432E-5
3,829;871;911,-1.2375622374611226E-5
3,158;291;435,1.2358015913899629E-5
3,20;280;856,-1.235635289464937E-5
3,624;861;967,-1.2349802214161519E-5
3,250;589;965,1.2342257037376636E-5
3,319;846;962,1.23197255672647E-5
3,690;877;994,1.2317703342034935E-5
3,14;484;519,1.2304316078130796E-5
3,258;410;710,-1.2301318575167697E-5
3,627;683;906,1.2292889602083586E-5
3,77;447;705,1.2274921434871197E-5
3,161;335;541,-1.2256696033343863E-5
3,112;153;582,-1.2244365341330402E-5
3,43;336;683,-1.2241794624825428E-5
3,477;699;982,1.2241407241112531E-5
3,442;462;986,1.2238749714301718E-5
3,266;467;570,1.2230461375222417E-5
3,29;244;683,-1.2228208324361861E-5
3,302;892;975,-1.2227467268023026E-5
3,220;527;568,-1.2225562766205318E-5
3,603;693;812,-1.2223884537460692E-5
3,259;482;590,-1.2213281071293242E-5
3,148;642;906,-1.2188572588069612E-5
3,105;171;551,1.2188248491354984E-5
3,179;379;421,-1.2186968868832097E-5
3,193;214;454,1.2182324111730662E-5
3,187;292;742,1.2179905543934247E-5
3,462;588;814,1.2179316856625759E-5
3,98;467;948,-1.2178862869906451E-5
3,549;770;805,-1.2176685892860588E-5
3,83;720;978,-1.2166318899557968E-5
3,387;886;917,1.2163117263700212E-5
3,117;255;956,1.2159379445839283E-5
3,467;474;950,1.215578782841125E-5
3,139;438;882,1.2143824017292672E-5
3,203;269;363,1.2142635226602596E-5
3,140;611;781,-1.2141060208864337E-5
3,183;701;947,1.2140088473732818E-5
3,96;836;876,-1.2138248913206015E-5
3,276;696;752,-1.2115108014562601E-5
3,453;654;811,-1.2106403103361016E-5
3,140;199;423,1.2104451212037133E-5
3,440;759;846,-1.2100565655518234E-5
3,304;581;735,-1.210005311781005E-5
3,86;503;791,-1.2096062273517964E-5
3,196;232;546,-1.2095161426988715E-5
3,26;722;808,1.2083804442459424E-5
3,131;459;870,-1.2080763489890477E-5
3,168;353;969,-1.2058822237444086E-5
3,331;482;720,-1.2035799904428369E-5
3,110;630;795,-1.2015807846746003E-5
3,42;475;962,-1.2003318934733897E-5
3,310;501;525,-1.19699591558706E-5
3,229;509;841,-1.1961780889197797E-5
3,419;505;900,1.1961018431015338E-5
3,364;761;951,1.1940702994984524E-5
3,12;199;494,-1.1935486169165652E-5
3,101;182;388,1.1933737489743891E-5
3,109;126;907,-1.1928699204916932E-5
3,249;263;950,-1.1926597770798673E-5
3,97;617;992,-1.1914532092083073E-5
3,242;525;990,1.1911242359722269E-5
3,177;187;957,-1.1910278699077869E-5
3,267;343;451,1.1909207604049305E-5
3,280;773;792,1.1895275670488971E-5
3,193;285;579,-1.1885416441237508E-5
3,67;669;721,-1.1883921322586932E-5
3,394;790;878,-1.1878077403090389E-5
3,189;238;611,1.1873587633362322E-5
3,307;743;818,-1.1867900207066747E-5
3,184;815;944,1.1851484983230854E-5
3,69;786;849,-1.181520711915015E-5
3,79;95;660,-1.1814931728579126E-5
3,25;179;693,-1.1812819457152E-5
3,58;113;497,1.1796113903017117E-5
3,382;456;672,-1.1783735780842162E-5
3,356;600;640,1.1781501913845871E-5
3,248;756;816,1.177920395980104E-5
3,103;718;842,1.1762240354095844E-5
3,92;756;775,-1.1742896926559429E-5
3,312;473;969,1.1738637264067237E-5
3,27;894;961,-1.1714265232362394E-5
3,419;420;522,1.1707935690747323E-5
3,196;209;862,-1.1698298615404352E-5
3,443;492;935,1.1682890575345505E-5
3,284;583;837,-1.1681961617100628E-5
3,6;375;756,-1.1679348672205343E-5
3,719;851;997,-1.1678892153574633E-5
3,686;756;826,1.1674833989838464E-5
3,111;467;570,1.1671425845909834E-5
3,133;281;306,-1.1668604016113853E-5
3,410;501;810,1.1661534767180498E-5
3,451;801;867,1.1656282283212665E-5
3,412;539;662,1.1642416214395702E-5
3,74;115;762,-1.1641192028015064E-5
3,17;462;490,1.1641027483645955E-5
3,556;645;737,1.1632162034641611E-5
3,330;406;676,1.1631055806237325E-5
3,180;299;786,1.1630218270759801E-5
3,574;614;702,-1.1627127697786136E-5
3,165;627;906,-1.1617683389573072E-5
3,26;483;635,-1.1617380447031894E-5
3,8;450;476,1.1612424612021742E-5
3,65;193;511,1.1608762831837885E-5
3,17;168;898,-1.1601114724473366E-5
3,99;168;909,1.1592607019483004E-5
3,119;968;992,-1.1580319662778404E-5
3,506;749;797,1.1563469485466146E-5
3,43;562;881,1.1561507061241765E-5
3,32;79;95,1.1552138547854925E-5
3,573;836;920,-1.1549394552492664E-5
3,468;472;878,1.154690324281454E-5
3,329;353;410,-1.1538835722475876E-5
3,283;651;958,-1.1530951167364765E-5
3,373;511;763,-1.152897360607931E-5
3,436;848;860,-1.152488602864904E-5
3,690;765;766,1.1520059349135022E-5
3,180;448;536,-1.1516882897292986E-5
3,201;349;863,-1.1515963253106824E-5
3,364;387;434,1.150638489679661E-5
3,165;858;889,-1.1501643839763363E-5
3,191;201;555,1.1496554895789235E-5
3,324;744;770,-1.149487063499835E-5
3,582;891;894,-1.1494498974145871E-5
3,805;857;882,-1.1481251106141867E-5
3,44;524;675,1.1479911306217235E-5
3,487;864;950,-1.1472203981574481E-5
3,171;199;447,-1.1457229054012196E-5
3,210;678;890,1.1453390942112718E-5
3,381;452;706,-1.1437075071311108E-5
3,399;613;838,1.1433129699400698E-5
3,428;839;984,1.141745088586494E-5
3,98;266;928,-1.141670019540707E-5
3,51;300;456,-1.1407040742717835E-5
3,299;872;966,1.1406519312073122E-5
3,419;444;522,1.1406410612855516E-5
3,87;578;917,-1.1401098243910626E-5
3,223;413;853,1.1385602012142252E-5
3,78;130;898,1.1384979960564666E-5
3,25;47;623,-1.1382351420298032E-5
3,88;467;636,-1.1375566542627131E-5
3,378;813;901,-1.1373072300515944E-5
3,181;546;603,-1.1360459046915864E-5
3,522;757;758,-1.1346498020166965E-5
3,319;616;962,1.1321726914162275E-5
3,566;695;829,1.1317825873850614E-5
3,221;559;987,-1.131214196335624E-5
3,245;404;718,1.1296187393326708E-5
3,510;564;753,-1.1294032874734704E-5
3,45;229;934,1.128318689701081E-5
3,461;615;901,1.128095508308697E-5
3,367;391;859,-1.1275914586179134E-5
3,4;489;934,1.127075089699702E-5
3,16;376;638,-1.1262483961948389E-5
3,732;915;978,-1.1252211464656578E-5
3,56;143;808,1.1245122245878835E-5
3,63;279;328,-1.1240720406940595E-5
3,227;740;995,-1.1234397949421188E-5
3,224;344;517,-1.1214346904248698E-5
3,46;574;980,-1.121270663935862E-5
3,160;296;606,-1.1200186847989812E-5
3,274;369;893,-1.1197448136484952E-5
3,148;642;803,-1.1186738433310844E-5
3,20;31;805,1.1186461059310367E-5
3,280;316;930,1.1169216065385689E-5
3,338;404;691,1.1168972693444308E-5
3,182;328;395,-1.116641920522521E-5
3,229;299;710,-1.116307482031417E-5
3,158;507;781,1.1157731606755077E-5
3,81;363;896,-1.1154046622374063E-5
3,64;853;958,1.1148603277481937E-5
3,588;798;923,-1.1147524834532886E-5
3,641;728;792,1.114509485646134E-5
3,297;797;821,1.1118256508896584E-5
3,154;703;935,-1.1108726228104333E-5
3,437;678;736,-1.1106451875569533E-5
3,659;678;814,-1.1105242255801048E-5
3,6;427;768,1.1103533348830467E-5
3,251;600;763,-1.1086507636744649E-5
3,277;572;853,1.1065657313194473E-5
3,217;917;971,1.1062119656851624E-5
3,428;868;982,-1.105608689317893E-5
3,284;460;541,-1.1046573347346909E-5
3,146;216;704,-1.1039164317105756E-5
3,171;555;591,1.1032881386181047E-5
3,359;492;533,-1.1031481695237256E-5
3,404;691;929,-1.1028548901288383E-5
3,16;417;849,1.1022342055470612E-5
3,192;530;607,-1.0990140541578205E-5
3,679;839;990,-1.0981162752238705E-5
3,796;901;957,1.09808972624756E-5
3,239;303;532,1.0980354837082377E-5
3,20;805;856,1.0951624341195104E-5
3,533;761;833,-1.0914349049305483E-5
3,201;530;555,-1.0913272974784782E-5
3,311;720;807,-1.0910256955670602E-5
3,452;686;964,-1.0905358101285265E-5
3,344;770;957,-1.0903289757324356E-5
3,14;196;377,-1.0897483999821767E-5
3,770;819;957,-1.0887071918057195E-5
3,187;690;957,1.0881375471091852E-5
3,267;379;451,-1.0880959543780274E-5
3,222;414;783,-1.0880548755012369E-5
3,655;782;822,1.0879718745066058E-5
3,211;845;906,1.087888509535423E-5
3,383;484;889,-1.0875511616622716E-5
3,97;140;268,1.086365759020471E-5
3,491;616;896,-1.0863107392315888E-5
3,23;149;883,1.0844476262909644E-5
3,173;208;605,1.0821026819965665E-5
3,110;381;806,-1.0813043349154537E-5
3,343;749;797,-1.080704975961868E-5
3,141;455;896,-1.0806125002279982E-5
3,0;378;858,-1.0799108616577378E-5
3,296;299;889,1.0797716142267465E-5
3,26;115;992,-1.0797679693620631E-5
3,631;847;928,1.0795511001845567E-5
3,56;531;557,-1.0795314104862008E-5
3,242;493;701,-1.0794184811675788E-5
3,2;202;246,1.0789734440203948E-5
3,297;425;773,1.0784503489093534E-5
3,437;709;776,1.078077934360974E-5
3,266;554;940,-1.0779242244727309E-5
3,487;602;724,-1.0767557323781204E-5
3,234;594;701,-1.076177333862013E-5
3,109;725;792,-1.0748996227627012E-5
3,621;936;966,-1.0743754117651768E-5
3,446;630;795,1.0743037753096538E-5
3,229;700;934,-1.0731288441758313E-5
3,71;208;605,1.072932344321301E-5
3,74;624;800,-1.0722858587731768E-5
3,106;312;939,1.0717179117656375E-5
3,222;229;934,-1.071638430733336E-5
3,42;196;579,1.0716047579128033E-5
3,394;584;863,-1.0715739084042234E-5
3,185;466;491,-1.0713093537826248E-5
3,180;700;786,-1.0708459879211846E-5
3,183;199;320,1.070214287258639E-5
3,547;598;631,1.0694850724778795E-5
3,7;109;702,-1.0686889051240771E-5
3,0;511;763,-1.0677765766513247E-5
3,66;552;707,1.0676668403194405E-5
3,109;329;833,1.0672311537428134E-5
3,449;583;752,-1.0666743397112451E-5
3,569;910;935,-1.0666057435247602E-5
3,71;536;648,-1.0661144839634064E-5
3,99;551;882,1.0647588351184817E-5
3,17;730;814,1.0643522767683742E-5
3,417;665;887,-1.0638290625324066E-5
3,158;567;912,-1.0621671971652411E-5
3,15;100;445,-1.0614302816032178E-5
3,347;811;940,1.0612779618178332E-5
3,171;229;832,1.0611345550765064E-5
3,204;221;964,1.0603473562608195E-5
3,46;331;456,1.0603170781104538E-5
3,140;556;761,-1.0598470625984478E-5
3,43;562;612,1.0579604434104742E-5
3,28;55;488,1.0578098247249372E-5
3,579;776;787,-1.0562655052321735E-5
3,210;730;890,1.0557374198020525E-5
3,686;747;911,-1.0555601371037914E-5
3,140;611;681,1.053069932280681E-5
3,286;431;593,1.0525471510237472E-5
3,0;233;295,-1.0521166921615422E-5
3,53;231;372,-1.0518035053040931E-5
3,677;874;998,-1.0517254364082646E-5
3,137;336;900,-1.0508095794436858E-5
3,599;698;923,-1.0492250734536607E-5
3,445;795;823,-1.0487016081844665E-5
3,803;933;984,-1.0477636089503945E-5
3,217;560;768,-1.0474661057942627E-5
3,202;410;910,1.0473233756017296E-5
3,481;603;970,1.0455437341449499E-5
3,90;790;881,1.0447227758818185E-5
3,152;226;767,1.0440536614109178E-5
3,57;182;352,1.0436726926792637E-5
3,54;174;887,-1.0425963806339672E-5
3,40;158;387,-1.0424949562649645E-5
3,40;340;653,1.0422410926360516E-5
3,244;316;563,1.0415357448365734E-5
3,653;810;913,1.0402243600708364E-5
3,87;248;938,-1.0397288628643632E-5
3,525;775;987,1.0394472500489243E-5
3,117;576;987,-1.0384061968847218E-5
3,511;780;856,-1.0382682000754661E-5
3,259;645;683,-1.0371931753736435E-5
3,303;584;635,-1.0364118621625097E-5
3,113;419;650,1.0364029754966246E-5
3,311;366;622,-1.0362851376808854E-5
3,260;631;725,1.036015795620562E-5
3,92;114;598,-1.0358623403706927E-5
3,238;655;980,1.0350527020501161E-5
3,404;766;871,-1.0342190292101094E-5
3,310;743;771,-1.0338922912011384E-5
3,387;450;917,-1.0336832040269581E-5
3,3;725;884,-1.0333130209782636E-5
3,312;904;927,-1.0318719048950202E-5
3,25;179;412,1.0318678139815188E-5
3,598;711;759,1.031690411054962E-5
3,34;242;720,-1.0311262634237592E-5
3,359;533;935,-1.0305877139692304E-5
3,592;635;970,1.0292577439375027E-5
3,18;37;649,-1.0291540598995584E-5
3,396;705;789,-1.0287368578421969E-5
3,578;675;917,1.0280847332271838E-5
3,551;797;922,1.0277296036942347E-5
3,272;533;771,1.0271387853090213E-5
3,136;466;984,1.0236782464595785E-5
3,531;557;801,-1.022555569647517E-5
3,244;370;495,-1.0223143629334544E-5
3,264;675;725,-1.0219290299654165E-5
3,657;856;880,-1.0194893802745034E-5
3,439;464;953,-1.0189692086928115E-5
3,159;529;531,1.0187313555005573E-5
3,50;182;371,-1.0185331039561631E-5
3,7;593;748,-1.0182519735559271E-5
3,376;707;730,-1.017655684123906E-5
3,505;650;900,-1.016624993526698E-5
3,392;459;918,-1.0157163397121708E-5
3,92;551;982,-1.015078604844609E-5
3,404;464;953,-1.0141261372708182E-5
3,395;580;855,1.0135098062870426E-5
3,138;681;781,1.0134584365374913E-5
3,26;485;722,-1.0132805223215285E-5
3,26;279;656,-1.0132653313904654E-5
3,196;472;505,1.0129475196477735E-5
3,718;950;976,1.012094416421833E-5
3,169;230;995,-1.0111246034529828E-5
3,451;729;820,-1.010839806424857E-5
3,489;509;758,1.0105272746796169E-5
3,394;878;982,1.0098920321907984E-5
3,92;699;982,1.0072323604871027E-5
3,118;198;535,-1.0053684883628612E-5
3,316;411;930,-1.003922268138284E-5
3,42;475;961,1.003777666578662E-5
3,34;222;897,1.0036578265145847E-5
3,467;487;636,-1.0032440330531203E-5
3,248;429;756,-1.0024820300082366E-5
3,361;880;980,-1.0023181227635618E-5
3,97;720;772,-1.0008604620833604E-5
3,100;259;930,1.0007843491056777E-5
3,17;75;490,1.0006681430563769E-5
3,437;678;928,-1.0003190481412343E-5
3,136;656;815,1.0000557814788046E-5
3,319;671;991,9.986071377917954E-6
3,50;371;660,9.972113211384303E-6
3,145;879;971,-9.962494648552814E-6
3,421;713;989,-9.950299740900462E-6
3,178;466;519,9.945529598721093E-6
3,94;211;412,9.94229456406714E-6
3,312;729;884,9.938717469891888E-6
3,87;575;578,-9.925957264894162E-6
3,56;385;902,-9.920400744342695E-6
3,29;97;768,9.91628561600711E-6
3,622;796;867,-9.888675014959704E-6
3,258;643;690,-9.88350485515992E-6
3,204;726;980,9.881402344548973E-6
3,310;320;423,9.871939616499184E-6
3,267;614;768,-9.860011619632906E-6
3,527;634;685,9.854195734685639E-6
3,72;172;612,9.85283624768834E-6
3,74;180;599,-9.852646826028148E-6
3,153;607;914,-9.845437354444296E-6
3,81;306;728,-9.845211708242311E-6
3,10;537;585,-9.83933181170181E-6
3,160;296;378,9.833044179380978E-6
3,171;555;764,-9.812585723164132E-6
3,12;29;75,9.808890866244753E-6
3,123;594;687,-9.804396566026483E-6
3,335;767;825,9.801782480491858E-6
3,277;737;842,9.80113296349059E-6
3,39;458;603,9.796679174259412E-6
3,30;223;725,-9.79225929078731E-6
3,303;381;575,-9.789198262736953E-6
3,287;303;557,-9.767685990430437E-6
3,582;720;772,-9.757846481484145E-6
3,133;524;934,9.753988691071458E-6
3,296;400;640,9.744108875951486E-6
3,92;756;796,9.733492157004691E-6
3,105;128;524,9.731905434279008E-6
3,813;901;904,9.72999543766221E-6
3,209;332;619,-9.728301748429456E-6
3,133;610;967,9.728163843654853E-6
3,467;950;996,9.708040001386788E-6
3,361;426;880,9.70384842731475E-6
3,677;726;831,-9.700875752040164E-6
3,181;602;757,-9.700468173657748E-6
3,17;75;569,9.699605939404658E-6
3,117;255;700,9.696015068093308E-6
3,35;142;459,-9.694715791168117E-6
3,384;386;548,9.689188891282525E-6
3,11;241;490,-9.676811623378645E-6
3,79;192;857,-9.675897574593865E-6
3,68;198;629,-9.672268253654492E-6
3,81;150;693,9.666605836527488E-6
3,324;380;440,9.658629494293722E-6
3,713;719;793,9.656286128101356E-6
3,11;76;619,9.65504254008076E-6
3,621;783;966,9.652539431589498E-6
3,156;234;375,9.636643325485376E-6
3,393;546;873,-9.63449140230517E-6
3,225;378;518,-9.615170851554577E-6
3,377;666;685,-9.61286574375669E-6
3,165;246;627,-9.610072542076825E-6
3,95;223;413,9.6097832174909E-6
3,440;752;981,9.609034516260419E-6
3,229;577;832,-9.592648838742939E-6
3,116;167;889,-9.590854354909869E-6
3,491;550;862,-9.588711799951744E-6
3,241;490;574,9.568929903757412E-6
3,392;706;899,9.566759639000416E-6
3,98;914;956,9.55994696870989E-6
3,269;920;999,-9.555259019483751E-6
3,214;629;793,-9.553797807872502E-6
3,603;876;970,9.54132051218607E-6
3,17;38;201,9.539148210152216E-6
3,282;383;667,9.532191125108642E-6
3,303;575;667,-9.52073650365372E-6
3,188;285;469,9.517207412620587E-6
3,91;208;453,9.509324931038864E-6
3,101;388;891,-9.502348692097311E-6
3,209;531;793,9.501277483764764E-6
3,469;872;966,9.485954638979332E-6
3,218;594;903,9.485096617515481E-6
3,210;678;820,9.478775382635487E-6
3,89;805;947,-9.475980629811344E-6
3,809;828;949,9.466886430028906E-6
3,280;656;839,-9.454484896282909E-6
3,6;36;375,9.454351742291548E-6
3,682;855;952,9.452456870981976E-6
3,462;689;814,9.429405751100222E-6
3,225;328;766,-9.42706642804271E-6
3,6;298;375,9.42557693654266E-6
3,699;705;875,-9.417880728642463E-6
3,80;400;791,9.403989317260949E-6
3,311;366;672,-9.403801477876659E-6
3,503;619;898,-9.395331896440668E-6
3,421;623;815,-9.394563322831104E-6
3,127;268;360,9.391571096719071E-6
3,196;232;513,9.385528426830304E-6
3,601;814;871,9.379473725995298E-6
3,168;609;669,-9.378180434720564E-6
3,270;666;845,9.373009414306001E-6
3,177;658;770,9.372797021747072E-6
3,48;741;791,-9.367769239581491E-6
3,257;290;603,9.360776420660758E-6
3,258;573;616,9.35946792347386E-6
3,624;819;955,9.350005096865233E-6
3,25;199;970,9.338884420308232E-6
3,0;34;858,9.336171389999769E-6
3,146;223;471,9.334958515292324E-6
3,9;160;936,-9.334437535894067E-6
3,300;435;716,9.329755433824263E-6
3,260;498;697,-9.319261745149948E-6
3,89;805;882,9.31405805244835E-6
3,557;762;944,9.288178295677425E-6
3,27;597;901,-9.285236492595186E-6
3,22;122;703,-9.265728354114804E-6
3,137;363;743,9.25205169260062E-6
3,212;363;552,9.25142438235569E-6
3,46;495;574,9.219078854303669E-6
3,104;440;635,-9.211609715238927E-6
3,76;436;493,-9.20757776895337E-6
3,183;947;994,-9.207411356487901E-6
3,883;905;948,-9.206448184680128E-6
3,198;338;823,-9.182867769485966E-6
3,50;107;874,9.172520251378786E-6
3,160;177;568,9.171004242350858E-6
3,588;612;814,9.166137410306564E-6
3,603;783;970,9.164608878215178E-6
3,165;303;667,-9.162850182408245E-6
3,127;465;716,9.152143863992845E-6
3,224;304;369,-9.144774981390828E-6
3,264;431;593,9.131002439801173E-6
3,226;467;948,-9.125984859772326E-6
3,180;296;536,9.118851229927527E-6
3,150;628;724,9.114958152366425E-6
3,158;779;923,9.113383834868084E-6
3,203;343;363,-9.113323880003865E-6
3,329;410;496,-9.111856998026302E-6
3,27;465;597,9.110644810524693E-6
3,209;261;736,9.109448512271704E-6
3,106;220;518,-9.10662618674761E-6
3,184;675;711,-9.093214846162781E-6
3,654;872;979,9.080722836954319E-6
3,415;466;491,-9.069615872795808E-6
3,498;851;858,9.067240226393519E-6
3,166;171;439,9.066840925973947E-6
3,421;713;818,9.063647444330116E-6
3,399;510;564,9.063328213947241E-6
3,579;692;849,9.059238049319952E-6
3,298;331;427,-9.024480486553508E-6
3,86;544;950,8.9846875735515E-6
3,321;382;552,-8.970503713788144E-6
3,299;496;947,8.96972167216966E-6
3,371;782;943,8.968752087575909E-6
3,461;498;697,8.9611971755096E-6
3,302;634;744,-8.958002111202138E-6
3,221;499;933,8.956464890944544E-6
3,480;551;829,8.955940696470741E-6
3,282;668;987,-8.95218491235021E-6
3,97;899;956,-8.949171698151328E-6
3,913;961;962,-8.940418785044716E-6
3,220;522;680,8.93853714454751E-6
3,220;401;518,8.933395338105831E-6
3,630;872;990,8.917128850612886E-6
3,509;820;841,8.912787037275411E-6
3,135;572;811,8.89504493891157E-6
3,136;253;373,-8.887863593659232E-6
3,66;224;498,8.880915545470852E-6
3,209;393;669,-8.87531266920711E-6
3,141;173;455,-8.874976045459115E-6
3,269;343;673,-8.860823546523684E-6
3,156;375;537,8.857518383526112E-6
3,5;185;424,-8.83801443275982E-6
3,131;199;408,-8.835743656619399E-6
3,462;612;814,8.828354728444819E-6
3,46;372;996,8.826548858418773E-6
3,259;301;540,8.819703590159975E-6
3,572;899;949,-8.813487716508125E-6
3,411;600;679,8.810501072720283E-6
3,177;370;481,-8.778422500928977E-6
3,396;880;980,8.770849746998243E-6
3,159;368;892,-8.766618274251824E-6
3,645;737;791,-8.76050779175134E-6
3,70;530;653,8.758236540311042E-6
3,196;715;736,8.738677576754829E-6
3,36;74;778,-8.718625166924129E-6
3,295;740;988,-8.71709722445835E-6
3,177;323;819,-8.716814117857033E-6
3,435;631;846,8.716630621354624E-6
3,626;901;904,-8.704190878788006E-6
3,165;408;955,8.703544565338205E-6
3,163;256;995,8.688834386889919E-6
3,219;496;675,8.68446858862531E-6
3,602;724;898,-8.674084958950022E-6
3,217;439;971,-8.671902601674934E-6
3,155;441;445,-8.651577414839996E-6
3,543;619;663,8.646925264357758E-6
3,192;548;754,-8.637302483673553E-6
3,106;393;747,8.633114459468159E-6
3,177;690;757,-8.632480345798354E-6
3,86;890;963,8.631533143456345E-6
3,238;277;842,8.631083936263817E-6
3,8;476;852,-8.63105555125708E-6
3,376;638;968,-8.628227691530072E-6
3,4;109;753,8.61864436914955E-6
3,27;363;597,8.606199945658106E-6
3,303;457;887,-8.60403569412973E-6
3,147;219;919,8.602696403125238E-6
3,104;561;861,-8.596097026563255E-6
3,466;803;933,8.595598155577866E-6
3,194;534;545,8.565536241006443E-6
3,74;115;985,-8.565286689993992E-6
3,60;422;809,8.560867829497464E-6
3,427;482;909,8.556505945569685E-6
3,11;381;446,-8.545475216608096E-6
3,379;796;957,-8.54255852985586E-6
3,416;619;642,8.533196576928105E-6
3,790;866;878,-8.531134018853314E-6
3,19;134;897,-8.517024005401567E-6
3,65;187;193,8.512200938319024E-6
3,201;205;885,-8.507081102817848E-6
3,491;511;580,-8.501900966266525E-6
3,46;356;996,-8.497685727947286E-6
3,127;360;486,-8.494628332900237E-6
3,64;307;384,-8.493935007592174E-6
3,279;826;932,-8.487980738959483E-6
3,532;727;954,-8.484853066414402E-6
3,213;625;933,-8.477086724530608E-6
3,96;783;876,8.476545799858436E-6
3,871;903;911,8.464933356940492E-6
3,53;108;385,-8.454238761782376E-6
3,167;494;906,8.453759147900797E-6
3,4;132;308,-8.4527327682902E-6
3,240;383;686,-8.444691630280319E-6
3,385;599;687,-8.43227005593906E-6
3,2;93;364,8.429958151277454E-6
3,39;881;988,-8.417965607484909E-6
3,242;502;825,8.4154578072218E-6
3,233;438;441,-8.393292631659694E-6
3,294;359;996,-8.391495448691969E-6
3,89;805;857,8.390841538356914E-6
3,119;611;637,8.38719658944764E-6
3,103;714;917,-8.380959292344282E-6
3,38;447;914,8.380701298519485E-6
3,120;173;626,-8.369881419302211E-6
3,197;520;938,8.360886637320298E-6
3,602;754;898,-8.348838738019174E-6
3,1;2;530,8.327207463239007E-6
3,107;169;960,-8.325477582740052E-6
3,433;715;716,-8.3252451145561E-6
3,680;761;765,8.320365877413715E-6
3,314;331;625,-8.318179904153705E-6
3,89;296;299,-8.303377664169443E-6
3,88;322;467,-8.280209989667623E-6
3,238;611;672,8.272863050255627E-6
3,245;307;905,-8.264241285052587E-6
3,303;635;658,-8.261104347663605E-6
3,270;826;975,8.257147049465368E-6
3,99;233;242,-8.245491681456246E-6
3,68;87;576,8.24328531032386E-6
3,133;461;901,8.22517992551397E-6
3,443;500;723,-8.21810004958153E-6
3,117;402;780,-8.216494210102847E-6
3,55;195;634,8.208095536417146E-6
3,251;351;705,8.192993488333598E-6
3,63;217;560,8.190128262173937E-6
3,28;288;871,-8.174862773100748E-6
3,404;715;968,-8.17245463114397E-6
3,38;343;809,-8.157910045704406E-6
3,508;552;898,8.157724076445556E-6
3,295;920;959,8.148957425578033E-6
3,435;701;947,-8.141523560397878E-6
3,835;968;992,-8.138269272913685E-6
3,333;466;556,8.11851102632194E-6
3,659;702;984,-8.112817388170036E-6
3,669;783;912,8.107480220222691E-6
3,602;641;792,8.099528604658658E-6
3,785;871;903,-8.08633349537067E-6
3,43;612;881,8.082343932657544E-6
3,198;202;410,8.076335841290152E-6
3,105;409;515,-8.067646861416349E-6
3,73;615;999,8.060435125155683E-6
3,108;528;566,-8.039791942747586E-6
3,282;481;601,8.014370196898237E-6
3,814;871;875,-8.011225718268646E-6
3,86;396;478,8.006926128674492E-6
3,128;191;547,-8.003336637630253E-6
3,34;720;960,7.994775143683412E-6
3,550;562;881,7.98396711370249E-6
3,649;709;739,-7.979427036981408E-6
3,83;821;950,-7.979205358042487E-6
3,499;698;937,7.963512605758716E-6
3,2;222;349,7.956306849120753E-6
3,106;282;481,-7.953661403937891E-6
3,51;452;706,7.939836012352619E-6
3,713;910;987,-7.92814854741088E-6
3,435;631;781,7.905605480336677E-6
3,460;677;729,-7.905474958239421E-6
3,70;569;935,7.897500796409173E-6
3,436;674;969,-7.89636845158741E-6
3,216;461;503,-7.89498115505267E-6
3,202;329;980,-7.894268443857163E-6
3,371;910;943,-7.893664064819867E-6
3,396;682;835,-7.865639122835957E-6
3,445;794;823,7.846696652457363E-6
3,170;551;942,-7.843518668776979E-6
3,453;660;949,7.842717119522515E-6
3,331;689;879,-7.829464302251156E-6
3,325;677;871,-7.827176675343509E-6
3,196;685;749,7.824422711329612E-6
3,69;734;824,7.820160851573478E-6
3,149;516;769,-7.817464182059013E-6
3,553;689;976,7.814192388192927E-6
3,299;733;793,7.813848848895752E-6
3,19;211;996,7.807434471844822E-6
3,212;363;534,-7.805271018179655E-6
3,280;423;561,7.788866044817224E-6
3,375;446;477,-7.780266651047634E-6
3,122;637;652,-7.775635070695734E-6
3,300;339;569,-7.774391309424183E-6
3,426;826;900,-7.771113487799769E-6
3,122;236;691,-7.743762455947232E-6
3,11;439;977,7.742917258746395E-6
3,140;666;826,7.736623318269246E-6
3,572;899;980,7.725240030707156E-6
3,364;842;878,7.712889559132991E-6
3,135;832;938,7.700566024799443E-6
3,9;231;440,7.680129231503887E-6
3,173;515;605,-7.665814365554133E-6
3,199;887;998,7.64955463509024E-6
3,406;579;692,7.647435331328316E-6
3,92;796;896,7.638144448899431E-6
3,227;306;831,-7.635428294464744E-6
3,99;242;615,-7.630712500556486E-6
3,2;32;35,-7.630674167685356E-6
3,288;332;400,-7.630168201771596E-6
3,0;295;344,7.629829184548798E-6
3,2;202;425,-7.619640915228189E-6
3,491;910;931,7.61247821463772E-6
3,385;522;690,-7.608905481499288E-6
3,713;793;997,7.608448026496878E-6
3,120;416;634,7.595875535394738E-6
3,178;244;738,7.59474685862039E-6
3,224;334;344,-7.589446426853469E-6
3,368;393;669,7.587319465022176E-6
3,11;550;809,-7.5846726614529765E-6
3,249;327;755,-7.577428475414129E-6
3,711;717;737,-7.57018431240699E-6
3,627;666;845,7.554639184441117E-6
3,261;451;881,-7.5360302464838915E-6
3,67;142;893,-7.50866142657124E-6
3,360;511;689,-7.507607946050255E-6
3,68;143;933,7.483293405761503E-6
3,323;772;819,7.461881763033512E-6
3,181;501;620,7.461449612141756E-6
3,453;589;836,7.450741531985074E-6
3,63;560;768,-7.425691403542649E-6
3,33;308;372,7.422635836168472E-6
3,129;300;980,7.411090084773003E-6
3,442;486;630,7.393754298706604E-6
3,240;686;994,7.39369785873675E-6
3,227;604;617,7.387253532285303E-6
3,1;338;708,-7.3837738862189E-6
3,55;830;887,7.37828769334456E-6
3,161;196;541,-7.374579310871789E-6
3,727;784;935,-7.366060597278894E-6
3,189;602;886,-7.363894610723676E-6
3,421;466;839,7.3582465736940355E-6
3,227;385;902,-7.358132686631797E-6
3,341;745;750,-7.356824829795307E-6
3,395;737;881,7.354500024106467E-6
3,89;296;889,-7.344489508517384E-6
3,556;839;990,-7.337778094647841E-6
3,253;721;868,7.333144175085016E-6
3,11;248;592,7.3328406075725205E-6
3,227;689;713,-7.332215285475785E-6
3,21;353;778,-7.331101238799636E-6
3,211;378;526,-7.326267715623947E-6
3,389;641;967,7.3240065471610055E-6
3,459;632;708,7.3201212130504165E-6
3,332;797;833,-7.3188506255259315E-6
3,292;329;742,7.315272806956739E-6
3,214;483;835,7.315233823017388E-6
3,56;118;535,-7.309911610464355E-6
3,488;827;886,7.303618250175271E-6
3,60;657;739,-7.2974298851341544E-6
3,246;673;845,7.2887823355576555E-6
3,98;603;881,-7.288691326819943E-6
3,438;441;860,-7.286186709479032E-6
3,255;285;373,7.28371124816439E-6
3,185;466;750,-7.279720644607895E-6
3,122;619;663,-7.272643692807543E-6
3,450;486;803,7.270698135823067E-6
3,105;128;832,7.267015972023707E-6
3,161;389;641,7.257545896182639E-6
3,109;241;754,-7.252027913071599E-6
3,230;631;866,-7.223690959769866E-6
3,86;212;478,-7.194110249958446E-6
3,108;504;675,7.193452642530886E-6
3,523;902;916,-7.1856325010159135E-6
3,25;349;863,7.182252465034081E-6
3,58;278;848,-7.178831155418352E-6
3,551;553;797,7.16458816862027E-6
3,448;781;902,7.1645610920075054E-6
3,713;719;851,7.162500932040128E-6
3,126;470;694,-7.162143645515762E-6
3,120;484;937,-7.156253603533576E-6
3,45;146;931,7.153713737699224E-6
3,89;234;594,-7.140931190832249E-6
3,25;422;831,-7.136412306135362E-6
3,2;246;916,-7.120737284510848E-6
3,352;373;400,-7.093866884279699E-6
3,116;323;722,-7.087383425799301E-6
3,99;206;998,7.085991971875792E-6
3,461;738;739,7.0856270200459276E-6
3,364;883;936,-7.080685907303985E-6
3,574;812;996,-7.073498956537746E-6
3,104;732;884,-7.069860082270962E-6
3,95;106;951,-7.064097120860452E-6
3,246;658;808,7.0636329811617356E-6
3,237;557;762,7.0604116512536756E-6
3,187;193;511,7.06004040460316E-6
3,698;920;923,7.0569965700961785E-6
3,581;639;735,-7.05167534192119E-6
3,55;123;830,7.0350498411062106E-6
3,169;304;678,-7.0294800716879276E-6
3,720;759;935,7.027587546739229E-6
3,255;373;894,-7.012352759945488E-6
3,40;196;579,-7.011812168640594E-6
3,41;94;433,-7.01028752569597E-6
3,142;379;444,-7.003236294639489E-6
3,355;624;733,-6.998631759639523E-6
3,198;887;998,-6.981792229654022E-6
3,69;824;931,-6.981009133913974E-6
3,18;526;808,-6.977107993863765E-6
3,227;617;867,-6.97530463297592E-6
3,117;495;991,-6.96997855780385E-6
3,98;467;700,6.967503244363384E-6
3,651;772;800,-6.960589062444043E-6
3,49;64;859,6.9585680768864085E-6
3,148;728;792,6.954568721088881E-6
3,516;680;814,-6.950247005300256E-6
3,67;436;848,6.94890402464049E-6
3,684;722;832,6.944782953250676E-6
3,401;711;889,-6.937740710899313E-6
3,255;338;956,6.936905912981666E-6
3,186;254;368,-6.935725875410734E-6
3,273;463;653,6.933380336036608E-6
3,122;477;747,6.930249974038589E-6
3,141;455;520,-6.91547646416784E-6
3,217;237;640,6.9086626674517775E-6
3,145;416;502,-6.9039077115626465E-6
3,72;397;640,6.902424752972265E-6
3,224;407;916,-6.8981163581965035E-6
3,103;184;714,6.882962619990805E-6
3,393;574;673,6.875269087329789E-6
3,446;477;732,-6.869604578633341E-6
3,276;613;688,-6.866983345143588E-6
3,221;446;993,6.862854656124333E-6
3,637;781;821,6.855624021216693E-6
3,726;794;980,6.8507562265602496E-6
3,417;561;816,6.8502368743072856E-6
3,304;447;752,-6.846286525379004E-6
3,77;152;596,6.829638364316777E-6
3,90;218;717,6.826711725687121E-6
3,304;885;965,-6.826163573648944E-6
3,135;453;654,6.818308632053693E-6
3,381;685;779,6.818222766521009E-6
3,449;547;752,-6.7975487180057146E-6
3,35;153;518,-6.796337576238584E-6
3,127;964;993,6.795772729823707E-6
3,449;485;583,-6.782440299531338E-6
3,330;406;961,6.770343737647115E-6
3,4;62;73,6.761239828967366E-6
3,223;413;474,6.761146991161684E-6
3,73;179;615,6.759874689988489E-6
3,575;639;913,6.751851318157975E-6
3,250;408;666,6.74018063639827E-6
3,240;309;901,6.705909686976791E-6
3,318;645;824,6.703571108956821E-6
3,128;605;786,-6.701930497392511E-6
3,40;456;966,6.6961194917967325E-6
3,109;776;952,-6.695767772174351E-6
3,253;270;666,-6.679089055369244E-6
3,91;161;509,-6.672830183214362E-6
3,193;511;750,-6.67163188724633E-6
3,284;460;637,-6.665412870377721E-6
3,48;716;741,-6.659192327655453E-6
3,50;67;371,6.636414583020451E-6
3,245;404;688,6.625336302033894E-6
3,101;292;685,6.6214392713517115E-6
3,433;716;834,-6.619412187112498E-6
3,253;627;666,6.613820912242646E-6
3,158;317;431,6.612218388181241E-6
3,60;807;962,-6.602021507444302E-6
3,221;559;585,6.599660055761122E-6
3,626;673;813,-6.59265232602832E-6
3,571;910;920,-6.591566939908817E-6
3,399;838;934,-6.574871988590313E-6
3,88;276;689,6.571432701839228E-6
3,104;267;704,6.548731657918802E-6
3,316;563;738,6.53116944694953E-6
3,153;181;969,-6.530471529737396E-6
3,581;585;630,6.529477112449098E-6
3,587;773;820,6.514422952461893E-6
3,379;444;800,-6.512416642807394E-6
3,196;333;988,-6.508041597638434E-6
3,147;830;933,-6.489549873799676E-6
3,35;142;458,-6.48419855932628E-6
3,153;532;814,-6.4839678239964825E-6
3,124;513;828,-6.475142696054582E-6
3,116;182;538,-6.474040688998987E-6
3,450;489;509,-6.444673198482503E-6
3,120;184;369,-6.422874932501332E-6
3,32;35;860,6.420952703922494E-6
3,509;530;603,6.416727824693273E-6
3,174;333;647,-6.411970783391653E-6
3,88;100;664,6.406041272675231E-6
3,180;379;973,6.404673829012528E-6
3,359;592;607,-6.395694388646605E-6
3,202;228;287,-6.387301758112727E-6
3,125;354;731,-6.386250252576609E-6
3,461;651;809,6.370735919995738E-6
3,665;753;799,6.369971382514716E-6
3,419;596;807,6.367916997471506E-6
3,91;161;207,-6.362481795831397E-6
3,467;468;570,-6.361535434740755E-6
3,150;268;486,6.358061664459333E-6
3,257;324;603,-6.35410933489184E-6
3,457;679;950,6.340165283551573E-6
3,539;552;898,6.33864966842666E-6
3,273;589;813,6.333725401474675E-6
3,31;214;793,6.327128817844346E-6
3,28;354;525,6.322486441097439E-6
3,642;696;744,-6.315304543163414E-6
3,331;427;586,6.315018767580415E-6
3,266;327;949,6.309366300763415E-6
3,44;504;675,-6.301095904897615E-6
3,13;79;444,-6.300873737595976E-6
3,299;339;442,-6.2918630663080095E-6
3,204;933;964,-6.285435276792283E-6
3,301;364;387,-6.28042760604466E-6
3,16;849;956,-6.280227432313191E-6
3,356;897;996,-6.276314032492951E-6
3,194;345;436,6.2683960038217405E-6
3,65;511;750,6.26149135707484E-6
3,215;517;651,-6.260407412693719E-6
3,184;681;944,-6.257934450677599E-6
3,601;631;781,-6.256424216688743E-6
3,716;741;744,6.24387039115059E-6
3,332;368;424,6.216787317862023E-6
3,54;79;627,-6.212836996684245E-6
3,732;830;884,-6.202787578854306E-6
3,500;642;906,6.182807437950439E-6
3,344;499;819,-6.174862414321789E-6
3,140;595;826,6.174673404188268E-6
3,111;525;833,6.172743441639563E-6
3,177;772;819,-6.169428249914139E-6
3,196;201;715,-6.159426467375061E-6
3,60;291;538,6.15936455199825E-6
3,569;693;718,6.153014360741411E-6
3,117;650;991,-6.150952130121061E-6
3,154;237;325,-6.150601093892615E-6
3,109;241;792,6.149553265626068E-6
3,80;266;788,6.1428368843198E-6
3,171;229;577,6.139572487502861E-6
3,267;343;801,6.134600498928923E-6
3,442;688;790,6.1305061021776875E-6
3,393;673;937,-6.127676268918352E-6
3,332;582;913,6.123183111957302E-6
3,211;246;673,-6.122426294016908E-6
3,105;171;942,-6.121654441357493E-6
3,118;390;420,-6.11431325166522E-6
3,562;567;803,-6.105572194959358E-6
3,250;733;763,-6.100063601908047E-6
3,156;300;450,-6.097193992615335E-6
3,384;407;494,-6.0963831224824795E-6
3,65;503;544,-6.083318762849645E-6
3,4;192;966,-6.080213803664744E-6
3,30;598;759,6.074847960961309E-6
3,318;551;872,6.070751639978729E-6
3,11;261;988,-6.0628909369385804E-6
3,444;632;800,-6.060831381212734E-6
3,163;322;403,-6.05216004843067E-6
3,83;436;969,-6.046972682945906E-6
3,314;663;695,-6.04689346718032E-6
3,18;346;868,6.046808196006371E-6
3,408;446;630,-6.043630681440211E-6
3,191;698;923,-6.041272386438729E-6
3,426;799;900,-6.0033497555202E-6
3,217;458;640,6.0024044978952E-6
3,237;277;703,5.995150351879017E-6
3,29;286;641,5.992047736753058E-6
3,106;401;518,5.987689423249388E-6
3,783;876;951,-5.985124770123387E-6
3,283;500;568,-5.977131116409646E-6
3,64;645;958,-5.975752815067351E-6
3,499;770;957,-5.957631038102065E-6
3,261;272;736,5.9572578447916434E-6
3,237;640;869,5.9424218635531E-6
3,522;625;859,-5.925849363728472E-6
3,202;329;684,5.914723456082301E-6
3,90;442;688,5.9041057758179164E-6
3,187;292;705,-5.896412371840014E-6
3,1;619;642,-5.893040315454762E-6
3,377;718;842,-5.88559284503749E-6
3,811;812;996,5.8837182526419695E-6
3,90;208;499,5.878095008558307E-6
3,440;491;929,-5.876297204675397E-6
3,130;669;671,5.869789300109902E-6
3,314;452;593,-5.855214843773858E-6
3,471;622;974,-5.854334638183328E-6
3,409;818;861,-5.853120289555411E-6
3,20;338;823,5.853087567565314E-6
3,254;534;659,-5.851036567984521E-6
3,30;158;507,-5.823761028593278E-6
3,17;128;597,-5.820649670015516E-6
3,116;358;749,-5.820456163961953E-6
3,379;796;901,5.8078961736957625E-6
3,677;745;947,-5.806722118135655E-6
3,17;128;434,-5.804993807842777E-6
3,230;569;935,-5.793368184722356E-6
3,154;222;316,-5.792568478043852E-6
3,399;407;888,5.777550963677519E-6
3,222;287;500,5.7732033729846445E-6
3,66;101;485,5.768912112855729E-6
3,60;375;681,5.750805990574766E-6
3,210;820;890,5.745112749218722E-6
3,232;249;288,-5.736262543271538E-6
3,245;732;915,5.735902589074454E-6
3,141;594;626,5.732580342183533E-6
3,284;437;678,-5.72966634981844E-6
3,118;372;383,-5.728273269843147E-6
3,127;150;486,5.72782379413575E-6
3,314;390;663,5.716268012746564E-6
3,230;476;581,-5.711466980248596E-6
3,154;241;316,5.70457288119041E-6
3,503;544;950,-5.699276658759817E-6
3,94;844;970,-5.698489716153228E-6
3,92;489;758,-5.697777778537708E-6
3,112;459;598,-5.693796047231033E-6
3,267;451;801,5.688589246442957E-6
3,2;32;860,-5.6836559720994665E-6
3,244;327;984,5.680012565918658E-6
3,301;540;683,-5.673554351673799E-6
3,872;944;979,-5.667692697057716E-6
3,186;640;752,-5.661318453001312E-6
3,158;875;923,5.642746813056494E-6
3,482;762;936,-5.63709591788376E-6
3,277;379;451,5.632829166720705E-6
3,655;924;980,-5.626970439589155E-6
3,12;519;951,5.625649679107503E-6
3,340;443;967,5.625606600042646E-6
3,211;673;845,5.622476914460873E-6
3,228;404;636,-5.62197010598681E-6
3,295;542;783,-5.619904656335342E-6
3,389;900;932,-5.618820742942253E-6
3,276;696;788,5.6154306061152735E-6
3,211;578;703,5.609120907977775E-6
3,67;168;609,5.602209581440025E-6
3,217;439;917,-5.601959032598969E-6
3,231;550;761,-5.592730437224469E-6
3,92;622;974,-5.591389172788216E-6
3,190;324;616,-5.5769583971870646E-6
3,373;529;637,-5.571288348274327E-6
3,163;219;649,5.570574266421616E-6
3,267;472;609,5.568633112725492E-6
3,637;821;902,5.54415740197927E-6
3,9;183;701,5.540542523702084E-6
3,264;725;816,5.519070054777337E-6
3,724;754;898,5.51517266919177E-6
3,6;384;768,-5.504914044299911E-6
3,148;964;993,5.495780897852371E-6
3,743;818;905,-5.47761536211102E-6
3,547;631;725,5.474906521560078E-6
3,250;639;965,5.463883487870268E-6
3,333;556;583,-5.453792679620814E-6
3,218;437;528,-5.441912963849112E-6
3,215;496;986,5.435482148809068E-6
3,228;301;314,-5.434534214894454E-6
3,404;718;830,5.4339827376136825E-6
3,171;832;925,5.428922655283847E-6
3,48;146;510,5.423191780174357E-6
3,298;331;586,5.420582536918031E-6
3,590;710;873,5.41543784615018E-6
3,530;746;980,5.405592290283201E-6
3,39;313;748,5.402327513444622E-6
3,420;461;809,5.400369927557346E-6
3,147;240;765,5.400090502238567E-6
3,244;286;328,5.399338945396712E-6
3,261;303;761,5.389985417025757E-6
3,437;528;763,-5.376280333474773E-6
3,158;358;781,-5.373982793402153E-6
3,28;158;525,5.3737647654348295E-6
3,170;382;936,5.367768109819874E-6
3,678;728;814,5.361543297527076E-6
3,415;713;719,5.352953900073464E-6
3,614;728;908,5.350783797720377E-6
3,380;502;751,-5.349661797039801E-6
3,392;800;918,-5.345635827974486E-6
3,313;384;466,5.343825357657258E-6
3,337;548;637,-5.339402822092609E-6
3,161;224;459,5.324616791445989E-6
3,302;354;573,-5.319009570919675E-6
3,226;700;948,-5.3188333163273655E-6
3,729;867;924,5.316535558680096E-6
3,216;713;910,-5.314141394875203E-6
3,97;273;613,5.3068210160345765E-6
3,302;573;908,-5.294785458130127E-6
3,48;716;744,-5.259234937025487E-6
3,773;820;987,-5.257732783608901E-6
3,7;498;593,-5.256752893500218E-6
3,130;534;702,-5.256390414584759E-6
3,161;224;407,-5.250985098112345E-6
3,56;227;831,-5.239995614012404E-6
3,140;268;956,-5.236317902630016E-6
3,275;423;813,-5.23473054683311E-6
3,1;370;670,5.228393576750049E-6
3,160;367;380,-5.223924053667804E-6
3,72;557;565,-5.222413402138918E-6
3,87;392;558,-5.220491569635808E-6
3,91;453;626,5.218385997463458E-6
3,387;450;915,-5.215318361782632E-6
3,579;776;872,-5.213992838289959E-6
3,756;775;796,5.208994189291244E-6
3,678;914;956,5.207386642234628E-6
3,182;421;576,-5.193853980551409E-6
3,632;640;967,-5.184108162487829E-6
3,204;427;482,5.183862391331138E-6
3,191;290;611,5.17671386990835E-6
3,633;693;718,5.173781846574847E-6
3,184;511;552,5.164065725106349E-6
3,589;677;998,5.155493393491639E-6
3,256;265;383,-5.1469946560580846E-6
3,121;299;469,5.144203277389722E-6
3,735;952;986,5.126954497495361E-6
3,117;128;547,-5.123672516309484E-6
3,601;814;875,-5.113999342719711E-6
3,364;445;632,-5.1127539303786465E-6
3,69;396;786,-5.079858950554513E-6
3,224;344;954,-5.076281281197155E-6
3,626;904;978,-5.071634769705475E-6
3,456;518;927,5.064620473098063E-6
3,45;94;494,-5.05126449302782E-6
3,821;884;982,5.046714713106828E-6
3,327;393;546,-5.045041870719712E-6
3,53;108;412,-5.0382272051166904E-6
3,153;814;873,-5.034643642063512E-6
3,33;289;375,-5.034584059092305E-6
3,200;620;884,-5.028499392226191E-6
3,275;288;423,-5.017303721137428E-6
3,725;816;876,-5.008225492258968E-6
3,89;594;652,4.996268743857959E-6
3,219;577;921,4.994595596789636E-6
3,393;574;937,-4.99193009302883E-6
3,27;519;723,4.988520227006951E-6
3,97;268;956,4.988228355345889E-6
3,34;378;858,4.9711571092059985E-6
3,417;849;956,-4.967546839851251E-6
3,283;651;654,4.963774220730338E-6
3,80;773;987,-4.960959513656341E-6
3,6;355;617,4.95917233549224E-6
3,402;494;769,-4.958618745350071E-6
3,343;418;918,-4.954673302573868E-6
3,12;264;872,4.953895180384412E-6
3,309;390;864,4.939372623544727E-6
3,110;134;497,4.93187756169863E-6
3,178;316;563,-4.929949280401146E-6
3,92;270;852,4.928233443236788E-6
3,181;188;603,-4.924098537613705E-6
3,573;616;699,-4.921659077166695E-6
3,11;559;690,-4.9201207941993555E-6
3,235;487;761,-4.90927479000517E-6
3,337;404;641,-4.90738987999621E-6
3,389;480;900,-4.899733253055101E-6
3,92;273;821,-4.899426892711501E-6
3,643;861;914,4.896524569540882E-6
3,515;706;885,-4.888383835344255E-6
3,227;604;969,4.871816043706713E-6
3,517;648;773,4.861879448171444E-6
3,174;533;701,-4.8586283978015735E-6
3,6;202;980,4.857782153672178E-6
3,111;395;404,-4.851558527981682E-6
3,498;748;967,4.850887206040339E-6
3,99;168;219,-4.849363611261402E-6
3,549;822;978,4.848518688488262E-6
3,73;288;945,-4.845036876002316E-6
3,181;714;969,-4.84289817081586E-6
3,192;545;976,4.837467913781764E-6
3,315;587;788,4.836429045649196E-6
3,40;42;196,-4.835458167363561E-6
3,17;804;814,-4.831700106482064E-6
3,379;599;973,-4.824620287101074E-6
3,347;630;990,-4.8204654708891366E-6
3,43;92;114,-4.8096339806537744E-6
3,178;589;965,4.802841794940147E-6
3,347;545;940,4.802351378693288E-6
3,44;51;106,4.799103703673247E-6
3,315;665;670,4.79841660227694E-6
3,643;727;933,4.793563734041481E-6
3,781;957;965,4.792340747613144E-6
3,529;566;815,4.789070270183472E-6
3,91;626;958,4.789011420022055E-6
3,161;407;916,4.7866219000687844E-6
3,42;582;839,4.785799015419281E-6
3,67;601;871,-4.778221569271487E-6
3,40;265;660,4.774552165818222E-6
3,20;198;338,4.7670761168873905E-6
3,399;632;753,4.766102469623033E-6
3,146;223;847,-4.7651758785263E-6
3,522;757;892,4.761144916618765E-6
3,192;883;948,4.7539256908209275E-6
3,288;820;841,4.750853437643831E-6
3,234;296;785,-4.7468401640004265E-6
3,383;686;994,4.732268364446985E-6
3,371;610;921,-4.725541817285198E-6
3,286;328;717,-4.725026540765662E-6
3,353;588;715,4.708532177150851E-6
3,562;673;898,-4.705843231766576E-6
3,20;60;961,-4.703889973367667E-6
3,505;548;575,4.702020970704855E-6
3,366;622;672,4.700778045635581E-6
3,303;838;996,-4.690361968584547E-6
3,432;487;733,-4.68286954575383E-6
3,172;612;724,4.671775826880009E-6
3,80;820;987,4.664402590520377E-6
3,342;624;733,4.651229838538218E-6
3,140;595;666,4.649849437253696E-6
3,56;531;801,-4.641008392485029E-6
3,422;539;666,-4.614220589368334E-6
3,181;188;914,4.600202936364553E-6
3,411;585;987,4.5980356581752615E-6
3,383;686;713,4.589796104535526E-6
3,277;399;572,4.585105218963808E-6
3,287;291;435,-4.571873329157372E-6
3,208;230;361,4.561942694931861E-6
3,378;901;904,4.558581974115295E-6
3,188;341;449,4.555636326310509E-6
3,382;456;922,4.548244997511171E-6
3,97;140;899,-4.542183454266022E-6
3,632;804;900,4.528992782836559E-6
3,598;883;905,-4.524136118172157E-6
3,421;766;989,4.5238429369231335E-6
3,245;392;749,4.521073567807218E-6
3,19;211;578,4.517744967055558E-6
3,97;545;992,4.513386200881601E-6
3,198;553;976,4.510615386473835E-6
3,250;666;966,4.508214503287558E-6
3,716;834;903,-4.488345100029094E-6
3,67;142;210,-4.485708593487181E-6
3,282;304;678,4.484778208062392E-6
3,277;628;974,4.484396727150494E-6
3,491;658;931,4.444662686061449E-6
3,607;793;914,-4.4353742558171854E-6
3,280;773;963,4.429051690215229E-6
3,344;770;819,-4.4228595681490155E-6
3,596;686;756,-4.4079278663747975E-6
3,47;569;627,-4.403001172026154E-6
3,12;75;199,4.395276493996576E-6
3,53;73;792,-4.381383656614793E-6
3,184;369;392,4.376051901466494E-6
3,393;605;630,4.374046331886622E-6
3,12;207;715,-4.371873736363267E-6
3,446;639;735,4.368471782740507E-6
3,68;94;576,-4.355222031304125E-6
3,295;645;895,4.352534798618621E-6
3,596;698;743,4.351696308643217E-6
3,110;284;497,-4.3468026045266895E-6
3,381;446;977,-4.343069797232094E-6
3,331;774;964,4.3402479965386626E-6
3,659;678;728,4.336705046556148E-6
3,69;567;764,-4.33431070590377E-6
3,376;417;887,-4.3330017421487555E-6
3,19;128;403,-4.320558875484625E-6
3,167;358;600,-4.319573979155008E-6
3,146;471;847,-4.318613007099809E-6
3,650;891;957,4.316274585226234E-6
3,53;288;792,-4.3121501044067065E-6
3,109;362;792,4.305698440018043E-6
3,307;341;567,4.294151962747375E-6
3,226;416;619,4.290269290683886E-6
3,163;308;817,-4.284271539746268E-6
3,278;955;992,-4.28138055559724E-6
3,643;671;962,4.2715797398766505E-6
3,52;419;522,4.263832238678905E-6
3,172;239;497,-4.263253882219008E-6
3,182;576;760,4.2600347979403E-6
3,353;741;795,4.25594371034884E-6
3,96;140;217,4.252705103818186E-6
3,135;572;654,4.248198475309155E-6
3,31;275;707,-4.24144458176821E-6
3,665;887;911,4.240827176315489E-6
3,332;722;832,-4.2406676208042796E-6
3,491;910;929,4.238359861777584E-6
3,495;792;950,4.235661910511807E-6
3,230;585;630,4.234645815987936E-6
3,116;182;221,4.220977793310262E-6
3,148;206;909,4.2138240639018715E-6
3,79;701;717,4.213330317808534E-6
3,730;901;978,-4.211523859465799E-6
3,725;821;982,-4.201947805020479E-6
3,207;470;512,4.198766401580422E-6
3,296;633;870,-4.195985459728005E-6
3,187;199;755,4.190152447341292E-6
3,123;148;789,-4.185190852109014E-6
3,4;192;976,-4.176771885123131E-6
3,153;360;914,-4.17168853059444E-6
3,157;300;339,-4.170407040535299E-6
3,27;363;901,-4.159293356636402E-6
3,477;551;699,-4.1551230856911594E-6
3,57;182;355,-4.153767446005579E-6
3,63;659;814,-4.151122663831511E-6
3,128;403;514,-4.140591358292839E-6
3,213;295;565,-4.130257612574205E-6
3,103;126;714,4.117953348579597E-6
3,191;547;555,-4.117050387635879E-6
3,86;164;478,4.116091796899497E-6
3,484;563;648,-4.114142019961391E-6
3,97;304;613,4.110410029620568E-6
3,288;509;841,-4.088806705389283E-6
3,85;414;959,4.086066574012438E-6
3,438;828;882,-4.067087041408464E-6
3,147;297;354,-4.0634324682629414E-6
3,313;732;748,-4.057964112807115E-6
3,272;910;938,4.05691627970689E-6
3,214;518;835,-4.04998495824957E-6
3,110;806;822,4.038937716736052E-6
3,411;561;674,4.0380534416265404E-6
3,470;512;580,4.034558952103442E-6
3,567;783;912,4.0322136219599385E-6
3,25;60;910,-4.0315643083338735E-6
3,97;582;772,4.030572698607522E-6
3,80;157;494,4.029743756175902E-6
3,17;649;833,4.016970883420633E-6
3,222;241;316,3.999805216134348E-6
3,727;733;954,-3.9993412435008935E-6
3,677;690;994,-3.9916784841717915E-6
3,347;929;990,-3.989233218819933E-6
3,375;420;871,-3.982868652184533E-6
3,232;513;546,-3.974216043661917E-6
3,345;436;563,3.973412410361324E-6
3,224;517;954,3.965394626839612E-6
3,36;207;486,-3.962272090335228E-6
3,395;737;778,-3.961439813410177E-6
3,248;278;816,-3.9538095749692E-6
3,27;711;821,-3.94650953017027E-6
3,16;388;891,3.928571224373709E-6
3,86;439;464,-3.916752004970568E-6
3,119;746;992,3.913360826149296E-6
3,412;424;896,-3.911129210795693E-6
3,341;411;526,3.909307285592429E-6
3,59;327;873,3.909048055850021E-6
3,256;551;812,-3.9084041396439115E-6
3,214;454;968,-3.903178248544386E-6
3,131;468;472,3.885378079454476E-6
3,221;585;987,-3.882643194761369E-6
3,66;247;577,3.8769116509456765E-6
3,303;456;709,3.864210209562929E-6
3,372;606;881,3.863568616556699E-6
3,67;848;891,3.86093505345287E-6
3,792;925;977,-3.8579674599407105E-6
3,61;67;855,-3.8577763618055265E-6
3,122;543;865,-3.855756814174327E-6
3,170;640;962,-3.848936979039583E-6
3,2;279;871,-3.840439384576028E-6
3,131;336;459,3.826581375759544E-6
3,269;363;673,3.806210480755842E-6
3,170;762;936,3.796549672702366E-6
3,16;376;968,3.786401688263476E-6
3,95;223;474,-3.7688687261244608E-6
3,53;301;352,3.7683653470487188E-6
3,530;596;807,3.762672527001555E-6
3,68;768;842,3.7545700887752324E-6
3,198;341;910,-3.740774475411681E-6
3,49;64;427,3.7342518501598046E-6
3,76;643;689,-3.7246592400759992E-6
3,35;518;877,-3.7094774962081676E-6
3,576;678;914,3.706938723813082E-6
3,170;201;939,3.689757405582639E-6
3,16;115;231,-3.689176362029173E-6
3,482;777;909,3.6889238614934496E-6
3,232;546;647,-3.6852730055239732E-6
3,33;93;372,3.6821565564519912E-6
3,38;522;680,3.6726043132643027E-6
3,83;720;821,-3.6705279525330938E-6
3,278;756;816,3.6597798271511343E-6
3,427;482;625,-3.6584134018027156E-6
3,36;375;756,3.6484996131661214E-6
3,39;75;881,-3.642834888117813E-6
3,114;646;852,-3.6354297386650344E-6
3,281;774;964,-3.617088364605489E-6
3,610;872;933,3.612126117398178E-6
3,659;694;825,-3.603343222278146E-6
3,302;910;938,3.5896670843144006E-6
3,682;714;969,-3.5833428324982993E-6
3,408;675;711,3.572742272509009E-6
3,423;693;921,3.5667706333849527E-6
3,109;739;753,-3.557022199438299E-6
3,202;341;410,-3.551867757693908E-6
3,245;723;749,-3.547295270727734E-6
3,181;342;620,-3.532492920086082E-6
3,135;210;938,3.5107860528044883E-6
3,106;477;747,3.501790260967228E-6
3,509;603;980,3.4917886562398985E-6
3,148;373;377,3.4762867339785675E-6
3,304;446;639,3.4716886346526853E-6
3,189;757;886,-3.469794076066776E-6
3,53;156;670,3.4693576206896587E-6
3,87;575;675,-3.465053096041927E-6
3,678;820;890,3.4606596514213523E-6
3,83;436;570,-3.4568079742056253E-6
3,392;558;899,3.4516952385526685E-6
3,228;652;860,-3.448406003415599E-6
3,17;647;804,-3.4475959766062554E-6
3,423;561;674,-3.4463608302039394E-6
3,223;471;847,-3.4449069217299364E-6
3,544;653;805,3.4279581764566985E-6
3,101;485;498,3.427828279950387E-6
3,773;827;981,-3.4221217586102374E-6
3,310;423;535,-3.421311512644472E-6
3,275;431;707,3.410592662534344E-6
3,358;548;781,3.401264596246435E-6
3,158;237;287,-3.390025298804854E-6
3,517;606;758,-3.385060171889609E-6
3,253;622;974,3.377849752237663E-6
3,58;113;862,-3.3705079040256478E-6
3,11;927;973,-3.3692688035666524E-6
3,2;199;530,3.3691616723824715E-6
3,146;653;673,-3.3573310824957967E-6
3,279;442;986,3.343276577475872E-6
3,87;535;938,3.3374345903680256E-6
3,94;777;843,3.331385689704744E-6
3,35;261;881,3.3298854280645813E-6
3,111;266;570,-3.3260897983681953E-6
3,310;423;817,3.325947840705241E-6
3,86;181;969,-3.321304041310473E-6
3,203;281;797,-3.3046695935823187E-6
3,745;748;766,-3.2945327052279797E-6
3,326;491;745,-3.2885306186302872E-6
3,402;527;566,3.280632403183138E-6
3,588;612;831,3.277460421697659E-6
3,53;107;287,-3.2753096105281946E-6
3,426;663;695,3.268377616753783E-6
3,37;216;273,3.2622219938294277E-6
3,278;344;450,-3.2505211690762453E-6
3,302;513;608,3.2458124065241726E-6
3,33;408;672,3.2453310733108336E-6
3,102;257;485,-3.237000136422495E-6
3,331;397;689,3.2241236955848143E-6
3,211;283;889,3.20914790385431E-6
3,621;783;936,-3.190007974616993E-6
3,199;447;752,3.1602309370050675E-6
3,143;827;931,3.1530451523267485E-6
3,265;383;859,-3.152025341978854E-6
3,208;261;451,-3.148485595418568E-6
3,338;700;956,3.145105389983343E-6
3,457;877;883,-3.1426116170581754E-6
3,119;290;637,-3.1343501006065415E-6
3,86;270;701,-3.1280068939366324E-6
3,195;408;883,3.126269940131564E-6
3,218;717;889,3.121855212006107E-6
3,495;574;980,-3.116221173628333E-6
3,381;775;810,3.106107440098385E-6
3,61;279;871,3.09732919249835E-6
3,602;724;754,3.0928393569823082E-6
3,111;562;866,-3.0922474722218583E-6
3,556;679;839,-3.0901896517095548E-6
3,120;626;634,3.0833781643099386E-6
3,158;317;400,3.079869112979618E-6
3,439;917;971,3.079728924193517E-6
3,344;450;803,-3.0797018533786913E-6
3,36;207;697,-3.0787172953936E-6
3,335;393;396,3.0727292534681733E-6
3,63;734;768,-3.0559543544667993E-6
3,28;66;552,3.0439342454833333E-6
3,89;244;374,3.042605003606175E-6
3,177;377;430,3.0382970097110747E-6
3,172;214;314,-3.0334172031558463E-6
3,227;415;689,-3.028662516975641E-6
3,588;608;923,3.0249731688824257E-6
3,89;234;701,3.0239607688619142E-6
3,218;437;763,-3.0108296913512085E-6
3,327;374;984,3.0094538231173543E-6
3,237;767;964,-3.005335537265043E-6
3,195;421;839,-3.0045440370804132E-6
3,177;568;936,2.999556172737186E-6
3,13;457;679,2.999380747426939E-6
3,99;133;677,-2.9955024182597016E-6
3,318;824;876,-2.991940836706848E-6
3,285;292;787,2.9887543620641597E-6
3,189;569;741,-2.984324739943898E-6
3,341;535;921,-2.9835786871376183E-6
3,60;661;910,2.975676446638792E-6
3,427;768;777,-2.9692508623863355E-6
3,70;530;987,2.964798353741128E-6
3,33;534;552,2.961259830784484E-6
3,291;668;826,-2.952564743798923E-6
3,32;109;241,-2.94472249156915E-6
3,196;335;734,2.9388083911330644E-6
3,410;768;957,-2.9162766237196756E-6
3,69;167;821,2.909119943479078E-6
3,451;729;924,-2.907233756566839E-6
3,55;101;488,2.889681982255532E-6
3,28;432;525,-2.8800614724912437E-6
3,264;480;555,2.8792475625485265E-6
3,391;442;986,-2.8744976282738187E-6
3,16;115;801,-2.863922509594677E-6
3,247;306;592,-2.8612332152198535E-6
3,67;142;711,-2.858480433204358E-6
3,250;315;587,-2.848976888407122E-6
3,93;372;834,-2.8476783660001185E-6
3,64;427;859,2.8466579070439217E-6
3,216;402;945,2.836260669542335E-6
3,109;241;448,-2.8263060740553944E-6
3,135;210;865,2.8222468020917443E-6
3,298;841;892,-2.81155240419495E-6
3,133;370;481,2.8111212605406583E-6
3,153;404;489,2.8059937031250755E-6
3,454;737;968,-2.784851338993942E-6
3,494;576;987,2.779339399451186E-6
3,11;809;920,2.7767020454434918E-6
3,533;701;837,-2.7757232768692643E-6
3,106;312;492,2.7700967064638836E-6
3,261;277;572,-2.7692631444782255E-6
3,728;908;984,-2.7655078079932284E-6
3,116;358;722,-2.7566106712091713E-6
3,376;395;525,2.7503379989439955E-6
3,198;598;759,-2.7424192446560763E-6
3,552;559;872,-2.738957420097703E-6
3,124;453;661,-2.7188674318853155E-6
3,465;597;901,-2.713790026912525E-6
3,111;145;404,-2.6997488769421768E-6
3,512;580;961,-2.6877578576225864E-6
3,631;781;846,2.687026072126654E-6
3,54;303;457,-2.6866583320695783E-6
3,379;451;512,-2.6803392162366817E-6
3,182;306;464,2.6774091421522435E-6
3,383;479;992,-2.676992841983368E-6
3,76;436;983,2.675202390710972E-6
3,4;676;934,-2.6693903468035587E-6
3,284;677;940,-2.6481782507348472E-6
3,236;787;807,-2.6426375447111788E-6
3,306;307;623,-2.635645275696305E-6
3,269;276;920,2.634508591431217E-6
3,120;184;392,2.6306677563005637E-6
3,228;626;673,-2.6214633001572577E-6
3,129;156;994,2.6173566423844943E-6
3,214;510;855,2.6097246635516382E-6
3,199;249;263,-2.60928865973694E-6
3,185;499;698,-2.6051528672585702E-6
3,47;135;432,-2.5922288875879842E-6
3,678;736;830,-2.5850240310404567E-6
3,326;745;978,2.5840493886659133E-6
3,6;768;777,-2.5754079015902694E-6
3,330;469;929,-2.567895591922546E-6
3,176;462;814,-2.564280886968098E-6
3,80;193;468,2.5430919120604245E-6
3,146;184;337,2.5419765622835543E-6
3,132;308;817,2.5395466229388013E-6
3,53;446;732,2.537972159638455E-6
3,158;358;407,2.53472852573855E-6
3,414;868;982,2.5234560324451546E-6
3,155;364;441,-2.522070904545728E-6
3,333;647;993,2.5168666439556452E-6
3,236;282;678,2.511495833858589E-6
3,146;653;810,2.5053695945902246E-6
3,525;771;867,-2.4981738895395144E-6
3,5;732;915,-2.496929337525978E-6
3,539;596;662,-2.491357126583417E-6
3,160;376;532,-2.4902214737241477E-6
3,381;525;775,-2.485315830905284E-6
3,133;177;370,2.4811098529409456E-6
3,174;333;488,2.4785584177512074E-6
3,178;244;316,2.476560138087822E-6
3,362;441;751,-2.4681906024457273E-6
3,258;616;699,2.4426277930822728E-6
3,209;272;736,2.440219043574693E-6
3,422;640;778,-2.4378226153802184E-6
3,240;418;590,-2.4358061408344853E-6
3,129;156;625,-2.4336639927416937E-6
3,64;89;731,2.409924273604619E-6
3,41;483;546,-2.408432931112772E-6
3,459;664;973,2.4066052034215013E-6
3,296;640;717,-2.395381148893448E-6
3,192;359;592,2.393636026818625E-6
3,185;491;750,-2.382172652388166E-6
3,537;955;992,-2.3680653258576214E-6
3,216;589;704,2.367077556135036E-6
3,470;740;989,-2.3610481305235826E-6
3,526;888;927,-2.3589699877521533E-6
3,841;881;988,2.3347979358985875E-6
3,118;222;524,2.333936667710555E-6
3,268;463;949,2.32400318168563E-6
3,99;133;463,2.320403766399609E-6
3,379;421;869,2.3114299047900624E-6
3,238;405;820,2.3074705872258224E-6
3,110;616;862,2.2981835601511013E-6
3,604;617;867,-2.290971082779741E-6
3,403;596;828,2.284248375492501E-6
3,346;671;747,-2.2803201186788435E-6
3,361;396;880,2.2750262368830023E-6
3,197;451;803,-2.261684853764618E-6
3,116;192;857,2.261186744188886E-6
3,469;597;953,-2.259745478440364E-6
3,542;918;926,-2.258902608610426E-6
3,251;695;763,-2.234163792109636E-6
3,46;225;574,-2.233675352934186E-6
3,280;428;656,-2.222981213770025E-6
3,146;931;956,2.2210103153288417E-6
3,61;849;855,-2.213879285930545E-6
3,437;699;830,2.2089108171995524E-6
3,44;106;107,2.207889482120227E-6
3,512;650;957,2.183448038193453E-6
3,291;826;932,-2.1756761067349626E-6
3,258;557;765,2.1718682160458065E-6
3,86;315;670,-2.1639297829861848E-6
3,138;440;788,-2.1598128304450017E-6
3,160;258;968,2.1578594579789133E-6
3,267;801;867,-2.1510206832833156E-6
3,817;950;976,2.1502239666972395E-6
3,99;568;882,-2.1486268948674346E-6
3,349;713;910,2.143950472687686E-6
3,31;275;431,-2.1391754841882867E-6
3,142;632;800,-2.134746443392701E-6
3,122;604;660,2.1309254206079847E-6
3,360;679;839,-2.1304057482085387E-6
3,715;834;903,-2.1249307841292725E-6
3,40;158;653,2.1204218701849043E-6
3,179;628;869,2.1173211144091506E-6
3,288;877;883,-2.1161435317268856E-6
3,352;523;861,-2.1073189803047234E-6
3,257;290;917,-2.093920383205647E-6
3,67;860;891,2.07942421719675E-6
3,339;556;569,2.076430538642902E-6
3,246;658;910,2.062193689009069E-6
3,12;29;494,2.057547683819664E-6
3,145;833;898,-2.055707871983066E-6
3,601;742;990,-2.044431785578494E-6
3,769;902;916,2.0329680957777637E-6
3,164;450;852,-2.0254757944658046E-6
3,17;715;866,2.0164813794283505E-6
3,222;500;723,2.0111647552703247E-6
3,53;790;882,2.0093320386493434E-6
3,40;230;342,-1.9770849198083516E-6
3,286;562;593,-1.966456416549432E-6
3,179;379;628,1.9647918700359953E-6
3,406;437;961,1.9537661807289277E-6
3,484;517;648,-1.9533299948309437E-6
3,96;288;633,-1.938856438717884E-6
3,227;606;841,1.9342567401695494E-6
3,120;769;937,-1.927258146109237E-6
3,502;555;717,1.9246486031202736E-6
3,71;424;616,-1.915567380423578E-6
3,11;459;664,-1.9039441109145531E-6
3,86;142;252,-1.893593537460412E-6
3,836;876;951,1.891297590683065E-6
3,94;299;433,-1.882335738469295E-6
3,368;476;515,-1.8775576422855114E-6
3,640;733;962,-1.8697860089060618E-6
3,46;628;881,1.8551656276329134E-6
3,851;858;995,-1.8514340611039612E-6
3,498;858;995,-1.84839982198921E-6
3,8;741;795,1.848367573399158E-6
3,432;812;890,-1.8459913071751517E-6
3,245;379;957,1.8406025214383859E-6
3,60;534;962,1.8390596090055064E-6
3,26;766;835,-1.8322518183537181E-6
3,604;660;792,-1.830878258127354E-6
3,828;893;905,1.824410314571305E-6
3,91;396;746,1.8185235928688155E-6
3,304;524;582,1.807239394631073E-6
3,311;670;807,-1.8040158432045714E-6
3,93;589;888,-1.8023631847835404E-6
3,26;32;79,1.795018184003374E-6
3,226;349;769,-1.785872144886954E-6
3,303;624;757,-1.7689399117204741E-6
3,593;748;967,-1.7635716746928487E-6
3,396;639;746,-1.7479119752921713E-6
3,200;537;992,-1.7418608352139723E-6
3,260;547;725,-1.73797179360902E-6
3,249;755;929,1.7338621092328027E-6
3,492;666;997,1.732408525738971E-6
3,276;874;929,1.7281627139670158E-6
3,399;878;934,1.708121128339256E-6
3,318;645;876,-1.707781136463204E-6
3,220;326;332,-1.6975586522994454E-6
3,53;107;877,-1.693496697817383E-6
3,360;607;793,-1.6909135503779885E-6
3,422;809;970,1.6897731648473427E-6
3,211;384;646,1.6805097284643655E-6
3,14;409;882,-1.6804383369696217E-6
3,199;320;955,-1.6792561934861962E-6
3,117;576;759,1.676268457137191E-6
3,86;219;311,1.6718739102450225E-6
3,250;549;966,-1.6700841809784636E-6
3,745;766;835,1.6682252237027878E-6
3,14;676;778,-1.6630401772448795E-6
3,333;488;647,-1.6629733776398412E-6
3,130;496;674,1.656713793089064E-6
3,102;257;929,-1.6518441308389086E-6
3,545;811;858,-1.643490751478991E-6
3,149;474;917,1.6236821263534569E-6
3,306;921;976,-1.6128688294042363E-6
3,302;354;908,1.6081990688746953E-6
3,296;618;888,-1.6063815720924052E-6
3,133;617;934,1.6059461698008127E-6
3,235;442;489,1.6059048043128472E-6
3,337;400;791,-1.6035231266561812E-6
3,141;626;917,1.599204137680943E-6
3,96;783;951,-1.5948179061694954E-6
3,781;821;902,-1.5941459489268312E-6
3,186;292;685,-1.5918561874492984E-6
3,392;723;749,-1.588271657814059E-6
3,247;306;849,-1.5882699513727513E-6
3,268;336;374,-1.5875833724477256E-6
3,14;69;167,-1.5843990408912594E-6
3,228;314;860,-1.5841232772905828E-6
3,56;499;535,-1.5803507699493138E-6
3,18;862;877,1.5802763194679644E-6
3,386;493;983,1.5784823061873073E-6
3,572;654;811,-1.5566144370234916E-6
3,240;765;812,-1.5421233202071935E-6
3,119;123;687,-1.5163461329842712E-6
3,99;683;998,-1.5156436994813518E-6
3,209;462;949,-1.514437587744475E-6
3,182;328;618,-1.5137462589142995E-6
3,214;314;521,1.5025122357058898E-6
3,11;439;446,-1.502124675404004E-6
3,119;835;992,-1.497279522969082E-6
3,439;446;977,1.4920435733190608E-6
3,509;530;980,1.4868129134679997E-6
3,757;758;892,1.483596437864977E-6
3,78;130;674,-1.4810331639556056E-6
3,47;220;522,1.4809843162240378E-6
3,219;496;792,-1.4786817689805832E-6
3,269;365;900,1.4773032040719531E-6
3,68;576;903,-1.4754649071271297E-6
3,387;886;915,1.470209128443107E-6
3,53;222;753,-1.4654311080018433E-6
3,14;196;738,-1.4531302782967021E-6
3,377;539;685,-1.4529045501521128E-6
3,308;634;861,1.4519444274625136E-6
3,347;695;900,1.4505475885335587E-6
3,56;284;541,1.4290397613360984E-6
3,182;221;538,1.4280679552239016E-6
3,202;287;596,-1.4189172505904777E-6
3,459;715;800,-1.4137345034226229E-6
3,0;4;181,1.4096958810432722E-6
3,237;557;944,1.409514816613236E-6
3,609;662;931,1.4092761777165751E-6
3,7;301;390,1.4060838463794515E-6
3,284;701;717,1.3977043276852432E-6
3,331;397;879,1.3898972737985475E-6
3,184;675;724,1.3853539921595686E-6
3,234;568;882,1.3853209348592792E-6
3,438;588;798,-1.382920454726374E-6
3,216;273;979,1.3825700741987266E-6
3,202;341;910,1.38036597013122E-6
3,391;522;859,1.3769113430443757E-6
3,578;703;996,1.3612927634044092E-6
3,234;294;946,-1.3524474011306354E-6
3,15;60;970,-1.347958718280664E-6
3,330;388;469,1.3468614501108562E-6
3,491;639;978,1.3376998116962392E-6
3,25;688;744,-1.3371000548596386E-6
3,343;727;913,-1.3199910593890835E-6
3,53;670;997,1.318020099763801E-6
3,19;53;291,-1.3127814844557593E-6
3,216;541;751,-1.3075203688013882E-6
3,537;585;911,1.305811922658426E-6
3,165;283;858,1.2989425802793636E-6
3,282;932;998,-1.2766885173716922E-6
3,153;155;216,1.2742317876675257E-6
3,128;476;667,-1.2600533573337917E-6
3,7;498;967,1.2492379848692248E-6
3,312;888;904,-1.2455957987673356E-6
3,346;629;671,-1.2435041085473928E-6
3,331;590;720,1.2417902966331377E-6
3,299;533;947,-1.2384535517513674E-6
3,164;396;478,-1.2377944752657161E-6
3,361;396;980,1.2320874290805764E-6
3,192;592;607,-1.2300310069759506E-6
3,28;55;950,-1.2268575346808808E-6
3,510;564;632,-1.2233282908968371E-6
3,65;193;750,1.2009138626741661E-6
3,718;817;976,1.194172381812162E-6
3,383;484;992,-1.1732718854197167E-6
3,292;685;766,-1.1684442071846283E-6
3,156;300;504,-1.16647957333927E-6
3,459;800;918,1.157467801160484E-6
3,211;378;744,1.1536176437563286E-6
3,211;805;919,1.1521576210924006E-6
3,268;899;956,-1.141792164346879E-6
3,94;352;400,-1.1385821462269013E-6
3,194;590;958,1.138105407506803E-6
3,103;126;184,1.130445131694996E-6
3,326;332;424,1.1301717530958559E-6
3,204;777;909,-1.1237275036958885E-6
3,332;831;952,-1.1034847420764888E-6
3,232;249;332,-1.1012189911470196E-6
3,181;541;856,-1.056817301353763E-6
3,591;661;888,-1.0567595690584368E-6
3,40;60;342,-1.0470811286440034E-6
3,187;690;757,1.0444464486239791E-6
3,514;595;968,-1.0432240867361415E-6
3,551;782;926,1.0351401844141162E-6
3,587;638;782,1.0339852697753352E-6
3,296;400;485,1.031145577413864E-6
3,113;153;216,-1.0253297885368038E-6
3,101;488;950,-1.0239540286583887E-6
3,257;920;999,-1.0190478577857333E-6
3,53;767;918,-1.0117031819282808E-6
3,667;671;962,1.011087455281237E-6
3,39;458;874,9.99759711051481E-7
3,122;605;665,-9.918814496818405E-7
3,80;337;516,9.898185198576534E-7
3,22;703;749,9.831084368393112E-7
3,205;262;493,-9.83098133712501E-7
3,142;444;632,9.659347971925844E-7
3,721;874;883,-9.63994204220591E-7
3,88;689;784,9.613218160853394E-7
3,14;167;860,9.551700100037564E-7
3,45;229;700,9.468422730416204E-7
3,440;910;929,-9.408417306392761E-7
3,39;458;676,9.220444488091534E-7
3,376;665;887,8.992854056172756E-7
3,691;789;942,8.882668063905468E-7
3,573;793;836,-8.822383700482599E-7
3,63;150;627,-8.705335612721257E-7
3,314;331;452,8.675044123930901E-7
3,126;331;851,-8.577868504520553E-7
3,122;587;782,8.384841300131049E-7
3,437;682;709,-8.374008397510347E-7
3,282;793;920,8.144753903511701E-7
3,514;519;723,8.031186995268065E-7
3,185;415;466,-7.987038764102929E-7
3,94;140;777,7.968523907178893E-7
3,566;711;829,-7.8570666879723E-7
3,22;275;664,-7.831685869316499E-7
3,293;779;805,7.74164760599945E-7
3,0;373;960,7.733888393714784E-7
3,507;578;799,-7.567623375765546E-7
3,300;404;980,-7.491697506849908E-7
3,22;151;485,7.472493212078122E-7
3,492;599;997,7.442489577709558E-7
3,243;699;705,7.307704820698411E-7
3,688;790;881,7.203036546063746E-7
3,395;525;572,7.188272134029221E-7
3,1;370;945,-7.088501874136892E-7
3,272;302;432,7.03741834348029E-7
3,86;665;670,7.017042963319426E-7
3,149;208;499,-6.952387646498651E-7
3,449;485;752,-6.884490446575735E-7
3,257;269;920,-6.810177679833843E-7
3,104;421;830,6.788075964090229E-7
3,111;404;898,-6.640065478463499E-7
3,348;483;635,-6.608136400756588E-7
3,98;402;769,6.525342587996655E-7
3,137;336;804,-6.444275556067164E-7
3,137;324;794,-6.418383963625179E-7
3,362;605;786,6.413278287624724E-7
3,2;425;916,-6.35936997131957E-7
3,0;4;20,6.258868347383782E-7
3,310;535;817,6.112637119785394E-7
3,148;604;964,6.022621672414665E-7
3,569;633;693,5.996251743802944E-7
3,300;371;404,5.988539956341479E-7
3,56;827;931,5.897511388314875E-7
3,78;496;674,5.82628764007876E-7
3,571;718;874,-5.723716649553429E-7
3,64;384;731,-5.53234281972511E-7
3,92;273;589,5.462461151900452E-7
3,665;709;776,-5.446729155290965E-7
3,378;790;904,-5.4269948168046E-7
3,1;156;571,5.373943953440735E-7
3,11;490;574,5.250152815693237E-7
3,214;521;690,5.236159201952029E-7
3,274;893;905,-5.232683136666556E-7
3,86;453;756,-5.208607227666918E-7
3,364;401;936,-5.195087798145897E-7
3,649;715;833,-4.923894917808098E-7
3,381;810;987,-4.902647367515563E-7
3,63;92;281,-4.749678244292087E-7
3,177;187;757,4.708275687873506E-7
3,197;467;938,4.675976204709838E-7
3,222;287;443,-4.6190385203977516E-7
3,160;352;983,-4.572537231393309E-7
3,76;533;833,-4.5308618866042596E-7
3,63;92;603,-4.493731189048195E-7
3,529;637;755,-4.3526834616645223E-7
3,466;933;984,4.2293717643627356E-7
3,25;60;768,-4.0325365353076697E-7
3,168;669;721,-3.979557066762403E-7
3,559;658;872,-3.975719416092656E-7
3,153;518;877,-3.941458351611714E-7
3,440;720;759,-3.812464402133328E-7
3,244;286;569,3.6344179482532267E-7
3,157;300;569,3.5836128872930585E-7
3,394;689;863,3.5646667127561124E-7
3,513;546;647,-3.5496025553900107E-7
3,191;201;547,-3.5038854590730905E-7
3,92;471;847,-3.5012298642939784E-7
3,174;533;837,-3.4607660594059007E-7
3,77;95;951,3.452325385751229E-7
3,92;551;699,-3.3650619917452094E-7
3,712;737;872,-3.261891439200956E-7
3,491;745;978,-3.229796202910869E-7
3,90;688;881,-3.161480199347713E-7
3,235;442;731,-3.1007746968584815E-7
3,118;198;499,-3.049611817206796E-7
3,94;373;400,3.0397603871386637E-7
3,194;345;563,-2.905249104136337E-7
3,648;755;816,2.876673579178396E-7
3,192;277;471,2.7517745689507183E-7
3,56;227;902,-2.646068809052035E-7
3,160;487;845,2.6040025167158377E-7
3,131;440;870,2.3042581280287993E-7
3,562;738;803,-2.2654723211041132E-7
3,216;461;555,-2.1874783145937883E-7
3,328;713;872,-2.1491510961445248E-7
3,526;888;904,-2.1109605174515767E-7
3,432;709;812,-2.090430735111476E-7
3,231;550;680,-2.088440743695727E-7
3,18;304;885,1.9902258460910427E-7
3,240;815;901,1.964409689218516E-7
3,113;155;968,1.8922055068069932E-7
3,81;623;728,1.7619252863515512E-7
3,465;643;933,1.6576644352864906E-7
3,415;571;670,1.5553680497992773E-7
3,333;488;993,1.522233605522304E-7
3,475;686;763,1.513105695083658E-7
3,299;657;700,-1.3154513637830823E-7
3,58;397;862,-1.3037647669939673E-7
3,75;145;416,1.292148191735683E-7
3,12;41;299,1.2907505402701484E-7
3,96;140;359,-1.256846646531251E-7
3,269;564;767,-1.1834759389572555E-7
3,19;53;767,1.1775319913333998E-7
3,137;743;805,1.0766664831277085E-7
3,305;360;777,1.0432505496699163E-7
3,84;85;242,-1.0241734017461465E-7
3,363;404;937,-9.710869308144493E-8
3,749;797;983,-9.694282699710539E-8
3,30;589;704,-9.057650374131449E-8
3,452;651;958,8.647119464445102E-8
3,317;405;459,-8.333455252785074E-8
3,324;465;643,7.989287562561175E-8
3,363;465;597,7.308443279772578E-8
3,120;279;966,6.650935207287017E-8
3,214;391;714,6.451119293524737E-8
3,624;729;931,-5.152135575742581E-8
3,376;380;532,4.842361795388481E-8
3,86;404;439,4.4358173824983473E-8
3,496;941;986,4.1217310129862404E-8
3,97;739;992,4.0226443873581095E-8
3,288;591;871,3.829391492944645E-8
3,271;322;711,2.8904632439846758E-8
3,60;375;961,-2.8205948754619904E-8
3,312;492;681,2.6050049909877998E-8
3,4;132;163,-8.97371495812982E-9
3,228;314;652,-7.844977791646169E-9
3,171;499;803,-5.284978213358771E-9
4,17;168;562;898,1.9167236207139323E-4
4,376;638;644;968,1.7988903407950178E-4
4,232;288;332;400,1.779206306812909E-4
4,110;408;630;795,1.7783978806178757E-4
4,146;223;471;847,-1.6855792200102152E-4
4,257;324;603;917,-1.6608216969377372E-4
4,67;436;848;860,1.615215285210517E-4
4,0;233;295;344,1.582355670137049E-4
4,271;402;780;887,1.5571997858569272E-4
4,92;516;814;996,1.5540362652690447E-4
4,59;327;393;546,-1.5422429948820928E-4
4,171;197;451;499,1.538707764877819E-4
4,80;157;384;494,1.5302351989497575E-4
4,295;645;895;979,-1.5197580157546287E-4
4,158;287;291;435,-1.5091203380131427E-4
4,75;166;171;521,-1.5078443885146032E-4
4,172;239;351;497,1.4953648346740944E-4
4,208;453;626;958,1.484784619748962E-4
4,92;281;603;764,1.4815074834063883E-4
4,84;803;809;876,-1.4730560224065806E-4
4,259;331;482;590,-1.4726431995625098E-4
4,333;341;411;881,-1.4637001679422752E-4
4,88;322;487;636,-1.4441973205278258E-4
4,2;93;773;975,1.4419755011371366E-4
4,335;410;756;868,1.4356297233267604E-4
4,238;258;924;980,1.4333883179479937E-4
4,168;319;453;811,-1.4306632457939989E-4
4,179;379;421;628,1.4139684284845117E-4
4,17;715;833;866,-1.4124053999340036E-4
4,11;261;910;988,-1.4008760181939816E-4
4,81;358;550;639,-1.3972371230227705E-4
4,168;353;464;639,1.3849471807295772E-4
4,106;220;401;518,1.382293828974837E-4
4,161;168;319;811,1.3809310979295188E-4
4,194;534;545;659,-1.380705832418825E-4
4,27;396;519;723,-1.3714329396369323E-4
4,96;319;846;962,-1.3703069728555973E-4
4,182;328;395;618,-1.3551394781848733E-4
4,273;463;653;805,-1.346722414200218E-4
4,117;192;277;818,-1.3451129703059774E-4
4,64;258;568;688,-1.3403579597789036E-4
4,116;333;846;851,-1.335152719243894E-4
4,16;715;745;965,1.3340199137355807E-4
4,605;665;753;799,-1.3299029859899854E-4
4,63;193;281;797,-1.329089277104677E-4
4,211;384;646;852,-1.3273536904203677E-4
4,30;38;580;914,1.3213426671161152E-4
4,40;60;342;343,-1.316737557684975E-4
4,186;384;466;857,1.3153769397957236E-4
4,126;694;740;989,1.3134536763561972E-4
4,282;284;451;787,-1.3089929297455924E-4
4,18;304;741;965,1.3052263050886853E-4
4,18;82;176;659,-1.303988717238233E-4
4,101;342;355;733,1.2974412760998489E-4
4,181;394;541;856,1.2957086061624084E-4
4,14;196;377;738,1.2922899920750464E-4
4,315;587;788;964,1.2908450875693877E-4
4,53;144;324;352,-1.2865024917446587E-4
4,116;221;538;967,1.2848377894027075E-4
4,121;299;872;966,1.282103344539785E-4
4,346;570;629;671,1.2803368387546515E-4
4,148;602;728;792,1.2780889892159814E-4
4,140;611;681;781,-1.2732635189693247E-4
4,201;215;496;941,1.2700130113606618E-4
4,686;749;763;780,1.268448394233416E-4
4,126;184;714;917,1.2619166876909078E-4
4,165;303;381;667,-1.2606473233847998E-4
4,376;417;665;911,-1.2579789384222122E-4
4,127;148;964;993,-1.2553188427281387E-4
4,703;709;812;890,-1.2536467794732847E-4
4,42;86;453;481,1.2522072817972057E-4
4,406;634;640;744,1.249553408773215E-4
4,39;603;676;874,1.249048964962901E-4
4,166;438;441;860,1.248779563795579E-4
4,193;199;249;950,-1.2469396941149402E-4
4,25;47;484;623,1.2445939744554148E-4
4,6;407;617;936,1.2442374354871028E-4
4,440;605;635;716,1.244101560306708E-4
4,99;234;551;568,1.2426690802384662E-4
4,396;514;519;723,-1.2421834447106302E-4
4,105;312;790;975,-1.2417672402166078E-4
4,312;473;729;969,-1.2414900793687348E-4
4,512;650;691;957,-1.235099474743601E-4
4,166;209;261;736,1.234319442485361E-4
4,55;195;345;634,-1.2342250782708687E-4
4,346;856;880;986,1.2310528638824868E-4
4,109;574;614;702,-1.2271264199648196E-4
4,133;407;615;901,1.2246931129175946E-4
4,282;346;531;668,-1.2231481559544924E-4
4,69;634;734;931,1.2217280557989227E-4
4,64;258;568;753,-1.221013782627806E-4
4,68;143;625;933,-1.2165991879138355E-4
4,60;534;807;962,-1.2124025789713821E-4
4,81;306;307;623,1.2122184405323656E-4
4,343;749;797;983,-1.2078530846458453E-4
4,503;550;589;912,1.2061457328910322E-4
4,252;680;695;920,-1.2031475978960925E-4
4,178;250;589;965,1.200622391639942E-4
4,160;377;784;852,1.1992541257902768E-4
4,487;602;724;898,1.1989984118376831E-4
4,227;415;689;719,-1.1953133401140608E-4
4,659;678;728;814,-1.1940405053126504E-4
4,566;695;711;829,1.1932945019091773E-4
4,38;104;256;366,-1.1918537220212755E-4
4,367;391;522;625,1.1908150554930985E-4
4,156;365;670;997,1.1850210225965086E-4
4,249;376;395;572,1.1840947915312986E-4
4,282;284;299;451,-1.182478584080658E-4
4,2;32;137;860,-1.1783836616268937E-4
4,141;173;455;896,1.1780910968779941E-4
4,158;237;291;435,1.1780213341979844E-4
4,421;713;818;989,1.1711970245066825E-4
4,26;32;79;95,1.1705606362577443E-4
4,0;4;20;323,1.1634046514765839E-4
4,129;156;625;902,-1.1619122613138853E-4
4,43;92;114;531,-1.1616646875088824E-4
4,245;379;796;901,-1.1614852157117389E-4
4,491;837;910;929,1.1614353426177122E-4
4,129;300;371;980,-1.1609199682068357E-4
4,459;664;927;973,-1.1606558634477271E-4
4,66;187;247;900,1.1605221245023245E-4
4,26;580;838;992,-1.1594629735598591E-4
4,437;665;682;709,1.15793022759348E-4
4,301;314;652;860,1.1561008608285513E-4
4,120;279;328;966,1.1542522669534792E-4
4,8;30;507;781,-1.1534413012640616E-4
4,544;549;770;805,-1.1533535962270184E-4
4,37;633;693;718,-1.1522955820807185E-4
4,250;641;733;763,-1.1513430130389707E-4
4,221;446;611;993,-1.1504505566769694E-4
4,614;728;759;908,1.1492686321667268E-4
4,145;268;463;949,-1.1462385718647934E-4
4,54;515;627;983,-1.1459861538227413E-4
4,181;342;501;684,-1.1451807901723326E-4
4,342;355;624;733,1.1450888206143107E-4
4,51;452;706;760,1.144198079496549E-4
4,128;435;860;947,1.1420113438705316E-4
4,579;776;787;872,1.139259457025571E-4
4,115;231;554;801,-1.1385407916976391E-4
4,278;565;640;796,-1.1381661378335133E-4
4,26;348;635;917,1.1367893608649988E-4
4,53;578;790;882,-1.1356146775330667E-4
4,67;436;860;891,-1.1351025722354498E-4
4,153;404;489;641,-1.1338897346883819E-4
4,147;654;872;944,1.1326856062281086E-4
4,453;660;765;949,-1.1322307964901823E-4
4,227;677;726;831,-1.1310742164776304E-4
4,84;201;242;485,-1.1306314485685771E-4
4,30;598;711;759,-1.130167368828298E-4
4,43;683;708;971,1.1280488943306453E-4
4,49;158;355;374,-1.1280041041086132E-4
4,153;286;305;641,-1.127839471117947E-4
4,166;209;272;736,1.1272495799472227E-4
4,86;252;890;963,-1.1263675996774714E-4
4,162;256;289;891,-1.1245731634774204E-4
4,32;109;241;448,1.1234391814565903E-4
4,50;586;881;971,1.1234361924841102E-4
4,19;134;212;897,1.1218909534775356E-4
4,314;390;663;695,-1.1185387396375151E-4
4,18;37;394;649,1.1176254207313347E-4
4,552;559;605;658,-1.1169506046118458E-4
4,23;78;338;832,-1.1165380117195947E-4
4,68;198;629;768,1.1142085119795583E-4
4,1;156;700;912,1.113819778475134E-4
4,287;495;650;991,1.1134864555667461E-4
4,56;385;831;902,-1.1124474092447968E-4
4,136;466;803;984,-1.1123255476778815E-4
4,135;572;654;811,-1.1112568595021616E-4
4,14;484;519;882,-1.1109807592807661E-4
4,46;78;628;998,-1.1084704816231943E-4
4,183;199;320;955,1.1072034686913274E-4
4,285;292;685;787,1.1062164106307785E-4
4,296;407;618;888,1.1057299557397281E-4
4,53;288;792;945,-1.1049488163320483E-4
4,11;550;745;920,-1.1048577743477569E-4
4,168;735;792;952,1.1017586803807674E-4
4,214;391;432;538,-1.0979045359398308E-4
4,94;352;400;651,1.0970878150639688E-4
4,145;395;404;898,1.0965324336407328E-4
4,445;527;634;685,-1.0944586507897653E-4
4,245;392;590;749,-1.0916201673690624E-4
4,80;677;690;994,1.090431418040828E-4
4,440;640;752;981,1.0890752233324261E-4
4,53;222;713;753,1.0883711291802868E-4
4,283;651;654;958,-1.0843548032535404E-4
4,75;325;549;822,1.084089095743717E-4
4,360;829;871;903,1.0840724557671366E-4
4,55;123;794;830,1.0823183770562316E-4
4,117;271;402;887,1.0788988061043315E-4
4,304;369;775;787,-1.078734896777156E-4
4,98;458;461;739,1.0751281039781345E-4
4,106;122;393;747,-1.0717550594299277E-4
4,276;766;874;929,-1.0715711803290625E-4
4,620;817;950;976,-1.0698712338031626E-4
4,6;298;375;756,-1.0683073806635783E-4
4,169;197;398;978,-1.0671287340629304E-4
4,1;524;582;883,1.0669800590344753E-4
4,237;431;557;762,1.0663367933936747E-4
4,24;62;73;417,1.0659909520205224E-4
4,219;675;773;792,-1.0648906796143393E-4
4,36;207;220;486,1.0648662061894183E-4
4,377;718;842;895,1.0642497767285685E-4
4,140;416;666;826,1.0622906844458362E-4
4,423;622;643;803,1.0621643074471179E-4
4,511;550;580;862,-1.0616289322646957E-4
4,373;529;637;755,-1.0589635903644588E-4
4,80;193;414;844,-1.0552315517464317E-4
4,393;525;605;697,-1.0538274967738098E-4
4,655;779;782;938,1.051898229100439E-4
4,145;268;463;572,1.051311853970453E-4
4,462;588;612;831,-1.0499460267589329E-4
4,26;343;361;656,-1.0483222379524404E-4
4,228;358;600;749,1.0470058762362902E-4
4,550;745;809;920,-1.0451351180359119E-4
4,84;305;360;777,1.0445379337731831E-4
4,235;442;486;630,-1.0444987135539275E-4
4,14;214;510;616,-1.0428085897103586E-4
4,325;677;871;903,-1.0411013340419633E-4
4,140;261;303;761,1.0405942867302465E-4
4,203;269;343;363,-1.0403090094523024E-4
4,5;185;228;817,1.0392387545061776E-4
4,130;534;702;984,1.0388512923234989E-4
4,8;203;353;795,-1.0376077235353556E-4
4,221;429;611;993,1.0370386324655537E-4
4,53;222;753;838,-1.0357894598966806E-4
4,17;75;462;490,1.0354149606874963E-4
4,76;386;493;983,-1.0349109793868592E-4
4,188;341;449;469,1.0338805156883405E-4
4,1;670;754;945,1.0333396899812381E-4
4,147;240;765;990,1.0323870219250919E-4
4,247;310;525;594,1.0320792485932101E-4
4,337;537;585;911,1.0315048769183818E-4
4,27;709;711;821,1.030524979196753E-4
4,90;156;234;537,-1.0294930350796554E-4
4,572;634;899;949,1.0258213706818818E-4
4,279;391;442;986,1.0254271983031513E-4
4,123;133;411;679,-1.0239781609048882E-4
4,187;193;511;750,1.0239310533253801E-4
4,134;296;378;606,1.0220520916960177E-4
4,18;87;526;808,1.0216607058693476E-4
4,163;256;812;995,1.021653249591057E-4
4,107;213;565;975,1.0202314508718391E-4
4,380;502;540;751,1.0197297255407867E-4
4,86;164;396;478,1.0191307189617994E-4
4,619;677;745;947,-1.017513729496372E-4
4,9;77;152;209,1.0171687329895403E-4
4,267;589;677;874,1.0157081122063005E-4
4,11;459;664;973,-1.0152745739276667E-4
4,153;360;607;793,1.0144086831961421E-4
4,80;337;400;516,-1.0116964005647835E-4
4,120;315;665;670,1.01104369752168E-4
4,207;470;580;961,1.0103842436063337E-4
4,125;317;616;775,1.010292512605418E-4
4,572;899;949;980,-1.0101850987135854E-4
4,10;299;458;793,-1.0101811303799798E-4
4,0;233;344;537,-1.006161096004747E-4
4,510;695;711;829,-1.0053777442270587E-4
4,107;114;408;672,1.0043692472510112E-4
4,348;483;635;917,-1.0036530392747065E-4
4,378;790;813;904,-1.0025635032934376E-4
4,68;140;217;359,-1.0017558288841277E-4
4,492;666;837;997,-1.0009977751335264E-4
4,448;637;821;902,1.000863848463168E-4
4,347;630;872;929,-1.0006322002628974E-4
4,588;612;814;831,1.0005307216069429E-4
4,308;561;634;861,1.0001003268948792E-4
4,53;156;365;997,9.987618193019146E-5
4,14;409;484;882,9.98212028918997E-5
4,98;216;769;945,9.978965492492259E-5
4,165;246;627;906,9.975690477628361E-5
4,177;377;412;495,9.975194937610471E-5
4,237;287;291;435,-9.96912901808189E-5
4,418;542;918;926,-9.956107029697286E-5
4,195;375;564;773,9.955350075558598E-5
4,198;553;689;795,9.953958164049069E-5
4,302;432;910;938,-9.953010235064546E-5
4,178;499;698;937,-9.94425267483637E-5
4,645;689;824;876,-9.941207842979611E-5
4,137;324;364;794,-9.940138330983604E-5
4,213;371;404;921,9.938729659935573E-5
4,379;796;901;957,-9.92241987609696E-5
4,174;533;558;837,-9.920671818812785E-5
4,53;375;446;732,-9.914041974731368E-5
4,648;755;816;896,9.907576823708156E-5
4,136;529;566;815,9.892252955820333E-5
4,268;336;374;955,9.890380454432142E-5
4,20;198;338;525,9.889432832907163E-5
4,517;600;640;713,9.876738644471923E-5
4,4;192;966;976,-9.869057779314072E-5
4,276;752;788;818,9.868221446817526E-5
4,56;143;808;931,-9.857275097864914E-5
4,89;234;594;652,9.850751163791134E-5
4,120;484;920;937,-9.840563412610761E-5
4,177;323;403;819,9.829424737955943E-5
4,40;527;616;966,9.82116966820517E-5
4,20;375;681;961,9.819479267256717E-5
4,259;331;795;922,-9.817331776229049E-5
4,276;749;766;874,-9.811481871332376E-5
4,140;416;595;826,9.786622635395988E-5
4,110;190;324;616,-9.782815027566364E-5
4,222;287;443;723,-9.77499191680203E-5
4,89;805;857;882,9.768458115790062E-5
4,261;813;910;988,-9.752289331866286E-5
4,86;315;665;670,-9.736722756537395E-5
4,58;397;497;862,9.712935328464112E-5
4,291;668;826;932,-9.711867453630774E-5
4,260;461;498;808,9.696060632362743E-5
4,122;280;652;779,9.69460485625031E-5
4,119;746;968;992,-9.694521910397265E-5
4,118;258;390;420,-9.688815179309101E-5
4,25;179;194;693,9.688618464684124E-5
4,139;643;828;882,-9.687807657185449E-5
4,200;250;882;884,9.677270750438459E-5
4,129;300;404;980,-9.675850660387187E-5
4,127;452;706;760,9.671196834010958E-5
4,4;222;489;676,-9.669201612035044E-5
4,97;582;720;772,-9.658452358971512E-5
4,578;630;790;882,-9.650365965872662E-5
4,95;413;474;853,-9.650247192218684E-5
4,372;517;758;881,-9.647225844477797E-5
4,163;219;220;512,-9.644298344412705E-5
4,125;354;731;863,-9.63943625669639E-5
4,133;177;422;640,9.636184076888302E-5
4,88;100;664;930,9.61810399686366E-5
4,472;505;795;839,-9.600474731324354E-5
4,240;686;713;994,-9.598376494535336E-5
4,78;496;674;898,-9.589349158793053E-5
4,384;427;768;777,-9.567092800645269E-5
4,239;456;532;709,-9.552997888151428E-5
4,25;143;201;863,-9.550902005612273E-5
4,614;759;908;984,9.550222768996508E-5
4,131;336;440;459,9.540744140420658E-5
4,166;371;756;965,-9.524110330374568E-5
4,48;146;184;510,-9.515118966345265E-5
4,276;749;766;929,9.503679372633341E-5
4,50;682;855;952,9.480586948182233E-5
4,281;487;864;950,9.477434789475718E-5
4,86;311;643;981,-9.472743195236736E-5
4,71;181;351;648,9.459564425772085E-5
4,90;149;437;499,-9.44864406452796E-5
4,136;466;933;984,9.44233233060145E-5
4,83;166;352;942,-9.436348829361656E-5
4,567;672;763;764,-9.432462407529314E-5
4,65;327;875;879,-9.427401980666344E-5
4,353;410;496;770,9.409941170241381E-5
4,165;211;858;889,-9.406510662125715E-5
4,433;715;716;834,9.402548126963219E-5
4,66;224;485;498,9.401194899309149E-5
4,30;38;447;914,-9.397580397127151E-5
4,219;306;577;976,-9.389313398010254E-5
4,323;339;868;989,-9.37667843018511E-5
4,277;628;695;974,9.367233937384963E-5
4,96;783;836;951,9.357433544412694E-5
4,123;148;705;789,-9.331158161445891E-5
4,36;207;220;697,-9.329565821385139E-5
4,94;211;783;935,9.327884091592714E-5
4,74;115;762;985,-9.325844228095723E-5
4,550;589;875;912,9.32121215588717E-5
4,367;391;625;859,-9.295084415357543E-5
4,7;593;748;967,9.289835571711229E-5
4,196;275;577;832,-9.270255182822954E-5
4,99;682;758;761,-9.270101930575717E-5
4,280;505;792;963,9.264435638919916E-5
4,117;287;650;991,9.254244070474116E-5
4,136;466;803;933,-9.22230746328403E-5
4,89;857;882;947,9.217394022064303E-5
4,25;422;738;832,9.207177113799009E-5
4,70;530;653;809,-9.204725529777405E-5
4,522;599;687;690,-9.200892598982937E-5
4,171;304;447;752,9.188547179596366E-5
4,158;400;431;866,-9.184427738815431E-5
4,87;248;535;938,9.183761707145762E-5
4,133;177;370;481,-9.180767157071025E-5
4,174;488;647;993,9.178370843990938E-5
4,295;542;740;783,9.170151904809355E-5
4,17;79;499;693,9.162678296773753E-5
4,491;511;550;862,9.154993017457109E-5
4,139;317;405;459,-9.13989069439029E-5
4,178;185;499;937,-9.137367586168779E-5
4,227;509;715;949,-9.134995873319804E-5
4,179;255;498;791,9.128357014178669E-5
4,19;134;212;276,-9.127574509629233E-5
4,248;429;756;816,-9.11943909342772E-5
4,288;591;871;981,-9.098165219658895E-5
4,222;489;676;934,-9.091101891371731E-5
4,467;474;528;996,9.089058422849259E-5
4,451;729;867;924,-9.082665148487865E-5
4,251;600;695;763,-9.082359128681616E-5
4,364;401;883;936,-9.076182112081608E-5
4,485;722;808;871,9.072940384720095E-5
4,110;381;806;822,9.057150277248795E-5
4,4;109;739;753,-9.043349054950003E-5
4,246;627;683;906,9.039641774032804E-5
4,247;306;592;849,-9.037804989981008E-5
4,12;207;519;715,-9.035138137602594E-5
4,294;386;548;760,-9.03145255442675E-5
4,112;253;721;868,-9.030845213846467E-5
4,228;363;404;937,9.030028453458392E-5
4,343;451;801;867,9.029879157959137E-5
4,54;452;686;964,9.026342370996891E-5
4,88;322;467;636,-9.016353305562725E-5
4,484;517;563;773,-9.009658052763055E-5
4,4;132;163;817,9.005284008884236E-5
4,63;279;328;966,8.98725335989525E-5
4,220;332;368;424,-8.961571246047752E-5
4,161;319;453;811,-8.946118523633159E-5
4,94;211;412;935,-8.938530791321126E-5
4,277;399;572;853,-8.937394745109055E-5
4,14;382;456;672,8.92896228063747E-5
4,136;396;835;963,8.922386757926456E-5
4,346;862;868;877,8.914191444993203E-5
4,19;53;291;767,-8.902125471194804E-5
4,89;244;327;374,-8.900163388163896E-5
4,395;587;737;881,8.89093424924984E-5
4,335;571;825;955,-8.870001000329405E-5
4,2;222;349;921,-8.868702912168941E-5
4,401;456;518;927,-8.868099411139436E-5
4,218;305;594;756,-8.845683072038321E-5
4,343;418;542;918,-8.842955794408658E-5
4,114;199;939;970,8.832435896538743E-5
4,90;149;208;499,-8.831461372745446E-5
4,11;41;496;690,-8.825818591311846E-5
4,110;190;616;862,8.82001093919869E-5
4,138;318;440;788,-8.819960941157996E-5
4,384;386;548;760,8.818601098043161E-5
4,231;550;680;761,8.817988047002528E-5
4,743;809;828;949,-8.814409026329653E-5
4,54;174;457;887,-8.812980795421456E-5
4,199;320;504;955,-8.811764324758848E-5
4,156;305;327;949,8.807575973573363E-5
4,11;123;594;687,8.803876283316748E-5
4,208;261;451;881,-8.801435655764623E-5
4,198;432;550;677,-8.799973065155026E-5
4,353;364;778;989,-8.785634116472239E-5
4,87;575;675;917,-8.777052599846711E-5
4,87;94;576;903,-8.773042794423617E-5
4,155;187;199;925,8.768470248674995E-5
4,204;210;626;971,-8.748262496419823E-5
4,230;476;581;585,8.74266852762853E-5
4,135;832;865;938,-8.740350029024607E-5
4,277;357;585;920,8.740130927849687E-5
4,92;273;589;821,8.726107299730649E-5
4,210;678;820;890,-8.716791520195127E-5
4,259;331;783;795,8.707675278369212E-5
4,438;582;720;772,-8.695354257180723E-5
4,42;86;453;756,-8.694283071924634E-5
4,75;841;881;988,8.688928900481678E-5
4,160;377;383;852,8.67767963820205E-5
4,277;357;585;674,8.675408291968067E-5
4,216;269;541;751,8.644707593758994E-5
4,280;316;411;786,8.642323014005257E-5
4,582;831;913;952,8.638334836170067E-5
4,165;246;627;683,-8.628787014318642E-5
4,25;642;688;696,8.628559615995545E-5
4,143;601;742;770,8.626742647266638E-5
4,118;222;524;637,-8.622307426253925E-5
4,71;173;208;515,-8.617880098061544E-5
4,445;474;786;794,-8.617156066584124E-5
4,258;557;659;765,-8.599998759600916E-5
4,92;756;775;796,8.597946710666559E-5
4,139;438;828;882,8.591522600136777E-5
4,182;421;576;968,8.590002404233042E-5
4,89;296;299;510,8.588294222111027E-5
4,67;601;814;871,-8.586784857876593E-5
4,80;379;566;958,-8.568883153334173E-5
4,250;587;788;964,8.567810809479481E-5
4,510;694;755;825,-8.563704751350937E-5
4,227;362;441;494,8.55609925858693E-5
4,184;414;681;815,8.549810907825229E-5
4,335;767;825;955,-8.548793765582953E-5
4,163;403;596;828,-8.545846021933078E-5
4,307;567;745;750,-8.541902692127447E-5
4,590;698;873;897,-8.540097191140185E-5
4,238;258;655;980,-8.539034808311183E-5
4,253;471;622;974,-8.53748863686233E-5
4,300;339;556;569,8.517263528221243E-5
4,215;517;651;907,8.50894996376758E-5
4,790;866;878;982,8.495019098831061E-5
4,376;451;730;980,8.491523596054288E-5
4,98;458;738;739,8.488855290605441E-5
4,220;307;410;810,8.488598983927475E-5
4,146;343;931;956,8.485846126999944E-5
4,307;426;799;826,8.484349616767487E-5
4,294;384;386;548,-8.482495413039892E-5
4,281;740;774;964,8.470136666733797E-5
4,452;651;654;958,-8.468070389307804E-5
4,202;237;325;366,8.466450449611925E-5
4,333;382;763;988,8.46434261472784E-5
4,83;96;572;633,-8.461013409810559E-5
4,184;408;711;724,-8.45676307492283E-5
4,68;161;541;796,-8.45491525964176E-5
4,204;210;626;888,-8.447885704546398E-5
4,242;415;571;670,-8.442135291715189E-5
4,566;623;696;771,-8.441829820541516E-5
4,436;848;860;891,-8.438956605487621E-5
4,69;634;734;824,8.436190009709743E-5
4,383;479;889;992,-8.433043514027149E-5
4,193;199;249;263,-8.432510882660829E-5
4,449;489;945;994,8.425753176107115E-5
4,111;266;467;468,-8.412296429893236E-5
4,243;355;461;822,8.404874990749407E-5
4,343;727;809;913,-8.401062370827442E-5
4,359;443;533;935,8.397759734828433E-5
4,56;227;385;831,8.396915799377043E-5
4,147;654;944;979,-8.39394317800977E-5
4,211;283;858;889,-8.393491861111255E-5
4,216;414;503;555,8.392978013094951E-5
4,510;659;694;755,8.383329191899544E-5
4,110;164;284;497,8.382962554191586E-5
4,394;790;878;982,-8.38121440099436E-5
4,33;93;308;834,8.373429668405527E-5
4,74;180;379;599,8.365201285640538E-5
4,141;594;626;917,-8.359534424545628E-5
4,643;667;671;962,8.347599816338693E-5
4,84;85;201;485,8.347124512695293E-5
4,438;608;798;923,8.34470900016666E-5
4,156;371;910;943,8.344218797379662E-5
4,102;598;600;714,8.343409214896996E-5
4,203;343;363;673,-8.340322353619852E-5
4,91;396;639;746,-8.32940300788663E-5
4,329;700;745;833,8.323745200382927E-5
4,127;295;322;959,-8.290827064555101E-5
4,448;622;740;796,-8.2857015936841E-5
4,649;709;739;898,-8.271658463348256E-5
4,76;386;436;493,8.268907692913602E-5
4,158;567;669;912,8.260837479576335E-5
4,76;133;617;934,-8.255750002535169E-5
4,125;317;775;833,-8.251961816908707E-5
4,49;355;374;447,8.239434893583072E-5
4,216;414;461;555,8.226233183551156E-5
4,117;494;576;987,-8.221414790218878E-5
4,301;574;812;996,-8.221246377587898E-5
4,278;429;756;816,8.208443458887145E-5
4,270;460;677;859,-8.203713612313018E-5
4,634;899;949;980,-8.203116523971835E-5
4,196;685;749;779,-8.20304288643331E-5
4,74;180;599;973,-8.198973816006266E-5
4,142;160;447;983,8.194406422094327E-5
4,332;379;722;832,8.192799443783394E-5
4,198;550;677;943,8.188728707915076E-5
4,97;215;651;907,8.187448594795663E-5
4,30;216;589;704,-8.17842451339654E-5
4,13;59;109;498,-8.167372092236726E-5
4,62;775;961;972,-8.159834076658124E-5
4,198;689;795;976,8.156280538846487E-5
4,92;756;796;896,-8.152835573229519E-5
4,305;594;756;903,-8.150572711971988E-5
4,366;561;615;785,8.147735243750131E-5
4,48;643;689;913,-8.144220355129401E-5
4,282;306;383;919,-8.141825310981551E-5
4,304;446;581;735,8.135171843910226E-5
4,307;426;799;900,-8.131042929703514E-5
4,76;133;524;934,8.130445408016467E-5
4,161;335;541;734,-8.126742801196233E-5
4,392;590;723;749,-8.124065761301473E-5
4,239;787;807;845,-8.112976032817237E-5
4,120;194;565;902,-8.10371880358658E-5
4,89;805;882;947,-8.095963997775209E-5
4,245;392;590;723,8.090177453766289E-5
4,361;396;426;980,-8.086813583467657E-5
4,651;772;800;904,-8.07639225067821E-5
4,117;277;471;818,-8.070606924605908E-5
4,30;198;598;711,8.062535977065E-5
4,96;372;383;775,-8.05781616132329E-5
4,216;269;541;830,8.055291177200151E-5
4,31;255;285;894,8.054435605552495E-5
4,105;515;706;885,-8.05372889036574E-5
4,86;219;311;643,8.049037187356883E-5
4,180;299;700;786,-8.047186694990571E-5
4,174;533;558;701,8.047179429252705E-5
4,17;649;833;866,-8.045542075049929E-5
4,150;508;539;552,8.036209328296341E-5
4,192;598;883;948,8.033786034367158E-5
4,50;148;862;909,8.032931463548026E-5
4,1;370;670;754,8.032205534492143E-5
4,225;328;690;765,8.010440852746524E-5
4,135;453;572;654,-8.002326510855004E-5
4,38;256;366;858,7.999339680932316E-5
4,400;485;640;717,7.996466268536677E-5
4,143;601;742;990,-7.995370836944254E-5
4,21;364;778;989,7.992713968832125E-5
4,54;279;556;636,7.991301629815458E-5
4,7;109;574;614,-7.980221881383843E-5
4,126;773;851;954,-7.976551164250808E-5
4,26;745;748;835,7.976188706653966E-5
4,127;150;268;486,7.962359263199176E-5
4,142;458;459;483,-7.956417594993263E-5
4,414;491;616;896,-7.952447720942822E-5
4,204;221;499;933,7.951249493640808E-5
4,11;119;123;687,7.947625580367674E-5
4,179;615;825;999,-7.937922269347245E-5
4,86;270;701;852,-7.936184539277808E-5
4,197;451;499;803,7.92976624432715E-5
4,420;461;520;809,7.92072983779228E-5
4,84;354;731;863,-7.917799223690934E-5
4,67;721;849;855,7.917435859961585E-5
4,25;114;199;939,-7.917239095989681E-5
4,75;469;597;953,7.912750069138361E-5
4,109;329;745;833,7.908543037163646E-5
4,543;823;853;900,-7.904068951939281E-5
4,0;4;181;323,7.901553238600376E-5
4,25;422;831;832,-7.896903046699313E-5
4,45;94;402;494,7.894559618034436E-5
4,23;78;832;891,7.894506213742876E-5
4,69;396;786;849,7.893507879262287E-5
4,422;636;643;888,7.893332392111031E-5
4,417;665;887;911,7.888967204088992E-5
4,12;29;75;199,-7.883908594398158E-5
4,26;748;766;835,7.87941393727698E-5
4,553;689;795;976,7.878140037809493E-5
4,26;32;95;660,-7.873432462020975E-5
4,227;689;713;719,7.869657330041416E-5
4,176;547;689;814,7.865542612442585E-5
4,393;680;827;981,7.864871015703434E-5
4,3;821;884;982,-7.863729698631926E-5
4,312;676;710;778,-7.861456130897962E-5
4,72;397;557;640,-7.850675234181426E-5
4,64;427;586;859,7.84824479735811E-5
4,184;321;382;552,-7.844124986998817E-5
4,65;187;193;511,7.843493930080535E-5
4,296;633;815;870,-7.823641586877364E-5
4,204;382;794;980,-7.82135783870645E-5
4,96;118;383;775,7.813882645243214E-5
4,125;317;616;833,-7.804897910401806E-5
4,194;343;468;710,-7.801651848679315E-5
4,214;432;538;714,-7.790022049683201E-5
4,45;157;552;832,-7.780387233747195E-5
4,415;609;910;920,-7.777741788505235E-5
4,80;587;773;987,-7.776802810466198E-5
4,77;351;447;705,7.776707285663383E-5
4,234;595;785;851,7.77558040276764E-5
4,18;346;862;877,-7.77096568572797E-5
4,331;427;586;787,7.762738060969776E-5
4,130;319;669;671,-7.750443553012654E-5
4,12;41;94;433,7.749707562673467E-5
4,399;510;564;753,7.74826189263087E-5
4,156;266;305;327,-7.747929650113211E-5
4,165;381;575;667,7.747491672081753E-5
4,97;140;268;956,-7.74416364548346E-5
4,189;525;611;672,-7.743548595219836E-5
4,392;459;715;918,-7.725493802455304E-5
4,39;75;881;988,-7.720122668092882E-5
4,249;327;540;929,7.719462459906085E-5
4,133;370;481;637,7.717289176123563E-5
4,110;692;806;822,-7.715598212599569E-5
4,83;720;821;978,-7.712465358768123E-5
4,235;487;731;761,7.705336855941273E-5
4,211;378;744;790,-7.702611381278993E-5
4,303;557;838;996,-7.69691606919407E-5
4,362;441;494;751,7.6895292215421E-5
4,480;551;782;829,7.687797070007478E-5
4,258;655;924;980,-7.676238411081434E-5
4,162;168;478;598,-7.674900199506379E-5
4,38;104;366;858,7.67228249633278E-5
4,318;645;689;824,7.670908668980907E-5
4,80;422;724;779,-7.67087842258053E-5
4,534;659;702;984,-7.665286985182835E-5
4,242;316;712;990,7.663205220539889E-5
4,79;362;444;497,-7.659299930174979E-5
4,91;161;207;509,7.654289556607947E-5
4,109;208;776;952,-7.6527377252627E-5
4,153;360;793;914,7.651241841026568E-5
4,10;337;585;911,-7.645304360966415E-5
4,50;148;206;862,-7.64423059475397E-5
4,14;196;387;738,7.642597262545508E-5
4,8;450;476;852,7.63827928718667E-5
4,171;524;555;764,-7.631013814951557E-5
4,173;416;626;634,7.630848074629595E-5
4,179;379;421;869,7.626610803248962E-5
4,80;531;788;826,7.621417625358543E-5
4,368;387;443;841,-7.613893115537848E-5
4,579;692;827;849,7.612959625898E-5
4,264;431;562;593,-7.605771605470215E-5
4,102;257;485;929,-7.598689216608542E-5
4,12;354;573;908,7.597860297497951E-5
4,86;503;544;791,7.584291816314741E-5
4,207;470;512;580,-7.58210935088241E-5
4,104;175;325;704,7.573031080993663E-5
4,302;406;640;744,7.569079168734767E-5
4,92;477;551;982,-7.568164967808787E-5
4,68;250;840;973,7.560499720052809E-5
4,17;647;730;814,7.559325151838126E-5
4,382;742;893;980,-7.553271040349739E-5
4,15;100;445;721,-7.542983891760941E-5
4,487;690;864;950,7.540710264558067E-5
4,364;640;807;842,-7.539410821890125E-5
4,241;362;725;792,-7.53329549769401E-5
4,58;113;397;862,-7.520703725791595E-5
4,56;284;541;637,7.516380983681154E-5
4,177;187;690;757,-7.514327393366288E-5
4,54;303;457;887,-7.505105380275884E-5
4,111;266;468;570,-7.496624523173412E-5
4,170;201;733;939,7.494223583995355E-5
4,150;380;628;710,7.490453634172467E-5
4,55;794;830;887,-7.489679342066277E-5
4,277;358;550;639,-7.485663715155739E-5
4,643;780;861;903,-7.4843821498362E-5
4,7;309;390;864,7.482262385670932E-5
4,35;142;458;459,7.473862717149948E-5
4,537;611;874;887,7.473170529055386E-5
4,26;279;343;361,7.464671747560763E-5
4,81;277;358;550,-7.459404015923279E-5
4,41;258;557;659,-7.45666706687162E-5
4,198;202;410;910,7.456380865561735E-5
4,118;491;658;931,-7.450734625056092E-5
4,37;216;273;979,-7.448514626548098E-5
4,174;333;647;993,7.447824918327929E-5
4,392;459;715;800,-7.447824111844517E-5
4,28;350;698;824,7.428285022648434E-5
4,283;488;811;880,-7.41891111794242E-5
4,441;454;503;544,7.416096113503356E-5
4,99;156;450;504,-7.415210343585213E-5
4,60;337;538;782,7.412175001531262E-5
4,592;635;844;970,7.406183324815948E-5
4,118;286;876;945,7.40285035023955E-5
4,337;505;548;637,7.401910559808777E-5
4,190;324;616;862,7.398596071938285E-5
4,195;381;918;984,-7.398570268845615E-5
4,196;209;275;832,7.395612340329294E-5
4,99;133;517;677,7.393788076105088E-5
4,301;540;645;683,7.393194636097095E-5
4,76;643;689;913,-7.3906991881507E-5
4,352;382;424;861,-7.390063296322791E-5
4,158;358;548;781,7.38937447486147E-5
4,191;201;547;555,-7.388393694717058E-5
4,278;537;955;992,-7.376598657766204E-5
4,200;537;955;992,7.367931463771493E-5
4,86;164;212;478,-7.352865680077164E-5
4,133;281;306;726,7.345723360381756E-5
4,6;355;617;936,-7.343310764416741E-5
4,94;140;523;843,7.336793031138062E-5
4,445;795;823;890,-7.330784157933226E-5
4,123;148;396;705,7.329152480612392E-5
4,484;517;648;773,7.328559355274237E-5
4,79;116;192;207,-7.319542764801666E-5
4,51;167;237;906,-7.31898023928105E-5
4,393;605;630;697,-7.318765761770034E-5
4,18;304;885;965,7.310593584226781E-5
4,15;474;507;635,-7.309380644176578E-5
4,117;128;203;547,-7.306947743855896E-5
4,83;96;288;633,-7.306893902266597E-5
4,242;316;525;990,7.305149922447815E-5
4,243;401;699;875,-7.305076033660229E-5
4,160;177;568;936,7.301822090194635E-5
4,157;300;339;556,7.299322686193712E-5
4,214;232;483;518,7.299293447747216E-5
4,197;520;938;943,-7.297651629561103E-5
4,14;409;484;519,7.296395808388902E-5
4,113;306;592;849,7.294717477721996E-5
4,56;118;198;535,-7.292942454879618E-5
4,7;19;128;403,-7.286879125212341E-5
4,69;567;672;764,7.286205138734427E-5
4,66;96;552;707,-7.285401069540248E-5
4,157;384;407;494,7.281986960551468E-5
4,198;423;693;921,-7.279706438575998E-5
4,25;114;199;970,-7.279458611227953E-5
4,177;377;430;495,7.275479465784758E-5
4,240;765;812;990,-7.275138991711987E-5
4,328;712;713;737,-7.264672313995438E-5
4,79;284;634;701,-7.262063453906737E-5
4,113;247;306;592,7.261486095228267E-5
4,404;439;464;953,-7.258731987656014E-5
4,397;557;565;640,-7.258634269239142E-5
4,94;105;524;832,-7.252660395243323E-5
4,283;452;651;958,-7.252020886619256E-5
4,223;725;925;941,-7.251863041159005E-5
4,137;324;364;617,-7.251108295447639E-5
4,364;397;401;936,7.248274891310773E-5
4,43;336;708;971,7.24014739803375E-5
4,4;222;676;934,-7.239209544884007E-5
4,104;440;605;635,-7.232090034223013E-5
4,99;233;242;528,-7.220902680369228E-5
4,74;217;439;917,-7.220144312300108E-5
4,149;507;769;896,-7.217222943962805E-5
4,72;172;422;724,-7.212192091022702E-5
4,330;406;437;676,-7.20247249907379E-5
4,53;365;670;997,7.201588303983672E-5
4,103;126;184;917,-7.200934348935531E-5
4,14;167;821;860,7.195571493087038E-5
4,160;254;487;845,7.192815806950718E-5
4,241;490;574;757,7.175098341946268E-5
4,142;160;352;983,-7.174113452799434E-5
4,63;120;328;966,7.172883984045943E-5
4,393;680;773;827,-7.172023470675232E-5
4,303;367;757;826,7.1709654988775E-5
4,135;432;569;627,7.160131023768253E-5
4,38;343;727;913,7.16008930854009E-5
4,56;198;499;535,7.150560150885031E-5
4,145;463;572;949,-7.149085111687439E-5
4,682;714;879;969,7.147811243626082E-5
4,394;421;466;839,-7.143948712887361E-5
4,249;327;540;755,7.140797990658415E-5
4,338;404;691;929,7.138332825772377E-5
4,166;485;756;965,7.135097003432161E-5
4,18;37;394;984,7.120491214825818E-5
4,165;303;575;667,-7.118794313356588E-5
4,14;69;167;821,7.118300533475992E-5
4,200;250;620;882,7.117644185692457E-5
4,275;721;806;883,7.110990071818278E-5
4,76;133;524;617,-7.109756784451429E-5
4,1;156;571;700,7.107549724434517E-5
4,422;636;643;851,7.105890871919471E-5
4,129;226;830;933,-7.105856595012517E-5
4,675;742;893;980,-7.103259884047922E-5
4,1;269;338;708,-7.094526465207186E-5
4,32;181;394;856,-7.093526183454479E-5
4,329;353;410;770,-7.092837303479494E-5
4,437;682;709;776,7.079119644256022E-5
4,204;427;777;909,7.076091329678594E-5
4,385;522;599;690,7.074199716936102E-5
4,186;285;292;685,-7.070477497781253E-5
4,158;317;400;431,7.064437156418449E-5
4,18;741;885;965,-7.059550928269945E-5
4,99;206;350;683,7.052671572980795E-5
4,311;670;720;839,7.050436432769257E-5
4,5;227;740;971,-7.038292137867852E-5
4,401;699;705;875,7.034308421928662E-5
4,223;330;414;525,-7.031091891822523E-5
4,492;599;666;837,-7.028604081449569E-5
4,43;562;612;881,7.027602481155911E-5
4,34;401;408;789,-7.02709020831436E-5
4,80;337;400;791,7.019978410856914E-5
4,74;217;917;971,7.018792863324845E-5
4,160;562;583;866,7.014986021667552E-5
4,356;600;640;713,-7.007920226493708E-5
4,150;380;710;724,6.998593607731867E-5
4,214;232;483;835,6.996277924262872E-5
4,420;461;651;809,-6.995924569689101E-5
4,86;404;439;953,6.993922469841199E-5
4,25;60;661;910,-6.990597092311326E-5
4,127;295;920;959,6.989786292631462E-5
4,75;166;439;521,6.988177167403495E-5
4,315;584;635;658,6.986679942995532E-5
4,113;155;216;968,6.983054984238232E-5
4,582;767;894;999,6.982909060802915E-5
4,68;173;495;963,6.982820928101907E-5
4,560;781;957;965,-6.982269726541783E-5
4,158;567;783;912,-6.978151665419412E-5
4,343;542;918;926,-6.975894085097344E-5
4,6;202;684;980,6.974151184210244E-5
4,41;77;95;951,-6.972463281901328E-5
4,279;291;826;932,6.965302430281817E-5
4,166;209;261;272,6.963611706236197E-5
4,83;352;642;942,-6.962239985621173E-5
4,78;130;496;674,6.957361213950503E-5
4,117;255;338;700,-6.956855115797726E-5
4,237;277;703;767,6.956777852427191E-5
4,187;280;687;847,6.956070338706726E-5
4,167;228;358;749,-6.954524323202394E-5
4,98;576;678;956,6.94971927281994E-5
4,419;505;650;900,-6.948560519263935E-5
4,274;828;893;905,-6.94485803997872E-5
4,211;246;673;845,-6.943512427266013E-5
4,187;292;329;742,-6.942626031004817E-5
4,224;334;344;517,6.93542172652103E-5
4,245;307;743;905,-6.934917677546677E-5
4,44;108;504;675,6.932154281857916E-5
4,141;588;715;887,6.929073936045716E-5
4,360;556;679;839,6.928758488555461E-5
4,315;785;789;826,6.926507050299001E-5
4,218;437;719;763,-6.92550446012315E-5
4,227;258;606;841,6.923322284471365E-5
4,7;128;403;514,-6.918193542402554E-5
4,271;532;792;950,-6.918115085768869E-5
4,324;643;727;933,-6.917141719749826E-5
4,379;684;722;832,-6.912906490121493E-5
4,221;466;826;888,6.91201985559896E-5
4,71;173;515;605,6.908141505510271E-5
4,211;378;526;744,-6.903514605205521E-5
4,195;672;807;883,-6.893404793694174E-5
4,134;160;296;378,-6.892844753825379E-5
4,307;341;535;921,6.89015297090839E-5
4,453;765;820;949,6.88783697337807E-5
4,218;594;756;903,-6.886406517711472E-5
4,282;774;985;998,-6.883884462662044E-5
4,232;249;288;400,6.88360777591337E-5
4,169;282;304;678,-6.883143952783502E-5
4,99;133;463;677,6.882693139731033E-5
4,40;51;149;265,-6.882409239241321E-5
4,333;466;556;583,6.879845673169035E-5
4,147;240;765;812,-6.878757983752224E-5
4,267;589;874;998,-6.873915024722487E-5
4,204;427;482;909,-6.873859230823054E-5
4,57;182;342;355,-6.872748147033316E-5
4,170;171;551;942,-6.871242582993817E-5
4,55;101;488;950,-6.871000241872684E-5
4,26;47;664;725,-6.870439808144751E-5
4,412;596;662;725,6.868801312806544E-5
4,80;157;407;494,6.867819688995163E-5
4,249;288;332;400,6.865369766678794E-5
4,278;645;853;958,6.862496301461977E-5
4,87;558;706;899,6.86219906027966E-5
4,331;783;795;922,6.860797398420632E-5
4,94;635;844;970,-6.849871569976526E-5
4,22;122;703;749,-6.844585117454564E-5
4,38;47;220;680,6.841500949901483E-5
4,268;336;374;806,-6.839188718248282E-5
4,146;653;810;913,-6.836348743175397E-5
4,288;457;877;883,6.83532996967877E-5
4,165;374;573;880,-6.825221167554174E-5
4,222;230;241;316,6.825035854384329E-5
4,36;298;375;756,-6.82249445849331E-5
4,202;228;287;996,-6.821484639154635E-5
4,12;264;480;872,6.810568406417482E-5
4,232;513;546;647,6.810172505065987E-5
4,367;391;522;859,6.802654522265084E-5
4,550;562;612;881,6.791571264243424E-5
4,337;709;711;821,-6.788977001138579E-5
4,47;432;569;627,6.768073719653414E-5
4,133;208;230;891,6.762418394412217E-5
4,727;733;858;954,6.760627000983346E-5
4,292;685;766;804,-6.760291229024363E-5
4,224;228;241;777,-6.759910884611607E-5
4,243;401;699;705,6.754517895608066E-5
4,105;312;790;885,-6.752858463924613E-5
4,197;283;488;811,6.749290649707285E-5
4,93;453;589;836,6.748848257517031E-5
4,82;292;602;789,6.748300544740426E-5
4,244;250;733;763,6.746973413911446E-5
4,112;153;459;582,-6.742605990531403E-5
4,10;395;614;768,-6.741815642161836E-5
4,405;414;428;982,6.741107893091722E-5
4,552;605;658;872,6.736149926893644E-5
4,33;308;372;834,6.735221326371508E-5
4,220;283;500;568,-6.734909987144263E-5
4,243;699;705;875,6.734245047132201E-5
4,352;382;523;861,6.733470794381849E-5
4,296;299;510;889,-6.729740742353202E-5
4,58;431;916;924,-6.725593241182972E-5
4,448;622;740;867,6.724969702815376E-5
4,208;230;361;891,6.723117048156202E-5
4,178;244;316;738,6.715192444539654E-5
4,60;369;657;852,6.714580643927907E-5
4,156;782;910;943,-6.712036044342628E-5
4,214;232;518;835,6.708623917637243E-5
4,122;605;665;799,-6.707106012215863E-5
4,327;589;875;879,6.706956296751141E-5
4,622;740;796;867,6.706131811042113E-5
4,1;225;269;338,6.703670229635613E-5
4,321;381;452;706,6.701786031496107E-5
4,43;114;531;598,-6.701607021374401E-5
4,111;230;631;793,-6.700472282364268E-5
4,344;499;770;819,6.699083709902829E-5
4,6;384;427;768,-6.69649809293382E-5
4,99;199;423;547,-6.696198771991291E-5
4,250;408;666;966,6.694621039468043E-5
4,27;49;575;909,6.686748269397799E-5
4,364;441;445;632,6.679747067076227E-5
4,448;781;821;902,6.677599520662418E-5
4,153;236;397;890,6.675441479187777E-5
4,227;509;715;896,-6.672416120660699E-5
4,131;223;468;472,6.669239085931444E-5
4,184;321;382;511,-6.666837938812037E-5
4,304;524;582;883,-6.666791374561408E-5
4,427;482;777;909,6.665392470193949E-5
4,28;101;488;950,6.662722909670891E-5
4,85;225;230;518,6.662344854261667E-5
4,266;300;381;465,6.65719188992147E-5
4,332;503;619;898,-6.653200179124741E-5
4,97;622;643;803,-6.650828030888516E-5
4,624;729;819;955,6.649553574276182E-5
4,481;783;876;970,-6.647049537097892E-5
4,25;642;696;744,-6.642156543452423E-5
4,517;606;758;881,-6.640390254316547E-5
4,28;77;111;833,-6.629760883419257E-5
4,293;378;398;543,6.625657268720958E-5
4,20;275;423;813,-6.624866414679795E-5
4,60;291;538;782,6.623903346988358E-5
4,523;769;902;916,-6.623559598459355E-5
4,131;336;440;870,6.61429607495461E-5
4,171;197;451;803,-6.612584593964697E-5
4,349;466;511;769,6.608847361118949E-5
4,39;458;676;874,6.608782792593414E-5
4,275;288;423;813,-6.607762177682858E-5
4,51;127;452;760,6.605712822472565E-5
4,211;673;845;906,6.604626384917506E-5
4,408;446;630;795,6.603147245013925E-5
4,188;250;493;771,6.601633679207372E-5
4,270;790;826;975,6.597822920072995E-5
4,130;401;518;927,-6.59722013104672E-5
4,35;142;459;483,-6.5938006597609E-5
4,291;381;452;706,6.59375106483102E-5
4,294;384;548;760,6.59365163093249E-5
4,83;821;950;978,6.58606055223118E-5
4,380;502;540;968,6.585925792467277E-5
4,63;193;203;797,-6.584846014505042E-5
4,135;210;865;938,-6.581731508027843E-5
4,242;493;701;825,-6.579167381944979E-5
4,5;245;732;915,6.572789800307822E-5
4,148;396;705;789,6.568196583275078E-5
4,53;231;372;440,-6.566972545670104E-5
4,192;277;471;818,-6.563772923528954E-5
4,42;475;913;962,6.559993362014772E-5
4,305;352;514;774,6.558084568073648E-5
4,4;20;181;323,6.556484577059055E-5
4,120;173;416;626,6.555167894986566E-5
4,390;555;717;978,-6.55514959949825E-5
4,147;872;944;979,-6.553876730701657E-5
4,118;372;383;775,-6.553454021823823E-5
4,156;571;700;912,-6.551831029340189E-5
4,298;331;427;787,-6.548005820392428E-5
4,161;407;459;916,6.543278194016312E-5
4,64;89;307;384,-6.542827191571806E-5
4,382;456;672;922,-6.536906310414348E-5
4,20;338;525;823,-6.533413881971264E-5
4,203;353;741;795,6.533026073000081E-5
4,23;822;836;904,6.531457148681343E-5
4,488;668;827;886,6.529117916720446E-5
4,84;125;354;731,-6.524773576517744E-5
4,41;95;106;951,6.521861108431073E-5
4,96;209;441;462,6.517820200908157E-5
4,170;733;882;962,-6.51517428479005E-5
4,196;209;275;577,6.509271918355321E-5
4,201;215;941;986,-6.505109397108247E-5
4,721;806;874;883,6.50283158488714E-5
4,111;145;404;898,-6.502441307943138E-5
4,255;373;438;815,6.495950240320136E-5
4,227;362;494;751,-6.491646047250244E-5
4,33;289;500;725,6.485361382267079E-5
4,131;336;459;870,-6.484999651224943E-5
4,146;216;589;704,-6.480770786632665E-5
4,13;102;679;950,-6.47449294757062E-5
4,121;336;681;883,6.473934766532968E-5
4,488;584;668;827,-6.471042286699253E-5
4,507;578;945;965,6.470237274450798E-5
4,133;461;615;901,6.46929100982141E-5
4,165;303;381;575,6.468509099168711E-5
4,280;316;411;930,6.466494824090369E-5
4,86;212;396;478,6.466327012435522E-5
4,110;381;692;822,-6.464198513130882E-5
4,193;360;364;761,6.463143346346094E-5
4,6;36;375;756,6.454520356358889E-5
4,170;201;293;733,6.453685548865823E-5
4,68;96;140;359,-6.451293421412485E-5
4,4;109;262;753,-6.446805028984811E-5
4,26;348;483;635,6.446587979900013E-5
4,181;188;603;914,-6.443033565667343E-5
4,9;183;947;994,-6.44133063177269E-5
4,193;249;263;950,-6.440819547025384E-5
4,301;811;812;996,-6.439254088858092E-5
4,210;678;730;890,6.438738490564686E-5
4,138;140;681;781,-6.435914973564017E-5
4,107;213;295;975,-6.4288350509805E-5
4,128;362;605;786,6.426220114334314E-5
4,16;182;388;891,-6.424387270522573E-5
4,522;626;673;813,6.420715534142596E-5
4,41;421;476;920,-6.419460074683989E-5
4,65;288;877;883,-6.419375242460599E-5
4,222;240;486;697,6.41927881356666E-5
4,502;555;717;978,-6.415650394566237E-5
4,157;300;339;569,6.409511908742898E-5
4,77;111;525;833,-6.40931402852486E-5
4,382;726;794;980,-6.404130568098987E-5
4,124;453;591;661,6.403182214719502E-5
4,344;499;770;957,-6.400793092748375E-5
4,209;332;503;898,6.397020707444948E-5
4,767;891;894;999,6.396105169343765E-5
4,97;140;899;956,-6.395279120492453E-5
4,179;293;299;837,-6.391461045272087E-5
4,330;406;437;961,6.387222010018116E-5
4,176;462;547;814,-6.383384968919259E-5
4,655;779;822;938,-6.382152674084507E-5
4,394;584;689;863,-6.380411482424015E-5
4,128;314;811;872,6.378442303411829E-5
4,3;725;821;982,-6.376628120453101E-5
4,332;582;831;952,-6.372306891444559E-5
4,17;128;434;513,-6.367150005976174E-5
4,50;67;182;660,-6.366139956672588E-5
4,42;582;802;839,6.365216067169187E-5
4,332;582;913;952,-6.364239195165242E-5
4,199;313;887;998,-6.358784999663062E-5
4,26;745;748;766,-6.34352045837442E-5
4,11;592;967;997,-6.343204098280778E-5
4,34;206;720;960,6.342891137744318E-5
4,86;453;481;756,-6.340395403275797E-5
4,645;737;791;868,-6.338897596179221E-5
4,41;258;557;765,6.338495450509083E-5
4,242;571;670;999,6.338326164499653E-5
4,192;359;530;607,-6.334533560500736E-5
4,287;443;500;723,6.332142259728822E-5
4,106;393;477;747,6.330174987939465E-5
4,137;363;682;743,6.329195243765751E-5
4,53;287;877;897,-6.329056011460285E-5
4,192;598;905;948,6.322464247870082E-5
4,29;97;267;725,6.319684674114394E-5
4,268;336;806;955,-6.314457071538034E-5
4,310;533;743;771,-6.313491317941344E-5
4,121;336;348;681,-6.30577455917367E-5
4,246;673;845;906,6.302446785388195E-5
4,279;343;361;656,6.300201036739603E-5
4,14;377;387;738,6.298563889261142E-5
4,392;715;800;918,6.295410399680429E-5
4,102;403;600;714,6.291589536039983E-5
4,84;619;812;844,6.288243505297678E-5
4,154;202;237;325,-6.287830529652896E-5
4,181;342;501;620,-6.286556391662279E-5
4,234;251;743;887,-6.285255660210817E-5
4,19;128;403;514,-6.28266064561601E-5
4,54;174;303;457,-6.282463641341381E-5
4,376;417;665;887,6.275755284939372E-5
4,275;431;471;707,6.273221112217921E-5
4,412;539;596;725,-6.261548689950648E-5
4,30;146;216;589,-6.258654252245212E-5
4,283;500;527;568,6.258416507117889E-5
4,197;488;811;880,-6.253564190642544E-5
4,34;206;242;960,6.251869189270785E-5
4,28;591;871;981,6.251711272701838E-5
4,364;640;807;878,6.246872843464333E-5
4,204;499;933;964,-6.24290312223089E-5
4,259;482;590;720,-6.24094820507292E-5
4,99;168;219;616,6.24093258462846E-5
4,119;191;290;611,-6.240207724166443E-5
4,406;437;676;961,6.239743570729115E-5
4,514;576;703;968,6.235764294099801E-5
4,161;389;641;967,6.233493012241842E-5
4,512;650;691;891,-6.233259862846543E-5
4,523;757;758;892,-6.229186359973189E-5
4,156;300;450;504,6.227311361855947E-5
4,12;75;199;494,-6.226319086384735E-5
4,125;616;775;833,-6.226195055035888E-5
4,437;699;736;830,-6.225064771189084E-5
4,142;188;250;771,-6.220788203945586E-5
4,219;306;577;921,-6.218465489741646E-5
4,71;449;489;994,-6.213163369384746E-5
4,156;177;265;658,-6.206002643520658E-5
4,210;730;820;890,-6.204094529483173E-5
4,56;227;385;902,-6.203554450936654E-5
4,494;576;759;987,-6.201432910734685E-5
4,97;545;617;739,-6.200828404054473E-5
4,44;51;106;107,6.198512943686819E-5
4,440;837;910;929,6.198225124934657E-5
4,415;571;910;920,6.197626535524047E-5
4,293;493;502;805,6.19698302406349E-5
4,343;506;797;983,-6.195868899171742E-5
4,71;449;945;994,6.195716105506397E-5
4,40;51;265;660,6.195192588024544E-5
4,194;240;590;958,6.187625817863312E-5
4,282;294;482;625,6.187357593982592E-5
4,46;225;495;574,-6.184614622018977E-5
4,15;438;445;721,6.180201012825654E-5
4,230;631;793;866,6.178186702997823E-5
4,19;134;276;897,6.176788205261387E-5
4,280;411;786;930,-6.176024199103603E-5
4,168;219;616;909,6.17547113375926E-5
4,440;720;759;846,6.173929329903072E-5
4,57;182;352;355,-6.172442874567973E-5
4,108;455;528;548,6.169419533466462E-5
4,402;425;566;584,-6.168327578363298E-5
4,193;454;737;968,-6.15735000242575E-5
4,180;379;599;973,6.147350435544807E-5
4,575;578;675;917,-6.1439850836813E-5
4,200;250;620;884,6.14021249104504E-5
4,276;313;613;647,-6.13587445137147E-5
4,2;338;548;827,6.13440648200287E-5
4,346;657;856;986,6.127628144476117E-5
4,289;375;500;725,6.122313243136418E-5
4,11;119;594;687,-6.113913155343427E-5
4,133;306;510;726,-6.112562089635491E-5
4,28;66;552;707,6.109920448671247E-5
4,324;465;643;933,6.107110565964705E-5
4,488;584;668;886,6.105173070046297E-5
4,104;440;635;716,-6.104065399455924E-5
4,65;193;511;750,6.103836962643125E-5
4,204;382;726;980,-6.101363776662326E-5
4,420;520;651;809,6.100145838246912E-5
4,163;445;786;794,6.096277300364747E-5
4,245;404;718;830,6.095656808529855E-5
4,277;379;451;512,6.09499289979721E-5
4,53;385;412;484,6.0938322431011474E-5
4,17;69;123;153,6.091598705865349E-5
4,260;547;598;725,-6.086808549195796E-5
4,153;459;582;598,-6.0802049551491516E-5
4,221;499;933;964,6.0789167694157744E-5
4,394;866;878;982,6.077963112946369E-5
4,98;458;461;738,6.07788161786058E-5
4,228;522;626;813,6.077321614566823E-5
4,350;572;698;824,-6.0756672646515424E-5
4,141;353;588;887,-6.074948719531925E-5
4,64;278;645;958,6.073357795704773E-5
4,382;424;523;861,-6.072752250881583E-5
4,171;229;577;832,-6.0720411237083145E-5
4,276;313;647;688,-6.069859857794184E-5
4,284;437;928;932,-6.066738585689123E-5
4,201;496;941;986,-6.0643195794238965E-5
4,228;301;652;860,-6.060316316049695E-5
4,492;599;666;997,-6.058077629280387E-5
4,260;547;631;725,6.056152735028765E-5
4,191;575;873;913,6.04935832208081E-5
4,432;709;812;890,-6.048982678826595E-5
4,158;779;875;923,-6.0449286336453046E-5
4,66;101;224;498,6.041587871328368E-5
4,191;698;920;923,6.039981643898877E-5
4,2;32;35;137,6.038846937250122E-5
4,275;806;874;883,-6.038289332515141E-5
4,99;300;450;504,6.03676968676179E-5
4,28;66;96;552,6.0335805122060585E-5
4,34;60;222;897,-6.0312834971470906E-5
4,84;95;360;777,-6.030188818130768E-5
4,46;225;574;980,6.0297393073731166E-5
4,46;239;456;887,-6.028068628484401E-5
4,13;457;679;950,-6.0252201527974435E-5
4,178;244;563;738,-6.024584579983932E-5
4,196;209;531;793,6.023985560139148E-5
4,24;154;632;640,6.021355530135143E-5
4,65;139;405;459,6.020788084352473E-5
4,80;222;414;783,6.0181683042843964E-5
4,65;589;875;879,6.0095577625384616E-5
4,65;288;457;877,6.00839861247342E-5
4,109;241;725;792,6.005471143683566E-5
4,785;789;826;944,-6.001562649539454E-5
4,60;582;792;925,5.997246009268474E-5
4,92;223;471;847,-5.996965865404203E-5
4,117;287;495;650,5.994784752915587E-5
4,41;129;546;989,5.9909860365625395E-5
4,123;133;600;679,-5.9907070569434E-5
4,389;601;641;967,5.987011044037992E-5
4,76;386;436;983,5.9860755534345434E-5
4,118;286;845;945,5.9802675801806654E-5
4,414;491;896;984,-5.979783526407774E-5
4,101;292;766;804,5.9795237970169726E-5
4,63;120;279;328,5.979071270393338E-5
4,284;677;756;940,5.977418621192401E-5
4,119;191;290;637,-5.9758362315577334E-5
4,505;548;575;637,5.9727580737979955E-5
4,99;233;242;615,5.972091512522676E-5
4,187;247;577;900,-5.967949778454953E-5
4,134;164;284;497,5.964024313572569E-5
4,278;315;565;796,-5.9536931597508724E-5
4,156;371;782;910,-5.952373930908959E-5
4,150;539;552;898,5.950633897977964E-5
4,402;425;527;584,5.946657084761074E-5
4,29;97;725;768,-5.9413247001938985E-5
4,280;505;773;792,5.9409275670087845E-5
4,53;107;877;897,5.940524170824823E-5
4,551;610;872;933,5.9401740183815515E-5
4,162;256;289;395,5.940077049197419E-5
4,246;332;744;833,-5.938882404766427E-5
4,718;817;950;976,5.935714474885796E-5
4,31;275;471;707,5.933834371628897E-5
4,512;691;891;957,5.929802099033697E-5
4,98;467;700;948,5.927409734274265E-5
4,556;645;791;868,5.922625258654358E-5
4,183;320;504;955,5.9183282458779896E-5
4,319;682;758;761,-5.916467694053926E-5
4,25;422;738;831,-5.906732292877034E-5
4,16;101;388;891,5.904868820753315E-5
4,276;749;874;929,5.899581293860061E-5
4,269;276;920;999,5.898916522217682E-5
4,46;356;372;897,-5.8953110739736184E-5
4,80;677;877;994,5.892838418422819E-5
4,331;773;851;954,-5.8922689705054695E-5
4,186;258;573;699,5.888403635100531E-5
4,103;377;718;895,5.8874221142815986E-5
4,219;220;512;649,5.886741541099151E-5
4,92;273;813;821,-5.8865817115299536E-5
4,311;585;622;672,5.8845076742493494E-5
4,341;396;432;487,-5.8840126627509665E-5
4,188;546;603;914,-5.882956303789166E-5
4,626;901;904;978,5.8810210752434135E-5
4,363;682;743;805,-5.8801327539494965E-5
4,141;353;588;715,-5.877998648439948E-5
4,99;319;682;761,-5.873272145782051E-5
4,437;678;699;830,5.8728977896167014E-5
4,224;344;517;954,-5.870752652099484E-5
4,196;381;749;779,-5.869707116857276E-5
4,20;288;423;813,5.8679766427964034E-5
4,525;527;634;867,5.866660323654542E-5
4,33;375;500;725,5.861353625984037E-5
4,295;740;783;988,5.860505692865065E-5
4,126;135;727;907,5.860486698230343E-5
4,168;478;588;598,-5.856196059525874E-5
4,40;158;387;653,-5.8561820071767686E-5
4,64;78;482;575,-5.855560265783297E-5
4,69;233;396;849,-5.853488827877461E-5
4,27;333;466;556,-5.8527473525283983E-5
4,254;368;476;515,-5.851082259168959E-5
4,378;526;744;790,5.846632262857583E-5
4,89;152;226;767,5.844912209274594E-5
4,80;384;407;494,5.8447820625749894E-5
4,160;352;447;983,-5.8439798040820656E-5
4,329;410;496;770,5.834220699162207E-5
4,130;319;669;991,5.8338760822927706E-5
4,162;168;478;588,-5.833124073829009E-5
4,433;715;716;903,-5.832019758709715E-5
4,49;64;586;859,5.830038681259917E-5
4,299;469;872;966,-5.829409933065552E-5
4,154;295;645;979,5.8248845978078485E-5
4,185;499;698;937,-5.821476267083743E-5
4,2;61;548;827,-5.8214150161912536E-5
4,231;550;761;765,-5.818895294585163E-5
4,83;436;570;969,-5.8147120475840944E-5
4,391;442;462;986,5.8137164028297356E-5
4,128;476;529;667,5.8134545227858605E-5
4,12;94;299;433,-5.8116097102981184E-5
4,131;199;408;981,5.810029605715107E-5
4,334;527;634;685,5.808882247921746E-5
4,98;678;914;956,-5.799831696775821E-5
4,53;291;767;918,5.799216587435975E-5
4,680;773;827;981,-5.7978673849886825E-5
4,8;203;353;741,5.7968848933144855E-5
4,326;639;745;978,-5.7960104605603856E-5
4,28;55;101;488,5.791475355016961E-5
4,97;200;497;621,5.7886580941515747E-5
4,113;397;497;862,-5.787993730919809E-5
4,269;365;564;767,-5.7862967296705885E-5
4,238;655;924;980,-5.78405498820304E-5
4,4;132;308;817,5.783102078879036E-5
4,127;322;920;959,5.7830085391404106E-5
4,96;441;462;949,-5.782562633277341E-5
4,82;602;789;798,5.7819807812507855E-5
4,31;275;431;471,-5.781378341689791E-5
4,171;524;591;764,5.779762103887687E-5
4,322;403;596;828,5.7792526297190966E-5
4,9;160;177;936,-5.777549681488796E-5
4,249;376;525;572,5.768517152774401E-5
4,52;419;420;444,-5.764033575228222E-5
4,133;281;510;726,5.763782161142221E-5
4,10;267;395;768,5.763522485874567E-5
4,89;244;327;984,-5.761026495203911E-5
4,286;360;511;689,5.7592412925790566E-5
4,109;241;362;792,5.7578346496870926E-5
4,71;424;616;896,5.756983038608397E-5
4,231;550;680;765,5.755070586604788E-5
4,89;299;510;889,5.7513739670767144E-5
4,43;92;531;598,5.747750812981452E-5
4,130;781;957;965,5.745290708363601E-5
4,98;268;603;646,5.743937828218372E-5
4,326;491;745;978,5.743932775075537E-5
4,90;218;717;889,5.7409925392918055E-5
4,271;322;401;711,5.738918866027966E-5
4,383;484;889;992,-5.736676341402535E-5
4,542;740;783;988,-5.734544104453431E-5
4,40;340;387;653,5.7323718046447835E-5
4,313;366;561;615,5.731211165627724E-5
4,163;474;786;794,5.7290895137901426E-5
4,132;747;911;928,-5.728097978038205E-5
4,186;367;441;755,5.727655421476103E-5
4,154;230;241;316,-5.725656575971356E-5
4,544;549;775;805,-5.723279931259521E-5
4,364;807;842;878,5.7227249352818795E-5
4,17;79;499;538,5.721269110215208E-5
4,114;384;646;852,-5.72097564020981E-5
4,356;517;600;640,5.71676336630874E-5
4,407;456;723;965,-5.715736968573121E-5
4,223;414;525;999,5.7152358986279225E-5
4,124;302;513;828,5.710027754960662E-5
4,500;642;803;906,-5.705147201475862E-5
4,186;258;616;699,5.704673109860757E-5
4,470;512;580;961,5.696002273657011E-5
4,677;756;834;940,-5.695120574471589E-5
4,196;377;387;738,-5.6945468030936365E-5
4,141;173;520;896,5.69338212310129E-5
4,373;511;763;960,-5.693101647319838E-5
4,44;108;504;524,-5.689788442023779E-5
4,15;507;635;966,-5.688845884542013E-5
4,228;301;314;652,-5.679013461490709E-5
4,20;31;280;805,-5.6765938249305536E-5
4,220;307;410;501,-5.67600764032261E-5
4,503;550;875;912,5.673539726372329E-5
4,249;540;755;929,-5.671994877632136E-5
4,407;461;615;901,-5.6708669839167796E-5
4,54;145;768;971,-5.669295979622002E-5
4,73;288;792;945,5.664260365014263E-5
4,7;574;614;702,5.664256372384698E-5
4,277;357;674;920,-5.6642084727384624E-5
4,33;93;372;834,5.664064283465009E-5
4,169;230;240;995,5.662381898920031E-5
4,719;793;851;997,5.659840542515745E-5
4,132;163;308;817,5.6539841075177124E-5
4,333;488;647;993,-5.6531841901560394E-5
4,266;531;788;826,5.652283515447768E-5
4,68;143;213;625,5.648764325913573E-5
4,487;724;754;898,-5.644363771106564E-5
4,282;306;667;919,-5.6427274805905354E-5
4,17;38;951;988,5.639067126030242E-5
4,556;679;839;990,-5.6387158937000416E-5
4,509;530;603;980,5.635956437557882E-5
4,156;177;265;770,-5.633315398394119E-5
4,48;76;643;689,-5.630946111512224E-5
4,27;85;414;959,-5.630493667074514E-5
4,399;564;632;753,-5.629006902107589E-5
4,449;485;583;752,5.6289957223209364E-5
4,60;82;222;897,-5.62729200587692E-5
4,123;411;600;679,5.6266913670260936E-5
4,106;282;481;483,5.626463158352651E-5
4,370;670;754;945,5.626390325171213E-5
4,322;401;711;889,5.6223794243085105E-5
4,346;531;668;987,5.62151802261519E-5
4,43;550;562;612,-5.614587182898293E-5
4,92;146;471;847,-5.608235622201302E-5
4,633;815;870;889,-5.605316823828065E-5
4,227;441;494;751,-5.604624629000834E-5
4,578;799;945;965,5.604339587329732E-5
4,100;118;258;420,-5.6039939193295994E-5
4,376;451;707;730,5.601465629344099E-5
4,25;179;194;412,-5.6011974606726665E-5
4,335;410;868;966,-5.599184445883403E-5
4,342;501;620;684,-5.5970475666361484E-5
4,353;464;639;969,-5.596251059954839E-5
4,181;342;620;684,5.5941574265008185E-5
4,111;160;583;866,5.59029050940429E-5
4,97;617;739;992,5.588323292215701E-5
4,137;297;410;773,-5.586430349161568E-5
4,211;805;851;919,5.5812073739851546E-5
4,70;230;569;935,5.5799546905214704E-5
4,218;437;528;763,-5.579823351298124E-5
4,63;281;603;764,5.579696140666691E-5
4,379;421;628;869,-5.5756946187955385E-5
4,12;41;94;299,5.5752993260231534E-5
4,143;643;667;671,5.574842662988799E-5
4,105;409;515;706,5.5736111676429975E-5
4,47;135;432;627,-5.57067819412288E-5
4,12;480;555;872,5.5696785957480694E-5
4,685;715;743;968,5.565084346480667E-5
4,20;275;288;423,-5.563305651501942E-5
4,491;511;550;580,-5.562045343105809E-5
4,280;411;423;674,5.55835878051648E-5
4,17;201;951;988,5.557559911766499E-5
4,440;491;837;929,5.556739637227986E-5
4,54;145;879;971,-5.555572246787817E-5
4,1;225;269;708,5.555184166585396E-5
4,713;719;793;851,-5.5521167811569415E-5
4,224;228;403;777,5.550774969725314E-5
4,120;307;341;535,-5.5465679486119956E-5
4,185;466;491;750,5.5408715991235026E-5
4,91;238;405;820,5.5396876047426214E-5
4,149;516;769;896,-5.533128649613113E-5
4,284;677;834;940,5.532412302667944E-5
4,138;611;681;781,5.5306255343358445E-5
4,179;421;628;869,-5.529670595684695E-5
4,323;868;889;989,5.528042383906784E-5
4,33;114;408;672,5.527103513551482E-5
4,91;208;626;958,5.523969503031924E-5
4,204;626;888;971,-5.522150825423132E-5
4,180;448;536;613,5.515582656760063E-5
4,61;267;279;871,-5.512737203194136E-5
4,266;300;314;381,-5.510628080697609E-5
4,264;675;816;876,5.5083919020813044E-5
4,109;262;739;753,5.5070201824215244E-5
4,298;331;427;586,-5.503450411202779E-5
4,172;314;521;690,-5.501023391792495E-5
4,192;530;592;607,5.4862968443830416E-5
4,756;775;796;896,5.483663363387595E-5
4,306;577;921;976,-5.48312100647613E-5
4,46;405;673;928,-5.4825578206873234E-5
4,257;485;695;929,5.4819984147645544E-5
4,314;452;593;625,5.481908185710471E-5
4,307;341;745;750,5.4811054428760565E-5
4,377;412;430;495,5.477725019940081E-5
4,181;188;546;603,-5.476242446377333E-5
4,116;182;538;967,-5.4753504540332123E-5
4,89;152;226;890,5.473374047421964E-5
4,48;716;741;791,-5.472501651859775E-5
4,491;550;580;862,-5.472092974740346E-5
4,6;36;298;375,-5.46995625421841E-5
4,73;179;825;999,-5.4697997367666254E-5
4,56;363;531;557,5.4687048389935125E-5
4,280;428;839;984,-5.4681791428417654E-5
4,155;441;445;632,5.467372680781297E-5
4,103;377;718;842,5.46250360563775E-5
4,2;349;350;921,-5.462395903000551E-5
4,110;134;164;497,5.461866678231826E-5
4,94;128;524;832,-5.459547011300002E-5
4,219;496;675;792,5.459068239810506E-5
4,69;567;672;763,-5.454267236920175E-5
4,126;331;773;954,-5.4445982123201705E-5
4,122;587;638;782,5.439304064581412E-5
4,572;760;824;926,-5.43067268092446E-5
4,217;439;917;971,-5.430471543366636E-5
4,227;540;606;841,5.4303844980246375E-5
4,299;496;533;740,-5.43026190658165E-5
4,132;686;747;911,5.427059787279792E-5
4,30;394;584;689,-5.4270249398475905E-5
4,660;765;820;949,5.420101118224648E-5
4,381;692;806;822,-5.418772962979815E-5
4,25;642;688;744,-5.417325059967326E-5
4,352;424;523;861,-5.415107091394993E-5
4,47;135;432;569,5.409475912494309E-5
4,131;181;199;408,-5.4090506923359435E-5
4,53;446;477;732,-5.4089328556120905E-5
4,14;35;518;877,-5.406720488337549E-5
4,268;374;806;955,5.406586636354854E-5
4,10;267;614;768,5.40527965515405E-5
4,48;76;689;913,5.403455947597065E-5
4,277;585;674;920,5.401917749113081E-5
4,296;400;640;717,-5.400869249654989E-5
4,178;192;754;838,-5.400128484051936E-5
4,373;391;637;755,-5.39722675293854E-5
4,324;440;744;770,5.396929162421832E-5
4,453;572;654;811,5.391857184630092E-5
4,92;516;680;814,5.391695038734001E-5
4,484;517;563;648,5.3886377224076566E-5
4,84;85;242;485,-5.38802243292745E-5
4,96;118;372;383,5.387301050649347E-5
4,195;586;611;830,5.3824981051781864E-5
4,76;533;546;833,5.3774375989950265E-5
4,67;814;871;875,5.3747025818396566E-5
4,91;639;746;836,-5.374476798308939E-5
4,720;759;846;935,-5.3711462288930926E-5
4,245;307;818;905,-5.37107971800256E-5
4,27;337;709;821,-5.37087344715736E-5
4,93;674;796;854,5.36798373554572E-5
4,431;557;762;944,5.365278636001072E-5
4,195;408;672;807,-5.3646479845817134E-5
4,68;87;94;903,-5.3618622585534986E-5
4,6;329;684;980,-5.3611351778934716E-5
4,109;135;727;907,5.3600395308876204E-5
4,284;677;756;834,-5.359454070838955E-5
4,80;677;690;877,-5.353557350920216E-5
4,278;344;450;803,5.352337222018269E-5
4,442;487;731;761,-5.348631224977474E-5
4,421;713;766;818,5.3467804598161624E-5
4,294;359;946;996,-5.345665166596515E-5
4,182;421;760;968,-5.33826362352863E-5
4,122;437;703;749,5.337207373120873E-5
4,27;333;466;583,5.337150860701379E-5
4,315;785;789;944,5.3343267876420035E-5
4,270;460;677;729,-5.331755026589645E-5
4,198;199;887;998,-5.330309150647084E-5
4,223;468;472;878,5.319258295410344E-5
4,257;269;276;920,-5.317230831069485E-5
4,183;199;320;504,5.3165123717409395E-5
4,177;377;412;430,-5.3146509224734864E-5
4,185;415;466;750,5.314068138554817E-5
4,146;184;337;510,5.313614653801849E-5
4,76;524;617;934,-5.30954460591777E-5
4,626;730;901;978,-5.308696303482232E-5
4,522;757;758;892,-5.306514896652679E-5
4,435;601;631;781,5.303608835261074E-5
4,163;256;551;995,-5.285359900138803E-5
4,380;440;744;770,-5.278613005965665E-5
4,534;785;807;962,-5.2731565505629114E-5
4,407;444;456;965,-5.26392825223426E-5
4,108;236;660;710,-5.2538459492212146E-5
4,48;716;741;744,-5.2525043852176674E-5
4,198;598;711;759,-5.249066385959617E-5
4,178;589;639;965,-5.2468556774786194E-5
4,6;427;768;777,5.243553826070359E-5
4,94;402;494;769,-5.243181305410621E-5
4,640;733;882;962,-5.241884713366509E-5
4,169;632;708;943,-5.241020194509407E-5
4,214;391;538;714,-5.240797156306895E-5
4,17;649;715;833,-5.2385352433185026E-5
4,368;443;841;886,-5.234791498135338E-5
4,220;326;368;424,-5.234156953257886E-5
4,589;648;690;696,-5.2338341817778956E-5
4,120;769;920;937,-5.232221071392445E-5
4,303;584;635;658,5.230020519021663E-5
4,244;641;733;763,5.2221361004149385E-5
4,221;429;446;993,-5.216700321727003E-5
4,586;724;881;971,5.2124386652668946E-5
4,300;435;465;716,5.211481331577175E-5
4,494;543;823;900,5.2095203403347735E-5
4,55;59;195;345,-5.209474329231158E-5
4,224;369;775;787,5.20667277568744E-5
4,39;458;603;676,-5.206190085111144E-5
4,312;526;904;927,-5.2049902702092223E-5
4,193;201;715;747,5.204157126855459E-5
4,30;584;689;863,5.204107649600401E-5
4,171;197;499;803,5.202947401360909E-5
4,269;365;767;900,-5.2000491291427086E-5
4,53;73;288;945,5.1988355547148104E-5
4,121;299;469;966,-5.197414449846097E-5
4,106;312;492;681,5.1971941708298093E-5
4,13;79;362;497,5.196634680202109E-5
4,48;184;337;510,5.194709097488627E-5
4,643;780;861;914,5.1940529437034755E-5
4,222;287;500;723,5.191662695017504E-5
4,335;571;767;825,5.189834595587078E-5
4,280;423;561;674,5.18769743103473E-5
4,382;675;893;980,-5.1849637921899906E-5
4,228;626;673;813,5.1840056001509275E-5
4,92;450;489;758,5.183675195657886E-5
4,89;307;384;731,-5.183461778660137E-5
4,112;603;693;812,5.178175743931362E-5
4,588;608;798;923,-5.176667542378291E-5
4,32;241;448;754,5.17310273016892E-5
4,166;233;438;441,-5.172030189234277E-5
4,155;187;199;755,5.167763355092946E-5
4,106;168;220;401,5.16747189617313E-5
4,106;312;492;939,5.167445432288692E-5
4,184;408;675;711,5.162607428316457E-5
4,509;530;746;980,-5.162436270357272E-5
4,314;390;426;663,5.159967677851278E-5
4,312;729;884;969,5.159548026583373E-5
4,318;645;824;876,-5.1583659280013615E-5
4,321;473;475;935,-5.158294694668138E-5
4,174;333;488;993,-5.157005340214177E-5
4,22;151;485;664,5.1565857630975526E-5
4,132;686;911;928,5.152660716747767E-5
4,29;244;370;683,5.1514869603163E-5
4,291;321;381;706,-5.149215696614966E-5
4,147;219;919;933,-5.146485707451344E-5
4,87;575;578;675,-5.145863422247473E-5
4,172;422;612;724,5.141937614763369E-5
4,117;495;650;991,-5.140541152740019E-5
4,47;118;524;637,5.1347691829519814E-5
4,181;501;620;684,-5.132286334022472E-5
4,26;722;808;871,-5.127955467563028E-5
4,48;146;337;510,-5.123989758679537E-5
4,113;153;155;216,-5.1223243119029385E-5
4,730;901;904;978,5.118920204597656E-5
4,37;569;633;718,-5.118849994247418E-5
4,186;440;640;981,-5.1131229882532764E-5
4,6;202;329;684,5.112932183164032E-5
4,38;447;580;914,5.112613660384848E-5
4,375;420;766;871,5.110353441724856E-5
4,189;238;611;672,5.109677527086694E-5
4,86;503;544;950,-5.108846875247112E-5
4,637;781;821;902,5.106530917550252E-5
4,378;813;901;904,5.105278206940057E-5
4,61;721;849;855,5.104864225644569E-5
4,2;270;826;975,5.104690264582929E-5
4,157;340;501;572,-5.10387347339724E-5
4,104;421;732;830,5.099494992858443E-5
4,161;196;335;734,-5.0989119722421974E-5
4,346;657;880;986,-5.098834083961478E-5
4,99;140;199;423,5.092246987951403E-5
4,154;202;325;366,5.090188648479002E-5
4,58;431;798;916,5.0900239229285284E-5
4,204;382;726;794,-5.0898101053389756E-5
4,506;649;739;898,-5.088964950910786E-5
4,36;624;778;800,-5.088097799578126E-5
4,235;442;487;731,5.0866895064898206E-5
4,395;464;647;934,5.0828491209121794E-5
4,264;725;816;876,5.0793643534140236E-5
4,224;304;775;787,5.0788023171879734E-5
4,17;128;434;597,-5.077559166141358E-5
4,38;220;522;680,5.076168745232547E-5
4,453;591;661;888,5.075293819709628E-5
4,196;505;795;839,-5.0749705743568564E-5
4,231;913;915;949,5.074612837854778E-5
4,361;426;880;980,5.0744358680525074E-5
4,53;108;412;484,-5.070131943433053E-5
4,318;551;610;933,-5.066580344597102E-5
4,309;540;815;901,-5.0590445452646336E-5
4,214;221;629;793,5.055719434012922E-5
4,75;145;416;502,-5.054803094250506E-5
4,209;332;619;898,-5.053909032483991E-5
4,117;128;191;203,-5.0509669650615836E-5
4,284;437;678;928,5.04815762542603E-5
4,97;423;622;803,5.040420248195411E-5
4,31;285;373;894,5.0402036196845945E-5
4,25;143;349;863,-5.039886958602285E-5
4,324;465;727;933,5.038378408670069E-5
4,85;225;230;378,-5.038279843720492E-5
4,132;686;747;928,5.0363116377358466E-5
4,22;151;275;664,5.028486003396724E-5
4,31;255;285;373,5.0262434581806015E-5
4,337;548;575;637,5.024853563965749E-5
4,286;335;511;689,-5.0217886952485175E-5
4,602;641;728;792,-5.0191591567113594E-5
4,198;338;525;823,-5.0144204799091605E-5
4,133;177;422;778,5.013852665372483E-5
4,46;239;331;456,5.012385175091523E-5
4,360;556;839;990,-5.009993884441595E-5
4,36;74;624;778,5.0081313621507796E-5
4,11;76;133;619,5.002713408637567E-5
4,44;108;524;675,4.997244109093024E-5
4,378;790;813;901,4.9954181308200295E-5
4,81;141;594;917,-4.994342851721517E-5
4,10;299;733;793,-4.992307214901766E-5
4,94;412;783;935,-4.991186418469658E-5
4,673;775;961;972,-4.9892680122287207E-5
4,222;240;396;486,4.988421749981724E-5
4,300;371;404;980,4.9857263069149066E-5
4,76;533;546;761,-4.98398010246862E-5
4,142;188;493;771,-4.9833710594793384E-5
4,250;315;587;964,-4.979010034236139E-5
4,147;240;812;990,-4.975238193436564E-5
4,80;193;468;844,-4.973185028995487E-5
4,63;81;627;693,-4.969214888751821E-5
4,209;503;619;898,-4.962876760878492E-5
4,150;268;360;486,4.962750399213832E-5
4,122;572;587;782,4.959779684545804E-5
4,21;353;778;989,4.9569167162153734E-5
4,12;29;75;494,-4.954809652803426E-5
4,463;544;653;805,-4.954545276985749E-5
4,128;529;667;834,-4.950437070984926E-5
4,19;578;703;996,4.94508653510327E-5
4,42;475;913;961,4.9448466974438554E-5
4,120;307;341;921,4.9443075092613294E-5
4,393;574;673;901,4.933779261507E-5
4,379;408;566;958,4.931073708680267E-5
4,327;374;573;880,4.929651025378376E-5
4,109;208;776;959,-4.92851687300873E-5
4,278;450;486;803,4.926489043564966E-5
4,391;529;637;755,-4.925918017168489E-5
4,193;364;761;951,4.925379080712644E-5
4,87;526;808;833,-4.923796836684682E-5
4,55;123;794;887,4.9228914249822404E-5
4,161;224;459;916,-4.92223677187383E-5
4,75;325;822;978,-4.92126205699384E-5
4,23;492;836;904,4.916885299062053E-5
4,18;346;862;868,-4.9166280033262465E-5
4,174;558;701;837,-4.915561378182381E-5
4,49;54;556;636,4.914279878671737E-5
4,230;476;581;630,-4.9100701030634734E-5
4,328;712;737;872,-4.910049927806591E-5
4,177;187;757;957,-4.909683853151799E-5
4,27;337;711;821,-4.908994165129638E-5
4,27;405;791;961,4.9087580104679604E-5
4,245;688;718;830,-4.9087464413825626E-5
4,195;394;466;839,4.9083674867043946E-5
4,128;435;701;860,-4.9076203493326155E-5
4,267;451;801;867,-4.9058431226692596E-5
4,449;485;547;583,4.905599666041404E-5
4,54;79;627;983,-4.9018614020471347E-5
4,122;691;789;942,-4.8995293035978E-5
4,240;383;686;713,4.8957417844945756E-5
4,360;871;903;911,-4.8944713924448555E-5
4,120;307;535;921,4.892571304324312E-5
4,291;497;659;976,4.8918244576883236E-5
4,33;289;375;725,-4.8917337062388836E-5
4,373;619;677;745,-4.8882644515863914E-5
4,196;531;793;862,-4.8877537055738693E-5
4,69;123;153;359,-4.886418134378118E-5
4,196;232;513;647,4.883583668903633E-5
4,140;595;666;826,4.882071653166703E-5
4,271;401;711;889,4.879864105072258E-5
4,381;775;810;987,-4.879861582367777E-5
4,148;500;642;906,4.878013737983747E-5
4,267;677;874;998,4.8764248546918645E-5
4,4;192;545;976,-4.876324504538844E-5
4,464;647;919;934,-4.874617441921388E-5
4,264;675;725;876,-4.872410794921434E-5
4,160;377;383;784,-4.871831132033483E-5
4,165;246;683;906,4.87117402142097E-5
4,729;820;867;924,4.868220815609127E-5
4,265;330;469;929,-4.8643228031454486E-5
4,325;549;822;978,-4.863441180846149E-5
4,120;184;369;465,4.8620949599470155E-5
4,462;612;814;831,4.858919700299219E-5
4,303;315;584;658,4.858578769901774E-5
4,167;358;600;749,4.857117197583877E-5
4,105;170;171;551,-4.855438536131885E-5
4,357;425;879;916,-4.854859765040794E-5
4,181;546;603;914,-4.853492084445812E-5
4,43;336;683;708,4.851862575672889E-5
4,18;526;808;833,-4.850699168479716E-5
4,253;721;868;930,4.850688146678971E-5
4,86;120;315;670,-4.8506818477135974E-5
4,53;156;365;670,-4.8457185317745294E-5
4,162;478;588;598,-4.8434736237962784E-5
4,304;611;640;850,4.8404372680110194E-5
4,154;222;230;241,4.8395766810975434E-5
4,221;411;559;987,-4.839032157810447E-5
4,280;546;687;847,-4.8350868777360724E-5
4,101;342;624;733,-4.834864761696371E-5
4,27;363;597;901,4.834605953813907E-5
4,185;228;424;817,4.833044830747004E-5
4,122;236;789;942,4.830415685807192E-5
4,436;570;674;969,-4.829133337329773E-5
4,84;95;305;360,4.826584161994652E-5
4,27;333;556;583,-4.8230747752384504E-5
4,74;439;917;971,-4.822590501753528E-5
4,130;401;456;518,4.820024919256875E-5
4,60;369;657;739,-4.819588003302444E-5
4,66;247;577;900,4.8192253160874204E-5
4,172;239;476;497,4.810433857520536E-5
4,372;517;606;758,4.80980987077797E-5
4,4;109;262;739,-4.80842041242799E-5
4,429;446;611;993,-4.802953877454416E-5
4,83;166;352;642,-4.798531828895526E-5
4,119;238;723;840,-4.79559553626354E-5
4,430;628;695;974,-4.795226558032847E-5
4,37;569;693;718,-4.792996337605743E-5
4,60;375;681;961,-4.791937062211221E-5
4,133;443;610;967,-4.789269252789613E-5
4,198;553;795;976,-4.7825016636600934E-5
4,178;192;548;838,4.782283016984294E-5
4,154;295;645;895,-4.781083589948248E-5
4,393;773;827;981,4.780457963131326E-5
4,96;616;846;962,-4.7745149039737926E-5
4,16;417;849;956,-4.7744060280556184E-5
4,3;725;884;982,4.773505060916897E-5
4,270;460;729;859,-4.7723210042473334E-5
4,552;559;658;872,-4.770409176414496E-5
4,14;69;167;860,4.768186467805408E-5
4,46;218;673;928,4.7681408428730154E-5
4,112;603;812;843,4.766478355143393E-5
4,360;607;793;914,4.759553356634328E-5
4,53;73;792;945,-4.758508919828359E-5
4,193;214;737;968,-4.7561282879176545E-5
4,373;438;764;815,4.7546618958111465E-5
4,65;457;877;883,4.750820524780806E-5
4,86;181;714;969,-4.75075549211179E-5
4,264;286;431;562,4.7485784851053855E-5
4,72;397;565;640,-4.7478280785771805E-5
4,4;24;62;73,4.747306210768089E-5
4,425;743;828;949,4.7437293710223264E-5
4,377;422;539;666,-4.742491914752484E-5
4,261;277;399;572,4.737767684721088E-5
4,179;379;628;869,-4.734380678339E-5
4,286;335;360;689,-4.7303950097429493E-5
4,221;559;585;987,4.7290524085516666E-5
4,101;355;624;733,4.727729495972603E-5
4,2;222;350;921,4.725737738152701E-5
4,73;397;689;879,4.725724532251365E-5
4,20;275;288;813,-4.725290275487339E-5
4,250;315;587;788,4.719622391887068E-5
4,251;321;600;695,4.718340413681462E-5
4,124;302;608;828,4.717404029324707E-5
4,462;547;689;814,-4.7164073552473815E-5
4,147;654;872;979,-4.716098006730859E-5
4,271;322;711;889,4.7157167497996534E-5
4,19;211;578;996,-4.714608068651457E-5
4,136;529;566;656,-4.711944335955826E-5
4,17;649;715;866,-4.710395688584453E-5
4,97;423;622;643,4.708471039111009E-5
4,279;442;462;986,4.708065037297229E-5
4,83;720;950;978,-4.708037350699951E-5
4,223;330;414;999,4.69747000021084E-5
4,381;685;749;779,-4.696890452131977E-5
4,71;412;424;896,4.691805260273362E-5
4,90;688;790;881,4.689805690124401E-5
4,2;202;246;916,4.687575507836098E-5
4,294;427;482;625,4.682583850200473E-5
4,28;354;432;525,4.6788446328990524E-5
4,282;383;667;919,-4.6661068591114396E-5
4,467;528;950;996,4.665407675424106E-5
4,404;685;715;743,4.664036784009512E-5
4,313;613;647;688,-4.6639627939241286E-5
4,264;286;562;593,-4.661793869738611E-5
4,275;721;806;874,-4.659526036568926E-5
4,27;72;85;959,4.656201208973604E-5
4,532;727;733;858,-4.652220269206188E-5
4,127;148;604;993,-4.647386141968288E-5
4,41;496;559;690,4.645220133652929E-5
4,15;60;809;970,-4.645124469891138E-5
4,227;740;971;995,4.639901049336384E-5
4,40;42;579;664,-4.636405101920681E-5
4,301;387;434;799,4.633684509296715E-5
4,35;195;564;773,4.6336642660586604E-5
4,186;313;384;466,4.6281556780773795E-5
4,330;388;469;929,4.621602090282922E-5
4,267;472;609;931,4.6204777829587964E-5
4,356;517;640;713,4.618032022681855E-5
4,89;572;824;926,4.6129606536850596E-5
4,421;439;602;623,4.609762558157107E-5
4,122;619;663;865,4.607185038082841E-5
4,27;49;109;575,4.605842070833409E-5
4,46;218;405;673,-4.605327286233709E-5
4,51;300;526;663,4.605300632826337E-5
4,242;415;670;999,4.600239794032546E-5
4,1;370;670;945,-4.594392338258608E-5
4,68;779;833;898,4.59213911649336E-5
4,313;561;615;785,4.589869561456075E-5
4,360;679;839;990,-4.588065304380862E-5
4,373;677;745;947,4.5813745184302675E-5
4,213;371;610;921,4.580884528406796E-5
4,169;459;708;943,4.580316262891204E-5
4,406;579;692;849,4.5782346799523814E-5
4,494;823;853;900,-4.5764537732879144E-5
4,451;707;730;980,4.575284838817335E-5
4,203;269;363;673,4.5745563834518235E-5
4,462;588;612;814,-4.5743986946755074E-5
4,71;181;536;648,-4.5738137147546705E-5
4,678;699;736;830,4.568110952577854E-5
4,65;466;519;843,-4.558332561809863E-5
4,253;270;666;845,4.557261957024149E-5
4,142;188;250;493,-4.550375559360269E-5
4,109;776;952;959,-4.5490715937636574E-5
4,161;168;453;811,-4.548600999921959E-5
4,211;246;673;906,-4.548243450816489E-5
4,626;730;901;904,-4.5470166367779494E-5
4,68;198;629;842,-4.54566573578859E-5
4,92;450;489;509,-4.5393485374429014E-5
4,87;575;578;917,-4.5350701333918205E-5
4,40;60;230;343,-4.534235129989878E-5
4,143;667;671;962,4.533003052479044E-5
4,243;461;822;865,-4.531331957969419E-5
4,51;300;456;663,4.530013849672242E-5
4,22;122;437;749,4.529244545593449E-5
4,306;307;623;728,4.528348499633048E-5
4,7;498;593;748,-4.527834326694027E-5
4,279;391;442;462,4.526547549028715E-5
4,494;543;853;900,-4.522850988099243E-5
4,97;273;304;973,-4.5170966317236036E-5
4,292;602;789;798,4.513576985518009E-5
4,225;495;574;980,4.510946588238821E-5
4,279;291;668;826,4.509973083954258E-5
4,282;346;668;987,4.508540902553128E-5
4,161;224;407;459,-4.506568310819192E-5
4,138;139;318;788,-4.4998508900105336E-5
4,73;179;615;825,-4.493707602901937E-5
4,69;634;824;931,4.4932114192087185E-5
4,119;191;611;637,-4.492577068892213E-5
4,154;632;640;967,4.492515158686778E-5
4,127;150;268;360,4.491370505086189E-5
4,476;529;667;834,4.490777310811618E-5
4,42;99;582;839,4.4899772323365165E-5
4,114;211;384;852,-4.489866020109269E-5
4,562;567;738;803,-4.487035443008908E-5
4,118;491;910;931,4.4858707844316035E-5
4,273;544;653;805,-4.4827676138164733E-5
4,364;387;434;799,-4.477946309913837E-5
4,71;208;515;605,4.475121134943973E-5
4,220;326;332;424,4.471388031082821E-5
4,266;356;554;940,-4.4693025704544186E-5
4,116;493;846;851,4.4672069293041284E-5
4,56;143;808;827,4.4647231464411244E-5
4,419;420;444;522,4.461852568076449E-5
4,239;331;456;887,-4.4594986585095365E-5
4,287;303;838;996,4.4583130024234215E-5
4,255;338;700;956,4.4554066479079126E-5
4,38;47;220;522,-4.4546266746211786E-5
4,122;665;753;799,4.4515206941709255E-5
4,71;489;945;994,-4.4514594627829934E-5
4,158;317;431;866,-4.450585768184405E-5
4,193;285;551;579,4.4438104601198705E-5
4,35;208;451;881,-4.44352438139193E-5
4,199;249;263;950,4.4402437129326435E-5
4,180;657;700;786,4.438576981409337E-5
4,232;249;288;332,4.437522144369447E-5
4,276;313;613;688,4.437092239907195E-5
4,80;266;531;788,4.434215537286813E-5
4,248;535;892;938,4.432152895814809E-5
4,87;248;535;892,-4.4310945468816994E-5
4,556;645;737;791,4.428040412703676E-5
4,137;336;632;900,-4.4271785238880676E-5
4,405;414;428;868,4.426017142547788E-5
4,323;339;889;989,4.4241639369988166E-5
4,166;233;441;860,-4.422829464978715E-5
4,285;341;449;469,-4.421040904101987E-5
4,562;716;738;803,-4.41667176007138E-5
4,236;397;657;890,-4.4137186798840686E-5
4,33;107;114;672,4.4133169549188057E-5
4,87;392;558;899,4.411676117624999E-5
4,169;236;282;678,4.41003262535445E-5
4,14;327;757;971,-4.4055729653549465E-5
4,19;53;291;918,-4.405179911414821E-5
4,592;657;867;924,4.401767741617559E-5
4,109;241;448;754,4.398660081521276E-5
4,214;314;521;690,-4.3921050473041194E-5
4,98;581;788;928,4.391356827133722E-5
4,445;794;795;890,4.3910830574262875E-5
4,219;496;773;792,-4.3908104209505385E-5
4,2;270;790;975,-4.3904384369758425E-5
4,179;544;742;849,4.380006165049201E-5
4,195;394;421;466,4.378291088894004E-5
4,68;145;779;833,4.3781187445352324E-5
4,98;603;646;881,-4.37681593006514E-5
4,5;64;482;575,-4.3755634255707434E-5
4,49;54;279;556,-4.37542676088719E-5
4,71;173;208;605,-4.374519794901459E-5
4,324;465;643;727,-4.371110528333369E-5
4,140;303;556;761,4.3699156934242006E-5
4,201;530;547;555,-4.3687709962541105E-5
4,163;322;403;828,4.368171181349867E-5
4,105;312;885;975,-4.3657214290518793E-5
4,599;666;837;997,4.364832789398038E-5
4,266;467;468;570,4.364821465090818E-5
4,137;632;804;900,4.363996855190124E-5
4,395;737;778;881,-4.359739321066878E-5
4,328;712;713;872,4.356651709994434E-5
4,29;153;305;641,4.348749973271492E-5
4,392;558;706;899,-4.34596930147225E-5
4,280;656;839;984,-4.340616093065746E-5
4,257;290;324;917,4.340376942389368E-5
4,582;891;894;999,4.3394353789185216E-5
4,20;60;375;681,-4.338341092112631E-5
4,713;719;851;997,-4.336981757620068E-5
4,177;265;658;770,4.336099697545405E-5
4,9;160;177;568,-4.330262493748778E-5
4,305;514;525;774,4.3293935162081426E-5
4,512;650;891;957,4.328366903405819E-5
4,196;381;685;749,4.3236845325605925E-5
4,54;79;515;983,-4.32343633589598E-5
4,11;261;813;910,4.322026902411655E-5
4,198;295;693;921,4.321979796738739E-5
4,68;198;768;842,-4.320695964393273E-5
4,329;353;496;770,-4.317399250701885E-5
4,404;420;766;871,4.3170743299167484E-5
4,216;349;713;987,-4.3157354304883474E-5
4,267;609;662;931,4.314572643252282E-5
4,147;354;797;821,-4.31401444201662E-5
4,344;596;698;743,4.312241746840153E-5
4,105;128;524;832,-4.310841068130648E-5
4,624;729;819;931,-4.310758136829082E-5
4,714;879;919;969,-4.309503711299792E-5
4,227;385;831;902,-4.306990430660635E-5
4,128;605;761;786,-4.3050655951385077E-5
4,267;343;801;867,4.305029357840822E-5
4,53;108;385;484,4.3026576425577806E-5
4,209;531;793;862,-4.302037740360004E-5
4,201;293;733;939,-4.3018124962951296E-5
4,246;658;808;910,4.3008877111279324E-5
4,186;313;384;857,-4.299843276016619E-5
4,209;275;577;832,4.2992094376267575E-5
4,234;359;946;996,4.298819098086322E-5
4,333;596;686;826,4.297761536178028E-5
4,293;493;502;779,4.2956434681667146E-5
4,48;146;184;337,-4.2907114772979214E-5
4,76;436;493;983,4.288895954514087E-5
4,30;725;925;941,4.2804169191441434E-5
4,389;480;900;932,-4.2803245181528376E-5
4,216;402;769;945,4.280027104910757E-5
4,9;152;209;596,4.279876794855846E-5
4,104;419;596;807,-4.276653990196009E-5
4,120;194;320;902,-4.274994517939684E-5
4,161;541;791;796,4.274057981505344E-5
4,104;605;635;716,-4.2734889123720735E-5
4,222;349;350;921,-4.269304657678911E-5
4,178;466;519;843,-4.269046221893811E-5
4,168;609;669;721,4.2689267453573866E-5
4,779;782;822;938,4.266958908689311E-5
4,88;467;487;636,-4.2664614570190985E-5
4,168;220;401;518,-4.264636724699535E-5
4,29;75;199;494,-4.263995995881635E-5
4,209;261;272;736,-4.259441270053892E-5
4,346;657;856;880,-4.25703160090537E-5
4,133;422;640;778,4.255610489781606E-5
4,92;146;223;471,4.252606612149582E-5
4,522;523;757;892,4.2512354416849454E-5
4,376;381;918;984,4.248131084670227E-5
4,411;559;585;987,4.247496945684384E-5
4,101;342;355;624,4.24744404298165E-5
4,227;258;540;606,-4.240979951385564E-5
4,235;442;487;761,-4.237284885878993E-5
4,417;713;849;956,4.2365970571656E-5
4,178;221;466;826,4.235180740594423E-5
4,53;578;630;882,-4.2343686960472635E-5
4,56;284;460;541,-4.231697350451657E-5
4,293;502;779;805,4.228380233972541E-5
4,90;285;717;889,-4.22688090934457E-5
4,187;546;687;847,4.223571392300094E-5
4,475;686;749;763,-4.2224858307733813E-5
4,53;156;670;997,-4.216857020196418E-5
4,219;311;643;981,4.216103667478058E-5
4,68;145;833;898,-4.214306936556508E-5
4,79;116;207;857,4.2138541621580677E-5
4,188;285;341;469,4.209448561680305E-5
4,260;598;631;725,4.208687831411618E-5
4,280;637;652;779,4.2072024434533525E-5
4,112;253;721;930,4.2071443576387E-5
4,51;237;494;906,4.206636650817694E-5
4,135;210;832;865,-4.199730811446096E-5
4,122;604;721;792,-4.199686103592542E-5
4,34;60;82;222,4.198545881829749E-5
4,277;430;695;974,-4.195310641438736E-5
4,396;639;746;836,-4.192545386918832E-5
4,601;742;770;990,-4.1919115763299584E-5
4,304;581;639;735,4.187293102880678E-5
4,35;142;458;483,4.1871569470811835E-5
4,26;485;722;808,-4.186519940616858E-5
4,94;523;777;843,-4.181608577462684E-5
4,232;249;332;400,-4.1807684372991134E-5
4,120;184;369;392,4.180066024851374E-5
4,94;140;523;777,4.1788623593214474E-5
4,169;197;398;526,4.178453744667556E-5
4,373;391;529;755,-4.178442966081225E-5
4,387;450;886;917,-4.175481622801772E-5
4,172;621;783;966,-4.174301634777587E-5
4,18;82;558;659,-4.172572895964715E-5
4,53;301;324;352,4.169013497918314E-5
4,48;76;643;913,-4.1686631777138804E-5
4,86;164;212;396,-4.1668809600264976E-5
4,191;599;920;923,-4.1654498861823864E-5
4,98;266;788;928,4.1652356959329086E-5
4,624;861;967;996,-4.1652297666308317E-5
4,21;353;364;989,-4.1638461168655174E-5
4,97;200;621;772,-4.163694082077274E-5
4,122;605;753;799,4.160891190141322E-5
4,93;589;836;888,4.1557970171481246E-5
4,227;415;713;719,-4.1536402560296767E-5
4,335;410;756;966,4.1520644872864685E-5
4,291;497;659;896,4.151068393201901E-5
4,244;327;374;984,4.147002147161462E-5
4,50;437;855;952,4.146538427763458E-5
4,34;202;408;789,-4.138488926629908E-5
4,593;661;693;735,-4.13790555050916E-5
4,160;258;643;690,-4.136093733570979E-5
4,169;197;526;978,-4.1325607859436764E-5
4,129;147;226;933,-4.1325103205010844E-5
4,130;319;671;991,4.129806431551863E-5
4,56;531;557;801,-4.1290808936202724E-5
4,60;657;739;852,4.127905394815452E-5
4,156;266;305;949,4.124879628486275E-5
4,63;92;281;603,-4.124408840561253E-5
4,567;716;738;803,4.1232365528378346E-5
4,130;759;866;914,4.1213904237196276E-5
4,320;423;535;817,4.115052999206367E-5
4,522;523;757;758,4.113422766135955E-5
4,161;224;407;916,-4.1132670471329374E-5
4,458;461;738;739,4.111621061738485E-5
4,73;331;397;689,4.111570495213932E-5
4,240;383;686;994,4.109256671793115E-5
4,98;402;769;945,-4.107354060575406E-5
4,249;327;755;929,4.1045911110893326E-5
4,321;382;511;552,-4.103705462974741E-5
4,86;404;464;953,4.10262724963361E-5
4,305;352;525;774,-4.10133695729428E-5
4,362;368;393;669,4.100159891264409E-5
4,267;395;614;768,-4.0990465787184375E-5
4,92;273;589;813,4.0962089308338406E-5
4,111;631;793;866,4.096120462178843E-5
4,106;168;220;518,4.094088277783403E-5
4,443;492;533;935,4.0928689603179456E-5
4,75;416;458;502,-4.092681715513602E-5
4,393;680;773;981,-4.090227214666595E-5
4,115;762;834;985,-4.086549128410557E-5
4,259;331;482;720,-4.08604696919586E-5
4,164;212;396;478,4.085726200243231E-5
4,675;725;816;876,-4.083944036894831E-5
4,255;498;791;985,4.0835224201981814E-5
4,53;222;713;838,4.0819167146864244E-5
4,106;122;477;747,-4.074790940333129E-5
4,165;327;374;880,-4.073410439052788E-5
4,29;286;305;641,4.0721667860706136E-5
4,197;467;520;943,4.071104158856117E-5
4,120;369;392;465,-4.069592666816516E-5
4,296;399;407;888,-4.068840648623456E-5
4,399;510;632;753,-4.066690306579275E-5
4,104;419;530;807,4.0645537763196815E-5
4,187;280;546;687,-4.0640021457582514E-5
4,198;295;423;921,4.0586866682467764E-5
4,240;418;590;958,4.057346589675037E-5
4,409;515;706;885,4.056906234761633E-5
4,123;396;705;789,-4.0551849240170914E-5
4,11;41;559;690,4.054329216145301E-5
4,83;170;212;656,4.054323159046415E-5
4,6;355;407;617,4.053572841914428E-5
4,193;414;468;844,4.051588719973311E-5
4,68;96;140;217,-4.051357770054431E-5
4,97;497;621;772,4.051015891564697E-5
4,487;602;724;754,4.048274032719693E-5
4,86;120;665;670,-4.0482725793025327E-5
4,182;576;760;968,-4.045163082745397E-5
4,213;371;404;610,-4.042446588393349E-5
4,65;441;503;544,-4.042168706732824E-5
4,147;297;797;821,-4.036858586434418E-5
4,52;419;444;522,-4.0368191794985056E-5
4,219;246;658;910,4.036424140755977E-5
4,376;707;730;980,4.0347083790506094E-5
4,7;498;748;967,-4.033748688199336E-5
4,11;248;592;997,4.032820539873149E-5
4,46;218;405;928,-4.0321800089205686E-5
4,163;219;512;649,4.031331386384492E-5
4,104;175;267;704,-4.030657358986978E-5
4,83;170;212;671,-4.0302690157188555E-5
4,437;678;699;736,-4.0297543258151786E-5
4,7;109;614;702,4.027774984352793E-5
4,1;226;416;619,4.026718026024577E-5
4,133;177;640;778,-4.026373301556343E-5
4,301;574;811;996,-4.026265203842973E-5
4,47;220;522;680,-4.023290898616008E-5
4,170;382;482;762,-4.0212372589542194E-5
4,455;528;548;566,4.020652708165586E-5
4,298;367;841;892,4.019807314389918E-5
4,56;460;541;637,-4.0177301861368006E-5
4,124;389;480;900,-4.016281480246045E-5
4,81;363;735;896,-4.0149311191152116E-5
4,444;456;723;965,-4.014871311864625E-5
4,219;306;921;976,-4.014840260328765E-5
4,46;331;456;887,4.014727675044731E-5
4,97;304;613;973,-4.0144264605215696E-5
4,15;96;627;883,-4.014104595389917E-5
4,510;564;632;753,-4.0129851695805294E-5
4,72;85;414;959,-4.0120625861929247E-5
4,86;92;270;852,-4.009751321574007E-5
4,170;201;293;939,-4.009634156326465E-5
4,163;322;403;596,4.004870783380099E-5
4,122;236;691;789,4.002595973860409E-5
4,91;453;626;958,4.0019857517277846E-5
4,373;619;677;947,-3.999918906079719E-5
4,368;387;841;886,3.996134687669951E-5
4,60;661;768;910,3.994592589688658E-5
4,143;601;770;990,3.9911046405198035E-5
4,91;238;451;820,-3.9907531888243006E-5
4,47;118;222;524,-3.9892070245857407E-5
4,211;578;703;996,-3.984763855759244E-5
4,179;194;412;693,-3.984526573165685E-5
4,347;545;811;858,3.979048187452723E-5
4,168;735;952;986,3.978445767612121E-5
4,13;79;362;444,-3.977615240356884E-5
4,356;517;600;713,3.976143568616883E-5
4,183;199;504;955,3.975224529222085E-5
4,166;371;485;965,3.974733652354828E-5
4,244;286;328;569,-3.970796343288875E-5
4,261;303;556;761,3.970304292878856E-5
4,111;230;631;866,3.970180136860724E-5
4,234;294;359;996,3.9680370582971915E-5
4,68;161;541;791,3.959749894045395E-5
4,81;306;307;728,3.958339211957736E-5
4,89;572;760;824,-3.95687275121558E-5
4,406;692;827;849,-3.955290420310408E-5
4,189;602;757;886,3.9549391520136864E-5
4,40;149;265;660,-3.95476160795013E-5
4,182;306;400;647,-3.9532187055268065E-5
4,387;450;915;917,-3.952880498564899E-5
4,97;273;304;613,-3.9516030250004405E-5
4,194;320;565;902,3.9493980053029626E-5
4,60;582;925;977,3.949135368946949E-5
4,52;419;420;522,3.9455514698409064E-5
4,15;96;655;883,3.9443557301012015E-5
4,198;295;423;693,3.942755447873194E-5
4,194;240;418;590,3.941606042203377E-5
4,448;740;796;867,3.939849658059554E-5
4,364;397;883;936,3.939424228526974E-5
4,192;598;883;905,-3.939087757899204E-5
4,390;502;555;978,3.9377682553919864E-5
4,117;494;759;987,-3.9375798982084434E-5
4,195;450;586;611,-3.934127279465354E-5
4,93;662;796;854,3.9340279038187E-5
4,66;187;247;577,3.9336108175228036E-5
4,83;436;674;969,-3.9328987924285185E-5
4,116;269;631;928,3.9310386723865626E-5
4,79;284;634;717,-3.930956868015674E-5
4,80;587;820;987,3.930014857255998E-5
4,264;286;431;593,-3.924807047763131E-5
4,480;782;829;926,-3.9232850018023037E-5
4,134;160;378;606,3.922108179202683E-5
4,328;690;765;766,3.918682242060638E-5
4,63;92;603;764,-3.918340769200722E-5
4,117;128;191;547,-3.918322164211473E-5
4,44;84;809;876,-3.918121573807407E-5
4,127;268;360;486,3.915550039939158E-5
4,142;252;890;963,-3.911435712463424E-5
4,19;211;578;703,3.909230448596285E-5
4,117;271;402;780,-3.907338418623163E-5
4,10;337;537;585,3.902732086956809E-5
4,406;579;692;827,3.901472339310666E-5
4,20;198;338;823,3.896443806217665E-5
4,341;567;745;750,-3.896403997734703E-5
4,154;222;241;316,3.8958274828081424E-5
4,439;602;623;815,3.895754943967639E-5
4,37;169;273;979,3.892187740586638E-5
4,258;540;606;841,-3.8870708590324666E-5
4,147;219;818;919,3.885515972988982E-5
4,349;713;910;987,3.88091668009221E-5
4,101;292;685;766,3.8806417735939035E-5
4,461;498;697;808,-3.877876524373802E-5
4,156;265;658;770,-3.875535486056209E-5
4,53;375;446;477,3.875157477690735E-5
4,525;634;771;867,3.8750538413108036E-5
4,112;721;868;930,3.87433764188283E-5
4,503;550;589;875,-3.873830236397222E-5
4,298;331;586;787,3.8695046277635425E-5
4,177;403;772;819,-3.869306238661447E-5
4,44;51;107;661,3.86897432419403E-5
4,70;530;809;987,3.8685075931437055E-5
4,105;170;171;942,3.868466861065065E-5
4,205;231;915;949,3.867629872252202E-5
4,16;713;849;956,3.866523652429087E-5
4,69;567;763;764,3.864592010228609E-5
4,156;625;902;994,3.864109456831688E-5
4,604;660;721;792,-3.8610844237049516E-5
4,160;254;707;845,3.8595908476301774E-5
4,296;815;870;889,-3.8595716935307256E-5
4,11;459;664;927,-3.857013343802046E-5
4,260;461;697;808,-3.856546886501962E-5
4,195;376;381;918,3.8563681496988314E-5
4,713;793;851;997,-3.8561464586626086E-5
4,326;511;856;910,3.850188598793535E-5
4,193;201;715;794,3.848591451192478E-5
4,109;329;700;745,3.847012687043087E-5
4,78;130;496;898,-3.843837601496439E-5
4,249;395;525;572,-3.8429201588682915E-5
4,41;129;483;546,3.841167546987527E-5
4,93;453;589;888,3.840152999906357E-5
4,269;564;767;900,-3.8389631881667556E-5
4,256;265;383;468,3.835867306399192E-5
4,198;432;677;943,-3.8318570916951764E-5
4,315;565;640;796,3.828418620128107E-5
4,53;107;287;897,3.827445827977664E-5
4,75;325;549;978,-3.8260910361801123E-5
4,240;367;441;755,3.8255581918344314E-5
4,497;659;896;976,-3.825449309661209E-5
4,116;851;858;995,-3.824613368851519E-5
4,108;385;412;484,-3.824130215695501E-5
4,131;468;472;878,3.823875615594244E-5
4,204;221;933;964,3.820319061223168E-5
4,64;89;384;731,3.8202583205626666E-5
4,82;292;789;798,3.8181593503094184E-5
4,148;206;862;909,3.81664128590093E-5
4,186;254;368;515,-3.8159966862570134E-5
4,313;366;561;785,3.8140665194972554E-5
4,162;168;588;598,3.8058283653604044E-5
4,176;462;547;689,-3.805698805386224E-5
4,49;64;427;859,-3.8037690645002494E-5
4,508;539;552;898,3.8025841008278686E-5
4,474;610;794;822,3.801265140567289E-5
4,572;587;638;782,-3.7997960749347275E-5
4,207;470;512;961,-3.7992172712664264E-5
4,533;558;701;837,-3.799158554633268E-5
4,163;220;512;649,3.7977471812180144E-5
4,182;306;328;395,-3.79676749733756E-5
4,312;473;884;969,3.7966777711742786E-5
4,121;336;348;883,-3.7924505668084125E-5
4,70;569;910;935,3.787670940865447E-5
4,47;664;725;959,3.7876178413835295E-5
4,179;255;498;985,-3.7872940145591795E-5
4,280;316;786;930,-3.786983296506078E-5
4,510;659;694;825,-3.786863615286726E-5
4,422;539;666;685,-3.786424086230395E-5
4,113;419;505;900,-3.7853135437320455E-5
4,235;442;489;630,3.7823066180035587E-5
4,109;362;725;792,3.780839645511609E-5
4,613;838;878;934,3.7796359648216856E-5
4,111;145;395;404,-3.778514841903099E-5
4,172;239;351;476,-3.772862734083293E-5
4,130;669;671;991,-3.771727517333444E-5
4,516;680;814;996,-3.7674920291148665E-5
4,224;334;517;954,3.767152196414245E-5
4,481;603;783;876,-3.7616021519718984E-5
4,223;330;525;999,-3.759486782245036E-5
4,81;307;623;728,-3.759470935094086E-5
4,325;677;785;903,3.7552013798203915E-5
4,53;144;301;352,3.75444939663861E-5
4,116;182;221;538,3.751075127192197E-5
4,313;384;466;857,-3.750724998336248E-5
4,233;295;344;537,3.750678289434158E-5
4,280;505;773;963,-3.7502724982116266E-5
4,2;61;279;871,-3.748824399636989E-5
4,63;81;150;627,-3.7467912169320294E-5
4,579;722;787;872,3.744939746500163E-5
4,111;266;467;570,3.7427437170580504E-5
4,249;376;395;525,3.741109435062643E-5
4,142;379;444;632,-3.740632220113649E-5
4,116;498;858;995,-3.737746737436468E-5
4,95;223;413;853,-3.7371569189618776E-5
4,89;244;374;984,3.734887068235729E-5
4,104;419;530;596,-3.73404145796049E-5
4,271;495;532;950,-3.731862689946482E-5
4,96;140;217;359,-3.73141251735688E-5
4,153;337;404;489,-3.730719573774528E-5
4,32;181;394;541,3.7304529258079725E-5
4,181;189;757;886,3.7291483022003884E-5
4,387;450;886;915,3.728678088883379E-5
4,41;77;95;106,3.7276974794967585E-5
4,93;551;563;629,3.72722831235737E-5
4,421;732;830;884,3.726107784637493E-5
4,36;220;486;697,-3.724425098541287E-5
4,266;305;327;949,-3.722984688712566E-5
4,72;397;557;565,-3.7227358410314395E-5
4,65;537;611;887,3.717899009384936E-5
4,364;640;842;878,3.7176995863535236E-5
4,336;683;708;971,-3.716643844960719E-5
4,408;811;947;955,-3.7163305271861205E-5
4,45;157;260;832,3.713789931176742E-5
4,345;436;563;953,3.713606837943115E-5
4,182;306;328;618,3.712374767426742E-5
4,89;572;760;926,-3.7107212271223964E-5
4,110;408;446;630,-3.7100555918308675E-5
4,514;576;595;968,3.7094140122206414E-5
4,96;209;441;949,3.7084644832570084E-5
4,630;872;929;990,-3.704868902906379E-5
4,120;184;392;465,-3.704261737644278E-5
4,153;607;793;914,-3.702839485038352E-5
4,338;704;727;935,-3.702722170101336E-5
4,210;626;888;971,-3.7016381707616604E-5
4,118;491;658;910,-3.7015327175563216E-5
4,30;38;447;580,3.6989937713506014E-5
4,41;421;476;951,3.6980636999481335E-5
4,211;378;526;790,3.697799035089325E-5
4,381;525;810;987,-3.695168409062262E-5
4,74;624;778;800,3.6941976454146155E-5
4,127;148;604;964,-3.693572358202785E-5
4,86;92;270;701,-3.690324571485171E-5
4,467;474;528;950,-3.689274332565416E-5
4,96;319;616;846,-3.6832380887810714E-5
4,91;208;453;626,-3.682512881026047E-5
4,194;436;563;953,3.681332259795246E-5
4,131;181;408;981,3.6790699621993956E-5
4,4;24;73;417,3.67527317087907E-5
4,234;743;863;887,3.673610962892948E-5
4,544;742;748;849,3.672391686608879E-5
4,68;173;495;670,-3.6690801212103264E-5
4,22;151;275;485,-3.6661822315581974E-5
4,235;486;489;630,-3.66363448075311E-5
4,248;278;756;816,-3.66074561810824E-5
4,216;349;910;987,-3.660205583085263E-5
4,186;640;752;981,-3.657874552968005E-5
4,214;391;432;714,3.65747946522528E-5
4,90;442;790;881,3.65616774954931E-5
4,136;396;682;835,-3.65611366752639E-5
4,6;202;329;980,3.654580351165661E-5
4,503;544;791;950,-3.654498945737875E-5
4,75;124;469;953,3.654257947916097E-5
4,328;713;737;872,3.653672707232734E-5
4,165;211;283;889,3.6517899523884066E-5
4,23;589;648;696,-3.651674712042692E-5
4,222;661;693;735,-3.650724632058366E-5
4,43;336;683;971,3.647412797339066E-5
4,264;480;555;872,3.647175512965914E-5
4,128;434;513;597,3.645535483719282E-5
4,271;495;532;792,3.6448487669074665E-5
4,467;520;938;943,3.6446156960929446E-5
4,64;568;688;753,-3.643343004786813E-5
4,323;358;722;749,-3.640222682121971E-5
4,27;49;109;909,-3.640032231451089E-5
4,510;566;711;829,3.6393068197065876E-5
4,154;202;237;366,-3.635604934795733E-5
4,10;187;317;864,3.632348199782536E-5
4,27;109;575;909,-3.632059077649414E-5
4,273;463;544;653,3.630590506480327E-5
4,42;99;802;839,3.630255755593835E-5
4,509;530;603;746,3.630117846736443E-5
4,68;87;576;903,3.6287701370621446E-5
4,63;678;728;814,3.6284113095109694E-5
4,341;411;526;881,3.6279388099252696E-5
4,245;796;901;957,-3.6247477910898735E-5
4,155;199;755;925,-3.622021625708515E-5
4,245;404;688;830,-3.619582720239818E-5
4,636;643;851;888,3.6194953254784895E-5
4,453;660;765;820,-3.61903138945002E-5
4,98;576;914;956,-3.61292360426439E-5
4,116;167;706;753,-3.611711841231203E-5
4,84;619;758;812,3.608492962521732E-5
4,46;356;372;996,3.6080905282880824E-5
4,252;431;680;695,-3.6074937442789255E-5
4,172;783;936;966,-3.603739872265356E-5
4,253;363;735;896,-3.601483101685118E-5
4,97;517;651;907,-3.600529852409294E-5
4,242;525;712;990,3.5990551665439214E-5
4,331;452;593;625,-3.5948107521382614E-5
4,118;845;876;945,-3.594353975858576E-5
4,130;219;866;914,3.593656537148544E-5
4,80;400;516;791,-3.586460955555819E-5
4,14;35;153;518,3.5829654874435935E-5
4,544;549;770;775,-3.5827350671303635E-5
4,85;230;378;518,-3.582470673286955E-5
4,10;267;395;614,-3.5809495984431784E-5
4,124;469;597;953,-3.578779997003922E-5
4,303;367;624;757,3.5776485907018903E-5
4,113;247;592;849,-3.576168047205698E-5
4,89;760;824;926,3.575459204868256E-5
4,1;304;524;582,-3.573046427807631E-5
4,582;792;925;977,3.5724500848322565E-5
4,33;107;408;672,3.570743060091811E-5
4,238;723;840;857,3.570493210496019E-5
4,372;606;758;881,3.567614038123226E-5
4,746;835;968;992,3.566253244566973E-5
4,136;396;682;963,-3.564961130017494E-5
4,23;589;690;696,3.564957357099961E-5
4,18;304;741;885,-3.564407109455509E-5
4,117;338;700;956,3.5627157417345655E-5
4,216;414;461;503,-3.5609417184187394E-5
4,70;192;207;389,3.559576941268764E-5
4,180;296;536;613,-3.559477037580224E-5
4,282;284;299;787,3.558770512570876E-5
4,162;289;395;891,-3.557942251209469E-5
4,15;474;507;966,3.557764115683245E-5
4,331;397;689;879,3.555724298405652E-5
4,156;357;425;916,-3.553581097822736E-5
4,120;484;769;920,-3.55093222009269E-5
4,75;166;171;439,-3.548693427681028E-5
4,624;819;931;955,3.548351707523927E-5
4,224;241;403;777,-3.547183861498498E-5
4,222;443;500;723,3.5460033419581754E-5
4,216;269;751;830,3.543989214181195E-5
4,0;34;378;858,3.5407147741871026E-5
4,159;366;679;749,3.53832038079398E-5
4,783;836;876;951,3.536238487398979E-5
4,682;714;879;919,3.5360911280946137E-5
4,1;226;619;642,-3.534404122319804E-5
4,297;354;797;821,-3.5343779119875946E-5
4,192;359;592;607,-3.5328626676671085E-5
4,181;199;408;981,3.529495986578106E-5
4,179;293;299;620,3.529045617817837E-5
4,87;578;675;917,3.526064081471603E-5
4,286;845;876;945,-3.525061665311961E-5
4,344;450;486;803,-3.525002287671202E-5
4,122;572;638;782,3.520140100089959E-5
4,178;250;589;639,-3.5191812238026975E-5
4,53;713;753;838,-3.5174356563840064E-5
4,193;214;454;968,-3.514676385943801E-5
4,74;379;599;973,-3.511975473242937E-5
4,603;693;812;843,-3.510326540487255E-5
4,273;304;613;973,-3.508176871829875E-5
4,65;537;611;874,-3.506030563073069E-5
4,182;342;352;355,3.502496891017384E-5
4,40;196;579;664,3.4977839599262884E-5
4,246;744;797;833,-3.494146167365012E-5
4,332;744;797;833,-3.49096524386895E-5
4,422;724;779;978,-3.4896902250278016E-5
4,116;269;847;928,3.487602230009172E-5
4,239;303;532;709,3.4796928174430906E-5
4,336;348;681;883,3.4792510889103424E-5
4,408;549;666;966,3.479024033188968E-5
4,343;506;749;797,3.4783218628695045E-5
4,138;140;611;681,3.477494660719395E-5
4,394;790;866;982,-3.4735205500006184E-5
4,94;352;373;651,-3.4709876571577425E-5
4,27;363;465;901,-3.4664796072621965E-5
4,55;59;195;634,3.4644396743511615E-5
4,128;701;860;947,-3.4606572772422496E-5
4,129;300;371;404,3.458726766317008E-5
4,614;728;908;984,-3.454569483652933E-5
4,63;659;728;814,-3.453905353166874E-5
4,148;642;803;906,3.453540437457409E-5
4,216;461;503;555,3.4479575203941735E-5
4,15;422;809;970,-3.446560139250599E-5
4,200;278;537;992,3.444575907800193E-5
4,438;588;798;923,3.444400329080441E-5
4,137;363;682;805,3.443208209657106E-5
4,53;144;301;324,3.441972474168724E-5
4,409;774;818;861,-3.439492307886046E-5
4,704;727;784;935,3.43586865068415E-5
4,39;77;732;748,-3.43501563709898E-5
4,84;758;812;844,-3.433566313901014E-5
4,368;529;531;892,3.433415419855518E-5
4,48;148;377;618,3.4331565949025675E-5
4,303;367;624;826,-3.430949113487321E-5
4,305;393;703;935,-3.425845962964686E-5
4,80;222;387;414,3.425747221957513E-5
4,277;430;628;974,-3.424546081219408E-5
4,149;474;883;917,3.423400608016794E-5
4,96;783;836;876,-3.421138074547713E-5
4,130;496;674;898,-3.420017170647703E-5
4,99;234;551;882,3.418536218263274E-5
4,65;187;193;750,-3.4151583026099945E-5
4,333;341;526;881,3.414093436909972E-5
4,372;517;606;881,-3.412208336504896E-5
4,35;195;375;773,3.4096000124077804E-5
4,157;260;552;832,-3.409119708095998E-5
4,421;439;623;815,3.406318263322157E-5
4,65;317;405;459,3.40396520971648E-5
4,214;483;518;835,3.403761360147071E-5
4,281;306;510;726,3.403134440810586E-5
4,158;237;287;291,-3.401994971754786E-5
4,99;228;546;726,-3.399917433658185E-5
4,551;563;629;675,-3.399492981497707E-5
4,218;405;673;928,3.399457553464232E-5
4,399;510;564;632,3.399229703769541E-5
4,282;573;836;920,3.39477206731976E-5
4,326;491;639;978,-3.392409984711394E-5
4,14;69;821;860,-3.386407662375465E-5
4,186;440;640;752,3.383557269821323E-5
4,361;396;880;980,3.3833850732415333E-5
4,110;134;164;284,3.3825954204132255E-5
4,58;278;468;848,3.382304708161191E-5
4,265;330;388;469,-3.380931665400066E-5
4,126;331;851;954,3.380754176329966E-5
4,236;691;789;942,-3.3786405852897064E-5
4,97;267;725;768,-3.377773095699885E-5
4,70;653;809;987,3.3765062622404074E-5
4,363;775;807;809,3.376447830087991E-5
4,96;288;572;633,-3.37610645470489E-5
4,216;349;713;910,3.3747179568723566E-5
4,298;427;586;787,-3.374448928026029E-5
4,153;236;397;657,3.3730429282008755E-5
4,211;652;805;851,-3.3725886833147865E-5
4,236;239;787;845,3.372301622523463E-5
4,51;149;265;660,3.369677682850027E-5
4,301;364;387;799,-3.369224087894315E-5
4,229;299;339;710,3.366669492010281E-5
4,114;157;340;501,3.366287430506152E-5
4,92;114;531;598,3.364173883643912E-5
4,65;454;503;544,3.361905827981397E-5
4,94;592;635;844,-3.360578975855733E-5
4,14;456;672;922,-3.360098896209055E-5
4,304;741;885;965,-3.356973580563741E-5
4,23;78;338;891,-3.354183901261799E-5
4,250;315;788;964,3.353261646879679E-5
4,237;431;557;944,3.352777137436591E-5
4,511;780;856;910,3.350094468835736E-5
4,332;684;722;832,-3.349374998079058E-5
4,314;331;452;625,-3.344636637163733E-5
4,140;523;777;843,3.3440193574504284E-5
4,133;340;443;610,3.339686357192564E-5
4,179;293;620;837,3.339215488645378E-5
4,339;868;889;989,-3.3377384552168574E-5
4,620;718;817;976,-3.332686445480063E-5
4,33;212;534;552,3.332521590699915E-5
4,4;192;545;966,3.329876636185393E-5
4,302;406;634;640,3.3293426804157556E-5
4,414;616;896;984,3.3282303293884335E-5
4,14;153;518;877,3.328105800317694E-5
4,2;267;279;871,3.3221823944993104E-5
4,237;277;767;964,3.3220256822247846E-5
4,161;389;601;967,-3.319457146412625E-5
4,27;405;894;961,3.318390236703081E-5
4,579;722;776;872,3.3174483951374334E-5
4,281;690;864;950,3.317127963833452E-5
4,191;201;530;555,-3.314460047814244E-5
4,65;187;511;750,-3.3121288707423525E-5
4,376;395;525;572,3.3106890204925424E-5
4,18;346;868;877,-3.310635017658916E-5
4,407;444;723;965,3.310316404613208E-5
4,239;351;476;497,3.310144988757231E-5
4,281;331;740;964,3.308649140749412E-5
4,170;640;733;882,-3.3083668305944495E-5
4,66;101;224;485,3.30760325195915E-5
4,18;82;176;558,-3.3073906514359034E-5
4,16;115;554;801,-3.3072437892908706E-5
4,81;253;735;896,-3.30722029648588E-5
4,148;604;964;993,3.303811591538086E-5
4,282;306;383;667,-3.29909405133457E-5
4,437;665;682;776,3.2959803079021774E-5
4,129;625;902;994,3.294172806213105E-5
4,45;343;931;956,-3.293446284523474E-5
4,103;126;714;917,-3.290644314357651E-5
4,152;417;561;816,3.29056564778719E-5
4,280;411;561;674,-3.290133261494099E-5
4,311;366;585;622,3.2897895935872584E-5
4,31;255;373;894,3.2855225505493344E-5
4,34;202;401;789,-3.284339158230727E-5
4,647;730;804;814,3.278030182535202E-5
4,421;476;920;951,3.274086067052687E-5
4,233;438;441;860,-3.2738632553408305E-5
4,237;458;640;869,-3.2725366660190764E-5
4,104;175;267;325,3.272060661796404E-5
4,167;228;358;600,3.2713160467823786E-5
4,80;157;384;407,3.2693689151926653E-5
4,166;261;272;736,-3.267824321090844E-5
4,640;807;842;878,3.259554470133086E-5
4,159;368;531;892,3.259049729746202E-5
4,92;477;551;699,3.256992267257393E-5
4,126;331;773;851,-3.250387336166442E-5
4,93;453;836;888,-3.2500816346811334E-5
4,153;181;714;969,3.248910079420743E-5
4,53;630;790;882,3.2484135895699495E-5
4,12;302;354;908,-3.244913909724645E-5
4,118;658;910;931,-3.244214404111222E-5
4,523;769;855;902,3.242037338028594E-5
4,130;534;659;702,3.2373663713733384E-5
4,91;238;405;451,3.2361824213013714E-5
4,192;883;905;948,3.234857185531846E-5
4,25;201;349;863,-3.234062440335761E-5
4,24;154;632;967,-3.2327112673757556E-5
4,26;279;343;656,-3.2325042479063344E-5
4,20;60;375;961,-3.229286603595443E-5
4,180;299;657;786,3.228534647737028E-5
4,116;323;358;722,-3.227259920240185E-5
4,24;711;737;944,3.226142207655235E-5
4,47;135;569;627,3.225045112532026E-5
4,713;766;818;989,3.224611040122027E-5
4,517;563;648;773,3.223272227355002E-5
4,265;388;469;929,-3.2207022293516295E-5
4,42;136;212;253,-3.2204709491252904E-5
4,475;686;749;780,3.220425676046295E-5
4,696;752;788;818,3.214557004962004E-5
4,259;540;645;683,3.214419957712375E-5
4,12;264;555;872,3.213070126272127E-5
4,58;113;497;862,3.210857667514029E-5
4,0;511;763;960,3.210527204422389E-5
4,12;302;354;573,3.2095346157142017E-5
4,163;322;596;828,3.209512497313928E-5
4,154;305;393;935,-3.208751741763259E-5
4,472;609;662;931,-3.2083832008303085E-5
4,102;257;485;695,-3.207628149569886E-5
4,145;768;879;971,3.2070924306203715E-5
4,109;700;745;833,3.207009353627158E-5
4,258;410;710;768,3.206437263805723E-5
4,393;673;901;937,-3.204738535650891E-5
4,346;629;671;747,-3.2040230359778404E-5
4,460;677;729;859,-3.202536960297128E-5
4,245;379;796;957,3.201719309198331E-5
4,34;70;192;207,-3.201578450068014E-5
4,84;125;731;863,-3.1977090861978825E-5
4,35;375;564;773,-3.196903966003901E-5
4,31;214;629;793,3.1966198473199625E-5
4,23;474;883;917,-3.194974592870733E-5
4,507;578;799;945,-3.193718347604346E-5
4,407;444;456;723,3.1934829333554E-5
4,11;42;133;619,3.192253887609957E-5
4,387;443;841;886,3.189307272323629E-5
4,60;291;337;538,-3.188504374630831E-5
4,376;417;887;911,-3.187211545120478E-5
4,111;145;395;898,-3.1852605298479273E-5
4,11;248;592;967,-3.184010642276407E-5
4,376;665;887;911,3.183782168541836E-5
4,272;432;910;938,3.1791751415500556E-5
4,498;851;858;995,3.178014308449674E-5
4,243;363;775;809,3.176836930877485E-5
4,104;267;325;704,3.176599031323448E-5
4,399;613;838;934,-3.175658110225955E-5
4,181;189;602;886,3.175058739483019E-5
4,148;500;642;803,-3.1728189043679885E-5
4,56;118;198;499,-3.171355225313241E-5
4,462;611;640;850,3.1709382435735604E-5
4,168;735;792;986,3.170242447456891E-5
4,39;77;313;732,3.167248756470908E-5
4,662;674;796;854,3.165437106338644E-5
4,278;344;486;803,-3.1652803553168E-5
4,160;487;707;845,-3.164629085349561E-5
4,643;780;903;914,-3.1637225116592036E-5
4,222;287;443;500,-3.162984609320969E-5
4,251;321;695;763,3.160763781828377E-5
4,380;502;751;968,3.1606257821419015E-5
4,9;77;209;596,3.1605587859546326E-5
4,221;429;446;611,-3.157858809706272E-5
4,729;819;931;955,-3.156591346992051E-5
4,158;358;407;781,3.15654370919448E-5
4,100;258;390;420,3.1541840763563474E-5
4,133;340;610;967,-3.153979017886172E-5
4,493;502;701;825,3.153599391862587E-5
4,186;285;685;787,-3.153519959813249E-5
4,22;437;703;749,3.1531403555514343E-5
4,432;550;677;943,3.152907242384448E-5
4,130;534;659;984,3.151340189060224E-5
4,198;553;689;976,3.151337314587284E-5
4,58;798;916;924,3.1512586902383944E-5
4,233;396;786;849,-3.1489489727774104E-5
4,113;153;216;968,3.147782721084559E-5
4,425;743;809;828,-3.147397136871772E-5
4,30;394;689;863,3.145673316888087E-5
4,1;2;199;530,-3.1412731267063596E-5
4,659;694;755;825,3.140979805219359E-5
4,620;718;950;976,3.1402294890426146E-5
4,234;551;568;882,-3.1398627119830004E-5
4,108;140;660;710,-3.1389585701680414E-5
4,191;290;611;637,-3.1380679106545617E-5
4,4;62;73;417,-3.1375869217478536E-5
4,93;662;674;854,-3.137515613700789E-5
4,196;201;715;736,3.1374909804538234E-5
4,168;464;639;969,-3.1364261106710295E-5
4,142;444;632;800,-3.1341040679434055E-5
4,291;321;452;706,3.1317213305128875E-5
4,311;670;720;807,3.131678546128296E-5
4,377;539;666;685,-3.131107850170174E-5
4,64;307;384;731,3.130499858095755E-5
4,100;259;664;930,3.127859369344167E-5
4,250;620;882;884,-3.126478698738904E-5
4,5;78;482;575,-3.124982609558051E-5
4,39;313;732;748,-3.124783477870944E-5
4,343;468;710;773,3.123650120429863E-5
4,359;530;592;607,-3.1234418737721505E-5
4,698;710;873;897,-3.1229965824814496E-5
4,85;201;242;485,-3.122135097862792E-5
4,41;94;299;433,-3.118650939983931E-5
4,20;280;805;856,-3.117815535381665E-5
4,40;158;340;653,3.117438150493509E-5
4,39;841;881;988,-3.11652047368679E-5
4,551;553;571;922,-3.114798604580367E-5
4,772;800;904;906,3.113339269184235E-5
4,27;337;709;711,-3.1132361716616274E-5
4,119;835;968;992,-3.112615765401973E-5
4,102;257;695;929,3.112614124241476E-5
4,336;632;804;900,-3.110712939510246E-5
4,218;305;756;903,-3.1082785644423E-5
4,159;189;741;892,3.105950087133684E-5
4,92;756;775;896,-3.103882888546081E-5
4,45;222;700;934,-3.103171808069836E-5
4,41;77;106;951,3.102881236255598E-5
4,179;544;742;748,-3.102709111393025E-5
4,23;648;690;696,3.101663041422218E-5
4,31;71;632;965,3.101465697889228E-5
4,51;167;494;906,3.100755344883951E-5
4,170;482;762;936,3.100469332704317E-5
4,89;327;374;984,3.0998290867950396E-5
4,437;678;928;932,-3.0984687715870186E-5
4,104;561;634;861,3.0982596955979836E-5
4,25;60;768;910,3.0976318434141444E-5
4,156;183;254;793,-3.097350792808848E-5
4,97;438;582;772,3.0927483649383994E-5
4,122;572;587;638,3.090609629163175E-5
4,298;367;377;892,-3.08501163620529E-5
4,186;254;368;476,3.082625003144402E-5
4,507;799;945;965,3.081390020016286E-5
4,25;688;696;744,3.081042145761106E-5
4,133;463;517;677,-3.079973265192122E-5
4,296;595;785;851,-3.0784105607803585E-5
4,728;759;908;984,3.075519282028605E-5
4,13;59;109;327,3.073132708174836E-5
4,98;216;402;945,-3.072867726866589E-5
4,168;792;952;986,-3.071810299095089E-5
4,124;453;661;888,-3.069946700738323E-5
4,124;389;480;932,-3.069828624666988E-5
4,111;160;562;866,3.06829145094558E-5
4,188;861;967;996,3.065851730566146E-5
4,165;408;811;947,-3.0614627224742456E-5
4,209;362;393;669,3.060966252952357E-5
4,63;150;627;693,3.05909506923481E-5
4,130;659;702;984,-3.058817160120025E-5
4,219;246;658;808,-3.055160611662991E-5
4,28;96;552;707,3.0534121072208834E-5
4,266;581;788;928,3.053009377691054E-5
4,14;312;676;778,3.0520878136812864E-5
4,261;399;572;853,3.0491933706760465E-5
4,10;35;187;317,3.0466918147200815E-5
4,168;562;673;898,3.0450187513924017E-5
4,29;370;495;683,3.043619871698408E-5
4,524;555;591;764,-3.041897816935987E-5
4,147;765;812;990,3.0395175907859977E-5
4,58;113;397;497,3.0383046725435204E-5
4,277;737;762;842,-3.0342559290192845E-5
4,304;446;581;639,3.0341253066213465E-5
4,236;282;304;678,3.0325265292837477E-5
4,14;312;710;778,3.031223293892946E-5
4,14;409;519;882,3.0309326200415015E-5
4,26;485;808;871,3.0303446609606154E-5
4,5;228;424;817,-3.028482919740337E-5
4,0;373;763;960,-3.0271107313766857E-5
4,165;283;858;889,3.026503264563356E-5
4,589;677;874;998,-3.026445236738788E-5
4,33;363;534;552,-3.025956833359981E-5
4,234;294;946;996,-3.0255308710942315E-5
4,69;167;821;860,-3.023658546934708E-5
4,172;621;783;936,3.022785930443455E-5
4,303;315;635;658,3.02138167259897E-5
4,193;214;454;737,-3.0209561103165062E-5
4,291;321;381;452,3.019173015252848E-5
4,227;604;617;867,-3.0185883904438276E-5
4,60;422;809;970,3.0184198124857518E-5
4,70;230;569;910,-3.0180161410727245E-5
4,172;214;521;690,-3.0159465326332842E-5
4,277;334;583;837,-3.0136167667569804E-5
4,116;333;493;846,3.0103876378497905E-5
4,10;35;187;864,-3.0102905543341928E-5
4,40;42;196;579,-3.008981945091501E-5
4,194;468;710;773,-3.00795694699662E-5
4,228;363;404;636,3.005041969539911E-5
4,92;302;801;892,-3.00480727190054E-5
4,130;560;781;965,3.0015145005365452E-5
4,104;308;561;634,3.0010452577280725E-5
4,128;191;203;547,3.00016930865961E-5
4,284;756;834;940,2.9974497487479256E-5
4,61;67;721;855,-2.9942193447383904E-5
4,514;576;595;703,2.9916850939137848E-5
4,38;727;809;913,-2.9873707784429844E-5
4,272;310;533;743,-2.9860659345148516E-5
4,117;271;780;887,-2.985929549836587E-5
4,259;301;540;683,2.9857121949868934E-5
4,30;198;598;759,-2.9854778128876687E-5
4,421;439;602;815,-2.982244635487151E-5
4,67;168;609;669,2.9817871634503773E-5
4,189;344;698;743,-2.9812077856057263E-5
4,484;563;648;773,-2.9755821208638318E-5
4,621;783;936;966,2.975215391934106E-5
4,15;100;438;721,2.9739401685409226E-5
4,191;530;547;555,-2.9719341710212634E-5
4,191;599;698;923,2.9719199427454603E-5
4,552;559;605;872,-2.969826691118101E-5
4,218;437;528;719,2.96822828118658E-5
4,94;592;635;970,-2.9675229725041276E-5
4,26;483;635;917,-2.965805201322896E-5
4,158;355;374;447,-2.9649855417034804E-5
4,276;696;788;818,2.963841684117593E-5
4,278;566;623;696,2.9624898037147507E-5
4,260;498;697;808,2.9619144261026406E-5
4,278;315;565;640,-2.9613306486966336E-5
4,74;115;834;985,-2.9608515284812613E-5
4,408;675;711;724,-2.95469376693177E-5
4,449;485;547;752,-2.9543814694442975E-5
4,274;369;828;893,2.9537324828340565E-5
4,90;208;437;499,2.9525727112021864E-5
4,133;177;481;637,-2.9520920166364127E-5
4,59;393;546;873,-2.949498867127797E-5
4,193;201;747;794,2.9413193346662954E-5
4,202;341;410;910,2.9399513670715654E-5
4,181;351;536;648,-2.9363670372695584E-5
4,307;426;826;900,2.9343724478068042E-5
4,8;164;450;852,2.9338625832533277E-5
4,385;522;687;690,2.933614955288409E-5
4,45;157;260;552,2.9318899728851453E-5
4,17;79;538;693,-2.931747277686659E-5
4,276;696;752;788,-2.9308903262495464E-5
4,103;151;347;900,2.9304059365226672E-5
4,11;248;967;997,-2.9299989387025397E-5
4,574;673;901;937,-2.9275226233945955E-5
4,6;355;407;936,2.927229365197483E-5
4,273;589;813;821,2.9259904457811837E-5
4,84;95;305;777,-2.9256732053995774E-5
4,2;35;137;860,2.9255711863310297E-5
4,284;678;928;932,-2.924931960015423E-5
4,168;353;464;969,2.9187505703920532E-5
4,163;219;220;649,-2.9180295302380475E-5
4,72;557;565;640,-2.918029235157699E-5
4,347;630;929;990,2.9178550479980857E-5
4,386;436;493;983,-2.916075322086675E-5
4,324;364;617;794,2.9159219183244145E-5
4,250;408;549;966,2.9133838404591263E-5
4,65;139;317;459,2.913161207323871E-5
4,50;67;182;371,2.9109695904767892E-5
4,234;251;743;863,2.9081769450025144E-5
4,397;401;883;936,-2.907580247046218E-5
4,92;489;509;758,-2.906605388862694E-5
4,108;528;548;566,-2.9038553559750375E-5
4,68;87;94;576,-2.903621932567707E-5
4,491;616;896;984,2.902961376132656E-5
4,58;278;468;738,-2.9004748699650104E-5
4,94;211;412;783,2.898527986150104E-5
4,217;458;640;869,-2.898096820443527E-5
4,49;158;355;447,-2.8971935806783082E-5
4,32;394;541;856,2.895316771382193E-5
4,230;569;910;935,-2.8951121079881863E-5
4,448;637;781;821,-2.8949259943281842E-5
4,226;349;466;769,2.8929444236319466E-5
4,526;888;904;927,2.8853405953539718E-5
4,193;360;364;951,-2.8844179124481666E-5
4,256;383;468;859,-2.883747852875863E-5
4,571;609;910;920,2.8837316685538885E-5
4,284;334;583;837,2.882857388793637E-5
4,119;238;723;857,-2.881866947480108E-5
4,34;206;242;720,-2.8775331276202188E-5
4,299;458;733;793,-2.8755869702750807E-5
4,376;451;707;980,2.8746884384010735E-5
4,112;153;582;598,-2.8724629091414207E-5
4,312;526;888;904,-2.872306224321158E-5
4,42;453;481;756,-2.871997481687886E-5
4,26;79;95;660,-2.870892344532497E-5
4,161;196;541;734,2.8683263617907664E-5
4,109;208;952;959,2.8597412548221348E-5
4,135;453;572;811,2.8596962855975396E-5
4,306;383;667;919,-2.857217056853505E-5
4,492;599;837;997,2.8557673387952036E-5
4,97;215;517;651,2.8549037365393207E-5
4,188;285;449;469,2.8537084353143914E-5
4,0;295;344;537,2.8517394337926667E-5
4,142;379;444;800,-2.8503715386086068E-5
4,404;715;743;968,2.849125209280603E-5
4,11;241;490;574,-2.848551190127844E-5
4,324;380;440;770,2.8481864584256785E-5
4,90;442;688;790,2.8481695416406772E-5
4,196;333;382;988,2.8476287829287273E-5
4,382;675;742;893,2.8463263180548177E-5
4,130;219;759;866,-2.8461955619517512E-5
4,174;303;457;887,-2.8446797706933412E-5
4,81;277;358;639,2.8434429837275354E-5
4,214;510;616;855,2.8429341524948572E-5
4,11;42;76;619,2.841642185462576E-5
4,67;848;860;891,2.83830131506922E-5
4,80;414;468;844,2.8370943708693985E-5
4,178;221;466;888,-2.8358282893775024E-5
4,35;458;459;483,-2.835066344083892E-5
4,57;182;342;352,-2.8347014352379922E-5
4,53;108;385;412,-2.8340321585617774E-5
4,184;675;711;724,2.8335627995113467E-5
4,295;423;693;921,-2.8323696634909704E-5
4,227;306;677;726,-2.8308900109672897E-5
4,169;230;240;719,-2.830670674311825E-5
4,186;573;616;699,-2.8278979716105188E-5
4,769;855;902;916,-2.8258684343730124E-5
4,91;207;509;984,2.825570002099817E-5
4,268;463;572;949,2.825277705898979E-5
4,284;299;451;787,2.822184406651532E-5
4,28;288;591;981,-2.819098551502719E-5
4,105;171;551;942,2.8182735747195254E-5
4,238;277;737;842,2.8180595334201097E-5
4,24;711;717;737,2.8149139337480367E-5
4,2;270;790;826,2.814493018847694E-5
4,245;392;723;749,2.8143558682588874E-5
4,188;285;341;449,2.8126554207095083E-5
4,735;792;952;986,-2.809489200317277E-5
4,154;393;703;935,2.8072384238927647E-5
4,80;193;414;468,-2.8062173014460807E-5
4,31;214;221;793,2.8037027102156717E-5
4,248;278;429;756,2.8033415642502628E-5
4,462;588;814;831,-2.799494780882502E-5
4,399;613;878;934,2.7985066839586428E-5
4,143;201;349;863,2.798270707873566E-5
4,599;698;920;923,-2.7973979740542125E-5
4,573;592;657;924,-2.7963662335261113E-5
4,367;376;380;532,-2.793747285485217E-5
4,156;425;879;916,2.7870312352992764E-5
4,225;230;378;518,2.7862741549275393E-5
4,257;269;920;999,2.7860582193080767E-5
4,129;147;226;830,-2.785951842637956E-5
4,65;178;519;843,-2.7832573481870072E-5
4,65;327;589;879,2.7824223831856553E-5
4,11;496;559;690,-2.7794611214836097E-5
4,30;158;507;781,-2.7782293701974663E-5
4,200;278;537;955,2.7781621827926085E-5
4,403;598;600;714,2.7781516738737503E-5
4,64;258;688;753,-2.778074016774977E-5
4,68;250;301;840,2.7766718626247537E-5
4,63;120;279;966,2.7749254390289952E-5
4,194;343;710;773,2.7744503742554537E-5
4,150;508;552;898,-2.7742973507560937E-5
4,355;407;617;936,2.7729617510659036E-5
4,98;268;603;881,-2.7726350554151406E-5
4,166;171;439;521,-2.7706913637856023E-5
4,25;69;484;623,-2.7700840769817404E-5
4,34;242;720;960,-2.7693158304195846E-5
4,99;168;219;909,-2.7691455129998464E-5
4,266;527;554;940,-2.7639691728360275E-5
4,260;461;498;697,2.763927135858626E-5
4,165;211;283;858,2.763567866056636E-5
4,127;300;435;465,2.7625980713537622E-5
4,267;472;609;662,2.762492581920111E-5
4,194;345;563;953,-2.760925822590095E-5
4,440;720;846;935,2.759556402533453E-5
4,113;247;306;849,2.758900538960512E-5
4,13;109;327;498,2.7583933266029836E-5
4,330;437;676;961,-2.7583481025241852E-5
4,100;118;258;390,-2.7583357258692326E-5
4,194;345;436;563,2.75610183808201E-5
4,270;677;729;859,-2.754314708513942E-5
4,22;122;437;703,2.7496198196207194E-5
4,421;602;623;815,2.748252516246057E-5
4,80;587;773;820,2.7477422579643388E-5
4,353;588;715;887,-2.7465762989177686E-5
4,205;262;493;885,2.7455690439425848E-5
4,131;223;468;878,2.7436374081280458E-5
4,474;610;822;911,2.740577408546353E-5
4,26;32;79;660,-2.7397434005881955E-5
4,204;427;482;777,-2.7392153428453978E-5
4,451;729;820;924,2.736848940119786E-5
4,200;620;882;884,2.7349407294757937E-5
4,326;332;368;424,2.734102321170912E-5
4,199;304;447;752,-2.7308733041611227E-5
4,116;706;753;889,-2.728781884865896E-5
4,206;350;683;998,2.728432376359741E-5
4,291;337;538;782,-2.7238314383506003E-5
4,55;59;345;634,-2.7225359983033103E-5
4,198;202;341;910,2.7223948874463144E-5
4,331;740;774;964,-2.719890733201718E-5
4,2;32;35;860,-2.7198892776122794E-5
4,6;219;288;468,-2.7184439480840635E-5
4,92;801;892;975,-2.7162599893161786E-5
4,49;427;586;859,2.7156816109980805E-5
4,143;213;625;933,2.713784332235041E-5
4,25;661;768;910,-2.7127699187281043E-5
4,228;404;636;937,-2.7117034891463875E-5
4,196;472;505;839,-2.709312907980677E-5
4,46;628;881;998,-2.7090733930717E-5
4,174;533;701;837,-2.706426061891072E-5
4,91;161;509;984,-2.7034093682649744E-5
4,97;268;899;956,2.7006836393570053E-5
4,383;479;484;992,2.7005395379160045E-5
4,242;502;701;825,2.7003736375207934E-5
4,284;437;678;932,2.6990305474276294E-5
4,15;96;627;655,-2.696748429339985E-5
4,52;420;444;522,-2.6962343202993677E-5
4,42;475;961;962,-2.6951661193722356E-5
4,250;408;549;666,-2.6936129125820904E-5
4,53;196;201;715,-2.69104198981196E-5
4,435;701;860;947,2.689271160068413E-5
4,408;672;807;883,-2.689224193269531E-5
4,88;276;689;784,-2.6883739379153463E-5
4,63;560;734;768,-2.6865679852097617E-5
4,425;527;566;584,-2.6865218577332928E-5
4,216;713;910;987,2.685111769149687E-5
4,14;676;710;778,-2.6849749488683383E-5
4,514;595;703;968,2.684971796562386E-5
4,156;357;879;916,-2.681461212806995E-5
4,42;212;253;373,2.6796009712232767E-5
4,300;456;526;663,-2.6790090511807487E-5
4,363;404;636;937,2.6753047509873585E-5
4,192;545;966;976,-2.6748915115834264E-5
4,140;416;595;666,2.6694000251338554E-5
4,152;561;663;816,2.666724852497566E-5
4,178;185;499;698,-2.665378859652853E-5
4,282;932;985;998,2.6651329952145433E-5
4,296;633;870;889,-2.664599352550986E-5
4,347;872;929;990,-2.6611974759124237E-5
4,35;153;518;877,2.6609303585025834E-5
4,385;522;599;687,2.659631564116315E-5
4,92;253;622;974,2.6589456053112957E-5
4,27;396;514;519,2.6571616712259934E-5
4,451;820;867;924,2.6566927238445946E-5
4,141;353;715;887,2.6566462525953287E-5
4,227;362;441;751,2.656261589805941E-5
4,143;742;770;990,2.6554375138554535E-5
4,412;424;616;896,2.6538990100382438E-5
4,86;404;439;464,-2.653785740551969E-5
4,92;253;471;622,2.6535865568680376E-5
4,36;74;624;800,-2.6532937923100476E-5
4,383;686;713;994,-2.652027801300506E-5
4,177;412;430;495,-2.651700316498607E-5
4,153;532;699;814,-2.650626010689425E-5
4,111;160;562;583,-2.6499976129155904E-5
4,243;355;461;865,2.6471066007037887E-5
4,2;246;425;916,-2.6427271201608133E-5
4,67;436;848;891,2.6425905367079388E-5
4,227;306;677;831,2.6410121422218437E-5
4,140;268;899;956,-2.6397951776583214E-5
4,137;297;425;773,-2.638704506215725E-5
4,296;399;618;888,-2.636881079881064E-5
4,30;223;725;925,-2.6353273926163643E-5
4,9;77;152;596,2.6308438725826474E-5
4,108;504;524;675,2.6271365476183246E-5
4,225;269;338;708,-2.6248999333989353E-5
4,11;241;574;757,-2.622944446801858E-5
4,153;337;404;641,2.6222890142716112E-5
4,359;543;592;900,2.6190594438530193E-5
4,40;230;342;343,2.618673442193773E-5
4,745;748;766;835,-2.61791190796068E-5
4,243;363;775;807,2.6160228429428558E-5
4,41;129;483;989,2.613852930831587E-5
4,282;573;793;920,-2.6138109787749492E-5
4,553;571;797;922,-2.6095666427342337E-5
4,120;484;769;937,2.6092745218515705E-5
4,129;156;902;994,2.6083127377747467E-5
4,120;173;416;634,-2.6065207525364815E-5
4,156;234;375;537,-2.6064453751895622E-5
4,58;278;738;848,2.606268822571962E-5
4,4;132;163;308,-2.6042709275935743E-5
4,229;339;442;710,2.6030436797775033E-5
4,130;560;957;965,-2.6027973812998718E-5
4,5;732;915;978,-2.599012937878267E-5
4,545;617;739;992,2.5984380241478512E-5
4,79;116;192;857,2.5982231879198706E-5
4,48;373;377;618,-2.5979716953839867E-5
4,110;134;284;497,-2.59427942190264E-5
4,3;725;821;884,2.593408289148538E-5
4,188;624;967;996,-2.592034023150997E-5
4,99;319;758;761,2.587957602889675E-5
4,79;192;207;857,-2.586621024132727E-5
4,189;596;698;743,2.586288697518656E-5
4,230;476;585;630,-2.5832910644670693E-5
4,525;527;771;867,2.5832139410567108E-5
4,34;202;401;408,2.5830766337839705E-5
4,655;779;782;822,2.5827915496295098E-5
4,333;686;756;826,2.5785759220829147E-5
4,624;729;931;955,-2.5775126380744804E-5
4,105;409;515;885,-2.5774463287393536E-5
4,255;373;764;815,2.5747956444367783E-5
4,144;301;324;352,2.57043743263385E-5
4,51;456;526;663,2.563955247235749E-5
4,255;373;438;764,-2.5603591093935458E-5
4,432;703;709;890,2.557773482780177E-5
4,44;504;524;675,2.557099914095446E-5
4,30;223;725;941,-2.5562090891239807E-5
4,135;210;832;938,-2.5552323899192117E-5
4,167;706;753;889,-2.5533204305535256E-5
4,253;270;627;845,-2.5518056887311548E-5
4,87;535;892;938,-2.5503575013688177E-5
4,426;799;826;900,2.5492102710255356E-5
4,24;711;717;944,-2.547840863478989E-5
4,678;730;820;890,2.5472552400137198E-5
4,293;299;620;837,2.546973594818232E-5
4,53;375;477;732,-2.5455289637429654E-5
4,186;292;685;787,2.5412065723997835E-5
4,74;180;379;973,2.540858852309529E-5
4,147;818;919;933,-2.5407338156567017E-5
4,182;306;400;464,2.5401385727662647E-5
4,145;416;458;502,-2.539513723591585E-5
4,278;344;450;486,2.5312257060284572E-5
4,69;420;518;607,-2.525803806020143E-5
4,47;118;222;637,2.523593336062277E-5
4,45;146;931;956,-2.523543466296015E-5
4,473;729;884;969,-2.5212333065842144E-5
4,220;500;527;568,2.5210119183162523E-5
4,477;551;699;982,2.5199469676495098E-5
4,394;790;866;878,-2.5178021762082647E-5
4,53;578;630;790,2.5161267056786497E-5
4,601;631;781;846,-2.5155241570010542E-5
4,281;331;740;774,-2.514686748916183E-5
4,117;287;495;991,-2.51462217821837E-5
4,237;703;767;964,-2.5120596065037325E-5
4,209;332;503;619,2.5118522069023045E-5
4,163;445;474;786,-2.5109116934760163E-5
4,112;603;693;843,2.509430678756945E-5
4,191;639;873;913,2.5070560759283062E-5
4,566;718;792;874,2.5051909335411323E-5
4,91;396;639;836,-2.5041433349157444E-5
4,108;140;236;660,2.5038235428116353E-5
4,119;290;611;637,2.4946807325450677E-5
4,137;410;425;773,-2.4927822842370945E-5
4,31;221;629;793,2.4899798219109673E-5
4,25;114;939;970,-2.4879772788570037E-5
4,15;474;635;966,-2.4863245401289563E-5
4,160;376;380;532,2.4786512519045585E-5
4,362;605;761;786,-2.4777902958054095E-5
4,280;428;656;839,2.4742240371733397E-5
4,1;304;524;883,-2.466912784323104E-5
4,459;632;708;943,-2.4664936290824338E-5
4,128;304;314;811,-2.4662337341027486E-5
4,333;341;411;526,-2.4650563969725368E-5
4,44;803;809;876,2.463982445535761E-5
4,488;584;827;886,-2.4607641668012222E-5
4,56;284;460;637,2.4575756085974524E-5
4,258;643;690;968,2.456458857485194E-5
4,527;634;771;867,-2.4558864159412578E-5
4,282;774;932;998,-2.455123410873789E-5
4,168;353;639;969,2.4545501003809002E-5
4,153;532;699;873,2.452363768467114E-5
4,327;393;546;873,2.4520506251403895E-5
4,17;499;538;693,2.4481464245685546E-5
4,590;710;873;897,-2.447761761255588E-5
4,86;503;791;950,2.447388888958286E-5
4,127;300;435;716,2.4455625860243614E-5
4,99;234;568;882,2.4454503083307702E-5
4,140;199;423;547,-2.445355332507261E-5
4,180;296;448;613,2.4448705793721333E-5
4,163;551;812;995,2.4425920533222484E-5
4,82;176;558;659,2.4421487469188884E-5
4,32;109;448;754,-2.4409942433656586E-5
4,92;302;892;975,-2.4377460029732732E-5
4,296;633;815;889,2.4372306468930833E-5
4,72;422;612;724,2.434495920951124E-5
4,65;288;457;883,2.4307350535606163E-5
4,161;196;335;541,-2.4293484645146707E-5
4,81;141;594;626,-2.42683504895335E-5
4,78;628;881;998,2.4262892573425306E-5
4,670;720;807;839,2.425395343570838E-5
4,395;587;737;778,-2.4245557539503354E-5
4,88;322;467;487,-2.424300784794299E-5
4,452;686;723;964,-2.4224577027323764E-5
4,224;304;369;787,-2.421301779687127E-5
4,11;439;446;977,-2.4211612369213086E-5
4,26;348;483;917,2.4207673870973722E-5
4,283;452;654;958,2.4195640830652037E-5
4,34;192;207;389,2.418981831140297E-5
4,37;486;508;662,-2.418456236548133E-5
4,88;100;259;930,2.4183345630542963E-5
4,648;659;755;816,-2.415282566757465E-5
4,335;756;868;966,-2.4145676555504528E-5
4,171;524;555;591,-2.4145161633888345E-5
4,99;156;300;504,-2.41426327290687E-5
4,9;53;372;440,2.413823292263108E-5
4,494;543;823;853,-2.4135548486244E-5
4,104;421;732;884,2.4126494200673046E-5
4,395;647;919;934,-2.4113971777682976E-5
4,117;255;700;956,-2.4061328551165243E-5
4,155;364;445;632,2.405611781064919E-5
4,264;675;725;816,-2.404125259397349E-5
4,96;627;655;883,2.4021034178542618E-5
4,124;513;608;828,2.4013491164350963E-5
4,326;491;639;745,-2.4010089921743363E-5
4,41;476;920;951,-2.4006618721899124E-5
4,361;396;426;880,2.399942722011395E-5
4,64;89;307;731,2.3975474906437865E-5
4,91;396;746;836,2.3945962433971242E-5
4,43;92;114;598,2.3942446411418392E-5
4,47;222;524;637,2.3936622241516253E-5
4,219;288;468;847,-2.393399766372212E-5
4,45;222;229;934,-2.3926528866354354E-5
4,34;60;82;897,2.3910800746360305E-5
4,1;156;571;912,-2.3889911085003503E-5
4,11;241;490;757,-2.3874202324800026E-5
4,582;767;891;894,2.38547488909036E-5
4,206;242;720;960,-2.3814724659088808E-5
4,102;485;695;929,2.3808685579016273E-5
4,9;701;947;994,2.380712748762983E-5
4,307;799;826;900,-2.380497527927545E-5
4,220;283;500;527,2.3799533577108804E-5
4,56;808;827;931,2.378410546856056E-5
4,38;104;256;858,2.3769964477020908E-5
4,474;610;794;911,-2.376494230019687E-5
4,480;551;782;926,-2.376245956468955E-5
4,6;288;468;847,2.3749211672488486E-5
4,246;332;744;797,2.3745651550484345E-5
4,83;170;656;671,2.3726666387592856E-5
4,201;715;747;794,2.3634395523280355E-5
4,318;645;689;876,-2.3628045681963974E-5
4,39;77;313;748,-2.362180842347252E-5
4,67;142;210;711,2.362029882623755E-5
4,412;539;596;662,-2.3618683429576433E-5
4,60;230;342;343,2.3589836753220966E-5
4,133;208;230;361,-2.3570625112428587E-5
4,256;265;468;859,-2.353481714271493E-5
4,189;344;596;698,-2.3527399328957478E-5
4,16;101;182;891,-2.352589491223052E-5
4,11;261;813;988,2.3515816160289662E-5
4,228;363;636;937,-2.3501259864784853E-5
4,448;622;796;867,-2.3490506513463354E-5
4,19;212;276;897,-2.3489672380913877E-5
4,269;541;751;830,-2.3488465863634988E-5
4,450;886;915;917,-2.3478959966248086E-5
4,299;533;740;947,2.3457057673859916E-5
4,19;211;703;996,-2.3440226657538162E-5
4,179;742;748;849,2.3431351643237156E-5
4,13;102;457;950,2.3421669419298614E-5
4,265;383;468;859,-2.341725000633582E-5
4,14;312;676;710,-2.3385066132600627E-5
4,716;741;744;791,-2.33846011685971E-5
4,209;368;393;669,-2.3380186857954213E-5
4,525;605;630;697,2.337488499900733E-5
4,366;585;622;672,-2.3372118452976024E-5
4,162;256;395;891,-2.3369199833519157E-5
4,435;631;781;846,2.3342610598912473E-5
4,282;774;932;985,2.333819764095848E-5
4,433;716;834;903,2.3272338054851643E-5
4,83;580;583;855,2.3245778957182016E-5
4,169;216;273;979,-2.324389059362073E-5
4,60;369;739;852,-2.3196336871815622E-5
4,37;486;497;508,-2.3194679366067215E-5
4,50;107;169;960,2.3160018742245323E-5
4,40;51;149;660,2.3148893721598042E-5
4,69;420;518;771,2.3102305346464805E-5
4,360;556;679;990,-2.310100571083867E-5
4,590;698;710;897,2.3096795074492958E-5
4,222;593;693;735,2.3092845171833844E-5
4,149;507;516;769,2.3078739519462006E-5
4,1;2;530;674,-2.307026759024127E-5
4,184;414;681;944,-2.306082943949141E-5
4,236;787;807;845,-2.303165733568497E-5
4,304;314;811;872,2.3028247242435462E-5
4,603;783;876;970,2.301151784368116E-5
4,133;230;361;891,2.2989344966546698E-5
4,96;319;616;962,-2.2985401971537918E-5
4,163;445;474;794,2.2932301513533985E-5
4,503;589;875;912,-2.2908699458177408E-5
4,67;609;669;721,-2.2906257458654636E-5
4,11;490;574;757,-2.28924175641012E-5
4,156;177;658;770,-2.2882314427388625E-5
4,67;210;711;893,2.2882017832407607E-5
4,442;486;489;630,-2.2877794735218615E-5
4,225;690;765;766,-2.2845103492127227E-5
4,405;791;894;961,-2.282433362005921E-5
4,60;792;925;977,-2.282109558422166E-5
4,301;364;387;434,-2.2808139969640105E-5
4,73;331;397;879,-2.2775302172033128E-5
4,102;403;598;600,2.2774277783851327E-5
4,73;179;615;999,-2.2741350613211398E-5
4,509;715;896;949,-2.2740356699059693E-5
4,0;34;54;378,2.273453966960367E-5
4,51;106;107;661,-2.273093747587267E-5
4,420;461;520;651,2.2719159225953552E-5
4,312;492;681;939,-2.2715825992355248E-5
4,97;200;497;772,2.2715156925753684E-5
4,68;96;217;359,2.2713908152563747E-5
4,75;124;597;953,2.2701174576428402E-5
4,231;680;761;765,-2.2692771026743586E-5
4,53;107;287;877,-2.269050295813931E-5
4,302;406;634;744,-2.268821235785601E-5
4,90;218;285;889,2.2680360230915206E-5
4,316;525;712;990,-2.2677145352261416E-5
4,88;276;689;823,-2.2671151388544967E-5
4,321;473;475;553,-2.2658396827156075E-5
4,195;376;918;984,2.2648414292039105E-5
4,5;245;732;978,-2.2647426755557482E-5
4,98;226;467;948,-2.264388253258419E-5
4,130;219;759;914,2.257068054631604E-5
4,258;410;768;957,2.256982549583974E-5
4,98;216;402;769,2.2566086325419165E-5
4,45;94;494;769,2.2559305453580156E-5
4,245;743;818;905,-2.254632648284245E-5
4,209;362;368;669,2.253454728249587E-5
4,258;568;688;753,2.253052081991819E-5
4,60;291;337;782,-2.2528599374701596E-5
4,310;423;535;817,-2.24882544949913E-5
4,326;511;780;910,2.2483619238377224E-5
4,487;602;754;898,-2.2473852215054283E-5
4,107;169;874;960,2.2460181886685433E-5
4,453;660;820;949,2.2451502851065138E-5
4,28;350;572;824,-2.2403157478942378E-5
4,332;379;684;722,2.2382645899323938E-5
4,598;883;905;948,-2.236668246295744E-5
4,282;481;483;601,-2.2345065524900834E-5
4,126;470;740;989,-2.233970074624482E-5
4,310;320;423;817,-2.2339561019422955E-5
4,8;30;158;781,2.2337513318197976E-5
4,335;393;396;785,2.2315250598442428E-5
4,277;284;334;837,2.231043039049601E-5
4,352;514;525;774,2.228579312420724E-5
4,266;314;381;465,2.22698849280306E-5
4,84;619;758;844,2.2242952810114805E-5
4,178;221;826;888,-2.2238965623987355E-5
4,122;280;637;779,-2.2224497605573218E-5
4,99;133;463;517,-2.2208446137541716E-5
4,312;790;885;975,2.2193458459243167E-5
4,682;714;919;969,2.2178610779231604E-5
4,161;389;601;641,2.2158177779862E-5
4,425;743;809;949,-2.2157275988875584E-5
4,440;759;846;935,-2.2146701781105173E-5
4,81;141;626;917,2.213587407869622E-5
4,31;71;760;965,-2.211691045230178E-5
4,128;304;811;872,-2.21115602846965E-5
4,301;309;390;864,2.2109027259719233E-5
4,54;452;723;964,2.210497596928074E-5
4,337;404;489;641,2.208906075860829E-5
4,83;395;583;855,-2.2064815620845413E-5
4,94;105;128;524,2.2063599789421663E-5
4,192;548;754;838,-2.2037877328548588E-5
4,448;637;781;902,2.203472487266741E-5
4,88;276;784;823,2.2016830537509786E-5
4,89;226;767;890,-2.2013346931129245E-5
4,338;704;784;935,-2.2002127097186722E-5
4,16;101;182;388,2.1990635049957395E-5
4,11;745;809;920,2.198871336278239E-5
4,284;634;701;717,-2.1988281669394606E-5
4,171;199;447;752,-2.1983723027855418E-5
4,212;363;534;552,-2.1940048050383855E-5
4,45;260;552;832,2.1926574735856024E-5
4,278;566;696;771,2.191697337401946E-5
4,286;431;562;593,-2.1889599498814686E-5
4,437;528;719;763,2.1885874532407203E-5
4,17;38;201;951,-2.186579893880752E-5
4,87;248;892;938,-2.185352698408233E-5
4,93;308;372;834,-2.1848415207445016E-5
4,159;366;749;872,2.1848304204938713E-5
4,220;326;332;368,2.1826398752372854E-5
4,333;596;686;756,2.1788279409963837E-5
4,306;400;464;647,2.1777635202820168E-5
4,170;382;762;936,-2.1771920742668028E-5
4,63;92;281;764,-2.175420187137512E-5
4,117;255;338;956,2.174037299245927E-5
4,186;440;752;981,-2.174010935488205E-5
4,334;344;517;954,2.1714076232676017E-5
4,77;251;351;447,2.1689244411189392E-5
4,79;499;538;693,-2.167919688172603E-5
4,244;370;495;683,2.167179866232345E-5
4,711;717;737;944,2.1653944451974294E-5
4,440;491;910;929,-2.162340933410585E-5
4,84;85;201;242,2.1615273296730203E-5
4,549;770;775;805,2.161173192680781E-5
4,15;60;422;970,-2.160288741388529E-5
4,50;99;228;546,2.156033703909394E-5
4,238;525;611;672,2.1556956933339828E-5
4,196;232;546;647,2.1486579873056687E-5
4,657;856;880;986,2.1415045187521216E-5
4,238;405;451;820,2.1393679869287654E-5
4,11;550;745;809,-2.1379451175781956E-5
4,226;416;619;642,-2.137126579242926E-5
4,62;673;775;961,2.1350074214844906E-5
4,41;258;659;765,2.1340249986158184E-5
4,0;34;54;858,-2.133753485596496E-5
4,182;421;576;760,2.1336600978505178E-5
4,91;405;451;820,-2.133304349671048E-5
4,24;154;640;967,2.1305772364132344E-5
4,550;680;761;765,-2.128195987064426E-5
4,359;443;492;533,2.1279059889878956E-5
4,17;562;673;898,2.127819051375589E-5
4,587;773;820;987,-2.127549461910165E-5
4,355;461;822;865,-2.1263283407379138E-5
4,207;519;715;951,2.1246458177965213E-5
4,7;301;309;864,2.1226682310407335E-5
4,2;364;773;975,2.122576510561584E-5
4,18;862;868;877,-2.122281759375641E-5
4,169;459;632;943,-2.12203891393084E-5
4,383;479;484;889,2.120218606801342E-5
4,322;467;487;636,2.1186672378199823E-5
4,211;652;805;919,-2.117012045801493E-5
4,194;345;436;953,-2.1138092044593606E-5
4,402;425;527;566,-2.1120881261987322E-5
4,115;580;838;992,2.111170275375802E-5
4,551;553;797;922,-2.1108941714006822E-5
4,50;228;546;726,2.1103298919978174E-5
4,171;229;577;925,-2.1078344334518178E-5
4,130;456;518;927,-2.107557266097692E-5
4,99;168;616;909,-2.1062472799772382E-5
4,682;879;919;969,-2.104270293719961E-5
4,634;734;824;931,2.1039908823187154E-5
4,29;244;495;683,2.1027482654381374E-5
4,4;262;739;753,2.0973983899555688E-5
4,77;251;351;705,2.0948235921457622E-5
4,0;373;511;960,-2.0944496165900417E-5
4,122;660;721;792,-2.0930954700315776E-5
4,92;775;796;896,-2.09304017494018E-5
4,74;762;834;985,2.0927017542594975E-5
4,244;286;569;717,-2.0902861554162157E-5
4,62;543;592;900,-2.089724376000816E-5
4,171;199;304;447,-2.0889731922230526E-5
4,330;414;525;999,-2.0872064404225177E-5
4,105;409;706;885,2.0869590319538E-5
4,10;537;585;911,-2.0858527741227782E-5
4,80;724;779;978,2.0844965951945847E-5
4,5;185;228;424,-2.084182644475159E-5
4,287;303;557;996,-2.0839145291025262E-5
4,2;202;246;425,-2.083519428372081E-5
4,145;779;833;898,-2.083209178198502E-5
4,88;100;259;664,2.077568173756852E-5
4,551;571;797;922,-2.0754098748630395E-5
4,33;212;363;552,-2.0744553423193316E-5
4,243;775;807;809,2.072150184754738E-5
4,245;590;723;749,-2.0716654087716992E-5
4,387;886;915;917,2.070977243364906E-5
4,196;335;541;734,2.070782483699961E-5
4,232;483;518;835,2.0698095767404265E-5
4,297;410;425;773,2.0673424395620843E-5
4,24;632;640;967,2.0665739944871054E-5
4,124;302;513;608,-2.0652472008291486E-5
4,83;570;674;969,2.0643758092230113E-5
4,159;679;749;872,-2.0640360569287232E-5
4,23;492;822;904,-2.0619970821010642E-5
4,26;47;664;959,-2.0611769721961905E-5
4,158;407;548;781,-2.0593729703219094E-5
4,78;130;674;898,2.0580572766987494E-5
4,88;259;664;930,-2.0568172147990907E-5
4,122;604;660;721,2.054515824328652E-5
4,222;240;396;697,2.0536563548783452E-5
4,112;459;582;598,-2.0516363517066032E-5
4,506;709;739;898,2.049956459807904E-5
4,291;659;896;976,2.049138356336309E-5
4,17;647;730;804,-2.0485746868145272E-5
4,93;563;629;675,2.0462760641734757E-5
4,54;768;879;971,2.0437610342124603E-5
4,105;170;551;942,-2.0424569032887565E-5
4,31;71;632;760,2.0396386115366408E-5
4,226;349;511;769,-2.0375962605622773E-5
4,665;682;709;776,-2.0349960034325957E-5
4,28;111;525;833,2.0348961980452215E-5
4,575;639;873;913,2.0347853498347383E-5
4,63;659;678;814,-2.0332243367547477E-5
4,276;689;784;823,-2.0330372262640486E-5
4,122;543;619;865,2.0324646332050862E-5
4,27;791;894;961,2.031849771986775E-5
4,38;343;809;913,-2.0277188538198348E-5
4,278;623;696;771,2.0271664242470705E-5
4,61;67;721;849,2.0266429122808538E-5
4,530;603;746;980,-2.0249023603438166E-5
4,90;149;208;437,-2.02218501233371E-5
4,198;199;313;998,2.0218313534279162E-5
4,445;794;823;890,2.0163034134428807E-5
4,276;696;752;818,2.0130046687296887E-5
4,99;233;528;615,-2.0112006914439324E-5
4,573;592;657;867,2.0107225532919443E-5
4,99;319;682;758,2.0102899729155293E-5
4,275;721;874;883,2.00969991530929E-5
4,364;397;401;883,2.0080004091654872E-5
4,154;295;895;979,-2.0049296853824E-5
4,415;689;713;719,2.000006166286508E-5
4,127;604;964;993,-1.999777169070442E-5
4,17;123;153;359,1.9967471257618534E-5
4,177;323;403;772,1.994998673663299E-5
4,337;505;575;637,-1.9916359186555567E-5
4,12;264;480;555,1.9914779895305586E-5
4,65;327;589;875,1.9896449919465756E-5
4,137;364;617;794,1.9895576637335522E-5
4,116;269;631;847,1.9891233413764655E-5
4,344;770;819;957,-1.9876825664448403E-5
4,619;758;812;844,-1.9864293523353282E-5
4,159;569;741;892,-1.9860314389889606E-5
4,80;266;531;826,-1.9831935936317275E-5
4,37;394;649;984,-1.9831506240228056E-5
4,103;377;842;895,1.9821704350792696E-5
4,184;321;511;552,-1.9816597565702973E-5
4,143;643;667;962,1.980898699730193E-5
4,829;871;903;911,1.978743620907675E-5
4,566;571;718;874,1.9778601025936718E-5
4,278;315;640;796,1.9760001605197983E-5
4,142;352;447;983,-1.9739784025955044E-5
4,357;585;674;920,1.9730600806805896E-5
4,428;656;839;984,1.9720689358760953E-5
4,399;838;878;934,1.9719261080586196E-5
4,220;410;501;810,-1.969890560419252E-5
4,2;61;267;871,-1.969188654251626E-5
4,321;600;695;763,-1.9691836852052056E-5
4,124;453;591;888,-1.969141508876144E-5
4,92;477;699;982,1.9689315992961653E-5
4,12;519;715;951,1.9667795221348782E-5
4,120;320;565;902,-1.9658344086320082E-5
4,196;232;513;546,1.9653790746073173E-5
4,18;394;649;984,-1.9646224258867896E-5
4,82;292;602;798,-1.963224444506496E-5
4,202;401;408;789,1.9591715034079722E-5
4,725;821;884;982,1.9565707910397595E-5
4,649;715;833;866,-1.9561112417617805E-5
4,271;495;792;950,-1.9547824247699354E-5
4,347;630;872;990,-1.9546791831194447E-5
4,259;331;783;922,1.9546256373039462E-5
4,404;685;715;968,1.9543822166426122E-5
4,14;327;605;757,1.9499704506428168E-5
4,244;250;641;763,-1.9498720773884535E-5
4,99;242;528;615,1.9472919833522873E-5
4,116;631;847;928,1.94620324927566E-5
4,228;241;403;777,-1.9457257399857302E-5
4,159;189;569;741,-1.943065596462128E-5
4,35;208;261;881,-1.9425318270878996E-5
4,32;181;541;856,1.9396487800221554E-5
4,44;106;107;661,1.938423518918975E-5
4,12;207;715;951,-1.9376044865978546E-5
4,23;149;474;883,-1.9364120017248875E-5
4,335;393;396;930,-1.9334189869065052E-5
4,13;362;444;497,1.9330415112742055E-5
4,510;566;695;711,1.9326620983608767E-5
4,396;426;880;980,-1.9308625482216306E-5
4,90;156;375;537,-1.9304648786981977E-5
4,106;312;681;939,1.9303128263158884E-5
4,59;327;546;873,1.9293351162915044E-5
4,166;233;438;860,1.9285529822756698E-5
4,59;109;327;498,1.92852118572073E-5
4,204;210;888;971,1.9278933353624414E-5
4,40;158;340;387,-1.9278053974841687E-5
4,238;737;762;842,-1.9260740074305924E-5
4,229;299;442;710,1.9237243747121976E-5
4,382;675;742;980,-1.9206497927440845E-5
4,335;360;511;689,1.9181757013701905E-5
4,244;328;569;717,1.91685715938042E-5
4,161;601;641;967,1.9167241681811382E-5
4,242;415;571;999,1.914512972708749E-5
4,33;289;375;500,-1.912992113625131E-5
4,410;710;768;957,1.9121477138144237E-5
4,11;813;910;988,1.9117483268528917E-5
4,186;240;367;755,-1.911099643357642E-5
4,101;292;685;804,-1.9097638330762E-5
4,14;327;605;971,1.906239269951907E-5
4,292;329;705;742,-1.9061361902391955E-5
4,177;370;481;637,-1.9054289814592742E-5
4,87;392;706;899,-1.90423419081306E-5
4,327;605;757;971,1.90293124472518E-5
4,160;258;690;968,1.9027604564292917E-5
4,4;163;308;817,1.9021780435218478E-5
4,71;351;536;648,1.9006250651328507E-5
4,133;177;370;637,-1.899081475333809E-5
4,104;732;830;884,1.8990149316042772E-5
4,84;125;354;863,-1.8979183368528622E-5
4,96;836;876;951,-1.897177481722698E-5
4,79;515;627;983,-1.8971014832016358E-5
4,620;718;817;950,1.896429525704139E-5
4,346;570;671;747,-1.8949269840015056E-5
4,193;199;263;950,1.890797363045413E-5
4,32;109;241;754,-1.8845550318146525E-5
4,498;593;748;967,1.8844505678829913E-5
4,205;231;913;915,1.8833285571194165E-5
4,36;74;778;800,1.8816752830082945E-5
4,227;306;726;831,1.8782043782903553E-5
4,221;411;559;585,1.877678294665416E-5
4,380;628;710;724,-1.877100585913142E-5
4,2;202;425;916,-1.877064698558366E-5
4,89;234;594;701,-1.8753082797499906E-5
4,282;294;427;625,1.8735130492893485E-5
4,50;586;724;881,1.873396642395331E-5
4,147;219;818;933,1.871884326670935E-5
4,227;509;896;949,1.8712488343946468E-5
4,7;498;593;967,-1.871072229433494E-5
4,148;641;728;792,1.8700173674583514E-5
4,64;645;853;958,-1.8666973210352195E-5
4,191;575;639;913,-1.8664143761098765E-5
4,233;242;528;615,-1.8654110873961384E-5
4,43;550;612;881,1.8642058937352085E-5
4,165;327;374;573,-1.86344616238456E-5
4,31;275;431;707,1.862656994244471E-5
4,37;486;497;662,-1.862582833270403E-5
4,790;813;901;904,-1.8572874720704846E-5
4,237;277;703;964,1.8567942315248353E-5
4,117;192;471;818,1.8558509349782682E-5
4,123;794;830;887,1.8550000328212298E-5
4,126;470;694;989,1.8548306074601447E-5
4,32;79;95;660,1.8536747965740847E-5
4,110;408;446;795,1.852601477388681E-5
4,6;384;427;777,-1.8517013590009017E-5
4,211;246;845;906,-1.8471129766159962E-5
4,286;335;360;511,-1.8437096964697613E-5
4,317;400;431;866,1.842834007208579E-5
4,179;544;748;849,1.842260275186463E-5
4,75;145;458;502,1.8390753140584672E-5
4,491;658;910;931,-1.8355223781782106E-5
4,150;380;628;724,1.8299979753224184E-5
4,68;173;670;963,1.8286549641567605E-5
4,507;516;769;896,-1.8283413178542976E-5
4,8;30;158;507,-1.8279320442341877E-5
4,449;547;583;752,1.8246982202926113E-5
4,93;364;773;975,1.8244616889731775E-5
4,277;430;628;695,-1.8206077964205927E-5
4,198;341;410;910,1.8190553193586354E-5
4,259;301;645;683,1.8189600105777653E-5
4,96;118;372;775,1.8173875120771246E-5
4,543;619;663;865,-1.8161456509001673E-5
4,27;363;465;597,-1.815828879353327E-5
4,227;715;896;949,-1.815314770312712E-5
4,34;70;192;389,1.812053150873085E-5
4,46;372;897;996,1.8120145844766205E-5
4,245;379;901;957,-1.8116246147303763E-5
4,163;256;551;812,-1.8075446816205897E-5
4,202;287;596;996,-1.8070760378318034E-5
4,392;459;800;918,1.8060487011246763E-5
4,5;227;971;995,-1.8043963497389257E-5
4,107;295;565;975,-1.8027659538604268E-5
4,2;93;364;773,1.799304682379723E-5
4,30;146;589;704,-1.7979643042521837E-5
4,325;785;871;903,-1.7978052169212682E-5
4,544;770;775;805,1.7972842372189543E-5
4,81;306;623;728,-1.7961404540001845E-5
4,135;453;654;811,-1.7936083385377625E-5
4,415;466;491;750,-1.7930180150000894E-5
4,91;208;453;958,1.7926526393608082E-5
4,240;396;486;697,-1.79219649654953E-5
4,95;223;413;474,1.791033439384201E-5
4,104;308;634;861,-1.7891634828549455E-5
4,207;220;486;697,-1.7861158826911754E-5
4,414;491;616;984,-1.7856943155572837E-5
4,39;75;841;988,1.7849779960204185E-5
4,186;240;441;755,-1.783862077412965E-5
4,227;415;689;713,1.7831512023590582E-5
4,67;601;871;875,1.7821547961236574E-5
4,86;142;252;890,-1.775548680458671E-5
4,298;377;841;892,-1.7752618358201884E-5
4,556;645;737;868,1.7711445463857845E-5
4,240;309;815;901,1.7699267818556853E-5
4,75;462;490;569,-1.7685482391405217E-5
4,211;526;744;790,-1.7660906339865572E-5
4,99;463;517;677,1.7647132007848587E-5
4,179;498;791;985,1.7615574054309022E-5
4,335;393;785;930,1.761097014396441E-5
4,204;221;499;964,1.7607300883408062E-5
4,56;363;531;801,-1.7598614969713916E-5
4,380;540;751;968,-1.758146583755174E-5
4,356;372;897;996,-1.7580802629960915E-5
4,187;199;755;925,-1.7558808151857023E-5
4,54;145;768;879,-1.7546462384268153E-5
4,381;525;775;987,-1.7536061474517384E-5
4,171;451;499;803,-1.7515526540051724E-5
4,156;371;782;943,1.7504378617198774E-5
4,196;209;577;832,-1.742135963219908E-5
4,67;168;669;721,-1.7359555186921993E-5
4,234;251;863;887,-1.734715354624441E-5
4,23;149;883;917,1.73440889478561E-5
4,83;288;572;633,1.733120650453631E-5
4,259;331;590;720,-1.7279999849506552E-5
4,218;305;594;903,-1.7277160481017358E-5
4,220;283;527;568,-1.7229364756734E-5
4,431;798;916;924,-1.7222105052202928E-5
4,65;441;454;503,-1.720484867455957E-5
4,176;462;689;814,1.718807976956701E-5
4,234;296;785;851,1.7145141534540062E-5
4,13;59;327;498,1.7133540859174386E-5
4,122;604;660;792,-1.711236572447023E-5
4,25;738;831;832,1.7093482479728262E-5
4,336;374;806;955,1.707876911624253E-5
4,158;595;779;923,1.707504660978716E-5
4,301;364;434;799,-1.702388251864462E-5
4,158;358;407;548,-1.7021212721116216E-5
4,103;184;714;917,-1.7006226569678718E-5
4,196;209;531;862,-1.7000758155283315E-5
4,80;379;408;566,-1.6964835585032304E-5
4,165;408;947;955,-1.6934134707075573E-5
4,205;231;913;949,-1.6929752847347468E-5
4,14;382;456;922,-1.6925704226235287E-5
4,139;438;643;828,-1.691870248183696E-5
4,432;703;709;812,1.6907108973875983E-5
4,404;688;718;830,1.690360868658366E-5
4,32;35;137;860,1.690074586464531E-5
4,2;222;349;350,1.6893019294796235E-5
4,150;508;539;898,-1.6881430231915567E-5
4,193;715;747;794,1.687102049540399E-5
4,11;42;76;133,-1.6847383692101423E-5
4,377;422;539;685,-1.6843092560713066E-5
4,18;87;526;833,1.6840847700132265E-5
4,27;72;85;414,-1.6831992977793776E-5
4,415;571;670;999,-1.6821251644226433E-5
4,243;401;705;875,-1.6807973508242867E-5
4,128;304;314;872,1.6780184614017364E-5
4,33;212;363;534,1.6768820375766654E-5
4,99;219;616;909,1.6765206122144834E-5
4,80;408;566;958,1.67545850891315E-5
4,313;366;615;785,-1.6712426604374885E-5
4,85;225;378;518,-1.669318611547494E-5
4,224;304;369;775,1.6693072105699864E-5
4,83;395;580;855,-1.669082225834767E-5
4,140;261;303;556,-1.6676976084726084E-5
4,39;458;603;874,1.6659261486499707E-5
4,96;783;876;951,-1.6646606694361788E-5
4,17;38;201;988,-1.6637532814435984E-5
4,202;228;596;996,1.663259466898453E-5
4,438;588;608;923,-1.6608539296002608E-5
4,40;456;527;966,1.6597658382437128E-5
4,172;621;936;966,1.658690432912156E-5
4,92;302;801;975,1.6586770080381993E-5
4,303;624;757;826,-1.657495614726745E-5
4,154;305;703;935,-1.655981771348969E-5
4,148;373;377;618,1.654440708383132E-5
4,133;411;600;679,1.6515856233595643E-5
4,31;431;471;707,-1.6503738187982615E-5
4,365;564;767;900,-1.6500619825885365E-5
4,375;404;420;871,-1.645583689452073E-5
4,14;35;153;877,-1.644912636739155E-5
4,314;331;452;593,-1.643202675714705E-5
4,50;437;682;855,1.643160731130147E-5
4,314;331;593;625,-1.6428101802673512E-5
4,146;653;673;913,-1.641840916341205E-5
4,116;167;706;889,1.6343748484481808E-5
4,109;126;135;727,-1.6341520497240426E-5
4,160;367;376;380,1.6308234069896187E-5
4,228;287;596;996,1.6282917095821706E-5
4,467;474;950;996,1.6280378583209696E-5
4,158;669;783;912,-1.626012993963396E-5
4,41;557;659;765,1.6227963784129157E-5
4,493;502;779;805,-1.61766737158375E-5
4,186;258;573;616,-1.6159042970035284E-5
4,590;698;710;873,1.6134042707423252E-5
4,35;261;451;881,-1.611437036614146E-5
4,321;473;553;935,1.6111501426287372E-5
4,282;573;793;836,1.6097297158840624E-5
4,133;524;617;934,-1.6086966232365956E-5
4,25;194;412;693,1.605840262070496E-5
4,154;305;393;703,1.6055494890475793E-5
4,293;378;543;737,-1.600557063414072E-5
4,87;392;558;706,1.600053405648955E-5
4,18;37;649;984,1.598346753136768E-5
4,116;498;851;995,1.597987471694989E-5
4,375;404;766;871,1.5962192753362883E-5
4,648;659;816;896,-1.5915214032002505E-5
4,288;509;820;841,1.5886514386685336E-5
4,171;199;304;752,1.588340856839566E-5
4,480;551;829;926,1.5871164943968102E-5
4,7;19;403;514,-1.5870278738800577E-5
4,114;157;340;572,-1.5861078133278303E-5
4,161;168;319;453,-1.5858561620666276E-5
4,116;333;493;851,-1.5854200481661147E-5
4,209;441;462;949,1.583902896014287E-5
4,373;619;745;947,-1.58346426431641E-5
4,229;299;339;442,1.5825882283707378E-5
4,118;286;845;876,1.579920106104841E-5
4,642;688;696;744,-1.5792640741622212E-5
4,570;629;671;747,-1.5783553303601942E-5
4,156;183;543;793,1.572378288374849E-5
4,112;153;459;598,-1.5711512362058632E-5
4,59;195;345;634,-1.5682554575042474E-5
4,54;686;723;964,-1.5680704585266188E-5
4,6;219;468;847,-1.567957439680885E-5
4,715;716;834;903,1.566521731010706E-5
4,295;542;740;988,-1.562815285941668E-5
4,213;295;565;975,1.561660968914743E-5
4,71;715;745;965,1.5612386885605925E-5
4,103;126;184;714,-1.5594383320228694E-5
4,396;682;835;963,-1.558662017453098E-5
4,177;690;757;957,1.5566158020386594E-5
4,127;435;465;716,-1.55610943095999E-5
4,323;403;772;819,1.55592047823101E-5
4,170;640;882;962,1.5521710055629636E-5
4,38;343;727;809,-1.5517309932512825E-5
4,62;359;543;900,1.551693635755587E-5
4,170;212;656;671,-1.5480019954808565E-5
4,158;340;387;653,1.5468473141753775E-5
4,562;567;716;738,1.5467849102458795E-5
4,16;417;713;956,-1.5443926720662222E-5
4,98;576;678;914,-1.5391629853850935E-5
4,80;337;516;791,-1.5386484407413915E-5
4,411;423;561;674,1.5337759112630434E-5
4,303;456;532;709,-1.5318582455657295E-5
4,267;343;451;801,-1.5313852988220954E-5
4,567;669;783;912,-1.5306214167250793E-5
4,228;522;626;673,1.5274767713154058E-5
4,197;283;811;880,-1.5259275111972155E-5
4,45;402;494;769,-1.5240231296352915E-5
4,148;602;641;728,-1.5233662832595544E-5
4,228;301;314;860,1.522939282026474E-5
4,495;532;792;950,-1.5199703421781157E-5
4,250;301;840;973,1.5178338044464433E-5
4,310;320;423;535,-1.5173061138479352E-5
4,296;400;485;640,-1.5172156559150802E-5
4,421;766;818;989,-1.5130079363488116E-5
4,79;634;701;717,1.5088267718887486E-5
4,133;407;461;901,-1.5087943441685765E-5
4,92;270;701;852,1.5049659567625769E-5
4,601;814;871;875,-1.5044068656405434E-5
4,258;573;616;699,-1.5036349618402498E-5
4,89;296;299;889,-1.5035600711379969E-5
4,267;379;451;512,1.5007140980424497E-5
4,335;396;785;930,-1.4973767746844874E-5
4,481;603;783;970,1.4963729130573894E-5
4,547;598;631;725,-1.494148299181924E-5
4,311;670;807;839,-1.4917038796003937E-5
4,385;774;818;861,-1.491292961345534E-5
4,258;410;710;957,1.4892815799828982E-5
4,399;407;618;888,1.4868784583139668E-5
4,198;432;550;943,-1.4866372199276734E-5
4,169;459;632;708,1.4859376308263548E-5
4,29;153;286;305,-1.4852899837794268E-5
4,30;394;584;863,1.4851815790841307E-5
4,99;551;568;882,1.4827708764839156E-5
4,267;277;451;512,-1.4823332553438661E-5
4,189;238;525;672,1.4803125390827586E-5
4,45;94;402;769,-1.4784156753780642E-5
4,219;577;921;976,-1.4781842283458086E-5
4,652;805;851;919,1.4771572774172186E-5
4,269;365;564;900,-1.4768600954420185E-5
4,371;782;910;943,-1.4763525856160281E-5
4,46;225;495;980,-1.4747308324840548E-5
4,2;199;530;674,1.4735895473422578E-5
4,250;589;639;965,-1.4659033487744947E-5
4,46;495;574;980,1.4647894409448758E-5
4,64;278;853;958,1.4627422828228894E-5
4,171;555;591;764,-1.4610682166252994E-5
4,16;376;644;968,-1.4584918677906227E-5
4,252;431;695;920,1.457825772307484E-5
4,219;759;866;914,-1.4570660190641697E-5
4,20;31;280;856,-1.4565560433067504E-5
4,584;668;827;886,-1.4554564098414411E-5
4,11;381;446;977,-1.4541474934009917E-5
4,234;296;595;851,1.4494736781632916E-5
4,79;284;701;717,1.4478091098031516E-5
4,16;71;745;965,1.4474350246532063E-5
4,722;776;787;872,-1.4473531182451105E-5
4,474;794;822;911,-1.4436270458123576E-5
4,347;811;858;940,1.4417589717015684E-5
4,86;120;315;665,1.4417207708856316E-5
4,283;452;651;654,1.44141276002193E-5
4,255;438;764;815,1.4413488186637985E-5
4,137;297;410;425,1.4391095594587545E-5
4,2;93;364;975,-1.4384754176921148E-5
4,569;633;693;718,1.4383220239209419E-5
4,99;206;350;998,-1.4374925666924412E-5
4,74;115;762;834,-1.4367424098495327E-5
4,40;456;616;966,1.4360450145781034E-5
4,80;690;877;994,1.4354241903484101E-5
4,291;497;896;976,1.4344349224467475E-5
4,213;404;610;921,1.4322242113158509E-5
4,338;553;691;929,1.4279542479782685E-5
4,70;530;653;987,-1.4278759830857538E-5
4,14;510;616;855,1.426402893201661E-5
4,63;193;203;281,-1.4260927012340018E-5
4,282;531;668;987,-1.4254780260643723E-5
4,189;569;741;892,1.4250887302285097E-5
4,318;551;872;933,1.4239987883372502E-5
4,53;201;715;736,1.423317496765632E-5
4,131;440;459;870,1.4229257564133826E-5
4,5;740;971;995,1.4226577351742084E-5
4,122;236;691;942,1.4199029797979047E-5
4,343;418;918;926,-1.4192339483774883E-5
4,34;54;378;858,-1.4188628530721354E-5
4,127;300;465;716,-1.4178655597311574E-5
4,713;719;793;997,1.4169410404953919E-5
4,73;615;825;999,1.4163651579510966E-5
4,6;36;298;756,1.4160554533675121E-5
4,1;304;582;883,1.4158128656886066E-5
4,154;645;895;979,-1.4137598541954202E-5
4,196;333;763;988,-1.4118846659467305E-5
4,310;501;525;594,1.4106592995479232E-5
4,42;196;579;664,-1.408768111678013E-5
4,25;143;201;349,-1.4084458646347619E-5
4,456;527;616;966,-1.4035194141619822E-5
4,60;534;785;962,-1.4020337538863438E-5
4,178;192;548;754,1.4014329478828736E-5
4,17;168;673;898,-1.4001688527571399E-5
4,433;715;834;903,-1.3997862676865773E-5
4,99;140;423;547,-1.3980248376102122E-5
4,319;616;846;962,-1.396354282435534E-5
4,76;533;761;833,-1.3961069881673894E-5
4,113;505;650;900,1.3954544621247317E-5
4,35;187;317;864,-1.3929622019731903E-5
4,49;64;427;586,1.3929357968182462E-5
4,17;730;804;814,-1.3917435261416745E-5
4,173;455;520;896,1.391498589120023E-5
4,4;545;966;976,1.3908180856134046E-5
4,573;793;836;920,-1.3871965045665718E-5
4,651;772;800;906,1.3864112797091222E-5
4,61;338;548;827,-1.3842884181464216E-5
4,299;496;740;947,-1.384233399932789E-5
4,42;99;582;802,1.3815241330489105E-5
4,183;701;947;994,-1.37977115102723E-5
4,187;690;757;957,-1.379192230986074E-5
4,654;872;944;979,-1.3787639110811447E-5
4,60;534;785;807,-1.3785051012881922E-5
4,153;360;607;914,-1.3781786333451216E-5
4,49;54;279;636,1.3766141375208252E-5
4,160;643;690;968,1.3759781516054157E-5
4,9;231;372;440,-1.375517511232384E-5
4,92;551;699;982,1.3747079853069375E-5
4,273;463;544;805,-1.374358846941699E-5
4,379;444;632;800,-1.3716553382553808E-5
4,54;79;515;627,-1.3708025128911745E-5
4,97;438;582;720,1.3696360820132067E-5
4,5;64;78;482,-1.3664892521562135E-5
4,147;297;354;821,1.3655978300755496E-5
4,68;94;576;903,1.3647548070117151E-5
4,26;745;766;835,1.3644506157166156E-5
4,71;181;351;536,1.3636864592608412E-5
4,56;363;557;801,-1.3632007808813327E-5
4,582;767;891;999,-1.362703575768895E-5
4,314;390;426;695,-1.3626485598124777E-5
4,101;182;388;891,1.3598927066544121E-5
4,219;496;675;773,-1.3585743746473725E-5
4,188;624;861;996,1.3584669488029992E-5
4,260;547;598;631,1.3576923524956806E-5
4,338;704;727;784,1.3573836109485489E-5
4,343;506;749;983,1.3569241179659956E-5
4,239;303;456;709,-1.3556955583416419E-5
4,218;528;719;763,1.3545921987867158E-5
4,442;688;790;881,1.3542717313853147E-5
4,240;309;540;815,1.3518155482423772E-5
4,68;161;791;796,-1.3512787874597973E-5
4,499;770;819;957,1.3453080334934924E-5
4,244;286;328;717,-1.3445132643633583E-5
4,228;314;652;860,1.3433023303147672E-5
4,551;553;571;797,1.3425869149999204E-5
4,5;227;740;995,1.339785580605676E-5
4,562;567;716;803,-1.338622980242643E-5
4,83;395;580;583,-1.3379909847845186E-5
4,496;533;740;947,1.3379586717425424E-5
4,37;497;508;662,1.3355862538388456E-5
4,154;222;230;316,-1.334003922802779E-5
4,333;493;846;851,-1.3321331209118944E-5
4,186;285;292;787,1.3308263386165934E-5
4,160;258;643;968,-1.3301273647810978E-5
4,318;689;824;876,1.3280456441852745E-5
4,245;307;743;818,-1.325425315661468E-5
4,450;586;611;830,-1.3229203151849386E-5
4,201;205;262;885,1.3143107767015997E-5
4,123;148;396;789,1.3135524094568325E-5
4,306;677;726;831,-1.3133977745544055E-5
4,304;462;611;640,-1.3129700373380908E-5
4,159;366;679;872,-1.3128818536414573E-5
4,659;755;816;896,-1.3096000778409865E-5
4,222;229;700;934,1.3071342908255592E-5
4,229;509;820;841,-1.3071214082831782E-5
4,326;780;856;910,1.3035588102785586E-5
4,187;280;546;847,1.3034999303596904E-5
4,81;253;363;735,-1.303170324269465E-5
4,127;150;360;486,-1.3027105178341079E-5
4,278;566;623;771,-1.3024354093027712E-5
4,129;156;625;994,-1.3022395093267462E-5
4,62;359;543;592,1.3006197420833127E-5
4,94;105;128;832,-1.2952597911586494E-5
4,382;482;762;936,1.2948751671165781E-5
4,393;396;785;930,-1.293923881836629E-5
4,25;199;939;970,1.2937595777304429E-5
4,256;265;383;859,1.2934565134969177E-5
4,559;605;658;872,1.2929093711146662E-5
4,56;118;499;535,1.2914306527403143E-5
4,103;151;347;695,-1.2908550212292446E-5
4,29;97;267;768,-1.2896970527416084E-5
4,229;577;832;925,1.2885397917817468E-5
4,272;302;910;938,-1.288004361441697E-5
4,194;254;545;659,-1.285471942602496E-5
4,68;541;791;796,1.2829459069559737E-5
4,282;299;451;787,1.2775528677811568E-5
4,459;715;800;918,-1.2757763666323227E-5
4,196;382;763;988,-1.2753082383753278E-5
4,16;376;638;968,-1.2737612726913654E-5
4,197;467;520;938,-1.2733007782717694E-5
4,28;77;525;833,-1.2702174243274578E-5
4,122;393;477;747,-1.2689658473806102E-5
4,171;577;832;925,-1.2687166035371753E-5
4,102;457;679;950,1.2676220151341029E-5
4,193;551;560;579,-1.2656155245838334E-5
4,35;208;261;451,-1.2639644699313092E-5
4,302;354;573;908,-1.2607482307767946E-5
4,67;168;609;721,1.2604068878859662E-5
4,285;551;560;579,1.2560247102755738E-5
4,367;624;757;826,-1.2543962495058226E-5
4,17;462;490;569,-1.2542352205493223E-5
4,38;47;522;680,-1.252900678853391E-5
4,211;652;851;919,1.2511146068019623E-5
4,17;168;562;673,1.2474248134567975E-5
4,53;196;201;736,-1.245654112942925E-5
4,143;643;671;962,-1.2439082763343834E-5
4,116;323;358;749,1.2348670294202075E-5
4,217;237;640;869,1.2337031245051394E-5
4,274;369;828;905,1.2313787783074414E-5
4,160;296;378;606,-1.2308966175985796E-5
4,377;383;784;852,1.2306646612046422E-5
4,1;225;338;708,1.2287865576943072E-5
4,119;123;594;687,1.2251202611909463E-5
4,27;465;597;901,1.2220493297282993E-5
4,64;278;645;853,1.2216491425384003E-5
4,104;440;605;716,1.221236949096256E-5
4,282;793;836;920,1.2194827930541877E-5
4,196;472;505;795,-1.2186181702493915E-5
4,137;363;743;805,1.2185028823363475E-5
4,156;254;543;793,-1.2180535251351061E-5
4,409;484;519;882,-1.2174268376740198E-5
4,0;4;20;181,1.2167163073941172E-5
4,648;659;755;896,-1.2160119979764302E-5
4,196;472;795;839,-1.215242181539325E-5
4,614;728;759;984,1.2146879856591568E-5
4,227;617;867;969,-1.2136366410079327E-5
4,326;511;780;856,-1.2130516547011538E-5
4,324;380;440;744,-1.2107081562295549E-5
4,390;426;663;695,1.2080935817745833E-5
4,154;237;325;366,1.2053563387746728E-5
4,420;518;607;771,1.2052623533109787E-5
4,287;303;557;838,1.205195783128392E-5
4,50;99;228;726,-1.2046788369292853E-5
4,72;172;422;612,-1.2043391754640792E-5
4,235;442;486;489,-1.2022282190716604E-5
4,486;497;508;662,1.20123921662381E-5
4,46;78;628;881,-1.2012179478837635E-5
4,160;367;376;532,-1.2007669490444022E-5
4,43;550;562;881,1.1994139735946358E-5
4,191;575;639;873,1.1985971556940992E-5
4,9;53;231;440,1.1960596058706967E-5
4,247;310;501;525,1.1952941163224893E-5
4,8;164;476;852,1.19465203278128E-5
4,435;601;781;846,-1.1921609754912928E-5
4,69;734;824;931,-1.1867405120454852E-5
4,194;254;534;545,1.1862921480697952E-5
4,16;115;231;801,-1.1860025000670679E-5
4,186;368;476;515,-1.1844142148396297E-5
4,133;340;443;967,1.1840768634922256E-5
4,86;92;701;852,-1.1828289205429225E-5
4,261;277;399;853,-1.1807271474490088E-5
4,378;398;543;737,-1.1788892732574076E-5
4,385;599;687;690,1.1786707015572415E-5
4,371;485;756;965,1.1769521107739833E-5
4,195;394;421;839,1.1765959905431046E-5
4,69;518;607;771,1.1748524421137438E-5
4,194;418;590;958,-1.1747174135067164E-5
4,136;212;253;373,-1.1746279317289301E-5
4,272;310;533;771,-1.1745615842550018E-5
4,106;492;681;939,-1.17254728489588E-5
4,257;290;603;917,-1.1716392757291568E-5
4,60;582;792;977,1.1698534431561026E-5
4,253;627;666;845,-1.168420031308265E-5
4,280;411;423;561,-1.1679877866700043E-5
4,476;581;585;630,-1.1667741544678583E-5
4,178;250;639;965,1.1640977394832795E-5
4,77;313;732;748,1.163255668424626E-5
4,179;255;791;985,-1.1628494988496825E-5
4,160;383;784;852,1.1610025952627133E-5
4,157;300;556;569,-1.1607464339296648E-5
4,228;522;673;813,-1.1602528055640941E-5
4,15;627;655;883,-1.159020865841157E-5
4,393;574;901;937,1.158385901475861E-5
4,148;500;803;906,1.156473411680177E-5
4,314;426;663;695,1.1554276256665327E-5
4,30;146;216;704,1.1554009130520418E-5
4,10;337;537;911,1.1553713904715316E-5
4,126;470;694;740,-1.1551512316950327E-5
4,596;686;756;826,-1.1548973341294935E-5
4,158;354;432;525,-1.1531042756060769E-5
4,137;324;617;794,1.1528861492842484E-5
4,566;571;718;792,-1.1514326252535789E-5
4,68;145;779;898,1.150829515433309E-5
4,234;296;595;785,1.1505656241339733E-5
4,14;382;672;922,-1.1497246985093537E-5
4,158;317;400;866,1.1485241113109436E-5
4,395;464;919;934,-1.1458116788716082E-5
4,201;215;496;986,-1.1451371935856631E-5
4,221;411;585;987,1.145042164463354E-5
4,66;101;485;498,-1.1438698630128061E-5
4,63;217;560;734,-1.1420960574985228E-5
4,2;61;267;279,-1.1409596272875099E-5
4,311;720;807;839,1.1400881382045584E-5
4,81;594;626;917,-1.139924027704075E-5
4,121;299;469;872,1.1364963756429342E-5
4,9;177;568;936,1.1349886709414513E-5
4,51;167;237;494,-1.1341589635040717E-5
4,216;541;751;830,-1.1335659524973895E-5
4,415;571;609;910,1.1320922466080613E-5
4,255;285;373;894,-1.131908998516052E-5
4,405;428;868;982,-1.1317202728402916E-5
4,324;380;744;770,-1.1314124102331978E-5
4,106;481;483;601,-1.1293561992594143E-5
4,140;261;556;761,-1.1285639767678123E-5
4,677;690;877;994,-1.1271707416793189E-5
4,187;292;705;742,1.1262388900264865E-5
4,18;176;558;659,1.1260474991670613E-5
4,466;803;933;984,1.124658420471467E-5
4,129;147;830;933,-1.1241466229815215E-5
4,438;643;828;882,1.1228704052306904E-5
4,83;436;570;674,-1.1224649063077117E-5
4,97;140;268;899,1.1213890373102938E-5
4,117;192;277;471,-1.1207558444213096E-5
4,137;682;743;805,1.1196116570055864E-5
4,104;256;366;858,1.1188390329905727E-5
4,94;592;844;970,1.1180980712628116E-5
4,159;189;569;892,1.1166419224445002E-5
4,194;240;418;958,1.1147154117517995E-5
4,1;199;530;674,-1.114529370548424E-5
4,209;362;368;393,1.112537992945465E-5
4,81;150;627;693,-1.1113527498763133E-5
4,484;769;920;937,1.1062898188122175E-5
4,227;604;617;969,-1.1060938200574036E-5
4,25;47;69;623,-1.1058106315709173E-5
4,172;351;476;497,-1.1051209319939079E-5
4,128;476;667;834,-1.1022999951252433E-5
4,40;456;527;616,1.1015638542722326E-5
4,171;229;832;925,-1.1008020719176034E-5
4,266;300;314;465,1.0994889639420847E-5
4,68;213;625;933,1.0993064356721112E-5
4,159;368;529;531,1.0981385672763945E-5
4,381;439;446;977,-1.0971451312960911E-5
4,112;253;868;930,-1.09558754996478E-5
4,377;422;666;685,-1.093494689893385E-5
4,186;240;367;441,-1.091687496488207E-5
4,119;746;835;968,1.091103577342431E-5
4,250;549;666;966,-1.0898741078495267E-5
4,105;790;885;975,-1.0891891950062949E-5
4,104;530;596;807,-1.0890207772064064E-5
4,437;682;855;952,-1.088398865879493E-5
4,277;284;334;583,-1.085760750535598E-5
4,42;913;961;962,1.0857585769037184E-5
4,491;511;580;862,1.085223818864332E-5
4,296;399;407;618,-1.0842378855812623E-5
4,325;677;785;871,1.0825825701954603E-5
4,1;370;754;945,-1.082168037185827E-5
4,475;913;961;962,1.0795585383748737E-5
4,98;266;581;788,-1.0790700715752825E-5
4,110;381;692;806,1.0787654981067947E-5
4,184;414;815;944,1.0770956656658456E-5
4,378;790;901;904,-1.0761459176836345E-5
4,16;376;638;644,-1.0749712819654016E-5
4,136;682;835;963,1.0746139331983022E-5
4,122;637;652;779,-1.073643421539126E-5
4,161;207;509;984,1.0729030660413458E-5
4,296;448;536;613,-1.0725511565883014E-5
4,2;61;338;548,-1.0713892125415868E-5
4,158;595;779;875,-1.0693702413886727E-5
4,117;402;780;887,-1.069314318344503E-5
4,113;419;505;650,1.0656375428106117E-5
4,218;285;717;889,-1.0626814175234625E-5
4,0;20;181;323,1.0623137766838066E-5
4,195;421;466;839,-1.0620366184504609E-5
4,256;551;812;995,1.0596041208938666E-5
4,95;223;474;853,1.0593877389408213E-5
4,101;685;766;804,1.0571340422166523E-5
4,48;716;744;791,-1.05705670352376E-5
4,245;732;915;978,-1.0558889670076187E-5
4,393;525;605;630,1.0547674540968318E-5
4,11;459;927;973,-1.0535285945811078E-5
4,50;67;371;660,-1.0531137778301434E-5
4,391;432;538;714,-1.053102172385539E-5
4,248;592;967;997,1.0522260410044352E-5
4,451;729;820;867,1.0518539992554893E-5
4,92;450;509;758,-1.0517506755040141E-5
4,110;324;616;862,1.0505036672276147E-5
4,80;773;820;987,1.0499214373262684E-5
4,279;391;462;986,1.0496854246661517E-5
4,261;277;572;853,1.0486149484166593E-5
4,395;464;647;919,1.0486036241094406E-5
4,143;808;827;931,-1.0478749421223746E-5
4,75;549;822;978,-1.0467693913874615E-5
4,153;397;657;890,1.0460994984901794E-5
4,92;589;813;821,-1.0459482969851349E-5
4,198;199;313;887,-1.0452939222333156E-5
4,238;258;655;924,-1.0441344230497155E-5
4,533;546;761;833,1.0422715867825126E-5
4,97;215;517;907,1.0418684305545479E-5
4,440;720;759;935,-1.041378404302764E-5
4,404;685;743;968,1.0412141889842775E-5
4,17;69;123;359,1.0400716508945893E-5
4,296;400;485;717,-1.0399128761921318E-5
4,86;544;791;950,-1.0393204420506796E-5
4,295;542;783;988,1.0390300915581893E-5
4,106;282;481;601,1.0380277373864634E-5
4,72;172;612;724,-1.0379932769498304E-5
4,445;794;795;823,1.037838397053394E-5
4,97;438;720;772,1.0350783934956877E-5
4,139;318;440;788,-1.0343905942779383E-5
4,164;450;476;852,1.0338783643973698E-5
4,182;306;395;618,-1.0318818629355666E-5
4,335;571;767;955,-1.0303341800335139E-5
4,80;379;408;958,-1.0278249763821239E-5
4,53;196;715;736,-1.0273980300116042E-5
4,196;209;793;862,-1.0272884693676091E-5
4,24;717;737;944,-1.027028593761583E-5
4,256;289;395;891,1.0217400683429767E-5
4,461;520;651;809,1.0189947214538652E-5
4,92;471;622;974,1.0187863853999356E-5
4,107;213;295;565,-1.0182990066528133E-5
4,341;396;432;733,-1.0171420137117252E-5
4,92;146;223;847,1.0169268984337014E-5
4,414;681;815;944,1.01684877297778E-5
4,10;299;458;733,1.0145072850681857E-5
4,112;693;812;843,1.0127696457428907E-5
4,572;634;949;980,-1.0092840757131967E-5
4,99;156;300;450,-1.0082055596038032E-5
4,341;432;487;733,1.0058618820779818E-5
4,100;118;390;420,-1.0038282121657957E-5
4,28;572;698;824,-1.0028357542510469E-5
4,134;212;276;897,-1.002427468818477E-5
4,116;167;753;889,-1.0016013313952993E-5
4,280;773;792;963,1.0009103458155634E-5
4,41;421;920;951,-1.0004072228250005E-5
4,5;64;78;575,-1.0003758157846395E-5
4,96;209;462;949,-9.953741126342269E-6
4,178;244;316;563,-9.937019546147063E-6
4,51;127;452;706,9.928657315814912E-6
4,385;409;774;861,9.917055680469311E-6
4,86;142;252;963,-9.881050361130518E-6
4,173;495;670;963,9.867802132295948E-6
4,114;340;501;572,9.866314456413318E-6
4,312;473;729;884,9.858483097108327E-6
4,219;246;808;910,9.851229399720693E-6
4,113;419;650;900,9.84444863041047E-6
4,0;373;511;763,-9.843584388731903E-6
4,276;613;647;688,9.80589170864436E-6
4,470;694;740;989,9.790989135088441E-6
4,239;303;456;532,9.790582511060325E-6
4,175;267;325;704,9.788697477072658E-6
4,83;96;288;572,-9.783698950901674E-6
4,67;142;210;893,9.766617346449888E-6
4,272;302;432;938,-9.759340861096172E-6
4,184;369;392;465,-9.75116373893212E-6
4,27;466;556;583,-9.751163596884605E-6
4,545;811;858;940,-9.743179638560144E-6
4,359;443;492;935,-9.73884729335562E-6
4,181;189;602;757,-9.732459524810621E-6
4,119;238;840;857,-9.71289597543551E-6
4,421;576;760;968,9.689253044664774E-6
4,481;603;876;970,-9.671617862025736E-6
4,602;724;754;898,9.661352619721182E-6
4,523;769;855;916,9.661030702560695E-6
4,202;228;287;596,-9.65699149766262E-6
4,160;367;380;532,9.639931448812759E-6
4,315;789;826;944,9.637267975107036E-6
4,284;460;541;637,9.62250930368697E-6
4,28;350;572;698,-9.611585269365217E-6
4,65;139;317;405,-9.604479367100859E-6
4,31;632;760;965,-9.599151682952813E-6
4,50;107;874;960,-9.59417537309058E-6
4,160;254;487;707,-9.583433558224337E-6
4,26;47;725;959,-9.561683113790364E-6
4,128;362;605;761,9.551349507587511E-6
4,77;152;209;596,9.550698431141021E-6
4,287;557;838;996,-9.533879358312199E-6
4,186;254;476;515,9.53324897478073E-6
4,182;306;464;647,-9.482126941036396E-6
4,166;371;485;756,9.476231803078016E-6
4,352;382;424;523,-9.440594152772539E-6
4,98;266;581;928,9.435597976630752E-6
4,522;523;758;892,9.425127333346231E-6
4,100;438;445;721,9.385562989714075E-6
4,338;727;784;935,9.38449639037576E-6
4,240;383;713;994,-9.374614950699644E-6
4,12;41;299;433,9.373535821882411E-6
4,124;389;900;932,-9.373330743207253E-6
4,128;435;701;947,9.310951051210374E-6
4,106;168;401;518,9.309927743792783E-6
4,236;239;787;807,-9.28593212602565E-6
4,257;269;276;999,-9.271249214387674E-6
4,177;323;772;819,9.266805235086918E-6
4,178;185;698;937,9.246335924399218E-6
4,98;226;700;948,9.200539595300345E-6
4,340;443;610;967,-9.192239412897526E-6
4,131;223;472;878,-9.177077638601227E-6
4,315;785;826;944,9.146425993690893E-6
4,269;631;847;928,-9.12936739613187E-6
4,491;639;745;978,9.121868880575483E-6
4,86;219;643;981,-9.1207789650593E-6
4,333;411;526;881,-9.097376174971055E-6
4,360;364;761;951,-9.096937304626115E-6
4,138;139;318;440,9.096501071872744E-6
4,120;341;535;921,9.083178845990344E-6
4,31;280;805;856,-9.08143429551542E-6
4,35;195;375;564,-9.05912163902063E-6
4,9;183;701;947,9.057579827593455E-6
4,282;427;482;625,-9.051665677798974E-6
4,312;526;888;927,-9.047769031050898E-6
4,222;396;486;697,-9.02846906972226E-6
4,63;659;678;728,-9.027698091905761E-6
4,81;253;363;896,-9.015201899845552E-6
4,165;627;683;906,-8.99235943136504E-6
4,191;599;698;920,-8.991017651909086E-6
4,267;343;451;867,-8.987240350511294E-6
4,65;178;466;843,8.982748233257003E-6
4,422;738;831;832,-8.981594906720798E-6
4,170;640;733;962,8.96991344050667E-6
4,230;240;719;995,-8.959838085466138E-6
4,37;569;633;693,8.956699330186527E-6
4,48;148;373;618,-8.935707189884286E-6
4,202;329;684;980,8.930282664257009E-6
4,16;417;713;849,8.925865713404673E-6
4,94;373;400;651,8.920103867673213E-6
4,571;718;792;874,8.912212817012877E-6
4,272;533;743;771,8.904909134664196E-6
4,20;31;805;856,8.881980889872785E-6
4,422;643;851;888,8.87790806424621E-6
4,130;401;456;927,8.877713766644376E-6
4,6;219;288;847,8.845685059575566E-6
4,54;452;686;723,8.836661029957436E-6
4,458;603;676;874,-8.832911690948575E-6
4,109;329;700;833,-8.829330984643377E-6
4,229;288;509;820,8.82812646597199E-6
4,94;352;373;400,-8.82752205446542E-6
4,128;476;529;834,8.824171018363439E-6
4,80;422;724;978,8.822241186857247E-6
4,222;713;753;838,8.79236099150987E-6
4,89;234;652;701,-8.780438927195478E-6
4,117;191;203;547,-8.775396389313718E-6
4,435;601;631;846,8.754769696583807E-6
4,268;603;646;881,-8.754194761307455E-6
4,57;342;352;355,8.74242718038045E-6
4,26;115;838;992,-8.735168006679051E-6
4,278;468;738;848,-8.707634791192669E-6
4,205;913;915;949,8.68077609866737E-6
4,40;60;230;342,-8.679180662111493E-6
4,6;384;768;777,8.676295878842514E-6
4,510;659;755;825,-8.64789281286872E-6
4,109;241;362;725,-8.586082883034336E-6
4,432;703;812;890,8.5465536978531E-6
4,142;210;711;893,-8.540092891390836E-6
4,122;605;665;753,-8.529782794253055E-6
4,103;718;842;895,-8.502869083931827E-6
4,236;239;807;845,-8.490485372167797E-6
4,93;551;563;675,8.489302069846973E-6
4,86;439;464;953,8.474640409761592E-6
4,49;158;374;447,8.464473333817217E-6
4,352;373;400;651,8.463821604058032E-6
4,97;545;617;992,-8.463605339040416E-6
4,116;498;851;858,8.460430416648575E-6
4,28;158;354;525,8.446527134106818E-6
4,412;539;662;725,-8.435563971007955E-6
4,133;407;461;615,-8.435050244395541E-6
4,393;525;630;697,8.434874810497137E-6
4,219;818;919;933,8.431709050650213E-6
4,1;2;199;674,-8.425094686497502E-6
4,101;224;485;498,-8.408159382432567E-6
4,226;467;700;948,8.365657815394455E-6
4,294;384;386;760,8.35191226415833E-6
4,122;543;619;663,-8.347669689471954E-6
4,332;582;831;913,8.346533995583921E-6
4,243;355;822;865,8.333503250651888E-6
4,42;136;212;373,-8.323327147275566E-6
4,507;578;799;965,-8.319692585594038E-6
4,65;611;874;887,-8.302673583322779E-6
4,246;332;797;833,-8.293690651972343E-6
4,33;93;308;372,-8.287476349993512E-6
4,9;183;701;994,8.280105853639309E-6
4,453;589;836;888,-8.268531409203492E-6
4,226;466;511;769,8.26762724731446E-6
4,14;214;616;855,8.264517218508735E-6
4,299;496;533;947,-8.261420721298499E-6
4,194;343;468;773,8.244324248199989E-6
4,38;201;951;988,-8.230860904597005E-6
4,26;664;725;959,-8.219468837301864E-6
4,5;245;915;978,-8.2166412663312E-6
4,77;251;447;705,-8.189521261067846E-6
4,29;244;370;495,8.154298684939468E-6
4,106;282;483;601,-8.140217478580895E-6
4,141;173;455;520,-8.122523146277559E-6
4,58;468;738;848,-8.095514491015386E-6
4,165;811;947;955,8.085084217964999E-6
4,19;291;767;918,8.059728795384732E-6
4,62;359;592;900,7.990585265191288E-6
4,1;416;619;642,-7.98733244582962E-6
4,267;277;379;451,-7.983105809692796E-6
4,149;208;437;499,-7.971998822646195E-6
4,254;534;545;659,-7.964197211496101E-6
4,152;417;561;663,-7.94963620984766E-6
4,4;222;489;934,7.931489471677087E-6
4,338;404;553;691,-7.91850630606096E-6
4,240;540;815;901,-7.916966087972155E-6
4,124;480;900;932,-7.908089546810098E-6
4,153;532;814;873,7.898673138464194E-6
4,111;562;583;866,-7.886075161598966E-6
4,366;679;749;872,-7.877357501991797E-6
4,130;560;781;957,7.8749515874663E-6
4,227;258;540;841,7.874071005436315E-6
4,422;636;851;888,7.861615958556663E-6
4,316;411;786;930,7.85934084549031E-6
4,28;288;591;871,-7.853903514992148E-6
4,68;250;301;973,-7.831537970954595E-6
4,282;294;427;482,7.827746758731664E-6
4,49;109;575;909,-7.826115501709086E-6
4,230;581;585;630,-7.824821260741348E-6
4,651;800;904;906,-7.819992167410486E-6
4,0;54;378;858,-7.818965435284643E-6
4,118;198;499;535,-7.815518423008265E-6
4,195;450;586;830,-7.794814105233198E-6
4,8;158;507;781,-7.782176233347552E-6
4,184;382;511;552,-7.781097975920314E-6
4,50;169;874;960,7.772654612021063E-6
4,182;221;538;967,7.74590287348784E-6
4,307;341;567;745,-7.7453188169538E-6
4,252;431;680;920,-7.738008630525161E-6
4,290;324;603;917,7.727047112453735E-6
4,153;337;489;641,-7.72275934322317E-6
4,187;329;705;742,-7.718827930273586E-6
4,242;316;525;712,-7.713859214807932E-6
4,25;179;412;693,7.707840202145669E-6
4,23;149;474;917,-7.684000564201112E-6
4,28;66;96;707,-7.658749712150081E-6
4,416;595;666;826,7.653192886010574E-6
4,155;364;441;445,7.613396330567728E-6
4,266;356;527;554,-7.590257390898192E-6
4,224;407;459;916,-7.563587092209445E-6
4,59;327;393;873,-7.560290920994476E-6
4,371;404;610;921,-7.544801157225861E-6
4,425;809;828;949,7.539566703046754E-6
4,133;208;361;891,-7.530663440103481E-6
4,572;634;899;980,-7.525156561564637E-6
4,29;153;286;641,-7.523775059102057E-6
4,8;164;450;476,-7.511224712392455E-6
4,234;594;652;701,-7.508466192525935E-6
4,122;543;663;865,-7.501116999413443E-6
4,277;284;583;837,7.493176154910724E-6
4,437;678;736;830,-7.490803808115714E-6
4,106;122;393;477,-7.480797042444882E-6
4,42;76;133;619,7.471318102712413E-6
4,222;593;661;735,7.470248197681641E-6
4,271;322;401;889,7.450832940366331E-6
4,338;404;553;929,-7.407758662130754E-6
4,299;657;700;786,-7.398206735320691E-6
4,58;431;798;924,7.392228348720068E-6
4,98;226;467;700,7.372218994001291E-6
4,30;223;925;941,7.355073124086047E-6
4,133;281;306;510,-7.353637976080907E-6
4,83;166;642;942,7.327257058515193E-6
4,75;145;416;458,-7.3135126948887E-6
4,321;475;553;935,7.286563330029427E-6
4,170;293;733;939,7.2680668517390685E-6
4,178;316;563;738,7.265538843499484E-6
4,431;680;695;920,-7.257835273608616E-6
4,595;779;875;923,7.2547985072724636E-6
4,151;275;485;664,7.244880033020971E-6
4,410;756;868;966,-7.198071124579833E-6
4,46;239;331;887,-7.163947039217564E-6
4,385;409;818;861,7.153357981905296E-6
4,142;250;493;771,7.145942040805015E-6
4,49;279;556;636,7.140871604393785E-6
4,98;268;646;881,-7.132195643368984E-6
4,17;128;513;597,-7.1289326871538E-6
4,10;35;317;864,-7.081891938277948E-6
4,525;775;810;987,7.074772914923078E-6
4,198;313;887;998,-7.074549124144462E-6
4,63;217;560;768,7.054180709075875E-6
4,485;547;583;752,7.053722769120595E-6
4,391;522;625;859,-7.044989164878682E-6
4,183;254;543;793,7.044107012542062E-6
4,257;276;920;999,7.027713361427005E-6
4,90;234;375;537,-7.022433270074156E-6
4,539;596;662;725,7.021021663258732E-6
4,50;148;206;909,6.9905537468689975E-6
4,214;454;737;968,6.980841544987474E-6
4,243;363;807;809,6.965428075297931E-6
4,525;527;634;771,6.962524486099766E-6
4,295;322;920;959,6.929116171797731E-6
4,421;713;766;989,6.9263554330881125E-6
4,237;431;762;944,-6.92103856344696E-6
4,110;446;630;795,-6.913578958590392E-6
4,182;400;464;647,6.901490531255099E-6
4,306;328;395;618,6.872254655454442E-6
4,653;673;810;913,6.871851241984153E-6
4,169;230;719;995,-6.836201080455268E-6
4,173;208;515;605,6.819677040544339E-6
4,399;613;838;878,6.818700122674687E-6
4,119;723;840;857,6.793680691850372E-6
4,62;673;775;972,6.781685140903947E-6
4,103;347;695;900,6.76599143353138E-6
4,89;152;767;890,-6.765394771488652E-6
4,197;467;938;943,6.755362547676003E-6
4,104;421;830;884,6.749194262949975E-6
4,50;586;724;971,6.737850447847922E-6
4,551;782;829;926,-6.730785715104802E-6
4,1;571;700;912,6.7259005223644396E-6
4,440;491;837;910,6.7254729947381844E-6
4,77;95;106;951,6.72415535593722E-6
4,66;187;577;900,6.723593668161308E-6
4,266;356;527;940,-6.714523477933905E-6
4,147;297;354;797,-6.712845604193215E-6
4,114;211;646;852,6.71218186492336E-6
4,523;855;902;916,6.711074242887572E-6
4,117;576;759;987,6.686686725073672E-6
4,147;226;830;933,-6.683846014756957E-6
4,327;540;755;929,-6.656996847909075E-6
4,65;178;466;519,6.655141504302065E-6
4,169;236;282;304,6.652031306949826E-6
4,80;422;779;978,6.64379705761008E-6
4,153;699;814;873,-6.618662925028603E-6
4,225;328;690;766,6.604761186294467E-6
4,336;440;459;870,6.603844632197778E-6
4,381;525;775;810,-6.595379911209419E-6
4,195;408;672;883,6.5913786131261075E-6
4,92;516;680;996,-6.578201935715921E-6
4,293;378;398;737,6.578190135579483E-6
4,136;803;933;984,-6.5730338311899836E-6
4,404;553;691;929,-6.554402268821535E-6
4,193;203;281;797,-6.5254058756144365E-6
4,93;551;629;675,-6.520677061490808E-6
4,41;483;546;989,-6.511390256982372E-6
4,267;589;677;998,-6.49759559910975E-6
4,47;69;484;623,-6.494736914275556E-6
4,70;230;910;935,6.477982377525969E-6
4,259;783;795;922,6.4779177510882955E-6
4,200;278;955;992,-6.457297610660166E-6
4,189;344;596;743,6.448907037860045E-6
4,68;143;213;933,-6.445726134823776E-6
4,27;396;514;723,-6.433876085436725E-6
4,39;75;841;881,6.428020050605811E-6
4,167;228;600;749,6.405040152794178E-6
4,334;445;634;685,-6.383793853679258E-6
4,414;461;503;555,-6.375856786615498E-6
4,473;475;553;935,6.3708633614554325E-6
4,225;328;765;766,6.294073490616017E-6
4,417;561;663;816,6.288819797430647E-6
4,9;53;231;372,-6.269753529169826E-6
4,16;71;715;745,-6.255926105012126E-6
4,116;182;221;967,6.226980767977838E-6
4,10;458;733;793,-6.225788833941745E-6
4,251;351;447;705,6.177271564710055E-6
4,532;733;858;954,6.166303086449821E-6
4,91;161;207;984,-6.130299624130555E-6
4,95;305;360;777,-6.118855060233134E-6
4,774;932;985;998,6.115901291028389E-6
4,267;277;379;512,-6.108384779231726E-6
4,68;629;768;842,-6.1074385517009595E-6
4,65;441;454;544,6.08503193936202E-6
4,22;275;485;664,6.043872893292685E-6
4,80;222;387;783,-6.0433352441025475E-6
4,146;653;673;810,6.036762747078737E-6
4,280;428;656;984,6.031341825567645E-6
4,44;51;106;661,-6.029136924716065E-6
4,506;649;709;898,6.0247617124244214E-6
4,805;857;882;947,-5.986452945794783E-6
4,304;462;611;850,5.9831118350137696E-6
4,42;136;253;373,-5.942139151589299E-6
4,16;638;644;968,-5.933106420770874E-6
4,179;299;620;837,-5.924211585794238E-6
4,479;484;889;992,5.908128266313227E-6
4,343;418;542;926,-5.903971973117736E-6
4,156;183;254;543,5.888012176918887E-6
4,279;668;826;932,-5.883953045808677E-6
4,122;280;637;652,-5.871027806195746E-6
4,131;181;199;981,-5.868800248564194E-6
4,11;550;809;920,-5.858682713642368E-6
4,186;313;466;857,-5.853075271801286E-6
4,251;743;863;887,5.841355347528908E-6
4,51;300;456;526,5.831569929631124E-6
4,99;206;683;998,-5.823072027076534E-6
4,244;316;563;738,-5.792832516401218E-6
4,90;218;285;717,5.740834336154771E-6
4,626;730;904;978,5.728168373312009E-6
4,253;270;627;666,5.7098563706807046E-6
4,4;489;676;934,5.707076896835892E-6
4,196;381;685;779,5.698336296353704E-6
4,5;185;424;817,-5.688871320444433E-6
4,16;115;231;554,-5.683356976536755E-6
4,319;669;671;991,-5.68188477223348E-6
4,272;310;743;771,5.678407189942933E-6
4,193;285;560;579,-5.678251945937816E-6
4,60;785;807;962,5.672116064364362E-6
4,749;766;874;929,-5.671888562164558E-6
4,90;156;234;375,5.6625134410467075E-6
4,238;277;737;762,5.654006584472054E-6
4,27;514;519;723,-5.6306832073532745E-6
4,720;821;950;978,5.627330196524914E-6
4,17;75;490;569,5.62376374853979E-6
4,192;359;530;592,-5.6179391755268625E-6
4,26;485;722;871,5.61739007631306E-6
4,42;86;481;756,-5.55955333011358E-6
4,157;339;556;569,-5.557233566352446E-6
4,643;861;903;914,-5.527089986247631E-6
4,373;391;529;637,-5.526024021117154E-6
4,303;381;575;667,5.525142830069395E-6
4,281;487;690;950,-5.509675605373934E-6
4,165;408;811;955,5.468263767509512E-6
4,204;482;777;909,-5.448910343513524E-6
4,56;227;831;902,5.436510387382104E-6
4,184;408;675;724,-5.423039278677669E-6
4,13;102;457;679,5.416537187605219E-6
4,92;680;814;996,5.40466148980702E-6
4,33;107;114;408,-5.39724779189052E-6
4,234;294;359;946,5.37451196857652E-6
4,329;353;410;496,-5.367565051704784E-6
4,185;415;491;750,5.3398374095887935E-6
4,259;301;540;645,-5.328821592662077E-6
4,7;19;128;514,-5.3282009910951E-6
4,11;664;927;973,-5.326916851388971E-6
4,83;720;821;950,-5.322116727339788E-6
4,45;229;700;934,5.313150225390268E-6
4,509;603;746;980,-5.286424686511658E-6
4,75;124;469;597,-5.2756371380280814E-6
4,655;782;822;938,-5.26030343534761E-6
4,99;582;802;839,-5.2601315117396795E-6
4,12;207;519;951,5.249124334771732E-6
4,86;153;181;969,-5.248843727411495E-6
4,108;455;528;566,5.233716280154437E-6
4,53;73;288;792,5.189947763428835E-6
4,296;485;640;717,-5.165656716107969E-6
4,142;160;352;447,5.1479511783572576E-6
4,129;483;546;989,-5.143596304940986E-6
4,78;338;832;891,5.137779847142321E-6
4,360;829;871;911,5.131035673245181E-6
4,34;82;222;897,-5.130970791829393E-6
4,7;301;309;390,5.120729253175902E-6
4,200;497;621;772,5.115873623556897E-6
4,81;277;550;639,5.095331118575741E-6
4,576;595;703;968,5.087285532838919E-6
4,121;469;872;966,-5.075175301858112E-6
4,80;266;788;826,-5.062634677180416E-6
4,167;237;494;906,5.061171137176576E-6
4,360;829;903;911,-5.045097090553171E-6
4,532;727;858;954,5.043084380081983E-6
4,36;207;486;697,-5.036245450204268E-6
4,4;24;62;417,-5.034061075030114E-6
4,235;442;731;761,-5.024756762974435E-6
4,20;60;681;961,-5.002632193648983E-6
4,311;366;585;672,4.984707752829554E-6
4,248;278;429;816,4.96785610745222E-6
4,415;571;609;920,-4.958582182535521E-6
4,26;115;580;838,-4.9291811183038854E-6
4,193;285;551;560,4.926933482860253E-6
4,23;338;832;891,-4.9153573608128195E-6
4,116;323;722;749,-4.9101817270586286E-6
4,30;198;711;759,-4.898865046401066E-6
4,198;629;768;842,-4.898258690134417E-6
4,45;146;343;956,4.89144429662839E-6
4,794;795;823;890,4.890547405522194E-6
4,148;602;641;792,-4.890402343125107E-6
4,573;592;867;924,4.8848481028880704E-6
4,117;494;576;759,-4.838270239061817E-6
4,67;601;814;875,-4.786553276042747E-6
4,475;686;763;780,4.7801905855605135E-6
4,44;84;803;876,4.775959407899766E-6
4,419;530;596;807,-4.764644249786555E-6
4,396;432;487;733,-4.760346228153994E-6
4,69;672;763;764,4.747423855920655E-6
4,108;455;548;566,-4.74470423935984E-6
4,111;230;793;866,4.703254999011308E-6
4,28;77;111;525,-4.690969128684726E-6
4,23;492;822;836,4.6816161322082505E-6
4,128;362;761;786,4.678431544709378E-6
4,63;81;150;693,-4.63066559161265E-6
4,113;153;155;968,4.609301981806396E-6
4,293;398;543;737,4.593920261497131E-6
4,71;412;424;616,4.575746870180971E-6
4,438;588;608;798,4.539629632650907E-6
4,475;749;763;780,4.527800628909527E-6
4,369;828;893;905,-4.510728237382779E-6
4,198;202;341;410,4.5076561588374035E-6
4,302;634;640;744,-4.483843454666188E-6
4,109;126;727;907,-4.462665539863409E-6
4,510;566;695;829,-4.4405375649345835E-6
4,281;487;690;864,-4.397366618542519E-6
4,677;785;871;903,4.383580459890062E-6
4,258;710;768;957,-4.371998572657597E-6
4,189;238;525;611,4.352207268722465E-6
4,111;395;404;898,-4.348617989325659E-6
4,156;266;327;949,4.337477813778259E-6
4,28;55;101;950,4.312408234222562E-6
4,267;472;662;931,4.298554508341018E-6
4,97;545;739;992,-4.292792194330382E-6
4,492;822;836;904,4.276941682198519E-6
4,358;407;548;781,4.2683511955936004E-6
4,89;805;857;947,4.240981210758384E-6
4,170;382;482;936,4.233269013928489E-6
4,238;277;762;842,-4.2186120096066175E-6
4,51;127;706;760,4.1875356792595475E-6
4,46;78;881;998,-4.185202394764345E-6
4,129;371;404;980,-4.1784247626000495E-6
4,406;579;827;849,-4.172008810121603E-6
4,532;699;814;873,-4.1698439293913935E-6
4,25;47;69;484,4.149600763438396E-6
4,237;557;762;944,-4.1399970007328956E-6
4,254;487;707;845,-4.1290296536170005E-6
4,506;649;709;739,4.114834761556669E-6
4,97;423;643;803,4.114226661660652E-6
4,390;502;717;978,-4.113657906850497E-6
4,310;320;535;817,4.109621598448917E-6
4,1;226;416;642,-4.094563296121713E-6
4,9;160;568;936,-4.094076113191548E-6
4,8;353;741;795,4.067051214021553E-6
4,169;240;719;995,4.066568351070777E-6
4,307;410;501;810,-4.056298414792933E-6
4,102;403;598;714,-4.041283341835979E-6
4,279;291;668;932,4.035835410981358E-6
4,159;529;531;892,-4.022795247217308E-6
4,8;203;741;795,4.011555109991294E-6
4,265;330;388;929,4.007240865714142E-6
4,71;449;489;945,3.953242993168446E-6
4,83;212;656;671,-3.926375592048753E-6
4,197;398;526;978,3.922174510037783E-6
4,303;315;584;635,3.919430325830052E-6
4,178;466;826;888,-3.919089729999683E-6
4,158;567;669;783,-3.917153923934213E-6
4,240;309;540;901,-3.904949405252031E-6
4,610;794;822;911,-3.89308784329085E-6
4,123;133;411;600,-3.862634734306341E-6
4,203;269;343;673,3.85462466537673E-6
4,156;357;425;879,-3.85339424940126E-6
4,121;348;681;883,-3.833742680531483E-6
4,226;349;466;511,3.815095434591604E-6
4,16;231;554;801,3.810156816544282E-6
4,347;545;811;940,-3.803735836466777E-6
4,405;414;868;982,-3.8036562175903544E-6
4,359;492;533;935,-3.8023636468401227E-6
4,120;173;626;634,-3.755612726952622E-6
4,587;737;778;881,-3.732329138858223E-6
4,178;548;754;838,3.7313141673500846E-6
4,67;182;371;660,3.7180303282724064E-6
4,103;151;695;900,3.7156807455623784E-6
4,23;589;648;690,3.7029519624617973E-6
4,195;450;611;830,3.6608420704586193E-6
4,0;233;295;537,3.6523350813888744E-6
4,305;352;514;525,-3.6515573479815637E-6
4,26;115;580;992,-3.6382015665390176E-6
4,28;288;871;981,3.6288048220329896E-6
4,16;71;715;965,-3.6042832730972116E-6
4,169;236;304;678,3.602663211120169E-6
4,88;689;784;823,-3.591464866302234E-6
4,2;61;338;827,3.5738307609601146E-6
4,25;60;661;768,3.5692641558066273E-6
4,222;387;414;783,-3.5647130895591975E-6
4,45;222;229;700,-3.556761724197069E-6
4,119;746;835;992,-3.550418509903258E-6
4,21;353;364;778,-3.540336486163063E-6
4,7;109;574;702,-3.533553411118575E-6
4,307;743;818;905,3.531290521713311E-6
4,344;499;819;957,-3.5108481326286344E-6
4,334;445;527;685,-3.495120491775184E-6
4,111;467;468;570,3.476698604762178E-6
4,138;139;440;788,3.4612892830381825E-6
4,34;70;207;389,3.458899415216675E-6
4,80;387;414;783,-3.4554553741575933E-6
4,257;290;324;603,3.4494575752279515E-6
4,282;346;531;987,-3.4397510229829814E-6
4,712;713;737;872,-3.427430003757913E-6
4,274;369;893;905,-3.425041471678724E-6
4,172;214;314;690,3.4248533171826643E-6
4,86;153;714;969,-3.4149238537925926E-6
4,61;67;849;855,-3.4104467228918726E-6
4,26;279;361;656,3.3990686676417284E-6
4,187;292;329;705,3.384588849550705E-6
4,311;366;622;672,3.3759984098586453E-6
4,222;593;661;693,3.3217332404631845E-6
4,107;287;877;897,3.317627587309996E-6
4,69;233;786;849,-3.290795682583676E-6
4,141;455;520;896,-3.2824541790596636E-6
4,375;446;477;732,-3.280753163772812E-6
4,166;352;642;942,3.265536268302425E-6
4,13;79;444;497,-3.2329203918943507E-6
4,92;253;471;974,3.1963381469151813E-6
4,244;250;641;733,3.174048581586413E-6
4,363;531;557;801,-3.1538210531413675E-6
4,114;157;501;572,-3.14384909927597E-6
4,28;158;432;525,-3.1369125203884325E-6
4,208;776;952;959,3.1350284863590033E-6
4,158;237;287;435,3.1324759452149786E-6
4,242;493;502;825,-3.120668539212144E-6
4,247;501;525;594,3.1105846814841536E-6
4,165;327;573;880,-3.0969162040496783E-6
4,15;60;422;809,3.0962125575890803E-6
4,65;537;874;887,3.095521518795476E-6
4,136;529;656;815,-3.056124370904835E-6
4,63;203;281;797,3.0430078287884966E-6
4,140;236;660;710,-3.0302194902949098E-6
4,202;246;425;916,-2.9938115085510926E-6
4,108;140;236;710,-2.984018898058542E-6
4,347;545;858;940,2.955148021115503E-6
4,334;445;527;634,2.9461498983539005E-6
4,450;489;509;758,-2.945131814889864E-6
4,566;571;792;874,-2.8972616630994626E-6
4,137;336;804;900,2.8770946756769972E-6
4,48;741;744;791,2.848788479839777E-6
4,14;196;377;387,-2.8394959257839366E-6
4,437;665;709;776,2.8154322616470855E-6
4,385;409;774;818,-2.810967883078802E-6
4,281;331;774;964,-2.789381819545238E-6
4,201;205;493;885,-2.7886697459673475E-6
4,68;495;670;963,-2.7761264545812133E-6
4,330;406;676;961,-2.7759507378967293E-6
4,12;29;199;494,2.7654207281795283E-6
4,579;722;776;787,-2.7585556081996254E-6
4,530;653;809;987,-2.7523966471709286E-6
4,27;72;414;959,-2.6964728673817136E-6
4,302;513;608;828,2.6641983387186464E-6
4,68;301;840;973,2.6632735851344417E-6
4,367;522;625;859,2.6604931786580987E-6
4,574;811;812;996,-2.6481570801031238E-6
4,217;237;458;869,-2.6251580175464666E-6
4,247;310;501;594,2.624334273820899E-6
4,356;527;554;940,-2.620121976810136E-6
4,196;513;546;647,-2.6169939369759324E-6
4,393;574;673;937,2.598945571072462E-6
4,67;142;711;893,2.59697352579185E-6
4,116;192;207;857,2.591658077475252E-6
4,337;400;516;791,2.5779077332043627E-6
4,69;420;607;771,2.5730472657960505E-6
4,17;75;462;569,2.564063222406179E-6
4,194;254;534;659,2.5606914403911545E-6
4,71;412;616;896,-2.55403837838011E-6
4,270;627;666;845,-2.5518486954386953E-6
4,159;368;529;892,-2.5343230831200335E-6
4,17;647;804;814,-2.5242952948352564E-6
4,363;465;597;901,-2.518049228687886E-6
4,55;123;830;887,-2.5047046974472494E-6
4,50;182;371;660,-2.4454747116587803E-6
4,293;493;779;805,2.414744334440083E-6
4,136;566;656;815,2.41100902789004E-6
4,217;237;458;640,-2.3965345271187293E-6
4,17;69;153;359,2.3957235582977786E-6
4,196;333;382;763,-2.3726364797137487E-6
4,150;628;710;724,2.366253174504604E-6
4,11;119;123;594,2.3623673387961275E-6
4,93;662;674;796,2.3399846816191013E-6
4,50;437;682;952,-2.33650825088675E-6
4,332;831;913;952,2.333877880099592E-6
4,229;288;820;841,-2.3311187612273383E-6
4,120;194;320;565,-2.3180583519541094E-6
4,48;148;373;377,2.3158266619945945E-6
4,780;861;903;914,2.298761746698089E-6
4,197;283;488;880,2.292247948465505E-6
4,188;624;861;967,-2.285752422714577E-6
4,74;217;439;971,-2.2494216928713626E-6
4,104;308;561;861,2.2462260571506945E-6
4,28;158;354;432,-2.2423372658625375E-6
4,14;605;757;971,-2.2252079904274483E-6
4,227;604;867;969,-2.2056963151575737E-6
4,446;581;639;735,2.202763520344944E-6
4,177;422;640;778,-2.155078580950178E-6
4,465;643;727;933,-2.151432989302364E-6
4,152;226;767;890,2.136121471655414E-6
4,191;201;530;547,2.1142483679351572E-6
4,127;295;322;920,-2.1088103902094474E-6
4,14;214;510;855,2.067938807002047E-6
4,184;681;815;944,2.0557921647923263E-6
4,181;602;757;886,-2.0468529358675243E-6
4,19;53;767;918,-2.043612497852107E-6
4,604;617;867;969,2.035002297876551E-6
4,368;387;443;886,-2.0327169454279308E-6
4,56;143;827;931,-2.0252527786335793E-6
4,116;358;722;749,-2.0085198865353734E-6
4,502;540;751;968,-2.0084733106449786E-6
4,50;107;169;874,2.0020453056698413E-6
4,686;747;911;928,-1.9834257115248014E-6
4,73;331;689;879,1.9633031810605344E-6
4,50;99;546;726,1.942162602724135E-6
4,97;273;613;973,1.938269608314041E-6
4,245;404;688;718,-1.9323276498889356E-6
4,217;560;734;768,-1.9293076322508366E-6
4,137;336;632;804,-1.9258065904259845E-6
4,71;632;760;965,-1.9136952582671368E-6
4,46;356;897;996,1.912694459956406E-6
4,201;262;493;885,-1.912515211258653E-6
4,181;188;546;914,1.906261212772209E-6
4,341;396;487;733,-1.9024338278114326E-6
4,201;205;262;493,-1.8972579447047131E-6
4,37;169;216;273,-1.886643171654618E-6
4,27;405;791;894,1.880049836201013E-6
4,505;773;792;963,1.8783414632401428E-6
4,98;461;738;739,1.8762815214074941E-6
4,298;367;377;841,-1.8736506224085875E-6
4,529;566;656;815,1.8589902389823527E-6
4,76;546;761;833,-1.858355795225853E-6
4,299;339;442;710,-1.831279365978239E-6
4,286;328;569;717,1.8035958137610984E-6
4,29;267;725;768,-1.7941820421573455E-6
4,177;187;690;957,-1.7829890042573085E-6
4,86;142;890;963,1.7811740777972825E-6
4,69;233;396;786,-1.7806206056060828E-6
4,89;296;510;889,-1.732804397781937E-6
4,312;888;904;927,-1.7126771042491641E-6
4,37;169;216;979,1.711563393414578E-6
4,323;339;868;889,1.6936350044513306E-6
4,474;528;950;996,1.6901267835109923E-6
4,62;673;961;972,-1.6371342330040242E-6
4,369;657;739;852,1.6342963431540543E-6
4,99;350;683;998,1.6280204424201916E-6
4,272;302;432;910,1.6263516951729313E-6
4,149;507;516;896,1.6146685044343552E-6
4,20;198;525;823,-1.6104854695033546E-6
4,180;299;657;700,1.6050294534007416E-6
4,304;446;639;735,1.6036195541632124E-6
4,331;482;590;720,1.6026611894029292E-6
4,219;658;808;910,1.5636651253672017E-6
4,375;404;420;766,1.5564434723163018E-6
4,114;211;384;646,1.5479892865160431E-6
4,204;726;794;980,1.5355398545304454E-6
4,210;832;865;938,-1.521044645206502E-6
4,12;302;573;908,-1.5056142035755824E-6
4,506;749;797;983,-1.492855249644827E-6
4,142;379;632;800,-1.489315163775682E-6
4,333;596;756;826,-1.4754170026587133E-6
4,28;55;488;950,-1.4412251706594214E-6
4,573;657;867;924,-1.436481136467299E-6
4,139;438;643;882,-1.4138244954853344E-6
4,145;268;572;949,1.3987383245949447E-6
4,17;434;513;597,1.3849927394656916E-6
4,158;595;875;923,1.3569666553611485E-6
4,402;527;566;584,-1.3538874168051926E-6
4,337;505;548;575,-1.3468393323896772E-6
4,155;364;441;632,1.342778992796414E-6
4,269;343;363;673,-1.3320393498604254E-6
4,185;415;466;491,1.2867996035996928E-6
4,134;160;296;606,-1.2693024423629484E-6
4,90;442;688;881,-1.2591588211766785E-6
4,215;496;941;986,-1.2541087640786722E-6
4,390;502;555;717,1.2474225000875493E-6
4,152;417;663;816,-1.2303466860108838E-6
4,86;153;181;714,1.2293226336131945E-6
4,138;140;611;781,1.1950728890899875E-6
4,124;591;661;888,-1.194431992942599E-6
4,31;214;221;629,1.1566340598961611E-6
4,169;398;526;978,1.130085275020676E-6
4,75;171;439;521,1.1268741594771848E-6
4,11;381;439;446,-1.097313030397673E-6
4,224;228;241;403,1.0949242841680438E-6
4,155;187;755;925,-1.0928456541130816E-6
4,86;219;311;981,1.0905658370614288E-6
4,30;447;580;914,1.0745502120688213E-6
4,302;801;892;975,-1.059053589331234E-6
4,576;678;914;956,-1.055223950325271E-6
4,251;321;600;763,1.0410829188073242E-6
4,50;724;881;971,-1.036176990165949E-6
4,172;214;314;521,1.0350524022739622E-6
4,153;236;657;890,-1.0167215346302966E-6
4,110;190;324;862,9.964572930653385E-7
4,109;126;135;907,9.904461345540336E-7
4,301;574;811;812,-9.825138761626607E-7
4,414;428;868;982,9.497521884505485E-7
4,318;610;872;933,9.346712006860145E-7
4,556;737;791;868,-9.286243984980361E-7
4,304;462;640;850,9.069083341013383E-7
4,532;727;733;954,-8.710301938499656E-7
4,120;416;626;634,-8.624641632703143E-7
4,2;790;826;975,-8.166862899878155E-7
4,346;570;629;747,-7.913524603698659E-7
4,153;155;216;968,-6.939249871589919E-7
4,11;41;496;559,6.709192002867584E-7
4,242;493;502;701,-6.708717291252394E-7
4,50;206;862;909,-6.591505290431122E-7
4,395;587;778;881,6.5729648035074E-7
4,277;703;767;964,6.497351158791901E-7
4,174;333;488;647,6.436775860754682E-7
4,11;381;439;977,-6.422475078060354E-7
4,99;140;199;547,6.30310748167627E-7
4,229;288;509;841,6.295609506501952E-7
4,224;334;344;954,-6.100901594975651E-7
4,496;675;773;792,5.604501745714967E-7
4,180;296;448;536,5.566618167084301E-7
4,318;551;610;872,-5.488843992113614E-7
4,195;408;807;883,-5.453777377162559E-7
4,650;691;891;957,-5.3797008037677E-7
4,54;174;303;887,-5.29177257834905E-7
4,211;412;783;935,-5.274256363989004E-7
4,193;360;761;951,-5.168150343460992E-7
4,307;341;567;750,-5.0243415841102E-7
4,63;217;734;768,-4.4294004635231714E-7
4,195;376;381;984,4.3870428025476887E-7
4,94;140;777;843,4.055798490391685E-7
4,45;146;343;931,-4.0348414451406997E-7
4,89;594;652;701,-3.4141292844061533E-7
4,220;307;501;810,3.38126234681279E-7
4,146;673;810;913,3.2884904143247464E-7
4,18;87;808;833,-3.1367943948421016E-7
4,44;84;803;809,3.082685371197935E-7
4,7;301;390;864,-2.873387149030411E-7
4,367;377;841;892,2.8443415702190253E-7
4,571;767;825;955,2.8045601396403663E-7
4,223;413;474;853,2.589124435236831E-7
4,300;314;381;465,2.4822103105796163E-7
4,207;512;580;961,-2.2959823159091065E-7
4,210;678;730;820,-2.2476442688064424E-7
4,317;616;775;833,-2.1129994258089342E-7
4,395;580;583;855,1.8066687858789287E-7
4,15;100;438;445,-1.4764636805611464E-7
4,332;379;684;832,7.15536070131674E-8
4,40;42;196;664,-5.825618334198701E-8
4,474;507;635;966,-5.213469997776901E-8
4,151;347;695;900,-3.979360379000735E-8
4,651;772;904;906,-2.6465794288825507E-8
5,129;156;625;902;994,-1.8186257994684717E-4
5,92;756;775;796;896,-1.681028094981197E-4
5,243;355;461;822;865,-1.5545206931694E-4
5,437;665;682;709;776,1.5005235950895618E-4
5,98;226;467;700;948,1.4777432883655687E-4
5,156;266;305;327;949,1.456416844259148E-4
5,6;202;329;684;980,-1.441071129635348E-4
5,393;525;605;630;697,-1.427293665820382E-4
5,267;277;379;451;512,1.3972239578460843E-4
5,15;100;438;445;721,1.3718196379667428E-4
5,80;379;408;566;958,1.3675864480302503E-4
5,214;391;432;538;714,-1.3512736738850134E-4
5,192;359;530;592;607,1.333135405643403E-4
5,78;130;496;674;898,-1.33263780548167E-4
5,37;169;216;273;979,1.2733860121660052E-4
5,258;410;710;768;957,-1.2694325423929747E-4
5,37;486;497;508;662,1.2687860622849446E-4
5,377;422;539;666;685,-1.257909753403799E-4
5,65;288;457;877;883,1.240985127824553E-4
5,20;31;280;805;856,1.2408070594728364E-4
5,9;160;177;568;936,-1.230734449008861E-4
5,114;211;384;646;852,-1.2299076568854858E-4
5,56;284;460;541;637,1.1964188645515947E-4
5,45;146;343;931;956,-1.1956112175173089E-4
5,260;547;598;631;725,1.1908501827918992E-4
5,64;89;307;384;731,-1.1845027478543641E-4
5,109;241;362;725;792,1.1765286870342833E-4
5,170;382;482;762;936,-1.1755192378287277E-4
5,213;371;404;610;921,-1.170621382517711E-4
5,9;77;152;209;596,-1.1696721330215901E-4
5,65;139;317;405;459,-1.1686862896824032E-4
5,59;327;393;546;873,-1.1662541048837628E-4
5,112;253;721;868;930,-1.1649415113963642E-4
5,120;484;769;920;937,1.1621831743059185E-4
5,229;288;509;820;841,1.1523655118956882E-4
5,189;344;596;698;743,1.1519052869185412E-4
5,76;533;546;761;833,-1.1307612160482544E-4
5,287;303;557;838;996,1.1263457339152584E-4
5,24;711;717;737;944,-1.1244830793260015E-4
5,103;126;184;714;917,1.1240555985460357E-4
5,122;236;691;789;942,1.1158228726361222E-4
5,14;196;377;387;738,1.1122646043450607E-4
5,178;244;316;563;738,-1.1093057546232655E-4
5,93;662;674;796;854,-1.1071817010137493E-4
5,227;604;617;867;969,-1.0973762710938224E-4
5,312;473;729;884;969,1.0913226238012771E-4
5,193;285;551;560;579,1.0868669959952151E-4
5,25;114;199;939;970,-1.0842344896264397E-4
5,8;30;158;507;781,-1.0784044364387364E-4
5,80;337;400;516;791,-1.064555769080561E-4
5,143;643;667;671;962,1.0629634314517846E-4
5,281;487;690;864;950,-1.0579101186644721E-4
5,27;337;709;711;821,1.0558519200721206E-4
5,182;306;400;464;647,-1.0464268122993754E-4
5,26;348;483;635;917,1.0395656871403946E-4
5,196;472;505;795;839,-1.0343487240513053E-4
5,113;419;505;650;900,-1.0328529932230031E-4
5,56;227;385;831;902,1.0278025140321994E-4
5,27;49;109;575;909,1.0268984569575418E-4
5,376;417;665;887;911,1.0268408718437255E-4
5,109;329;700;745;833,1.019573957129994E-4
5,84;95;305;360;777,-1.0172028999619438E-4
5,256;265;383;468;859,9.9717982427359E-5
5,162;256;289;395;891,9.914493340845913E-5
5,47;135;432;569;627,9.868328225034699E-5
5,1;156;571;700;912,9.846161991862406E-5
5,522;523;757;758;892,9.729909258210574E-5
5,224;304;369;775;787,9.729100036748042E-5
5,248;278;429;756;816,-9.637078409277534E-5
5,28;350;572;698;824,9.618635812926556E-5
5,222;287;443;500;723,9.599495581956667E-5
5,67;142;210;711;893,9.579024405149588E-5
5,107;213;295;565;975,-9.570463047881536E-5
5,6;384;427;768;777,-9.5591135819259E-5
5,280;316;411;786;930,9.538497676248628E-5
5,53;578;630;790;882,-9.496031556716533E-5
5,2;270;790;826;975,-9.454840518013503E-5
5,216;414;461;503;555,9.423649577229928E-5
5,90;442;688;790;881,-9.384391900553591E-5
5,14;35;153;518;877,9.345970232799012E-5
5,58;431;798;916;924,-9.324109686082921E-5
5,246;332;744;797;833,9.309850012418813E-5
5,153;337;404;489;641,-9.261294764687165E-5
5,17;647;730;804;814,9.2310776518089E-5
5,44;84;803;809;876,-9.22348451293687E-5
5,147;240;765;812;990,-9.17615607550772E-5
5,63;659;678;728;814,-9.173769509734549E-5
5,153;236;397;657;890,9.043791216913558E-5
5,12;41;94;299;433,9.037265386131619E-5
5,60;291;337;538;782,8.925439540377798E-5
5,367;391;522;625;859,-8.82457775672302E-5
5,34;206;242;720;960,8.798384483414372E-5
5,109;208;776;952;959,8.796837861764999E-5
5,255;373;438;764;815,-8.795016269372187E-5
5,2;202;246;425;916,8.646410649457197E-5
5,40;456;527;616;966,-8.641218832329301E-5
5,108;455;528;548;566,8.640849833030294E-5
5,161;196;335;541;734,-8.621458088933827E-5
5,130;534;659;702;984,8.590985079436913E-5
5,92;302;801;892;975,-8.590023950243538E-5
5,140;416;595;666;826,-8.529181518413612E-5
5,93;453;589;836;888,-8.523615902873729E-5
5,97;200;497;621;772,8.519515772352601E-5
5,1;2;199;530;674,-8.519111158147086E-5
5,129;300;371;404;980,-8.491569387661703E-5
5,503;550;589;875;912,8.447802905255303E-5
5,218;437;528;719;763,8.44526964648517E-5
5,179;544;742;748;849,8.433602698889957E-5
5,204;382;726;794;980,8.40684957727683E-5
5,1;226;416;619;642,8.362474370679713E-5
5,35;195;375;564;773,-8.362437429675232E-5
5,56;363;531;557;801,8.328443932824757E-5
5,286;335;360;511;689,8.320951725446434E-5
5,93;551;563;629;675,8.280213162803079E-5
5,72;172;422;612;724,-8.258272386459189E-5
5,38;343;727;809;913,8.255354175596743E-5
5,166;371;485;756;965,8.232062841342842E-5
5,343;506;749;797;983,8.217670463348304E-5
5,422;636;643;851;888,-8.166019359739585E-5
5,138;140;611;681;781,8.104008810652995E-5
5,170;640;733;882;962,8.08822138930278E-5
5,69;567;672;763;764,8.082150500511946E-5
5,158;595;779;875;923,-8.050674402770561E-5
5,80;157;384;407;494,-8.050589101581509E-5
5,2;32;35;137;860,8.041980889542868E-5
5,214;232;483;518;835,-8.035635309405371E-5
5,23;149;474;883;917,8.034197848285812E-5
5,74;115;762;834;985,8.019421557951661E-5
5,235;442;486;489;630,8.017428363045675E-5
5,222;240;396;486;697,8.00834299826179E-5
5,117;494;576;759;987,8.004421742246752E-5
5,97;215;517;651;907,-7.97789860412674E-5
5,487;602;724;754;898,-7.936466657606661E-5
5,227;306;677;726;831,7.919325201857175E-5
5,160;377;383;784;852,-7.880670669057138E-5
5,22;151;275;485;664,7.873789970815363E-5
5,109;126;135;727;907,-7.85092043305174E-5
5,1;304;524;582;883,-7.839082058785114E-5
5,116;323;358;722;749,-7.820206605395787E-5
5,117;255;338;700;956,7.806487307661718E-5
5,2;61;338;548;827,7.785295274923762E-5
5,31;275;431;471;707,-7.784695969642992E-5
5,33;289;375;500;725,7.783581247988773E-5
5,184;414;681;815;944,-7.780942484494098E-5
5,9;183;701;947;994,7.772652618005975E-5
5,50;148;206;862;909,7.762509486369076E-5
5,46;356;372;897;996,-7.754107577798805E-5
5,95;223;413;474;853,-7.723888414610017E-5
5,84;619;758;812;844,-7.719605793395158E-5
5,8;203;353;741;795,-7.708773073385196E-5
5,191;201;530;547;555,-7.686133891643716E-5
5,181;188;546;603;914,-7.683244478933401E-5
5,244;250;641;733;763,7.670080692577867E-5
5,30;198;598;711;759,-7.658106277189944E-5
5,55;123;794;830;887,-7.594283049341575E-5
5,393;680;773;827;981,7.581556463898836E-5
5,338;704;727;784;935,-7.572465518800538E-5
5,375;404;420;766;871,7.572186300789162E-5
5,283;452;651;654;958,7.557102133989895E-5
5,86;503;544;791;950,-7.547469024676548E-5
5,41;77;95;106;951,-7.508604303246489E-5
5,112;603;693;812;843,-7.487442348192504E-5
5,12;302;354;573;908,7.464281073021584E-5
5,295;542;740;783;988,7.442842867692315E-5
5,41;129;483;546;989,-7.431536697308508E-5
5,10;35;187;317;864,7.402413052373518E-5
5,34;60;82;222;897,-7.383704269634503E-5
5,37;569;633;693;718,7.359544013788658E-5
5,10;267;395;614;768,7.35379047388752E-5
5,51;127;452;706;760,7.34768356499203E-5
5,160;258;643;690;968,7.322622162953247E-5
5,41;421;476;920;951,-7.246433302715299E-5
5,11;42;76;133;619,7.237613303500394E-5
5,96;783;836;876;951,-7.227159406897541E-5
5,218;305;594;756;903,-7.213247561530997E-5
5,4;132;163;308;817,-7.176448175297002E-5
5,2;222;349;350;921,-7.158708743838966E-5
5,110;381;692;806;822,7.129701169320429E-5
5,168;353;464;639;969,7.117924512824613E-5
5,44;51;106;107;661,-7.082787216771021E-5
5,227;415;689;713;719,7.060528420839517E-5
5,159;189;569;741;892,7.051441719534904E-5
5,186;313;384;466;857,7.033495705211732E-5
5,80;193;414;468;844,-7.028747543644737E-5
5,202;228;287;596;996,-6.994116341661157E-5
5,58;278;468;738;848,-6.989652788681184E-5
5,364;397;401;883;936,6.972771078568634E-5
5,26;32;79;95;660,-6.968486493227007E-5
5,275;721;806;874;883,-6.958818005312047E-5
5,324;380;440;744;770,6.957613129841168E-5
5,278;566;623;696;771,6.951766192464752E-5
5,488;584;668;827;886,-6.951529947536553E-5
5,284;677;756;834;940,6.951211917526183E-5
5,7;301;309;390;864,-6.93900262987416E-5
5,96;319;616;846;962,-6.92425761404632E-5
5,381;525;775;810;987,-6.916020042944811E-5
5,7;498;593;748;967,6.854908037895594E-5
5,89;572;760;824;926,6.853719623971182E-5
5,156;183;254;543;793,-6.850331934080307E-5
5,211;652;805;851;919,6.811708855102598E-5
5,166;209;261;272;736,6.810811042226277E-5
5,77;251;351;447;705,-6.78488848891888E-5
5,152;417;561;663;816,6.731358106955091E-5
5,7;109;574;614;702,6.715198718569775E-5
5,210;678;730;820;890,6.704545055856163E-5
5,113;247;306;592;849,-6.681890555875927E-5
5,167;228;358;600;749,6.65439810956681E-5
5,181;189;602;757;886,-6.651393361075349E-5
5,110;408;446;630;795,6.64761665461449E-5
5,116;333;493;846;851,-6.645201928717988E-5
5,193;214;454;737;968,6.623724828680226E-5
5,69;420;518;607;771,-6.595079443654817E-5
5,462;588;612;814;831,-6.573141821311534E-5
5,407;444;456;723;965,6.551252472969071E-5
5,53;196;201;715;736,-6.537825697317986E-5
5,66;101;224;485;498,6.528237708004846E-5
5,20;275;288;423;813,6.528018422953523E-5
5,18;37;394;649;984,6.51943672245159E-5
5,98;266;581;788;928,-6.477076562882572E-5
5,17;649;715;833;866,-6.474398073437589E-5
5,271;322;401;711;889,6.472672942862655E-5
5,494;543;823;853;900,6.467765960203922E-5
5,81;277;358;550;639,-6.445781626262693E-5
5,53;107;287;877;897,-6.443514148682446E-5
5,481;603;783;876;970,-6.414478733054974E-5
5,510;659;694;755;825,-6.391707940250399E-5
5,88;276;689;784;823,6.385841896080073E-5
5,75;124;469;597;953,6.381639730375161E-5
5,92;146;223;471;847,6.372935246257409E-5
5,91;396;639;746;836,-6.37005717001768E-5
5,186;285;292;685;787,6.254322641159375E-5
5,192;598;883;905;948,6.226554951658552E-5
5,385;522;599;687;690,-6.192147338983114E-5
5,27;333;466;556;583,6.190838245268036E-5
5,98;268;603;646;881,6.190118306762732E-5
5,404;685;715;743;968,6.1767704742591E-5
5,168;735;792;952;986,6.167712667713124E-5
5,226;349;466;511;769,6.166664093887918E-5
5,104;419;530;596;807,-6.166106439066601E-5
5,626;730;901;904;978,-6.137532958026377E-5
5,276;313;613;647;688,6.127040615005056E-5
5,31;71;632;760;965,6.121592851218132E-5
5,130;560;781;957;965,-6.10756892067756E-5
5,28;288;591;871;981,-6.102577009358808E-5
5,276;696;752;788;818,6.101622327865034E-5
5,9;53;231;372;440,-6.096704427830875E-5
5,64;258;568;688;753,-6.085798151774853E-5
5,270;460;677;729;859,6.04598304963359E-5
5,399;613;838;878;934,-6.042906347116563E-5
5,8;164;450;476;852,-6.042064395774118E-5
5,323;339;868;889;989,6.032747119513725E-5
5,35;142;458;459;483,6.023814117699221E-5
5,425;743;809;828;949,6.0070489728592774E-5
5,449;485;547;583;752,5.9926679278610765E-5
5,312;526;888;904;927,-5.9879729290658835E-5
5,347;545;811;858;940,-5.9831765331157E-5
5,5;64;78;482;575,5.9667407582309635E-5
5,648;659;755;816;896,-5.9581108302943454E-5
5,62;359;543;592;900,-5.955117970118513E-5
5,145;268;463;572;949,-5.93290191096529E-5
5,187;292;329;705;742,5.901405466515772E-5
5,129;147;226;830;933,5.8949692842715824E-5
5,65;441;454;503;544,-5.8926981008456867E-5
5,135;453;572;654;811,-5.882562327385456E-5
5,321;473;475;553;935,-5.861156952016868E-5
5,196;232;513;546;647,5.847964184718945E-5
5,209;332;503;619;898,-5.826605567514433E-5
5,573;592;657;867;924,-5.8254206766454064E-5
5,163;256;551;812;995,5.800150362034189E-5
5,51;300;456;526;663,-5.7916693671438214E-5
5,326;511;780;856;910,5.7659703065380584E-5
5,620;718;817;950;976,-5.759648456465688E-5
5,104;421;732;830;884,-5.7363877517407974E-5
5,141;173;455;520;896,-5.718080877496719E-5
5,42;99;582;802;839,-5.713996968742914E-5
5,128;304;314;811;872,-5.707680373022058E-5
5,67;436;848;860;891,5.707119560725882E-5
5,62;673;775;961;972,5.702995338033349E-5
5,200;278;537;955;992,5.695769363609193E-5
5,84;85;201;242;485,5.686566100506224E-5
5,17;79;499;538;693,-5.6597905353083146E-5
5,161;168;319;453;811,-5.6500909591515556E-5
5,29;97;267;725;768,5.635197279251485E-5
5,243;401;699;705;875,5.625127058683348E-5
5,337;505;548;575;637,-5.5993106050374114E-5
5,154;202;237;325;366,5.5856186000414854E-5
5,406;579;692;827;849,5.573712844980132E-5
5,352;382;424;523;861,-5.571215975369438E-5
5,310;320;423;535;817,5.566077234829591E-5
5,11;241;490;574;757,5.544997656320442E-5
5,194;240;418;590;958,-5.533657698932761E-5
5,63;92;281;603;764,-5.5170164413987215E-5
5,99;133;463;517;677,-5.513474058831171E-5
5,112;153;459;582;598,5.495508253119161E-5
5,105;409;515;706;885,5.4861519424518875E-5
5,136;466;803;933;984,5.474286508277765E-5
5,158;358;407;548;781,-5.461685039632393E-5
5,186;240;367;441;755,-5.460214027813856E-5
5,280;505;773;792;963,5.455995360944847E-5
5,242;493;502;701;825,5.450383575229305E-5
5,158;237;287;291;435,-5.4199652839585574E-5
5,245;392;590;723;749,-5.408961775305977E-5
5,566;571;718;792;874,-5.405495647546561E-5
5,27;405;791;894;961,-5.3975142524604725E-5
5,304;446;581;639;735,5.38845393689119E-5
5,89;152;226;767;890,-5.380249099143849E-5
5,54;452;686;723;964,5.3655823418685396E-5
5,36;74;624;778;800,-5.362243846878302E-5
5,293;493;502;779;805,-5.322005844556673E-5
5,28;77;111;525;833,-5.315370849770668E-5
5,324;465;643;727;933,5.307410901608543E-5
5,261;277;399;572;853,5.303216280344812E-5
5,27;72;85;414;959,-5.28806157875021E-5
5,240;383;686;713;994,-5.247364294037278E-5
5,347;630;872;929;990,5.2390401025972465E-5
5,268;336;374;806;955,-5.227346410634682E-5
5,28;55;101;488;950,5.208914516199746E-5
5,20;198;338;525;823,-5.204352257878355E-5
5,234;296;595;785;851,-5.2018016305589416E-5
5,438;588;608;798;923,-5.188325942878243E-5
5,58;113;397;497;862,5.1784001787320296E-5
5,49;54;279;556;636,-5.177243075457301E-5
5,86;92;270;701;852,-5.1772268036496E-5
5,14;382;456;672;922,-5.1744533682234755E-5
5,556;645;737;791;868,-5.1736721637116424E-5
5,245;404;688;718;830,-5.168537129017443E-5
5,147;297;354;797;821,-5.1380502239862525E-5
5,28;66;96;552;707,5.1344394535404E-5
5,79;116;192;207;857,5.127695022302063E-5
5,68;173;495;670;963,-5.1209963060008535E-5
5,277;284;334;583;837,5.111165401652022E-5
5,432;703;709;812;890,-5.0601744467611966E-5
5,124;302;513;608;828,-5.054659986774471E-5
5,169;236;282;304;678,5.0496863579563165E-5
5,361;396;426;880;980,-5.047724932412802E-5
5,249;327;540;755;929,-5.0388536810382325E-5
5,299;496;533;740;947,5.036020817930968E-5
5,85;225;230;378;518,-5.008940713058815E-5
5,392;459;715;800;918,4.9711783162141785E-5
5,5;185;228;424;817,-4.956670968019024E-5
5,12;207;519;715;951,4.946402941992649E-5
5,32;181;394;541;856,-4.938587407160568E-5
5,160;367;376;380;532,4.9297499858817457E-5
5,18;82;176;558;659,-4.8952073322200824E-5
5,448;622;740;796;867,-4.889921389930108E-5
5,335;571;767;825;955,4.886663809162599E-5
5,159;368;529;531;892,4.8813630108209027E-5
5,26;47;664;725;959,-4.8767992039936495E-5
5,23;589;648;690;696,-4.867620076153963E-5
5,264;675;725;816;876,-4.861864522085675E-5
5,196;381;685;749;779,4.8488291893183825E-5
5,12;29;75;199;494,-4.83550142760036E-5
5,209;362;368;393;669,4.833111707826581E-5
5,224;228;241;403;777,-4.8252791165111125E-5
5,116;167;706;753;889,-4.812059837676482E-5
5,53;73;288;792;945,4.807467687935633E-5
5,32;109;241;448;754,4.798617055717462E-5
5,203;269;343;363;673,-4.7882282602424196E-5
5,126;331;773;851;954,4.781633589817895E-5
5,259;331;482;590;720,4.756923309775673E-5
5,80;222;387;414;783,4.723555493518543E-5
5,14;409;484;519;882,4.70818310541886E-5
5,90;218;285;717;889,4.7034381374701E-5
5,282;284;299;451;787,-4.6870052010458254E-5
5,437;678;699;736;830,4.6823819164970525E-5
5,104;175;267;325;704,4.675225795747555E-5
5,80;587;773;820;987,4.6634227173730376E-5
5,267;343;451;801;867,4.656771264514819E-5
5,219;306;577;921;976,4.654494507723011E-5
5,99;234;551;568;882,-4.6450448030547115E-5
5,42;86;453;481;756,4.637783629344954E-5
5,127;150;268;360;486,-4.6351026239281564E-5
5,113;153;155;216;968,4.6289735974107846E-5
5,2;93;364;773;975,-4.613770206194458E-5
5,56;118;198;499;535,-4.578816497576179E-5
5,98;458;461;738;739,-4.575919999137464E-5
5,188;285;341;449;469,-4.56211247904438E-5
5,378;790;813;901;904,4.5565144491647266E-5
5,266;356;527;554;940,4.548810633926147E-5
5,133;340;443;610;967,4.5283305434880336E-5
5,272;310;533;743;771,-4.510704985489036E-5
5,154;305;393;703;935,4.4957822780804436E-5
5,83;170;212;656;671,-4.486925341335309E-5
5,314;390;426;663;695,4.477651722753017E-5
5,68;145;779;833;898,-4.468794965323893E-5
5,86;120;315;665;670,4.465667114202214E-5
5,655;779;782;822;938,4.4631129172612826E-5
5,43;336;683;708;971,4.461323420193846E-5
5,131;181;199;408;981,4.457850565338055E-5
5,75;166;171;439;521,4.445183500708715E-5
5,135;210;832;865;938,-4.439088300812839E-5
5,230;476;581;585;630,-4.43206456190512E-5
5,178;250;589;639;965,4.430410593731564E-5
5,11;261;813;910;988,-4.427338564526136E-5
5,130;401;456;518;927,-4.4223957014611296E-5
5,22;122;437;703;749,-4.4021904851599475E-5
5,532;727;733;858;954,4.385933814137692E-5
5,172;214;314;521;690,4.3847772196161305E-5
5,40;51;149;265;660,4.382584800021676E-5
5,346;657;856;880;986,-4.3787938755378906E-5
5,217;237;458;640;869,-4.359541921500249E-5
5,124;453;591;661;888,4.357266623556298E-5
5,158;317;400;431;866,-4.347443210134018E-5
5,128;476;529;667;834,-4.336473255654667E-5
5,373;391;529;637;755,-4.321014655888866E-5
5,383;479;484;889;992,4.3119432728230146E-5
5,74;217;439;917;971,4.283845492628684E-5
5,280;428;656;839;984,4.281626877037668E-5
5,412;539;596;662;725,4.2757593274533596E-5
5,0;34;54;378;858,4.2735099961495756E-5
5,26;279;343;361;656,-4.231011551935715E-5
5,133;407;461;615;901,4.214251256249134E-5
5,237;277;703;767;964,4.206474164361267E-5
5,146;653;673;810;913,-4.197001647053407E-5
5,53;222;713;753;838,-4.1933859878365675E-5
5,91;208;453;626;958,4.190066682349745E-5
5,11;119;123;594;687,-4.186091987640385E-5
5,239;303;456;532;709,-4.1818335482549386E-5
5,70;230;569;910;935,4.173466749312259E-5
5,562;567;716;738;803,4.157652174922286E-5
5,26;485;722;808;871,-4.1482262865028735E-5
5,97;545;617;739;992,4.1478880098651344E-5
5,171;524;555;591;764,-4.1470467465918664E-5
5,219;496;675;773;792,4.140353833012958E-5
5,245;307;743;818;905,4.136557926625932E-5
5,474;610;794;822;911,-4.1356067612390426E-5
5,335;410;756;868;966,4.1211372214335555E-5
5,33;93;308;372;834,-4.1103460017619066E-5
5,142;160;352;447;983,-4.0843695510474024E-5
5,33;107;114;408;672,4.063869941668724E-5
5,74;180;379;599;973,4.060945791859842E-5
5,111;230;631;793;866,-4.058986280402717E-5
5,50;67;182;371;660,-4.0556729673769624E-5
5,141;353;588;715;887,4.052204596094004E-5
5,137;363;682;743;805,4.052037602955044E-5
5,26;115;580;838;992,-4.0479726216791384E-5
5,368;387;443;841;886,4.030591447986441E-5
5,293;378;398;543;737,4.019828441952754E-5
5,222;593;661;693;735,-4.0124801391513104E-5
5,27;363;465;597;901,-3.9984907163529106E-5
5,139;438;643;828;882,3.996642203750989E-5
5,188;624;861;967;996,3.979859324781236E-5
5,26;745;748;766;835,3.9668789861626294E-5
5,216;269;541;751;830,-3.958281927804315E-5
5,276;749;766;874;929,3.941497815868849E-5
5,150;508;539;552;898,-3.9405521411383673E-5
5,257;269;276;920;999,-3.924058540592984E-5
5,14;312;676;710;778,3.91319011601851E-5
5,89;244;327;374;984,3.912438451242609E-5
5,415;571;609;910;920,3.911881749990235E-5
5,171;199;304;447;752,3.8918019695008186E-5
5,284;437;678;928;932,-3.891671551785811E-5
5,104;440;605;635;716,-3.887733518684157E-5
5,73;331;397;689;879,3.8755806374625483E-5
5,178;192;548;754;838,3.87190189128505E-5
5,83;166;352;642;942,-3.8511077060386105E-5
5,73;179;615;825;999,3.8506868665915234E-5
5,121;336;348;681;883,3.8341893774102286E-5
5,116;269;631;847;928,3.819997539779379E-5
5,18;87;526;808;833,-3.818053801799544E-5
5,68;96;140;217;359,-3.814879185565285E-5
5,544;549;770;775;805,-3.8100687112905606E-5
5,45;94;402;494;769,-3.8062436376966276E-5
5,52;419;420;444;522,3.765150652409215E-5
5,307;341;567;745;750,3.7575843440882924E-5
5,156;177;265;658;770,-3.753648780392324E-5
5,116;182;221;538;967,-3.744557699069892E-5
5,16;115;231;554;801,3.740383965936577E-5
5,39;458;603;676;874,3.7386341913451955E-5
5,198;202;341;410;910,3.734084054170077E-5
5,46;239;331;456;887,-3.7229239318059285E-5
5,68;250;301;840;973,-3.720445165379822E-5
5,25;47;69;484;623,-3.710965884832214E-5
5,207;470;512;580;961,3.706673342902747E-5
5,6;355;407;617;936,-3.69892724265017E-5
5,127;148;604;964;993,3.6920892380947964E-5
5,235;442;487;731;761,3.686605081674183E-5
5,14;69;167;821;860,-3.6713780208558606E-5
5,195;450;586;611;830,-3.6601169669980076E-5
5,227;258;540;606;841,-3.659518941249082E-5
5,161;224;407;459;916,3.653823499456857E-5
5,162;168;478;588;598,3.648443894191843E-5
5,359;443;492;533;935,-3.645535826451897E-5
5,228;522;626;673;813,-3.644631572824477E-5
5,134;160;296;378;606,-3.636556926910003E-5
5,43;92;114;531;598,-3.6297084567434816E-5
5,46;218;405;673;928,-3.623220115336812E-5
5,149;507;516;769;896,-3.6212491346592175E-5
5,163;445;474;786;794,-3.6197043805301054E-5
5,111;160;562;583;866,-3.619014885289297E-5
5,150;380;628;710;724,-3.607398315520058E-5
5,133;281;306;510;726,-3.607026620933226E-5
5,97;423;622;643;803,3.5777821134173094E-5
5,122;604;660;721;792,-3.56874104086607E-5
5,266;300;314;381;465,-3.562918059436926E-5
5,279;391;442;462;986,-3.55858583812328E-5
5,71;449;489;945;994,3.558096381441499E-5
5,269;365;564;767;900,-3.540962290817182E-5
5,291;321;381;452;706,-3.537536982275404E-5
5,82;292;602;789;798,3.5294549747100115E-5
5,46;225;495;574;980,-3.507160976018654E-5
5,40;42;196;579;664,-3.506928336855344E-5
5,48;716;741;744;791,-3.500575395066925E-5
5,128;362;605;761;786,3.4976739216734705E-5
5,45;157;260;552;832,-3.469160327027172E-5
5,651;772;800;904;906,-3.467238667051593E-5
5,39;75;841;881;988,3.462921032815651E-5
5,121;299;469;872;966,-3.4519382795436055E-5
5,65;187;193;511;750,-3.4327307609112477E-5
5,76;386;436;493;983,-3.427706392160846E-5
5,14;327;605;757;971,3.42370344767015E-5
5,178;221;466;826;888,3.414416159435722E-5
5,223;330;414;525;999,-3.364115205064616E-5
5,394;790;866;878;982,-3.353576064261594E-5
5,318;551;610;872;933,-3.35002979305813E-5
5,47;118;222;524;637,3.346375956396845E-5
5,120;194;320;565;902,3.3377489565786946E-5
5,88;322;467;487;636,-3.3312330534598656E-5
5,123;148;396;705;789,-3.3276927712432196E-5
5,84;125;354;731;863,-3.3245252407373605E-5
5,302;406;634;640;744,-3.3181829542988554E-5
5,133;208;230;361;891,3.317091131467952E-5
5,194;254;534;545;659,-3.3069295776320704E-5
5,11;550;745;809;920,3.300920815284451E-5
5,120;173;416;626;634,3.2946609053907825E-5
5,191;575;639;873;913,-3.294118698083855E-5
5,242;316;525;712;990,-3.2873669552349784E-5
5,480;551;782;829;926,-3.278664618034262E-5
5,33;212;363;534;552,-3.278163279985352E-5
5,110;134;164;284;497,3.262886479369858E-5
5,0;4;20;181;323,-3.258803763964141E-5
5,99;319;682;758;761,3.254802959441974E-5
5,420;461;520;651;809,3.251336831682559E-5
5,63;81;150;627;693,3.2201782586726276E-5
5,4;222;489;676;934,3.213202152262677E-5
5,421;713;766;818;989,3.183159852887078E-5
5,380;502;540;751;968,3.178650767760243E-5
5,92;516;680;814;996,-3.177655632629356E-5
5,166;233;438;441;860,-3.1749114505938935E-5
5,196;209;275;577;832,-3.1616004228706087E-5
5,111;145;395;404;898,3.15761438821641E-5
5,13;79;362;444;497,-3.1467839047814885E-5
5,104;308;561;634;861,-3.1377645050363514E-5
5,130;219;759;866;914,3.132953435824709E-5
5,204;427;482;777;909,3.1165219116821615E-5
5,211;246;673;845;906,-3.114677965362573E-5
5,195;408;672;807;883,-3.1075545279268654E-5
5,260;461;498;697;808,3.095379611792879E-5
5,198;553;689;795;976,3.093164433073496E-5
5,328;712;713;737;872,-3.0854887244436144E-5
5,314;331;452;593;625,-3.0846098821370706E-5
5,194;345;436;563;953,-3.0837592965603644E-5
5,76;133;524;617;934,-3.080110309052439E-5
5,18;304;741;885;965,-3.079464378357474E-5
5,282;573;793;836;920,-3.059566034912082E-5
5,196;209;531;793;862,-3.0571065580701496E-5
5,278;344;450;486;803,3.0467688715821337E-5
5,87;248;535;892;938,3.0386230493692753E-5
5,142;379;444;632;800,-3.0345031705511912E-5
5,338;404;553;691;929,3.021165943357094E-5
5,579;722;776;787;872,-3.0184127580325913E-5
5,360;829;871;903;911,3.018016240113301E-5
5,298;367;377;841;892,-3.013622716649752E-5
5,63;217;560;734;768,3.009204738908521E-5
5,53;156;365;670;997,3.008356984843774E-5
5,106;282;481;483;601,-2.9912116008407437E-5
5,170;201;293;733;939,2.9743796235768653E-5
5,3;725;821;884;982,2.958057722151168E-5
5,86;153;181;714;969,2.9502765157452477E-5
5,179;379;421;628;869,-2.949359270112113E-5
5,405;414;428;868;982,2.9477676181205374E-5
5,45;222;229;700;934,2.936395206775459E-5
5,165;327;374;573;880,-2.9274104544708815E-5
5,303;367;624;757;826,2.9177428269926086E-5
5,127;300;435;465;716,2.913898370682243E-5
5,30;146;216;589;704,2.9043606695370692E-5
5,53;144;301;324;352,2.8727083891031672E-5
5,194;343;468;710;773,2.865266599168441E-5
5,195;376;381;918;984,2.8578265509525962E-5
5,373;619;677;745;947,-2.848597819539867E-5
5,17;38;201;951;988,2.8481615791445193E-5
5,39;77;313;732;748,-2.8400430065779253E-5
5,165;408;811;947;955,-2.8387378842082655E-5
5,148;602;641;728;792,2.8378538341163377E-5
5,89;234;594;652;701,2.820670552065634E-5
5,184;408;675;711;724,2.8184122605646884E-5
5,118;286;845;876;945,-2.7929128298455467E-5
5,272;302;432;910;938,-2.7818246184150868E-5
5,15;474;507;635;966,-2.7628104216681343E-5
5,12;264;480;555;872,2.752690371644816E-5
5,106;312;492;681;939,-2.751047610666214E-5
5,10;337;537;585;911,2.745091785208258E-5
5,122;572;587;638;782,2.74495679078816E-5
5,131;223;468;472;878,-2.7396634006635122E-5
5,68;198;629;768;842,-2.730581917567038E-5
5,48;146;184;337;510,2.729626372162329E-5
5,25;60;661;768;910,2.7276017234340194E-5
5,440;720;759;846;935,-2.7214836573839503E-5
5,63;193;203;281;797,-2.7161555266864873E-5
5,304;462;611;640;850,2.7125976465641677E-5
5,229;299;339;442;710,-2.7075575078107284E-5
5,38;104;256;366;858,-2.6932925262804727E-5
5,257;290;324;603;917,2.6648521686658363E-5
5,303;315;584;635;658,2.6633980666837968E-5
5,65;537;611;874;887,2.6611581077238315E-5
5,25;179;194;412;693,-2.657188212127449E-5
5,97;273;304;613;973,-2.6570305447661763E-5
5,509;530;603;746;980,2.6536616926951962E-5
5,48;148;373;377;618,-2.653220466922353E-5
5,27;396;514;519;723,2.6504416374463305E-5
5,13;102;457;679;950,-2.6389660010436262E-5
5,238;258;655;924;980,2.634441145913751E-5
5,512;650;691;891;957,-2.6234843092414933E-5
5,153;532;699;814;873,-2.6141756776381154E-5
5,83;436;570;674;969,-2.6071170619334462E-5
5,193;201;715;747;794,-2.59699614452494E-5
5,264;286;431;562;593,-2.5927963120015728E-5
5,98;216;402;769;945,-2.5917492401161E-5
5,171;229;577;832;925,-2.5889941837970843E-5
5,90;149;208;437;499,-2.5751646218431195E-5
5,614;728;759;908;984,-2.5671729974507783E-5
5,91;238;405;451;820,2.5583855418512753E-5
5,171;197;451;499;803,-2.5469110021901498E-5
5,448;637;781;821;902,2.543883122044731E-5
5,20;60;375;681;961,-2.5324189187191216E-5
5,130;319;669;671;991,-2.523820760144975E-5
5,421;439;602;623;815,-2.5101898314168107E-5
5,66;187;247;577;900,-2.5066998338938784E-5
5,99;156;300;450;504,-2.5024801133751677E-5
5,301;364;387;434;799,-2.493840131974059E-5
5,97;140;268;899;956,-2.483320911835504E-5
5,125;317;616;775;833,2.479616159400209E-5
5,101;342;355;624;733,2.476043925030829E-5
5,67;168;609;669;721,-2.4726059970123692E-5
5,137;324;364;617;794,2.4667951297809945E-5
5,122;280;637;652;779,2.4380910878531263E-5
5,98;576;678;914;956,-2.431435717164122E-5
5,43;550;562;612;881,2.407441856046071E-5
5,282;346;531;668;987,2.4073542216754715E-5
5,221;429;446;611;993,-2.390746335524399E-5
5,189;238;525;611;672,-2.388493946826516E-5
5,590;698;710;873;897,-2.3840110111301125E-5
5,318;645;689;824;876,-2.3775857031694732E-5
5,79;284;634;701;717,2.3756361624673363E-5
5,191;599;698;920;923,2.3743516126879458E-5
5,179;293;299;620;837,2.366657255976938E-5
5,387;450;886;915;917,2.3549055124715872E-5
5,221;411;559;585;987,-2.3477242493752338E-5
5,133;177;422;640;778,-2.342938096628308E-5
5,228;363;404;636;937,-2.326610844244588E-5
5,100;118;258;390;420,-2.3220540334877276E-5
5,31;214;221;629;793,-2.307292280190898E-5
5,200;250;620;882;884,-2.30210741951577E-5
5,81;141;594;626;917,-2.300343971798003E-5
5,177;377;412;430;495,2.296540384745658E-5
5,71;181;351;536;648,2.2895815607012365E-5
5,99;206;350;683;998,-2.2803657246877113E-5
5,179;255;498;791;985,2.2678321421159815E-5
5,103;377;718;842;895,-2.2441560886004096E-5
5,60;582;792;925;977,-2.2290372708863326E-5
5,0;373;511;763;960,-2.2229740196689396E-5
5,376;451;707;730;980,2.2157214871419466E-5
5,335;393;396;785;930,-2.1909677322118866E-5
5,67;601;814;871;875,-2.1724498881363473E-5
5,71;173;208;515;605,-2.125065090842911E-5
5,140;261;303;556;761,-2.1113680573776113E-5
5,227;362;441;494;751,2.10838054468555E-5
5,87;575;578;675;917,2.105570264861454E-5
5,138;139;318;440;788,-2.087557371548216E-5
5,42;475;913;961;962,-2.0721400497128412E-5
5,80;677;690;877;994,-2.0707942408754245E-5
5,453;660;765;820;949,2.067290899663259E-5
5,172;621;783;936;966,-2.0655718908250253E-5
5,523;769;855;902;916,-2.062388447143489E-5
5,228;301;314;652;860,-2.0596429424843033E-5
5,163;219;220;512;649,-2.0569952688328477E-5
5,525;527;634;771;867,-2.037309949003693E-5
5,120;184;369;392;465,2.0354839230784278E-5
5,343;418;542;918;926,-2.0221990413113252E-5
5,56;143;808;827;931,2.0220526242368844E-5
5,204;210;626;888;971,2.0176976368498066E-5
5,117;192;277;471;818,2.0149829876017745E-5
5,122;605;665;753;799,-1.9992234073604915E-5
5,346;570;629;671;747,-1.992069931858437E-5
5,61;67;721;849;855,1.9806369960906382E-5
5,49;158;355;374;447,-1.9660159106605805E-5
5,385;409;774;818;861,1.9646486618477052E-5
5,34;202;401;408;789,-1.950933844212217E-5
5,94;140;523;777;843,-1.924499394112507E-5
5,36;207;220;486;697,1.9226149406411747E-5
5,55;59;195;345;634,1.9145462906620205E-5
5,198;199;313;887;998,-1.9098307123280545E-5
5,186;254;368;476;515,-1.8997012072514156E-5
5,126;470;694;740;989,-1.8965406693416966E-5
5,155;364;441;445;632,1.8932446817733476E-5
5,393;574;673;901;937,1.892967746903139E-5
5,89;805;857;882;947,-1.8868532108569605E-5
5,265;330;388;469;929,-1.8853886863556498E-5
5,198;432;550;677;943,1.8810080047766726E-5
5,83;96;288;572;633,-1.8786162312181178E-5
5,128;435;701;860;947,-1.8758781313017294E-5
5,92;477;551;699;982,1.8751504655649772E-5
5,65;178;466;519;843,1.8705493125350908E-5
5,29;244;370;495;683,-1.869443278629763E-5
5,267;589;677;874;998,1.8651327697398454E-5
5,185;415;466;491;750,-1.864300599413621E-5
5,97;438;582;720;772,-1.8380947135767954E-5
5,99;233;242;528;615,1.8360423168718088E-5
5,491;511;550;580;862,-1.8356097788478587E-5
5,50;107;169;874;960,1.8155707279180744E-5
5,48;76;643;689;913,1.8112210449228877E-5
5,282;306;383;667;919,-1.806878816710879E-5
5,72;397;557;565;640,1.8054279618617042E-5
5,80;422;724;779;978,1.8029831617554835E-5
5,23;492;822;836;904,1.787792802162495E-5
5,277;357;585;674;920,-1.784827962411607E-5
5,187;280;546;687;847,1.773411757164293E-5
5,333;341;411;526;881,-1.7722572199017586E-5
5,201;215;496;941;986,-1.7701529330083135E-5
5,87;392;558;706;899,1.752822044009331E-5
5,311;670;720;807;839,1.747054605099667E-5
5,234;294;359;946;996,-1.7415860859322082E-5
5,133;177;370;481;637,1.736721667684247E-5
5,132;686;747;911;928,1.7358034684821698E-5
5,219;246;658;808;910,-1.7335275790755514E-5
5,30;223;725;925;941,1.725822570488882E-5
5,433;715;716;834;903,1.723884824970116E-5
5,136;396;682;835;963,1.7224936702503506E-5
5,307;426;799;826;900,-1.7152959490817806E-5
5,251;321;600;695;763,-1.705231943382602E-5
5,119;238;723;840;857,1.700512848941753E-5
5,35;208;261;451;881,1.7003043054240982E-5
5,211;378;526;744;790,1.693781219970363E-5
5,154;222;230;241;316,-1.6937138892160157E-5
5,643;780;861;903;914,1.693271885715989E-5
5,69;233;396;786;849,-1.6921005644183372E-5
5,440;491;837;910;929,-1.68206924898145E-5
5,142;188;250;493;771,-1.680296708316638E-5
5,237;431;557;762;944,1.6770383894395704E-5
5,157;300;339;556;569,-1.67242745539346E-5
5,68;143;213;625;933,1.669380651244393E-5
5,16;71;715;745;965,1.6689807534423556E-5
5,30;394;584;689;863,1.6627822749742205E-5
5,181;342;501;620;684,-1.6493690327511364E-5
5,169;230;240;719;995,1.6389613994562013E-5
5,50;437;682;855;952,-1.6362883506272435E-5
5,41;258;557;659;765,-1.6359947783688067E-5
5,119;746;835;968;992,1.6320487455874374E-5
5,165;246;627;683;906,-1.629428540515883E-5
5,86;219;311;643;981,1.626966142503987E-5
5,40;158;340;387;653,-1.603397830287995E-5
5,197;467;520;938;943,1.603024125008267E-5
5,86;142;252;890;963,1.5917151126897435E-5
5,88;100;259;664;930,1.5874370647057257E-5
5,296;633;815;870;889,-1.5587487531632705E-5
5,42;136;212;253;373,-1.550118689002519E-5
5,136;529;566;656;815,1.5345665089711796E-5
5,116;498;851;858;995,1.5336171749611762E-5
5,197;283;488;811;880,1.5247038748775025E-5
5,114;157;340;501;572,1.5236172202143559E-5
5,156;357;425;879;916,1.52125666417323E-5
5,54;79;515;627;983,1.515287907172695E-5
5,242;415;571;670;999,-1.503199209653329E-5
5,80;266;531;788;826,1.4933695744135871E-5
5,332;582;831;913;952,1.4826349112934942E-5
5,137;336;632;804;900,1.4764181537990117E-5
5,148;500;642;803;906,-1.4741433611339744E-5
5,25;642;688;696;744,-1.4730556959130018E-5
5,172;239;351;476;497,-1.4723212669365011E-5
5,267;472;609;662;931,1.4705998783505914E-5
5,250;408;549;666;966,1.4620326752683581E-5
5,227;509;715;896;949,1.4535887541323539E-5
5,201;205;262;493;885,1.4479552594673363E-5
5,329;353;410;496;770,1.4470002089187847E-5
5,17;69;123;153;359,-1.4449493676681652E-5
5,81;253;363;735;896,1.444894552835489E-5
5,220;326;332;368;424,-1.422078550372698E-5
5,249;376;395;525;572,-1.4104469382872194E-5
5,154;295;645;895;979,-1.4055244219303448E-5
5,253;270;627;666;845,1.3881149984563128E-5
5,277;430;628;695;974,-1.3789696541462466E-5
5,19;53;291;767;918,-1.3787047903819309E-5
5,341;396;432;487;733,-1.3699173848228067E-5
5,484;517;563;648;773,-1.369168684308748E-5
5,250;315;587;788;964,1.3612568669748016E-5
5,110;190;324;616;862,1.3582288109876203E-5
5,332;379;684;722;832,-1.3568100014234373E-5
5,40;60;230;342;343,-1.3218564790696739E-5
5,5;227;740;971;995,-1.3144777295294797E-5
5,232;249;288;332;400,1.313033827658821E-5
5,147;654;872;944;979,-1.307038319342431E-5
5,102;403;598;600;714,-1.2993497723022291E-5
5,271;495;532;792;950,1.2950882185338003E-5
5,236;239;787;807;845,1.29319170437933E-5
5,344;499;770;819;957,-1.2910200005477847E-5
5,118;491;658;910;931,1.2809815959082469E-5
5,220;307;410;501;810,-1.2786849545953448E-5
5,68;87;94;576;903,-1.2769492117623755E-5
5,204;221;499;933;964,-1.2763628915388146E-5
5,34;70;192;207;389,-1.2751639153967442E-5
5,395;464;647;919;934,1.2719441360704013E-5
5,14;214;510;616;855,-1.2707763843942645E-5
5,390;502;555;717;978,1.2598133328530474E-5
5,153;360;607;793;914,1.2561799791240267E-5
5,224;334;344;517;954,1.2525581516043587E-5
5,247;310;501;525;594,1.2471364441156076E-5
5,44;108;504;524;675,1.240023880963452E-5
5,176;462;547;689;814,-1.2357752225942272E-5
5,2;61;267;279;871,-1.2332128035656934E-5
5,333;596;686;756;826,-1.2313821613177143E-5
5,507;578;799;945;965,-1.2265380397375017E-5
5,15;96;627;655;883,-1.2119227139378697E-5
5,174;533;558;701;837,1.1957603508679569E-5
5,180;296;448;536;613,1.1947322099346333E-5
5,451;729;820;867;924,1.1940946875917898E-5
5,117;128;191;203;547,1.190696578655897E-5
5,16;417;713;849;956,-1.1879112549141435E-5
5,364;640;807;842;878,-1.1711414110419833E-5
5,301;574;811;812;996,1.1530630114027809E-5
5,372;517;606;758;881,-1.1498732631942801E-5
5,624;729;819;931;955,1.1437334416286066E-5
5,582;767;891;894;999,-1.1389370025865448E-5
5,68;161;541;791;796,-1.1372575334341069E-5
5,225;328;690;765;766,-1.1309662628503706E-5
5,111;266;467;468;570,1.1127013546058925E-5
5,177;187;690;757;957,1.1107898912674432E-5
5,92;253;471;622;974,-1.1091509257924966E-5
5,5;245;732;915;978,1.1015898718230871E-5
5,506;649;709;739;898,-1.0911785827228814E-5
5,75;325;549;822;978,1.084907881255163E-5
5,177;323;403;772;819,-1.0825628297173109E-5
5,259;331;783;795;922,1.0653384059603193E-5
5,63;120;279;328;966,-1.0463807122502893E-5
5,6;219;288;468;847,-1.0451330534350015E-5
5,325;677;785;871;903,1.0385545616859214E-5
5,273;463;544;653;805,-1.0342358307083983E-5
5,326;491;639;745;978,1.0216062915977024E-5
5,23;78;338;832;891,-1.0103565276443079E-5
5,53;375;446;477;732,-1.008972325903058E-5
5,169;459;632;708;943,-1.0040694647108835E-5
5,296;400;485;640;717,1.0008144826246881E-5
5,360;556;679;839;990,-9.786898033053393E-6
5,492;599;666;837;997,9.69993139551293E-6
5,31;255;285;373;894,-9.426074774985644E-6
5,282;774;932;985;998,9.419358060455726E-6
5,282;294;427;482;625,-9.320838238275575E-6
5,64;278;645;853;958,-9.210609790246748E-6
5,24;154;632;640;967,-9.094663976016846E-6
5,131;336;440;459;870,9.055597682819764E-6
5,205;231;913;915;949,-9.002133947015395E-6
5,244;286;328;569;717,8.994985312317336E-6
5,60;369;657;739;852,-8.932002645776043E-6
5,7;19;128;403;514,8.854808586519967E-6
5,75;145;416;458;502,8.772689386505086E-6
5,382;675;742;893;980,8.76744834528169E-6
5,117;287;495;650;991,-8.443051381877235E-6
5,713;719;793;851;997,-8.407854285613476E-6
5,4;109;262;739;753,-8.398115471414079E-6
5,158;567;669;783;912,8.349587878526843E-6
5,117;271;402;780;887,-8.344846063177824E-6
5,92;273;589;813;821,8.331872577456979E-6
5,120;307;341;535;921,-8.288589681598423E-6
5,92;450;489;509;758,-8.189944595974008E-6
5,83;395;580;583;855,-8.180395487472354E-6
5,1;225;269;338;708,-8.123622101396013E-6
5,552;559;605;658;872,-8.114095859048567E-6
5,298;331;427;586;787,-8.105214178206203E-6
5,296;399;407;618;888,-8.011082816277736E-6
5,17;75;462;490;569,-8.001548866143477E-6
5,17;128;434;513;597,-7.97448692284565E-6
5,18;346;862;868;877,-7.970936816520912E-6
5,551;553;571;797;922,-7.96649853723681E-6
5,10;299;458;733;793,7.92680689288354E-6
5,143;601;742;770;990,-7.912185410604677E-6
5,11;459;664;927;973,7.84546479468604E-6
5,94;211;412;783;935,-7.698475837760458E-6
5,305;352;514;525;774,-7.680844620211801E-6
5,94;352;373;400;651,7.6152147130112425E-6
5,193;360;364;761;951,7.577367185944192E-6
5,163;322;403;596;828,7.517328915839158E-6
5,19;211;578;703;996,7.422752338020301E-6
5,119;191;290;611;637,-7.41639037557158E-6
5,234;251;743;863;887,-7.386579225243182E-6
5,16;101;182;388;891,7.384528124040439E-6
5,279;291;668;826;932,-7.34234643865447E-6
5,467;474;528;950;996,7.18683288127419E-6
5,231;550;680;761;765,7.156766686414455E-6
5,102;257;485;695;929,-7.128289891000856E-6
5,572;634;899;949;980,7.121329099355409E-6
5,81;306;307;623;728,7.0843131150085494E-6
5,183;199;320;504;955,-7.047486335955651E-6
5,395;587;737;778;881,-6.965100192671061E-6
5,19;134;212;276;897,6.867378941478649E-6
5,51;167;237;494;906,6.842395121746826E-6
5,147;219;818;919;933,6.838902180807561E-6
5,280;411;423;561;674,-6.8307825476427585E-6
5,96;118;372;383;775,6.813514290365905E-6
5,99;168;219;616;909,6.740553284895021E-6
5,25;422;738;831;832,6.718939505707154E-6
5,46;78;628;881;998,6.672369825730818E-6
5,165;303;381;575;667,-6.343001558340399E-6
5,252;431;680;695;920,6.254964284268357E-6
5,220;283;500;527;568,-6.231206076615828E-6
5,186;258;573;616;699,5.998062314117241E-6
5,71;412;424;616;896,5.979461960746984E-6
5,94;105;128;524;832,-5.759609447078994E-6
5,16;376;638;644;968,5.734792967294563E-6
5,103;151;347;695;900,5.5784400551797505E-6
5,106;168;220;401;518,-5.549339840740144E-6
5,11;248;592;967;997,-5.506606420707168E-6
5,83;720;821;950;978,-5.448841963977623E-6
5,186;440;640;752;981,5.405067654259004E-6
5,238;277;737;762;842,5.3322899741979135E-6
5,356;517;600;640;713,5.259201411718872E-6
5,50;586;724;881;971,-5.201083168973178E-6
5,155;187;199;755;925,5.195242798149234E-6
5,6;36;298;375;756,5.003659957008275E-6
5,25;143;201;349;863,4.9560722187579756E-6
5,313;366;561;615;785,4.8223466264621724E-6
5,165;211;283;858;889,-4.76119800637137E-6
5,28;158;354;432;525,-4.6726286041775186E-6
5,105;312;790;885;975,4.583968703431956E-6
5,38;47;220;522;680,4.54848864369355E-6
5,96;209;441;462;949,4.4136174361156E-6
5,278;315;565;640;796,4.264288034224677E-6
5,106;122;393;477;747,4.153940272120782E-6
5,180;299;657;700;786,-4.1442224961729255E-6
5,108;140;236;660;710,4.0517738609524915E-6
5,243;363;775;807;809,-4.0281363643589054E-6
5,682;714;879;919;969,-3.91277203162196E-6
5,17;168;562;673;898,3.909014371491878E-6
5,13;59;109;327;498,-3.8207919093648655E-6
5,182;306;328;395;618,-3.7922265475297604E-6
5,90;156;234;375;537,-3.7602192870591252E-6
5,184;321;382;511;552,-3.6712412270275657E-6
5,198;295;423;693;921,3.6548387422171634E-6
5,195;394;421;466;839,3.6022833557861483E-6
5,399;510;564;632;753,3.550087704740454E-6
5,30;38;447;580;914,3.5349346294860952E-6
5,94;592;635;844;970,3.445990403024547E-6
5,101;292;685;766;804,-3.392489177844911E-6
5,49;64;427;586;859,3.3822191668462578E-6
5,156;371;782;910;943,3.379672029913114E-6
5,123;133;411;600;679,3.2370720683855167E-6
5,402;425;527;566;584,3.2131410718202263E-6
5,274;369;828;893;905,3.2093495433776384E-6
5,315;785;789;826;944,3.1611232277339064E-6
5,281;331;740;774;964,3.1247759985452013E-6
5,445;794;795;823;890,-3.0148890416178513E-6
5,4;192;545;966;976,3.001419089247826E-6
5,514;576;595;703;968,-2.9850578191029793E-6
5,122;543;619;663;865,2.9382718767268986E-6
5,99;140;199;423;547,2.910536591143077E-6
5,1;370;670;754;945,2.8945387469313417E-6
5,161;389;601;641;967,2.8507173426629978E-6
5,510;566;695;711;829,-2.7653209289622736E-6
5,86;164;212;396;478,2.7587116992540613E-6
5,69;634;734;824;931,-2.749869801350911E-6
5,174;333;488;647;993,-2.675258074839343E-6
5,54;174;303;457;887,-2.6699905116564643E-6
5,196;333;382;763;988,2.6125053973387983E-6
5,259;301;540;645;683,-2.5508625694202377E-6
5,245;379;796;901;957,2.51123859220697E-6
5,21;353;364;778;989,-2.442882344129999E-6
5,240;309;540;815;901,2.4102794793491243E-6
5,414;491;616;896;984,2.370555433152219E-6
5,11;41;496;559;690,-2.3495116676377144E-6
5,105;170;171;551;942,2.328737173699344E-6
5,65;327;589;875;879,2.274103198041031E-6
5,86;404;439;464;953,-2.1692159297042774E-6
5,127;295;322;920;959,2.108878245000872E-6
5,11;381;439;446;977,-2.0608539647120687E-6
5,475;686;749;763;780,-2.018564433070642E-6
5,334;445;527;634;685,1.934009132522053E-6
5,15;60;422;809;970,-1.7187151435357936E-6
5,50;99;228;546;726,1.6601068144288974E-6
5,159;366;679;749;872,-1.5701815881498695E-6
5,216;349;713;910;987,1.479987952132264E-6
5,291;497;659;896;976,1.3437111014367557E-6
5,4;24;62;73;417,1.3381395712702033E-6
5,91;161;207;509;984,-1.3096203031772342E-6
5,124;389;480;900;932,1.2407625356619588E-6
5,0;233;295;344;537,-1.2027929352946415E-6
5,435;601;631;781;846,-1.1408708344492098E-6
5,178;185;499;698;937,-9.749743322831627E-7
5,70;530;653;809;987,-7.523520389943403E-7
5,89;296;299;510;889,-6.881589187411469E-7
5,54;145;768;879;971,-6.53090776469422E-7
5,57;182;342;352;355,6.002336471336161E-7
5,311;366;585;622;672,5.465774464062865E-7
5,169;197;398;526;978,5.158950051610198E-7
5,160;254;487;707;845,-4.289091572716314E-7
5,60;534;785;807;962,3.6367973446064725E-7
5,182;421;576;760;968,-2.798699609808525E-7
5,330;406;437;676;961,-2.7724644831329806E-7
5,137;297;410;425;773,-2.268419053774347E-7
5,29;153;286;305;641,1.4171057230126516E-7
5,193;199;249;263;950,-8.87666349615665E-8
5,294;384;386;548;760,-6.347977956861622E-8
5,53;108;385;412;484,-1.3020330068676256E-8
