order,indices,coefficient
0,,0.5093375390414651
1,570,-7.366244547418426E-4
1,485,6.836273008088081E-4
1,120,-6.22701185934619E-4
1,251,5.910181616942321E-4
1,130,-5.776421811398453E-4
1,923,-5.221397267817611E-4
1,558,5.17544030305168E-4
1,622,-5.075951806712907E-4
1,416,4.989342603893013E-4
1,126,4.8408030598583884E-4
1,746,-4.6597893455211764E-4
1,700,-4.6180540789282805E-4
1,851,-4.594107456587066E-4
1,826,4.5900372184763617E-4
1,69,-4.4478642820720414E-4
1,842,-4.3976880190717927E-4
1,686,4.3270839889552926E-4
1,536,-4.2729286991830933E-4
1,324,-4.054417373672941E-4
1,635,-4.052343313354933E-4
1,337,-4.019614035098713E-4
1,873,4.019119649038405E-4
1,144,-4.016753805234523E-4
1,166,4.016717301631107E-4
1,682,4.0062551303480176E-4
1,103,3.9992562374557627E-4
1,663,-3.959667161255174E-4
1,88,-3.9557018042547034E-4
1,90,3.9554082710441854E-4
1,459,-3.945326251557987E-4
1,149,3.928022170127201E-4
1,799,-3.926227373883618E-4
1,511,3.9224141346457425E-4
1,475,-3.8878770969509016E-4
1,935,3.876404737908429E-4
1,801,3.829450612665186E-4
1,557,3.8002806138276083E-4
1,185,-3.72446054003042E-4
1,489,-3.722343172662078E-4
1,929,-3.7221574346303345E-4
1,414,-3.719912760946884E-4
1,835,3.713248293104759E-4
1,858,-3.6944185648531065E-4
1,450,3.6827293783476433E-4
1,143,3.671368275036912E-4
1,312,3.635648331135769E-4
1,566,3.631957852982134E-4
1,31,3.622636066134226E-4
1,492,3.618606603103468E-4
1,540,-3.6091956226531744E-4
1,889,3.605442988533268E-4
1,294,3.5919878241467073E-4
1,639,-3.551157725342886E-4
1,287,-3.535906593900937E-4
1,805,-3.501040819601513E-4
1,456,3.475154060394211E-4
1,142,3.401232328564988E-4
1,280,-3.3882814148856165E-4
1,464,3.3639363337401783E-4
1,76,-3.343522878729491E-4
1,830,3.318447020579414E-4
1,435,-3.3050420824335807E-4
1,340,-3.286217812204921E-4
1,151,3.271138964791493E-4
1,421,-3.250283089045223E-4
1,988,3.2434661295798676E-4
1,297,3.230749821822939E-4
1,112,-3.2021037744483615E-4
1,546,3.1968887254411643E-4
1,963,-3.1913299971316546E-4
1,773,-3.1876342773400274E-4
1,146,3.176488686070513E-4
1,921,3.163896177019678E-4
1,396,-3.125774124492608E-4
1,983,-3.120871152241952E-4
1,87,3.106479103609961E-4
1,344,-3.1047009057702345E-4
1,928,-3.1031337078560436E-4
1,352,-3.0972755486209094E-4
1,848,-3.093856045430421E-4
1,469,3.091958377101253E-4
1,748,-3.087893238096E-4
1,625,3.0732132564568755E-4
1,846,3.051473713542911E-4
1,117,3.0471407918294713E-4
1,942,-3.03711872764691E-4
1,705,3.034568366738433E-4
1,510,3.028141748285841E-4
1,993,3.027915551787919E-4
1,949,-3.023602541708931E-4
1,603,3.014794599786146E-4
1,793,-3.0083759048284137E-4
1,881,-2.9814702908966277E-4
1,915,2.973362047142493E-4
1,812,2.9725221887372076E-4
1,727,2.965903666336814E-4
1,349,-2.955195043715223E-4
1,282,-2.947482301261181E-4
1,959,2.918990777737097E-4
1,315,-2.917187320777542E-4
1,562,-2.9101035863031026E-4
1,275,-2.9094923387779065E-4
1,256,-2.90840736014636E-4
1,976,-2.906271162903587E-4
1,169,-2.8870882314293314E-4
1,728,2.8750433663543595E-4
1,691,-2.864758391291834E-4
1,448,-2.8617997459082955E-4
1,5,2.8497924826257313E-4
1,683,-2.8495469754941035E-4
1,247,2.8451854573715386E-4
1,493,2.8431706012644497E-4
1,379,2.8403776002926907E-4
1,274,2.8142276190154666E-4
1,267,2.8001018454312397E-4
1,567,2.799931936287158E-4
1,796,2.796380971339512E-4
1,383,2.796238076053086E-4
1,900,-2.7641311667406465E-4
1,451,2.7635285446526796E-4
1,358,2.7609365764456797E-4
1,604,2.756938513049325E-4
1,695,-2.748782103246229E-4
1,869,2.748561323374024E-4
1,200,-2.745848718301325E-4
1,225,-2.737667832455929E-4
1,234,2.7323171358306484E-4
1,764,-2.726410034376558E-4
1,486,2.721250100713775E-4
1,952,2.711768140007526E-4
1,637,-2.677858404841189E-4
1,565,-2.673634334424012E-4
1,363,2.6688892288634044E-4
1,694,-2.667606607764718E-4
1,591,-2.6605031543417454E-4
1,554,2.645567813921116E-4
1,472,2.6329813888722195E-4
1,106,-2.623065187553213E-4
1,644,2.622217505898194E-4
1,334,2.609752753471368E-4
1,770,-2.6095214272686863E-4
1,654,-2.6066374321916596E-4
1,199,2.598520697957839E-4
1,292,2.5975091964675236E-4
1,698,2.596964151349786E-4
1,623,-2.583854331174046E-4
1,735,2.5719912289272074E-4
1,673,-2.5687140184931564E-4
1,288,-2.548647760509086E-4
1,440,2.5478329797060193E-4
1,235,-2.547828219622848E-4
1,714,2.546970051082043E-4
1,943,2.540925862241243E-4
1,936,-2.5402295674465823E-4
1,26,2.5401927140856085E-4
1,278,-2.5321284786201763E-4
1,53,-2.5274795379917945E-4
1,752,2.5272536805089654E-4
1,575,2.512303455069883E-4
1,348,2.510097059180904E-4
1,56,2.5033889065791397E-4
1,405,-2.482787072151079E-4
1,596,-2.4803308627411387E-4
1,61,2.478644238556199E-4
1,989,-2.476683774900308E-4
1,258,2.4716412754343276E-4
1,642,-2.471163655443639E-4
1,366,2.465585752136475E-4
1,418,-2.464558795408528E-4
1,525,-2.4637957260360637E-4
1,158,-2.462359345043443E-4
1,650,2.459207957417851E-4
1,246,2.4561807418863036E-4
1,311,-2.4556990982975294E-4
1,737,-2.455588783151862E-4
1,271,-2.449618653769769E-4
1,750,2.4467024503504504E-4
1,981,-2.441261696576263E-4
1,55,2.4323166646106939E-4
1,849,-2.4321377161173107E-4
1,819,-2.4307959751476905E-4
1,932,2.429989640249095E-4
1,910,2.4178141948555441E-4
1,517,2.415015007368094E-4
1,855,2.4149575642366556E-4
1,839,-2.4131385885770197E-4
1,14,-2.412779877055094E-4
1,495,-2.4072283734275356E-4
1,93,-2.3961859578170935E-4
1,595,-2.39245384169914E-4
1,658,-2.387420548800979E-4
1,833,-2.386002820505141E-4
1,439,-2.3851446966971157E-4
1,67,2.3836925181094492E-4
1,107,-2.382853597769054E-4
1,886,2.3827861030779668E-4
1,780,-2.3807164018370733E-4
1,813,2.3734720354212413E-4
1,940,-2.372604317070969E-4
1,201,-2.3585623248119136E-4
1,790,-2.3445695083800059E-4
1,223,2.3441845087800072E-4
1,441,2.336326117356603E-4
1,488,-2.3328834378119376E-4
1,11,2.3185264594329874E-4
1,716,-2.316654623886971E-4
1,717,-2.310213426003784E-4
1,232,-2.3027672343294952E-4
1,266,-2.2961029556776906E-4
1,884,-2.2952712399276634E-4
1,480,-2.2867339471459565E-4
1,978,2.2834194617412713E-4
1,446,-2.2770857836313903E-4
1,941,2.2634269709617878E-4
1,115,-2.256039006618819E-4
1,29,-2.2479067098713813E-4
1,437,-2.2464587801570627E-4
1,628,2.2417486126995347E-4
1,253,2.2376998499370841E-4
1,606,2.236373127148885E-4
1,176,-2.2305442315571724E-4
1,16,2.2302180235240438E-4
1,615,-2.229586844837564E-4
1,807,-2.22509993232131E-4
1,259,-2.2204265522889587E-4
1,388,2.2170294326044943E-4
1,786,2.2138569026791005E-4
1,939,-2.200370193381509E-4
1,904,-2.1996394010872578E-4
1,882,-2.1990685959932322E-4
1,930,2.1945960272359323E-4
1,643,2.192093225051001E-4
1,585,-2.180573399174478E-4
1,647,-2.174427458616829E-4
1,521,-2.161316883904077E-4
1,309,-2.1581935150708403E-4
1,345,2.1430362376889995E-4
1,321,2.142471792512064E-4
1,156,-2.1391094415112264E-4
1,119,2.137139744277365E-4
1,4,2.1192565279378372E-4
1,99,-2.1074053015157857E-4
1,217,-2.1023070851079623E-4
1,233,2.0971703158027233E-4
1,374,-2.0962686554682744E-4
1,590,-2.093992724361163E-4
1,386,2.0765659939117015E-4
1,629,2.0723674040225336E-4
1,361,-2.0694607740379478E-4
1,706,-2.066063322102242E-4
1,283,2.060990662552384E-4
1,160,-2.0562616734917308E-4
1,927,2.0528984260379283E-4
1,391,-2.051920187594415E-4
1,54,2.044463069546905E-4
1,506,2.0438214983140824E-4
1,715,2.0359508328203786E-4
1,167,-2.033767050530767E-4
1,524,-2.0322411689643294E-4
1,216,-2.0276807611563813E-4
1,438,-2.0246149175744948E-4
1,535,-2.0216000633254235E-4
1,666,2.0041337164854398E-4
1,3,1.9928426867229157E-4
1,27,-1.9770191714030548E-4
1,229,1.9717845121536865E-4
1,933,-1.9649303847064003E-4
1,520,-1.9575944604115076E-4
1,57,-1.9540026794822235E-4
1,674,1.9448747558634553E-4
1,763,1.943936064423915E-4
1,496,-1.942680842053693E-4
1,325,1.932045865485671E-4
1,397,-1.9298088217773197E-4
1,598,-1.9290872632924744E-4
1,108,1.9274010592924378E-4
1,747,-1.9245509805168793E-4
1,894,1.9222252111512547E-4
1,264,-1.9218157310090683E-4
1,422,1.9175526946530982E-4
1,219,1.9170915046985614E-4
1,135,-1.9163792583377492E-4
1,755,-1.912952385824439E-4
1,610,-1.9079311837577468E-4
1,600,-1.9011151341041831E-4
1,802,1.8923407654263205E-4
1,594,1.8801573438866163E-4
1,208,1.8723655571181984E-4
1,70,1.8720496604616877E-4
1,338,1.8590096787434146E-4
1,47,-1.8559768659628568E-4
1,35,1.852824635865328E-4
1,994,1.8512042681421008E-4
1,863,1.847278198982616E-4
1,633,1.8437218003233765E-4
1,85,1.8430824263672047E-4
1,152,1.8400190389201065E-4
1,834,-1.839522309078216E-4
1,751,1.8352987140348768E-4
1,380,1.8287928938553522E-4
1,356,-1.8278182625045068E-4
1,584,-1.8254236964680216E-4
1,367,1.8204245656486918E-4
1,539,-1.8152924953729338E-4
1,543,-1.8148453618955086E-4
1,931,1.8059351598868152E-4
1,548,1.798931225106013E-4
1,262,-1.789353969191131E-4
1,743,1.7867931444661127E-4
1,592,1.7854395568456377E-4
1,442,-1.780247155305147E-4
1,953,-1.7762476138281149E-4
1,822,1.7724758932838002E-4
1,777,-1.772079262360769E-4
1,328,1.7709796767708218E-4
1,756,1.767348336614194E-4
1,186,1.7627061441216437E-4
1,137,-1.7567068835307447E-4
1,257,-1.7563234593139781E-4
1,841,1.751916405216313E-4
1,64,-1.7479915755147383E-4
1,692,-1.747127698525195E-4
1,973,-1.7444992658785025E-4
1,809,-1.7394517488677566E-4
1,504,-1.734751358205054E-4
1,341,1.730732785816187E-4
1,697,1.7304854849004966E-4
1,845,1.7276079145489207E-4
1,859,-1.724316424895631E-4
1,452,-1.7138564549618718E-4
1,640,-1.7135995447231862E-4
1,965,-1.7084879485751707E-4
1,960,-1.7052067683645083E-4
1,964,1.7013636677502448E-4
1,342,1.6969968230167798E-4
1,494,-1.6943209528953257E-4
1,891,-1.6919167579298718E-4
1,745,-1.6907459066272269E-4
1,59,1.688471905583666E-4
1,385,-1.6882247137704848E-4
1,513,-1.684366136846452E-4
1,564,1.6818995380553668E-4
1,58,1.6797669538597145E-4
1,662,-1.6773731035319678E-4
1,938,1.6770862515731378E-4
1,991,-1.6646853272385645E-4
1,664,1.6440244398278043E-4
1,420,-1.632238486148045E-4
1,65,-1.63085492505144E-4
1,608,-1.6270502269050407E-4
1,392,-1.6238079890998195E-4
1,968,-1.6169431316903288E-4
1,155,-1.616243544198702E-4
1,621,-1.6142569468562115E-4
1,649,-1.6092895197007673E-4
1,937,1.5987195121205806E-4
1,681,1.5984299057015755E-4
1,248,1.59507027115181E-4
1,912,1.5940114858896203E-4
1,141,1.5937311844025853E-4
1,419,-1.5858563920349172E-4
1,154,1.5805237627309888E-4
1,381,1.578731424202875E-4
1,816,1.5771557008334474E-4
1,678,1.5756767506198115E-4
1,561,1.5743052994008386E-4
1,518,-1.5657890131205168E-4
1,407,-1.5527146958828114E-4
1,426,-1.544337623036719E-4
1,648,-1.5432348403908924E-4
1,175,-1.5431980332492712E-4
1,183,1.5365784512488064E-4
1,986,-1.5363871730637805E-4
1,370,-1.536233516935201E-4
1,783,1.5353927989367205E-4
1,304,-1.530905643143109E-4
1,505,-1.5282037000007858E-4
1,740,1.5253674828781639E-4
1,347,-1.521922881735266E-4
1,599,-1.5136507067610626E-4
1,296,1.5102234505849572E-4
1,917,1.5071503577377164E-4
1,433,-1.5036001019281685E-4
1,241,1.5029832524962345E-4
1,458,1.5014157430945938E-4
1,213,1.4917270817237893E-4
1,574,-1.486350491523321E-4
1,100,-1.4851854620836724E-4
1,79,1.484348938009143E-4
1,284,1.4838245759849145E-4
1,680,1.4805150486601565E-4
1,532,-1.4782654945607996E-4
1,310,-1.4754643739063478E-4
1,778,1.4736748563937618E-4
1,207,1.4736732503281541E-4
1,847,-1.467387514153693E-4
1,971,1.462509301965926E-4
1,17,1.4622877571199267E-4
1,473,1.442824473445979E-4
1,375,-1.441993133477814E-4
1,432,1.4391193610863298E-4
1,555,1.4366898729406124E-4
1,653,1.428004817053624E-4
1,269,-1.4248977993124327E-4
1,767,1.4186979612931648E-4
1,534,1.4186430562392283E-4
1,454,-1.4175809516860162E-4
1,509,1.415966659531013E-4
1,403,1.4154611871442096E-4
1,908,-1.4135434089260963E-4
1,984,-1.4109046321516392E-4
1,353,-1.4077881116310155E-4
1,516,1.406251230651407E-4
1,810,-1.4048859974483203E-4
1,785,1.4040977272647697E-4
1,202,1.4033194913908983E-4
1,512,-1.392856536439513E-4
1,354,1.392685717418521E-4
1,192,1.3867300921285657E-4
1,712,-1.3831677621164708E-4
1,804,1.3828299698858483E-4
1,934,1.3788895928741542E-4
1,215,-1.3756170286215947E-4
1,181,1.3715883877671276E-4
1,645,-1.369417369261754E-4
1,519,1.3679583382127648E-4
1,94,-1.366296096793458E-4
1,413,-1.3609776631992406E-4
1,9,1.355096410215947E-4
1,82,-1.3526344067444658E-4
1,102,-1.3522454943301268E-4
1,481,1.349040949605661E-4
1,249,1.3485262088998288E-4
1,279,1.3441956643548805E-4
1,868,1.3431891370242077E-4
1,96,-1.342541856844332E-4
1,660,-1.3405686982209176E-4
1,197,-1.339324736453288E-4
1,854,1.337987816418123E-4
1,319,-1.3351899812045405E-4
1,901,-1.3315242726256576E-4
1,914,-1.3301319477403457E-4
1,836,-1.328138049169781E-4
1,299,1.324977772946645E-4
1,260,-1.320801306598935E-4
1,50,1.3167216745268068E-4
1,427,-1.3046706305774335E-4
1,34,1.302371386809214E-4
1,178,1.2994647010782735E-4
1,188,-1.2961209259654928E-4
1,95,-1.2937073836200805E-4
1,393,-1.291784817470443E-4
1,765,1.2909992115206275E-4
1,996,1.2900523362853174E-4
1,371,-1.2891925943095257E-4
1,265,-1.2890427652599367E-4
1,632,-1.287681057606942E-4
1,72,1.2874425026750938E-4
1,193,-1.2853597701344586E-4
1,457,-1.2823040231246474E-4
1,733,1.2808465459893326E-4
1,110,-1.2805388986585986E-4
1,838,1.2783936860913189E-4
1,132,-1.2614010156037847E-4
1,32,-1.2545898716651306E-4
1,617,1.2467276325728638E-4
1,641,1.2437178586228287E-4
1,24,-1.2396813770761364E-4
1,226,-1.2370064319151207E-4
1,424,-1.233616411792722E-4
1,552,-1.2306481550701802E-4
1,331,1.2278933992842075E-4
1,568,-1.2177732008156806E-4
1,772,-1.2080516060160221E-4
1,672,1.2060103451752798E-4
1,614,-1.2007859593304336E-4
1,958,1.1985295647861569E-4
1,661,1.1955174665046928E-4
1,955,-1.192346943340655E-4
1,703,1.1866700541054469E-4
1,317,-1.1852404216056321E-4
1,45,-1.1849481105240829E-4
1,86,-1.1842404832535423E-4
1,878,-1.1841326814589774E-4
1,395,1.1828566137635804E-4
1,428,-1.1689672389315245E-4
1,445,1.1614575199378718E-4
1,285,-1.159401543106836E-4
1,795,-1.1547879949409854E-4
1,797,1.1463013663838312E-4
1,725,1.1458315564000037E-4
1,209,1.1433636932240188E-4
1,364,-1.1309354452276818E-4
1,724,-1.130664675692546E-4
1,711,1.1295978952746142E-4
1,7,-1.1290828639756464E-4
1,742,-1.1262172739108265E-4
1,298,-1.1171931062119981E-4
1,470,1.1169557999380828E-4
1,925,-1.1147638708065334E-4
1,696,-1.1052354583637397E-4
1,73,-1.1048568096672552E-4
1,669,1.0972579309575014E-4
1,30,1.0940686259381666E-4
1,277,-1.0929066267412524E-4
1,350,-1.0891677152197452E-4
1,63,-1.0870464169323206E-4
1,91,1.0831652560581443E-4
1,372,1.0808456415982787E-4
1,136,1.0800937242433658E-4
1,722,-1.0787999246574613E-4
1,431,1.0778536783764794E-4
1,890,1.0772393621353485E-4
1,634,1.0770377304070082E-4
1,920,1.072471037980954E-4
1,741,1.0680770891151232E-4
1,153,-1.0671245305948623E-4
1,430,1.0645332936083458E-4
1,995,-1.062418588302454E-4
1,533,1.0620945756794129E-4
1,739,-1.0616603027947209E-4
1,579,-1.0575322273690843E-4
1,449,-1.051109589185435E-4
1,529,-1.0479124781766237E-4
1,542,1.0461137635817561E-4
1,28,1.0427925893934557E-4
1,408,-1.0396059340120955E-4
1,51,1.0351622588611265E-4
1,71,-1.0341269822042378E-4
1,861,-1.0330301534271651E-4
1,205,1.0304070108564767E-4
1,758,1.0282644994307491E-4
1,527,1.0231428655942258E-4
1,62,1.0212148707817179E-4
1,498,-1.0174969857023041E-4
1,15,-1.0164328705398149E-4
1,302,-1.010288671915909E-4
1,463,-1.0083225720430134E-4
1,360,1.0036621048043494E-4
1,892,1.0020744899134654E-4
1,272,-1.0017811546526921E-4
1,784,1.0000362392300577E-4
1,109,-9.97751940122193E-5
1,982,9.97230548405111E-5
1,214,-9.970181954228844E-5
1,831,-9.93184461066339E-5
1,147,-9.922249514521622E-5
1,754,-9.883570507314729E-5
1,412,-9.874729491750433E-5
1,837,9.869262815070682E-5
1,612,9.860097319770866E-5
1,768,9.812491301752485E-5
1,977,-9.811427448420039E-5
1,862,9.81088824780489E-5
1,551,-9.804805060392577E-5
1,83,-9.785025241589252E-5
1,874,-9.784785984425033E-5
1,865,-9.783151778562367E-5
1,571,9.767364351168622E-5
1,734,9.759244878410754E-5
1,500,-9.755394737773054E-5
1,597,-9.713065625983131E-5
1,159,-9.676949282752545E-5
1,721,-9.65740525567375E-5
1,182,9.633987611247803E-5
1,573,-9.632903374282046E-5
1,871,-9.609157940211369E-5
1,677,-9.579119381450144E-5
1,326,-9.558386087841103E-5
1,719,9.555363438404865E-5
1,402,9.528556982643253E-5
1,556,-9.51879197619719E-5
1,212,-9.516376702561977E-5
1,588,9.513484376197746E-5
1,261,-9.5103393344401E-5
1,531,9.48772271513141E-5
1,228,9.441063747199376E-5
1,172,9.406413871270755E-5
1,42,9.397620108813738E-5
1,13,9.340359752287687E-5
1,196,-9.311606904577648E-5
1,624,-9.28233667826331E-5
1,134,9.22971305807553E-5
1,184,-9.2047988263017E-5
1,924,9.149319650869937E-5
1,593,-9.104361961246717E-5
1,689,9.103740480280978E-5
1,291,9.083861618912591E-5
1,39,-9.070006681784154E-5
1,753,-9.059176887604711E-5
1,25,8.990315460247722E-5
1,131,8.975936390511706E-5
1,502,-8.974939130249697E-5
1,867,8.914178422767246E-5
1,766,-8.854438037674225E-5
1,946,-8.852272291738911E-5
1,125,8.829095538288006E-5
1,423,-8.767196386402418E-5
1,665,-8.700393180386506E-5
1,553,8.696703014642652E-5
1,148,8.667010252617819E-5
1,300,-8.65722644658934E-5
1,605,-8.646811742633603E-5
1,74,-8.645196161001976E-5
1,250,8.636221299579117E-5
1,528,-8.6068063122335E-5
1,180,-8.551779057156104E-5
1,853,-8.51803988315279E-5
1,713,8.49115037232418E-5
1,462,8.470275913673349E-5
1,171,-8.429366464407112E-5
1,293,8.41276107481969E-5
1,305,8.4056846186066E-5
1,572,-8.39976536801621E-5
1,465,8.385374313366402E-5
1,877,8.36791629445643E-5
1,729,8.36203387423173E-5
1,693,-8.342708901114536E-5
1,210,8.311607403115436E-5
1,731,-8.296321449580512E-5
1,477,8.228131226188644E-5
1,507,8.175060067975764E-5
1,105,-8.164338235730839E-5
1,41,8.158924971965699E-5
1,514,-8.12493947797709E-5
1,237,8.0821186758524E-5
1,774,8.061019389639722E-5
1,701,7.989061837309487E-5
1,101,7.968797951794223E-5
1,811,7.925702630780071E-5
1,803,-7.906603359189472E-5
1,926,-7.835817759298414E-5
1,415,7.826593230099271E-5
1,951,7.810885246715622E-5
1,239,7.805054465361331E-5
1,856,-7.796123744271434E-5
1,704,7.795857890545306E-5
1,569,7.767757622226593E-5
1,659,7.757601729413442E-5
1,122,-7.748242114520561E-5
1,303,7.747406216829505E-5
1,343,7.716007985900487E-5
1,667,7.712226137736104E-5
1,872,7.701381099972669E-5
1,165,7.697424983742652E-5
1,23,7.6926245069103E-5
1,46,-7.675099041353724E-5
1,798,7.665818723942076E-5
1,545,-7.663610868445239E-5
1,916,-7.635388918399753E-5
1,111,-7.61156886011693E-5
1,710,-7.567124560758475E-5
1,359,-7.52040354668696E-5
1,827,7.49672755238998E-5
1,902,7.427856366064744E-5
1,252,-7.39647617184644E-5
1,794,-7.369627771022529E-5
1,313,-7.362763601577982E-5
1,301,7.336082775111898E-5
1,850,7.33048959908779E-5
1,999,-7.302042638498056E-5
1,68,-7.301578112094343E-5
1,814,7.276821914132343E-5
1,376,-7.274008657459424E-5
1,685,7.256784878099776E-5
1,757,7.238913030107375E-5
1,730,-7.220604422899936E-5
1,582,-7.214957203328979E-5
1,177,7.205277548168354E-5
1,220,7.161524878195272E-5
1,885,-7.151228207721897E-5
1,538,-7.090799390820261E-5
1,609,7.086453386883878E-5
1,295,7.060531320565532E-5
1,222,7.049276600621414E-5
1,21,6.999910612385827E-5
1,231,-6.995392289967536E-5
1,355,-6.994564739315842E-5
1,602,-6.948746591743952E-5
1,913,6.923948752327917E-5
1,377,-6.916621451763346E-5
1,77,6.903651092281676E-5
1,443,6.894719418770291E-5
1,92,6.888218079989725E-5
1,670,6.838447126323171E-5
1,410,-6.800759055266722E-5
1,626,6.789460003941167E-5
1,577,-6.749948011466405E-5
1,684,6.723259058251443E-5
1,656,-6.722985264661918E-5
1,707,6.715466878055787E-5
1,417,-6.699598583985514E-5
1,821,-6.660225382378843E-5
1,550,-6.645516989315105E-5
1,268,6.639159114837478E-5
1,36,-6.625265076766458E-5
1,578,6.561417383834063E-5
1,708,-6.56047347032011E-5
1,224,-6.55944411353853E-5
1,75,6.556077065648656E-5
1,320,6.547468319808074E-5
1,187,-6.546817131853625E-5
1,1,-6.546528042308029E-5
1,668,-6.485138045346732E-5
1,436,6.455854391024039E-5
1,243,-6.407179322076941E-5
1,800,6.405905186670008E-5
1,12,-6.393860748017945E-5
1,429,6.387455934156347E-5
1,969,-6.384823534929961E-5
1,759,6.377338947118362E-5
1,460,6.372886879376089E-5
1,113,6.335218396213146E-5
1,860,6.321826971032615E-5
1,966,-6.317965865640538E-5
1,828,6.307423163909717E-5
1,987,-6.267536358907738E-5
1,227,-6.22969427845276E-5
1,289,6.229375162649612E-5
1,776,-6.228317382971115E-5
1,482,-6.14112223094365E-5
1,245,6.137965255967868E-5
1,974,6.13344745867862E-5
1,961,-6.100917768602869E-5
1,820,-6.0980412587375285E-5
1,547,6.095730044972264E-5
1,688,6.093076757276913E-5
1,339,-6.0645292129688664E-5
1,788,6.036061978297021E-5
1,627,6.032237686137734E-5
1,947,-6.01114114600734E-5
1,189,6.007544316165513E-5
1,22,-5.970287030130704E-5
1,6,5.953579616659338E-5
1,161,-5.927431082532514E-5
1,825,5.926530187727962E-5
1,736,5.901615071270861E-5
1,699,-5.8871133863472315E-5
1,80,5.8729379523878416E-5
1,170,-5.858257653247746E-5
1,362,-5.856728323440567E-5
1,823,5.84573710430901E-5
1,808,5.828297887696202E-5
1,522,-5.812925667721952E-5
1,818,5.753912708544901E-5
1,173,5.7405945808340105E-5
1,150,5.637174053532918E-5
1,38,-5.606699193456191E-5
1,749,-5.519384832885932E-5
1,479,-5.505443489110459E-5
1,281,-5.48107099338415E-5
1,897,5.444781557752047E-5
1,118,-5.435770876883757E-5
1,876,-5.404651684336402E-5
1,791,-5.347262152797642E-5
1,254,5.3431855004158006E-5
1,675,-5.320855037113043E-5
1,956,-5.2812950847138813E-5
1,444,5.165004650617047E-5
1,447,5.1608058534287156E-5
1,195,-5.117023638006106E-5
1,425,5.104394027968055E-5
1,726,-5.091840006535187E-5
1,979,5.0720369700756915E-5
1,616,5.040743178532334E-5
1,852,5.039717784909109E-5
1,483,5.0104245245305726E-5
1,323,-4.968827565545316E-5
1,895,-4.9378978202634536E-5
1,316,4.931357510253709E-5
1,613,-4.91903481417134E-5
1,919,-4.9096100309369635E-5
1,883,4.8798630681168385E-5
1,198,-4.803829769145623E-5
1,244,4.786762652382229E-5
1,526,4.7760303983108986E-5
1,290,4.773248822638393E-5
1,679,-4.763875994706267E-5
1,306,4.735213181719267E-5
1,351,4.7271115212447894E-5
1,909,-4.701095518182552E-5
1,651,-4.6815769469692E-5
1,162,-4.6810628715955166E-5
1,586,-4.673539237102097E-5
1,918,-4.6646595753683724E-5
1,636,4.6585039159646156E-5
1,406,-4.587677468100815E-5
1,314,4.571837987383366E-5
1,164,-4.5619246154349E-5
1,409,-4.549784559559206E-5
1,329,4.536954249466524E-5
1,619,4.535913984444064E-5
1,242,4.528503034369554E-5
1,0,-4.453645067010818E-5
1,857,4.444228015737829E-5
1,769,4.3999069139734184E-5
1,630,-4.398331845616352E-5
1,330,4.363747148121944E-5
1,221,-4.344007252122936E-5
1,563,4.2796100388855745E-5
1,762,4.244879160978502E-5
1,389,-4.1849727851053285E-5
1,782,4.171146569132879E-5
1,238,-4.1516479591840586E-5
1,121,-4.139800446766305E-5
1,453,4.1339237117553096E-5
1,815,4.1089226789296746E-5
1,671,4.050273362198689E-5
1,864,-4.04864662430805E-5
1,718,4.022844117781009E-5
1,357,4.019354747025007E-5
1,157,-4.0010455204898255E-5
1,760,-3.9903587955794796E-5
1,97,-3.980179247025698E-5
1,903,-3.975263098398775E-5
1,709,3.973244467190208E-5
1,980,-3.956459861246625E-5
1,255,-3.949101864203147E-5
1,638,-3.8751464096405344E-5
1,114,3.8634845650919044E-5
1,806,3.853988233110966E-5
1,898,3.8425285556089204E-5
1,270,-3.784605499093331E-5
1,133,-3.7289772616224736E-5
1,66,3.719336911661271E-5
1,466,-3.699018416552467E-5
1,286,-3.683021642729443E-5
1,434,-3.662898333431509E-5
1,37,3.6268369688916225E-5
1,49,3.599998911791642E-5
1,322,-3.5515187345702456E-5
1,478,-3.538216149954761E-5
1,307,3.536775153848916E-5
1,333,3.528927318284214E-5
1,499,-3.4731660322749106E-5
1,236,3.4633355875828804E-5
1,332,3.4365562105120066E-5
1,761,-3.43299639868723E-5
1,972,3.3914690257085865E-5
1,399,-3.3506153446516975E-5
1,129,3.3151531676259003E-5
1,104,-3.260837845664319E-5
1,211,3.25031562491229E-5
1,308,3.222248730279704E-5
1,607,3.1962999266885326E-5
1,781,3.1957123946128235E-5
1,263,3.195118724373935E-5
1,484,3.16607238467731E-5
1,327,-3.158566962108309E-5
1,140,3.154856150930482E-5
1,204,-3.1432366788926204E-5
1,997,-3.1263381110403E-5
1,461,3.1242191595477646E-5
1,732,3.0605802213728317E-5
1,587,2.966138466949568E-5
1,687,-2.9617660916378132E-5
1,33,-2.960082848173183E-5
1,40,-2.927851440348757E-5
1,318,2.920502495742129E-5
1,771,-2.9143254294652893E-5
1,702,2.8661300517936252E-5
1,400,-2.8106513627255024E-5
1,992,-2.7966890946511753E-5
1,368,2.7783958883499107E-5
1,218,2.7698816273963883E-5
1,893,-2.736174684050674E-5
1,476,2.7138198442334478E-5
1,944,2.7093369376951683E-5
1,116,-2.7034372601592804E-5
1,657,-2.7002097697352734E-5
1,163,2.6944899872122965E-5
1,20,-2.67616333142377E-5
1,491,2.6754730146603902E-5
1,879,2.6464020881226736E-5
1,191,2.599615186804047E-5
1,515,2.5846476108739218E-5
1,398,-2.5462813188022847E-5
1,611,-2.5397765233148892E-5
1,497,-2.514865611574854E-5
1,369,-2.5048373445877542E-5
1,954,2.4606289061137945E-5
1,911,2.4035600658169927E-5
1,501,-2.3916905175433783E-5
1,970,-2.377604566970108E-5
1,720,-2.3767524125422254E-5
1,950,2.3455899726788395E-5
1,8,2.3409297948474184E-5
1,98,-2.3181890562544286E-5
1,544,2.3094107572788042E-5
1,589,-2.2391190346060934E-5
1,738,2.226536300131987E-5
1,975,-2.2014717650406135E-5
1,880,-2.1723583961006113E-5
1,559,2.1314266049002232E-5
1,394,-2.1297331192062703E-5
1,174,-2.1211779224372104E-5
1,541,-2.0900383409389185E-5
1,620,2.0311343801851082E-5
1,866,-2.0238754078099386E-5
1,230,-1.954573107371052E-5
1,503,1.9386933670753572E-5
1,907,-1.9345206433185923E-5
1,89,-1.924334549727888E-5
1,646,-1.911426287051381E-5
1,52,-1.8466146960951084E-5
1,128,-1.8417988149434406E-5
1,384,1.8305495464637666E-5
1,549,1.7940688578988297E-5
1,346,-1.7338407581529615E-5
1,387,1.6886609723821305E-5
1,957,-1.660251374978425E-5
1,824,-1.5945560570959542E-5
1,474,1.585084533205E-5
1,48,-1.5145589932553286E-5
1,276,-1.4943991989762832E-5
1,490,-1.48437291027044E-5
1,145,-1.4632715409316516E-5
1,906,-1.4572379296737423E-5
1,60,-1.4514395389945645E-5
1,789,1.4190876277313677E-5
1,985,1.3951962170913878E-5
1,896,-1.380448687978271E-5
1,523,-1.37328074869663E-5
1,899,-1.3565044340295138E-5
1,583,1.350071148339585E-5
1,843,1.32547721899485E-5
1,487,-1.3029842710624906E-5
1,382,1.299782070420194E-5
1,373,1.2786081596852767E-5
1,581,-1.2754960989677905E-5
1,922,-1.2663583940097423E-5
1,378,-1.2640122593010936E-5
1,273,-1.2585810818978569E-5
1,468,1.253134177822031E-5
1,870,-1.247289664610568E-5
1,652,-1.243464373201146E-5
1,676,-1.2424035979316628E-5
1,10,1.2350770008712959E-5
1,139,-1.2295253516847126E-5
1,190,-1.2125200806633874E-5
1,844,-1.1946058039331408E-5
1,123,-1.150499484341333E-5
1,962,-1.1373643530904629E-5
1,43,-1.1367038125612655E-5
1,194,1.0997238225105176E-5
1,888,-1.0865322722438425E-5
1,19,1.0579326782407445E-5
1,537,-1.0461953191847645E-5
1,44,1.0311181714276723E-5
1,875,-8.566328042683994E-6
1,127,-8.22344780225233E-6
1,990,8.088196152546718E-6
1,203,-8.063276379538867E-6
1,580,-8.050966621218875E-6
1,948,-8.047872972501883E-6
1,787,-7.994476500307033E-6
1,576,-7.86161111877709E-6
1,618,7.803375196553303E-6
1,455,7.717656220598571E-6
1,365,-7.531985197666666E-6
1,601,-7.363563258826395E-6
1,168,-6.648126960366444E-6
1,530,6.594888617859923E-6
1,817,-6.465471931809852E-6
1,18,6.422354385067706E-6
1,467,6.1707801872392805E-6
1,967,6.155237730722005E-6
1,240,-6.126434813310461E-6
1,840,-5.997694154517452E-6
1,124,5.5639962903235584E-6
1,471,5.442716339592563E-6
1,390,-5.341178868770433E-6
1,631,-5.198596665488914E-6
1,998,-5.000857978181811E-6
1,829,4.937706541974423E-6
1,404,-4.87732206419092E-6
1,138,-4.433968792923834E-6
1,560,-4.421715465524209E-6
1,887,-4.320617120782522E-6
1,690,-4.233712472060614E-6
1,206,-3.524136679381437E-6
1,335,3.4487574701706352E-6
1,179,3.438939648635897E-6
1,84,3.0307620742827113E-6
1,723,-2.965038907476181E-6
1,411,-2.8486657667304016E-6
1,744,2.645757413883676E-6
1,832,-2.0771620035395512E-6
1,81,-1.952309400539018E-6
1,508,-1.8155877240283447E-6
1,401,-1.3019366642790798E-6
1,792,-1.0951302279800652E-6
1,78,-8.957244521929365E-7
1,2,-7.591344967602387E-7
1,336,-7.307240245845171E-7
1,945,-4.19785764046679E-7
1,775,2.495675221204363E-7
1,905,-2.1912080830135962E-7
1,655,1.7845057641446837E-7
1,779,1.2608212533596342E-7
2,193;303,-3.7142983154622245E-4
2,776;882,3.276847741070532E-4
2,334;480,-3.2441361671752065E-4
2,486;559,-3.1283594835483636E-4
2,109;516,3.0111284226644303E-4
2,266;771,2.924519744878191E-4
2,26;652,-2.888957664181841E-4
2,690;745,-2.875088190980924E-4
2,983;985,-2.87124713631568E-4
2,686;748,2.843903338783379E-4
2,196;287,-2.7858799455912983E-4
2,98;935,2.783694212916732E-4
2,7;512,2.7648071604327736E-4
2,817;863,2.7581762682242386E-4
2,230;392,-2.746671571426459E-4
2,571;751,-2.733699621047902E-4
2,248;548,-2.72422226273949E-4
2,349;815,-2.6940165858920455E-4
2,345;762,-2.66590020035863E-4
2,111;377,2.64720178445566E-4
2,168;481,-2.640138204890358E-4
2,357;695,2.6350078285542654E-4
2,605;907,-2.6301786756140314E-4
2,187;825,-2.625579786104861E-4
2,135;549,2.62332431590627E-4
2,664;702,-2.6081006343211643E-4
2,3;211,2.5978862102143317E-4
2,174;328,-2.584189950115465E-4
2,21;244,-2.5834421835263256E-4
2,541;743,2.580332912648757E-4
2,177;798,-2.5727873962924484E-4
2,7;409,2.560262862475209E-4
2,707;827,2.5530831882742295E-4
2,499;838,2.55194335581728E-4
2,43;479,2.5517860954480987E-4
2,33;94,2.535291036658024E-4
2,839;906,-2.532674902929502E-4
2,405;875,-2.51961134057358E-4
2,196;876,-2.500790605359402E-4
2,747;937,2.4968948577956375E-4
2,649;844,-2.493670538419538E-4
2,384;803,-2.473007432244498E-4
2,289;604,-2.472375765033446E-4
2,136;340,2.471838148525681E-4
2,585;848,2.460755589181031E-4
2,108;488,-2.460498569195427E-4
2,35;475,2.446578874767299E-4
2,198;654,2.443828274820847E-4
2,353;793,2.4240439282484605E-4
2,453;796,2.4222740833300445E-4
2,911;966,2.4158000297891803E-4
2,354;693,-2.4157292524408158E-4
2,531;701,-2.4117710641061285E-4
2,427;993,2.4060379800940374E-4
2,250;945,2.4050795623065485E-4
2,805;999,-2.3955494107790105E-4
2,288;663,-2.3930058375444874E-4
2,11;581,2.3914083771638174E-4
2,633;648,2.3803788555699682E-4
2,684;821,2.3612963254804063E-4
2,210;972,-2.3532067585915365E-4
2,387;469,-2.344722929770307E-4
2,299;718,-2.3445440301048223E-4
2,428;568,2.343628688729696E-4
2,24;596,2.340531089264063E-4
2,6;739,-2.340495985132671E-4
2,214;519,2.3287377047775652E-4
2,401;456,-2.327347127368343E-4
2,66;679,2.3083254863608994E-4
2,515;677,-2.2940002586365873E-4
2,287;851,-2.277709508088835E-4
2,779;842,2.258747186052636E-4
2,2;922,-2.2539183268320865E-4
2,120;163,2.2432600377113304E-4
2,89;845,-2.2349284013842345E-4
2,18;901,2.227753026295409E-4
2,580;986,2.2274800142773888E-4
2,559;635,-2.216248903598459E-4
2,135;584,-2.2099667377786303E-4
2,760;892,2.2090009860445127E-4
2,128;504,2.203937356185479E-4
2,307;647,2.2022809172530895E-4
2,666;852,2.2018666027005625E-4
2,136;993,-2.1954948859684753E-4
2,349;618,-2.189849485217637E-4
2,735;877,2.1885182755721272E-4
2,180;490,-2.182450800828002E-4
2,653;684,2.1761920957984366E-4
2,596;935,2.172958758091351E-4
2,297;661,-2.1721916637159838E-4
2,2;282,-2.1676380776671023E-4
2,236;464,2.1643887119670376E-4
2,815;993,-2.163632669281806E-4
2,326;647,-2.1539096744871796E-4
2,66;805,-2.1449068142149382E-4
2,132;969,-2.1444861325676495E-4
2,713;926,2.143651269149708E-4
2,385;799,-2.140742136126768E-4
2,499;667,2.1406113780977532E-4
2,102;752,2.1302817532541175E-4
2,92;274,-2.1223567402172362E-4
2,570;904,-2.121242219522253E-4
2,511;848,2.120213340679028E-4
2,583;635,-2.1170834550845514E-4
2,627;976,-2.1150619439982008E-4
2,343;815,2.1146624403733296E-4
2,85;889,-2.1145486970494315E-4
2,340;344,2.112531044365817E-4
2,315;533,2.1109101855265394E-4
2,769;880,-2.1046018711843356E-4
2,49;895,2.103694938905356E-4
2,845;884,-2.1024068396428041E-4
2,500;894,-2.1016529626939775E-4
2,138;435,2.1001930709057891E-4
2,672;916,-2.0969951273244546E-4
2,550;799,-2.0941213158834454E-4
2,549;830,-2.0933251475146447E-4
2,518;637,-2.0890304896718895E-4
2,88;154,-2.0886855637964192E-4
2,266;739,-2.087094199670344E-4
2,44;343,2.080655231550161E-4
2,22;797,2.079248351706786E-4
2,231;580,-2.0759313410572428E-4
2,115;449,-2.0710134494955867E-4
2,243;269,2.0710032557589287E-4
2,753;943,-2.0675798269927592E-4
2,527;876,2.0628332858689996E-4
2,301;472,-2.060699782641461E-4
2,46;463,-2.0602516481755612E-4
2,164;321,2.059593315991588E-4
2,130;981,2.0573069292690961E-4
2,520;930,-2.0559875275806577E-4
2,77;768,2.0528702010105056E-4
2,818;974,2.036532160983891E-4
2,462;685,-2.0362904379542425E-4
2,160;363,-2.0347537115942844E-4
2,428;574,2.0254133382609276E-4
2,426;963,2.0241238950694665E-4
2,762;966,-2.014841754684071E-4
2,567;752,2.0118813918867706E-4
2,758;872,2.0115845845717416E-4
2,411;904,-2.0030398867128163E-4
2,729;909,1.999660124385168E-4
2,210;463,-1.9972704634527126E-4
2,534;923,1.9958170211635317E-4
2,143;505,1.9933698621236873E-4
2,495;611,1.9904475640351456E-4
2,94;143,-1.990190574242509E-4
2,268;942,1.9901887255463686E-4
2,431;962,1.9842979797922336E-4
2,124;847,1.981595185057718E-4
2,352;833,1.9754388047042736E-4
2,206;627,-1.9713788528107128E-4
2,858;888,-1.969500662965249E-4
2,284;372,-1.9619311948493317E-4
2,155;404,1.9595709487103824E-4
2,70;492,-1.9589920195075406E-4
2,377;562,1.95839594725578E-4
2,294;321,-1.9582267924344741E-4
2,920;988,1.9564601630682655E-4
2,136;328,-1.9559982860513827E-4
2,80;982,1.95547007126037E-4
2,222;561,-1.951098964446663E-4
2,94;150,1.9481684689922192E-4
2,449;597,-1.944283782583407E-4
2,98;448,-1.943639588248363E-4
2,854;974,-1.9433315751126617E-4
2,496;640,-1.9427296688567802E-4
2,32;353,1.9396013797419622E-4
2,251;267,1.9364156247322957E-4
2,113;835,-1.9352218468416955E-4
2,119;535,1.9350295815011648E-4
2,8;118,1.9315595032007622E-4
2,308;397,1.927960631561429E-4
2,446;467,1.9248872469249594E-4
2,454;940,1.924365229331127E-4
2,342;787,1.9168895327377312E-4
2,532;536,1.9157131388867826E-4
2,81;928,-1.9150383487639963E-4
2,573;996,-1.9093625013415195E-4
2,161;282,1.9085244450801848E-4
2,414;960,-1.903037602646725E-4
2,385;851,1.8935214943180474E-4
2,188;617,1.8925660507387951E-4
2,167;453,1.887237895940832E-4
2,489;500,1.8867493546392976E-4
2,532;904,-1.886563080998855E-4
2,221;728,1.8851130633852113E-4
2,475;665,1.8840842487214145E-4
2,801;954,-1.8809655789190152E-4
2,184;199,-1.8793192546946857E-4
2,482;628,1.8793126018477044E-4
2,437;564,1.8777202402114174E-4
2,430;438,1.8731466012602844E-4
2,818;988,1.8726104469609994E-4
2,268;578,1.8710230872962924E-4
2,450;727,1.8691639503592985E-4
2,496;602,-1.8622528195082316E-4
2,175;680,-1.858984032333497E-4
2,195;827,1.8585147838753405E-4
2,78;783,1.857223718680207E-4
2,269;491,-1.8545125261683454E-4
2,929;981,1.846776094937264E-4
2,119;232,1.8427183285265225E-4
2,325;686,1.839248225555209E-4
2,783;910,1.8339637499043872E-4
2,24;625,-1.83386638995901E-4
2,78;480,-1.8332756278784595E-4
2,13;836,-1.8274615095846897E-4
2,238;583,1.826320355648202E-4
2,188;716,1.8261761052163153E-4
2,306;527,-1.8257509094605907E-4
2,11;796,-1.8222667461026323E-4
2,278;650,1.8214321788693222E-4
2,128;737,1.8205448181556047E-4
2,56;783,1.8199293318745918E-4
2,474;493,1.819603025443286E-4
2,419;630,-1.8164650206105182E-4
2,540;905,1.8155859007895037E-4
2,138;807,-1.8153790730235654E-4
2,666;972,1.8153743646863758E-4
2,750;956,-1.8152376447209595E-4
2,76;150,-1.8135948691716349E-4
2,652;896,-1.8122786857827268E-4
2,505;557,-1.810180855396791E-4
2,245;525,1.8051706823495262E-4
2,19;442,-1.8045331731464796E-4
2,170;846,1.8042789259027005E-4
2,264;526,-1.8039482983726085E-4
2,186;814,1.8010952258741417E-4
2,14;678,-1.7978211259497324E-4
2,674;981,1.797585329362499E-4
2,430;840,-1.792952500156306E-4
2,50;420,-1.7922234762237323E-4
2,13;689,-1.7887617325014257E-4
2,312;737,-1.788410814640561E-4
2,37;683,1.7879903698989356E-4
2,288;941,1.7870461635050743E-4
2,704;874,-1.785455614320603E-4
2,846;977,1.7848423499820353E-4
2,489;518,1.7847258075678099E-4
2,203;773,-1.7838864266753329E-4
2,42;219,1.7831060530412325E-4
2,43;254,-1.781943680050876E-4
2,116;698,-1.781208383579914E-4
2,309;587,1.78004746178771E-4
2,184;959,-1.779908063939048E-4
2,723;860,-1.7786677987757348E-4
2,19;717,-1.7785441855900752E-4
2,349;984,1.775851298330824E-4
2,628;674,1.7747975615317965E-4
2,235;327,-1.772464176133482E-4
2,294;380,1.7721658043317204E-4
2,835;850,1.768303866580376E-4
2,372;714,-1.7682657919049802E-4
2,85;501,1.7665911188441614E-4
2,512;969,-1.7664220188117282E-4
2,450;841,-1.7660807365346178E-4
2,288;596,1.762850800925072E-4
2,415;940,1.759128751775516E-4
2,382;797,-1.7587349835859742E-4
2,126;312,-1.7554599748174248E-4
2,792;794,-1.7548895489128324E-4
2,356;645,1.7517438034119688E-4
2,274;478,-1.7517043911385782E-4
2,345;584,1.7507931431067687E-4
2,337;497,1.7412289809330418E-4
2,15;295,1.7392819044742265E-4
2,275;478,-1.7365856571251664E-4
2,323;463,1.7323699030200962E-4
2,714;976,-1.731788920344823E-4
2,450;761,-1.7315591473737016E-4
2,256;304,-1.7285917471096535E-4
2,125;510,1.726355660888273E-4
2,5;830,-1.7227418088451669E-4
2,53;241,1.7221142949756977E-4
2,42;427,-1.7197297255449782E-4
2,287;353,-1.7186566515579006E-4
2,491;711,1.718494390042255E-4
2,636;827,1.7183001378345294E-4
2,435;791,1.7142321734711391E-4
2,250;949,-1.7130718474553386E-4
2,344;953,1.7113280960787458E-4
2,672;987,-1.7111317133291503E-4
2,789;934,-1.7091549021414155E-4
2,43;935,1.708824888852844E-4
2,940;992,-1.7070844099550692E-4
2,233;317,1.7066565406395672E-4
2,36;366,1.704778431339651E-4
2,368;731,1.7047194621753857E-4
2,419;889,-1.7043002625224756E-4
2,68;240,-1.703066989089931E-4
2,43;311,-1.6991083141238502E-4
2,8;759,1.698810159916312E-4
2,523;927,1.6969464474199218E-4
2,346;662,1.6968828482476518E-4
2,93;442,-1.6934069124354063E-4
2,96;847,-1.6927763773535849E-4
2,467;735,-1.691801505780343E-4
2,393;596,-1.6910480819694136E-4
2,108;616,1.6904221597540867E-4
2,113;769,1.688272489954207E-4
2,405;593,-1.6843779346601402E-4
2,67;262,-1.6829750072487671E-4
2,533;800,1.6829479424528102E-4
2,23;517,1.6811476776405315E-4
2,317;868,-1.6808171406403223E-4
2,198;963,-1.6798030899332266E-4
2,196;575,-1.6789473234364905E-4
2,240;684,1.67861713729351E-4
2,567;703,-1.6728192471034486E-4
2,264;377,-1.6696876999260224E-4
2,159;555,1.66952376853051E-4
2,13;874,1.669482026470966E-4
2,59;474,1.6690063066929263E-4
2,96;312,1.6685544946769731E-4
2,88;716,-1.6681372350520974E-4
2,741;787,1.6675211006304087E-4
2,428;761,1.6674558483936104E-4
2,341;374,-1.6662445023087156E-4
2,125;299,-1.6653078840174118E-4
2,481;779,1.664367875134854E-4
2,175;967,-1.6643098041860965E-4
2,542;878,1.6638877960594255E-4
2,25;538,1.6619113395398855E-4
2,408;745,1.660847376601362E-4
2,98;443,1.6599846227708992E-4
2,293;382,1.658289151715085E-4
2,34;721,-1.6578648253658492E-4
2,100;608,-1.6571011654722373E-4
2,395;522,-1.6570135414183273E-4
2,233;491,-1.651637658476657E-4
2,585;612,1.6513952524297506E-4
2,268;670,-1.651350904173653E-4
2,133;200,1.6488927362388057E-4
2,274;533,-1.6481485450488848E-4
2,43;523,-1.644294369682598E-4
2,379;721,-1.6438687678002769E-4
2,126;987,-1.643466405391027E-4
2,48;931,-1.6420030763720895E-4
2,245;746,-1.641103780570401E-4
2,233;589,1.638216248591025E-4
2,127;786,1.637376324668341E-4
2,556;587,-1.6358719777987508E-4
2,212;631,-1.6324684539045008E-4
2,109;205,-1.6317793389274265E-4
2,338;470,-1.6281864794574628E-4
2,612;871,1.6271149168629084E-4
2,128;483,1.62655142137957E-4
2,159;973,1.6233254123631057E-4
2,565;857,-1.6231868650245745E-4
2,167;778,1.6230144935817914E-4
2,712;772,-1.6219872335917845E-4
2,418;938,1.620485822164886E-4
2,415;492,1.6189636393242125E-4
2,590;607,1.617824120152142E-4
2,242;302,1.6175696184308065E-4
2,170;569,-1.6148964316798012E-4
2,437;801,-1.6128660324472632E-4
2,263;923,-1.612808018984181E-4
2,158;587,-1.6122005324274824E-4
2,704;894,-1.609859791529729E-4
2,172;890,1.6096787214559544E-4
2,25;946,-1.6089901374086206E-4
2,489;493,-1.6075705353120882E-4
2,15;546,-1.6074369924866982E-4
2,26;666,-1.607214417760402E-4
2,735;838,1.6053300761085455E-4
2,125;540,1.6050162887193292E-4
2,643;875,1.6039997100252535E-4
2,303;530,-1.6020242044541386E-4
2,294;690,-1.6011658131799767E-4
2,507;748,-1.6000250123513393E-4
2,451;589,-1.5993974312596384E-4
2,774;973,-1.5992575846168934E-4
2,437;781,-1.598942451030103E-4
2,133;961,-1.5981913860154564E-4
2,439;610,-1.596087767013941E-4
2,205;323,-1.5935245882016017E-4
2,318;764,-1.5930054132753607E-4
2,397;741,1.5915229896350236E-4
2,6;660,1.5883362064125938E-4
2,459;899,-1.5852506660258382E-4
2,313;497,1.5824180957047117E-4
2,542;942,-1.5808585326664343E-4
2,35;302,-1.5800369541323455E-4
2,122;577,-1.578714197911331E-4
2,202;812,-1.5747709989975567E-4
2,403;819,1.5734918608172304E-4
2,64;88,1.572665008493676E-4
2,764;895,-1.571745318378815E-4
2,365;990,-1.5694453250366408E-4
2,550;786,-1.568602513479292E-4
2,711;817,-1.5660227317657887E-4
2,123;844,-1.5658065873621835E-4
2,309;694,-1.559381855205726E-4
2,89;691,-1.5588178084312984E-4
2,592;613,1.5584158161358302E-4
2,296;497,-1.5583498160146535E-4
2,670;942,-1.5542994649815528E-4
2,601;649,-1.553066625907744E-4
2,708;853,-1.552809600247419E-4
2,343;751,1.550999805269348E-4
2,85;337,1.550172131558098E-4
2,249;781,-1.5464465386642935E-4
2,98;580,-1.54455808456171E-4
2,794;856,-1.543636265806557E-4
2,390;752,-1.5429372204004424E-4
2,40;506,-1.5423483536323646E-4
2,736;821,-1.539583397709904E-4
2,664;829,1.5393662673150762E-4
2,33;336,-1.5392734003179953E-4
2,35;53,-1.5392690073888282E-4
2,546;974,-1.5385406399798305E-4
2,103;642,-1.5372772948901194E-4
2,535;836,1.5359646667355937E-4
2,68;107,1.5350224048594563E-4
2,52;711,-1.5344036879921702E-4
2,229;413,-1.532073163653112E-4
2,327;875,1.5319967274011713E-4
2,342;904,-1.5309185588160975E-4
2,45;154,-1.528216797553169E-4
2,673;745,-1.5276950688428105E-4
2,11;610,1.5238991037317656E-4
2,171;920,-1.5235241088328827E-4
2,248;810,1.5228633370548223E-4
2,896;905,1.5206844270868337E-4
2,255;978,-1.5178452519161933E-4
2,524;647,-1.5171203280478176E-4
2,47;798,-1.5155119240648195E-4
2,486;804,1.5153809231094163E-4
2,147;875,-1.5135072192849097E-4
2,777;832,1.5120429686228112E-4
2,246;734,1.5109963984804876E-4
2,278;651,1.5104416847304758E-4
2,105;935,1.510383157190929E-4
2,214;700,-1.509508223708982E-4
2,247;455,-1.5090250898745438E-4
2,577;600,-1.5084215673009677E-4
2,856;858,1.508112795620808E-4
2,800;952,-1.5063048778191402E-4
2,655;937,1.5046953118572938E-4
2,245;776,1.5021899684953876E-4
2,468;906,-1.5014393031114105E-4
2,679;759,1.5011925511554896E-4
2,853;954,-1.5007352651947987E-4
2,456;867,-1.4986000774656585E-4
2,710;847,-1.49779060572168E-4
2,105;213,1.4965369949394126E-4
2,751;974,1.4962545748373426E-4
2,276;843,-1.4962455066908317E-4
2,157;228,-1.4957083334042186E-4
2,47;462,1.4940701784560778E-4
2,530;927,-1.494014879787624E-4
2,39;852,-1.4928000146637008E-4
2,65;73,1.4916531542491322E-4
2,105;794,1.4912205997960387E-4
2,802;969,-1.4895863199301573E-4
2,524;839,1.4866909540554277E-4
2,700;914,-1.4864160305221052E-4
2,480;969,1.486324764857967E-4
2,459;643,1.4845525312854376E-4
2,267;596,1.4833312717259958E-4
2,496;514,1.4813355656129613E-4
2,436;885,-1.4807784549870982E-4
2,87;599,1.4802075640615674E-4
2,360;662,-1.4764497953635564E-4
2,687;871,1.4740872087915376E-4
2,1;302,-1.4731492613995743E-4
2,298;538,1.4729227871014466E-4
2,115;308,-1.4712173117405528E-4
2,371;900,1.4709295512201016E-4
2,201;652,-1.4707438340094464E-4
2,505;717,1.4685503117295402E-4
2,169;352,-1.467135680622364E-4
2,16;244,1.4668708002728344E-4
2,14;971,-1.4658755982259987E-4
2,746;987,-1.4658657206806974E-4
2,305;599,-1.4652677968193123E-4
2,523;870,1.46462019438038E-4
2,333;871,-1.4630800829857152E-4
2,152;897,1.4623360713070582E-4
2,205;763,-1.4623132769366572E-4
2,256;333,-1.4616836369613288E-4
2,399;532,-1.4614622435418187E-4
2,177;955,-1.460846953174222E-4
2,603;886,-1.4605046566825992E-4
2,171;842,1.4590000229661724E-4
2,410;692,-1.4585962162916253E-4
2,16;900,1.4580377440251828E-4
2,340;476,1.4569370320416164E-4
2,183;587,1.4560851039501456E-4
2,345;681,1.455016341841766E-4
2,302;379,-1.4530495335607937E-4
2,127;168,-1.4515250551857877E-4
2,564;796,-1.446013076810441E-4
2,499;525,-1.4459773400667293E-4
2,84;353,1.4456683620749962E-4
2,338;892,-1.4453563208705416E-4
2,281;321,-1.444699052547579E-4
2,530;694,1.4440857089011389E-4
2,233;615,-1.4438423636392922E-4
2,344;583,-1.4438278972515167E-4
2,822;913,-1.443372531519796E-4
2,48;156,1.4415658775023755E-4
2,14;26,-1.4394891673474158E-4
2,630;700,1.4389763176210978E-4
2,631;921,-1.4389585443384174E-4
2,26;972,1.4387725166811307E-4
2,617;993,-1.43662086962825E-4
2,155;986,-1.4337182648414593E-4
2,43;604,1.4325391545367988E-4
2,504;983,-1.4322555784910857E-4
2,272;307,-1.4319162667267242E-4
2,242;701,1.4298224606659364E-4
2,40;753,-1.4293407202483767E-4
2,573;736,-1.4281821395640626E-4
2,176;337,-1.426370039125085E-4
2,812;922,-1.4254444179608673E-4
2,416;686,-1.425273639870337E-4
2,740;949,1.4251032049650487E-4
2,781;890,1.4242856141494567E-4
2,224;989,1.423280553992448E-4
2,201;818,1.4226416642406286E-4
2,413;655,1.4213077703334242E-4
2,418;894,1.4210552705862302E-4
2,204;712,-1.420383394628752E-4
2,485;740,-1.4192349377146386E-4
2,87;419,1.4185441716851955E-4
2,521;895,-1.417012396863145E-4
2,935;943,1.4159323755272751E-4
2,416;462,-1.4145385653208757E-4
2,19;67,-1.41179007449194E-4
2,56;500,-1.4112656368358778E-4
2,185;635,-1.4100976319191116E-4
2,286;335,1.4094553131648372E-4
2,215;851,1.4090692627506557E-4
2,713;755,1.4054952687216944E-4
2,34;341,-1.4053101570722816E-4
2,119;789,1.4014810903156358E-4
2,424;879,-1.4003180884056377E-4
2,500;993,-1.3982447275577648E-4
2,623;683,1.3966157496955573E-4
2,373;573,1.3955405391027846E-4
2,339;433,-1.3954213829823838E-4
2,101;362,1.3954078044563857E-4
2,142;635,-1.3936953017135446E-4
2,316;541,1.3932085423596857E-4
2,71;886,1.392900011904298E-4
2,110;466,1.3928771106049066E-4
2,389;867,1.3925988437030884E-4
2,321;744,-1.3920007899032472E-4
2,175;278,-1.3888020811389358E-4
2,185;655,1.387870909392705E-4
2,149;925,1.3870343827547443E-4
2,177;706,1.3851499201202427E-4
2,317;522,1.384059222294935E-4
2,157;368,1.3826888703415453E-4
2,94;554,-1.3795859970127088E-4
2,271;381,1.379583626778075E-4
2,416;593,1.3792721452600233E-4
2,462;520,-1.376521997026597E-4
2,293;864,-1.3761302184311713E-4
2,35;835,-1.3757504574599214E-4
2,127;970,-1.3754683201430167E-4
2,476;479,1.372571203479106E-4
2,85;352,-1.3709543040300913E-4
2,654;907,-1.3695202251377386E-4
2,818;843,1.3692402347754285E-4
2,312;321,-1.3691717613934396E-4
2,519;957,-1.368511061007799E-4
2,665;697,1.3664925989001015E-4
2,118;496,-1.3662462913080023E-4
2,128;510,1.3631857277186717E-4
2,269;378,-1.3630452729818582E-4
2,18;468,-1.3629221421582595E-4
2,673;923,1.3613351543119995E-4
2,720;824,-1.3595582709638354E-4
2,297;543,1.3580794485679604E-4
2,136;231,-1.3569204921772178E-4
2,388;485,-1.3568574926880656E-4
2,208;799,-1.356657275843056E-4
2,217;762,1.355417442250748E-4
2,416;458,1.3546007504548042E-4
2,326;459,-1.3529342967270403E-4
2,143;286,-1.3528949231332072E-4
2,80;140,1.3519377632077668E-4
2,117;860,-1.351771409919781E-4
2,302;701,1.351400347454398E-4
2,74;340,1.3503125317008876E-4
2,118;636,-1.3494267094953162E-4
2,828;971,-1.3491789207410203E-4
2,465;943,-1.3486653194658642E-4
2,333;778,-1.3471991667489164E-4
2,63;958,-1.3465118805952898E-4
2,649;897,1.342722963787576E-4
2,162;255,1.3417368112219463E-4
2,332;586,-1.3411321399417974E-4
2,371;740,-1.3400405129983082E-4
2,814;832,-1.339426822803282E-4
2,697;916,-1.339423811444513E-4
2,630;799,-1.339273135418091E-4
2,232;608,1.3357460673905458E-4
2,230;857,-1.3355517001227286E-4
2,72;784,-1.3350357129009519E-4
2,503;622,1.3342064737471504E-4
2,277;765,1.3336555050810572E-4
2,316;562,-1.333228715353091E-4
2,625;638,-1.3300538985680686E-4
2,359;819,-1.3293588841205677E-4
2,134;435,-1.325559721329117E-4
2,627;725,-1.324554967276126E-4
2,295;693,1.3206586118983706E-4
2,88;645,1.3198478394677832E-4
2,354;844,-1.3181298577405343E-4
2,120;770,-1.316923086520785E-4
2,160;537,-1.3164724896224883E-4
2,306;661,-1.316324136320337E-4
2,7;463,-1.3161562686452466E-4
2,242;418,1.3156320340177108E-4
2,409;940,-1.3153716285507584E-4
2,287;945,-1.315336687524511E-4
2,310;597,-1.3117849259490486E-4
2,20;154,1.3110815487038367E-4
2,327;426,1.3092631461925154E-4
2,224;763,-1.3087106555619888E-4
2,529;711,-1.3068044746235064E-4
2,97;905,1.306794150185176E-4
2,133;338,1.3067811896749345E-4
2,34;741,-1.3063636361420835E-4
2,538;755,-1.3057908304687837E-4
2,135;773,1.3053953206644593E-4
2,882;996,1.3041868704191867E-4
2,82;701,1.3033319534383166E-4
2,387;982,-1.3030943537602858E-4
2,376;598,-1.3014253879011618E-4
2,1;881,-1.299398782998658E-4
2,463;681,-1.2973837801472527E-4
2,724;824,1.2963113882153492E-4
2,546;873,-1.2952810143875026E-4
2,28;481,1.2947879468515504E-4
2,653;773,1.2938994953634592E-4
2,199;320,-1.293788167341105E-4
2,425;572,1.29309718587104E-4
2,88;182,-1.2920307122151064E-4
2,441;976,1.2908504446684327E-4
2,419;964,-1.2880962376825612E-4
2,278;393,1.2878853826937952E-4
2,26;703,-1.2871281314971863E-4
2,562;818,-1.2863950284608766E-4
2,773;958,1.2857042943492991E-4
2,202;713,-1.2855241529285017E-4
2,149;201,1.2847414583873267E-4
2,873;954,1.2845120511438714E-4
2,362;715,-1.2816697391046544E-4
2,403;450,-1.281513979542757E-4
2,147;185,-1.2804889752555493E-4
2,505;787,1.279771375219228E-4
2,483;696,1.2776170482161714E-4
2,251;358,-1.277513713032064E-4
2,119;366,-1.2773977813910066E-4
2,119;770,1.2771182946125104E-4
2,236;533,1.2764569809462243E-4
2,85;202,-1.2757891268515907E-4
2,334;389,-1.2749860730673464E-4
2,89;445,1.2748795336094864E-4
2,936;956,1.2730953855208076E-4
2,55;612,-1.2716388328736872E-4
2,318;838,-1.2713351803804722E-4
2,315;857,1.2705001627646333E-4
2,575;787,1.266763004559608E-4
2,877;983,1.2658976637913865E-4
2,845;891,1.2636561678452772E-4
2,448;697,-1.263172369960058E-4
2,169;274,1.2608272801980204E-4
2,154;317,-1.2603392977255252E-4
2,608;965,-1.258942347106562E-4
2,477;929,-1.2589305698049635E-4
2,46;323,-1.2579349182320393E-4
2,517;679,-1.254995952284345E-4
2,90;760,1.2522684560867465E-4
2,120;557,1.2514154009291063E-4
2,336;552,1.2504931992049335E-4
2,259;511,1.2492402322759695E-4
2,413;782,-1.2483191035865646E-4
2,463;570,-1.2476918998131258E-4
2,119;324,1.2454993111289054E-4
2,453;830,-1.244952270557897E-4
2,131;554,1.244661700147264E-4
2,212;382,1.2437108910456508E-4
2,315;493,1.242895832671498E-4
2,61;315,1.242088746080863E-4
2,655;912,-1.241209331325539E-4
2,378;622,1.2398010733768392E-4
2,121;701,-1.2388877295458833E-4
2,174;204,-1.237619678135738E-4
2,35;585,-1.2372638236078588E-4
2,253;358,-1.2367105167705234E-4
2,952;993,-1.2349380574023776E-4
2,272;764,1.2347438551304737E-4
2,93;209,1.2325660876138362E-4
2,373;768,-1.232168303840463E-4
2,543;675,1.2312733359491984E-4
2,120;536,1.2307387050837043E-4
2,22;364,-1.229099333367728E-4
2,200;757,1.2289775491161018E-4
2,297;562,-1.2284796356276288E-4
2,29;177,1.2280118713402187E-4
2,59;674,1.22766459138587E-4
2,344;573,-1.2269523033203155E-4
2,218;650,-1.2254855444855322E-4
2,654;916,-1.2248035023444646E-4
2,787;916,-1.2238086310266332E-4
2,225;249,1.2221711142574177E-4
2,340;419,-1.2187824982574345E-4
2,760;858,1.2186838788049566E-4
2,446;632,1.2180576214447336E-4
2,7;570,-1.2178992330177038E-4
2,120;589,-1.2176147440151952E-4
2,264;338,1.215900077973941E-4
2,85;553,1.2153614748877252E-4
2,44;683,1.2142159447468927E-4
2,561;953,-1.2136114782975228E-4
2,113;729,-1.2119497280154481E-4
2,418;451,1.2115050594533854E-4
2,132;617,-1.2114646900496904E-4
2,667;826,1.2107738314175726E-4
2,263;586,-1.2096438896237638E-4
2,521;635,1.2088357393794962E-4
2,93;475,1.208318994415565E-4
2,319;484,1.2070609375045684E-4
2,499;966,1.2052967637181325E-4
2,367;378,1.2051138546909318E-4
2,492;530,1.2042355716728014E-4
2,89;734,1.2032131345336011E-4
2,154;915,-1.2014337776601798E-4
2,231;734,-1.2008330607102154E-4
2,89;218,1.2006419230264743E-4
2,279;832,-1.2000427363514236E-4
2,482;651,1.1996403252002863E-4
2,60;172,1.1991044268738399E-4
2,50;507,-1.1982046841883809E-4
2,602;740,-1.1973489347085577E-4
2,266;596,-1.1954995060576005E-4
2,96;737,-1.1938914946659728E-4
2,758;935,-1.1933917667945736E-4
2,173;989,-1.1933159770074984E-4
2,672;692,-1.1923761161518218E-4
2,654;766,1.1916219578009162E-4
2,192;542,1.1915344891629254E-4
2,575;891,-1.1907075948537183E-4
2,327;519,1.1879992676443466E-4
2,464;516,1.1875556610886722E-4
2,116;592,-1.1871505267777076E-4
2,648;990,-1.1862147289272514E-4
2,764;838,-1.1837376412381987E-4
2,564;766,1.1831593176584433E-4
2,310;660,1.1806090798185667E-4
2,551;568,1.1803887578325601E-4
2,191;694,-1.1763986629176241E-4
2,106;623,1.1761008921598836E-4
2,857;936,1.1760482312106445E-4
2,21;356,1.1759316678166957E-4
2,296;657,1.1757037535976635E-4
2,369;654,1.1746362990594347E-4
2,63;285,-1.1736287459226664E-4
2,138;650,-1.1721219475001415E-4
2,163;383,-1.1705372039936227E-4
2,9;278,1.1700004736141752E-4
2,485;964,1.1698144612103403E-4
2,247;804,-1.1695637510363085E-4
2,691;892,-1.1685788076511292E-4
2,507;529,1.1685750806466137E-4
2,190;567,1.1684081519555249E-4
2,455;804,-1.1680307396481648E-4
2,88;852,1.1667186974274409E-4
2,65;948,1.1666421752026091E-4
2,416;791,1.1657236534338946E-4
2,619;921,1.1655023887637902E-4
2,444;681,1.1644256320446774E-4
2,522;835,-1.1635799828979157E-4
2,166;696,-1.1633651661627993E-4
2,802;955,-1.1619400303556909E-4
2,10;259,-1.1617913979100738E-4
2,10;902,1.1613185094581809E-4
2,115;397,-1.1609848498931805E-4
2,31;313,-1.1609127582471143E-4
2,389;657,1.1602371115890569E-4
2,710;918,1.159968544383292E-4
2,411;614,1.1581945023317633E-4
2,434;833,1.1499184107619183E-4
2,138;344,1.1497058329208094E-4
2,244;425,-1.148123716017939E-4
2,480;853,1.1465098921149979E-4
2,36;378,-1.1450656017568437E-4
2,68;489,1.1442684186003251E-4
2,554;600,1.1441789814835819E-4
2,7;290,-1.1431004932996692E-4
2,705;869,-1.142942373278037E-4
2,108;797,-1.1425695362766604E-4
2,336;759,-1.1425543289786847E-4
2,121;280,1.1422043193833E-4
2,359;528,-1.1395271294787764E-4
2,662;802,-1.1392421807850873E-4
2,370;449,-1.1391537919093197E-4
2,652;711,1.1388642951931547E-4
2,639;869,1.1382155618942735E-4
2,408;760,-1.1372171482159142E-4
2,256;414,-1.1339321021830217E-4
2,448;916,-1.1338996363408878E-4
2,199;563,-1.1335977300976705E-4
2,102;255,1.1317115811034992E-4
2,351;900,1.1309113798235848E-4
2,30;43,1.1295382468939849E-4
2,880;901,-1.1284861121301889E-4
2,15;782,1.1278683713891114E-4
2,14;265,-1.1266681357812111E-4
2,223;695,-1.1266232431638904E-4
2,9;568,-1.1247240406172285E-4
2,136;625,1.122912444749381E-4
2,55;309,1.1177434973581575E-4
2,136;282,-1.117155278718912E-4
2,172;728,-1.1166821310178535E-4
2,569;693,1.1165491593314091E-4
2,70;849,1.116454298443412E-4
2,233;299,1.1160655902304144E-4
2,316;358,-1.1159609315099547E-4
2,13;857,-1.1152897625328326E-4
2,671;739,-1.1131990789789578E-4
2,624;983,1.1121857338917753E-4
2,153;420,-1.1121158749953658E-4
2,335;396,1.1112534198104052E-4
2,239;733,-1.1105382293629742E-4
2,307;669,1.1102757972562579E-4
2,591;783,1.1101645604310177E-4
2,279;777,-1.1100884613598663E-4
2,496;880,-1.1096692685344586E-4
2,130;766,1.1094652501392427E-4
2,591;680,-1.1089997571149985E-4
2,808;929,1.1080894426449656E-4
2,271;996,-1.1076504894505247E-4
2,154;168,-1.1064507561857768E-4
2,663;694,-1.1053914354733773E-4
2,372;919,-1.104902227829749E-4
2,361;999,-1.1044132586250581E-4
2,120;966,-1.1037051372313553E-4
2,98;969,1.1032311151293708E-4
2,80;614,1.1029743156188835E-4
2,73;381,1.1018978352737868E-4
2,266;692,-1.1016017807815402E-4
2,135;484,1.1015769457753741E-4
2,152;961,-1.1015355782249838E-4
2,67;932,-1.1006114858029844E-4
2,622;806,-1.099841263045225E-4
2,432;724,1.0977953274688709E-4
2,95;536,-1.0974773321800189E-4
2,140;923,-1.095429071104828E-4
2,186;832,-1.0947807718611003E-4
2,12;267,-1.0941917928299675E-4
2,121;841,1.0937241383068631E-4
2,158;863,1.0935949354436845E-4
2,193;817,-1.093466745120472E-4
2,262;457,-1.0932836837661398E-4
2,55;871,-1.0927974753636272E-4
2,713;873,1.0905787846991061E-4
2,396;607,1.088877394172181E-4
2,255;684,-1.0887602465998414E-4
2,740;916,-1.088726583062681E-4
2,193;991,-1.0876337156397151E-4
2,160;450,-1.0874115614065075E-4
2,558;835,-1.086979602161845E-4
2,672;823,-1.085688070299856E-4
2,63;534,1.0853481017047116E-4
2,115;144,-1.0846527074029589E-4
2,623;674,1.0832027087990135E-4
2,538;919,-1.0822715980808347E-4
2,187;989,1.0821365209111006E-4
2,55;663,-1.0817812336151648E-4
2,34;790,-1.0794585936400797E-4
2,354;518,-1.0786375613908573E-4
2,377;768,-1.0760851234411362E-4
2,533;879,1.075368963646831E-4
2,84;480,-1.0745913960791357E-4
2,257;396,1.074326238885959E-4
2,12;140,-1.0736432485666678E-4
2,321;500,1.072376455729134E-4
2,412;887,1.0723292235371977E-4
2,823;921,-1.0718465725760656E-4
2,3;772,1.0702029568095871E-4
2,604;661,-1.07011610156415E-4
2,361;935,-1.068980264751038E-4
2,154;996,-1.0689679510864344E-4
2,713;998,-1.0683352126010889E-4
2,76;973,1.0681117848990266E-4
2,30;479,-1.0678663623697636E-4
2,716;938,1.0678267219185195E-4
2,438;919,1.0666447232075227E-4
2,22;846,-1.0658436638815966E-4
2,347;545,1.0642332894072887E-4
2,363;826,-1.0639071463767228E-4
2,372;686,1.0638759471337549E-4
2,260;278,-1.0625241260108786E-4
2,172;221,1.0623614705617552E-4
2,407;561,1.060245336579704E-4
2,63;631,1.0601022456795939E-4
2,344;650,-1.0589358016603373E-4
2,274;436,1.058740690916906E-4
2,656;665,1.0575174177371977E-4
2,206;757,-1.0574378768883658E-4
2,13;471,-1.0567993219488892E-4
2,474;628,1.0539840157719783E-4
2,524;969,-1.0529628107647575E-4
2,294;998,-1.0527868979935885E-4
2,235;460,1.0527372528562552E-4
2,116;178,-1.0514718608995837E-4
2,34;954,1.0512273448367078E-4
2,70;289,1.0493601817415466E-4
2,234;572,1.0490039170547714E-4
2,686;909,-1.048879634146714E-4
2,673;930,1.0485350654197854E-4
2,540;806,1.0479215527813429E-4
2,185;456,-1.0473573392096668E-4
2,504;954,-1.0472985397269398E-4
2,296;729,-1.0472985172056093E-4
2,44;255,-1.0470555283989826E-4
2,485;877,1.046772712005159E-4
2,54;156,1.045584425174374E-4
2,322;882,1.0451609198032054E-4
2,854;961,1.0449832033595296E-4
2,258;992,-1.0443047519683216E-4
2,394;926,1.043811248963211E-4
2,496;922,1.0422851189947644E-4
2,358;599,1.0420527907430949E-4
2,319;723,-1.0411345009144545E-4
2,130;539,-1.0410684930119759E-4
2,467;622,-1.040703220704064E-4
2,680;719,-1.0380159150425017E-4
2,86;481,1.0371840909740749E-4
2,26;376,1.037057727170698E-4
2,402;622,-1.0367479815071305E-4
2,817;898,-1.036519575776874E-4
2,41;525,1.0363712825902411E-4
2,6;798,-1.0345523050763048E-4
2,10;163,-1.032901445098714E-4
2,44;309,1.0319049699766743E-4
2,431;932,-1.0310768113224276E-4
2,313;761,-1.0304208857975389E-4
2,445;507,-1.0303658533647302E-4
2,733;876,-1.0289919235733269E-4
2,694;723,1.0285340603832517E-4
2,218;839,-1.0273645436419732E-4
2,366;654,-1.0266602242662708E-4
2,146;560,1.0257266169491118E-4
2,65;221,1.0242837304784724E-4
2,417;614,-1.0241791441073999E-4
2,415;745,-1.023050237711863E-4
2,351;954,1.0226425967899347E-4
2,358;541,1.0225770532024182E-4
2,621;779,1.0224694277920268E-4
2,486;989,1.0222671046799339E-4
2,36;356,-1.0214723514956082E-4
2,253;941,1.0214110775687624E-4
2,557;639,-1.0213001393671794E-4
2,583;713,-1.0201323445354202E-4
2,162;493,1.0191154501720999E-4
2,437;585,1.0186716840002658E-4
2,5;453,1.0182825442809758E-4
2,46;361,-1.016428214742758E-4
2,85;822,1.0153214112599943E-4
2,409;537,1.0151633201589402E-4
2,337;915,1.0151275559248107E-4
2,274;347,1.0149098318640731E-4
2,434;892,-1.0130370315970645E-4
2,320;363,1.0121100962954455E-4
2,532;806,1.0110648151269359E-4
2,817;881,1.0108478375225485E-4
2,26;697,1.0095087497777646E-4
2,458;823,1.0090565172420537E-4
2,9;95,-1.0083269898737216E-4
2,280;845,1.0071891316656509E-4
2,716;928,1.0068808774537521E-4
2,91;817,-1.0051567757198033E-4
2,747;806,1.0042493868752074E-4
2,189;396,-1.0041572822191809E-4
2,385;805,-1.0028723270076133E-4
2,659;698,-1.002868762968693E-4
2,438;791,1.0027091279886467E-4
2,106;910,1.002404471504695E-4
2,5;83,1.0005527824615236E-4
2,738;999,1.0004148638463561E-4
2,427;961,9.999965346458689E-5
2,366;651,9.998494894278112E-5
2,183;344,-9.996143861485749E-5
2,730;883,-9.995134058220204E-5
2,331;721,9.989981139031514E-5
2,949;988,9.988995652645438E-5
2,706;798,-9.97921948456214E-5
2,313;584,-9.970664583735561E-5
2,389;500,-9.9704105521762E-5
2,827;962,9.967209210562451E-5
2,942;995,9.96082351917187E-5
2,246;951,9.948430757111159E-5
2,643;886,-9.948206650566811E-5
2,788;892,9.943126350736457E-5
2,405;881,-9.939200586905481E-5
2,770;789,9.935125556771306E-5
2,696;932,9.91881207002488E-5
2,525;574,9.911430948913355E-5
2,711;895,-9.899703380260908E-5
2,428;847,9.89481208059352E-5
2,21;941,-9.894547188030016E-5
2,100;232,-9.894139568283411E-5
2,920;999,9.882589535740804E-5
2,156;647,9.849479986497883E-5
2,151;470,-9.849341732371764E-5
2,115;475,9.835688486217272E-5
2,229;674,-9.830398730461603E-5
2,102;633,-9.828854761515792E-5
2,372;744,9.821820579275133E-5
2,209;456,9.815893440788338E-5
2,282;873,9.815301358400097E-5
2,312;583,-9.808098839960487E-5
2,68;413,-9.797097747485789E-5
2,175;591,-9.79469157768648E-5
2,72;505,9.794131468907283E-5
2,93;407,9.791466393413488E-5
2,287;296,-9.77692933995831E-5
2,760;888,-9.772685891889463E-5
2,584;945,-9.74338815037208E-5
2,1;295,9.741436853106916E-5
2,15;998,-9.735683646819765E-5
2,332;805,-9.727443607080321E-5
2,678;971,-9.720040349609448E-5
2,52;701,9.71393407660798E-5
2,91;612,9.713076131508498E-5
2,269;337,9.700523810028288E-5
2,621;658,-9.681659371709059E-5
2,568;772,-9.673246074669516E-5
2,43;340,9.671669596180885E-5
2,149;851,9.667531034920564E-5
2,531;997,-9.654631084786692E-5
2,153;890,9.649193568338083E-5
2,148;737,-9.648776489201034E-5
2,65;158,9.64875687342651E-5
2,134;968,-9.648086697945456E-5
2,44;128,-9.640516496750249E-5
2,427;854,9.621679904521037E-5
2,127;800,-9.607571242234238E-5
2,129;490,-9.605820878458526E-5
2,414;983,-9.604262735741125E-5
2,598;812,-9.598263847177308E-5
2,178;564,-9.58451218711985E-5
2,489;560,-9.579139797312366E-5
2,766;775,-9.562829496482359E-5
2,472;679,9.561536680711933E-5
2,339;442,-9.560560787154019E-5
2,135;803,9.555021051154803E-5
2,70;363,-9.554174325951918E-5
2,381;565,-9.550469034835728E-5
2,204;772,9.525548241616085E-5
2,300;323,9.523238264981171E-5
2,398;465,9.507394618619305E-5
2,218;974,9.496280353137794E-5
2,412;654,-9.494975437178923E-5
2,89;246,-9.471852662575464E-5
2,83;933,9.469565290518516E-5
2,340;604,-9.45832654328304E-5
2,150;824,-9.458297773296281E-5
2,129;826,9.456610933885287E-5
2,413;489,-9.45107298901451E-5
2,57;511,-9.44634458228328E-5
2,698;935,9.428405929226826E-5
2,153;648,-9.412886172433451E-5
2,79;640,9.408769143985136E-5
2,497;729,-9.402721711319377E-5
2,22;59,9.399197364363761E-5
2,529;816,9.391895448555258E-5
2,387;803,9.380949680319866E-5
2,583;755,-9.369727452186824E-5
2,201;959,9.366790661149413E-5
2,216;569,9.357315074714276E-5
2,402;476,-9.350034933881669E-5
2,200;961,9.344180673856307E-5
2,251;890,9.341711017480043E-5
2,173;449,-9.32396712742569E-5
2,153;949,9.315410148963322E-5
2,397;979,-9.311795416734517E-5
2,593;760,-9.307748592082813E-5
2,835;989,-9.295258235556641E-5
2,45;803,-9.291208934571034E-5
2,216;467,-9.281049210988094E-5
2,97;111,9.279403841284339E-5
2,526;963,9.278420639952365E-5
2,290;409,9.275957799754575E-5
2,177;604,-9.275205811826051E-5
2,144;417,9.274558410247165E-5
2,41;574,9.259403433367874E-5
2,441;987,9.258045070972739E-5
2,514;700,9.25576529928726E-5
2,157;993,-9.254935581331032E-5
2,72;132,-9.251739242715706E-5
2,26;265,-9.242743700495115E-5
2,874;894,9.231885148660833E-5
2,30;803,9.231018561470351E-5
2,193;740,9.22561848118974E-5
2,69;262,-9.224371948842425E-5
2,396;602,9.223678907608394E-5
2,352;535,9.214056036417334E-5
2,106;552,-9.211347311034051E-5
2,45;935,9.20155495343458E-5
2,168;800,9.181416862159936E-5
2,156;567,9.176943438824127E-5
2,741;947,-9.17180778386951E-5
2,361;920,9.167862869609444E-5
2,464;800,-9.164386295560211E-5
2,80;891,-9.161925060429259E-5
2,768;784,-9.152693824850038E-5
2,186;802,-9.15025680383545E-5
2,478;678,9.148841162839576E-5
2,124;428,-9.136173272946302E-5
2,417;663,-9.13596515903332E-5
2,655;836,-9.125794561564838E-5
2,454;608,9.123758744909762E-5
2,245;427,-9.105581408328494E-5
2,410;841,-9.093595800050553E-5
2,70;993,-9.07061222970571E-5
2,292;986,-9.067557686447479E-5
2,395;529,-9.063648861031794E-5
2,295;569,-9.059524565861774E-5
2,49;887,-9.05498101048052E-5
2,587;863,-9.05212620538693E-5
2,127;496,9.047121086284226E-5
2,563;695,9.042343542220613E-5
2,272;852,9.013514343349824E-5
2,607;700,9.008777636179684E-5
2,84;656,9.006986533960638E-5
2,34;36,-9.006408808530727E-5
2,70;123,-8.996125653113915E-5
2,78;586,8.992312474820605E-5
2,527;567,-8.988135491765857E-5
2,206;768,8.984361712518651E-5
2,376;703,-8.983917175026866E-5
2,68;148,-8.973872462397439E-5
2,166;346,-8.971245361169413E-5
2,45;838,8.962179262818317E-5
2,357;563,-8.956957776223365E-5
2,42;44,-8.95100490786671E-5
2,286;951,8.940978185547001E-5
2,239;822,8.933789880712897E-5
2,431;534,-8.932156016123866E-5
2,929;980,8.915103424206705E-5
2,428;751,8.902215482423061E-5
2,586;923,-8.89610370726148E-5
2,877;997,-8.892141890479543E-5
2,277;531,8.88853798410869E-5
2,215;680,8.887905571996104E-5
2,489;861,8.882235096768319E-5
2,366;521,8.87935329774812E-5
2,201;872,8.875828959779905E-5
2,151;827,-8.873783564279877E-5
2,283;509,-8.871095244575486E-5
2,295;371,-8.85892351069529E-5
2,571;680,8.846502607764227E-5
2,746;776,8.843722780894104E-5
2,87;321,8.84105653233745E-5
2,10;972,8.837951518386248E-5
2,153;740,-8.834795287979982E-5
2,149;329,8.833874884210591E-5
2,682;923,8.833699622405817E-5
2,133;264,-8.828817160842963E-5
2,547;988,8.82277016175369E-5
2,50;107,8.8187388007184E-5
2,4;250,8.811136634464216E-5
2,297;539,8.809426316022327E-5
2,276;832,8.80863730488701E-5
2,813;935,-8.806959918736096E-5
2,427;952,-8.795410956932348E-5
2,618;635,8.794194129572197E-5
2,66;385,8.789998470679305E-5
2,64;635,-8.784790054895254E-5
2,452;654,8.77967944899157E-5
2,59;981,-8.774848671055776E-5
2,424;451,8.771980640289612E-5
2,194;317,8.766907387224375E-5
2,403;641,-8.762022951059544E-5
2,101;885,-8.753431049666314E-5
2,469;982,-8.751404541552361E-5
2,468;839,8.74408833169177E-5
2,217;238,-8.739757451342542E-5
2,118;979,-8.734943356301997E-5
2,530;671,-8.731302008909331E-5
2,30;384,-8.72181330365813E-5
2,575;772,-8.718095280924315E-5
2,352;654,-8.71598309801176E-5
2,663;667,8.71217693401457E-5
2,142;748,-8.706673226703112E-5
2,119;884,8.705947716937778E-5
2,70;530,-8.701307683606128E-5
2,321;737,8.69970572337577E-5
2,120;200,-8.688843983830689E-5
2,488;564,-8.6854012186698E-5
2,531;826,-8.680528679023638E-5
2,360;599,8.673795911848359E-5
2,274;771,8.659629622374923E-5
2,253;436,8.649393346769449E-5
2,286;875,-8.642295979934956E-5
2,246;484,8.637854612654884E-5
2,106;458,-8.631820720602119E-5
2,652;819,-8.625491555314064E-5
2,105;811,-8.621072742434773E-5
2,298;755,8.620032036943375E-5
2,178;921,-8.619467805234593E-5
2,38;872,-8.610724952815047E-5
2,83;374,8.608204646165137E-5
2,554;673,8.60413683216396E-5
2,289;363,-8.593693835398808E-5
2,195;720,8.588049544797067E-5
2,332;959,8.585460084613799E-5
2,509;868,-8.5826098078645E-5
2,582;882,-8.579973533840171E-5
2,216;997,8.579544811465853E-5
2,267;319,-8.574337731994303E-5
2,268;788,8.559274728288292E-5
2,196;923,8.559151889573973E-5
2,705;746,-8.557748312301282E-5
2,93;452,8.554922876506385E-5
2,77;738,8.545403760624329E-5
2,759;895,8.534328817431155E-5
2,357;423,8.519958383001192E-5
2,214;524,8.514590452984213E-5
2,596;663,8.50976967724734E-5
2,448;847,8.507456853656554E-5
2,125;885,-8.505395433127422E-5
2,135;359,8.493968350253623E-5
2,567;881,-8.490979026940347E-5
2,11;564,8.48886469136134E-5
2,129;805,-8.471815291875997E-5
2,730;989,8.471287783284077E-5
2,379;803,-8.470146462438726E-5
2,600;950,8.469487647802851E-5
2,56;100,-8.46838282386218E-5
2,442;857,-8.463468061358169E-5
2,55;505,-8.459380690660289E-5
2,556;710,-8.458230980297192E-5
2,532;841,-8.457636584341349E-5
2,423;938,-8.450024632779099E-5
2,316;692,8.449617458818469E-5
2,516;859,8.4482085812674E-5
2,712;940,8.442631787358911E-5
2,80;206,8.438943989232863E-5
2,590;700,-8.436416248149245E-5
2,35;747,-8.43219917006111E-5
2,106;613,-8.426754250551143E-5
2,414;796,-8.421008676907925E-5
2,69;472,-8.41787443761663E-5
2,303;701,-8.403952957846965E-5
2,490;938,-8.396635568954116E-5
2,129;941,8.375429604835782E-5
2,240;821,8.358506247617483E-5
2,261;815,-8.356043908179734E-5
2,126;765,-8.34738053060498E-5
2,429;916,8.346121002412506E-5
2,3;876,8.344620073433707E-5
2,512;700,8.336361579196117E-5
2,878;880,-8.333572815498923E-5
2,162;344,-8.332341555991718E-5
2,20;996,-8.331224215128679E-5
2,613;771,8.330776173910905E-5
2,887;895,-8.321693928028837E-5
2,317;509,8.312921201427251E-5
2,134;540,-8.306440485903249E-5
2,207;964,-8.300005125268552E-5
2,258;892,-8.298426330903491E-5
2,208;828,-8.295135875316922E-5
2,287;639,8.294903885968173E-5
2,327;963,-8.294144835692963E-5
2,594;875,8.293277585869871E-5
2,738;846,-8.290110563625911E-5
2,716;778,8.289651539059552E-5
2,133;844,8.287667928164425E-5
2,103;593,-8.286799069583481E-5
2,453;757,8.285383285864159E-5
2,685;940,-8.281305592302178E-5
2,247;742,8.278933858339061E-5
2,83;763,-8.27568924238691E-5
2,168;743,-8.26996679721611E-5
2,63;950,-8.25279444576753E-5
2,2;705,8.245363339898401E-5
2,166;684,8.240231406997474E-5
2,56;322,8.236627585332105E-5
2,88;258,-8.23312625549552E-5
2,466;966,-8.227541460597185E-5
2,292;336,8.225698950964533E-5
2,68;807,8.222021271714123E-5
2,129;981,-8.22074089816181E-5
2,227;890,-8.215530864596227E-5
2,647;695,-8.21284194913533E-5
2,217;382,8.211285573121056E-5
2,275;678,-8.209811518229834E-5
2,355;424,8.207623595260428E-5
2,256;363,8.207545952640737E-5
2,366;895,-8.200841862492073E-5
2,574;939,-8.199369442534177E-5
2,113;159,-8.18880935556293E-5
2,276;509,-8.188506032110111E-5
2,181;393,8.188330052406161E-5
2,555;828,8.181453627237884E-5
2,114;665,8.177211116678235E-5
2,485;984,-8.172155833258538E-5
2,1;490,8.160977177632998E-5
2,659;956,8.151759152902867E-5
2,62;158,8.144623106183036E-5
2,635;866,-8.139053014524197E-5
2,583;802,-8.138196660327894E-5
2,16;843,-8.136769637611217E-5
2,307;852,-8.133577960210056E-5
2,244;580,-8.13177792587056E-5
2,918;945,-8.118057523109251E-5
2,138;163,8.111681475011953E-5
2,771;964,8.107893773260004E-5
2,604;722,8.100329653169834E-5
2,160;710,8.091402148621536E-5
2,111;768,-8.088512875723986E-5
2,64;997,8.085813381570541E-5
2,274;348,-8.077885464213185E-5
2,233;451,-8.070299687272834E-5
2,184;563,8.062923100707724E-5
2,743;923,-8.06246427782999E-5
2,5;727,-8.059722907972356E-5
2,133;539,-8.059344139263125E-5
2,31;386,-8.041108794846648E-5
2,215;619,8.04097046021131E-5
2,683;813,-8.038465098945219E-5
2,206;763,-8.030695043110934E-5
2,281;737,-8.01602179198057E-5
2,207;386,-8.01333481613577E-5
2,358;500,8.003446756573191E-5
2,460;845,8.002051291652384E-5
2,22;133,8.000432110353111E-5
2,28;485,-7.996094654424855E-5
2,767;793,7.971323789329427E-5
2,419;774,7.963837733024253E-5
2,481;842,-7.96061722588609E-5
2,30;582,7.959208877002233E-5
2,417;576,7.958103466096473E-5
2,30;258,-7.943631035867577E-5
2,523;881,-7.933212216910439E-5
2,485;527,-7.916653442493242E-5
2,149;561,7.910918450828999E-5
2,75;188,7.91024337686908E-5
2,322;339,-7.907573111675527E-5
2,84;665,7.903205613133627E-5
2,0;746,-7.89799954112169E-5
2,129;180,-7.896913698396224E-5
2,206;922,7.895948540013316E-5
2,128;343,-7.886062588178358E-5
2,251;809,7.883284885241602E-5
2,411;454,-7.875306388586368E-5
2,429;892,7.870366210669546E-5
2,472;936,7.863079383840808E-5
2,30;141,7.861992892853902E-5
2,105;792,-7.854554548388689E-5
2,759;842,-7.844121843138016E-5
2,57;175,-7.840644243767528E-5
2,227;354,-7.839744298463017E-5
2,373;736,7.827840974246252E-5
2,167;333,-7.825300205659404E-5
2,567;750,7.815914234439355E-5
2,268;715,-7.801583141836455E-5
2,15;974,-7.800317866289313E-5
2,487;616,-7.795982170430943E-5
2,138;420,-7.793915894225999E-5
2,536;676,-7.789561191051706E-5
2,631;955,7.781269655414733E-5
2,668;747,7.781196049047114E-5
2,182;852,7.776761654891242E-5
2,344;419,7.773570112508377E-5
2,624;653,-7.772345934995814E-5
2,215;921,-7.77159625393102E-5
2,258;691,7.768512519008677E-5
2,264;529,-7.762871313296557E-5
2,598;843,-7.762675386891466E-5
2,34;603,7.761829363783168E-5
2,660;769,7.749269954523418E-5
2,288;428,7.741923004219238E-5
2,305;694,-7.739911797221526E-5
2,518;861,-7.739846335361555E-5
2,25;780,7.730166478705144E-5
2,386;924,7.721635977951364E-5
2,128;136,-7.704155090341628E-5
2,184;196,7.693302507065832E-5
2,237;876,7.679447529946317E-5
2,726;745,-7.65646719540018E-5
2,138;902,-7.655479198600754E-5
2,415;734,-7.655063839349092E-5
2,157;479,-7.649204327883318E-5
2,210;700,7.643658881431517E-5
2,356;864,7.631460826041866E-5
2,140;982,-7.631007600378728E-5
2,449;989,-7.630271408032364E-5
2,441;735,-7.629282051155548E-5
2,52;879,7.627736106345058E-5
2,783;860,-7.623142274061695E-5
2,163;173,-7.616135619515226E-5
2,778;938,7.612632383404561E-5
2,239;347,-7.61232977135621E-5
2,424;643,-7.607304593583416E-5
2,437;983,-7.606091143483268E-5
2,585;781,7.594876478724239E-5
2,16;818,7.560571521476197E-5
2,160;705,7.558553130025359E-5
2,288;976,-7.555756964274338E-5
2,317;615,7.554616328701108E-5
2,162;684,-7.546106764714274E-5
2,732;759,7.541627386771007E-5
2,552;810,-7.539365455871265E-5
2,172;492,-7.533702975589801E-5
2,67;696,-7.526640617673941E-5
2,568;575,7.517915586607132E-5
2,72;99,7.509038894775177E-5
2,544;840,-7.507875443060004E-5
2,942;991,-7.504787228651486E-5
2,110;226,-7.49814360116753E-5
2,85;333,-7.497511736430406E-5
2,321;649,7.481277434793078E-5
2,459;926,7.475033536819238E-5
2,275;700,7.457990471922067E-5
2,136;580,-7.457603926251667E-5
2,239;450,-7.457603348624042E-5
2,133;366,7.434495609681579E-5
2,242;451,-7.42491254794596E-5
2,106;823,7.414982793638163E-5
2,93;644,-7.414272810847807E-5
2,309;366,-7.411398788707722E-5
2,94;727,-7.404520671535965E-5
2,384;529,7.402538599521893E-5
2,244;558,7.395461384041698E-5
2,791;803,-7.368179932407765E-5
2,847;856,-7.363972881864608E-5
2,741;946,-7.35006117545273E-5
2,596;748,7.34894699700441E-5
2,17;84,7.331809535840083E-5
2,613;746,7.331788952137529E-5
2,69;640,-7.325276270880355E-5
2,337;592,7.316837686019281E-5
2,17;124,-7.31024940436411E-5
2,28;984,-7.303680974733751E-5
2,384;772,-7.297234171468703E-5
2,165;998,7.293105204606213E-5
2,512;922,-7.292846621405502E-5
2,693;788,7.288303293679648E-5
2,484;773,7.281639566130696E-5
2,777;959,-7.278836517855089E-5
2,872;972,7.2581873599814E-5
2,417;798,-7.255417731101824E-5
2,738;995,7.249139388831433E-5
2,163;851,-7.248357591961745E-5
2,209;929,-7.245774134900949E-5
2,83;426,-7.235698662122536E-5
2,50;819,-7.222224967960937E-5
2,378;903,7.220370829124792E-5
2,212;471,7.217234380096296E-5
2,98;682,7.213310398016093E-5
2,56;470,-7.209726234134025E-5
2,399;536,-7.206674141809594E-5
2,411;940,7.20446844835721E-5
2,566;683,-7.181479189071048E-5
2,188;993,-7.181412995107409E-5
2,887;889,-7.167964520563025E-5
2,728;748,7.161850090890419E-5
2,218;404,7.15644713388109E-5
2,464;859,7.155379748969506E-5
2,158;570,7.140851361308798E-5
2,915;975,7.140785419724746E-5
2,272;813,-7.136875231663035E-5
2,125;718,7.132223183934768E-5
2,6;769,7.130356721770045E-5
2,81;406,7.114239669249059E-5
2,325;959,-7.113019575307538E-5
2,168;939,7.106143218542464E-5
2,456;759,7.088181724237044E-5
2,252;746,-7.086293516124927E-5
2,108;653,-7.085882482327146E-5
2,273;548,7.083895111738272E-5
2,409;415,-7.080241055895202E-5
2,96;380,7.079049697099966E-5
2,280;713,-7.075642832309575E-5
2,472;633,-7.071298392738532E-5
2,608;795,7.065918966786234E-5
2,152;229,-7.0583525475904E-5
2,107;928,-7.043057166550351E-5
2,624;684,-7.040297588485789E-5
2,28;246,-7.037909628726306E-5
2,133;365,7.016318312255336E-5
2,235;807,-7.01472990682921E-5
2,187;358,7.01200295077075E-5
2,454;965,-7.004774536447027E-5
2,81;502,-6.998800388347103E-5
2,301;679,6.995485004900459E-5
2,713;773,6.9948625824767E-5
2,95;755,-6.981534317758655E-5
2,90;486,6.978170589514587E-5
2,36;723,-6.975071791839062E-5
2,16;862,-6.974406517297981E-5
2,38;284,6.968155599405779E-5
2,179;622,-6.962803616914056E-5
2,206;617,6.95397443853541E-5
2,420;902,-6.953953717206306E-5
2,35;574,-6.953238692261263E-5
2,527;835,6.953156406225815E-5
2,68;268,6.9480759392421E-5
2,8;662,6.947394278512135E-5
2,5;374,6.942629564864577E-5
2,107;507,6.929722204453305E-5
2,465;557,-6.927957129267408E-5
2,682;728,6.906257195304841E-5
2,12;19,-6.905658285948873E-5
2,152;274,6.902678358547899E-5
2,243;378,6.902084931831651E-5
2,794;858,6.895960491448614E-5
2,208;708,6.893149996795318E-5
2,166;670,-6.891462069207426E-5
2,414;470,6.890708880531294E-5
2,498;674,6.883506394296864E-5
2,358;436,6.88317972974602E-5
2,679;872,-6.875578633469698E-5
2,368;446,-6.869439443971492E-5
2,583;662,6.867853537217634E-5
2,286;405,-6.862032917344358E-5
2,277;920,6.854359537418837E-5
2,566;841,-6.846336898325019E-5
2,706;803,-6.846317357331157E-5
2,226;335,6.838986202560897E-5
2,464;533,-6.83739615408127E-5
2,514;720,6.827217571655105E-5
2,219;436,6.821646531062686E-5
2,434;590,6.810930114361572E-5
2,2;869,6.810469785595949E-5
2,6;502,-6.80654104528139E-5
2,46;148,-6.80176365668582E-5
2,688;747,-6.796842478208498E-5
2,163;548,-6.795986367450937E-5
2,861;882,-6.789135195302275E-5
2,35;605,6.787528552612543E-5
2,801;846,-6.749501929827494E-5
2,94;543,6.748348305564787E-5
2,637;857,-6.744028860790802E-5
2,131;187,-6.741534136847921E-5
2,262;629,-6.737928481383252E-5
2,436;863,6.73514932622166E-5
2,244;572,-6.713849655304007E-5
2,88;840,6.712110085943752E-5
2,346;657,6.707641783676362E-5
2,312;344,6.701393957538023E-5
2,616;812,6.700313722124468E-5
2,192;942,6.680620834907219E-5
2,357;938,6.678192407784216E-5
2,251;282,-6.674632631672322E-5
2,392;905,-6.673259189138295E-5
2,137;626,6.669090601114316E-5
2,165;929,-6.667579664237938E-5
2,624;640,6.664660020371592E-5
2,505;784,6.65809415325488E-5
2,403;918,-6.657408080074553E-5
2,64;123,6.657025838787008E-5
2,251;999,6.655490891038162E-5
2,143;951,-6.652097113332266E-5
2,708;954,-6.650108368850004E-5
2,58;585,-6.641741205308483E-5
2,296;346,6.630252408790615E-5
2,194;674,6.624197795217953E-5
2,398;988,6.615342609802988E-5
2,275;780,-6.6142274798606E-5
2,86;755,-6.600604365373844E-5
2,910;968,-6.597964030866339E-5
2,104;594,-6.589714040800113E-5
2,434;811,-6.589658955716454E-5
2,596;608,6.56795767187146E-5
2,13;569,6.565050212820274E-5
2,625;696,-6.555409333630349E-5
2,111;183,-6.55516033397668E-5
2,83;681,6.554600317620192E-5
2,725;976,-6.542421242971038E-5
2,815;839,-6.534549027601943E-5
2,193;742,-6.530120601542436E-5
2,103;653,-6.507538950464755E-5
2,218;278,6.505469927885848E-5
2,23;565,6.492313743493885E-5
2,57;967,6.492132230293095E-5
2,59;846,6.47488087460298E-5
2,43;347,6.47384252854286E-5
2,277;889,6.467568840109078E-5
2,926;973,-6.464268930852598E-5
2,82;303,-6.462744447481775E-5
2,519;524,6.45541414469904E-5
2,385;944,-6.454302310003867E-5
2,324;570,-6.44941984040304E-5
2,467;845,-6.447838540010583E-5
2,0;110,-6.444344099031774E-5
2,65;954,-6.438472658120849E-5
2,781;827,-6.438453984269057E-5
2,460;738,6.437330798428227E-5
2,163;694,6.436746395685013E-5
2,42;662,-6.425699310719498E-5
2,192;876,6.425388667503234E-5
2,130;775,6.424405442176431E-5
2,433;773,-6.4202273887984E-5
2,520;936,-6.420062736795293E-5
2,878;964,-6.418775715173112E-5
2,251;741,6.402899063615597E-5
2,80;706,6.399747030413193E-5
2,795;908,6.391348503195451E-5
2,606;680,-6.39123429595128E-5
2,532;546,6.390306579821883E-5
2,137;850,-6.386423742489413E-5
2,528;718,-6.386164377628055E-5
2,384;592,6.385182784471186E-5
2,496;954,-6.361855840804276E-5
2,575;972,6.354159646581204E-5
2,101;291,-6.335129969217891E-5
2,467;632,-6.324862479138291E-5
2,448;561,-6.309038228586892E-5
2,404;772,-6.303420868384238E-5
2,142;646,6.300071093124106E-5
2,606;690,6.298248937162577E-5
2,126;855,-6.288530982687286E-5
2,210;234,-6.285441171609098E-5
2,790;954,-6.283995055819174E-5
2,508;829,-6.276110568723456E-5
2,543;869,-6.26495733283695E-5
2,440;855,6.261859118552661E-5
2,36;880,6.256060363354255E-5
2,811;833,-6.251774816228432E-5
2,136;337,-6.250717215690957E-5
2,731;773,-6.250339028865416E-5
2,255;884,-6.247393439480942E-5
2,514;671,-6.245410697194075E-5
2,325;896,6.245287257182619E-5
2,30;352,-6.245050827648782E-5
2,92;169,-6.239311225602203E-5
2,223;760,-6.236224606579926E-5
2,507;741,-6.23106509873714E-5
2,128;919,-6.214913405152622E-5
2,433;746,6.208808389033224E-5
2,259;528,-6.197500343116643E-5
2,354;890,-6.188810207589075E-5
2,623;787,6.188599637256821E-5
2,53;470,-6.187422859083655E-5
2,43;545,-6.183604117123501E-5
2,164;661,6.175124889843817E-5
2,125;422,-6.173045520073489E-5
2,278;865,6.170724008403341E-5
2,376;506,-6.164969725434967E-5
2,285;427,-6.158255589030797E-5
2,172;279,-6.154884108907293E-5
2,66;468,6.147402843109445E-5
2,738;805,6.145193268602878E-5
2,76;867,6.140316223869246E-5
2,258;940,-6.139845261226662E-5
2,694;712,-6.136471116548832E-5
2,161;251,-6.133240752100322E-5
2,241;597,-6.126486374766687E-5
2,468;866,6.11207928875947E-5
2,256;470,-6.111920192156478E-5
2,216;538,6.109199738194769E-5
2,333;822,-6.107696236740117E-5
2,637;790,6.10426337807126E-5
2,438;806,-6.1034353672253754E-5
2,15;746,6.095630170029012E-5
2,572;965,-6.0813014936540064E-5
2,53;797,6.0803094332470485E-5
2,596;686,-6.080000294189804E-5
2,278;947,-6.0745996100911914E-5
2,330;625,6.0724811535517176E-5
2,287;470,-6.070964931134207E-5
2,718;899,-6.052168111403187E-5
2,93;785,6.048821242770492E-5
2,223;647,6.042185874194328E-5
2,494;552,-6.0416550353572616E-5
2,326;674,6.039982741319808E-5
2,31;620,6.0340038447448636E-5
2,43;48,6.0283944962328586E-5
2,516;793,-6.025034867587355E-5
2,110;192,-6.010046166299475E-5
2,7;864,-6.007894974827413E-5
2,274;674,-5.998814148199989E-5
2,21;253,-5.9976655250390266E-5
2,46;737,-5.990515034836257E-5
2,148;562,5.989497422952131E-5
2,192;990,-5.988992603728133E-5
2,593;892,5.985552990014503E-5
2,551;580,5.964890695929251E-5
2,468;679,-5.9516028718975546E-5
2,224;604,5.94280421756708E-5
2,653;797,-5.923278428189284E-5
2,269;711,5.9187906707944966E-5
2,565;957,5.918081545922575E-5
2,302;747,-5.914592767480305E-5
2,402;523,-5.909794043776563E-5
2,45;98,5.905757835997147E-5
2,381;983,5.893104308276945E-5
2,196;891,5.891173425866571E-5
2,300;431,-5.8906330521124015E-5
2,262;846,5.884277821543634E-5
2,278;290,-5.880806609127165E-5
2,510;885,-5.8779380358422256E-5
2,4;949,5.873087690087063E-5
2,588;598,5.8638007168130256E-5
2,592;727,-5.8481611117617365E-5
2,631;823,-5.84683450842517E-5
2,19;969,5.8446046496714074E-5
2,375;611,-5.8403884627265094E-5
2,215;372,-5.839743912614179E-5
2,47;463,5.839002227386543E-5
2,496;970,5.832670089341616E-5
2,464;483,-5.832588701751644E-5
2,438;538,5.8308384048306765E-5
2,431;695,-5.821493952465681E-5
2,190;940,5.817327784172696E-5
2,407;852,5.812751246441675E-5
2,798;842,5.8122809819600874E-5
2,529;817,-5.811971856153199E-5
2,265;731,-5.807909430554539E-5
2,528;956,-5.805808646973833E-5
2,85;748,-5.80323011662207E-5
2,287;721,-5.799308832256028E-5
2,198;526,5.798543288214545E-5
2,457;660,5.797354174894141E-5
2,211;772,-5.796581173268411E-5
2,27;74,-5.7937713582920256E-5
2,144;578,-5.790574259997508E-5
2,315;380,-5.786038730998148E-5
2,884;891,-5.76833029277236E-5
2,602;818,5.7663022582380295E-5
2,746;819,5.7607733516246155E-5
2,487;949,5.742354530427502E-5
2,76;159,-5.736744309697158E-5
2,552;709,5.734864629129328E-5
2,137;835,5.732541598553116E-5
2,347;733,-5.7197417044020555E-5
2,624;634,5.717828870119334E-5
2,146;847,5.714557073396681E-5
2,18;446,-5.7041755680746004E-5
2,36;309,-5.683435664950219E-5
2,842;892,5.682615619917536E-5
2,426;763,5.679313985241912E-5
2,202;280,-5.6741538110714514E-5
2,26;222,5.669229135962908E-5
2,539;542,-5.667274544132756E-5
2,322;496,5.6580670953208415E-5
2,702;738,-5.655284007358244E-5
2,523;831,-5.654535142540468E-5
2,435;804,5.652723855396313E-5
2,751;949,-5.6441763444922065E-5
2,209;475,5.636150450843148E-5
2,132;480,5.632592089013147E-5
2,160;847,-5.63026049159789E-5
2,100;135,-5.610642416053122E-5
2,459;680,5.607709764851651E-5
2,33;554,5.601884023536952E-5
2,699;877,5.601129769514304E-5
2,1;491,-5.597447397311818E-5
2,842;920,-5.5942324202713836E-5
2,377;621,-5.592716320209215E-5
2,325;456,-5.5864882966571026E-5
2,476;722,5.5758441332863426E-5
2,594;965,-5.5684799068127954E-5
2,42;45,5.5569303221459906E-5
2,593;615,5.5567337146673255E-5
2,154;400,5.546593396471415E-5
2,851;873,-5.544473320129595E-5
2,82;655,5.540472925798351E-5
2,247;567,-5.536098705122654E-5
2,471;977,-5.5349306500905624E-5
2,274;372,5.526943784089741E-5
2,764;781,5.512378451041053E-5
2,176;497,5.503278322976028E-5
2,521;626,-5.499237667059796E-5
2,335;607,5.497495729844107E-5
2,110;280,-5.496522041298357E-5
2,42;731,5.4940472758551395E-5
2,369;916,5.4570841995512485E-5
2,518;546,-5.455215767640094E-5
2,69;629,-5.4361489241494244E-5
2,123;354,-5.426572154619644E-5
2,919;932,-5.416837704644151E-5
2,443;963,-5.414996450433711E-5
2,53;338,5.41379774575079E-5
2,185;559,5.4069116160429156E-5
2,131;891,5.4027476650112456E-5
2,144;240,5.401424888590507E-5
2,56;499,-5.401274115439607E-5
2,76;224,5.400575987388456E-5
2,380;415,5.397663590265943E-5
2,740;929,-5.3783420263975635E-5
2,674;680,5.373720486534692E-5
2,371;916,-5.369839505592243E-5
2,434;684,5.3682785820679576E-5
2,686;755,-5.359583533111616E-5
2,229;628,5.3572843809150504E-5
2,497;974,-5.346917071391452E-5
2,781;799,5.3455613024863364E-5
2,307;395,5.341427334089847E-5
2,182;811,5.340375219617638E-5
2,646;897,5.337125747695996E-5
2,389;514,5.335929475475996E-5
2,68;152,5.32354704172148E-5
2,608;908,5.315002662414957E-5
2,961;963,5.312804314827284E-5
2,280;507,5.3122872379788577E-5
2,868;995,-5.3057652045630804E-5
2,601;897,5.304539353271287E-5
2,413;838,5.29712577498442E-5
2,96;415,-5.2965767427679597E-5
2,354;883,5.289915653354738E-5
2,149;358,5.286132179785888E-5
2,3;237,5.2852472407057694E-5
2,807;855,5.28522008039769E-5
2,592;746,5.284086229918521E-5
2,287;869,5.278029204671729E-5
2,52;74,-5.2666404436628E-5
2,358;989,-5.266143976805006E-5
2,164;306,-5.24961199801515E-5
2,55;208,-5.2486358260459045E-5
2,476;904,5.2469641596212894E-5
2,579;694,5.2454597402898874E-5
2,536;808,-5.236942083401411E-5
2,796;960,-5.2330886667201624E-5
2,146;760,-5.229432623943806E-5
2,490;881,-5.225448861558145E-5
2,105;581,5.220747751758058E-5
2,207;485,-5.214902243782137E-5
2,112;162,5.206833455935765E-5
2,535;654,5.2032993807899634E-5
2,26;647,5.202533596565158E-5
2,203;796,-5.2022474437022876E-5
2,59;857,-5.202239562438242E-5
2,379;387,5.2017585643116176E-5
2,732;872,-5.1940928241046596E-5
2,517;588,-5.18032895964842E-5
2,360;789,5.173936963667222E-5
2,81;165,-5.1714060232386326E-5
2,386;938,-5.167266994784468E-5
2,76;456,-5.167204047397932E-5
2,218;854,5.1446727620642925E-5
2,107;396,5.1432288028387644E-5
2,370;668,-5.140406568412563E-5
2,251;724,5.140228925868079E-5
2,225;983,-5.131017903714869E-5
2,349;576,-5.129744300200354E-5
2,756;820,5.1268502146157206E-5
2,636;789,5.114868143678208E-5
2,209;215,5.1138425872271954E-5
2,584;803,5.1113095861307096E-5
2,81;998,-5.1063484225888345E-5
2,692;739,-5.1018400896420775E-5
2,781;895,5.1002867429594256E-5
2,45;731,5.097771246668287E-5
2,471;846,5.096207062399233E-5
2,550;802,-5.08476513931753E-5
2,37;660,5.080140080009152E-5
2,305;579,5.0718274286515766E-5
2,773;798,5.0668713843819684E-5
2,884;978,5.065138977958382E-5
2,185;875,-5.0626329246018855E-5
2,28;951,5.0601911943673766E-5
2,673;726,-5.0503532080916986E-5
2,260;984,-5.045495768821552E-5
2,457;633,-5.041972641070015E-5
2,166;717,-5.038356938277343E-5
2,628;951,-5.034231759546283E-5
2,28;732,-5.032077401879366E-5
2,129;395,-5.027947704790926E-5
2,238;762,4.998500064400835E-5
2,469;840,-4.995719961391385E-5
2,246;378,-4.9934842887758735E-5
2,605;839,-4.9933093620549096E-5
2,316;384,4.9871716384537606E-5
2,394;713,4.9839490479702116E-5
2,268;362,4.982685450777305E-5
2,102;891,-4.9821781502012277E-5
2,52;895,4.976075849623711E-5
2,165;980,-4.9755674896653585E-5
2,540;622,4.974612224585044E-5
2,310;356,4.970090905870851E-5
2,582;923,-4.962364924708765E-5
2,578;782,4.959410967465043E-5
2,874;909,4.9585570546840445E-5
2,518;790,4.94143616240907E-5
2,283;564,4.936085441437146E-5
2,137;143,-4.93565201846537E-5
2,107;189,4.9349612373095223E-5
2,112;344,4.9346992704253494E-5
2,496;504,-4.926076979222871E-5
2,492;734,4.919961292810705E-5
2,10;146,-4.8965840795618E-5
2,736;870,-4.89470868927408E-5
2,839;892,-4.88835636260319E-5
2,209;477,4.886664067004944E-5
2,113;909,4.877544884878653E-5
2,284;714,4.8765721194852954E-5
2,219;662,4.85988373849028E-5
2,555;734,4.849504504561533E-5
2,507;724,4.848474895718785E-5
2,504;553,-4.8418454235815814E-5
2,44;698,-4.8406793435882504E-5
2,110;940,-4.830646638664793E-5
2,266;541,-4.8274852077051067E-5
2,356;880,-4.82531103485051E-5
2,94;415,4.8229484675189064E-5
2,110;655,-4.819020192445166E-5
2,584;774,4.811740669741964E-5
2,681;781,4.801249952296021E-5
2,35;447,4.799201763829592E-5
2,324;747,-4.783851423316603E-5
2,37;813,-4.7730207827115054E-5
2,56;135,-4.7713032675517994E-5
2,567;835,-4.769761239823976E-5
2,77;771,4.7686485681078306E-5
2,513;851,4.766071944948605E-5
2,295;900,4.7653962931690927E-5
2,463;929,-4.7596821054697534E-5
2,662;826,-4.754185644371074E-5
2,149;222,4.7435417154355136E-5
2,239;763,-4.743177312950192E-5
2,504;732,-4.739849634466679E-5
2,578;788,-4.738108337696914E-5
2,554;577,-4.7305785057719985E-5
2,465;639,4.72976957262758E-5
2,684;892,4.72577753345699E-5
2,461;961,-4.7223341834173846E-5
2,544;604,-4.7216870214729035E-5
2,246;319,4.7154349833009217E-5
2,176;652,-4.7103423024102766E-5
2,496;700,4.6954678395319946E-5
2,522;644,4.6896850146575966E-5
2,384;404,-4.6865475122213754E-5
2,343;985,4.676138782940661E-5
2,126;277,-4.6709708610835567E-5
2,314;418,4.669154908495059E-5
2,382;528,-4.669026840664365E-5
2,190;470,-4.662551754892938E-5
2,732;913,-4.6582769430151146E-5
2,528;797,-4.650141965425522E-5
2,55;708,-4.636712701878327E-5
2,340;580,-4.634040702343745E-5
2,266;608,-4.6316340478384264E-5
2,315;879,4.6260822846537226E-5
2,56;857,4.6142261670377965E-5
2,215;439,-4.613621343109985E-5
2,700;780,4.6073516029380675E-5
2,523;622,-4.606885111763277E-5
2,555;620,-4.606696879827797E-5
2,532;610,-4.605530454630406E-5
2,343;983,-4.599843451537456E-5
2,439;680,-4.598899990215712E-5
2,577;858,4.590129455073598E-5
2,235;422,4.586212328365469E-5
2,262;660,4.583627637935757E-5
2,787;946,4.579190126287919E-5
2,170;440,-4.578123274642754E-5
2,215;274,-4.578046540148512E-5
2,474;951,4.575478823252691E-5
2,185;535,-4.573194134026648E-5
2,163;273,-4.560172380881454E-5
2,505;916,4.558983703469893E-5
2,363;531,4.5569299624978105E-5
2,801;961,-4.556197647093297E-5
2,323;398,-4.552861913102757E-5
2,119;651,4.5421196503757396E-5
2,107;800,4.5407042126312334E-5
2,208;922,-4.528503413752906E-5
2,190;712,4.52488638747854E-5
2,222;370,-4.4999885945743865E-5
2,9;947,4.496010397895947E-5
2,115;370,4.49354297682886E-5
2,241;938,-4.49280324426712E-5
2,286;767,4.4872483967784664E-5
2,68;800,4.4862278883825936E-5
2,247;752,-4.4837337891137905E-5
2,80;803,-4.483105632024762E-5
2,456;496,-4.4815479774067314E-5
2,554;643,4.477886267034835E-5
2,206;453,4.475783036197029E-5
2,339;857,4.4751444476173836E-5
2,727;761,-4.470538729442578E-5
2,45;317,4.470228822745209E-5
2,31;938,4.4612628569508196E-5
2,35;138,4.457496542699287E-5
2,262;879,4.455248234423015E-5
2,594;915,-4.454473315460959E-5
2,540;814,4.4528885137242904E-5
2,424;475,-4.440212187289241E-5
2,87;744,-4.4303034813115694E-5
2,594;672,-4.430062960875175E-5
2,558;735,-4.426666128841036E-5
2,180;561,4.4248202550056616E-5
2,277;988,-4.4189363893536946E-5
2,590;832,4.417386631178966E-5
2,112;188,-4.416317163904278E-5
2,472;526,-4.408057548743755E-5
2,358;925,-4.407129991530932E-5
2,166;292,-4.406430200706524E-5
2,160;403,4.403490990108247E-5
2,334;853,4.403488004922336E-5
2,232;630,-4.4016249471983083E-5
2,606;745,4.383798485386829E-5
2,495;799,4.379944819557249E-5
2,447;837,4.379732059001263E-5
2,345;774,4.379454548536917E-5
2,611;910,-4.37587516879621E-5
2,567;603,4.375656576554773E-5
2,553;995,-4.37461891780714E-5
2,243;458,4.3698474303146496E-5
2,500;599,4.369734809456058E-5
2,234;965,-4.361162466082026E-5
2,662;759,4.356143419885762E-5
2,440;525,-4.351054502682815E-5
2,94;409,4.3473212734188794E-5
2,396;429,-4.342856511632963E-5
2,557;674,4.333758627659319E-5
2,366;452,4.321384576641603E-5
2,70;981,-4.3024988543776466E-5
2,13;655,4.301286124525676E-5
2,565;834,4.298554732273799E-5
2,240;994,-4.2979295406658014E-5
2,592;664,-4.295872675784637E-5
2,129;522,-4.289707206696084E-5
2,377;810,-4.2815234435527485E-5
2,486;908,4.2682978319008875E-5
2,68;229,4.26648853302055E-5
2,273;887,4.263285781412615E-5
2,667;966,-4.257137965554381E-5
2,0;987,-4.2558529960035215E-5
2,54;743,-4.255555661579594E-5
2,380;533,4.251651265197594E-5
2,300;534,-4.229403771370705E-5
2,218;691,-4.2255289706145434E-5
2,205;311,-4.223357098885916E-5
2,349;417,4.2231287726096207E-5
2,398;871,-4.2191909348449476E-5
2,89;103,-4.211839917484195E-5
2,455;986,4.209552885706828E-5
2,53;835,-4.2027625723765603E-5
2,525;855,-4.197761854956768E-5
2,93;561,-4.191686703903236E-5
2,260;290,4.191009172023934E-5
2,382;751,4.189552499237295E-5
2,111;157,4.185551776070407E-5
2,185;394,4.166576183578774E-5
2,503;633,-4.166469054454282E-5
2,471;857,4.163128530163336E-5
2,398;943,4.144318716783263E-5
2,112;222,4.134625960135076E-5
2,551;853,-4.130971844188271E-5
2,698;758,4.129765687386436E-5
2,756;991,4.128819223037836E-5
2,254;523,-4.127669979070831E-5
2,279;453,4.125770813720048E-5
2,182;796,4.118587656050482E-5
2,260;349,-4.116582349673077E-5
2,564;756,4.1099241522609286E-5
2,314;894,4.1056241524400226E-5
2,133;649,-4.104810815579206E-5
2,55;385,4.100521205653981E-5
2,598;922,-4.100397083280366E-5
2,130;133,-4.099722259444715E-5
2,347;441,-4.0865304854591016E-5
2,5;439,-4.085663555257827E-5
2,436;674,4.08118724882099E-5
2,568;761,-4.072862251529799E-5
2,21;864,4.066901254384428E-5
2,27;186,4.0525102651240836E-5
2,99;296,-4.050553766651451E-5
2,316;592,-4.0447552736407935E-5
2,499;500,4.035557693567653E-5
2,267;890,-4.034551446616334E-5
2,458;919,-4.030557819922156E-5
2,340;479,-4.021999254973601E-5
2,432;507,4.0186245235237964E-5
2,617;763,4.0183823369748045E-5
2,72;617,-4.0135774913567567E-5
2,584;893,4.0131419080306515E-5
2,202;616,-4.013062489657712E-5
2,37;843,4.012652560004662E-5
2,642;860,-3.9966946540603536E-5
2,359;718,-3.991505419717993E-5
2,286;615,3.989223418892768E-5
2,46;935,-3.980976094572854E-5
2,38;758,3.9714068236532316E-5
2,282;954,3.969559055413592E-5
2,42;285,-3.956756749756242E-5
2,525;821,-3.953278171855838E-5
2,106;611,3.9518618608429574E-5
2,519;875,3.95174174258005E-5
2,84;250,-3.950821228789577E-5
2,149;868,-3.948059711767021E-5
2,782;998,-3.947734617611533E-5
2,257;429,3.943893102834964E-5
2,17;288,3.940228034050951E-5
2,51;954,3.9373945157063275E-5
2,315;826,-3.935690833458744E-5
2,482;828,3.931246946766401E-5
2,73;271,3.930615651692539E-5
2,77;266,-3.929048365416577E-5
2,150;727,3.9290328833827245E-5
2,693;892,-3.92686895778598E-5
2,395;773,-3.9262179785258036E-5
2,713;798,3.925218902971549E-5
2,912;937,-3.920468396489961E-5
2,321;834,-3.919335036891385E-5
2,531;637,-3.9043097010768856E-5
2,680;782,-3.887767316608048E-5
2,876;923,3.874240877361653E-5
2,2;496,-3.873534691181492E-5
2,675;938,3.860451641544581E-5
2,419;878,3.856605074473483E-5
2,2;214,3.855970401298789E-5
2,322;754,-3.8480230982115614E-5
2,201;868,3.8306772582319404E-5
2,350;983,3.828279748772666E-5
2,571;606,3.821455019995633E-5
2,405;567,3.8168572085694644E-5
2,528;936,3.7932678544647535E-5
2,439;575,3.7901168949180914E-5
2,438;803,-3.788811431253836E-5
2,54;798,3.783008023049333E-5
2,476;532,3.78285980047326E-5
2,672;965,-3.7789832207757615E-5
2,614;663,-3.7720019768492695E-5
2,390;768,3.769251859525229E-5
2,559;908,3.76882596979944E-5
2,46;796,3.7619625905702044E-5
2,84;945,-3.7617526235369776E-5
2,89;240,3.749991152946417E-5
2,535;903,-3.742650141752639E-5
2,163;557,3.7416988632915674E-5
2,32;84,3.7384966017514895E-5
2,62;64,-3.7371742574008324E-5
2,824;840,3.735856086394243E-5
2,268;292,3.7345443526539344E-5
2,265;417,-3.729691645182861E-5
2,347;533,-3.729168740400986E-5
2,25;216,-3.709284882070221E-5
2,295;746,3.705243214483201E-5
2,575;670,3.696622540369092E-5
2,224;239,3.6903527774231364E-5
2,81;107,-3.682218205073515E-5
2,627;922,3.6724447611459124E-5
2,170;738,-3.672155465890458E-5
2,61;857,3.671112301268094E-5
2,751;815,3.6681606302486654E-5
2,16;881,-3.6618912264888076E-5
2,686;744,3.6596088308214914E-5
2,342;623,3.649824242036025E-5
2,288;500,-3.640307675756353E-5
2,209;353,3.639405876728068E-5
2,43;205,3.632797460287635E-5
2,85;518,3.63254607610031E-5
2,176;896,3.630349209708521E-5
2,188;222,3.6300891023439264E-5
2,225;350,3.6217266714808655E-5
2,26;370,-3.6169160115854974E-5
2,530;712,3.614602009222261E-5
2,35;848,3.606392997465951E-5
2,292;580,3.602479623741327E-5
2,636;934,3.59867962568171E-5
2,597;660,-3.598593678418155E-5
2,209;496,3.593689112128134E-5
2,507;546,-3.5924352452514037E-5
2,30;794,-3.5895949424829006E-5
2,777;993,3.586946237367664E-5
2,184;287,-3.5857043038944186E-5
2,177;224,3.5855526622415646E-5
2,539;562,3.585354545202953E-5
2,133;990,-3.5706476253523536E-5
2,526;529,-3.5648730162797684E-5
2,95;859,3.559182114037672E-5
2,63;108,-3.555017666453156E-5
2,56;591,-3.553927474201395E-5
2,262;930,-3.547611038925683E-5
2,78;84,-3.547279854532886E-5
2,207;924,-3.537904103543457E-5
2,68;562,3.536405974206248E-5
2,440;539,3.527055233093665E-5
2,709;810,-3.5216992240126464E-5
2,224;232,3.516346301238535E-5
2,923;993,-3.51585637870928E-5
2,547;949,3.513544480861908E-5
2,542;880,-3.5086119362493647E-5
2,251;979,3.508190806528736E-5
2,256;871,3.5066271148703174E-5
2,1;872,-3.501431542076243E-5
2,112;532,-3.5003485685950425E-5
2,348;478,3.4964331536022003E-5
2,246;903,-3.494381167822655E-5
2,85;517,-3.492169606202869E-5
2,352;950,-3.488932197684251E-5
2,54;361,3.488216756061642E-5
2,96;448,3.483708638817136E-5
2,82;110,-3.4814249108169065E-5
2,275;629,3.480452957222012E-5
2,183;556,-3.477688233400524E-5
2,334;514,3.4699017194152516E-5
2,145;872,3.46227328299612E-5
2,85;915,3.4600355084551715E-5
2,368;773,-3.449922803407293E-5
2,275;949,-3.443606983586592E-5
2,53;597,3.439961598205548E-5
2,223;408,-3.436492112104844E-5
2,121;450,-3.434597053411789E-5
2,269;392,-3.433246969581604E-5
2,740;991,-3.433124957592088E-5
2,297;869,-3.422020745868365E-5
2,531;849,-3.419440124636208E-5
2,162;489,3.419346736689645E-5
2,156;196,3.416382426924161E-5
2,226;940,3.414605018157239E-5
2,192;527,-3.412778824456157E-5
2,119;747,-3.409959875492542E-5
2,67;717,-3.407308968065938E-5
2,382;471,-3.4014992593302734E-5
2,354;610,-3.399080866536619E-5
2,10;511,3.3976873303754054E-5
2,14;593,-3.3901682340824305E-5
2,486;613,-3.385860969577906E-5
2,643;879,3.379309668891442E-5
2,507;873,-3.378513233194394E-5
2,735;835,3.37456490843572E-5
2,340;589,3.367455158363758E-5
2,326;571,-3.364615597690986E-5
2,917;939,-3.3642415624580035E-5
2,310;404,3.353868420444282E-5
2,613;804,-3.3508824866143094E-5
2,380;998,3.3492057883087135E-5
2,179;378,3.336631980883098E-5
2,226;742,3.336341949366782E-5
2,33;136,-3.3320379537300344E-5
2,403;710,-3.329224415209017E-5
2,413;680,-3.328101784810352E-5
2,671;971,-3.326282115667371E-5
2,815;983,-3.3120294279745166E-5
2,146;489,-3.304143893055396E-5
2,417;684,-3.2984009598498125E-5
2,556;688,3.296448909120256E-5
2,770;983,3.296207300010377E-5
2,326;859,3.2934892478415776E-5
2,258;923,-3.288344209046748E-5
2,195;962,-3.280466011719378E-5
2,501;889,-3.2786485821427474E-5
2,627;743,3.273828102869632E-5
2,762;849,3.262623164417331E-5
2,398;687,-3.261290956662208E-5
2,85;688,3.250175002173938E-5
2,376;852,-3.2498670790004346E-5
2,400;676,-3.2497226467260774E-5
2,381;624,3.2483579306845035E-5
2,38;383,-3.246339779257201E-5
2,97;183,-3.245412799786375E-5
2,495;630,-3.239402462087115E-5
2,58;651,3.238766676788971E-5
2,446;837,3.23178747745336E-5
2,136;269,3.226656619027757E-5
2,138;740,-3.2247320086413055E-5
2,212;435,-3.221510372244575E-5
2,203;564,-3.221144632708191E-5
2,1;379,-3.220693343844869E-5
2,359;549,-3.2147151566380305E-5
2,321;892,-3.206692549225815E-5
2,8;636,-3.205117649295211E-5
2,120;466,3.199771519505948E-5
2,351;970,3.1977922721375255E-5
2,274;897,-3.196316542504354E-5
2,671;720,3.188802188451496E-5
2,67;147,3.187314489307662E-5
2,24;638,-3.186938961722244E-5
2,732;842,3.18650579639079E-5
2,225;781,-3.1846688457257674E-5
2,562;974,3.1735648724656994E-5
2,385;663,-3.170831561927376E-5
2,774;926,-3.166078674203783E-5
2,881;927,3.163632230959457E-5
2,71;603,3.159140571491206E-5
2,136;919,-3.157422011359973E-5
2,199;363,-3.156371448285212E-5
2,791;827,3.152408251904895E-5
2,262;673,-3.147063219535756E-5
2,142;521,-3.136595741856939E-5
2,61;905,3.1337459665573774E-5
2,594;975,3.131514886941925E-5
2,599;789,3.131270883104599E-5
2,354;730,3.12718751740024E-5
2,342;411,3.1216074353433194E-5
2,421;713,3.1112304775715E-5
2,90;989,-3.108573666397948E-5
2,117;783,3.107891465206776E-5
2,155;455,3.1040104957651566E-5
2,215;770,3.0898849277413126E-5
2,117;721,3.088943703223071E-5
2,661;722,3.078536893082849E-5
2,388;877,-3.0759722273196176E-5
2,326;498,-3.072476591452271E-5
2,191;473,3.053507590231051E-5
2,440;542,-3.051691750040847E-5
2,47;210,3.048935062493925E-5
2,145;732,-3.0484850697873322E-5
2,730;835,3.0417452931737574E-5
2,176;467,3.0386435235034953E-5
2,114;697,3.038470860126441E-5
2,123;849,-3.037322695547201E-5
2,273;889,-3.0332716114072636E-5
2,372;932,3.032333136843718E-5
2,77;206,-3.0303787189420894E-5
2,312;855,-3.0254765968290757E-5
2,3;961,3.0219133524230724E-5
2,564;910,3.0206642265012575E-5
2,101;436,3.0192322070285743E-5
2,424;665,-3.018371496714714E-5
2,427;525,-3.0177364074802677E-5
2,168;627,3.0030919100033056E-5
2,391;575,3.0011947549075866E-5
2,133;570,2.9949679753389496E-5
2,569;997,2.9841980927358002E-5
2,414;770,-2.9790214769546644E-5
2,265;276,2.977506338716647E-5
2,341;603,-2.9761726490087003E-5
2,234;972,-2.9734439030224478E-5
2,500;657,-2.971946046758246E-5
2,124;662,-2.9699883867408142E-5
2,26;326,2.9644967123606662E-5
2,232;884,-2.9634897769467706E-5
2,664;738,-2.960634200194949E-5
2,806;859,-2.9590180190579823E-5
2,382;864,2.9553405040285474E-5
2,59;493,-2.954778575415952E-5
2,324;587,-2.9428956102028837E-5
2,470;952,2.940969982937758E-5
2,45;499,2.9327239424013204E-5
2,74;835,2.9080028368311863E-5
2,33;292,2.9030415875544154E-5
2,209;980,2.8847271065524664E-5
2,448;969,2.8829405385384645E-5
2,570;609,-2.8773094141987212E-5
2,240;417,2.8733024210149575E-5
2,400;536,-2.8679558989263027E-5
2,95;987,2.8651694393828808E-5
2,347;976,2.8646642155304256E-5
2,202;352,-2.8635657084714604E-5
2,218;310,-2.8622836166264058E-5
2,309;324,2.8602137398000534E-5
2,198;766,-2.853468335970827E-5
2,396;818,2.8525166390360805E-5
2,376;923,2.8516338940500875E-5
2,29;895,-2.846881126858693E-5
2,284;286,2.842556132341892E-5
2,4;746,2.8403836385094306E-5
2,159;734,2.836164176656693E-5
2,240;268,2.8355291183325084E-5
2,552;759,-2.834693512141935E-5
2,327;807,2.832889211702247E-5
2,523;736,-2.8306637820362315E-5
2,421;832,2.828157149893962E-5
2,206;891,-2.8236432752136042E-5
2,320;600,-2.822612922347957E-5
2,410;672,-2.8203442754734965E-5
2,215;980,-2.8189933952442473E-5
2,56;151,-2.814313111169234E-5
2,796;811,2.8089171094983574E-5
2,528;552,2.801990321988569E-5
2,146;163,2.7970953219632904E-5
2,252;705,2.7968873632252604E-5
2,724;741,2.7966280821417223E-5
2,281;530,2.795582928968704E-5
2,382;571,2.786891528591834E-5
2,349;635,2.7788747558279106E-5
2,158;948,2.7769457546668306E-5
2,248;838,2.7728346282601653E-5
2,10;603,2.7593233296995534E-5
2,215;819,-2.753826695543589E-5
2,35;428,2.7534647146980576E-5
2,536;929,2.7519282793724122E-5
2,122;516,2.7467472679231693E-5
2,270;475,-2.7463371704011684E-5
2,164;966,2.7453924925956164E-5
2,99;118,2.7410706744410957E-5
2,743;798,-2.739907531024437E-5
2,536;589,-2.7269306646838743E-5
2,50;359,-2.7198948714707684E-5
2,76;824,2.7164058369250706E-5
2,117;331,-2.7122008267902997E-5
2,26;201,2.693039105156013E-5
2,528;548,2.683449872505975E-5
2,941;981,-2.682346524711385E-5
2,846;879,-2.677768377405168E-5
2,548;810,2.6765045868139035E-5
2,90;146,-2.6705709640701626E-5
2,651;653,-2.665566401367149E-5
2,552;623,2.6615554037979162E-5
2,593;882,-2.648674001387838E-5
2,95;806,-2.6324774619487803E-5
2,85;142,-2.6299696968603528E-5
2,603;902,-2.6275032054932495E-5
2,122;324,2.626852419509576E-5
2,571;859,2.625533458701554E-5
2,296;851,-2.62048771918007E-5
2,355;451,2.6200236227149427E-5
2,34;688,-2.6094564853639646E-5
2,18;220,-2.608739289446574E-5
2,332;777,-2.6061039502518952E-5
2,536;987,2.5994630106923197E-5
2,801;983,-2.5942434390617067E-5
2,609;904,-2.5910020430738133E-5
2,23;475,-2.5893251495352668E-5
2,349;993,-2.5882864753211276E-5
2,22;53,-2.586837978293763E-5
2,671;927,2.5865675594149886E-5
2,177;472,-2.5824002745655078E-5
2,803;818,2.582397021350007E-5
2,203;395,-2.581920637716957E-5
2,446;468,2.5678155026250843E-5
2,50;230,2.5671755680414425E-5
2,36;694,2.565642606002261E-5
2,469;643,2.565295615819073E-5
2,125;814,-2.5607014401082483E-5
2,515;661,2.5592179596749753E-5
2,738;942,-2.5570796878518515E-5
2,345;849,2.5528641274852244E-5
2,930;936,-2.5528128080371237E-5
2,14;416,2.5498941581058337E-5
2,231;277,-2.5479143712975884E-5
2,153;990,-2.546673467331509E-5
2,510;737,2.546437245466039E-5
2,602;929,-2.5444606149645765E-5
2,277;734,-2.5392907304466E-5
2,271;573,-2.5215443688782354E-5
2,439;670,-2.5181878175499995E-5
2,30;923,-2.5167145535913648E-5
2,658;779,-2.5146949251604295E-5
2,218;524,-2.514176077033273E-5
2,124;360,-2.5069117754923E-5
2,335;742,-2.5008115826325993E-5
2,98;923,2.4894725517939697E-5
2,131;673,-2.4817654007196364E-5
2,553;983,-2.4629246387816217E-5
2,686;961,2.4569214238247776E-5
2,73;221,-2.4561091746321956E-5
2,31;240,2.4545010917782703E-5
2,232;989,2.450686520883924E-5
2,230;637,2.4466202911176267E-5
2,295;872,-2.444567287424286E-5
2,160;409,-2.443825738807598E-5
2,328;628,-2.4385256683478395E-5
2,122;570,2.4327194923730395E-5
2,603;999,2.4311713400783876E-5
2,446;447,2.426891454282082E-5
2,513;873,-2.4219284297630566E-5
2,313;945,2.4205474468141418E-5
2,515;830,2.4193839447786802E-5
2,601;673,2.40960273270147E-5
2,255;752,2.407202519975947E-5
2,408;415,2.405534462391158E-5
2,155;848,-2.3976403587000637E-5
2,201;700,-2.3975994606815043E-5
2,276;421,2.3936083547991427E-5
2,12;442,-2.3918074866124863E-5
2,17;485,2.3846785654346656E-5
2,350;978,-2.374685567576547E-5
2,126;139,2.37168626450906E-5
2,639;945,2.364564821238768E-5
2,274;964,-2.363470312729217E-5
2,461;801,2.3577659967579323E-5
2,700;969,-2.3564825569799775E-5
2,428;941,-2.355589784464553E-5
2,566;623,2.3459497446733203E-5
2,91;252,-2.3393059401450604E-5
2,494;876,-2.33811437753923E-5
2,540;968,2.3352448984605685E-5
2,87;305,-2.3348212466027516E-5
2,29;759,-2.327969651250185E-5
2,43;813,2.316599620078662E-5
2,338;429,2.300308432529116E-5
2,142;897,-2.2980067429684226E-5
2,642;834,2.2941330068719514E-5
2,307;957,-2.2823132732847793E-5
2,827;890,2.2814967516628275E-5
2,592;698,-2.2802593396460125E-5
2,346;826,-2.2751515394314567E-5
2,151;893,-2.2743878412637254E-5
2,450;822,2.268550488272056E-5
2,473;655,2.2674796040290865E-5
2,479;634,-2.2643185606920316E-5
2,4;989,2.2621844922364145E-5
2,137;880,-2.2528331555857444E-5
2,10;575,-2.2433629709178587E-5
2,699;997,2.2325008426903215E-5
2,459;718,2.232102200200721E-5
2,241;675,-2.219937202670856E-5
2,151;584,-2.2184214073822637E-5
2,62;570,2.2163135220629627E-5
2,585;752,-2.215321025714426E-5
2,340;393,-2.2145608384564974E-5
2,159;769,2.212620536221775E-5
2,308;431,2.202142172812309E-5
2,439;727,2.201541167041643E-5
2,402;722,2.1986117730651538E-5
2,641;819,-2.1985158436328714E-5
2,166;505,-2.1929856911508395E-5
2,201;988,2.1920278353272594E-5
2,711;819,-2.185485775564959E-5
2,644;835,2.1828263226858823E-5
2,265;311,2.1766491149365408E-5
2,138;383,2.176381309012382E-5
2,653;958,-2.1749217571031654E-5
2,120;215,2.1726562823579363E-5
2,555;971,2.1652151778826997E-5
2,586;783,-2.154624170368763E-5
2,276;283,-2.1543129167035297E-5
2,57;848,2.146964541088557E-5
2,43;931,2.146190918453918E-5
2,255;309,-2.1312104188685608E-5
2,932;962,2.130048953896441E-5
2,229;655,2.1254456344240987E-5
2,701;849,2.1171133281363276E-5
2,162;350,-2.1115531254446833E-5
2,86;95,2.110147220413669E-5
2,94;137,-2.0988751229411353E-5
2,458;791,2.097540704715993E-5
2,11;532,2.0927312101007484E-5
2,456;959,2.0920570057089376E-5
2,252;817,-2.0878276480177967E-5
2,682;748,-2.083029618899479E-5
2,442;452,2.0728641603121864E-5
2,294;802,-2.0717950733319974E-5
2,690;802,-2.0588023283463723E-5
2,175;865,2.0524070069065996E-5
2,103;860,-2.0496963512234013E-5
2,337;727,-2.0410866086731276E-5
2,394;456,2.0395756327209524E-5
2,376;774,2.0389647251988318E-5
2,259;548,-2.0381281450533446E-5
2,382;432,2.037923371185639E-5
2,278;482,2.0378696517757587E-5
2,417;719,-2.0369648336062585E-5
2,553;868,2.0369030949218893E-5
2,401;759,-2.026529899369883E-5
2,491;846,2.02485419819039E-5
2,194;522,2.017798124000457E-5
2,205;275,-2.01248128124307E-5
2,370;747,2.011778587642106E-5
2,201;972,-2.002808598868422E-5
2,70;130,-2.0008171851383996E-5
2,479;535,2.0007500256819757E-5
2,195;824,-1.998606897704279E-5
2,346;670,-1.9977986841953358E-5
2,83;463,-1.996239714310015E-5
2,99;979,-1.9895091828692035E-5
2,428;974,-1.9884142088641906E-5
2,400;503,1.9826687728354414E-5
2,462;940,-1.9682154924764063E-5
2,330;696,1.9641874263699454E-5
2,74;879,1.9635972711124522E-5
2,73;108,-1.9635871062386582E-5
2,400;622,-1.9634019182013574E-5
2,36;798,1.9623888443035644E-5
2,752;768,1.9585024126110255E-5
2,88;928,-1.9570860985151817E-5
2,29;472,1.954003039848212E-5
2,45;818,-1.951484640175298E-5
2,6;81,-1.9441046963245876E-5
2,823;987,1.944072196637621E-5
2,300;535,-1.942362517978402E-5
2,24;267,1.9387129617131684E-5
2,815;892,-1.9360453176259605E-5
2,104;875,1.9306578300087753E-5
2,112;841,1.929358332744792E-5
2,232;700,1.927455481336583E-5
2,311;697,1.9241328288376075E-5
2,326;680,-1.910166877047703E-5
2,739;971,-1.9082275009500535E-5
2,0;192,1.9051073456705024E-5
2,819;851,1.9043188950903318E-5
2,615;882,-1.903284165020559E-5
2,91;585,-1.901712797866284E-5
2,176;735,-1.8826468345415986E-5
2,441;838,1.880392637059672E-5
2,345;444,1.8690424905457582E-5
2,581;811,-1.867538786388652E-5
2,404;848,-1.8620731425326777E-5
2,27;340,-1.8536007580161356E-5
2,60;126,1.8518824141424072E-5
2,806;937,-1.8516664901865598E-5
2,97;392,-1.8471517674758383E-5
2,178;766,1.835448954579738E-5
2,329;851,-1.83175508729716E-5
2,138;485,1.8295034474061376E-5
2,244;900,-1.821224233214827E-5
2,136;589,-1.8198614542949187E-5
2,48;647,-1.8169330584158774E-5
2,162;978,1.8105804836737573E-5
2,191;655,-1.810388109510215E-5
2,164;911,1.8041490882912405E-5
2,307;529,1.7983428328957664E-5
2,511;691,-1.7981924550778004E-5
2,261;983,1.796781838288214E-5
2,756;942,1.796337359468439E-5
2,660;843,-1.793536887091918E-5
2,87;630,-1.7934304712582228E-5
2,639;918,-1.7932209180293506E-5
2,6;36,1.7882674234805234E-5
2,374;595,1.7702480361906693E-5
2,312;853,1.7698453130647315E-5
2,596;943,1.7689921939596578E-5
2,469;875,-1.7681974632986637E-5
2,192;843,-1.759656385504159E-5
2,121;845,-1.7484347820481083E-5
2,643;926,-1.748360390268988E-5
2,558;967,1.744713233990243E-5
2,157;777,1.7443761045567595E-5
2,353;516,1.737933410708227E-5
2,517;598,-1.7368427505436115E-5
2,448;565,-1.7361687637909838E-5
2,378;616,1.727456849532641E-5
2,31;761,1.7254240218942202E-5
2,491;801,1.724371830278536E-5
2,418;490,-1.7143874200281963E-5
2,44;511,-1.710064511006369E-5
2,64;258,-1.709336824815394E-5
2,230;420,1.7083122479863822E-5
2,177;631,1.7059421536270574E-5
2,391;787,-1.7008722107055134E-5
2,62;635,-1.698614407866203E-5
2,521;524,1.698277562669749E-5
2,63;923,1.6930924775323832E-5
2,321;842,1.6830440384409284E-5
2,224;406,1.6702669805539555E-5
2,554;886,1.6686023978804323E-5
2,397;947,-1.6651653344134836E-5
2,881;898,-1.6650886443568906E-5
2,525;736,1.660447871142336E-5
2,684;798,1.650063358094217E-5
2,63;830,-1.6484953481841465E-5
2,183;573,-1.6410364938843292E-5
2,783;968,1.6395277832744886E-5
2,325;909,-1.6371324607708988E-5
2,205;650,1.636828279559427E-5
2,193;863,-1.6319933093603483E-5
2,341;595,1.6311965255038364E-5
2,56;754,-1.6262825560498325E-5
2,230;269,-1.6256902625999424E-5
2,843;990,-1.6194964474768592E-5
2,321;642,1.6120149203315394E-5
2,628;828,-1.605417561202424E-5
2,605;654,-1.598749337996007E-5
2,569;689,1.596538599723789E-5
2,63;197,-1.594861727678723E-5
2,496;901,-1.5945496415618655E-5
2,84;124,-1.5785467444296306E-5
2,70;500,1.5765461747016554E-5
2,95;568,-1.5761111128014316E-5
2,639;673,1.5576965027195078E-5
2,60;492,-1.55242496936083E-5
2,116;921,-1.549115381681561E-5
2,508;664,1.5490632626249752E-5
2,284;383,-1.544742703614768E-5
2,13;909,1.542200130508857E-5
2,483;504,-1.5404076030134774E-5
2,434;832,1.539224891066504E-5
2,494;528,-1.5386108323747038E-5
2,507;816,1.5368992358147065E-5
2,435;645,1.535361076507387E-5
2,519;687,1.531458604049582E-5
2,143;557,-1.5296082244019806E-5
2,69;79,1.5131041859146586E-5
2,34;530,-1.5129397520323718E-5
2,586;805,-1.5075504016154832E-5
2,58;83,1.5068500862638169E-5
2,518;693,1.5028081148653158E-5
2,191;309,1.5002316883184736E-5
2,469;824,-1.4986744101331578E-5
2,184;201,-1.4926164827263028E-5
2,530;721,-1.48333170549481E-5
2,86;168,-1.4799749120698911E-5
2,89;653,-1.4752695222737866E-5
2,216;622,1.4613679436468019E-5
2,156;361,-1.4603257368575137E-5
2,433;819,1.4535867510052232E-5
2,278;340,-1.4490144898216915E-5
2,11;535,-1.448021953228297E-5
2,208;512,1.4457564201041481E-5
2,780;946,1.4451882008467713E-5
2,344;561,-1.4357072899763637E-5
2,597;753,-1.428364120464576E-5
2,448;834,-1.4239889184547245E-5
2,1;559,1.421642507793254E-5
2,325;905,1.4118586682253215E-5
2,119;903,1.378494590969663E-5
2,193;247,1.3770633928592984E-5
2,23;823,1.3731961662647119E-5
2,69;526,-1.3719362772112956E-5
2,125;235,-1.3712833059605592E-5
2,309;505,-1.3632367438230056E-5
2,30;416,1.3558827864944945E-5
2,282;993,-1.3515346292942335E-5
2,562;692,1.3454999193690282E-5
2,661;940,1.3417998787006252E-5
2,117;939,1.3318227168425262E-5
2,31;994,1.3199070167663973E-5
2,776;861,1.3037297258421858E-5
2,443;580,1.3004395483997108E-5
2,481;732,-1.2962482763093447E-5
2,323;988,1.2916745610709573E-5
2,210;793,-1.2901308279662252E-5
2,3;368,1.2818489079590324E-5
2,133;364,1.2788876572422641E-5
2,350;824,-1.278866930555321E-5
2,489;894,1.2714793773951266E-5
2,900;970,-1.2629604752949484E-5
2,470;800,1.2564624487599819E-5
2,44;659,-1.2532558416622902E-5
2,366;570,1.2497217856040715E-5
2,438;532,-1.2479285874795423E-5
2,138;447,-1.2449275926125853E-5
2,654;887,1.2426943751254443E-5
2,76;852,1.2374594499322767E-5
2,89;519,-1.2355445033584226E-5
2,168;915,1.2295895614570701E-5
2,288;714,1.2226699990389972E-5
2,449;753,-1.2184306663451605E-5
2,339;496,-1.2141074755261105E-5
2,140;582,-1.2059363789675455E-5
2,512;864,-1.1981311480503881E-5
2,102;131,1.1905766426474258E-5
2,201;914,1.1901990530675964E-5
2,31;555,-1.1856067352831013E-5
2,141;416,-1.1847744692286152E-5
2,362;582,1.1803336596690042E-5
2,799;802,1.175046481970042E-5
2,421;873,1.167154528855019E-5
2,283;437,1.1667176085485536E-5
2,193;998,-1.1660832511044994E-5
2,659;750,-1.15968042434602E-5
2,194;557,-1.1562400847274682E-5
2,603;750,-1.1346797594898969E-5
2,623;680,1.1273600416254443E-5
2,565;936,-1.1142693180928045E-5
2,288;485,-1.1066264604837257E-5
2,805;826,-1.096743256364742E-5
2,732;822,1.0946397931338281E-5
2,240;445,-1.0923715389191278E-5
2,350;724,1.0901728250374082E-5
2,519;565,-1.0764203455585333E-5
2,58;933,-1.0741001963671463E-5
2,248;413,-1.0592836825974478E-5
2,718;966,1.0497403746362321E-5
2,535;581,-1.0495365850798814E-5
2,30;950,1.0460499834006446E-5
2,294;649,1.0456673343349945E-5
2,755;961,1.0450114779216217E-5
2,669;957,-1.0407817350907858E-5
2,955;969,1.0346582409669722E-5
2,40;376,1.0341396223597102E-5
2,26;311,1.0335339639869989E-5
2,535;655,-1.0311352309526455E-5
2,299;491,-1.0257600169178802E-5
2,46;453,1.023918165276691E-5
2,354;439,-1.0197179945826612E-5
2,134;645,-1.018322159613476E-5
2,280;466,1.0178729511786486E-5
2,180;448,1.0162239722873237E-5
2,429;672,1.0126455072156788E-5
2,193;825,-1.003706649380201E-5
2,39;376,9.980429379978117E-6
2,74;113,9.931539676687376E-6
2,210;214,-9.906740774855983E-6
2,65;801,-9.894993912141729E-6
2,52;121,9.871133660457374E-6
2,517;872,9.84363803084476E-6
2,457;829,9.818867238925499E-6
2,684;696,-9.784196850581572E-6
2,384;459,-9.783084060050158E-6
2,681;799,9.760033573189345E-6
2,493;826,9.730703706888222E-6
2,3;152,9.69858910808083E-6
2,735;983,-9.564510300161672E-6
2,303;739,-9.500992845450126E-6
2,19;524,-9.463128438076188E-6
2,89;687,-9.444966564931032E-6
2,238;635,-9.444481181317979E-6
2,518;688,9.358165636362977E-6
2,244;340,-9.31813530852041E-6
2,313;974,9.301791277887744E-6
2,673;993,9.267720276257565E-6
2,56;59,9.255461274402493E-6
2,824;963,9.246486655597782E-6
2,72;296,9.210333420960476E-6
2,75;716,-9.111908605646631E-6
2,564;820,9.085251840300721E-6
2,515;549,9.066038725284636E-6
2,35;270,9.028738615389873E-6
2,36;367,8.965918967840909E-6
2,136;628,-8.958587930753006E-6
2,320;950,-8.90411648081628E-6
2,3;446,-8.80227376374472E-6
2,595;867,8.772891047147638E-6
2,63;73,8.741089302023233E-6
2,146;856,-8.733722679596337E-6
2,236;829,-8.723625692268616E-6
2,435;807,8.705595204781133E-6
2,147;262,8.619280834513618E-6
2,470;703,-8.529064057668706E-6
2,463;981,8.42686529028186E-6
2,197;950,-8.406528958912017E-6
2,479;836,8.3919085918083E-6
2,376;743,8.292339104400721E-6
2,161;592,-8.286172373366347E-6
2,123;997,-8.26215297344704E-6
2,862;881,8.19410364722388E-6
2,210;767,-8.181379556279955E-6
2,464;696,-8.127827594029455E-6
2,217;432,8.01374693181979E-6
2,117;574,-8.01215743550432E-6
2,363;705,7.921040783344879E-6
2,479;624,-7.865065125496174E-6
2,650;763,7.783177602542268E-6
2,161;664,-7.699651437490157E-6
2,243;919,-7.5829765260033295E-6
2,799;828,7.551334296973231E-6
2,81;224,-7.4377380559165486E-6
2,663;791,-7.3261883562962125E-6
2,926;963,-7.31787137917625E-6
2,799;944,-7.1700244464194405E-6
2,311;731,7.160893079241754E-6
2,323;535,7.099289485003199E-6
2,209;287,7.015042553159198E-6
2,276;417,-6.866326520306568E-6
2,251;603,6.834103362478264E-6
2,831;881,6.802297083982611E-6
2,220;901,-6.774922068082723E-6
2,166;268,6.759787038909837E-6
2,494;733,6.719338860607701E-6
2,168;917,6.718706763024996E-6
2,629;949,-6.59087357298703E-6
2,23;381,6.590618166688295E-6
2,375;495,-6.552615781678179E-6
2,378;487,6.499736099018272E-6
2,279;890,-6.351658497455031E-6
2,173;694,-6.344464557089938E-6
2,164;312,-6.303559985035429E-6
2,291;362,6.231099840728518E-6
2,568;580,-6.167295837272547E-6
2,118;602,-6.139420829809505E-6
2,470;945,-6.118721758897674E-6
2,127;550,-6.064427839002295E-6
2,289;544,-6.01390203159427E-6
2,140;267,6.012319357158957E-6
2,644;785,5.949437492113713E-6
2,637;997,-5.894369656183896E-6
2,181;596,-5.888536961409021E-6
2,707;791,-5.8510369076008315E-6
2,468;635,-5.847298668709796E-6
2,47;520,-5.804487510767009E-6
2,266;743,5.788247954362335E-6
2,824;926,-5.768792489300012E-6
2,459;529,5.732338259525669E-6
2,358;809,5.655976725311706E-6
2,213;935,5.627284304039804E-6
2,435;631,-5.602967283426505E-6
2,267;723,-5.58618923487017E-6
2,88;544,5.573525994525791E-6
2,386;732,-5.315800946247437E-6
2,60;139,-5.253093552300442E-6
2,249;759,-5.246863247212782E-6
2,251;397,-5.240169309773168E-6
2,88;400,-5.14345344013388E-6
2,488;910,-5.088550474113468E-6
2,916;967,5.058034855232458E-6
2,322;996,4.813937916158653E-6
2,339;773,-4.79633301212784E-6
2,102;648,-4.79148920553929E-6
2,764;813,4.761672693379557E-6
2,791;804,-4.758007885794779E-6
2,163;385,4.75658864542472E-6
2,122;205,-4.7269399048022185E-6
2,106;771,4.606578810318049E-6
2,492;723,-4.601896745242418E-6
2,228;479,4.597313164918918E-6
2,77;460,-4.532690603577458E-6
2,420;890,-4.501014540598036E-6
2,236;457,-4.4383074074571265E-6
2,487;751,-4.4325019379049675E-6
2,193;713,4.4322724927262635E-6
2,284;335,-4.423694100554862E-6
2,126;769,-4.21990192280848E-6
2,531;889,-4.214478713893383E-6
2,58;653,4.120168430731708E-6
2,47;842,-4.07706385151721E-6
2,524;626,-4.0743866053798705E-6
2,694;791,-4.008980487312714E-6
2,633;936,3.952567366097975E-6
2,475;517,-3.935801016299964E-6
2,58;752,3.911952287579762E-6
2,80;411,3.7634399681692465E-6
2,44;691,-3.7231326102874914E-6
2,417;680,-3.697687144847889E-6
2,204;328,3.617165449962517E-6
2,61;540,3.5867345497891808E-6
2,42;683,3.5796942934163414E-6
2,131;825,-3.5779723287047842E-6
2,280;748,-3.5534447096383787E-6
2,615;767,3.5349836781198576E-6
2,122;858,-3.5129796604656123E-6
2,35;839,-3.5070126881818486E-6
2,462;686,-3.315963234186814E-6
2,562;810,3.296960365173601E-6
2,307;524,-3.247790282161156E-6
2,196;567,-3.23552048271572E-6
2,688;710,3.1447607615032043E-6
2,663;826,3.089268858961103E-6
2,249;679,-3.077044105464291E-6
2,308;695,3.032526278240383E-6
2,88;162,-2.995407697501437E-6
2,89;467,-2.941682396504164E-6
2,598;774,-2.8706327258409132E-6
2,40;943,2.8345497311832583E-6
2,33;625,-2.832679975154892E-6
2,443;961,2.7809381550254753E-6
2,68;855,-2.7300374413235656E-6
2,109;122,2.7196745510478515E-6
2,310;645,-2.681969219168079E-6
2,281;303,-2.665705049589878E-6
2,21;558,-2.5599823147070265E-6
2,718;762,2.485232944945348E-6
2,120;757,-2.4727570981890877E-6
2,162;645,2.4144239782107474E-6
2,103;405,2.3639089869691015E-6
2,151;636,-2.304580996869199E-6
2,224;852,2.176818015503984E-6
2,525;626,2.1324019226449666E-6
2,169;833,-2.0997462467937654E-6
2,582;794,2.042165186316544E-6
2,389;595,-1.8796834068947193E-6
2,774;889,-1.8323217215161365E-6
2,440;569,-1.8144550410343769E-6
2,297;940,-1.7850632916631415E-6
2,34;747,-1.6971621825427468E-6
2,438;840,1.6540846141446104E-6
2,144;782,1.6471957454901043E-6
2,362;882,1.6382931838473254E-6
2,287;379,1.630225932722107E-6
2,303;825,1.620767377115029E-6
2,470;567,1.5634396739450801E-6
2,304;363,1.5209799490439046E-6
2,27;802,1.5139202497020248E-6
2,285;631,1.5015341285239958E-6
2,111;368,1.467250143637272E-6
2,36;741,1.4506651159978678E-6
2,518;532,-1.3880372798078245E-6
2,306;485,1.3703699545992988E-6
2,6;303,-1.351725071925075E-6
2,219;863,-1.3221913156518939E-6
2,373;784,-1.3115027948115143E-6
2,264;621,1.2431606355594316E-6
2,749;823,-1.2240332537608866E-6
2,288;321,1.1668950706127529E-6
2,51;351,1.0214788884773396E-6
2,410;566,9.96225401690018E-7
2,275;323,-9.925799643792088E-7
2,386;504,-9.714104249530508E-7
2,445;741,-9.272928589387913E-7
2,214;282,-9.018837178454698E-7
2,144;475,8.734018268839322E-7
2,661;677,-8.407877060934987E-7
2,235;845,-8.336782975373186E-7
2,830;958,8.004562289534306E-7
2,407;666,7.069973823392445E-7
2,457;503,-6.387269372762212E-7
2,488;616,-5.700958310903142E-7
2,601;639,5.623787297881211E-7
2,626;880,5.248872727571103E-7
2,496;624,-4.231783224969421E-7
2,746;989,4.1583697033617527E-7
2,492;860,3.8030423336896103E-7
2,126;441,-3.4004634697193395E-7
2,126;880,2.9891889776766104E-7
2,23;749,-2.9650534036779196E-7
2,558;916,-2.51313268722797E-7
2,312;551,2.003328669039628E-7
2,499;626,-1.746810480856842E-7
2,491;559,-1.7462758807378076E-7
2,517;553,1.7132352249678296E-7
2,167;279,-1.1050805179418921E-7
2,276;598,8.968951925790448E-8
2,94;675,-5.8141680864695625E-8
3,156;196;567,-3.5681983507988315E-4
3,195;720;824,3.121900228986427E-4
3,274;771;964,-2.9656362505560505E-4
3,63;197;950,-2.918370339995902E-4
3,35;605;839,-2.904522381701852E-4
3,360;599;789,-2.783774839233926E-4
3,65;158;948,2.6731690879252504E-4
3,50;359;819,2.5275163393049995E-4
3,147;185;875,2.503427477295241E-4
3,531;637;997,-2.44563188257849E-4
3,80;206;891,-2.4297166121666592E-4
3,817;881;898,-2.3678323837405204E-4
3,60;172;492,2.3582489293473663E-4
3,212;382;471,2.3499179596027855E-4
3,236;457;829,-2.3425373129188712E-4
3,262;846;879,-2.3244224604195235E-4
3,479;535;836,2.3025235673509997E-4
3,389;595;867,-2.291148430897269E-4
3,371;740;916,2.2791413291963413E-4
3,23;749;823,-2.2770689336568898E-4
3,555;828;971,-2.25065137500259E-4
3,212;435;631,2.2352339764554415E-4
3,631;823;921,-2.2344663339653065E-4
3,512;700;969,-2.2235512866026577E-4
3,419;774;889,2.1724387442838633E-4
3,313;584;945,2.148181978021329E-4
3,73;271;381,2.1108888950300184E-4
3,145;732;872,2.07967630071938E-4
3,172;221;728,2.0769924457203335E-4
3,300;323;535,2.0699439652258793E-4
3,342;411;904,2.0545669528373637E-4
3,27;74;340,-2.0457348658215697E-4
3,94;409;415,-2.0235682911086644E-4
3,34;688;747,-2.021755610800112E-4
3,41;525;574,2.0069653552127304E-4
3,241;675;938,2.0056868836345172E-4
3,401;456;759,-2.0013589219835596E-4
3,370;668;747,1.9969718340884547E-4
3,27;186;802,-1.9964520755099002E-4
3,264;526;529,1.988058377247152E-4
3,94;150;727,1.9771225089155046E-4
3,192;843;990,1.9640852645442258E-4
3,137;626;880,-1.9536409608028176E-4
3,8;118;636,-1.9402319648412176E-4
3,164;306;661,-1.9389747093660284E-4
3,76;224;852,-1.9345328416104222E-4
3,521;524;626,1.928226218834928E-4
3,317;509;868,-1.916402858679585E-4
3,89;246;734,-1.916038494158555E-4
3,117;574;939,-1.915770889099319E-4
3,517;679;872,-1.9133443917043446E-4
3,309;324;587,-1.911587584331466E-4
3,31;240;994,-1.909448603854875E-4
3,152;274;897,1.9085862194548144E-4
3,168;627;743,-1.9019734410056743E-4
3,117;783;860,1.8832763265885655E-4
3,3;152;961,-1.8747566101470536E-4
3,530;671;927,-1.874446345493393E-4
3,89;519;687,-1.862764744825786E-4
3,410;672;692,1.8613537774865834E-4
3,431;932;962,1.8305412347053378E-4
3,530;694;712,-1.8233367269939306E-4
3,144;240;417,1.816629188683403E-4
3,332;586;805,1.8160376838672915E-4
3,350;724;824,1.805932513179211E-4
3,117;331;721,-1.796047756454075E-4
3,323;398;988,1.7945242235595146E-4
3,209;456;496,1.7839542554731093E-4
3,428;568;761,1.7802339517339525E-4
3,35;138;447,-1.7691204663161569E-4
3,434;590;832,-1.763843170956747E-4
3,110;226;940,1.760032184521521E-4
3,160;363;705,-1.7596007219501192E-4
3,262;457;660,-1.7595635709859669E-4
3,217;238;762,-1.746948790765557E-4
3,134;540;968,1.7359036819937314E-4
3,91;252;817,1.735655922800347E-4
3,47;798;842,1.7219390091096015E-4
3,129;805;826,1.7193826210851117E-4
3,445;507;741,1.7193272381046333E-4
3,26;222;370,-1.718859490023098E-4
3,85;501;889,1.715882260787231E-4
3,116;592;698,-1.709134251355658E-4
3,639;918;945,1.7070289414936325E-4
3,1;490;881,-1.7067453843908864E-4
3,411;454;940,-1.7037971912059618E-4
3,307;669;957,-1.699907890365892E-4
3,100;232;608,-1.6964721815047656E-4
3,233;317;615,1.6903728997974223E-4
3,243;269;378,-1.6799435793478113E-4
3,518;532;546,1.678367724861912E-4
3,184;199;563,-1.676152008935258E-4
3,602;740;929,1.6640200190518918E-4
3,295;569;693,1.6588688404972269E-4
3,230;637;857,-1.653924001338591E-4
3,124;360;662,1.646452154705365E-4
3,388;485;877,-1.639507940551392E-4
3,251;358;809,-1.6370027842635315E-4
3,14;416;593,-1.6364676665119718E-4
3,556;688;710,-1.6328266392744183E-4
3,157;777;993,-1.6289556717346006E-4
3,459;718;899,1.628593776016768E-4
3,398;687;871,1.626337583585517E-4
3,172;279;890,1.6237695182720068E-4
3,653;773;958,1.6208868375924287E-4
3,377;562;810,-1.617916440639167E-4
3,128;483;504,-1.6170696367318917E-4
3,332;777;959,-1.6160026597749244E-4
3,20;154;996,1.6157127936639346E-4
3,203;395;773,1.615023013255577E-4
3,85;517;553,1.6125221788965637E-4
3,251;724;741,-1.6114208832973507E-4
3,77;460;738,-1.6071401238699728E-4
3,528;936;956,-1.601651071983124E-4
3,106;552;623,-1.6003806355116497E-4
3,218;854;974,1.5924381308859688E-4
3,65;73;221,-1.589020347475275E-4
3,161;592;664,1.5889289274056962E-4
3,531;701;849,-1.5877839456535545E-4
3,34;36;741,-1.579986027011467E-4
3,10;146;163,1.576721695103359E-4
3,491;801;846,1.5640170892667916E-4
3,72;505;784,-1.5611236205389131E-4
3,224;232;989,-1.5546703979815612E-4
3,101;291;362,1.5482832444600975E-4
3,487;751;949,-1.5394078684429047E-4
3,316;562;692,1.5369509014664812E-4
3,439;575;670,1.5325067568158096E-4
3,363;531;826,-1.5325028686742192E-4
3,256;304;363,-1.52636274578981E-4
3,185;394;456,1.524655875867412E-4
3,464;533;800,-1.5236414113102353E-4
3,476;532;904,1.5226076544792638E-4
3,68;807;855,-1.5196469650063528E-4
3,217;382;432,-1.5176552617509492E-4
3,281;321;737,-1.5167803532886693E-4
3,56;591;783,1.5167641382847513E-4
3,56;59;857,1.5053070520398376E-4
3,11;564;796,1.5048364608175114E-4
3,283;437;564,1.5024596169305854E-4
3,119;770;789,-1.499080268946559E-4
3,87;321;744,1.4987232241080924E-4
3,72;99;296,1.486581734585891E-4
3,63;830;958,1.4838201093463077E-4
3,315;533;879,1.4812357817710597E-4
3,58;651;653,1.480571936408562E-4
3,119;535;903,-1.4712305805723307E-4
3,16;244;900,-1.4681804643648593E-4
3,112;162;344,-1.4634055525503418E-4
3,231;277;734,1.4585135499722176E-4
3,282;873;954,-1.4532800468094307E-4
3,314;418;894,-1.4529736047353615E-4
3,42;219;662,1.4506018077842714E-4
3,31;313;761,1.4476339163611507E-4
3,186;814;832,1.443759857443089E-4
3,802;955;969,-1.4397496829174954E-4
3,127;550;786,1.43403623714125E-4
3,492;723;860,1.4329973593025177E-4
3,373;768;784,-1.4219236911080092E-4
3,89;240;445,-1.4195661452193716E-4
3,86;95;755,1.4192367619597147E-4
3,17;84;124,1.4187754674403492E-4
3,166;268;292,-1.4171954773977054E-4
3,184;201;959,1.4166926518885295E-4
3,35;428;574,-1.4100053514929484E-4
3,131;187;825,-1.407578071053427E-4
3,266;541;743,-1.4055624670033338E-4
3,354;439;610,1.3974507260003277E-4
3,355;424;451,1.3972215740827072E-4
3,163;173;694,-1.3949733431003341E-4
3,260;278;290,-1.3940292139651728E-4
3,93;209;475,-1.393566428820061E-4
3,119;366;651,-1.390951724893156E-4
3,88;154;400,1.3904760346570045E-4
3,42;285;427,1.3818792077022112E-4
3,248;413;838,1.378739935573331E-4
3,330;625;696,1.3753651320403188E-4
3,412;654;887,-1.3747265288308874E-4
3,223;647;695,1.373513449614864E-4
3,22;53;797,-1.369094152660521E-4
3,102;633;648,1.3690357401073227E-4
3,525;736;821,1.368202566387281E-4
3,125;510;885,1.3675404657980658E-4
3,16;862;881,1.3674828504910076E-4
3,434;811;833,1.3622209409213398E-4
3,247;567;752,1.361165748592126E-4
3,671;739;971,1.3606228172964403E-4
3,604;661;722,1.3576889912378026E-4
3,78;84;480,1.355056786788812E-4
3,432;507;724,1.354715390608704E-4
3,166;684;696,1.352404091332703E-4
3,88;182;852,-1.351843548857339E-4
3,29;177;472,-1.3509922312532113E-4
3,124;428;847,-1.347844640072E-4
3,44;128;343,1.344112161818222E-4
3,30;384;803,1.335268381245401E-4
3,96;380;415,-1.3322629812264437E-4
3,97;392;905,-1.331431536775587E-4
3,280;507;748,1.3313631884847522E-4
3,351;900;970,1.329014733246305E-4
3,242;302;701,-1.3272332276835657E-4
3,429;672;916,1.3263838403590721E-4
3,216;569;997,1.319430569688617E-4
3,202;280;713,1.3123661818719047E-4
3,46;148;737,-1.307730996256667E-4
3,50;107;507,1.305671984747484E-4
3,65;801;954,1.298555186627151E-4
3,108;653;797,1.2944459367093697E-4
3,6;660;769,-1.2934130063934737E-4
3,369;654;916,-1.2842025059915213E-4
3,30;352;950,1.2807100207601636E-4
3,382;571;751,-1.278053929140907E-4
3,747;806;937,1.2777793203444144E-4
3,13;874;909,-1.276538505573755E-4
3,183;556;587,1.276416691825414E-4
3,129;180;490,1.275636967146127E-4
3,55;612;871,-1.2753248604382994E-4
3,344;561;953,-1.266696628265248E-4
3,80;411;614,1.265366597443643E-4
3,276;421;832,1.264076559341302E-4
3,256;414;470,-1.2609962417118974E-4
3,204;712;772,1.2593621128146042E-4
3,23;381;565,-1.2592653118125908E-4
3,15;546;974,-1.2587197424699056E-4
3,170;440;569,1.25720150030453E-4
3,243;458;919,1.2564676576183421E-4
3,98;443;580,-1.2557877915760307E-4
3,44;255;309,-1.2550223817988827E-4
3,623;674;680,-1.249203814428412E-4
3,699;877;997,-1.2479660969512505E-4
3,339;442;857,1.2478230665762235E-4
3,230;269;392,1.2472136433838653E-4
3,149;201;868,1.2440278493145582E-4
3,343;751;815,-1.243276276651783E-4
3,238;583;635,1.2425615178661713E-4
3,122;577;858,1.241997568926117E-4
3,682;728;748,-1.239500484564305E-4
3,627;725;976,1.2375875376800392E-4
3,208;512;922,1.233921199843304E-4
3,427;952;993,1.2320553833635608E-4
3,564;756;820,1.2304654625432896E-4
3,90;486;989,1.2268293953571815E-4
3,738;942;995,-1.2261088664718595E-4
3,4;746;989,-1.2259239286460606E-4
3,527;567;835,1.225032030849215E-4
3,119;232;884,-1.224688269536798E-4
3,308;431;695,-1.221941825514816E-4
3,70;289;363,1.220473464390299E-4
3,58;585;752,1.2064640966466533E-4
3,240;684;821,-1.2035355255492353E-4
3,29;759;895,1.2015978798498918E-4
3,136;328;628,-1.1943627280186007E-4
3,177;224;604,1.1940262946258853E-4
3,713;773;798,1.1929994784247155E-4
3,72;132;617,-1.1926913228217851E-4
3,562;818;974,1.1924300127619732E-4
3,69;472;526,1.184224362625196E-4
3,352;535;654,1.1814090676005221E-4
3,106;611;910,1.1799505115732982E-4
3,327;519;875,-1.177077899097006E-4
3,43;347;545,-1.1769077639050535E-4
3,13;655;836,1.1765504473105406E-4
3,36;356;880,1.1719334793172648E-4
3,81;107;928,1.1707348445302568E-4
3,300;431;534,-1.170666737103476E-4
3,307;395;529,1.1680241170212253E-4
3,421;713;873,1.1670000792274649E-4
3,24;267;596,1.166478631857112E-4
3,219;436;863,-1.1648865592452281E-4
3,25;780;946,-1.1612541942535848E-4
3,153;420;890,1.1566140054178828E-4
3,390;752;768,1.1542841342022123E-4
3,170;738;846,1.1535753038756576E-4
3,103;642;860,-1.1510564738842838E-4
3,36;309;366,-1.1437068020966765E-4
3,80;706;803,1.1432203733884821E-4
3,3;211;772,1.1430743492009454E-4
3,224;239;763,-1.139743600824964E-4
3,26;666;972,-1.1384020628276258E-4
3,158;587;863,-1.1339101756531299E-4
3,403;710;918,1.1255097634264891E-4
3,129;395;522,1.1184227182158659E-4
3,56;322;754,-1.1179178301490095E-4
3,275;478;678,-1.1141786120897114E-4
3,30;582;794,-1.1130317259487608E-4
3,566;623;683,1.1127968744951688E-4
3,316;358;541,1.1108289262338283E-4
3,494;528;552,-1.1102677815019415E-4
3,284;286;335,1.1073998423849277E-4
3,417;614;663,-1.1067676431527922E-4
3,154;168;915,1.1016881550006455E-4
3,35;302;747,-1.1014125871327858E-4
3,71;603;886,1.097429180046822E-4
3,138;344;650,1.0971443075300306E-4
3,85;518;688,1.0967002463399692E-4
3,66;468;679,-1.0966296100285037E-4
3,274;436;674,1.092285486807056E-4
3,66;385;805,1.092066365207707E-4
3,558;916;967,-1.0915873707923619E-4
3,60;126;139,-1.0906448596389804E-4
3,24;625;638,1.0770588461000307E-4
3,57;175;967,-1.0768909548410048E-4
3,239;347;733,1.0760884142191362E-4
3,98;682;923,1.0751312464604321E-4
3,413;680;782,-1.073370376120668E-4
3,294;321;649,1.0710729951664124E-4
3,180;448;561,1.0691663866053662E-4
3,205;275;323,1.0688613014878604E-4
3,247;455;804,-1.0687597336035955E-4
3,275;700;780,1.0655361609012718E-4
3,320;600;950,-1.0643905852652784E-4
3,263;586;923,-1.0636381053193931E-4
3,23;475;517,-1.0589783397795E-4
3,216;467;622,-1.058763353401986E-4
3,9;95;568,1.0585632366612266E-4
3,416;458;791,-1.0563673839281041E-4
3,354;730;883,-1.0560153782282467E-4
3,286;615;767,1.0557482662537404E-4
3,287;379;721,1.0556065561989739E-4
3,359;528;718,-1.0525953800611975E-4
3,21;356;864,1.0525044448000643E-4
3,550;799;802,1.0520346851929509E-4
3,400;503;622,1.051765736554435E-4
3,82;110;655,1.0512578232945409E-4
3,198;526;963,1.0511182915571957E-4
3,198;654;766,1.0490471399568333E-4
3,410;566;841,-1.0487133510606602E-4
3,229;413;655,1.0482626493096715E-4
3,69;262;629,1.0479799188160899E-4
3,274;347;533,1.0470377751226216E-4
3,402;476;722,1.0457832692212235E-4
3,278;482;651,-1.042289102465026E-4
3,517;588;598,1.0419682782056556E-4
3,225;350;983,1.0386303284048493E-4
3,133;366;570,-1.0329258449968959E-4
3,17;288;485,1.0303964664675615E-4
3,138;485;740,1.0296231045674413E-4
3,271;573;996,-1.0294078628820223E-4
3,218;310;404,1.0275416356182839E-4
3,206;453;757,-1.021702010412631E-4
3,85;202;352,-1.019116039771566E-4
3,143;286;951,1.0184900444715752E-4
3,126;277;765,-1.0112234598440124E-4
3,698;758;935,-1.0105478935401073E-4
3,339;433;773,-1.01035777256554E-4
3,96;448;847,-1.0093782138864021E-4
3,120;163;557,1.0088805711922339E-4
3,138;435;807,-1.007451108056871E-4
3,194;317;522,-1.0051378321508985E-4
3,82;303;701,-1.0047038098951861E-4
3,440;539;542,1.0041391312387216E-4
3,443;961;963,-9.980489898968049E-5
3,126;441;987,-9.9631156182224E-5
3,276;283;509,9.952072417536031E-5
3,349;815;993,9.948329071244271E-5
3,10;603;902,9.93551691558225E-5
3,94;543;675,-9.933399510645773E-5
3,105;213;935,-9.91935153144585E-5
3,56;100;135,-9.914479980448718E-5
3,28;481;732,9.864841300976588E-5
3,155;404;848,9.834351577114639E-5
3,176;467;735,-9.825098978420063E-5
3,74;113;835,9.810726481213452E-5
3,43;254;523,9.765121645716144E-5
3,389;500;657,9.74779649371551E-5
3,86;168;481,9.716556222392701E-5
3,138;163;383,-9.647063380492394E-5
3,130;133;539,9.612953656413514E-5
3,735;877;983,-9.607513043007164E-5
3,269;491;711,-9.601860149629876E-5
3,468;635;866,-9.599594243665192E-5
3,402;523;622,9.59458417655938E-5
3,164;312;321,-9.52594572178439E-5
3,438;532;806,9.472516795975499E-5
3,242;418;451,9.463398419270766E-5
3,62;64;635,-9.428796990817629E-5
3,78;586;783,-9.4250264693891E-5
3,58;83;933,9.418029433130635E-5
3,305;579;694,-9.390488447807174E-5
3,160;710;847,9.364277667180252E-5
3,357;563;695,9.343666439478374E-5
3,293;382;864,9.336465464921893E-5
3,144;578;782,-9.318309186774357E-5
3,321;642;834,9.314117184108053E-5
3,601;639;673,9.303734874960526E-5
3,55;309;505,-9.297459723154531E-5
3,133;200;961,-9.285455855299336E-5
3,12;19;442,-9.276031327164823E-5
3,51;351;954,-9.262276514793347E-5
3,845;884;891,9.256824420890701E-5
3,405;567;881,-9.25105485623736E-5
3,167;333;778,-9.217915169497619E-5
3,440;525;855,9.212988873903329E-5
3,61;315;857,9.198508071187255E-5
3,7;463;570,9.187082294349637E-5
3,111;157;368,-9.176940057901784E-5
3,673;923;993,9.176133298198882E-5
3,105;581;811,-9.17517454542993E-5
3,177;631;955,9.132309605853529E-5
3,434;684;892,-9.087823507126828E-5
3,191;473;655,-9.066994765280402E-5
3,201;700;914,9.063926688334371E-5
3,322;882;996,-9.05520642267884E-5
3,153;740;949,9.044467613597217E-5
3,608;795;908,-9.015762257339189E-5
3,38;758;872,9.010276859289592E-5
3,286;405;875,8.998520920172146E-5
3,135;484;773,8.985454028633632E-5
3,596;686;748,8.978728309454019E-5
3,34;341;603,-8.974240702580954E-5
3,11;532;610,8.961569163997292E-5
3,424;475;665,-8.956118586306835E-5
3,93;407;561,-8.879199212084934E-5
3,446;467;632,8.86777810615644E-5
3,112;188;222,8.849942248380918E-5
3,103;405;593,8.84954269234476E-5
3,693;788;892,-8.849186631437532E-5
3,199;320;363,8.828007478668378E-5
3,507;546;873,-8.827420906505177E-5
3,87;419;630,-8.824592971985126E-5
3,438;791;803,-8.822582760633554E-5
3,268;670;942,8.803478428508462E-5
3,301;472;679,8.791571171012516E-5
3,681;781;799,8.766517987945303E-5
3,741;787;946,8.730399843071444E-5
3,146;489;560,-8.700761115229582E-5
3,536;808;929,8.670191473978478E-5
3,215;619;921,-8.661513152537793E-5
3,126;769;880,-8.660263328296373E-5
3,5;453;830,8.639756344020138E-5
3,13;471;857,-8.618291036769019E-5
3,601;649;897,-8.609599343630903E-5
3,277;531;889,-8.597177359230318E-5
3,64;123;997,8.587223998340556E-5
3,462;685;940,-8.572055481717307E-5
3,68;148;562,-8.566103225818906E-5
3,570;609;904,8.565958479220883E-5
3,5;83;374,8.523099340777173E-5
3,520;930;936,-8.495795536732242E-5
3,165;929;980,8.491377170605658E-5
3,30;258;923,8.48823542019643E-5
3,116;178;921,-8.454388050631233E-5
3,101;436;885,8.446947705188612E-5
3,397;741;947,8.444273149643695E-5
3,593;760;892,-8.416183252924464E-5
3,636;789;934,8.322798900027266E-5
3,275;629;949,-8.321119526267175E-5
3,195;827;962,-8.286456835444243E-5
3,85;337;915,8.264130246847508E-5
3,449;597;753,-8.21917896239712E-5
3,519;565;957,8.215246197097957E-5
3,469;824;840,-8.155646335005557E-5
3,583;662;802,-8.11856025813839E-5
3,30;43;479,-8.106149719086186E-5
3,337;592;727,8.085937098187461E-5
3,349;417;576,-8.055245315187545E-5
3,201;872;972,8.030172806640212E-5
3,94;137;143,-8.021625823012987E-5
3,80;140;982,7.993220947035497E-5
3,111;377;768,7.986729156661535E-5
3,465;557;639,-7.967776325260816E-5
3,166;346;670,7.921446398093697E-5
3,53;338;470,-7.919621566867322E-5
3,415;492;734,-7.909731909339017E-5
3,438;538;919,7.901445676390919E-5
3,266;692;739,-7.900233708284991E-5
3,496;514;700,-7.884167951116112E-5
3,76;456;867,7.843727771316954E-5
3,28;246;951,7.813972097782842E-5
3,160;403;450,-7.792526241115666E-5
3,90;146;760,7.779507527679274E-5
3,523;831;881,-7.756189727831911E-5
3,177;706;798,7.726219321498036E-5
3,93;644;785,7.71512704212714E-5
3,125;235;422,-7.710492360913821E-5
3,149;329;851,-7.666662838511318E-5
3,162;255;684,-7.652481531691991E-5
3,505;787;916,-7.631246065690742E-5
3,88;716;928,-7.61999192223736E-5
3,174;204;328,-7.589935865706665E-5
3,54;156;361,-7.581227197537415E-5
3,55;385;663,7.557763598952744E-5
3,163;273;548,-7.52197894053444E-5
3,495;630;799,-7.46202338959771E-5
3,655;912;937,7.457667107976309E-5
3,551;568;580,-7.454211776155606E-5
3,175;278;865,7.445525150088921E-5
3,225;249;781,7.435737927654239E-5
3,45;499;838,7.435185729587167E-5
3,673;726;745,7.42617634386575E-5
3,68;240;268,7.421692182903037E-5
3,416;462;686,7.406159715651031E-5
3,136;282;993,7.404611488643552E-5
3,106;458;823,7.392192527523585E-5
3,292;580;986,-7.38638892761969E-5
3,36;694;723,-7.358425480127167E-5
3,289;544;604,-7.330653724636607E-5
3,387;469;982,-7.326194767263508E-5
3,45;98;935,-7.324782689987585E-5
3,11;535;581,7.3223648712167E-5
3,515;661;677,-7.31455262289917E-5
3,6;303;739,7.294069718773361E-5
3,430;438;840,7.271358037518492E-5
3,396;602;818,-7.271238039215338E-5
3,8;662;759,-7.27119465000491E-5
3,226;335;742,-7.264261081171477E-5
3,278;340;393,7.260837615206092E-5
3,529;711;817,7.255887721764361E-5
3,494;733;876,7.181220708530039E-5
3,251;267;890,-7.177878948168242E-5
3,52;121;701,-7.161778929019337E-5
3,354;518;693,7.156945978294981E-5
3,169;352;833,7.154364618880024E-5
3,209;477;929,-7.136599733701051E-5
3,313;497;974,7.123883810929305E-5
3,2;214;282,7.092262027661472E-5
3,55;208;708,7.091885640139083E-5
3,106;613;771,7.084496975024464E-5
3,246;319;484,7.06447077586817E-5
3,193;247;742,7.061455468980033E-5
3,151;636;827,7.05726562804116E-5
3,210;234;972,7.036897605541228E-5
3,437;585;781,7.021172737838708E-5
3,63;534;923,6.998410043868082E-5
3,97;111;183,-6.99514121994771E-5
3,135;584;803,-6.946164642621334E-5
3,437;801;983,-6.897497308402195E-5
3,128;510;737,-6.892569922073942E-5
3,245;746;776,6.87356515759149E-5
3,513;851;873,-6.862375930954978E-5
3,378;487;616,6.844424388163217E-5
3,321;842;892,6.839985321327447E-5
3,373;573;736,-6.829151538964305E-5
3,297;539;562,-6.796442843432792E-5
3,366;452;654,6.784140974794355E-5
3,127;496;970,6.762091687361915E-5
3,268;362;715,6.759421815267816E-5
3,215;439;680,6.755866036332238E-5
3,162;350;978,6.739910801251321E-5
3,594;672;965,6.724503323369585E-5
3,83;463;681,-6.663585963059689E-5
3,547;949;988,6.654071569669151E-5
3,253;358;436,6.653509576255956E-5
3,126;312;855,-6.650292191510664E-5
3,215;819;851,6.649114905163118E-5
3,312;551;853,6.640563748251002E-5
3,35;53;835,-6.615081964872268E-5
3,35;585;848,6.560373950604367E-5
3,34;790;954,6.539477374124313E-5
3,227;354;890,6.536588165101471E-5
3,47;210;463,-6.533261725355058E-5
3,781;827;890,6.499435752963952E-5
3,109;122;205,-6.498591810992854E-5
3,155;455;986,6.479341583289645E-5
3,249;679;759,6.469293883596587E-5
3,239;450;822,6.449078868457795E-5
3,182;796;811,-6.437076449473727E-5
3,120;536;589,-6.414008386770814E-5
3,218;524;839,6.4098387083313E-5
3,663;667;826,-6.404160964193148E-5
3,287;470;945,-6.389042972711594E-5
3,43;48;931,6.380417908482684E-5
3,21;244;558,6.328491420942466E-5
3,67;696;932,6.323397093364161E-5
3,486;613;804,6.323246607257402E-5
3,315;493;826,6.32020071294816E-5
3,70;500;993,-6.300718153075056E-5
3,504;553;983,-6.280373146476234E-5
3,322;339;496,6.267867347771382E-5
3,470;567;703,-6.262102106066559E-5
3,235;460;845,6.255465235097028E-5
3,176;337;497,6.229532260117689E-5
3,760;858;888,-6.201653096748172E-5
3,84;656;665,-6.199496169688368E-5
3,115;370;449,6.195115914798909E-5
3,345;762;849,6.182589074614445E-5
3,279;777;832,6.120213074873955E-5
3,298;538;755,-6.117803895664626E-5
3,193;740;991,6.105154777066934E-5
3,382;528;797,6.090663360278759E-5
3,53;241;597,6.080089180644578E-5
3,824;926;963,-6.077678249827453E-5
3,2;705;869,6.036059390679127E-5
3,207;386;924,5.99148439849542E-5
3,325;686;909,5.980702625238449E-5
3,61;540;905,5.962202231613349E-5
3,732;759;842,5.957712250755673E-5
3,88;162;645,5.9178673207581174E-5
3,399;532;536,-5.876299840588042E-5
3,123;354;844,-5.871309005551073E-5
3,307;524;647,-5.849524968458339E-5
3,202;616;812,5.8253980662906104E-5
3,288;321;500,-5.8250750149103736E-5
3,166;505;717,-5.79045855705239E-5
3,358;500;599,-5.78748661145429E-5
3,417;684;798,5.77743798657594E-5
3,414;770;983,5.7536844260552405E-5
3,553;868;995,5.749202680034075E-5
3,164;911;966,5.7447908846235724E-5
3,349;618;635,-5.740274056886589E-5
3,318;764;838,5.7140420784239766E-5
3,783;910;968,5.701229748909875E-5
3,554;643;886,5.6926090572066005E-5
3,16;818;843,-5.686957966964934E-5
3,25;216;538,5.6774505178752836E-5
3,133;649;844,-5.664443129451059E-5
3,93;442;452,-5.651285904296501E-5
3,738;805;999,5.6373662694803984E-5
3,567;603;750,-5.6236432122522845E-5
3,310;597;660,-5.617886861412649E-5
3,68;413;489,-5.6169283035772246E-5
3,192;527;876,5.6093050035132226E-5
3,178;564;766,5.547136094264685E-5
3,89;218;691,5.5464522623600534E-5
3,558;735;835,5.545221223515778E-5
3,464;516;859,5.47505333281884E-5
3,621;658;779,-5.465860798503505E-5
3,135;359;549,-5.464850974240475E-5
3,284;372;714,5.454505204797805E-5
3,663;694;791,5.446966275518187E-5
3,256;333;871,-5.3961226474193464E-5
3,345;444;681,-5.366527573965574E-5
3,268;578;788,-5.3552719759526805E-5
3,407;666;852,-5.323375184120609E-5
3,248;548;810,-5.288961452023135E-5
3,408;415;745,5.269275803913544E-5
3,326;498;674,5.248302196154188E-5
3,419;878;964,-5.247357711806762E-5
3,353;516;793,-5.244214723393803E-5
3,384;459;529,-5.2186352794327665E-5
3,128;136;919,5.203030764263422E-5
3,15;295;746,5.199157867943843E-5
3,794;856;858,-5.198970289087385E-5
3,368;731;773,5.162240820970141E-5
3,605;654;907,5.159609148713754E-5
3,112;532;841,-5.1399009140453436E-5
3,515;549;830,-5.1325804277815416E-5
3,707;791;827,-5.0832796501580305E-5
3,218;278;650,5.082589919462523E-5
3,774;926;973,-5.051582555517531E-5
3,84;250;945,-5.037450921332813E-5
3,163;385;851,-5.03666584527853E-5
3,274;348;478,5.03469642821222E-5
3,433;746;819,-5.009743302381339E-5
3,583;713;755,-5.0063521826580195E-5
3,105;792;794,4.997967865957077E-5
3,273;887;889,4.988313104757816E-5
3,210;767;793,4.964097857896552E-5
3,76;159;973,4.9623625906195304E-5
3,185;535;655,4.9429585627500714E-5
3,43;340;604,-4.9349951761209556E-5
3,565;857;936,-4.931614735448535E-5
3,441;735;838,-4.895461114235686E-5
3,732;822;913,-4.872896381241899E-5
3,474;628;951,4.834041448064205E-5
3,362;582;882,4.82921687514178E-5
3,7;290;409,4.819546114076739E-5
3,121;450;841,-4.811000469523716E-5
3,214;519;524,-4.806407871140364E-5
3,427;854;961,4.7948164444602665E-5
3,233;299;491,-4.7566453373408414E-5
3,471;846;977,4.6864436347076504E-5
3,1;302;379,4.683986632707846E-5
3,593;615;882,4.656014250084306E-5
3,468;839;906,4.6214535221022025E-5
3,6;36;798,-4.6183068789052804E-5
3,104;594;875,4.6100332739403836E-5
3,18;446;468,4.592243438788858E-5
3,168;917;939,-4.560231155495784E-5
3,704;874;894,-4.5468830494634894E-5
3,229;628;674,4.5208984874870045E-5
3,59;674;981,-4.504677659405571E-5
3,36;367;378,4.4865738288531274E-5
3,46;361;935,4.483399739955811E-5
3,815;839;892,-4.473707986104843E-5
3,262;673;930,-4.450684466337074E-5
3,205;650;763,4.446502928582718E-5
3,120;466;966,-4.407358452203067E-5
3,357;423;938,-4.3774187459127476E-5
3,115;144;475,-4.3634874880723385E-5
3,326;571;859,4.3445028081428304E-5
3,403;641;819,-4.340297142614509E-5
3,33;94;554,-4.325975675947913E-5
3,568;575;772,4.322592035855212E-5
3,245;427;525,4.287759133925373E-5
3,89;103;653,-4.2775585264599516E-5
3,88;544;840,-4.256343268207856E-5
3,334;389;514,-4.186973541820436E-5
3,345;584;774,-4.1737716235004455E-5
3,40;376;506,-4.161065249144476E-5
3,472;633;936,-4.143990069128721E-5
3,120;215;770,4.1348421288533055E-5
3,297;543;869,-4.120699263059087E-5
3,316;384;592,-4.115175004229005E-5
3,56;151;470,-4.1016737093760026E-5
3,127;168;800,-4.0932642694831586E-5
3,113;729;909,4.093066996845902E-5
3,486;559;908,4.077514017177479E-5
3,596;935;943,-4.0685130438536085E-5
3,45;154;317,-4.0630870854355603E-5
3,552;709;810,-4.049901283876549E-5
3,264;377;621,4.0481409126101765E-5
3,184;196;287,4.037466869717944E-5
3,10;259;511,-4.034882182357974E-5
3,99;118;979,-4.030191034321681E-5
3,277;920;988,4.028103939512877E-5
3,31;555;620,-4.021629396678632E-5
3,46;453;796,4.00656517209716E-5
3,209;287;353,3.9647520703363567E-5
3,244;340;580,-3.950053494138692E-5
3,470;800;952,3.900871321284514E-5
3,38;284;383,3.9006389809088686E-5
3,37;683;813,-3.863759274072734E-5
3,43;813;935,-3.8372419718722395E-5
3,523;736;870,3.8163769416446944E-5
3,756;942;991,3.81097014539972E-5
3,592;613;746,-3.7954620317677144E-5
3,7;512;864,-3.792541062810928E-5
3,338;429;892,-3.786427856843319E-5
3,361;920;999,3.752571921286825E-5
3,47;462;520,-3.752478339568313E-5
3,260;349;984,-3.7311738436736254E-5
3,107;189;396,-3.713927802365773E-5
3,193;817;863,-3.6990630934732204E-5
3,201;818;988,-3.673720310425252E-5
3,136;269;337,-3.6724912782703E-5
3,391;575;787,-3.663322031334741E-5
3,15;782;998,-3.6470611227738495E-5
3,193;713;998,3.6441008665829975E-5
3,384;404;772,3.637700184351284E-5
3,149;222;561,-3.632860392824837E-5
3,424;643;879,3.615248813361772E-5
3,43;205;311,3.6084371470835404E-5
3,89;467;845,3.5962531039579666E-5
3,418;490;938,3.569627982872567E-5
3,28;485;984,3.562980976727373E-5
3,606;690;745,-3.539363362338571E-5
3,457;503;633,3.539097500307816E-5
3,223;408;760,-3.4916180463045694E-5
3,454;608;965,-3.482488242072844E-5
3,652;711;819,-3.481703852341379E-5
3,85;333;822,3.410238552787716E-5
3,33;292;336,-3.405322237342474E-5
3,136;231;580,3.389876464770256E-5
3,518;637;790,-3.387922123422972E-5
3,571;606;680,3.3662812256412084E-5
3,110;280;466,-3.3296176427648994E-5
3,718;762;966,-3.323667307383554E-5
3,764;781;895,3.3166053701243316E-5
3,125;540;814,-3.315092966098476E-5
3,157;228;479,3.30479703304923E-5
3,9;278;947,-3.303054843047623E-5
3,312;344;583,3.2978327641119254E-5
3,435;791;804,3.282586977053109E-5
3,173;449;989,-3.2767262590737884E-5
3,265;276;417,3.274871548978263E-5
3,203;564;796,3.267279681551739E-5
3,129;941;981,-3.2619151785466175E-5
3,140;582;923,-3.255892251343978E-5
3,428;751;974,3.2097066144645704E-5
3,327;426;963,-3.1931895429650135E-5
3,96;312;737,-3.1594651348327185E-5
3,160;409;537,3.1434583879013936E-5
3,122;324;570,-3.1221534588175835E-5
3,81;224;406,3.099757061548553E-5
3,64;88;258,3.091563919790133E-5
3,44;659;698,3.0886656769711473E-5
3,183;344;573,-3.0845220824941564E-5
3,137;835;850,-3.083890491756562E-5
3,259;528;548,-3.065541934855787E-5
3,496;880;901,-3.0125827858199338E-5
3,59;474;493,2.913443682591531E-5
3,134;435;645,-2.8662349171099543E-5
3,386;504;732,-2.8471145778829406E-5
3,118;496;602,2.842133918872297E-5
3,159;555;734,2.8379825546156674E-5
3,175;591;680,-2.83650619448039E-5
3,22;133;364,2.8127729605691127E-5
3,325;456;959,2.7617461857753614E-5
3,92;169;274,2.7543947906202404E-5
3,542;878;880,2.7368175371866073E-5
3,208;799;828,-2.726693905620088E-5
3,594;915;975,-2.718908456558322E-5
3,70;492;530,2.71305191133744E-5
3,191;309;694,2.7063610375026887E-5
3,162;489;493,-2.706357984365339E-5
3,26;311;697,-2.703420936149134E-5
3,1;295;872,2.687523090668266E-5
3,85;142;748,2.6623678103891366E-5
3,87;305;599,-2.6174903740512944E-5
3,40;753;943,-2.6091766385895346E-5
3,496;624;640,2.584886707054006E-5
3,482;628;828,2.5686334119224137E-5
3,196;876;923,-2.548548610159554E-5
3,6;81;502,2.5471496812638924E-5
3,14;678;971,2.5447540904111874E-5
3,109;122;516,2.5440950428988417E-5
3,1;491;559,-2.5293057778194447E-5
3,342;623;787,2.522397170945083E-5
3,44;511;691,-2.4949340799358082E-5
3,181;393;596,2.4821454460537116E-5
3,315;380;533,-2.4665174668815668E-5
3,590;607;700,2.4628966835182412E-5
3,54;743;798,2.437191692780308E-5
3,336;552;759,2.423647068873494E-5
3,136;340;589,2.4082801706058698E-5
3,49;887;895,-2.3944435862105194E-5
3,119;324;747,2.389926416166842E-5
3,193;303;825,2.3781785563787988E-5
3,190;712;940,2.3756003493559596E-5
3,233;451;589,2.342107684291514E-5
3,125;299;718,2.340703326349035E-5
3,776;861;882,2.3363154739153196E-5
3,232;630;700,-2.325628119470781E-5
3,334;480;853,-2.3253389498047977E-5
3,77;206;768,-2.2996602548146894E-5
3,489;500;894,-2.2991993891508022E-5
3,31;386;938,2.2978324782454887E-5
3,297;661;940,2.2933785471132674E-5
3,379;387;803,2.2912594911532248E-5
3,461;801;961,-2.286052401712588E-5
3,63;285;631,2.2704220158620865E-5
3,251;603;999,-2.2459876678849923E-5
3,272;764;813,2.2176188521923504E-5
3,63;73;108,-2.2152695911138012E-5
3,672;823;987,-2.2147885321845348E-5
3,294;380;998,2.2096661162534585E-5
3,22;59;846,-2.187264213366623E-5
3,659;750;956,2.184383910176109E-5
3,508;664;829,-2.1796771699883255E-5
3,206;617;763,2.1652746086435083E-5
3,375;495;611,2.1633582235469464E-5
3,469;643;875,-2.159091880892565E-5
3,281;303;530,-2.150989549779214E-5
3,294;690;802,-2.1255329762939715E-5
3,215;274;372,2.1157540800960635E-5
3,91;585;612,-2.1157374896407982E-5
3,42;45;731,-2.089348822948499E-5
3,115;308;397,2.08842533044612E-5
3,400;536;676,-2.0267725387961596E-5
3,488;564;910,-2.0005620724550087E-5
3,190;470;567,-1.9918214989551987E-5
3,114;665;697,1.9891733470388056E-5
3,142;646;897,1.9747361476950873E-5
3,187;358;989,-1.963860076030831E-5
3,3;368;446,-1.952602068364699E-5
3,343;983;985,-1.9433896540628106E-5
3,496;504;954,1.932369860663641E-5
3,326;459;680,1.9296286280135634E-5
3,143;505;557,1.9285636370472244E-5
3,153;648;990,-1.923821350144196E-5
3,196;575;891,1.9094029333462492E-5
3,35;270;475,-1.9003410513791384E-5
3,76;150;824,1.8775670545134682E-5
3,287;296;851,-1.8625588005722172E-5
3,272;307;852,-1.8600023343021856E-5
3,398;465;943,-1.82374347030414E-5
3,446;447;837,-1.8202499107339455E-5
3,507;529;816,1.8169575317761145E-5
3,514;671;720,1.813126459812793E-5
3,48;156;647,-1.8052125918187236E-5
3,67;147;262,1.7968852464039328E-5
3,131;554;673,1.777134579929375E-5
3,14;26;265,1.7674349305995624E-5
3,261;815;983,1.7571818514539928E-5
3,113;159;769,1.7250217270311937E-5
3,287;639;869,1.697750366955446E-5
3,95;536;987,1.6918313872204106E-5
3,376;598;774,1.6731281590591854E-5
3,489;518;861,1.6518090481778892E-5
3,450;727;761,1.6485678533337155E-5
3,417;680;719,1.6375314285194703E-5
3,686;755;961,-1.5895968031917022E-5
3,251;397;979,1.5850619154067327E-5
3,142;521;635,1.5766578083210276E-5
3,346;662;826,-1.5480850283118505E-5
3,209;215;980,1.530347860737856E-5
3,138;420;902,1.5292023690261435E-5
3,133;264;338,-1.52645688950368E-5
3,235;327;807,1.5238449725588216E-5
3,414;796;960,-1.5230194679524468E-5
3,394;713;926,-1.4992185822798668E-5
3,381;624;983,-1.4948226168304213E-5
3,102;255;752,-1.4908723306914312E-5
3,167;279;453,-1.4867524871349264E-5
3,185;559;635,1.4818416503365976E-5
3,32;84;353,1.4781459642356748E-5
3,540;622;806,1.47568298873854E-5
3,523;881;927,1.4755406402302885E-5
3,69;79;640,1.4576078346684438E-5
3,236;464;533,-1.438949025316766E-5
3,664;702;738,1.4223033683321576E-5
3,192;542;942,-1.4035917994791064E-5
3,210;214;700,1.3763238391287708E-5
3,340;476;479,-1.3698864482025134E-5
3,26;376;703,-1.3601995992578775E-5
3,56;499;500,1.3577191529670393E-5
3,50;230;420,1.3164096297303544E-5
3,171;842;920,1.2862716380181021E-5
3,57;511;848,1.283367343781229E-5
3,295;371;900,-1.2813126717625038E-5
3,310;356;645,1.2715556054243404E-5
3,554;577;600,-1.2509790608476442E-5
3,194;557;674,1.2255947470593068E-5
3,207;485;964,1.2219113987006523E-5
3,77;266;771,-1.2143161994966483E-5
3,463;929;981,-1.1893849506685623E-5
3,188;617;993,-1.1799770158923889E-5
3,179;378;622,1.1782537778377983E-5
3,108;488;616,1.1712664882576288E-5
3,306;485;527,1.1522842121551053E-5
3,146;847;856,1.1512061772424462E-5
3,258;940;992,1.1320567595847376E-5
3,372;686;744,-1.1249514841853921E-5
3,26;201;652,-1.099557846754301E-5
3,296;497;729,1.0804822488254858E-5
3,522;644;835,1.0709047398116123E-5
3,81;165;998,1.0515697533617155E-5
3,70;123;849,1.0407679490504252E-5
3,30;141;416,1.0403774591615275E-5
3,288;714;976,-1.015562533099451E-5
3,265;311;731,-9.950868861733908E-6
3,708;853;954,-9.708680032100112E-6
3,18;220;901,9.459983533614048E-6
3,340;344;419,9.244179915875756E-6
3,19;67;717,9.073377069787184E-6
3,335;396;607,9.070865378982191E-6
3,234;572;965,-9.038588057344394E-6
3,151;584;893,-9.017145076475525E-6
3,372;919;932,8.897541152123905E-6
3,176;652;896,-8.891777729971892E-6
3,341;374;595,8.835427354986908E-6
3,624;653;684,8.749060271496661E-6
3,258;691;892,-8.616383770733427E-6
3,120;200;757,8.506909251614431E-6
3,325;896;905,8.466680977019249E-6
3,2;496;922,-8.385388706241282E-6
3,83;426;763,8.36110889749772E-6
3,130;766;775,8.273399285931821E-6
3,276;598;843,-8.238446235984299E-6
3,459;643;926,-8.229739739010826E-6
3,246;378;903,-8.129377767783524E-6
3,448;565;834,7.948360087904838E-6
3,33;136;625,-7.935885229023928E-6
3,0;110;192,-7.913375678783043E-6
3,3;237;876,-7.780612036143927E-6
3,95;806;859,7.477614210128172E-6
3,347;441;976,7.40441786280753E-6
3,206;627;922,-7.263366933987908E-6
3,409;415;940,-7.193346467959827E-6
3,598;812;922,6.6748152995644015E-6
3,288;596;663,-6.633041033538054E-6
3,21;253;941,-6.611988657916193E-6
3,26;326;647,-6.4669008451969515E-6
3,716;778;938,5.864139913959163E-6
3,4;250;949,5.748607101484879E-6
3,385;799;944,-5.545469821933255E-6
3,12;140;267,-5.462485596647749E-6
3,0;746;987,5.391401180165193E-6
3,19;524;969,-5.2750719909593766E-6
3,730;835;989,5.256739352021991E-6
3,62;158;570,-4.632643073042037E-6
3,288;428;941,-4.620645894704081E-6
3,45;803;818,4.525998277489271E-6
3,52;74;879,-4.196478710913887E-6
3,481;779;842,-4.163662266021884E-6
3,10;575;972,4.093859131016148E-6
3,479;624;634,4.0671773969196274E-6
3,39;376;852,-4.059242444327788E-6
3,46;323;463,-3.7734022606419755E-6
3,132;480;969,-3.734278932728541E-6
3,266;596;608,3.427590645788209E-6
3,98;448;969,3.00430510000424E-6
3,499;667;966,-2.8706581786316634E-6
3,161;251;282,2.7337179568909797E-6
3,149;358;925,-2.6292346891183954E-6
3,257;396;429,2.5995865250659222E-6
3,121;280;845,-2.593874086524284E-6
3,296;346;657,2.4639086009750206E-6
3,42;44;683,-2.285681241859891E-6
3,5;439;727,2.275332459912238E-6
3,267;319;723,2.267027556807355E-6
3,75;188;716,2.151135460682477E-6
3,37;660;843,-1.9143490847741417E-6
3,366;521;895,1.8493408905193715E-6
3,34;530;721,1.8249287989733492E-6
3,252;705;746,1.4629255203961328E-6
3,464;483;696,1.4472874155540134E-6
3,68;152;229,-9.695183062116419E-7
3,102;131;891,9.578074974277152E-7
3,244;425;572,-9.120592546794231E-7
3,133;365;990,-9.069005385021894E-7
3,376;743;923,8.780706238931957E-7
3,52;711;895,8.518407597708083E-7
3,448;697;916,7.038073257601974E-7
3,499;525;626,-6.881787417330754E-7
3,255;884;978,-5.357954452458874E-7
3,70;130;981,-4.3200919108467295E-7
3,13;569;689,1.6851736048219268E-7
3,68;107;800,-1.679055011442332E-7
