order,indices,coefficient
0,,0.4959674834731983
1,710,5.874711592502611E-4
1,612,5.806987773148276E-4
1,563,-5.621797066036869E-4
1,713,5.596503814900688E-4
1,213,-5.591826291710154E-4
1,757,-5.504596538829555E-4
1,303,5.21990988831946E-4
1,418,-5.198483110482894E-4
1,514,-5.172098777839207E-4
1,839,-5.011510047755089E-4
1,782,5.002854695358628E-4
1,812,4.946411908216352E-4
1,481,4.935363194370022E-4
1,249,4.7071118799482626E-4
1,347,4.282219894736575E-4
1,592,-4.28148658857199E-4
1,299,4.1993265930381524E-4
1,540,4.138676278800539E-4
1,958,-4.081819538041105E-4
1,332,3.9670169620892505E-4
1,426,3.9633907305533435E-4
1,984,-3.9455438495417485E-4
1,154,-3.8783019445091363E-4
1,813,-3.877360279800022E-4
1,626,-3.86739998457118E-4
1,432,3.8609488193154143E-4
1,709,3.811209500673561E-4
1,108,-3.8043513909629973E-4
1,470,3.772196218062905E-4
1,511,-3.765855202257561E-4
1,451,-3.740210627625562E-4
1,666,-3.740031204953321E-4
1,219,3.686672998630169E-4
1,983,3.672509582165911E-4
1,577,-3.664622607891102E-4
1,796,3.6257898309043405E-4
1,995,3.615364701126296E-4
1,141,-3.610113475507084E-4
1,423,-3.5997292436850873E-4
1,79,3.5948597259016616E-4
1,505,-3.559604535785823E-4
1,366,3.55751296422068E-4
1,55,3.5556360500148856E-4
1,781,-3.5454059831753156E-4
1,19,3.543846464313334E-4
1,281,-3.5333031658061855E-4
1,130,3.5261350404045005E-4
1,590,3.5255672892579274E-4
1,290,3.5121669816678736E-4
1,870,3.4953570588674667E-4
1,936,-3.495245828484097E-4
1,228,3.494175433288489E-4
1,716,-3.488079964801155E-4
1,756,-3.484805009507965E-4
1,988,3.444245120503994E-4
1,924,3.443463980453927E-4
1,890,3.4413666924103015E-4
1,104,-3.434900272155554E-4
1,742,3.4311789303204565E-4
1,185,3.422201398579602E-4
1,153,3.415021332199324E-4
1,58,-3.391035981138258E-4
1,876,-3.3761579594792566E-4
1,743,-3.3405852856018524E-4
1,731,3.3118632752616355E-4
1,478,3.2874347650804883E-4
1,777,-3.278658098290143E-4
1,973,3.2659918778999667E-4
1,87,-3.2517175200803594E-4
1,718,-3.243706340290831E-4
1,352,-3.238587186322774E-4
1,810,3.2377588540019955E-4
1,619,3.229143538793795E-4
1,522,3.2237071050944397E-4
1,525,-3.208795449630344E-4
1,905,-3.1814213407529735E-4
1,934,-3.1812203550537517E-4
1,509,3.1650953043119764E-4
1,221,-3.152585503571004E-4
1,773,-3.148037389627473E-4
1,29,-3.1436517973804903E-4
1,180,3.1303984056761983E-4
1,169,-3.1108870921404687E-4
1,506,-3.1098357793031713E-4
1,76,-3.1017886840928365E-4
1,412,-3.096406606715591E-4
1,382,-3.088210893915738E-4
1,476,-3.0732514298692645E-4
1,312,3.0465169849780877E-4
1,737,-3.03781792069266E-4
1,255,3.0254063245689584E-4
1,13,3.0237973325342204E-4
1,315,-3.005141310772841E-4
1,954,3.0016135366468187E-4
1,801,2.97598659145885E-4
1,134,-2.966633383155945E-4
1,557,-2.958807053751862E-4
1,28,-2.948721214611404E-4
1,22,-2.9481136414466843E-4
1,166,-2.937331286737339E-4
1,401,-2.900263368159933E-4
1,215,2.899808614899057E-4
1,837,-2.881130175124413E-4
1,387,2.877425700868138E-4
1,918,2.86310295299971E-4
1,105,2.85995207672496E-4
1,208,-2.8564515739161055E-4
1,559,2.8542068305604433E-4
1,774,-2.842817217005936E-4
1,982,-2.83747636109323E-4
1,617,-2.8367326226819866E-4
1,913,-2.8121009322542575E-4
1,513,2.794329585491934E-4
1,144,-2.765792770775479E-4
1,551,-2.7614626842127453E-4
1,272,2.758979246215215E-4
1,117,2.758880172736413E-4
1,5,2.7543477723373334E-4
1,122,-2.750236819075618E-4
1,192,-2.747834550733271E-4
1,373,-2.740305046165301E-4
1,150,2.7318785099105425E-4
1,960,2.726535192532842E-4
1,516,-2.701471263621549E-4
1,594,2.696548989166989E-4
1,502,2.696009935221023E-4
1,723,-2.690061807577317E-4
1,123,2.680985427972747E-4
1,804,-2.671024044894225E-4
1,278,-2.6619664143242357E-4
1,572,2.660714535912239E-4
1,499,2.653943263283427E-4
1,41,2.649500580760741E-4
1,42,-2.6424440776237135E-4
1,880,-2.63496812296164E-4
1,955,2.6349253698786145E-4
1,938,2.6317641834992035E-4
1,733,2.628172060606283E-4
1,295,2.614224043332587E-4
1,680,-2.613045052192966E-4
1,175,2.6112143772156565E-4
1,646,-2.595526441697348E-4
1,300,2.593846803012727E-4
1,100,2.5872757154202924E-4
1,320,-2.5759515352666914E-4
1,204,-2.5525330230988447E-4
1,508,2.539304881833966E-4
1,582,-2.5290886069415065E-4
1,439,2.52854365152385E-4
1,286,2.5277178049713567E-4
1,799,-2.5247580193579544E-4
1,645,2.520466904529881E-4
1,433,2.5090821807357736E-4
1,957,2.503386783396515E-4
1,217,-2.502768253592408E-4
1,815,-2.4933728438423597E-4
1,809,-2.484441853365621E-4
1,431,-2.483328970295692E-4
1,37,2.4748036630636513E-4
1,252,-2.4689221813723144E-4
1,71,-2.467247282493834E-4
1,243,-2.45752939034951E-4
1,763,-2.4485802964524164E-4
1,844,-2.446180661568492E-4
1,50,2.4372978754519365E-4
1,642,-2.4364675396527975E-4
1,227,-2.4247316407189048E-4
1,758,-2.419044103880011E-4
1,112,2.4095432339952557E-4
1,664,-2.4075800513982283E-4
1,668,-2.3987609348015808E-4
1,307,-2.3957863869804758E-4
1,778,2.3937629381507122E-4
1,964,2.3909788871265015E-4
1,434,2.385082322983471E-4
1,930,-2.3842059565617218E-4
1,602,-2.3840445206367204E-4
1,727,2.3832872388550763E-4
1,827,2.373591498576558E-4
1,479,2.3704852413378969E-4
1,829,2.3678231772228373E-4
1,949,2.3675157124561114E-4
1,102,2.3604663461297177E-4
1,396,2.3596923658324878E-4
1,325,-2.3495797673410754E-4
1,768,-2.333742111161096E-4
1,529,-2.324111864354383E-4
1,321,2.3238916681490884E-4
1,57,-2.3049237152303204E-4
1,230,2.3016837939568552E-4
1,461,-2.2938835287831293E-4
1,730,-2.2923470908250602E-4
1,824,-2.2871959905951763E-4
1,35,-2.267917251362205E-4
1,598,2.2655510093146796E-4
1,462,2.2645057657772843E-4
1,456,2.2570816472830579E-4
1,284,-2.2554947289949752E-4
1,118,2.246888917217492E-4
1,785,-2.2443193996111524E-4
1,239,2.2434951905447975E-4
1,906,-2.2432295414509412E-4
1,641,-2.2405342805851254E-4
1,495,-2.2278649547038232E-4
1,72,2.2245574844179932E-4
1,667,-2.2216302999265663E-4
1,507,2.214157832284778E-4
1,362,-2.2108288280585042E-4
1,902,-2.2070620771208843E-4
1,378,-2.2050643692486695E-4
1,677,-2.1977833934283525E-4
1,61,2.192655347711583E-4
1,408,-2.186279516653291E-4
1,99,-2.185557462765963E-4
1,554,-2.1837953600621594E-4
1,70,2.1803105048530624E-4
1,270,-2.1694494604692854E-4
1,358,-2.165245089929447E-4
1,291,-2.1550291892411503E-4
1,962,-2.1507150259294272E-4
1,980,2.149900722304399E-4
1,800,2.146009426828182E-4
1,487,2.1378154015441408E-4
1,770,-2.1371149263135373E-4
1,858,-2.129571558313137E-4
1,520,2.1009886898976774E-4
1,64,2.0859287769281923E-4
1,115,2.0829300604516078E-4
1,287,2.0625912943643087E-4
1,75,-2.0491475608582367E-4
1,571,2.0448920765502306E-4
1,888,2.0371548411343777E-4
1,422,-2.0248127604617037E-4
1,637,2.0107553854529212E-4
1,628,2.00982172770364E-4
1,662,2.0021377165725145E-4
1,656,2.0007873581388407E-4
1,445,-1.9935840615793466E-4
1,615,1.981513012591155E-4
1,515,-1.9774509472059122E-4
1,275,1.9699132179316648E-4
1,415,-1.9640282765271373E-4
1,609,1.9622915356662211E-4
1,620,1.9597219511683012E-4
1,683,-1.953181201622652E-4
1,739,1.9517813485160884E-4
1,653,-1.9511023587402644E-4
1,761,1.9495279748799437E-4
1,405,1.9452353658272212E-4
1,52,1.9406111944614168E-4
1,120,-1.9405322455047147E-4
1,614,1.9375350422646103E-4
1,732,-1.937014718169408E-4
1,163,-1.9365906606086698E-4
1,20,-1.9353023383706129E-4
1,435,1.9317109512582818E-4
1,925,-1.9302425351635017E-4
1,127,1.9280033436714126E-4
1,263,1.92397137961765E-4
1,610,-1.9233184203924672E-4
1,721,1.921584027914816E-4
1,84,1.920966302876761E-4
1,750,1.9172452463214935E-4
1,365,-1.914324602531275E-4
1,917,1.906251023164725E-4
1,814,1.8989867512473563E-4
1,80,-1.8917050942883034E-4
1,843,-1.8898598366980796E-4
1,379,1.8895572164902118E-4
1,194,1.883719322611679E-4
1,206,-1.8763793986063628E-4
1,603,1.8757757790690782E-4
1,285,1.8739164506274041E-4
1,297,1.8440515046521216E-4
1,792,-1.8395139184586537E-4
1,510,1.836127616265433E-4
1,869,-1.833910854699019E-4
1,600,-1.8316565117102061E-4
1,442,-1.8285391314257682E-4
1,489,1.8283512184797199E-4
1,862,-1.8240831236892414E-4
1,549,1.8201748251046003E-4
1,916,1.8190273535408284E-4
1,107,-1.8064402932171234E-4
1,341,-1.80516603692146E-4
1,719,1.7961085254507297E-4
1,741,-1.7928687462138263E-4
1,477,1.786341330345676E-4
1,820,1.7861724336404926E-4
1,963,-1.7858239493907018E-4
1,942,-1.7850412715472716E-4
1,146,-1.7842305841092178E-4
1,209,1.7836202972561015E-4
1,798,-1.777164635414883E-4
1,828,-1.765075801402506E-4
1,1,-1.7578781885305234E-4
1,883,-1.7576499207809903E-4
1,724,-1.7557818550662207E-4
1,629,1.7384963101396838E-4
1,430,-1.731747394650926E-4
1,294,1.7238408737351436E-4
1,467,1.7151402997196363E-4
1,259,1.714296180872987E-4
1,690,1.7132568440439004E-4
1,413,1.697510722828201E-4
1,472,-1.6929705703553263E-4
1,981,1.6901754837579086E-4
1,202,-1.6888687868408308E-4
1,32,-1.6863216197245506E-4
1,14,-1.6844550487176563E-4
1,436,-1.6820585052173173E-4
1,999,-1.6799979565868957E-4
1,830,1.6761427318871426E-4
1,345,1.6754884152608534E-4
1,706,-1.673279706948257E-4
1,926,1.664436611119745E-4
1,881,1.662067818019358E-4
1,414,1.6617918772211628E-4
1,493,1.656601028561345E-4
1,784,1.6511302448256508E-4
1,323,-1.650451641961312E-4
1,867,-1.6503274174271254E-4
1,864,1.6462110049692287E-4
1,67,-1.6460949104351113E-4
1,392,1.644481471750743E-4
1,854,1.6403224870768673E-4
1,878,-1.6400422420018707E-4
1,650,1.6338252694432024E-4
1,464,1.628641923191029E-4
1,882,-1.627096607480417E-4
1,745,1.6208561210979736E-4
1,363,1.6170804405647582E-4
1,97,-1.6168509886097348E-4
1,866,1.604471454969207E-4
1,337,-1.5981428064036282E-4
1,91,-1.5976385897692336E-4
1,675,-1.5936182850652763E-4
1,705,-1.5933888735392127E-4
1,389,1.5905788803687707E-4
1,98,1.5858693516159774E-4
1,280,1.582750080527075E-4
1,9,-1.5757187770158392E-4
1,689,1.57027305406489E-4
1,201,1.5700649891919023E-4
1,96,-1.5687298940710305E-4
1,986,-1.5638691881381483E-4
1,670,-1.559017903436752E-4
1,581,1.5531698983101803E-4
1,301,1.5493394001646747E-4
1,368,-1.548401502086363E-4
1,841,-1.5474665747589956E-4
1,738,1.543238735788491E-4
1,976,1.5407794299534527E-4
1,404,1.5380607690917042E-4
1,762,1.5325204482178202E-4
1,327,-1.5323795543188817E-4
1,331,-1.5291556522383418E-4
1,588,1.5234310020682823E-4
1,543,1.5228240526836675E-4
1,54,1.513302342469357E-4
1,268,-1.508585692416966E-4
1,501,1.505681501311995E-4
1,15,1.4961694577176566E-4
1,573,-1.494159816031378E-4
1,68,-1.4835893211927718E-4
1,111,1.475904356210654E-4
1,43,1.475307967334002E-4
1,583,1.4727184291016604E-4
1,114,-1.4686230615456342E-4
1,220,-1.468118734032594E-4
1,885,-1.4680064786083593E-4
1,755,1.467414567573977E-4
1,570,1.4655026734677678E-4
1,523,-1.4644433659386446E-4
1,715,1.4574778426746043E-4
1,698,-1.4566187374389568E-4
1,693,1.4560949715429657E-4
1,403,1.4525054193010103E-4
1,734,1.450301399201745E-4
1,168,1.4497617140948025E-4
1,385,1.4491771284712963E-4
1,356,1.4475054656634483E-4
1,311,1.4439809116904452E-4
1,485,1.4414885587064983E-4
1,277,-1.4401688332211607E-4
1,232,1.438898467445537E-4
1,914,-1.4386994616233818E-4
1,535,-1.4366557173552623E-4
1,348,1.4347610064328675E-4
1,181,1.4281792937691947E-4
1,69,1.4228848397094783E-4
1,184,1.4221681377785966E-4
1,950,1.4179970379069154E-4
1,44,-1.415115362527103E-4
1,93,-1.4137109408250074E-4
1,939,1.4120865907402193E-4
1,386,1.4103555844764692E-4
1,991,1.4061987880683725E-4
1,944,1.40563646320571E-4
1,714,1.402104372734711E-4
1,802,1.3944549854613393E-4
1,884,1.3754309357225924E-4
1,361,1.3743036023545504E-4
1,961,1.373607709868452E-4
1,631,-1.3712680135321577E-4
1,877,-1.3707550011268177E-4
1,623,1.3672281408923348E-4
1,372,-1.360854347517675E-4
1,775,-1.3598728784313302E-4
1,584,1.3566203464745796E-4
1,231,-1.3509810617352448E-4
1,806,1.349520907293737E-4
1,145,1.3443429497867732E-4
1,248,1.3261117691339087E-4
1,454,1.3241631981452168E-4
1,887,1.321957614829885E-4
1,651,1.3193237315742084E-4
1,851,1.312345200305599E-4
1,304,1.3113167722932981E-4
1,932,1.3068291191981857E-4
1,474,1.3013582077285647E-4
1,189,1.2964960081397436E-4
1,512,1.2943287979985413E-4
1,460,1.2939287016037782E-4
1,188,1.2934180207103464E-4
1,912,1.2905442803349838E-4
1,561,1.2902180449281083E-4
1,879,-1.2869392440512085E-4
1,688,-1.284044297531088E-4
1,66,1.283778581969799E-4
1,638,-1.2827969142321406E-4
1,780,1.2827589144310227E-4
1,400,1.2801009356136177E-4
1,466,-1.2748558561581302E-4
1,196,1.2623907050359834E-4
1,407,1.2622194335680016E-4
1,621,-1.2592880572423433E-4
1,458,-1.2547798620634942E-4
1,776,-1.2541165948043198E-4
1,110,1.2527857395021796E-4
1,128,-1.2512762971512008E-4
1,790,-1.2486769623246228E-4
1,425,1.240080543182808E-4
1,440,-1.2353866574182592E-4
1,174,1.2346401189728258E-4
1,459,1.231532325712286E-4
1,649,1.2304953783736066E-4
1,919,-1.2258773211793394E-4
1,909,1.223989768808842E-4
1,171,-1.223336034820714E-4
1,242,-1.2193094166269557E-4
1,997,1.2113448576562961E-4
1,143,1.2099840053682952E-4
1,566,1.2051509333196246E-4
1,595,1.2045342888152935E-4
1,381,-1.2008494791808959E-4
1,178,1.2004754006485029E-4
1,691,1.1899760217902756E-4
1,842,-1.1889531366570222E-4
1,521,-1.1850950884717976E-4
1,482,1.1843906285001752E-4
1,787,-1.1829258320621245E-4
1,420,-1.1808989338193326E-4
1,343,1.1786625042758344E-4
1,190,1.1782751716365437E-4
1,720,1.1781666185647349E-4
1,16,-1.1755109025652919E-4
1,148,1.1667336235812182E-4
1,322,1.164825775699631E-4
1,429,-1.1629260264921825E-4
1,532,-1.160728947741053E-4
1,359,1.1569760499035584E-4
1,253,1.1551688417606767E-4
1,116,-1.1525833672720334E-4
1,589,-1.1498727994639082E-4
1,109,1.149669812440155E-4
1,920,1.1477894550558E-4
1,707,-1.1405751684735499E-4
1,648,-1.1319672207502474E-4
1,448,-1.1297022535633572E-4
1,547,-1.1293888985473584E-4
1,704,-1.1271554150195215E-4
1,328,-1.1222380855972295E-4
1,729,1.1204590808098919E-4
1,441,-1.1161978091161318E-4
1,402,-1.1120134883900206E-4
1,47,-1.1101783714474115E-4
1,24,-1.1085861412749765E-4
1,492,1.1053906238572607E-4
1,663,-1.1037630323209899E-4
1,131,1.102618140308734E-4
1,160,1.1025914653657635E-4
1,989,-1.1021215052395297E-4
1,708,-1.100993805321925E-4
1,483,-1.094943993547196E-4
1,856,-1.0879327752959075E-4
1,374,-1.0866094762282932E-4
1,95,-1.079061535976663E-4
1,754,1.0789860694699616E-4
1,273,-1.0754446108519459E-4
1,48,-1.075265081426469E-4
1,195,1.0721255451556324E-4
1,725,-1.0714796393998066E-4
1,222,1.06934062772687E-4
1,941,-1.0603588797436309E-4
1,89,1.059923484700909E-4
1,608,-1.0598042143878641E-4
1,164,-1.0551144691690393E-4
1,586,-1.054705860232118E-4
1,298,1.0491929088668207E-4
1,795,-1.0488641400741334E-4
1,697,1.0469035917303309E-4
1,376,-1.0384003973141222E-4
1,659,1.0364986118330674E-4
1,811,-1.0345164280003058E-4
1,897,-1.0279542247656553E-4
1,421,-1.0271164094310546E-4
1,138,-1.0255273694111287E-4
1,33,-1.0243077334019392E-4
1,933,-1.0235655053248668E-4
1,310,1.0230339654668728E-4
1,31,-1.0139905984598256E-4
1,657,-1.0109856576792914E-4
1,121,1.0104261938570603E-4
1,101,-1.0089355618308597E-4
1,517,-1.0081135779604863E-4
1,823,-1.0053560595367942E-4
1,712,9.987572452315083E-5
1,81,-9.958095966302332E-5
1,360,9.889999128003141E-5
1,223,-9.844682705695451E-5
1,998,9.813901448221046E-5
1,330,9.718882028576991E-5
1,873,-9.711158894006985E-5
1,428,-9.646225520711027E-5
1,644,-9.599883654216702E-5
1,4,-9.57873897177814E-5
1,542,9.578018629605792E-5
1,625,-9.544322221749788E-5
1,853,9.539455057255826E-5
1,216,9.501411973139687E-5
1,237,9.442151292727435E-5
1,665,-9.426977754192326E-5
1,142,-9.403532810271008E-5
1,62,9.352226967410637E-5
1,369,9.351733197886824E-5
1,526,-9.333059797081008E-5
1,850,-9.306085676935017E-5
1,187,-9.295955036704953E-5
1,465,-9.273399636951526E-5
1,923,-9.223099520679881E-5
1,344,-9.219647689549587E-5
1,56,-9.192831917450382E-5
1,353,-9.192474113064387E-5
1,172,-9.172701966344527E-5
1,357,9.151941008271697E-5
1,266,-9.137839705409241E-5
1,333,-9.125399192095125E-5
1,90,-9.124718153913522E-5
1,226,9.075384781382753E-5
1,410,-9.066373123226828E-5
1,974,9.037860410637286E-5
1,855,8.991018792638753E-5
1,316,8.984016022032282E-5
1,531,-8.969410409997353E-5
1,553,8.961897367020388E-5
1,380,-8.896611442096449E-5
1,317,8.878066405145971E-5
1,186,-8.875958989017751E-5
1,504,-8.839920776576648E-5
1,3,-8.802885010955125E-5
1,212,-8.748399534360149E-5
1,616,8.733917930134624E-5
1,457,-8.683615956215962E-5
1,256,-8.668616022787207E-5
1,444,-8.653875214000038E-5
1,34,-8.643914964922E-5
1,550,8.636243028212345E-5
1,282,-8.600384753684898E-5
1,910,8.593321766873398E-5
1,162,-8.53113912509433E-5
1,786,-8.49649385353496E-5
1,313,8.493536488267492E-5
1,391,8.454890541093835E-5
1,463,8.451418575351242E-5
1,808,-8.435551885978228E-5
1,833,-8.402129710903032E-5
1,585,-8.347854297142478E-5
1,567,8.342552660584208E-5
1,480,8.313929129141488E-5
1,411,-8.309023218018539E-5
1,967,-8.289802989841674E-5
1,11,8.268958584954723E-5
1,886,8.204211963413105E-5
1,597,8.137193627239672E-5
1,971,8.116351571648235E-5
1,703,-8.092358610413389E-5
1,490,-8.075753393728361E-5
1,618,8.055850328565588E-5
1,173,-8.050028123382917E-5
1,395,8.04969657611411E-5
1,759,8.044539209199858E-5
1,654,8.040999099630763E-5
1,928,7.995170221428494E-5
1,580,7.967096978026506E-5
1,901,7.952322910419145E-5
1,25,-7.93705535761095E-5
1,805,-7.869729165422536E-5
1,383,-7.86074249199688E-5
1,767,7.843206280506465E-5
1,289,7.814555521718396E-5
1,753,7.809262094461483E-5
1,269,7.798607676119684E-5
1,678,7.793933639177712E-5
1,443,-7.787160095834297E-5
1,606,-7.761600213449089E-5
1,996,-7.752026741431609E-5
1,6,7.741923950354772E-5
1,335,-7.714265088590396E-5
1,686,7.700829633077026E-5
1,672,-7.684000792168644E-5
1,74,-7.629423614921441E-5
1,329,-7.622831936117772E-5
1,534,-7.599676770494587E-5
1,151,7.5777180699535E-5
1,687,7.529891128468225E-5
1,538,-7.489912257601566E-5
1,475,7.48084253923656E-5
1,826,7.428054628076987E-5
1,309,-7.41869280539504E-5
1,83,-7.391912847603544E-5
1,744,7.307051617833346E-5
1,956,-7.275834561440284E-5
1,857,7.25183620113867E-5
1,140,7.235848133177862E-5
1,807,-7.216616486467554E-5
1,821,-7.162861178622643E-5
1,907,-7.142915178852777E-5
1,736,7.133936620699565E-5
1,45,7.130952281759536E-5
1,717,-7.127214831214408E-5
1,354,-7.125101677513545E-5
1,700,-7.111066842746464E-5
1,574,7.083635198683173E-5
1,246,-7.014326068011941E-5
1,170,-7.012443967324593E-5
1,896,6.947933052903176E-5
1,267,6.888085722674424E-5
1,244,-6.854302867436036E-5
1,235,6.853498907500246E-5
1,125,6.772324199555408E-5
1,393,-6.755417962994793E-5
1,825,6.755160231725279E-5
1,947,-6.693022098780344E-5
1,51,6.628121427322888E-5
1,899,6.626595874284288E-5
1,836,6.610307822509029E-5
1,388,-6.604543476705238E-5
1,484,6.600319677127936E-5
1,258,6.582527598414914E-5
1,556,6.56130242010201E-5
1,7,-6.557905321642465E-5
1,193,6.55578434627092E-5
1,324,6.522613061301627E-5
1,214,-6.509859494462498E-5
1,250,-6.482685043779513E-5
1,946,-6.470161807282204E-5
1,503,6.467747862784586E-5
1,968,6.444161739617604E-5
1,545,-6.433576568257797E-5
1,519,6.404038598091882E-5
1,560,-6.398404986311418E-5
1,446,6.39701415025906E-5
1,539,-6.360311692280826E-5
1,943,6.345925068538427E-5
1,334,6.30457639081314E-5
1,915,-6.26376837936664E-5
1,669,-6.249775299051957E-5
1,437,6.246582784568634E-5
1,497,-6.22834628908772E-5
1,791,-6.209728235954191E-5
1,305,-6.204775215354597E-5
1,752,-6.19691838829737E-5
1,847,-6.175082579707739E-5
1,18,6.150929967208058E-5
1,969,-6.128548477375646E-5
1,205,-6.120922254960928E-5
1,965,-6.102148382696823E-5
1,760,-6.0987982425278035E-5
1,0,6.0654456622943015E-5
1,966,6.046027134809432E-5
1,874,6.0328911492852105E-5
1,308,6.0061318251607684E-5
1,735,-5.9941982315566245E-5
1,959,-5.989854275224843E-5
1,607,-5.982045642142704E-5
1,355,-5.980922908307042E-5
1,264,5.971131209862013E-5
1,225,-5.9504630117812364E-5
1,234,5.925653641394887E-5
1,660,5.922987921382733E-5
1,568,-5.909535447035666E-5
1,156,5.8836122541368834E-5
1,630,-5.8674710687435673E-5
1,953,-5.853297194212116E-5
1,12,5.824725264529121E-5
1,133,-5.7876481377773444E-5
1,771,5.787478534055934E-5
1,894,-5.7774569639838276E-5
1,978,5.774405396246485E-5
1,793,5.7709264395149104E-5
1,518,5.685931192371821E-5
1,419,-5.682486611548275E-5
1,251,5.670303819678796E-5
1,639,-5.652600330558229E-5
1,147,-5.650553470969834E-5
1,699,-5.639630436248088E-5
1,684,-5.6325881847002905E-5
1,558,-5.623686701776957E-5
1,375,5.5574683536366357E-5
1,927,5.5448427723906656E-5
1,747,-5.517297624011483E-5
1,831,5.5092070700403784E-5
1,530,5.471468359846704E-5
1,27,-5.460214135312228E-5
1,233,5.4273107084144944E-5
1,469,5.390583034773042E-5
1,82,-5.386863760569953E-5
1,552,-5.3747231334572916E-5
1,746,5.3616944315474066E-5
1,524,5.356419958871926E-5
1,904,5.3231921538945074E-5
1,306,-5.309662906636402E-5
1,848,-5.240794085054305E-5
1,972,-5.202979211289813E-5
1,633,5.1916980327511106E-5
1,449,-5.186807479473743E-5
1,260,-5.156111684090678E-5
1,696,-5.093715844611953E-5
1,241,-5.046667956537486E-5
1,546,-5.026168558690919E-5
1,622,-4.996179524327817E-5
1,527,-4.985051167361332E-5
1,500,4.974287701926448E-5
1,679,-4.973126335453394E-5
1,211,4.971181003239218E-5
1,21,-4.964376719329216E-5
1,834,-4.938017294486509E-5
1,993,4.922309064556733E-5
1,903,4.900603952917387E-5
1,342,-4.898822139806762E-5
1,370,4.868128791520426E-5
1,338,-4.8194373062061325E-5
1,137,-4.817898564421972E-5
1,536,-4.8159630516893536E-5
1,846,4.803099905291024E-5
1,769,4.774326990407707E-5
1,78,-4.756389237517503E-5
1,722,4.718533041196253E-5
1,427,4.7166722485754514E-5
1,471,-4.709500986486809E-5
1,789,-4.6848090345479046E-5
1,977,4.675708768380419E-5
1,643,-4.666136928439216E-5
1,8,4.641592901604713E-5
1,59,-4.6271404542821555E-5
1,240,-4.6089209254148276E-5
1,701,-4.587803941834444E-5
1,797,4.5494321968197405E-5
1,852,-4.5289844137979236E-5
1,685,4.498072238806232E-5
1,119,4.496247669381953E-5
1,349,-4.494973808804459E-5
1,676,-4.482969220930368E-5
1,749,-4.451762974814319E-5
1,871,-4.4296722090291394E-5
1,468,4.4202428933607946E-5
1,350,-4.411711690303183E-5
1,157,-4.389097376587463E-5
1,326,4.3873246605397905E-5
1,340,4.382937849533635E-5
1,832,4.3679558114784605E-5
1,455,4.3603188300402136E-5
1,634,-4.3264656504043224E-5
1,822,4.2821594506540285E-5
1,10,4.2295892670589656E-5
1,296,-4.207372408991683E-5
1,818,4.1704982927659505E-5
1,711,4.1684175942089066E-5
1,611,4.161350040305206E-5
1,817,-4.120887349699535E-5
1,279,-4.110086041906878E-5
1,364,-4.0780393692654695E-5
1,113,-4.07558559650961E-5
1,207,-4.066440502735219E-5
1,182,4.0257145150803755E-5
1,994,-4.017307376409214E-5
1,124,-4.0069898559095774E-5
1,849,-4.003943405009837E-5
1,694,-3.995196293824528E-5
1,578,-3.978048772987654E-5
1,106,3.967026557459376E-5
1,772,-3.958150297282209E-5
1,135,-3.942695197218701E-5
1,544,3.93954867931438E-5
1,218,3.929233302234533E-5
1,261,-3.919623137982911E-5
1,438,3.919059612529945E-5
1,875,-3.892915563425617E-5
1,569,-3.89136448295892E-5
1,65,3.8755167674675574E-5
1,564,-3.806201357565026E-5
1,587,-3.785131967954106E-5
1,496,-3.781842687802364E-5
1,990,3.781218626178309E-5
1,198,3.760469760279804E-5
1,229,3.743062532319695E-5
1,593,-3.71294317083283E-5
1,702,3.694542911415084E-5
1,49,3.653762976428926E-5
1,948,-3.607186525089673E-5
1,167,3.590759404673269E-5
1,970,3.58658753525594E-5
1,975,3.531660277548182E-5
1,740,-3.460907180052648E-5
1,103,-3.4173959100974706E-5
1,604,-3.3927085502752016E-5
1,132,-3.3904737945797696E-5
1,38,-3.361522036681397E-5
1,921,3.360057150796823E-5
1,498,3.34557633995603E-5
1,937,3.2869438693785115E-5
1,293,-3.2777186458614704E-5
1,406,3.277324477510232E-5
1,748,-3.211515505002843E-5
1,399,3.200249315569774E-5
1,86,3.18749451025469E-5
1,652,3.1663453882425735E-5
1,199,-3.153377056402854E-5
1,908,-3.147075687267023E-5
1,533,3.128082859598359E-5
1,139,-3.119779821358895E-5
1,283,-3.1165667454588165E-5
1,397,3.100512356498583E-5
1,77,-3.079651093973422E-5
1,673,-3.079007758903984E-5
1,63,-3.067271902225841E-5
1,30,-3.043019030521567E-5
1,491,-3.0378371003601497E-5
1,159,-2.999088911691761E-5
1,203,2.9759419890439134E-5
1,674,-2.8980881008470946E-5
1,367,-2.893687680068942E-5
1,548,2.8797630735109756E-5
1,900,-2.865277195812005E-5
1,695,-2.8182715964937336E-5
1,893,-2.790690130514982E-5
1,555,2.7793702700321637E-5
1,872,-2.766101116112052E-5
1,627,2.7322579893220997E-5
1,635,-2.7132866238827895E-5
1,765,2.708655892742079E-5
1,865,2.6932372599066515E-5
1,794,-2.6612913175139545E-5
1,911,-2.6609028445452627E-5
1,868,2.6325376152635596E-5
1,579,2.629173526774166E-5
1,236,-2.6246047248527775E-5
1,398,2.5864339966906597E-5
1,488,-2.5780998632479817E-5
1,265,2.5334803250111226E-5
1,895,-2.5061330685329037E-5
1,575,2.5021095637555018E-5
1,183,-2.490808133680872E-5
1,889,2.487639639999763E-5
1,257,2.4614959298861496E-5
1,200,2.4491298562896113E-5
1,952,-2.4206922779063223E-5
1,262,-2.4183685417042342E-5
1,276,2.4176490901400337E-5
1,155,2.4089965498300808E-5
1,565,-2.3951181447577603E-5
1,632,-2.386500064816802E-5
1,39,-2.3847845858220835E-5
1,73,2.330294730592411E-5
1,302,2.3110955328794663E-5
1,224,-2.3078189887867974E-5
1,129,2.2951035380170142E-5
1,835,2.269472288773361E-5
1,424,-2.25146411129023E-5
1,247,-2.1819131372952355E-5
1,17,2.1197102810797633E-5
1,46,-2.1104580168465573E-5
1,452,-2.086317672253307E-5
1,863,2.0457945912102136E-5
1,766,-2.0370368720259684E-5
1,860,2.0049443830529075E-5
1,951,1.9574358564285576E-5
1,94,1.9487819164286115E-5
1,892,-1.898025464016745E-5
1,682,1.8718532518763778E-5
1,576,1.802254001875364E-5
1,85,-1.773721993756415E-5
1,149,1.7673490157387784E-5
1,601,-1.765488929864631E-5
1,336,-1.7644487665009244E-5
1,992,-1.745759831561819E-5
1,979,1.7312509607513E-5
1,859,-1.7164788918745886E-5
1,2,-1.708211544658228E-5
1,473,1.7021602540959386E-5
1,238,-1.6953575788665284E-5
1,26,1.6631596296401054E-5
1,417,1.6391068932634285E-5
1,161,-1.6183822218643936E-5
1,377,-1.6009632922044715E-5
1,640,-1.5883866905991224E-5
1,728,1.5722982544987204E-5
1,177,-1.563964722045419E-5
1,288,1.555525481727292E-5
1,945,1.5403291260360524E-5
1,636,-1.5341202053955504E-5
1,681,1.5311384872652892E-5
1,692,-1.5224826761391767E-5
1,274,-1.4740192939230735E-5
1,158,1.4615285043632672E-5
1,891,1.4601096990815744E-5
1,486,-1.4582155797406724E-5
1,624,1.404436606066116E-5
1,197,-1.3745828009848916E-5
1,416,-1.3344752828836237E-5
1,409,-1.3153731361112503E-5
1,658,-1.3112216770182317E-5
1,450,1.2801448812379864E-5
1,845,1.2502362446169257E-5
1,314,1.244530012871467E-5
1,726,1.2288495495329163E-5
1,23,-1.113982803291462E-5
1,596,-1.1097605763823875E-5
1,176,1.0867357328751215E-5
1,661,1.0721993289593779E-5
1,783,-1.0612116200930139E-5
1,271,1.059459721929379E-5
1,922,1.056287335190631E-5
1,898,-9.79444947036183E-6
1,447,-9.745546036750416E-6
1,819,9.722184523599132E-6
1,40,-9.40877049322597E-6
1,390,-8.920875287566022E-6
1,929,8.860415897643747E-6
1,861,-8.852230566463961E-6
1,60,-8.43201096343628E-6
1,292,8.416199534233685E-6
1,655,-8.158279902274094E-6
1,940,8.036637453940384E-6
1,53,-7.609918667525778E-6
1,88,7.337981992716667E-6
1,351,6.880821835024531E-6
1,371,6.620183995165507E-6
1,838,-6.5205828588845575E-6
1,599,-6.4711463074033775E-6
1,152,-6.411344917131134E-6
1,36,6.066357948231002E-6
1,764,6.061955366775646E-6
1,840,5.940106516901786E-6
1,537,-5.903813979653852E-6
1,751,-5.901061635831942E-6
1,788,-5.885458499466201E-6
1,562,5.853465408203223E-6
1,394,5.711308895494968E-6
1,985,5.4837330087719325E-6
1,613,-5.315148290031158E-6
1,346,5.232070300185146E-6
1,453,-5.029559178376483E-6
1,318,4.894931355096944E-6
1,165,-4.652114165312457E-6
1,179,4.137950805758114E-6
1,931,3.79251151411332E-6
1,319,3.7777969110358994E-6
1,136,-3.449949877360081E-6
1,591,-3.343867071583878E-6
1,647,3.2572241568616103E-6
1,494,3.1718205947965233E-6
1,605,3.1582637685166475E-6
1,191,-3.1246716275633303E-6
1,779,-2.9487868747283125E-6
1,528,2.4276324838685417E-6
1,987,-2.39481024250951E-6
1,671,2.242314533000736E-6
1,816,2.18876106845306E-6
1,254,-1.8301629661234275E-6
1,339,1.8107407632879519E-6
1,384,1.7109338365230154E-6
1,126,-1.429382952516628E-6
1,541,-9.203213321371528E-7
1,210,-9.140688962180899E-7
1,935,-4.958898270206874E-7
1,245,-4.5391155906278347E-7
1,803,-3.9448525241625455E-8
1,92,3.653170590070532E-8
2,149;596,3.3640656871387686E-4
2,452;604,-3.154088774939946E-4
2,64;587,-2.9972564517260017E-4
2,71;594,-2.984243662297772E-4
2,5;333,-2.9505978004791826E-4
2,69;613,-2.9139352487374064E-4
2,391;711,-2.8996435646336103E-4
2,585;889,2.884213392458528E-4
2,657;923,2.8664444161213647E-4
2,126;814,-2.8174412853675915E-4
2,138;916,-2.812585528283342E-4
2,7;776,-2.812521689639354E-4
2,160;547,-2.796084143356722E-4
2,638;679,2.789943367962303E-4
2,41;722,2.743433075734652E-4
2,452;492,2.730527331194841E-4
2,238;442,-2.723129075241962E-4
2,805;891,-2.713542097032887E-4
2,616;721,-2.6698744605105357E-4
2,287;413,-2.6629594138195714E-4
2,25;705,2.638790540138766E-4
2,606;893,2.6246180242607797E-4
2,24;957,2.6206549261521E-4
2,57;490,2.605010722026628E-4
2,80;801,-2.6031388536159873E-4
2,42;584,-2.561169535245579E-4
2,80;353,2.544184332343624E-4
2,946;974,-2.529418910041308E-4
2,242;778,2.523321010328935E-4
2,85;600,2.4978637896068856E-4
2,129;866,-2.4971667350560717E-4
2,659;877,2.4937840788005495E-4
2,667;934,-2.490108272935693E-4
2,220;533,2.4886220063590164E-4
2,406;671,2.474830105985916E-4
2,205;486,2.4673863469380883E-4
2,483;657,-2.4643544548922405E-4
2,373;936,2.4489219149475893E-4
2,466;672,-2.4385776887645441E-4
2,114;695,-2.4340120911476673E-4
2,22;330,-2.428272739748535E-4
2,109;768,2.42185226648554E-4
2,475;510,-2.4180000894726748E-4
2,774;799,2.4172946906181184E-4
2,40;676,2.4084803092968866E-4
2,359;387,-2.4068809683484816E-4
2,339;983,-2.3912403469405742E-4
2,467;782,-2.3894737147461158E-4
2,330;494,2.3789315684281693E-4
2,764;980,2.3785796975692492E-4
2,645;712,-2.376171183617716E-4
2,441;921,-2.3704692384806425E-4
2,191;207,2.3696032604793093E-4
2,384;777,2.3691043369304196E-4
2,349;422,2.3645323944349674E-4
2,285;788,2.357191316798613E-4
2,215;560,2.3541775390484632E-4
2,478;511,2.351017793332509E-4
2,352;984,2.3462447315049161E-4
2,100;850,-2.3458903662768824E-4
2,145;281,-2.342536468907828E-4
2,250;940,-2.3291422325376194E-4
2,140;568,2.3284192363713925E-4
2,227;436,-2.3211273159618088E-4
2,191;253,2.31203667804683E-4
2,515;996,2.3114510847769523E-4
2,496;998,-2.3030705320167363E-4
2,131;444,2.301961345829019E-4
2,247;271,-2.2975913973102157E-4
2,4;129,2.2950927611066564E-4
2,456;754,-2.294960229122436E-4
2,423;431,-2.2889127281247107E-4
2,212;888,-2.259802811250824E-4
2,102;226,2.239079037076701E-4
2,254;388,-2.2385889956236807E-4
2,472;485,2.2323357553388247E-4
2,150;641,-2.228777685489478E-4
2,197;962,-2.2211305812241955E-4
2,234;872,2.218002996428048E-4
2,266;947,2.2148161048127912E-4
2,258;517,-2.209360737295632E-4
2,365;572,-2.204760282425699E-4
2,244;260,2.2037758548857893E-4
2,535;571,-2.200739767923533E-4
2,131;546,2.1983510212724477E-4
2,55;413,2.1978708114925885E-4
2,785;876,2.1975459726123866E-4
2,243;485,-2.195983415752172E-4
2,176;333,-2.1877023471055768E-4
2,185;666,-2.1850662939808734E-4
2,193;745,2.1798246943712017E-4
2,837;986,-2.172658929770482E-4
2,520;780,2.1722181661109203E-4
2,206;626,-2.1629976683004148E-4
2,147;600,-2.1626962782860556E-4
2,315;625,-2.162677856165176E-4
2,729;875,-2.1445540294949629E-4
2,796;914,2.1444045146769335E-4
2,664;949,-2.144133974784874E-4
2,583;681,2.142524354061401E-4
2,224;311,-2.1417518351033414E-4
2,305;716,2.1406508542673306E-4
2,542;738,-2.138626715474323E-4
2,378;521,-2.1384793553131642E-4
2,294;858,-2.1373484098234123E-4
2,630;676,2.13576576733377E-4
2,716;941,2.1324869933987743E-4
2,174;903,2.1269758895384964E-4
2,108;609,-2.109790597285848E-4
2,168;246,-2.109207363869224E-4
2,122;550,-2.1075882104647787E-4
2,914;954,-2.1072664133449503E-4
2,249;660,-2.0986814281460312E-4
2,328;507,-2.0982370977120667E-4
2,771;795,2.0921703283286383E-4
2,671;801,-2.0921122391815626E-4
2,26;888,2.0918347822688682E-4
2,385;608,2.0898827338539593E-4
2,71;525,2.0843080877474478E-4
2,584;957,2.077377970982545E-4
2,302;943,-2.0752865019556176E-4
2,439;920,-2.0741311831679816E-4
2,234;410,2.0721003603610432E-4
2,213;814,2.0713033674252357E-4
2,75;923,-2.0691230551895563E-4
2,140;280,-2.068715662299785E-4
2,18;61,-2.0686972774177847E-4
2,701;908,2.0685940760565503E-4
2,25;601,2.0685469344443284E-4
2,77;585,2.0677566006334214E-4
2,140;238,2.0596022967625822E-4
2,110;415,2.0589381203640433E-4
2,378;751,2.0515341479536363E-4
2,775;823,2.0494307836306137E-4
2,81;883,2.0481672952562624E-4
2,325;843,-2.0476655649627546E-4
2,847;936,2.0468694553349467E-4
2,464;814,2.045527302196597E-4
2,214;753,2.039580718201462E-4
2,309;772,2.038044620579755E-4
2,229;818,2.0370776732367933E-4
2,484;716,2.0365526032190058E-4
2,340;356,-2.036389275037327E-4
2,324;791,-2.0291111925683247E-4
2,821;884,2.0272831812414335E-4
2,105;638,2.024524341211931E-4
2,531;913,2.0230955269415457E-4
2,484;508,-2.0223683433004253E-4
2,770;919,2.0178238677069518E-4
2,41;729,-2.0172124385133783E-4
2,269;282,2.0150663050972197E-4
2,160;794,-2.013627497848771E-4
2,15;583,-2.0079571500184978E-4
2,332;918,-2.0077484970097722E-4
2,498;545,2.0066504981072604E-4
2,99;805,-2.0024248792157928E-4
2,99;552,2.0003506268080612E-4
2,321;373,-1.9978536719461693E-4
2,47;731,-1.9968454825580848E-4
2,255;838,1.9963802407373715E-4
2,691;812,1.9957650257276523E-4
2,250;946,1.992035998094891E-4
2,614;830,1.985856074569183E-4
2,198;327,1.9680058354885538E-4
2,771;994,-1.9674505689713733E-4
2,117;907,1.9657239890357952E-4
2,128;813,1.9654471256559512E-4
2,512;995,1.9646538177420502E-4
2,528;929,-1.9645999822945034E-4
2,507;783,1.9630622358539807E-4
2,521;600,1.9614768528994792E-4
2,793;938,1.9593488088600464E-4
2,410;937,1.9546885637119655E-4
2,113;746,1.954398848990741E-4
2,629;645,-1.948956488299559E-4
2,148;806,1.9440383344628847E-4
2,315;617,-1.942385016933537E-4
2,130;189,1.9406925173901334E-4
2,602;801,-1.940183280901896E-4
2,448;696,1.9370248819894231E-4
2,671;999,1.9363825200700396E-4
2,36;798,1.9358995628917193E-4
2,535;713,-1.9264486316066887E-4
2,561;615,-1.9246070613792844E-4
2,372;949,-1.924463733140428E-4
2,75;916,1.924460311799498E-4
2,9;988,-1.9237061323208737E-4
2,449;866,1.9193198394543896E-4
2,577;865,1.9187959846312188E-4
2,218;313,1.9150624685966957E-4
2,607;644,-1.913215518705968E-4
2,586;620,1.912329383059184E-4
2,542;983,-1.9120521832288335E-4
2,212;465,-1.906221652832349E-4
2,224;400,1.9013208848805762E-4
2,111;240,-1.9009327473068916E-4
2,154;695,-1.9005796851383428E-4
2,732;776,1.9005024312751257E-4
2,428;543,-1.8996147144293736E-4
2,588;710,-1.898290790538474E-4
2,101;740,-1.8961207497129542E-4
2,352;500,1.8959952323395325E-4
2,585;972,1.8953459764135727E-4
2,5;520,-1.8952702579401185E-4
2,60;241,-1.891382799653506E-4
2,667;856,1.8889724261571812E-4
2,478;576,-1.8861386996776842E-4
2,433;533,1.883956986977094E-4
2,112;775,-1.8836068049564675E-4
2,392;896,1.8810909725774184E-4
2,491;767,1.877284196984972E-4
2,105;121,-1.8694721732059004E-4
2,335;601,-1.8668358045106356E-4
2,536;634,-1.8656579172793714E-4
2,532;876,-1.864255895210224E-4
2,620;794,1.862332288255458E-4
2,308;649,-1.8576341520246874E-4
2,898;934,-1.8572932681402274E-4
2,444;929,-1.8567350385479138E-4
2,331;794,1.8509562701194774E-4
2,283;731,1.850447285155485E-4
2,870;958,1.8500641574744085E-4
2,387;415,1.8488216742681835E-4
2,320;760,1.8457457173184517E-4
2,298;761,1.8397844771296328E-4
2,94;775,1.8392806374076685E-4
2,700;799,-1.8368938121731087E-4
2,257;566,1.8363616065537772E-4
2,222;546,-1.8322946368703392E-4
2,938;986,-1.82950425011456E-4
2,319;476,1.8279043757428432E-4
2,109;547,-1.8249464476942273E-4
2,740;950,-1.822589914689259E-4
2,223;386,1.821321895314687E-4
2,132;281,-1.8208626110804627E-4
2,137;237,1.8188409155496223E-4
2,487;823,-1.8186492111056391E-4
2,887;934,1.8180734987092328E-4
2,19;76,-1.8163337711032672E-4
2,621;688,-1.8159195350080914E-4
2,383;763,1.811401312425175E-4
2,212;685,-1.8101438184276502E-4
2,143;780,-1.804729437103647E-4
2,720;870,-1.8021860722775143E-4
2,47;814,-1.8020381420504183E-4
2,268;737,1.8018402488552065E-4
2,201;780,1.7968974160413132E-4
2,316;517,1.7936293865025783E-4
2,427;479,-1.7914793988280602E-4
2,137;429,1.789554737685399E-4
2,446;835,1.7892606489429132E-4
2,213;518,1.7883167943853184E-4
2,32;119,1.7878366610439857E-4
2,104;265,-1.7875697943518388E-4
2,707;800,1.7840750164819908E-4
2,145;419,1.7809388538455313E-4
2,665;699,1.7791981163818555E-4
2,154;382,-1.7777087917961694E-4
2,238;246,-1.772211838550158E-4
2,616;821,1.7715608710968072E-4
2,107;176,1.771106555641152E-4
2,304;865,-1.7682991553950517E-4
2,259;955,-1.7622759275423398E-4
2,270;603,1.7595872209715777E-4
2,471;875,-1.7577213742543823E-4
2,172;665,1.7554771347723274E-4
2,332;371,1.75399226863459E-4
2,256;821,-1.7531892513830802E-4
2,62;587,-1.752397447185695E-4
2,660;837,-1.7518585201072771E-4
2,155;171,1.7511765301541472E-4
2,481;504,1.7470136979414578E-4
2,579;788,-1.7462558343421964E-4
2,138;902,-1.741423566687963E-4
2,330;765,1.7396213334367627E-4
2,413;792,1.7395810048976087E-4
2,392;900,1.734067154396455E-4
2,647;831,1.7317373375048538E-4
2,624;658,1.731689971078059E-4
2,631;880,-1.730324505302373E-4
2,507;824,1.7302166878232074E-4
2,666;912,-1.7270288427187111E-4
2,232;454,-1.7220283286023942E-4
2,94;889,1.721920349772288E-4
2,216;374,1.7210960260471362E-4
2,191;423,1.7206205226585224E-4
2,121;474,-1.716486748327822E-4
2,316;797,-1.7122728704531097E-4
2,134;614,-1.7119093279433845E-4
2,594;907,-1.7109331258223094E-4
2,251;727,1.7084728981064747E-4
2,420;581,-1.7041386990036128E-4
2,443;855,-1.703600985997145E-4
2,237;655,1.7026627967775535E-4
2,887;909,-1.7024463159828152E-4
2,785;790,1.7024239223525323E-4
2,92;615,-1.7013893867190427E-4
2,174;183,1.7006570275536657E-4
2,182;621,1.6976410556742712E-4
2,4;116,-1.6974126889888813E-4
2,195;628,1.695479359325035E-4
2,33;654,1.694202419115376E-4
2,329;960,1.6928508864477254E-4
2,554;753,1.692219460626168E-4
2,74;600,1.6915071111250579E-4
2,61;961,-1.6913491755125677E-4
2,2;547,1.689122335503286E-4
2,610;798,-1.6876898666083457E-4
2,597;734,1.6870830167952421E-4
2,290;984,-1.6867193423331805E-4
2,358;663,1.685403551894637E-4
2,620;712,-1.6843404138049765E-4
2,455;482,-1.6831707480063424E-4
2,469;493,-1.6791842719699517E-4
2,295;298,-1.6789242062040837E-4
2,622;859,1.6780241072515226E-4
2,538;769,-1.6751374420528693E-4
2,352;989,-1.675072839643077E-4
2,332;340,1.6718936852509002E-4
2,180;793,1.6713807184400354E-4
2,457;998,-1.6709797947502214E-4
2,266;679,1.6705347509855605E-4
2,169;847,1.6694806647639466E-4
2,57;382,1.6692860565634512E-4
2,164;985,-1.667651677942214E-4
2,255;322,-1.6656513148923996E-4
2,180;298,1.6626573827269303E-4
2,817;980,-1.6617584761398197E-4
2,418;918,-1.6614226668314E-4
2,231;446,1.6603298266307904E-4
2,761;920,-1.6579421981262096E-4
2,70;92,-1.6578706204063693E-4
2,383;583,-1.6577353704099335E-4
2,182;688,1.6570484551057185E-4
2,55;605,1.6558133080413946E-4
2,288;543,1.653962015426595E-4
2,300;522,-1.6528483342269297E-4
2,396;587,1.65238560110957E-4
2,99;866,1.6520315045217833E-4
2,148;243,1.6514754341795423E-4
2,23;119,1.6476985578150587E-4
2,370;557,-1.6470304164803407E-4
2,759;920,1.6448961462325708E-4
2,513;787,-1.64421793604257E-4
2,155;714,1.6437398531731121E-4
2,318;611,1.6406461767124876E-4
2,656;907,1.638007946456365E-4
2,103;165,1.6377980791022217E-4
2,249;684,1.6359967483744802E-4
2,108;845,-1.6348171967826557E-4
2,378;984,-1.627657366231909E-4
2,354;384,-1.627270834786336E-4
2,881;932,-1.627088522325247E-4
2,610;656,1.6264449594863533E-4
2,116;184,-1.6262529061725797E-4
2,359;944,-1.6228532639057155E-4
2,16;568,1.6204424249867654E-4
2,469;861,-1.6178784909430793E-4
2,184;739,-1.6172230801516575E-4
2,442;902,1.613984150335614E-4
2,744;904,-1.613549707646131E-4
2,35;454,-1.611967317670631E-4
2,51;894,-1.6109792363108795E-4
2,170;601,-1.6103128164138113E-4
2,537;902,1.6100385663940213E-4
2,619;908,1.6088262925708128E-4
2,172;648,-1.6084598048770062E-4
2,485;534,1.6084557380759368E-4
2,937;946,-1.6058785483194057E-4
2,112;674,1.605548541713437E-4
2,108;239,-1.6048182970076246E-4
2,190;580,-1.6036168520364486E-4
2,501;994,1.6007535070753325E-4
2,18;610,1.600706472109379E-4
2,351;626,-1.5991961103320048E-4
2,247;765,-1.5969946939534574E-4
2,788;862,-1.5963851618896706E-4
2,39;460,-1.5956042635943219E-4
2,420;855,-1.5955432257513602E-4
2,350;359,1.5948683910034812E-4
2,539;902,1.594729543024368E-4
2,564;947,1.588122307230004E-4
2,221;604,-1.5876587377440477E-4
2,219;417,1.5830057317147605E-4
2,754;834,-1.5826837992434463E-4
2,540;861,1.5821985266705187E-4
2,619;772,-1.579842859105259E-4
2,563;595,-1.5786839690170286E-4
2,304;979,1.578179151845717E-4
2,247;355,-1.5777590206856595E-4
2,316;709,1.577751492013285E-4
2,325;735,-1.5764990056837836E-4
2,151;574,-1.575285553871787E-4
2,515;591,-1.5719844107858468E-4
2,425;599,1.570885439475672E-4
2,212;608,1.5703940808602028E-4
2,199;470,-1.5700833811731625E-4
2,0;750,-1.5698553583426062E-4
2,536;936,1.5693835201154515E-4
2,366;574,-1.5662395525368612E-4
2,320;559,-1.566214425510153E-4
2,329;479,1.5650990111164254E-4
2,529;561,-1.565031612304081E-4
2,176;744,-1.5647708627530282E-4
2,192;711,1.561027828302518E-4
2,234;976,1.5605830531495904E-4
2,359;849,1.5585143935799517E-4
2,593;967,-1.5575919264068595E-4
2,126;547,1.5572399437384824E-4
2,559;848,1.5551821525533078E-4
2,72;433,1.5549147978816824E-4
2,690;978,1.5524723518835592E-4
2,795;900,-1.55165845327229E-4
2,2;96,1.5499620994662738E-4
2,678;919,-1.548889404210723E-4
2,247;530,-1.548763590470587E-4
2,454;922,1.5468394739758882E-4
2,667;956,1.5461416609057938E-4
2,398;739,-1.5461045477948166E-4
2,374;379,-1.545184495922576E-4
2,61;285,-1.544861482104692E-4
2,76;396,-1.5438649979960284E-4
2,751;906,-1.542864742152058E-4
2,577;920,-1.542259831367723E-4
2,16;278,-1.5419876196092158E-4
2,376;466,1.5417651065774047E-4
2,318;957,1.5405494211054004E-4
2,282;412,1.5402127001559152E-4
2,405;583,-1.5391335772378052E-4
2,233;797,-1.538571252567051E-4
2,221;238,1.538015628231681E-4
2,23;748,1.5377787183374828E-4
2,785;850,-1.5372484804403568E-4
2,511;845,1.5368452794501614E-4
2,76;647,1.5350045154160873E-4
2,553;785,1.5340816922803998E-4
2,123;249,1.531854290543479E-4
2,360;567,1.5309844230308034E-4
2,217;270,-1.5306985348010588E-4
2,1;146,1.5295552394526112E-4
2,127;341,-1.5286208478305905E-4
2,543;932,-1.5240879270110293E-4
2,225;813,-1.5219793545008937E-4
2,243;830,1.520488934721207E-4
2,84;986,-1.519176778204871E-4
2,394;563,1.518748405097784E-4
2,192;546,1.51813401437752E-4
2,15;405,1.516807467801526E-4
2,174;564,1.5133352318283416E-4
2,254;942,1.5099913307845442E-4
2,580;890,-1.5083619950332817E-4
2,62;813,1.5066362271715146E-4
2,551;700,1.5061441442974403E-4
2,424;691,1.5061259876081838E-4
2,226;660,1.5029083984800204E-4
2,222;470,1.502653849386494E-4
2,311;625,1.5023956207932355E-4
2,214;624,1.5022162879651374E-4
2,10;731,-1.5014147140570775E-4
2,147;522,1.5006063365360524E-4
2,80;93,-1.498572269171955E-4
2,13;757,-1.497975711412388E-4
2,93;833,-1.4979711425495108E-4
2,450;727,-1.4957991799551408E-4
2,600;873,-1.488436659077408E-4
2,5;723,1.4873872064398045E-4
2,631;816,1.4867278884343917E-4
2,836;866,-1.4866690678920497E-4
2,485;899,-1.4853497050269717E-4
2,545;612,1.4841848506837283E-4
2,550;589,-1.4841301305216443E-4
2,189;388,1.484015395704519E-4
2,28;202,-1.4835330673256008E-4
2,48;309,-1.4806713800619275E-4
2,282;347,-1.4790099757783448E-4
2,60;914,1.474076377914935E-4
2,756;878,-1.4734894063417876E-4
2,315;869,1.4734892598156497E-4
2,270;667,1.4715808402953113E-4
2,429;750,-1.4712781629043777E-4
2,274;371,-1.4708357854455788E-4
2,43;205,-1.4698345037047605E-4
2,33;383,1.4664037509796887E-4
2,116;706,1.4662692139074212E-4
2,155;592,-1.465545244266041E-4
2,560;761,-1.4635796224176257E-4
2,281;625,-1.462534225260626E-4
2,316;687,1.4615131685738675E-4
2,228;530,1.4596377040251656E-4
2,338;401,1.4581881038250728E-4
2,373;536,1.4574101737925907E-4
2,509;818,1.4573272691166677E-4
2,572;676,1.4555390911781874E-4
2,97;773,1.4552501976646464E-4
2,32;887,-1.4549846842660418E-4
2,229;234,1.4540617477533168E-4
2,86;228,-1.4538354198114894E-4
2,751;884,1.4506601478625602E-4
2,587;956,1.4501161774481015E-4
2,99;523,-1.4489057567989384E-4
2,504;561,-1.4484762618478353E-4
2,69;174,1.4475507695128008E-4
2,228;362,1.446620013139691E-4
2,207;626,1.4464848030686445E-4
2,116;630,1.4462811166647102E-4
2,223;508,-1.446070372124495E-4
2,156;185,1.4460012960123864E-4
2,304;580,-1.4449933567416641E-4
2,501;971,-1.4448789642971922E-4
2,397;961,-1.4427360814551172E-4
2,374;686,-1.4418693774564346E-4
2,370;853,1.4409246159169007E-4
2,136;731,-1.4391285981425243E-4
2,145;963,1.438666728916085E-4
2,201;262,1.4385664640598634E-4
2,332;383,1.4377719380271708E-4
2,29;247,-1.4372118203157742E-4
2,604;873,1.43606009836056E-4
2,826;945,-1.4360257550219456E-4
2,444;707,-1.4334397698575395E-4
2,10;158,1.4333809256489034E-4
2,706;804,-1.431837833056886E-4
2,389;519,1.430109046649284E-4
2,184;578,-1.4291894801704748E-4
2,341;562,1.4281390390064063E-4
2,237;572,-1.4272164035181983E-4
2,266;729,-1.423849863736826E-4
2,124;747,-1.4227183515670106E-4
2,161;676,1.4173803735152246E-4
2,506;973,-1.4171262788444585E-4
2,379;571,-1.4156898040914388E-4
2,434;863,-1.4156530578491837E-4
2,476;570,-1.415292904110121E-4
2,760;802,-1.4150242769389677E-4
2,174;582,1.413582975651546E-4
2,256;426,-1.4132158241524347E-4
2,237;807,1.4124565399079624E-4
2,610;757,1.4102474396942433E-4
2,453;704,-1.408750167185254E-4
2,84;108,1.4082210823339778E-4
2,464;725,1.4077239018068044E-4
2,444;782,-1.4052827270006477E-4
2,542;627,1.4051973999479005E-4
2,356;716,1.403897775495106E-4
2,779;801,-1.4036239638671582E-4
2,606;841,-1.4019380887855365E-4
2,597;636,-1.401300752002786E-4
2,748;918,-1.400695537330221E-4
2,733;916,-1.3983461798702928E-4
2,48;100,1.3970060796860063E-4
2,153;359,-1.3969093401079374E-4
2,313;629,1.3956879892629834E-4
2,387;832,-1.395458760042867E-4
2,195;689,-1.394843617033252E-4
2,788;975,-1.3944350920222878E-4
2,7;625,-1.3938169834524198E-4
2,791;937,-1.3935892148313583E-4
2,400;747,1.3933822976904475E-4
2,107;717,-1.3921610001117274E-4
2,911;943,1.3921058908793288E-4
2,61;610,1.3919266994737848E-4
2,248;924,-1.3917392795411966E-4
2,385;570,1.39125739263618E-4
2,246;573,1.388674873213359E-4
2,394;498,1.3876092045238302E-4
2,176;251,1.3870105793524964E-4
2,623;932,-1.3869951360324806E-4
2,177;792,-1.3865110440521478E-4
2,668;843,-1.3861107850771882E-4
2,563;884,-1.3858705478663326E-4
2,278;415,1.3853935874823698E-4
2,408;715,1.384628820170264E-4
2,66;353,-1.3845855487888041E-4
2,182;187,-1.3838680685299834E-4
2,570;734,1.3836155615573836E-4
2,902;913,-1.3833247882678342E-4
2,847;935,-1.3825579689037375E-4
2,271;287,1.3818201340424653E-4
2,131;414,1.3812248995187688E-4
2,347;643,-1.3790410016223885E-4
2,119;143,-1.3786969594759802E-4
2,731;742,-1.3786369969512262E-4
2,70;973,-1.3784839006564118E-4
2,273;646,-1.377076224428797E-4
2,345;718,-1.3757161440421296E-4
2,266;271,-1.375475336712287E-4
2,432;462,-1.372591686836711E-4
2,177;704,1.3711751515647628E-4
2,127;562,-1.3678235079409522E-4
2,99;110,1.3659998937205374E-4
2,591;966,1.365886725098143E-4
2,548;626,-1.3657361429992616E-4
2,219;445,1.364024202561574E-4
2,145;541,-1.3633488700098912E-4
2,29;675,1.3619778064406424E-4
2,57;830,1.3594677122964334E-4
2,233;991,-1.3589596555207284E-4
2,714;929,1.3584350714358903E-4
2,77;851,-1.3554435098597366E-4
2,525;808,-1.3546558659033965E-4
2,22;48,-1.354545194487438E-4
2,99;501,1.3544419703373866E-4
2,801;976,-1.354260498911555E-4
2,205;629,-1.3535086421361046E-4
2,143;716,1.3519498033058534E-4
2,70;491,-1.3511643643134992E-4
2,891;930,-1.35089197711247E-4
2,658;887,-1.3486104622449296E-4
2,68;860,1.348505332814966E-4
2,552;731,1.3468276243649202E-4
2,133;584,1.3467667348700696E-4
2,551;856,1.3443319214118842E-4
2,143;420,-1.3437107331022485E-4
2,293;936,1.3433391802680794E-4
2,219;316,-1.343131409778846E-4
2,423;532,1.3413577520636697E-4
2,290;864,-1.341324656073473E-4
2,156;716,1.3377036013417692E-4
2,665;700,-1.335630555943413E-4
2,288;402,1.3345024400070955E-4
2,426;764,-1.3343142002534712E-4
2,68;654,-1.3342620745864707E-4
2,334;464,-1.332649416505466E-4
2,667;844,1.3316791192214688E-4
2,53;177,-1.3315585551668813E-4
2,233;427,1.3314980477190845E-4
2,497;646,1.328776687689517E-4
2,478;821,-1.328269507032963E-4
2,86;664,1.3256282877713437E-4
2,7;791,-1.3252516364639023E-4
2,628;823,1.3240099427459012E-4
2,713;854,-1.3187591940862158E-4
2,105;305,1.3169549136807373E-4
2,152;876,-1.3162362488748413E-4
2,480;638,-1.3154558835807626E-4
2,882;968,-1.314582993198032E-4
2,150;818,1.3130404789095555E-4
2,568;833,1.312087379870276E-4
2,19;942,1.3118195787840508E-4
2,13;878,-1.3114312299380903E-4
2,133;575,-1.3113378226949085E-4
2,147;911,1.3109581944515143E-4
2,8;556,1.3107572249005138E-4
2,685;929,1.3097276000717235E-4
2,112;337,1.3085058502924714E-4
2,726;875,-1.3077118922914322E-4
2,154;406,-1.3076798848983808E-4
2,338;708,1.3050710067175918E-4
2,534;827,-1.3032744479808035E-4
2,102;787,-1.2987562901524725E-4
2,138;871,1.2977612643187328E-4
2,365;441,-1.2972322236359647E-4
2,13;914,1.2953905271104256E-4
2,92;964,-1.294663364812963E-4
2,164;778,-1.2934663499063737E-4
2,664;884,1.2924590295509546E-4
2,879;916,1.2920449880710568E-4
2,15;127,-1.2920352094868156E-4
2,273;581,1.291162778708539E-4
2,229;950,-1.2905710637461503E-4
2,146;362,-1.2896355676373893E-4
2,99;994,1.288845315436075E-4
2,439;723,1.288611406888261E-4
2,555;698,-1.2881500092449497E-4
2,768;953,1.287428177562176E-4
2,215;739,-1.2869012008717937E-4
2,562;918,-1.284214936369894E-4
2,4;303,1.2840125148033888E-4
2,49;524,1.2839057919812868E-4
2,23;97,-1.2835284477183458E-4
2,371;773,-1.2831793315849638E-4
2,265;964,-1.283089275330947E-4
2,251;733,-1.282798169473294E-4
2,195;481,1.2809059290570002E-4
2,743;770,-1.2790059575674363E-4
2,412;496,-1.2786501677947205E-4
2,367;444,-1.2746077066215625E-4
2,244;390,-1.273681391773003E-4
2,667;938,-1.2704559995945094E-4
2,91;929,-1.2699122967444135E-4
2,571;839,1.2685955149906392E-4
2,227;958,1.267672803674982E-4
2,369;968,1.267463243313311E-4
2,171;460,1.2670075435624058E-4
2,202;959,-1.2660700476498305E-4
2,144;801,1.265944857643909E-4
2,119;741,-1.2651449262450758E-4
2,29;745,-1.2646599317038665E-4
2,425;517,-1.2635662179432552E-4
2,453;675,1.2632859863341626E-4
2,780;818,-1.263236404635748E-4
2,42;703,-1.2624305960344073E-4
2,631;705,-1.259763033940669E-4
2,698;747,1.2594699180432968E-4
2,749;916,-1.2594202909576037E-4
2,754;804,-1.25916188440095E-4
2,184;398,1.258932345330626E-4
2,288;544,-1.2576319005553255E-4
2,2;221,1.2561400068780438E-4
2,454;974,-1.25552170408482E-4
2,107;269,-1.2524092459967898E-4
2,19;124,1.2522483495928921E-4
2,272;680,1.2511403310087383E-4
2,246;325,-1.2511374186089608E-4
2,271;645,1.2486643628072637E-4
2,141;298,-1.2470670120534794E-4
2,310;962,-1.2470300266867758E-4
2,438;727,1.2464304830813022E-4
2,525;532,-1.2460612513856578E-4
2,49;870,-1.2460595960850547E-4
2,459;597,-1.2454291866760992E-4
2,61;839,1.2448168117049305E-4
2,291;523,1.243089856722628E-4
2,381;734,-1.242788029406799E-4
2,92;400,1.241909362419061E-4
2,869;908,1.2418385229844063E-4
2,143;573,1.241532001761671E-4
2,105;474,-1.2410912586208214E-4
2,695;835,-1.2401554461978262E-4
2,26;744,1.2393713984088048E-4
2,693;776,-1.2376143842479935E-4
2,126;317,-1.2368174778632757E-4
2,722;777,-1.236306455062857E-4
2,286;452,1.236080278755009E-4
2,14;640,-1.236019670766783E-4
2,378;546,1.2359646486786798E-4
2,698;709,1.2354410542942448E-4
2,796;915,1.2349787830414426E-4
2,335;817,-1.232369679344308E-4
2,503;995,1.229892366722688E-4
2,729;869,1.2295441397159975E-4
2,255;362,1.2277029925443915E-4
2,378;993,-1.227492721789593E-4
2,281;902,-1.2260950327065215E-4
2,177;331,1.2256892095521347E-4
2,60;913,-1.225653068302976E-4
2,209;918,-1.2249573749728834E-4
2,5;944,-1.224793786306548E-4
2,574;958,-1.2244228212924646E-4
2,107;340,-1.2237086911886036E-4
2,137;245,1.2230121306879905E-4
2,347;634,-1.222442859184111E-4
2,652;865,1.2216111519413618E-4
2,404;754,1.218576560145413E-4
2,114;943,1.2168652792504229E-4
2,317;349,1.2167139387038753E-4
2,164;369,-1.2163364843339596E-4
2,157;654,-1.2163277859851192E-4
2,60;238,-1.2159855333749161E-4
2,541;802,1.2148788771321355E-4
2,512;749,-1.2143736818520396E-4
2,243;558,-1.2136762895365437E-4
2,350;488,1.211628651957964E-4
2,151;732,-1.2089727846376692E-4
2,543;931,-1.207898629382013E-4
2,133;566,-1.2067035418208253E-4
2,70;154,-1.2061083937270047E-4
2,143;655,1.2060164489130115E-4
2,56;361,-1.2057912564085297E-4
2,163;325,1.2042423224543344E-4
2,658;998,-1.2041630146757782E-4
2,11;809,1.2024280228873075E-4
2,156;592,1.2024246864029208E-4
2,1;446,1.20172397209914E-4
2,112;876,1.2016321163471081E-4
2,46;635,1.2010015086473229E-4
2,888;905,-1.1997972438609956E-4
2,329;414,-1.1994650507021899E-4
2,347;890,-1.1989655040244143E-4
2,3;400,-1.1981426091918474E-4
2,512;804,-1.1978854757026987E-4
2,216;412,1.1963858093572109E-4
2,54;361,-1.1955380842718064E-4
2,68;270,1.1955135953337319E-4
2,291;644,-1.1954165476390843E-4
2,243;860,1.1953485612360415E-4
2,396;797,-1.1939559442275655E-4
2,524;715,-1.1931818794838244E-4
2,265;776,1.1927647031986601E-4
2,332;887,1.1922726247864584E-4
2,580;667,-1.1912287636114467E-4
2,633;745,1.1906758398706086E-4
2,490;835,1.1896604115829395E-4
2,134;598,-1.1882690302180751E-4
2,276;299,1.1876807582045431E-4
2,225;308,1.1872181798698941E-4
2,213;794,1.1871062332231193E-4
2,250;429,-1.1869883012369993E-4
2,472;880,-1.1859391248066784E-4
2,63;781,-1.1849390616043376E-4
2,194;539,1.1847353436038811E-4
2,186;988,-1.1834215590552779E-4
2,655;793,-1.1815617655224017E-4
2,215;232,1.1809928955896225E-4
2,444;913,-1.1794837857135737E-4
2,212;811,1.1791393316065321E-4
2,42;502,-1.1787389480172894E-4
2,809;860,1.1772298043485916E-4
2,594;923,1.1758742315451193E-4
2,708;827,-1.1750000166979242E-4
2,650;880,1.173873159748387E-4
2,10;283,1.1735806961166962E-4
2,68;782,-1.1734575878533934E-4
2,201;218,1.1733821490110842E-4
2,382;984,-1.1707414581493098E-4
2,140;795,1.1706279923865232E-4
2,300;719,1.1701877403942882E-4
2,501;693,-1.1667864971513507E-4
2,495;963,-1.1661554476066584E-4
2,540;646,-1.165531153951399E-4
2,451;723,1.1640169697476078E-4
2,597;894,1.1603746045781256E-4
2,466;481,-1.1600938887509763E-4
2,120;400,1.1598286760666964E-4
2,188;613,1.1590313442629658E-4
2,690;691,1.1589289040084983E-4
2,681;749,1.1583947717411154E-4
2,206;756,1.1582375333599479E-4
2,755;985,1.157264486143627E-4
2,601;948,1.1569157309398062E-4
2,444;618,1.1566717935955572E-4
2,679;733,-1.1561971757749919E-4
2,100;147,-1.1559641462762527E-4
2,339;915,1.152529656714923E-4
2,326;812,1.152005916877354E-4
2,420;822,-1.1507807054604898E-4
2,745;934,1.1485651531651668E-4
2,96;577,1.142821334575105E-4
2,337;939,-1.1427676655867926E-4
2,305;946,1.142438164287466E-4
2,153;795,-1.1421976541458868E-4
2,612;859,1.1412666345758553E-4
2,482;527,-1.1407917089072367E-4
2,716;986,1.1406106477864603E-4
2,624;753,1.1391632724772458E-4
2,477;693,1.1391341581848874E-4
2,276;434,-1.1389525906381381E-4
2,297;676,-1.137896136726155E-4
2,882;995,1.1368081992876565E-4
2,782;829,-1.1366742009715543E-4
2,330;567,1.135396958959966E-4
2,261;674,1.1347664960917175E-4
2,60;222,1.1336785899358611E-4
2,684;995,-1.1328164264668175E-4
2,88;140,-1.1325830909684345E-4
2,395;879,1.1322429298508636E-4
2,673;908,1.1319699362835945E-4
2,865;983,-1.1319502673696242E-4
2,145;165,1.1304991526760423E-4
2,425;746,1.1302216360871692E-4
2,228;624,-1.1300194900017979E-4
2,362;494,1.1286996030072921E-4
2,490;799,-1.1279468030377676E-4
2,176;493,1.1258262698333397E-4
2,154;414,1.1246069734223818E-4
2,148;281,-1.1237679637594588E-4
2,22;430,-1.1224715652131191E-4
2,236;362,1.1223632637828087E-4
2,118;281,-1.1215961107098396E-4
2,616;880,1.1194605534679936E-4
2,354;386,-1.1159908983277043E-4
2,102;367,1.1151716100211295E-4
2,588;716,-1.1149949437078763E-4
2,652;852,-1.1139522319466711E-4
2,538;773,-1.1137996151800391E-4
2,198;212,-1.1136569685129321E-4
2,90;776,1.1134071184384571E-4
2,21;998,-1.1131876932148634E-4
2,58;956,1.1125936892383204E-4
2,414;743,1.1121689856089808E-4
2,563;573,-1.1105817443432246E-4
2,86;181,1.1104195730416931E-4
2,118;238,-1.1103965261074317E-4
2,563;721,1.1090772559518767E-4
2,159;257,-1.1088348507351998E-4
2,557;615,-1.1087695829510817E-4
2,412;525,1.1082575038438773E-4
2,632;915,1.1072863738169999E-4
2,420;573,-1.1070284663621744E-4
2,42;175,1.106802143547669E-4
2,105;146,1.1053785152320006E-4
2,81;498,1.1050985151003702E-4
2,642;856,1.1048569478767223E-4
2,79;767,1.1037661863627663E-4
2,243;373,1.1035219521867131E-4
2,349;412,-1.1027220124615353E-4
2,362;624,1.1026690660245259E-4
2,488;842,1.102443269303668E-4
2,468;506,1.1023377807271474E-4
2,100;309,-1.1009474316272861E-4
2,264;396,-1.0999358955310947E-4
2,104;147,-1.0998774414350322E-4
2,113;343,1.0995050905096084E-4
2,266;721,1.0994827760283893E-4
2,582;788,1.0980943967974963E-4
2,112;275,1.0965861689183797E-4
2,164;755,1.0936154642874806E-4
2,151;805,1.0928662381737293E-4
2,561;724,-1.0927540269971799E-4
2,121;481,-1.0926216291841321E-4
2,175;286,1.0917707076001841E-4
2,114;656,-1.0914287574208663E-4
2,496;525,-1.090589682807194E-4
2,637;752,-1.0890788105561999E-4
2,344;707,1.0883768284608098E-4
2,163;563,1.0882361842805868E-4
2,647;908,1.08820030647538E-4
2,509;762,1.0881049117723725E-4
2,516;942,-1.0868079934475534E-4
2,63;612,-1.0860448602173994E-4
2,490;807,-1.0856264167718243E-4
2,52;117,-1.0850673834749157E-4
2,157;333,-1.0838338987572767E-4
2,52;564,-1.0831968241733305E-4
2,173;811,1.0828733256743647E-4
2,161;488,1.0822620496125785E-4
2,235;504,-1.0821604351422148E-4
2,130;299,1.0820889871694356E-4
2,229;983,-1.0813299622390764E-4
2,103;566,1.0808542929800035E-4
2,218;924,-1.0802194736179569E-4
2,379;634,1.0798767733992756E-4
2,184;382,-1.0777750400008567E-4
2,182;942,-1.0771908383029578E-4
2,938;984,1.0769329023629862E-4
2,273;486,1.0746910735305892E-4
2,286;370,1.072754856009816E-4
2,524;560,1.072105570265629E-4
2,336;759,1.0714445264965681E-4
2,100;518,-1.070609215079087E-4
2,536;773,-1.0685271190845596E-4
2,626;925,1.0683997425105072E-4
2,345;928,1.0676160171854735E-4
2,118;140,1.0675407690685052E-4
2,577;783,1.0670486505330819E-4
2,221;826,1.0661346307795726E-4
2,610;898,1.0656887199908378E-4
2,307;365,-1.0647527534455254E-4
2,316;787,1.0632913631449309E-4
2,607;664,1.0628939138311157E-4
2,209;651,1.0620344765737838E-4
2,636;881,-1.0615596963548485E-4
2,440;896,1.0614767075549593E-4
2,197;626,1.061361928871121E-4
2,2;668,1.0601717205841531E-4
2,145;495,-1.0601192525792102E-4
2,215;220,1.0594148824357866E-4
2,194;902,-1.0593708139189425E-4
2,548;998,-1.0582243193877396E-4
2,577;652,1.0581879598308592E-4
2,625;791,1.057570475278382E-4
2,222;663,1.0558123871473928E-4
2,143;346,1.0553762683550665E-4
2,389;507,1.0538558466137335E-4
2,593;744,1.0532480870708486E-4
2,460;776,1.0530822481526848E-4
2,242;271,-1.0530372620779704E-4
2,221;554,1.052460111209615E-4
2,51;109,-1.0519509754680866E-4
2,320;432,-1.0501613716531025E-4
2,71;741,1.049805387781121E-4
2,636;994,1.0480211542824649E-4
2,323;469,1.0479497099751213E-4
2,288;987,-1.0476060067460076E-4
2,256;987,-1.0468772532970847E-4
2,741;914,1.0447526844326713E-4
2,544;773,1.0445603246124915E-4
2,268;782,1.0438238835684156E-4
2,85;86,1.0434349177317119E-4
2,540;714,-1.0418486902398068E-4
2,287;638,-1.0416816913174731E-4
2,112;223,-1.039951656527528E-4
2,32;39,-1.0363802862121248E-4
2,437;727,1.0360686406477112E-4
2,250;667,-1.0339292330604928E-4
2,768;866,1.0327786769107205E-4
2,63;335,1.0318477281234642E-4
2,56;973,1.0308295414412015E-4
2,16;273,1.0298679325636651E-4
2,496;566,1.0298384792587194E-4
2,95;104,-1.0292845545427641E-4
2,642;918,1.0291622733820531E-4
2,401;708,-1.0290696035396869E-4
2,549;921,1.0284576899829878E-4
2,255;409,1.0282440303455631E-4
2,95;327,1.0279195869596993E-4
2,147;249,1.0274985542455654E-4
2,93;992,1.0274397854492347E-4
2,101;940,1.0240734547776873E-4
2,365;479,-1.0219034781071692E-4
2,130;756,-1.021244703319964E-4
2,680;882,-1.0210604177782454E-4
2,817;867,1.0200941675659669E-4
2,740;837,-1.0199939064131707E-4
2,173;543,1.0197394735263678E-4
2,184;815,1.0190652070594152E-4
2,107;329,-1.0181829160379927E-4
2,137;363,-1.016387096345239E-4
2,8;688,-1.0160851171714452E-4
2,62;956,1.0154144641671292E-4
2,294;757,1.0149990034085539E-4
2,513;612,1.0146872853819913E-4
2,239;287,1.0136365450965288E-4
2,188;446,1.0132048687317494E-4
2,29;244,-1.0130204524481232E-4
2,255;505,-1.0128335624210646E-4
2,238;554,-1.0119220266737944E-4
2,277;638,-1.0115124338614295E-4
2,309;563,1.010811865062161E-4
2,713;945,1.0103021344624572E-4
2,503;637,1.0099520333455617E-4
2,103;145,-1.0098452547092305E-4
2,119;302,1.00944599169719E-4
2,34;129,-1.0079702769798636E-4
2,130;684,-1.0079392204978194E-4
2,174;960,-1.0064512804264781E-4
2,653;988,1.005903329243041E-4
2,646;927,1.0058518963074438E-4
2,391;894,-1.0058057462240267E-4
2,415;955,1.0038799405940617E-4
2,476;999,1.0034391597484392E-4
2,172;859,1.0024939804991797E-4
2,40;365,1.0001576764213266E-4
2,68;877,9.999468367130233E-5
2,287;624,9.995872855543013E-5
2,524;761,-9.973530782728404E-5
2,878;914,9.97298131048439E-5
2,70;964,9.949942555950513E-5
2,196;363,9.941190032058081E-5
2,317;855,9.940419070560277E-5
2,18;910,9.91014974714301E-5
2,474;775,9.903738187723239E-5
2,501;776,-9.896995370219142E-5
2,561;847,9.889176859024326E-5
2,14;117,9.887030330636118E-5
2,185;950,9.88306517645445E-5
2,182;189,-9.880956990353824E-5
2,291;353,-9.878628936944431E-5
2,197;342,-9.876945250150885E-5
2,5;426,-9.858185505355065E-5
2,672;931,9.855813890500485E-5
2,31;308,9.853439682723179E-5
2,57;300,-9.84541629146567E-5
2,135;606,9.817628924938352E-5
2,277;355,9.815599015391407E-5
2,104;106,9.800960048419093E-5
2,77;166,9.796195560073327E-5
2,258;842,9.794051839831333E-5
2,97;371,-9.788241681720348E-5
2,216;590,-9.78265181619341E-5
2,79;774,-9.771959552034719E-5
2,140;747,9.770549240606703E-5
2,691;844,-9.76955616087263E-5
2,163;332,-9.755973285016897E-5
2,292;760,-9.750409948694226E-5
2,663;786,-9.749163423157754E-5
2,307;720,-9.74915526549112E-5
2,470;979,9.742154700994626E-5
2,435;723,9.741468417661307E-5
2,112;366,9.731213034094731E-5
2,151;803,-9.730463588592764E-5
2,51;547,-9.722178665800697E-5
2,53;978,9.688696426629334E-5
2,606;678,9.687879432679823E-5
2,759;857,-9.683421545877727E-5
2,328;766,9.675990128895501E-5
2,245;793,-9.669295412017898E-5
2,836;993,-9.667439267136168E-5
2,0;753,-9.657343340338631E-5
2,458;800,9.640945164852279E-5
2,810;870,9.640431034077175E-5
2,388;468,9.638176844259043E-5
2,482;935,-9.631246583597905E-5
2,742;858,-9.63016561499957E-5
2,667;949,9.620401870560074E-5
2,536;797,-9.613752872781222E-5
2,113;603,9.600864461183448E-5
2,421;788,-9.591866251971002E-5
2,201;989,9.588047546003095E-5
2,72;955,-9.585765825382474E-5
2,134;475,9.581803316783656E-5
2,658;965,-9.574470382464514E-5
2,457;760,9.569426151044299E-5
2,141;142,9.567284465013674E-5
2,342;377,9.565820484172481E-5
2,755;815,-9.564340721513892E-5
2,517;805,-9.562100640640306E-5
2,586;982,-9.555777793839834E-5
2,32;794,-9.555449672956967E-5
2,88;956,9.55038726561837E-5
2,10;420,9.549999263864232E-5
2,71;942,9.546168905081379E-5
2,184;914,9.538400799205865E-5
2,129;515,-9.525163129641609E-5
2,93;991,-9.508396949720826E-5
2,391;602,-9.501740355021321E-5
2,865;979,9.501237259341622E-5
2,58;636,-9.487639672384374E-5
2,301;729,-9.482503904995815E-5
2,265;869,9.479517999168982E-5
2,571;768,-9.475132069445557E-5
2,194;324,9.473307445013908E-5
2,147;584,-9.471294351976359E-5
2,113;300,9.46796334731062E-5
2,588;986,-9.461586829304921E-5
2,54;56,-9.453687916418944E-5
2,37;899,9.448994390656968E-5
2,477;905,9.439410525046999E-5
2,357;969,-9.426189695157044E-5
2,296;395,-9.414447063968091E-5
2,389;584,-9.412323787506533E-5
2,29;162,-9.405854200533441E-5
2,453;744,9.40492815425543E-5
2,50;272,9.402592019059548E-5
2,152;887,9.39977886077271E-5
2,117;156,-9.396510929532472E-5
2,482;548,9.392240548259151E-5
2,579;963,9.389875977789643E-5
2,405;823,9.380984343012534E-5
2,562;926,-9.379138563859793E-5
2,261;827,-9.374366735524442E-5
2,250;270,9.368426413111721E-5
2,190;594,-9.354842725500098E-5
2,366;971,9.332919635436037E-5
2,421;912,-9.323862353713187E-5
2,888;902,-9.320654608300563E-5
2,448;723,-9.300334390109258E-5
2,434;504,9.298164890681778E-5
2,425;633,-9.292397627328516E-5
2,168;754,9.288060231494792E-5
2,307;748,-9.275587788450384E-5
2,742;982,-9.269432372762669E-5
2,154;675,9.26857442160357E-5
2,244;723,-9.266124923289018E-5
2,196;514,-9.257506636989837E-5
2,210;456,-9.247505464219608E-5
2,438;450,9.233971171261712E-5
2,163;843,9.232230968051984E-5
2,510;829,9.206408341188918E-5
2,373;532,-9.203159957846487E-5
2,903;931,-9.200279865116456E-5
2,178;684,9.192250047027364E-5
2,18;949,-9.189429438095872E-5
2,420;927,-9.188505986298731E-5
2,184;639,9.184208160035411E-5
2,237;490,-9.183845189988472E-5
2,490;950,-9.183155309751832E-5
2,252;869,-9.171835120159751E-5
2,407;906,-9.167100459203592E-5
2,816;883,-9.160400492156379E-5
2,824;967,-9.158176531244538E-5
2,759;991,9.15532041206877E-5
2,581;967,9.154602454313422E-5
2,358;566,-9.14807637380969E-5
2,334;866,-9.123629974553406E-5
2,481;654,9.116259748585816E-5
2,8;757,9.112556345110178E-5
2,385;657,-9.106783093510817E-5
2,352;801,-9.098382256909657E-5
2,10;947,9.092869689339246E-5
2,273;793,9.091909381067398E-5
2,259;999,-9.085352272583956E-5
2,426;987,-9.082109356705444E-5
2,303;810,9.079378113243E-5
2,459;711,-9.07864439520167E-5
2,475;509,9.071287328515688E-5
2,354;777,9.070437835364853E-5
2,263;395,-9.067046725131304E-5
2,298;830,9.0654576218074E-5
2,223;448,9.065443574566716E-5
2,290;443,9.065224141270703E-5
2,121;643,9.053363462465615E-5
2,202;263,-9.051147818729532E-5
2,69;188,9.044484997988719E-5
2,712;868,9.041854671938058E-5
2,344;931,9.039336269706899E-5
2,401;783,-9.019640460654274E-5
2,602;789,-9.016468405837307E-5
2,39;887,9.01393437453361E-5
2,323;359,-9.000764519335414E-5
2,134;727,8.994174851892922E-5
2,786;916,8.990668430965364E-5
2,171;261,8.978407908337404E-5
2,82;895,-8.974150205208341E-5
2,475;490,-8.97343312180823E-5
2,625;671,8.939214605947669E-5
2,371;935,8.931844213781922E-5
2,72;76,-8.923737991727463E-5
2,302;911,8.917372725521752E-5
2,403;889,-8.898007138475673E-5
2,338;475,8.894253527675347E-5
2,70;646,-8.885793282908116E-5
2,355;638,-8.885748121753974E-5
2,131;722,-8.885742867293236E-5
2,249;741,-8.8819199610747E-5
2,592;715,-8.875304209508215E-5
2,153;648,8.870628605748715E-5
2,239;845,8.862917944583571E-5
2,513;846,-8.85913161657954E-5
2,313;450,-8.856827686082269E-5
2,665;799,-8.85549835383909E-5
2,72;101,8.851207999550697E-5
2,535;725,8.844368445234629E-5
2,17;270,8.842848351670561E-5
2,220;514,-8.835962616143839E-5
2,52;996,-8.833576133262677E-5
2,199;695,-8.829715887769313E-5
2,272;458,-8.818393121908022E-5
2,656;757,-8.811656843418855E-5
2,38;99,8.806406701295369E-5
2,188;744,8.804582619995192E-5
2,679;739,-8.801009586200382E-5
2,197;365,-8.793450191430126E-5
2,254;548,8.785692350827E-5
2,584;989,-8.785195792755208E-5
2,2;658,-8.783819907925309E-5
2,304;349,-8.777342167473859E-5
2,62;225,-8.774720009035348E-5
2,313;334,-8.771146934235871E-5
2,280;795,8.767487070799876E-5
2,510;974,8.76411817500248E-5
2,329;788,8.743466735558276E-5
2,85;516,8.728914742708769E-5
2,431;819,8.728076601545048E-5
2,472;947,8.72430000662177E-5
2,6;579,8.705667502004176E-5
2,421;975,8.692968327087478E-5
2,50;680,8.683526473655342E-5
2,226;252,-8.680265025231156E-5
2,263;373,-8.673453100454505E-5
2,574;623,8.670911298734393E-5
2,936;951,-8.670411408547218E-5
2,495;949,8.66809507189129E-5
2,42;492,-8.66565520459844E-5
2,253;418,8.656307214692384E-5
2,471;726,8.646449888074579E-5
2,265;623,-8.64612333471906E-5
2,897;925,8.640858794460749E-5
2,631;807,-8.63677613526337E-5
2,556;847,8.633558169159145E-5
2,766;914,-8.631898700417878E-5
2,49;612,8.630427766447592E-5
2,12;924,8.621822274944711E-5
2,289;739,8.620206042539093E-5
2,8;455,8.618573720205479E-5
2,328;914,-8.61796986943251E-5
2,803;805,-8.590340195114962E-5
2,217;315,-8.58521785292711E-5
2,781;907,-8.58258995066749E-5
2,376;911,-8.580479201158321E-5
2,764;817,-8.569724679752166E-5
2,417;755,8.561974964101235E-5
2,163;884,8.560823155074456E-5
2,519;584,-8.560413729348881E-5
2,724;759,8.554185747540593E-5
2,184;706,8.550657977749822E-5
2,118;778,8.549285465884829E-5
2,103;998,8.547567246991297E-5
2,866;997,-8.544296890506454E-5
2,169;938,-8.538804364243368E-5
2,44;342,-8.535288171394353E-5
2,73;914,8.53157907239991E-5
2,439;639,8.527104227140293E-5
2,316;718,-8.522210821412705E-5
2,347;364,-8.517207139237776E-5
2,355;530,8.516137116166891E-5
2,161;850,-8.503529531032168E-5
2,83;112,-8.493150571284607E-5
2,206;904,8.490297392349026E-5
2,266;949,-8.485679968929056E-5
2,150;175,8.484520221382958E-5
2,724;857,8.482390650942468E-5
2,795;810,-8.48014343494338E-5
2,75;546,8.478506731652496E-5
2,44;533,8.475925708700749E-5
2,913;954,-8.472054662073582E-5
2,296;325,8.45997659368342E-5
2,234;690,-8.438725628541377E-5
2,159;724,-8.430503445494519E-5
2,104;776,8.413092298697631E-5
2,39;794,8.409362338537072E-5
2,510;946,8.402740859405834E-5
2,782;924,-8.39195242573097E-5
2,100;161,-8.391278678452957E-5
2,637;734,8.359938750022529E-5
2,46;690,-8.358554807215929E-5
2,203;940,-8.355759619943716E-5
2,18;729,-8.346760651091151E-5
2,779;824,-8.331945462694675E-5
2,47;789,-8.329888502922225E-5
2,237;365,8.328338418084417E-5
2,151;633,8.326859192744226E-5
2,150;509,-8.320030286276804E-5
2,444;800,8.318943436411879E-5
2,35;415,-8.316411244572843E-5
2,126;590,8.313005782333027E-5
2,568;896,8.289207394984464E-5
2,44;995,-8.280921355127237E-5
2,450;928,-8.276946059736729E-5
2,743;870,-8.273949648555382E-5
2,614;637,-8.263719982254336E-5
2,185;245,-8.253237067543777E-5
2,253;280,-8.25171206914924E-5
2,33;332,8.250537010809765E-5
2,348;423,8.239706351086041E-5
2,137;185,8.222153715862667E-5
2,442;760,-8.212236121744762E-5
2,531;902,-8.207192880434606E-5
2,102;416,8.202640785574286E-5
2,744;888,8.202034151025809E-5
2,491;973,-8.192679618330437E-5
2,402;469,8.190382549205678E-5
2,29;279,-8.189350820812051E-5
2,143;858,-8.187463604284262E-5
2,56;141,-8.185451126002857E-5
2,315;864,-8.182116178410669E-5
2,580;938,-8.156581975952698E-5
2,138;842,-8.154310155582284E-5
2,37;493,-8.153875049750749E-5
2,203;914,8.153829906282918E-5
2,392;823,8.15364790798758E-5
2,474;880,-8.149830540082872E-5
2,448;457,8.132125762411552E-5
2,259;325,8.126390509897561E-5
2,439;516,-8.124938970250888E-5
2,166;677,-8.123985122062411E-5
2,164;994,8.12076586720427E-5
2,420;847,-8.108607093590276E-5
2,323;849,-8.106228145343702E-5
2,648;665,8.105288345083908E-5
2,131;367,8.100391486244886E-5
2,80;352,-8.10030894897073E-5
2,344;559,8.095537351949097E-5
2,145;930,8.087281384976635E-5
2,667;702,8.086965931999345E-5
2,8;935,8.084257221856272E-5
2,37;389,8.075851885834144E-5
2,93;322,8.075755334782027E-5
2,191;906,8.055233766044368E-5
2,115;696,8.048095127629492E-5
2,222;972,8.040849640443491E-5
2,168;290,-8.038057669486974E-5
2,212;905,-8.025433180709593E-5
2,268;887,8.015814100113931E-5
2,5;154,-8.006213193210639E-5
2,494;594,-7.999447176391151E-5
2,553;790,-7.997979088496805E-5
2,102;526,7.987567476704193E-5
2,84;987,-7.975062425696657E-5
2,205;841,-7.972641563785126E-5
2,877;879,-7.971887748085874E-5
2,87;989,7.961449472812186E-5
2,351;530,-7.959728815038614E-5
2,356;734,7.945400093770723E-5
2,179;303,7.944278096855414E-5
2,617;986,-7.925139561953987E-5
2,307;703,-7.921630688832733E-5
2,411;585,-7.912234914457381E-5
2,441;995,7.909273709309383E-5
2,467;632,-7.905655891846678E-5
2,326;796,-7.899008877571001E-5
2,480;814,-7.895361717890828E-5
2,439;761,-7.894142748958722E-5
2,320;897,7.893403743819842E-5
2,180;273,-7.893008236575761E-5
2,258;790,-7.891925242774691E-5
2,690;976,7.891454947451263E-5
2,102;235,7.874139932490791E-5
2,114;879,-7.87210743076425E-5
2,24;536,7.863303206723444E-5
2,188;593,7.857386475268029E-5
2,129;759,7.852144266931313E-5
2,295;830,-7.814878147687807E-5
2,107;882,-7.80573469711423E-5
2,164;776,7.805390949214184E-5
2,588;999,7.795522623283429E-5
2,204;612,-7.794536667740731E-5
2,617;696,-7.784959415749327E-5
2,354;584,-7.784749350221659E-5
2,570;721,-7.765546804731578E-5
2,388;437,-7.762875667073141E-5
2,577;760,7.757859884452283E-5
2,699;906,7.746784876980907E-5
2,137;581,-7.740637134533692E-5
2,450;552,7.735179949035497E-5
2,884;973,7.72995237126062E-5
2,215;286,-7.726111971462853E-5
2,66;213,-7.720728726451593E-5
2,293;321,-7.718591012393191E-5
2,721;731,-7.714404848486968E-5
2,203;250,-7.713035624445683E-5
2,610;834,7.709189124773682E-5
2,224;864,7.695876194413945E-5
2,432;608,7.674986834409471E-5
2,5;8,7.669720840834279E-5
2,19;479,-7.665424770133078E-5
2,57;184,-7.663169646903764E-5
2,270;782,7.659455065189099E-5
2,254;505,7.654694003256898E-5
2,171;776,-7.634057784276649E-5
2,856;936,7.623862923444601E-5
2,400;698,-7.619036800243179E-5
2,160;687,-7.618060258470373E-5
2,139;714,7.61717005356841E-5
2,1;105,7.614105224004107E-5
2,869;875,7.614032354905437E-5
2,234;632,7.601510759952881E-5
2,670;672,-7.594121768866581E-5
2,380;777,7.593912872552657E-5
2,65;718,-7.590327448432535E-5
2,144;549,-7.588643205737623E-5
2,427;563,-7.581798456377137E-5
2,717;998,-7.581656801627249E-5
2,285;582,7.576976033250271E-5
2,636;777,-7.570171137108727E-5
2,367;526,7.56793124787933E-5
2,78;538,7.566400607186474E-5
2,9;80,7.56256973472138E-5
2,200;850,7.558889164871719E-5
2,311;938,-7.548049589516119E-5
2,628;635,7.541908336089997E-5
2,342;924,-7.533057163096117E-5
2,242;858,7.524171031722296E-5
2,423;655,-7.514746559348693E-5
2,231;413,7.506771149403311E-5
2,626;926,7.495625995686047E-5
2,405;716,7.495003628919132E-5
2,599;767,7.486146508973482E-5
2,508;716,7.4813113005901E-5
2,557;829,-7.477397135821378E-5
2,137;192,7.464140482595724E-5
2,248;487,7.442770172605419E-5
2,186;502,-7.440294804951804E-5
2,184;755,7.440237406471773E-5
2,317;422,-7.42836347140857E-5
2,78;803,-7.422806978985866E-5
2,623;869,7.411048025243039E-5
2,58;595,7.407470330797891E-5
2,269;717,-7.406969149527358E-5
2,328;724,7.406756444052895E-5
2,168;404,-7.401597702664503E-5
2,1;804,7.390207657880716E-5
2,488;813,7.375914877510364E-5
2,566;998,7.368889119724396E-5
2,70;889,7.360375695400953E-5
2,734;752,-7.360272028559788E-5
2,6;788,-7.35866220839503E-5
2,57;799,-7.354927503565518E-5
2,45;432,-7.346580675048364E-5
2,250;305,-7.345715076523047E-5
2,89;812,-7.329699418957315E-5
2,228;458,7.322875472727788E-5
2,123;191,-7.322690585656307E-5
2,555;852,-7.311980201275737E-5
2,353;422,-7.309617498767746E-5
2,772;908,7.298271113724137E-5
2,175;392,7.295512386985016E-5
2,153;387,-7.294347119407999E-5
2,420;989,7.293820438903045E-5
2,164;511,7.289232215055796E-5
2,653;977,-7.28893725202322E-5
2,392;550,7.277693288985542E-5
2,115;746,-7.276454437063164E-5
2,42;326,-7.244249439262597E-5
2,407;891,7.240198587906622E-5
2,514;533,-7.239099260339385E-5
2,96;441,-7.235108025983991E-5
2,40;683,-7.233879362768172E-5
2,749;840,7.233442109646433E-5
2,476;956,7.232100900152648E-5
2,149;980,-7.212850953637426E-5
2,114;354,-7.211370057332039E-5
2,240;973,7.210616864559626E-5
2,402;544,-7.210299866038167E-5
2,243;473,7.197408138351424E-5
2,871;883,-7.195220663591162E-5
2,374;630,7.193445378105251E-5
2,169;569,7.189483437113231E-5
2,331;458,-7.187456495266436E-5
2,39;268,-7.17406030549225E-5
2,858;982,-7.171998327686364E-5
2,189;364,-7.154247584250888E-5
2,360;618,7.151856156515686E-5
2,330;572,7.147244419420754E-5
2,421;502,-7.143898816837455E-5
2,538;984,-7.141578469241037E-5
2,309;779,7.138385640107842E-5
2,43;504,7.135225860203352E-5
2,104;327,7.124514767974301E-5
2,526;774,7.118116814664745E-5
2,503;614,-7.109283748122776E-5
2,482;626,7.094971581106419E-5
2,286;557,7.090416275035915E-5
2,333;744,-7.071850530553022E-5
2,321;378,7.060271949876921E-5
2,182;876,-7.06021100729389E-5
2,147;869,7.056978753876579E-5
2,812;844,-7.050966838453272E-5
2,25;710,7.04106020750085E-5
2,504;910,-7.035652160381089E-5
2,538;625,7.026049034819855E-5
2,587;661,7.019853803704984E-5
2,534;791,7.01666594375404E-5
2,557;922,7.012613792189287E-5
2,606;768,7.00595284991308E-5
2,58;830,7.004578246346893E-5
2,8;294,7.004502583915191E-5
2,253;627,-6.998139479089764E-5
2,3;777,-6.99248143623857E-5
2,91;570,6.990658478898334E-5
2,463;839,6.988167007173134E-5
2,514;983,-6.988117442672171E-5
2,473;864,6.985339297291621E-5
2,73;184,6.974357575847444E-5
2,739;786,-6.968188514943258E-5
2,46;283,-6.966406326827838E-5
2,207;866,6.959713574699754E-5
2,0;577,-6.959450046519722E-5
2,125;991,6.93744980428721E-5
2,702;856,-6.93403111996703E-5
2,365;486,6.930584298187066E-5
2,429;809,6.910699469506831E-5
2,69;263,-6.903079231867597E-5
2,144;814,-6.902676468902033E-5
2,116;676,6.901763193984131E-5
2,399;602,6.887205708258549E-5
2,12;540,-6.879476842724086E-5
2,577;742,6.874384017897824E-5
2,127;182,-6.865414051097527E-5
2,164;628,-6.865314289135833E-5
2,76;264,6.855074488434434E-5
2,208;666,6.854897295160101E-5
2,450;525,6.835557562774468E-5
2,100;213,-6.834053923007585E-5
2,535;945,6.833625908530026E-5
2,202;574,6.819450021038396E-5
2,197;207,6.815590077381619E-5
2,338;884,6.811823749585428E-5
2,705;710,6.809878511720299E-5
2,465;542,6.806593637170152E-5
2,83;189,-6.798752909528122E-5
2,472;616,6.787041321010165E-5
2,5;330,6.784490402538542E-5
2,49;781,6.782742500211167E-5
2,173;377,6.782317461652766E-5
2,170;278,-6.7792172851772E-5
2,515;699,6.770452366839601E-5
2,233;536,6.769074708146293E-5
2,151;160,-6.760406598175858E-5
2,155;261,6.760329891531299E-5
2,295;546,6.754252665281835E-5
2,332;781,6.752340247566312E-5
2,9;186,-6.750030987463848E-5
2,275;883,-6.743010859012597E-5
2,457;802,6.742177956863076E-5
2,215;399,6.739761058632357E-5
2,234;272,6.736685228817725E-5
2,73;150,-6.734196869606536E-5
2,481;689,-6.733523643864807E-5
2,25;543,6.733250693387243E-5
2,570;730,6.730666468479399E-5
2,389;783,-6.723742006267428E-5
2,305;356,6.716950080609478E-5
2,104;485,-6.702504190744812E-5
2,62;465,-6.69924888626352E-5
2,693;905,6.691142263340638E-5
2,104;947,6.688950043076302E-5
2,218;324,-6.675922982314842E-5
2,232;974,-6.650722618531944E-5
2,616;805,-6.640577541195306E-5
2,616;676,6.63846065092103E-5
2,15;354,6.633945168315585E-5
2,147;504,-6.633424147867689E-5
2,454;916,6.620163742175223E-5
2,70;104,6.604936690150216E-5
2,352;697,6.603239419271584E-5
2,706;898,6.601553741468023E-5
2,289;874,6.598311219685601E-5
2,431;847,6.59037157012482E-5
2,119;266,-6.578988986125531E-5
2,115;217,-6.570479056107244E-5
2,599;746,6.566842177748893E-5
2,178;995,-6.560261007404284E-5
2,334;802,6.559840770228707E-5
2,22;856,-6.55659471056095E-5
2,223;392,6.545846379100451E-5
2,51;813,6.539520370729004E-5
2,271;508,-6.536549460620686E-5
2,194;820,6.530991111495275E-5
2,559;845,-6.530022336336359E-5
2,450;629,6.529875084014963E-5
2,278;452,6.520012529619379E-5
2,472;662,6.513751816477018E-5
2,444;953,6.50612680667601E-5
2,315;466,-6.503193969639956E-5
2,910;954,-6.497483869911968E-5
2,110;227,-6.491342367013932E-5
2,610;754,6.488195866813476E-5
2,551;607,6.48678585011405E-5
2,90;711,6.47338144692038E-5
2,703;957,-6.472839679286933E-5
2,193;657,6.467239577967362E-5
2,49;204,6.466045414628485E-5
2,507;724,6.464585506049436E-5
2,111;945,-6.455495311620339E-5
2,188;823,-6.438939750662344E-5
2,475;598,-6.434534495073675E-5
2,291;422,6.433065028155139E-5
2,841;893,-6.43268613414095E-5
2,525;612,6.431465758311946E-5
2,573;612,-6.427405198751136E-5
2,227;431,6.419967433676327E-5
2,726;862,-6.4185013535909E-5
2,24;773,6.41574556490326E-5
2,244;247,-6.395968572210895E-5
2,647;673,6.390604576709977E-5
2,117;640,-6.386555503342426E-5
2,687;889,-6.384738571996355E-5
2,486;793,-6.372524702893381E-5
2,230;960,6.372316994921552E-5
2,278;774,-6.36814240420449E-5
2,212;255,6.36811078593184E-5
2,682;798,-6.366471381327142E-5
2,835;852,6.361881476826626E-5
2,571;725,6.361835995056942E-5
2,37;394,-6.360913617146586E-5
2,15;299,6.360520918493562E-5
2,432;897,6.355841587417915E-5
2,189;347,-6.347216166884149E-5
2,414;722,-6.340556720366338E-5
2,5;439,-6.334020883303166E-5
2,445;912,6.330700501737174E-5
2,475;884,-6.325847899985753E-5
2,315;453,6.323206124816921E-5
2,306;563,-6.322364367313373E-5
2,391;886,-6.315459838561913E-5
2,705;983,6.307174644209579E-5
2,718;743,6.304218039833478E-5
2,616;724,6.302389020206738E-5
2,85;393,-6.28991572924174E-5
2,814;874,-6.286423734818296E-5
2,464;480,-6.282705296220195E-5
2,3;810,6.275598481282281E-5
2,559;670,-6.272926936659019E-5
2,154;246,6.270157842094787E-5
2,63;891,6.261492490152556E-5
2,629;917,6.257244621875351E-5
2,324;937,-6.257154626416919E-5
2,825;882,6.243819060361484E-5
2,582;694,-6.240715162588027E-5
2,450;610,-6.236553905127691E-5
2,239;681,6.235785425846396E-5
2,121;347,-6.23081482515474E-5
2,713;956,6.230718382416124E-5
2,297;616,-6.228874328103744E-5
2,376;672,-6.219194591464573E-5
2,136;552,-6.202833717017559E-5
2,40;330,-6.202431537326018E-5
2,267;733,6.201905908610288E-5
2,213;645,6.188861665366052E-5
2,42;989,6.185718130727131E-5
2,74;147,6.177377036970663E-5
2,52;515,6.177253206113344E-5
2,217;455,-6.172998367419037E-5
2,207;570,6.170974150172226E-5
2,87;348,-6.167373383793805E-5
2,317;443,6.150711084989908E-5
2,220;383,-6.146270485662065E-5
2,250;996,6.141051085558686E-5
2,407;805,-6.138452142895421E-5
2,39;814,-6.135472990467234E-5
2,226;639,-6.129884099985528E-5
2,201;344,6.119094574845064E-5
2,275;680,6.111515605399218E-5
2,44;512,6.0998048711597514E-5
2,325;395,-6.087324678752716E-5
2,575;584,-6.080854685341884E-5
2,49;991,6.0792379234327884E-5
2,314;371,6.07483683739255E-5
2,51;115,6.072048456352114E-5
2,112;261,6.066953147709808E-5
2,168;443,6.064166287320352E-5
2,148;902,-6.0601155826173984E-5
2,563;989,-6.059783170299221E-5
2,311;378,-6.059725719167134E-5
2,513;761,6.0579386789945664E-5
2,435;604,-6.056863276070085E-5
2,29;633,6.05462296690365E-5
2,405;764,-6.049933771010817E-5
2,760;947,6.046661793428079E-5
2,76;673,-6.0466229305934124E-5
2,330;426,-6.0445246079299856E-5
2,238;996,6.041578065446715E-5
2,514;705,-6.037453150537997E-5
2,379;686,6.0268767534459674E-5
2,10;822,6.018240932777287E-5
2,559;760,-6.0169975690974445E-5
2,261;644,-6.014473575621085E-5
2,197;352,-6.0083096053342655E-5
2,192;777,6.007009303672389E-5
2,413;913,6.006367518538791E-5
2,371;841,-6.0011757670681985E-5
2,418;612,-5.999609455911001E-5
2,360;921,-5.99698346189627E-5
2,122;483,5.984983750289688E-5
2,586;774,-5.9847804968401944E-5
2,571;634,5.983284013748594E-5
2,35;278,5.9806794620290496E-5
2,734;921,-5.9719318995148413E-5
2,450;798,5.962091744006583E-5
2,280;418,5.952125360797875E-5
2,138;883,5.942224498785043E-5
2,41;455,-5.9403791429316167E-5
2,159;174,-5.9342722478918646E-5
2,588;813,5.933396277800325E-5
2,189;876,-5.92768622150017E-5
2,437;990,5.92428298130993E-5
2,273;927,5.9221224902221305E-5
2,358;487,5.912580521397205E-5
2,96;365,-5.9008968132837876E-5
2,636;932,-5.90067065469802E-5
2,69;564,5.897168078624339E-5
2,535;682,5.889956240849159E-5
2,167;277,5.886488861907044E-5
2,382;406,-5.881528566977443E-5
2,15;170,5.87552655326251E-5
2,159;183,5.8741079718759086E-5
2,42;307,-5.867125780276844E-5
2,458;967,5.863145070460693E-5
2,55;231,-5.861871972162285E-5
2,480;657,-5.857240001761757E-5
2,383;794,5.855542325683408E-5
2,169;628,-5.841681632368315E-5
2,913;995,5.816489235932056E-5
2,207;212,-5.8157381330980416E-5
2,20;315,5.814550417376154E-5
2,84;288,5.81358689010678E-5
2,834;958,5.81344841723853E-5
2,396;661,-5.8074504602081826E-5
2,202;350,5.804761458877318E-5
2,563;772,-5.804369676253783E-5
2,513;854,5.80005363399162E-5
2,212;432,5.798999346392864E-5
2,140;173,-5.7983518279377826E-5
2,155;793,5.798330233093172E-5
2,79;536,5.79458233815162E-5
2,349;831,-5.793199318362931E-5
2,711;895,5.789105044959689E-5
2,357;946,-5.7637978091218624E-5
2,155;715,5.762182493877999E-5
2,148;607,-5.7618282104614614E-5
2,19;747,5.753404937812855E-5
2,597;994,-5.743873983492176E-5
2,155;339,5.739519526748184E-5
2,311;592,5.738042505010857E-5
2,574;834,5.733177859090517E-5
2,145;693,5.70779106607672E-5
2,599;907,-5.705379745023558E-5
2,383;620,-5.699159421981123E-5
2,620;701,5.692252565420776E-5
2,480;483,5.682046668730637E-5
2,189;437,-5.677901205499503E-5
2,240;982,5.672893090617022E-5
2,525;741,5.666564359193427E-5
2,568;747,5.645914898069257E-5
2,904;962,5.6327368585519166E-5
2,207;971,5.632576014548918E-5
2,67;492,5.631479026185672E-5
2,976;980,-5.627807480027364E-5
2,153;771,-5.6271183266187074E-5
2,239;488,-5.599499718454491E-5
2,351;501,5.5981121156107124E-5
2,84;609,-5.595496361832088E-5
2,583;731,-5.595172571175862E-5
2,86;194,5.592857826745024E-5
2,54;513,-5.5923636286557066E-5
2,431;522,-5.586156535026368E-5
2,647;944,5.5832979856292225E-5
2,245;461,-5.581066691308745E-5
2,381;764,-5.579262833534686E-5
2,567;572,-5.563865585091697E-5
2,439;936,-5.5598761811923235E-5
2,351;404,-5.5587137507503575E-5
2,104;154,5.5525619880740645E-5
2,210;387,5.538024439156914E-5
2,3;303,-5.523785553804417E-5
2,246;414,5.51845509149736E-5
2,477;906,-5.514072776672828E-5
2,842;978,5.5114526457774315E-5
2,14;873,-5.510619802732689E-5
2,286;595,-5.5091221425952245E-5
2,377;924,5.509050918621468E-5
2,433;620,-5.504712113519412E-5
2,219;559,-5.5024042026539353E-5
2,253;542,-5.4949586348816335E-5
2,765;783,5.4927262841554915E-5
2,64;313,-5.486312493582593E-5
2,207;669,5.481484650577978E-5
2,680;780,-5.4754337395323205E-5
2,537;787,5.466147669448314E-5
2,176;882,-5.4617544843522935E-5
2,161;239,-5.457302432074361E-5
2,75;295,-5.4555383085216546E-5
2,300;927,5.450278135087966E-5
2,18;657,5.447174780236229E-5
2,403;774,-5.442797203259489E-5
2,196;979,-5.4282138965563266E-5
2,363;595,5.4234116628589154E-5
2,435;666,5.4163266621181204E-5
2,316;890,5.415978129049029E-5
2,477;914,5.4156825611230404E-5
2,592;716,-5.4144018777375944E-5
2,812;934,-5.400231467806607E-5
2,86;209,-5.399974419826346E-5
2,12;980,-5.389585397163471E-5
2,270;649,-5.3893761889294595E-5
2,470;972,-5.3580756273324745E-5
2,388;506,-5.35211832488714E-5
2,699;741,5.3485331762017E-5
2,13;465,5.344983698798478E-5
2,258;586,-5.337616459372671E-5
2,269;731,5.336568959813545E-5
2,255;456,-5.3225978171094246E-5
2,266;447,5.316622587108895E-5
2,429;737,-5.309483627607188E-5
2,268;924,-5.306354314645036E-5
2,807;941,-5.302910422709073E-5
2,17;565,5.299177846858674E-5
2,567;921,-5.292414428442746E-5
2,174;676,5.276594899271299E-5
2,315;882,5.2714405939636794E-5
2,270;475,5.2692409598061567E-5
2,126;874,-5.2617735456539386E-5
2,314;841,5.2545388670103445E-5
2,926;937,-5.239892201301447E-5
2,497;655,-5.232399777537343E-5
2,520;581,5.229954150596376E-5
2,715;956,-5.2292417527575644E-5
2,186;939,-5.227311192516276E-5
2,63;458,-5.226472037238998E-5
2,143;726,5.2143581660255624E-5
2,208;435,-5.2114257399936803E-5
2,316;396,5.210209710152777E-5
2,336;984,-5.2090215663237476E-5
2,25;428,-5.2078030391434214E-5
2,373;619,-5.204191114149255E-5
2,190;960,-5.198262641012727E-5
2,515;665,-5.1974441981012696E-5
2,256;980,-5.187676576206113E-5
2,388;942,5.17329178875204E-5
2,392;727,-5.1684407630417886E-5
2,222;439,-5.164998095656881E-5
2,35;551,5.1602272117760655E-5
2,40;486,5.15813435913536E-5
2,170;948,5.1515861189132E-5
2,388;792,-5.151548726116134E-5
2,188;851,-5.1498940014317166E-5
2,299;390,5.142782219031244E-5
2,522;584,5.139109261496448E-5
2,226;869,-5.1351691067967E-5
2,187;275,5.121231226575618E-5
2,159;500,-5.1190732537787315E-5
2,13;62,5.1170745040014064E-5
2,17;394,5.1164540332158655E-5
2,121;252,-5.115547546075546E-5
2,219;848,5.1097734212940156E-5
2,444;467,5.1036354252285035E-5
2,20;466,5.098411006948628E-5
2,145;628,-5.095906484094394E-5
2,255;544,-5.087142063877577E-5
2,469;748,5.0870544477058396E-5
2,360;444,5.082888423466319E-5
2,182;277,5.079167855257442E-5
2,162;451,-5.074654538667679E-5
2,642;914,5.07361834978866E-5
2,37;839,5.065539890514802E-5
2,363;514,5.045276534839818E-5
2,433;712,5.0430166910248254E-5
2,445;591,5.0367117941024095E-5
2,378;430,5.036466863373865E-5
2,135;164,5.029296853337959E-5
2,663;916,-5.0282640096321925E-5
2,668;740,5.026486612036732E-5
2,304;749,5.022138212868527E-5
2,743;960,5.019307097887632E-5
2,728;949,5.015695146343856E-5
2,444;763,5.0139418605936375E-5
2,118;242,5.010360907171699E-5
2,140;811,-5.009720605917506E-5
2,68;687,5.004988452829712E-5
2,375;742,5.003852796902678E-5
2,35;495,5.003040232642082E-5
2,607;700,-5.002603788135235E-5
2,809;951,4.987008432826216E-5
2,164;174,-4.986045498482705E-5
2,590;926,-4.9833814004383066E-5
2,2;577,-4.9809539546586625E-5
2,285;839,-4.980944175961413E-5
2,565;616,4.9701469696827375E-5
2,427;933,4.969857209469797E-5
2,261;708,4.9664550000500477E-5
2,223;596,4.9602154855543424E-5
2,718;770,4.949082682491167E-5
2,313;362,4.94686112482753E-5
2,647;869,-4.938117943823483E-5
2,293;373,4.92045581344789E-5
2,324;820,-4.919468790937302E-5
2,381;426,4.916702636749982E-5
2,153;831,-4.9084264311520214E-5
2,625;988,-4.905040564607148E-5
2,892;925,4.896456787584462E-5
2,342;785,4.892019756239482E-5
2,606;919,4.888353021010118E-5
2,732;924,-4.88028711864308E-5
2,360;775,-4.879585881582199E-5
2,393;957,4.878373217595887E-5
2,607;806,4.87827561264233E-5
2,258;288,4.873110606246022E-5
2,390;723,-4.8719473350282486E-5
2,41;758,4.8717870858294116E-5
2,492;750,-4.852095237423426E-5
2,225;238,-4.8492990408345786E-5
2,78;952,4.839677808794393E-5
2,172;622,4.8278831921394736E-5
2,632;736,-4.8262112422112E-5
2,9;93,-4.82536291842068E-5
2,440;568,-4.8187891501827355E-5
2,143;302,-4.817921673627344E-5
2,122;589,4.812440289079943E-5
2,617;758,-4.807045016292375E-5
2,312;611,-4.7918463618216115E-5
2,164;901,-4.7769654638428125E-5
2,544;838,-4.775839879617906E-5
2,698;852,4.770773453315797E-5
2,538;688,4.7702024778199544E-5
2,525;552,-4.7649574945905424E-5
2,98;591,-4.7570747456804425E-5
2,414;762,4.753762321156894E-5
2,442;996,4.749906507227883E-5
2,77;188,-4.747157605286431E-5
2,68;117,-4.745673660675635E-5
2,118;729,4.7144610475770956E-5
2,86;588,-4.709806838027123E-5
2,66;963,-4.704922335095445E-5
2,331;853,4.698253014409763E-5
2,469;896,-4.695130386574152E-5
2,244;482,4.686883022575537E-5
2,92;370,-4.68680023394656E-5
2,216;643,-4.6790299443391426E-5
2,228;331,-4.6740485533369305E-5
2,217;475,-4.668776061369859E-5
2,464;653,-4.6613599297136875E-5
2,611;852,-4.658210752668957E-5
2,48;430,4.655203898565179E-5
2,345;450,-4.65333733459083E-5
2,198;465,4.652940266975673E-5
2,300;343,4.642043099039915E-5
2,190;304,-4.640514870253372E-5
2,60;863,-4.639293478891761E-5
2,254;465,4.63856745394466E-5
2,669;971,4.62927528475835E-5
2,234;665,-4.628415583912293E-5
2,152;909,-4.6282750346916885E-5
2,474;598,4.6161682353583814E-5
2,515;759,4.615910541150754E-5
2,145;954,4.609207751906872E-5
2,159;616,-4.6063680701294575E-5
2,349;941,4.595693642130855E-5
2,207;906,-4.581208292687004E-5
2,856;951,-4.565485055858355E-5
2,480;679,4.563067594468248E-5
2,445;666,4.559247871690672E-5
2,67;190,-4.5507482715114635E-5
2,46;243,-4.545361793062028E-5
2,52;947,4.544359636613829E-5
2,137;893,-4.541025156059152E-5
2,255;679,4.539075067155936E-5
2,332;658,-4.5357623334406755E-5
2,310;978,-4.529595658515057E-5
2,168;325,-4.526739434451928E-5
2,220;399,-4.5041922151382365E-5
2,813;842,-4.5003992028278774E-5
2,273;520,4.492304581100684E-5
2,203;954,-4.483005772779659E-5
2,238;913,-4.481839123252357E-5
2,155;914,4.470831262448623E-5
2,401;850,4.469049034084889E-5
2,104;869,-4.450488352145525E-5
2,180;245,-4.449362093654466E-5
2,492;645,-4.4483132469183186E-5
2,303;894,4.447697436259494E-5
2,83;876,-4.442685362416674E-5
2,305;638,-4.440573406282457E-5
2,177;573,-4.439011619758931E-5
2,511;630,4.422637083470653E-5
2,485;947,4.419065122466011E-5
2,639;936,4.418290491879813E-5
2,56;506,-4.416613911197001E-5
2,212;628,-4.415467758754005E-5
2,22;40,-4.4150730956405744E-5
2,47;144,4.412712616325365E-5
2,439;546,-4.402346402294129E-5
2,208;947,-4.384831739101901E-5
2,616;749,-4.382444405937924E-5
2,970;980,4.3758425714838385E-5
2,793;893,4.371306177374161E-5
2,331;877,4.3675597386094434E-5
2,316;775,-4.3659918945107234E-5
2,140;585,4.363522247782284E-5
2,470;954,4.358706305143723E-5
2,164;181,-4.352696860378062E-5
2,208;917,-4.351972790415407E-5
2,353;935,4.3503230174602434E-5
2,187;770,-4.3278789661697666E-5
2,234;681,-4.326298373146996E-5
2,390;433,4.3225504877762665E-5
2,46;827,4.322076233136692E-5
2,4;179,4.321900233599117E-5
2,631;883,4.3133945248404725E-5
2,392;628,-4.3096579266263065E-5
2,293;857,-4.306506360749353E-5
2,16;180,-4.3052679452329964E-5
2,446;804,-4.2996375646178754E-5
2,185;740,-4.299191386359542E-5
2,80;81,-4.2898793641581295E-5
2,373;677,-4.289478390175465E-5
2,83;620,-4.286395823738068E-5
2,175;502,-4.285829015105394E-5
2,195;288,4.281298031552694E-5
2,44;785,4.2709497828368387E-5
2,603;751,-4.2672131718711554E-5
2,312;318,4.255769864260857E-5
2,512;840,-4.250921902404227E-5
2,194;545,-4.248016855784113E-5
2,31;456,4.247294105458603E-5
2,385;655,-4.245020255608184E-5
2,147;376,4.240116258620465E-5
2,202;962,-4.233699014286094E-5
2,209;588,-4.2324346548954135E-5
2,13;509,-4.230354345150772E-5
2,195;649,4.2257721661801585E-5
2,97;748,-4.22340695735912E-5
2,134;251,4.215199889591083E-5
2,271;721,4.213788337766616E-5
2,579;661,-4.213476471137341E-5
2,442;812,4.207734712731516E-5
2,371;847,4.2041758613003036E-5
2,603;941,4.1949566503644526E-5
2,380;636,4.188017295924147E-5
2,219;517,4.1854930070145014E-5
2,357;937,4.1525369109997876E-5
2,264;876,4.143780751076498E-5
2,69;395,4.126508913653791E-5
2,85;557,-4.125003135039281E-5
2,41;118,-4.1234612295535615E-5
2,469;479,-4.123188076687327E-5
2,551;560,4.116883140957531E-5
2,390;533,4.113500897789728E-5
2,459;506,-4.111778937128455E-5
2,332;418,-4.091664713021154E-5
2,388;653,-4.087606360313431E-5
2,40;555,4.0870662763616435E-5
2,23;32,-4.08686485970592E-5
2,207;463,4.084812335936651E-5
2,299;434,4.076498541564918E-5
2,187;942,-4.071422115716997E-5
2,169;212,-4.0684231956701E-5
2,676;829,4.067077669526524E-5
2,431;936,4.0654674377483544E-5
2,824;958,-4.064052666149316E-5
2,743;810,-4.0621223078506645E-5
2,169;793,-4.05371335198798E-5
2,435;451,4.04740848127778E-5
2,68;879,4.044190878130624E-5
2,341;533,-4.0440545928290204E-5
2,608;657,-4.0409543227651554E-5
2,407;751,-4.0395683650628955E-5
2,303;597,4.0344088320665816E-5
2,403;585,-4.031950137766109E-5
2,178;532,-4.031874598147224E-5
2,929;953,-4.02723138546693E-5
2,12;970,-4.02064841611454E-5
2,150;747,4.011008759396188E-5
2,494;944,4.008026251140019E-5
2,138;537,-3.9964304233885696E-5
2,909;930,3.9944176964134816E-5
2,420;546,3.9921746823231796E-5
2,615;724,-3.9865937598163576E-5
2,390;704,-3.9752594612015883E-5
2,312;744,3.9730572884626044E-5
2,88;296,3.970905543374984E-5
2,11;860,-3.96872841864776E-5
2,609;888,3.9604171984916836E-5
2,237;385,-3.957493677036322E-5
2,39;442,3.9557435471262045E-5
2,181;664,-3.9556369126768436E-5
2,245;661,-3.955312515215015E-5
2,403;799,-3.95038209944423E-5
2,19;725,-3.9471256261181785E-5
2,859;976,3.9438484808551015E-5
2,384;416,3.9316988796328115E-5
2,144;997,-3.930622033508827E-5
2,108;906,3.927789803444506E-5
2,520;944,-3.924367509367184E-5
2,540;915,-3.9186862015849794E-5
2,60;434,3.9163848293406884E-5
2,134;830,-3.9125055199623615E-5
2,85;404,3.90507184652121E-5
2,128;588,-3.902021309389352E-5
2,191;835,3.899754262423885E-5
2,348;989,-3.894404475421784E-5
2,465;738,-3.8908352644453746E-5
2,48;889,-3.89029767465349E-5
2,126;181,3.889169671553446E-5
2,329;743,-3.888734362559067E-5
2,150;533,3.887288510171348E-5
2,19;469,3.8844036687732275E-5
2,556;561,-3.882607414255376E-5
2,31;225,3.8818402352610085E-5
2,154;835,-3.876346298550786E-5
2,678;686,-3.868688919501494E-5
2,190;329,3.859126086881504E-5
2,37;498,-3.854710543610827E-5
2,671;725,3.852929713684189E-5
2,67;687,-3.848409605803935E-5
2,150;392,-3.848345346094535E-5
2,236;884,3.8300417565989316E-5
2,89;981,3.828048241805071E-5
2,187;213,-3.825361174155964E-5
2,149;256,3.825155136639011E-5
2,830;980,3.8100570795519667E-5
2,77;441,-3.8094908466519695E-5
2,64;796,3.8076367570130155E-5
2,637;866,-3.803646590360063E-5
2,404;557,3.802192382234644E-5
2,237;737,3.799882829126675E-5
2,118;132,3.798745747930192E-5
2,500;990,-3.798606920807211E-5
2,215;359,3.794383722669302E-5
2,399;718,-3.791863862667515E-5
2,123;253,3.789509298498327E-5
2,111;205,3.7865942597317485E-5
2,731;969,-3.7835737939006646E-5
2,356;381,-3.7741205818947704E-5
2,560;968,-3.772369807015415E-5
2,351;538,3.769795219641253E-5
2,581;824,-3.763943515385933E-5
2,198;206,3.76146991533722E-5
2,181;713,3.758287340819912E-5
2,240;945,3.7547622370680354E-5
2,123;684,-3.7524812148963513E-5
2,3;92,3.7513574502381545E-5
2,232;739,3.74826338841605E-5
2,507;958,3.7477888288580604E-5
2,709;873,-3.736701969702866E-5
2,479;505,-3.7363349301709886E-5
2,504;529,-3.735129827122298E-5
2,562;642,-3.7312462894355955E-5
2,274;332,3.7306891992084814E-5
2,347;412,3.7293455171126854E-5
2,423;497,3.726189417759492E-5
2,229;665,-3.714938100775453E-5
2,149;223,3.71402590938696E-5
2,598;775,-3.705760245960532E-5
2,202;373,3.696477422926646E-5
2,121;466,3.695198816036655E-5
2,316;889,3.692571971737969E-5
2,216;926,-3.6920209608457116E-5
2,312;904,3.6880891045990694E-5
2,563;572,-3.678769905953702E-5
2,514;691,-3.6760166272753636E-5
2,58;713,3.665242172365062E-5
2,369;560,-3.6646757789914885E-5
2,39;509,-3.662896317686563E-5
2,155;391,3.6519119344905676E-5
2,30;215,3.6433205052369454E-5
2,418;746,3.642871284110991E-5
2,496;960,-3.636705376858825E-5
2,705;880,-3.6335481898195824E-5
2,683;690,3.6300362196101515E-5
2,151;547,-3.629170725269305E-5
2,259;459,3.623148849021912E-5
2,347;903,-3.6174038428124875E-5
2,306;989,3.614044927635431E-5
2,13;573,-3.612428403575016E-5
2,821;987,3.6013919150314876E-5
2,277;693,-3.5925714738742305E-5
2,201;352,-3.588522461332297E-5
2,91;721,-3.584944211383531E-5
2,443;594,3.577051040812812E-5
2,655;858,-3.5748383701847656E-5
2,20;861,3.574378941229652E-5
2,349;369,3.5711993877215185E-5
2,221;678,-3.561563532559095E-5
2,431;958,3.550848621833809E-5
2,5;501,-3.548934144449895E-5
2,454;557,3.543357075225711E-5
2,455;498,3.5415314189419015E-5
2,763;874,3.541450967187389E-5
2,156;907,3.5366438582392036E-5
2,516;734,3.5359955298461394E-5
2,98;377,3.53042578140442E-5
2,205;645,-3.523948966862467E-5
2,355;721,-3.521996395453032E-5
2,761;850,-3.519130341492978E-5
2,586;799,-3.5186376712914164E-5
2,632;709,3.5169445883355284E-5
2,931;932,-3.5168048739811015E-5
2,177;563,3.5139803450328604E-5
2,405;992,3.501780928397907E-5
2,559;931,3.49237221280369E-5
2,24;462,3.486590554577907E-5
2,680;825,-3.48608056155761E-5
2,226;249,3.482447454658792E-5
2,300;957,-3.475185180481594E-5
2,901;994,3.4645478463023166E-5
2,300;301,-3.4509667832858165E-5
2,289;763,3.4408004949280575E-5
2,79;634,-3.4400781071279875E-5
2,89;479,-3.436808143070129E-5
2,41;617,3.4343370855043214E-5
2,150;622,-3.426647282003324E-5
2,885;904,-3.425399344953005E-5
2,305;837,-3.42452511014165E-5
2,80;883,3.422560963906776E-5
2,430;751,-3.42194350984274E-5
2,714;915,-3.418054546764081E-5
2,255;733,3.4166013857160324E-5
2,145;470,-3.415316525877074E-5
2,453;784,3.4131083245339023E-5
2,710;999,-3.4099372343338345E-5
2,457;696,-3.4009715042677994E-5
2,727;829,3.398744416527715E-5
2,352;371,3.394177120370384E-5
2,143;784,3.379820673633719E-5
2,225;851,3.373081583389473E-5
2,68;481,3.371188681675247E-5
2,448;452,3.366017270615038E-5
2,86;600,3.358409952343687E-5
2,281;693,3.355973340045178E-5
2,196;470,3.349944083078835E-5
2,606;739,-3.347686527824514E-5
2,65;397,3.347148177751089E-5
2,201;707,3.3433742319660896E-5
2,386;448,3.3325893861099996E-5
2,571;953,-3.328114254771834E-5
2,550;727,3.313224922739309E-5
2,487;637,3.312439629407986E-5
2,223;687,3.311819774047628E-5
2,379;906,3.311622632109368E-5
2,269;348,-3.309972444824505E-5
2,236;264,-3.2998986336457305E-5
2,569;847,-3.28943149952029E-5
2,337;366,3.288224588465524E-5
2,609;990,3.2864241827448016E-5
2,716;992,-3.2821434902366584E-5
2,964;991,-3.278703145895903E-5
2,87;551,-3.273286539820406E-5
2,212;409,3.271506371069344E-5
2,329;712,-3.270940968716857E-5
2,120;367,-3.270691981917565E-5
2,181;865,-3.269145893752562E-5
2,155;642,-3.2646549046013304E-5
2,4;891,3.2639297755586914E-5
2,137;793,-3.2458024722056975E-5
2,523;850,-3.243133364603763E-5
2,315;784,3.242699892053176E-5
2,418;545,-3.2420255250824564E-5
2,220;763,-3.2350738048657055E-5
2,781;870,3.232915420770968E-5
2,227;481,-3.232413856837893E-5
2,791;827,-3.23215666257128E-5
2,222;358,-3.229329598780914E-5
2,270;394,3.224120356193327E-5
2,255;709,3.219335975807253E-5
2,301;957,3.2192621628817336E-5
2,226;565,-3.211116349555285E-5
2,229;780,3.2110004120634554E-5
2,520;652,-3.207630328622281E-5
2,727;990,-3.2073796474359606E-5
2,255;479,3.198868425882541E-5
2,92;853,3.1936719852308466E-5
2,25;815,3.186684772782068E-5
2,259;415,-3.185307011404391E-5
2,385;734,-3.184953619965067E-5
2,342;485,-3.181609133104875E-5
2,387;456,3.179420374630741E-5
2,317;455,-3.1755054672869364E-5
2,112;883,-3.1739535036752975E-5
2,115;813,3.168453669255947E-5
2,92;557,-3.1681429694844556E-5
2,763;913,-3.164685596498423E-5
2,456;804,-3.1615164043666476E-5
2,276;473,-3.139009463299496E-5
2,477;710,-3.1212130973572074E-5
2,358;823,3.1098964158000664E-5
2,394;546,3.10068766916866E-5
2,269;721,-3.09877738838166E-5
2,532;650,3.090697517119205E-5
2,94;316,3.0864066162801225E-5
2,916;923,3.0820285968147674E-5
2,246;612,3.0644880476535295E-5
2,5;556,3.063912357211532E-5
2,345;399,3.0608074277100566E-5
2,221;945,3.057309373516412E-5
2,557;828,-3.052968643801094E-5
2,299;756,-3.048779717107643E-5
2,144;921,-3.046966294889701E-5
2,410;926,-3.0455773654507746E-5
2,181;854,3.043627552229368E-5
2,227;415,3.038419066869079E-5
2,670;845,-3.0360230874195386E-5
2,599;656,-3.0297264626150553E-5
2,455;935,3.0267277009904212E-5
2,857;936,-3.025772997306714E-5
2,151;472,-3.0207558144020958E-5
2,39;213,-3.014710493018197E-5
2,678;831,-3.014080405699364E-5
2,415;832,-3.0140395648734054E-5
2,854;905,-3.0087910723400626E-5
2,699;854,3.0068773426522934E-5
2,517;616,-3.0020225417000503E-5
2,174;782,-3.0006247352481268E-5
2,206;925,2.9956789095889043E-5
2,346;716,-2.992066547123147E-5
2,916;998,-2.985051003589792E-5
2,779;809,2.9823868862784694E-5
2,195;705,-2.972610454775705E-5
2,176;469,-2.9650093467749927E-5
2,73;641,2.957946849830208E-5
2,750;753,2.9534858299223976E-5
2,532;619,-2.950335203145564E-5
2,673;701,2.945355504256056E-5
2,216;895,2.9422256770121808E-5
2,748;927,2.9412813028720952E-5
2,389;899,-2.9266617961372964E-5
2,592;753,-2.9247734922355455E-5
2,472;581,2.9240062254860214E-5
2,366;565,-2.9223437241215193E-5
2,19;71,-2.9215565185335345E-5
2,517;790,-2.900704828858661E-5
2,19;464,-2.897783301626203E-5
2,489;947,-2.8909591431848985E-5
2,264;884,2.8850869845339952E-5
2,365;720,2.8813460718184554E-5
2,214;912,-2.8776662949457717E-5
2,433;955,-2.875279255849457E-5
2,325;999,2.872428089745556E-5
2,221;668,2.8684996921515773E-5
2,156;666,2.867760214616162E-5
2,41;395,2.864426271935136E-5
2,18;923,-2.8643298714254043E-5
2,513;905,2.863162074858998E-5
2,298;303,2.860872729555933E-5
2,515;966,2.8607117512128465E-5
2,87;560,2.8545525964426057E-5
2,441;734,2.853002848835297E-5
2,612;808,2.846817238721898E-5
2,221;686,-2.8453714697154645E-5
2,59;510,-2.845368600695944E-5
2,593;927,-2.842223508287235E-5
2,204;715,-2.8412579523028627E-5
2,243;629,-2.839299793877262E-5
2,510;676,-2.8295496992166143E-5
2,56;142,-2.8203626113947514E-5
2,759;984,2.8040206434099062E-5
2,161;174,-2.7978358392801675E-5
2,634;890,-2.7969243013828014E-5
2,159;851,2.796755311383542E-5
2,440;867,2.7928460336773763E-5
2,704;744,2.7925599655838048E-5
2,682;892,-2.7922272716666725E-5
2,99;836,2.782618293680571E-5
2,527;935,-2.7782918627728305E-5
2,54;761,2.7751904425914202E-5
2,115;418,2.774901451828489E-5
2,212;820,-2.757099252428795E-5
2,506;761,2.756224812745875E-5
2,392;469,2.7543885268520738E-5
2,93;125,-2.7529881508503497E-5
2,506;524,2.7485662681463132E-5
2,449;637,-2.7478590286992456E-5
2,152;257,-2.7469206026627515E-5
2,311;785,-2.7422014826492037E-5
2,443;907,-2.7410494315085077E-5
2,171;580,-2.7370249952922337E-5
2,166;234,-2.7354852666781033E-5
2,440;817,2.7322425626803107E-5
2,501;626,2.7245278234635128E-5
2,46;978,2.7181443452713284E-5
2,260;482,-2.713341608675178E-5
2,329;984,2.7126368225184245E-5
2,436;481,2.7036945956942047E-5
2,374;511,2.6888660605153077E-5
2,300;431,-2.6820108963637152E-5
2,237;581,-2.675605500493397E-5
2,3;722,-2.6686836988279535E-5
2,191;348,2.6651432456845636E-5
2,127;170,2.662987572110044E-5
2,713;756,-2.6562105169190777E-5
2,21;916,-2.656112338010544E-5
2,193;802,2.6508584721027684E-5
2,511;520,2.6494577450166633E-5
2,114;940,2.648297998891351E-5
2,197;402,-2.6444503981996062E-5
2,620;827,-2.643380687664934E-5
2,885;962,2.6411829137367852E-5
2,442;460,2.6383654182337473E-5
2,20;469,-2.6382508903826525E-5
2,39;912,2.6379118649327362E-5
2,687;794,2.6372851487010587E-5
2,143;862,-2.6366522051285107E-5
2,30;560,2.6259678268755597E-5
2,351;397,2.6251788224401774E-5
2,470;695,-2.6211588683964796E-5
2,151;499,2.609323604908828E-5
2,538;988,2.6036874259864992E-5
2,174;694,2.6003380808106865E-5
2,89;329,-2.6001710056441515E-5
2,135;778,2.5983903075045444E-5
2,151;776,-2.5972327519748208E-5
2,493;839,-2.5950157331694606E-5
2,15;390,-2.585257611187766E-5
2,554;592,2.5807620770531294E-5
2,727;833,-2.5755426830743266E-5
2,780;784,-2.57066819381305E-5
2,208;489,-2.565982927032995E-5
2,170;252,2.5596003880041186E-5
2,769;773,2.5458816902403787E-5
2,331;659,2.545354464646324E-5
2,812;981,-2.541488414827531E-5
2,353;963,2.540646872186507E-5
2,367;400,2.5295027035496564E-5
2,513;537,2.5184325214387085E-5
2,10;266,2.499422022915722E-5
2,611;652,2.4963948666404697E-5
2,711;796,2.4839030246003023E-5
2,565;971,2.477729730282187E-5
2,377;591,2.4765759637868424E-5
2,177;413,2.4708428076967633E-5
2,281;671,2.469968826544415E-5
2,131;394,-2.4689906780248088E-5
2,140;972,2.4468587866668488E-5
2,418;688,-2.431751911503183E-5
2,83;130,-2.4316786967079145E-5
2,391;796,2.430234288251347E-5
2,736;915,-2.429861860439943E-5
2,305;986,2.4283435702488656E-5
2,271;335,-2.4283125813736803E-5
2,661;781,-2.42437504457258E-5
2,177;853,2.417452319644377E-5
2,204;408,2.413042297633436E-5
2,812;902,2.4100311381657095E-5
2,839;895,2.408939713994579E-5
2,741;800,2.4050086611820094E-5
2,201;324,-2.4026534470277084E-5
2,5;157,2.3972828137392835E-5
2,610;706,2.3911333694177127E-5
2,81;455,-2.390991123251876E-5
2,741;854,2.3743599062419103E-5
2,290;473,-2.3709687714927848E-5
2,341;665,-2.3534666276690665E-5
2,144;602,2.3515573315187734E-5
2,257;500,2.349419395801361E-5
2,592;647,2.337122712668148E-5
2,153;678,2.3340516812326574E-5
2,220;645,-2.3332443054022004E-5
2,243;827,2.3316609215787113E-5
2,286;359,-2.3282274121292788E-5
2,339;542,-2.327389160646702E-5
2,801;999,2.3243238053958894E-5
2,184;320,2.320540692589654E-5
2,414;509,2.317036919119196E-5
2,22;642,-2.3146707249326783E-5
2,612;846,2.314444861740493E-5
2,151;581,2.3116756166470243E-5
2,208;629,-2.3112793549816073E-5
2,61;397,-2.3065393563685477E-5
2,891;909,-2.304149145057348E-5
2,224;938,-2.2973418733379796E-5
2,334;541,2.293551946461517E-5
2,910;949,2.2835093159486453E-5
2,631;941,-2.2772287378650558E-5
2,266;301,-2.2740142620548078E-5
2,0;742,-2.2636475377513315E-5
2,214;421,-2.2600401976325277E-5
2,184;284,2.2509159340964493E-5
2,5;121,-2.2493317967608728E-5
2,927;967,-2.2464765485038855E-5
2,218;334,-2.239985480875986E-5
2,373;860,-2.2391907704831197E-5
2,313;587,-2.2365106808729663E-5
2,529;994,-2.236033285611032E-5
2,417;793,-2.2300036329869892E-5
2,44;150,2.2247772625303267E-5
2,207;924,-2.2237734820593575E-5
2,17;616,2.217687604261856E-5
2,590;768,2.2122621277030824E-5
2,215;749,-2.2085044367504163E-5
2,644;664,-2.1970088872833485E-5
2,521;828,-2.1961328567857765E-5
2,458;741,2.1739037776455388E-5
2,207;334,2.1617527460200805E-5
2,181;983,2.1610819199814698E-5
2,363;429,2.160509955145132E-5
2,100;249,2.159939275713603E-5
2,181;369,2.1598960765955535E-5
2,656;695,-2.1498422220048122E-5
2,396;584,-2.1476651864839907E-5
2,33;157,-2.140981471103952E-5
2,581;791,2.1391065499906757E-5
2,127;277,-2.1290923978539904E-5
2,188;231,-2.1250506280826102E-5
2,51;591,-2.123695143980675E-5
2,511;776,2.123310817775209E-5
2,335;891,2.1179950473711684E-5
2,847;855,-2.1105514443799794E-5
2,313;403,2.10282940102903E-5
2,640;800,-2.101271886234829E-5
2,154;501,-2.0901338947794516E-5
2,65;100,-2.0867563303811066E-5
2,760;783,2.085848661476694E-5
2,458;612,-2.0830996032947234E-5
2,215;304,-2.080229928351446E-5
2,266;739,2.0758260958044938E-5
2,247;403,-2.0741029820323748E-5
2,67;748,2.0687178972012707E-5
2,303;589,-2.0657287083918787E-5
2,14;600,-2.0579017537289106E-5
2,310;928,2.0566058706930928E-5
2,544;980,-2.054154295736517E-5
2,151;366,2.0526982586534974E-5
2,43;841,-2.047979283999267E-5
2,171;890,-2.0479455951103328E-5
2,787;890,-2.0475104792872872E-5
2,304;412,2.044643553263556E-5
2,247;335,-2.044071293459518E-5
2,12;732,2.04380711553174E-5
2,221;873,2.0420570664492723E-5
2,271;624,-2.0396265273213436E-5
2,801;809,-2.036880723675047E-5
2,651;918,-2.036257161297117E-5
2,88;667,2.0283775007326048E-5
2,462;751,-2.0242443916995008E-5
2,65;316,-2.023998022301722E-5
2,802;941,-2.0236497926181556E-5
2,401;523,-2.0127964796785455E-5
2,339;796,-2.011588274025748E-5
2,53;241,-2.0105751056809645E-5
2,516;597,2.0079371400336E-5
2,220;712,-1.996877872245563E-5
2,115;315,-1.9962264735018554E-5
2,155;894,1.9925294234186362E-5
2,501;827,1.983178257266968E-5
2,112;508,1.9732478210895826E-5
2,378;616,1.960730654233296E-5
2,535;892,-1.945667517139571E-5
2,574;932,1.9452291582948548E-5
2,153;255,-1.9388702054580016E-5
2,163;340,1.938178443381211E-5
2,10;910,-1.9380436604614832E-5
2,84;938,-1.9337249850714057E-5
2,968;995,1.9302130155712264E-5
2,138;454,-1.9215006808838613E-5
2,259;506,-1.920489243364934E-5
2,714;729,1.9168676369896997E-5
2,186;421,1.9159237934209885E-5
2,195;635,1.9132834144160644E-5
2,177;390,1.9058955110049223E-5
2,782;960,1.9040613762492927E-5
2,320;578,-1.903306490430766E-5
2,652;780,-1.8995190457139155E-5
2,234;467,-1.8980789488142136E-5
2,193;941,1.8924500031439445E-5
2,155;190,1.888499745315067E-5
2,574;959,-1.8805996861900098E-5
2,621;902,-1.8787818776459865E-5
2,667;900,1.85700032350892E-5
2,12;861,1.8568136101105164E-5
2,250;809,-1.8563514603223378E-5
2,143;684,-1.8450837134520227E-5
2,60;796,1.838455596697071E-5
2,58;363,-1.8383912774081023E-5
2,80;935,-1.837483999877182E-5
2,192;657,-1.8362977778520613E-5
2,152;566,1.8351021722258403E-5
2,811;820,-1.8349440337030578E-5
2,713;878,-1.8285196043327275E-5
2,153;709,-1.8265866139275084E-5
2,32;934,1.8237028342267855E-5
2,54;521,1.8231256249959374E-5
2,335;648,1.8219362035166636E-5
2,330;594,-1.7976757997285668E-5
2,106;485,1.7976644848602605E-5
2,2;998,1.788476936389824E-5
2,176;582,1.7867375791488006E-5
2,80;754,1.785244742740591E-5
2,40;690,1.7842530926739973E-5
2,463;571,-1.7820641631312862E-5
2,192;378,-1.7751666690894507E-5
2,140;296,1.7688011319913405E-5
2,31;255,1.7604751795431155E-5
2,529;771,1.7546111801330852E-5
2,371;697,-1.75413119532164E-5
2,910;913,-1.7410584064791846E-5
2,212;774,-1.7384617527564804E-5
2,892;897,-1.7380629231563402E-5
2,155;594,-1.7367126651406578E-5
2,676;828,1.7346050701364178E-5
2,413;638,-1.7333969723528685E-5
2,685;714,1.7321077698283228E-5
2,206;327,-1.7316495658725396E-5
2,517;633,-1.729156041735244E-5
2,27;876,-1.728112791516523E-5
2,166;373,-1.728037371645272E-5
2,235;787,-1.7276687654889698E-5
2,545;688,-1.7239833635945307E-5
2,485;629,1.7199751956466213E-5
2,597;711,-1.719140347487974E-5
2,350;837,1.7164562560598078E-5
2,129;522,1.7090640830252206E-5
2,219;755,-1.7020413173773925E-5
2,134;166,-1.690818511125887E-5
2,38;110,-1.6877205773991018E-5
2,187;919,1.6871073505416694E-5
2,193;934,1.6820129303808744E-5
2,756;904,-1.6746061556071985E-5
2,601;815,1.6724901906964115E-5
2,928;962,1.6723374937615872E-5
2,147;481,1.6623339617468564E-5
2,59;475,1.6608819526285597E-5
2,491;605,-1.6557483564198186E-5
2,349;647,-1.6472709725631364E-5
2,181;317,-1.6334893596117088E-5
2,43;910,-1.631823061856559E-5
2,16;452,-1.6278868937173814E-5
2,413;995,1.6274424705021633E-5
2,109;866,1.6268243474068202E-5
2,329;862,1.6213718583545937E-5
2,99;291,-1.619800472455872E-5
2,300;420,-1.6183593868140473E-5
2,4;522,-1.6131504153499108E-5
2,180;449,1.6121502540832804E-5
2,71;746,-1.6118365476772493E-5
2,401;607,1.5959829243435726E-5
2,252;278,-1.5959014472275948E-5
2,211;509,-1.5926216839693045E-5
2,362;986,-1.5915024098440616E-5
2,309;824,1.589475559959626E-5
2,174;628,-1.5863346821549273E-5
2,524;690,1.5862237071632367E-5
2,773;980,-1.5855926465975667E-5
2,230;496,1.5754523273831894E-5
2,98;899,-1.565633856939222E-5
2,289;314,-1.5605508513326523E-5
2,108;379,1.549679071919903E-5
2,298;589,1.5453317510284502E-5
2,29;451,1.5417584754858353E-5
2,218;248,1.5409445388101726E-5
2,152;264,1.5408213885660396E-5
2,326;885,1.537421238624437E-5
2,279;675,-1.5264881833352076E-5
2,57;415,1.5256714747504258E-5
2,461;661,1.5172118881637109E-5
2,167;693,1.512110020453894E-5
2,154;453,-1.5043745697362914E-5
2,184;226,-1.5040701779315505E-5
2,266;943,1.503362848617698E-5
2,177;241,1.4963629798934633E-5
2,488;837,1.48668014965313E-5
2,9;382,1.4620689483904382E-5
2,733;749,1.4590795046737034E-5
2,202;359,1.447389130127634E-5
2,357;793,1.4438638476209965E-5
2,13;211,-1.4410213267716007E-5
2,112;360,-1.440110273469325E-5
2,316;698,-1.4360516057694492E-5
2,79;526,-1.4359541768813863E-5
2,377;543,1.428939529504232E-5
2,91;528,-1.4271849740508963E-5
2,499;633,-1.4271300992357877E-5
2,406;725,1.4227317388818411E-5
2,469;918,1.4208331433087044E-5
2,332;907,1.4144693016166443E-5
2,63;661,1.4129273364518858E-5
2,622;747,-1.4111490082443209E-5
2,524;691,-1.3904242076817106E-5
2,662;880,1.3826237813211544E-5
2,454;495,-1.3740161965532309E-5
2,940;943,1.3677113924087367E-5
2,352;990,1.3606000014334665E-5
2,153;335,1.3603394283975307E-5
2,266;372,-1.3598145024143847E-5
2,720;958,-1.3572653887049451E-5
2,383;681,-1.3548474973736956E-5
2,563;933,1.3519896513660618E-5
2,190;748,-1.3420078247659437E-5
2,793;969,1.334846382978977E-5
2,423;650,1.3326149729358097E-5
2,387;722,-1.3227813983770875E-5
2,954;993,1.315959904234318E-5
2,984;993,-1.3118541711977752E-5
2,869;882,-1.3087604095086844E-5
2,270;308,1.2925849536384815E-5
2,144;866,-1.290155864771464E-5
2,286;492,-1.2895388586947387E-5
2,283;635,-1.2881990968783605E-5
2,24;393,-1.2849977851926015E-5
2,197;485,1.2792441126703164E-5
2,632;873,1.2710979778978143E-5
2,114;916,-1.2686820391174941E-5
2,577;759,-1.2618696013115466E-5
2,645;750,-1.2600789450710303E-5
2,417;655,1.258301930190403E-5
2,511;576,-1.252863954334707E-5
2,375;731,1.251009252357585E-5
2,491;599,-1.250794835092564E-5
2,463;924,-1.2490339657519542E-5
2,178;525,-1.2485097536952803E-5
2,653;792,1.2425496817685677E-5
2,973;982,1.2361482965887697E-5
2,45;950,1.2324039134588364E-5
2,740;940,1.2288623195416543E-5
2,435;452,1.2256679547983623E-5
2,465;505,1.2183510225290615E-5
2,490;509,1.2124265641384955E-5
2,272;410,-1.2103657283214109E-5
2,603;884,1.2087771379182127E-5
2,265;991,1.202341779021586E-5
2,158;910,1.2013677242133411E-5
2,141;761,1.2008491134422525E-5
2,130;143,1.198666140158866E-5
2,9;984,-1.1954768913106095E-5
2,7;166,1.1950094192666197E-5
2,573;757,1.1939734725440493E-5
2,368;616,-1.1867466032311535E-5
2,139;326,1.1794238758020186E-5
2,396;957,-1.1786294499100376E-5
2,139;885,-1.1743963102758299E-5
2,446;852,-1.1692761102685746E-5
2,801;980,-1.1547704764022448E-5
2,42;67,-1.1525689616702182E-5
2,687;860,-1.146785534764129E-5
2,275;895,1.144978179643344E-5
2,833;992,1.1445536242896973E-5
2,212;278,1.1432279896806384E-5
2,71;113,-1.142496190653379E-5
2,312;996,1.1340087798321962E-5
2,195;543,-1.1321506168011587E-5
2,36;682,-1.1252979318773463E-5
2,418;712,-1.119590764144647E-5
2,399;789,1.1147623371320456E-5
2,739;906,-1.1035083921911909E-5
2,163;735,1.100909052590815E-5
2,104;760,1.082649840386271E-5
2,394;595,1.0810879491121168E-5
2,252;710,1.0805215551270273E-5
2,836;954,1.0759217770672875E-5
2,252;477,-1.0734524061718653E-5
2,368;749,1.0684734639613309E-5
2,138;978,1.0637925695781703E-5
2,661;963,1.061145356029078E-5
2,258;982,-1.0601047058882096E-5
2,113;270,-1.049547827895353E-5
2,292;442,1.0412759578910733E-5
2,100;397,1.0369242690030395E-5
2,495;728,-1.0317092287198001E-5
2,298;449,1.0232838300394204E-5
2,290;329,1.0216531423253474E-5
2,93;255,1.0199750617200313E-5
2,607;783,1.0105010233648765E-5
2,572;828,-1.00853313207174E-5
2,111;486,1.0026300031423907E-5
2,234;749,-1.0026004131158145E-5
2,262;780,9.974004980155285E-6
2,217;317,9.949490697183039E-6
2,7;134,-9.91466794840705E-6
2,16;833,-9.788077174587462E-6
2,166;872,-9.758123931426943E-6
2,369;941,-9.548437443981235E-6
2,552;805,9.53740884578176E-6
2,133;358,-9.523511123443518E-6
2,192;193,9.405718789949252E-6
2,261;291,-9.392852788000978E-6
2,56;284,-9.266176404248553E-6
2,447;943,-9.220873499770646E-6
2,207;685,9.141823976505107E-6
2,509;912,9.02040152064891E-6
2,28;962,8.96269439705688E-6
2,159;225,8.955014234420772E-6
2,445;931,8.933539523850953E-6
2,294;754,8.927320774603482E-6
2,557;782,8.841677934465039E-6
2,156;640,8.785731324831612E-6
2,80;294,8.744642293715702E-6
2,642;975,8.70463700298485E-6
2,386;584,8.663060882564743E-6
2,592;944,8.663025513942143E-6
2,57;719,-8.661724642945762E-6
2,359;494,8.630726027674909E-6
2,242;294,8.513769962157428E-6
2,498;688,-8.507653108746182E-6
2,175;595,8.441056555935536E-6
2,810;900,8.37522827396707E-6
2,34;866,8.313364471901854E-6
2,166;441,-8.22693298650004E-6
2,107;712,-8.200164380869208E-6
2,35;856,-8.176031963816264E-6
2,524;956,-8.05644545306411E-6
2,187;895,8.00806749913352E-6
2,441;503,-7.994260003938034E-6
2,423;819,-7.965360478831229E-6
2,731;789,7.963215983749897E-6
2,282;348,7.720959642734366E-6
2,273;643,-7.705497891625404E-6
2,287;681,7.5254290916272895E-6
2,311;692,-7.3391507756128265E-6
2,572;721,7.3108955241286686E-6
2,404;530,7.199455891148565E-6
2,625;864,-7.17159068138272E-6
2,400;864,-7.1675656615292216E-6
2,418;868,-7.164768455743306E-6
2,243;276,7.1585169115808005E-6
2,888;990,7.1275391743357985E-6
2,225;246,7.125927990298431E-6
2,248;637,7.093213134525142E-6
2,403;765,7.091139101565669E-6
2,521;616,-7.007902309616079E-6
2,8;418,6.997039029886965E-6
2,86;545,-6.939483695404161E-6
2,546;989,6.897270503556347E-6
2,223;900,-6.865217442851651E-6
2,355;616,-6.702615768429205E-6
2,397;538,6.670976481817109E-6
2,222;241,6.6704481110464736E-6
2,122;697,6.64449903538221E-6
2,233;479,-6.617131687009087E-6
2,7;90,-6.573941906511991E-6
2,339;793,-6.557375654454523E-6
2,740;843,-6.551658013212045E-6
2,45;462,-6.534925693118795E-6
2,115;617,6.528089230665418E-6
2,18;714,-6.475981372090794E-6
2,419;628,-6.43031770555745E-6
2,27;532,-6.3487915850035105E-6
2,86;530,6.333057660071654E-6
2,186;337,-6.322740051353762E-6
2,660;740,-6.309171220514859E-6
2,541;930,-6.263931471876122E-6
2,176;534,6.177951206148974E-6
2,288;842,6.130002554459127E-6
2,213;331,6.066679382277798E-6
2,956;999,6.061757609483187E-6
2,191;490,-6.016606435064229E-6
2,126;768,6.014386068708369E-6
2,318;703,5.967208732314544E-6
2,272;967,5.9202579910672126E-6
2,649;705,5.906824793713822E-6
2,48;94,5.764401156723164E-6
2,670;931,-5.708569995759736E-6
2,314;739,5.706271350744432E-6
2,415;830,5.7044444857975165E-6
2,850;876,-5.623981000494632E-6
2,249;914,-5.4325666251918985E-6
2,602;886,5.381446212556707E-6
2,521;557,-5.3651060709154206E-6
2,135;768,-5.341595579209685E-6
2,315;986,-5.26829339056914E-6
2,176;485,-5.162448766968392E-6
2,307;927,-5.145250487551531E-6
2,197;984,-5.069223400505765E-6
2,520;845,5.062336597809941E-6
2,5;252,5.029395323615599E-6
2,98;485,-5.027283492709978E-6
2,15;114,-4.997041074426708E-6
2,237;268,4.935295795441177E-6
2,2;126,-4.838342099091675E-6
2,439;942,-4.82631998658091E-6
2,664;821,4.7472326021290314E-6
2,137;777,4.727350190656149E-6
2,206;767,-4.726085708941633E-6
2,251;582,4.700873723096105E-6
2,107;356,-4.690237260523519E-6
2,311;321,4.676292490213466E-6
2,457;717,4.618548779158308E-6
2,483;697,-4.508387168875444E-6
2,533;665,4.496440900148433E-6
2,497;540,-4.380701373815466E-6
2,583;969,4.34616082088031E-6
2,41;879,-4.274082801367596E-6
2,402;962,-4.270714549216403E-6
2,254;998,4.253596297602052E-6
2,512;706,-4.22318427072467E-6
2,474;650,4.203187516764531E-6
2,812;898,-4.137412740862961E-6
2,624;965,4.072849883170915E-6
2,200;761,-4.068151885613575E-6
2,216;839,-3.960934157181087E-6
2,174;347,-3.9297342429856916E-6
2,603;716,3.896510461957284E-6
2,424;514,3.749737916650453E-6
2,351;951,3.7429853576447375E-6
2,66;187,3.728425443048425E-6
2,235;434,3.7087184624725186E-6
2,538;938,3.6749273544947613E-6
2,524;991,3.5780995894117154E-6
2,330;783,-3.553553917923974E-6
2,52;68,-3.5495442083753744E-6
2,362;403,-3.5428345513086464E-6
2,197;479,3.46184620353282E-6
2,76;885,-3.3221615045806176E-6
2,64;326,3.29745678021566E-6
2,524;960,3.296707158319978E-6
2,102;565,3.259913001995879E-6
2,389;973,3.2038676723981364E-6
2,67;223,-3.1204883124774652E-6
2,764;823,-3.1081651838164442E-6
2,906;914,3.081059186921295E-6
2,701;827,3.076407254299626E-6
2,102;384,2.9797258853412194E-6
2,803;952,2.8994076204986176E-6
2,351;809,-2.8688084875650167E-6
2,827;971,2.7871409632732465E-6
2,54;600,2.7690265953048134E-6
2,90;192,2.747472388327274E-6
2,389;884,-2.7356584765634294E-6
2,156;800,2.6786377338372523E-6
2,323;402,-2.6683051244459496E-6
2,79;206,-2.6145817580298935E-6
2,243;980,-2.5848277183559006E-6
2,844;900,-2.572024423628777E-6
2,78;688,-2.549970719187111E-6
2,207;730,-2.5084229274824342E-6
2,41;387,-2.499645773953535E-6
2,362;679,2.4191776540021804E-6
2,524;743,2.3667951288854904E-6
2,45;490,-2.2463352185221747E-6
2,42;812,2.219225670130817E-6
2,374;412,2.2159219876389526E-6
2,977;988,-2.1583630594903816E-6
2,445;903,2.134303125738979E-6
2,844;934,2.1071727191793873E-6
2,975;988,2.072199754499099E-6
2,591;894,2.0424332110777767E-6
2,592;785,1.987670332511654E-6
2,829;833,1.985976115094615E-6
2,55;491,-1.931729664154738E-6
2,251;267,1.7067223168363705E-6
2,334;653,1.6855296044494817E-6
2,76;101,-1.6782669641346172E-6
2,242;508,1.5633934405663574E-6
2,139;155,1.5234612849537033E-6
2,71;923,-1.5150614721863853E-6
2,146;986,1.497494478805081E-6
2,393;516,-1.4008958832827517E-6
2,24;751,-1.2703342447229204E-6
2,642;988,-1.2296459597365417E-6
2,601;817,-1.2026906812993843E-6
2,562;626,1.1985028648344442E-6
2,83;586,1.1710080402333873E-6
2,606;786,1.153489051409634E-6
2,19;885,1.1470150676001213E-6
2,452;723,1.1438271687273794E-6
2,148;558,-1.0666659593500522E-6
2,116;891,1.0490282795087568E-6
2,319;570,-1.028483759772228E-6
2,188;775,9.54019879035692E-7
2,56;184,9.149902787056047E-7
2,233;759,9.071190291708164E-7
2,621;888,8.803733869740538E-7
2,82;711,-8.771839424673994E-7
2,213;271,8.112239951663658E-7
2,737;750,-7.070637078312736E-7
2,53;310,6.956942421525725E-7
2,77;411,-6.908781819503773E-7
2,699;739,6.628853215246422E-7
2,636;830,6.593765494915804E-7
2,612;976,6.473199170914934E-7
2,216;273,-5.605814299439599E-7
2,266;741,-5.452292116209511E-7
2,555;676,-4.505760639002682E-7
2,219;591,-4.012567598128819E-7
2,275;780,3.749719441923788E-7
2,250;312,3.400403630887394E-7
2,646;889,-3.3292913117768944E-7
2,41;482,-2.5098839450556077E-7
2,950;983,2.45495259207959E-7
2,236;494,2.2996260418683966E-7
2,420;791,-1.6684095673343003E-7
2,664;667,-9.840881613773501E-8
2,478;616,3.756185751048469E-8
2,625;692,-4.0000629775299725E-9
3,458;741;800,-3.298708443107902E-4
3,332;781;907,-3.2784670097731874E-4
3,156;640;800,-3.109492187631439E-4
3,250;429;809,-2.8857938480110517E-4
3,17;565;616,-2.862888494975304E-4
3,510;676;829,-2.7921790996026795E-4
3,293;857;936,-2.733810558299878E-4
3,243;373;860,2.7196692085385764E-4
3,680;825;882,2.696663553408303E-4
3,81;455;498,-2.68827925721406E-4
3,275;680;780,-2.6515600951935027E-4
3,288;402;544,2.595042104917205E-4
3,159;257;500,-2.580113286870437E-4
3,17;270;394,2.55715708139911E-4
3,453;704;744,-2.516913937466634E-4
3,588;716;986,-2.4834544060287625E-4
3,513;854;905,2.4354041370471408E-4
3,39;442;460,2.404843573920046E-4
3,52;564;947,2.3669881671945409E-4
3,150;622;747,2.3605554943271896E-4
3,699;741;854,-2.3410359471635265E-4
3,253;542;627,2.3360028665783206E-4
3,512;749;840,-2.3216778270185358E-4
3,351;404;530,2.3071868985780956E-4
3,350;488;837,2.292362021638308E-4
3,779;801;809,-2.2909850415883342E-4
3,663;786;916,-2.2893368364452677E-4
3,592;647;944,2.2874856691531339E-4
3,218;248;924,-2.2502778496131682E-4
3,155;190;594,2.2495885946868623E-4
3,440;568;896,-2.2360248396018358E-4
3,102;367;526,2.2189261445437097E-4
3,69;263;395,-2.2175933397944976E-4
3,4;129;522,-2.17774186764358E-4
3,130;143;684,2.1744988584544768E-4
3,304;349;412,2.151561256210982E-4
3,31;225;308,2.1440852116860816E-4
3,121;466;481,-2.1395831631674262E-4
3,258;517;790,-2.112630202196789E-4
3,68;481;654,-2.093243715982465E-4
3,155;339;793,2.0895327384557404E-4
3,147;376;911,-2.0786421007626082E-4
3,51;115;813,2.0758343523778622E-4
3,71;113;746,2.0750449368680418E-4
3,189;347;364,2.0671089461625386E-4
3,150;509;818,-2.0630201453773194E-4
3,145;470;954,-2.0544523684788422E-4
3,441;503;995,-2.0393683560387515E-4
3,137;192;777,2.037101284917473E-4
3,170;601;948,-2.0305391643453053E-4
3,5;121;252,-2.017589416569367E-4
3,606;739;786,-2.0072267303468657E-4
3,18;714;729,-2.001142291281751E-4
3,88;140;296,1.9966236011505347E-4
3,98;377;591,-1.9916416214743002E-4
3,16;278;452,1.9544805290200496E-4
3,743;810;870,1.9163978848149644E-4
3,186;337;939,-1.9121118326849272E-4
3,10;266;947,-1.909597369627353E-4
3,242;294;858,-1.9029839141255765E-4
3,228;362;624,1.8773699660255038E-4
3,403;774;799,-1.8700836321831595E-4
3,259;325;999,-1.8600971986871032E-4
3,185;740;950,-1.8481166279791424E-4
3,126;181;317,-1.837717625013288E-4
3,15;127;170,1.8280800862539905E-4
3,115;418;746,1.806876348458527E-4
3,152;257;566,1.8058797761425033E-4
3,137;185;245,1.8024064650098027E-4
3,375;731;742,1.8003343061011694E-4
3,2;658;998,-1.7964809842542506E-4
3,378;984;993,1.7715901162947608E-4
3,32;39;794,1.7682152170267777E-4
3,160;687;794,-1.762735914602424E-4
3,742;858;982,-1.7605444478668804E-4
3,670;672;931,-1.7570140821931968E-4
3,71;525;741,1.7540420194505363E-4
3,138;537;902,1.753082007444755E-4
3,445;903;931,1.7492621660251462E-4
3,620;701;827,-1.731927714349665E-4
3,42;307;703,1.731646147166691E-4
3,47;144;814,1.7277864387136102E-4
3,524;690;691,1.7199526914569107E-4
3,610;754;834,1.7174579755914444E-4
3,7;625;791,-1.7140810188241872E-4
3,130;299;756,1.7121026480910513E-4
3,383;620;794,1.7112960766544886E-4
3,477;906;914,1.7026187759960326E-4
3,3;722;777,1.6971550882870912E-4
3,177;331;853,1.693415020268681E-4
3,85;404;557,1.6841959736222422E-4
3,318;703;957,1.677600383067019E-4
3,51;591;894,-1.676802312437833E-4
3,632;709;873,1.6720522776199708E-4
3,178;525;532,1.6663682596629336E-4
3,344;559;931,1.664897117815729E-4
3,619;772;908,1.6647004401286044E-4
3,221;604;873,1.661489490167989E-4
3,577;760;783,1.6580737938532352E-4
3,172;622;859,1.6526977400645982E-4
3,184;226;639,-1.6487606269051825E-4
3,140;173;811,-1.6434434823153041E-4
3,289;763;874,-1.6400965062814487E-4
3,612;859;976,1.6279742408291847E-4
3,389;884;973,1.6157241703995643E-4
3,197;342;485,-1.6146596089144984E-4
3,459;597;711,1.61200648819743E-4
3,154;382;406,-1.6083394352317076E-4
3,342;377;924,1.6052646402370862E-4
3,139;155;714,-1.6003088977966566E-4
3,233;427;479,1.594479798837541E-4
3,338;401;708,-1.5934681227971188E-4
3,369;560;968,1.5928941171085092E-4
3,438;450;727,-1.5903862869101599E-4
3,196;363;514,-1.5900255024272442E-4
3,215;304;749,1.589086239518759E-4
3,196;470;979,1.5870025531705256E-4
3,42;584;989,-1.5867784701734854E-4
3,65;316;718,1.5827378651524056E-4
3,7;134;166,1.5777032531320278E-4
3,190;329;960,-1.5745326556840123E-4
3,159;225;851,-1.5732538902004674E-4
3,440;817;867,1.5730301456824138E-4
3,219;559;848,1.568087272809327E-4
3,261;708;827,-1.5663932079113652E-4
3,259;415;955,1.565852748313908E-4
3,131;394;546,1.5611382698715325E-4
3,79;536;634,-1.53977408449591E-4
3,606;678;919,1.5345360567086487E-4
3,229;234;665,1.5340938597580253E-4
3,10;158;910,1.5298774213618743E-4
3,51;109;547,-1.5247599212230223E-4
3,653;977;988,1.5228572120212091E-4
3,219;417;755,1.519718442938809E-4
3,300;431;522,-1.5176032291075166E-4
3,471;726;875,1.510127018183212E-4
3,127;341;562,-1.5027565729335772E-4
3,198;206;327,1.4986660503898253E-4
3,208;489;947,-1.4831439395334345E-4
3,234;272;410,-1.4825890459517927E-4
3,555;698;852,-1.4718806562066111E-4
3,201;218;324,1.4704430969343833E-4
3,478;511;576,1.469497899166784E-4
3,21;916;998,-1.4675982908213093E-4
3,5;330;426,-1.4622723835802737E-4
3,75;295;546,1.4619193377377827E-4
3,8;418;688,1.4606865586507428E-4
3,159;174;183,-1.4541484774549827E-4
3,319;476;570,-1.453111922288793E-4
3,265;623;869,-1.449288286397587E-4
3,580;667;938,-1.4464292821148803E-4
3,123;249;684,-1.440981119926565E-4
3,43;205;841,1.4394088887962554E-4
3,249;741;914,-1.4350547076756497E-4
3,134;475;598,1.4346981134258732E-4
3,266;301;729,1.4272928534601415E-4
3,5;439;723,-1.4238314905079042E-4
3,3;92;400,-1.422447002331681E-4
3,80;352;801,-1.422073864998365E-4
3,151;803;805,-1.4208031830886578E-4
3,10;283;731,1.4117171942191442E-4
3,102;384;416,-1.4113266308727083E-4
3,401;607;783,-1.4074610943672544E-4
3,83;112;876,1.3981026443583085E-4
3,10;420;822,1.3930733842911625E-4
3,195;288;543,1.391913185170783E-4
3,239;287;681,1.3916037761057767E-4
3,495;728;949,1.3898098369723654E-4
3,368;616;749,1.3857249183136494E-4
3,234;681;749,-1.3843304604668955E-4
3,431;847;936,-1.380665224909206E-4
3,417;655;793,-1.3749053870123023E-4
3,195;649;705,1.3707480880957319E-4
3,444;763;913,1.366302718864079E-4
3,144;602;801,-1.3620599620848634E-4
3,247;403;765,1.3575522455128947E-4
3,504;529;561,1.3567852986114937E-4
3,42;67;492,1.344067085499451E-4
3,234;690;976,-1.343826494942855E-4
3,86;194;545,-1.341371363756359E-4
3,155;642;914,-1.3410634228357764E-4
3,433;620;712,-1.3393849000153184E-4
3,101;740;940,1.3385923542403826E-4
3,446;835;852,-1.3381824491385565E-4
3,73;184;914,-1.333761959467988E-4
3,102;235;787,-1.3321013694667655E-4
3,561;615;724,-1.3304515880711764E-4
3,171;580;890,1.3303680035431066E-4
3,89;812;981,-1.3233685096571506E-4
3,474;650;880,-1.3217743934486605E-4
3,36;682;798,-1.320498764779033E-4
3,35;454;495,1.3190198640215039E-4
3,727;829;833,1.3185703947030914E-4
3,603;716;941,-1.3183708545213763E-4
3,356;381;734,1.3175276074432556E-4
3,631;807;941,-1.3162391253266964E-4
3,114;879;916,1.312070964286741E-4
3,418;545;612,1.3113012357997725E-4
3,252;477;710,-1.3102021029235273E-4
3,5;157;333,1.308868291205551E-4
3,102;226;565,1.3012744502224126E-4
3,266;447;943,1.2955824636266822E-4
3,103;145;165,-1.2915393109039919E-4
3,47;731;789,1.2909791361273527E-4
3,229;950;983,-1.2875727339729592E-4
3,131;414;722,-1.2862934333759274E-4
3,163;332;340,1.2855225583800715E-4
3,119;143;302,1.2842025117191735E-4
3,136;552;731,1.2828092331590034E-4
3,114;656;695,1.2815661984351786E-4
3,182;189;876,1.2798028843147053E-4
3,315;453;784,1.2758118683519937E-4
3,176;333;744,-1.2678167066816664E-4
3,14;117;640,1.26585154087739E-4
3,96;365;441,-1.2648855198283857E-4
3,105;305;638,-1.264323710551085E-4
3,202;350;359,-1.2622706844960796E-4
3,46;283;635,-1.2598706342036836E-4
3,610;706;898,1.2550909055854075E-4
3,405;716;992,1.2545146682006056E-4
3,19;76;885,-1.2540722291300353E-4
3,194;324;820,-1.2540400669030642E-4
3,338;475;884,-1.249963899690502E-4
3,631;816;883,-1.2485391893416625E-4
3,209;651;918,1.2456558216359222E-4
3,401;523;850,1.24070676379952E-4
3,143;655;858,1.2379711793079749E-4
3,202;263;373,-1.2339769572606343E-4
3,556;561;847,1.2338058514991314E-4
3,85;86;600,1.2307786217542396E-4
3,718;743;770,-1.2303498754961397E-4
3,513;537;787,1.2279084384718078E-4
3,214;624;753,1.2270210135486022E-4
3,215;220;399,-1.2252529811133836E-4
3,164;511;776,1.2212246793650108E-4
3,174;582;694,1.2191318247303847E-4
3,399;602;789,-1.2185398061349538E-4
3,99;552;805,-1.210862929355338E-4
3,551;607;700,-1.2085908985690206E-4
3,44;342;785,1.204860181745236E-4
3,227;431;958,1.1953283925376115E-4
3,63;458;612,-1.1948603323558772E-4
3,24;462;751,-1.1933075611520755E-4
3,491;599;767,1.1906615555917542E-4
3,33;332;383,1.1795039617351171E-4
3,62;587;956,-1.177543945627497E-4
3,469;748;918,1.1743046841254855E-4
3,54;56;361,1.171950855077988E-4
3,44;150;533,1.1693924868057427E-4
3,472;616;880,-1.1664137268542971E-4
3,146;362;986,1.1634498640292761E-4
3,221;238;554,1.161464710552945E-4
3,131;367;444,-1.1600204704863839E-4
3,388;653;792,1.1569540111962087E-4
3,138;454;916,1.1557395317541962E-4
3,126;590;768,-1.1521067669147959E-4
3,374;379;686,1.1519962575622386E-4
3,603;751;884,-1.1503565738687795E-4
3,236;264;884,1.148944386809347E-4
3,120;367;400,-1.1415915806617921E-4
3,24;393;957,-1.1403246559742266E-4
3,15;299;390,-1.1386614568039385E-4
3,11;809;860,-1.1372559696541146E-4
3,389;519;584,-1.137002257111845E-4
3,154;246;414,-1.1355083955452789E-4
3,148;607;806,1.134201785666194E-4
3,420;546;989,-1.1336198006655901E-4
3,597;636;994,-1.1335368987281955E-4
3,67;190;748,1.1323012324474987E-4
3,410;926;937,1.1318689197739852E-4
3,307;365;720,-1.1306425319599381E-4
3,220;383;763,-1.1296894254346048E-4
3,488;813;842,-1.127328807236099E-4
3,168;290;443,1.1202695826391975E-4
3,242;271;508,1.116842946267369E-4
3,297;616;676,-1.1166985857973593E-4
3,290;473;864,-1.1128249952721414E-4
3,316;698;709,-1.1126396653408689E-4
3,349;647;831,-1.1119371282842448E-4
3,303;597;894,-1.1094940051629061E-4
3,642;975;988,-1.1070366409851804E-4
3,201;352;989,1.1039185318625314E-4
3,378;521;616,-1.1007866082492581E-4
3,180;245;793,1.098520756268744E-4
3,40;365;486,1.0984185262979178E-4
3,80;81;883,1.0976642258196358E-4
3,521;557;828,1.0974493059539078E-4
3,56;141;142,-1.0955757570335576E-4
3,171;460;776,1.0952141817039852E-4
3,258;586;982,-1.0941611680780244E-4
3,287;413;638,-1.0930505558457438E-4
3,480;638;679,-1.0910589291222663E-4
3,111;240;945,1.0878962201166207E-4
3,228;331;458,1.0835703270841834E-4
3,83;130;189,1.0832973784415144E-4
3,135;606;768,-1.0774273100265932E-4
3,276;299;434,1.0768818223703394E-4
3,383;583;681,1.0708471004955982E-4
3,400;698;747,1.0693215600132182E-4
3,137;793;893,-1.0682038251610123E-4
3,724;759;857,-1.0629373106307064E-4
3,168;404;754,-1.0607392268274707E-4
3,140;568;747,1.0607042471059789E-4
3,89;329;479,1.0603766984807652E-4
3,273;646;927,1.0533247532803748E-4
3,140;280;795,-1.053099501346343E-4
3,191;348;423,1.0529446829254444E-4
3,94;316;775,-1.0493254866659836E-4
3,117;156;907,1.0468469374276909E-4
3,169;212;628,-1.0463836996289106E-4
3,357;793;969,-1.0463547698570269E-4
3,685;714;929,-1.0441843745845365E-4
3,68;270;782,1.0422119622060476E-4
3,118;132;281,-1.04195249964263E-4
3,274;332;371,-1.040104399320555E-4
3,290;329;984,1.038946812974673E-4
3,285;582;788,-1.0385232182419813E-4
3,18;657;923,1.037935915121781E-4
3,381;426;764,1.0373195215098956E-4
3,76;647;673,-1.0371732478379182E-4
3,464;480;814,1.0365664472974855E-4
3,557;782;829,1.0361910078458013E-4
3,60;238;913,1.034504371078006E-4
3,413;913;995,1.0339818323136372E-4
3,334;464;653,1.0300927870648864E-4
3,647;869;908,1.0244444502870032E-4
3,423;431;819,-1.0243198911011476E-4
3,220;514;533,-1.0200266825538224E-4
3,429;737;750,1.0199629126066008E-4
3,463;571;839,1.0191665396724385E-4
3,243;485;629,1.0157856238117213E-4
3,314;371;841,-1.0119117473657135E-4
3,351;501;626,-1.0090903641220214E-4
3,191;490;835,-1.0047513608978591E-4
3,5;154;501,1.0036187414753624E-4
3,234;467;632,9.999818384341991E-5
3,380;636;777,-9.927378307136282E-5
3,152;264;876,-9.888284578237279E-5
3,360;567;921,-9.856745199451909E-5
3,57;490;799,-9.84141787671145E-5
3,2;126;547,9.838338046314508E-5
3,254;465;505,9.811327369050373E-5
3,61;397;961,-9.789458436514943E-5
3,255;544;838,-9.74353471849731E-5
3,296;325;395,-9.741677527051442E-5
3,153;678;831,9.740805473252262E-5
3,93;833;992,-9.734931348373015E-5
3,154;695;835,-9.718898501640075E-5
3,892;897;925,9.709389310552526E-5
3,250;305;946,-9.681252755301076E-5
3,22;642;856,-9.629875815628636E-5
3,219;445;591,-9.60386849095367E-5
3,243;830;980,9.593888817001041E-5
3,31;255;456,9.586249943613879E-5
3,37;389;899,-9.547908202380727E-5
3,664;667;949,-9.54028618464373E-5
3,53;177;241,-9.526100783026737E-5
3,172;648;665,9.513815443222483E-5
3,631;705;880,-9.46570031044537E-5
3,292;442;760,-9.435157401008433E-5
3,219;316;517,9.376519916229379E-5
3,32;887;934,9.373962404532626E-5
3,668;740;843,9.351432861549786E-5
3,574;623;932,9.317518429854663E-5
3,244;260;482,9.257030538605408E-5
3,255;479;505,9.251867550302106E-5
3,664;821;884,-9.238556518743482E-5
3,217;270;475,-9.225903612964417E-5
3,394;563;595,-9.19526725416904E-5
3,212;278;774,-9.190544297067712E-5
3,593;927;967,9.178930434979855E-5
3,115;617;696,-9.170386243599436E-5
3,91;528;929,-9.147485216012499E-5
3,524;743;960,-9.14296009230129E-5
3,113;300;343,9.131298471357467E-5
3,100;213;518,9.125916136037903E-5
3,84;108;609,-9.116591605932609E-5
3,39;509;912,-9.105535762793625E-5
3,62;225;813,9.104178534528693E-5
3,107;329;712,-9.097759421218893E-5
3,100;147;249,-9.092469017071901E-5
3,49;781;870,9.041994692178177E-5
3,233;759;991,9.013036492188547E-5
3,510;946;974,9.004911998173152E-5
3,332;658;887,-8.984111730224971E-5
3,180;298;449,-8.982264147814756E-5
3,29;279;675,8.967232360530113E-5
3,376;466;672,-8.9625904620498E-5
3,250;312;996,-8.910895667065169E-5
3,492;645;750,8.885161322573917E-5
3,660;740;837,8.878609642553356E-5
3,691;812;844,8.839546373534691E-5
3,0;577;742,8.790129830974852E-5
3,266;679;739,-8.78682645481054E-5
3,25;601;815,8.775048556845363E-5
3,444;929;953,-8.768960512089054E-5
3,30;215;560,-8.756436904657083E-5
3,571;768;953,-8.753936520179516E-5
3,193;745;934,-8.739022736938375E-5
3,149;256;980,-8.721571219457844E-5
3,214;421;912,-8.694158834543493E-5
3,156;592;716,-8.674841531216295E-5
3,145;495;963,-8.656177262020185E-5
3,310;928;962,-8.649368906351817E-5
3,107;340;356,-8.628560168191626E-5
3,64;313;587,-8.626132912249124E-5
3,215;286;359,8.624642809777767E-5
3,77;166;441,-8.614262309520301E-5
3,71;594;923,8.582959852515567E-5
3,52;515;996,-8.576392133214304E-5
3,812;898;934,8.558936661933595E-5
3,119;266;741,8.554917557715194E-5
3,221;678;686,-8.522691464713336E-5
3,87;551;560,8.460140454432082E-5
3,105;121;474,-8.455940906744802E-5
3,331;659;877,8.425558351453316E-5
3,174;347;903,8.397987654348522E-5
3,206;756;904,8.371661851504048E-5
3,197;207;626,8.359868633346537E-5
3,82;711;895,8.324392457972928E-5
3,37;394;498,8.323175497441703E-5
3,359;494;944,-8.299363893211388E-5
3,667;844;934,-8.276263919354529E-5
3,699;739;906,8.270376570099317E-5
3,194;539;902,-8.269178678867825E-5
3,373;532;619,-8.258683864990722E-5
3,55;231;413,8.236696307398906E-5
3,225;238;246,8.215127944662512E-5
3,147;522;584,8.197866054122115E-5
3,181;865;983,-8.174385727410815E-5
3,387;415;832,-8.169292962667049E-5
3,476;956;999,-8.166821376938637E-5
3,315;625;864,8.163594924198784E-5
3,138;842;978,-8.148446002537663E-5
3,588;710;999,-8.145968652231496E-5
3,313;450;629,8.133962022952959E-5
3,95;104;327,8.120533871521742E-5
3,265;964;991,-8.110453985841227E-5
3,140;585;972,-8.073261606819183E-5
3,188;231;446,8.07293880958246E-5
3,345;399;718,-8.0531516852365E-5
3,13;878;914,-8.030326905696305E-5
3,216;374;412,-8.006179694757773E-5
3,517;616;805,-7.996527111102057E-5
3,45;490;950,7.993806204641215E-5
3,9;80;93,7.991892668190286E-5
3,60;796;914,-7.984028841066996E-5
3,207;669;971,7.911773627933989E-5
3,482;527;935,-7.908069044217974E-5
3,12;970;980,7.891767442505483E-5
3,188;593;744,-7.884734880644813E-5
3,164;174;628,7.876508558531035E-5
3,70;104;154,7.860591790959882E-5
3,250;270;667,-7.85648421976103E-5
3,480;483;657,7.774013405297129E-5
3,562;642;918,-7.756321802572359E-5
3,223;386;448,7.743992896903057E-5
3,204;408;715,7.686178828150154E-5
3,349;369;941,-7.659067461677338E-5
3,145;541;930,7.624106668857083E-5
3,427;563;933,-7.613189109268181E-5
3,424;514;691,-7.581370449982919E-5
3,237;490;807,7.57416101102057E-5
3,454;557;922,-7.540892701843647E-5
3,34;129;866,7.531634765514008E-5
3,324;791;937,7.522562609753239E-5
3,503;614;637,7.521815758562602E-5
3,244;390;723,7.4950972853223E-5
3,174;782;960,7.493767179313866E-5
3,733;749;916,7.489608823530004E-5
3,74;147;600,-7.48064978576059E-5
3,93;125;991,7.477578027943144E-5
3,41;617;758,7.475814546749138E-5
3,70;92;964,-7.468709270854936E-5
3,389;507;783,-7.455965190032841E-5
3,583;731;969,7.453044943568095E-5
3,164;181;369,7.403567224756162E-5
3,57;300;719,-7.392259472683633E-5
3,13;573;757,7.349739973672953E-5
3,72;76;101,-7.317102529884462E-5
3,176;485;534,-7.308526074083937E-5
3,330;494;594,7.284241797309128E-5
3,563;572;721,-7.279838168910714E-5
3,307;748;927,-7.265921654644834E-5
3,218;313;334,-7.250736010858296E-5
3,609;888;990,7.245544098201415E-5
3,40;555;676,7.194557362492773E-5
3,19;469;479,-7.191633271069532E-5
3,48;100;309,7.165884046831322E-5
3,41;387;722,7.162874808186998E-5
3,217;317;455,7.128983924808155E-5
3,65;100;397,-7.12393581668063E-5
3,0;750;753,7.100404173040956E-5
3,885;904;962,-7.088607973917953E-5
3,330;567;572,-7.069455264841444E-5
3,108;239;845,7.065914991390235E-5
3,316;687;889,7.030415185941573E-5
3,538;769;773,7.010003490740182E-5
3,115;217;315,6.990471667822782E-5
3,801;976;980,-6.977314591854227E-5
3,38;99;110,6.953505883852878E-5
3,360;444;618,-6.952364772377694E-5
3,474;598;775,-6.914877673325537E-5
3,19;464;725,6.913561711089447E-5
3,224;400;864,-6.901602608188705E-5
3,200;761;850,-6.881667774103487E-5
3,295;298;830,6.879218550123535E-5
3,161;239;488,-6.872985062367486E-5
3,177;390;704,-6.858373957712227E-5
3,543;931;932,6.857627748106706E-5
3,289;314;739,-6.832881236319772E-5
3,482;548;626,-6.776000033269011E-5
3,35;551;856,6.774475027649819E-5
3,42;326;812,6.764301629533938E-5
3,339;796;915,-6.763713289823322E-5
3,206;626;925,-6.763450848671237E-5
3,256;821;987,-6.738399597198308E-5
3,207;570;730,6.716458758709759E-5
3,836;954;993,6.700667331896132E-5
3,437;727;990,-6.694561560289244E-5
3,371;847;935,6.68992852288632E-5
3,785;850;876,-6.675788463316338E-5
3,48;94;889,6.662307059941548E-5
3,345;450;928,-6.625245886321185E-5
3,199;470;695,-6.624829093428211E-5
3,574;834;958,6.622830131513273E-5
3,312;744;904,-6.595711547750487E-5
3,444;707;800,6.582622264661356E-5
3,729;869;875,6.580335087175829E-5
3,235;434;504,6.576600714114903E-5
3,184;755;815,-6.560312978418068E-5
3,60;434;863,-6.555082708485767E-5
3,282;347;412,-6.545174877392098E-5
3,450;525;552,6.50886224206899E-5
3,636;881;932,-6.470617938604439E-5
3,328;507;724,6.460713461972026E-5
3,104;147;869,-6.4520546397745E-5
3,531;902;913,6.448796627233501E-5
3,24;536;773,-6.447103889506974E-5
3,253;280;418,-6.442097657741152E-5
3,23;97;748,-6.427466602380454E-5
3,535;713;945,6.393669173110425E-5
3,385;608;657,-6.39273096018343E-5
3,64;326;796,-6.392310295804223E-5
3,501;827;971,6.390659714054871E-5
3,104;106;485,6.350782947555258E-5
3,79;206;767,6.345858368435209E-5
3,354;386;584,-6.334372327928775E-5
3,405;764;823,-6.332220952234301E-5
3,515;665;699,-6.32023484883465E-5
3,665;700;799,6.30609238545779E-5
3,230;496;960,6.302088175395443E-5
3,315;617;986,6.299345453032188E-5
3,540;714;915,-6.291716293569259E-5
3,273;520;581,-6.269680385127845E-5
3,205;629;645,-6.267025722974504E-5
3,155;391;894,6.263474872532582E-5
3,407;751;906,6.209297236033074E-5
3,80;353;935,6.200157485304164E-5
3,88;667;956,-6.15884892524919E-5
3,112;275;883,-6.145877340632755E-5
3,425;517;633,6.123088326305672E-5
3,90;192;711,6.112715266663975E-5
3,329;414;743,6.1087434745925E-5
3,50;272;680,-6.10490662891628E-5
3,1;446;804,6.1010648200962165E-5
3,33;157;654,6.081635859197897E-5
3,77;411;585,-6.061385171750924E-5
3,513;612;846,6.040570519297652E-5
3,99;501;994,6.012492107445125E-5
3,42;175;502,5.9800619419005356E-5
3,484;508;716,5.963372410519553E-5
3,56;506;973,-5.9632441624529576E-5
3,166;234;872,5.892796237534803E-5
3,57;184;382,5.8692205297989674E-5
3,305;356;716,5.849886513312283E-5
3,720;870;958,5.838360962266098E-5
3,316;787;890,5.827193111561388E-5
3,256;426;987,5.825839729730899E-5
3,515;591;966,5.771009488966172E-5
3,86;228;530,5.742109403007843E-5
3,240;973;982,5.7311592690317785E-5
3,266;271;721,-5.711793124337636E-5
3,39;268;887,-5.6986772253742866E-5
3,182;187;942,-5.68755031093629E-5
3,562;626;926,5.6864846739770906E-5
3,149;223;596,-5.660034041668599E-5
3,478;616;821,-5.649554209086551E-5
3,315;869;882,-5.6372170261966765E-5
3,104;760;947,5.625801785490492E-5
3,69;188;613,5.6141620420328315E-5
3,163;563;884,-5.6096295504185296E-5
3,61;285;839,-5.5938446341959634E-5
3,175;286;595,5.5814231403098504E-5
3,46;243;827,5.571441623274483E-5
3,334;541;802,-5.570154612849106E-5
3,577;652;865,5.525392021622414E-5
3,448;457;696,5.51022375674021E-5
3,339;542;983,-5.5070573447348295E-5
3,145;281;693,5.496574576457189E-5
3,201;262;780,-5.495547011800687E-5
3,423;497;655,5.4815743714937484E-5
3,226;249;660,5.4770077116992804E-5
3,19;124;747,-5.468125888636673E-5
3,671;801;999,5.451119121874756E-5
3,910;913;954,5.431410714904897E-5
3,182;621;688,-5.405172290755342E-5
3,577;759;920,5.40214964534609E-5
3,352;371;697,-5.388826569134631E-5
3,70;646;889,5.387335730208161E-5
3,435;452;604,5.375994044395832E-5
3,421;788;975,-5.356611944156314E-5
3,63;335;891,-5.355120466487487E-5
3,223;392;900,-5.3479133567634316E-5
3,637;734;752,-5.331605317031808E-5
3,197;402;962,-5.319618508026361E-5
3,59;475;510,-5.311725619859228E-5
3,311;625;692,5.2957312261149346E-5
3,12;540;861,5.282215441813687E-5
3,161;174;676,-5.278710238555042E-5
3,198;212;465,-5.2779604487599954E-5
3,506;524;761,-5.277844512963706E-5
3,129;515;759,5.240593407741692E-5
3,187;275;895,-5.234894549454342E-5
3,538;625;988,-5.227242659086008E-5
3,328;766;914,5.194442959385789E-5
3,163;325;843,5.164477561370874E-5
3,355;616;721,5.1563423983921E-5
3,118;242;778,5.133629022808833E-5
3,84;938;986,-5.126492769620733E-5
3,357;937;946,5.090003516150154E-5
3,107;269;717,5.0406946663673224E-5
3,114;940;943,-5.031341959420681E-5
3,197;365;479,5.022564698908905E-5
3,121;347;643,5.002813316666359E-5
3,16;568;833,-4.989934886797022E-5
3,441;734;921,-4.979921268021619E-5
3,138;871;883,4.978582954628061E-5
3,188;775;823,4.966798248065422E-5
3,151;472;581,-4.954990128475501E-5
3,373;536;936,4.9504915277622925E-5
3,43;504;910,-4.9189013099610114E-5
3,501;693;776,4.9152633272711566E-5
3,155;171;261,4.881879597809629E-5
3,247;355;530,4.870968461738851E-5
3,147;481;504,4.8399291612081645E-5
3,516;597;734,4.823570959302809E-5
3,153;255;709,4.820522098014121E-5
3,9;186;988,4.7740147439835196E-5
3,133;575;584,-4.7630611862458164E-5
3,181;713;854,-4.76016982421051E-5
3,238;442;996,-4.7333263649950026E-5
3,216;590;926,-4.730895373784656E-5
3,41;118;729,-4.7298245113754326E-5
3,245;461;661,-4.6871480863743266E-5
3,8;294;757,4.683595686983387E-5
3,443;594;907,4.6550278383565765E-5
3,167;277;693,4.6394660043606654E-5
3,190;304;580,4.6386344214028557E-5
3,103;566;998,4.6178459901517975E-5
3,882;968;995,4.6101234723220045E-5
3,83;586;620,4.588069398423318E-5
3,53;310;978,4.576655068378438E-5
3,15;405;583,4.56940090978898E-5
3,320;432;897,4.568712255792566E-5
3,237;365;572,-4.568161861350223E-5
3,237;268;737,4.555084130428644E-5
3,553;785;790,-4.5321161128836356E-5
3,335;601;817,-4.521222910701245E-5
3,227;436;481,-4.515128321192798E-5
3,195;481;689,4.495185357251559E-5
3,113;270;603,4.451483291549152E-5
3,104;265;776,-4.446536144154929E-5
3,19;71;942,-4.4264214129560886E-5
3,93;255;322,4.41610997776296E-5
3,255;362;679,4.3979901694963243E-5
3,18;61;610,4.396255909206454E-5
3,213;271;645,4.395780157022722E-5
3,184;320;578,4.3901003229145655E-5
3,606;841;893,-4.389100186640546E-5
3,4;179;303,-4.381889208819566E-5
3,442;812;902,-4.3812060320314526E-5
3,366;565;971,-4.381060005586453E-5
3,63;661;781,-4.374435334279142E-5
3,385;570;734,-4.3406648688583003E-5
3,60;222;241,4.315076502710879E-5
3,475;490;509,-4.262353140899032E-5
3,143;726;862,-4.2446973641077884E-5
3,254;548;998,-4.241505273408615E-5
3,379;571;634,-4.235751836204904E-5
3,450;610;798,-4.22695570849987E-5
3,6;579;788,4.226159795358723E-5
3,358;487;823,4.2259998903822305E-5
3,68;687;860,-4.201739830476832E-5
3,86;209;588,4.167007097988478E-5
3,2;96;577,-4.1557237663706615E-5
3,153;359;387,-4.145844533755484E-5
3,317;443;855,4.1360851079308425E-5
3,535;682;892,4.123203741358966E-5
3,156;185;666,4.112868062811775E-5
3,465;542;738,-4.101960270148006E-5
3,122;550;589,-4.084811429250958E-5
3,78;538;688,-4.065060022016942E-5
3,192;378;546,4.056955825228989E-5
3,599;656;907,4.0557727666014105E-5
3,170;252;278,4.0551744886596684E-5
3,87;348;989,-4.052502656979083E-5
3,39;213;814,-4.042757908746099E-5
3,300;301;957,4.034343034466423E-5
3,110;227;415,4.028229529591744E-5
3,237;385;655,4.02393493351354E-5
3,497;540;646,-4.018630409267698E-5
3,169;793;938,4.017638959787327E-5
3,281;625;671,-4.012397345511053E-5
3,148;281;902,-4.004472874513493E-5
3,108;379;906,-3.979961603155027E-5
3,72;433;955,3.974435513378081E-5
3,254;388;942,-3.965002247348024E-5
3,173;377;543,-3.9564068468854504E-5
3,139;326;885,-3.938833986678936E-5
3,316;396;797,3.911177516123668E-5
3,25;428;543,3.903079400667775E-5
3,212;255;409,-3.874961967751431E-5
3,25;705;710,3.864596734719862E-5
3,221;826;945,-3.8524229153418204E-5
3,97;371;773,3.8452589733669285E-5
3,201;344;707,-3.843195967852309E-5
3,435;451;723,3.8400564648708986E-5
3,248;487;637,3.834432488202359E-5
3,40;683;690,-3.8030728255343E-5
3,255;679;733,-3.793094345319574E-5
3,46;690;978,-3.783446970802909E-5
3,317;349;422,-3.7802891835269414E-5
3,351;809;951,3.770290133590552E-5
3,388;468;506,-3.767890080213222E-5
3,75;916;923,3.7302801660283284E-5
3,207;463;924,3.696366985330395E-5
3,18;910;949,3.6902101052284616E-5
3,273;486;793,-3.6849070697290625E-5
3,330;765;783,3.67416775000102E-5
3,673;701;908,-3.672755753088344E-5
3,251;267;733,3.669007398E-5
3,154;453;675,-3.6574466795318645E-5
3,151;499;633,-3.584682089533101E-5
3,222;470;972,-3.581594424792152E-5
3,300;420;927,3.581053494489444E-5
3,226;252;869,3.558870864021556E-5
3,112;223;508,-3.545925793645077E-5
3,135;164;778,-3.50694747250622E-5
3,98;485;899,3.4956235454265875E-5
3,207;212;685,-3.49429765985471E-5
3,247;271;335,3.4921663147455514E-5
3,68;877;879,-3.46626342464037E-5
3,621;888;902,-3.417268847963441E-5
3,667;702;856,-3.413150517736159E-5
3,477;693;905,-3.400262675686672E-5
3,118;140;238,3.3879394941474075E-5
3,586;774;799,3.3754640830562486E-5
3,116;184;706,-3.3311091911956954E-5
3,232;454;974,-3.316713214573112E-5
3,4;116;891,3.30577692930053E-5
3,456;754;804,-3.302718066165854E-5
3,412;496;525,3.2920450812822426E-5
3,425;599;746,-3.2546264156876755E-5
3,391;602;886,3.2540740814395536E-5
3,67;223;687,-3.2481137418126225E-5
3,795;810;900,-3.247693155917766E-5
3,9;382;984,-3.213859612947556E-5
3,5;8;556,-3.211923408075634E-5
3,302;911;943,-3.209813708457829E-5
3,203;250;940,-3.204844889078985E-5
3,144;549;921,3.170292796874795E-5
3,306;563;989,3.141102002429196E-5
3,266;372;949,3.114652596998373E-5
3,202;574;959,-3.110587064369408E-5
3,5;520;944,3.1075013519069954E-5
3,107;176;882,-3.09375269637131E-5
3,457;760;802,3.074466105131625E-5
3,538;938;984,-3.060881327094675E-5
3,229;780;818,3.0456388025474207E-5
3,632;736;915,-3.0323890006878198E-5
3,212;432;608,3.0195702862158074E-5
3,76;264;396,-3.0008281800222427E-5
3,524;560;761,2.9993134250669005E-5
3,396;587;661,2.9966438740630514E-5
3,341;533;665,2.9814955969331967E-5
3,559;670;845,2.9761914889758697E-5
3,213;331;794,-2.965472260476003E-5
3,222;439;546,2.9397173024806295E-5
3,336;759;984,-2.8931322708496008E-5
3,100;161;850,2.879482466250549E-5
3,472;662;880,2.8753636065714934E-5
3,445;666;912,2.8737207735289483E-5
3,269;721;731,2.8239910100340856E-5
3,12;732;924,2.7956181558363312E-5
3,69;174;564,2.7913055426321456E-5
3,332;418;918,2.7886283955197795E-5
3,41;455;482,2.7690182970757886E-5
3,323;402;469,2.7683462744858347E-5
3,352;500;990,2.7507739832178233E-5
3,22;48;430,-2.7506635910616042E-5
3,309;779;824,-2.734711960312712E-5
3,305;837;986,2.707262672245041E-5
3,45;432;462,-2.6852025719745086E-5
3,184;398;739,-2.669178481732798E-5
3,323;359;849,2.6668076776920833E-5
3,141;298;761,-2.6404258590437644E-5
3,164;901;994,2.6226135240091555E-5
3,607;644;664,2.6141232473824787E-5
3,210;387;456,-2.5968156032569358E-5
3,268;782;924,-2.5835736684896542E-5
3,55;491;605,2.5633023569332074E-5
3,13;211;509,2.5418080728425704E-5
3,208;629;917,-2.5131791283441454E-5
3,457;717;998,-2.508511883291563E-5
3,143;420;573,-2.505551109707259E-5
3,8;455;935,-2.496166570070922E-5
3,23;32;119,2.491147689119809E-5
3,439;516;942,-2.4676443710672E-5
3,512;706;804,-2.4673137414314274E-5
3,153;771;795,-2.4671636230717305E-5
3,286;370;557,2.457513075495929E-5
3,396;584;957,2.4535484082928634E-5
3,354;384;777,2.447396385868042E-5
3,581;824;967,2.4250877229510735E-5
3,511;520;845,2.4213553541913583E-5
3,35;278;415,2.4151344102457757E-5
3,215;232;739,-2.3978561593459168E-5
3,611;652;852,-2.381129237732413E-5
3,216;839;895,-2.3779537735830524E-5
3,197;352;984,-2.36818028338545E-5
3,390;433;533,-2.366631604829525E-5
3,392;550;727,-2.3645738633251383E-5
3,177;413;792,2.3553458198190964E-5
3,80;294;754,2.352733396995421E-5
3,246;573;612,2.2806834818757977E-5
3,148;243;558,-2.2556405980943093E-5
3,764;817;980,2.2508820682879363E-5
3,286;452;492,-2.2356547566103696E-5
3,128;588;813,2.20634709014043E-5
3,112;360;775,-2.169027931680645E-5
3,122;483;697,-2.1603429744244394E-5
3,329;788;862,2.152430665018E-5
3,163;325;735,2.151004604710588E-5
3,216;273;643,2.116654413288756E-5
3,77;188;851,-2.110418410470183E-5
3,579;661;963,-2.1012995789253462E-5
3,407;805;891,2.098815059479209E-5
3,891;909;930,-2.0937388842526953E-5
3,189;388;437,-2.0803065653628385E-5
3,667;844;900,2.0768019074381416E-5
3,374;511;630,2.0755549909633048E-5
3,85;393;516,2.0636027890930817E-5
3,439;639;936,2.0541334912422535E-5
3,137;237;581,-2.033362545723319E-5
3,29;244;247,1.995924896486323E-5
3,448;452;723,1.992423604088625E-5
3,151;160;547,-1.9824952947511078E-5
3,261;291;644,-1.972549756713693E-5
3,572;676;828,-1.9723923897715518E-5
3,92;557;615,-1.964639061715566E-5
3,27;532;876,-1.9577843368581178E-5
3,151;366;574,1.9554778507758455E-5
3,169;569;847,-1.9507230292377055E-5
3,351;397;538,1.9385457095098007E-5
3,554;592;753,-1.9241925964812097E-5
3,193;802;941,1.9181230748129942E-5
3,44;512;995,-1.9103836276794863E-5
3,177;563;573,-1.8822591185281014E-5
3,233;536;797,1.8792392668329898E-5
3,391;711;796,-1.8623988402153263E-5
3,109;768;866,1.8564857997016487E-5
3,86;181;664,1.8552567940169894E-5
3,271;287;624,-1.843231083829293E-5
3,123;191;253,-1.8216849721581176E-5
3,311;321;378,-1.812235580657863E-5
3,112;261;674,1.805047450280507E-5
3,186;421;502,-1.799709669010659E-5
3,420;581;791,1.7965093286658087E-5
3,313;362;403,-1.782868454410065E-5
3,449;637;866,-1.781850482006367E-5
3,143;346;716,-1.7692487261052036E-5
3,54;521;600,-1.7511358828495555E-5
3,222;358;663,1.6519377823627015E-5
3,92;370;853,1.6324144657346233E-5
3,41;395;879,-1.622474827483536E-5
3,133;358;566,-1.6176969563608255E-5
3,423;532;650,1.5981263718114327E-5
3,66;187;213,-1.585200071467753E-5
3,525;612;808,1.5642655983298074E-5
3,1;105;146,1.549387611591381E-5
3,191;207;906,1.5176305748643038E-5
3,624;658;965,-1.5151407168336017E-5
3,610;656;757,-1.5094941170484336E-5
3,49;204;612,-1.5076976118494067E-5
3,220;645;712,1.4973789901868998E-5
3,176;469;493,-1.4938639824211384E-5
3,134;251;727,1.4920501359256156E-5
3,137;363;429,-1.4792284375907794E-5
3,58;363;595,-1.4786245688199584E-5
3,153;335;648,-1.4460201042183568E-5
3,151;732;776,1.4390432838343708E-5
3,378;430;751,1.4321344377348028E-5
3,507;824;958,-1.4269269261908899E-5
3,127;182;277,-1.407483169237854E-5
3,168;246;325,-1.4058081719105429E-5
3,70;491;973,-1.40108673778854E-5
3,79;526;774,-1.3962791783483101E-5
3,13;62;465,1.383787750148141E-5
3,212;811;820,1.3474845795313315E-5
3,159;616;724,-1.2805764240501062E-5
3,312;318;611,-1.2800763178692832E-5
3,208;435;666,-1.276723466852392E-5
3,57;415;830,1.2504730616016786E-5
3,277;355;638,1.2496688006273516E-5
3,134;614;830,-1.1841734839203256E-5
3,258;288;842,1.1824074111789748E-5
3,22;40;330,1.168512427842787E-5
3,272;458;967,1.1650574728985452E-5
3,26;744;888,1.1509653166172793E-5
3,514;705;983,-1.1349036099572607E-5
3,144;866;997,1.1253467110380944E-5
3,2;221;668,1.1247256539720113E-5
3,20;315;466,1.0725472643429352E-5
3,309;563;772,-1.0677423581314446E-5
3,293;321;373,-1.0416738480261547E-5
3,155;592;715,-1.0218126449856063E-5
3,212;888;905,1.0202877929170781E-5
3,99;291;523,9.931179321988906E-6
3,439;761;920,9.744812405626468E-6
3,112;337;366,-9.68024268599993E-6
3,78;803;952,-9.619813060214504E-6
3,713;756;878,-9.502981089038882E-6
3,187;770;919,9.34449748803401E-6
3,15;114;354,-9.25943745728823E-6
3,311;592;785,-9.244499816489171E-6
3,269;282;348,-9.238522090940061E-6
3,472;485;947,-9.177670716582557E-6
3,520;652;780,8.567083000837209E-6
3,54;513;761,-8.562424558685653E-6
3,236;362;494,8.442973374092055E-6
3,176;251;582,8.2942239619202E-6
3,496;566;998,7.92927755992627E-6
3,403;585;889,-7.827238133460535E-6
3,16;180;273,-7.635053470355036E-6
3,203;914;954,-7.545516959719292E-6
3,7;90;776,-7.410673318813579E-6
3,524;715;956,7.306226440145045E-6
3,304;865;979,7.2728771390402345E-6
3,164;755;985,-7.156681036384241E-6
3,291;353;422,6.980989646849789E-6
3,498;545;688,6.968818549016903E-6
3,392;628;823,6.818106532968632E-6
3,99;836;866,6.777025622302771E-6
3,56;184;284,-6.206992680032816E-6
3,224;311;938,5.954550942556591E-6
3,84;288;987,5.8456567012524355E-6
3,544;773;980,5.392629230416349E-6
3,152;887;909,-5.3572275215695716E-6
3,529;771;994,-4.97644962996889E-6
3,347;634;890,-4.952905519892775E-6
3,111;205;486,4.8745023944998245E-6
3,270;308;649,-4.812043811861122E-6
3,178;684;995,-4.686177178069267E-6
3,143;780;784,4.651738183526294E-6
3,207;334;866,4.61121706040106E-6
3,166;373;677,-4.590365808966865E-6
3,58;713;956,4.583021593779033E-6
3,126;814;874,4.543447984281273E-6
3,28;202;962,-4.3607795384350276E-6
3,29;633;745,4.160272422741862E-6
3,320;559;760,4.130208907840077E-6
3,418;712;868,4.070068862539897E-6
3,150;175;392,-3.944041349578667E-6
3,192;193;657,3.911308316323692E-6
3,145;419;628,3.893133899457155E-6
3,420;847;855,-3.875816884203992E-6
3,535;571;725,-3.83971734853221E-6
3,52;68;117,-3.515438104842769E-6
3,58;636;830,-3.3778109727383434E-6
3,444;467;782,-3.1196261067837352E-6
3,856;936;951,-3.091671639616614E-6
3,66;353;963,-3.0283809493339003E-6
3,406;671;725,-2.9052585621278937E-6
3,195;628;635,-2.8538172069652314E-6
3,29;162;451,2.232019186582071E-6
3,14;600;873,1.924352367761395E-6
3,116;630;676,-1.9242050864924922E-6
3,259;459;506,-1.4877844762984927E-6
3,49;524;991,-1.1509304419870664E-6
3,392;469;896,-9.934099506990618E-7
3,20;469;861,9.919976711500605E-7
3,534;791;827,8.000881004791432E-7
3,3;303;810,-6.547345292357843E-7
3,91;570;721,6.34062895774501E-7
3,243;276;473,6.114409085681422E-7
3,298;303;589,5.60274140085526E-7
3,73;150;641,-1.920072809653145E-7
3,414;509;762,7.692163121365836E-8
3,37;493;839,-7.093880320103996E-8
