order,indices,coefficient
0,,0.5005843268153775
1,310,6.474576154570169E-4
1,62,6.307270809639271E-4
1,911,-6.151493320739464E-4
1,564,-5.750138387084116E-4
1,692,-5.475321217139925E-4
1,644,-5.432683076413172E-4
1,172,5.217555348042193E-4
1,267,-5.135664271880524E-4
1,232,5.039159304672279E-4
1,670,5.000558778935749E-4
1,49,4.983592963368916E-4
1,148,4.856470806817188E-4
1,175,-4.816579031351718E-4
1,960,4.774015241609148E-4
1,14,4.7467962922746694E-4
1,852,-4.730927275709326E-4
1,309,4.7085777343903773E-4
1,287,4.678732802115024E-4
1,706,-4.6265814949205693E-4
1,329,4.6065971848631513E-4
1,130,4.5412295901652087E-4
1,854,-4.483866382793562E-4
1,925,-4.469549033757046E-4
1,361,-4.398933999134822E-4
1,953,-4.3452059439436124E-4
1,750,4.298347452060314E-4
1,385,4.258335882414314E-4
1,602,-4.224857485296804E-4
1,996,4.1090894558803217E-4
1,431,4.1018816286585093E-4
1,333,4.0924801590954763E-4
1,117,-4.0122914921277464E-4
1,53,4.009496977358087E-4
1,909,-3.941550492624551E-4
1,420,3.924279137135642E-4
1,197,3.8972797520138083E-4
1,696,3.895869004902379E-4
1,977,3.8785820718429987E-4
1,888,3.84965324632866E-4
1,492,-3.847034106213538E-4
1,781,3.797837480663394E-4
1,44,-3.754432754922863E-4
1,252,-3.745775764668998E-4
1,437,-3.716713176005631E-4
1,592,3.7083465370491665E-4
1,69,3.6507878991815E-4
1,849,3.624597960436621E-4
1,891,-3.577357036043881E-4
1,728,3.4924400833098756E-4
1,445,3.4637382341602484E-4
1,12,3.4623362964892506E-4
1,962,-3.43515341955468E-4
1,210,-3.417527765512496E-4
1,919,3.415692355007484E-4
1,576,-3.414369201153474E-4
1,228,-3.3809618293346343E-4
1,408,-3.370095407951868E-4
1,107,-3.368546606568697E-4
1,98,3.3637892165556103E-4
1,876,-3.3522379848112996E-4
1,144,-3.283865993703846E-4
1,378,-3.270162786518623E-4
1,588,3.2608851598509426E-4
1,429,3.2483340988326715E-4
1,302,-3.236947454441463E-4
1,517,-3.233652724928247E-4
1,946,-3.226413496346382E-4
1,652,3.219007219051026E-4
1,659,-3.18827932402979E-4
1,229,3.1835300700176284E-4
1,435,-3.1827512669529116E-4
1,744,3.1824287503223503E-4
1,511,-3.1681389115209183E-4
1,347,-3.1651874201963384E-4
1,31,-3.1618518983643316E-4
1,64,3.1601603685857014E-4
1,116,-3.1577498300350125E-4
1,563,3.1555158933764044E-4
1,657,3.1325859656326397E-4
1,603,-3.125422991761794E-4
1,301,-3.123683064186025E-4
1,944,-3.114392001748561E-4
1,276,3.102975411719882E-4
1,56,3.0939255347584027E-4
1,620,-3.092837823811831E-4
1,871,3.0920645007132E-4
1,779,-3.08545135303442E-4
1,952,3.084726422424532E-4
1,227,-3.083271984019719E-4
1,354,-3.0771323498498415E-4
1,355,-3.0763008534233306E-4
1,999,3.062218077147885E-4
1,976,3.06085299607344E-4
1,786,3.046884970941697E-4
1,855,3.045522189081957E-4
1,646,3.037158167103104E-4
1,35,3.022161727506176E-4
1,501,-3.0192414047664813E-4
1,364,-3.013636291948242E-4
1,955,-3.0015037288724214E-4
1,837,3.0009172126076167E-4
1,531,2.999127904343535E-4
1,523,2.991738828271446E-4
1,110,2.9607673752787676E-4
1,524,2.950400402219103E-4
1,464,-2.9467579374833745E-4
1,617,2.8932089932461595E-4
1,313,2.891187313620746E-4
1,188,2.8715816144831953E-4
1,760,-2.866528681036634E-4
1,600,2.8639852711670694E-4
1,236,2.860136698382304E-4
1,725,2.8592050726653813E-4
1,58,-2.849305924093826E-4
1,773,2.8204810013768343E-4
1,300,-2.8132326443947974E-4
1,924,2.8127593757708714E-4
1,153,2.787871510953265E-4
1,792,2.787255991120049E-4
1,628,-2.775640348050108E-4
1,998,-2.7715390419013654E-4
1,727,-2.7671454085133546E-4
1,676,-2.7640610404461546E-4
1,203,-2.744718114917539E-4
1,312,-2.7202710700787987E-4
1,763,2.7138016883707507E-4
1,353,2.7117051578217396E-4
1,242,-2.7030784232190706E-4
1,839,2.702238553798314E-4
1,50,2.701715097933808E-4
1,129,-2.6972577657674205E-4
1,601,-2.6836649861954433E-4
1,88,2.679578431123161E-4
1,352,-2.6753809398336097E-4
1,545,2.6580975413361503E-4
1,9,2.6498054924592885E-4
1,504,-2.6471521363009387E-4
1,373,2.642081910849922E-4
1,500,-2.61985774736772E-4
1,241,2.618817668707094E-4
1,407,-2.6167580761362724E-4
1,656,2.6133973243099717E-4
1,8,2.607179691487659E-4
1,121,-2.597971117134492E-4
1,685,2.595555763546287E-4
1,755,-2.5877132717112833E-4
1,965,-2.574279511233144E-4
1,256,2.5672351266265814E-4
1,767,-2.5593822152164563E-4
1,455,2.556494804550547E-4
1,217,2.556389326198695E-4
1,234,2.5504244981352787E-4
1,183,-2.549261105573647E-4
1,560,-2.545378443973316E-4
1,643,2.539186627716589E-4
1,37,-2.5360011558054664E-4
1,604,-2.529041397053867E-4
1,591,-2.5277056957536027E-4
1,17,-2.5270165943146856E-4
1,254,-2.4894322617982645E-4
1,427,2.483500171130963E-4
1,753,-2.4833465715471575E-4
1,673,-2.480742464289622E-4
1,724,2.4705847874155294E-4
1,825,2.4673715365449117E-4
1,503,-2.466063361692359E-4
1,442,2.460718484540332E-4
1,990,-2.459196275967122E-4
1,171,-2.442338985899396E-4
1,304,2.440486717824444E-4
1,367,-2.429403754424959E-4
1,842,-2.4262136654095142E-4
1,258,-2.4036607441919994E-4
1,689,2.3951201610310815E-4
1,484,2.384348854485783E-4
1,261,-2.3842830743950962E-4
1,272,2.377582390824823E-4
1,105,-2.373120217551379E-4
1,106,-2.3713418659602543E-4
1,412,2.3669708652555052E-4
1,418,-2.3658666492785253E-4
1,244,2.3630419457046253E-4
1,96,-2.3572611731215745E-4
1,65,-2.349514862454883E-4
1,480,2.347746982300869E-4
1,376,-2.343620928461414E-4
1,221,2.3399928575611602E-4
1,479,-2.3261009580301435E-4
1,120,-2.3227010369457018E-4
1,653,2.320680537109542E-4
1,155,2.2986750764625777E-4
1,579,-2.2977389472143917E-4
1,199,2.2885299130563842E-4
1,632,-2.2841387402354596E-4
1,318,-2.2784619647044113E-4
1,421,-2.2666925198319652E-4
1,799,-2.2615315839367701E-4
1,986,-2.2461093110382553E-4
1,395,2.245654003145624E-4
1,394,-2.2346138528347623E-4
1,544,2.232344211154395E-4
1,822,-2.2270445165265131E-4
1,735,-2.2254215405537127E-4
1,674,2.224119952451763E-4
1,554,2.2207370931242364E-4
1,809,2.1999126236116394E-4
1,255,-2.1994270926100652E-4
1,961,-2.1989014386264062E-4
1,945,-2.1962136436753005E-4
1,923,-2.188556123142143E-4
1,984,2.1862966604565192E-4
1,932,2.181678241684632E-4
1,478,-2.1777102951626239E-4
1,954,-2.1686746628704617E-4
1,553,2.1618143141265104E-4
1,118,-2.1566499780985684E-4
1,537,2.1557775289680577E-4
1,902,-2.1521801691285177E-4
1,409,2.1501500657011897E-4
1,640,-2.1464138194160406E-4
1,714,2.144920318202792E-4
1,705,-2.1425756591761803E-4
1,575,-2.1393795768264234E-4
1,650,-2.131962917563417E-4
1,882,-2.1228404825870533E-4
1,360,-2.1226426557241534E-4
1,748,-2.116816040040192E-4
1,539,2.095251051692698E-4
1,846,2.0908920679456726E-4
1,295,2.077412152715734E-4
1,997,2.07435416343328E-4
1,847,-2.0630252135929466E-4
1,124,-2.0587290544627333E-4
1,682,-2.0536999232275858E-4
1,848,2.0529052535853994E-4
1,39,2.0453704046035043E-4
1,629,2.0385595160457248E-4
1,598,2.0381504792119925E-4
1,968,2.0370281500627622E-4
1,48,2.0317314614336048E-4
1,732,2.0197867578516343E-4
1,283,2.0171402278699413E-4
1,162,-2.010729450246191E-4
1,410,2.0023386383871843E-4
1,687,2.0012252684852502E-4
1,921,1.9993361823384884E-4
1,700,-1.998080124019816E-4
1,913,-1.9976745854044547E-4
1,458,-1.9946237141291523E-4
1,145,-1.9930310190351903E-4
1,456,1.9926702486592945E-4
1,770,1.9906559433971376E-4
1,173,-1.990069675450918E-4
1,396,-1.987494936271729E-4
1,927,1.9871807705027606E-4
1,392,1.9746423332097604E-4
1,265,1.9573696224250048E-4
1,608,1.9544630573728084E-4
1,518,1.9526545256263032E-4
1,803,1.952359125546475E-4
1,245,-1.9502006922235372E-4
1,470,1.9483251181076633E-4
1,969,1.9466474640975867E-4
1,174,1.938661069226469E-4
1,398,-1.9284658922027475E-4
1,440,-1.9218195586014614E-4
1,111,1.913273636233021E-4
1,63,1.9121578164005352E-4
1,104,-1.9110906061893963E-4
1,463,1.9097135347491043E-4
1,505,-1.9006196708292456E-4
1,160,1.8987795363065532E-4
1,789,1.8987403049582435E-4
1,161,-1.897245320688603E-4
1,159,1.8891440727613294E-4
1,840,-1.8861218032773563E-4
1,494,1.8837695401458695E-4
1,899,1.8684322660455504E-4
1,811,1.867779935820506E-4
1,966,-1.8531002081407117E-4
1,637,1.848029365333379E-4
1,802,1.84606779689079E-4
1,465,-1.8441376840570267E-4
1,483,-1.843585581522607E-4
1,137,-1.84226458795412E-4
1,624,1.833871850506137E-4
1,414,1.83330185982077E-4
1,535,-1.8305278294321203E-4
1,704,-1.821905686499542E-4
1,797,1.8139848525399726E-4
1,555,1.8101737356405619E-4
1,536,1.8096086107922182E-4
1,68,1.806009080704054E-4
1,139,-1.7979729134636645E-4
1,613,1.7961839541403006E-4
1,274,-1.792429760948644E-4
1,548,-1.7911303618232705E-4
1,311,-1.7886741666607307E-4
1,341,-1.787375228678576E-4
1,758,1.7838116637114199E-4
1,264,1.7835145415072878E-4
1,985,-1.7796054678676377E-4
1,526,1.7710765116952414E-4
1,109,1.757207847599791E-4
1,74,1.7559779577435144E-4
1,641,1.7508823666743657E-4
1,292,-1.7395967986081126E-4
1,661,1.7362669181439976E-4
1,323,-1.7324018584214152E-4
1,243,-1.7294551094956112E-4
1,337,-1.726842834219333E-4
1,123,-1.7265230366046228E-4
1,294,-1.7227127113551196E-4
1,30,-1.7226819875479685E-4
1,833,1.7203601371659733E-4
1,716,-1.7097868128617587E-4
1,428,1.709217381478858E-4
1,675,-1.6961994360938388E-4
1,208,-1.6805590242019607E-4
1,570,-1.6793659012958041E-4
1,416,1.6777972435170075E-4
1,128,1.662290507196877E-4
1,230,-1.6617918771805537E-4
1,205,1.6607039220497261E-4
1,206,-1.6603988435537245E-4
1,29,1.65931986935939E-4
1,510,-1.6534070307535183E-4
1,691,1.6456119751084107E-4
1,941,-1.6433491037431137E-4
1,850,-1.641795716149735E-4
1,771,-1.639603481836417E-4
1,841,-1.6382073261217588E-4
1,322,-1.6362554454125522E-4
1,635,-1.6354668016737382E-4
1,775,-1.6350616783251102E-4
1,290,1.6347019186762647E-4
1,812,1.6329497438489942E-4
1,40,1.631325577359122E-4
1,185,-1.6298634882370332E-4
1,348,-1.616217558361356E-4
1,982,-1.61583318172965E-4
1,477,-1.6154362942131685E-4
1,280,1.6094448848960792E-4
1,453,1.60902381198116E-4
1,125,1.6063791905400693E-4
1,46,1.6049989636184272E-4
1,905,1.5965526773805837E-4
1,79,1.5916840147222705E-4
1,793,1.590782422377385E-4
1,832,-1.586928025024546E-4
1,425,-1.5840980891441568E-4
1,719,1.572320719649301E-4
1,950,-1.5713491408234277E-4
1,467,-1.5692774582011092E-4
1,331,1.5635490713211166E-4
1,11,-1.5626437858108367E-4
1,198,-1.5595718673095654E-4
1,372,-1.553643568449966E-4
1,52,1.5475343269822278E-4
1,136,1.546999245663224E-4
1,157,1.540195469211308E-4
1,305,-1.5400666801939527E-4
1,87,1.5355932881375246E-4
1,268,-1.5242225840880074E-4
1,859,-1.5238889903390181E-4
1,277,-1.5199551459272627E-4
1,260,-1.518480053079105E-4
1,810,1.5170527064298285E-4
1,220,1.5169058931935236E-4
1,878,-1.5106848916310339E-4
1,362,-1.5081239958935716E-4
1,745,-1.503180684095129E-4
1,460,-1.5005255129909667E-4
1,658,1.4984921900492178E-4
1,248,1.4966170233114419E-4
1,665,1.4952205209230684E-4
1,655,-1.4879661453902853E-4
1,201,-1.485280012874031E-4
1,865,-1.4812536065587128E-4
1,278,1.4797770258253762E-4
1,140,1.477088333948744E-4
1,679,-1.4750875677368858E-4
1,450,1.4698957210748043E-4
1,16,1.469532255283083E-4
1,387,-1.4672029268480638E-4
1,623,1.4582172790323917E-4
1,391,-1.4568351293298165E-4
1,877,-1.4566401031369032E-4
1,870,-1.454463427749619E-4
1,820,1.450454388343246E-4
1,736,1.448691136776911E-4
1,55,-1.4459941379382657E-4
1,253,1.444075039702211E-4
1,558,-1.4408634074009117E-4
1,814,-1.4386525976895767E-4
1,349,-1.4366803811383195E-4
1,958,-1.4257359016043054E-4
1,84,1.4212102049704313E-4
1,583,-1.408775200015508E-4
1,527,-1.4080782998870332E-4
1,383,-1.407988327749999E-4
1,21,1.4066509409368192E-4
1,599,-1.4042139801770598E-4
1,495,1.397957379837735E-4
1,543,1.3969616765821104E-4
1,688,-1.3958001340378905E-4
1,165,1.3873719882477636E-4
1,454,-1.386899398544074E-4
1,873,-1.382086817625689E-4
1,619,1.3820310205648557E-4
1,419,1.381309753251381E-4
1,582,1.3790786237284487E-4
1,357,1.3761857967794954E-4
1,626,-1.37591558427261E-4
1,363,1.3723884055316077E-4
1,782,1.3722851794212436E-4
1,939,1.3661951142757966E-4
1,449,1.3601955722732822E-4
1,314,-1.359379359953875E-4
1,752,-1.3573603653798882E-4
1,488,-1.354897405224713E-4
1,402,1.3488504643500583E-4
1,808,-1.3393273085257284E-4
1,32,1.337929619083178E-4
1,358,-1.3366875581667716E-4
1,948,1.335916503408285E-4
1,633,1.333991202530177E-4
1,565,-1.3276598780082716E-4
1,473,-1.3255636506833291E-4
1,898,1.3231829095666054E-4
1,580,1.3228022138126312E-4
1,436,-1.320119521649532E-4
1,154,-1.3176790527669302E-4
1,26,1.316962827771861E-4
1,342,-1.315754092407086E-4
1,956,-1.3135471994387045E-4
1,281,-1.3119318959784205E-4
1,829,-1.3050253817654118E-4
1,296,1.303264681465659E-4
1,552,-1.301596445704206E-4
1,843,-1.298229684097187E-4
1,639,1.2967157140873477E-4
1,97,-1.2938476884407114E-4
1,411,1.2920560211486398E-4
1,672,1.281751628111379E-4
1,709,1.27770504333742E-4
1,897,1.2750171119157812E-4
1,80,1.2710629339846978E-4
1,405,1.2685003159418806E-4
1,141,1.2676151354129028E-4
1,549,1.266490067599344E-4
1,957,-1.2633773844366052E-4
1,85,-1.2630261334553E-4
1,648,1.2616553746357202E-4
1,231,-1.2535639071768777E-4
1,959,1.250666007827418E-4
1,916,-1.246515449665022E-4
1,664,-1.2431350523843667E-4
1,132,-1.2339769626642835E-4
1,723,-1.2288666475858688E-4
1,90,1.2251052332303225E-4
1,649,1.2223845275248618E-4
1,778,1.2216277896032497E-4
1,369,-1.2201954418194099E-4
1,209,1.2195675088251415E-4
1,761,1.211103188835879E-4
1,931,-1.2109290083961574E-4
1,836,-1.2100961302866198E-4
1,170,1.2088523477560699E-4
1,0,-1.2068510302423454E-4
1,299,-1.2008534885717256E-4
1,542,1.2005495213055054E-4
1,546,-1.183582174876625E-4
1,100,1.1824212642117992E-4
1,698,-1.1784681032547913E-4
1,562,1.1740340836510248E-4
1,861,-1.170590741452569E-4
1,176,1.1659817898273323E-4
1,596,-1.1609746508299779E-4
1,631,1.1607954235465179E-4
1,807,-1.1577821430522824E-4
1,143,1.1504304846586215E-4
1,263,1.145433877565965E-4
1,115,1.1394568901940691E-4
1,339,-1.1392097571532054E-4
1,594,-1.1380709878245364E-4
1,801,1.1352838632426102E-4
1,885,1.134746098435532E-4
1,615,1.1343076888581255E-4
1,907,-1.1336741000156125E-4
1,59,1.1324354376524475E-4
1,890,-1.1286044220145151E-4
1,506,1.1282427556877004E-4
1,831,1.1261433758168799E-4
1,452,1.1242201578217039E-4
1,194,1.1216177861886109E-4
1,424,1.118697120909119E-4
1,259,-1.1024494479169408E-4
1,751,1.0990613468812986E-4
1,401,-1.0977245590668822E-4
1,126,-1.0910106741481198E-4
1,697,-1.084903724766706E-4
1,530,1.0797882196827372E-4
1,430,1.0789986403224001E-4
1,303,-1.0787143223619291E-4
1,638,-1.0765788534711637E-4
1,365,1.0742944227067526E-4
1,214,1.0707578743711261E-4
1,4,-1.0691283560711419E-4
1,712,1.0604205126127666E-4
1,971,-1.0598694455037808E-4
1,257,1.0534823346244275E-4
1,817,-1.0533750487684993E-4
1,974,1.0506832071562183E-4
1,597,1.0495416304305357E-4
1,89,-1.0492905516861041E-4
1,219,-1.0459312028761412E-4
1,741,-1.0433322776790204E-4
1,225,1.0414343975678853E-4
1,377,-1.0408643348738225E-4
1,330,-1.0370484634384826E-4
1,135,1.0326564695239615E-4
1,577,1.031448978161618E-4
1,680,-1.0307958588692706E-4
1,630,1.0292817270765662E-4
1,380,-1.0289807351806985E-4
1,981,1.0280935798889815E-4
1,880,1.0276645930602378E-4
1,866,-1.0273910715570891E-4
1,168,1.0266760678846898E-4
1,951,-1.0227187071020506E-4
1,720,-1.0226642832672233E-4
1,444,-1.0152144885961321E-4
1,389,-1.0085711225330562E-4
1,684,-1.0083888075180219E-4
1,184,-1.0083398816775617E-4
1,25,9.984767082948615E-5
1,54,9.975807778586503E-5
1,250,9.959964854912377E-5
1,795,9.959904931386909E-5
1,634,-9.901270664416464E-5
1,325,-9.900524886626704E-5
1,578,-9.826290302877055E-5
1,730,9.813173873261024E-5
1,71,-9.774436440074237E-5
1,669,9.665138585962849E-5
1,493,-9.611457393768341E-5
1,1,-9.607382874766484E-5
1,43,9.544421284003056E-5
1,512,9.538176096262863E-5
1,101,-9.48803211820789E-5
1,561,-9.486900174231813E-5
1,991,9.419703534868561E-5
1,390,9.334491383386424E-5
1,525,9.314167543529107E-5
1,574,-9.283900813675727E-5
1,270,9.270194970480076E-5
1,70,9.25879003606905E-5
1,10,-9.238522859440717E-5
1,569,-9.150559155280491E-5
1,246,-9.140494110026026E-5
1,497,-9.107215434756564E-5
1,867,-9.054350811090543E-5
1,459,9.042482189206938E-5
1,189,8.991893231919032E-5
1,824,-8.989755373737327E-5
1,167,-8.989178711768758E-5
1,285,8.942687095863336E-5
1,800,8.937576385943263E-5
1,374,-8.927042507258396E-5
1,559,8.900140017216743E-5
1,502,-8.892031003606375E-5
1,207,-8.879180824497179E-5
1,359,8.827752455978888E-5
1,541,8.784920940857497E-5
1,572,8.724027223586238E-5
1,133,-8.720893703895969E-5
1,33,-8.693143419304373E-5
1,757,8.655759836523138E-5
1,103,-8.637314950599308E-5
1,683,-8.630576854409107E-5
1,522,8.611383766591819E-5
1,863,-8.597790849581824E-5
1,972,-8.594237861857913E-5
1,701,-8.57705262198275E-5
1,818,-8.56840980019505E-5
1,740,8.534175306792408E-5
1,886,-8.514409567025686E-5
1,533,8.491609591061055E-5
1,320,-8.483550014926696E-5
1,678,-8.481677652029637E-5
1,815,8.465112886592004E-5
1,498,8.46135032159929E-5
1,83,-8.440872482851106E-5
1,605,-8.418758898706306E-5
1,34,-8.403421496653352E-5
1,204,8.379306382766347E-5
1,708,8.377400338062453E-5
1,746,8.345364806382903E-5
1,193,-8.306078536444583E-5
1,22,8.290403520888352E-5
1,223,8.277723200954276E-5
1,91,8.251587168077967E-5
1,400,8.244374260138401E-5
1,187,-8.243694185984566E-5
1,784,-8.242474816737806E-5
1,112,-8.241664127108512E-5
1,266,8.23516892498268E-5
1,404,-8.216519965821289E-5
1,642,8.198755145042103E-5
1,717,8.161288323096659E-5
1,235,-8.147173978598038E-5
1,711,8.123139675313087E-5
1,636,-8.10629530636937E-5
1,967,8.100196173618747E-5
1,439,-8.077999224496139E-5
1,949,-8.065995019620774E-5
1,889,-8.045612109668471E-5
1,856,-8.044810959630425E-5
1,901,8.033453583661016E-5
1,908,-8.019795755823926E-5
1,413,8.019718464948666E-5
1,466,8.015683892207216E-5
1,476,7.972273371362955E-5
1,5,7.953692943549504E-5
1,393,7.911156852625682E-5
1,989,-7.909476035755476E-5
1,446,-7.908877471608422E-5
1,610,-7.848561880630063E-5
1,566,-7.795102649811413E-5
1,686,-7.757041867189272E-5
1,834,7.747771964444585E-5
1,336,-7.719426984279961E-5
1,338,-7.708321860669577E-5
1,61,7.702837612194385E-5
1,540,-7.663664627307342E-5
1,382,7.647382481550768E-5
1,45,-7.587675088294387E-5
1,780,-7.529965114791536E-5
1,346,-7.524486149601558E-5
1,910,-7.510272454105774E-5
1,567,7.484934461303334E-5
1,935,-7.477153573625911E-5
1,275,7.473339801329068E-5
1,319,7.472603288826111E-5
1,934,-7.456306165953228E-5
1,271,-7.41944690038874E-5
1,622,7.389088996832045E-5
1,593,7.369796354880582E-5
1,179,7.356645896773676E-5
1,151,-7.350226440343311E-5
1,19,-7.350178729613182E-5
1,662,-7.324940382253818E-5
1,509,-7.3034210943672E-5
1,448,7.272923943954313E-5
1,269,-7.254497451470803E-5
1,279,7.252554493849681E-5
1,327,-7.196285657452408E-5
1,838,7.195745268477015E-5
1,163,-7.177335233813726E-5
1,489,7.156630583241258E-5
1,823,7.152476597473071E-5
1,690,7.135061500914199E-5
1,190,7.132209024420641E-5
1,399,7.122942042921365E-5
1,474,7.120076288008626E-5
1,28,7.050737041713083E-5
1,15,7.04780724764294E-5
1,434,-7.04406117402573E-5
1,937,7.03796708486892E-5
1,979,-7.022730787076839E-5
1,654,-7.00095372225769E-5
1,335,-6.993455521146805E-5
1,78,-6.945933166521614E-5
1,963,-6.908267725296069E-5
1,647,-6.900627984479188E-5
1,851,6.875165430577753E-5
1,238,6.841181695885685E-5
1,666,6.800458928877057E-5
1,759,-6.776860633632325E-5
1,769,-6.761226025612672E-5
1,914,6.751324943052127E-5
1,827,6.692215139617969E-5
1,150,6.663687009544406E-5
1,590,-6.658289767763633E-5
1,785,-6.646143931185977E-5
1,86,6.629500543633957E-5
1,681,6.620457130369475E-5
1,94,6.619131014030733E-5
1,514,6.60143652589099E-5
1,507,-6.560492939615427E-5
1,366,6.54604000450418E-5
1,983,6.525958954874165E-5
1,222,6.52098588567617E-5
1,702,6.479233298830117E-5
1,426,-6.47157463203156E-5
1,707,-6.461525160109725E-5
1,95,-6.458592256948795E-5
1,819,-6.442228258969446E-5
1,933,-6.42851120229093E-5
1,762,6.409861107125925E-5
1,994,6.407143911368034E-5
1,699,6.38611808571647E-5
1,60,6.38187564407674E-5
1,67,-6.342886164450294E-5
1,551,-6.342837351788874E-5
1,169,6.24987551158072E-5
1,134,6.238317808810454E-5
1,468,-6.23146598310316E-5
1,743,-6.218719187972628E-5
1,869,-6.204389260851027E-5
1,102,6.184596405223915E-5
1,747,6.150486298756449E-5
1,490,-6.0888285314850187E-5
1,438,-6.071081804568909E-5
1,538,-6.034682669255502E-5
1,233,5.965430055482929E-5
1,471,-5.952501050346204E-5
1,226,5.8318910280599155E-5
1,326,5.8270915203459454E-5
1,108,-5.818760396328296E-5
1,766,-5.816956785719688E-5
1,239,5.804705439323338E-5
1,298,-5.794966725875141E-5
1,66,5.793746237756493E-5
1,113,-5.778775089942055E-5
1,149,5.762953996501248E-5
1,42,5.7480864625526265E-5
1,777,-5.717059041583329E-5
1,660,-5.7151439725498386E-5
1,211,5.711020519577883E-5
1,794,5.695723788940491E-5
1,216,-5.6445624013377286E-5
1,286,-5.614438789210119E-5
1,668,-5.578238584236507E-5
1,571,-5.54443390201585E-5
1,36,-5.520980463761259E-5
1,893,5.5124526865007794E-5
1,224,-5.483272847909515E-5
1,798,5.4798549242792455E-5
1,20,5.4788534521439254E-5
1,499,-5.364970240933119E-5
1,737,-5.3524676130501675E-5
1,6,5.325037903332214E-5
1,625,-5.292581568297987E-5
1,595,-5.263043332268126E-5
1,586,5.2492938797690226E-5
1,557,5.244083044142185E-5
1,729,5.217452279667627E-5
1,351,5.176056675434515E-5
1,82,-5.13138859893721E-5
1,940,-5.129348232231704E-5
1,482,5.0936105969369925E-5
1,461,-5.0738073907616105E-5
1,862,-5.03137984780169E-5
1,721,-4.9773712573790304E-5
1,315,-4.964403333183168E-5
1,297,-4.938627257382279E-5
1,273,-4.914419884731691E-5
1,906,-4.9018730685419746E-5
1,307,-4.852405714759303E-5
1,521,4.834600518721978E-5
1,472,-4.81842266722826E-5
1,947,4.8152006020964755E-5
1,177,4.80231339478161E-5
1,487,-4.7533234453350574E-5
1,828,4.738051171922536E-5
1,926,4.7352106980158723E-5
1,887,-4.733843405969128E-5
1,734,-4.730908552169212E-5
1,993,4.713446717966709E-5
1,457,-4.71166996969164E-5
1,345,4.708053255895163E-5
1,237,4.695766564631052E-5
1,764,4.677145119465512E-5
1,519,-4.658063337202398E-5
1,896,-4.6560585068162756E-5
1,423,4.627416878280099E-5
1,677,4.56387521265159E-5
1,550,-4.5610192844918466E-5
1,821,-4.5393916763625406E-5
1,180,4.477026452860106E-5
1,317,4.438384691129636E-5
1,783,4.435049518559274E-5
1,892,4.427764986570985E-5
1,441,-4.415151946506282E-5
1,282,-4.369069249369927E-5
1,858,-4.286880923582857E-5
1,547,-4.2737310752202285E-5
1,929,-4.2540575659978307E-5
1,289,4.22987955690122E-5
1,240,4.229780680041509E-5
1,131,4.221397194844748E-5
1,403,-4.205221788596236E-5
1,529,-4.190890497987744E-5
1,663,-4.169236253206865E-5
1,77,4.157476452811944E-5
1,904,4.1399511262274454E-5
1,607,4.122014396928744E-5
1,645,-4.1148287767219294E-5
1,218,-4.1097599155837164E-5
1,612,-4.0541349315093856E-5
1,432,4.04993189160271E-5
1,970,-4.042770328734341E-5
1,146,-4.04098023201009E-5
1,942,4.0247072152323385E-5
1,573,4.022725959726778E-5
1,864,-4.001631536594442E-5
1,528,3.994278362039051E-5
1,609,-3.9919309576252866E-5
1,520,-3.9755761765465555E-5
1,964,-3.9410272279649176E-5
1,881,-3.909904292327329E-5
1,147,3.904124728667831E-5
1,3,3.890223674888568E-5
1,195,-3.878342356888145E-5
1,627,3.85904975386359E-5
1,166,-3.835261905346055E-5
1,845,-3.784948535122813E-5
1,447,-3.771944677253736E-5
1,790,-3.750776987324711E-5
1,138,3.7439536941684866E-5
1,368,-3.725405020090801E-5
1,291,3.7148496336416815E-5
1,51,-3.5816761755497335E-5
1,930,3.5767318245778985E-5
1,451,-3.542387233583816E-5
1,768,3.528548892933249E-5
1,915,3.460213004607381E-5
1,485,-3.428181040902695E-5
1,978,3.407336544359778E-5
1,987,3.398933057377437E-5
1,384,3.391008392257351E-5
1,23,-3.38446913717322E-5
1,651,3.3628155086290595E-5
1,900,3.3539901761693067E-5
1,772,3.312977442945664E-5
1,694,3.289815870840094E-5
1,879,3.2807485320445615E-5
1,584,3.243268839799143E-5
1,718,3.204979008095789E-5
1,213,3.1971745887204305E-5
1,249,-3.185799835193588E-5
1,756,3.167317551731841E-5
1,308,3.1403389484224445E-5
1,41,-3.099826553031575E-5
1,515,-3.0462536551701405E-5
1,47,3.0260188068693948E-5
1,917,3.023755358459124E-5
1,344,-3.0086780208639587E-5
1,27,2.9794893252553538E-5
1,18,2.9753287284665462E-5
1,375,-2.9566711166576526E-5
1,73,2.9522251290870717E-5
1,988,-2.9390877584273045E-5
1,13,-2.9201987658296944E-5
1,388,2.9017377116832055E-5
1,713,-2.8364451022431237E-5
1,406,2.828776748426583E-5
1,191,-2.8280539219855836E-5
1,534,2.8092227206671068E-5
1,200,2.7839738559514828E-5
1,212,2.6921260333605535E-5
1,922,2.6579676759833873E-5
1,417,-2.6561628889878676E-5
1,192,-2.6538279982459125E-5
1,774,2.627760683551332E-5
1,742,-2.627514756215714E-5
1,328,2.5950133270378596E-5
1,903,2.5568736905382E-5
1,874,-2.4450765048640952E-5
1,397,-2.4197152749041855E-5
1,247,2.401936740987237E-5
1,992,2.401456808161155E-5
1,491,2.376856233959135E-5
1,587,2.3517716034157573E-5
1,2,2.327397406940493E-5
1,936,2.3250893572843197E-5
1,142,2.3031574949561414E-5
1,127,-2.2745300097586395E-5
1,75,2.2673764292081054E-5
1,76,2.263487008498072E-5
1,804,-2.2448487793768583E-5
1,81,2.234323312356401E-5
1,379,2.2269954093618495E-5
1,806,-2.1815005951085182E-5
1,872,-2.175756769291533E-5
1,119,-2.1728990234353153E-5
1,611,-2.169643018775655E-5
1,262,2.1691038081965793E-5
1,589,-2.1295575457018505E-5
1,340,-2.120045528444381E-5
1,710,-2.0875670919056496E-5
1,853,2.0592371661993474E-5
1,585,-2.0393083213758102E-5
1,606,2.0332405797467522E-5
1,99,-2.0120486971531683E-5
1,57,2.0067462356587545E-5
1,202,1.9566910631507783E-5
1,306,-1.9491939099227656E-5
1,883,1.942682431930623E-5
1,38,-1.935185146992925E-5
1,918,1.929222196511199E-5
1,928,-1.9257831224569812E-5
1,614,1.9125381690918832E-5
1,481,1.9117019465427544E-5
1,738,1.9092235415451686E-5
1,475,1.856571683967724E-5
1,371,-1.839847845937412E-5
1,415,1.837330936157282E-5
1,508,1.8136578274991196E-5
1,321,1.812451020820538E-5
1,765,-1.794585369433105E-5
1,621,-1.770933668388361E-5
1,805,1.736273905499823E-5
1,158,-1.7211070520881098E-5
1,826,1.691410473800205E-5
1,938,-1.687968824047782E-5
1,251,-1.6453737587516156E-5
1,381,1.6248887633295544E-5
1,581,-1.5957893925244076E-5
1,995,-1.5787001607231082E-5
1,72,1.5663809099283834E-5
1,749,1.5564002173946226E-5
1,443,1.556033759126592E-5
1,731,1.5362124692721734E-5
1,943,-1.532422723436236E-5
1,788,-1.526586457547545E-5
1,343,-1.472092132266882E-5
1,616,-1.4615421064217677E-5
1,895,1.4408301259319606E-5
1,513,1.4368958428044005E-5
1,24,1.4255127842423318E-5
1,884,1.4176659974332845E-5
1,787,1.405377166877017E-5
1,695,1.399463004168744E-5
1,288,-1.38523164366936E-5
1,791,1.3803993907010911E-5
1,334,1.3437866527127113E-5
1,92,1.3426880875587633E-5
1,980,1.330983780320437E-5
1,370,-1.3196999968118767E-5
1,316,-1.2400767555717867E-5
1,739,1.2252215080904808E-5
1,356,-1.1698236939649443E-5
1,486,-1.1092170423489992E-5
1,912,-1.0979870602713992E-5
1,556,1.08416857983583E-5
1,715,-9.785378039126103E-6
1,422,9.732396527692311E-6
1,860,9.692443649634258E-6
1,703,-9.579781727611662E-6
1,726,9.24689918864026E-6
1,667,9.046987106351711E-6
1,152,-9.008014411355402E-6
1,178,8.828011804785152E-6
1,796,8.629701204237312E-6
1,215,8.556799705317254E-6
1,973,8.544794321917044E-6
1,816,-8.544473794706798E-6
1,875,8.02397861005212E-6
1,754,-7.966129778205572E-6
1,516,-7.906058429665381E-6
1,324,7.193082514529437E-6
1,813,-6.7195934215052574E-6
1,93,-6.70113929351357E-6
1,894,6.697010561299982E-6
1,182,-6.696791299460755E-6
1,868,6.5449396692737615E-6
1,975,6.3454789736859115E-6
1,733,-6.1106976863534585E-6
1,496,6.063819938604706E-6
1,284,-5.681250278062156E-6
1,122,4.994380365890907E-6
1,186,-4.2449030395737135E-6
1,830,3.816483989710809E-6
1,857,-3.5466415806918033E-6
1,835,3.4425447501287706E-6
1,844,-2.9473733414429602E-6
1,350,2.805028068287557E-6
1,671,2.7101889989289974E-6
1,156,2.694642046000145E-6
1,722,2.561451951594962E-6
1,618,2.4546483413770555E-6
1,181,2.3436745101318434E-6
1,693,2.2526972576874805E-6
1,532,-2.175431408461173E-6
1,469,2.103047705320174E-6
1,196,1.9892779785865844E-6
1,332,-1.7134039931567258E-6
1,386,1.3168331357550912E-6
1,568,-1.1452372781249886E-6
1,293,1.1052206632602008E-6
1,164,1.0349767426211936E-6
1,114,1.0322674205113513E-6
1,776,-8.163528118733527E-7
1,7,-7.465148972985447E-7
1,433,6.429678451503468E-7
1,920,-3.0344237299193E-7
1,462,-1.9856813377928938E-7
2,407;556,3.4684886527272865E-4
2,354;853,-3.313921585599458E-4
2,131;819,-3.19895569445556E-4
2,20;515,-3.1751090315180374E-4
2,230;637,3.1400013608621135E-4
2,11;313,3.053429489902763E-4
2,609;942,-2.9567210543626575E-4
2,50;395,2.9066688663533126E-4
2,223;947,2.891581783113584E-4
2,544;632,2.8317987081850795E-4
2,319;904,-2.8298787111030976E-4
2,206;904,2.779210678751144E-4
2,419;585,-2.7603405405705054E-4
2,514;689,2.718280902942505E-4
2,496;729,2.7047301873082095E-4
2,16;286,2.675904268370234E-4
2,274;689,-2.675645183523332E-4
2,292;786,2.663576563560681E-4
2,172;962,2.6547675945501104E-4
2,115;995,-2.632569590515667E-4
2,794;839,2.631485505838345E-4
2,170;525,-2.628875266573567E-4
2,646;672,2.6242656617716023E-4
2,592;674,2.6008694522069667E-4
2,740;995,-2.5987447000911393E-4
2,912;987,2.591631251867302E-4
2,26;982,2.590848222584882E-4
2,530;853,-2.5848759316236916E-4
2,632;844,-2.576227292442536E-4
2,229;837,-2.5748639828373365E-4
2,394;973,-2.544983015504896E-4
2,339;492,2.5296399361475784E-4
2,26;592,2.5288614792101833E-4
2,251;780,2.517204284679883E-4
2,383;655,2.502641656538613E-4
2,798;847,2.5022582116639836E-4
2,113;320,-2.47916425274669E-4
2,708;757,2.4750871952827004E-4
2,25;165,-2.469596398837811E-4
2,255;338,-2.4530204645486494E-4
2,818;977,2.4336621738499343E-4
2,28;811,2.428047688680921E-4
2,145;964,2.4231575136095986E-4
2,613;624,-2.4201011507898502E-4
2,539;821,-2.4166371184372734E-4
2,446;771,2.4087054711775644E-4
2,106;967,-2.406462905114713E-4
2,538;801,-2.402204250080789E-4
2,695;725,-2.4016346261379587E-4
2,37;473,-2.3963102168511258E-4
2,485;968,2.3881372422912385E-4
2,337;470,-2.3858252046565372E-4
2,408;768,-2.3785606099178285E-4
2,294;846,2.3677265101747813E-4
2,41;168,2.362150951136821E-4
2,396;800,2.3614112530914749E-4
2,244;484,-2.351550679106135E-4
2,177;515,2.3504049823459366E-4
2,48;443,2.3465457067272288E-4
2,523;949,2.3438164866986473E-4
2,789;951,-2.3436557445716784E-4
2,492;785,2.3352822138840014E-4
2,112;237,2.3327733165842416E-4
2,199;676,2.3098772297480032E-4
2,578;739,-2.3098685241613442E-4
2,238;971,2.3044489725485717E-4
2,195;680,2.30098779053293E-4
2,64;894,2.288071585377322E-4
2,532;692,-2.2764444848678622E-4
2,379;997,-2.2755615525722937E-4
2,563;684,2.2655014164634957E-4
2,111;287,-2.255531658000037E-4
2,467;749,2.2417045513874762E-4
2,145;219,2.2386528022997975E-4
2,392;557,-2.2197212347580664E-4
2,438;447,-2.216060381138354E-4
2,138;247,-2.2158285741672882E-4
2,702;898,-2.2152508831655985E-4
2,291;944,-2.20837813065665E-4
2,194;950,2.207964786776548E-4
2,185;259,-2.1960400210520295E-4
2,305;657,2.194819305497115E-4
2,215;231,-2.1907124007760205E-4
2,117;178,-2.1873963310942463E-4
2,154;939,2.1870128544714784E-4
2,237;494,-2.1844255508912026E-4
2,635;871,-2.170058564389366E-4
2,14;402,2.1696411831336975E-4
2,32;49,-2.1664505026432253E-4
2,174;432,-2.164253280323435E-4
2,247;254,2.1589317074284577E-4
2,495;542,2.1456444891001998E-4
2,437;713,2.144721716955983E-4
2,53;121,2.1432021813029046E-4
2,259;845,-2.1424645162484057E-4
2,803;838,2.1419015199180484E-4
2,267;307,2.134094031186613E-4
2,456;522,2.1332104330245576E-4
2,639;889,2.1300492836733487E-4
2,152;519,-2.125345723807599E-4
2,292;617,-2.1239390261917142E-4
2,484;506,2.1207611208166356E-4
2,335;762,2.1189483473516357E-4
2,420;517,-2.1177044977747206E-4
2,104;511,2.1162548855440554E-4
2,254;931,-2.1156510483230878E-4
2,102;370,2.1123989662504662E-4
2,178;494,2.1120043476428673E-4
2,262;318,2.107573768274829E-4
2,68;149,-2.1034313019939645E-4
2,83;784,2.097937171692179E-4
2,19;680,-2.097836520140924E-4
2,31;509,2.0849628318161137E-4
2,651;918,-2.083037619459955E-4
2,46;643,-2.0813070090961483E-4
2,13;283,2.0802227578124534E-4
2,49;417,-2.0720138431497886E-4
2,560;902,-2.0710267724973982E-4
2,257;279,-2.0693085846666933E-4
2,108;566,-2.0575481557799213E-4
2,873;925,-2.0498774192355236E-4
2,7;639,2.0486554171352445E-4
2,599;604,2.048204599606991E-4
2,9;482,2.045923027535746E-4
2,39;161,2.0420648704505277E-4
2,542;722,-2.0337308188447085E-4
2,297;361,-2.0263565930984462E-4
2,100;928,2.0262950520503177E-4
2,115;654,-2.020491974759077E-4
2,751;795,2.0203560260336834E-4
2,265;440,-2.0145297167331854E-4
2,291;759,-2.0128734519582892E-4
2,636;899,2.0117991658872737E-4
2,637;672,2.01020079704749E-4
2,173;244,-2.0091243077878477E-4
2,309;688,-2.0071923516378984E-4
2,289;675,-2.0068695821564458E-4
2,299;661,-2.0054869793175524E-4
2,106;178,-2.003970507245782E-4
2,317;800,-1.9982987269541653E-4
2,511;922,1.995277057324157E-4
2,288;786,-1.9917452843825413E-4
2,51;123,-1.9909649428951712E-4
2,599;996,1.9904404178742243E-4
2,493;797,1.988540867119719E-4
2,389;767,-1.9879706784931762E-4
2,147;392,-1.9858779725588088E-4
2,562;773,-1.9816614007376295E-4
2,771;969,-1.977738452626906E-4
2,207;587,-1.9719038451026992E-4
2,77;817,1.9715230334617335E-4
2,635;867,-1.9709726085447482E-4
2,139;941,1.970883270357629E-4
2,864;928,1.962688994136683E-4
2,83;788,1.9621315956178182E-4
2,129;411,-1.9559458818783744E-4
2,187;480,-1.9524918861473908E-4
2,399;889,-1.9521263484340688E-4
2,132;211,1.9519209432574482E-4
2,79;618,1.9467542462732975E-4
2,731;879,-1.936699602271228E-4
2,219;385,1.9363485807333286E-4
2,415;950,1.9362666280463625E-4
2,552;705,-1.9314051149571466E-4
2,54;923,-1.9307876349597687E-4
2,36;233,-1.9304315910426755E-4
2,634;695,-1.9301384149538592E-4
2,94;329,1.9295861727440782E-4
2,235;979,1.9284039859534448E-4
2,157;961,1.927832381407202E-4
2,452;969,-1.926222780203865E-4
2,767;857,1.9226871200844065E-4
2,94;879,-1.9206720272345936E-4
2,547;562,-1.9177243142576143E-4
2,746;954,-1.914701428879153E-4
2,688;842,1.9126707348490364E-4
2,185;521,1.9077868550139383E-4
2,430;829,-1.9071228907125071E-4
2,8;397,-1.9038458982647503E-4
2,607;886,-1.90380685539492E-4
2,705;851,-1.9033072316338616E-4
2,148;272,-1.902286664481693E-4
2,207;427,-1.90219223638249E-4
2,678;758,1.902071056228262E-4
2,718;959,1.8956352438409386E-4
2,87;737,1.8906165674707705E-4
2,137;989,1.8889121700391305E-4
2,704;728,1.884997238684236E-4
2,334;578,1.8816761017097014E-4
2,21;751,-1.881446008044318E-4
2,120;121,1.8811924896460858E-4
2,9;945,-1.8796123047913662E-4
2,791;984,-1.8784883842510818E-4
2,380;566,-1.8752581571483334E-4
2,370;611,1.8750327863042255E-4
2,364;908,1.871114619736975E-4
2,719;831,-1.870306587474275E-4
2,495;563,-1.8702184449570958E-4
2,158;835,-1.869702098328681E-4
2,332;885,-1.8672317234589547E-4
2,627;657,-1.8654623531221592E-4
2,570;626,1.8624168206025338E-4
2,37;890,-1.8588235832471967E-4
2,525;984,-1.8575978073989347E-4
2,28;162,1.8558339753227532E-4
2,214;776,-1.8540894360266104E-4
2,104;683,-1.8539583303101874E-4
2,599;616,1.8473271025384487E-4
2,298;485,-1.8462504615207964E-4
2,606;885,1.8449445722482153E-4
2,90;434,1.8444036016651466E-4
2,328;997,1.842006124986166E-4
2,574;673,-1.839335269894902E-4
2,154;643,1.833793595438405E-4
2,208;610,1.8321804668418188E-4
2,780;895,1.8299743467990615E-4
2,640;694,1.8250044791677972E-4
2,272;481,1.8219864488146909E-4
2,707;929,1.8217278049163644E-4
2,150;408,1.821573156196658E-4
2,406;685,-1.818945143882089E-4
2,536;930,-1.8185748589246502E-4
2,494;503,-1.8130537004863143E-4
2,354;780,-1.8118401363041345E-4
2,243;250,-1.811164081540717E-4
2,605;782,1.810702270516095E-4
2,86;466,-1.806694554698888E-4
2,221;696,1.8051020300665445E-4
2,166;531,1.802828381995798E-4
2,196;676,-1.8021495278627224E-4
2,841;990,-1.8009793071838953E-4
2,36;432,-1.7999245964412313E-4
2,412;939,-1.7958138578458277E-4
2,117;191,-1.7945096026261177E-4
2,297;700,1.7921785028213638E-4
2,440;861,-1.7885872359652688E-4
2,488;876,1.7854845882857718E-4
2,169;923,1.778514843715243E-4
2,367;602,-1.778401513545114E-4
2,507;591,1.77680685447407E-4
2,456;586,-1.775505873157534E-4
2,335;647,1.7752286426746377E-4
2,827;855,1.7742478014129448E-4
2,139;813,1.7692758845495516E-4
2,637;650,1.767246668847925E-4
2,808;905,-1.765925216944126E-4
2,729;836,-1.7650698760802725E-4
2,293;544,-1.7647257499103092E-4
2,49;711,1.7638942496245828E-4
2,698;984,-1.763817676698588E-4
2,577;871,-1.763495037036389E-4
2,182;691,1.7604402327799624E-4
2,362;724,1.7576178564597072E-4
2,410;446,-1.754695177622773E-4
2,143;646,1.7544130349482972E-4
2,378;863,1.7532425106330985E-4
2,267;661,-1.752142349598868E-4
2,564;711,-1.7518119027886298E-4
2,20;68,1.748769239258024E-4
2,711;733,-1.746176308572662E-4
2,81;239,-1.741554403865932E-4
2,601;946,1.7414273740023195E-4
2,557;970,1.7379866864531212E-4
2,457;619,1.7356238493976208E-4
2,893;912,1.732330804036531E-4
2,3;63,-1.7281237533554416E-4
2,112;119,-1.7258873477817333E-4
2,3;312,1.7254565088198806E-4
2,86;259,-1.7235911984765501E-4
2,356;601,1.7215826747577168E-4
2,97;841,-1.7169812874243606E-4
2,253;714,1.7151555665279858E-4
2,455;791,-1.7151469503791183E-4
2,427;964,1.7119857618230853E-4
2,0;335,-1.7069376990172492E-4
2,352;818,1.706862283837095E-4
2,176;207,1.701841546765816E-4
2,220;410,-1.6982790860913633E-4
2,580;909,1.6953421142587441E-4
2,125;267,-1.6938735087109507E-4
2,704;892,-1.6936737259181034E-4
2,145;322,-1.6934542054139988E-4
2,421;753,1.690125728267562E-4
2,306;859,-1.6896765280762093E-4
2,274;802,1.6887074229466104E-4
2,355;449,-1.6885702992914392E-4
2,36;614,-1.6873493662684016E-4
2,2;285,-1.6870064639854022E-4
2,271;944,-1.685336179604713E-4
2,598;977,1.6833771301885453E-4
2,83;161,1.6786426662279485E-4
2,462;909,-1.6778893905648268E-4
2,174;201,-1.6768728751235623E-4
2,888;923,-1.675696785094573E-4
2,355;400,1.6724735197288905E-4
2,182;614,1.672038288063344E-4
2,455;539,-1.6697438432844208E-4
2,123;874,-1.6586920034028166E-4
2,717;939,-1.6575803275670775E-4
2,415;706,-1.657531564368047E-4
2,630;859,1.656919622956766E-4
2,294;379,1.6560344479906009E-4
2,422;949,-1.6559100783449416E-4
2,87;854,-1.6544969437996905E-4
2,811;964,1.6541851319722023E-4
2,159;751,1.6520908980487213E-4
2,24;910,-1.650143766960357E-4
2,145;429,-1.6498878763553383E-4
2,335;676,-1.648752155379502E-4
2,111;795,-1.6450911265832046E-4
2,44;916,-1.6449385815929822E-4
2,300;661,-1.6430178322948723E-4
2,741;880,1.6426202049536377E-4
2,438;821,1.6420685840239283E-4
2,324;903,1.6416487102972172E-4
2,65;197,-1.6394713351473392E-4
2,303;614,1.6380241808563916E-4
2,98;702,-1.6333182643992866E-4
2,0;186,1.6289830850795193E-4
2,794;863,1.6259975630688946E-4
2,153;173,-1.625548257402793E-4
2,461;825,1.6246121891478886E-4
2,475;837,1.6232331322255268E-4
2,148;600,-1.6221186633158096E-4
2,779;997,-1.6210469776724326E-4
2,649;900,1.6192062292187288E-4
2,631;896,1.617625012049001E-4
2,419;745,1.6176061750301513E-4
2,559;741,-1.615209782914407E-4
2,479;549,-1.614742499024205E-4
2,86;515,-1.6146642921383887E-4
2,751;998,1.613435392241724E-4
2,175;835,-1.6124646550307734E-4
2,174;639,1.611447939870647E-4
2,532;897,1.6092977596469238E-4
2,241;534,-1.6092137648947213E-4
2,29;491,-1.6091214249109526E-4
2,855;861,1.6088063641199582E-4
2,287;706,-1.608321007594574E-4
2,851;903,1.6061473006717797E-4
2,508;528,1.6025414684610963E-4
2,18;322,-1.6016854253143512E-4
2,343;931,-1.5994591622286254E-4
2,282;583,-1.5994299478659286E-4
2,24;598,1.5971490003363143E-4
2,27;699,1.595805991030993E-4
2,407;449,1.594211929054782E-4
2,687;819,1.5922947686580676E-4
2,409;711,-1.5891971406831464E-4
2,725;819,-1.588336997894127E-4
2,193;813,-1.5844638919986048E-4
2,726;773,-1.5843297726334226E-4
2,665;871,1.581987652145183E-4
2,596;923,-1.5810797779857255E-4
2,508;547,-1.5787508096185953E-4
2,116;358,1.5786509537857264E-4
2,151;686,1.5785975175848575E-4
2,257;435,1.5770010043010736E-4
2,200;648,-1.5741185712808085E-4
2,49;319,1.5730852313727215E-4
2,913;982,1.572772968875447E-4
2,196;454,-1.5724499076415172E-4
2,165;399,-1.5712609506153707E-4
2,479;727,1.5706632519826093E-4
2,11;405,-1.5705503704128111E-4
2,609;847,1.570524296943861E-4
2,450;965,1.568532065469487E-4
2,303;792,1.567841306950582E-4
2,634;849,1.566684689048176E-4
2,140;990,-1.5666490483005985E-4
2,690;803,-1.5660140644024412E-4
2,241;650,1.5627710989919933E-4
2,524;925,1.5619400642133893E-4
2,118;259,1.5595651071052724E-4
2,205;236,1.5579289879450226E-4
2,507;619,1.556994231105025E-4
2,607;811,1.5554190713806742E-4
2,502;733,-1.5550857428395253E-4
2,39;844,1.5530651900800066E-4
2,122;285,-1.550040004138462E-4
2,164;839,1.5473554396935963E-4
2,490;666,-1.547176947679705E-4
2,566;630,1.5447203968845048E-4
2,489;944,-1.5444839365630095E-4
2,167;811,1.5436645361741432E-4
2,190;377,1.5405457155371325E-4
2,505;905,1.538125463467845E-4
2,312;658,1.5369776814882252E-4
2,427;809,-1.5362415428688258E-4
2,530;619,-1.535739690234706E-4
2,814;985,1.5329091932462315E-4
2,206;800,1.532287619131056E-4
2,679;809,-1.532157580725656E-4
2,226;938,1.5318971537176175E-4
2,423;438,-1.5316607854319144E-4
2,648;791,-1.52884131672983E-4
2,181;825,1.528042016176237E-4
2,369;438,1.5272557868709996E-4
2,508;719,1.5267532116550043E-4
2,894;986,1.522768405337319E-4
2,389;644,1.5224848090201527E-4
2,641;786,-1.5212256293692177E-4
2,156;428,1.5197697977101243E-4
2,827;889,-1.5189978302860985E-4
2,142;547,-1.518753126195196E-4
2,331;402,1.518011568185374E-4
2,332;541,1.5164689244760078E-4
2,456;787,1.516380352633039E-4
2,429;553,1.5161582091284176E-4
2,237;709,1.514009276605204E-4
2,56;731,-1.513248749488264E-4
2,497;536,1.5115903062310477E-4
2,280;756,-1.51051216214233E-4
2,394;823,-1.509993839625094E-4
2,370;593,1.5094119422380154E-4
2,327;824,1.5093579266095027E-4
2,360;828,1.508072051068777E-4
2,536;744,1.5058500265171254E-4
2,35;778,-1.5036340818357327E-4
2,761;961,-1.5032181885554484E-4
2,541;729,-1.5027998020466582E-4
2,49;818,-1.4989816023149502E-4
2,756;760,-1.497966664893347E-4
2,412;489,1.4970235460354077E-4
2,590;723,1.4965288011661244E-4
2,298;396,1.4951049161170422E-4
2,183;998,1.488550773699196E-4
2,391;497,-1.4867535104827484E-4
2,501;677,-1.486128267526249E-4
2,339;376,-1.4850411843181463E-4
2,171;323,-1.481998702193539E-4
2,65;445,-1.48070552087033E-4
2,18;54,1.4802603239424993E-4
2,405;420,-1.4785659189607805E-4
2,760;926,-1.4764135007744932E-4
2,176;762,1.4762031335581818E-4
2,269;861,1.4758548396005984E-4
2,116;620,-1.4751230483267514E-4
2,910;979,1.471976709159694E-4
2,871;946,-1.4710264240110565E-4
2,45;582,1.469883242578425E-4
2,171;948,-1.4684333773570308E-4
2,518;958,1.4674782753630223E-4
2,334;653,-1.466364209655609E-4
2,318;460,-1.4652450112490813E-4
2,206;546,1.465169511799723E-4
2,604;919,-1.4636340393824485E-4
2,214;959,-1.462991430071417E-4
2,245;434,1.4603347610626493E-4
2,26;604,1.4602621316830235E-4
2,466;964,1.4572278541935196E-4
2,467;755,1.4565064808228095E-4
2,479;676,1.4563592329691283E-4
2,271;463,1.4561609142136874E-4
2,46;419,1.4552144872632836E-4
2,99;241,1.4541813852572572E-4
2,228;332,-1.4536051302853348E-4
2,222;310,-1.45353057130049E-4
2,114;855,1.4520164270380114E-4
2,385;556,1.4512486680604426E-4
2,52;322,1.451196110469479E-4
2,41;823,1.4511828531078307E-4
2,35;871,1.450936073397504E-4
2,206;544,-1.4504966081489885E-4
2,297;301,-1.4504333200737371E-4
2,290;479,1.4482049021975085E-4
2,598;945,1.4459307041073206E-4
2,239;693,-1.4452544540093193E-4
2,772;883,-1.445129691677111E-4
2,222;798,-1.4439852874990335E-4
2,135;711,1.4430582784435048E-4
2,541;991,-1.441957347761726E-4
2,219;886,-1.4411854412130432E-4
2,173;215,1.4396180719816255E-4
2,356;393,-1.4392076534467687E-4
2,359;550,-1.438983245197435E-4
2,641;922,1.4374448935014375E-4
2,331;777,1.437438910709694E-4
2,94;258,1.436689785558068E-4
2,166;351,1.4350468222971212E-4
2,242;645,-1.4341420326995566E-4
2,231;278,-1.430595394334828E-4
2,666;863,-1.4305435344535533E-4
2,342;570,-1.430147443550773E-4
2,309;901,1.4299582263428595E-4
2,26;271,1.4282596106200384E-4
2,29;806,-1.4276056764116895E-4
2,35;312,1.4272941380618048E-4
2,30;445,1.4271546244193215E-4
2,596;817,-1.424522911099803E-4
2,69;960,1.4210639878471786E-4
2,787;938,1.418304890540203E-4
2,493;919,-1.4159946032867187E-4
2,341;880,-1.415741854221474E-4
2,24;991,-1.4154819216049213E-4
2,283;709,1.415317612149599E-4
2,308;405,1.4147153227287657E-4
2,13;628,-1.414649435517928E-4
2,34;617,1.4143302230420736E-4
2,124;199,1.4137975258665732E-4
2,719;929,1.412774811808949E-4
2,750;897,1.4121947993583683E-4
2,123;682,1.4103317307333847E-4
2,180;288,1.4091602821270167E-4
2,657;852,1.4087630495079369E-4
2,158;996,1.4081859492749344E-4
2,248;696,-1.407147238937238E-4
2,282;919,1.4062430117985758E-4
2,670;962,-1.4055313965748335E-4
2,676;756,1.404979342660913E-4
2,381;568,1.4036114259546913E-4
2,391;583,-1.402301469342499E-4
2,276;526,-1.402088337895882E-4
2,567;741,1.4007317941739882E-4
2,529;982,-1.4003815439485873E-4
2,493;533,-1.3968230064767429E-4
2,104;556,1.3932443223809254E-4
2,638;648,1.3918826627164066E-4
2,153;351,-1.3902529051098889E-4
2,514;659,-1.3900626042579983E-4
2,21;159,-1.3883201467555174E-4
2,589;880,-1.386803504652988E-4
2,664;694,-1.3865607328416346E-4
2,560;628,-1.385992747360958E-4
2,476;752,1.3847153986278082E-4
2,573;659,-1.3839337698109922E-4
2,77;387,1.3836589827835545E-4
2,162;300,1.3834379360020644E-4
2,175;212,1.3826263565077952E-4
2,151;336,-1.3804339262290705E-4
2,347;721,-1.380155252166333E-4
2,68;526,-1.3793059284193267E-4
2,272;846,1.3786015712066003E-4
2,644;700,1.378016745431933E-4
2,625;811,1.3774469751456764E-4
2,538;668,-1.3755644005118573E-4
2,190;396,1.3754443904222285E-4
2,119;520,1.3741757957374894E-4
2,514;750,1.3731489631084188E-4
2,222;844,-1.3728441640651053E-4
2,295;820,-1.370774586945816E-4
2,191;375,1.3698922142787719E-4
2,15;384,-1.369546559836053E-4
2,88;435,1.3684185614464377E-4
2,754;781,1.3671235519940823E-4
2,54;322,1.3670409437134927E-4
2,274;473,1.3665218019985422E-4
2,461;610,1.363184016330884E-4
2,271;873,1.3630550498024686E-4
2,120;689,1.3627024764396032E-4
2,381;771,1.36060428020312E-4
2,19;111,-1.358024664883045E-4
2,686;910,-1.3558203201320253E-4
2,508;954,1.3557998061194064E-4
2,338;480,1.35521548749795E-4
2,125;699,1.3531260869643585E-4
2,159;232,-1.352349024642839E-4
2,153;861,1.351787684047364E-4
2,524;606,1.351423911768175E-4
2,502;736,-1.3489308506379831E-4
2,187;241,-1.3488176848794144E-4
2,129;627,-1.3471883852490162E-4
2,756;789,-1.3467454644083777E-4
2,208;564,-1.3467031688384516E-4
2,88;658,1.3466741868462678E-4
2,234;974,1.346027268615656E-4
2,257;615,1.345998912546002E-4
2,618;925,1.34482710848087E-4
2,96;714,-1.3443101374062375E-4
2,670;678,-1.3440807976149171E-4
2,772;825,-1.343219723707974E-4
2,386;821,-1.3424543446221082E-4
2,343;435,1.3413009093705798E-4
2,182;989,1.341276758752054E-4
2,355;866,-1.3398154844893807E-4
2,681;931,1.339560778644095E-4
2,842;927,1.339389380723654E-4
2,593;930,1.3387984934021125E-4
2,148;887,-1.338110392807322E-4
2,273;284,-1.33626767720249E-4
2,538;982,1.3361100121565887E-4
2,91;107,1.3359340911760936E-4
2,301;475,1.3337821267819507E-4
2,707;864,-1.332066601473444E-4
2,98;139,1.3307470200793614E-4
2,848;855,1.3306808906037943E-4
2,888;962,1.3302252644925935E-4
2,409;803,-1.328737450535986E-4
2,355;978,1.327993230569865E-4
2,50;259,-1.3277147931986373E-4
2,157;883,-1.3266928009513974E-4
2,70;480,1.3266505445120336E-4
2,87;705,1.3263564155002825E-4
2,461;739,1.3255050680343548E-4
2,173;176,-1.3253710903774385E-4
2,468;968,1.3248665050305666E-4
2,372;930,1.3248018335309365E-4
2,387;817,1.324211198054921E-4
2,879;896,-1.323143262340231E-4
2,638;854,1.322719739876574E-4
2,610;820,1.3217261044884087E-4
2,560;955,-1.320914850086534E-4
2,116;366,-1.319040531742039E-4
2,732;895,-1.316448707913292E-4
2,87;456,-1.3161519585795498E-4
2,598;785,-1.3159015402426527E-4
2,964;971,-1.3158577857027537E-4
2,677;855,-1.3158529974117818E-4
2,134;383,-1.315386320160948E-4
2,526;842,1.3151869299776926E-4
2,300;584,1.3137096427316198E-4
2,10;154,-1.3136714157334044E-4
2,190;854,-1.3132776047503314E-4
2,77;470,-1.312755405715731E-4
2,188;466,1.3110341865247023E-4
2,97;484,-1.3108206152237287E-4
2,219;721,-1.310790931380469E-4
2,70;338,-1.3102590163372057E-4
2,236;340,-1.3088645335292964E-4
2,183;193,-1.308285405898547E-4
2,864;882,1.3072726405177082E-4
2,292;317,-1.3071559486548334E-4
2,606;973,-1.305891191412241E-4
2,76;400,-1.3043289201561276E-4
2,624;894,1.3042647023193743E-4
2,443;861,-1.2996989805590537E-4
2,650;685,-1.2993081691605718E-4
2,137;541,-1.2984329354728447E-4
2,203;519,-1.2973398174603002E-4
2,473;958,1.2973193541920697E-4
2,145;421,1.2956482252239132E-4
2,358;464,1.293802331405992E-4
2,232;403,-1.2933734936998957E-4
2,381;930,1.2920141752345343E-4
2,85;435,1.2916863525006962E-4
2,121;287,-1.2914605679457692E-4
2,79;274,1.2910127075775086E-4
2,421;564,1.2907758106454488E-4
2,54;626,-1.2899222359521572E-4
2,805;881,1.2897297142615226E-4
2,663;961,-1.2895186492735007E-4
2,140;207,-1.2865595189399305E-4
2,477;478,1.2860345147081825E-4
2,750;966,1.2853254977183558E-4
2,474;816,-1.284338171602132E-4
2,553;944,-1.2833973904662047E-4
2,313;792,1.280744264701766E-4
2,30;124,-1.279420655761384E-4
2,172;445,1.2780209171655307E-4
2,304;437,-1.2769178338235116E-4
2,759;796,1.2751577393112275E-4
2,107;613,1.274963422144474E-4
2,170;648,1.2745394466566611E-4
2,782;911,-1.2741439298624656E-4
2,359;797,-1.27353902904103E-4
2,462;711,-1.2704583601016046E-4
2,404;798,-1.2699166581621246E-4
2,803;969,1.267548270773306E-4
2,456;701,1.2660396601805375E-4
2,214;600,-1.265631075852794E-4
2,802;847,1.264209481414189E-4
2,159;486,1.2641834319519635E-4
2,409;988,-1.2641658434054618E-4
2,889;945,1.2626589175541989E-4
2,225;477,1.2592879222390554E-4
2,310;576,-1.2572908204897863E-4
2,16;500,1.256505402963854E-4
2,223;686,-1.256228470193402E-4
2,16;284,1.255710256899916E-4
2,41;933,-1.2554305299059188E-4
2,406;868,1.255063179253389E-4
2,385;534,1.255039885621206E-4
2,148;694,-1.2547952834560613E-4
2,58;722,-1.254625345499515E-4
2,758;770,1.2539195058828916E-4
2,255;995,-1.2527989540253386E-4
2,172;872,1.2488661312627948E-4
2,0;409,1.248316403394705E-4
2,420;448,1.2475768133960737E-4
2,605;791,-1.2473381835380125E-4
2,291;464,1.2468565727980917E-4
2,212;835,-1.246370221464066E-4
2,14;409,1.2415281421559793E-4
2,443;850,1.23775132132898E-4
2,397;543,1.236269189981039E-4
2,6;954,1.2353508648224544E-4
2,23;313,-1.2346345311170019E-4
2,484;899,1.2342841303675876E-4
2,825;883,1.2337298613028592E-4
2,442;670,1.232961724225072E-4
2,29;506,-1.229962549686183E-4
2,97;518,-1.2270875581571567E-4
2,88;440,-1.2256935565826664E-4
2,120;724,-1.2252155816033016E-4
2,29;911,1.223532335540502E-4
2,20;147,-1.2209425596540805E-4
2,491;854,-1.2207430055367687E-4
2,456;532,1.2205819013572259E-4
2,285;880,-1.2188685258017938E-4
2,389;403,1.2186696739103023E-4
2,87;303,-1.2184668975538692E-4
2,130;766,-1.217334650704584E-4
2,60;493,1.217228277527788E-4
2,408;563,1.2165726464022879E-4
2,439;691,1.2153261425187602E-4
2,71;235,-1.2151223120209856E-4
2,785;813,-1.2144692185086717E-4
2,472;960,1.2139301789466712E-4
2,820;822,1.2138716020076052E-4
2,201;748,-1.211628976691423E-4
2,217;347,1.2109207930304387E-4
2,499;657,1.2089870699821145E-4
2,665;764,-1.2088288722474372E-4
2,620;913,-1.2087415519723828E-4
2,62;467,1.2070096607978752E-4
2,313;901,-1.2062110231440601E-4
2,269;970,1.2059943566103135E-4
2,275;303,1.2056908107808959E-4
2,536;946,-1.2049098232331702E-4
2,260;513,1.2027513306105777E-4
2,343;414,1.202201585500677E-4
2,652;726,1.20157093280916E-4
2,436;443,-1.2014942395035555E-4
2,548;586,1.2009958054061993E-4
2,238;426,1.1996268841360981E-4
2,134;870,-1.1956480779914059E-4
2,7;120,1.1955155933235678E-4
2,189;654,1.1950297312418118E-4
2,503;852,-1.1943805721684893E-4
2,329;599,-1.1927595311742523E-4
2,398;910,-1.1924631031695866E-4
2,37;494,-1.1901389232917125E-4
2,190;450,-1.1900111864195254E-4
2,291;418,-1.1887950330433319E-4
2,382;900,1.1882810187203943E-4
2,517;798,1.1870259292055326E-4
2,186;628,-1.1856870230105495E-4
2,330;821,-1.1856452857215204E-4
2,577;706,1.1852598433929015E-4
2,600;882,1.1843839124717224E-4
2,692;897,-1.1833745103134492E-4
2,615;945,-1.1833127556416707E-4
2,431;707,-1.1826143533798972E-4
2,351;516,1.1821787867949315E-4
2,21;252,1.1812594820918466E-4
2,20;857,1.181206396992479E-4
2,266;952,1.1809158692683521E-4
2,560;809,-1.1806293080631605E-4
2,303;648,1.1803932806152944E-4
2,254;989,1.1802505253240769E-4
2,72;435,-1.1789458421254017E-4
2,48;485,-1.177288260969144E-4
2,215;404,1.1765562349758257E-4
2,401;414,-1.1743403276873994E-4
2,415;738,-1.1731335737473947E-4
2,757;874,1.1719673180114122E-4
2,198;219,1.1711500670215725E-4
2,197;605,1.1711283727490265E-4
2,685;876,1.1698652123973353E-4
2,608;958,1.1680754407107721E-4
2,83;544,-1.167570901120976E-4
2,138;601,1.1651018814573994E-4
2,352;377,1.165037515904249E-4
2,135;198,1.1625795799225301E-4
2,88;942,1.162108569772634E-4
2,156;611,1.1610529102373891E-4
2,219;712,1.1609556205741235E-4
2,688;761,1.1602875607885346E-4
2,134;222,1.16017992288213E-4
2,110;241,-1.1588844623842676E-4
2,196;451,1.1587174724220027E-4
2,204;870,1.1578102317793587E-4
2,194;283,1.1576425605419159E-4
2,164;858,-1.1557937928711781E-4
2,897;999,-1.1552973552160148E-4
2,561;813,1.154892106255909E-4
2,145;627,-1.1547518060678808E-4
2,17;582,1.154616993512929E-4
2,535;660,-1.15367419016842E-4
2,154;333,1.152681085858055E-4
2,173;477,1.1514002119589995E-4
2,76;208,-1.1511342193672375E-4
2,943;978,-1.149411489860029E-4
2,8;571,1.1485126830331177E-4
2,633;720,1.1485049275029788E-4
2,6;746,-1.1469030019878474E-4
2,96;866,-1.1459302485892655E-4
2,579;846,-1.145639033996514E-4
2,654;732,1.1451398068859672E-4
2,431;904,1.1423830420129263E-4
2,94;135,-1.1417913826791793E-4
2,178;400,1.1417206377857859E-4
2,466;487,-1.1414010190704551E-4
2,728;818,1.1410472906205032E-4
2,144;148,-1.1404299846625014E-4
2,81;705,1.14014815324213E-4
2,34;479,1.1395425863279835E-4
2,278;860,1.1373531332680543E-4
2,376;818,1.1351296338953508E-4
2,111;437,1.1348069261730955E-4
2,80;842,-1.1347598945004232E-4
2,313;405,-1.1343341899052755E-4
2,62;723,-1.1338978106086943E-4
2,903;954,-1.1332607791492202E-4
2,637;979,1.1325298482670743E-4
2,12;335,1.13248488542196E-4
2,545;706,-1.1292612605053757E-4
2,707;882,1.1289397839271586E-4
2,181;478,1.1287759887791172E-4
2,435;858,-1.1272859791455669E-4
2,483;745,1.127140924416061E-4
2,176;862,-1.1266238450388346E-4
2,57;563,1.1262980682466594E-4
2,261;559,1.1260255267070352E-4
2,282;569,1.12562305585604E-4
2,210;729,1.1249688711119656E-4
2,338;465,-1.1249355240949175E-4
2,569;597,1.1245861173466133E-4
2,480;902,1.123513027564953E-4
2,19;566,-1.1230628436742069E-4
2,39;712,1.1230619830236359E-4
2,205;219,1.1228399668123382E-4
2,422;744,-1.1217675020396936E-4
2,4;963,-1.1214773051116475E-4
2,154;322,-1.1204245464796048E-4
2,687;905,1.1194463592829563E-4
2,116;913,1.1191254429415233E-4
2,125;766,-1.1187847391441176E-4
2,418;786,1.1187822189884457E-4
2,343;681,-1.118308669553461E-4
2,412;689,-1.1174810252652979E-4
2,314;445,1.1164528252286252E-4
2,59;931,-1.1154093789760133E-4
2,147;220,-1.1150662015318456E-4
2,523;966,1.1141245751039781E-4
2,235;923,-1.1135011021959109E-4
2,741;895,-1.1128874282970512E-4
2,482;769,1.1121764124889959E-4
2,268;465,-1.1119003111411574E-4
2,350;650,-1.1110847913913305E-4
2,578;689,-1.1106506276954758E-4
2,435;615,-1.1104835216964429E-4
2,891;982,-1.1090987765983495E-4
2,405;495,-1.1088602347641312E-4
2,5;583,-1.1071835506367932E-4
2,333;851,-1.1071441284012557E-4
2,243;724,1.1068565044708855E-4
2,834;977,-1.1067056569731448E-4
2,610;842,1.1065343382860307E-4
2,443;531,-1.1058425573188036E-4
2,746;798,1.1057228949832509E-4
2,431;501,1.1045092248038131E-4
2,178;894,-1.1035407401414694E-4
2,671;676,-1.1028663596513958E-4
2,13;463,-1.1014922436439365E-4
2,516;540,-1.1001437103955808E-4
2,322;939,1.0996789182657942E-4
2,271;299,-1.0993768127024763E-4
2,21;433,-1.098824133811611E-4
2,255;393,1.0987480770728075E-4
2,292;916,1.0985974689210225E-4
2,584;740,-1.0974053683125434E-4
2,447;943,1.097391554351671E-4
2,589;673,1.0965924267130647E-4
2,57;706,1.0962877831725701E-4
2,22;707,-1.0952772419179529E-4
2,547;719,-1.0949894050780056E-4
2,148;295,1.0943780328967973E-4
2,581;589,1.0939189158399643E-4
2,71;979,1.0933874977007262E-4
2,55;862,1.092698237541919E-4
2,312;638,-1.0926317156059647E-4
2,125;417,-1.0903153029867186E-4
2,222;253,-1.0903005638828337E-4
2,239;780,-1.0899372298895583E-4
2,756;993,1.0886712028869423E-4
2,129;171,1.0874543307785171E-4
2,777;851,-1.086911981815512E-4
2,200;515,-1.0834390548351852E-4
2,325;715,1.0814256731094076E-4
2,669;802,1.0810623211263918E-4
2,17;63,1.0810314885261538E-4
2,308;514,1.0802264647518411E-4
2,408;755,1.07986281244062E-4
2,323;364,-1.078306777028308E-4
2,600;816,1.0775755742740812E-4
2,8;543,-1.0772229897976046E-4
2,5;944,1.0761037474900552E-4
2,170;417,1.0755895302468753E-4
2,311;841,-1.073683965618854E-4
2,663;914,-1.0734428560007238E-4
2,475;646,1.0722535907967291E-4
2,6;156,-1.0718265678670397E-4
2,79;639,1.0714842656525927E-4
2,52;378,1.0705847308485932E-4
2,413;457,1.0699992136060048E-4
2,908;935,-1.0684537590453493E-4
2,58;542,1.0673599393153015E-4
2,286;605,-1.067306851456194E-4
2,197;221,-1.0670179693893366E-4
2,176;281,1.0669437055127238E-4
2,824;965,-1.066442262296412E-4
2,224;449,-1.0664393174810361E-4
2,162;509,1.0663619590241117E-4
2,785;977,-1.0661548250154643E-4
2,839;858,-1.0655947479251427E-4
2,155;392,1.0654337793479674E-4
2,597;676,1.0645976491153294E-4
2,374;781,-1.0644604844798648E-4
2,864;870,1.063617764893993E-4
2,10;833,1.0634225798942566E-4
2,10;814,-1.0627699605200307E-4
2,885;899,-1.0625173589827191E-4
2,181;477,-1.0615604680142651E-4
2,180;448,-1.0601958976967039E-4
2,584;995,-1.0596115856022071E-4
2,544;643,1.0583353641536921E-4
2,511;552,-1.0582136639975184E-4
2,385;655,1.057979692533125E-4
2,166;443,1.0579059595113069E-4
2,501;767,-1.0570972646264861E-4
2,100;498,1.0562933203017144E-4
2,175;571,1.0556854677330787E-4
2,541;574,1.0535337671315887E-4
2,216;305,-1.050906040702465E-4
2,742;982,-1.0507725998931252E-4
2,431;929,-1.0500499813657647E-4
2,540;723,-1.0490313360861904E-4
2,336;483,1.0488643879761802E-4
2,525;622,-1.0488620545657973E-4
2,206;293,1.0487608306430964E-4
2,643;892,-1.0484149195659935E-4
2,648;695,-1.0484118209951084E-4
2,205;522,-1.0482168379119227E-4
2,115;821,1.0477776453854344E-4
2,245;590,1.0473727654590354E-4
2,106;653,1.0471864955682294E-4
2,389;745,1.0465704048573758E-4
2,634;824,1.0459627809033554E-4
2,220;691,-1.0457500243348882E-4
2,859;900,-1.0451547370721206E-4
2,210;402,-1.0449629735992486E-4
2,530;854,1.0445456975349158E-4
2,433;509,-1.0439314345576657E-4
2,99;563,1.0431777024831923E-4
2,839;847,-1.0414114274728564E-4
2,300;934,1.040833999147244E-4
2,96;781,-1.0403449694183314E-4
2,564;990,-1.0388383503024578E-4
2,108;750,1.0387974266482683E-4
2,750;780,-1.0384836876305674E-4
2,592;809,-1.037404623595474E-4
2,539;641,1.0372360628476325E-4
2,233;743,-1.0363696769829143E-4
2,706;911,-1.0362040805467914E-4
2,514;918,1.034033093194716E-4
2,10;999,-1.0333242732353376E-4
2,264;870,-1.0320038288246529E-4
2,333;870,-1.0319914659195083E-4
2,117;201,-1.0315790458768643E-4
2,64;970,1.0304067395020313E-4
2,481;682,-1.0303528531460067E-4
2,88;506,1.0291108025135029E-4
2,50;91,1.028979877625277E-4
2,486;731,1.027834077570029E-4
2,233;263,1.0272644825373183E-4
2,497;648,-1.026893307220164E-4
2,756;863,-1.0260206007644747E-4
2,111;234,1.0258497332727607E-4
2,332;878,-1.025623847254466E-4
2,581;958,1.0247745252206878E-4
2,74;939,1.0234037385012948E-4
2,106;935,-1.022638929757938E-4
2,537;640,-1.0217301983032671E-4
2,327;999,1.021310574170147E-4
2,380;789,-1.0211663307172685E-4
2,236;715,1.0209905703105307E-4
2,269;535,1.0206829532102981E-4
2,62;739,-1.0190920046851787E-4
2,581;623,1.0187818411664707E-4
2,861;869,1.0184270742384268E-4
2,929;979,1.018135362609687E-4
2,120;949,1.0164882354161652E-4
2,366;604,1.015790936462421E-4
2,211;244,1.0157096687602666E-4
2,61;254,1.0155076251513852E-4
2,210;519,1.0153632401508238E-4
2,378;552,-1.014679782794359E-4
2,206;526,1.0138113978001841E-4
2,116;799,-1.0134759709470661E-4
2,696;816,-1.012573578842009E-4
2,480;816,1.0121058671402074E-4
2,501;658,1.011776696775704E-4
2,64;618,1.0115339188562094E-4
2,45;253,1.0107210411218855E-4
2,356;576,-1.0097198120732926E-4
2,64;554,1.0093375655119542E-4
2,374;860,1.0079647729815922E-4
2,383;987,-1.0071493700391074E-4
2,103;674,-1.0060419598853057E-4
2,197;792,1.0047554008618335E-4
2,79;572,-1.0046538249902144E-4
2,79;584,-1.0043412567565288E-4
2,519;609,1.0036975042606986E-4
2,723;742,1.003287494776441E-4
2,493;548,-1.0024314701337264E-4
2,70;340,1.0001152472212403E-4
2,31;723,9.993412340282669E-5
2,101;608,-9.984364458222401E-5
2,190;638,9.969857227918028E-5
2,734;928,-9.959859315764928E-5
2,630;907,-9.944320822675045E-5
2,348;493,-9.94264337998043E-5
2,398;800,-9.912776930091841E-5
2,752;880,9.910361095285657E-5
2,563;692,9.908550873562736E-5
2,614;792,9.906675222145916E-5
2,16;826,9.896966219806279E-5
2,374;523,-9.896140279572112E-5
2,413;530,-9.872866686197201E-5
2,83;379,-9.850093325545547E-5
2,937;999,-9.844707088325486E-5
2,129;887,-9.84036181138518E-5
2,274;669,-9.836333754597214E-5
2,626;923,-9.820951147476045E-5
2,244;309,-9.817200045522345E-5
2,514;543,9.811391351643364E-5
2,79;419,9.804512416560054E-5
2,19;932,9.79687536124756E-5
2,294;950,-9.791784330847106E-5
2,435;944,9.791109072786041E-5
2,129;843,-9.786509781979064E-5
2,462;659,-9.783646251412633E-5
2,393;998,-9.77951277020859E-5
2,489;917,-9.776904742112727E-5
2,458;460,9.775962370645562E-5
2,516;970,-9.774753804180693E-5
2,686;953,9.768463599535472E-5
2,153;869,9.758424591415153E-5
2,203;293,9.754289138897915E-5
2,210;215,-9.751815594648592E-5
2,110;891,9.748199324892862E-5
2,918;931,9.740216309286557E-5
2,359;365,-9.73876780404652E-5
2,342;859,-9.732629479285038E-5
2,61;435,-9.72739727481056E-5
2,667;868,-9.719817304851578E-5
2,449;941,-9.698602169515741E-5
2,184;842,-9.683474857466969E-5
2,668;963,9.677115138336643E-5
2,327;912,9.675789881748388E-5
2,232;790,9.674857798468472E-5
2,556;867,9.671754413108744E-5
2,320;844,9.669003538585024E-5
2,445;876,-9.665481969961976E-5
2,225;956,-9.664632994518967E-5
2,304;628,9.658573360373043E-5
2,361;911,9.658401557868648E-5
2,512;530,9.655693140180429E-5
2,62;590,9.649012821293954E-5
2,664;711,-9.626084473013301E-5
2,241;385,-9.58802496168409E-5
2,581;960,9.58714947048611E-5
2,440;830,-9.585534307684215E-5
2,84;786,-9.574430914614622E-5
2,135;281,-9.573367269868368E-5
2,79;885,-9.572545950969631E-5
2,18;773,9.571956089079748E-5
2,60;745,9.569586287641413E-5
2,199;550,9.568245399342499E-5
2,437;994,9.565237023573238E-5
2,48;649,-9.565014534274764E-5
2,337;743,-9.564720551844664E-5
2,312;694,9.55788495787982E-5
2,312;664,9.53812252509364E-5
2,610;964,9.53632705140997E-5
2,557;911,-9.53608496871668E-5
2,516;723,-9.523511492160201E-5
2,56;939,-9.503632758560779E-5
2,28;321,-9.498644243018276E-5
2,821;995,-9.470880180005826E-5
2,570;859,9.46224703697E-5
2,467;856,9.459202753570487E-5
2,598;991,9.451069120503746E-5
2,572;797,-9.450963774962335E-5
2,154;392,-9.447611886965634E-5
2,781;890,-9.444695250604043E-5
2,107;642,9.443905253283078E-5
2,130;392,-9.443684453042476E-5
2,62;742,9.434129205058933E-5
2,510;797,-9.430858715070812E-5
2,35;75,9.429162572213899E-5
2,363;429,-9.426890106635144E-5
2,502;898,9.409604339310037E-5
2,441;840,9.407507273041305E-5
2,62;482,9.402785701582459E-5
2,95;392,9.3993580625201E-5
2,805;887,9.395252745745004E-5
2,378;705,9.391782647280872E-5
2,6;428,-9.38078750866358E-5
2,371;707,-9.377950436676763E-5
2,446;505,-9.369963277016385E-5
2,329;391,9.352506041066582E-5
2,83;583,-9.350127666974393E-5
2,499;649,9.339486455427974E-5
2,77;835,9.332867338079887E-5
2,776;976,-9.326002374378391E-5
2,107;325,9.279628914241105E-5
2,811;941,9.27837397169816E-5
2,100;482,9.266964051969549E-5
2,283;911,-9.259772289953619E-5
2,447;517,9.256213631010924E-5
2,170;445,-9.25269039094962E-5
2,647;983,9.231781469787193E-5
2,519;633,9.229449272573727E-5
2,136;595,9.228350711033857E-5
2,817;890,-9.227313937854906E-5
2,294;415,-9.220516578108996E-5
2,273;835,-9.213963057451253E-5
2,125;895,-9.213812686481475E-5
2,100;359,-9.210403197916721E-5
2,103;623,-9.204979788023408E-5
2,194;819,9.2020336800012E-5
2,189;268,-9.201937203549224E-5
2,618;873,9.198785706365147E-5
2,508;832,9.197877969672544E-5
2,659;962,9.197208989568633E-5
2,229;283,-9.18991729509598E-5
2,295;567,-9.184498450391554E-5
2,460;604,9.179299261082953E-5
2,125;710,9.169253283015682E-5
2,285;357,-9.168582580691111E-5
2,49;125,9.168404288498902E-5
2,790;921,-9.161850592756766E-5
2,535;815,9.16054162045758E-5
2,259;466,-9.160001907672068E-5
2,812;848,9.143891497559037E-5
2,96;662,9.143525545429844E-5
2,450;472,-9.126758929015106E-5
2,501;595,9.115969816346186E-5
2,547;880,-9.107184902220021E-5
2,221;501,-9.104538983430472E-5
2,131;150,-9.103606952341631E-5
2,929;995,-9.096175352954938E-5
2,704;790,-9.083302483602208E-5
2,104;385,-9.082193930251536E-5
2,284;849,-9.0808579182046E-5
2,461;650,-9.07620122428742E-5
2,283;819,9.051948402174032E-5
2,92;677,9.037933055221143E-5
2,303;368,9.034149651588347E-5
2,440;697,9.034049192612865E-5
2,29;526,-9.027228282843017E-5
2,494;683,9.025444395597708E-5
2,887;986,-9.019483182734002E-5
2,57;336,9.000828851717823E-5
2,314;982,8.999485451389928E-5
2,107;234,-8.962924562205731E-5
2,213;237,-8.95205127297835E-5
2,408;583,8.943152082359968E-5
2,64;563,8.933633965762783E-5
2,438;463,-8.917349698537077E-5
2,64;986,-8.903228498036796E-5
2,559;774,8.887620752777155E-5
2,27;546,-8.877641696589548E-5
2,357;435,8.871933713680559E-5
2,595;997,8.865539925644396E-5
2,100;469,-8.8635446346611E-5
2,339;728,8.86132479665583E-5
2,499;855,8.860679551843106E-5
2,555;786,-8.856052899479701E-5
2,120;364,8.853664920160761E-5
2,313;597,8.848156444531484E-5
2,254;480,8.847003891933532E-5
2,171;674,8.836062102773157E-5
2,263;976,-8.829576156978093E-5
2,115;925,8.826480799780908E-5
2,471;828,-8.826020944567609E-5
2,254;435,-8.821736988955345E-5
2,198;375,8.821574727143202E-5
2,180;910,-8.805352697550297E-5
2,84;255,-8.800343858612435E-5
2,155;243,8.799152550758801E-5
2,41;207,-8.798705208653223E-5
2,205;914,-8.798488754166805E-5
2,385;790,8.796604203935385E-5
2,36;938,-8.796410253811686E-5
2,150;819,8.79055209598667E-5
2,478;672,8.788002134485968E-5
2,786;813,8.787829024676328E-5
2,600;829,8.786933120836893E-5
2,589;876,8.784123345935223E-5
2,318;726,8.783488049780773E-5
2,9;23,-8.77481337255085E-5
2,12;647,8.773884134491056E-5
2,97;232,-8.763118369924602E-5
2,272;531,8.746829269868457E-5
2,819;978,8.74041886750346E-5
2,582;670,-8.739020030566694E-5
2,605;751,-8.738706134995353E-5
2,560;863,-8.706173728061808E-5
2,303;338,-8.705436056504216E-5
2,45;670,8.687484818174527E-5
2,128;810,-8.68699326957576E-5
2,643;794,-8.685658412502466E-5
2,242;363,-8.683477400174063E-5
2,860;865,8.674885213638563E-5
2,789;993,-8.666405603857304E-5
2,232;586,8.659178621912753E-5
2,677;976,-8.657821649627655E-5
2,506;812,8.657419585282891E-5
2,59;715,-8.644747886769929E-5
2,123;175,8.644274073794784E-5
2,187;306,-8.641800365959609E-5
2,182;843,8.641347706311758E-5
2,337;667,8.629848616343662E-5
2,475;946,-8.623996856247558E-5
2,312;671,-8.607832459766424E-5
2,682;714,-8.601493816421699E-5
2,316;609,8.599148383662495E-5
2,144;512,-8.584712670481085E-5
2,108;966,8.577725766845824E-5
2,310;509,8.575130750375037E-5
2,809;931,-8.575115790867176E-5
2,267;652,8.571711444634976E-5
2,498;928,-8.570757300977644E-5
2,314;364,8.567329293587713E-5
2,542;543,8.567178186211097E-5
2,787;887,-8.566075718803779E-5
2,879;938,8.546398767863285E-5
2,328;779,-8.545299222847734E-5
2,343;605,-8.533089861453625E-5
2,32;110,8.528932965162372E-5
2,354;750,8.521221917964923E-5
2,48;665,-8.513863922250839E-5
2,223;391,-8.512032676114443E-5
2,353;816,-8.503242614313943E-5
2,659;909,8.491453116964662E-5
2,610;829,-8.491354764578192E-5
2,325;724,-8.490096995043425E-5
2,197;782,8.487213728263372E-5
2,218;546,8.484382083715175E-5
2,149;526,8.475475373425335E-5
2,247;989,8.460154903270539E-5
2,144;870,8.459657238439513E-5
2,240;965,8.441602192330975E-5
2,56;395,-8.428119725531058E-5
2,1;468,-8.422760299596912E-5
2,861;988,-8.415150139792486E-5
2,597;649,-8.409065957702233E-5
2,321;475,8.407366167695245E-5
2,456;914,8.402915611487249E-5
2,385;858,8.402135257083105E-5
2,499;882,-8.399672852502762E-5
2,407;867,8.396497474804392E-5
2,590;895,8.391496214073234E-5
2,750;999,-8.391472224879331E-5
2,683;997,-8.390299255817843E-5
2,280;504,-8.386296597115013E-5
2,279;767,8.385643903474997E-5
2,585;819,-8.381515878688095E-5
2,489;638,-8.352188682210122E-5
2,447;657,8.351791541155216E-5
2,431;972,-8.34992197851124E-5
2,348;370,8.339119796643541E-5
2,255;617,8.335606609969304E-5
2,553;611,-8.326300516386733E-5
2,834;967,8.318004175833887E-5
2,374;467,8.315315487315126E-5
2,686;779,8.31466303927202E-5
2,443;772,8.308012030788067E-5
2,89;605,8.307873802074691E-5
2,706;738,8.302910945668873E-5
2,140;495,-8.300627380138364E-5
2,520;761,8.297249947501162E-5
2,644;948,8.293791443840345E-5
2,709;758,-8.283561734395977E-5
2,241;765,8.279470871360873E-5
2,62;100,-8.277501935324425E-5
2,0;399,-8.275659294251297E-5
2,635;640,-8.271701814110236E-5
2,308;429,8.27049658738083E-5
2,91;757,8.249978212502117E-5
2,644;703,8.248409634866268E-5
2,442;788,8.24766990920619E-5
2,46;745,-8.240210678397171E-5
2,23;890,-8.233460025169674E-5
2,456;689,-8.230643082041298E-5
2,196;570,8.223961023830094E-5
2,27;753,8.220292136693537E-5
2,124;668,8.21996877129193E-5
2,27;904,8.218902072584183E-5
2,330;625,8.217831229363667E-5
2,16;691,8.214943745005309E-5
2,2;714,8.214030835384266E-5
2,292;639,8.212364791574367E-5
2,521;522,8.19283769061916E-5
2,775;984,8.187886096197411E-5
2,136;501,8.182782938243919E-5
2,82;227,-8.181548853987585E-5
2,132;133,8.155376408575313E-5
2,792;963,8.153032236692202E-5
2,208;270,-8.152105404054325E-5
2,137;325,-8.125347929347552E-5
2,524;718,8.125038975967429E-5
2,191;198,8.112641493048061E-5
2,243;880,-8.109715723984403E-5
2,623;811,-8.108631276842374E-5
2,169;888,8.097576456186449E-5
2,110;809,-8.090815970467074E-5
2,563;768,8.086857731404314E-5
2,64;581,-8.084011468960733E-5
2,367;426,8.077744029948073E-5
2,387;843,-8.070593909567828E-5
2,342;761,8.068247665335516E-5
2,238;253,-8.0670805207377E-5
2,398;951,-8.063789018100162E-5
2,96;843,8.052519560830213E-5
2,496;689,-8.04536370950621E-5
2,174;504,8.039138644205873E-5
2,556;807,8.030009518945853E-5
2,58;604,8.022220092208614E-5
2,230;437,-8.021689723983461E-5
2,305;868,-8.011373126623013E-5
2,337;868,8.00602809374001E-5
2,708;874,7.974423180277375E-5
2,54;452,7.957470280905459E-5
2,161;334,7.955482339157221E-5
2,274;468,-7.945872595448957E-5
2,662;866,7.932981884402339E-5
2,132;360,7.930597594450858E-5
2,106;357,7.929471808778206E-5
2,657;855,-7.927238201565423E-5
2,306;480,-7.923731538874523E-5
2,115;732,7.915737042170752E-5
2,482;950,7.89970750030472E-5
2,207;918,-7.888307427727127E-5
2,167;964,-7.885684261423226E-5
2,805;814,-7.877617206763784E-5
2,87;176,-7.875853071071114E-5
2,9;769,-7.871786568987609E-5
2,486;879,-7.867428419427036E-5
2,682;965,7.859941551480903E-5
2,653;809,7.857129935431108E-5
2,781;789,-7.838912843334489E-5
2,312;653,-7.838152555876306E-5
2,100;132,7.831746526789321E-5
2,380;781,7.812087560014974E-5
2,440;561,-7.810045717562268E-5
2,452;938,7.809330963706206E-5
2,309;848,-7.807224588840044E-5
2,353;955,-7.800238848391652E-5
2,224;274,-7.795534445087542E-5
2,107;715,-7.78339030437176E-5
2,97;403,-7.783095973244837E-5
2,361;879,-7.777522581868865E-5
2,120;836,7.773252890971527E-5
2,284;594,7.772268123523203E-5
2,3;653,-7.76348348671923E-5
2,440;506,-7.763104605105952E-5
2,241;478,7.763024920285735E-5
2,473;494,-7.754322033324778E-5
2,287;351,7.752574774403887E-5
2,173;351,7.75187764432144E-5
2,122;831,7.742086194223819E-5
2,801;918,7.73766313714591E-5
2,111;329,7.706086159695274E-5
2,468;746,-7.694584559492538E-5
2,489;591,7.694416293003795E-5
2,468;577,7.693275359397726E-5
2,258;310,-7.689167763736223E-5
2,30;852,7.677698324642154E-5
2,22;646,7.672850203480454E-5
2,683;803,7.663711035604839E-5
2,61;493,7.66182388168957E-5
2,448;910,7.657168960256367E-5
2,80;245,7.654178673175713E-5
2,63;349,-7.654111321824466E-5
2,403;482,7.653345236902224E-5
2,129;657,-7.652204202488907E-5
2,457;996,-7.631426356138314E-5
2,27;333,7.630756901858994E-5
2,675;953,7.62550209518892E-5
2,208;387,-7.624528386915305E-5
2,482;678,-7.61984553492166E-5
2,75;778,7.612811419516229E-5
2,367;595,-7.608197213003959E-5
2,294;916,-7.601745974721428E-5
2,17;759,-7.595126412758106E-5
2,457;961,7.594956149397442E-5
2,4;698,7.587198498158439E-5
2,678;950,-7.586348178266162E-5
2,85;827,7.580993222520394E-5
2,243;312,-7.566108884792608E-5
2,106;927,7.564128332197237E-5
2,817;822,-7.562665687219682E-5
2,230;494,7.562181784610615E-5
2,301;511,7.557056708287602E-5
2,53;972,-7.555553278295515E-5
2,376;492,-7.555435742433358E-5
2,755;856,-7.554520296160307E-5
2,683;838,7.551109647879602E-5
2,320;621,-7.549041318402178E-5
2,911;964,7.547434546749715E-5
2,564;959,-7.544955329055029E-5
2,757;798,7.528535479120119E-5
2,560;756,-7.528451924281004E-5
2,176;283,7.524216105731692E-5
2,203;944,7.500245481330325E-5
2,177;637,-7.500239423348171E-5
2,302;721,-7.490260578283161E-5
2,202;365,-7.484230828752176E-5
2,394;880,7.476074266641682E-5
2,613;642,7.474485939336104E-5
2,154;661,7.47253932258819E-5
2,55;620,7.470105969205564E-5
2,748;887,-7.468485973797347E-5
2,51;319,-7.46576794509059E-5
2,49;110,-7.4544062519969E-5
2,267;875,7.45416482325225E-5
2,522;575,7.452649217753745E-5
2,428;597,7.447369779359208E-5
2,205;712,-7.424870164335806E-5
2,139;702,-7.405946291591707E-5
2,208;608,-7.405699832383443E-5
2,507;541,7.404457087927338E-5
2,332;507,7.39330000829447E-5
2,224;468,7.378723305696498E-5
2,109;785,7.37342584195819E-5
2,811;886,-7.371145109775661E-5
2,42;427,-7.357845394279144E-5
2,932;975,7.354004972770624E-5
2,439;479,-7.337642147154953E-5
2,735;846,-7.33187092660527E-5
2,334;667,-7.326753220757918E-5
2,436;650,-7.307821997052173E-5
2,208;843,7.30468694462382E-5
2,236;961,-7.302849899179018E-5
2,410;725,-7.301675010878156E-5
2,835;996,7.29813335992529E-5
2,507;816,-7.277033535034044E-5
2,444;468,-7.268625098226945E-5
2,1;444,-7.255492894014973E-5
2,56;350,-7.253691984561023E-5
2,323;975,-7.252696248947423E-5
2,116;943,7.246558198792381E-5
2,199;978,-7.243134026618891E-5
2,85;736,-7.239864455519074E-5
2,248;629,7.238422363195275E-5
2,309;917,7.234443773248391E-5
2,568;792,7.227764864150948E-5
2,35;484,7.22479548105269E-5
2,526;688,7.221730745068111E-5
2,424;836,7.221431405633718E-5
2,515;724,7.216308092277958E-5
2,233;979,7.213328818988837E-5
2,347;912,7.203742275563291E-5
2,656;903,7.197240349574522E-5
2,504;530,-7.195509450918268E-5
2,590;809,-7.18988511597461E-5
2,268;654,7.187535643603334E-5
2,806;982,-7.183010219559661E-5
2,385;700,7.181769391437534E-5
2,426;971,7.177138079731382E-5
2,91;361,7.168905013796626E-5
2,766;773,-7.159925431278604E-5
2,47;734,-7.15884867986373E-5
2,816;911,-7.153851510654123E-5
2,202;568,7.149369055027472E-5
2,274;441,-7.140783578897328E-5
2,381;808,-7.140759926893705E-5
2,106;228,-7.136183319847352E-5
2,487;604,-7.13422262263565E-5
2,410;505,7.125774899358903E-5
2,243;765,-7.120787843783205E-5
2,240;450,7.12005315794833E-5
2,105;943,-7.11605119126524E-5
2,228;878,7.115631618376937E-5
2,559;880,-7.113206377390454E-5
2,19;630,7.105012214319678E-5
2,133;458,-7.091133242926596E-5
2,144;975,7.082315030598169E-5
2,265;365,-7.081509055987165E-5
2,707;727,-7.080703575673679E-5
2,329;606,-7.079558625938199E-5
2,446;892,7.070319633336605E-5
2,296;910,7.070008815220438E-5
2,539;922,-7.069933111917966E-5
2,756;895,7.06413130001757E-5
2,790;856,-7.056517505308215E-5
2,208;779,-7.05534991812346E-5
2,38;825,7.040183645621495E-5
2,355;943,7.035241030558619E-5
2,156;419,-7.03237777929841E-5
2,229;985,-7.018228675403973E-5
2,31;880,-7.015193798613561E-5
2,161;300,-6.986271179361716E-5
2,227;330,6.982025989247238E-5
2,477;741,6.981290300565758E-5
2,758;845,6.972810735212947E-5
2,730;787,-6.967610955185568E-5
2,519;847,-6.962769807415336E-5
2,352;777,6.961465437757696E-5
2,209;399,6.958118526983471E-5
2,489;998,-6.95470254949418E-5
2,706;856,-6.951816736418304E-5
2,82;354,-6.933745454109196E-5
2,735;823,-6.929861243940336E-5
2,322;881,6.924381386422548E-5
2,333;874,-6.923821673035539E-5
2,495;990,6.920554352892529E-5
2,186;428,6.913057487912241E-5
2,15;765,-6.907053277858164E-5
2,655;669,-6.901552215805383E-5
2,468;680,-6.899635046689929E-5
2,566;574,6.898666113294383E-5
2,441;825,6.873337964160233E-5
2,864;909,6.86779087643727E-5
2,89;286,-6.866197768114101E-5
2,739;798,-6.856271435212564E-5
2,202;792,-6.856068806881485E-5
2,431;658,6.846244580649449E-5
2,503;805,6.837532121532499E-5
2,784;996,-6.833674505965655E-5
2,117;891,6.829261410018778E-5
2,210;221,-6.827212523132722E-5
2,700;833,-6.825056617615138E-5
2,197;599,-6.819534069156558E-5
2,762;915,6.819439720938246E-5
2,615;889,-6.819023685003014E-5
2,783;984,-6.811168004659328E-5
2,836;969,6.807903048064027E-5
2,342;600,6.8052609237575E-5
2,76;873,-6.798203200007327E-5
2,65;569,-6.793882903738941E-5
2,143;428,6.788228737719814E-5
2,272;383,6.787531540904988E-5
2,258;509,-6.785297803462765E-5
2,372;405,6.784946130278252E-5
2,395;622,-6.782384343132358E-5
2,28;198,6.780491811149257E-5
2,137;239,6.777387546545468E-5
2,22;143,-6.775377112222137E-5
2,393;601,-6.77372937767178E-5
2,148;567,-6.772456617892494E-5
2,39;962,-6.768843072379804E-5
2,483;855,6.75585660072341E-5
2,247;375,-6.750670323506857E-5
2,652;773,-6.749047676983251E-5
2,605;998,-6.745930982964536E-5
2,318;458,6.744454732477934E-5
2,673;876,-6.740944733997826E-5
2,487;744,6.733546007500188E-5
2,445;941,-6.723812659630743E-5
2,690;969,6.721515402367768E-5
2,279;680,-6.720639753507339E-5
2,320;660,6.704085035891423E-5
2,445;852,-6.70071376792103E-5
2,221;282,6.698772354315199E-5
2,706;871,6.695580869349125E-5
2,505;808,6.689594953281105E-5
2,283;361,-6.688586237993012E-5
2,279;857,6.683171802876085E-5
2,229;640,6.676148331816161E-5
2,629;696,6.671308096149819E-5
2,62;749,6.669596358917691E-5
2,341;595,6.659695346511868E-5
2,64;589,-6.659456977478018E-5
2,566;673,-6.648587519407033E-5
2,14;593,6.647985441650276E-5
2,89;168,-6.647553502338945E-5
2,55;811,-6.646304416475203E-5
2,507;928,-6.641807531125261E-5
2,51;175,6.639992679803091E-5
2,744;949,-6.639963683079979E-5
2,173;225,-6.638284836863451E-5
2,904;972,6.622847132407743E-5
2,260;709,6.61726611644246E-5
2,179;536,6.594644383492668E-5
2,758;984,-6.58976277727907E-5
2,310;340,-6.57892794150989E-5
2,155;557,-6.571832887088348E-5
2,760;891,-6.548967045823579E-5
2,232;852,6.548943059141372E-5
2,135;258,-6.538744673903685E-5
2,310;356,-6.53504581960602E-5
2,53;111,-6.528296571330425E-5
2,458;848,6.516287727316047E-5
2,151;483,6.515513519833734E-5
2,91;786,6.495904829286702E-5
2,638;810,6.494949707397694E-5
2,210;873,6.494399090689425E-5
2,376;701,6.48331087381446E-5
2,689;949,6.481955385896184E-5
2,411;633,-6.480448757104587E-5
2,56;905,6.474332196903336E-5
2,140;587,-6.473531690235017E-5
2,207;626,-6.449770438578302E-5
2,74;412,6.4466556600418E-5
2,35;506,-6.444182517264936E-5
2,229;814,6.437076362770963E-5
2,43;165,-6.4197861797924E-5
2,32;345,6.416341077577155E-5
2,600;696,-6.414193042862502E-5
2,254;597,6.413979019299835E-5
2,557;832,-6.408084949454053E-5
2,2;357,-6.395597678192826E-5
2,160;909,-6.388997609274546E-5
2,221;754,6.381341538852418E-5
2,585;687,6.3802727519018E-5
2,487;780,-6.380132349196303E-5
2,255;716,-6.375823579156234E-5
2,714;954,6.371810331246908E-5
2,331;625,-6.35918774069127E-5
2,199;359,-6.354134243408885E-5
2,600;636,6.351840263902799E-5
2,56;717,-6.343373744155102E-5
2,260;308,6.335769608454493E-5
2,450;836,-6.33564693958914E-5
2,304;724,-6.331909555531255E-5
2,416;521,6.328657597937095E-5
2,80;427,-6.320990796302297E-5
2,242;745,6.298986157409103E-5
2,210;629,6.295446964352601E-5
2,134;956,-6.293176846099071E-5
2,241;444,-6.284118501258033E-5
2,77;231,-6.283746077221614E-5
2,314;542,-6.28318492681657E-5
2,286;956,-6.280817572865824E-5
2,29;812,-6.269873921148868E-5
2,579;713,-6.255237447811695E-5
2,105;438,-6.25422700813729E-5
2,223;534,-6.253912757920984E-5
2,409;569,6.244480050588426E-5
2,347;749,-6.227405119423274E-5
2,338;995,-6.227378426960797E-5
2,77;218,6.221465087499206E-5
2,26;479,-6.205029106610902E-5
2,840;996,-6.20390148194027E-5
2,124;502,6.195760412965567E-5
2,626;964,-6.193572991817797E-5
2,395;682,6.181262257987858E-5
2,84;393,-6.179822465688181E-5
2,706;790,6.17101663106638E-5
2,334;925,-6.166897527688821E-5
2,457;530,-6.159988048566244E-5
2,506;850,-6.153446853030312E-5
2,575;735,6.145900645944872E-5
2,394;812,-6.13056795122606E-5
2,221;807,-6.124196389858559E-5
2,401;874,6.121277823676368E-5
2,327;558,6.120573605434492E-5
2,129;425,-6.118688192545791E-5
2,126;252,-6.117669465715058E-5
2,844;968,6.10881398115852E-5
2,338;421,-6.104147562707744E-5
2,123;333,6.102722273429734E-5
2,333;649,-6.099267765149118E-5
2,697;969,-6.092424357165878E-5
2,421;691,6.0822619083484185E-5
2,163;241,6.080310217991833E-5
2,103;210,6.080119009406106E-5
2,16;594,-6.067903488123148E-5
2,63;496,6.0659704723304814E-5
2,192;270,6.0656945842439625E-5
2,615;907,-6.060668815843194E-5
2,175;991,-6.0476182851762304E-5
2,457;475,-6.045792451381986E-5
2,470;743,-6.043932894826297E-5
2,99;684,-6.040249111391011E-5
2,45;238,6.0299552748542026E-5
2,36;372,6.029477308499598E-5
2,27;357,-6.025896515262118E-5
2,403;644,6.021015235424801E-5
2,241;461,6.0171184146372376E-5
2,725;978,-6.0140597639131946E-5
2,171;763,-6.006225299566269E-5
2,9;655,6.00057296527042E-5
2,31;162,5.996926448712844E-5
2,758;799,5.9881968268564846E-5
2,206;892,5.987272139462654E-5
2,269;385,-5.9869766054029204E-5
2,151;779,5.98544961048991E-5
2,634;725,5.982798643087167E-5
2,267;773,-5.981577452684228E-5
2,182;719,5.9764099487237546E-5
2,280;760,5.974204190960429E-5
2,171;263,5.969017551811619E-5
2,183;602,-5.9683722067589413E-5
2,176;229,-5.9679814196619775E-5
2,336;706,-5.9672244090462375E-5
2,571;991,5.9627985684445926E-5
2,653;667,5.957689907468882E-5
2,606;894,5.9575325783058494E-5
2,651;732,-5.95614516338357E-5
2,38;454,-5.954126853507563E-5
2,24;906,5.953532698879934E-5
2,593;611,-5.945360563992329E-5
2,798;839,-5.9431029781731674E-5
2,77;143,5.9351327370243335E-5
2,656;851,5.930800817327003E-5
2,297;879,-5.928927466598148E-5
2,719;843,5.924263328810925E-5
2,196;403,5.905854289376761E-5
2,50;818,-5.900961590364215E-5
2,610;927,-5.8980349233413165E-5
2,41;188,5.894407072940734E-5
2,334;689,5.8919276611579944E-5
2,434;762,-5.8912660662854015E-5
2,762;862,-5.872008898565545E-5
2,143;597,-5.871075363063076E-5
2,69;243,5.86996940832749E-5
2,305;603,-5.866624970274259E-5
2,283;569,-5.865101315204793E-5
2,134;844,-5.861431862174765E-5
2,256;945,5.858794878758171E-5
2,112;520,5.8552045808724264E-5
2,528;832,-5.831393051498631E-5
2,27;387,5.8237932476460405E-5
2,524;810,5.823711448684012E-5
2,3;554,-5.823453736208971E-5
2,384;827,5.81586959235126E-5
2,99;500,5.8155120846466E-5
2,442;931,-5.8134176927593123E-5
2,15;243,5.81214065525026E-5
2,126;796,5.807027578530874E-5
2,147;518,-5.806818815913885E-5
2,267;308,-5.7994303326260946E-5
2,564;624,5.7960155491597693E-5
2,104;301,5.7900312213849864E-5
2,152;847,-5.786944712946518E-5
2,632;968,-5.783516849147925E-5
2,164;231,-5.7818872080520124E-5
2,258;466,5.77795000423569E-5
2,127;469,-5.770680413148148E-5
2,314;543,5.770304514547617E-5
2,688;901,5.7682430926218585E-5
2,448;517,5.761688938687087E-5
2,266;909,-5.7597037263667674E-5
2,56;320,-5.758472560184634E-5
2,604;830,-5.750733220221464E-5
2,162;778,5.748493912977469E-5
2,186;876,-5.7434943304109005E-5
2,28;670,-5.730576588808609E-5
2,419;618,5.7211416612254553E-5
2,303;421,5.721041591289927E-5
2,291;786,-5.7023706429211704E-5
2,600;876,5.702224348653509E-5
2,726;814,-5.699419734523081E-5
2,159;834,-5.697664086214362E-5
2,20;442,5.6962745835395066E-5
2,145;924,-5.691958111725848E-5
2,430;600,-5.682375074933971E-5
2,864;963,-5.679352688806559E-5
2,26;811,-5.678932193792913E-5
2,40;101,-5.675779613653009E-5
2,522;836,5.669137732045422E-5
2,221;767,5.660791475856091E-5
2,1;862,5.658797501692485E-5
2,217;741,-5.653617510614127E-5
2,649;665,5.649675874669625E-5
2,270;779,5.643142693946374E-5
2,190;905,-5.642486236354842E-5
2,730;965,5.640634332273761E-5
2,618;715,5.637674257382697E-5
2,799;917,-5.636329697049186E-5
2,102;331,5.6324651673491406E-5
2,323;951,-5.62406242663384E-5
2,276;660,5.619799111493724E-5
2,438;806,-5.611236243053776E-5
2,500;550,-5.592061484060959E-5
2,378;720,-5.590680460615459E-5
2,341;997,5.590401576076699E-5
2,492;813,-5.5724669886221225E-5
2,191;235,-5.565752904328607E-5
2,132;652,5.5558515914627296E-5
2,692;996,-5.5556117074122086E-5
2,232;548,-5.551453752889872E-5
2,186;629,5.546626927265089E-5
2,374;966,5.5418562296510694E-5
2,510;572,5.5384142173861426E-5
2,50;622,-5.536268681297808E-5
2,252;527,5.5338135774783944E-5
2,231;553,-5.526383630480887E-5
2,76;268,5.5237271896517155E-5
2,687;977,5.493228468017505E-5
2,330;603,-5.492100932916518E-5
2,453;714,-5.4861733355301604E-5
2,555;767,-5.485300744448781E-5
2,400;894,5.480434924967304E-5
2,0;889,-5.47655652642671E-5
2,289;650,5.473746750320342E-5
2,391;566,-5.472514936963073E-5
2,170;449,-5.467925263008404E-5
2,31;884,5.467880086555432E-5
2,375;772,-5.4628606637102855E-5
2,788;931,-5.449896226174822E-5
2,55;392,-5.44958615402939E-5
2,78;942,-5.4376715254260844E-5
2,143;470,5.436074437415235E-5
2,69;304,-5.407651342207055E-5
2,84;91,5.40633815314628E-5
2,194;305,-5.402310125120119E-5
2,473;538,-5.3977489171585456E-5
2,467;781,-5.396145561369463E-5
2,500;548,-5.392467587315736E-5
2,48;772,5.3901116529546156E-5
2,275;404,-5.389270985038404E-5
2,136;556,-5.3860874984625745E-5
2,430;682,-5.3846655679317514E-5
2,331;744,5.382388972908567E-5
2,308;513,5.375735446087117E-5
2,526;904,-5.3709013286187685E-5
2,4;358,5.370313608879579E-5
2,905;946,5.368467983168318E-5
2,112;213,-5.365221544027961E-5
2,730;938,5.3635615679520343E-5
2,103;137,-5.359862476756881E-5
2,28;512,-5.3598340764748136E-5
2,175;487,5.359180197487723E-5
2,660;844,5.357186881012691E-5
2,137;693,5.356849189823965E-5
2,71;148,-5.347299080499148E-5
2,644;891,-5.346108418422842E-5
2,767;964,5.3450600938626624E-5
2,122;880,-5.343279540811594E-5
2,365;440,5.339651053934323E-5
2,704;921,5.3372219720563165E-5
2,36;489,5.336770293961618E-5
2,366;386,5.333551279637416E-5
2,457;641,5.331466904407524E-5
2,6;877,5.314358209099796E-5
2,396;807,5.309411308276106E-5
2,507;530,-5.3016184762084764E-5
2,206;398,-5.299486120948113E-5
2,397;805,-5.298184427468619E-5
2,59;236,5.296535367186995E-5
2,452;757,-5.2943574021955E-5
2,881;950,5.293638076847226E-5
2,325;362,5.288975018663855E-5
2,699;805,5.287653373400682E-5
2,217;895,5.283364788078247E-5
2,252;264,-5.2744442348077345E-5
2,591;888,5.261225878356647E-5
2,183;549,-5.254095652811705E-5
2,328;913,-5.251497491394694E-5
2,96;754,5.239541762685354E-5
2,141;677,5.2360839017321155E-5
2,784;840,5.2354007003571694E-5
2,109;646,-5.229009922581133E-5
2,649;859,-5.222133897498478E-5
2,454;570,-5.219007742401293E-5
2,171;951,-5.2088998614212E-5
2,42;144,-5.208707076205761E-5
2,831;944,-5.2043691376664466E-5
2,396;450,-5.198400859690918E-5
2,183;640,5.1978108767641835E-5
2,601;775,-5.1899398039752965E-5
2,252;757,-5.1877022823110784E-5
2,870;975,-5.18475653084027E-5
2,44;536,5.1845853094534185E-5
2,870;960,-5.1827086948221135E-5
2,261;774,-5.1826174788451265E-5
2,97;815,5.1758298035862253E-5
2,414;605,5.173884171703774E-5
2,86;724,-5.1714702719282917E-5
2,83;997,-5.1601714066511096E-5
2,456;673,5.158616596408322E-5
2,855;988,5.158079522653432E-5
2,108;391,5.153912731584778E-5
2,372;420,-5.1453435508404476E-5
2,855;889,-5.136974492996413E-5
2,213;640,5.123526327202903E-5
2,208;853,-5.1203805543649476E-5
2,88;357,-5.115955865447618E-5
2,713;906,5.107306724463938E-5
2,907;963,-5.101255548015324E-5
2,252;975,5.1000419097384787E-5
2,547;977,-5.0890918977165384E-5
2,357;967,5.082547043769407E-5
2,114;483,5.072782014604452E-5
2,551;651,5.063941519681509E-5
2,24;713,5.0622852021552795E-5
2,21;601,-5.0577666845201095E-5
2,445;759,-5.057464179067332E-5
2,489;689,5.05471177356656E-5
2,284;835,-5.0515252982125964E-5
2,176;943,5.0441083723557825E-5
2,179;272,-5.041436555473938E-5
2,210;787,5.034477865056759E-5
2,450;960,-5.025197454195284E-5
2,333;597,5.016566022209713E-5
2,373;403,-5.0148086814370886E-5
2,122;719,-5.0062515002061656E-5
2,299;610,5.005720585103282E-5
2,480;665,5.0056704146071397E-5
2,309;855,4.9988669996016644E-5
2,326;742,4.995952967792372E-5
2,159;852,-4.9948152648237045E-5
2,558;857,-4.994119806581861E-5
2,718;925,4.9936973291640165E-5
2,221;472,4.987427316715104E-5
2,112;638,-4.9841287745836516E-5
2,262;996,-4.973630479313798E-5
2,54;938,4.9671335192357695E-5
2,268;895,4.953120652935465E-5
2,373;716,-4.945889292065989E-5
2,217;512,4.943857752602149E-5
2,489;799,-4.938480580407435E-5
2,223;888,4.9315350250701493E-5
2,20;558,-4.920890912765162E-5
2,255;619,4.9146559856012726E-5
2,385;833,4.9101164499789505E-5
2,544;788,-4.906748827214812E-5
2,600;899,-4.9062047786620586E-5
2,277;953,-4.901541875157603E-5
2,773;985,-4.896351872869903E-5
2,555;659,-4.887787330365083E-5
2,50;964,-4.880238504403906E-5
2,303;698,-4.8800381386620724E-5
2,458;881,4.8794350429421016E-5
2,120;304,4.877115144611192E-5
2,35;253,-4.874900950392891E-5
2,312;953,-4.870949879395912E-5
2,759;876,-4.8600484072261824E-5
2,584;934,-4.8589581205515876E-5
2,8;407,4.8576436335672506E-5
2,234;261,4.839494970718151E-5
2,26;58,-4.8372648270295955E-5
2,61;797,-4.828019635232858E-5
2,732;860,-4.815543228271993E-5
2,34;439,-4.813114075083691E-5
2,358;963,4.806280804494687E-5
2,168;205,4.799327150749037E-5
2,215;955,4.798687678798588E-5
2,172;382,4.7967918830457896E-5
2,274;584,4.784955554708212E-5
2,52;863,-4.784011428516367E-5
2,405;849,-4.779959645829209E-5
2,354;771,-4.777544976627321E-5
2,957;962,-4.761183009762293E-5
2,48;298,-4.754761186909359E-5
2,484;815,4.754600232219662E-5
2,824;849,4.749579776540121E-5
2,7;539,4.734705645426447E-5
2,228;653,-4.729601236390697E-5
2,554;970,-4.7293428245764326E-5
2,312;676,-4.719750208848758E-5
2,178;444,4.718043635361646E-5
2,208;421,-4.712564549167572E-5
2,96;910,-4.705669980781541E-5
2,23;597,4.704615305009546E-5
2,441;689,4.694444750406207E-5
2,376;714,-4.6907707336339684E-5
2,513;538,-4.688498170597068E-5
2,631;805,-4.6874479801812185E-5
2,14;999,4.682853122524905E-5
2,70;236,4.675738115139143E-5
2,22;38,4.662470951679902E-5
2,691;806,-4.661662232104229E-5
2,14;792,4.6613656554375146E-5
2,266;411,-4.6442522155124945E-5
2,284;405,-4.641968882483133E-5
2,292;437,-4.633178955441164E-5
2,267;839,-4.6305053380439986E-5
2,473;518,4.629071368447528E-5
2,56;190,4.6264245498353854E-5
2,421;576,-4.6195258895582294E-5
2,476;880,4.6091707578930055E-5
2,378;633,-4.605295157961166E-5
2,72;343,4.599428002689159E-5
2,329;907,-4.59915315497496E-5
2,56;682,-4.598537277072813E-5
2,81;296,-4.594151521477401E-5
2,632;668,4.5914181243823194E-5
2,215;275,4.591209461632834E-5
2,623;960,4.574382177699057E-5
2,491;911,4.5732339000640095E-5
2,62;578,-4.57164159934013E-5
2,611;944,-4.570997020368846E-5
2,895;896,-4.5662692249297243E-5
2,620;706,-4.565607602095939E-5
2,170;250,-4.558943822134037E-5
2,381;665,4.5480339833740865E-5
2,271;962,-4.540014069146975E-5
2,84;887,-4.538171132565892E-5
2,437;868,4.5378489189129666E-5
2,739;881,4.5373111787988006E-5
2,603;893,4.532667053331761E-5
2,501;855,4.526580707098976E-5
2,704;818,-4.525988933604756E-5
2,334;814,4.522223582177433E-5
2,451;679,-4.514130125514273E-5
2,288;526,4.513640392628499E-5
2,14;226,4.507135288386516E-5
2,530;734,-4.504037422448506E-5
2,172;941,4.502012219305715E-5
2,66;99,4.4967268470914064E-5
2,209;260,4.49026686477837E-5
2,767;785,4.488509483170619E-5
2,69;302,4.4848475570625545E-5
2,26;806,-4.477540179740559E-5
2,30;645,4.477115013171801E-5
2,52;461,4.468470212927568E-5
2,117;226,4.467912840022707E-5
2,25;43,-4.466610661903861E-5
2,368;648,4.4645198500152706E-5
2,549;644,-4.4622190205294536E-5
2,62;192,-4.450736654776784E-5
2,371;727,4.445634379327379E-5
2,24;96,4.441788484985573E-5
2,462;602,4.435686001268525E-5
2,57;64,-4.420103502517081E-5
2,50;588,4.415329870592058E-5
2,322;429,-4.411414763800625E-5
2,138;200,-4.4105332244298275E-5
2,213;229,-4.4095721512013754E-5
2,503;881,-4.40246499223305E-5
2,337;854,-4.386813707102211E-5
2,454;564,-4.378947131106481E-5
2,21;775,4.377860079221324E-5
2,360;846,-4.37593812500352E-5
2,145;469,-4.371435120965924E-5
2,331;352,-4.3653996596385695E-5
2,69;482,-4.3582642715786046E-5
2,77;278,-4.349756449978219E-5
2,665;771,-4.348745256321002E-5
2,236;457,-4.3481285729760415E-5
2,49;786,-4.3461900553963056E-5
2,546;892,4.344488038409518E-5
2,17;496,4.33841943988622E-5
2,128;524,-4.327995082314649E-5
2,219;698,-4.327815429797881E-5
2,79;332,-4.3217958970472926E-5
2,454;990,4.319762891557029E-5
2,967;977,-4.3197469274156284E-5
2,666;812,-4.3178800043103874E-5
2,403;682,4.317333498718781E-5
2,351;778,4.303292505111164E-5
2,69;184,4.302803405080548E-5
2,549;703,-4.297667377467569E-5
2,699;904,4.297270823717972E-5
2,90;622,4.292783913483962E-5
2,233;929,4.290973569420653E-5
2,355;401,-4.282273986201776E-5
2,419;751,-4.27887634752131E-5
2,551;732,4.277135876738927E-5
2,29;276,-4.271512321123006E-5
2,463;944,-4.271369156103923E-5
2,7;79,4.262199145274501E-5
2,37;817,-4.2562939984751525E-5
2,14;803,-4.242540703029724E-5
2,680;746,4.239997503678325E-5
2,714;733,4.2384998197173023E-5
2,336;363,4.233430501329057E-5
2,401;661,-4.228111936974643E-5
2,549;634,4.2263254419515313E-5
2,477;610,-4.2239037393343033E-5
2,225;689,-4.222538230735891E-5
2,622;984,4.2221126869061834E-5
2,129;462,-4.214281049616032E-5
2,96;733,4.209628203109793E-5
2,250;312,4.208119367569724E-5
2,208;903,-4.207930895436568E-5
2,392;697,4.19873325485564E-5
2,222;340,4.1972643608718774E-5
2,67;325,4.194719577927607E-5
2,295;822,-4.192065287181933E-5
2,709;770,-4.190865227041443E-5
2,72;760,4.181982947154149E-5
2,544;668,4.1807064123380604E-5
2,442;678,4.16679100079321E-5
2,427;925,-4.163736047168764E-5
2,209;300,4.161018176121034E-5
2,257;814,-4.159540487862922E-5
2,729;991,4.152882316651505E-5
2,183;634,4.141611929351026E-5
2,179;481,-4.1393803127080175E-5
2,223;564,-4.117518271708186E-5
2,449;866,-4.1161861928444594E-5
2,305;406,-4.106735870013005E-5
2,172;900,-4.10624430922603E-5
2,809;902,-4.102500705738206E-5
2,451;676,-4.097451835889386E-5
2,576;691,4.0951690899440924E-5
2,509;984,-4.086025748770919E-5
2,329;550,-4.0822766457829784E-5
2,146;862,-4.074368753737577E-5
2,22;881,4.069465362972658E-5
2,457;537,4.059769546101E-5
2,118;157,4.0586472185458675E-5
2,105;853,4.0578225221129585E-5
2,666;908,-4.056088427401068E-5
2,106;908,-4.0548074235477864E-5
2,658;953,4.0529841979383084E-5
2,366;821,4.052277759791807E-5
2,80;590,-4.048247603060699E-5
2,317;916,4.0366725067172135E-5
2,107;974,-4.026042374378536E-5
2,476;846,4.0102459024663484E-5
2,851;891,4.0096401762893506E-5
2,615;630,3.991666199787661E-5
2,533;548,-3.9825661946526996E-5
2,98;522,-3.981218783792379E-5
2,7;121,3.980664259141188E-5
2,76;689,3.976800933305117E-5
2,221;565,3.971532381588411E-5
2,623;870,-3.9700146913800416E-5
2,385;669,3.966544588443162E-5
2,475;760,3.964677393320097E-5
2,15;314,-3.964416806384914E-5
2,755;844,3.960060597610668E-5
2,172;828,3.9531320007987426E-5
2,456;949,3.942525520064247E-5
2,292;462,3.939616316655806E-5
2,787;873,-3.93848235682511E-5
2,701;818,3.937951443742489E-5
2,13;569,3.9241300699396676E-5
2,188;258,-3.913989712498969E-5
2,794;873,3.9104914926480535E-5
2,224;407,-3.9104107915428916E-5
2,299;873,3.909126427180268E-5
2,49;579,-3.903370057547867E-5
2,767;971,-3.902742768591211E-5
2,700;948,-3.893405800779623E-5
2,91;621,3.891428024715554E-5
2,364;975,-3.8875650740546175E-5
2,73;566,3.878305872143403E-5
2,207;964,-3.8773661876706664E-5
2,316;519,-3.875596190254188E-5
2,891;926,3.8731189632051367E-5
2,398;979,3.869463298736924E-5
2,60;775,3.8622525637638264E-5
2,300;778,-3.862131771979631E-5
2,366;943,-3.861664232621058E-5
2,13;186,3.8495393442612064E-5
2,430;446,3.84678422912763E-5
2,755;990,-3.840281474477712E-5
2,335;409,3.838106890934463E-5
2,161;885,3.8213269346947186E-5
2,49;564,3.821099173961282E-5
2,100;127,3.810914069337505E-5
2,35;825,-3.8050075902075684E-5
2,200;638,-3.804435582641159E-5
2,817;936,-3.804127645843121E-5
2,248;328,3.8021449578216236E-5
2,34;860,3.7972521713039606E-5
2,1;146,3.7965418928464096E-5
2,16;99,-3.792965830599955E-5
2,117;235,3.788051080118073E-5
2,274;538,3.777616808228054E-5
2,252;979,3.777457047090624E-5
2,83;930,3.776655010515463E-5
2,677;697,3.7751481591039E-5
2,215;601,3.760283799912273E-5
2,462;733,3.75345709053172E-5
2,402;625,3.7479328159022096E-5
2,334;805,-3.73369112150401E-5
2,95;998,3.73272938665859E-5
2,3;207,-3.7314802166779055E-5
2,746;757,-3.7309579249675696E-5
2,426;796,3.72692787998527E-5
2,940;946,3.714493621016526E-5
2,245;762,-3.7075803032704176E-5
2,546;699,-3.707536658791684E-5
2,435;489,3.6958948939022644E-5
2,406;876,-3.695715681200383E-5
2,184;482,-3.6886596440515824E-5
2,466;554,-3.683061961087629E-5
2,299;675,3.666547803801672E-5
2,600;639,3.665556398195713E-5
2,271;888,3.66030410868948E-5
2,560;687,-3.653320423909787E-5
2,716;810,-3.6512045869558876E-5
2,116;268,-3.650651747356584E-5
2,267;710,-3.6497771342106425E-5
2,468;485,-3.6473322065209925E-5
2,879;895,3.645616513899455E-5
2,307;730,3.6432555001689185E-5
2,409;597,3.640125917491439E-5
2,261;918,3.63956054446231E-5
2,49;555,3.639445562689017E-5
2,234;918,3.6372742412825996E-5
2,709;879,-3.6315394048179795E-5
2,417;449,3.623008451517932E-5
2,174;409,-3.612096538515007E-5
2,795;905,3.608744652113283E-5
2,284;396,3.604548106918894E-5
2,181;461,-3.598119604962252E-5
2,12;763,3.591409604058705E-5
2,475;996,-3.5848144415940076E-5
2,825;949,-3.56974241788538E-5
2,271;935,-3.566081757455446E-5
2,691;989,3.565750352423285E-5
2,379;846,-3.5647259196384895E-5
2,721;886,-3.560840977687853E-5
2,9;456,-3.5562489457640856E-5
2,76;687,-3.551286997782038E-5
2,193;640,3.550051667144362E-5
2,56;549,3.5495407726657366E-5
2,458;739,3.545628394878615E-5
2,269;660,3.5417784538839814E-5
2,112;312,3.541109846602743E-5
2,402;771,3.540560061007506E-5
2,26;289,3.531529000623722E-5
2,10;232,-3.5267985082049955E-5
2,302;347,-3.5201816023988254E-5
2,220;392,3.5090504065612524E-5
2,22;544,-3.508016192114082E-5
2,633;854,3.504226322412395E-5
2,31;640,3.497562168511022E-5
2,565;696,-3.497071119403264E-5
2,297;352,-3.493356223057488E-5
2,77;365,-3.492178643871101E-5
2,32;920,3.49150340941117E-5
2,296;686,-3.4858110945999584E-5
2,676;978,3.482353741060705E-5
2,105;369,-3.479649535452714E-5
2,308;495,-3.4792268908878056E-5
2,549;727,3.476899764063278E-5
2,674;853,3.4694354023041036E-5
2,77;935,-3.46405082150109E-5
2,211;484,-3.4591228972446114E-5
2,383;458,-3.45460421813809E-5
2,66;138,3.453868882989421E-5
2,592;780,3.4517885835391756E-5
2,31;276,3.4410072678224744E-5
2,564;920,-3.4385938148204314E-5
2,39;755,-3.4322620219968016E-5
2,190;352,-3.423888613241913E-5
2,172;471,3.417515580185535E-5
2,132;657,-3.4124783664059325E-5
2,275;802,-3.39727972854674E-5
2,168;522,3.390939390530438E-5
2,355;456,-3.3678184444465884E-5
2,9;457,3.364896457800154E-5
2,306;329,3.357990341177365E-5
2,26;290,-3.3460044973313595E-5
2,666;794,3.3409262774087955E-5
2,236;914,-3.33709139834773E-5
2,659;957,-3.333929760601939E-5
2,305;427,-3.328128248232247E-5
2,273;998,3.323969344268843E-5
2,597;931,-3.31371639540044E-5
2,0;876,3.3123086169023266E-5
2,318;814,3.298121832020612E-5
2,12;767,-3.266341479941079E-5
2,210;623,3.262947473985495E-5
2,454;825,3.255758024840583E-5
2,732;756,-3.236626066340086E-5
2,655;945,3.230192411624289E-5
2,132;447,3.2286206166571434E-5
2,217;799,3.225716633218445E-5
2,267;401,-3.2164487778424096E-5
2,452;697,3.215930959062048E-5
2,241;809,-3.2087544837895E-5
2,357;650,3.205901366507181E-5
2,283;315,-3.198710024754156E-5
2,477;806,-3.196337877991305E-5
2,446;969,3.193960830097108E-5
2,35;658,-3.179419727213037E-5
2,62;326,3.1749873203393345E-5
2,60;984,3.171768818023676E-5
2,295;883,3.1679525428462044E-5
2,289;685,3.159397507031782E-5
2,129;323,-3.14343617247379E-5
2,572;855,-3.142823547377903E-5
2,11;992,3.1404198334254164E-5
2,139;391,-3.133832297557627E-5
2,520;702,3.132302537965347E-5
2,372;593,-3.129919731259882E-5
2,522;787,3.116254968714578E-5
2,853;903,-3.114989330475879E-5
2,125;805,-3.111807171874555E-5
2,342;961,3.108747122749663E-5
2,579;997,3.103593573548573E-5
2,201;970,3.101041505510599E-5
2,111;494,-3.090777726796001E-5
2,552;922,3.090037342952498E-5
2,392;998,-3.08990452742615E-5
2,463;616,-3.0848042661482054E-5
2,102;744,-3.084139083505116E-5
2,289;811,-3.080934757204911E-5
2,609;802,-3.075852370461668E-5
2,510;560,3.070674870589542E-5
2,252;637,3.054990657307058E-5
2,468;494,3.0507047057585667E-5
2,149;295,-3.0404487270688438E-5
2,118;883,3.0385452436745147E-5
2,280;530,3.0355495410198233E-5
2,15;982,-3.03495224589629E-5
2,348;361,-3.030039722175837E-5
2,123;965,-3.026672251818023E-5
2,736;827,3.0239413789229314E-5
2,460;599,3.0236615862845747E-5
2,116;464,3.01936869519068E-5
2,108;990,-3.0169975381091855E-5
2,194;881,3.011990559677734E-5
2,104;632,2.975920649270361E-5
2,625;941,2.9725806323203736E-5
2,347;653,-2.9708746144529925E-5
2,65;599,-2.9689126012618763E-5
2,231;607,-2.9669564143403006E-5
2,591;638,-2.965930036256223E-5
2,564;686,-2.9624041582212574E-5
2,657;659,2.9620703314464564E-5
2,569;919,-2.9616592624041995E-5
2,92;976,-2.9541426629770774E-5
2,416;522,-2.9529522627649726E-5
2,734;853,-2.948390117586186E-5
2,175;911,-2.9438176415924222E-5
2,46;500,-2.9427909847027284E-5
2,538;714,-2.9388069232634735E-5
2,405;698,2.9188697088196075E-5
2,40;80,-2.9129973080019077E-5
2,486;834,-2.9090253763043183E-5
2,247;772,-2.9042889267325566E-5
2,423;463,-2.8779477715100866E-5
2,7;660,2.877155016442476E-5
2,302;784,2.8657745381263382E-5
2,93;338,-2.8602736853443277E-5
2,91;348,-2.8512507498500666E-5
2,291;831,2.849237982593371E-5
2,106;648,-2.8486882343100122E-5
2,264;527,-2.8481469798242925E-5
2,29;52,2.8427036287911685E-5
2,719;995,2.842573843803424E-5
2,145;911,-2.8362623422062028E-5
2,100;211,2.826626112560035E-5
2,155;724,2.8243500831728358E-5
2,370;493,2.8237178490557876E-5
2,353;507,2.823546195324142E-5
2,98;575,2.8100508654063607E-5
2,18;766,-2.79597338169056E-5
2,392;643,-2.7893410163498667E-5
2,91;320,-2.7850609820952666E-5
2,434;529,-2.7828937389197936E-5
2,450;576,-2.7806474724503E-5
2,161;712,-2.7785566518829423E-5
2,269;557,2.7776580840731618E-5
2,340;916,-2.770973216002415E-5
2,579;818,-2.766826877860834E-5
2,367;796,2.7649614617211355E-5
2,737;956,2.7627167363978177E-5
2,284;511,-2.7599297986890122E-5
2,84;748,-2.7527262866620424E-5
2,203;545,-2.752445404252442E-5
2,77;271,2.745673268102744E-5
2,12;825,2.734105360746664E-5
2,391;534,-2.7290522845950377E-5
2,108;841,2.717678787650822E-5
2,297;921,2.702771147817472E-5
2,110;851,2.6944296753154478E-5
2,60;389,2.686369155599358E-5
2,252;388,2.68544294041323E-5
2,646;785,-2.6825708764727604E-5
2,570;981,-2.6727464926329213E-5
2,421;469,-2.6700383040433192E-5
2,80;184,-2.6633441401771942E-5
2,162;198,-2.6434950559327348E-5
2,417;445,-2.6428535413242847E-5
2,220;725,2.6309796556376135E-5
2,438;539,2.6263743802491525E-5
2,233;489,2.6184583976293086E-5
2,282;754,-2.6182917619511677E-5
2,794;902,2.6105985240182693E-5
2,467;916,-2.6101137885701676E-5
2,148;531,-2.6097931376293334E-5
2,843;914,-2.6029058773719887E-5
2,385;856,-2.6026579767155167E-5
2,228;743,2.6008715520330532E-5
2,687;955,-2.6004710180980494E-5
2,487;571,-2.5976485742602557E-5
2,267;394,-2.5975170489477202E-5
2,770;898,-2.581215221000617E-5
2,106;497,2.5674910711745964E-5
2,179;930,-2.5629548125620157E-5
2,82;330,-2.560581457457363E-5
2,178;927,-2.5598608539530525E-5
2,32;640,-2.5574350484582772E-5
2,139;329,-2.556194128799119E-5
2,586;673,2.5540530476061183E-5
2,305;964,2.552596796142802E-5
2,187;765,-2.5490924789615026E-5
2,812;996,2.5459714924114112E-5
2,298;385,-2.5456262903484225E-5
2,347;799,-2.5378976821410492E-5
2,312;686,-2.532764329906706E-5
2,640;723,2.532566734388836E-5
2,221;689,2.5282406259944545E-5
2,792;901,2.525779857865962E-5
2,612;832,2.5126866032069608E-5
2,204;333,-2.4942942132208212E-5
2,344;925,2.4937624438009288E-5
2,315;709,-2.491127018860459E-5
2,459;737,-2.4898370783680653E-5
2,909;952,2.489520460723939E-5
2,49;340,2.4841616974097257E-5
2,682;954,-2.4811803064422876E-5
2,661;675,2.4810264692727915E-5
2,475;537,2.474530791330379E-5
2,494;852,2.4710660746843625E-5
2,334;885,-2.4677492319175584E-5
2,76;909,2.4670233832457438E-5
2,763;825,2.4648131663982636E-5
2,907;916,-2.4439969525588635E-5
2,180;526,2.4360061925029195E-5
2,10;327,-2.4337762109242627E-5
2,244;735,-2.4335423206156297E-5
2,126;759,2.4293060222359678E-5
2,139;449,2.427870970976863E-5
2,639;793,2.422820232479661E-5
2,357;436,2.41657895366776E-5
2,346;485,2.4165566568366048E-5
2,303;405,2.4032314238210536E-5
2,67;137,-2.3832811872025254E-5
2,231;601,-2.3823971237553282E-5
2,461;477,2.3792727114348225E-5
2,228;233,-2.3791028297239365E-5
2,207;933,2.374973149945378E-5
2,251;487,2.3747558951435072E-5
2,482;665,2.3683856396075843E-5
2,4;984,2.3633590479822846E-5
2,351;970,2.3616612677211406E-5
2,63;487,2.3608586463362433E-5
2,82;771,2.3531366937147844E-5
2,125;780,-2.3525988992409807E-5
2,750;918,-2.3463814536514723E-5
2,22;789,-2.3416367983211144E-5
2,164;607,-2.3400846671100888E-5
2,463;599,-2.3372107617203363E-5
2,121;972,-2.335665572257148E-5
2,330;893,2.3347172632072715E-5
2,815;924,2.3286190420700072E-5
2,199;668,-2.3219287384341746E-5
2,201;432,2.317249261852136E-5
2,33;66,2.3150762880616792E-5
2,200;601,2.314882479876311E-5
2,22;643,2.3115716209725287E-5
2,436;850,2.310421225210299E-5
2,216;235,2.310345891090038E-5
2,50;107,-2.3070522824060745E-5
2,232;833,2.306351869357158E-5
2,26;809,2.303915810570212E-5
2,419;611,-2.303871608228472E-5
2,812;973,2.302781000702106E-5
2,321;670,2.2956779198612915E-5
2,545;930,2.2903970949127384E-5
2,732;865,-2.2899134951420473E-5
2,111;121,-2.2853287528157367E-5
2,42;148,-2.2828663300565392E-5
2,638;716,-2.2788313518629894E-5
2,50;845,-2.272301792436818E-5
2,507;888,2.2654883879667117E-5
2,510;628,-2.2623838184720927E-5
2,246;502,-2.255778473255911E-5
2,333;387,2.2534198850832107E-5
2,103;171,2.2451897967010664E-5
2,745;779,-2.24230101645035E-5
2,141;697,2.2411439678362914E-5
2,430;558,2.228463511267703E-5
2,753;849,2.2068352844773472E-5
2,449;463,2.206599994084993E-5
2,689;873,-2.205517551744181E-5
2,15;827,-2.2036690600911666E-5
2,653;931,2.202504178230309E-5
2,592;853,-2.200737053590547E-5
2,279;814,2.2007110986407284E-5
2,576;581,2.1973882238143256E-5
2,272;841,2.1961227281151604E-5
2,364;666,-2.1874396908299746E-5
2,124;246,-2.1688911989946672E-5
2,308;363,2.16084385648907E-5
2,885;973,-2.1608043487449353E-5
2,105;354,2.1536786942709275E-5
2,958;960,-2.137095076855494E-5
2,333;661,-2.1325903684755567E-5
2,221;510,2.13188617478888E-5
2,56;479,2.1278623735411243E-5
2,230;866,-2.123364182241208E-5
2,545;620,2.122612845888719E-5
2,542;563,2.1208090835358963E-5
2,430;892,2.1182132914255636E-5
2,497;583,-2.1107771975935748E-5
2,392;521,2.1041786542732255E-5
2,428;629,2.1015005738760945E-5
2,80;101,-2.0999730775248305E-5
2,324;817,2.0897185590645547E-5
2,392;620,-2.0843426843951007E-5
2,198;942,-2.0813949686334336E-5
2,453;538,2.0786637442522002E-5
2,314;702,2.074050048514499E-5
2,294;467,-2.0680873627986334E-5
2,872;962,-2.0663207255943993E-5
2,253;825,-2.0662456624688435E-5
2,402;729,-2.0640902004014516E-5
2,561;697,2.061912304098816E-5
2,132;458,-2.0515087549884222E-5
2,18;664,2.0508335821426847E-5
2,763;948,2.0458975953631844E-5
2,644;982,-2.041047399563041E-5
2,32;694,-2.0402417590409408E-5
2,606;984,2.0376314292007106E-5
2,269;858,2.0295877855643783E-5
2,11;251,-2.0261670893074068E-5
2,239;592,-2.0252792956145002E-5
2,365;835,2.02498322112004E-5
2,478;637,-2.0147643033334745E-5
2,77;546,1.998000238975338E-5
2,171;901,1.9934660255841173E-5
2,581;809,1.9744679308408813E-5
2,252;911,-1.967568555047468E-5
2,408;990,-1.966456748985952E-5
2,185;598,1.9624698083729688E-5
2,456;663,-1.9604883947423227E-5
2,157;663,1.958438728796365E-5
2,170;695,1.955240179462156E-5
2,420;994,1.947329924317992E-5
2,617;639,1.945067417655709E-5
2,625;821,1.9436921542249948E-5
2,506;824,-1.9418506401441772E-5
2,637;866,1.9418428835109346E-5
2,689;729,1.939233981705865E-5
2,66;247,1.9344665020881323E-5
2,269;443,-1.933205822719973E-5
2,34;278,1.9325553350358683E-5
2,215;244,-1.92947274392543E-5
2,799;984,-1.9289420167705212E-5
2,51;938,1.9271451034519814E-5
2,536;905,-1.924949776412538E-5
2,13;449,-1.9167097172509918E-5
2,154;814,1.913787722656293E-5
2,447;494,-1.913512055760927E-5
2,576;809,-1.9107531740802166E-5
2,6;907,-1.9064568426976694E-5
2,293;944,1.906331057816893E-5
2,18;711,1.902958185807936E-5
2,33;99,-1.9010521377101438E-5
2,335;479,-1.8985416264189827E-5
2,226;593,1.8976119016001477E-5
2,215;353,1.8961216212643143E-5
2,122;296,1.8944766554469792E-5
2,507;668,-1.888623222907368E-5
2,41;89,-1.8883123447346036E-5
2,524;894,-1.887856465125404E-5
2,357;753,-1.887580802652185E-5
2,207;943,1.8846347074009756E-5
2,535;547,1.884177808845737E-5
2,485;941,-1.8838727724143066E-5
2,7;455,1.883774416278704E-5
2,36;182,-1.8764224708439066E-5
2,595;602,1.873287115501314E-5
2,617;722,-1.8731166508192858E-5
2,149;883,-1.8715723302057493E-5
2,144;217,-1.8561922205562048E-5
2,333;705,1.851977998031501E-5
2,437;628,1.8485033983249937E-5
2,374;752,1.8478964746805214E-5
2,69;413,-1.8425109403516452E-5
2,388;757,1.8381261385027852E-5
2,457;786,1.83537357143584E-5
2,83;381,1.834986892292659E-5
2,751;905,-1.833591977413601E-5
2,440;988,1.83075336427546E-5
2,193;561,-1.8301652241825965E-5
2,351;706,-1.8208008821303052E-5
2,632;683,-1.81690262345858E-5
2,711;988,1.8152607076174526E-5
2,438;517,-1.8132879422294134E-5
2,327;965,-1.812945267546519E-5
2,877;907,-1.8129170892136835E-5
2,458;812,1.812266278169611E-5
2,460;707,1.8063401129462962E-5
2,255;373,-1.7932461278176728E-5
2,46;548,1.7892998790078913E-5
2,38;789,1.788790123417826E-5
2,254;665,-1.7864909273870635E-5
2,389;785,-1.776860059028282E-5
2,117;582,-1.7726776150658137E-5
2,195;423,-1.7712548037804685E-5
2,19;795,-1.7704590341800247E-5
2,851;922,-1.7683210324647882E-5
2,17;291,1.7652209417419366E-5
2,8;30,-1.7620168245819966E-5
2,340;907,-1.760014756855813E-5
2,263;901,1.757637123260998E-5
2,203;773,1.746780854128907E-5
2,137;574,-1.7465880479280647E-5
2,126;911,-1.74196577652075E-5
2,96;914,1.741050103836067E-5
2,64;715,1.7409172213164016E-5
2,227;683,-1.7392675044681617E-5
2,73;380,-1.7382544427080123E-5
2,930;994,1.7283069588483288E-5
2,475;640,1.7267206298331797E-5
2,323;843,-1.7201136263204604E-5
2,692;917,-1.7114756965976557E-5
2,816;902,1.7077456945053582E-5
2,3;487,1.7035466149666097E-5
2,43;450,1.7022319294990594E-5
2,564;765,-1.6988614638965714E-5
2,130;697,1.694204756874386E-5
2,145;836,1.6883790512887078E-5
2,264;864,1.6740977514623417E-5
2,50;352,-1.673663651438004E-5
2,43;576,1.6648312142710704E-5
2,747;818,-1.663310009214075E-5
2,166;778,1.658035417999937E-5
2,286;737,-1.657440578648474E-5
2,135;735,-1.6445267731928227E-5
2,327;987,1.6424775472111906E-5
2,93;403,1.6357786214840643E-5
2,14;937,1.6270057589940044E-5
2,202;359,1.6253174174419294E-5
2,350;984,1.62452693051401E-5
2,475;672,1.623564090592225E-5
2,185;392,1.613916917292857E-5
2,538;913,1.609339524535573E-5
2,268;799,1.6044412139711737E-5
2,136;807,1.60306020067697E-5
2,523;825,-1.6008584477870443E-5
2,839;902,1.6003445776484715E-5
2,73;665,1.5931183460611883E-5
2,649;882,-1.589468156721248E-5
2,398;789,-1.582956191606799E-5
2,76;465,1.5792809464355297E-5
2,653;749,1.5786575647849383E-5
2,352;806,-1.5783124680432954E-5
2,733;736,-1.5758209204454254E-5
2,303;456,1.5664015766844662E-5
2,327;430,1.557794556065012E-5
2,515;637,-1.5516377702968682E-5
2,39;670,-1.5506207978585736E-5
2,16;439,1.5500084070542016E-5
2,9;287,1.549264684802336E-5
2,76;580,-1.544737519375189E-5
2,563;917,1.5310924606871292E-5
2,545;804,-1.5281596629090884E-5
2,747;977,1.5250655524426781E-5
2,272;735,1.5191119743730484E-5
2,475;871,-1.5145044742353953E-5
2,564;894,-1.5140357465197763E-5
2,352;438,1.5070395374798276E-5
2,538;647,1.4979071003311556E-5
2,231;429,1.4941561806244202E-5
2,888;947,-1.4897090874239516E-5
2,63;986,1.4795726114386496E-5
2,801;943,-1.4769797279788444E-5
2,349;986,1.4663523187590107E-5
2,30;242,-1.4641585361297754E-5
2,50;743,1.4510955674622073E-5
2,52;739,-1.4459346161762518E-5
2,418;816,-1.4458486080376546E-5
2,209;661,1.4443271753131815E-5
2,87;237,1.4443140413983243E-5
2,723;982,-1.4369527937349359E-5
2,239;705,-1.4335402313675847E-5
2,448;488,-1.4327157430541846E-5
2,120;314,-1.4285752162713064E-5
2,31;589,1.4245748155102821E-5
2,434;622,1.4221251469548016E-5
2,502;770,-1.4203281595119689E-5
2,307;965,1.4151755087063456E-5
2,276;884,1.4141028012590456E-5
2,427;590,1.4074751893741938E-5
2,249;969,-1.4072280723635713E-5
2,242;779,1.395728538505038E-5
2,214;976,1.3950366343692026E-5
2,120;145,-1.39356813278598E-5
2,251;992,1.3927164354224988E-5
2,99;163,-1.3915863129520562E-5
2,643;704,1.3904589451607524E-5
2,150;583,1.3893221339526196E-5
2,73;764,1.3875147358390877E-5
2,47;928,1.3865702829301094E-5
2,535;924,1.38563042219704E-5
2,499;682,-1.3615196898699194E-5
2,434;982,1.361160474249111E-5
2,100;797,-1.3608412958495146E-5
2,91;452,-1.3547076419764228E-5
2,139;786,-1.347538781664323E-5
2,445;702,1.3465214973375786E-5
2,608;610,1.3437881356754763E-5
2,605;648,-1.3432756480975639E-5
2,203;562,-1.3414589420670989E-5
2,397;887,-1.3404643341757533E-5
2,214;718,-1.3346188953565153E-5
2,445;569,-1.325731380648415E-5
2,440;604,1.3217203089175553E-5
2,12;555,-1.3165121690240075E-5
2,451;809,-1.3081176192955166E-5
2,372;432,1.3034161300308628E-5
2,536;916,-1.2977488289094147E-5
2,133;668,-1.2894267081779514E-5
2,115;334,1.2890640821723212E-5
2,243;960,1.2869748179596615E-5
2,424;522,-1.272756169050336E-5
2,14;197,1.2683567846143398E-5
2,494;577,-1.2612417097915524E-5
2,308;543,-1.2575359859247931E-5
2,23;781,1.255956332023385E-5
2,306;630,1.2478717109588048E-5
2,268;590,-1.2445041919388652E-5
2,219;298,1.2416390657154567E-5
2,291;412,1.2323355437523637E-5
2,273;393,1.2319057518565157E-5
2,448;876,1.2292400330579864E-5
2,825;840,-1.229226201694253E-5
2,22;980,1.2258998576690509E-5
2,640;867,-1.2251868766734633E-5
2,706;816,-1.2081282324877915E-5
2,237;260,-1.2078665269338623E-5
2,117;970,1.2071749838411777E-5
2,46;905,-1.2062954856960712E-5
2,403;430,-1.200025495384971E-5
2,301;352,1.1997711059666168E-5
2,390;659,-1.1994236849778572E-5
2,128;996,-1.1920328930716136E-5
2,227;997,1.1872098315938135E-5
2,102;587,-1.1758507659626703E-5
2,668;792,1.1751662256606731E-5
2,564;691,-1.1725732178810637E-5
2,292;642,-1.170425651647694E-5
2,481;499,-1.1689542388821722E-5
2,335;915,-1.1682301215057658E-5
2,203;260,-1.167682075960054E-5
2,256;760,1.1637071088338877E-5
2,817;903,-1.1626434946260408E-5
2,394;547,1.1494220801458552E-5
2,44;633,-1.145752858681877E-5
2,234;437,-1.144853365561485E-5
2,394;875,1.1394243896287918E-5
2,394;735,1.1367673278349755E-5
2,119;624,1.1334031830524297E-5
2,390;555,-1.1302613070238262E-5
2,490;812,-1.1283684228343943E-5
2,173;229,-1.1249461090493545E-5
2,207;554,-1.1142559912393865E-5
2,21;975,1.1091671582373091E-5
2,50;466,1.0962535644842203E-5
2,256;598,1.0956360117338124E-5
2,508;903,-1.0948740733428372E-5
2,787;986,-1.092315356765447E-5
2,93;880,1.0901658202764605E-5
2,81;122,-1.0795350884752405E-5
2,125;130,-1.0703015868243238E-5
2,117;444,-1.0629482384515554E-5
2,678;845,1.0583672570409625E-5
2,308;652,-1.0490025622938173E-5
2,133;507,1.0485052908800807E-5
2,450;729,-1.0471816325501288E-5
2,216;923,1.0464442724602647E-5
2,659;852,1.0414400670673201E-5
2,255;722,1.0380903927247624E-5
2,418;474,-1.0289153342696145E-5
2,240;617,-1.026777800686772E-5
2,360;652,1.0215701990576643E-5
2,216;603,1.0167405709486127E-5
2,588;743,-1.012605287868773E-5
2,347;893,1.011928482411717E-5
2,76;390,1.010892305629542E-5
2,345;920,1.0101416572384406E-5
2,421;849,-1.0037333883678349E-5
2,341;963,-1.0003496678096316E-5
2,142;562,9.861860497134042E-6
2,423;680,-9.854110833559748E-6
2,64;483,9.844775902899006E-6
2,318;996,-9.770156986406333E-6
2,52;261,-9.715269812346162E-6
2,236;596,9.710287696965332E-6
2,350;731,9.675574758064367E-6
2,78;609,9.548625251127666E-6
2,446;832,-9.52010520126903E-6
2,225;514,-9.45638753584914E-6
2,226;891,9.432966959516994E-6
2,748;886,-9.418744827948716E-6
2,215;629,9.408218516315792E-6
2,219;942,-9.361489122890101E-6
2,692;998,9.333393054884745E-6
2,292;602,9.275686144054802E-6
2,119;613,9.209673905319724E-6
2,237;683,-9.18254310020293E-6
2,94;606,9.165562313975376E-6
2,880;963,-9.158346278709679E-6
2,19;279,-9.11395378354285E-6
2,400;401,9.077701437039038E-6
2,281;283,-9.016184518355327E-6
2,446;612,8.957933517438441E-6
2,449;547,8.829892507416476E-6
2,21;822,8.772892633209697E-6
2,306;907,8.707298414205047E-6
2,71;887,-8.648983029446736E-6
2,208;400,8.64435410110674E-6
2,583;944,8.565215820298067E-6
2,86;977,-8.55454871008536E-6
2,129;266,-8.486952094746855E-6
2,93;482,8.44449391581288E-6
2,52;881,-8.40191300516363E-6
2,390;687,8.394311685181552E-6
2,259;307,8.326735781196387E-6
2,93;465,8.302029295831417E-6
2,449;535,-8.287412052980267E-6
2,643;873,8.210150877284896E-6
2,824;850,8.153808300163406E-6
2,8;124,-8.087443342863542E-6
2,304;413,-7.971467976692556E-6
2,409;504,-7.96371020011133E-6
2,111;599,7.907374658350563E-6
2,201;886,-7.834845185727454E-6
2,455;984,-7.762636755098044E-6
2,864;907,7.712713640830746E-6
2,86;547,-7.58651603553355E-6
2,344;427,7.5611397556702985E-6
2,713;997,-7.510605718706626E-6
2,596;936,7.32270241045764E-6
2,692;812,7.322311558514885E-6
2,458;655,7.303070989167979E-6
2,94;709,-7.290742832658265E-6
2,420;437,-7.258920759299833E-6
2,83;302,7.139923137255491E-6
2,512;811,-7.091207449564915E-6
2,538;983,7.07125316427662E-6
2,514;573,-6.999975608610182E-6
2,105;447,-6.8580146891991515E-6
2,602;998,6.749554440253575E-6
2,21;817,-6.738450415150587E-6
2,520;898,-6.704033707665591E-6
2,59;918,6.690946947817342E-6
2,487;554,-6.675257790101572E-6
2,20;518,6.622191643839689E-6
2,188;823,-6.566742035002821E-6
2,600;889,6.56527534689702E-6
2,87;459,6.467729194623518E-6
2,414;874,6.389794576569977E-6
2,303;802,6.386329675993563E-6
2,412;464,6.322581913633913E-6
2,68;442,6.2985492584593516E-6
2,700;921,6.242899365294027E-6
2,805;896,-6.198682776327916E-6
2,222;739,6.187118328195462E-6
2,342;882,-6.109602792603641E-6
2,236;923,-6.014238164992678E-6
2,428;626,-5.995794201732422E-6
2,509;783,-5.9667291579171E-6
2,250;525,-5.938952963126479E-6
2,69;691,-5.900638088931057E-6
2,17;117,-5.8977418824305015E-6
2,477;567,5.812072577664237E-6
2,760;837,-5.758393115408128E-6
2,307;839,5.7460944567319095E-6
2,476;579,5.680030042105752E-6
2,302;691,-5.604926493238044E-6
2,259;598,-5.5793355736833E-6
2,244;917,-5.537806739073961E-6
2,404;517,5.460215857613124E-6
2,176;854,-5.4482355193338915E-6
2,9;537,-5.447819057496889E-6
2,248;913,5.441798813185933E-6
2,492;728,-5.406766857838391E-6
2,233;976,-5.322952290908609E-6
2,627;924,-5.322583748312584E-6
2,765;920,-5.231678792069927E-6
2,643;905,5.219177127341462E-6
2,271;479,5.1720387657484685E-6
2,171;462,-5.141065150310473E-6
2,196;373,5.135337187885447E-6
2,197;210,-5.070786956920551E-6
2,83;300,-5.0672036807919014E-6
2,175;782,-5.051657462642856E-6
2,881;980,-5.0232139346049335E-6
2,93;243,4.835913493670116E-6
2,905;977,-4.829636385294989E-6
2,355;701,-4.762700008861711E-6
2,165;209,-4.708811390255807E-6
2,62;270,4.5815927049067675E-6
2,292;361,-4.540279448820115E-6
2,23;287,-4.520545849099431E-6
2,203;209,-4.419769901816417E-6
2,214;876,4.380086088858176E-6
2,383;870,4.365501837390054E-6
2,174;793,4.28751631278948E-6
2,828;846,-4.2753015883279786E-6
2,237;705,-4.201106418344161E-6
2,600;694,4.182117706886507E-6
2,568;808,-4.151947167591472E-6
2,222;714,-4.1060246197339725E-6
2,459;981,-4.0700273650008115E-6
2,242;336,-4.025159824312854E-6
2,366;919,-4.003415313435177E-6
2,118;307,3.991138177733597E-6
2,2;376,-3.9653786224133766E-6
2,832;911,3.953000571503343E-6
2,777;922,3.911246304129493E-6
2,14;771,3.889618518363891E-6
2,427;918,3.821484907234149E-6
2,811;862,-3.7347634590559896E-6
2,83;282,-3.687628365858009E-6
2,7;276,3.623842480448336E-6
2,711;735,3.6014124806995064E-6
2,658;942,3.5055579323109295E-6
2,128;599,-3.479581548147828E-6
2,178;447,3.419820083255559E-6
2,9;532,-3.412511432531684E-6
2,145;698,3.407826052086102E-6
2,425;887,-3.4000971353675693E-6
2,283;837,-3.382976355548975E-6
2,220;806,3.2657800044208623E-6
2,134;225,-3.139266607833882E-6
2,689;807,3.1273911606455874E-6
2,597;756,3.011683619663752E-6
2,829;964,-2.9864004582081245E-6
2,299;820,2.9615989303321545E-6
2,289;953,-2.9603417972828007E-6
2,21;509,2.948968962109638E-6
2,459;570,-2.9211033902659252E-6
2,272;987,-2.9018345523401658E-6
2,513;668,-2.9015302907159784E-6
2,507;864,-2.8975438006254435E-6
2,585;751,2.8970641046618673E-6
2,396;511,2.8618686607047724E-6
2,350;606,2.8134248842493907E-6
2,203;210,-2.718495602294979E-6
2,72;256,-2.6450542531746974E-6
2,255;457,2.6284710271184257E-6
2,407;571,2.6064707700152597E-6
2,19;975,-2.4531544231734813E-6
2,272;311,2.4194563592475073E-6
2,267;985,-2.3438867511410556E-6
2,317;396,-2.3294720176745693E-6
2,601;940,-2.2957458449858195E-6
2,51;904,-2.1402370145005013E-6
2,411;519,-2.1211092055389706E-6
2,111;230,2.0875459308482835E-6
2,482;871,-2.0835669465834456E-6
2,545;994,-2.061707793289E-6
2,604;744,-1.9620531699082735E-6
2,160;864,1.944257633103269E-6
2,651;801,-1.9120036149124915E-6
2,346;941,-1.7070344681988092E-6
2,752;860,-1.702054223234023E-6
2,520;688,-1.6889732454785366E-6
2,194;657,-1.6781767969730744E-6
2,286;826,-1.65645289586068E-6
2,44;854,1.5493761936680173E-6
2,198;281,1.4837036384649643E-6
2,20;200,-1.451368248013646E-6
2,350;637,-1.4399296388246663E-6
2,244;575,1.426750467148144E-6
2,489;692,1.3652283836629587E-6
2,230;292,1.336450091255964E-6
2,101;958,-1.3171473181437798E-6
2,518;841,-1.25296751811739E-6
2,337;491,-1.2317046134725507E-6
2,288;292,1.1895543303200028E-6
2,29;477,1.1790508326964405E-6
2,34;240,1.1598158401461278E-6
2,361;642,-1.1110030185127463E-6
2,713;868,1.0994902848240757E-6
2,232;590,1.0770469001384064E-6
2,249;836,-1.034543968414639E-6
2,51;879,-9.560552964790053E-7
2,484;885,-9.251700978413213E-7
2,472;510,-7.380951753778453E-7
2,298;807,7.103040315843551E-7
2,691;959,-6.972496429021313E-7
2,329;500,6.536276946085829E-7
2,512;854,-6.475946552596257E-7
2,79;855,5.894449512733741E-7
2,29;261,-5.779527786800021E-7
2,428;570,-5.394728684594563E-7
2,370;587,-3.9555252528496175E-7
2,60;919,-3.894270560545754E-7
2,538;943,-3.7774707488962E-7
2,103;989,-3.106313113447751E-7
2,36;226,-2.8435650687878844E-7
2,590;790,-2.3805698601049585E-7
2,22;460,-2.2583952750244996E-7
2,85;858,-2.0269832291748558E-7
2,319;340,-1.9634429157787404E-7
2,42;80,1.506111671380206E-7
2,497;744,1.4152352761913346E-7
2,203;804,-1.2360437206955512E-7
2,444;478,1.1138154188877758E-7
2,64;745,9.05529111687453E-8
2,301;321,-7.522542694168855E-8
2,35;635,7.044063829789172E-8
2,277;658,2.5994782827359898E-8
2,581;811,2.4589376667702447E-8
2,56;113,-6.560832049293253E-9
3,12;555;767,-3.5135843123131684E-4
3,506;824;850,-3.072276106176687E-4
3,576;581;809,3.0708428216143447E-4
3,202;568;792,3.010457564310962E-4
3,227;683;997,-2.99193928323234E-4
3,49;319;340,2.78211260188359E-4
3,509;783;984,-2.751409820841972E-4
3,67;137;325,2.7121728782991537E-4
3,297;301;352,2.699421345615422E-4
3,502;770;898,-2.6993248596063406E-4
3,320;660;844,2.6631917839671184E-4
3,109;646;785,2.627293491526708E-4
3,283;315;709,-2.613023235288422E-4
3,271;299;873,-2.5629059411156886E-4
3,199;359;550,-2.5462979944388645E-4
3,309;688;901,2.501252593545179E-4
3,219;298;385,-2.4894238943817294E-4
3,118;157;883,2.463441259107878E-4
3,605;648;791,-2.4624269808318753E-4
3,241;444;478,-2.4258757171451045E-4
3,207;427;918,2.4240750205838785E-4
3,16;439;691,2.386191344108072E-4
3,171;263;901,-2.3261376027475762E-4
3,292;317;916,2.294599125408063E-4
3,303;368;648,-2.2919417111072287E-4
3,208;421;564,-2.2827484232876332E-4
3,314;542;543,2.2719493504994088E-4
3,390;555;659,-2.267231676473613E-4
3,512;530;854,-2.2634544855075413E-4
3,55;392;620,-2.2471212357988841E-4
3,69;302;691,2.2460076979697276E-4
3,331;402;625,-2.2271993395187584E-4
3,47;734;928,2.2213222882628466E-4
3,787;887;986,2.2201544509029808E-4
3,507;530;619,-2.2156714139879346E-4
3,189;268;654,2.1999931689616902E-4
3,306;630;859,-2.193877628066052E-4
3,129;266;411,-2.1644881213772016E-4
3,28;321;670,2.1460823295170814E-4
3,145;421;469,2.1452175083210045E-4
3,271;888;962,-2.1410388011501577E-4
3,0;399;889,2.1323881114887938E-4
3,462;711;733,2.1259737631519905E-4
3,381;568;808,2.1163249700634275E-4
3,461;477;610,2.1057772175939635E-4
3,77;143;470,2.0664069948524605E-4
3,28;162;198,2.0575211798517728E-4
3,6;877;907,-2.04308372664155E-4
3,746;757;798,-2.0278243835451394E-4
3,6;156;428,-2.026880634764956E-4
3,99;563;684,-2.0249507839784048E-4
3,125;699;805,2.0232319213004518E-4
3,482;678;950,2.0147855636892687E-4
3,264;864;870,-2.005285676640079E-4
3,175;212;835,-1.997937322967915E-4
3,62;326;742,-1.9843955733870645E-4
3,411;519;633,1.9838449380528065E-4
3,87;237;705,1.9810838371872656E-4
3,238;426;971,-1.9645617721960086E-4
3,389;403;644,1.9619485743463025E-4
3,545;930;994,1.9613742618529884E-4
3,106;497;648,-1.9563153536607752E-4
3,138;200;601,1.9551907483057529E-4
3,149;295;883,-1.9482208052714483E-4
3,371;707;727,1.9365203844301667E-4
3,274;473;538,-1.9053110949699792E-4
3,690;803;969,1.9042888748731224E-4
3,62;192;270,1.9007187716891085E-4
3,43;450;576,1.8970145226178886E-4
3,385;700;833,1.8963991883916886E-4
3,85;736;827,-1.8921421047751098E-4
3,125;130;766,1.8872696181003833E-4
3,269;385;858,1.8794507136778223E-4
3,269;557;970,-1.873235340910977E-4
3,394;735;823,-1.8468727449799473E-4
3,692;812;996,1.8417663741601342E-4
3,508;528;832,-1.8242251686091272E-4
3,112;312;638,-1.8187732877106256E-4
3,117;191;235,-1.8135521717155284E-4
3,97;484;815,-1.8127134117203953E-4
3,41;207;933,1.8101720405862604E-4
3,350;606;984,-1.8034892687120434E-4
3,70;236;340,1.800164402828603E-4
3,413;457;530,1.7990211171332076E-4
3,385;655;669,1.7914220492027555E-4
3,102;331;744,-1.7782242557343265E-4
3,279;767;857,-1.777993351146076E-4
3,295;820;822,-1.7668623688213943E-4
3,196;451;676,-1.7603035078567748E-4
3,154;333;661,1.7580073205380033E-4
3,352;438;806,1.757477192581863E-4
3,236;457;961,-1.751917414814994E-4
3,178;447;494,1.7504861235911174E-4
3,19;111;795,1.748340094138102E-4
3,855;861;988,-1.743679769905729E-4
3,631;805;896,1.7405916147581813E-4
3,81;122;296,-1.7322705178322463E-4
3,23;313;597,1.727604532433431E-4
3,0;335;409,-1.7269112633971917E-4
3,208;608;610,-1.7268009599561286E-4
3,618;873;925,-1.7201750253959357E-4
3,342;570;859,1.7184621742088562E-4
3,4;358;963,-1.716676397167322E-4
3,15;384;827,-1.7159055961510255E-4
3,511;552;922,-1.7147637891921908E-4
3,203;293;944,1.7128413515231166E-4
3,316;519;609,-1.711949775355775E-4
3,175;782;911,-1.6954113653074778E-4
3,57;64;563,-1.6936075182135346E-4
3,183;193;640,-1.692965592199894E-4
3,73;665;764,-1.6924525211106328E-4
3,272;735;846,-1.6836990265136481E-4
3,356;393;601,1.6737938207943536E-4
3,376;701;818,-1.6670956369967366E-4
3,31;589;880,-1.6507272047348542E-4
3,457;641;786,1.6430141556582228E-4
3,122;285;880,-1.6415044276766455E-4
3,344;427;925,1.633266215268922E-4
3,440;861;988,1.6328822880093546E-4
3,56;395;682,1.6312655699122537E-4
3,134;222;844,1.6264538472968867E-4
3,428;570;626,-1.626205576675448E-4
3,29;52;261,1.6202615414966578E-4
3,61;493;797,-1.6100020280535127E-4
3,458;812;848,-1.6038116552268475E-4
3,182;719;843,1.6028263993284527E-4
3,419;585;751,-1.6010889393937273E-4
3,241;461;650,-1.5992384781322844E-4
3,52;461;739,-1.5985298612356316E-4
3,144;217;512,-1.5980404621606872E-4
3,171;323;951,1.595811492747147E-4
3,287;351;706,1.5932193713124609E-4
3,41;188;823,-1.5915420858848755E-4
3,106;178;927,-1.5637359717995757E-4
3,100;498;928,-1.5630799123542792E-4
3,659;957;962,-1.5598615289599601E-4
3,360;828;846,-1.5576983467577863E-4
3,834;967;977,-1.5447265971274204E-4
3,334;578;689,1.5439067909774436E-4
3,174;639;793,-1.5369015473497332E-4
3,221;282;754,-1.5318228055707074E-4
3,468;494;577,-1.5268481042321719E-4
3,406;685;876,1.523398469974252E-4
3,499;657;855,1.519453463991347E-4
3,516;540;723,1.5192361366911917E-4
3,242;336;363,1.5164608150794567E-4
3,174;409;504,1.514430130938615E-4
3,353;507;816,-1.5133753942006935E-4
3,438;539;821,1.5121972238501052E-4
3,607;811;886,1.5091636324861285E-4
3,76;390;687,-1.507784916088475E-4
3,18;766;773,-1.5028958733891046E-4
3,70;338;480,1.4951208038056524E-4
3,394;547;880,-1.4883342807754847E-4
3,489;692;998,-1.4835428578854713E-4
3,77;231;278,1.4834982545288393E-4
3,61;254;435,1.4810309590403465E-4
3,378;633;720,1.4797231292007842E-4
3,197;210;221,-1.477091640269771E-4
3,64;483;745,1.4762115593426503E-4
3,21;817;822,-1.4709175296127655E-4
3,96;714;733,-1.4655423486932757E-4
3,367;595;602,1.4626107250195888E-4
3,251;487;780,1.4601083004921745E-4
3,480;816;902,-1.4599357168578524E-4
3,179;536;930,1.4586243409648542E-4
3,374;523;966,1.4581119467420634E-4
3,524;606;894,1.4570630744448144E-4
3,355;449;866,-1.4567685441183059E-4
3,180;448;910,-1.4445705862850346E-4
3,200;638;648,1.443695822944083E-4
3,651;801;918,1.4390827710170973E-4
3,161;334;885,-1.4361279473322546E-4
3,185;392;521,-1.4338334577591405E-4
3,644;891;982,-1.4288979013959153E-4
3,214;600;876,-1.4241005563522393E-4
3,10;154;814,1.4224599752453426E-4
3,499;649;882,-1.4192151350283784E-4
3,370;593;611,-1.4076208893469905E-4
3,108;750;966,1.4053277793933338E-4
3,535;815;924,-1.3967782271061068E-4
3,7;79;639,-1.395699120404106E-4
3,510;560;628,1.3929087881605102E-4
3,19;279;680,-1.3895738751565023E-4
3,347;893;912,1.3871225625568972E-4
3,166;351;778,-1.3850225938700865E-4
3,224;407;449,-1.37575268304418E-4
3,51;123;175,1.3714377266037982E-4
3,539;641;922,-1.370345347354865E-4
3,77;218;546,1.3676322711377433E-4
3,107;325;715,1.360876288539625E-4
3,704;728;818,-1.3531578339379306E-4
3,124;246;502,-1.3510568271351815E-4
3,222;739;798,-1.3429448904721638E-4
3,305;427;964,1.3421032320196918E-4
3,35;253;825,1.327560398116027E-4
3,24;713;906,1.3233959227113606E-4
3,329;500;550,-1.3231655944885218E-4
3,372;405;420,-1.3143560863980848E-4
3,3;312;653,-1.31335856635956E-4
3,12;763;825,1.312366648438294E-4
3,248;629;696,-1.3047964425966569E-4
3,68;149;526,-1.3008174140465307E-4
3,50;466;964,1.2986559419033163E-4
3,216;235;923,1.292427808255543E-4
3,76;268;465,1.289452925570998E-4
3,242;745;779,-1.2859608131839662E-4
3,271;463;944,-1.282293745825029E-4
3,132;133;458,1.2781379648239217E-4
3,41;89;168,-1.277269070747259E-4
3,442;670;678,1.2759991442997773E-4
3,303;405;698,1.2603927116004837E-4
3,93;403;482,-1.255331104710946E-4
3,150;408;583,1.2491662660201253E-4
3,27;357;753,1.2490466789696832E-4
3,536;905;946,-1.245469665964971E-4
3,318;726;814,1.2451235177233908E-4
3,174;201;432,-1.2392881424370538E-4
3,22;460;707,1.2339699453463508E-4
3,291;831;944,-1.23311942128482E-4
3,194;305;657,-1.2309384264569146E-4
3,280;756;760,1.2274279961252722E-4
3,597;676;756,1.2262205310566824E-4
3,96;843;914,1.2196770366287002E-4
3,205;236;914,1.2122104969863465E-4
3,228;332;878,1.2112907751657031E-4
3,82;354;771,1.2087756031867148E-4
3,343;681;931,1.2056193879780816E-4
3,125;267;710,1.2033362365785823E-4
3,83;381;930,1.1944454872826045E-4
3,106;908;935,1.1941379114108452E-4
3,615;889;945,-1.1938085511567476E-4
3,206;398;800,1.1897427029223537E-4
3,133;507;668,-1.1862390901000139E-4
3,79;419;618,1.1821780706037417E-4
3,254;597;931,1.1817051149727206E-4
3,72;256;760,1.179727661394378E-4
3,167;811;964,1.1785483811168365E-4
3,325;362;724,1.1775867673837818E-4
3,317;396;800,1.177218384516997E-4
3,644;700;948,1.1747365401474586E-4
3,203;562;773,1.1727855364090783E-4
3,364;666;908,1.1707926837080256E-4
3,244;575;735,-1.1706394778367323E-4
3,274;669;802,-1.1698800390209993E-4
3,709;758;770,-1.169116084242334E-4
3,232;590;790,1.1688051015692512E-4
3,9;457;537,-1.1685258516180285E-4
3,332;507;541,-1.1660310148414766E-4
3,111;329;599,1.1640769087514792E-4
3,423;438;463,-1.1634310440046322E-4
3,416;521;522,1.1632411171996811E-4
3,140;207;587,1.1605796334323582E-4
3,14;937;999,-1.1559511077229428E-4
3,12;335;647,-1.1537718329732749E-4
3,181;461;825,1.1528722948193204E-4
3,87;176;854,-1.1502595506334712E-4
3,313;792;901,1.1478831784173798E-4
3,32;345;920,-1.147590085907259E-4
3,100;132;211,1.1443290180856405E-4
3,170;417;445,-1.14386802358308E-4
3,222;310;340,-1.1385622139017507E-4
3,553;611;944,-1.136656602200699E-4
3,421;576;691,1.1351079462851788E-4
3,299;610;820,-1.1351010725601752E-4
3,30;242;645,-1.1268801528796355E-4
3,112;119;520,-1.1255784844689983E-4
3,33;66;99,1.1245291903703517E-4
3,206;546;892,1.1189525726257803E-4
3,56;479;549,-1.1168284413405063E-4
3,210;215;629,-1.1120906211863494E-4
3,215;353;955,1.1085973415380257E-4
3,289;675;953,-1.1057430839203157E-4
3,566;574;673,1.1045074550893155E-4
3,374;752;860,-1.1035287395333402E-4
3,269;443;861,-1.0997224930713097E-4
3,76;689;873,1.0963172148049278E-4
3,581;958;960,1.0946511084245428E-4
3,16;284;594,1.0921335802708394E-4
3,176;207;943,-1.0901408619597123E-4
3,208;387;843,-1.0831748116854916E-4
3,35;635;871,-1.0806837753950501E-4
3,114;483;855,-1.0796071950728425E-4
3,22;38;789,-1.0705484839535253E-4
3,475;537;640,1.0697696224682087E-4
3,88;658;942,-1.06903263483051E-4
3,93;243;880,1.0662668802958363E-4
3,241;385;534,1.066206692406817E-4
3,40;80;101,-1.0639518490270284E-4
3,292;361;642,1.0626188640612152E-4
3,179;272;481,1.0594114656854693E-4
3,55;811;862,-1.059347584399633E-4
3,120;689;949,1.052913371328555E-4
3,864;907;963,1.0520160366160654E-4
3,48;649;665,-1.0517336843629987E-4
3,29;477;806,-1.046668098023195E-4
3,77;271;935,1.0453041787328375E-4
3,598;785;977,1.0452639795203157E-4
3,495;542;563,-1.0422419455375674E-4
3,85;435;858,-1.0368563306406308E-4
3,96;754;781,1.0364014596413998E-4
3,106;357;967,1.0351429584533125E-4
3,262;318;996,-1.0343488310293794E-4
3,3;63;487,-1.0295397255264626E-4
3,49;555;786,-1.0271724561746053E-4
3,14;402;771,-1.0220499905472503E-4
3,190;352;377,1.016785388345692E-4
3,682;714;954,1.0135492132175986E-4
3,261;559;774,-1.0122254131413821E-4
3,153;173;351,-1.0034487649373721E-4
3,274;441;689,1.003362939853912E-4
3,54;452;938,1.0033136443725714E-4
3,88;440;506,-1.0005375455820579E-4
3,292;462;602,9.954159056460444E-5
3,18;664;711,9.949641955806186E-5
3,37;473;494,9.921890399312475E-5
3,283;361;911,-9.878191461416536E-5
3,473;518;958,9.87094619219621E-5
3,34;278;860,-9.851870723799073E-5
3,148;600;694,-9.812747653653975E-5
3,492;785;813,-9.723264292622187E-5
3,34;439;479,-9.71912980519195E-5
3,389;767;785,-9.681114413501992E-5
3,421;753;849,-9.640987013179799E-5
3,26;806;982,9.63026301074676E-5
3,337;491;854,9.619442037437806E-5
3,173;215;244,9.609020673099849E-5
3,434;529;982,9.602817250480335E-5
3,38;454;825,9.571514160073258E-5
3,0;186;876,9.51734108525548E-5
3,141;677;697,9.461961369381599E-5
3,103;171;674,9.452551346537294E-5
3,156;419;611,-9.37443096300509E-5
3,520;688;761,9.300428573170905E-5
3,132;360;652,9.291609431055073E-5
3,56;190;905,-9.286273164086923E-5
3,252;637;979,9.271031570465049E-5
3,83;161;300,9.255665996862527E-5
3,306;329;907,9.22784635685701E-5
3,239;592;780,9.220113764022529E-5
3,31;640;723,9.1971511900196E-5
3,97;518;841,9.177476243123976E-5
3,80;245;590,9.170193940850183E-5
3,27;699;904,-9.150568229561837E-5
3,177;515;637,-9.119019548830653E-5
3,229;814;985,-9.115086213634871E-5
3,8;397;543,-9.103733610970691E-5
3,173;176;229,9.099804188626765E-5
3,60;389;745,9.097494258049777E-5
3,284;405;849,-9.091119524543292E-5
3,493;533;548,-9.068074980228116E-5
3,252;264;527,-9.032202615844278E-5
3,104;385;556,9.02597594049805E-5
3,563;692;917,-9.025048627579743E-5
3,468;485;968,-9.024760298333799E-5
3,431;707;929,-8.99253544001242E-5
3,255;373;716,-8.98187264081673E-5
3,155;243;724,8.972076238167984E-5
3,706;790;856,8.950597586155853E-5
3,424;522;836,8.917317026355553E-5
3,678;758;845,-8.883214478111976E-5
3,21;252;975,8.8724766216498E-5
3,10;327;999,8.872471900639975E-5
3,683;803;838,-8.849680932086532E-5
3,59;236;715,-8.848468112520676E-5
3,117;226;891,-8.83786367130314E-5
3,21;601;775,8.818464263416114E-5
3,17;291;759,8.809051300051164E-5
3,436;443;850,-8.806978689822471E-5
3,14;409;803,8.804982464382492E-5
3,372;593;930,8.79632040269693E-5
3,178;400;894,-8.789895003977782E-5
3,203;209;260,8.785315934226104E-5
3,334;653;667,8.761121785142752E-5
3,160;864;909,8.749409365141633E-5
3,71;148;887,-8.747846038859395E-5
3,22;544;643,8.738489932224682E-5
3,456;586;673,-8.679282156633954E-5
3,750;897;999,8.665719391383645E-5
3,83;302;784,-8.65610109867263E-5
3,327;912;987,-8.65595979366912E-5
3,401;414;874,8.597154487721746E-5
3,172;445;941,-8.572862458450748E-5
3,46;500;548,-8.52770531952984E-5
3,450;729;836,8.513550017253546E-5
3,153;861;869,-8.420732083232886E-5
3,305;406;868,-8.409593762461358E-5
3,172;872;962,-8.367025129897844E-5
3,152;519;847,-8.347135484317587E-5
3,230;637;866,8.346245187100364E-5
3,8;407;571,-8.336055806965946E-5
3,481;499;682,-8.335186883332624E-5
3,56;350;731,8.30573209585987E-5
3,330;603;893,8.29509027839299E-5
3,26;271;479,-8.294635471360155E-5
3,340;907;916,8.274832411235161E-5
3,222;253;714,-8.262095850456938E-5
3,221;472;510,-8.258066186482441E-5
3,291;418;786,-8.196861421594061E-5
3,119;613;624,-8.186370573483544E-5
3,144;870;975,-8.137920927117418E-5
3,557;832;911,-8.137842132249547E-5
3,643;704;892,-8.127416691890553E-5
3,625;811;941,-8.122252836708404E-5
3,354;750;780,8.104510490349817E-5
3,168;205;522,-8.087373129474314E-5
3,125;780;895,-8.064723953015073E-5
3,350;637;650,8.042030941174311E-5
3,418;474;816,8.033443277308525E-5
3,606;885;973,8.003869249612858E-5
3,193;561;813,7.988074008120517E-5
3,545;620;706,-7.98224561184931E-5
3,135;198;281,7.933633949268536E-5
3,330;625;821,-7.898429118968852E-5
3,63;349;986,-7.886052655183259E-5
3,277;658;953,7.867078389538551E-5
3,176;281;283,7.856339773013833E-5
3,257;435;615,7.852801496713862E-5
3,27;546;699,7.849721847238546E-5
3,280;504;530,7.806557488307663E-5
3,17;117;582,7.805921677642731E-5
3,312;664;694,-7.798163203967766E-5
3,221;501;767,7.789997195543074E-5
3,408;563;768,7.760156661296876E-5
3,7;276;660,7.753577676607871E-5
3,110;241;809,7.7371164360403E-5
3,11;313;405,7.714704804233371E-5
3,96;662;866,-7.687545733306763E-5
3,194;881;950,7.663229923264288E-5
3,48;443;772,-7.661458042666197E-5
3,154;322;939,-7.640548118499079E-5
3,81;239;705,7.620407335640007E-5
3,258;310;509,7.617681041454893E-5
3,91;452;757,-7.612576602823316E-5
3,600;636;899,7.597601018524935E-5
3,560;756;863,7.590348988411123E-5
3,312;686;953,-7.555985601405663E-5
3,170;648;695,-7.510345827601114E-5
3,460;599;604,-7.509919877641115E-5
3,394;812;973,7.506938294589239E-5
3,513;538;668,7.497624890730111E-5
3,118;259;307,-7.45465953819417E-5
3,29;276;526,7.45218536090693E-5
3,247;254;989,7.424899647647281E-5
3,301;321;475,7.416591820232173E-5
3,409;569;597,-7.406145907884378E-5
3,84;91;786,7.400185473896663E-5
3,2;285;357,-7.370729957202068E-5
3,15;314;982,-7.333974625507684E-5
3,39;755;844,-7.330344459340449E-5
3,255;617;722,-7.329504863959758E-5
3,123;682;965,-7.318582613660922E-5
3,139;449;941,-7.311092317849979E-5
3,751;795;905,-7.30074153425348E-5
3,334;805;814,-7.290503406140419E-5
3,445;759;876,-7.272184717054544E-5
3,49;125;417,7.24010336344903E-5
3,463;599;616,-7.232559916275885E-5
3,65;445;569,-7.23191676942912E-5
3,170;417;449,-7.172846747516521E-5
3,74;412;939,7.1245415073637E-5
3,584;740;995,-7.051512911862157E-5
3,466;487;554,7.051133984703077E-5
3,69;184;482,7.03946799079047E-5
3,457;475;996,-7.031278998263486E-5
3,104;632;683,-7.00246188038611E-5
3,454;564;990,-6.997293567976269E-5
3,108;841;990,6.957449244018713E-5
3,20;200;515,6.952115912740414E-5
3,272;311;841,-6.89939350354801E-5
3,441;825;840,-6.87575195146786E-5
3,455;791;984,6.863355511487638E-5
3,94;135;258,-6.843224654830083E-5
3,46;419;745,-6.835370521542164E-5
3,30;445;852,6.829877462871386E-5
3,90;434;622,-6.823531226289547E-5
3,346;485;941,-6.812029518991234E-5
3,357;436;650,-6.811050862205253E-5
3,514;573;659,6.798673320184307E-5
3,105;354;853,6.793676080408715E-5
3,503;805;881,6.79248850435087E-5
3,129;171;462,-6.786824382212583E-5
3,29;491;911,-6.760938681389501E-5
3,26;289;811,6.741161843816297E-5
3,479;549;727,6.735874483222616E-5
3,489;799;917,6.706723524674022E-5
3,257;279;814,-6.697053416357494E-5
3,175;571;991,-6.692814584359331E-5
3,879;895;896,-6.677788757046354E-5
3,446;612;832,-6.664854088493404E-5
3,233;929;979,6.59402670888925E-5
3,309;848;855,-6.581800588665169E-5
3,116;620;913,6.576668593080424E-5
3,69;243;960,6.561595913259823E-5
3,564;691;959,-6.536206650299326E-5
3,559;741;880,-6.521873921176782E-5
3,48;298;485,6.504121560050548E-5
3,610;829;964,-6.49443524194747E-5
3,18;54;322,6.489605517691837E-5
3,256;598;945,-6.480082876937458E-5
3,199;676;978,6.466965497856467E-5
3,59;918;931,6.435343087841407E-5
3,31;162;509,-6.422273139292858E-5
3,86;547;977,-6.416049006897952E-5
3,656;851;903,-6.364204321756168E-5
3,211;244;484,6.361029088165875E-5
3,56;717;939,6.333367472106523E-5
3,84;255;393,6.318162596288481E-5
3,187;241;765,6.309678711366749E-5
3,237;494;683,-6.290659923462526E-5
3,191;198;375,-6.286429759987726E-5
3,407;556;867,-6.282178202682187E-5
3,632;844;968,6.280477569002062E-5
3,758;799;984,-6.262033245577234E-5
3,86;259;466,6.243503975751426E-5
3,288;292;786,6.193296263315249E-5
3,64;618;715,-6.189030064078063E-5
3,215;231;601,-6.187307969197417E-5
3,385;790;856,6.179080432649998E-5
3,117;201;970,-6.170265470902967E-5
3,108;391;566,6.100749945775366E-5
3,49;564;711,-6.098740209067585E-5
3,25;43;165,-6.091179475414546E-5
3,730;787;938,6.063392505624309E-5
3,221;565;696,-6.062593934089613E-5
3,252;388;757,-6.059512026658684E-5
3,526;688;842,6.0405540723256394E-5
3,78;609;942,6.037536753903021E-5
3,36;233;489,-6.0145558508304886E-5
3,58;542;722,5.9997436868256084E-5
3,381;665;771,5.998949666870768E-5
3,366;386;821,5.9875957010616985E-5
3,592;674;853,-5.945481088494713E-5
3,134;383;870,-5.940291015059379E-5
3,704;790;921,5.9393044218404856E-5
3,221;689;807,-5.929533173258808E-5
3,623;870;960,-5.907778195262095E-5
3,62;467;749,-5.902399133079554E-5
3,64;554;970,-5.883673401176927E-5
3,1;146;862,5.8719055521835554E-5
3,9;482;769,-5.8280710666400766E-5
3,579;713;997,5.823118431967272E-5
3,196;373;403,5.821336044568026E-5
3,105;369;438,5.818540386008564E-5
3,24;598;991,-5.814200219289352E-5
3,225;514;689,5.808467855715309E-5
3,247;375;772,5.765189396316896E-5
3,94;329;606,5.749962843723645E-5
3,367;426;796,-5.746469638369112E-5
3,39;161;712,-5.744360901458266E-5
3,52;378;863,-5.7383131879873195E-5
3,175;487;571,5.724265046625168E-5
3,165;209;399,-5.6894728567269626E-5
3,291;412;464,-5.6751714466986664E-5
3,35;312;658,-5.6626939099918586E-5
3,430;446;892,-5.6001502752556594E-5
3,36;226;938,5.5636103354421444E-5
3,139;786;813,5.560686867799865E-5
3,32;49;110,-5.557776867234238E-5
3,28;512;811,-5.556324975214562E-5
3,136;501;595,-5.543478494918637E-5
3,484;885;899,-5.5203520515422986E-5
3,86;515;724,-5.520100794879644E-5
3,327;824;965,5.510083761003E-5
3,8;30;124,-5.48497163894931E-5
3,13;186;628,5.4837039231461176E-5
3,228;233;743,5.455090951493745E-5
3,223;888;947,-5.4458077567291626E-5
3,9;655;945,-5.438482375729839E-5
3,383;458;655,5.4254324096510804E-5
3,502;733;736,5.421932758175066E-5
3,145;322;429,5.4147816829941524E-5
3,206;526;904,5.4000386514061545E-5
3,747;818;977,5.377111687578232E-5
3,29;506;812,5.314055277798621E-5
3,514;750;918,5.289415166362692E-5
3,339;492;728,-5.265721026150351E-5
3,46;643;905,-5.245614241497788E-5
3,183;549;634,5.2269442024269947E-5
3,188;258;466,-5.2268555178608376E-5
3,538;801;943,5.220106302427834E-5
3,308;514;543,5.213277462729574E-5
3,794;839;902,5.206391113184095E-5
3,634;695;725,5.196690225885015E-5
3,355;400;401,-5.1759189857346347E-5
3,412;489;689,5.165787608404594E-5
3,83;282;583,5.144027070405138E-5
3,196;454;570,5.136583640060817E-5
3,538;647;983,5.1219199434207943E-5
3,73;380;566,5.1099154647982035E-5
3,157;663;961,5.109072883114878E-5
3,284;396;511,5.063451357544803E-5
3,310;356;576,-5.048481572460009E-5
3,303;614;792,5.048142869263651E-5
3,560;809;902,5.0420094541197626E-5
3,666;794;863,5.034499902661277E-5
3,91;320;621,5.031482139474577E-5
3,148;272;531,-5.031018456995469E-5
3,91;348;361,-5.02281938037461E-5
3,69;304;413,5.006777696033841E-5
3,84;748;887,-4.985954738568855E-5
3,564;765;920,4.9762466454973146E-5
3,430;600;829,-4.9526821858514146E-5
3,523;825;949,-4.943294212357306E-5
3,186;428;629,4.929746513573122E-5
3,442;788;931,-4.92582923846005E-5
3,120;304;724,-4.908084987417747E-5
3,420;448;517,-4.86911274321757E-5
3,49;579;818,4.8448249261917375E-5
3,224;274;468,4.827569098647057E-5
3,450;472;960,4.814741156377643E-5
3,653;809;931,4.809330918552519E-5
3,341;880;963,4.807914197790135E-5
3,39;670;962,4.766611487020722E-5
3,289;650;685,4.7626665475916195E-5
3,456;522;787,-4.7343769984903254E-5
3,17;63;496,-4.7315730435048665E-5
3,299;661;675,4.700955346873091E-5
3,126;759;796,4.697841756047611E-5
3,1;444;468,-4.6907832046139246E-5
3,24;96;910,4.6901351749980506E-5
3,120;314;364,4.6761261071167196E-5
3,581;623;811,-4.6543918822806635E-5
3,190;638;854,-4.6411283654961526E-5
3,302;347;721,-4.623721637458071E-5
3,206;293;544,-4.610438666251406E-5
3,343;414;605,-4.6025615541092896E-5
3,50;588;743,4.6024256613726225E-5
3,72;343;435,-4.5716138930601406E-5
3,79;572;855,4.5597195957522165E-5
3,297;361;879,4.557984390536561E-5
3,772;825;883,-4.5475812503537704E-5
3,62;100;482,4.518206583397963E-5
3,213;229;640,4.504664474473248E-5
3,409;711;988,-4.497471646195772E-5
3,123;333;874,4.461626738566577E-5
3,159;486;834,4.423300435456627E-5
3,65;197;599,4.395725317601522E-5
3,462;659;909,-4.3841864391783034E-5
3,79;274;584,4.379177225957873E-5
3,638;716;810,-4.3779194398087046E-5
3,507;591;888,4.365942156097842E-5
3,116;358;464,-4.34516065041987E-5
3,190;396;450,4.3359156414983406E-5
3,44;633;854,-4.319407260596174E-5
3,234;261;918,4.3090915486279764E-5
3,273;284;835,4.295340899387813E-5
3,98;139;702,4.2917503135412025E-5
3,282;569;919,4.286770479623604E-5
3,233;263;976,4.282658103599178E-5
3,272;383;987,4.277536582516167E-5
3,21;433;509,4.2575128709164344E-5
3,124;199;668,4.236693610605111E-5
3,13;283;569,-4.191540811921911E-5
3,589;673;876,4.1862187816626374E-5
3,220;691;806,4.1786572672800405E-5
3,208;853;903,4.155334553946374E-5
3,111;121;287,-4.145293702763429E-5
3,541;729;991,-4.143019368924837E-5
3,719;929;995,4.1304480454239025E-5
3,207;626;964,-4.129206573446391E-5
3,476;579;846,4.126657793298226E-5
3,223;391;534,-4.094759461640793E-5
3,3;207;554,4.050417145380907E-5
3,267;773;985,4.043720459362088E-5
3,456;689;949,-3.995371704840442E-5
3,57;336;706,3.989342868690482E-5
3,97;232;403,-3.9778563386449266E-5
3,337;470;743,-3.952573619475601E-5
3,269;535;660,-3.944958943174276E-5
3,507;864;928,3.9302666172035745E-5
3,194;283;819,-3.924851236233755E-5
3,760;891;926,3.895046367540088E-5
3,50;91;107,3.894139924706357E-5
3,83;379;997,-3.889776650602475E-5
3,610;842;927,3.889615104701422E-5
3,110;851;891,-3.8754316463053715E-5
3,202;359;365,-3.870501008994554E-5
3,203;545;804,3.8693310583052546E-5
3,164;231;607,3.86604229994446E-5
3,52;322;881,3.856002235771966E-5
3,438;447;517,-3.851308509693882E-5
3,147;220;392,-3.8511095345540705E-5
3,408;755;990,3.848165426462628E-5
3,134;225;956,-3.834857619416278E-5
3,155;392;557,-3.828306834235162E-5
3,56;113;320,3.817049956306358E-5
3,243;250;312,3.798933335010227E-5
3,87;459;737,-3.7806149284974726E-5
3,255;338;995,3.757666544958166E-5
3,236;596;923,-3.751602744030672E-5
3,15;243;765,3.7415169147009475E-5
3,4;698;984,3.7371893818026786E-5
3,312;671;676,3.731799226579805E-5
3,496;689;729,-3.719113250596422E-5
3,132;447;657,3.6731010892258745E-5
3,600;696;816,-3.663451971770422E-5
3,342;600;882,-3.654385259036772E-5
3,11;251;992,3.641907592847117E-5
3,45;582;670,3.6289318647967805E-5
3,318;458;460,3.620448730336312E-5
3,54;626;923,-3.620258950774907E-5
3,51;319;904,3.610756803188439E-5
3,107;234;974,-3.6062648093203284E-5
3,210;402;729,-3.604137370802237E-5
3,486;731;879,3.571397418752803E-5
3,668;792;963,-3.565284197366281E-5
3,440;604;830,3.546921129947299E-5
3,525;622;984,-3.537581862602947E-5
3,32;640;694,-3.529661731351107E-5
3,106;228;653,3.52888607751279E-5
3,308;405;495,-3.512465713092651E-5
3,215;275;404,-3.481073034587982E-5
3,176;762;862,-3.478958510507516E-5
3,80;184;842,3.477263675057006E-5
3,223;564;686,3.47242567314339E-5
3,53;121;972,-3.4711753232568115E-5
3,398;910;979,-3.4503845228289626E-5
3,122;719;831,-3.429703432490026E-5
3,260;308;513,-3.427325413055472E-5
3,89;286;605,-3.426315609508288E-5
3,245;434;762,3.4249577223173444E-5
3,286;737;956,3.424696861378028E-5
3,181;477;478,-3.4230958281463014E-5
3,347;653;749,3.40884016300255E-5
3,20;558;857,-3.398238961273052E-5
3,403;430;682,3.396333530590218E-5
3,26;592;809,-3.376042675084504E-5
3,577;706;871,-3.341987709033653E-5
3,601;940;946,-3.335105500959884E-5
3,508;547;719,-3.3314289891506795E-5
3,634;824;849,3.3234062433451754E-5
3,87;303;456,-3.31426244209017E-5
3,182;691;989,-3.29336183480728E-5
3,777;851;922,-3.283186028068087E-5
3,166;443;531,3.2472952720871504E-5
3,101;608;958,3.225099704020237E-5
3,22;881;980,-3.20145659534624E-5
3,723;742;982,3.1795420382194004E-5
3,267;308;652,3.1706710814245765E-5
3,331;352;777,3.166333019113188E-5
3,415;706;738,3.149985677292377E-5
3,410;446;505,3.109573780195626E-5
3,348;370;493,-3.096115201618017E-5
3,422;744;949,3.0952439318860076E-5
3,398;789;951,3.071213675211086E-5
3,456;663;914,3.0554853750606865E-5
3,42;144;148,3.054340208248711E-5
3,244;309;917,3.0542713237461455E-5
3,397;805;887,3.0541444908586045E-5
3,22;143;646,-3.0508988219062354E-5
3,76;580;909,3.0400062714366876E-5
3,120;145;836,-3.026513916568477E-5
3,596;817;936,3.019560296445374E-5
3,83;544;788,-3.0093900265791187E-5
3,351;516;970,-3.0066746449529988E-5
3,333;597;649,-3.0039382445626415E-5
3,230;292;437,3.003843832033981E-5
3,195;423;680,2.9784865374005474E-5
3,255;457;619,2.9678719696878478E-5
3,100;359;797,2.9656072468815645E-5
3,609;802;847,2.9453462625714468E-5
3,448;488;876,2.9227476121660615E-5
3,657;659;852,2.88126534897209E-5
3,171;763;948,2.8743623458886716E-5
3,732;756;895,-2.8218619185647067E-5
3,240;450;965,2.8109157185707767E-5
3,7;120;121,-2.790434941959613E-5
3,172;382;900,-2.7721953948417588E-5
3,643;794;873,2.7190368783735943E-5
3,100;127;469,-2.718878307629015E-5
3,143;428;597,-2.717809951132809E-5
3,14;226;593,-2.661867588668429E-5
3,16;99;500,2.6532940517203357E-5
3,294;379;846,-2.633280080089205E-5
3,137;541;574,-2.6315422925130465E-5
3,2;376;714,2.6019668968531848E-5
3,16;286;826,2.591710919516453E-5
3,115;654;732,2.588233552809223E-5
3,115;821;995,2.5807871039260368E-5
3,220;410;725,-2.574679561497309E-5
3,26;290;479,-2.568162983888303E-5
3,475;646;672,-2.557392354707504E-5
3,42;80;427,2.5508878574429378E-5
3,520;702;898,2.5463501427437447E-5
3,26;58;604,2.541363987342353E-5
3,335;479;676,2.5275029983141476E-5
3,458;739;881,-2.500383874494236E-5
3,71;235;979,-2.497234232038556E-5
3,183;602;998,2.4922383067802396E-5
3,60;775;984,-2.476691083998786E-5
3,13;449;463,2.4727926692400288E-5
3,34;240;617,-2.4639306245153452E-5
3,268;590;895,-2.4393013326932655E-5
3,62;590;723,2.439257996460757E-5
3,273;393;998,2.4352551423042878E-5
3,9;23;287,-2.4222090837804563E-5
3,151;686;779,2.395654239733114E-5
3,205;219;712,-2.394024294171668E-5
3,380;781;789,-2.3732972832229625E-5
3,151;336;483,-2.3332299106877354E-5
3,20;68;442,-2.318847480992961E-5
3,172;471;828,-2.2987079799315663E-5
3,538;913;982,-2.2877625996849187E-5
3,217;741;895,2.2846415095256657E-5
3,77;387;817,2.2689572426077458E-5
3,494;503;852,2.2577184193380797E-5
3,37;817;890,2.240944674558723E-5
3,128;524;810,2.2286739391730662E-5
3,544;632;668,2.2271344326168412E-5
3,459;570;981,-2.2006326383290365E-5
3,77;365;835,2.1983256858173443E-5
3,532;692;897,2.1975962207126122E-5
3,560;687;955,-2.1936934656902968E-5
3,366;604;919,-2.1843435957798667E-5
3,490;666;812,2.1777162390535428E-5
3,214;776;976,2.175910712545491E-5
3,231;429;553,-2.1632979815204956E-5
3,635;640;867,-2.1467929782409898E-5
3,107;613;642,2.141023093020983E-5
3,440;561;697,2.1342321499777426E-5
3,27;333;387,-2.1310921059839602E-5
3,337;667;868,-2.1249185410631075E-5
3,475;871;946,-2.1100102846045134E-5
3,549;644;703,-2.1094794586856024E-5
3,185;259;598,-2.0984006829060793E-5
3,6;746;954,2.0868207545034545E-5
3,431;501;658,2.075712813700796E-5
3,217;347;799,2.068499878246907E-5
3,232;548;586,2.066965305015135E-5
3,64;894;986,2.0559684759145756E-5
3,44;536;916,-2.0339153964785833E-5
3,501;677;855,-2.0280589576538265E-5
3,725;819;978,-2.0128361185826518E-5
3,508;903;954,2.0112277915330533E-5
3,323;364;975,-2.0044003809395792E-5
3,335;762;915,-2.0018217888144244E-5
3,237;260;709,-1.9832051706596493E-5
3,99;163;241,1.9776990218978274E-5
3,154;392;643,1.9745709392130106E-5
3,307;730;965,-1.9578384980301233E-5
3,355;943;978,1.9478987750626163E-5
3,249;836;969,-1.935183247043294E-5
3,51;879;938,-1.9323191164918806E-5
3,297;700;921,1.9255588561771522E-5
3,210;787;873,-1.911151420709255E-5
3,98;522;575,1.8526803390738255E-5
3,31;276;884,1.8449641283014906E-5
3,378;552;705,-1.822030020371021E-5
3,339;376;492,1.8210814166891047E-5
3,117;178;444,-1.8156887733602357E-5
3,216;305;603,-1.802491497611672E-5
3,21;159;751,-1.7658541777549817E-5
3,66;138;247,1.7623240596860672E-5
3,136;556;807,1.7589327888576368E-5
3,62;578;739,1.755753871118633E-5
3,605;751;998,-1.736348421366167E-5
3,115;334;925,1.702809654707134E-5
3,20;147;518,1.698744386806929E-5
3,303;338;421,-1.6876016121481956E-5
3,266;909;952,-1.6795805943315714E-5
3,324;817;903,-1.6767442584653487E-5
3,468;680;746,1.67443238757911E-5
3,265;365;440,-1.654934251894208E-5
3,404;517;798,-1.6530449351899137E-5
3,482;665;871,1.6272487328080592E-5
3,170;250;525,-1.5989065902201992E-5
3,169;888;923,1.5957422889380083E-5
3,437;713;868,-1.5818467154784647E-5
3,45;238;253,-1.5811907600694966E-5
3,314;445;702,-1.579729463629391E-5
3,93;338;465,1.5702445567724182E-5
3,95;392;998,-1.560180980395426E-5
3,294;415;950,1.5515417859198313E-5
3,798;839;847,1.5504857286401565E-5
3,103;137;989,1.5467002807446657E-5
3,173;225;477,-1.5155570775242933E-5
3,706;816;911,1.5014674097577106E-5
3,732;860;865,-1.4932256509277445E-5
3,201;748;886,-1.4884903647043285E-5
3,275;303;802,-1.481520450190274E-5
3,767;964;971,1.4510390448369742E-5
3,116;366;943,-1.4413372232203334E-5
3,112;213;237,-1.4385053286938828E-5
3,453;538;714,-1.4332281311818975E-5
3,452;697;969,1.4315593012899822E-5
3,129;425;887,1.4241192918214574E-5
3,478;637;672,-1.4199968649176095E-5
3,139;329;391,1.4178184593996932E-5
3,9;456;532,1.415391781942399E-5
3,530;734;853,1.4011526384081763E-5
3,14;197;792,-1.3886597151146082E-5
3,102;370;587,-1.385745511945298E-5
3,308;363;429,1.3739059250217539E-5
3,551;651;732,1.3322667011756773E-5
3,267;307;839,1.3044036603704096E-5
3,129;323;843,1.3003296113445056E-5
3,23;781;890,-1.2958809903097904E-5
3,53;111;121,1.2870777863984412E-5
3,162;300;778,-1.2758824414260336E-5
3,187;306;480,1.2692567929366045E-5
3,475;760;837,1.240821327584439E-5
3,10;232;833,-1.2397602364707535E-5
3,111;230;494,-1.2362546846877071E-5
3,35;484;506,1.2323237701390904E-5
3,489;591;638,1.2315028705939647E-5
3,296;686;910,1.2312348829044805E-5
3,784;840;996,1.209481178082393E-5
3,142;547;562,1.2073417223370007E-5
3,292;617;639,-1.1880924755765729E-5
3,64;581;589,1.1459524293299107E-5
3,510;572;797,-1.1396648390796489E-5
3,129;627;657,-1.1253037853597575E-5
3,209;300;661,1.1169836196357197E-5
3,103;210;623,1.0893480822046192E-5
3,327;430;558,1.0677562419656145E-5
3,140;495;990,1.0538367789446183E-5
3,92;677;976,1.036969414913591E-5
3,164;839;858,1.0358224815439105E-5
3,687;905;977,-1.0308655003639921E-5
3,564;624;894,-1.0204076170054255E-5
3,615;630;907,-1.0012434351377678E-5
3,148;295;567,-9.808305028649156E-6
3,649;859;900,-9.797462639102264E-6
3,446;771;969,-9.70653318968935E-6
3,267;394;875,-9.661014056491959E-6
3,328;779;997,-9.41774559888868E-6
3,451;679;809,-9.182216259603359E-6
3,7;455;539,9.110516114028147E-6
3,497;536;744,9.050257759387351E-6
3,476;752;880,-9.048723468916233E-6
3,300;584;934,-8.879496760604732E-6
3,341;595;997,8.596180108716753E-6
3,600;639;889,8.397099293710464E-6
3,88;357;435,8.34357880165916E-6
3,214;718;959,8.341003895843912E-6
3,267;401;661,8.308812113937997E-6
3,94;709;879,-8.170788273430347E-6
3,128;599;996,8.068152910337508E-6
3,36;372;432,8.018343760121893E-6
3,707;864;882,-7.951696323794666E-6
3,204;333;870,7.550467783545595E-6
3,35;75;778,-7.199321830402575E-6
3,487;604;744,6.741043336528085E-6
3,254;480;665,-6.649014480290719E-6
3,342;761;961,-6.540664402211238E-6
3,79;332;885,-6.391476385189346E-6
3,333;705;851,6.141697153310283E-6
3,60;493;919,-6.134660401240333E-6
3,355;456;701,6.087839446518958E-6
3,708;757;874,-5.807887545605753E-6
3,197;605;782,5.770551468332719E-6
3,427;590;809,5.7120570668859895E-6
3,391;497;583,-5.530074260858248E-6
3,208;270;779,5.431175254653809E-6
3,248;328;913,5.418826637251517E-6
3,145;627;924,-5.298457170914164E-6
3,76;208;400,5.167279086049429E-6
3,50;395;622,-5.00087165166957E-6
3,420;437;994,4.80877814068699E-6
3,294;467;916,-4.772789741744069E-6
3,111;234;437,4.710128653255485E-6
3,374;467;781,-4.647989893862794E-6
3,145;219;698,4.501276249176525E-6
3,304;437;628,4.345512731903742E-6
3,82;227;330,-4.304371032315388E-6
3,203;210;519,-4.1907248335729536E-6
3,130;392;697,4.064745271878126E-6
3,135;711;735,4.001236740702963E-6
3,467;755;856,-3.960992033095981E-6
3,137;239;693,3.5424758254568314E-6
3,116;268;799,3.5395566347447008E-6
3,126;252;911,-3.378297181979503E-6
3,756;789;993,-3.33810584580331E-6
3,19;932;975,-3.0892217527842133E-6
3,477;567;741,-3.0149027887732412E-6
3,505;808;905,2.4407896708840415E-6
3,585;687;819,-2.2325416314849523E-6
3,145;911;964,2.089309742474649E-6
3,180;288;526,-2.0029528487497535E-6
3,219;721;886,-1.8007950681652312E-6
3,827;855;889,-1.7749557369571706E-6
3,5;583;944,1.633031127270604E-6
3,36;182;614,-1.545055612227911E-6
3,524;718;925,-1.5029551829495308E-6
3,159;232;852,-1.456839252264086E-6
3,198;219;942,-1.4456167078228806E-6
3,131;150;819,-1.3900951285893415E-6
3,298;396;807,1.2008402266723144E-6
3,50;259;845,1.069700356007619E-6
3,105;447;943,1.000602253671115E-6
3,435;489;944,9.830719366901025E-7
3,50;352;818,9.213098137439424E-7
3,449;535;547,7.017649250806863E-7
3,19;566;630,-6.636844654199226E-7
3,229;283;837,5.070669155111812E-7
3,104;301;511,-2.1367226661700434E-7
3,431;904;972,1.9392928802831888E-7
3,158;835;996,1.1390524027336813E-7
3,652;726;773,9.821054852272859E-8
