order,indices,coefficient
0,,0.49733471057907114
1,22,-6.534432258354386E-4
1,334,-5.977715104983786E-4
1,772,5.261164917790254E-4
1,913,-5.233926745743116E-4
1,99,5.044727016645459E-4
1,613,4.852295303021123E-4
1,605,4.818969071731469E-4
1,408,4.787897178617441E-4
1,955,-4.554257928682017E-4
1,7,-4.531453477024118E-4
1,832,-4.4365789250765613E-4
1,856,-4.3929209296607725E-4
1,577,4.346676947185707E-4
1,353,-4.339379947692864E-4
1,816,4.317285007326904E-4
1,848,-4.310327432991642E-4
1,731,4.237481222523053E-4
1,229,-4.1951999309284394E-4
1,65,-4.1506420654959935E-4
1,158,-4.0721181010943287E-4
1,11,-4.046234636633016E-4
1,503,-3.977977446891134E-4
1,532,3.9472260384351145E-4
1,608,-3.9414412439326053E-4
1,671,-3.933125200953728E-4
1,652,3.9293411329181316E-4
1,338,3.886811388422543E-4
1,259,3.8805614336955984E-4
1,416,-3.8632306104800394E-4
1,675,3.8291889585072205E-4
1,182,3.82468976790627E-4
1,994,-3.8205098816737707E-4
1,633,-3.784435278334242E-4
1,736,3.7790323568862006E-4
1,135,3.7522011197720323E-4
1,179,-3.7358222376809863E-4
1,541,-3.7237013347047416E-4
1,413,-3.7184808854498133E-4
1,475,-3.700990069676267E-4
1,912,-3.666857502495734E-4
1,266,-3.6569513298257734E-4
1,204,-3.6436908861756855E-4
1,549,-3.631876102575622E-4
1,506,-3.622466298819745E-4
1,265,-3.6224242996000334E-4
1,754,3.6142167396195727E-4
1,380,3.577313682642892E-4
1,434,-3.53309296384428E-4
1,181,-3.503757057016023E-4
1,964,3.490093943671826E-4
1,527,3.4844370612072297E-4
1,62,-3.4481848082299084E-4
1,953,3.423166113044534E-4
1,264,-3.419771479872037E-4
1,303,-3.417232765966938E-4
1,170,-3.406168161397149E-4
1,678,3.3958230848352513E-4
1,700,3.375609443440109E-4
1,458,-3.363012688727678E-4
1,346,3.3527000663437706E-4
1,300,3.3468423405014756E-4
1,580,3.3360989057451795E-4
1,884,3.291983649742363E-4
1,914,-3.2293327687617045E-4
1,192,-3.224959142089244E-4
1,252,3.2175835843991003E-4
1,794,3.184859246439231E-4
1,118,3.1820191064178463E-4
1,669,3.1807794958021025E-4
1,232,3.179039796455608E-4
1,130,3.170001231082125E-4
1,238,-3.161950539951185E-4
1,915,-3.1570144347903864E-4
1,347,3.156159038250558E-4
1,388,-3.1537650717722125E-4
1,536,3.1341594636441185E-4
1,398,3.133155164012509E-4
1,279,3.128063769677798E-4
1,439,-3.1170965183964153E-4
1,746,-3.0836389399398065E-4
1,136,-3.063018324273817E-4
1,642,-3.057771531516812E-4
1,849,-3.0572282927875E-4
1,219,-3.054378705096611E-4
1,418,-3.052806384072098E-4
1,87,-3.032576771447495E-4
1,872,3.03251162570601E-4
1,997,3.013417137208297E-4
1,330,-3.0089319976747664E-4
1,900,3.0073751108859384E-4
1,1,3.0067586810958235E-4
1,973,-2.997273714613767E-4
1,94,2.9714655869107683E-4
1,449,-2.9694888279474123E-4
1,474,-2.9636528973686377E-4
1,164,-2.9290717242038463E-4
1,226,2.9261239525551575E-4
1,889,2.919073963030248E-4
1,172,2.912922512189566E-4
1,250,-2.906359529690241E-4
1,778,2.906202269660829E-4
1,442,2.9015039391411257E-4
1,316,2.8531415373668695E-4
1,893,2.8435928811842065E-4
1,169,-2.843383399183496E-4
1,484,-2.8365354741457746E-4
1,340,-2.8342526793817357E-4
1,16,2.8286162021144825E-4
1,156,-2.8276725072660724E-4
1,904,2.821621959621931E-4
1,403,-2.8096438930844424E-4
1,916,2.808931183874485E-4
1,576,-2.799505670028573E-4
1,862,-2.779707085796194E-4
1,662,2.772120979579521E-4
1,744,2.768813047886404E-4
1,683,-2.735955815564887E-4
1,332,-2.731926369699985E-4
1,499,-2.720710242830649E-4
1,617,2.709611498080754E-4
1,556,2.706127834475358E-4
1,829,2.7017032224398244E-4
1,749,-2.699099601731092E-4
1,451,-2.6936434455541324E-4
1,887,-2.689618929426001E-4
1,242,-2.687369083793726E-4
1,435,2.670721884024126E-4
1,723,-2.669763192466002E-4
1,821,2.648684790134158E-4
1,406,2.639081447390153E-4
1,241,-2.6288869674914836E-4
1,409,-2.6102490129113634E-4
1,791,-2.6013767924920817E-4
1,237,2.5981439703848155E-4
1,725,-2.596427166144451E-4
1,283,2.5829943676234263E-4
1,568,2.5806422901038917E-4
1,369,2.576521718930147E-4
1,663,2.5751196413100006E-4
1,432,-2.57086000835474E-4
1,148,-2.5697909115045124E-4
1,644,-2.5654711318377207E-4
1,922,-2.561080693809584E-4
1,840,-2.557953163257151E-4
1,751,-2.552812221213794E-4
1,817,2.544677111477728E-4
1,356,2.541580384424802E-4
1,405,2.5383332613522567E-4
1,479,2.534481875132423E-4
1,88,-2.5267814100264776E-4
1,896,2.524567015324717E-4
1,461,-2.521809494999998E-4
1,81,-2.5191662757787154E-4
1,822,-2.5179433299014165E-4
1,257,2.514196840798077E-4
1,770,2.50909259219244E-4
1,430,-2.506462953040457E-4
1,210,-2.504322512646416E-4
1,218,-2.5037426679620577E-4
1,298,2.4992450098795474E-4
1,752,-2.49868558801308E-4
1,513,-2.490283880402681E-4
1,129,-2.483475348734924E-4
1,289,2.4727708415822315E-4
1,147,-2.4703949911543085E-4
1,707,2.46573583212923E-4
1,429,2.454863466843364E-4
1,328,2.444943536004179E-4
1,607,-2.4445909824314695E-4
1,592,2.4440337176190574E-4
1,745,2.4247258134285442E-4
1,447,-2.41633614519816E-4
1,510,-2.411959788248812E-4
1,907,-2.40872454800805E-4
1,146,-2.4070647629221664E-4
1,269,2.4033221369424985E-4
1,161,2.3931546787319563E-4
1,921,2.3904672276210264E-4
1,531,2.3789097113102847E-4
1,998,-2.360069943075931E-4
1,785,-2.3532030409501793E-4
1,684,-2.3501464040278714E-4
1,18,2.3446898605178145E-4
1,402,2.344434607824638E-4
1,940,-2.3396716939735489E-4
1,980,-2.337673433566589E-4
1,905,2.330891278698527E-4
1,188,2.3274697074163954E-4
1,324,2.32509390391491E-4
1,386,2.3176002810121693E-4
1,203,-2.315179938391961E-4
1,834,-2.309152167238469E-4
1,969,-2.2934664538419846E-4
1,69,2.2895498666991522E-4
1,45,2.287875290458177E-4
1,464,2.2851572012719368E-4
1,630,-2.28015107153673E-4
1,268,-2.2766179039093498E-4
1,890,-2.2751657935742784E-4
1,187,-2.273807856744948E-4
1,936,-2.2700373975774723E-4
1,713,2.263374165432238E-4
1,304,2.2607982705968708E-4
1,538,-2.2606034719447872E-4
1,771,-2.2541970493417357E-4
1,798,-2.2541806859781822E-4
1,446,-2.248406133171602E-4
1,294,2.2405455855665303E-4
1,517,-2.221345148075571E-4
1,420,-2.217040576595676E-4
1,306,-2.2073884976276466E-4
1,718,2.2045184421694958E-4
1,319,2.1981328451697125E-4
1,965,-2.1961841912140944E-4
1,910,2.1946498491516445E-4
1,476,-2.1933891685505988E-4
1,991,2.1888801197315983E-4
1,390,2.1820703180846325E-4
1,582,-2.1703226942039661E-4
1,676,-2.1467371395151975E-4
1,519,-2.1451052358187767E-4
1,321,2.1387255292838595E-4
1,901,-2.1371997180898796E-4
1,638,-2.1298748196422085E-4
1,61,-2.1255998553836386E-4
1,543,-2.117400887298067E-4
1,395,-2.1142636849957503E-4
1,389,-2.114178814261276E-4
1,105,2.1014082906875754E-4
1,329,2.0992087767952023E-4
1,284,2.0908607806684307E-4
1,939,2.0852909466670944E-4
1,572,2.0814121061013858E-4
1,311,2.0708687422732835E-4
1,755,-2.0625566882886065E-4
1,845,2.0541956826078972E-4
1,928,-2.0539723835671055E-4
1,670,-2.0444315211379493E-4
1,33,-2.033584986700789E-4
1,467,2.0316722589392756E-4
1,224,2.0266402483147338E-4
1,518,2.0251398477837812E-4
1,322,-2.023797217357242E-4
1,917,2.0233741329279796E-4
1,674,-2.023280457298487E-4
1,86,-2.012833961615064E-4
1,743,2.0078087768691909E-4
1,101,2.0060272351108956E-4
1,711,2.0043271413428576E-4
1,528,-2.0019273330306624E-4
1,180,2.0019091195520142E-4
1,293,-1.9963514467379663E-4
1,883,-1.995439199754665E-4
1,776,1.9949874092235268E-4
1,139,1.9949287912609747E-4
1,26,-1.9888575244496762E-4
1,972,1.9883469964185603E-4
1,747,1.9857098161884607E-4
1,152,1.98233581587753E-4
1,494,1.9673819239296453E-4
1,600,-1.9644271531277626E-4
1,444,1.961005874951876E-4
1,106,1.9500343126197566E-4
1,384,1.940142846946607E-4
1,878,-1.9348952792152635E-4
1,717,-1.9345425312389003E-4
1,47,1.920555424220118E-4
1,539,-1.9198228556901854E-4
1,463,-1.9137093545182075E-4
1,806,-1.9132131016388282E-4
1,249,-1.910036680482483E-4
1,646,1.899498752477965E-4
1,623,1.8961769194938686E-4
1,184,1.894073006051204E-4
1,337,1.887599691661366E-4
1,263,-1.8868476945662282E-4
1,378,1.884787109141591E-4
1,36,-1.884099342098506E-4
1,309,-1.876332982882144E-4
1,472,1.874858550827982E-4
1,786,-1.86550478433904E-4
1,992,-1.858809826782215E-4
1,183,1.8517804340616628E-4
1,875,1.8486991144918722E-4
1,295,-1.8446910943285605E-4
1,804,1.842454501093147E-4
1,547,1.8256240811087728E-4
1,421,1.8214165506018036E-4
1,741,1.818763038633204E-4
1,990,-1.8127208848525117E-4
1,256,-1.8121379704053397E-4
1,564,1.8105218588197207E-4
1,767,1.8081855318796268E-4
1,724,1.8018353294244722E-4
1,189,1.7911198617134944E-4
1,385,-1.7900577377768213E-4
1,343,1.7848141229003862E-4
1,51,-1.7845763177881386E-4
1,481,1.7832146077636593E-4
1,288,-1.7811016805200492E-4
1,163,-1.7745042962795865E-4
1,234,1.7716652986260142E-4
1,742,-1.7685217338161635E-4
1,492,1.7664103400071775E-4
1,83,-1.7642061742787686E-4
1,67,-1.750760192011803E-4
1,497,-1.7490607943246322E-4
1,131,1.737759677419966E-4
1,882,-1.7360134355887957E-4
1,49,1.7355005942156073E-4
1,601,1.735203469636475E-4
1,215,1.735154373301631E-4
1,155,-1.7301098178870334E-4
1,498,-1.7241116482414083E-4
1,459,-1.720050440735249E-4
1,31,1.7146519048465375E-4
1,734,1.7107328620825438E-4
1,349,-1.7061693410705896E-4
1,253,1.7009200655747963E-4
1,819,-1.6995531813262667E-4
1,157,-1.690796937219375E-4
1,625,-1.687696953820227E-4
1,272,-1.6870655358531953E-4
1,317,1.6817961744104248E-4
1,95,1.6768942912887935E-4
1,230,-1.6742754032797092E-4
1,706,-1.6734342491499804E-4
1,282,-1.671428264953234E-4
1,89,1.6699974642273488E-4
1,504,1.6699302595448207E-4
1,202,1.6673403907577946E-4
1,716,-1.667328614490209E-4
1,74,1.6663617413066478E-4
1,84,1.6588985211998995E-4
1,961,1.6450307008447304E-4
1,348,-1.6443617039254687E-4
1,110,1.6424037293003192E-4
1,258,-1.6319087468829747E-4
1,285,-1.62756226550506E-4
1,667,1.6203389417019677E-4
1,104,1.6120418262709573E-4
1,668,-1.610645180114746E-4
1,735,1.6086538295334563E-4
1,359,-1.6007166999090384E-4
1,410,-1.5951328745513485E-4
1,132,-1.5910601820238028E-4
1,861,1.589757566341527E-4
1,728,1.5867411414288084E-4
1,999,1.5815659699374717E-4
1,581,-1.572685900808291E-4
1,352,-1.5724207584378192E-4
1,659,1.5722377940844385E-4
1,975,-1.5704116054981982E-4
1,874,-1.5685252836112278E-4
1,379,-1.563664804094324E-4
1,127,1.5593294351922533E-4
1,709,-1.5586003773497505E-4
1,29,-1.558107082570317E-4
1,96,1.5556225955131613E-4
1,28,1.554932226124318E-4
1,333,1.554541979982267E-4
1,596,-1.5527658714750128E-4
1,361,1.551197367081873E-4
1,559,1.5492198514574696E-4
1,443,1.5480377016780856E-4
1,968,1.547949208456303E-4
1,897,-1.5432061665656687E-4
1,485,-1.5375880533645224E-4
1,367,-1.5365130174624383E-4
1,286,1.534744473211751E-4
1,301,-1.5297701184579534E-4
1,273,1.5270149473239452E-4
1,852,-1.5216612723428934E-4
1,944,-1.515963635840237E-4
1,91,1.5145219745843296E-4
1,686,1.496450838878613E-4
1,809,1.4951178660390103E-4
1,571,1.4947691910434418E-4
1,811,1.494651463304732E-4
1,891,1.4923234824314614E-4
1,937,-1.4921964028410104E-4
1,575,-1.492196059236771E-4
1,502,-1.488949803418056E-4
1,780,-1.4885020085098934E-4
1,128,1.4874839372991315E-4
1,760,-1.4873892206286338E-4
1,466,1.4833074394257728E-4
1,17,1.4772296121664795E-4
1,853,-1.476289746438179E-4
1,604,-1.4740208665099745E-4
1,599,1.4554501648105574E-4
1,647,1.4519869945299712E-4
1,714,1.4512267541857816E-4
1,251,-1.4453667365331007E-4
1,841,-1.4439967240412652E-4
1,354,-1.4417680097204746E-4
1,516,-1.4401112869898041E-4
1,381,-1.4347441353189052E-4
1,925,1.4327327817414715E-4
1,370,1.4295353090226697E-4
1,550,1.428961357911881E-4
1,762,1.4254643414709207E-4
1,486,1.4174722093436012E-4
1,789,1.4139941294883992E-4
1,933,-1.4121742314204616E-4
1,507,1.4102919998183966E-4
1,544,-1.4041558172161285E-4
1,143,1.4038596312055353E-4
1,115,-1.401713022135813E-4
1,931,-1.3982399245106943E-4
1,573,-1.3935813061368002E-4
1,952,1.3922137980499393E-4
1,967,-1.387366838024945E-4
1,27,1.3801704914426216E-4
1,792,-1.367847608658559E-4
1,911,-1.362968893599814E-4
1,363,-1.3622378573638504E-4
1,552,-1.3588212227257963E-4
1,511,-1.3569129222996333E-4
1,396,1.3538135704820094E-4
1,56,1.3502242044551876E-4
1,469,-1.3451362685311906E-4
1,548,1.3421231155777736E-4
1,59,1.3413743436586922E-4
1,462,-1.3382067246712231E-4
1,589,-1.3370009121843664E-4
1,78,1.3364422593427903E-4
1,12,-1.3355808537330948E-4
1,526,-1.3347655587358804E-4
1,603,-1.334355869777741E-4
1,693,-1.3297321828962814E-4
1,691,1.3268708477213052E-4
1,565,1.32603875406682E-4
1,246,-1.3202312344602873E-4
1,632,1.3151951885543222E-4
1,620,1.302739694154867E-4
1,411,1.301997996548188E-4
1,39,1.3006245627539666E-4
1,393,1.2932906120886263E-4
1,482,-1.2932151246053278E-4
1,142,-1.292596062912683E-4
1,800,-1.289296943761398E-4
1,962,1.2889911056962718E-4
1,336,1.288082994537522E-4
1,355,-1.286669110579331E-4
1,428,-1.284453863261193E-4
1,177,1.283703998708098E-4
1,15,1.281658249818351E-4
1,857,1.2807482037417896E-4
1,679,1.2800097429382722E-4
1,830,-1.278628289986784E-4
1,702,1.2764065825405455E-4
1,509,-1.2730922366601755E-4
1,782,1.2709479341288204E-4
1,144,1.2681559061412646E-4
1,71,1.266782584520254E-4
1,212,1.266022789902024E-4
1,664,-1.265874347696142E-4
1,292,-1.2498898220562567E-4
1,855,1.2498276918165076E-4
1,414,-1.2494583369114265E-4
1,270,1.2477287589769142E-4
1,898,-1.241758879781205E-4
1,795,-1.2370938385808817E-4
1,213,1.2343514118275345E-4
1,214,1.2313837546529393E-4
1,681,1.2297994172900573E-4
1,231,1.2264735175112669E-4
1,48,-1.2259099411389667E-4
1,692,1.225410688705308E-4
1,490,1.224611967198065E-4
1,701,1.2239127296038036E-4
1,759,1.2234160020658144E-4
1,374,1.2200823853737353E-4
1,5,-1.219937281049349E-4
1,341,1.218047904460586E-4
1,360,1.2175587288340228E-4
1,738,-1.2126724895055492E-4
1,57,-1.2120406301570938E-4
1,643,1.2075016165683365E-4
1,525,-1.2060888152058834E-4
1,76,1.205843568629958E-4
1,150,1.20207164509844E-4
1,160,-1.1975566426100397E-4
1,318,1.1926664031386986E-4
1,141,-1.189125685925836E-4
1,345,-1.1877372722439048E-4
1,594,-1.1876547400766749E-4
1,712,-1.1860420059090099E-4
1,92,1.1855861200586406E-4
1,919,1.184088558414059E-4
1,375,-1.1832652080527036E-4
1,10,-1.1761538560673547E-4
1,397,1.1760126816405722E-4
1,987,-1.1759811669862184E-4
1,387,1.1747318665821755E-4
1,275,-1.1726053155077063E-4
1,194,1.1667057389899187E-4
1,58,-1.164884269521013E-4
1,244,1.1633693649509628E-4
1,641,1.1605460441011652E-4
1,480,-1.1603730443694424E-4
1,103,-1.1535436578971878E-4
1,537,1.1512547926530163E-4
1,546,1.1508019533014356E-4
1,122,-1.1445275514336972E-4
1,908,-1.1412157248290823E-4
1,660,1.1401014371169314E-4
1,847,-1.1235310250147873E-4
1,524,-1.1200683367289723E-4
1,260,-1.1177452908455249E-4
1,698,1.1166547344379725E-4
1,278,-1.1127518485396823E-4
1,562,-1.1120891908184154E-4
1,60,1.1085927145246106E-4
1,34,-1.1080310385049143E-4
1,995,-1.1067948382182207E-4
1,72,-1.1053769013496704E-4
1,560,-1.0995324711888359E-4
1,366,-1.0924605690446571E-4
1,281,1.0887124516303806E-4
1,228,-1.0835478119235898E-4
1,193,-1.0790669147540336E-4
1,628,1.0785586514272789E-4
1,926,1.0774989741146003E-4
1,43,-1.0756929089610733E-4
1,779,-1.074640970901555E-4
1,978,-1.070074828634983E-4
1,117,1.06769467979694E-4
1,903,-1.067064048617772E-4
1,879,1.0626600396226217E-4
1,520,-1.0558673740289594E-4
1,769,-1.0509424859397315E-4
1,788,-1.0464317128671903E-4
1,201,1.0427105378602364E-4
1,553,-1.0397921389363464E-4
1,810,-1.0329559530389852E-4
1,323,-1.0284913707053052E-4
1,989,-1.0226785008371816E-4
1,4,-1.0226726622753785E-4
1,412,-1.0219281047744751E-4
1,344,-1.0204325639846145E-4
1,450,-1.0196761177796431E-4
1,68,1.0195775756544329E-4
1,54,1.0187595399218489E-4
1,77,1.015108665892716E-4
1,860,1.0136591999723715E-4
1,145,1.0103305419148316E-4
1,394,1.0051245292435571E-4
1,699,-1.0036948613180179E-4
1,44,-1.0034105567450299E-4
1,37,-1.0029475251448025E-4
1,20,1.0022870643444163E-4
1,774,1.0017548479225584E-4
1,457,-9.96903471178669E-5
1,959,9.968639300770236E-5
1,207,-9.95896976405477E-5
1,954,-9.929233963538027E-5
1,657,9.908510811462017E-5
1,611,9.89785419434534E-5
1,426,9.875806496134302E-5
1,871,-9.834042548028064E-5
1,357,-9.81748550909713E-5
1,401,-9.801587068432228E-5
1,566,9.784963912457185E-5
1,291,-9.741897235319302E-5
1,512,-9.737582844246565E-5
1,248,-9.732703085720058E-5
1,963,9.731667881692741E-5
1,567,-9.726077073138961E-5
1,427,-9.713616563941466E-5
1,307,9.640292937679749E-5
1,391,9.582842424331843E-5
1,877,9.579963633297216E-5
1,121,-9.497673521589731E-5
1,276,9.479723381335081E-5
1,195,9.47958938068725E-5
1,197,9.473728323179006E-5
1,979,9.447157020303367E-5
1,326,-9.444796901571467E-5
1,508,9.441752136072499E-5
1,729,-9.426873491377083E-5
1,196,9.346812680416975E-5
1,777,-9.336184937856878E-5
1,455,-9.333769365908019E-5
1,125,-9.279324327202684E-5
1,935,-9.255978276737423E-5
1,645,-9.193762620190756E-5
1,138,9.179707482987838E-5
1,689,-9.066534651240923E-5
1,869,-9.064340402469347E-5
1,695,-9.044443981654335E-5
1,986,-9.035635402834038E-5
1,765,-9.030017643817128E-5
1,186,8.976881140627324E-5
1,618,8.975768626769637E-5
1,850,8.962290979669399E-5
1,523,8.922288560503674E-5
1,261,-8.903533785153313E-5
1,899,8.90104780106821E-5
1,487,8.862021008133163E-5
1,280,8.795131389477821E-5
1,124,-8.793528117960005E-5
1,453,-8.761224816212066E-5
1,805,-8.751511153321535E-5
1,673,-8.694232456435928E-5
1,710,8.671455527881586E-5
1,166,-8.657444993598241E-5
1,456,-8.653596242239481E-5
1,757,-8.649143495556584E-5
1,489,8.619369001784593E-5
1,342,8.604089151614015E-5
1,756,8.593619961386259E-5
1,761,-8.589728851633811E-5
1,595,-8.519173238402512E-5
1,739,8.511083113018756E-5
1,653,-8.491620683179492E-5
1,993,8.483816877417116E-5
1,648,8.397674056739268E-5
1,950,-8.380176135277465E-5
1,750,8.352429133776803E-5
1,799,8.321627596981675E-5
1,208,8.293708915644824E-5
1,2,-8.217988701762123E-5
1,983,-8.211725814783403E-5
1,803,-8.206414786632954E-5
1,793,-8.192616697858587E-5
1,41,-8.154002833852609E-5
1,540,-8.143130076585817E-5
1,6,8.129385345760326E-5
1,496,-8.073199692917217E-5
1,315,-8.057605590113806E-5
1,996,-8.057490156196338E-5
1,310,8.027033924062344E-5
1,558,-8.008033254073473E-5
1,460,7.928381864177125E-5
1,262,7.924071974293832E-5
1,842,-7.90577674787412E-5
1,650,7.888710922863721E-5
1,824,-7.883982182284992E-5
1,846,7.791804097983885E-5
1,894,7.78593901422536E-5
1,93,-7.743126828578942E-5
1,705,7.72493157490448E-5
1,112,7.714184684687286E-5
1,721,-7.614143207537914E-5
1,621,7.612864326025115E-5
1,885,-7.579236853968229E-5
1,748,-7.57913610705628E-5
1,924,-7.509144366183549E-5
1,153,-7.503613975502238E-5
1,941,-7.502869669804484E-5
1,688,7.449186314005685E-5
1,690,-7.445455888409452E-5
1,542,-7.44187821833415E-5
1,113,-7.380400120604275E-5
1,404,7.366538983634122E-5
1,308,-7.308746257249668E-5
1,814,-7.295570308781428E-5
1,368,7.288424433634039E-5
1,831,7.277659749565232E-5
1,176,7.227760099075742E-5
1,966,7.162923263063683E-5
1,812,-7.084129557346345E-5
1,720,-7.083863456975231E-5
1,957,-7.048372081349777E-5
1,108,-7.038949503301959E-5
1,858,7.010536570602718E-5
1,14,6.99610691827894E-5
1,9,6.992961728908466E-5
1,934,6.936414043016298E-5
1,984,6.931791774058348E-5
1,66,6.844430315088693E-5
1,784,-6.831474653100064E-5
1,25,6.828995964393037E-5
1,493,6.814797840613394E-5
1,102,-6.788307340875234E-5
1,624,-6.781003440149062E-5
1,634,6.774837132367334E-5
1,440,-6.704006322299373E-5
1,902,-6.649320302070203E-5
1,870,6.567128170103278E-5
1,371,6.563103525334366E-5
1,651,-6.55577055601043E-5
1,828,-6.504855462353813E-5
1,154,-6.48280866312482E-5
1,38,-6.439130357436642E-5
1,376,-6.40550246709834E-5
1,149,6.385749264567509E-5
1,495,6.366481352750424E-5
1,159,-6.365463007724321E-5
1,501,-6.364195530771906E-5
1,3,-6.361401331343747E-5
1,488,-6.353080072512876E-5
1,927,6.339049103791691E-5
1,661,6.336910635071421E-5
1,530,6.33151070271146E-5
1,175,6.311807418829128E-5
1,239,6.235438025887713E-5
1,609,6.232437402257433E-5
1,134,6.187691291444536E-5
1,247,6.156132132578043E-5
1,299,-6.107300867477351E-5
1,436,6.08288764637219E-5
1,325,-6.0271620518836346E-5
1,797,6.010818705094716E-5
1,923,-5.9814932265833386E-5
1,483,-5.96362651394827E-5
1,415,-5.93651546009962E-5
1,535,-5.9069399897809575E-5
1,419,5.902922428921248E-5
1,73,-5.892354413535468E-5
1,55,-5.845147461079835E-5
1,98,5.791201956843376E-5
1,985,5.790528546556746E-5
1,30,5.77608553405448E-5
1,217,-5.7373046115948985E-5
1,610,-5.721309730498447E-5
1,21,5.713877694781676E-5
1,290,-5.675410784517645E-5
1,578,-5.655642569519129E-5
1,314,-5.646055176026527E-5
1,597,5.6436967561584855E-5
1,677,-5.638901032814169E-5
1,438,5.6388141687457695E-5
1,579,5.637241552666309E-5
1,631,5.5983433261408225E-5
1,240,5.594281501551923E-5
1,591,5.557997391428163E-5
1,392,-5.553007262007883E-5
1,637,-5.546651031529486E-5
1,687,5.535358015872341E-5
1,191,-5.481686710365573E-5
1,200,5.481292990943686E-5
1,35,5.426618251826422E-5
1,514,-5.412629209813391E-5
1,168,-5.412221659257645E-5
1,267,5.407982169743962E-5
1,534,5.3397951454573586E-5
1,865,5.3282670390753505E-5
1,448,-5.327361835945796E-5
1,431,-5.2397535660303115E-5
1,958,5.194565388235228E-5
1,24,5.187365177156206E-5
1,612,5.1749748753113183E-5
1,478,-5.1705937718282134E-5
1,881,-5.1681818755291865E-5
1,223,-5.161533285271212E-5
1,867,-5.1342124461333754E-5
1,377,5.127318329659103E-5
1,19,-5.112850419037385E-5
1,220,-5.080469433188836E-5
1,680,-5.0768152007966306E-5
1,574,5.073572163353639E-5
1,382,-5.065459092643998E-5
1,373,-5.0622850307216115E-5
1,622,5.035757942078767E-5
1,781,-5.014208904073031E-5
1,140,-5.01047129330694E-5
1,930,4.985547338073751E-5
1,813,4.9590280211911215E-5
1,109,4.949547979015756E-5
1,859,4.9467668481380404E-5
1,627,4.942149812063951E-5
1,708,-4.939609700087419E-5
1,639,-4.935531570148238E-5
1,938,4.9221496456869255E-5
1,835,4.8638866998451145E-5
1,64,4.852699084820725E-5
1,704,4.798101271223525E-5
1,614,-4.7893101380786867E-5
1,764,-4.7793962874363495E-5
1,85,4.71817988502779E-5
1,863,4.6958812291606184E-5
1,672,-4.663092331815269E-5
1,362,-4.649460167857676E-5
1,570,4.647723604190293E-5
1,807,4.640712220637168E-5
1,892,-4.601403643402227E-5
1,868,-4.56139870029139E-5
1,123,-4.556413553163485E-5
1,561,-4.521196039877866E-5
1,826,-4.519127444055407E-5
1,53,-4.497159797619626E-5
1,312,4.456362720139514E-5
1,199,-4.4426297292737396E-5
1,225,-4.4315575608789655E-5
1,174,4.424492637206433E-5
1,422,4.40440174970943E-5
1,271,4.384684293307262E-5
1,358,-4.3628723054365726E-5
1,929,-4.362775538361141E-5
1,615,-4.352838337143474E-5
1,233,-4.351581555263481E-5
1,227,-4.306826592960028E-5
1,730,4.29967982268899E-5
1,364,4.277272504239361E-5
1,876,-4.2677487212096566E-5
1,339,-4.2483425318208495E-5
1,297,-4.191818061699331E-5
1,40,4.1869669012986863E-5
1,837,-4.141820911532207E-5
1,685,-4.141601473478934E-5
1,137,-4.125752779034623E-5
1,350,4.12274514121745E-5
1,100,4.1162985471906833E-5
1,171,4.1046204633771536E-5
1,763,-4.0972826967160786E-5
1,696,-4.073702393368454E-5
1,880,-4.059029925804636E-5
1,844,4.05623496180188E-5
1,563,-4.030082191527862E-5
1,569,-4.024384930507946E-5
1,586,-3.9633490757050054E-5
1,583,3.940670110973074E-5
1,13,-3.9281199819466304E-5
1,732,3.9172384073507106E-5
1,90,3.915213511656962E-5
1,296,3.901532329168618E-5
1,815,-3.898454794315588E-5
1,655,3.8561116468542214E-5
1,42,3.825261911352058E-5
1,682,3.8045988103890775E-5
1,545,3.780211264005625E-5
1,327,3.748121594601452E-5
1,133,3.740627991838436E-5
1,602,3.711664386344481E-5
1,947,-3.7031708117539586E-5
1,8,3.674458908113501E-5
1,0,3.672768425393519E-5
1,827,3.665247963618726E-5
1,465,3.655089210762902E-5
1,473,3.6483768327485764E-5
1,758,3.643972976368061E-5
1,424,3.6143380748232784E-5
1,441,3.604139898981386E-5
1,635,3.5567357661939914E-5
1,555,-3.545115507460658E-5
1,629,-3.517575237306875E-5
1,833,3.4474297515298695E-5
1,616,3.442411066976786E-5
1,766,3.4322224284731196E-5
1,522,-3.4014430274073386E-5
1,970,-3.399900886159002E-5
1,372,3.392730020736752E-5
1,836,3.3718389456380446E-5
1,697,3.3504676430247945E-5
1,178,-3.303725917255915E-5
1,587,-3.291035814134878E-5
1,796,-3.282221151692627E-5
1,505,3.2798367896245105E-5
1,946,-3.242188354615947E-5
1,801,-3.2365370747333786E-5
1,851,3.229964511661182E-5
1,500,-3.202989269669268E-5
1,107,-3.1996756304520065E-5
1,554,-3.1943119709662866E-5
1,335,-3.168538906590247E-5
1,649,-3.1292423669709204E-5
1,588,3.123604555090961E-5
1,694,-3.1196149785924364E-5
1,951,-3.098549356718333E-5
1,949,-3.075072724470533E-5
1,839,-3.065225120894526E-5
1,838,-3.030901356601512E-5
1,981,2.9769524056721344E-5
1,454,2.9412743520913483E-5
1,918,2.926282922117496E-5
1,400,2.9202428910960475E-5
1,956,2.8944476656632607E-5
1,63,2.8912448104662758E-5
1,383,-2.8887848733171823E-5
1,529,2.885026232065911E-5
1,585,-2.8674376584463103E-5
1,584,2.8486986587241236E-5
1,818,-2.8330781862230315E-5
1,775,-2.803790217878048E-5
1,727,2.796191972391232E-5
1,920,-2.7744581641876556E-5
1,515,-2.7591722369930973E-5
1,190,-2.7330642388056602E-5
1,313,2.6914394967332E-5
1,988,2.6886462826166027E-5
1,722,2.6416053187455548E-5
1,943,2.6253329077281634E-5
1,82,2.5920540032592506E-5
1,287,2.5219033923595453E-5
1,948,-2.5026053161726778E-5
1,52,2.3868795346883743E-5
1,719,2.348364735589259E-5
1,320,-2.3134326833214273E-5
1,75,-2.2739894258873627E-5
1,636,2.2557274691294136E-5
1,302,-2.2270438600614285E-5
1,866,-2.1226690525029595E-5
1,111,2.062867023938718E-5
1,808,2.054399754893349E-5
1,740,2.0443348342926048E-5
1,932,1.926901312740996E-5
1,753,1.9238859982715436E-5
1,305,1.9013956734641054E-5
1,590,1.883238793744982E-5
1,626,-1.8772804800544664E-5
1,470,1.8552082164225437E-5
1,665,-1.8445576831289142E-5
1,658,1.799542132323538E-5
1,114,-1.796967601168026E-5
1,417,-1.7619556746730588E-5
1,768,-1.7526492498241883E-5
1,243,1.7243459982049057E-5
1,977,-1.7200605811375557E-5
1,802,-1.7159020575109277E-5
1,23,1.7151980479471822E-5
1,126,1.6935620072094192E-5
1,221,-1.6579197949146974E-5
1,654,-1.648056323512845E-5
1,277,1.632705613701854E-5
1,185,-1.626563980043269E-5
1,557,1.5810529095655197E-5
1,80,1.5312255593859125E-5
1,399,1.4967170929680348E-5
1,715,-1.4554451848886347E-5
1,640,-1.4415860356244716E-5
1,165,1.438150552562556E-5
1,468,1.4187770178246726E-5
1,656,-1.4176069020646123E-5
1,205,-1.4140395684188374E-5
1,407,-1.367594391923857E-5
1,825,1.3506798527359171E-5
1,167,-1.3409190843718805E-5
1,437,1.3396242901684896E-5
1,942,-1.3325734364258977E-5
1,521,1.307427909287584E-5
1,790,-1.2976270166944235E-5
1,46,1.2957191968241716E-5
1,97,1.2575993444674388E-5
1,173,-1.2197586711961584E-5
1,425,-1.2140062941684946E-5
1,365,-1.1978325595631099E-5
1,864,-1.1970456022414714E-5
1,945,1.1564386378397614E-5
1,888,1.1515466627362942E-5
1,703,-1.113098636269344E-5
1,50,-1.087661775204328E-5
1,593,-1.0525057424759052E-5
1,119,-1.0359011327958564E-5
1,477,1.0212999254811284E-5
1,162,1.0206482065305487E-5
1,895,9.71650909532358E-6
1,773,-9.514336304628293E-6
1,206,-9.389186128330687E-6
1,211,8.85683478324717E-6
1,666,-8.719193745513027E-6
1,116,8.475461585121815E-6
1,331,-8.475076954297445E-6
1,787,-8.43743255747123E-6
1,971,-8.183237102612581E-6
1,906,8.165604206853041E-6
1,976,7.996222416776471E-6
1,79,-7.714535786158773E-6
1,873,7.093325268921314E-6
1,151,6.840083498879934E-6
1,491,6.782865745229988E-6
1,619,6.335580509583577E-6
1,733,-6.167160456323789E-6
1,823,-6.017622260551567E-6
1,974,5.925703243981243E-6
1,222,-5.772768544695356E-6
1,551,-5.666794656861748E-6
1,471,-5.4486907599273216E-6
1,254,5.00313081131748E-6
1,209,-4.976039141811786E-6
1,533,-4.946787274693235E-6
1,854,-4.7512540017587146E-6
1,70,4.3290571298836015E-6
1,351,-4.264566326970587E-6
1,274,-4.074984747922617E-6
1,255,-4.053312065635612E-6
1,783,-3.8013180964596995E-6
1,452,3.3608193734147725E-6
1,737,3.1662834709072634E-6
1,960,3.0635571389202864E-6
1,726,2.9173436630419435E-6
1,909,2.904795317397041E-6
1,598,2.854342679123975E-6
1,423,-2.8464585211663564E-6
1,445,2.735456396481012E-6
1,433,2.4740211108282145E-6
1,843,2.127060654282531E-6
1,982,-1.9318288231582325E-6
1,606,1.7850563505058675E-6
1,820,-1.481355694373035E-6
1,32,-1.335638243798773E-6
1,198,1.3249636132333098E-6
1,235,-8.61934956663965E-7
1,245,-8.073293159885503E-7
1,236,-7.642327023368173E-7
1,886,7.432991395949912E-7
1,120,4.3670679302017237E-7
1,216,4.075579339870711E-7
2,125;468,3.492350818237584E-4
2,321;831,-3.3838908092895514E-4
2,53;782,-3.083238461080816E-4
2,299;863,2.992532347064104E-4
2,824;859,-2.9105379810909486E-4
2,51;343,-2.9089089099192925E-4
2,73;303,-2.8991160846340304E-4
2,367;621,-2.8913636557201293E-4
2,594;952,-2.861011437767675E-4
2,481;662,-2.8522548664103916E-4
2,103;568,-2.8331202958279235E-4
2,141;384,-2.798022437102826E-4
2,43;447,2.7876105265071314E-4
2,198;797,2.7510403222075333E-4
2,127;351,-2.7221121362906167E-4
2,278;992,2.7041893838121824E-4
2,90;368,-2.6670270036454116E-4
2,877;953,2.666422093252944E-4
2,339;790,-2.6495940561363756E-4
2,613;624,2.6315124256699404E-4
2,689;712,-2.626019151306088E-4
2,68;740,2.623941583937987E-4
2,443;922,-2.617117690420627E-4
2,172;781,2.613797172308578E-4
2,658;734,2.6114291446750396E-4
2,252;794,-2.61087501871586E-4
2,943;997,-2.6014312458820006E-4
2,333;745,2.595844654222512E-4
2,643;977,-2.594474855100264E-4
2,257;943,-2.591545038543356E-4
2,937;995,-2.586715378240012E-4
2,321;491,-2.563298486536393E-4
2,69;958,2.5594169628763474E-4
2,507;769,-2.551431618656611E-4
2,221;820,-2.5465038693402067E-4
2,16;498,2.540949582365777E-4
2,241;911,2.5261087886563913E-4
2,222;862,-2.5229279303329977E-4
2,72;889,2.51844340743104E-4
2,244;409,-2.511049368157623E-4
2,423;836,-2.5084476050393756E-4
2,134;411,-2.4893361656883636E-4
2,479;527,2.485788740399097E-4
2,253;657,2.4796067326318005E-4
2,592;887,2.475186829252702E-4
2,592;606,-2.472755041943315E-4
2,71;316,-2.4679619800068505E-4
2,426;481,2.4654039617051616E-4
2,304;386,2.462659632691234E-4
2,156;672,2.4550574174337573E-4
2,151;957,2.4456240464573975E-4
2,78;240,-2.4415963561429327E-4
2,44;962,2.4349847059996476E-4
2,107;442,-2.4335110746786847E-4
2,164;277,-2.4333331949855436E-4
2,153;801,2.421461455116603E-4
2,232;371,2.4202036497429543E-4
2,39;290,2.4091758493634025E-4
2,108;829,-2.4037433896101218E-4
2,331;933,2.4033123568285655E-4
2,44;482,-2.4023003385964192E-4
2,30;53,2.3934187949881976E-4
2,543;955,2.3912554766450546E-4
2,581;974,-2.3847543784827257E-4
2,441;586,-2.3766655526051016E-4
2,597;889,2.3763215718678683E-4
2,500;748,2.373979463087303E-4
2,302;334,2.3669447074093416E-4
2,494;566,-2.3577991034778666E-4
2,543;721,-2.3547027631227573E-4
2,419;493,2.3540472879597096E-4
2,617;944,2.336964268632289E-4
2,503;904,-2.3353912057306054E-4
2,194;915,-2.332434454460058E-4
2,529;987,2.3240132012785586E-4
2,312;802,2.3213749474554034E-4
2,231;295,2.3211000151957683E-4
2,919;924,2.3000893200057703E-4
2,212;296,2.2975736887468313E-4
2,328;658,-2.2896982640674646E-4
2,184;652,2.2854172370595212E-4
2,811;885,-2.281485445012964E-4
2,182;594,-2.279668738576146E-4
2,644;988,2.2721850652973835E-4
2,744;814,2.2645473541141559E-4
2,451;717,2.2582410257212653E-4
2,299;724,-2.2565691140981903E-4
2,222;673,2.2505152421288172E-4
2,59;777,2.2497565660997964E-4
2,717;832,-2.2481720439739228E-4
2,99;445,2.2438731584087347E-4
2,152;472,-2.2382404604406365E-4
2,408;750,-2.2282123916537265E-4
2,78;872,2.2204354454048264E-4
2,598;913,-2.2070357225155874E-4
2,338;775,-2.2055740625119175E-4
2,318;385,-2.2020577458418803E-4
2,632;977,2.2000064295187377E-4
2,130;322,2.1929515883426233E-4
2,56;350,-2.1907986765596187E-4
2,217;455,-2.188660147874737E-4
2,393;671,-2.1884105091842692E-4
2,54;946,-2.1836063373845894E-4
2,492;661,-2.1828714395517003E-4
2,349;651,2.1801273901294886E-4
2,323;770,2.1754499715877202E-4
2,480;644,2.173945822127461E-4
2,148;678,-2.1723982459067223E-4
2,291;457,-2.1655310881364605E-4
2,152;713,-2.164458999006906E-4
2,87;569,-2.15727810696681E-4
2,121;481,-2.1569092676025764E-4
2,408;945,-2.1537942017986312E-4
2,141;440,2.151965630237655E-4
2,161;257,2.1501466746518994E-4
2,37;872,2.149222690893726E-4
2,507;622,-2.144801255951695E-4
2,58;689,-2.1309365148023708E-4
2,314;362,2.1292468008425204E-4
2,415;767,-2.1278645153957E-4
2,6;31,2.1210009718236465E-4
2,620;681,-2.119016689058954E-4
2,490;657,2.1129065619159178E-4
2,508;550,-2.1041650651602557E-4
2,645;749,2.1006429422736647E-4
2,281;713,-2.099800894513904E-4
2,264;347,2.097947557454157E-4
2,215;750,-2.0957029790785492E-4
2,236;376,-2.0923929928193575E-4
2,158;893,-2.0867283570923402E-4
2,364;957,2.0853895052196444E-4
2,201;864,-2.0841216747695973E-4
2,452;913,2.081884324231054E-4
2,59;585,-2.0791095680808492E-4
2,84;721,2.0756565285029194E-4
2,66;194,2.0730353961980014E-4
2,101;924,2.07260279760766E-4
2,122;746,2.072411781754323E-4
2,388;804,-2.0721183529682436E-4
2,355;796,-2.067955511723411E-4
2,440;991,2.067485461530979E-4
2,73;683,-2.0661879122688427E-4
2,113;720,2.0645719170311639E-4
2,53;584,-2.063131511465046E-4
2,174;279,2.0625558071608318E-4
2,538;812,2.0608496922210228E-4
2,413;954,2.0563291061863754E-4
2,500;917,2.054245082646202E-4
2,173;866,2.0450958710594027E-4
2,8;110,2.044909286179457E-4
2,77;859,2.0328038989596536E-4
2,196;917,-2.031523150209634E-4
2,458;966,-2.0215758109814569E-4
2,559;925,2.0208774885110964E-4
2,190;485,2.0162322840149022E-4
2,376;917,-2.0122235999579737E-4
2,317;926,-2.0078483840888458E-4
2,99;573,-2.0060906271877001E-4
2,390;723,-2.0034674429875897E-4
2,508;846,-2.001898502580223E-4
2,246;307,2.0000311142849447E-4
2,462;627,-1.9983995771173064E-4
2,68;931,-1.99504298204479E-4
2,137;839,1.994171726267444E-4
2,318;578,1.9850824528341683E-4
2,23;966,1.983654568359887E-4
2,292;458,1.9726314997041427E-4
2,208;972,-1.9694726931771485E-4
2,128;722,1.9671553843598975E-4
2,284;544,-1.9655738265513765E-4
2,731;738,1.9627466326285658E-4
2,91;731,1.959291782663795E-4
2,194;333,1.9577748631212022E-4
2,275;955,-1.9573997541912072E-4
2,507;514,1.9571288637707375E-4
2,233;904,-1.9554221559413997E-4
2,259;679,1.9424938235653648E-4
2,531;566,1.9402937240695894E-4
2,535;750,-1.936170748967473E-4
2,749;979,-1.9353303434970382E-4
2,559;564,1.9313194013123664E-4
2,100;527,1.9313089995363095E-4
2,435;561,-1.92908981921811E-4
2,268;949,-1.928289218113606E-4
2,341;771,-1.916392744691291E-4
2,651;737,1.914594935337749E-4
2,69;588,1.9119021266544777E-4
2,104;388,-1.9008337178789216E-4
2,442;529,-1.898922983919674E-4
2,163;786,-1.898709832906485E-4
2,580;916,-1.8974381761465792E-4
2,57;111,1.8954415129069185E-4
2,708;859,1.89526589809223E-4
2,117;546,-1.8951017316419906E-4
2,190;647,1.895003256664699E-4
2,269;865,1.8944103101754313E-4
2,721;876,-1.8931425306352974E-4
2,362;732,1.8905054671179033E-4
2,565;776,1.883294749980163E-4
2,578;663,-1.881719300008103E-4
2,882;945,-1.879602366095815E-4
2,319;405,1.876227310009747E-4
2,857;913,-1.8746496328752088E-4
2,398;635,-1.874337293356318E-4
2,831;941,-1.8730429597272537E-4
2,476;929,-1.8645454536224239E-4
2,451;608,-1.863770765254422E-4
2,232;887,-1.8634284104091292E-4
2,372;534,1.859346573904776E-4
2,89;907,-1.8545122542229823E-4
2,63;242,1.8537412903956425E-4
2,15;100,1.8514882355072704E-4
2,514;594,1.846412123349066E-4
2,311;576,1.8462220789099303E-4
2,669;913,-1.8430177279932475E-4
2,158;837,1.8419719240008072E-4
2,138;399,1.8382987537426566E-4
2,669;924,1.837970812409797E-4
2,167;648,1.8368531809358113E-4
2,277;706,1.8329356399733121E-4
2,491;938,-1.82955672710848E-4
2,544;825,-1.8288603104292707E-4
2,241;608,-1.828699621935111E-4
2,71;307,1.8275650670201364E-4
2,538;674,1.8251492779196377E-4
2,585;932,1.8238067541813223E-4
2,522;947,-1.8224524104252992E-4
2,27;542,1.820511524872006E-4
2,175;768,-1.81773778498307E-4
2,123;331,1.8122133501752942E-4
2,210;641,-1.8112607282763245E-4
2,459;943,-1.810690947310051E-4
2,349;676,1.810508853017941E-4
2,128;424,-1.8104586155179555E-4
2,371;630,1.8104536812945665E-4
2,102;945,-1.8097268953016173E-4
2,671;792,1.8020073908378532E-4
2,743;778,-1.7984457506244796E-4
2,411;890,1.7966103829380277E-4
2,560;760,-1.7937103536126565E-4
2,557;884,-1.7910204185842593E-4
2,221;873,1.7907702623175367E-4
2,120;169,1.789708437919329E-4
2,16;350,1.78890009701932E-4
2,0;93,1.788293528515588E-4
2,405;537,1.7846841674328158E-4
2,20;644,1.782961016383481E-4
2,826;961,-1.780658565409315E-4
2,230;440,-1.7788113051693224E-4
2,366;760,-1.778264909022631E-4
2,201;921,-1.7733913163974413E-4
2,630;699,1.7727749959254574E-4
2,670;973,1.7699675475684352E-4
2,90;676,1.7696568720045053E-4
2,363;897,1.76933294215455E-4
2,490;651,-1.7658682658706193E-4
2,42;141,-1.764884014470467E-4
2,726;879,-1.7627559662429206E-4
2,681;971,-1.7626405411231283E-4
2,356;498,-1.7595769507325391E-4
2,104;325,1.7538075511867242E-4
2,68;364,-1.7511191476607407E-4
2,117;592,-1.74960099038697E-4
2,91;738,1.7485482500422745E-4
2,670;770,-1.7447655216522014E-4
2,236;817,-1.7433509053214872E-4
2,829;924,1.743116677122763E-4
2,122;566,-1.7391412006343183E-4
2,353;860,1.738929083199274E-4
2,52;675,1.7365028776435032E-4
2,262;343,1.733495914275423E-4
2,368;957,1.7330495931881294E-4
2,636;676,-1.7284448156956218E-4
2,71;322,1.721589488529686E-4
2,812;921,-1.7188671030688807E-4
2,177;772,1.71848106089621E-4
2,131;984,-1.7159494420669052E-4
2,726;789,-1.7153016459958088E-4
2,95;395,-1.7091687577752774E-4
2,155;971,1.7087293071045884E-4
2,104;902,-1.708667912870553E-4
2,769;975,1.707288877647274E-4
2,112;714,-1.703789766302121E-4
2,321;778,-1.7033193622452883E-4
2,243;939,-1.7014973640367987E-4
2,10;500,-1.7001213776796943E-4
2,835;948,1.6998540250095901E-4
2,161;993,1.696229630289862E-4
2,886;940,1.6951363157999532E-4
2,386;962,1.694821342760019E-4
2,409;937,1.6931329546040962E-4
2,779;928,1.6929546888293584E-4
2,7;809,-1.6921559284309957E-4
2,521;855,-1.6903422941269057E-4
2,88;661,-1.6895818769452066E-4
2,603;605,1.6871339449017641E-4
2,63;461,1.6865985104984164E-4
2,7;812,1.683775582815345E-4
2,367;432,1.6829504412045883E-4
2,694;971,1.6812695806860256E-4
2,304;635,1.6805711755123764E-4
2,408;852,1.6798638571671246E-4
2,584;893,-1.6774747312161932E-4
2,988;999,1.6769932999937404E-4
2,218;854,1.6759265901975987E-4
2,1;346,1.6752338018172084E-4
2,406;565,1.6708727025692178E-4
2,236;291,-1.6708094924000708E-4
2,259;631,-1.6667978172927255E-4
2,6;287,-1.6666840193903186E-4
2,263;518,1.6663133630231953E-4
2,451;542,1.6652458135376968E-4
2,67;995,-1.664792444203282E-4
2,194;342,1.662906638180719E-4
2,510;577,-1.6585348868217642E-4
2,512;826,-1.6573038046923395E-4
2,603;610,1.6571889650531562E-4
2,426;606,-1.6570840984190516E-4
2,283;756,-1.6570708239918713E-4
2,556;931,1.6507890017650162E-4
2,258;429,1.6505579258671243E-4
2,87;863,-1.6494278592648837E-4
2,173;649,-1.6486264568375112E-4
2,446;981,-1.647027508350068E-4
2,295;913,-1.6456165702596252E-4
2,735;740,1.6452069074934529E-4
2,442;932,-1.6450286057189504E-4
2,1;913,-1.6422797189884604E-4
2,412;816,1.6381516971834527E-4
2,5;677,-1.6374591274846071E-4
2,52;236,1.636266256337076E-4
2,302;985,1.635497429230723E-4
2,391;520,1.6354248109944257E-4
2,503;939,1.6280107426940884E-4
2,193;988,-1.6265788397026054E-4
2,791;993,1.6248024624639532E-4
2,104;712,1.622371589367253E-4
2,945;988,1.6191507121013322E-4
2,739;961,1.6163551591624246E-4
2,190;600,1.615413391734159E-4
2,128;528,-1.6122753438183585E-4
2,851;892,-1.6091231292379474E-4
2,736;754,1.6076894568958983E-4
2,0;390,1.6052745423615085E-4
2,192;678,1.6028429035361015E-4
2,601;856,1.6017522639363488E-4
2,170;231,1.6006576761255268E-4
2,44;401,1.5960299028642673E-4
2,495;700,1.5960128354324343E-4
2,42;916,-1.5957843304149422E-4
2,601;915,-1.5946094968167468E-4
2,575;761,-1.594130708331857E-4
2,346;560,-1.5940343826227783E-4
2,82;174,-1.593546133088032E-4
2,148;521,1.5934349501955095E-4
2,722;843,-1.5906214017124076E-4
2,75;938,1.588535571538307E-4
2,156;778,1.588530293418244E-4
2,468;962,1.5857963965508308E-4
2,372;688,-1.5836660388463398E-4
2,457;789,1.5830720414902717E-4
2,179;255,-1.5819919934322566E-4
2,203;418,-1.5801838819823284E-4
2,63;720,1.5800045043872274E-4
2,166;606,1.5796297690662693E-4
2,288;756,-1.577618233253611E-4
2,83;341,1.577292528779094E-4
2,200;277,-1.5758641581443722E-4
2,568;636,1.5754954713172287E-4
2,354;993,-1.575421910817781E-4
2,691;941,1.5751244327801142E-4
2,447;854,1.5738619579173485E-4
2,355;635,-1.5726193722911348E-4
2,337;684,1.572027944398411E-4
2,253;355,1.5699828580336482E-4
2,121;788,-1.5690081155389697E-4
2,337;606,-1.56890478837906E-4
2,22;143,-1.5688592769925403E-4
2,16;670,1.5679107847094858E-4
2,297;609,1.5669131086943716E-4
2,54;560,-1.5668326909795525E-4
2,260;394,1.5627186553057504E-4
2,335;935,1.562376397686627E-4
2,791;877,-1.5623732818546748E-4
2,18;787,-1.5607364612950432E-4
2,71;285,1.5605978195708334E-4
2,365;748,-1.5532209136858173E-4
2,852;865,-1.5516665829354623E-4
2,137;494,1.5507867230340767E-4
2,67;637,1.5503824118053578E-4
2,880;949,-1.549427283414167E-4
2,460;836,1.5493066941568546E-4
2,284;500,1.5490932692544822E-4
2,98;821,-1.5468653018441218E-4
2,37;362,1.5466057029317327E-4
2,72;447,1.5457956916723972E-4
2,63;513,-1.5453555443920968E-4
2,858;961,-1.5437610215243813E-4
2,18;886,-1.54284238927274E-4
2,317;389,-1.5423966364359654E-4
2,72;753,-1.5402705342928614E-4
2,164;532,-1.5389987661110026E-4
2,79;807,-1.538289339186202E-4
2,528;532,1.5363615697136214E-4
2,247;866,1.5363005407020985E-4
2,85;148,1.5353888469057372E-4
2,756;803,1.53119921541245E-4
2,7;236,-1.528873789467921E-4
2,307;601,-1.5284063549304762E-4
2,424;778,-1.5280233705668625E-4
2,832;947,1.5265931978589436E-4
2,16;926,-1.5255457369803258E-4
2,301;494,1.524313018342971E-4
2,210;245,1.523440044702774E-4
2,137;599,-1.522894134262351E-4
2,23;820,-1.5210183289749603E-4
2,327;857,-1.5181314194684996E-4
2,101;997,-1.5180840466421077E-4
2,417;947,-1.51783428700768E-4
2,643;979,-1.515037587200494E-4
2,21;167,1.5147847645918136E-4
2,550;633,1.5134803651846391E-4
2,391;873,1.5128667646659833E-4
2,3;733,1.5126583065437605E-4
2,129;588,1.5124528542588198E-4
2,359;999,-1.5105713649595E-4
2,266;570,1.5089485290634404E-4
2,577;667,-1.5087907740026348E-4
2,156;554,-1.5068656939001002E-4
2,161;304,-1.5046085970477877E-4
2,559;584,-1.5025596276762866E-4
2,227;608,1.5011929554300575E-4
2,327;476,1.5010165591238084E-4
2,506;657,1.4994324211897413E-4
2,428;886,-1.4985286888043162E-4
2,250;751,-1.4975176975558192E-4
2,297;507,-1.496318919816606E-4
2,802;948,1.495602935331199E-4
2,97;293,1.4938562146077578E-4
2,183;969,-1.491850767592148E-4
2,328;544,1.4909779659949248E-4
2,69;390,-1.4904798144050688E-4
2,311;383,1.4888065631479952E-4
2,238;534,-1.4880160249905382E-4
2,314;793,-1.4864176904626973E-4
2,265;684,1.4862783185696317E-4
2,404;640,1.4851088492944588E-4
2,491;630,-1.4830151143154375E-4
2,396;916,1.482962147303907E-4
2,115;552,-1.4824313286205867E-4
2,234;451,-1.4816565388323807E-4
2,93;256,1.4814837278862396E-4
2,179;419,1.4787469529658754E-4
2,108;145,-1.4778615586434068E-4
2,388;529,1.4693802442443854E-4
2,529;905,1.4693617698384375E-4
2,630;973,1.4664105289370199E-4
2,376;585,1.4611473164868492E-4
2,444;601,-1.4610503598345357E-4
2,184;507,-1.4599857179855983E-4
2,25;638,-1.4585677865714045E-4
2,1;748,-1.4581454549323375E-4
2,144;832,-1.455177781053955E-4
2,575;847,1.4547489260496643E-4
2,786;996,-1.4546452723789848E-4
2,159;541,1.4511919784661483E-4
2,489;592,1.449757144322391E-4
2,220;991,-1.4494902836841852E-4
2,22;726,1.4485370535945874E-4
2,88;312,-1.448396791368247E-4
2,27;232,-1.448308163488614E-4
2,37;737,-1.447930451385448E-4
2,26;781,-1.4478884176459612E-4
2,609;644,-1.4478431140191683E-4
2,180;615,-1.446922648402314E-4
2,4;339,-1.446683425518394E-4
2,239;601,1.4450411789811442E-4
2,321;675,1.4449068829177722E-4
2,222;600,1.444698908672259E-4
2,101;477,-1.444602331625558E-4
2,574;704,1.444015300667923E-4
2,50;760,1.4439602407298634E-4
2,798;941,1.4436208657141265E-4
2,244;894,-1.44323094004382E-4
2,147;588,-1.4423225021665262E-4
2,520;848,1.4421080166297608E-4
2,659;845,1.4418106469864155E-4
2,99;487,-1.4416774869875033E-4
2,376;932,-1.4409992932055732E-4
2,237;966,1.440763482745048E-4
2,387;462,-1.440144660673721E-4
2,242;708,1.4401281772299774E-4
2,226;717,1.4395767096299423E-4
2,746;800,-1.4358504710404097E-4
2,151;161,1.4355006292591268E-4
2,427;957,-1.4351968106783095E-4
2,56;786,1.435096748874923E-4
2,512;732,-1.4349237072139615E-4
2,158;212,1.4340982876554515E-4
2,390;997,-1.4340134913767486E-4
2,20;555,-1.433849093797578E-4
2,330;359,1.4327427358629697E-4
2,474;714,1.4299069126191434E-4
2,4;101,-1.4287977617342452E-4
2,86;921,1.428006977929919E-4
2,430;658,1.4278524642477708E-4
2,618;860,1.4271711949321263E-4
2,115;614,1.4261926777335942E-4
2,89;774,-1.42376929494485E-4
2,281;659,-1.4223737175456287E-4
2,795;807,1.4223718845873413E-4
2,73;354,-1.4208648523156885E-4
2,744;960,-1.42070395728235E-4
2,21;717,1.4194661305015467E-4
2,665;880,1.4192327275918345E-4
2,462;818,1.418344475996472E-4
2,757;896,1.4167276036312364E-4
2,334;674,1.4153813272508168E-4
2,272;953,1.414433817109058E-4
2,672;683,-1.4144254467886219E-4
2,64;498,-1.4141130104771015E-4
2,346;804,-1.4130308607996364E-4
2,93;588,-1.4123646452576246E-4
2,177;182,1.4118973487796223E-4
2,524;669,1.4116765499978711E-4
2,11;676,1.4110909851487664E-4
2,144;147,-1.4103345447876597E-4
2,304;669,-1.4087274571451542E-4
2,585;873,1.4075824823301799E-4
2,374;640,1.405441493444785E-4
2,485;558,1.4051850283129913E-4
2,353;592,-1.404247198045232E-4
2,27;893,1.4042326931161308E-4
2,505;569,-1.403927497570302E-4
2,48;981,-1.40298035304074E-4
2,163;666,-1.402537278071347E-4
2,137;797,1.4007074887002215E-4
2,462;704,1.4001215154318847E-4
2,186;645,-1.3995426705678505E-4
2,11;285,1.3993907827566555E-4
2,133;614,-1.3983285033627687E-4
2,486;726,1.397172617069608E-4
2,196;264,1.3965065538721426E-4
2,88;650,1.3955732291401918E-4
2,46;510,1.3952992706622278E-4
2,678;807,-1.3945036133665136E-4
2,747;844,-1.3943705622705807E-4
2,255;549,1.3913187439213302E-4
2,399;990,1.390959057811092E-4
2,415;955,-1.3874796777267294E-4
2,11;883,1.3862864321571204E-4
2,747;917,1.3860503420419406E-4
2,487;910,1.3845411748647182E-4
2,246;731,1.384194373181562E-4
2,3;714,1.3841466950166665E-4
2,867;956,1.3813308921682222E-4
2,614;878,1.3806192193984557E-4
2,637;965,-1.380056555591253E-4
2,282;914,1.3795614293441027E-4
2,11;661,-1.379386843107373E-4
2,179;787,1.3773269516192217E-4
2,418;617,1.3772650378013167E-4
2,416;479,1.376848900277139E-4
2,180;184,1.3757957719165732E-4
2,436;701,-1.3743621239817923E-4
2,79;272,1.372572079497791E-4
2,452;884,-1.3724856834204508E-4
2,399;407,1.3712063497657042E-4
2,500;950,1.3704159045110025E-4
2,382;384,-1.370204601486082E-4
2,142;744,1.369798147903729E-4
2,396;502,1.3697248555110943E-4
2,129;444,-1.3682743935923685E-4
2,185;989,-1.3676488210790768E-4
2,726;947,1.3663666019820035E-4
2,144;316,1.3647454850044982E-4
2,265;732,1.3631063586453746E-4
2,295;586,1.3627031285641273E-4
2,276;339,1.362244830831456E-4
2,576;586,-1.3618790070552605E-4
2,608;904,-1.358749442109467E-4
2,577;588,-1.353830525206578E-4
2,549;568,1.351329526175411E-4
2,719;770,-1.351223707436306E-4
2,748;820,1.350628522421215E-4
2,205;578,-1.3505961838521175E-4
2,22;596,-1.3501104022117048E-4
2,82;574,1.3487105041419436E-4
2,576;803,1.3480185332629947E-4
2,178;428,-1.34749026769001E-4
2,274;724,1.3462215946779304E-4
2,210;569,-1.344106387755697E-4
2,158;239,1.341030445113886E-4
2,673;832,1.3389333370434289E-4
2,536;988,-1.3376344735265252E-4
2,250;642,-1.337247316341826E-4
2,266;777,1.3360195376359098E-4
2,32;423,1.3326973210532663E-4
2,90;725,1.3307650192082382E-4
2,29;380,-1.3304452585865807E-4
2,141;916,1.3299640806653968E-4
2,420;945,1.3284524539312732E-4
2,11;704,1.3278439297940772E-4
2,412;806,1.32602842664476E-4
2,137;146,-1.3238802083313255E-4
2,63;454,-1.323839122758805E-4
2,66;647,-1.3228144438002688E-4
2,112;260,-1.3222410375606248E-4
2,394;715,-1.3220675576571992E-4
2,278;989,1.3217450417797366E-4
2,144;891,-1.3209830670050737E-4
2,249;547,1.320405961316166E-4
2,113;792,1.3199747747968583E-4
2,808;833,1.3198949654624493E-4
2,499;861,1.3175940629457655E-4
2,16;180,-1.317282578441352E-4
2,623;862,-1.315204801058823E-4
2,344;662,1.314826243907754E-4
2,283;355,1.314161484965659E-4
2,169;187,-1.3138021250184067E-4
2,1;403,1.3130275493932037E-4
2,101;390,1.3108588888818438E-4
2,274;797,1.3099495890652648E-4
2,70;192,-1.3096404181626837E-4
2,6;115,-1.3091514858009802E-4
2,242;509,-1.308272816186217E-4
2,303;857,-1.3079706886551758E-4
2,400;495,-1.3074490622714107E-4
2,454;548,-1.3073568455541264E-4
2,724;838,1.3073020511374656E-4
2,139;868,-1.3051281704493366E-4
2,425;919,1.3046078866711056E-4
2,328;541,1.3042866631668984E-4
2,167;276,1.3042487060159667E-4
2,126;328,-1.303052615530613E-4
2,670;708,-1.3028062509956928E-4
2,488;606,-1.3020812167258955E-4
2,6;556,1.3019896668301113E-4
2,35;63,-1.301680861570303E-4
2,699;738,1.3014563724459178E-4
2,442;854,1.3011660840210235E-4
2,36;462,1.3010572190943836E-4
2,146;217,1.301030136088556E-4
2,81;577,1.2993527438272774E-4
2,721;923,1.2976233075842215E-4
2,64;806,1.2975020842195971E-4
2,111;330,-1.2963862654639968E-4
2,553;772,1.2958636999773688E-4
2,795;885,1.2953007288587584E-4
2,398;654,-1.2928532363928758E-4
2,511;586,-1.2924203633864762E-4
2,276;535,-1.2915725127204562E-4
2,623;810,1.2897046121923534E-4
2,578;747,-1.2892576021955365E-4
2,894;994,1.2888989436923246E-4
2,69;369,1.288576863286896E-4
2,451;641,-1.2877854410579356E-4
2,638;646,-1.2868305631587884E-4
2,481;503,1.286301375002515E-4
2,621;918,-1.2861645407756859E-4
2,621;743,1.2847169032003644E-4
2,249;293,1.2844836778890808E-4
2,32;797,-1.2837037407665113E-4
2,578;718,1.2833097624587387E-4
2,441;601,1.2832786451560707E-4
2,171;195,1.2829423868041255E-4
2,369;543,1.2827787355540517E-4
2,221;418,-1.282735422452013E-4
2,749;969,1.282352553196654E-4
2,83;219,1.282153761452523E-4
2,484;894,-1.2805844829289525E-4
2,231;351,1.2799413598566536E-4
2,442;446,1.279462861641546E-4
2,91;642,1.2783496790197047E-4
2,454;533,1.2780989974403668E-4
2,185;967,1.2767284189309615E-4
2,260;404,-1.274548225817505E-4
2,23;237,1.2725067581565051E-4
2,171;189,1.2724608217750216E-4
2,112;143,-1.2698016821286191E-4
2,774;923,1.2693622408205534E-4
2,677;733,-1.2692668832354998E-4
2,629;867,1.2654074609646674E-4
2,793;899,1.2629427689662116E-4
2,498;755,-1.2612481549453093E-4
2,620;734,-1.2611502088278424E-4
2,115;454,-1.2609704983357638E-4
2,208;588,1.2603583014146616E-4
2,161;599,1.258231783180972E-4
2,394;599,1.2576054592210317E-4
2,190;401,-1.2558233519804297E-4
2,551;962,1.2554829964663328E-4
2,8;952,1.255011447978465E-4
2,480;716,-1.254210883203348E-4
2,348;714,-1.254150223272546E-4
2,394;592,1.253242286059432E-4
2,194;585,1.253147015388542E-4
2,161;382,1.2526525350213858E-4
2,262;349,1.2526218517569128E-4
2,279;448,-1.251991999138691E-4
2,171;878,-1.2515281529614555E-4
2,441;514,-1.25152309870216E-4
2,371;470,1.2509769697429041E-4
2,379;505,-1.2479720253211608E-4
2,76;947,1.2479246261239724E-4
2,382;657,1.2478886554641736E-4
2,569;590,-1.245805568006305E-4
2,145;672,1.2454378315523705E-4
2,241;474,-1.2453243389232905E-4
2,330;847,1.2449972672122213E-4
2,252;302,-1.24348896729788E-4
2,172;625,-1.24311505579847E-4
2,728;738,-1.241196893184423E-4
2,294;649,1.2401521819358058E-4
2,495;923,1.2401159415673557E-4
2,121;583,-1.2380172406331862E-4
2,220;398,1.2379993502577985E-4
2,303;999,-1.237190723985657E-4
2,676;919,-1.2359355791234948E-4
2,345;577,-1.2327732491731946E-4
2,55;586,1.232183693117293E-4
2,464;495,-1.2296868963369088E-4
2,115;924,-1.229373749673523E-4
2,31;210,-1.2286727243555976E-4
2,630;647,-1.2275534650313678E-4
2,474;902,-1.227052305513334E-4
2,2;201,1.2267293335022986E-4
2,418;931,-1.2262461132344791E-4
2,216;900,-1.225902666177873E-4
2,532;923,-1.225643272236563E-4
2,260;640,1.224045048388269E-4
2,76;762,-1.2240348041918448E-4
2,221;362,-1.2217981503909685E-4
2,747;833,-1.2211523740586236E-4
2,268;911,-1.219760290167977E-4
2,578;844,-1.2177745865270206E-4
2,683;997,-1.2153544656732342E-4
2,96;330,-1.21470259921484E-4
2,95;867,1.2130333935577127E-4
2,528;722,1.2125887058439864E-4
2,46;268,1.2117177845766637E-4
2,694;875,1.2111857274743634E-4
2,238;272,-1.2106593201427429E-4
2,133;488,-1.209449486249794E-4
2,585;842,1.2091699139570647E-4
2,267;279,-1.2075456437860229E-4
2,610;744,1.2069592424604379E-4
2,442;519,-1.2069517738181138E-4
2,115;794,-1.2068451931522965E-4
2,368;725,1.2062020095804854E-4
2,297;608,-1.2057667004671454E-4
2,136;640,1.205529330069234E-4
2,65;180,1.2051767155024949E-4
2,118;751,1.204363399979422E-4
2,126;544,-1.2015900279741654E-4
2,108;884,1.2013306737665103E-4
2,234;641,-1.1992725600765384E-4
2,829;884,-1.1953103442887746E-4
2,429;882,1.1948537683713609E-4
2,73;116,-1.1943724351515093E-4
2,78;403,-1.1943080086203076E-4
2,104;474,-1.1940659773809124E-4
2,710;799,-1.1915485315525939E-4
2,374;464,-1.1914514806043219E-4
2,488;537,1.188487664896816E-4
2,856;950,-1.1878777868883904E-4
2,271;780,1.1876331709215086E-4
2,447;912,1.1862128600832872E-4
2,37;179,-1.1850611656845329E-4
2,303;466,-1.1849218397541315E-4
2,599;993,1.183864156385531E-4
2,15;872,-1.1837223532663911E-4
2,112;852,1.1812557168808558E-4
2,127;554,-1.1810327960148544E-4
2,60;217,-1.1791144352611372E-4
2,784;931,1.179045945949385E-4
2,447;490,-1.1786559718512984E-4
2,98;378,1.178019120391797E-4
2,446;577,-1.1755905965532233E-4
2,298;560,-1.175303058428779E-4
2,549;824,1.174898051227446E-4
2,692;744,-1.174636888399744E-4
2,137;217,1.1742586080973222E-4
2,380;908,-1.1738965000296031E-4
2,114;220,-1.1738357154986601E-4
2,407;723,1.1728470435720746E-4
2,718;886,-1.1710483377056723E-4
2,798;815,1.1692505157511101E-4
2,66;455,-1.1675928527224324E-4
2,190;263,-1.1650030908922462E-4
2,387;883,-1.164033647582246E-4
2,511;512,1.1640092426370365E-4
2,210;523,-1.163637190920941E-4
2,219;675,1.1628200568630488E-4
2,323;386,-1.1618527139849978E-4
2,862;897,1.161648807071168E-4
2,207;402,-1.1612272363089095E-4
2,508;639,1.1606419950239287E-4
2,71;506,-1.1604010165318661E-4
2,164;939,-1.1602736728273003E-4
2,613;677,-1.1594767904194162E-4
2,879;947,1.1594482209427949E-4
2,500;882,1.1590701378141676E-4
2,344;373,-1.1586990976335429E-4
2,105;457,-1.1580183258654761E-4
2,330;706,-1.1559144962674779E-4
2,37;975,1.1543325404705873E-4
2,202;964,-1.1530797112305193E-4
2,164;622,-1.1524846378836687E-4
2,405;546,1.150959564967058E-4
2,636;866,1.1492084805019439E-4
2,401;600,-1.1483694624350267E-4
2,126;929,1.1483047330330225E-4
2,400;954,1.1479238556431485E-4
2,213;818,1.1471446290464761E-4
2,474;909,-1.1438229809632789E-4
2,255;419,-1.1430081917637163E-4
2,229;649,1.14253011155991E-4
2,4;181,1.1417145282463867E-4
2,19;131,-1.1413901656525267E-4
2,128;415,-1.1409111837047983E-4
2,35;268,-1.1404749152929506E-4
2,789;827,1.140327395492643E-4
2,444;813,-1.1399407830126939E-4
2,538;884,-1.1397023601290741E-4
2,477;745,-1.1383301154302387E-4
2,86;812,-1.1367757844332583E-4
2,441;994,1.1367237446710406E-4
2,486;791,-1.1360929162709438E-4
2,207;441,1.1354118821791795E-4
2,301;451,-1.1340471100669144E-4
2,142;566,-1.1327416815967466E-4
2,32;842,1.1327402963211412E-4
2,202;782,-1.132649891381312E-4
2,786;968,1.1325021609556687E-4
2,45;48,1.1314176028461798E-4
2,144;708,-1.1311578300798288E-4
2,592;691,1.1300173643893624E-4
2,353;627,1.1295449185315104E-4
2,179;576,1.1258329726840229E-4
2,550;884,1.1237183441688418E-4
2,105;141,-1.1234305497435465E-4
2,55;156,-1.1232678745073715E-4
2,621;822,-1.1221689324749265E-4
2,266;308,1.1205531317427499E-4
2,22;642,-1.1205211658588826E-4
2,182;188,-1.1204276697191582E-4
2,285;704,-1.1200718897597868E-4
2,231;785,-1.1199488515570844E-4
2,697;711,-1.1187631775540174E-4
2,56;522,-1.118517183549463E-4
2,13;790,1.1182760094801574E-4
2,131;141,1.1169158207119242E-4
2,26;390,1.1168281977876372E-4
2,44;408,1.1167202368355403E-4
2,10;284,-1.1165109987834196E-4
2,202;909,1.1164516565538954E-4
2,523;552,-1.1158678357623914E-4
2,277;569,1.1144814547796852E-4
2,860;958,-1.1143560449672495E-4
2,89;223,1.1140354809577492E-4
2,732;939,1.1136186407135256E-4
2,317;568,-1.1130144746255222E-4
2,500;562,-1.1128405210838224E-4
2,186;397,-1.1126731151983977E-4
2,220;429,1.1125518237802135E-4
2,336;737,-1.11244751602389E-4
2,229;294,1.1123534874417875E-4
2,288;994,1.1114047467854614E-4
2,762;991,-1.1113283565657876E-4
2,153;167,1.1103160700957273E-4
2,159;503,-1.1091704141099485E-4
2,793;949,1.1088428882825742E-4
2,284;381,-1.108659429679638E-4
2,168;409,1.1076236150718442E-4
2,395;651,-1.1053584374519879E-4
2,699;883,1.1052626289332174E-4
2,51;578,1.1051770149042013E-4
2,831;983,1.1051114939882542E-4
2,303;671,1.102325616653039E-4
2,105;384,-1.1018088052223285E-4
2,306;613,1.1014409677859228E-4
2,409;894,-1.1011107210308966E-4
2,6;111,1.1008665077288114E-4
2,353;989,1.1007133768710579E-4
2,102;334,1.0992919608136922E-4
2,320;968,1.0989403099085897E-4
2,303;465,-1.0984923111197728E-4
2,336;808,1.0981787163294838E-4
2,490;927,1.0974352149928268E-4
2,427;531,-1.0971895943940712E-4
2,103;125,1.0950914167963397E-4
2,475;836,-1.0923608532367012E-4
2,622;750,1.0910070243994444E-4
2,365;811,-1.0892718638003019E-4
2,267;956,-1.0863100289883574E-4
2,643;864,1.0846671717140894E-4
2,364;427,1.0828373742780191E-4
2,173;888,1.0814930945173921E-4
2,366;919,1.0806384841249458E-4
2,165;328,-1.080140462655915E-4
2,524;682,1.0794129248077871E-4
2,480;610,-1.0791553504697818E-4
2,297;763,-1.0777444530275435E-4
2,571;850,-1.0776192135173792E-4
2,502;815,-1.0773752230308719E-4
2,484;616,-1.0773655175400888E-4
2,895;992,1.0766485525759789E-4
2,162;419,-1.0764621308057175E-4
2,194;542,1.0760842589513211E-4
2,391;825,1.0745872160786843E-4
2,265;929,1.0744746131977787E-4
2,21;412,1.074440838212968E-4
2,670;871,1.0738728866503001E-4
2,402;466,1.0731239599430213E-4
2,370;985,-1.0708801872937565E-4
2,439;540,-1.0701929696268823E-4
2,292;727,-1.0696771656736509E-4
2,97;322,1.0696388164146567E-4
2,670;719,1.0693167913819895E-4
2,86;311,-1.0683789716350453E-4
2,141;341,1.0682687924000137E-4
2,171;269,-1.0673290203840994E-4
2,492;606,1.0668617556372813E-4
2,71;750,-1.0665407880632099E-4
2,378;408,-1.0642829397776423E-4
2,118;183,-1.0641421763673725E-4
2,662;920,-1.0637261977761995E-4
2,643;810,1.063227698512045E-4
2,427;760,-1.0626593964619431E-4
2,281;375,-1.0605554432141027E-4
2,626;849,1.060502906008393E-4
2,539;991,1.0600922177761498E-4
2,235;241,1.0589263544837142E-4
2,504;954,1.058415971744771E-4
2,517;940,-1.0582244307821669E-4
2,190;919,1.0575773440502178E-4
2,259;667,-1.0574709244942874E-4
2,124;300,1.0563787742445939E-4
2,425;479,1.0563308118240827E-4
2,443;575,1.0555615529366523E-4
2,767;955,-1.0554791589121743E-4
2,858;913,-1.0552683656442708E-4
2,40;485,1.0541083741736095E-4
2,200;380,1.0533989840855918E-4
2,218;433,-1.0494233744312792E-4
2,183;287,1.0482264160710434E-4
2,413;889,1.047860872836864E-4
2,67;479,-1.0475484933421738E-4
2,331;336,-1.0451787577091416E-4
2,483;941,-1.0449202250373525E-4
2,627;991,1.0436922686885269E-4
2,686;751,-1.0435682266541207E-4
2,477;704,-1.0425078134443539E-4
2,101;356,1.0417774825982845E-4
2,39;254,1.0403014617022231E-4
2,140;676,-1.0395353064419587E-4
2,416;451,1.0385436221483687E-4
2,17;791,1.0371637484029468E-4
2,58;123,-1.0367033236911881E-4
2,347;718,-1.0364191077634375E-4
2,503;872,1.0364011881975654E-4
2,144;289,-1.0353504421239324E-4
2,469;582,1.0329171130446105E-4
2,177;439,1.0305210197775365E-4
2,138;887,-1.0288530827603557E-4
2,723;904,-1.0283497286368361E-4
2,498;752,-1.0276122583323399E-4
2,470;571,1.0275053391843762E-4
2,144;867,-1.0271988362157088E-4
2,187;868,1.0268681542951625E-4
2,432;486,1.026717556118808E-4
2,465;857,-1.0262261321038204E-4
2,243;437,1.0256692467466978E-4
2,249;271,-1.0255483992206345E-4
2,333;686,1.0227727525584645E-4
2,33;639,1.0217875674518114E-4
2,78;669,1.0208939760873095E-4
2,759;991,-1.020254766191841E-4
2,97;778,-1.020005989796143E-4
2,284;786,1.0198813488973561E-4
2,14;880,1.0196848591383637E-4
2,612;970,-1.0193120799896982E-4
2,76;641,-1.0189006530029253E-4
2,561;652,1.0186472810637025E-4
2,670;921,1.0162941208337678E-4
2,556;846,-1.0160481842690777E-4
2,611;999,-1.015969240872861E-4
2,278;885,1.0159369510082331E-4
2,23;568,1.0159303453348627E-4
2,430;667,1.0159242915513615E-4
2,235;608,-1.0140175801761024E-4
2,358;926,-1.0131178544082342E-4
2,111;123,-1.0129592153642647E-4
2,479;666,-1.0120346527223375E-4
2,751;781,1.0114215023669465E-4
2,57;272,-1.0113727773859438E-4
2,421;661,-1.0109736513873478E-4
2,139;187,-1.0106543146282147E-4
2,48;880,-1.010455455831343E-4
2,57;780,-1.0104214485799916E-4
2,67;794,-1.008001234159496E-4
2,650;956,-1.0078770065133896E-4
2,90;140,-1.0069888771322514E-4
2,934;989,-1.006112039130217E-4
2,611;696,1.0060326766070438E-4
2,501;782,1.0057686297525768E-4
2,97;577,1.0057083644283514E-4
2,132;592,-1.0055733480670597E-4
2,575;867,1.0054838312642573E-4
2,696;999,-1.0052262454195061E-4
2,224;861,-1.0049533562998967E-4
2,460;736,1.0040561892912141E-4
2,328;520,1.0036665567042276E-4
2,44;115,9.993993291352514E-5
2,543;866,-9.989375296167416E-5
2,201;324,-9.980238774605696E-5
2,406;585,-9.972286473111778E-5
2,49;611,-9.972037566411323E-5
2,184;318,9.968252134536504E-5
2,482;499,-9.966956560751614E-5
2,503;749,-9.96068005860686E-5
2,154;419,-9.958243940878302E-5
2,34;263,9.945501917836535E-5
2,290;707,9.933240029333612E-5
2,782;808,9.925714637062684E-5
2,63;466,-9.919066210169621E-5
2,187;220,9.881188896925366E-5
2,453;764,9.87116993157283E-5
2,751;816,-9.868088800410788E-5
2,814;960,9.867406655571383E-5
2,6;330,9.85290585288083E-5
2,741;863,9.843122879001408E-5
2,156;948,-9.827197817876872E-5
2,540;994,9.823403372045875E-5
2,213;983,-9.823030711781599E-5
2,651;980,-9.820989021236905E-5
2,400;845,9.820552324293024E-5
2,47;916,-9.818037047763593E-5
2,258;700,9.810788673461381E-5
2,292;330,9.80707382762322E-5
2,10;380,9.79617798084486E-5
2,42;372,-9.788392540891794E-5
2,530;641,9.78770950293316E-5
2,679;892,-9.77856388949647E-5
2,922;944,9.774578615731189E-5
2,55;554,9.772697770505695E-5
2,199;834,-9.763493957433834E-5
2,259;723,-9.761461492469107E-5
2,69;93,-9.760725242539319E-5
2,379;569,-9.760039869271841E-5
2,176;941,-9.747374795367875E-5
2,203;931,-9.737972454995218E-5
2,354;420,-9.70778215826302E-5
2,51;523,9.69899683251369E-5
2,797;816,-9.698095219460802E-5
2,470;906,-9.697854477967744E-5
2,182;554,-9.68984088471001E-5
2,7;980,-9.680036475519256E-5
2,561;872,-9.664983464289584E-5
2,654;907,9.663805222048803E-5
2,568;930,-9.66005260606296E-5
2,372;582,9.640396115836333E-5
2,631;864,-9.639609400873151E-5
2,687;722,-9.631429766978228E-5
2,24;290,-9.630025055861027E-5
2,334;850,9.628268873177196E-5
2,465;675,-9.626724980765621E-5
2,117;325,9.617977579338239E-5
2,463;815,9.616288464986502E-5
2,352;373,9.613208680804396E-5
2,79;577,9.613037213942444E-5
2,202;336,-9.61125933019489E-5
2,676;932,-9.605886742772093E-5
2,50;263,-9.604308239772165E-5
2,1;656,9.590254161915891E-5
2,791;857,9.589912259561965E-5
2,416;436,-9.589119235375084E-5
2,309;346,9.58908753959749E-5
2,818;973,-9.579050167266316E-5
2,388;692,-9.578965992045392E-5
2,672;868,9.567700644050546E-5
2,191;416,-9.565168230307099E-5
2,412;725,-9.563641801043298E-5
2,809;898,9.559655522276036E-5
2,821;879,-9.555795254577616E-5
2,39;802,9.549712472656749E-5
2,213;722,-9.548301308039969E-5
2,251;288,9.522563867870947E-5
2,330;541,9.508174838962132E-5
2,335;849,-9.506326239453093E-5
2,422;699,9.500819271542285E-5
2,839;861,-9.499013863848503E-5
2,27;371,-9.487392165160733E-5
2,357;560,-9.486156143921233E-5
2,185;715,9.479449319963903E-5
2,169;334,9.477889099539456E-5
2,210;684,9.471122020499544E-5
2,250;891,9.464239830831137E-5
2,829;897,-9.459515470601598E-5
2,640;786,9.452594503451171E-5
2,276;762,-9.431872824313561E-5
2,623;897,9.427260295769893E-5
2,314;703,9.425206893196804E-5
2,337;540,9.423577849291989E-5
2,173;205,9.41897064827636E-5
2,204;273,9.405429346874485E-5
2,14;988,9.386585022829907E-5
2,331;820,-9.382197133704447E-5
2,79;852,-9.378150914066838E-5
2,100;660,-9.377597475615401E-5
2,5;463,9.374132249606429E-5
2,745;882,9.368124894327368E-5
2,606;909,9.358843966351798E-5
2,715;988,9.354259706482504E-5
2,207;509,-9.336505951509806E-5
2,27;401,9.334565014138719E-5
2,22;187,-9.327042017065427E-5
2,415;631,9.321386415365758E-5
2,311;414,-9.319206164050533E-5
2,82;627,9.316140342254739E-5
2,315;540,9.314830835153419E-5
2,665;949,-9.309582379707208E-5
2,325;951,-9.309386258670927E-5
2,11;968,9.307787297803357E-5
2,650;661,-9.306889302805902E-5
2,654;983,9.305620493036899E-5
2,121;772,9.305359653855466E-5
2,20;609,9.298513574593852E-5
2,443;459,9.294765546987651E-5
2,476;857,9.251083557409426E-5
2,32;585,9.243720203965157E-5
2,400;548,-9.232892800258844E-5
2,452;521,9.22218500843717E-5
2,141;968,-9.210046798372575E-5
2,170;861,-9.20862276464323E-5
2,292;894,9.196206790538617E-5
2,504;667,9.192571499051537E-5
2,304;382,-9.186335329997468E-5
2,561;903,-9.180217321610144E-5
2,209;502,-9.169160115170539E-5
2,475;641,9.151865736953218E-5
2,398;991,9.146408103789564E-5
2,706;800,-9.134114788147821E-5
2,676;968,-9.122820186074646E-5
2,345;960,9.114242898235706E-5
2,466;986,-9.110992574652994E-5
2,201;347,9.10186452356195E-5
2,72;460,-9.101776194570706E-5
2,84;714,9.100791587956914E-5
2,405;816,-9.095623978702121E-5
2,601;994,-9.095217253019645E-5
2,318;632,9.089145975605368E-5
2,621;853,-9.088484235043031E-5
2,66;406,9.081039336473306E-5
2,82;915,9.074452689842272E-5
2,167;584,-9.065960478831512E-5
2,174;199,-9.046291436063903E-5
2,521;636,-9.045699032331356E-5
2,403;894,-9.03967882087634E-5
2,271;955,-9.025841439137029E-5
2,796;801,9.021250953694254E-5
2,196;720,-9.020070245980109E-5
2,67;87,9.017017584310842E-5
2,900;951,-9.015767231449342E-5
2,164;738,9.01216378217679E-5
2,608;763,9.009199865738373E-5
2,284;984,-8.997938168709386E-5
2,121;883,-8.991207299774263E-5
2,47;736,8.988549535039796E-5
2,759;900,-8.985565133218533E-5
2,345;929,8.98316180340336E-5
2,391;993,-8.972191673918641E-5
2,412;751,8.969154377917976E-5
2,72;654,-8.956939928738322E-5
2,258;998,8.949919798492105E-5
2,328;975,-8.947909218332466E-5
2,59;99,-8.939758098576035E-5
2,398;594,8.933793603919547E-5
2,43;991,8.933090951946294E-5
2,236;809,8.927970783931006E-5
2,325;687,-8.922946078611636E-5
2,384;939,-8.918053662900433E-5
2,75;655,-8.913543074206872E-5
2,244;775,-8.910461039229432E-5
2,669;805,-8.904583209768962E-5
2,268;694,8.88892670123079E-5
2,23;522,-8.885157443229049E-5
2,179;795,-8.881680276947154E-5
2,136;385,-8.876337621611079E-5
2,512;524,-8.869162330292984E-5
2,303;487,8.868544827153019E-5
2,147;832,8.868279172972806E-5
2,182;192,8.86607574608469E-5
2,483;691,8.858049800535364E-5
2,314;564,-8.845208530135475E-5
2,299;741,-8.840995829912437E-5
2,103;609,8.838446505160864E-5
2,66;754,8.831124075828388E-5
2,113;511,8.827360194762845E-5
2,338;607,8.813365768795891E-5
2,5;253,8.81076760200377E-5
2,582;858,8.81062305021281E-5
2,34;518,-8.783771207940382E-5
2,392;776,-8.772290790311893E-5
2,802;818,8.769498766453862E-5
2,411;763,8.767705843769797E-5
2,336;804,-8.762812744323367E-5
2,75;669,8.759504419370245E-5
2,140;558,-8.757942196881537E-5
2,232;252,-8.755584969109851E-5
2,214;395,8.753888105805864E-5
2,23;221,8.751738989340089E-5
2,557;686,8.746317828313789E-5
2,252;998,-8.738596032491535E-5
2,692;923,8.727336332336193E-5
2,544;578,-8.707429921696768E-5
2,535;617,8.700609062935213E-5
2,669;965,-8.695756109977008E-5
2,407;506,8.691326855175893E-5
2,146;759,-8.686437213304996E-5
2,75;805,8.682714524140582E-5
2,763;779,8.679686897366066E-5
2,56;192,8.67354383757535E-5
2,265;491,-8.672396044017553E-5
2,478;577,8.670764354614958E-5
2,60;849,-8.666133316973295E-5
2,349;911,-8.663418569775979E-5
2,155;924,8.658757965499046E-5
2,726;856,-8.657703225152886E-5
2,47;628,-8.653686732951127E-5
2,381;984,-8.650420591007577E-5
2,568;866,-8.623165119849997E-5
2,29;586,8.614453635252926E-5
2,344;453,-8.593285178577832E-5
2,291;467,8.59209313736181E-5
2,302;786,-8.589670013436347E-5
2,324;970,-8.581080258084947E-5
2,285;813,-8.577599204011006E-5
2,317;322,-8.559343889512428E-5
2,201;496,-8.556397326869077E-5
2,498;839,8.548915390525452E-5
2,53;198,-8.541913415549047E-5
2,807;885,8.539319925238837E-5
2,151;921,8.536557676087903E-5
2,174;236,8.536063934546825E-5
2,430;888,8.525001241816655E-5
2,652;903,-8.518295126536005E-5
2,67;937,-8.489560769133262E-5
2,274;351,-8.489035900153622E-5
2,157;307,-8.48364195438823E-5
2,509;711,-8.481793601016365E-5
2,401;982,-8.475220784872043E-5
2,283;297,-8.474002378233677E-5
2,211;653,8.47280838227117E-5
2,710;883,8.450413443480289E-5
2,98;742,-8.448116817635004E-5
2,31;452,8.43458424929678E-5
2,219;676,-8.424554119264867E-5
2,491;601,8.41866945840878E-5
2,122;664,8.405618767836673E-5
2,311;586,8.401182426269298E-5
2,67;402,-8.401113616161175E-5
2,556;784,-8.39809888692883E-5
2,557;985,8.397342694643047E-5
2,122;253,-8.396015988045611E-5
2,287;969,8.387738232334775E-5
2,271;332,8.383797756682685E-5
2,86;385,8.383637577312369E-5
2,346;451,-8.376348254523609E-5
2,394;991,8.366413156839518E-5
2,7;648,8.361194038530487E-5
2,457;914,-8.354234568003375E-5
2,401;830,-8.341154352756492E-5
2,436;451,8.338339166216143E-5
2,337;875,-8.335147761096032E-5
2,296;407,-8.331421521705142E-5
2,57;727,8.326179115567472E-5
2,283;352,-8.321664474182682E-5
2,21;438,-8.321596055804366E-5
2,404;922,-8.321465495530563E-5
2,525;734,8.32098973104708E-5
2,94;526,8.311148137900099E-5
2,2;343,-8.305764865299544E-5
2,680;725,-8.298979220715E-5
2,204;822,-8.297266373027378E-5
2,316;506,-8.29402768279674E-5
2,580;642,-8.293757466422113E-5
2,246;882,-8.278618077311823E-5
2,213;592,8.276900152144538E-5
2,594;874,-8.262808595852905E-5
2,377;853,8.247782984493915E-5
2,599;839,8.239617167524906E-5
2,104;692,8.223061089309677E-5
2,563;866,-8.22024346156669E-5
2,373;754,8.212581316522148E-5
2,67;389,-8.207077490185483E-5
2,20;387,-8.202388637768436E-5
2,658;798,8.201877231261707E-5
2,330;936,-8.19983281465772E-5
2,158;621,8.197715543068742E-5
2,172;820,8.197271990592413E-5
2,640;893,-8.19208476209501E-5
2,476;848,-8.186909625742374E-5
2,302;968,-8.183891926968919E-5
2,102;818,-8.178447904398573E-5
2,701;706,8.177722987822874E-5
2,435;489,-8.177585664501417E-5
2,694;846,8.173925299600727E-5
2,547;776,-8.156863572373871E-5
2,179;796,-8.156564717258121E-5
2,827;887,8.155373058479898E-5
2,547;930,-8.150662105424493E-5
2,174;376,-8.148791969768155E-5
2,17;279,8.147471861073194E-5
2,657;922,-8.143530830938828E-5
2,304;840,8.139767667859808E-5
2,462;748,-8.133905644848418E-5
2,908;982,-8.131007655022862E-5
2,802;858,-8.12195730483388E-5
2,796;998,-8.119047220330646E-5
2,534;760,8.114059849963383E-5
2,340;584,-8.110486613934535E-5
2,238;567,-8.10675924378674E-5
2,348;490,8.102800296877816E-5
2,434;457,-8.098289538719781E-5
2,282;736,-8.09705663739199E-5
2,234;402,-8.090525342860334E-5
2,303;879,-8.083280327228269E-5
2,192;446,8.074050583219243E-5
2,206;559,8.070847057320666E-5
2,138;990,-8.070532108161158E-5
2,549;798,-8.06546857727989E-5
2,96;580,-8.057000165472364E-5
2,380;401,-8.053627596477657E-5
2,392;921,8.046013258525283E-5
2,707;997,-8.042746878654357E-5
2,571;670,8.037888152325211E-5
2,237;347,8.030939705512754E-5
2,129;345,-8.023571769813419E-5
2,45;981,8.001483423721915E-5
2,483;865,8.001077889066787E-5
2,181;931,7.974956957704491E-5
2,732;760,-7.971488036654072E-5
2,236;375,-7.959360937519034E-5
2,155;930,7.959318829789588E-5
2,334;818,7.951683080463265E-5
2,230;748,-7.925436565346127E-5
2,456;994,7.922261440443474E-5
2,536;858,-7.921635644589859E-5
2,261;465,7.918729614218713E-5
2,559;674,-7.91753132039399E-5
2,310;998,7.913764503724806E-5
2,62;179,7.910482180408811E-5
2,175;331,7.904872516860388E-5
2,145;532,-7.897867599813812E-5
2,154;158,7.894087554979904E-5
2,20;829,-7.893568680253127E-5
2,505;829,7.886580104882474E-5
2,245;402,7.883124087445334E-5
2,401;974,-7.87537963081122E-5
2,91;580,7.870518395336614E-5
2,661;692,-7.8686090056417E-5
2,295;598,7.855689457062705E-5
2,33;144,7.847859401417008E-5
2,286;371,-7.841618970913099E-5
2,371;922,7.840744181011373E-5
2,216;759,-7.832470227929546E-5
2,314;965,-7.830099247740597E-5
2,482;648,-7.81649290545661E-5
2,321;731,7.815558153525539E-5
2,83;676,7.814957697978796E-5
2,676;684,7.811265449978453E-5
2,99;978,-7.804893637911952E-5
2,130;924,-7.799781224226855E-5
2,621;982,7.794995878822748E-5
2,920;974,-7.781375926384594E-5
2,581;920,7.774666780226815E-5
2,122;147,7.773902870611719E-5
2,163;284,7.767078794156769E-5
2,759;776,7.766762513602907E-5
2,56;744,-7.763869366739023E-5
2,737;804,-7.754424525462159E-5
2,633;884,7.748853593578668E-5
2,651;967,-7.748046925769112E-5
2,683;868,-7.744358239441423E-5
2,538;793,-7.738978773996058E-5
2,545;561,-7.737919411668995E-5
2,386;474,7.728442884418682E-5
2,43;539,-7.728033404725477E-5
2,22;772,-7.725780085181207E-5
2,127;616,-7.721082583186974E-5
2,180;926,-7.700751693059097E-5
2,595;988,7.68503890502918E-5
2,98;663,-7.67324118493964E-5
2,538;627,7.669832028451002E-5
2,576;974,7.66742453901108E-5
2,586;831,-7.656669398908306E-5
2,122;576,-7.653219677418659E-5
2,368;558,7.647969237637615E-5
2,547;759,-7.645343821787934E-5
2,258;882,-7.642342818260585E-5
2,42;987,7.63037853370837E-5
2,233;979,-7.628027541982167E-5
2,205;318,-7.613439119536278E-5
2,237;605,-7.612169133973753E-5
2,380;905,-7.610650612825317E-5
2,325;367,7.59959939165114E-5
2,367;519,7.599099366542227E-5
2,143;944,7.59210436332152E-5
2,141;947,7.579418804982441E-5
2,646;912,7.576606604097603E-5
2,229;671,-7.570149129749479E-5
2,634;660,7.56120361281692E-5
2,131;213,7.558771825472465E-5
2,406;499,-7.557213852426424E-5
2,847;936,-7.55550206684713E-5
2,132;734,-7.543273837375818E-5
2,848;951,-7.54310081954978E-5
2,782;832,7.539147347094379E-5
2,852;955,-7.538529692903364E-5
2,95;956,-7.535369875262261E-5
2,333;557,-7.5315623528429E-5
2,358;453,-7.531091157393401E-5
2,370;652,-7.527333526885293E-5
2,311;907,7.52647579086863E-5
2,394;704,-7.513767233737736E-5
2,224;674,7.508688604257639E-5
2,447;972,-7.508454679023513E-5
2,388;633,7.502573080183541E-5
2,202;755,-7.496105328473107E-5
2,15;561,-7.494830143430249E-5
2,175;667,-7.479113900268634E-5
2,93;390,7.472102306758188E-5
2,136;318,-7.469363806124128E-5
2,521;668,-7.46323824087076E-5
2,111;717,-7.45938651216804E-5
2,776;921,7.454405892315356E-5
2,633;889,-7.450441952600103E-5
2,228;344,7.446941746382015E-5
2,47;444,-7.445006529633811E-5
2,214;222,-7.43903906069331E-5
2,240;375,-7.430435753674664E-5
2,22;278,7.43021537539825E-5
2,418;873,7.424808892590668E-5
2,386;613,-7.418526991890368E-5
2,2;864,-7.413201792805013E-5
2,521;883,7.411776462210245E-5
2,486;591,-7.406192469606242E-5
2,786;802,-7.400304380105977E-5
2,465;526,-7.390231479626399E-5
2,276;991,7.385196790290493E-5
2,203;892,7.384739455892476E-5
2,702;782,-7.379450483886093E-5
2,38;157,7.370378991832674E-5
2,159;939,7.364157055557903E-5
2,219;321,7.364024201586279E-5
2,217;572,-7.360631566491082E-5
2,56;134,-7.335200762969977E-5
2,505;784,7.329051001880876E-5
2,658;664,7.325056581613116E-5
2,885;942,-7.324155360146938E-5
2,669;682,7.316512174606303E-5
2,5;178,7.311444370065706E-5
2,79;188,7.310820457712094E-5
2,231;731,7.304628316529205E-5
2,18;428,-7.295007866808906E-5
2,453;662,7.293657217674967E-5
2,282;460,7.286665926925677E-5
2,843;894,7.281785276324857E-5
2,288;685,7.27370754660217E-5
2,24;973,7.271166721348623E-5
2,3;348,7.270317213579494E-5
2,337;694,-7.267829707745615E-5
2,820;840,7.257869363040653E-5
2,122;948,-7.239269327436586E-5
2,213;887,7.238552241296017E-5
2,191;769,7.234394127994504E-5
2,127;140,7.232524341951748E-5
2,180;318,7.226517693114744E-5
2,565;952,-7.226466370773327E-5
2,723;916,-7.216596303576937E-5
2,454;794,-7.209677769499852E-5
2,131;817,-7.206991545008918E-5
2,505;947,7.20552522333032E-5
2,8;565,-7.201844005062897E-5
2,126;644,7.201314894291123E-5
2,13;570,-7.169744282380897E-5
2,336;864,-7.165630961186943E-5
2,179;510,7.164618694178044E-5
2,338;510,-7.16097260207562E-5
2,391;466,7.148311227700762E-5
2,335;502,-7.139868751232444E-5
2,608;887,7.139237075580713E-5
2,16;531,-7.126162549388346E-5
2,174;915,-7.119809527835482E-5
2,169;413,7.117747414043389E-5
2,93;362,-7.114667607591858E-5
2,845;954,7.108341429870947E-5
2,110;314,7.106589541024936E-5
2,350;479,7.103776467595886E-5
2,357;680,-7.09924727028276E-5
2,33;501,-7.081607527873585E-5
2,398;428,-7.081086598008068E-5
2,448;801,-7.080759834326547E-5
2,177;730,-7.07951609002056E-5
2,260;592,-7.074997085647082E-5
2,14;193,7.071062904019288E-5
2,253;847,-7.068207570590134E-5
2,58;117,-7.063996928909552E-5
2,408;853,-7.06124187213074E-5
2,8;653,7.0591070775501E-5
2,351;616,7.05876016209296E-5
2,204;252,7.053734439636283E-5
2,614;801,7.050951789150476E-5
2,158;571,7.050148088910043E-5
2,85;482,-7.046492258374185E-5
2,515;808,7.041732894120004E-5
2,186;654,7.039964739680538E-5
2,121;575,7.03928671987373E-5
2,498;861,7.029742873544041E-5
2,714;878,-7.028231006439464E-5
2,377;525,-7.02395833924477E-5
2,45;539,7.023846232139685E-5
2,252;985,7.020042118251002E-5
2,359;988,-7.014553036521148E-5
2,580;718,-7.010073411910751E-5
2,311;501,-7.005164838564415E-5
2,189;269,6.991205071299613E-5
2,354;683,6.974868181033494E-5
2,505;856,-6.973219579743384E-5
2,817;879,6.969467922191203E-5
2,35;572,-6.958840241095582E-5
2,188;477,6.949191792549584E-5
2,269;483,-6.94805197771799E-5
2,51;210,6.921835211249727E-5
2,236;623,-6.919441016198826E-5
2,367;486,6.91871469549431E-5
2,653;994,6.915897552460201E-5
2,504;577,-6.902428861101045E-5
2,387;710,-6.90148312309537E-5
2,244;604,6.895690281271588E-5
2,378;871,-6.895057746716314E-5
2,236;675,-6.894145868241086E-5
2,365;885,6.892027764276892E-5
2,293;565,6.88949686168781E-5
2,61;611,-6.872628062588348E-5
2,808;989,-6.866452170267255E-5
2,203;304,6.866114865624648E-5
2,74;943,-6.860624480039767E-5
2,493;733,-6.854948139928764E-5
2,325;592,6.852465820622005E-5
2,148;797,6.851617861385216E-5
2,584;674,6.834504247933394E-5
2,491;647,-6.82403953203656E-5
2,231;246,-6.810020294979408E-5
2,343;645,-6.774475855983918E-5
2,403;872,-6.760802683359656E-5
2,698;822,6.754567504355887E-5
2,556;697,6.754180874361072E-5
2,685;839,-6.753040617383965E-5
2,89;923,6.750107541245703E-5
2,229;252,-6.739931537555635E-5
2,447;731,6.736838450620661E-5
2,108;672,6.735491115102515E-5
2,490;578,6.731909622954566E-5
2,129;227,6.728719964401621E-5
2,224;859,6.715318382318905E-5
2,26;309,-6.712605446130795E-5
2,155;458,6.711943941043937E-5
2,56;640,6.706529372140368E-5
2,109;755,6.696121469744825E-5
2,1;204,-6.692395642287542E-5
2,930;971,6.677909792546322E-5
2,122;547,-6.673644287775024E-5
2,666;772,-6.668618917863732E-5
2,478;852,-6.665679393754489E-5
2,281;845,-6.663457237484121E-5
2,663;742,-6.660594866918118E-5
2,331;840,-6.660211788211303E-5
2,19;895,-6.654676602190121E-5
2,175;820,-6.646361596814272E-5
2,422;755,-6.638468642410205E-5
2,259;741,-6.633480438146959E-5
2,458;727,-6.629446965494143E-5
2,314;611,6.62926434501455E-5
2,97;743,-6.629101154697284E-5
2,555;717,6.626951302521847E-5
2,377;380,6.622752669015067E-5
2,356;880,-6.615398097285046E-5
2,227;904,6.611935640330981E-5
2,346;616,-6.608195522222999E-5
2,297;533,-6.601461338413916E-5
2,78;666,6.590561685348227E-5
2,36;627,6.580441820813938E-5
2,614;810,6.577699127038346E-5
2,10;908,-6.569798358365879E-5
2,298;443,6.569502387832292E-5
2,385;479,6.563552141488947E-5
2,517;687,6.56121294157218E-5
2,433;699,6.557114990742548E-5
2,748;950,6.556342741361563E-5
2,39;484,6.552891925171006E-5
2,859;861,6.552714567582053E-5
2,670;850,6.549157705403262E-5
2,899;949,6.54413798372293E-5
2,250;771,-6.543336682511421E-5
2,315;439,6.541567864615165E-5
2,277;393,6.541506515621381E-5
2,798;831,-6.53898937700095E-5
2,73;75,6.53754029602828E-5
2,170;386,-6.537115961051358E-5
2,200;855,6.532675011387418E-5
2,738;825,-6.517336440163289E-5
2,241;349,-6.498985992274592E-5
2,307;613,-6.486339634333499E-5
2,426;794,-6.480734656951604E-5
2,20;103,-6.478118360486356E-5
2,193;267,-6.476419993146341E-5
2,328;812,6.475488186020706E-5
2,200;521,6.47487648637164E-5
2,154;571,-6.474323509139495E-5
2,266;675,6.465837724028591E-5
2,16;427,6.455047847570387E-5
2,23;56,-6.454814399546359E-5
2,12;550,6.45176073447465E-5
2,253;283,-6.443299221284273E-5
2,8;836,-6.439762209423852E-5
2,511;524,-6.434641651137469E-5
2,662;705,-6.425688657894627E-5
2,59;248,6.425446317185186E-5
2,421;889,-6.422985993797202E-5
2,268;459,6.422713080368248E-5
2,25;964,-6.412252902035318E-5
2,21;648,6.395793904781494E-5
2,661;889,6.39559926453072E-5
2,62;424,-6.39203072292301E-5
2,30;764,-6.38870757307573E-5
2,303;391,-6.388077617577263E-5
2,413;937,-6.386234010211293E-5
2,106;752,6.385998138809985E-5
2,194;644,-6.376530984280122E-5
2,575;884,6.36971842981351E-5
2,377;437,6.365980692271649E-5
2,174;242,-6.365978562437306E-5
2,142;494,6.356658206677907E-5
2,71;210,-6.354264871975497E-5
2,445;447,-6.344184029703985E-5
2,222;854,-6.335707902046012E-5
2,206;564,6.332813582781381E-5
2,553;577,-6.327596727044956E-5
2,94;465,6.3180868816875E-5
2,138;203,-6.317779006930682E-5
2,644;716,6.302268078323277E-5
2,822;982,6.297688510205963E-5
2,142;692,6.295319423646477E-5
2,343;578,6.294277441130163E-5
2,474;728,-6.272387254714244E-5
2,351;560,6.269322031492996E-5
2,652;985,-6.263102689170329E-5
2,356;990,6.261898916506132E-5
2,463;502,-6.259337540382271E-5
2,96;507,-6.254022526131894E-5
2,361;894,-6.250918571781962E-5
2,259;998,6.23821880561999E-5
2,173;410,-6.220794431196914E-5
2,453;926,6.212763246417848E-5
2,319;363,-6.209890533240585E-5
2,181;204,6.20681027460548E-5
2,164;825,6.204449416611951E-5
2,329;708,-6.203995294998943E-5
2,717;817,-6.190016233238412E-5
2,401;516,6.187975941534262E-5
2,264;480,6.169480421483363E-5
2,413;504,6.162924822127137E-5
2,224;659,6.162712605986603E-5
2,292;361,-6.161171425522406E-5
2,83;209,-6.132627299945699E-5
2,486;790,-6.1260720129452E-5
2,152;359,6.11805916547312E-5
2,355;560,-6.116569864567284E-5
2,308;878,-6.10992820989664E-5
2,330;876,-6.107131119609225E-5
2,638;930,6.1020442233500676E-5
2,374;394,-6.1014985036452656E-5
2,334;953,-6.1000456867747815E-5
2,319;537,-6.0995364831547786E-5
2,54;335,-6.099420665581898E-5
2,294;346,-6.097131469986722E-5
2,315;650,6.0930049997354395E-5
2,73;655,-6.092279781957141E-5
2,346;613,-6.09107474424935E-5
2,464;557,6.086686727037716E-5
2,51;453,-6.085500614628493E-5
2,548;890,-6.08083916898603E-5
2,380;586,-6.0675363715754E-5
2,366;572,-6.0651269676050865E-5
2,278;934,-6.0554618249136466E-5
2,314;509,6.053896583157266E-5
2,278;942,-6.052964365386644E-5
2,264;610,-6.04848561598384E-5
2,502;924,-6.02947564268414E-5
2,582;797,-6.0239564639557444E-5
2,126;609,6.0129368053587803E-5
2,74;997,-6.011243395447274E-5
2,425;729,-6.010054273814225E-5
2,61;398,6.005890459393498E-5
2,68;422,-6.004523343801671E-5
2,11;597,-5.998756421056763E-5
2,111;774,5.997277482780271E-5
2,967;980,5.9969783857023616E-5
2,78;375,-5.9881395984685395E-5
2,537;738,-5.9700660438683317E-5
2,219;393,-5.967538495605987E-5
2,823;854,5.96711105367639E-5
2,611;890,-5.9615016010298757E-5
2,269;876,-5.958017189668601E-5
2,70;182,-5.9543901816565884E-5
2,446;633,-5.952153185891583E-5
2,330;417,5.951751109244198E-5
2,156;835,5.943593597648965E-5
2,135;462,5.936435732818495E-5
2,136;893,-5.93621922860265E-5
2,464;640,5.9216304053515706E-5
2,548;611,5.916256223082793E-5
2,213;687,5.915690869462514E-5
2,130;261,5.910394218602007E-5
2,54;317,5.907863832832752E-5
2,551;626,-5.9077458697715204E-5
2,50;560,-5.902299790677254E-5
2,161;496,5.8966559654405004E-5
2,119;877,5.894337299557768E-5
2,82;681,-5.8923268665632776E-5
2,191;479,-5.892287422558186E-5
2,191;975,-5.88871101753194E-5
2,181;382,-5.887266433640949E-5
2,443;901,-5.886695319404122E-5
2,67;245,5.882304398510145E-5
2,657;828,5.863598460412599E-5
2,538;829,-5.850568375098067E-5
2,789;887,5.8453891620473265E-5
2,57;123,-5.844678183162558E-5
2,210;590,-5.842620778181737E-5
2,196;313,5.837521047647612E-5
2,64;920,-5.8296874784378614E-5
2,786;858,5.8150093137465165E-5
2,635;669,-5.8144619527682753E-5
2,288;839,5.806557177878585E-5
2,73;959,-5.800780929156252E-5
2,54;437,-5.7742112159564E-5
2,146;405,5.7725105267268874E-5
2,539;764,5.772106594121145E-5
2,542;797,5.770351669915495E-5
2,865;955,-5.76599115039534E-5
2,340;473,5.756989907572821E-5
2,410;692,-5.7530540798143876E-5
2,16;356,-5.74976895474801E-5
2,172;751,-5.747676991422238E-5
2,527;660,-5.7361150448206195E-5
2,93;401,-5.72385732345216E-5
2,57;589,-5.7161463450884064E-5
2,661;859,-5.7154919519661567E-5
2,503;969,5.71426427146101E-5
2,312;898,-5.705944740518712E-5
2,217;963,-5.7030863575892444E-5
2,231;434,-5.6909610280833844E-5
2,515;917,5.6906256214999046E-5
2,66;994,-5.6843883236654446E-5
2,462;982,-5.677612271810781E-5
2,808;888,5.662938769350889E-5
2,434;649,-5.66289248545587E-5
2,75;832,-5.660777609670344E-5
2,19;984,5.656077348439112E-5
2,283;528,-5.6558431276205804E-5
2,144;197,-5.651131383534881E-5
2,89;978,-5.6492918200232834E-5
2,377;905,-5.6460452641751315E-5
2,141;752,5.644622367466397E-5
2,519;932,5.637545910913017E-5
2,362;793,5.6325642014448644E-5
2,73;643,-5.632259817879784E-5
2,106;888,5.6313573107363623E-5
2,426;521,-5.628812233220998E-5
2,902;985,5.625595265529189E-5
2,1;669,5.6149121191530675E-5
2,648;980,-5.6076934620020736E-5
2,114;187,5.602090931986498E-5
2,111;486,5.598893888341877E-5
2,292;312,-5.59670123293024E-5
2,573;768,5.5965922649847444E-5
2,6;130,-5.593598207860742E-5
2,528;756,-5.589332853562893E-5
2,661;770,5.58672767022102E-5
2,471;792,5.566677249073117E-5
2,353;670,-5.551484417895283E-5
2,840;931,5.550161637068489E-5
2,337;676,-5.546306551772742E-5
2,399;723,5.5455243445742206E-5
2,196;674,5.544963690203596E-5
2,372;997,-5.541645000564674E-5
2,403;961,5.526688133670056E-5
2,53;340,-5.510616339811955E-5
2,279;619,-5.500645574179786E-5
2,444;724,-5.4943837679676464E-5
2,121;758,-5.4841105078972486E-5
2,5;237,-5.4837085149461175E-5
2,625;828,5.4831840307124655E-5
2,351;736,5.481382889751088E-5
2,87;479,-5.4758679992755734E-5
2,309;679,5.470390507587801E-5
2,26;487,5.4578833724083815E-5
2,147;664,5.45759700675727E-5
2,270;324,-5.4544210115669457E-5
2,800;971,5.446143539742528E-5
2,296;441,5.4366453450113816E-5
2,198;782,-5.419695546883692E-5
2,714;721,-5.417920446910503E-5
2,217;493,-5.413999854461864E-5
2,33;693,-5.396095267104667E-5
2,277;429,5.387703868072834E-5
2,116;643,-5.383339796271504E-5
2,38;930,-5.373619490836232E-5
2,31;420,5.367369358301476E-5
2,199;242,-5.341043794214345E-5
2,638;964,-5.3395368966224475E-5
2,915;985,-5.333016054170238E-5
2,491;575,-5.328550416948566E-5
2,224;259,5.317743688802548E-5
2,151;257,-5.311090721833331E-5
2,290;802,5.3092206664080325E-5
2,229;916,-5.3088190735217934E-5
2,338;395,5.30832487610321E-5
2,719;842,-5.305524293786617E-5
2,486;899,-5.3036218951643286E-5
2,128;898,5.298523236805358E-5
2,56;238,-5.298499994491429E-5
2,763;928,5.2953173938331626E-5
2,305;652,5.286062322193988E-5
2,274;560,-5.285349085508231E-5
2,346;635,5.2827694054303376E-5
2,260;852,-5.279027999329437E-5
2,56;900,5.257929011247049E-5
2,559;896,-5.24979767243676E-5
2,99;290,-5.248729904581073E-5
2,65;532,5.2362122921123676E-5
2,286;922,-5.208833348372627E-5
2,919;932,5.2073376163676564E-5
2,338;646,-5.203886601960019E-5
2,558;957,-5.20260892650521E-5
2,512;831,5.1931709714365586E-5
2,333;477,-5.174587765937705E-5
2,339;928,-5.1666830931846485E-5
2,277;380,-5.156519619013791E-5
2,607;646,5.154079440991745E-5
2,158;367,-5.151617219462476E-5
2,127;824,5.150737515625632E-5
2,84;93,-5.1478231603804674E-5
2,157;613,-5.1458448833373985E-5
2,495;557,5.143156905120115E-5
2,314;520,-5.140219441618962E-5
2,61;231,5.1359049787022575E-5
2,245;684,-5.133492143735348E-5
2,376;684,-5.125792401990013E-5
2,18;105,5.1229633979478785E-5
2,140;554,5.1225607070661954E-5
2,493;677,5.112050727648092E-5
2,113;196,5.110500718967472E-5
2,122;432,5.108107503361524E-5
2,6;339,5.087461474021976E-5
2,263;647,5.0832424214583577E-5
2,600;862,5.082355113828503E-5
2,595;945,5.077809692935302E-5
2,653;894,-5.076513985362069E-5
2,788;978,-5.0731790468067364E-5
2,483;736,-5.072392351733486E-5
2,177;188,-5.071244305866216E-5
2,459;911,-5.068111710685369E-5
2,196;538,5.067886943416032E-5
2,280;491,-5.062845096379444E-5
2,378;670,-5.0563764510698715E-5
2,94;184,-5.055864944546204E-5
2,224;679,-5.05570706414365E-5
2,538;575,5.045110830818177E-5
2,616;894,5.040757966163652E-5
2,168;937,-5.038084995764013E-5
2,43;322,5.035288837370439E-5
2,1;273,-5.02938671164231E-5
2,195;878,5.028226269825753E-5
2,562;882,5.0199729470308545E-5
2,517;808,-5.0153328331882975E-5
2,20;462,4.999023018497155E-5
2,101;919,-4.9952367100623885E-5
2,485;675,4.991133412359659E-5
2,155;601,-4.973613528364296E-5
2,543;990,-4.965739167778144E-5
2,317;946,4.9566261990192676E-5
2,94;978,-4.944403833444337E-5
2,550;846,-4.941842864706579E-5
2,264;547,-4.929887137743341E-5
2,963;996,-4.929828996477294E-5
2,140;592,-4.909152115837955E-5
2,98;778,-4.9080921211822256E-5
2,784;835,-4.907982943009607E-5
2,406;994,-4.902454044874964E-5
2,302;778,-4.8942999771979885E-5
2,490;737,-4.892082748756875E-5
2,708;867,-4.8912548358036335E-5
2,209;984,4.880331948107919E-5
2,801;998,-4.880139573989195E-5
2,670;860,-4.878582766875628E-5
2,525;658,4.873176469346273E-5
2,83;628,4.865062447887658E-5
2,780;842,4.863103196545765E-5
2,267;342,4.859140820173087E-5
2,894;982,4.856841478312897E-5
2,169;193,-4.853066580493531E-5
2,646;930,4.847267248173259E-5
2,630;724,-4.835437692074231E-5
2,131;440,-4.833586762580862E-5
2,132;691,-4.827222944078413E-5
2,105;787,-4.826081327875091E-5
2,312;948,-4.824363644642975E-5
2,170;499,4.8243394569342625E-5
2,30;145,-4.823672534274419E-5
2,165;541,4.8236429378962416E-5
2,878;914,-4.8231191565371394E-5
2,324;496,-4.822215387411251E-5
2,382;768,4.82198724243301E-5
2,453;861,-4.816917109833517E-5
2,449;518,4.81612576091216E-5
2,462;477,4.8138016181889744E-5
2,233;723,-4.811791225608877E-5
2,297;670,4.8112271073530684E-5
2,130;317,-4.8104881570089144E-5
2,28;253,-4.810202223086477E-5
2,933;935,-4.810108335897212E-5
2,42;883,-4.800016375407673E-5
2,134;890,4.7984650100970086E-5
2,51;244,-4.7954403290072766E-5
2,13;266,4.7944748894220705E-5
2,68;819,-4.793527011769215E-5
2,42;820,-4.7866185961131583E-5
2,719;723,-4.78029034768165E-5
2,648;755,-4.77179838379144E-5
2,130;465,4.762023794425957E-5
2,286;514,4.759717555068258E-5
2,179;454,4.7530840753752744E-5
2,44;568,-4.7281806767720036E-5
2,797;893,-4.714933703220391E-5
2,196;650,4.706524815638423E-5
2,30;799,-4.7057174797136936E-5
2,173;591,4.704921989506303E-5
2,126;748,-4.6938578452249056E-5
2,635;796,-4.6938051100287206E-5
2,705;920,-4.6930702559064886E-5
2,754;818,4.689046540615501E-5
2,75;863,4.6868784183091596E-5
2,858;874,-4.6759779268563216E-5
2,103;360,4.6758204728855087E-5
2,531;634,-4.673487626992784E-5
2,288;504,4.665439172155672E-5
2,847;943,4.661977170583118E-5
2,450;496,-4.658815746644038E-5
2,589;727,4.654824973595871E-5
2,209;341,-4.654283060404878E-5
2,303;705,-4.6529469207522575E-5
2,556;694,4.6405136732002863E-5
2,371;699,4.639899243309438E-5
2,686;961,4.626668587798183E-5
2,42;172,4.6261781777948845E-5
2,298;922,4.6169715841575243E-5
2,126;230,4.601921008356534E-5
2,308;907,4.599354673431658E-5
2,96;158,-4.593786450075151E-5
2,214;338,-4.5936643199001576E-5
2,353;554,-4.5931172298310023E-5
2,510;518,4.590230575233867E-5
2,280;938,4.584805584946754E-5
2,297;973,-4.577663100054855E-5
2,516;841,-4.574470766180762E-5
2,488;916,-4.571654898013945E-5
2,233;643,-4.567826108337281E-5
2,132;156,4.5615266533407625E-5
2,275;511,-4.555162840621489E-5
2,683;707,4.5546912910161E-5
2,432;553,-4.5528941923135696E-5
2,786;963,-4.548205075694803E-5
2,270;788,-4.54510883831208E-5
2,336;490,4.541745966754171E-5
2,441;835,-4.536176411529741E-5
2,421;576,-4.531285587795947E-5
2,336;563,-4.523250182362465E-5
2,36;347,-4.5204041807289696E-5
2,28;847,4.51586052737917E-5
2,540;606,-4.5072402722387886E-5
2,532;963,4.506132842025566E-5
2,22;121,4.5002882604068946E-5
2,325;360,-4.499717086488196E-5
2,140;606,-4.4851640475533206E-5
2,438;717,-4.472558693949914E-5
2,717;774,-4.469965409649311E-5
2,3;999,4.4624879461896664E-5
2,82;166,-4.460362870076631E-5
2,84;256,-4.459874865825165E-5
2,641;908,-4.45203562901358E-5
2,206;904,4.439455642916699E-5
2,89;621,4.437568504543932E-5
2,54;70,4.435672266780694E-5
2,513;933,-4.432797072438722E-5
2,406;776,-4.430146202439514E-5
2,659;674,-4.4227052148514106E-5
2,296;369,-4.419347995802289E-5
2,251;756,-4.4114396337829734E-5
2,157;930,4.407377169205068E-5
2,505;978,-4.400561096748834E-5
2,364;587,-4.393604681952885E-5
2,863;993,-4.3933348221302875E-5
2,85;499,-4.387669063601098E-5
2,305;639,4.384554285245036E-5
2,743;767,-4.376594345895357E-5
2,271;357,4.3693398349024444E-5
2,868;883,-4.366998055897278E-5
2,532;766,4.3656561199140385E-5
2,718;940,-4.365054769711207E-5
2,753;889,4.3633318926324884E-5
2,498;806,4.352602245200381E-5
2,63;548,4.35123833966176E-5
2,98;476,4.347263767873133E-5
2,85;678,-4.3420000874845126E-5
2,237;755,-4.338876567513678E-5
2,47;483,4.333519165393061E-5
2,455;966,4.329515121774828E-5
2,864;916,4.3262789268725524E-5
2,408;535,-4.3256149807100644E-5
2,568;824,4.318501782547743E-5
2,369;721,4.317875788267807E-5
2,499;881,-4.303108200433771E-5
2,226;817,4.301102470914509E-5
2,350;900,-4.300711128970258E-5
2,353;362,4.300179364511664E-5
2,435;592,-4.2983885364254944E-5
2,530;908,-4.296004264827047E-5
2,896;915,4.29535980302391E-5
2,255;731,4.291215116190442E-5
2,45;764,4.274344428482549E-5
2,41;252,-4.266440435423632E-5
2,202;337,-4.259277097579431E-5
2,234;765,4.257360427727963E-5
2,443;943,-4.240369852723737E-5
2,173;613,-4.2381694923371187E-5
2,207;466,4.2310300465154676E-5
2,783;953,4.210498727385484E-5
2,20;278,4.2073787422169774E-5
2,671;916,-4.2073764814812856E-5
2,346;912,-4.2070690228008635E-5
2,132;620,4.195715438226029E-5
2,59;573,-4.189870612407633E-5
2,259;711,4.188084745054803E-5
2,161;450,-4.185429174702987E-5
2,74;929,-4.18347480743429E-5
2,263;816,-4.182672281613177E-5
2,388;780,4.181145126976646E-5
2,42;582,-4.179777774448297E-5
2,603;744,-4.174578247822995E-5
2,164;384,-4.168003634382489E-5
2,87;733,4.165192208825655E-5
2,762;800,-4.162159205734559E-5
2,253;307,4.160773599966754E-5
2,411;514,4.158916421104557E-5
2,42;465,4.15866221692823E-5
2,359;876,4.157908946679001E-5
2,849;935,4.157543842806062E-5
2,127;859,-4.1536157260666454E-5
2,16;869,4.151936330928048E-5
2,389;926,-4.1506747597947895E-5
2,315;956,-4.1428886365996276E-5
2,200;499,-4.1339607076846684E-5
2,582;816,4.13327943537795E-5
2,60;626,4.131253908173413E-5
2,113;270,-4.1212654855951215E-5
2,347;605,-4.112223467516302E-5
2,13;339,-4.110700957652534E-5
2,76;210,-4.109529622759957E-5
2,223;843,4.104255932145415E-5
2,353;532,-4.1009491448744384E-5
2,50;816,-4.098901002648693E-5
2,435;545,4.095607425630239E-5
2,514;593,4.094511779534484E-5
2,57;238,4.094376419104974E-5
2,636;848,-4.0938858121329345E-5
2,244;450,-4.081852812850673E-5
2,711;998,4.0734670838605226E-5
2,179;974,-4.0694982894867933E-5
2,86;479,4.0646491605470474E-5
2,163;479,-4.05954496700954E-5
2,231;967,-4.058511268409676E-5
2,303;959,-4.058167661276592E-5
2,537;728,-4.051030435902112E-5
2,154;449,-4.049071105012535E-5
2,405;759,4.046537605986098E-5
2,241;714,-4.045593287654617E-5
2,709;992,4.035588554400887E-5
2,271;293,-4.033390833106976E-5
2,72;533,-4.0297972207352665E-5
2,894;908,-4.0293707722125053E-5
2,362;745,4.025758260164766E-5
2,195;563,4.020926735451255E-5
2,156;514,4.0157362201906036E-5
2,88;292,4.012142295576954E-5
2,117;689,4.011613503778058E-5
2,101;339,-4.007544966881375E-5
2,231;264,3.998544842485044E-5
2,137;799,-3.986542054051488E-5
2,118;686,3.983480963130609E-5
2,681;694,3.9762527329022926E-5
2,51;186,-3.966503963512566E-5
2,159;330,3.953385935933342E-5
2,337;909,3.952170083162637E-5
2,373;486,3.948647659117897E-5
2,417;522,-3.926970173681273E-5
2,27;194,-3.919313298958352E-5
2,370;916,3.918969288804417E-5
2,312;809,3.915111104753125E-5
2,268;956,-3.9142962057659285E-5
2,455;975,3.913926606795887E-5
2,35;217,3.904527816621502E-5
2,229;695,3.902333030023672E-5
2,513;521,-3.902172685861119E-5
2,15;962,3.899226901498894E-5
2,173;652,3.892733284624375E-5
2,545;583,3.891961947025466E-5
2,283;373,3.891658278549619E-5
2,323;474,3.8802001595777085E-5
2,57;826,3.868711582712944E-5
2,874;967,-3.8531461687694905E-5
2,9;986,-3.8487935315720605E-5
2,20;731,3.8460214185189374E-5
2,508;800,3.8411243438621456E-5
2,152;565,3.838169323535251E-5
2,390;781,3.838079281355633E-5
2,158;584,3.836801238629108E-5
2,523;952,-3.823418622800165E-5
2,279;581,3.8178042995595615E-5
2,407;503,-3.811725068330088E-5
2,154;978,3.810180790273066E-5
2,261;573,-3.805616115307694E-5
2,574;983,-3.801545099355651E-5
2,179;244,3.781000471845403E-5
2,63;509,-3.777881788772561E-5
2,160;606,-3.7716457621913436E-5
2,568;900,-3.7703673993907175E-5
2,617;896,-3.766972399475914E-5
2,936;991,-3.7644975691050523E-5
2,618;958,3.7591441689093564E-5
2,72;907,-3.7432363919134306E-5
2,264;769,3.731844209199327E-5
2,433;573,-3.7306419689048005E-5
2,132;778,-3.729335716955279E-5
2,43;445,-3.727386141030213E-5
2,300;582,3.718061189173981E-5
2,607;976,3.7158646356942746E-5
2,81;553,-3.714407389138884E-5
2,173;953,-3.7108070563093635E-5
2,69;296,-3.704187407179463E-5
2,626;841,-3.702707557381874E-5
2,503;506,3.7018259732750997E-5
2,195;982,-3.699519762468905E-5
2,31;354,-3.6957643924700106E-5
2,219;585,3.695339155637644E-5
2,623;643,3.687553632468821E-5
2,241;807,-3.684587128165541E-5
2,172;582,-3.6811532074273885E-5
2,512;766,-3.6786828792202256E-5
2,147;835,-3.673413663107618E-5
2,204;382,-3.663059727391943E-5
2,300;347,-3.6623147237602534E-5
2,100;419,3.659657935262454E-5
2,359;496,3.656199931261049E-5
2,445;756,-3.6524406993858176E-5
2,150;947,3.6493859105823784E-5
2,534;567,-3.6467596062425304E-5
2,94;788,3.6433323401454374E-5
2,546;816,3.6406408072479694E-5
2,299;497,-3.6373041487618387E-5
2,15;419,3.6353702038186206E-5
2,569;733,-3.6301585224044284E-5
2,848;929,-3.6244443493274007E-5
2,279;549,3.619229192322007E-5
2,253;746,3.612297870985956E-5
2,92;525,3.6042414675569996E-5
2,476;778,3.601684825743329E-5
2,501;693,3.599842169144388E-5
2,651;676,-3.5997744499794247E-5
2,7;246,-3.593271277265625E-5
2,225;408,-3.592228858145574E-5
2,41;794,-3.5853742649561785E-5
2,350;527,3.584190573272306E-5
2,325;519,3.574509862675907E-5
2,153;584,3.572982923314599E-5
2,676;848,3.5677748741332685E-5
2,723;864,3.559104694569587E-5
2,318;977,3.5590639721481066E-5
2,358;465,3.551638243058268E-5
2,66;108,3.550304987272227E-5
2,99;959,3.5489853812386296E-5
2,508;950,3.5486410065297845E-5
2,252;583,-3.547147679422605E-5
2,196;747,-3.5435941593719934E-5
2,467;511,3.5318508116121155E-5
2,895;896,3.526672117173853E-5
2,102;882,3.524074445946589E-5
2,534;788,3.52157125449761E-5
2,279;340,3.512592542083354E-5
2,532;721,3.512552997119889E-5
2,418;535,-3.50418540070248E-5
2,458;924,3.5029006994151155E-5
2,296;586,-3.5021010259318394E-5
2,421;803,-3.4989756740037265E-5
2,347;578,3.498946223379118E-5
2,552;952,-3.49836555326216E-5
2,508;564,3.4974288767476464E-5
2,627;829,-3.497131756874189E-5
2,487;879,3.496589090641812E-5
2,42;305,-3.4962481923823075E-5
2,2;118,-3.4840593071956934E-5
2,185;579,-3.479114170672695E-5
2,14;48,-3.47854796789439E-5
2,19;992,-3.475671682967893E-5
2,432;772,-3.474985745442713E-5
2,351;670,3.471387610851291E-5
2,58;331,3.469754434401845E-5
2,577;981,3.467025994676057E-5
2,185;394,3.457296580457103E-5
2,422;819,3.4512526538025546E-5
2,76;150,-3.447712510756113E-5
2,153;614,-3.440449704699404E-5
2,924;965,-3.438427447960446E-5
2,182;353,-3.4382098330603544E-5
2,106;430,3.4266096806211735E-5
2,59;266,-3.4216360046262206E-5
2,99;325,3.410677562482531E-5
2,974;982,-3.395635001045358E-5
2,649;652,3.393627566841212E-5
2,186;983,-3.384049916898864E-5
2,42;286,3.383525915756175E-5
2,112;449,-3.3650670716175875E-5
2,53;145,3.3581076415088784E-5
2,110;836,3.357945431160736E-5
2,78;723,3.351226368921173E-5
2,444;628,-3.348402705114843E-5
2,451;616,-3.340448220429285E-5
2,97;565,-3.338455260664297E-5
2,275;859,-3.333147989895055E-5
2,209;924,-3.329995939617304E-5
2,307;834,-3.323357160435074E-5
2,575;901,3.323188458834085E-5
2,33;197,3.3225107845434326E-5
2,267;448,3.312783733664669E-5
2,167;535,3.3082240892416474E-5
2,169;283,-3.305129147754156E-5
2,418;706,3.3031127586629964E-5
2,226;296,3.301017821107275E-5
2,96;706,-3.300205265190377E-5
2,386;551,3.29579642200768E-5
2,207;711,3.295721689504128E-5
2,593;594,-3.293702797510477E-5
2,500;920,3.293456935877251E-5
2,732;766,-3.279549343756401E-5
2,773;862,3.274293888275419E-5
2,72;454,3.273461508094948E-5
2,486;679,-3.269245561033905E-5
2,325;712,3.2690290741813803E-5
2,9;213,-3.267364386455479E-5
2,66;338,3.2655730945452655E-5
2,176;483,3.258962423133306E-5
2,539;617,3.2531142301705884E-5
2,514;613,-3.250903499609263E-5
2,51;397,3.248267206432984E-5
2,642;726,-3.242430141208518E-5
2,248;585,-3.240897157226917E-5
2,302;321,3.240569118229244E-5
2,202;832,-3.234215013336574E-5
2,346;473,3.225465587357128E-5
2,456;540,-3.2247310490483575E-5
2,338;773,3.210964882524163E-5
2,252;695,3.210004425281851E-5
2,654;988,3.209542164096024E-5
2,545;927,3.206874723034303E-5
2,71;253,-3.2039087718396514E-5
2,644;654,-3.2023315354305625E-5
2,212;407,-3.201904817869544E-5
2,238;767,-3.194760902438848E-5
2,370;687,-3.192964488896974E-5
2,572;760,-3.1889130100247205E-5
2,62;585,3.188109609013215E-5
2,42;358,-3.1796669431341894E-5
2,65;230,-3.1774830483220636E-5
2,391;541,-3.1490970379359716E-5
2,20;942,3.134761495554228E-5
2,37;93,-3.132712885128805E-5
2,490;544,3.126351664232179E-5
2,152;896,-3.1248448043935784E-5
2,525;853,3.1068465016668904E-5
2,289;891,3.1034989309269774E-5
2,185;874,3.0995701912693466E-5
2,620;807,-3.096876680769167E-5
2,127;715,3.09511614652441E-5
2,303;723,-3.0924975638923475E-5
2,471;545,3.091415863884643E-5
2,762;877,3.0877270673266315E-5
2,853;918,3.074907622983328E-5
2,745;955,3.07045207556913E-5
2,452;557,-3.068772300869917E-5
2,147;455,-3.0637059578134315E-5
2,164;429,3.0601771719170555E-5
2,196;311,3.058410570578607E-5
2,442;868,3.04567783482988E-5
2,410;631,3.0379744902514896E-5
2,303;911,3.0349272021031812E-5
2,728;909,-3.033604377514665E-5
2,389;753,3.0286716349252565E-5
2,209;416,-3.0260167189312875E-5
2,587;964,3.0229524568674686E-5
2,493;963,-3.019655575905761E-5
2,895;915,-3.0177473443243468E-5
2,401;893,-3.0169923813439692E-5
2,378;697,3.0147912774184024E-5
2,414;768,-3.0059445240403162E-5
2,295;967,-3.002592544958953E-5
2,549;731,-3.0008546585785806E-5
2,577;960,-2.9898979451295606E-5
2,689;716,2.989474557337203E-5
2,472;565,2.968436262710768E-5
2,36;290,2.9667958659107764E-5
2,14;803,-2.9667167008841644E-5
2,103;550,-2.957498195323624E-5
2,30;453,2.9552216337694935E-5
2,304;870,2.925622452468249E-5
2,375;817,-2.920652356220847E-5
2,66;834,2.9102342315985423E-5
2,533;609,-2.904074093377325E-5
2,113;324,-2.8948714437808584E-5
2,752;834,-2.886828192805467E-5
2,300;401,2.8794761307910226E-5
2,328;791,-2.8772636546740822E-5
2,120;151,2.875544899200126E-5
2,333;644,2.869897964220819E-5
2,631;998,-2.8684282994541943E-5
2,272;783,-2.858932687060528E-5
2,61;428,-2.853601777885796E-5
2,473;885,-2.845733008066047E-5
2,747;808,2.844347945436637E-5
2,285;444,-2.842143773961786E-5
2,1;921,-2.83581398825911E-5
2,35;461,2.8321635425634164E-5
2,852;853,-2.8262730248068373E-5
2,406;873,2.8240059990325598E-5
2,716;910,-2.813815944260685E-5
2,509;703,2.8056013153544406E-5
2,684;929,-2.7981241315326617E-5
2,131;642,2.783037663200248E-5
2,70;252,2.776776250109396E-5
2,193;342,-2.7661055394296905E-5
2,21;317,2.7590012340217656E-5
2,868;976,2.7571191921794135E-5
2,44;468,-2.753014293601544E-5
2,266;539,2.7462791033478997E-5
2,307;444,-2.745135628098061E-5
2,186;343,-2.7432968603452484E-5
2,462;802,-2.73554930993693E-5
2,484;927,-2.731065091812071E-5
2,723;911,2.7305177377981285E-5
2,70;480,-2.719405505014705E-5
2,292;678,2.7185756587848942E-5
2,188;272,2.7176945781797635E-5
2,351;754,-2.7043449692500416E-5
2,832;938,-2.698716837306507E-5
2,175;430,2.697293568088885E-5
2,164;293,-2.6899287584516874E-5
2,442;538,2.6881526647531963E-5
2,207;835,-2.674829949537752E-5
2,247;386,-2.6724891442104203E-5
2,536;821,-2.671938274523672E-5
2,16;921,-2.6669714236951776E-5
2,22;690,2.6619980459566705E-5
2,697;931,-2.6515434214881383E-5
2,141;832,2.6440996748653966E-5
2,5;428,-2.6409433687100067E-5
2,331;864,-2.6317425219652318E-5
2,57;512,-2.6256000182092315E-5
2,80;362,2.625101147112932E-5
2,40;499,2.6061866882059998E-5
2,152;559,-2.5848807344326013E-5
2,200;617,-2.5847028560177608E-5
2,80;125,-2.576033474376234E-5
2,475;989,-2.5591112809258658E-5
2,61;785,2.5512356589021138E-5
2,67;753,2.5508496403741423E-5
2,279;591,2.5496700337354974E-5
2,613;871,-2.54679099586215E-5
2,671;891,-2.540888204152393E-5
2,328;664,-2.539442611243048E-5
2,338;862,-2.5386585854233064E-5
2,485;856,-2.527284643190847E-5
2,347;547,2.521573338995431E-5
2,54;92,-2.518084364721321E-5
2,733;999,-2.5146768355798446E-5
2,416;747,2.514358489215751E-5
2,531;543,-2.5126474889887508E-5
2,291;789,-2.5081762602724197E-5
2,549;815,2.5073674037306203E-5
2,79;620,-2.5043374835485076E-5
2,131;983,2.5031882934078113E-5
2,507;613,-2.5011332603005198E-5
2,92;616,-2.498857792431744E-5
2,488;614,2.4869213262302253E-5
2,11;521,2.4868370497951322E-5
2,152;602,-2.486008083994533E-5
2,660;884,2.4591894669346622E-5
2,426;503,-2.4548786185536075E-5
2,137;301,-2.4515836928608205E-5
2,513;720,2.4494866233407174E-5
2,789;856,-2.441663542475096E-5
2,118;299,2.4395153006329733E-5
2,378;761,-2.4317797888604028E-5
2,147;784,-2.4267600258517848E-5
2,243;334,-2.4080748714211536E-5
2,89;743,-2.39347331315857E-5
2,51;463,2.3735185585780876E-5
2,467;714,2.3731662860753093E-5
2,536;913,2.3653906721303602E-5
2,101;880,-2.3527513672117168E-5
2,437;740,2.3519587232245093E-5
2,577;852,-2.3490894435538533E-5
2,356;543,2.3480259210267253E-5
2,336;348,-2.331641650131183E-5
2,33;305,2.3284477754483113E-5
2,333;719,2.3282983467524264E-5
2,390;958,2.3278019540195135E-5
2,449;452,-2.3237492633321826E-5
2,105;904,-2.3135157449790474E-5
2,467;586,2.2917967624630775E-5
2,140;485,2.2911957167223165E-5
2,730;772,-2.2908310932291953E-5
2,393;672,-2.2856175334251163E-5
2,222;688,2.2835501923765795E-5
2,374;704,-2.2770339725121865E-5
2,338;514,-2.2734396649463694E-5
2,74;126,-2.271183268438358E-5
2,373;591,2.2655596552677363E-5
2,15;663,2.2635571168100652E-5
2,154;505,-2.2593599090538153E-5
2,481;883,-2.2510640583418785E-5
2,321;575,2.2404515759804234E-5
2,501;907,-2.238996481743194E-5
2,404;657,-2.2379526272173183E-5
2,364;712,2.2253103356189853E-5
2,532;989,-2.2237098744081807E-5
2,182;874,2.2159742022298687E-5
2,99;756,-2.2132925171547067E-5
2,278;596,2.2128580675432318E-5
2,143;874,-2.208991995653868E-5
2,202;422,-2.203507737767646E-5
2,86;383,2.2019075509874446E-5
2,313;759,2.2017211622852806E-5
2,350;869,2.1976699153308315E-5
2,563;982,-2.1907484388076577E-5
2,138;608,-2.1902177378287715E-5
2,485;499,-2.1829542437278956E-5
2,9;770,-2.1682132726244376E-5
2,17;483,-2.166166302753482E-5
2,22;229,-2.1646854579132417E-5
2,65;963,-2.1631267210003568E-5
2,450;604,-2.1574777144293803E-5
2,687;940,2.1555289824389852E-5
2,96;297,-2.1437729973475456E-5
2,12;103,-2.1373929101916144E-5
2,324;612,-2.1366011461853465E-5
2,11;800,2.1364936404200342E-5
2,1;294,-2.1328477401192674E-5
2,746;971,-2.1319405468432376E-5
2,218;699,2.1203041599199447E-5
2,457;649,-2.118622468487308E-5
2,143;858,2.117739214350446E-5
2,96;212,2.116192655336152E-5
2,405;868,2.1148098353221344E-5
2,259;504,-2.111508054680317E-5
2,98;879,2.1081936233169062E-5
2,575;758,2.104260631530215E-5
2,436;706,-2.095399569889292E-5
2,484;545,2.094612180632932E-5
2,23;900,-2.0924270894643023E-5
2,112;518,2.0883277541359784E-5
2,689;896,-2.081231722415619E-5
2,267;268,-2.0811484854688602E-5
2,583;998,-2.0810305523304653E-5
2,282;441,-2.0765938576170972E-5
2,780;910,-2.0746099074809664E-5
2,286;883,-2.0741948620742468E-5
2,66;975,2.07350020985112E-5
2,202;563,-2.073277660377612E-5
2,700;998,2.0712757093856284E-5
2,228;373,-2.0676273155721583E-5
2,645;979,-2.0646704303805234E-5
2,317;412,-2.063925323275888E-5
2,10;917,2.060204674188809E-5
2,173;661,-2.060060782362988E-5
2,848;900,-2.0553872784546442E-5
2,762;791,2.0535442672446516E-5
2,227;444,2.053349352104615E-5
2,528;571,2.051613218794221E-5
2,560;613,-2.0440154880293965E-5
2,276;928,-2.0401800525899252E-5
2,218;442,-2.0391783130428983E-5
2,44;225,-2.0331418552314073E-5
2,244;463,2.0327956151347944E-5
2,226;431,-2.0309066465629717E-5
2,470;528,2.0275704236523072E-5
2,63;986,-2.0203285104249443E-5
2,391;544,2.0189883796763217E-5
2,205;591,2.0187171553340407E-5
2,247;543,-2.0120548267928972E-5
2,141;771,2.0034624935945435E-5
2,204;232,-1.9863811054203706E-5
2,111;790,1.9788836538307654E-5
2,257;847,-1.957177035285379E-5
2,551;841,1.9565978923417716E-5
2,411;750,1.9498647624795363E-5
2,125;360,1.9414822829005558E-5
2,398;952,-1.940973297880723E-5
2,321;512,1.933399569880276E-5
2,514;763,1.9332827025809713E-5
2,185;578,-1.9318611490806463E-5
2,697;937,1.9312254679106425E-5
2,120;149,-1.929260692988147E-5
2,192;238,1.921406262141545E-5
2,521;913,1.9131624644337598E-5
2,400;581,-1.9103383462316228E-5
2,314;508,-1.9091404549254136E-5
2,24;630,1.9077099720847228E-5
2,301;717,-1.905825557868826E-5
2,67;426,-1.8949133056749112E-5
2,76;800,1.8915707475765987E-5
2,35;694,-1.8899128948839785E-5
2,545;760,1.887608882556681E-5
2,264;507,-1.8792183297596925E-5
2,440;627,1.8775807686871814E-5
2,221;732,-1.8746757997640197E-5
2,203;870,-1.8721430187580185E-5
2,557;902,1.869571027845372E-5
2,354;615,-1.8622159980968627E-5
2,347;582,-1.861393103320709E-5
2,10;544,-1.8473281707383187E-5
2,65;440,-1.8464656778207857E-5
2,14;415,1.8276085870301774E-5
2,354;863,1.826850500577501E-5
2,183;299,-1.8266447477188988E-5
2,634;884,1.824305693251045E-5
2,130;287,1.8205364039614286E-5
2,487;716,1.816740110546815E-5
2,254;484,1.798545440454702E-5
2,244;795,-1.7952753298581675E-5
2,351;708,1.7909816045274365E-5
2,20;897,1.7907646230641532E-5
2,99;632,1.789156282280245E-5
2,78;772,1.7857300039614456E-5
2,14;128,-1.7836785400877242E-5
2,143;690,1.780944107723001E-5
2,408;420,1.7789896697860213E-5
2,726;899,1.7679783134965488E-5
2,351;614,1.765455337345996E-5
2,266;465,1.7590337437577584E-5
2,68;735,-1.7563249713412445E-5
2,810;878,-1.754668392919316E-5
2,51;861,-1.7462988480162187E-5
2,108;194,1.7446371882718513E-5
2,635;654,1.743887072267783E-5
2,238;743,-1.7378408524183014E-5
2,501;702,-1.731565609014371E-5
2,447;646,1.711039650235491E-5
2,647;834,1.7048044306948826E-5
2,1;365,1.689999390799181E-5
2,455;458,-1.6889641203067198E-5
2,53;314,-1.6834769908358457E-5
2,321;447,1.6830179158572502E-5
2,684;917,1.6744389311661736E-5
2,282;878,-1.6729392474192182E-5
2,308;714,-1.6701550655867744E-5
2,545;925,1.667066488782733E-5
2,703;933,1.6665658302272568E-5
2,534;545,1.6628384778807057E-5
2,481;603,1.6627312054936465E-5
2,53;965,-1.6590340813142758E-5
2,170;264,1.6585566881415783E-5
2,388;889,-1.6529675637126345E-5
2,490;972,-1.65293216467923E-5
2,174;582,-1.6496268239671624E-5
2,309;487,1.6444026600129726E-5
2,44;552,-1.643155437019603E-5
2,340;885,-1.6369605698308545E-5
2,403;455,1.6319817918240553E-5
2,679;851,-1.6314770531696333E-5
2,599;991,-1.6304108669549357E-5
2,332;955,1.6293106174785203E-5
2,714;887,1.6279523284518762E-5
2,241;678,1.6250917517794436E-5
2,118;343,1.6242697677703602E-5
2,177;516,1.621355912283483E-5
2,525;616,1.6178604675533935E-5
2,27;978,1.6173324946930955E-5
2,319;897,-1.6147402330721693E-5
2,592;627,-1.609580191556051E-5
2,486;575,1.6089586325263682E-5
2,141;834,-1.6065731885444468E-5
2,127;988,1.6063361106991638E-5
2,198;542,1.6015284045098706E-5
2,204;698,-1.5963594189035078E-5
2,485;601,-1.593668907520088E-5
2,430;798,-1.5916676865701517E-5
2,275;620,-1.5869915394274097E-5
2,518;577,-1.579361249019587E-5
2,511;859,1.5783337348287547E-5
2,338;754,1.576417403370499E-5
2,432;547,-1.559166329506366E-5
2,169;297,-1.558970742684275E-5
2,250;671,1.558895498653812E-5
2,627;681,1.5588105953145458E-5
2,141;320,-1.553545836287075E-5
2,751;771,1.552809688127217E-5
2,155;239,1.542716300931349E-5
2,325;984,1.5406379922624032E-5
2,400;700,1.5404172129279248E-5
2,67;965,1.536465260106759E-5
2,20;717,1.535458498825479E-5
2,390;625,-1.5308265991955393E-5
2,164;528,-1.5263190169060677E-5
2,124;401,-1.5250545414915425E-5
2,480;928,-1.514902111068417E-5
2,308;539,1.5148775757370738E-5
2,447;823,-1.5069315482424836E-5
2,418;990,1.5005086047936655E-5
2,196;759,-1.4981865135313868E-5
2,144;326,-1.4956164250189225E-5
2,75;87,1.4895499393649869E-5
2,199;307,1.4880930661398312E-5
2,57;842,-1.4857752206722405E-5
2,251;770,-1.483427525307142E-5
2,129;950,-1.4751373564670476E-5
2,429;626,1.4737784648954436E-5
2,139;611,1.4707226147331374E-5
2,405;883,-1.4690336409495408E-5
2,520;975,1.4653747792284719E-5
2,298;355,-1.4600856311790298E-5
2,549;591,1.4591006998856391E-5
2,671;999,-1.4564332355480991E-5
2,175;573,-1.4548305639316487E-5
2,481;605,1.4538018110094586E-5
2,105;206,-1.4499641646108633E-5
2,699;983,-1.4463629973352988E-5
2,98;697,-1.442881446746444E-5
2,92;335,1.4369930198191134E-5
2,328;357,1.4335502724709945E-5
2,889;937,-1.4235082029639037E-5
2,416;984,-1.4171196767780697E-5
2,80;353,-1.4148716410224944E-5
2,357;725,-1.411125565914928E-5
2,264;650,1.4066817302176224E-5
2,153;831,-1.4039782293365999E-5
2,62;778,-1.4038555655836838E-5
2,504;994,1.3931373687537622E-5
2,419;449,-1.3860534153277468E-5
2,299;390,1.3844204264928966E-5
2,471;671,1.3770601844464658E-5
2,473;804,1.3740340820732097E-5
2,333;842,-1.3703830606592443E-5
2,454;796,-1.3691983159906163E-5
2,759;936,-1.3614844729478492E-5
2,302;953,1.3546675889805335E-5
2,641;989,-1.3450394837905638E-5
2,239;837,1.334648434717975E-5
2,587;712,-1.3205456999580077E-5
2,54;252,-1.3200943825041113E-5
2,442;633,1.320022063909314E-5
2,487;959,1.317402051198259E-5
2,821;988,-1.3150971725410299E-5
2,9;81,1.3074803963839518E-5
2,220;626,1.3045332150105754E-5
2,303;908,1.3030591434233464E-5
2,268;510,-1.2950719698700126E-5
2,200;881,1.2946160741464194E-5
2,61;139,1.2768367877019697E-5
2,660;799,1.266696188735343E-5
2,4;931,-1.2618748677857894E-5
2,377;740,1.2524328781145705E-5
2,334;437,1.2486178730235651E-5
2,612;801,1.2469388425254538E-5
2,427;732,-1.2468020194967607E-5
2,537;916,1.2416004596676204E-5
2,416;833,1.2380694053804112E-5
2,500;933,1.2373319551317722E-5
2,872;975,-1.2358563989702379E-5
2,335;396,1.2326039362622706E-5
2,674;850,-1.2277898952853667E-5
2,129;508,-1.2262087526950017E-5
2,11;692,1.2180023067382196E-5
2,360;984,-1.2142712840928688E-5
2,149;169,-1.21370711484029E-5
2,107;868,-1.2039506813187634E-5
2,391;791,1.2024005659091883E-5
2,299;444,-1.1981304705127289E-5
2,289;546,1.1979998090540705E-5
2,80;468,-1.1919069278158445E-5
2,517;888,1.1839059993335886E-5
2,47;396,1.1832282705505015E-5
2,49;314,1.1682846472861108E-5
2,391;848,-1.1661792259130318E-5
2,246;745,1.1655467387082827E-5
2,277;671,-1.1541350670822099E-5
2,325;632,1.1529167718828796E-5
2,479;729,1.1525551984935657E-5
2,291;714,-1.1450850510947783E-5
2,537;709,-1.1448243242248454E-5
2,491;732,-1.1416862238675787E-5
2,60;455,-1.1414083981081957E-5
2,219;672,-1.134032216349698E-5
2,64;500,1.127217024825003E-5
2,187;413,-1.124109566308286E-5
2,261;433,1.1180544551608482E-5
2,176;877,-1.1177215552559434E-5
2,856;947,1.105306063995161E-5
2,725;806,-1.097434948327318E-5
2,499;809,-1.0913726952251942E-5
2,44;830,1.0870634455650785E-5
2,160;166,-1.0861966948174692E-5
2,406;809,1.0858311625074737E-5
2,103;930,-1.0759437714215781E-5
2,342;585,-1.067231150991331E-5
2,401;841,1.0659957621167324E-5
2,296;431,-1.0618935957503184E-5
2,630;838,-1.0552017882819176E-5
2,784;829,1.0498722328404875E-5
2,119;953,1.045456290229678E-5
2,357;791,1.039752047336036E-5
2,93;380,1.0293373079668587E-5
2,173;770,-1.0275570827749492E-5
2,145;766,-1.02647854220074E-5
2,481;875,-1.0219955741160968E-5
2,213;973,-1.0147569219978516E-5
2,210;322,-1.0147092432936045E-5
2,83;903,-1.0099749674742712E-5
2,575;629,1.0089866010184357E-5
2,562;935,1.002746602859872E-5
2,148;636,9.902093930392347E-6
2,249;930,-9.795514498096139E-6
2,43;97,9.76959884880585E-6
2,628;903,-9.753414478375757E-6
2,384;768,9.748270809535997E-6
2,586;696,-9.748040468919777E-6
2,631;741,-9.729975650200103E-6
2,490;548,-9.727481227592997E-6
2,649;873,-9.720161050870577E-6
2,738;883,9.718280820843722E-6
2,537;917,-9.686396124661129E-6
2,446;678,-9.660855398775163E-6
2,214;688,-9.651871395154027E-6
2,44;648,-9.546729633802292E-6
2,135;537,9.457244392590173E-6
2,120;957,9.423013807372191E-6
2,282;514,9.394443470562273E-6
2,515;747,-9.390646674213271E-6
2,468;559,-9.372747322445932E-6
2,521;933,9.363965100542243E-6
2,804;840,-9.27692975745091E-6
2,588;972,9.276459427457723E-6
2,351;434,-9.261213369805385E-6
2,602;713,-9.209833491591727E-6
2,576;948,-9.182785058588993E-6
2,511;792,9.12555450860443E-6
2,152;496,-9.109052112022883E-6
2,217;330,-9.08455534275486E-6
2,310;631,-9.036669927392965E-6
2,243;732,-9.026884277369266E-6
2,11;889,-8.936775802773745E-6
2,324;649,8.838072327280803E-6
2,275;681,8.802976505284194E-6
2,515;537,8.800362796651543E-6
2,506;828,-8.79931704684729E-6
2,286;338,8.795098323390065E-6
2,105;914,-8.749577794730623E-6
2,106;498,8.73608665545765E-6
2,793;812,8.734189077502757E-6
2,362;955,8.721183097349692E-6
2,232;714,8.692825696390544E-6
2,375;713,-8.683869209708165E-6
2,426;488,-8.639279736265659E-6
2,305;987,8.509528230383631E-6
2,137;148,-8.504555408928139E-6
2,110;520,8.475481422551737E-6
2,346;679,-8.46771763893607E-6
2,607;868,8.458739924771836E-6
2,400;490,-8.456495407103525E-6
2,331;703,-8.450620792563756E-6
2,657;927,8.40850873466395E-6
2,306;871,-8.314934394135263E-6
2,109;237,-8.264090732173962E-6
2,492;909,-8.214826327495178E-6
2,504;588,8.190765360250152E-6
2,758;768,8.186955588177586E-6
2,187;229,-8.142968993164925E-6
2,32;893,8.137721999697201E-6
2,223;978,-8.127740169104752E-6
2,185;663,-8.116957776463666E-6
2,271;910,-8.090437144288213E-6
2,153;983,-8.088950895313918E-6
2,99;951,-8.088686196383228E-6
2,62;219,-8.073089578148646E-6
2,657;766,-8.059480033832735E-6
2,55;831,8.057331942798021E-6
2,130;829,-8.049349552884597E-6
2,131;879,8.017442892678723E-6
2,492;859,-7.893614787352219E-6
2,415;864,7.869818768630354E-6
2,529;780,7.826733899484323E-6
2,704;983,-7.791598947054917E-6
2,579;989,-7.785359454595908E-6
2,30;137,7.763141863096887E-6
2,147;403,7.753227735692939E-6
2,131;250,-7.603277183562074E-6
2,217;417,-7.594026530697698E-6
2,471;925,-7.537704668073284E-6
2,498;648,-7.531552218936838E-6
2,166;574,-7.455395604136578E-6
2,115;351,7.433571470635156E-6
2,259;719,-7.387212436820931E-6
2,162;493,-7.33638978523439E-6
2,89;308,7.325066051105473E-6
2,77;708,-7.317059841133359E-6
2,194;985,7.275139021511293E-6
2,462;820,-7.225028383910496E-6
2,514;672,-7.1876344383037666E-6
2,134;744,-7.182337826622601E-6
2,275;543,7.14420281117581E-6
2,662;875,7.12930291686531E-6
2,711;931,7.004087437901874E-6
2,541;873,-6.986395388385982E-6
2,135;982,6.973814434137915E-6
2,864;977,6.957280300757388E-6
2,36;201,-6.930403726096226E-6
2,27;99,-6.9117031720675326E-6
2,688;997,-6.860851715639521E-6
2,410;755,-6.847177505077004E-6
2,95;651,6.760172662046773E-6
2,279;400,-6.756230079564843E-6
2,31;449,6.7544575741137344E-6
2,316;326,6.72484230287998E-6
2,1;961,6.419750802473173E-6
2,173;563,6.411912781510764E-6
2,644;731,-6.395026073409346E-6
2,293;622,-6.384611729437994E-6
2,174;469,-6.322095425729035E-6
2,65;249,-6.270400537873408E-6
2,439;516,-6.227873737449388E-6
2,705;908,6.203770297474709E-6
2,179;338,-6.1536412283111905E-6
2,129;147,-6.110709519045188E-6
2,448;612,6.093346441701106E-6
2,223;722,-6.085895703747901E-6
2,364;931,6.063201241286301E-6
2,460;475,-6.053065981869374E-6
2,673;717,-6.000524063448573E-6
2,631;755,-5.996505427069934E-6
2,6;210,-5.838264035285257E-6
2,529;538,-5.814276346846891E-6
2,826;858,5.7824365995259865E-6
2,121;545,5.705677758003569E-6
2,295;696,5.691305919394623E-6
2,304;613,-5.647280753300135E-6
2,339;556,5.6269537031303355E-6
2,495;692,-5.515244778367221E-6
2,366;425,-5.424309870350294E-6
2,491;915,5.42275990343874E-6
2,184;305,5.3567170185000734E-6
2,877;941,-5.270654346351877E-6
2,340;619,5.246807891794575E-6
2,32;836,5.2014346917984425E-6
2,641;949,5.1521213861931985E-6
2,639;800,-5.048662279515462E-6
2,17;176,4.979011829821412E-6
2,5;657,4.977381501917039E-6
2,542;608,4.906354047973516E-6
2,94;507,-4.900964555637113E-6
2,539;944,4.880701180838346E-6
2,447;460,4.877334748329368E-6
2,213;986,-4.819863566432977E-6
2,888;953,-4.753209024946609E-6
2,761;847,-4.699184966415207E-6
2,675;870,-4.638385223151132E-6
2,905;987,-4.553816067107308E-6
2,271;560,4.544794280000542E-6
2,343;349,4.40932053274154E-6
2,284;933,-4.353485824449096E-6
2,14;756,4.259460970348267E-6
2,129;929,-4.25474104060887E-6
2,44;317,4.176314435250461E-6
2,562;933,-4.165955576499778E-6
2,172;858,-4.1359652293219E-6
2,575;679,4.131929467973847E-6
2,569;706,4.127941767704799E-6
2,408;761,-4.066572211663691E-6
2,7;307,4.0443559361668655E-6
2,143;714,-4.025035049807446E-6
2,278;709,3.9182017285971095E-6
2,179;737,3.911537130135062E-6
2,121;270,-3.873573836819147E-6
2,97;667,-3.83401751927992E-6
2,422;983,-3.7338923307567717E-6
2,468;925,3.7221533498321275E-6
2,285;750,-3.670428168016618E-6
2,180;354,-3.4746403202109145E-6
2,372;788,-3.3321139477376777E-6
2,304;931,3.2262855714170204E-6
2,151;201,3.0363743741533276E-6
2,268;641,-3.010380486355463E-6
2,5;613,-2.9841712764787504E-6
2,724;797,2.9398027334433115E-6
2,336;782,2.8464171777807386E-6
2,81;770,-2.8377836404245157E-6
2,237;463,2.7971047463586917E-6
2,370;580,2.760328675567289E-6
2,712;716,2.68685185651249E-6
2,6;924,-2.633911091356925E-6
2,242;329,-2.5886378266307963E-6
2,388;840,2.5868668447833197E-6
2,371;906,-2.561234911862262E-6
2,143;922,2.5114730754017823E-6
2,173;624,-2.497429283916039E-6
2,11;706,-2.320699999899173E-6
2,543;634,2.319793335523068E-6
2,36;707,2.2463969203951884E-6
2,872;904,2.1999616897488974E-6
2,656;921,-2.169574583273645E-6
2,135;709,-2.130547122602647E-6
2,673;854,2.0886753795976014E-6
2,202;587,2.0506791361140363E-6
2,324;873,-2.043830924099502E-6
2,200;896,-2.041019449388046E-6
2,70;928,-1.919963259717494E-6
2,424;898,-1.908460495318648E-6
2,8;211,-1.8313803510476568E-6
2,173;692,1.6939049865856704E-6
2,215;411,1.5821017936542837E-6
2,170;247,-1.571760428065963E-6
2,390;497,-1.5623419031113305E-6
2,426;668,1.5089740429770488E-6
2,833;989,1.4863927688109624E-6
2,373;818,1.394404294791013E-6
2,663;962,-1.3303013291712657E-6
2,635;912,-1.2789815352318435E-6
2,403;843,-1.1964837115345794E-6
2,485;870,1.183820596440663E-6
2,101;188,1.1570550562249731E-6
2,791;913,-1.149552415744881E-6
2,122;531,1.1196765118720309E-6
2,330;678,-1.0897290279406336E-6
2,62;787,-1.0891224945878548E-6
2,117;289,9.990730065959353E-7
2,7;328,9.712291043867394E-7
2,660;710,-9.558878062663616E-7
2,291;623,-9.515528806426643E-7
2,669;723,-9.499436735402322E-7
2,220;950,-8.431687658752019E-7
2,193;334,8.319066243527851E-7
2,556;937,7.31226741367344E-7
2,24;99,7.063090375737935E-7
2,96;718,5.70313003009193E-7
2,17;486,-5.697550253108973E-7
2,689;757,-5.416402762243172E-7
2,706;990,4.876853853313934E-7
2,220;856,4.7359230036786437E-7
2,17;174,4.4712514943584524E-7
2,251;323,-4.331551402354389E-7
2,485;919,-4.0448361542187727E-7
2,414;758,-3.480353686939469E-7
2,172;828,3.28028695838839E-7
2,382;766,3.2113629298824443E-7
2,686;739,2.2672934426221093E-7
2,244;338,2.2356598082726165E-7
2,269;721,-1.9032602384543019E-7
2,437;560,-1.609965047705414E-7
2,625;723,-1.5213399114324955E-7
2,180;249,-7.055647408758802E-8
2,196;414,-6.656177216683712E-8
2,507;750,-5.260396161699266E-8
2,138;892,-4.2938417022769795E-8
2,325;370,-2.3744192114455442E-8
2,402;765,-1.0514723112253766E-8
3,196;313;759,-3.236870854258444E-4
3,325;367;519,-3.0322163651165995E-4
3,36;290;707,3.003102563818515E-4
3,353;532;989,-2.886837495812945E-4
3,315;650;956,2.857201831984564E-4
3,310;631;998,-2.846220471976546E-4
3,6;111;330,-2.8278077056040774E-4
3,278;885;942,2.7952342877673265E-4
3,333;557;686,-2.750882863103525E-4
3,312;809;898,-2.748978635019801E-4
3,403;843;894,-2.745795524918258E-4
3,523;552;952,-2.7282031825947894E-4
3,259;504;667,2.705335251570561E-4
3,42;286;883,2.6961684648051754E-4
3,291;467;714,2.615351354852842E-4
3,26;390;781,-2.580229623848667E-4
3,467;511;586,2.54140941016312E-4
3,358;453;926,-2.5301882308634673E-4
3,210;245;684,-2.5158383239209416E-4
3,213;687;722,2.451910724645652E-4
3,244;450;604,2.3639100814541004E-4
3,276;339;928,-2.3339928693100187E-4
3,33;305;639,-2.3173818959466025E-4
3,282;460;736,2.2865954202913206E-4
3,186;654;983,2.2716885034454432E-4
3,195;563;982,-2.25791853936592E-4
3,173;410;692,2.25465400168587E-4
3,894;908;982,-2.2528243466670236E-4
3,295;586;696,2.252212873050439E-4
3,746;800;971,2.2444000936687908E-4
3,495;692;923,2.233793397237046E-4
3,302;786;968,2.2215109032105618E-4
3,94;184;507,-2.2089860016582134E-4
3,143;858;874,-2.2075705977884935E-4
3,201;324;496,2.2003128552292798E-4
3,314;508;564,-2.1724957307648493E-4
3,8;211;653,2.1689655024227362E-4
3,697;711;931,2.1645225058234178E-4
3,399;407;723,2.161385659662764E-4
3,368;558;957,2.158212985603358E-4
3,309;346;679,2.1308291299510662E-4
3,288;504;994,2.12387392466877E-4
3,78;669;723,2.1000573249030336E-4
3,180;354;615,-2.0823146010876542E-4
3,91;580;642,-2.0812604533167422E-4
3,97;577;667,2.061772964843831E-4
3,62;424;778,-2.0381199191544757E-4
3,485;601;856,-2.0331962929284617E-4
3,99;325;632,-2.0326466359690227E-4
3,175;430;667,2.0290665203241093E-4
3,231;351;434,2.0259901055180946E-4
3,249;271;293,-2.019946589218368E-4
3,57;589;727,-2.018704530030997E-4
3,5;178;428,-2.0090654252715224E-4
3,336;782;808,2.0078560874357604E-4
3,42;172;820,-2.0071640375949403E-4
3,62;179;787,1.973494689253839E-4
3,1;204;273,1.970104174159561E-4
3,173;205;591,-1.9690581400980367E-4
3,131;213;983,1.9681842212259192E-4
3,398;635;654,-1.966760335277118E-4
3,72;454;533,1.965548161706215E-4
3,112;260;852,1.9652031627707308E-4
3,137;599;839,1.9614866593260612E-4
3,229;671;916,1.960538758768602E-4
3,61;139;611,1.9593926032610232E-4
3,422;699;983,-1.9580936204590115E-4
3,111;486;790,1.9546435476972313E-4
3,325;360;984,-1.9478688068831523E-4
3,174;199;242,-1.9302744223645548E-4
3,415;631;864,-1.9253514056139737E-4
3,364;587;712,-1.9203001801845542E-4
3,50;263;816,-1.9171988778257326E-4
3,209;502;924,-1.9058498963919702E-4
3,354;863;993,1.90486475856486E-4
3,476;848;929,1.895754271935033E-4
3,672;683;868,-1.89314566999658E-4
3,85;482;499,1.892867927563179E-4
3,312;802;948,1.8812331047679727E-4
3,6;115;924,1.8754444870366628E-4
3,50;560;760,-1.8653670100298114E-4
3,430;658;798,-1.8541490448962888E-4
3,164;528;532,1.8442847686810839E-4
3,47;483;736,1.8437618016660612E-4
3,689;757;896,1.8304946595797727E-4
3,96;158;212,-1.828274759773137E-4
3,129;345;929,-1.8267356152895387E-4
3,372;688;997,1.8241692445498467E-4
3,179;454;796,1.8235368872949984E-4
3,59;266;777,1.8233753888453988E-4
3,795;807;885,1.8184224585047378E-4
3,54;437;560,-1.8167357454936005E-4
3,161;304;382,-1.8026708851698336E-4
3,549;798;815,-1.7944659782726224E-4
3,121;270;788,1.7906173329056125E-4
3,56;134;744,1.772608173357267E-4
3,98;476;778,1.7711411578252246E-4
3,190;263;647,1.7664836830945548E-4
3,6;130;287,1.762216840248514E-4
3,108;829;884,-1.7577837649982125E-4
3,227;608;904,-1.7561781757465496E-4
3,366;425;919,-1.7507462268723782E-4
3,268;641;949,1.7505358217165623E-4
3,4;181;931,1.7388128262795462E-4
3,303;671;999,1.733728853409463E-4
3,217;493;963,1.7322413477305966E-4
3,147;403;455,-1.7248300337733568E-4
3,277;393;671,-1.7040391809752003E-4
3,122;432;547,-1.7009119477165603E-4
3,241;678;807,1.6969669509225927E-4
3,219;393;672,1.692509787055685E-4
3,346;473;804,1.691004331038855E-4
3,175;573;768,1.6849043100909672E-4
3,3;733;999,1.6828747701983892E-4
3,335;849;935,1.674707406606168E-4
3,7;328;812,-1.6746500914194813E-4
3,302;321;778,1.6713672244885475E-4
3,252;302;985,1.6686590705713777E-4
3,233;643;979,-1.6682551105890527E-4
3,275;511;859,1.6629187134880558E-4
3,73;75;655,-1.6548500985543607E-4
3,23;568;900,-1.6516073148319406E-4
3,83;209;341,-1.6488444760753918E-4
3,364;427;957,-1.648065066676186E-4
3,38;157;930,1.6446375376121179E-4
3,147;784;835,1.6445085395836256E-4
3,297;670;973,-1.6432536624730188E-4
3,66;108;194,1.6362676924420183E-4
3,425;479;729,-1.6205744758221138E-4
3,371;470;906,1.620498947003869E-4
3,517;687;940,1.618590581205483E-4
3,401;516;841,1.6184407541178737E-4
3,144;147;832,-1.6142307031910525E-4
3,203;304;870,-1.6104100769476296E-4
3,63;454;548,-1.6020284913465047E-4
3,410;631;755,-1.5982468513735089E-4
3,68;422;819,-1.5894648164124504E-4
3,44;225;408,1.588511783487451E-4
3,478;577;852,1.5830915887213746E-4
3,344;453;662,-1.582934922719471E-4
3,124;300;401,-1.5782547827015658E-4
3,297;533;609,-1.574585635129251E-4
3,723;864;916,1.5716500460026295E-4
3,391;791;993,1.5709495136966085E-4
3,20;103;609,1.5665182281209756E-4
3,304;840;931,1.5653128948672787E-4
3,57;238;272,-1.5627972588777139E-4
3,75;669;805,1.539552044273465E-4
3,112;449;518,1.530789343080097E-4
3,404;657;922,1.526970352821124E-4
3,551;626;841,1.5230224164700855E-4
3,16;180;926,-1.5205223091315425E-4
3,226;296;431,1.513662363153978E-4
3,69;296;369,1.5100692031693594E-4
3,644;654;988,-1.5027327270601248E-4
3,90;368;725,1.5009857598288903E-4
3,44;115;552,-1.500720032634091E-4
3,505;784;829,-1.4929269275154732E-4
3,82;174;915,-1.4925474615364127E-4
3,207;509;711,-1.4898232188316707E-4
3,54;92;335,1.48051144820726E-4
3,251;288;756,1.4797798034345505E-4
3,244;409;894,1.4791615591998956E-4
3,56;350;900,-1.4732499357247617E-4
3,54;70;252,-1.4647223546724708E-4
3,241;474;714,-1.4624050658569395E-4
3,71;285;750,1.4597505968880168E-4
3,89;223;978,-1.4582916625293488E-4
3,448;612;801,-1.4579886880038901E-4
3,88;650;661,-1.454616574266126E-4
3,192;446;678,1.4504296308863007E-4
3,108;145;672,1.4502787020524976E-4
3,22;143;690,-1.4500527803759547E-4
3,852;865;955,1.4450227111251467E-4
3,324;649;873,-1.4410889364630764E-4
3,14;128;415,1.436038665392442E-4
3,282;441;514,1.4358293355565572E-4
3,260;404;640,1.4326715980510552E-4
3,220;856;950,1.4280317604964654E-4
3,115;351;614,1.426422406274921E-4
3,337;540;606,-1.4229885149162017E-4
3,1;403;961,-1.4197062518257004E-4
3,126;230;748,-1.4161614771059967E-4
3,299;444;724,1.4161415311200344E-4
3,223;722;843,-1.4145493206474614E-4
3,759;936;991,1.405593533158831E-4
3,508;639;800,1.403046394574025E-4
3,503;872;904,-1.4024479902870955E-4
3,726;879;947,1.4022678168406667E-4
3,278;934;989,1.4021249566174984E-4
3,173;649;652,-1.3960887683790366E-4
3,117;325;592,1.3954081001277038E-4
3,446;577;981,1.3949430408841617E-4
3,89;774;923,1.3917664167786698E-4
3,27;401;893,-1.389023431253903E-4
3,262;343;349,-1.3836465320319952E-4
3,51;343;578,-1.383155123831935E-4
3,32;797;893,1.381839771468025E-4
3,196;538;674,-1.377016670004288E-4
3,9;213;986,-1.3751297368617578E-4
3,14;756;803,-1.3710743510514484E-4
3,321;447;731,1.3704572087571955E-4
3,23;56;522,-1.3634137289843463E-4
3,250;671;891,-1.3571805376730683E-4
3,174;236;376,1.3561972409802914E-4
3,7;648;980,-1.3539140268683608E-4
3,574;704;983,-1.3537900173785333E-4
3,73;116;643,-1.3532941209926458E-4
3,36;201;347,1.3485376514896526E-4
3,493;677;733,1.3418867039961046E-4
3,96;580;718,1.3309692289809128E-4
3,119;877;953,-1.3241453147020045E-4
3,391;544;825,-1.3226367707302195E-4
3,164;738;825,1.32031155843285E-4
3,269;721;876,-1.3121017198358814E-4
3,505;856;947,1.3087667293826995E-4
3,259;631;741,-1.3061834813632035E-4
3,26;309;487,-1.3043570830183034E-4
3,11;706;800,-1.301931376278649E-4
3,193;267;342,-1.3018627029882414E-4
3,160;166;606,-1.2971359473147392E-4
3,43;445;447,1.2967219766527922E-4
3,139;187;868,-1.2924264341678072E-4
3,298;355;560,1.291629165502512E-4
3,421;576;803,-1.2852302741452688E-4
3,238;743;767,1.2830006853402977E-4
3,84;714;721,-1.2786202603409975E-4
3,181;204;382,1.270647051810571E-4
3,11;285;704,1.2626314850081908E-4
3,303;487;879,-1.2565368870525977E-4
3,252;583;998,-1.2558754309843146E-4
3,164;384;939,1.2555018372414293E-4
3,208;588;972,1.2543964563908002E-4
3,331;820;840,-1.2529271143373743E-4
3,97;743;778,-1.2515348612285597E-4
3,418;535;617,1.248362242814005E-4
3,470;528;571,-1.243395201038208E-4
3,264;480;610,-1.2421182125238797E-4
3,512;732;766,-1.2380578052004158E-4
3,550;633;884,1.2317945507963246E-4
3,271;357;560,1.221572966550901E-4
3,21;317;412,-1.2171529575458969E-4
3,63;242;509,-1.2156263894939643E-4
3,159;330;541,1.2130237324759215E-4
3,170;499;861,-1.2070792301017905E-4
3,140;485;558,-1.206849108372209E-4
3,217;330;417,-1.2047152239703834E-4
3,129;227;444,1.2018786850163811E-4
3,292;330;678,-1.2015445372320568E-4
3,64;498;806,-1.1983542509396183E-4
3,177;182;188,1.1969340533660739E-4
3,74;126;929,-1.1955994306814346E-4
3,630;724;838,-1.192693188552193E-4
3,793;899;949,-1.1909711411660844E-4
3,151;201;921,-1.1890400504981405E-4
3,75;832;938,1.1888543249463156E-4
3,110;314;520,1.1844463333904761E-4
3,426;481;503,-1.1828252652533732E-4
3,234;402;765,-1.181344382662457E-4
3,20;555;717,1.1812790370870699E-4
3,346;451;616,1.1812179708875373E-4
3,202;337;909,1.1800734991196691E-4
3,183;287;969,1.1786843201580906E-4
3,277;569;706,1.1709858233348715E-4
3,2;118;343,1.1694955436760404E-4
3,411;514;763,-1.1674804139904249E-4
3,173;888;953,-1.1637496990457395E-4
3,137;148;797,-1.1620743028878359E-4
3,353;592;627,-1.1608524197152247E-4
3,27;194;542,-1.1604947109142563E-4
3,78;240;375,-1.1597659701291702E-4
3,330;359;876,1.1593958666078414E-4
3,468;559;925,1.1587406316515008E-4
3,319;363;897,-1.1550129881520803E-4
3,1;365;748,1.1538072709339502E-4
3,474;728;909,1.1537344333458311E-4
3,21;438;717,1.1534590049760761E-4
3,27;99;978,-1.1529277241040971E-4
3,406;565;776,-1.1523901099635714E-4
3,435;545;561,1.150990190893683E-4
3,132;620;734,-1.148209053935602E-4
3,244;338;775,1.1419244391694629E-4
3,297;608;763,-1.1393880415578578E-4
3,571;670;850,-1.1379369220861162E-4
3,638;646;930,1.1372249539377543E-4
3,786;802;858,1.1357886364340603E-4
3,485;675;870,1.1295647237781835E-4
3,113;196;720,-1.1294301168030895E-4
3,413;889;937,-1.1289943636381907E-4
3,1;294;346,1.1261473038749962E-4
3,39;254;484,-1.1251814085558113E-4
3,180;184;318,-1.119744696118536E-4
3,39;290;802,-1.1139069356877591E-4
3,292;361;894,1.1057595335274963E-4
3,135;537;709,1.1051318290311384E-4
3,184;305;652,-1.1029211699940275E-4
3,355;635;796,-1.1015537445127438E-4
3,311;501;907,1.0997627840738636E-4
3,232;714;887,-1.09881010296484E-4
3,377;380;905,-1.0959672876372906E-4
3,86;311;383,1.0939703082369673E-4
3,264;347;547,-1.0933174262268362E-4
3,191;416;479,-1.0907734654716446E-4
3,347;578;718,-1.0902079535113427E-4
3,575;761;847,1.0887395362151529E-4
3,556;784;931,1.0843815903119804E-4
3,581;920;974,-1.083875896765292E-4
3,51;186;397,-1.0810611194746422E-4
3,76;210;641,1.0792884995497522E-4
3,447;823;854,1.0792550680714715E-4
3,283;528;756,-1.0782242453605129E-4
3,238;534;567,1.077832963618014E-4
3,127;351;616,-1.0752060969758929E-4
3,618;860;958,-1.0725849498893428E-4
3,16;350;869,-1.0720463725337072E-4
3,718;886;940,-1.0701073943769145E-4
3,206;559;564,-1.0692949212464893E-4
3,43;539;991,-1.0597063446918127E-4
3,365;811;885,-1.0588994146553954E-4
3,408;420;945,-1.0547535862883086E-4
3,683;707;997,1.0494043929751728E-4
3,407;503;506,-1.0465072977607338E-4
3,67;937;995,1.0461456586475673E-4
3,302;334;953,-1.0454242139605926E-4
3,17;176;483,-1.0452610343757193E-4
3,282;878;914,-1.0440151140455928E-4
3,665;880;949,-1.0428366288513905E-4
3,267;268;956,1.042033898479595E-4
3,194;342;585,-1.0412988777100708E-4
3,44;468;962,1.0372316897052301E-4
3,6;31;210,1.0360132006302133E-4
3,144;316;326,1.034664235512322E-4
3,1;656;921,-1.029258307606263E-4
3,276;762;991,1.0290427951177455E-4
3,475;641;989,-1.0279620373147517E-4
3,506;657;828,-1.0275636018975183E-4
3,298;443;922,1.0267738197497954E-4
3,292;458;727,-1.0264412072097631E-4
3,101;188;477,-1.0251703236638156E-4
3,30;137;799,-1.0245107128684393E-4
3,582;797;816,-1.0239486146420835E-4
3,484;616;894,1.0203864560792931E-4
3,62;219;585,-1.0180893887633941E-4
3,65;230;440,-1.0174134265572457E-4
3,291;457;789,-1.0173070996371549E-4
3,141;832;947,-1.0172768250424497E-4
3,791;857;913,-1.0168440238575224E-4
3,46;268;510,1.0163925172556531E-4
3,89;621;743,-1.0107965344074671E-4
3,346;635;912,-1.0103836790678009E-4
3,101;390;997,-1.0099426844124795E-4
3,82;627;681,-1.0087551353847768E-4
3,789;827;887,1.006644939357352E-4
3,220;398;991,1.0052697383075977E-4
3,207;402;466,-1.0044527755933145E-4
3,442;519;932,-1.0017609587964061E-4
3,161;599;993,-1.0003848203279917E-4
3,132;592;691,-9.931933333303967E-5
3,143;922;944,-9.885987381167674E-5
3,338;607;646,9.881150862709313E-5
3,353;670;860,-9.851181862833785E-5
3,275;543;955,-9.812567500992694E-5
3,176;877;941,-9.75784086353009E-5
3,179;244;795,9.717280330187941E-5
3,164;277;429,9.694431762706193E-5
3,11;661;692,9.678564624910832E-5
3,538;793;812,-9.671568036754058E-5
3,106;430;888,-9.645830897118673E-5
3,68;364;931,-9.637382129092274E-5
3,4;101;339,9.605997293632213E-5
3,17;174;279,9.590080458159078E-5
3,530;641;908,-9.589846395543255E-5
3,490;657;927,9.559882377064625E-5
3,49;314;611,9.554776185355043E-5
3,224;259;679,-9.543395565669597E-5
3,51;244;463,9.539119799265856E-5
3,443;575;901,-9.5076956395162E-5
3,204;698;822,-9.50522221309029E-5
3,377;437;740,9.484897776696499E-5
3,67;245;402,9.484467069122916E-5
3,102;882;945,-9.474646704749472E-5
3,670;719;770,-9.47335438850795E-5
3,314;362;793,9.472541341099494E-5
3,511;512;524,9.462378365013777E-5
3,221;362;732,-9.415342815108627E-5
3,129;508;950,-9.378482096268096E-5
3,159;503;939,9.371572644168742E-5
3,74;943;997,-9.367006480228763E-5
3,673;717;832,-9.32479452467701E-5
3,29;380;586,-9.307306699500788E-5
3,340;473;885,9.300775827480464E-5
3,578;747;844,-9.276695813889049E-5
3,163;479;666,9.264296341916114E-5
3,435;489;592,-9.253359648920627E-5
3,32;585;842,-9.230246443454532E-5
3,763;779;928,9.207016887710722E-5
3,532;721;923,-9.189738193496886E-5
3,408;852;853,-9.179739733701084E-5
3,86;385;479,9.16974639832505E-5
3,462;477;704,-9.141473318332987E-5
3,269;483;865,9.134386276195233E-5
3,67;426;794,-9.132173534523028E-5
3,327;476;857,9.11641193839983E-5
3,163;284;786,9.094108539985079E-5
3,357;680;725,-9.067969180042032E-5
3,350;479;527,-9.048614837886813E-5
3,42;372;582,9.048591390240933E-5
3,190;401;600,-9.046362609285157E-5
3,37;179;737,-9.029599878543952E-5
3,136;318;385,-9.018519467199989E-5
3,31;449;452,8.972127261512068E-5
3,144;708;867,8.961138978204801E-5
3,70;480;928,-8.898215594735052E-5
3,22;121;772,8.874224279655631E-5
3,30;453;764,8.824277639420496E-5
3,33;501;693,8.816921423612201E-5
3,328;520;975,-8.81189553904394E-5
3,71;316;506,-8.79170875810631E-5
3,98;663;742,8.786487553259748E-5
3,9;81;770,-8.759846389964725E-5
3,462;748;820,-8.729045537114312E-5
3,137;146;217,8.714431061597786E-5
3,55;156;554,-8.689230835974771E-5
3,172;751;781,-8.669770841412447E-5
3,303;391;466,-8.665523971441892E-5
3,130;317;322,-8.6640326531069E-5
3,501;702;782,-8.630917685320258E-5
3,102;334;818,8.629971631290737E-5
3,266;308;539,-8.553874954938883E-5
3,699;738;883,8.539640276846719E-5
3,204;232;252,-8.528867647671926E-5
3,210;569;590,-8.519677934033004E-5
3,57;780;842,-8.514873136571287E-5
3,222;673;854,8.508366825096749E-5
3,10;284;544,-8.50416017232464E-5
3,22;187;229,8.502803161139071E-5
3,314;509;703,-8.416714845635713E-5
3,72;654;907,8.409858142461103E-5
3,80;353;362,-8.400901816094756E-5
3,105;457;914,-8.361974876903286E-5
3,174;469;582,-8.351472999281134E-5
3,134;411;890,-8.330304358158291E-5
3,53;314;965,8.31772805810562E-5
3,203;418;931,-8.308091657228218E-5
3,510;518;577,-8.300942636883748E-5
3,660;710;799,-8.283821724962552E-5
3,113;511;792,-8.27294129907742E-5
3,229;294;649,8.251204319467396E-5
3,284;500;933,-8.249345974225005E-5
3,52;236;675,8.176968613594485E-5
3,5;237;463,8.168387005980255E-5
3,362;745;955,-8.135015526698946E-5
3,895;896;915,8.10721764341745E-5
3,103;568;930,-8.103552252543122E-5
3,426;521;668,8.083962794536807E-5
3,165;328;541,8.080220308949265E-5
3,47;396;916,8.074816557264544E-5
3,130;829;924,8.070288198412732E-5
3,328;357;791,-8.069505226737549E-5
3,144;289;891,-8.04027683602282E-5
3,157;307;613,-8.034478850020372E-5
3,164;293;622,8.029463577717117E-5
3,537;728;738,8.02329211530221E-5
3,114;187;220,8.021878341729955E-5
3,127;140;554,-7.948532049824135E-5
3,7;236;809,7.930071669294347E-5
3,378;670;871,7.923198941737243E-5
3,462;802;818,-7.910716343253061E-5
3,228;344;373,-7.905222036965785E-5
3,374;464;640,7.90134161823146E-5
3,513;521;933,-7.889023925909988E-5
3,51;453;861,7.884956171313682E-5
3,416;747;833,-7.87936910982519E-5
3,117;289;546,7.872667171379711E-5
3,18;105;787,-7.843278543046261E-5
3,121;545;583,-7.840434581280853E-5
3,155;239;601,-7.787687864716575E-5
3,547;759;776,-7.765841608252714E-5
3,394;599;991,7.750614940102345E-5
3,377;525;853,-7.749955084374591E-5
3,45;48;981,7.738496891488182E-5
3,76;150;947,7.684627920508503E-5
3,299;390;497,7.667985294006191E-5
3,447;490;972,-7.646363158057224E-5
3,484;545;927,-7.616203395220466E-5
3,205;318;578,7.608395964184033E-5
3,172;625;828,-7.607246544192927E-5
3,81;553;577,-7.600383025711168E-5
3,122;576;948,-7.580552892386084E-5
3,20;278;942,-7.575536546151823E-5
3,212;296;407,-7.559241796827871E-5
3,129;147;588,-7.546263689012623E-5
3,138;608;887,7.538008230670919E-5
3,113;270;324,7.463024279659119E-5
3,126;609;644,-7.444070586150038E-5
3,386;551;962,-7.432654236359179E-5
3,214;222;688,-7.406001641678844E-5
3,507;514;613,7.388113843614163E-5
3,388;529;780,7.385696814702234E-5
3,162;419;493,-7.375576793199206E-5
3,796;801;998,-7.369469797511441E-5
3,508;550;846,7.35524666538923E-5
3,118;183;299,-7.312916779404443E-5
3,19;131;984,-7.310463335954668E-5
3,456;540;994,7.308656441948547E-5
3,196;747;917,7.299749290583956E-5
3,202;587;964,7.281751162913532E-5
3,44;317;568,-7.239801503171817E-5
3,260;394;592,-7.229102294208763E-5
3,127;824;859,-7.214458043813867E-5
3,311;576;586,-7.182206246246186E-5
3,726;789;856,-7.171976261854553E-5
3,500;562;882,7.106019992361876E-5
3,28;253;847,7.084185008521904E-5
3,224;859;861,-7.077198672922233E-5
3,173;661;770,-7.074535696072609E-5
3,24;630;973,-7.054031440097178E-5
3,96;297;507,-7.052000650849792E-5
3,346;560;613,-7.044238159926374E-5
3,54;317;946,7.040001069416896E-5
3,371;630;699,-7.022852122653046E-5
3,337;676;684,7.014733202079885E-5
3,57;111;123,7.002531524962704E-5
3,401;974;982,-6.996341514004981E-5
3,78;403;872,6.950510935859216E-5
3,529;905;987,-6.928104831355542E-5
3,69;390;958,6.887089368713743E-5
3,86;812;921,6.882359875943717E-5
3,213;818;973,-6.848086946279829E-5
3,498;648;755,6.847802513992083E-5
3,55;586;831,-6.831416432745439E-5
3,111;717;774,6.819478982088829E-5
3,126;328;544,6.780520110112542E-5
3,19;895;992,6.775037711724644E-5
3,185;394;715,6.751155382843697E-5
3,379;505;569,6.74805979325628E-5
3,307;444;601,6.737823835459236E-5
3,414;758;768,-6.73056315995761E-5
3,367;432;486,6.722895156122824E-5
3,492;606;909,-6.720035971414574E-5
3,440;627;991,-6.719811689669723E-5
3,35;268;694,-6.71639692735551E-5
3,221;418;873,-6.71241481190177E-5
3,145;532;766,6.69672328487241E-5
3,236;375;817,6.682420959352013E-5
3,249;547;930,-6.64595484210153E-5
3,222;600;862,-6.630857011154275E-5
3,373;486;591,6.624244668448344E-5
3,65;532;963,-6.408518656603094E-5
3,557;902;985,-6.397527315327677E-5
3,539;617;944,-6.386834659894915E-5
3,32;423;836,-6.377373698376992E-5
3,460;475;836,-6.311176862876238E-5
3,324;612;970,-6.287404002922662E-5
3,66;406;994,-6.2865597841616E-5
3,168;409;937,6.274371412324449E-5
3,279;340;619,6.254655973414103E-5
3,36;462;627,-6.252049939432509E-5
3,63;513;720,6.211740658909058E-5
3,154;505;978,-6.205792825018622E-5
3,42;358;465,6.187213456559272E-5
3,154;158;571,-6.187199096190931E-5
3,373;754;818,6.186647993179401E-5
3,498;839;861,6.1864520514307E-5
3,20;644;731,6.176829597024115E-5
3,8;110;836,6.168148409148006E-5
3,20;387;462,-6.164138884148734E-5
3,122;531;566,6.12491827374606E-5
3,11;676;968,6.111721668466868E-5
3,426;488;606,-6.111673008070381E-5
3,22;278;596,-6.084301128653326E-5
3,284;381;984,6.07936087072041E-5
3,681;694;971,-6.067529496956546E-5
3,267;279;448,6.044880178556063E-5
3,131;817;879,-6.0393272827303666E-5
3,351;736;754,-6.0287808987078973E-5
3,388;804;840,6.012887948480385E-5
3,220;429;626,-6.011790943341801E-5
3,253;283;355,-6.010910967104373E-5
3,152;359;496,-5.9958443946228694E-5
3,280;491;938,-5.985598450870629E-5
3,200;277;380,-5.9592451171862905E-5
3,798;831;941,5.954839653407414E-5
3,233;723;904,-5.93651869628702E-5
3,216;759;900,-5.926752994159453E-5
3,185;578;663,5.887131782760032E-5
3,140;592;606,5.884636919281848E-5
3,109;237;755,-5.871324267039754E-5
3,47;444;628,-5.857809149450086E-5
3,636;676;848,5.8529302954654684E-5
3,202;336;563,-5.848670411468515E-5
3,370;652;985,-5.787401691506364E-5
3,118;686;751,-5.7852577303861536E-5
3,215;411;750,5.76672617077719E-5
3,101;356;880,5.749578805212943E-5
3,2;201;864,5.738806174625391E-5
3,504;577;588,-5.728543746367984E-5
3,607;868;976,-5.7083785266455745E-5
3,87;569;733,-5.70069692493044E-5
3,99;445;756,-5.680916333321376E-5
3,306;613;871,-5.670127434787316E-5
3,392;776;921,5.668156528945839E-5
3,94;788;978,5.66129171179164E-5
3,51;210;523,-5.660919149982111E-5
3,16;427;531,-5.566607177036548E-5
3,98;821;879,5.530969368674588E-5
3,538;627;829,5.506514769200344E-5
3,194;915;985,-5.487880418362991E-5
3,214;338;395,-5.475933610860669E-5
3,132;156;778,-5.4629864061765485E-5
3,131;141;440,5.449466582518344E-5
3,412;725;806,5.432012296366844E-5
3,97;293;565,5.42976255239857E-5
3,156;835;948,-5.428850904272613E-5
3,255;549;731,-5.407149661489186E-5
3,548;611;890,-5.383399964697869E-5
3,418;706;990,-5.373545230503918E-5
3,258;429;882,-5.3717005174149724E-5
3,259;711;998,5.363944312824552E-5
3,676;919;932,5.358649172792508E-5
3,275;620;681,5.341485692826675E-5
3,330;847;936,-5.3221355859832396E-5
3,549;568;824,5.3167475467345266E-5
3,196;311;414,5.299610483848191E-5
3,333;719;842,-5.291879660946364E-5
3,200;521;855,5.262712010440368E-5
3,175;331;820,5.193604045062582E-5
3,286;371;922,5.170195392237791E-5
3,130;261;465,5.167732150087047E-5
3,95;395;651,5.165066281807656E-5
3,536;821;988,5.16260169867222E-5
3,235;241;608,-5.11634108491255E-5
3,121;481;883,-5.098162042581965E-5
3,762;791;877,5.030185339011495E-5
3,142;494;566,5.024074030048299E-5
3,99;487;959,-5.022507691056329E-5
3,237;347;605,-5.02114293407564E-5
3,264;507;769,5.013557568709033E-5
3,301;451;717,4.9905771667333484E-5
3,848;900;951,-4.983718653215702E-5
3,200;617;896,4.96915293774763E-5
3,169;283;297,-4.943747279259648E-5
3,33;144;197,4.93977308283761E-5
3,68;735;740,4.9367428529062926E-5
3,67;389;753,4.9256672236667825E-5
3,196;264;650,-4.925464883512067E-5
3,304;635;669,4.919987547419381E-5
3,595;945;988,-4.850363283063873E-5
3,488;537;916,4.829868357394927E-5
3,231;295;967,-4.822033876305444E-5
3,623;862;897,-4.7992591261156474E-5
3,288;685;839,4.789829774925486E-5
3,242;329;708,-4.780837084119119E-5
3,408;535;750,4.780282648297314E-5
3,133;488;614,-4.7280003294795346E-5
3,155;930;971,4.714900115538145E-5
3,179;338;510,4.7070272276679286E-5
3,153;831;983,-4.7024975995112964E-5
3,321;512;831,4.7012514098788066E-5
3,194;333;644,-4.695255016693954E-5
3,148;521;636,-4.691946704837183E-5
3,261;433;573,-4.690265153507699E-5
3,71;253;307,-4.6187006992508064E-5
3,191;769;975,4.5765915061006385E-5
3,315;439;540,-4.567822696008682E-5
3,57;512;826,-4.552672283181408E-5
3,398;594;952,-4.541280471827834E-5
3,121;575;758,-4.5104018257107266E-5
3,303;705;908,-4.5084766681603414E-5
3,198;542;797,-4.495991275953401E-5
3,179;255;419,-4.489803959103805E-5
3,258;700;998,-4.488882963770755E-5
3,349;651;676,4.482211390436146E-5
3,141;320;968,4.480813188302406E-5
3,432;553;772,-4.4694042045501096E-5
3,66;647;834,-4.464270612844572E-5
3,182;594;874,4.461557505594184E-5
3,128;424;898,4.4458121898902526E-5
3,8;565;952,4.441615868674567E-5
3,0;93;390,-4.436410836544658E-5
3,443;459;943,4.4291484330110726E-5
3,59;99;573,-4.3955677827714274E-5
3,167;276;535,4.366206663652714E-5
3,279;400;581,4.3159003346340916E-5
3,455;458;966,-4.308371468778456E-5
3,58;123;331,-4.277105557739372E-5
3,120;149;169,4.2428035554739147E-5
3,202;422;755,-4.229961104953772E-5
3,471;671;792,-4.198364160434438E-5
3,105;206;904,4.190637489132053E-5
3,356;543;990,-4.1874863578638706E-5
3,388;633;889,4.1816441061134244E-5
3,1;669;913,4.1086009571831615E-5
3,336;737;804,-4.10524217844806E-5
3,218;442;854,-4.0824449587152786E-5
3,614;810;878,-4.074397615745866E-5
3,645;749;979,-4.064776150027417E-5
3,75;87;863,-4.0530861490800016E-5
3,213;592;887,4.047805985552427E-5
3,72;447;460,4.035422599545725E-5
3,14;193;988,-4.0345828034081264E-5
3,603;610;744,4.021722963919115E-5
3,22;642;726,4.0100732875272634E-5
3,662;705;920,-3.955590054130255E-5
3,78;666;772,3.906988423706846E-5
3,35;217;572,3.888860197728497E-5
3,152;559;896,3.886786309557575E-5
3,137;301;494,-3.867568740005579E-5
3,406;499;809,-3.855304626460886E-5
3,421;661;889,3.841906979164343E-5
3,575;629;867,-3.837360910785606E-5
3,158;584;893,-3.8324142899688096E-5
3,686;739;961,-3.8210020494364115E-5
3,623;643;810,-3.800335003712713E-5
3,434;457;649,3.7979711025469435E-5
3,325;370;687,-3.789472990137649E-5
3,152;602;713,-3.772888291851022E-5
3,44;401;830,-3.764670576605056E-5
3,400;495;700,-3.7545328228740933E-5
3,172;582;858,3.74636094162535E-5
3,786;963;996,3.7208533808762086E-5
3,17;486;791,3.692678287867995E-5
3,185;874;967,-3.6485051900852635E-5
3,218;433;699,3.634347479208633E-5
3,56;640;786,3.6297183560387385E-5
3,334;674;850,3.5897737625417064E-5
3,483;691;941,3.582779790981186E-5
3,23;237;966,-3.555805084961031E-5
3,152;472;565,-3.5369798094002825E-5
3,106;498;752,-3.536063573620034E-5
3,112;143;714,-3.525483315084985E-5
3,452;521;913,3.5236639899195703E-5
3,61;398;428,3.504257131312029E-5
3,651;967;980,-3.484138091190936E-5
3,405;868;883,-3.474100422130458E-5
3,442;446;633,3.452283814954908E-5
3,64;500;920,3.448964798474749E-5
3,219;321;675,3.40270847830746E-5
3,286;338;514,3.369089856849955E-5
3,295;598;913,-3.357245226002019E-5
3,413;504;954,3.324367997795462E-5
3,451;542;608,-3.320955580584484E-5
3,246;745;882,3.311251716664468E-5
3,82;166;574,-3.303589516405059E-5
3,337;694;875,-3.293329122760239E-5
3,556;694;846,-3.2698729214434094E-5
3,366;572;760,-3.2521219109031445E-5
3,531;543;634,-3.215745774019774E-5
3,95;867;956,3.210925105242861E-5
3,83;628;903,3.181954926626353E-5
3,492;661;859,-3.17424584309617E-5
3,308;714;878,-3.158449635070146E-5
3,89;308;907,-3.157725908504541E-5
3,400;490;548,3.147390203012308E-5
3,351;670;708,-3.107086810728951E-5
3,406;585;873,-3.096934014073234E-5
3,442;529;538,-3.093595612966154E-5
3,251;323;770,-3.087977338756563E-5
3,53;198;782,-3.079499747910315E-5
3,370;580;916,-3.075674217696685E-5
3,199;307;834,-3.06285278792882E-5
3,268;459;911,3.061948934191133E-5
3,643;864;977,3.053822226931981E-5
3,464;495;557,-3.050565853897033E-5
3,96;330;706,3.0420192273885385E-5
3,556;697;937,-3.0363909961194937E-5
3,158;367;621,-3.031192283479589E-5
3,61;231;785,2.9637500145160992E-5
3,436;701;706,2.9451839994321966E-5
3,153;614;801,-2.9384876397546015E-5
3,171;189;269,2.9274588529265857E-5
3,70;182;192,2.9189084493184887E-5
3,285;444;813,2.8940044618224125E-5
3,122;147;664,-2.8816183528261985E-5
3,90;140;676,-2.8801347215597004E-5
3,127;715;988,-2.8537714163809624E-5
3,182;353;554,2.8532979766095953E-5
3,278;709;992,2.8472831090217118E-5
3,13;266;570,2.8274863847752408E-5
3,257;847;943,2.816549819852715E-5
3,391;520;848,2.815822894784738E-5
3,335;396;502,-2.8103761552913872E-5
3,279;549;591,-2.8045732696680383E-5
3,250;751;771,2.799223672442762E-5
3,452;557;884,2.7829278164825653E-5
3,156;514;672,2.7778238677557147E-5
3,7;246;307,2.7736847926740527E-5
3,229;252;695,-2.768729272291462E-5
3,59;248;585,2.7629190587063966E-5
3,247;543;866,-2.747523005540492E-5
3,179;576;974,2.7442818318696787E-5
3,480;644;716,2.7253170414619402E-5
3,415;767;955,2.7036665649501522E-5
3,265;684;929,2.7000268142783445E-5
3,71;210;322,-2.6954360147032856E-5
3,173;613;624,2.6733373501855908E-5
3,538;575;884,-2.626285087575596E-5
3,481;662;875,-2.615365629575267E-5
3,534;545;760,-2.5903027700308097E-5
3,6;339;556,-2.5378885637239404E-5
3,376;585;932,2.5123058283297445E-5
3,131;250;642,-2.4830971958037656E-5
3,559;584;674,-2.477106308705722E-5
3,84;93;256,-2.4583253831461304E-5
3,40;485;499,2.449408634735273E-5
3,135;462;982,-2.4328943270672727E-5
3,171;195;878,2.4282462014639517E-5
3,60;626;849,2.422874506220646E-5
3,30;53;145,-2.402809298982503E-5
3,15;663;962,-2.3962901804102197E-5
3,65;180;249,-2.3891659463283158E-5
3,24;99;290,2.3723017812686655E-5
3,73;354;683,2.3524509738167055E-5
3,25;638;964,-2.345760074038117E-5
3,333;477;745,-2.339851089379061E-5
3,224;659;674,2.3327723869979917E-5
3,243;334;437,2.3123416970424736E-5
3,154;419;449,2.3042642032390106E-5
3,122;253;746,-2.28990262488665E-5
3,536;858;913,-2.278679423090138E-5
3,173;563;866,2.273939027897465E-5
3,190;485;919,-2.2319263632673517E-5
3,486;575;679,2.2292991482759998E-5
3,94;465;526,2.2220290452011598E-5
3,515;747;808,2.22197828611683E-5
3,169;187;413,2.2094617722205766E-5
3,653;894;994,-2.2078129940758502E-5
3,141;341;771,2.1940769463023785E-5
3,138;203;892,2.1918867209132635E-5
3,561;652;903,2.1205111321614136E-5
3,141;752;834,2.1149081482931666E-5
3,304;386;613,2.1139381561004213E-5
3,259;719;723,2.11391486490254E-5
3,161;450;496,2.0567115760068948E-5
3,18;428;886,2.045008282338376E-5
3,303;465;857,-2.0136624746489556E-5
3,390;625;723,-2.0105013550116126E-5
3,103;125;360,1.985805687002451E-5
3,15;561;872,-1.9796208524067454E-5
3,27;232;371,1.9785388083767038E-5
3,83;219;676,-1.93515753033872E-5
3,568;636;866,-1.9331049141432814E-5
3,359;988;999,-1.9299110819812754E-5
3,138;399;990,1.928708328221769E-5
3,200;499;881,1.9221671462873917E-5
3,271;780;910,1.9141880886309844E-5
3,441;601;994,-1.9090291435802945E-5
3,63;466;986,-1.907925760688346E-5
3,345;577;960,-1.89657522156122E-5
3,67;637;965,-1.884718307801979E-5
3,487;716;910,1.883430469006263E-5
3,481;603;605,-1.8826609214771124E-5
3,318;632;977,-1.876718575437668E-5
3,226;717;817,-1.8735178831848472E-5
3,376;684;917,1.85492002773482E-5
3,99;325;951,1.8534610026869512E-5
3,296;441;586,-1.8533826920382968E-5
3,100;527;660,1.843057083152902E-5
3,44;482;648,-1.8406772019279108E-5
3,73;303;959,1.815117364975835E-5
3,45;539;764,1.7969630179248574E-5
3,382;657;766,-1.793094798314808E-5
3,336;348;490,1.760399059075657E-5
3,417;522;947,1.7411566854655683E-5
3,16;670;921,-1.7351058340661695E-5
3,186;343;645,1.7339563159622415E-5
3,101;919;924,1.7240950533386103E-5
3,517;808;888,-1.7238066903747448E-5
3,146;405;759,1.7117570964518492E-5
3,241;349;911,-1.7059553058840465E-5
3,128;528;722,1.6789505665118083E-5
3,391;541;873,1.64619346083454E-5
3,207;441;835,1.6073923769196974E-5
3,525;658;734,1.597161061239441E-5
3,491;601;915,1.5938232184482814E-5
3,369;543;721,1.558677833033989E-5
3,209;416;984,1.5576696521152262E-5
3,170;231;264,1.5566688284338882E-5
3,416;436;451,-1.5446346793984613E-5
3,202;782;832,-1.537315038353905E-5
3,177;439;516,1.5175787072275001E-5
3,378;408;761,1.5144085335730265E-5
3,185;579;989,-1.5110947391995367E-5
3,271;332;955,-1.460210159449539E-5
3,13;339;790,1.4497941562851406E-5
3,281;375;713,1.4294087370997008E-5
3,23;221;820,1.4238952820702256E-5
3,490;544;578,-1.4163424125690953E-5
3,514;593;594,-1.4035928926097993E-5
3,266;465;675,1.3561932010035555E-5
3,105;141;384,1.3469699531850732E-5
3,243;732;939,1.335129413207549E-5
3,66;455;975,1.3155191717895198E-5
3,236;291;623,-1.3099713199456659E-5
3,338;773;862,1.3012377918488125E-5
3,15;100;419,-1.2829172226620015E-5
3,79;620;807,-1.2717559658893485E-5
3,120;151;957,-1.2351865707169771E-5
3,231;246;731,1.2304824230518902E-5
3,58;117;689,1.229032421758601E-5
3,53;340;584,-1.2266861719396894E-5
3,20;829;897,-1.2172712932828066E-5
3,92;525;616,-1.2110747991337059E-5
3,317;389;926,1.2079259942007398E-5
3,170;247;386,-1.1648085541345735E-5
3,621;822;982,-1.1612840037821649E-5
3,5;253;657,-1.153626173136696E-5
3,11;597;889,1.1533610032234201E-5
3,77;708;859,1.1428836221464748E-5
3,3;348;714,-1.1382310917497002E-5
3,41;252;794,-1.1266872385904459E-5
3,43;97;322,-1.125508402784664E-5
3,21;167;648,1.1189036528094276E-5
3,321;491;575,1.1000206878236579E-5
3,10;500;917,-1.0950677546984255E-5
3,412;751;816,1.0949927268139232E-5
3,611;696;999,-1.0783264760800438E-5
3,91;731;738,1.0736454693997852E-5
3,37;93;362,-1.0689026728113242E-5
3,85;148;678,1.06270117073472E-5
3,669;924;965,1.0462200656454674E-5
3,328;658;664,-1.0399799940735963E-5
3,14;48;880,1.0210385372707797E-5
3,491;630;647,-9.957130709652513E-6
3,66;338;754,9.577360057071425E-6
3,826;858;961,-9.559135508908342E-6
3,507;622;750,9.557142238947547E-6
3,16;356;498,9.445473979813435E-6
3,11;521;883,9.419250791842262E-6
3,405;546;816,-9.095337672040877E-6
3,80;125;468,-9.094020241132844E-6
3,515;537;917,-9.088597744596347E-6
3,169;193;334,8.968822510258407E-6
3,463;502;815,8.96406855586622E-6
3,471;545;925,8.876695585384689E-6
3,158;239;837,-8.866462355206079E-6
3,104;388;692,-8.605417426423401E-6
3,274;351;560,-8.394566096920437E-6
3,265;491;732,-8.331535491053352E-6
3,34;263;518,8.213102534014708E-6
3,283;352;373,7.992873941200143E-6
3,79;577;852,-7.945681409624622E-6
3,323;386;474,-7.78977077465219E-6
3,177;730;772,7.563060951910727E-6
3,42;305;987,-7.230484049199168E-6
3,155;458;924,-7.093987283823391E-6
3,115;454;794,-7.00371183055755E-6
3,31;354;420,-6.8819685049094496E-6
3,88;292;312,6.420314685008727E-6
3,387;710;883,-5.672296662888987E-6
3,400;845;954,-5.662293100496748E-6
3,634;660;884,-5.644113711704466E-6
3,104;474;902,5.64384320153534E-6
3,98;378;697,5.603192433113053E-6
3,42;141;916,5.411028992443293E-6
3,524;669;682,-5.2959629672425375E-6
3,490;651;737,-5.238643149005504E-6
3,79;188;272,-4.970749836598315E-6
3,153;167;584,4.944664428616768E-6
3,10;380;908,-4.730667431321459E-6
3,142;692;744,4.527979759570159E-6
3,281;659;845,4.392614270178105E-6
3,486;726;899,4.302818768405964E-6
3,372;534;788,-4.113058018540519E-6
3,104;325;712,-4.0382479307922856E-6
3,503;749;969,3.946812118152746E-6
3,60;217;455,-3.932308590801515E-6
3,56;192;238,-3.777362538588264E-6
3,679;851;892,3.7646270174917784E-6
3,427;732;760,-3.5696900792187988E-6
3,69;93;588,3.3918613151193296E-6
3,136;640;893,3.316018342816765E-6
3,72;753;889,-3.19469537372194E-6
3,808;833;989,3.126673949499351E-6
3,744;814;960,-3.085963961209623E-6
3,67;87;479,-3.0670576439592453E-6
3,621;853;918,-3.0593253363309647E-6
3,37;872;975,2.988190518067424E-6
3,76;762;800,-2.8675189270925826E-6
3,107;442;868,2.8659352031911167E-6
3,299;741;863,2.7914516386062655E-6
3,151;161;257,-2.437074454172794E-6
3,319;405;537,-2.4243185197386083E-6
3,300;347;582,-2.3224031014647955E-6
3,303;723;911,-2.316373289645998E-6
3,234;451;641,1.6296013953138595E-6
3,272;783;953,1.3704321586234802E-6
3,331;703;933,1.2333153370113758E-6
3,35;63;461,-1.2213647909429804E-6
3,447;646;912,-1.2099413486635623E-6
3,331;336;864,1.2079886508021138E-6
3,5;613;677,1.1327207621260604E-6
3,562;933;935,1.1320276189586975E-6
3,382;384;768,1.0854790855031883E-6
3,93;380;401,-8.028283669976738E-7
3,689;712;716,6.928994835997543E-7
3,12;103;550,6.304755719417215E-7
3,500;748;950,4.866190729721081E-7
3,374;394;704,3.2101750302114543E-7
3,274;724;797,-1.672901331406934E-7
