order,indices,coefficient
0,,0.49692574134962136
1,127,-9.306445865020535E-4
1,244,7.965989726150143E-4
1,63,7.283686388315027E-4
1,186,7.094813364780199E-4
1,482,-7.075174153150947E-4
1,486,-7.06494110964869E-4
1,173,-6.929561192022031E-4
1,410,6.804603499019677E-4
1,474,6.675965952199247E-4
1,276,6.564867471324486E-4
1,239,6.545366303937289E-4
1,341,6.47308861908035E-4
1,4,6.274463088686917E-4
1,460,-6.224535836708497E-4
1,377,6.148922445990764E-4
1,21,-6.076117160429895E-4
1,243,6.062285932363674E-4
1,117,-6.030320324233573E-4
1,182,-6.003766653339221E-4
1,344,5.90598238319027E-4
1,33,-5.778849432895839E-4
1,462,5.776038489974819E-4
1,383,5.565099745605497E-4
1,473,5.527438357086507E-4
1,454,5.450568522804961E-4
1,47,-5.365040933855463E-4
1,199,5.351388944707378E-4
1,46,-5.343473064505095E-4
1,352,5.309335541398237E-4
1,103,-5.294667224866229E-4
1,427,-5.28486892846402E-4
1,24,5.269177220051873E-4
1,115,-5.233279352697862E-4
1,176,5.170551265559742E-4
1,88,5.164215248036719E-4
1,362,-5.130798009285692E-4
1,472,-5.125399833319167E-4
1,95,-5.109635322230195E-4
1,193,5.092520691922003E-4
1,100,-5.076896396545061E-4
1,196,5.031329612883872E-4
1,319,5.026839135822449E-4
1,487,5.022686925349981E-4
1,159,4.97823050107967E-4
1,261,4.91801984636574E-4
1,104,4.876336090300035E-4
1,378,4.8730036197940606E-4
1,461,-4.851172165646958E-4
1,295,4.8367848593963226E-4
1,92,-4.800625291121197E-4
1,44,-4.602437065592558E-4
1,150,4.5929623450307775E-4
1,440,4.533450422709481E-4
1,311,-4.511525713033592E-4
1,471,4.4811188611421847E-4
1,181,4.480581313490969E-4
1,17,4.479809498747834E-4
1,64,4.472471900894597E-4
1,312,4.4645191043224543E-4
1,444,-4.462099136169337E-4
1,167,4.4569709034923715E-4
1,407,-4.4340154438115377E-4
1,416,4.424292146016796E-4
1,428,-4.415186499155359E-4
1,20,-4.3794076709256075E-4
1,245,-4.3138293785176756E-4
1,213,-4.27504946836375E-4
1,157,-4.2730578445021974E-4
1,105,-4.263111770858682E-4
1,286,4.246242037624659E-4
1,149,-4.2256332958036006E-4
1,5,4.160245507346662E-4
1,453,-4.1495233196682025E-4
1,61,4.1382864673218276E-4
1,60,-4.1328723373325766E-4
1,195,-4.1236782887242205E-4
1,114,-4.066662646223076E-4
1,360,4.061437689449442E-4
1,331,-4.0545656616548174E-4
1,23,-4.0448149138800574E-4
1,80,-4.0407623396044706E-4
1,112,-3.955619243150646E-4
1,376,3.8897964319002177E-4
1,198,3.877332135781257E-4
1,109,-3.8764708943486785E-4
1,417,3.8445168994062336E-4
1,387,3.8401096326108126E-4
1,369,3.8099720347460977E-4
1,288,-3.779025600877415E-4
1,19,3.7768777866880216E-4
1,499,3.77237020446844E-4
1,234,3.7712487529272844E-4
1,40,3.727149742692438E-4
1,56,-3.7082217241967666E-4
1,493,3.6970572941955206E-4
1,111,-3.6841040874955585E-4
1,388,3.6789316656633873E-4
1,120,-3.658417635041885E-4
1,147,3.648848737842387E-4
1,405,3.6293120973008344E-4
1,137,3.6249339935539806E-4
1,1,-3.6149592800259836E-4
1,45,3.610089485388443E-4
1,380,-3.605762128544772E-4
1,237,-3.5981424876069555E-4
1,227,3.5845072990881824E-4
1,28,-3.555942843392842E-4
1,31,-3.5367888817289744E-4
1,426,3.53348719364913E-4
1,158,-3.514820438449451E-4
1,361,3.4907167159792403E-4
1,231,3.4840945046036345E-4
1,203,3.4575336959498794E-4
1,265,-3.43772904583445E-4
1,138,3.4178456505208664E-4
1,479,-3.410744025395243E-4
1,329,3.397375350671993E-4
1,15,3.391260021585505E-4
1,389,-3.3855158421682496E-4
1,266,-3.344582887940671E-4
1,178,-3.2641367740937394E-4
1,38,-3.2639141418833195E-4
1,260,-3.2614512862852435E-4
1,438,-3.214455024731653E-4
1,314,-3.1996362275952227E-4
1,183,3.1974430133309683E-4
1,216,3.179921205076635E-4
1,222,-3.1413535407458026E-4
1,337,-3.051355345521264E-4
1,484,2.979780122256226E-4
1,145,2.979549488319107E-4
1,255,2.975806708808031E-4
1,125,-2.9562945227279983E-4
1,320,-2.9310248469109526E-4
1,75,-2.917247816121953E-4
1,283,-2.910918451857207E-4
1,226,-2.8720366610940535E-4
1,58,-2.8400711056018104E-4
1,224,-2.819036713016536E-4
1,448,-2.8170935528166156E-4
1,107,-2.770904655544433E-4
1,262,2.7607509099065764E-4
1,443,2.7596024359694525E-4
1,468,-2.7242388470051493E-4
1,358,2.7157792711147196E-4
1,466,2.698700113353364E-4
1,174,-2.6962434135640884E-4
1,301,2.6936724329745045E-4
1,192,-2.6777795717987884E-4
1,30,2.643885456552866E-4
1,463,-2.642856487508344E-4
1,282,-2.635648714280862E-4
1,372,2.6202815921257415E-4
1,293,-2.616667353194258E-4
1,447,2.614992286889261E-4
1,190,2.601196218682043E-4
1,34,2.5987939776609916E-4
1,172,-2.5697013977766E-4
1,191,-2.5668336019917074E-4
1,414,2.566832981071948E-4
1,116,-2.540851319548845E-4
1,83,-2.5214658079030855E-4
1,421,2.509430832989495E-4
1,163,2.5072353486150855E-4
1,70,2.494485218323875E-4
1,432,2.479977463813739E-4
1,347,2.466550150378832E-4
1,98,-2.4219918811007557E-4
1,368,-2.4060785119128585E-4
1,25,2.397288257833692E-4
1,59,-2.3933459095716152E-4
1,126,-2.3932592849639834E-4
1,446,2.3729668350181205E-4
1,143,2.3598980932259972E-4
1,391,-2.3565723183980062E-4
1,489,2.3450745217104628E-4
1,79,2.3366960289995876E-4
1,494,-2.2932701174063836E-4
1,223,2.289266557220587E-4
1,400,-2.2869816254932418E-4
1,130,-2.2859798607515808E-4
1,422,-2.2852949504072428E-4
1,54,2.2745237023548122E-4
1,10,2.2739089957883395E-4
1,349,2.271047983840848E-4
1,202,2.2655053292943567E-4
1,384,-2.2621004106162325E-4
1,85,-2.2393393956248017E-4
1,345,-2.2371149127990464E-4
1,364,2.2302791840487468E-4
1,26,-2.2204421111128253E-4
1,2,-2.2166017650434444E-4
1,242,2.2091931073566374E-4
1,439,2.204556943484357E-4
1,160,2.2018480050031578E-4
1,296,2.1995218915704152E-4
1,316,2.1729150628087168E-4
1,285,2.165011374556563E-4
1,303,2.154844151626574E-4
1,39,2.1467982057795255E-4
1,284,2.141431404478897E-4
1,373,-2.1377017910033757E-4
1,235,-2.1339717944810163E-4
1,258,2.133327918054801E-4
1,250,-2.1224314429581085E-4
1,212,2.1071823975376446E-4
1,294,2.106851653727719E-4
1,335,2.102110832985279E-4
1,71,-2.0931744214394907E-4
1,338,-2.0859471505591125E-4
1,351,2.0851870929583738E-4
1,419,-2.075405485085941E-4
1,342,-2.0724051122201999E-4
1,84,-2.072200688443495E-4
1,381,-2.0685813828466576E-4
1,263,2.067433827320861E-4
1,390,2.0560245648454793E-4
1,334,2.0503058898668221E-4
1,121,-2.0487119728424352E-4
1,165,2.0484786134535482E-4
1,86,-2.0425356167094022E-4
1,9,2.0356306819046256E-4
1,267,-2.0322953522395335E-4
1,470,2.028963899354639E-4
1,11,-2.0277110657415556E-4
1,43,-2.021129944094283E-4
1,81,2.0105986364128136E-4
1,253,2.0101333636387845E-4
1,217,2.0100380002457304E-4
1,91,2.0038997401276073E-4
1,423,-2.0025772032981282E-4
1,272,-1.9814843209746985E-4
1,313,-1.975401976089992E-4
1,51,1.9751782096283555E-4
1,171,-1.9584751715658524E-4
1,119,-1.948398836379734E-4
1,275,-1.9452425949029498E-4
1,48,1.9448600970275022E-4
1,457,-1.9357514612206332E-4
1,488,-1.921301306182917E-4
1,96,1.8887717494440515E-4
1,29,-1.8802318099865923E-4
1,132,-1.8751474063840703E-4
1,214,1.8648089577382872E-4
1,290,1.8615164895639347E-4
1,146,-1.8559222249078078E-4
1,363,1.8431411639016816E-4
1,434,1.8344663677038076E-4
1,306,-1.8114110904613568E-4
1,412,1.8003762439155837E-4
1,393,-1.8000815824212202E-4
1,144,-1.7852877435244036E-4
1,230,1.783241499369249E-4
1,354,1.7684441290878039E-4
1,449,-1.7656508490365453E-4
1,108,1.753580974557612E-4
1,353,1.74996101998497E-4
1,386,1.7086876632282593E-4
1,248,1.6979323756718522E-4
1,459,1.6880390068535958E-4
1,209,1.674413538710644E-4
1,379,-1.6627746346213157E-4
1,77,-1.6490675816761087E-4
1,322,-1.647259982286236E-4
1,433,-1.6350288542293397E-4
1,136,-1.6349545429271387E-4
1,431,1.6263159593986033E-4
1,333,1.6179296363060745E-4
1,323,1.613469592482698E-4
1,302,-1.6111363120128837E-4
1,339,-1.59505096142942E-4
1,3,1.5853113886527735E-4
1,141,-1.5777234471536227E-4
1,236,1.561578454236937E-4
1,187,-1.5575041263905936E-4
1,441,1.5514672956748492E-4
1,41,1.5377723453818107E-4
1,298,-1.5290005763540204E-4
1,185,-1.5285833637441237E-4
1,492,-1.5148782243188977E-4
1,246,-1.5136006695790812E-4
1,411,1.511427360570399E-4
1,456,-1.50931407990308E-4
1,35,-1.5065272242153466E-4
1,310,1.4979351669018015E-4
1,215,-1.497613281590307E-4
1,254,1.4842776306788475E-4
1,413,1.4785323273643815E-4
1,278,-1.4736551173684E-4
1,177,-1.4715694282014285E-4
1,57,-1.4689113786681406E-4
1,169,-1.4668039080785163E-4
1,367,1.4565585387334357E-4
1,123,-1.437008504595868E-4
1,495,-1.4202071471958554E-4
1,69,1.41743518833148E-4
1,476,-1.4079014339441926E-4
1,370,1.3871190273792697E-4
1,478,1.3851160672880981E-4
1,170,-1.381696254044188E-4
1,485,1.3816699391998855E-4
1,14,1.3724033864873919E-4
1,168,1.370739994131064E-4
1,365,1.358387625844654E-4
1,281,1.3545530259431084E-4
1,309,-1.3536517232536494E-4
1,437,-1.3440539315374915E-4
1,129,1.3397338906097285E-4
1,90,-1.3363628651273074E-4
1,218,1.3363216804622178E-4
1,219,-1.3230544482856712E-4
1,396,-1.3195561614019952E-4
1,179,1.3190486531394204E-4
1,142,-1.318529135539751E-4
1,289,1.3022821594752332E-4
1,317,1.3016174263764886E-4
1,201,-1.2996737701164495E-4
1,464,-1.2929883775855051E-4
1,402,1.2889149190918497E-4
1,180,1.2729833970383006E-4
1,318,1.271246830958543E-4
1,118,1.2584321925566E-4
1,401,-1.2463057294212411E-4
1,430,1.242622444020233E-4
1,346,1.242241911429623E-4
1,273,1.2344402388691353E-4
1,73,-1.2334361838551254E-4
1,350,1.2240347322396434E-4
1,133,-1.2122852132629545E-4
1,477,1.2084208401663941E-4
1,326,1.2007255145200178E-4
1,204,1.1998974052740255E-4
1,207,1.1860735667897355E-4
1,480,1.1826850929408667E-4
1,490,1.1804559699771778E-4
1,113,1.1774870354002268E-4
1,321,-1.1693643427824197E-4
1,287,-1.1671008292856378E-4
1,467,1.1602838840010383E-4
1,465,1.1497431430311159E-4
1,72,-1.1392844510560451E-4
1,304,1.1376171679459897E-4
1,200,-1.1229708748476581E-4
1,408,1.0971553695339844E-4
1,22,-1.0558175779015069E-4
1,392,-1.0117143260982842E-4
1,42,-1.0000744083615567E-4
1,152,9.974024486754457E-5
1,7,9.75530035908139E-5
1,359,-9.740278493299686E-5
1,208,-9.7139109172561E-5
1,210,9.660907946360397E-5
1,315,9.583527768413509E-5
1,458,-9.531704148981273E-5
1,269,-9.52276453099128E-5
1,102,-9.513834772904983E-5
1,455,9.506218745587766E-5
1,256,-9.464285383839543E-5
1,452,-9.010614673813879E-5
1,340,8.997177628335672E-5
1,74,-8.992846467943349E-5
1,32,8.813396370723484E-5
1,268,-8.813292391328861E-5
1,82,-8.8033833799649E-5
1,238,8.80155250254066E-5
1,395,8.743253938048767E-5
1,99,-8.71001752887736E-5
1,101,-8.510268501210047E-5
1,55,8.50561898969297E-5
1,16,8.478860771277156E-5
1,292,-8.468531824118966E-5
1,251,-8.46649998027064E-5
1,188,8.389942006876306E-5
1,497,8.376985682069646E-5
1,184,-8.323163608939451E-5
1,65,8.318869991690046E-5
1,305,-8.29759787197806E-5
1,164,8.28471506002836E-5
1,403,-8.231343407703187E-5
1,406,7.959755329578853E-5
1,355,-7.848652692728508E-5
1,162,7.839990205637737E-5
1,221,-7.771144746564946E-5
1,122,-7.733486939225925E-5
1,300,-7.578344198179103E-5
1,270,-7.477927229969693E-5
1,252,-7.460215764384306E-5
1,491,7.414798916425679E-5
1,8,7.401240763036473E-5
1,425,7.327016858026532E-5
1,409,-7.325820056866222E-5
1,6,7.265740156238545E-5
1,131,7.25038116757031E-5
1,228,-7.219923158952862E-5
1,420,-7.215766575234031E-5
1,18,7.12949592642047E-5
1,134,-7.045058229379458E-5
1,356,-7.033818058946598E-5
1,37,7.007694310130465E-5
1,166,-6.990672276549561E-5
1,68,6.845087076520862E-5
1,475,6.818999088641188E-5
1,161,-6.735792640753185E-5
1,415,-6.664557439437306E-5
1,418,6.585653294404908E-5
1,154,6.369724548463522E-5
1,435,-6.286166502092878E-5
1,398,-6.224194852451334E-5
1,264,6.105618827495729E-5
1,332,-6.024988738654297E-5
1,78,-5.986758448751592E-5
1,397,-5.895794217615169E-5
1,357,5.859483042809992E-5
1,336,-5.7062646134615284E-5
1,450,5.705579471445109E-5
1,271,-5.532908318547164E-5
1,139,-5.504430097212701E-5
1,151,5.2542682436861496E-5
1,93,-5.215000739362524E-5
1,49,5.1071731142774565E-5
1,327,5.013894039153628E-5
1,382,-4.9887151416411316E-5
1,197,4.9614973145303276E-5
1,156,-4.830825891668711E-5
1,233,4.819161370481301E-5
1,445,-4.795536866331708E-5
1,229,4.787243267587596E-5
1,53,4.771140090115661E-5
1,483,4.7136400230865265E-5
1,89,-4.585014812824964E-5
1,307,-4.551431491687408E-5
1,375,4.494221180429575E-5
1,274,4.472161366258923E-5
1,325,4.448943867553812E-5
1,148,4.3797811657024456E-5
1,110,4.377726344540288E-5
1,140,4.3677783317920824E-5
1,328,4.362471787443349E-5
1,27,-4.285577702648219E-5
1,0,4.099791438795714E-5
1,481,-4.043447233406472E-5
1,257,-3.650397262901856E-5
1,297,3.5997218128991955E-5
1,308,3.5574459677829216E-5
1,67,3.542689297378948E-5
1,451,3.3705357572793196E-5
1,124,-3.299478436345131E-5
1,175,3.297209359689843E-5
1,291,-3.2574459648727226E-5
1,135,-3.2163205102206286E-5
1,194,3.121941302406936E-5
1,62,3.1098233746974155E-5
1,277,3.0830518382282386E-5
1,232,2.9724989858661304E-5
1,36,-2.837143149948952E-5
1,404,2.7850892567738025E-5
1,330,2.76998177111117E-5
1,299,-2.7646802608550624E-5
1,385,-2.688955270664857E-5
1,97,-2.5576738367816792E-5
1,153,-2.4282878868880892E-5
1,52,-2.3410580525930286E-5
1,496,2.2143850430338328E-5
1,249,2.0512578365434493E-5
1,240,-2.0472194810720655E-5
1,324,-2.0265385222477144E-5
1,211,1.9991289000154024E-5
1,128,1.9790025001337865E-5
1,94,-1.8090625366099123E-5
1,106,-1.6086782990696478E-5
1,205,-1.5789969743581017E-5
1,348,1.5523978725886123E-5
1,189,1.485299992228084E-5
1,12,-1.4625873788919732E-5
1,66,1.4122225519271197E-5
1,259,1.3158510500542357E-5
1,279,1.3088311275516616E-5
1,87,-1.2636445927703411E-5
1,371,-1.1360487523700961E-5
1,155,-1.1232085613326199E-5
1,13,-1.0080965085230417E-5
1,442,9.78218722788235E-6
1,225,-7.795615115162247E-6
1,241,7.308151668936003E-6
1,247,-7.117232442406529E-6
1,429,7.0430978463468934E-6
1,76,7.0396223890193404E-6
1,280,5.58127600284028E-6
1,424,-5.570486867164298E-6
1,206,-5.529396833395456E-6
1,366,-4.674648773110329E-6
1,399,-4.2402595547368775E-6
1,498,-3.575166626318252E-6
1,394,3.4008054812947886E-6
1,343,-3.36370187047913E-6
1,50,2.318883903342006E-6
1,220,-1.491382222502266E-6
1,374,-1.3356173412646665E-6
1,469,8.732991245218036E-7
1,436,-6.29160697363712E-7
2,1;293,5.498743152477665E-4
2,51;98,-4.667511672441964E-4
2,27;111,4.6299463399015073E-4
2,254;359,-4.5425080566677246E-4
2,201;387,-4.5368054605362103E-4
2,257;349,4.4692280972690075E-4
2,21;24,4.150883413938653E-4
2,194;453,-4.1443757431202657E-4
2,372;492,-4.0435545223992537E-4
2,255;353,-3.970705800983417E-4
2,182;495,-3.962149673683586E-4
2,211;320,-3.944773979377823E-4
2,318;496,-3.9235397727090647E-4
2,129;422,-3.861905113796708E-4
2,254;353,3.818429525162337E-4
2,106;154,-3.8182233374451735E-4
2,272;301,3.7861057943380284E-4
2,16;166,3.7780219201885546E-4
2,228;464,3.7700210993992867E-4
2,421;468,3.7602629347726924E-4
2,50;74,3.759762863504137E-4
2,131;434,3.747989547696943E-4
2,94;205,3.7191239326920085E-4
2,257;305,3.7114027518564185E-4
2,103;469,3.7090974423464515E-4
2,124;308,-3.69649223560017E-4
2,112;412,-3.6936482319476925E-4
2,389;414,-3.68981158449626E-4
2,147;175,-3.6672904136792795E-4
2,395;399,-3.6577990311075057E-4
2,93;226,-3.6450578485446895E-4
2,130;278,3.593124284893255E-4
2,238;281,3.5878428700300324E-4
2,87;203,-3.5696515765401863E-4
2,33;262,3.557342076919517E-4
2,16;134,3.555521321637289E-4
2,167;320,3.54730358840043E-4
2,34;156,-3.4674876176718586E-4
2,16;291,3.4477367385171687E-4
2,80;254,-3.435128810130421E-4
2,119;248,-3.430478445270255E-4
2,89;436,-3.4275448831483043E-4
2,261;453,3.4274644727440073E-4
2,85;316,-3.42266936716921E-4
2,51;249,-3.422027551196222E-4
2,194;353,-3.4144089422784464E-4
2,18;379,-3.4106348953211174E-4
2,246;284,3.40711675851377E-4
2,252;344,-3.396508253885113E-4
2,135;146,-3.394211254850545E-4
2,298;463,3.367829894335056E-4
2,244;404,-3.363970159257019E-4
2,172;303,-3.359510752195971E-4
2,73;215,-3.354355829224788E-4
2,221;388,-3.349003740679372E-4
2,83;406,-3.329678498077535E-4
2,74;487,3.327471227665211E-4
2,67;405,3.3132980193077943E-4
2,135;276,-3.312502358839437E-4
2,23;198,3.305869950211406E-4
2,173;231,-3.3022824112551773E-4
2,63;405,-3.298989056457188E-4
2,116;157,3.2955640068370784E-4
2,25;445,3.2827690639984853E-4
2,179;292,-3.275977977150344E-4
2,101;279,-3.2758269770353366E-4
2,265;424,-3.2745046509799984E-4
2,355;381,3.2652414493597107E-4
2,240;493,-3.25818690659356E-4
2,200;364,-3.255574001085281E-4
2,191;219,3.2514725789749434E-4
2,47;443,-3.250146922222307E-4
2,281;329,-3.2402577473774046E-4
2,101;356,-3.238737162170093E-4
2,266;326,3.237757781628555E-4
2,181;205,-3.230873654438375E-4
2,178;380,3.2210621346817305E-4
2,16;156,3.218509532676102E-4
2,142;241,3.2122796649435687E-4
2,424;480,3.204620593376854E-4
2,33;315,-3.204535621678904E-4
2,377;380,3.2033864267306557E-4
2,338;365,-3.201561645567936E-4
2,375;458,-3.200628781793812E-4
2,367;489,-3.2002048329540594E-4
2,125;263,-3.1995852970048146E-4
2,355;362,-3.199264917689656E-4
2,133;449,3.1959844955241004E-4
2,147;187,-3.195313636408624E-4
2,241;330,3.195170030224489E-4
2,313;382,-3.1944202956308833E-4
2,170;285,3.184545390380849E-4
2,205;359,-3.1821754307318086E-4
2,197;485,-3.177749693364454E-4
2,362;421,3.177524220310771E-4
2,173;182,-3.175821099990602E-4
2,43;120,3.1722141859042335E-4
2,66;276,-3.1601039832410556E-4
2,316;425,3.158475434697509E-4
2,465;470,3.1576429090437704E-4
2,19;170,-3.134500216533135E-4
2,24;417,-3.1274479571053257E-4
2,61;453,-3.1265503432410915E-4
2,55;130,3.126101138314687E-4
2,241;384,-3.1045639877018037E-4
2,4;478,-3.1015892472283763E-4
2,94;121,-3.1013619228744587E-4
2,132;228,3.0923433703944125E-4
2,31;443,3.08197807145805E-4
2,311;451,-3.0781611796068585E-4
2,268;312,-3.064997695277061E-4
2,100;103,-3.0625627250974684E-4
2,228;422,3.059027828015719E-4
2,66;83,-3.056687214417666E-4
2,326;341,-3.048768902278284E-4
2,78;202,3.044284058962775E-4
2,33;161,3.035807848002556E-4
2,327;466,-3.032765195234103E-4
2,167;202,-3.023171752449017E-4
2,400;474,3.022873508078805E-4
2,106;429,3.0201407814645065E-4
2,358;465,3.016067611664717E-4
2,31;456,3.0120121876918426E-4
2,31;114,-3.0106594060230133E-4
2,58;172,-3.0081801312953376E-4
2,19;271,2.998729820970188E-4
2,213;253,-2.993980711178194E-4
2,20;361,-2.99227683102273E-4
2,130;228,2.9909016645467243E-4
2,340;434,-2.967238226322945E-4
2,121;267,2.95866384097912E-4
2,96;448,-2.9531747859450313E-4
2,149;487,-2.952973007434811E-4
2,89;318,-2.9465894224312705E-4
2,358;448,-2.9455935888736846E-4
2,10;410,-2.9358939612139255E-4
2,274;294,-2.9350723703831474E-4
2,118;370,-2.93182570669542E-4
2,234;244,-2.9311534618183823E-4
2,281;446,-2.930755662398596E-4
2,47;204,2.921919258116189E-4
2,5;153,-2.914749228139586E-4
2,158;175,2.911956608020826E-4
2,171;367,-2.9081700064467894E-4
2,26;87,-2.9075612399114025E-4
2,45;117,-2.9030326764422547E-4
2,122;347,2.900678163370589E-4
2,150;210,2.9002502384294364E-4
2,358;390,-2.897419181956354E-4
2,19;175,2.883328861635335E-4
2,6;428,-2.879568342905631E-4
2,54;489,2.87584362051983E-4
2,31;101,-2.85206593440925E-4
2,393;464,2.851994462086908E-4
2,355;451,2.8419225979321136E-4
2,160;320,2.8387516771685543E-4
2,179;311,-2.8386322455126504E-4
2,75;459,-2.8360237376405994E-4
2,142;494,-2.834357219427806E-4
2,362;422,-2.832361559468484E-4
2,204;264,2.826090380848938E-4
2,283;438,-2.816831461612538E-4
2,203;255,-2.8162293278469506E-4
2,65;158,-2.8107317610678607E-4
2,19;370,2.8094024038686436E-4
2,277;476,-2.807385871567617E-4
2,411;420,-2.8023924220574623E-4
2,22;142,2.8022949161676553E-4
2,468;491,-2.792678031893291E-4
2,47;245,2.792193214600082E-4
2,214;314,-2.7831604458750846E-4
2,45;173,-2.781978857720369E-4
2,56;438,2.780367596288088E-4
2,79;118,2.7718691349871093E-4
2,107;450,2.769292616615163E-4
2,12;135,-2.7671327208286713E-4
2,412;490,-2.763798712883991E-4
2,142;227,-2.761034863886143E-4
2,144;443,-2.734918333089825E-4
2,181;277,-2.7250338126947433E-4
2,48;107,2.7233994771484364E-4
2,380;497,2.7198640190011637E-4
2,225;437,2.7188512262075527E-4
2,355;372,2.70782103835627E-4
2,139;230,-2.7072262156734885E-4
2,179;389,-2.705394175526928E-4
2,117;311,2.695289640092736E-4
2,21;237,-2.6938497366015956E-4
2,191;458,2.6916402526929486E-4
2,18;30,-2.687883721255788E-4
2,199;399,-2.687644564122449E-4
2,364;430,2.673882632635464E-4
2,70;420,2.662681863233261E-4
2,234;275,2.6591561860225246E-4
2,215;416,2.655874215791703E-4
2,182;202,-2.655166879099444E-4
2,116;358,-2.6505888040573094E-4
2,22;146,-2.6474331222088804E-4
2,39;222,2.6448312672868655E-4
2,464;472,2.6367861080548534E-4
2,320;373,2.6337110654200534E-4
2,105;489,2.6310863901225545E-4
2,12;65,-2.628128477366874E-4
2,179;486,2.6183602164739486E-4
2,135;351,-2.616006369580517E-4
2,18;354,2.6126495101415717E-4
2,154;398,2.6102274495883385E-4
2,26;111,-2.6095406431448064E-4
2,23;56,2.605472792790797E-4
2,97;276,-2.6033375526019164E-4
2,268;288,-2.6022862813021114E-4
2,254;436,2.595996421460348E-4
2,182;208,2.595301609525303E-4
2,79;325,2.5886377665854885E-4
2,461;491,-2.586459161518101E-4
2,46;183,-2.5849565411943947E-4
2,302;419,2.5828492096625064E-4
2,230;386,-2.572418571844399E-4
2,62;411,2.5693759971825227E-4
2,91;260,2.5668297157990783E-4
2,243;283,-2.564115945259522E-4
2,396;398,-2.5504680435250223E-4
2,251;476,-2.5485729106133095E-4
2,10;234,2.541783397498944E-4
2,334;379,-2.540866356461932E-4
2,183;194,-2.53820862985238E-4
2,77;492,2.5354415600632697E-4
2,143;373,-2.534398266525576E-4
2,493;498,2.5331175129454355E-4
2,163;255,-2.53306480134245E-4
2,19;249,-2.5303566863801977E-4
2,315;431,-2.5275253907351393E-4
2,276;305,-2.524999522966592E-4
2,282;349,-2.5249952426554455E-4
2,390;405,-2.523393263377494E-4
2,332;420,2.5219534829923584E-4
2,135;157,2.521935640845084E-4
2,75;168,2.519610611286338E-4
2,68;153,-2.517988746140868E-4
2,183;197,2.5171857347945566E-4
2,269;295,2.510542698755494E-4
2,51;66,-2.504340349052111E-4
2,47;498,2.5035490759721244E-4
2,276;398,-2.4977688017040336E-4
2,26;98,-2.48940588593724E-4
2,379;484,2.488646847455622E-4
2,301;312,2.486790229226032E-4
2,188;203,2.484018224352093E-4
2,342;438,2.4840035281278357E-4
2,112;390,-2.4760984025001896E-4
2,167;431,-2.467400591675599E-4
2,114;331,-2.4645663125751505E-4
2,60;282,-2.4640147884127836E-4
2,95;410,2.463262098111469E-4
2,119;414,2.453362251313087E-4
2,69;497,2.4493764785530497E-4
2,40;176,2.447942101155266E-4
2,146;384,-2.445682432180051E-4
2,166;173,2.4414013632339848E-4
2,197;368,-2.4383243704637658E-4
2,13;237,-2.4373991725625473E-4
2,260;308,2.437360782728053E-4
2,216;343,-2.437317586299213E-4
2,91;246,-2.436698440412309E-4
2,227;322,-2.436189321329675E-4
2,405;497,-2.4350234260320125E-4
2,126;203,2.431980429887269E-4
2,169;173,-2.4296078587203159E-4
2,39;115,2.4294627957049242E-4
2,97;331,2.424659493580774E-4
2,205;294,-2.4209752898877058E-4
2,96;118,2.4195133486643302E-4
2,44;198,2.4182760422901506E-4
2,46;147,2.4181998825341915E-4
2,325;429,-2.4098723109376702E-4
2,25;223,2.4085312499993138E-4
2,186;459,2.4069271620401426E-4
2,447;474,-2.4029870382302822E-4
2,23;29,2.3990301209327768E-4
2,429;489,-2.3988049581151382E-4
2,147;394,2.3959835740171317E-4
2,27;274,2.3942916100535105E-4
2,36;119,-2.3935430067664393E-4
2,53;118,-2.3899199996304144E-4
2,108;193,2.38664616819595E-4
2,410;428,2.3850626877385708E-4
2,142;238,2.3808482050952012E-4
2,108;373,-2.3771802365842254E-4
2,138;497,2.3731719639222588E-4
2,275;344,2.3711023136981291E-4
2,65;300,-2.3682309864061845E-4
2,142;405,-2.3646038831327349E-4
2,398;410,-2.3595051103429161E-4
2,241;449,-2.3578721436636797E-4
2,29;449,-2.3573249261467632E-4
2,80;301,-2.3567268918952755E-4
2,15;222,-2.3502481815764408E-4
2,53;357,-2.3495259406163278E-4
2,201;239,2.3488398559466246E-4
2,296;472,-2.3460733858622436E-4
2,50;137,2.3457372645313923E-4
2,69;229,-2.342773015536664E-4
2,42;418,2.3416270177115993E-4
2,252;292,-2.3403121844596883E-4
2,158;362,-2.3383549110412856E-4
2,281;493,2.3382486512945732E-4
2,147;336,-2.3377863808627552E-4
2,81;189,2.3348221484986427E-4
2,266;324,-2.333573117365607E-4
2,205;314,2.3335693227138235E-4
2,466;495,2.3302079610810927E-4
2,0;34,2.3185863681808545E-4
2,33;398,2.3166856555102613E-4
2,224;385,-2.3159263383067585E-4
2,9;205,-2.3159209028038603E-4
2,445;498,2.3113930646936244E-4
2,103;203,-2.309921471988051E-4
2,216;257,2.3094520302085014E-4
2,134;286,2.3064502690317622E-4
2,41;291,-2.302802977468307E-4
2,364;454,2.3007888835058205E-4
2,244;303,-2.3003226452293385E-4
2,217;361,2.2950622626548623E-4
2,116;383,2.2948776617324196E-4
2,63;264,2.2911950106081625E-4
2,14;233,2.286664279910952E-4
2,74;342,-2.2866274185549812E-4
2,307;436,-2.2860963990496173E-4
2,263;315,2.2860389401064158E-4
2,87;126,-2.2818798770116045E-4
2,115;276,-2.2809657817020432E-4
2,1;110,-2.276563315800112E-4
2,264;405,-2.276295969318789E-4
2,8;371,-2.273680057376287E-4
2,240;326,2.2699243119485995E-4
2,25;326,2.266175752554811E-4
2,234;398,-2.263845857540537E-4
2,40;91,2.263360375850946E-4
2,138;448,-2.2620643221773272E-4
2,347;403,2.2575391818621112E-4
2,278;348,2.2569983120908143E-4
2,89;145,-2.256592805527293E-4
2,66;269,2.253220198140218E-4
2,182;364,-2.2506390900617706E-4
2,157;423,-2.250475188796811E-4
2,344;455,-2.2493538227825977E-4
2,59;496,-2.2484775819376967E-4
2,92;425,-2.246345873632389E-4
2,80;475,2.240414807953281E-4
2,316;362,-2.2397985855316573E-4
2,16;142,-2.2329633460793196E-4
2,269;424,-2.2326779079668562E-4
2,26;387,-2.2265231500267715E-4
2,273;454,2.2189991551846988E-4
2,213;356,2.217405182610877E-4
2,217;271,2.2165545374895157E-4
2,165;281,2.215626857140901E-4
2,43;480,-2.2136202750628036E-4
2,19;185,2.211469260309749E-4
2,51;199,2.199782463570837E-4
2,259;471,2.197602802917575E-4
2,249;314,2.1969570149852054E-4
2,89;466,-2.1937399477053832E-4
2,51;479,-2.1885343181187955E-4
2,85;189,-2.1884290698211156E-4
2,386;475,-2.1768933064709184E-4
2,255;454,-2.1747756369359922E-4
2,6;23,2.1740343280204116E-4
2,113;349,-2.171692093064766E-4
2,5;143,-2.16997109902954E-4
2,74;137,-2.169970525457604E-4
2,31;453,2.16920393356028E-4
2,46;55,-2.1683624549069075E-4
2,49;169,-2.1683552705792808E-4
2,70;332,2.1683386046978016E-4
2,52;114,2.1668604689186924E-4
2,5;244,-2.1659517981244633E-4
2,398;417,2.165188236031025E-4
2,59;182,-2.1635327223366022E-4
2,250;304,2.1596791756001095E-4
2,206;427,-2.1548062279803682E-4
2,284;464,-2.1542716527365075E-4
2,13;499,-2.153451405963324E-4
2,100;218,-2.1464308682406656E-4
2,73;257,-2.1448986838796475E-4
2,101;240,2.141713893518466E-4
2,119;338,2.1408066906944545E-4
2,94;247,-2.140567130304263E-4
2,123;289,-2.1399803928580775E-4
2,188;262,-2.139351566363097E-4
2,59;239,-2.1370773393185324E-4
2,176;299,2.1325900283725014E-4
2,335;386,-2.1308813985909092E-4
2,227;424,2.1298542953312208E-4
2,43;295,2.1286343767806486E-4
2,30;374,2.126501818447137E-4
2,102;279,-2.124242747071043E-4
2,102;443,2.1215567458976258E-4
2,53;255,2.1178865204861793E-4
2,115;217,-2.117879888515294E-4
2,42;287,2.1170051690443285E-4
2,27;90,2.1107838600534952E-4
2,238;301,-2.1106559759602356E-4
2,47;336,2.1104422322876454E-4
2,142;384,-2.1072345132071779E-4
2,20;47,2.105603994127605E-4
2,326;333,-2.1042131060188064E-4
2,471;484,2.1039276304972798E-4
2,205;254,-2.1034012648445626E-4
2,245;298,-2.1021495127691555E-4
2,75;390,-2.1018148533366427E-4
2,87;95,2.1015312857642395E-4
2,84;255,-2.1013586858082274E-4
2,115;492,-2.1012911006982148E-4
2,34;477,-2.0993255343162488E-4
2,143;443,2.099097166543371E-4
2,186;383,2.097209132953529E-4
2,59;363,2.094257549796135E-4
2,349;366,-2.0936597977740253E-4
2,9;181,-2.091441432276845E-4
2,371;482,2.0900276033635775E-4
2,57;200,-2.0895793923747158E-4
2,274;395,2.0890819527814345E-4
2,264;427,-2.086077265918851E-4
2,109;352,-2.084917854321097E-4
2,401;412,2.0838921475494323E-4
2,9;395,-2.0838912045817505E-4
2,201;464,-2.0836091069460807E-4
2,228;296,2.0831344528180279E-4
2,422;434,-2.08222802939255E-4
2,110;128,2.077262741306136E-4
2,90;166,2.0744313755740413E-4
2,392;443,2.070630893529246E-4
2,77;323,-2.0675291728769764E-4
2,26;59,-2.0670873778954663E-4
2,386;482,-2.0668856007658066E-4
2,41;394,2.0668786195634974E-4
2,132;230,-2.06671418111737E-4
2,36;432,-2.0650968102722502E-4
2,142;196,2.0645360620806982E-4
2,477;492,2.0640640596775758E-4
2,147;153,-2.062675899781665E-4
2,254;307,2.061733268456448E-4
2,367;394,2.0576723134406054E-4
2,145;395,2.057658687219058E-4
2,439;485,2.0563157999902503E-4
2,6;15,2.0558696130610778E-4
2,39;121,-2.0556432632833177E-4
2,85;256,2.0509530150167795E-4
2,22;462,2.0506049112153086E-4
2,451;471,-2.0485591081906453E-4
2,188;408,2.048408590155436E-4
2,32;430,2.0478542626322033E-4
2,46;279,-2.0468655736595115E-4
2,29;144,-2.0453179265288036E-4
2,9;169,2.043407609556013E-4
2,108;340,-2.042682051093336E-4
2,1;118,-2.0426193008933258E-4
2,141;498,2.0411908771482434E-4
2,25;213,-2.0384928586537776E-4
2,189;314,-2.033167685797993E-4
2,159;283,-2.0329241944259005E-4
2,454;467,2.0310190690402962E-4
2,302;454,-2.02912943281254E-4
2,171;326,-2.0251930913399015E-4
2,19;300,2.0201095766048016E-4
2,71;433,2.0173889684308778E-4
2,312;392,2.0168847183488477E-4
2,9;335,-2.015421321132033E-4
2,337;376,-2.0119040281105466E-4
2,29;297,2.0105173789059603E-4
2,1;358,2.0083590223684146E-4
2,209;489,-2.0068279314274147E-4
2,57;278,-2.0053526852163906E-4
2,150;176,-2.0037270993698486E-4
2,66;407,-2.0030454819262495E-4
2,71;182,-2.0026888787716415E-4
2,168;443,1.9988602957996278E-4
2,62;350,-1.998339160041791E-4
2,442;481,1.9972602554635957E-4
2,91;284,1.9971697470693968E-4
2,220;495,1.9934740255935713E-4
2,180;374,-1.9931742555826272E-4
2,241;302,-1.9897669130701683E-4
2,199;407,-1.9855954777520148E-4
2,144;461,-1.9850749900007653E-4
2,8;195,-1.9843972816573308E-4
2,243;471,1.9838680196243162E-4
2,14;386,1.982564695290794E-4
2,151;347,1.9776610758636144E-4
2,350;486,1.9769791652929025E-4
2,34;370,-1.9767567218382037E-4
2,159;295,1.9760837142377934E-4
2,124;197,-1.9757988151947298E-4
2,99;102,1.9713948726136815E-4
2,77;213,-1.970834179034323E-4
2,278;402,-1.9700916546255395E-4
2,60;406,1.9649893760866665E-4
2,70;493,-1.964073763439444E-4
2,148;343,1.9637007882164327E-4
2,23;111,-1.9633869637724922E-4
2,45;266,1.9628620041660692E-4
2,398;496,1.9628292218284798E-4
2,94;219,1.9613240115369128E-4
2,297;478,1.9610017135516259E-4
2,227;269,1.9608735123169424E-4
2,214;416,1.958814436778682E-4
2,30;354,-1.958211549531127E-4
2,74;402,-1.958088632422399E-4
2,71;195,-1.956725026735679E-4
2,18;334,1.955778674926813E-4
2,184;494,1.9551962283489727E-4
2,31;259,1.9514425837191806E-4
2,417;459,-1.9499109250212626E-4
2,180;442,-1.9498538837125524E-4
2,169;310,-1.9491047925719268E-4
2,136;345,1.9486919418092592E-4
2,303;313,-1.946105078326924E-4
2,59;141,-1.9446795938161916E-4
2,458;471,-1.938726061067507E-4
2,114;339,-1.937787343957873E-4
2,306;368,-1.934954403470951E-4
2,7;74,1.933363004780328E-4
2,151;460,1.9329903470026056E-4
2,84;189,1.929799378442624E-4
2,130;296,1.928258888881302E-4
2,157;410,1.9271945523106966E-4
2,144;246,1.9269892624109643E-4
2,200;335,-1.9255079643643903E-4
2,314;338,1.9252793658482414E-4
2,200;482,1.923709876470699E-4
2,242;265,-1.9210036042947347E-4
2,68;481,1.9208026695365768E-4
2,300;492,1.9144585948611544E-4
2,372;497,-1.9140875523554186E-4
2,84;458,1.913524275700358E-4
2,43;424,-1.9131253179554937E-4
2,1;480,-1.912626708588563E-4
2,119;233,1.9121984501845835E-4
2,322;485,-1.91020169063876E-4
2,243;313,1.9084696204312962E-4
2,161;398,-1.9067063121756123E-4
2,391;495,1.905881237387288E-4
2,252;308,-1.904450480515869E-4
2,25;67,-1.9043404919561816E-4
2,228;380,-1.9033809748988294E-4
2,106;206,-1.9027896336251896E-4
2,208;418,1.9023605091693358E-4
2,310;461,1.9006106485406642E-4
2,115;472,1.897850901140632E-4
2,87;169,-1.895998920471607E-4
2,246;311,1.8949331008679765E-4
2,403;485,-1.8944915140403035E-4
2,312;499,-1.8889691334296092E-4
2,125;451,1.887660041994923E-4
2,115;327,1.8858040975362961E-4
2,252;390,-1.8853729002501257E-4
2,331;408,-1.8839244949479095E-4
2,195;237,1.8824567239012836E-4
2,80;153,-1.8822095014416195E-4
2,38;89,-1.8815195774610132E-4
2,156;235,-1.8775232191850708E-4
2,122;276,1.8759564526524497E-4
2,398;411,1.8703458691612842E-4
2,135;354,-1.8700606361661144E-4
2,80;124,1.8686006879169221E-4
2,37;432,1.8678465704872284E-4
2,97;311,1.8677877526259424E-4
2,38;214,-1.8676641569922861E-4
2,206;488,1.8674363353857022E-4
2,79;429,-1.8658888396694178E-4
2,204;248,-1.8647459103493497E-4
2,99;101,1.863114022914001E-4
2,422;489,-1.8612638348480104E-4
2,13;65,-1.8594055796372904E-4
2,62;381,1.8588997387785456E-4
2,49;357,-1.8579461796375913E-4
2,84;179,1.8544942967639908E-4
2,80;346,-1.8527540358145462E-4
2,79;430,-1.849944387795583E-4
2,72;394,-1.8476975944399843E-4
2,465;477,1.8476208235337032E-4
2,257;358,1.8470930858319052E-4
2,140;291,1.844385741733094E-4
2,205;286,1.842367818093092E-4
2,296;481,1.837608471546131E-4
2,240;373,-1.837335976494957E-4
2,312;390,-1.837214101768561E-4
2,31;97,-1.836758542808788E-4
2,46;489,-1.8361000149841217E-4
2,82;106,-1.8357214383191224E-4
2,119;491,1.8342857747459464E-4
2,23;168,1.8330739693416754E-4
2,68;112,1.832591139647554E-4
2,281;331,-1.832464237728747E-4
2,173;363,-1.8302810098486363E-4
2,419;444,-1.8268789781201867E-4
2,92;440,1.8210735533018637E-4
2,149;279,1.8199480098758308E-4
2,12;273,-1.8196794329300585E-4
2,21;131,-1.8191061618322873E-4
2,13;117,-1.815227851996683E-4
2,4;60,1.8142589215875454E-4
2,154;332,-1.8135688776374135E-4
2,212;493,1.813551735682533E-4
2,451;453,-1.8132290055326378E-4
2,73;116,1.8115420769789176E-4
2,79;110,-1.8112999522037354E-4
2,60;460,-1.8112447957075443E-4
2,112;256,1.809625889081885E-4
2,9;255,1.8093642541813638E-4
2,126;278,-1.8087027321167957E-4
2,35;74,-1.8048809997602027E-4
2,14;338,-1.8026856157798897E-4
2,212;445,-1.80105088426398E-4
2,268;440,-1.7986530153558928E-4
2,170;203,-1.79753952514268E-4
2,29;383,1.79629565390111E-4
2,357;485,1.7956479409860372E-4
2,121;423,1.795162913533678E-4
2,320;430,-1.7937191296320121E-4
2,172;230,-1.7934808073833113E-4
2,261;461,1.7924855647451752E-4
2,60;150,-1.7917363914400386E-4
2,35;453,-1.7906605049355175E-4
2,174;375,-1.78821308944389E-4
2,296;477,-1.7875852736891525E-4
2,112;326,1.7864275527101073E-4
2,353;464,-1.7842716593393228E-4
2,355;363,1.7829290615044248E-4
2,21;244,-1.7823102017672376E-4
2,73;453,1.7820114564776556E-4
2,286;289,1.7816565254022646E-4
2,160;352,1.7801444626412412E-4
2,297;422,-1.7787927212039047E-4
2,296;333,-1.7771930476529724E-4
2,240;327,1.7759191429388146E-4
2,120;383,1.773913116079841E-4
2,140;221,-1.7719800122594287E-4
2,191;301,1.7709338330845675E-4
2,148;252,-1.7703973365497028E-4
2,93;384,-1.769940777386307E-4
2,212;282,-1.7699393261749974E-4
2,194;317,1.7697816373345716E-4
2,44;307,1.7690559288541236E-4
2,152;412,1.7682283550606704E-4
2,335;475,-1.7676750956926597E-4
2,184;344,1.7660004869020834E-4
2,163;404,-1.7629712587668083E-4
2,269;322,-1.7626258093683325E-4
2,7;325,1.762196244221912E-4
2,298;473,1.7607763148962783E-4
2,209;474,-1.7598940188999062E-4
2,283;342,1.7572325811573787E-4
2,274;394,-1.7559958335563203E-4
2,109;142,1.7558928516700769E-4
2,373;443,-1.7538924362020783E-4
2,54;221,1.7536815960196027E-4
2,85;185,1.752708079654812E-4
2,136;423,1.752262188447711E-4
2,250;380,1.752199610434475E-4
2,148;434,1.751957143701145E-4
2,109;388,1.7518914419456183E-4
2,184;430,-1.7502480976825757E-4
2,185;458,-1.7493591600378962E-4
2,127;459,1.7474631558808934E-4
2,246;443,1.746993647613354E-4
2,377;461,-1.7460179854345652E-4
2,18;183,-1.744987353184046E-4
2,100;467,1.7448185666275407E-4
2,41;434,-1.743022626463272E-4
2,303;372,-1.7426925721965875E-4
2,287;489,1.7423929728836924E-4
2,121;479,-1.7418445395276887E-4
2,77;425,1.740923231560827E-4
2,331;392,1.7402503604829086E-4
2,179;441,-1.7374154520906094E-4
2,198;307,1.7338982434872953E-4
2,178;497,-1.733799397029056E-4
2,163;184,1.7336766110542684E-4
2,121;279,1.73288737599894E-4
2,30;412,1.7317939429967958E-4
2,91;112,1.7316340671833877E-4
2,317;473,1.7288799451811398E-4
2,3;300,-1.7285546480564075E-4
2,188;222,-1.72837004209481E-4
2,317;418,-1.7274668367194782E-4
2,92;419,1.726569883024025E-4
2,492;496,1.7262019704117137E-4
2,154;218,1.725742376631553E-4
2,285;399,-1.72262440162812E-4
2,100;496,1.72139328997646E-4
2,46;149,-1.7205608418279368E-4
2,114;442,-1.718459379909845E-4
2,196;464,1.7169222982400389E-4
2,95;352,-1.71531676360057E-4
2,15;279,-1.7149994897904693E-4
2,102;319,1.7132231615430338E-4
2,48;317,-1.711229879847827E-4
2,356;454,-1.7106823502587053E-4
2,22;190,-1.7106406027987147E-4
2,426;444,-1.7105255979559577E-4
2,308;362,-1.7057505739192578E-4
2,137;183,1.7000785644366085E-4
2,174;320,1.6980161176225622E-4
2,163;278,-1.6979921509129706E-4
2,55;297,1.6977437135611874E-4
2,248;434,1.6937739499716872E-4
2,66;209,-1.6922138793671826E-4
2,15;331,1.6911953376698617E-4
2,218;496,1.6892613100988953E-4
2,79;113,1.6882670607879682E-4
2,73;369,1.687758189565123E-4
2,61;393,1.6867698852367368E-4
2,28;477,-1.6857372952071398E-4
2,393;461,1.6853128626276382E-4
2,123;180,-1.68419969561243E-4
2,3;340,-1.6841875301293186E-4
2,389;463,1.6835719457424203E-4
2,46;114,1.6828197584753968E-4
2,282;452,-1.68158950642889E-4
2,401;427,1.6810871905680462E-4
2,173;310,1.6800388335671212E-4
2,254;484,-1.679772069543312E-4
2,199;320,1.679515919947538E-4
2,121;152,1.6788344502533821E-4
2,149;315,1.678647591321545E-4
2,35;491,-1.677816043931406E-4
2,318;320,1.6769306642616517E-4
2,169;205,-1.6764054657760865E-4
2,223;337,1.675319597997332E-4
2,91;223,1.6752206481610455E-4
2,255;332,1.674300975224774E-4
2,94;439,1.6734278733488868E-4
2,281;489,1.6731079078956436E-4
2,143;346,1.6730307531767814E-4
2,193;384,-1.6724128233510483E-4
2,52;484,-1.671662202874028E-4
2,12;58,-1.6711340569625554E-4
2,83;225,1.670891360613681E-4
2,99;240,1.6705909822338274E-4
2,401;409,-1.6696121602211933E-4
2,256;362,-1.6691566103359777E-4
2,168;215,1.6673090081350246E-4
2,32;362,-1.6666045858057294E-4
2,288;394,-1.6660686357531024E-4
2,172;352,-1.6653151554473156E-4
2,84;146,1.664675050023548E-4
2,120;242,1.664521048298688E-4
2,190;477,-1.6632241277969272E-4
2,341;489,-1.662885350875175E-4
2,27;136,1.6624920223996337E-4
2,252;458,-1.6623874863764228E-4
2,352;410,-1.6605103692013306E-4
2,39;319,-1.6599645268978658E-4
2,206;239,-1.6595094005651513E-4
2,491;496,1.6593620173573404E-4
2,181;419,-1.6589876306770718E-4
2,26;371,-1.6583286765311988E-4
2,170;336,1.6570307780722983E-4
2,311;398,-1.6548178972265417E-4
2,88;243,-1.6544768014979815E-4
2,344;393,1.6543470242957376E-4
2,130;471,1.653570481718557E-4
2,9;282,-1.6527691371358527E-4
2,411;481,1.6518940909528336E-4
2,363;441,1.6516737501569162E-4
2,294;342,-1.6516334417724838E-4
2,274;292,-1.6514125465163422E-4
2,160;384,1.6511308124221447E-4
2,176;202,-1.6489544980113845E-4
2,40;260,-1.6482581534262532E-4
2,0;71,1.645417621723964E-4
2,97;100,1.6428364210442192E-4
2,51;401,1.641273583696704E-4
2,237;497,-1.640141708123818E-4
2,209;276,-1.6400893947235792E-4
2,186;409,1.6397071147772655E-4
2,208;436,1.6386449988648716E-4
2,8;228,-1.636238065468584E-4
2,76;303,1.6354876555266622E-4
2,305;339,1.6350493057410107E-4
2,45;241,1.6335322699701966E-4
2,282;486,1.6321640363238933E-4
2,393;455,-1.6317522238041223E-4
2,189;458,1.6311774348182494E-4
2,390;422,-1.6308507638844805E-4
2,122;321,1.6307500793982793E-4
2,115;256,1.6299357012210675E-4
2,422;442,1.6279796274553638E-4
2,105;173,-1.6250479801604466E-4
2,14;234,1.6246088790468344E-4
2,8;241,1.623022550532683E-4
2,113;364,1.6221698467573653E-4
2,9;145,1.6204443701427502E-4
2,38;170,1.620190249965212E-4
2,231;487,1.6182046230891263E-4
2,456;475,1.615242444974174E-4
2,84;182,1.6150609940138942E-4
2,334;389,-1.6137534137340064E-4
2,333;341,-1.6136960792066806E-4
2,282;416,1.612566859480919E-4
2,14;327,-1.6122134326700154E-4
2,390;486,-1.6107081576440354E-4
2,82;286,-1.609962149068782E-4
2,215;334,1.6094816993676955E-4
2,131;241,1.6082080088745328E-4
2,245;284,-1.6075190326958594E-4
2,104;117,1.60687184745018E-4
2,134;166,-1.6064470069843579E-4
2,55;234,-1.6057753060927683E-4
2,107;121,-1.605713001439592E-4
2,249;331,-1.6028788287313157E-4
2,60;452,1.6028239532639576E-4
2,208;278,1.6023555311128746E-4
2,198;204,-1.6015965419760003E-4
2,42;71,1.6008475559288918E-4
2,145;475,-1.6005451469273184E-4
2,78;209,-1.6004897179179646E-4
2,34;296,1.598241933079022E-4
2,51;309,1.5979899072193153E-4
2,115;180,-1.5958401497153906E-4
2,117;378,-1.5913386477702405E-4
2,24;234,1.587894827548744E-4
2,174;484,-1.5877789627117902E-4
2,71;276,-1.5873182669665114E-4
2,28;39,-1.5872681705993507E-4
2,54;56,-1.586847235050171E-4
2,26;105,-1.5859703599839886E-4
2,195;233,1.5855670358300172E-4
2,329;436,1.584667334773059E-4
2,60;155,1.5840617527303566E-4
2,434;477,1.5836269656373237E-4
2,25;497,-1.5819125968060058E-4
2,59;318,-1.5807951369670303E-4
2,87;97,-1.5801292200518356E-4
2,355;459,-1.5793227889530353E-4
2,88;90,1.5782932756976494E-4
2,258;314,-1.5770277311892903E-4
2,141;462,-1.5759899093424363E-4
2,221;461,1.575962625515486E-4
2,231;475,1.5751790074716452E-4
2,188;333,1.5747524238472565E-4
2,146;444,1.57262323137311E-4
2,231;494,-1.5708383057214258E-4
2,78;176,-1.5707716124761768E-4
2,294;331,1.5705586317764058E-4
2,104;139,-1.5697944092794042E-4
2,317;386,1.5681454028658258E-4
2,294;359,1.5680004748842047E-4
2,210;331,1.56771842572822E-4
2,65;450,1.5670000677069063E-4
2,200;307,-1.564055852430467E-4
2,67;104,-1.5627233371888596E-4
2,262;490,-1.5625386162366014E-4
2,166;252,-1.5621592236409672E-4
2,109;139,-1.5619583860971347E-4
2,8;489,-1.5609972027006875E-4
2,58;443,-1.5584958434718482E-4
2,389;449,1.558242965227976E-4
2,343;434,-1.5577580684056116E-4
2,289;352,-1.5555675732158313E-4
2,56;202,1.5545552239502913E-4
2,42;317,1.55432476792076E-4
2,49;98,1.5538833037136634E-4
2,144;424,-1.5538012313367922E-4
2,246;334,1.5529083427914258E-4
2,2;248,-1.5510433095627384E-4
2,32;151,-1.5506376241940944E-4
2,31;261,1.5505519209240847E-4
2,3;143,1.5504800476648294E-4
2,117;359,-1.5503586867212586E-4
2,21;368,-1.5502155404207928E-4
2,278;489,1.548034934279382E-4
2,271;350,1.545178382789126E-4
2,43;180,-1.543817088844454E-4
2,112;273,1.542328805785472E-4
2,307;393,-1.5417802138928088E-4
2,74;158,-1.5411395153216767E-4
2,255;430,-1.540107740892467E-4
2,151;458,1.5394878682522365E-4
2,68;326,-1.5380234894770458E-4
2,210;249,-1.5363057768561062E-4
2,285;469,-1.533554213147894E-4
2,35;210,-1.5325400959151648E-4
2,272;466,-1.531867572609769E-4
2,389;411,1.5317936533315493E-4
2,285;432,-1.531715301356708E-4
2,230;277,1.5311455310019418E-4
2,81;314,-1.530121214330711E-4
2,134;369,1.529754740186784E-4
2,184;415,-1.5296933398720834E-4
2,197;346,1.5290887632122847E-4
2,60;193,-1.5285842346276433E-4
2,92;492,1.5285360946390553E-4
2,40;64,1.527894360624239E-4
2,17;65,1.527747343305712E-4
2,370;377,1.5254262459788449E-4
2,147;246,1.524844932450246E-4
2,31;310,-1.5237952040363722E-4
2,112;341,-1.523377881492041E-4
2,154;255,1.5217339856362836E-4
2,351;487,-1.521240795652988E-4
2,55;204,1.5210490898535624E-4
2,187;345,1.5192108366200052E-4
2,215;269,-1.519054778772579E-4
2,362;468,1.5185386443998484E-4
2,29;422,1.5159527122921774E-4
2,82;190,1.5159420053817085E-4
2,63;329,-1.515238303356197E-4
2,12;144,-1.5145023662564757E-4
2,251;367,1.5142456907225253E-4
2,385;388,1.513989263227165E-4
2,264;491,-1.513893310953603E-4
2,94;191,1.5112966422398276E-4
2,86;259,-1.51129589879835E-4
2,79;454,1.510338628886285E-4
2,45;202,1.5082717636598103E-4
2,158;468,1.5066301622804331E-4
2,199;211,-1.5064084331625977E-4
2,106;368,-1.506179094373187E-4
2,112;459,1.5059466341742412E-4
2,55;98,1.504483878502112E-4
2,244;386,-1.5041706796729718E-4
2,252;282,1.5038189527365596E-4
2,307;461,1.5034995091720658E-4
2,108;417,-1.502800386201768E-4
2,366;467,-1.502100377832461E-4
2,143;328,1.5018050768100512E-4
2,205;427,1.500058373782074E-4
2,57;132,1.4988678603932814E-4
2,5;80,1.49878795963996E-4
2,127;461,1.4984076240126133E-4
2,194;488,-1.4974897671801447E-4
2,46;331,1.4973892726744025E-4
2,378;439,1.496592878664651E-4
2,1;465,-1.4955129749846344E-4
2,216;369,-1.4954935807816335E-4
2,69;393,-1.4950118730019891E-4
2,173;463,-1.4933793922328897E-4
2,162;286,-1.490435617864161E-4
2,43;394,1.4879824529025776E-4
2,253;315,-1.4869486421956136E-4
2,63;316,-1.4868816478411854E-4
2,91;220,1.4858883139909096E-4
2,127;278,1.485512139430242E-4
2,30;401,1.484855718479078E-4
2,211;327,1.4845378161616637E-4
2,314;394,1.482052203806109E-4
2,114;376,1.4814322984676732E-4
2,236;340,1.4804019079947819E-4
2,208;282,1.4798996933467685E-4
2,38;182,1.4785221340668663E-4
2,164;250,-1.4778826757166251E-4
2,223;400,-1.4772594001863894E-4
2,19;331,-1.4761475477588482E-4
2,144;293,-1.4760984035873257E-4
2,150;453,-1.4747549444108372E-4
2,104;454,1.4732780666737262E-4
2,113;257,1.4731028099986885E-4
2,26;170,1.469882510723932E-4
2,25;346,-1.4697625253269915E-4
2,360;404,1.4697316184686664E-4
2,142;301,-1.4683803573773923E-4
2,302;333,1.468360229757885E-4
2,0;420,1.4672343319892573E-4
2,44;296,1.4651621499131592E-4
2,74;344,-1.4647972634483202E-4
2,241;471,1.4631109039084494E-4
2,23;336,1.4567494568021964E-4
2,13;45,-1.4563528840250335E-4
2,358;384,-1.4549458463739598E-4
2,26;268,1.4548827635638332E-4
2,283;404,-1.453524866818127E-4
2,210;453,1.4528682643730296E-4
2,195;207,-1.452298155838953E-4
2,100;360,1.4519103918985576E-4
2,76;364,-1.4503359596157396E-4
2,107;332,-1.450200542586635E-4
2,105;461,1.4495649981307516E-4
2,21;465,1.4495502837282942E-4
2,68;80,-1.4483308906782235E-4
2,106;179,1.4474137664646138E-4
2,298;383,-1.447142460639235E-4
2,264;316,1.4468809518629317E-4
2,109;291,1.445166512158484E-4
2,73;383,-1.4444692792390767E-4
2,466;477,1.442842861840485E-4
2,17;69,-1.4412481132860709E-4
2,113;225,1.4399459147390874E-4
2,1;392,-1.4395564475465383E-4
2,94;426,1.4388420118021967E-4
2,105;283,-1.4372412825962476E-4
2,285;438,-1.436057670722386E-4
2,63;499,1.4348676145191347E-4
2,97;398,-1.4343347997116963E-4
2,63;180,-1.434157076905664E-4
2,462;487,-1.433163748574345E-4
2,98;357,-1.4331370499557993E-4
2,8;272,1.432006697513232E-4
2,190;231,1.431642448651704E-4
2,359;439,-1.4310564294836372E-4
2,55;103,-1.4307496377811613E-4
2,274;288,1.429976959599325E-4
2,187;228,1.4297617067127028E-4
2,149;253,-1.4296068959753438E-4
2,184;468,1.429177310254111E-4
2,32;364,1.429175579586608E-4
2,8;299,1.4278716870821622E-4
2,193;373,-1.427132148577451E-4
2,110;350,1.4270215303253646E-4
2,432;438,-1.426330209300719E-4
2,126;362,1.4260727788615392E-4
2,57;127,1.424463061742762E-4
2,230;280,1.423841129086818E-4
2,335;447,1.4227041615431902E-4
2,60;428,-1.4223580784565728E-4
2,85;411,-1.422031627924644E-4
2,38;466,1.421571643977022E-4
2,82;103,1.4215715102027177E-4
2,78;434,1.4213775241405735E-4
2,228;345,-1.418557244541772E-4
2,274;308,1.4157451255822795E-4
2,46;105,-1.4133081412784178E-4
2,196;405,1.4114028553400363E-4
2,203;262,-1.4110110886492012E-4
2,91;309,1.4106768174880952E-4
2,41;244,-1.4092514632658428E-4
2,119;398,1.4089945807873355E-4
2,397;492,-1.408901224544713E-4
2,154;172,-1.4086916373289338E-4
2,302;322,1.4077974160052313E-4
2,320;415,1.4077838753347017E-4
2,139;174,1.4065196978436346E-4
2,258;452,1.4064503258627765E-4
2,169;181,-1.4058194205222234E-4
2,147;158,-1.405332552587991E-4
2,255;404,-1.405070274583474E-4
2,237;299,-1.4049615344938353E-4
2,313;493,-1.402628066641502E-4
2,220;296,-1.4016222929052162E-4
2,57;230,1.4007592820406876E-4
2,213;312,1.400136953105463E-4
2,185;339,-1.398344944425316E-4
2,39;320,-1.3967059176244804E-4
2,257;327,-1.3954511054574975E-4
2,35;193,1.394117578794964E-4
2,196;250,1.393833268251576E-4
2,241;358,1.3927305067743656E-4
2,425;492,1.3922955193903586E-4
2,109;227,-1.392089818944116E-4
2,63;344,1.3915628291384245E-4
2,369;448,-1.3909759407183106E-4
2,332;472,1.3901293018454567E-4
2,137;365,-1.3900801953481315E-4
2,121;164,-1.3897732182224117E-4
2,422;440,-1.3891398706658572E-4
2,449;493,-1.3879731332053298E-4
2,74;341,1.3874707729233675E-4
2,110;335,1.387121442780039E-4
2,256;313,1.3864071240218473E-4
2,217;218,-1.3849935282098913E-4
2,137;284,1.3848152739890323E-4
2,155;231,-1.3843413361117626E-4
2,183;485,1.3836106110430026E-4
2,481;482,1.3833730531100314E-4
2,200;461,1.3787270934531327E-4
2,40;322,-1.378638385237336E-4
2,158;192,-1.378509983157387E-4
2,54;368,-1.3746725109692234E-4
2,143;354,1.3733725644768442E-4
2,91;245,-1.3727428767031403E-4
2,187;489,1.3724597526994998E-4
2,172;496,-1.3711457510925707E-4
2,22;109,1.3702211085008314E-4
2,202;320,1.3691805614232512E-4
2,112;457,1.366973140474504E-4
2,328;344,1.3663061387803654E-4
2,408;485,-1.3660527097650958E-4
2,286;492,1.3639099756147175E-4
2,158;464,1.3630487326304186E-4
2,115;305,-1.3613431536107113E-4
2,312;443,-1.3606273062808277E-4
2,408;409,-1.3588032803906621E-4
2,412;496,1.3573373214347965E-4
2,254;286,1.356699192761749E-4
2,213;317,-1.3558997534180884E-4
2,135;469,-1.3552630375062997E-4
2,8;414,-1.3536676926892386E-4
2,301;374,1.3523911118853526E-4
2,126;138,1.3504093791671538E-4
2,86;320,-1.3501618700955575E-4
2,206;481,-1.35013630684366E-4
2,390;497,-1.3481118746803028E-4
2,282;407,-1.3476586477652953E-4
2,234;458,1.346605966463343E-4
2,29;135,-1.344081740995902E-4
2,35;410,1.3435160927409963E-4
2,82;269,-1.3413101002336523E-4
2,109;239,-1.3411126582351063E-4
2,56;274,-1.3392392625299372E-4
2,55;469,-1.3391532009632534E-4
2,67;168,1.3386820756130285E-4
2,7;373,-1.3384476435646288E-4
2,33;408,-1.3363858896779762E-4
2,184;431,1.3363024478802E-4
2,191;252,1.3353082300224484E-4
2,19;158,-1.333440629523733E-4
2,42;402,-1.3298729449629914E-4
2,397;398,1.3289705082400225E-4
2,361;477,1.3286811603429766E-4
2,220;374,-1.3286255528766305E-4
2,228;336,-1.3265321240539331E-4
2,468;494,1.325610835147117E-4
2,123;480,-1.3244356500965358E-4
2,357;403,1.322378155723103E-4
2,43;184,1.3206958368797286E-4
2,86;208,-1.3200358440252898E-4
2,14;244,-1.3195320510168463E-4
2,42;410,-1.3192433024747377E-4
2,14;55,1.318883895352953E-4
2,130;169,1.3172028671344898E-4
2,117;443,1.3163890159639206E-4
2,88;465,1.3144626524501515E-4
2,4;295,-1.3140835313811707E-4
2,221;489,-1.313057685237557E-4
2,134;372,1.3129218906580414E-4
2,254;358,1.311268863992543E-4
2,12;172,1.30978442160289E-4
2,157;351,1.3093819278176666E-4
2,160;280,-1.3092106204223392E-4
2,438;469,-1.3090104291528973E-4
2,8;237,1.3074808429780339E-4
2,26;327,1.3049846142593037E-4
2,217;260,1.3046359828347077E-4
2,66;472,1.3041280894148522E-4
2,142;280,1.3036675552670875E-4
2,63;256,1.303280104588408E-4
2,126;345,1.2991369107995092E-4
2,111;191,1.2985919377674616E-4
2,194;266,1.2975263772029263E-4
2,111;377,-1.2973072080987348E-4
2,106;311,-1.2961811983674837E-4
2,248;449,1.2957884571420446E-4
2,209;487,1.2954557019895455E-4
2,111;477,1.2901585943968683E-4
2,326;346,1.2898338664343327E-4
2,209;362,1.288987836441294E-4
2,362;370,-1.288986553703498E-4
2,287;314,1.288474575405075E-4
2,184;255,1.2882769458114125E-4
2,350;431,-1.2867093274890275E-4
2,60;351,1.2859586588940175E-4
2,287;338,1.285116145924915E-4
2,427;491,-1.2846891509688454E-4
2,154;331,1.284534912867723E-4
2,269;416,-1.2831125371169373E-4
2,389;493,-1.2826172464909858E-4
2,72;458,1.2825126754653242E-4
2,241;276,1.2822528618238556E-4
2,118;358,-1.281677655434429E-4
2,28;417,1.2811318107944737E-4
2,123;351,1.281090063959929E-4
2,325;394,-1.2799127273887311E-4
2,161;237,1.2780458449443272E-4
2,277;470,1.2777291849766948E-4
2,252;411,1.2776740697063917E-4
2,71;491,1.2773809444223088E-4
2,311;441,-1.272920992477817E-4
2,16;109,1.2728827093025857E-4
2,331;444,1.2718403982291376E-4
2,107;317,-1.2713568921879497E-4
2,432;469,-1.2710839516633934E-4
2,71;466,1.2700963802138809E-4
2,193;216,1.2679947246453573E-4
2,28;190,1.2660918842333305E-4
2,359;435,1.265147279779773E-4
2,303;362,1.264182130249935E-4
2,7;199,-1.2639576896338557E-4
2,158;303,1.2635024124287104E-4
2,88;470,-1.262636476778866E-4
2,45;444,-1.2622383369749593E-4
2,114;291,1.2611962780565496E-4
2,17;300,1.2600916214024533E-4
2,110;431,-1.2599250832079326E-4
2,7;135,-1.259524880809961E-4
2,57;452,-1.258807976275414E-4
2,329;337,-1.25721979564281E-4
2,225;251,-1.2567028841778543E-4
2,167;212,1.25503178252741E-4
2,7;407,-1.2540326494234327E-4
2,335;482,-1.2502185275514033E-4
2,105;227,1.2494658682079963E-4
2,232;241,1.2490461672275247E-4
2,40;236,1.2475699258842176E-4
2,115;135,1.2471915616230167E-4
2,208;366,1.2469860671493016E-4
2,109;477,1.2458983772785533E-4
2,185;447,-1.2457197363627197E-4
2,126;428,-1.244863532085911E-4
2,244;295,-1.2444103688269068E-4
2,267;366,-1.244174594387354E-4
2,337;466,1.243971640249151E-4
2,127;445,1.2439303775607072E-4
2,135;488,1.242066010952929E-4
2,66;373,-1.2414712484737174E-4
2,420;439,1.2409536257612056E-4
2,193;291,1.2405034267868494E-4
2,30;490,1.2404506839470202E-4
2,23;422,1.2402270115510354E-4
2,20;57,-1.2398243238001183E-4
2,416;452,-1.2396797192308238E-4
2,194;473,1.2393685303236442E-4
2,86;469,-1.23883366970581E-4
2,158;204,-1.2375295406091084E-4
2,31;87,1.237185251429298E-4
2,29;146,1.2371746417665484E-4
2,66;214,-1.2370889953003806E-4
2,403;420,1.2363265771382309E-4
2,105;243,-1.2362108340140837E-4
2,439;459,-1.2348081507867147E-4
2,289;308,1.2335904092776085E-4
2,164;401,1.232468124848622E-4
2,64;195,-1.231789070599529E-4
2,256;499,-1.2307019067723133E-4
2,265;284,-1.2305716712221994E-4
2,3;208,-1.2284461056702773E-4
2,99;368,-1.2283498175617687E-4
2,134;462,-1.2263623275010345E-4
2,281;356,1.2263261483549086E-4
2,140;209,1.2245236938789362E-4
2,121;319,1.22359936247612E-4
2,195;466,-1.2229572752894854E-4
2,267;434,1.2222610592848977E-4
2,17;258,1.2214199132163517E-4
2,238;241,1.220794403087762E-4
2,236;325,-1.2200174215639279E-4
2,245;473,1.219812132322865E-4
2,270;300,1.2192824329848195E-4
2,293;331,-1.2191666984180662E-4
2,386;404,1.2185233421088101E-4
2,460;475,-1.2183467375406168E-4
2,146;155,1.216157007121025E-4
2,273;333,-1.2145694453484348E-4
2,208;349,1.2129172120116089E-4
2,93;423,1.211642637612299E-4
2,267;467,1.2106863562035914E-4
2,117;313,-1.2104120661984064E-4
2,308;406,-1.2102022382559974E-4
2,14;119,-1.2097263690208013E-4
2,105;479,-1.2091184573939092E-4
2,115;448,-1.209096794734092E-4
2,58;131,-1.2085326679999647E-4
2,61;400,-1.2084080915379254E-4
2,262;315,-1.208351634585486E-4
2,92;422,1.2083286524076514E-4
2,15;297,-1.2078065752276485E-4
2,12;429,-1.2069879925012159E-4
2,96;358,1.2068203050242771E-4
2,136;217,-1.2067526480998026E-4
2,27;398,-1.2063283793436018E-4
2,113;296,-1.2055351405162657E-4
2,30;63,-1.2047334216549912E-4
2,362;395,1.2037815138494147E-4
2,207;310,-1.2037287370720434E-4
2,146;147,1.2036185478339957E-4
2,79;82,-1.2024700316639083E-4
2,32;76,-1.2008252739934736E-4
2,33;121,1.2008229567219503E-4
2,147;258,-1.1997271778803143E-4
2,8;383,1.1986692219652128E-4
2,322;408,1.1982875073565076E-4
2,257;378,1.1968733455008567E-4
2,330;344,1.1968099356441728E-4
2,96;337,-1.1962442886866614E-4
2,344;430,-1.1957212628881125E-4
2,348;489,-1.1954307353618183E-4
2,8;58,-1.19440685025303E-4
2,339;474,-1.1928346641358325E-4
2,395;459,1.1926365031331382E-4
2,116;275,1.1903608507939483E-4
2,66;201,1.189982548707782E-4
2,74;447,-1.1897803350726224E-4
2,12;496,-1.1897761901722159E-4
2,462;498,1.1885152973165846E-4
2,297;397,1.1856783253184192E-4
2,224;243,-1.1855440116093568E-4
2,114;337,1.1835552710811337E-4
2,24;256,1.181403061938806E-4
2,14;475,1.1798352093522074E-4
2,371;468,-1.178747298951622E-4
2,67;443,-1.177188511676619E-4
2,419;470,-1.1770103824679977E-4
2,234;410,-1.1767880346168256E-4
2,20;443,-1.1762135274531686E-4
2,66;474,-1.1761080069763736E-4
2,195;276,1.1738871615696841E-4
2,53;88,-1.1725275858295491E-4
2,126;386,-1.1715653853383249E-4
2,25;53,-1.1699371506317101E-4
2,190;284,-1.1681407544973799E-4
2,164;217,-1.1675723410109587E-4
2,214;258,-1.1656393183947599E-4
2,182;363,1.1650244509892196E-4
2,65;496,-1.1643310554018926E-4
2,156;381,-1.1636389376457988E-4
2,108;261,-1.1627051337063803E-4
2,61;307,1.1621700083470899E-4
2,67;182,1.1613893222930013E-4
2,190;457,1.160593230080233E-4
2,122;374,-1.1593764249591393E-4
2,182;407,1.158315262156422E-4
2,254;390,1.1580954553296571E-4
2,73;378,-1.1572372674581876E-4
2,230;355,1.1556782607372743E-4
2,33;181,1.1554310874653336E-4
2,137;242,1.1546427326808313E-4
2,57;289,-1.1544513517045857E-4
2,157;481,1.1533874798194888E-4
2,21;234,-1.1533441415653043E-4
2,160;291,1.1532259592974424E-4
2,474;499,1.1530860988536526E-4
2,158;451,1.1527168291970087E-4
2,168;334,-1.152166027681579E-4
2,218;260,-1.1518281225218253E-4
2,71;245,1.1516327818196043E-4
2,98;221,-1.151123050725324E-4
2,347;429,1.1476395498155607E-4
2,269;478,-1.1474777242882486E-4
2,230;388,1.1474636287464386E-4
2,214;464,-1.1464964462070129E-4
2,142;426,1.1463374523131165E-4
2,202;203,1.1459887234014665E-4
2,185;189,1.14118215388191E-4
2,241;288,-1.1405638005028158E-4
2,296;492,1.1386505827501607E-4
2,233;312,-1.1379574980091511E-4
2,146;426,-1.135523671232126E-4
2,198;206,1.1352881763603252E-4
2,122;491,-1.1352870036918031E-4
2,182;195,1.1333644833732388E-4
2,291;477,1.1332166157504003E-4
2,203;399,-1.132960068028718E-4
2,330;449,-1.1304783969505751E-4
2,182;302,-1.1298913048051585E-4
2,409;427,-1.128521769676209E-4
2,233;301,1.1284625768381482E-4
2,364;407,1.1279227782870599E-4
2,205;398,1.1276885076036236E-4
2,294;309,-1.1276056197643644E-4
2,412;487,-1.1274284046358931E-4
2,130;404,1.1273557826271967E-4
2,411;458,-1.1270871044181294E-4
2,33;322,1.126989621589635E-4
2,445;497,-1.1269812969316095E-4
2,296;349,-1.1264904178644404E-4
2,6;222,-1.1261965080376594E-4
2,182;183,-1.1244587907160278E-4
2,176;423,-1.124119312977349E-4
2,261;463,-1.1240686260338681E-4
2,113;454,-1.1237544242809714E-4
2,34;436,-1.1231487219825753E-4
2,184;371,1.1225616271911684E-4
2,115;361,-1.120750201089745E-4
2,18;63,-1.1204734671587225E-4
2,253;480,1.1197986653417098E-4
2,120;463,1.1195124000325068E-4
2,178;258,1.1192037579438259E-4
2,103;269,-1.119100501919996E-4
2,27;205,1.1166502466360966E-4
2,307;463,-1.1159045971983819E-4
2,342;404,-1.115727506317207E-4
2,73;261,1.1148176762076564E-4
2,304;368,-1.1147497917495107E-4
2,56;195,1.1147432340087732E-4
2,131;352,1.1139203168669074E-4
2,174;230,1.1109958459654225E-4
2,12;199,1.1092269010353991E-4
2,105;109,-1.108661561535105E-4
2,178;404,1.1082013975037102E-4
2,390;465,-1.1044566914824062E-4
2,7;420,-1.1034973752609512E-4
2,212;498,-1.1023823224897055E-4
2,133;389,1.1023556709868929E-4
2,7;236,-1.1019895253189366E-4
2,24;204,-1.1013537520381367E-4
2,33;485,-1.099038294836656E-4
2,139;454,1.0986196700502043E-4
2,179;432,1.0986124546612133E-4
2,279;331,-1.0978966936980987E-4
2,182;197,1.0975405811785606E-4
2,307;451,1.0973620229085928E-4
2,46;271,1.0969027991785908E-4
2,275;383,-1.0963519326019481E-4
2,173;227,1.0960818691656663E-4
2,44;110,1.0960254058662787E-4
2,19;362,1.0958547649312138E-4
2,258;380,-1.09481962615384E-4
2,45;82,1.0946124265084756E-4
2,213;422,-1.0944693571553683E-4
2,10;494,-1.0943563428506483E-4
2,35;282,-1.0937512316740115E-4
2,131;368,1.0936724873656905E-4
2,142;202,-1.0910924568117559E-4
2,371;479,1.091067246865485E-4
2,84;384,-1.0910012424656637E-4
2,61;326,-1.0881406847608108E-4
2,110;394,-1.0879649669052316E-4
2,430;454,1.0875425630194317E-4
2,169;252,1.0874401039298756E-4
2,118;335,-1.0856857842930465E-4
2,101;223,-1.085200677758405E-4
2,170;491,1.0849926644052603E-4
2,25;60,1.0839082482822137E-4
2,111;131,-1.0829040617016415E-4
2,19;421,1.0827138374227736E-4
2,127;257,1.0799798627843196E-4
2,84;432,-1.0790121567231552E-4
2,50;342,1.078350775351668E-4
2,205;258,1.0769788509629273E-4
2,86;372,-1.0751172938603061E-4
2,182;214,-1.071028174632653E-4
2,56;236,1.070174710261698E-4
2,117;439,1.0699759812560344E-4
2,299;447,-1.0698660364753442E-4
2,86;135,1.068889392015191E-4
2,176;331,1.068406705250977E-4
2,205;282,-1.0681028476300619E-4
2,392;444,1.0678837336225211E-4
2,72;407,-1.067396371163113E-4
2,78;203,-1.0660760569752153E-4
2,287;402,1.0642513119753741E-4
2,85;362,-1.061968691520158E-4
2,58;238,-1.0613707198126423E-4
2,21;477,1.0613376551813565E-4
2,241;273,-1.0594767302440683E-4
2,155;191,1.0593388909367724E-4
2,237;459,-1.0579663898659916E-4
2,422;483,-1.0568630278430669E-4
2,13;467,1.0552451453914304E-4
2,63;156,-1.0546892166217585E-4
2,129;133,-1.0534334852440272E-4
2,16;477,1.0532799743544834E-4
2,183;279,-1.0524786762112552E-4
2,303;468,1.0520419694650985E-4
2,53;83,-1.0498433025377468E-4
2,119;441,-1.0497583720179211E-4
2,411;449,-1.0487940275797858E-4
2,309;497,-1.0479292217977473E-4
2,296;391,-1.0466846233728808E-4
2,115;483,1.044914354823622E-4
2,127;439,-1.043941507699754E-4
2,158;264,-1.0429163528454836E-4
2,274;473,-1.0423274422362136E-4
2,30;301,-1.0418885577899801E-4
2,362;494,1.041549618368585E-4
2,228;489,-1.0408966041968481E-4
2,244;438,1.0407795955758562E-4
2,92;268,1.0402398476114991E-4
2,47;170,1.0394203123769303E-4
2,325;347,-1.0393115653475985E-4
2,155;256,1.0377816479982892E-4
2,237;347,-1.0377583144107711E-4
2,77;331,1.0375786479018493E-4
2,20;492,-1.0372784755561906E-4
2,135;376,1.0371723937471262E-4
2,13;315,-1.0366396503068114E-4
2,170;175,1.0359773259681071E-4
2,10;398,1.0358238922292624E-4
2,171;260,-1.0353494764130676E-4
2,55;409,1.0343817640459343E-4
2,362;399,-1.034379609126459E-4
2,246;263,1.0337747561629897E-4
2,225;303,-1.0335662750980312E-4
2,120;345,1.0333601947043094E-4
2,16;149,1.0331037690746588E-4
2,202;238,1.0326489053672727E-4
2,134;314,-1.0324285298996163E-4
2,8;422,-1.0317148345332518E-4
2,448;483,1.0310213211427653E-4
2,445;461,1.0297200726451763E-4
2,355;471,1.0283489754928282E-4
2,269;499,1.0277496549617982E-4
2,102;130,1.027704304945759E-4
2,297;356,-1.026696811579656E-4
2,49;130,1.0249089418601804E-4
2,349;358,1.0245225609272962E-4
2,226;331,1.023510818268649E-4
2,20;278,-1.0222593802377721E-4
2,157;441,-1.0221073372535537E-4
2,268;422,-1.021502944427051E-4
2,280;290,1.0214152980731523E-4
2,347;460,1.0206335231814939E-4
2,372;374,1.0202583623646764E-4
2,425;433,-1.019302437568039E-4
2,200;386,-1.0192329079815143E-4
2,114;294,1.0175810129498668E-4
2,48;487,1.0172018746142477E-4
2,268;310,1.0166109129648434E-4
2,156;336,-1.0165012923318277E-4
2,119;430,1.0148347693474296E-4
2,120;126,1.0136312497598873E-4
2,43;461,-1.0128891892291986E-4
2,111;169,1.0124398022389911E-4
2,256;301,-1.0123900990214595E-4
2,257;339,1.011140409673748E-4
2,63;382,-1.0106172078230889E-4
2,36;37,1.0100382162508346E-4
2,24;459,-1.0096068865619496E-4
2,189;380,1.0088270906342191E-4
2,206;307,1.0069065393024913E-4
2,194;326,-1.0064261602142836E-4
2,33;489,-1.0054756909654347E-4
2,131;477,1.0053923408271584E-4
2,115;240,1.0052862609555905E-4
2,311;453,1.003671391838783E-4
2,60;289,1.0024796737460725E-4
2,22;468,-1.001744622139508E-4
2,94;423,-1.0016205972603002E-4
2,259;320,1.0011429905422306E-4
2,322;424,1.00081514832688E-4
2,47;117,-1.0005026726944912E-4
2,39;262,-1.0004233219167022E-4
2,276;466,9.997427075198041E-5
2,427;464,-9.98388158314796E-5
2,296;495,9.982843623958129E-5
2,71;402,-9.977098051209765E-5
2,143;300,-9.969294525522944E-5
2,255;323,9.953898551257516E-5
2,25;460,9.950501451860549E-5
2,164;249,-9.948439775408474E-5
2,188;399,9.946006061850044E-5
2,42;86,9.9419057553509E-5
2,1;74,-9.932763238184537E-5
2,363;381,-9.897370008474711E-5
2,177;409,9.868332628714856E-5
2,96;443,-9.864557770571322E-5
2,167;219,9.858816721290484E-5
2,285;491,9.838732328194287E-5
2,370;409,-9.834037277878707E-5
2,126;404,-9.822204030866706E-5
2,106;331,-9.815603224758213E-5
2,84;436,9.795212859659493E-5
2,119;361,-9.784808197528483E-5
2,257;296,-9.772303561047227E-5
2,183;334,9.765617919642849E-5
2,102;392,9.76414414649825E-5
2,26;55,9.762367389743593E-5
2,111;454,9.749601364104663E-5
2,189;411,9.748391198326263E-5
2,262;399,-9.746720243653819E-5
2,75;271,9.740473200145773E-5
2,152;487,-9.73977892928562E-5
2,222;262,-9.726664709811094E-5
2,288;312,9.721420570351417E-5
2,26;207,9.717754684787011E-5
2,134;492,-9.715029657997332E-5
2,21;196,9.709923916548284E-5
2,182;485,-9.707901485225487E-5
2,117;444,9.685905492312096E-5
2,144;263,9.667286891504216E-5
2,129;460,9.667008836028367E-5
2,96;468,-9.656406967528073E-5
2,66;225,9.650486779093739E-5
2,62;239,9.641570698895751E-5
2,31;291,-9.638027447653962E-5
2,367;380,9.627506163507916E-5
2,7;45,-9.60920882812521E-5
2,327;343,9.600794924088103E-5
2,19;391,-9.592619159741928E-5
2,335;390,9.588228688578455E-5
2,243;266,9.5847418684824E-5
2,115;374,9.565522037957341E-5
2,31;362,-9.564179443222832E-5
2,205;296,-9.546775401734892E-5
2,80;456,9.531648992958927E-5
2,282;291,9.522339331543468E-5
2,0;98,9.500981487520111E-5
2,286;430,9.487624688546063E-5
2,15;55,-9.482950846228966E-5
2,174;379,9.482731705202761E-5
2,32;106,9.464568442755521E-5
2,95;358,9.459032044788826E-5
2,404;438,-9.442109943179516E-5
2,174;368,-9.44085509542382E-5
2,274;342,9.432286350538874E-5
2,4;74,-9.429121076610546E-5
2,55;244,9.425815732708574E-5
2,86;497,9.41655869140693E-5
2,390;457,-9.406929788791904E-5
2,416;456,-9.379455882789828E-5
2,133;422,9.373458023178555E-5
2,11;414,-9.37156309784449E-5
2,276;321,9.366291097855804E-5
2,176;203,9.362410713156685E-5
2,281;357,9.360662647722768E-5
2,241;333,-9.357911166120476E-5
2,187;483,-9.348403871878691E-5
2,285;461,9.347032501067915E-5
2,204;412,-9.346142610218948E-5
2,51;294,-9.344878617773534E-5
2,415;422,-9.328954156573043E-5
2,264;464,-9.322256355047242E-5
2,62;312,9.321239309051359E-5
2,123;394,9.290559378999138E-5
2,45;231,-9.27302073106738E-5
2,37;174,9.268028375259264E-5
2,354;488,9.260621072074713E-5
2,274;417,9.253750505584111E-5
2,10;475,9.223583850978358E-5
2,17;403,9.213590412031713E-5
2,252;430,-9.209889090292713E-5
2,172;398,9.202388088490476E-5
2,380;394,-9.187654132888978E-5
2,169;306,9.187638139046031E-5
2,354;479,9.172718139023418E-5
2,159;372,-9.161280932248897E-5
2,228;323,-9.155333925810893E-5
2,35;150,9.150192031635831E-5
2,149;183,-9.144523226222015E-5
2,105;315,-9.142785179010022E-5
2,247;422,-9.138313169603791E-5
2,93;94,-9.134572145567602E-5
2,137;342,9.131468039972334E-5
2,8;131,9.131051566736234E-5
2,107;164,9.129957204159544E-5
2,249;287,9.125739097880448E-5
2,157;176,9.113791615473983E-5
2,187;323,-9.105905186591919E-5
2,436;445,-9.097953105314898E-5
2,45;496,9.093893406857791E-5
2,152;482,-9.090755546706278E-5
2,99;197,9.08884690593462E-5
2,2;424,9.087532495555189E-5
2,464;491,9.081847219864855E-5
2,64;444,-9.072966745032878E-5
2,24;177,-9.069731336505384E-5
2,82;455,9.050940788329318E-5
2,31;400,9.040761481069543E-5
2,183;454,-9.034147611989742E-5
2,16;184,-9.029134352816531E-5
2,16;301,9.028512855128026E-5
2,249;401,-9.027663765113011E-5
2,25;231,9.01312724087514E-5
2,270;492,9.009709342215885E-5
2,145;318,-9.000000571729096E-5
2,13;454,-8.983405139060596E-5
2,24;112,-8.97641682598404E-5
2,77;483,8.961744546686024E-5
2,409;431,-8.961379131733853E-5
2,282;390,8.958670995552604E-5
2,191;256,8.957396856653152E-5
2,63;337,8.954840120614914E-5
2,273;276,-8.948403767983823E-5
2,400;499,-8.93890528588432E-5
2,0;216,8.935388766333715E-5
2,92;444,-8.931491065168048E-5
2,96;438,-8.931454039829521E-5
2,241;395,8.922620916689836E-5
2,44;222,-8.919357016329426E-5
2,72;234,-8.914441844418502E-5
2,101;121,8.896258659387942E-5
2,56;417,8.894280442223309E-5
2,458;496,-8.893852044384894E-5
2,233;448,-8.890589668874098E-5
2,221;291,8.879895745496992E-5
2,14;156,8.839449798609558E-5
2,74;283,-8.816995641156411E-5
2,360;419,8.81537781762062E-5
2,186;237,8.802192642120866E-5
2,106;208,8.787428503285297E-5
2,100;419,-8.78239867430137E-5
2,208;489,8.780969962644623E-5
2,32;140,-8.76370105192437E-5
2,147;483,-8.754121999653247E-5
2,156;355,-8.75262194782589E-5
2,198;404,-8.743901372771135E-5
2,52;75,8.741947070732422E-5
2,52;201,-8.739774624909178E-5
2,209;281,-8.728994570941579E-5
2,27;217,8.714534276116844E-5
2,230;385,8.697524580875372E-5
2,103;478,8.691209619372587E-5
2,208;255,-8.682360272032607E-5
2,362;389,8.676561465447752E-5
2,77;92,8.672165931397071E-5
2,55;296,-8.670513371490891E-5
2,411;482,-8.665948552734184E-5
2,41;413,8.652444956903548E-5
2,33;276,-8.645246908675886E-5
2,119;192,8.632281165393868E-5
2,6;206,8.625087294454875E-5
2,14;38,-8.624607661121551E-5
2,156;339,8.621719402233478E-5
2,55;431,-8.603626783431617E-5
2,143;344,8.603480660065898E-5
2,159;244,-8.603447120090494E-5
2,96;491,-8.593817596503386E-5
2,57;92,-8.591529465812755E-5
2,253;407,8.585404223749221E-5
2,231;462,-8.566893151243353E-5
2,367;481,8.556646705440715E-5
2,252;274,-8.538704167424592E-5
2,16;238,8.537924509968138E-5
2,224;388,8.534597742767789E-5
2,289;452,-8.533668034565638E-5
2,167;340,-8.529652208494992E-5
2,105;224,8.520165232298194E-5
2,63;275,-8.516027448476439E-5
2,124;379,8.507648894026639E-5
2,293;464,8.497137235121958E-5
2,63;313,-8.493663991160999E-5
2,13;105,-8.490838906336686E-5
2,17;21,-8.479858854407091E-5
2,320;441,-8.473704026220118E-5
2,46;280,-8.469157856838152E-5
2,6;427,8.46246863702372E-5
2,101;373,8.44613863715519E-5
2,205;424,-8.44425853442951E-5
2,208;368,8.438128833066879E-5
2,60;123,8.434271600446455E-5
2,302;358,8.399518881078794E-5
2,68;225,-8.395046906819891E-5
2,116;363,-8.389874749828064E-5
2,274;438,-8.372546702345641E-5
2,309;387,-8.368795852415168E-5
2,19;210,8.3583786450736E-5
2,79;364,-8.356218118321154E-5
2,35;283,8.350113856376585E-5
2,143;479,-8.340400896287007E-5
2,142;290,8.328328510351485E-5
2,362;492,-8.316865618378672E-5
2,109;315,-8.302296752546731E-5
2,78;489,8.29477483292832E-5
2,47;71,8.29153351187049E-5
2,246;448,-8.28455999939156E-5
2,211;466,8.28341337056556E-5
2,121;325,-8.277582420074383E-5
2,103;150,-8.27043727657635E-5
2,36;174,-8.261939295843144E-5
2,6;405,8.25874640510727E-5
2,203;366,-8.228809901246067E-5
2,272;475,-8.22831384953701E-5
2,19;270,8.226320370891128E-5
2,143;370,-8.22258627802155E-5
2,251;489,8.220298790306321E-5
2,407;480,-8.218581594372964E-5
2,289;394,8.214991537965459E-5
2,34;485,-8.210813549006961E-5
2,50;335,-8.200631243505759E-5
2,44;431,8.19478906564624E-5
2,3;353,-8.192724059635845E-5
2,138;233,8.180428241369241E-5
2,274;423,-8.176937517631739E-5
2,99;454,8.158028194195954E-5
2,146;193,8.144677651937242E-5
2,126;410,8.143509643709626E-5
2,232;395,8.134945258026975E-5
2,67;213,8.134420891879964E-5
2,7;299,8.129709525500658E-5
2,294;424,-8.126021840791928E-5
2,99;229,-8.122288226821067E-5
2,118;293,8.118459697042368E-5
2,201;426,8.115416707012076E-5
2,32;126,8.109119224067868E-5
2,411;493,8.102853233335555E-5
2,279;319,8.091988745306022E-5
2,12;458,-8.091304363974622E-5
2,82;110,8.087598272492412E-5
2,230;278,8.065538978511932E-5
2,93;139,-8.063371370590758E-5
2,121;315,-8.060270042020537E-5
2,144;377,-8.049637024393322E-5
2,48;149,-8.041159330927075E-5
2,243;493,-8.038583475336098E-5
2,214;269,8.036834962220671E-5
2,313;374,-8.033656099708053E-5
2,161;497,-8.018006588633147E-5
2,447;487,8.009010713092082E-5
2,132;464,7.997620111667253E-5
2,284;477,-7.981684131832119E-5
2,110;130,7.978635323320211E-5
2,5;344,7.977844477737256E-5
2,53;406,-7.977076625046314E-5
2,73;334,-7.97314017196947E-5
2,196;228,-7.970806986262113E-5
2,295;411,7.963990752833399E-5
2,170;323,-7.963028535312001E-5
2,422;497,-7.950190929772607E-5
2,60;231,7.949697869910288E-5
2,440;452,-7.946131422006178E-5
2,65;454,7.943778464572339E-5
2,52;239,7.934397879632798E-5
2,344;402,7.93186755320054E-5
2,335;460,7.931154678549384E-5
2,285;471,7.917111102316899E-5
2,94;105,7.916995425901253E-5
2,33;156,-7.899855208460572E-5
2,92;308,7.884656413199278E-5
2,216;327,7.884551788849796E-5
2,284;393,-7.881847469709525E-5
2,291;413,7.87817658412787E-5
2,282;488,7.875841372556338E-5
2,249;338,-7.873872046740777E-5
2,256;448,-7.868201923389362E-5
2,71;287,-7.855512697824695E-5
2,4;155,7.847354540429118E-5
2,166;314,7.818998160981763E-5
2,82;208,7.800874089816885E-5
2,442;472,-7.798123918963171E-5
2,298;325,-7.792063184452695E-5
2,98;128,7.779468313918836E-5
2,323;395,7.765899751995954E-5
2,258;497,7.754758500480935E-5
2,114;157,-7.754039619013932E-5
2,71;303,7.730703539030895E-5
2,78;148,-7.723110682570218E-5
2,83;171,7.715960811333663E-5
2,33;341,7.711589342829503E-5
2,82;266,-7.710005368005551E-5
2,347;489,7.709039502343227E-5
2,243;324,7.702290612949705E-5
2,34;339,-7.692781216334175E-5
2,238;472,-7.657402906269012E-5
2,84;332,-7.647474252971797E-5
2,60;410,7.623235546686788E-5
2,475;494,7.597897267016981E-5
2,113;303,-7.584910768466657E-5
2,329;332,7.583099224608698E-5
2,9;447,7.56032482043389E-5
2,315;451,-7.557946754645448E-5
2,242;266,-7.556796001435197E-5
2,9;454,7.540920007175389E-5
2,4;297,-7.540308842399718E-5
2,153;246,7.519272359500318E-5
2,72;128,7.515126162437276E-5
2,17;419,7.508129007182369E-5
2,61;344,-7.506978271072171E-5
2,26;128,7.50632645767286E-5
2,222;307,-7.497555938870432E-5
2,266;488,-7.474413562036523E-5
2,31;427,7.442021780860653E-5
2,276;311,7.437521541282219E-5
2,24;275,7.43601467879402E-5
2,23;297,7.433496635014993E-5
2,17;98,7.429932450902546E-5
2,294;473,7.418940673118221E-5
2,221;244,7.413438395377088E-5
2,41;88,-7.406187327262162E-5
2,103;176,7.405539123083773E-5
2,132;355,7.387178765499914E-5
2,398;427,7.362922955027428E-5
2,158;170,7.361695476740817E-5
2,5;328,7.348164306341919E-5
2,66;171,-7.331748306407751E-5
2,368;472,7.31985615751025E-5
2,145;323,-7.317725299286004E-5
2,281;472,7.317702537900266E-5
2,357;419,7.316881427800977E-5
2,104;312,7.297633104127982E-5
2,248;491,7.294764885545448E-5
2,120;266,7.292999243868927E-5
2,92;364,-7.281096182050885E-5
2,156;327,7.261107496985426E-5
2,80;233,-7.252782963006741E-5
2,407;486,7.247904142447506E-5
2,13;256,-7.247752977556997E-5
2,31;408,-7.240925619736845E-5
2,227;463,7.24068514642623E-5
2,81;290,7.239055753956758E-5
2,355;439,7.235836237408011E-5
2,110;455,7.2307628291236E-5
2,74;159,7.228412179034536E-5
2,64;260,7.21815929338389E-5
2,77;279,7.211312933551588E-5
2,24;370,7.204303877472016E-5
2,133;434,-7.199042686244645E-5
2,17;357,-7.185589102566618E-5
2,64;207,7.178459559606848E-5
2,117;407,-7.177648000528125E-5
2,172;238,-7.172057909016033E-5
2,285;484,7.169007335885045E-5
2,298;394,7.16502586206237E-5
2,140;362,-7.144808920726836E-5
2,193;369,-7.1422800865987E-5
2,40;56,-7.141129782387858E-5
2,20;477,-7.125809123451731E-5
2,35;159,-7.121033649121005E-5
2,120;271,7.118427668089201E-5
2,97;121,7.112095676203029E-5
2,31;223,7.106409684722831E-5
2,119;158,-7.105135081959646E-5
2,417;448,-7.104779853246603E-5
2,43;96,7.103941193819252E-5
2,64;91,-7.100663748029456E-5
2,36;361,7.085590590197552E-5
2,35;71,-7.07815869408384E-5
2,351;409,7.05503222176175E-5
2,11;272,7.045323140027927E-5
2,420;485,-7.038799671468992E-5
2,135;496,-7.037726026414243E-5
2,237;499,7.021881667836316E-5
2,71;216,6.973446262793772E-5
2,95;157,6.968924297497585E-5
2,184;295,6.955642274111155E-5
2,477;495,-6.944739951273575E-5
2,95;109,-6.944268388259779E-5
2,183;473,-6.93485035008209E-5
2,74;147,6.916092151702889E-5
2,157;345,-6.911482578568869E-5
2,77;145,6.902160025373206E-5
2,352;388,6.898262403152285E-5
2,100;479,6.889770678152202E-5
2,144;383,-6.888850684136328E-5
2,348;464,-6.88375669305806E-5
2,190;329,6.882624400845222E-5
2,377;490,-6.879994818470315E-5
2,2;435,6.878254126518067E-5
2,346;354,-6.877390793660943E-5
2,84;193,-6.851407633764881E-5
2,258;300,6.850412218922553E-5
2,100;366,6.849255315991942E-5
2,185;474,-6.846491150073086E-5
2,229;393,6.827150830437858E-5
2,260;296,6.824306668943184E-5
2,102;454,-6.824063755975446E-5
2,344;499,-6.823363361810656E-5
2,110;413,6.807083414803979E-5
2,130;306,-6.802883618929954E-5
2,177;370,6.795879329876097E-5
2,26;261,-6.784137446910324E-5
2,12;168,6.779760167915313E-5
2,45;299,-6.766564826921593E-5
2,276;474,6.763299210920378E-5
2,428;458,-6.76278032038789E-5
2,326;330,-6.758731719070262E-5
2,32;203,-6.749247325305264E-5
2,38;475,-6.739674231203957E-5
2,292;308,6.722860899233948E-5
2,63;354,-6.71090682113209E-5
2,242;281,-6.710310234132304E-5
2,347;372,-6.700024544067611E-5
2,43;310,-6.696494629384553E-5
2,130;163,6.68645857238051E-5
2,75;494,6.675995868632E-5
2,257;343,6.674906217984567E-5
2,29;204,6.67236729200173E-5
2,183;365,6.652242121281812E-5
2,105;221,-6.651880345226796E-5
2,206;429,-6.639100330476619E-5
2,170;496,6.629716520791479E-5
2,374;491,-6.620201501394563E-5
2,60;416,6.618477722479321E-5
2,271;395,-6.606781582962349E-5
2,111;330,-6.600662428963041E-5
2,45;492,6.598410815976218E-5
2,33;327,6.589842463675212E-5
2,58;67,-6.585939326391568E-5
2,105;371,6.581917776985205E-5
2,48;213,-6.576234933999187E-5
2,171;218,-6.569913492337433E-5
2,25;51,6.568910482665375E-5
2,17;497,6.568307933943257E-5
2,110;118,-6.564676344903309E-5
2,43;256,6.564676031060685E-5
2,190;421,-6.557572571184651E-5
2,239;484,6.53549099316872E-5
2,39;318,-6.535172055029443E-5
2,90;243,-6.531632632412794E-5
2,100;121,-6.52543669618478E-5
2,407;420,6.523432141339954E-5
2,19;492,-6.52129083844604E-5
2,127;221,6.519405668956413E-5
2,314;367,6.516039223936488E-5
2,286;372,-6.509124693875847E-5
2,85;391,6.508763624487037E-5
2,340;431,6.500438468745922E-5
2,171;217,6.500036297910209E-5
2,157;363,6.499563095251237E-5
2,281;333,-6.498457757354737E-5
2,206;405,-6.496310867117017E-5
2,19;217,6.493374837170966E-5
2,403;419,-6.477087102255191E-5
2,304;380,-6.476226056385092E-5
2,138;308,-6.472218968811192E-5
2,124;194,6.472176646104293E-5
2,51;445,6.468826229204472E-5
2,293;493,6.434367233029376E-5
2,226;384,6.426711538267516E-5
2,203;323,-6.413801870797124E-5
2,296;417,-6.406707984638093E-5
2,112;417,6.399792110617278E-5
2,23;178,-6.395060382132342E-5
2,187;429,6.361074283336261E-5
2,381;417,6.357014470634183E-5
2,158;293,-6.342136235498585E-5
2,254;464,-6.340592859618343E-5
2,311;407,-6.319164095121136E-5
2,167;315,6.313626934500881E-5
2,94;422,6.311920913857435E-5
2,31;460,-6.309988521747994E-5
2,158;414,-6.259967191166932E-5
2,104;411,-6.254647808304401E-5
2,9;430,6.250502960665126E-5
2,12;399,-6.231780335095037E-5
2,94;167,6.229263541001052E-5
2,59;206,6.226844154896487E-5
2,76;172,6.22406944925228E-5
2,256;483,6.215909723514307E-5
2,66;464,6.210480195682292E-5
2,17;138,6.210437703286173E-5
2,141;170,6.202483008641875E-5
2,90;111,6.192571529888366E-5
2,119;320,-6.182615993597183E-5
2,486;498,-6.180226453330116E-5
2,329;445,6.177602168747737E-5
2,303;374,6.174911597147379E-5
2,178;320,6.171106307481225E-5
2,42;497,6.170121882148846E-5
2,201;484,6.167252134321041E-5
2,28;108,6.157677787105761E-5
2,51;288,-6.148702365747062E-5
2,261;310,-6.138952985965301E-5
2,128;394,6.135229809325671E-5
2,221;445,6.125268683827931E-5
2,116;302,6.120175822419736E-5
2,71;316,6.116568170423373E-5
2,319;325,-6.115473571088336E-5
2,60;308,-6.115051830807823E-5
2,110;186,6.103836800081746E-5
2,55;397,-6.0801526802173074E-5
2,126;446,6.070239637938432E-5
2,213;483,-6.051547682156279E-5
2,74;448,6.0355320142398005E-5
2,226;408,-6.0353392851255056E-5
2,261;362,6.0294547490352556E-5
2,93;239,-6.0218288720887135E-5
2,1;186,6.009877960615065E-5
2,278;446,-5.995284570185323E-5
2,254;435,-5.992911163816629E-5
2,238;308,-5.991616891776827E-5
2,237;250,5.9866481304940834E-5
2,26;108,-5.982635386347893E-5
2,355;448,5.97871140687074E-5
2,340;373,5.9783748623585086E-5
2,94;296,-5.976670808992335E-5
2,111;344,5.966590426888309E-5
2,79;286,-5.96483157296408E-5
2,135;399,-5.95145712334719E-5
2,312;356,-5.9477619592899936E-5
2,85;420,-5.9220336701370377E-5
2,210;482,-5.9207093349671584E-5
2,27;341,-5.916831869700981E-5
2,92;200,-5.9128248250565965E-5
2,38;97,5.910096401672231E-5
2,114;221,-5.889146849763846E-5
2,103;299,-5.880035397176356E-5
2,184;252,-5.857797437138915E-5
2,56;120,5.850231490980992E-5
2,12;412,5.847682601999767E-5
2,47;264,-5.8449721827536635E-5
2,292;498,5.8428229402391685E-5
2,4;112,-5.832425970993184E-5
2,127;355,-5.8286180518344614E-5
2,181;470,-5.8248249123793563E-5
2,158;453,-5.820665469601999E-5
2,437;481,-5.8121625345457506E-5
2,89;445,5.806846543726463E-5
2,30;272,5.8008943652537646E-5
2,403;439,5.774672710519428E-5
2,23;454,5.772206490901144E-5
2,66;295,-5.759291994134411E-5
2,246;414,-5.7553648032355976E-5
2,47;141,-5.7528825138878694E-5
2,12;187,-5.749247386026887E-5
2,180;337,-5.7469213088350636E-5
2,111;490,-5.744284088578513E-5
2,451;463,-5.731355965874864E-5
2,295;481,5.730126919924694E-5
2,396;397,-5.721397306312008E-5
2,182;432,5.718004278543207E-5
2,7;487,-5.7048762416789525E-5
2,147;452,-5.698255294790505E-5
2,7;447,5.686831274468518E-5
2,261;387,-5.672445584430734E-5
2,76;430,5.666279197386692E-5
2,81;380,5.66450972752988E-5
2,46;294,5.658230226320624E-5
2,289;419,-5.6468727667460306E-5
2,114;470,-5.6445704193697514E-5
2,397;417,5.6303425877283654E-5
2,66;115,-5.6269757875065384E-5
2,158;311,5.626549100731052E-5
2,142;320,5.624603248483412E-5
2,392;474,-5.62068722464283E-5
2,95;388,5.619035827629295E-5
2,399;491,-5.617502925228227E-5
2,16;484,-5.602662427416177E-5
2,302;356,-5.592998444285463E-5
2,59;198,5.587244119060634E-5
2,102;404,5.5865515283956835E-5
2,288;499,-5.585758545468632E-5
2,8;359,-5.581422167709671E-5
2,309;479,-5.574618030198376E-5
2,166;227,-5.5724783043514385E-5
2,98;420,-5.570995858075689E-5
2,445;493,-5.568874685326474E-5
2,47;320,-5.565004223561969E-5
2,20;122,5.5642641359822246E-5
2,56;492,5.54687842612787E-5
2,136;164,5.537421913403125E-5
2,133;179,-5.5372692845863273E-5
2,427;460,-5.527398961160687E-5
2,152;210,-5.5254822224495984E-5
2,98;244,-5.5168406852934255E-5
2,183;379,5.511692015957776E-5
2,43;434,5.507433754889296E-5
2,135;305,-5.474837118273765E-5
2,23;191,5.4702835944638387E-5
2,33;277,5.4684691664409856E-5
2,61;259,-5.468357217563362E-5
2,225;481,5.465695914478011E-5
2,71;425,5.4596141663542513E-5
2,211;254,-5.458922599502973E-5
2,2;359,5.439368824210155E-5
2,240;331,5.434405436343785E-5
2,39;188,-5.433011196044153E-5
2,263;443,-5.431026977284746E-5
2,272;414,-5.430094860366189E-5
2,326;344,-5.4298291949875246E-5
2,196;472,5.428829945799481E-5
2,170;214,5.425189911997014E-5
2,157;422,5.4159986543025496E-5
2,372;403,-5.408461541510687E-5
2,362;496,-5.405229867842425E-5
2,5;68,-5.38052480069084E-5
2,253;291,-5.380462594813777E-5
2,4;158,-5.372757682163136E-5
2,139;446,-5.370208489901558E-5
2,64;419,-5.3659511061143555E-5
2,227;494,-5.3585499216864E-5
2,159;347,-5.354421943548842E-5
2,174;432,-5.353520087906147E-5
2,147;311,5.347884308784341E-5
2,59;173,-5.343143912481832E-5
2,106;441,-5.339936844729278E-5
2,157;442,-5.329933964470468E-5
2,271;492,5.325035949258304E-5
2,188;253,5.31880749786173E-5
2,183;338,-5.316234389777563E-5
2,78;281,-5.3087462418625996E-5
2,359;378,-5.307750542648157E-5
2,84;254,5.294196098922777E-5
2,65;458,-5.2887681912896806E-5
2,272;477,-5.284513274679999E-5
2,318;355,-5.2795704959059625E-5
2,171;225,-5.269929849170045E-5
2,411;452,-5.265175106500195E-5
2,80;197,-5.231522951045338E-5
2,162;352,-5.2289961541719165E-5
2,22;426,5.223388789323424E-5
2,127;377,-5.2188195702609245E-5
2,163;351,-5.217716856266941E-5
2,201;214,-5.21484139742843E-5
2,88;244,-5.2076100884482863E-5
2,26;310,5.190156737259819E-5
2,60;126,-5.188558065819898E-5
2,326;400,5.17299869329015E-5
2,97;479,-5.1705564815107906E-5
2,254;367,-5.165986755611349E-5
2,20;117,-5.16262480486258E-5
2,121;301,-5.133647197115043E-5
2,199;420,5.126507318444541E-5
2,182;245,5.11902251416821E-5
2,26;169,-5.104609707039834E-5
2,71;172,5.10302440489944E-5
2,4;341,5.101051917503144E-5
2,97;392,-5.0981858410018176E-5
2,24;198,-5.090105970715893E-5
2,349;353,5.088331796355025E-5
2,108;296,5.0713868833201836E-5
2,56;340,5.0706875490342934E-5
2,12;489,5.069579046110229E-5
2,13;109,5.0682904722250235E-5
2,107;420,-5.0674662106106395E-5
2,121;262,-5.06391959880029E-5
2,32;87,5.063814459985182E-5
2,375;379,-5.049559878989281E-5
2,136;274,5.039817131708996E-5
2,32;209,-5.028400332882491E-5
2,43;415,5.016029793340129E-5
2,82;478,-5.015835173089063E-5
2,326;453,5.007675386351915E-5
2,79;335,5.0055019437387756E-5
2,222;428,5.000970362562758E-5
2,28;318,-4.9908136594699755E-5
2,91;497,4.988163394169848E-5
2,27;427,-4.969459390781778E-5
2,291;310,4.964427909678815E-5
2,228;284,4.964255048276653E-5
2,2;254,-4.963069524774594E-5
2,145;460,-4.959174424613863E-5
2,69;99,-4.936459612697697E-5
2,111;434,-4.9301881375841256E-5
2,120;492,4.922975876671733E-5
2,157;206,4.919524607146368E-5
2,269;474,4.9170306374799884E-5
2,117;139,-4.9141108410319854E-5
2,100;267,4.913776167840167E-5
2,348;472,-4.908893529451383E-5
2,121;356,-4.905698357548498E-5
2,6;168,4.897238516142344E-5
2,271;459,4.887517400738632E-5
2,160;230,-4.8812617011609746E-5
2,105;439,4.8804923489286E-5
2,191;454,4.87888053877001E-5
2,70;281,4.878619361701668E-5
2,43;242,4.871601575700585E-5
2,375;484,-4.870312166406066E-5
2,373;415,-4.8698561031308094E-5
2,223;374,4.8633017277468234E-5
2,15;397,-4.8624391246891805E-5
2,77;422,4.859190301337058E-5
2,84;154,-4.8408584340446054E-5
2,57;355,-4.838512925992103E-5
2,143;340,4.834991424291664E-5
2,126;244,-4.829325945768184E-5
2,118;281,4.8277002271834446E-5
2,16;80,-4.822924777387257E-5
2,329;472,4.8223028046991564E-5
2,158;450,4.817576759774123E-5
2,275;499,4.805262007451415E-5
2,97;444,-4.8038471088357766E-5
2,190;281,4.797372096485725E-5
2,121;250,-4.794693488755969E-5
2,294;479,4.786842979273358E-5
2,24;453,-4.778499070552353E-5
2,74;138,-4.778330145525002E-5
2,99;373,4.777413216193897E-5
2,248;267,4.7765117186211236E-5
2,211;286,-4.773769618339273E-5
2,36;319,-4.773439240576158E-5
2,312;411,4.7676196438618704E-5
2,24;353,-4.7536219717075365E-5
2,296;370,4.736967667627537E-5
2,337;468,4.7360541239702484E-5
2,94;461,-4.7357429231277977E-5
2,243;459,4.733563514580477E-5
2,199;288,-4.7318138041722675E-5
2,167;488,4.707687988760055E-5
2,33;476,4.705754198921085E-5
2,417;438,4.70422481645755E-5
2,347;497,4.699203842727637E-5
2,83;255,-4.683954952436514E-5
2,146;496,4.672997697417586E-5
2,245;326,-4.668255454833273E-5
2,55;128,4.647759581287142E-5
2,43;498,4.639869127137654E-5
2,12;23,-4.622196813576626E-5
2,90;360,4.618813167141525E-5
2,152;371,4.616975037728756E-5
2,118;438,4.6167957946677745E-5
2,1;474,-4.615546311492782E-5
2,295;415,-4.614692486370388E-5
2,137;338,4.6093276425563185E-5
2,1;344,-4.603758345891852E-5
2,272;399,4.602035577663434E-5
2,321;496,4.599920281535089E-5
2,254;326,-4.5994391430173824E-5
2,235;336,-4.59292163209202E-5
2,156;184,-4.591499892959981E-5
2,296;442,-4.5912730569405926E-5
2,98;485,4.5825886655772324E-5
2,72;110,-4.582339481303449E-5
2,12;29,4.565198763397536E-5
2,144;464,4.5604752220497065E-5
2,96;424,4.55885010714734E-5
2,288;320,-4.556087615318081E-5
2,173;221,4.549730330043331E-5
2,392;480,4.54816567964086E-5
2,292;486,-4.522737922042242E-5
2,171;254,-4.52105070452593E-5
2,31;307,4.505845552009331E-5
2,120;298,4.505024326132783E-5
2,186;291,4.4982765396137384E-5
2,44;350,4.4910801207126986E-5
2,324;459,-4.490803545494128E-5
2,32;154,-4.472455437670392E-5
2,144;480,-4.464753992345993E-5
2,90;224,4.457723345857168E-5
2,250;377,-4.451944756348539E-5
2,339;485,4.444102416204045E-5
2,383;459,4.443706475309349E-5
2,155;301,-4.4361656779825523E-5
2,316;433,-4.433449725905149E-5
2,81;142,4.433094341499323E-5
2,159;403,4.4313413044238665E-5
2,39;397,4.4190687293246826E-5
2,359;383,-4.413651297662932E-5
2,120;157,-4.4135220477946186E-5
2,54;388,-4.398491000806171E-5
2,129;245,-4.389946201754025E-5
2,374;442,4.384080359339398E-5
2,256;498,4.3805617296494945E-5
2,367;476,-4.3736190765743964E-5
2,81;280,-4.370444586159211E-5
2,198;239,4.3662008607181655E-5
2,39;492,4.3495732989461854E-5
2,233;338,4.346874201969507E-5
2,75;312,-4.3345027809673895E-5
2,364;489,4.3294462718914016E-5
2,114;140,-4.32743095876077E-5
2,268;470,-4.32653237245481E-5
2,196;237,4.3183950854496116E-5
2,276;333,4.3160454761070225E-5
2,43;261,4.296294847853588E-5
2,304;429,4.2913565449378964E-5
2,146;336,-4.286424971914577E-5
2,186;188,4.2857017082028215E-5
2,208;307,-4.277057845099939E-5
2,68;91,-4.27515434959897E-5
2,205;492,4.2676114699642304E-5
2,399;475,-4.2639688513999716E-5
2,7;223,-4.263937501287374E-5
2,307;481,-4.260712969882474E-5
2,359;424,4.247556021445476E-5
2,217;345,4.244220934286383E-5
2,16;314,4.234666685757839E-5
2,150;460,-4.225774140363653E-5
2,135;208,-4.224504964389092E-5
2,257;369,-4.2152606806568906E-5
2,147;298,4.2018880698908776E-5
2,56;271,-4.1944077234141395E-5
2,98;438,-4.192265297824746E-5
2,89;329,4.1920268033175304E-5
2,153;311,-4.189928511936819E-5
2,273;412,4.181258909589788E-5
2,7;143,-4.1805416289663254E-5
2,40;484,4.180175535737346E-5
2,186;253,-4.180030856722329E-5
2,46;258,4.1549394782240445E-5
2,71;410,4.145914860341343E-5
2,438;443,-4.1392958648117593E-5
2,339;447,4.136935764057018E-5
2,25;240,4.131021756572252E-5
2,102;360,-4.125092949828451E-5
2,295;482,4.1155430842941254E-5
2,163;409,4.1100192960092684E-5
2,204;256,-4.106525475977319E-5
2,195;202,4.072716622054651E-5
2,111;326,-4.058649758177983E-5
2,204;487,-4.0517628261597245E-5
2,3;255,-4.050713554273536E-5
2,240;293,4.0500935063131533E-5
2,207;233,4.039956331715079E-5
2,316;405,4.031878443728727E-5
2,45;238,-3.994699191635992E-5
2,207;268,-3.992560634240668E-5
2,110;291,-3.97458804142497E-5
2,295;303,3.974018559191958E-5
2,144;158,-3.934609611692243E-5
2,99;174,-3.9285390502586614E-5
2,112;498,3.912898432372093E-5
2,48;312,-3.906994562192441E-5
2,22;94,3.9030883532569356E-5
2,110;471,-3.893119315946392E-5
2,27;361,3.892656698041321E-5
2,178;198,3.886004284139919E-5
2,168;390,-3.8630621368966976E-5
2,152;267,3.8618570060287686E-5
2,162;289,3.85929509749545E-5
2,160;259,-3.840284064493357E-5
2,287;347,-3.835991110467371E-5
2,50;390,-3.834938806199881E-5
2,98;436,3.8230918629384826E-5
2,135;325,3.820449158465056E-5
2,145;335,-3.8115867636383126E-5
2,73;168,3.811549695112715E-5
2,72;117,3.799884691155034E-5
2,347;491,-3.7905376637835276E-5
2,302;354,3.774914548263593E-5
2,108;387,3.771177834049155E-5
2,21;250,-3.7674598581244574E-5
2,375;428,3.763519079746045E-5
2,58;168,-3.7508688955926354E-5
2,149;291,-3.747715613899548E-5
2,100;154,-3.73147579372394E-5
2,2;144,-3.7244275758428215E-5
2,295;373,3.714187551293187E-5
2,394;434,-3.711712968655614E-5
2,371;383,-3.7106836309840424E-5
2,62;104,-3.705472288747029E-5
2,25;487,3.7046162661233343E-5
2,28;296,-3.704602606389765E-5
2,2;480,3.6859756081733545E-5
2,355;417,3.6716477322068954E-5
2,156;363,-3.662527872507894E-5
2,193;282,-3.646460737372956E-5
2,245;332,-3.645615951845338E-5
2,307;418,3.628672641492725E-5
2,31;188,-3.626800013985865E-5
2,427;456,-3.609418563251861E-5
2,42;372,3.604370630247254E-5
2,190;266,-3.6019877314794504E-5
2,181;476,3.600993631012979E-5
2,32;347,-3.593948699577274E-5
2,57;440,-3.5916415707839964E-5
2,256;382,-3.5788960375037054E-5
2,237;256,3.572361077074661E-5
2,221;227,-3.571926802916604E-5
2,130;243,-3.570300921206363E-5
2,65;258,3.5694547601829896E-5
2,51;472,3.564846672226171E-5
2,58;241,-3.56473316565812E-5
2,23;238,-3.5538903536508766E-5
2,422;426,3.553027452336788E-5
2,19;85,3.54573245607107E-5
2,67;142,-3.545097712824616E-5
2,160;310,-3.544935570007217E-5
2,33;279,-3.5264226337446804E-5
2,70;356,3.521945025402455E-5
2,273;356,3.5190311226300204E-5
2,151;234,3.518418547552635E-5
2,7;53,3.5036559942359645E-5
2,23;404,-3.4943551189149546E-5
2,167;282,3.4921294542108016E-5
2,47;182,-3.490374557727272E-5
2,89;97,3.47287366049866E-5
2,16;254,-3.4682008394352925E-5
2,107;213,3.4652662246188876E-5
2,2;491,3.461794891923689E-5
2,261;389,-3.461290391155875E-5
2,51;420,3.454648563909654E-5
2,12;383,-3.453495013388398E-5
2,252;310,3.4462640159926855E-5
2,317;410,-3.4398883824320186E-5
2,260;333,3.4357430540800856E-5
2,51;115,3.422458255655622E-5
2,356;478,-3.416855540690566E-5
2,147;155,3.414057222252975E-5
2,182;322,-3.4105019720863675E-5
2,254;463,-3.4078969740876834E-5
2,212;488,-3.3899506458003365E-5
2,7;443,-3.346988151720545E-5
2,208;353,-3.3465706770361704E-5
2,115;442,-3.34526452113777E-5
2,32;460,3.334326396394782E-5
2,32;331,-3.326823257178335E-5
2,253;409,-3.3143597196311857E-5
2,93;160,3.2841059346253924E-5
2,172;410,3.280722545868506E-5
2,165;188,3.2791729797035275E-5
2,206;304,-3.2715061708854383E-5
2,117;454,-3.264531636923496E-5
2,251;303,3.2598205244364854E-5
2,277;386,3.259455792076975E-5
2,174;278,3.2587308933703914E-5
2,224;230,-3.251989040801029E-5
2,69;138,-3.2518577625136744E-5
2,93;109,3.234925456965741E-5
2,59;412,3.224486848727935E-5
2,318;372,-3.2160412674260483E-5
2,90;148,3.2103385899412334E-5
2,136;205,3.204086222573235E-5
2,53;470,3.190697694786404E-5
2,53;281,3.1808711835146625E-5
2,220;223,3.179258738217429E-5
2,315;340,-3.172553719411968E-5
2,361;492,-3.1537327332749264E-5
2,90;341,3.1521324229392885E-5
2,9;136,3.1460682048054564E-5
2,157;307,3.140893905973761E-5
2,114;422,-3.140084507720692E-5
2,352;368,3.139508893285853E-5
2,319;361,-3.138809560842031E-5
2,99;393,-3.117004896816662E-5
2,54;304,3.111509861362127E-5
2,313;372,-3.090843082212122E-5
2,398;452,-3.08724335519215E-5
2,112;295,-3.086075307547405E-5
2,80;312,-3.079376355570644E-5
2,9;399,-3.078913634316796E-5
2,20;276,-3.0584950608342196E-5
2,259;307,-3.0500752679454956E-5
2,272;395,-3.0492129001961134E-5
2,180;329,-3.0480830220810952E-5
2,157;376,-3.0479099772502503E-5
2,179;498,-3.0415571833113887E-5
2,196;348,3.038038726087912E-5
2,174;197,-3.032721371223146E-5
2,320;380,-3.005351120598157E-5
2,135;206,-3.0032060000384845E-5
2,371;494,2.992862420583896E-5
2,318;410,2.9833495990917463E-5
2,112;422,2.978408996664572E-5
2,254;465,2.9744006927586263E-5
2,123;254,-2.970329230676333E-5
2,149;156,2.9685764185968287E-5
2,0;436,-2.9439795446604452E-5
2,242;446,2.93366170491437E-5
2,309;388,2.9306523004024048E-5
2,45;447,2.922024544829899E-5
2,129;434,2.918388888372374E-5
2,56;182,2.9036006172913103E-5
2,242;331,-2.902037175877796E-5
2,130;360,-2.8995379135565837E-5
2,206;354,-2.899182299775696E-5
2,154;496,-2.8979091204186098E-5
2,245;460,2.8938685932823006E-5
2,74;233,-2.8922229437533156E-5
2,79;347,2.8845723572192687E-5
2,193;340,2.8826358797025068E-5
2,217;272,2.8628666031835838E-5
2,157;331,-2.8596145405560465E-5
2,12;238,-2.853252825921121E-5
2,331;423,2.8520422587449786E-5
2,381;448,-2.850299287019463E-5
2,224;283,2.8487602365453778E-5
2,273;302,-2.8465768406270327E-5
2,155;336,2.8326084576018402E-5
2,194;379,2.8304214496348345E-5
2,31;160,2.8289367348124873E-5
2,114;257,-2.825171403967111E-5
2,97;466,2.8231371925938663E-5
2,113;251,2.8178098894840325E-5
2,293;358,2.8169680668936438E-5
2,1;402,-2.8157122114243178E-5
2,61;455,-2.810622887545111E-5
2,68;437,2.793082881826299E-5
2,99;183,2.7907441652315E-5
2,255;406,-2.7860830712924404E-5
2,123;419,2.7843710375534266E-5
2,281;457,2.775006830328604E-5
2,149;184,-2.7740606309041587E-5
2,60;369,2.7684470388240208E-5
2,13;444,-2.767475414413069E-5
2,287;364,-2.758872216683314E-5
2,276;489,2.7437585928494615E-5
2,55;271,2.7307209694782495E-5
2,87;443,2.7301332168407565E-5
2,280;352,2.7273148785588787E-5
2,354;419,2.7119842809646105E-5
2,152;301,-2.7054089699488084E-5
2,84;185,2.6908127763657585E-5
2,170;321,2.6870757672157658E-5
2,173;190,2.6861188444585432E-5
2,87;410,-2.6859115495427856E-5
2,145;410,2.6848340830024744E-5
2,29;248,2.6834438247780423E-5
2,26;331,2.6733228483933308E-5
2,91;374,-2.672468089963191E-5
2,73;275,-2.6718465958238222E-5
2,41;110,2.6595260483131086E-5
2,268;499,-2.656212780760159E-5
2,66;253,2.6524563668571283E-5
2,10;231,2.633343137357186E-5
2,267;340,2.632066911340293E-5
2,168;312,-2.628373345281601E-5
2,356;493,-2.6176016730621976E-5
2,298;332,2.6086076220336013E-5
2,259;451,2.6085751494226983E-5
2,396;417,2.6003958278248794E-5
2,205;211,2.584008206085009E-5
2,6;12,-2.54475358294948E-5
2,47;228,2.5418241703923816E-5
2,35;216,-2.5405964547111556E-5
2,118;443,-2.5328905272107516E-5
2,7;25,2.5326692930120023E-5
2,148;166,2.5195782444767752E-5
2,150;398,2.5189250801771575E-5
2,314;380,-2.5189077913120223E-5
2,29;496,-2.5098809841107907E-5
2,64;92,-2.500480557405824E-5
2,147;325,2.4944538928104567E-5
2,277;419,2.4793566237431314E-5
2,269;373,-2.4750345797310127E-5
2,472;481,-2.468256832531829E-5
2,329;368,-2.464764398316474E-5
2,309;426,2.4585773773335233E-5
2,43;123,2.4561526705169646E-5
2,286;352,2.4419755857245207E-5
2,238;260,-2.43612976887182E-5
2,46;452,-2.4298317978323353E-5
2,252;486,2.427409599246207E-5
2,359;371,-2.4266391003597566E-5
2,176;322,2.4233755577502986E-5
2,24;194,-2.421416479488632E-5
2,349;464,2.4101660582774437E-5
2,48;209,-2.397215401257795E-5
2,60;216,2.3768266196640133E-5
2,96;265,2.3665901655169576E-5
2,43;266,-2.3594475873971245E-5
2,161;347,-2.3389173335194192E-5
2,289;440,2.3353553898371266E-5
2,208;407,2.3278002436008792E-5
2,20;127,2.322816591549698E-5
2,90;100,2.3225918668823148E-5
2,25;150,2.318630401227799E-5
2,288;437,2.3135019351731597E-5
2,152;204,-2.3096398531061268E-5
2,47;158,2.3031891319446178E-5
2,5;88,-2.3028230291735785E-5
2,34;367,2.3017257830941107E-5
2,230;410,-2.2979089384051313E-5
2,211;337,-2.2904654367568472E-5
2,109;494,2.2899905168494204E-5
2,21;98,2.2846373220575645E-5
2,117;493,-2.2675674727211937E-5
2,228;393,2.2657685994092514E-5
2,26;115,-2.2638452568580047E-5
2,127;144,2.2623787409769335E-5
2,23;54,-2.2600577377236988E-5
2,45;190,2.2516002696705312E-5
2,43;112,2.2514892170485745E-5
2,15;428,-2.2468018945021278E-5
2,47;285,-2.2425393814930945E-5
2,139;278,-2.2342442371070694E-5
2,353;453,-2.233823504531571E-5
2,198;222,2.233734679900207E-5
2,47;178,2.232991355671711E-5
2,41;43,-2.2323924961589637E-5
2,26;141,2.2243271466930797E-5
2,9;362,-2.222850440092736E-5
2,399;461,-2.2207288921959266E-5
2,127;349,2.2016147739799734E-5
2,351;376,2.1995596385607693E-5
2,66;480,2.1957974855553968E-5
2,101;400,-2.1845177124594067E-5
2,370;477,2.1551577276111263E-5
2,43;265,-2.1500717831914902E-5
2,45;362,-2.147119250189532E-5
2,72;311,-2.12809538353374E-5
2,91;388,2.1187131923635057E-5
2,168;335,-2.1154424906786095E-5
2,323;345,2.1102194772052123E-5
2,74;333,2.105875317834177E-5
2,190;468,-2.102726523435264E-5
2,35;291,2.0953164676705687E-5
2,276;341,-2.0942958788258E-5
2,23;281,2.0919889808375823E-5
2,134;244,2.0912932402392504E-5
2,4;147,-2.0856617920521627E-5
2,164;345,2.0855578975159356E-5
2,183;317,-2.0825468598034746E-5
2,104;495,2.055198591118694E-5
2,114;408,2.0438492005446353E-5
2,53;223,2.024283365219687E-5
2,304;306,2.009613804125232E-5
2,93;121,2.0002284591512197E-5
2,189;420,1.9950084459418345E-5
2,166;463,-1.9811646737293033E-5
2,69;455,1.9788977614090986E-5
2,97;443,1.9686802857116117E-5
2,279;356,1.9652216931811975E-5
2,173;252,-1.9448167414295142E-5
2,116;441,-1.921357067703326E-5
2,199;241,1.9155237812268313E-5
2,418;436,1.908854344085681E-5
2,106;304,1.906551411290977E-5
2,202;241,-1.902499499341699E-5
2,95;116,-1.8995378135264573E-5
2,111;262,-1.8969276420366472E-5
2,285;458,1.893513728094798E-5
2,119;452,1.8899020026500054E-5
2,337;491,1.8879551950090972E-5
2,333;419,-1.8858542940584393E-5
2,53;465,-1.880855423627431E-5
2,46;350,-1.8773878268024653E-5
2,200;393,-1.8763366026469428E-5
2,47;380,-1.875240378071258E-5
2,0;51,-1.8736463567136207E-5
2,331;446,1.8733409498216987E-5
2,111;341,-1.864247059336774E-5
2,95;458,-1.8635827857737847E-5
2,277;317,1.8624768119207562E-5
2,102;312,1.861982696276404E-5
2,321;491,-1.8593263585793176E-5
2,165;333,1.8483232337594733E-5
2,47;462,1.847950865368407E-5
2,92;260,-1.841672317306814E-5
2,102;183,1.8410749419981985E-5
2,52;268,-1.8346782868995478E-5
2,205;214,-1.8247397077215553E-5
2,75;362,-1.8187613262622735E-5
2,19;272,-1.8163775640072212E-5
2,180;480,-1.8135463072190522E-5
2,245;246,1.785617295077034E-5
2,267;301,-1.7787821484367958E-5
2,150;161,-1.776252303739083E-5
2,126;308,1.7495510893623113E-5
2,272;495,1.7393119013083352E-5
2,458;484,1.7321320487654362E-5
2,254;451,-1.7238957604921194E-5
2,20;321,-1.717875770890917E-5
2,326;367,1.71398488794874E-5
2,34;98,-1.710817627489396E-5
2,259;355,-1.7054210249265707E-5
2,138;362,1.699645241720399E-5
2,254;349,-1.695066026072009E-5
2,174;415,1.694249566387246E-5
2,388;489,1.6804562904563182E-5
2,170;182,-1.675960399095461E-5
2,118;377,1.6565867072664276E-5
2,263;451,-1.647463584986328E-5
2,221;438,1.640559271255446E-5
2,60;487,1.6233496350928188E-5
2,239;350,-1.615589565806283E-5
2,318;412,-1.611731159775309E-5
2,150;299,-1.582512175782279E-5
2,44;333,1.581792189033167E-5
2,39;325,-1.5798192404716E-5
2,12;112,-1.5750313652458105E-5
2,416;475,-1.5646173233709176E-5
2,96;246,-1.562581517517217E-5
2,208;364,-1.551853346008182E-5
2,109;426,1.5473759900806087E-5
2,69;82,1.5469471976300027E-5
2,134;448,-1.5352291656614266E-5
2,170;255,1.5303318119616382E-5
2,244;448,-1.5243705797747378E-5
2,124;346,-1.5236419101534824E-5
2,330;471,1.5164068779758982E-5
2,239;381,1.5140347330591332E-5
2,65;107,1.5117581838231711E-5
2,347;364,1.5021890546274758E-5
2,449;471,-1.4988273979371594E-5
2,114;305,1.4959664682894113E-5
2,117;243,1.48849960916497E-5
2,114;188,-1.4835419129176894E-5
2,410;418,1.4722873493543065E-5
2,4;231,-1.460142855645978E-5
2,84;123,1.4536886608261384E-5
2,439;461,1.4505956833272161E-5
2,362;463,-1.4262904397137067E-5
2,95;375,1.4255718594953295E-5
2,26;479,-1.4222954962061302E-5
2,476;481,-1.4180216928236275E-5
2,1;477,1.4119341230858478E-5
2,123;436,1.408980310559936E-5
2,107;158,1.4043081645335076E-5
2,114;223,1.4039626945116374E-5
2,383;463,1.4029208983719011E-5
2,67;253,1.4028058862406823E-5
2,130;402,1.3972164181405622E-5
2,333;354,1.387763078289285E-5
2,67;196,-1.3868286752470371E-5
2,271;272,1.3813718477371229E-5
2,63;235,-1.3709056101184974E-5
2,208;469,1.3664303140748485E-5
2,387;426,1.3629492469453581E-5
2,25;253,1.3516255008333007E-5
2,369;378,-1.3496299801668707E-5
2,163;408,-1.3314240511184932E-5
2,55;350,-1.330134314927503E-5
2,274;437,-1.3263556928640092E-5
2,192;414,-1.3159321854362027E-5
2,347;374,1.2952089125538358E-5
2,184;404,-1.2926368556369917E-5
2,63;336,1.288981267390893E-5
2,77;395,-1.2889048603224415E-5
2,262;377,-1.2640074252117661E-5
2,405;422,-1.2510463697021524E-5
2,94;492,1.2429398032413623E-5
2,370;421,1.2338469602384383E-5
2,160;226,-1.2245687682872305E-5
2,204;469,-1.2196446696654373E-5
2,143;377,-1.2155617671414141E-5
2,31;415,1.2083882019476618E-5
2,94;462,-1.2070140252333967E-5
2,88;224,1.2043097939959446E-5
2,182;241,1.2030368545216108E-5
2,191;411,-1.1895849206572884E-5
2,59;170,1.1860421453088438E-5
2,135;199,1.1743884362950652E-5
2,67;495,-1.1729968762134793E-5
2,49;306,-1.167745349497025E-5
2,49;485,-1.1621075698817333E-5
2,40;340,-1.1554085929693258E-5
2,400;453,1.153130180683072E-5
2,56;336,1.1490701329175512E-5
2,163;402,-1.1403043985151073E-5
2,326;488,-1.1400240581104644E-5
2,204;449,1.1388265309751927E-5
2,242;284,1.1315844451975171E-5
2,282;366,-1.129413068919924E-5
2,55;184,1.1261518622371612E-5
2,195;299,-1.124545487585038E-5
2,31;73,1.1110696116462982E-5
2,119;319,1.1093601573836446E-5
2,22;421,-1.1007025515256772E-5
2,289;406,-1.0889052018626652E-5
2,57;364,1.0829164641906058E-5
2,188;409,-1.0719912582211833E-5
2,237;383,-1.0699409760546244E-5
2,80;416,-1.0657872290213727E-5
2,123;487,1.0581088781887848E-5
2,54;336,-1.0519927320758515E-5
2,179;182,-1.0490844653230774E-5
2,304;377,-1.0401996826138002E-5
2,25;462,-1.039413084737749E-5
2,145;447,-1.0310885608057721E-5
2,51;497,-1.0291832755988828E-5
2,332;368,-1.0286872376281828E-5
2,82;368,1.0255110021935895E-5
2,198;256,-1.0227773299121085E-5
2,184;409,-1.018742618830272E-5
2,91;326,1.0131410484898434E-5
2,248;340,9.999469721759275E-6
2,210;371,9.92308402760543E-6
2,410;491,-9.814985239541052E-6
2,351;408,-9.801697144536049E-6
2,5;41,-9.784359399181097E-6
2,27;423,9.689188069236521E-6
2,126;139,-9.587386928721353E-6
2,266;459,9.4615778903413E-6
2,33;102,-9.424480191514012E-6
2,103;204,9.403180331345227E-6
2,362;372,-9.364552198391927E-6
2,232;274,9.3612857539727E-6
2,1;21,-9.236520367757947E-6
2,350;381,-9.138619402235148E-6
2,136;282,9.042013954279282E-6
2,75;395,-8.991792304125918E-6
2,64;233,-8.949112184718E-6
2,50;168,8.850741576303154E-6
2,456;460,8.7579481162679E-6
2,244;369,8.740833558700313E-6
2,230;317,8.647219207095422E-6
2,100;203,-8.604877141678027E-6
2,214;215,-8.489089710559005E-6
2,167;191,8.459104611729023E-6
2,33;319,8.424897357632133E-6
2,115;397,8.260488523365819E-6
2,231;409,-8.221706288648823E-6
2,174;373,-8.154592864622375E-6
2,94;134,8.068232054450008E-6
2,230;352,-7.981779159202673E-6
2,135;236,7.857653568375756E-6
2,256;316,7.675729418543082E-6
2,329;457,-7.665978674809879E-6
2,86;160,-7.585713715692402E-6
2,44;260,7.583197242636342E-6
2,132;196,7.487500321971166E-6
2,74;326,-7.409723068990098E-6
2,90;419,-7.320777032015086E-6
2,87;111,-7.292005702986687E-6
2,220;391,-7.0833397625380544E-6
2,28;284,7.015116405426736E-6
2,179;449,-6.90181881850023E-6
2,142;358,6.81784642759134E-6
2,240;346,6.785602111320593E-6
2,114;268,-6.681969151336328E-6
2,22;444,6.577713435227159E-6
2,22;134,-6.488448470242658E-6
2,26;226,6.483102176475561E-6
2,129;326,6.461342832246947E-6
2,17;244,6.4331612861977255E-6
2,246;389,-6.407387450025809E-6
2,15;77,-6.230844347578757E-6
2,0;35,6.2131010778206795E-6
2,52;362,-6.208199414508328E-6
2,331;493,6.1564289692168925E-6
2,327;337,-6.14544656782473E-6
2,251;481,-5.986051323673067E-6
2,159;303,5.9816777563872635E-6
2,54;306,-5.970169918049662E-6
2,394;419,-5.969044023130158E-6
2,52;494,5.952820395832878E-6
2,322;484,-5.9137084206644654E-6
2,342;473,-5.8717230293079825E-6
2,104;182,-5.855357667720301E-6
2,90;252,5.851355987126661E-6
2,55;228,5.811613700802604E-6
2,51;164,-5.798629297852187E-6
2,401;490,5.749881578565416E-6
2,422;457,-5.743470598228106E-6
2,201;309,5.726352501044058E-6
2,26;408,5.588517310082253E-6
2,211;288,5.552414875915679E-6
2,137;265,5.498206565803174E-6
2,241;322,5.463328753193206E-6
2,125;315,5.389849625128201E-6
2,95;302,-5.313318868933853E-6
2,23;472,-5.2729562868964186E-6
2,231;401,5.259794350564978E-6
2,33;150,-5.140351731482181E-6
2,118;143,-5.091859902931303E-6
2,362;415,5.08396287893316E-6
2,176;484,-5.001581090993912E-6
2,295;341,4.987530049488056E-6
2,48;356,4.948638123031146E-6
2,34;489,-4.921049228109042E-6
2,71;76,-4.809474805807887E-6
2,188;281,-4.806528175168384E-6
2,82;430,-4.76608049572376E-6
2,280;489,-4.6461624683412775E-6
2,14;33,4.56749550187767E-6
2,31;422,4.556761711072721E-6
2,291;315,-4.547410145874078E-6
2,194;308,-4.479358003701917E-6
2,231;427,4.3785567497477145E-6
2,28;320,-4.306100255582007E-6
2,208;348,4.253113725018159E-6
2,127;358,4.0648910338714205E-6
2,52;470,4.016956953232037E-6
2,78;343,-4.01437892146253E-6
2,95;428,-3.964856952445084E-6
2,24;409,-3.925691632244293E-6
2,89;410,-3.904983610121621E-6
2,51;241,3.865094859759846E-6
2,395;475,3.856474542322894E-6
2,8;11,-3.787793830321212E-6
2,126;157,3.7715853208437068E-6
2,21;275,-3.7270705613858812E-6
2,103;366,3.5792737484530714E-6
2,474;480,3.5403201904153913E-6
2,87;157,-3.5267296929653026E-6
2,72;151,-3.5219621483345567E-6
2,326;460,3.4632671684400873E-6
2,282;350,-3.4447552953849186E-6
2,31;61,3.3543307619169906E-6
2,336;380,-3.2906545139900766E-6
2,185;391,3.2420736619804964E-6
2,69;110,-3.2095076367653075E-6
2,26;240,3.1611423405815965E-6
2,272;374,3.0751716377241947E-6
2,34;251,2.9676349634823464E-6
2,149;209,2.9508861339175713E-6
2,350;407,2.856804981911737E-6
2,142;167,-2.7991657039895535E-6
2,119;411,-2.794745784563929E-6
2,394;437,-2.737420330031992E-6
2,175;483,2.6631706941478983E-6
2,4;356,2.545729118043183E-6
2,332;473,-2.5210611554811745E-6
2,246;358,-2.518061822119541E-6
2,70;107,-2.4848911593199493E-6
2,105;280,-2.132929292791699E-6
2,388;497,-1.999686040683596E-6
2,308;379,-1.9937652058122645E-6
2,318;362,-1.986727202393984E-6
2,269;400,-1.971127261582023E-6
2,405;427,-1.9189393529735894E-6
2,346;479,1.8307829903932982E-6
2,139;239,-1.7351783896187578E-6
2,241;274,1.3953929252461805E-6
2,2;119,1.391873211635808E-6
2,80;484,1.3804619172102655E-6
2,65;467,-1.3688843164159082E-6
2,27;115,-1.1812067543389288E-6
2,118;357,-1.0941103429885496E-6
2,175;187,-1.0691578982443273E-6
2,300;340,-8.19720417057232E-7
2,430;441,7.82039454804484E-7
2,110;243,-6.062594668988369E-7
2,107;250,-5.7979394253177E-7
2,21;352,5.560062953468281E-7
2,92;238,-5.05429575189953E-7
2,38;386,3.3276983246080525E-7
2,247;426,2.225818648795841E-7
2,1;291,1.912644112032763E-7
2,334;414,-1.8631007008480806E-7
2,156;485,-1.1922451983321926E-7
2,223;376,1.0746899890601291E-7
2,285;336,8.2281551348512E-8
3,107;121;250,-4.6502512850929775E-4
3,84;179;182,-4.5497324450155844E-4
3,12;112;273,-4.4918715129991556E-4
3,120;271;492,4.4526825255037294E-4
3,120;126;345,4.3746694030579326E-4
3,139;174;278,4.195550380058151E-4
3,102;312;392,4.059116647948789E-4
3,60;410;428,-3.96276282459626E-4
3,49;169;306,3.9405036114374946E-4
3,237;347;497,3.9106929059101774E-4
3,6;206;405,-3.90941584298327E-4
3,129;245;326,-3.90548239750366E-4
3,9;136;282,-3.8785725952335845E-4
3,107;158;450,3.771234762561495E-4
3,47;71;245,-3.748246968709355E-4
3,267;366;467,-3.7306117664137004E-4
3,63;235;336,3.713480806266514E-4
3,69;110;455,3.706105115873835E-4
3,227;269;322,-3.6595797757809636E-4
3,126;139;446,-3.64484699229928E-4
3,31;160;291,3.633290041209531E-4
3,134;369;448,-3.631089833286785E-4
3,274;288;437,3.6249354329513704E-4
3,54;56;336,-3.6208347389561234E-4
3,157;206;307,3.603726733090118E-4
3,232;241;274,-3.5637603196625553E-4
3,96;438;443,-3.5425344028386895E-4
3,148;343;434,-3.520862430854761E-4
3,51;164;249,-3.517354564885462E-4
3,132;228;464,-3.507764479035708E-4
3,142;202;320,3.493251050994451E-4
3,123;254;436,-3.4808613159242207E-4
3,4;112;341,-3.451606493373927E-4
3,57;289;452,-3.450491285275857E-4
3,199;241;288,3.449879658788767E-4
3,115;180;442,-3.440246955698778E-4
3,133;389;449,3.428147418728399E-4
3,183;338;365,3.426571512737083E-4
3,71;425;433,-3.395249650305548E-4
3,106;206;304,-3.3857445671109685E-4
3,221;445;461,3.381525278448631E-4
3,105;371;479,3.3798395825144557E-4
3,111;262;377,-3.3635526342004065E-4
3,33;279;319,-3.352090574145241E-4
3,13;109;315,3.3129325841649873E-4
3,72;151;234,-3.294399989391208E-4
3,251;367;476,3.28931499698445E-4
3,10;231;475,-3.282514006857203E-4
3,332;368;472,-3.2795327283700903E-4
3,13;105;315,-3.276529763610141E-4
3,105;224;243,3.251561866340721E-4
3,49;98;357,3.245142771290872E-4
3,78;148;434,-3.2354539824602357E-4
3,52;75;494,3.204503693771207E-4
3,35;159;283,-3.182080081544426E-4
3,208;349;366,3.178989528250648E-4
3,91;220;223,-3.175182047241865E-4
3,65;454;467,-3.162006653019639E-4
3,84;146;193,-3.160630034748541E-4
3,103;203;366,3.120621723550553E-4
3,64;91;260,-3.074121207266901E-4
3,29;135;496,3.062919890634533E-4
3,94;105;461,3.042910877437333E-4
3,55;98;128,3.038053126978179E-4
3,24;234;275,-3.0337495845824227E-4
3,144;158;464,-3.033440548456693E-4
3,285;458;484,3.028020297083051E-4
3,57;127;278,-3.022908817197022E-4
3,1;186;291,-3.012060615421237E-4
3,282;350;486,-3.0080141939011997E-4
3,184;371;494,-3.001754953174309E-4
3,123;289;419,2.9924689509040357E-4
3,16;80;254,2.978322284617675E-4
3,55;103;469,-2.9774954836353897E-4
3,213;422;483,2.9681000365064234E-4
3,28;108;296,-2.9612402792116444E-4
3,86;208;469,-2.9598430720793976E-4
3,61;259;307,-2.9539562171668145E-4
3,72;110;394,2.9459471824245365E-4
3,97;276;398,2.9340467538678424E-4
3,46;55;350,-2.930375199102209E-4
3,19;217;272,-2.929164627823971E-4
3,329;332;472,-2.924538460267053E-4
3,31;160;310,-2.9161357254162064E-4
3,205;211;254,-2.908594044243209E-4
3,14;233;338,-2.9067068447802545E-4
3,51;294;309,-2.9034477011230633E-4
3,25;53;223,2.903039850585185E-4
3,96;468;491,-2.9015490960879875E-4
3,47;228;380,2.901264370717208E-4
3,182;183;197,2.900098233605308E-4
3,26;331;408,-2.89615269381573E-4
3,182;364;407,-2.8943631892945913E-4
3,12;65;458,-2.893401047438775E-4
3,73;168;215,-2.8922646013378336E-4
3,318;355;372,-2.8854617200120336E-4
3,159;295;303,-2.8796653222842335E-4
3,273;356;454,-2.8788619663715366E-4
3,395;399;475,2.874150652420638E-4
3,6;15;428,2.866045445994403E-4
3,79;118;335,2.8531264605940755E-4
3,257;296;349,2.852575521870934E-4
3,65;458;496,2.834867974169576E-4
3,147;175;187,-2.833559757903569E-4
3,0;98;436,-2.828928061107837E-4
3,344;393;455,2.8269556025185637E-4
3,53;118;357,2.8212246831298626E-4
3,59;173;182,2.808908121623283E-4
3,46;149;279,2.794087883959986E-4
3,186;383;459,-2.7817089385288586E-4
3,231;401;409,2.778646916399301E-4
3,69;138;497,-2.7634093299132935E-4
3,178;320;380,2.762695193403804E-4
3,71;287;402,-2.7605969806115336E-4
3,188;281;333,-2.757159851596608E-4
3,355;362;372,2.755587330597985E-4
3,28;190;477,-2.746196275671011E-4
3,228;336;380,2.742168148356644E-4
3,0;71;216,2.733748757401337E-4
3,152;204;487,-2.7328190428496603E-4
3,119;430;441,2.732218886573123E-4
3,111;330;344,-2.7318947946140744E-4
3,242;281;446,-2.73179070728465E-4
3,1;293;358,2.730583803699144E-4
3,261;362;463,-2.7277380826524675E-4
3,183;317;473,2.725429523856556E-4
3,66;209;276,-2.72526130822576E-4
3,59;318;496,2.720798522507419E-4
3,249;287;314,-2.718421989717973E-4
3,75;312;390,2.717079705632651E-4
3,19;210;249,2.715697798565836E-4
3,333;354;419,-2.7107197389886E-4
3,111;131;434,2.7076199113788076E-4
3,148;166;252,2.704645315618634E-4
3,88;465;470,2.702562531930422E-4
3,42;372;497,-2.6990170844336226E-4
3,60;155;231,-2.695976085199612E-4
3,34;98;436,-2.692664556170072E-4
3,220;391;495,2.690409833704529E-4
3,93;226;384,-2.690331693604765E-4
3,77;213;483,-2.6891462273948767E-4
3,92;238;260,2.681650124294103E-4
3,7;236;325,-2.673289511047831E-4
3,58;168;443,2.6700596286622735E-4
3,147;325;394,-2.666563833423662E-4
3,230;352;410,-2.662717558766721E-4
3,17;21;244,-2.657237809076557E-4
3,138;308;362,-2.6565025855650794E-4
3,82;286;430,2.651667204848118E-4
3,43;261;461,-2.6453202075600563E-4
3,166;173;227,2.641713903917814E-4
3,23;297;422,2.641275688058606E-4
3,182;208;364,2.638351057337267E-4
3,5;80;153,-2.6293427988506623E-4
3,13;117;444,-2.618665125136787E-4
3,167;191;219,2.6158354249575255E-4
3,20;57;127,2.61506171903607E-4
3,196;348;472,2.614128598839992E-4
3,16;134;166,2.604344385359149E-4
3,154;398;496,-2.6006214465037233E-4
3,172;352;410,-2.5890250338629704E-4
3,390;405;497,-2.572669034880017E-4
3,84;154;255,-2.569484143520218E-4
3,252;292;308,-2.567451808083024E-4
3,8;131;241,-2.56604123679883E-4
3,321;491;496,2.558587724616458E-4
3,188;203;399,2.557707960605397E-4
3,205;296;492,2.5563761240281457E-4
3,179;486;498,-2.551847490938947E-4
3,78;209;281,-2.549802553802472E-4
3,230;317;386,-2.548346852375939E-4
3,7;45;447,2.5432775746171016E-4
3,126;244;404,-2.534590113574614E-4
3,94;121;423,2.529360432996301E-4
3,100;218;496,-2.525373377332306E-4
3,143;370;377,2.5189057232021466E-4
3,5;41;244,2.5171037868956347E-4
3,199;211;320,2.5165848202202503E-4
3,12;458;496,2.512866960067594E-4
3,285;399;461,2.5119223511268764E-4
3,25;462;487,2.5069582492004693E-4
3,74;159;283,2.503973289693976E-4
3,230;385;388,-2.5019639530650064E-4
3,212;493;498,2.4986997934286776E-4
3,55;297;397,2.4961791560914286E-4
3,41;110;291,2.492723837996131E-4
3,70;107;420,2.4911956642771556E-4
3,95;375;428,-2.4713598184410217E-4
3,127;257;349,2.468814601229465E-4
3,106;154;331,-2.467496083075019E-4
3,99;174;197,-2.461895260565972E-4
3,80;197;346,2.4572022461179623E-4
3,203;262;399,2.456804313515865E-4
3,295;411;482,2.456295817013742E-4
3,102;360;404,-2.45484848320877E-4
3,173;221;227,-2.454657854852068E-4
3,64;195;233,-2.4526255836240226E-4
3,36;174;432,2.441692215193261E-4
3,184;344;430,2.4386714885931156E-4
3,78;176;203,2.430761865509727E-4
3,142;241;384,2.430547633344003E-4
3,1;74;344,2.4305144281409167E-4
3,117;313;493,-2.4165950278739996E-4
3,60;289;406,2.409638399111865E-4
3,159;244;303,-2.4093290040582636E-4
3,120;242;266,2.4016573060909007E-4
3,270;300;492,-2.3987996292058002E-4
3,158;362;468,2.3919621891856573E-4
3,32;87;203,2.3908154109162911E-4
3,44;260;296,2.3841409788393416E-4
3,83;255;406,2.3765237994664411E-4
3,66;295;373,2.375496523148138E-4
3,99;183;454,2.3736625386471994E-4
3,95;428;458,-2.368227696373522E-4
3,170;321;491,-2.36804113637415E-4
3,157;176;423,2.3595786938694128E-4
3,155;256;301,-2.3517796062388376E-4
3,114;223;337,-2.350803495134176E-4
3,39;319;325,-2.348836586093911E-4
3,26;108;261,2.3459862516558237E-4
3,2;248;491,-2.3432691517974525E-4
3,62;239;381,-2.341603768532893E-4
3,198;222;307,2.3396931059073252E-4
3,27;115;361,-2.3358501987778547E-4
3,176;322;484,2.3333695932881374E-4
3,14;119;338,2.3291973858350146E-4
3,73;369;378,2.329077530718283E-4
3,28;108;417,-2.3288856949560898E-4
3,50;137;342,2.3286167419499555E-4
3,205;294;359,-2.327517602329838E-4
3,335;460;475,-2.325197095688662E-4
3,114;140;221,2.3243368515851888E-4
3,172;398;496,2.305845424871169E-4
3,82;269;478,-2.3052062203184415E-4
3,87;157;410,-2.302805301629808E-4
3,97;331;444,-2.2977504225719938E-4
3,269;322;424,-2.2947197248929482E-4
3,91;309;497,-2.289973294958138E-4
3,147;258;452,2.2891983583845228E-4
3,111;377;490,2.2883896516222966E-4
3,117;311;407,2.27779959228359E-4
3,405;422;497,-2.2735062735093937E-4
3,111;434;477,-2.2721438129794525E-4
3,170;491;496,2.2615242279594645E-4
3,33;276;489,-2.2582837129015766E-4
3,16;156;184,2.252315518490371E-4
3,111;131;477,-2.249380858022758E-4
3,20;276;321,2.2458762792384464E-4
3,85;256;362,-2.2457235914881575E-4
3,92;260;308,2.2454814189479415E-4
3,9;395;399,-2.245413910653894E-4
3,121;319;325,-2.2404588895025477E-4
3,161;347;497,-2.2365695104905516E-4
3,208;348;489,-2.2362909764016953E-4
3,58;172;238,-2.2358639783301134E-4
3,106;179;441,2.23202867680457E-4
3,19;158;175,-2.2308721196207673E-4
3,398;411;452,-2.2258369580508073E-4
3,179;311;441,2.2222121897587165E-4
3,47;462;498,2.2217321533371493E-4
3,254;358;390,2.2204640682265393E-4
3,381;417;448,2.2142517626714354E-4
3,51;294;479,-2.21244646909468E-4
3,75;395;459,-2.2120738948847358E-4
3,8;195;237,2.2063329421826106E-4
3,71;316;425,-2.2063157777393365E-4
3,74;447;487,-2.2007609513042693E-4
3,12;187;489,2.1969154402036925E-4
3,91;245;246,2.1947616633462925E-4
3,111;191;454,2.1897484306061577E-4
3,47;71;182,-2.1860948288632262E-4
3,86;372;497,-2.1831767795886355E-4
3,7;25;53,2.1679038319570045E-4
3,47;204;264,2.167754404627659E-4
3,126;410;428,2.167138723834939E-4
3,15;55;297,2.16600035347261E-4
3,20;122;276,2.1631290559287196E-4
3,25;60;460,-2.1605591925635608E-4
3,28;296;417,2.1548900165708893E-4
3,16;149;184,-2.152044162859473E-4
3,7;199;420,2.147268892209162E-4
3,188;253;409,-2.145030092183282E-4
3,49;98;485,2.1403066352032918E-4
3,29;297;422,-2.1399066434109982E-4
3,31;101;400,-2.1372217419201816E-4
3,189;314;380,2.131173209544358E-4
3,274;294;342,-2.129329310868996E-4
3,66;214;464,2.1274171614722666E-4
3,32;87;126,-2.1266247387271891E-4
3,314;367;394,-2.1265629814670614E-4
3,100;103;366,-2.1258749508829255E-4
3,248;340;434,-2.121654903188055E-4
3,337;468;491,-2.1190284858816044E-4
3,22;134;462,2.1163327405497538E-4
3,14;38;386,-2.1152866516679737E-4
3,115;276;305,2.1094260886238487E-4
3,46;294;331,2.1081345647116224E-4
3,214;269;416,-2.107913630556089E-4
3,63;256;313,2.1075563219058224E-4
3,122;276;321,-2.1057555112660137E-4
3,47;285;336,2.1015623051362034E-4
3,144;424;480,-2.0995382231401444E-4
3,48;107;317,2.097594233818928E-4
3,60;308;406,-2.0919389923242188E-4
3,97;121;479,-2.0914242988153924E-4
3,302;333;354,2.0891119669197618E-4
3,392;474;480,2.0882105289022647E-4
3,22;146;426,2.086836196286745E-4
3,66;201;464,-2.0844228400370354E-4
3,117;243;493,-2.0837653393572324E-4
3,120;383;463,2.0836367471953188E-4
3,261;362;389,2.0834823644419253E-4
3,82;106;208,-2.0827768853696644E-4
3,24;204;256,-2.0803505561078973E-4
3,318;362;372,2.0800428620641588E-4
3,355;417;448,-2.0797456310202368E-4
3,147;246;311,-2.0756679190283328E-4
3,64;419;444,-2.0727655193745266E-4
3,254;307;451,-2.069235734730499E-4
3,250;304;380,-2.0633366907164442E-4
3,16;238;301,-2.0621645124151606E-4
3,246;263;443,-2.0618433460636143E-4
3,307;451;463,-2.0591108460654524E-4
3,34;339;485,2.05748858862852E-4
3,52;201;484,2.0568958765084723E-4
3,105;280;489,2.0547947849930366E-4
3,123;394;419,2.054159981651679E-4
3,277;419;470,2.0527492116648467E-4
3,33;121;262,2.044717941625247E-4
3,241;302;322,2.0446798893021434E-4
3,67;182;495,-2.037307762909192E-4
3,87;97;443,-2.0367948826729849E-4
3,43;123;180,-2.035114419565966E-4
3,21;131;368,2.0316933539766196E-4
3,27;136;274,-2.0231577536937326E-4
3,193;340;373,-2.0228116017934988E-4
3,62;350;381,2.022658210747605E-4
3,156;355;381,2.021934006768784E-4
3,155;191;301,-2.020739629886495E-4
3,96;246;448,-2.01071283429474E-4
3,19;158;170,-2.0103319439280704E-4
3,130;278;402,-2.01018408211295E-4
3,16;142;301,-2.0086149768689356E-4
3,13;454;467,2.0085793240452032E-4
3,137;242;284,-2.0077300175900132E-4
3,66;407;480,-2.0068560613628622E-4
3,69;82;110,2.00552231746722E-4
3,137;183;338,2.003964574612807E-4
3,23;29;422,2.0013326674889892E-4
3,22;109;142,1.9995911737536094E-4
3,145;335;460,1.9941184917195414E-4
3,4;112;295,-1.9928012487897625E-4
3,282;390;486,-1.9912246870135462E-4
3,188;222;262,1.989689238189973E-4
3,403;439;485,1.9892414765769576E-4
3,27;136;423,1.9846765245232163E-4
3,39;188;262,-1.9790286804465288E-4
3,142;167;320,-1.978091779483578E-4
3,57;92;364,1.9762189052671849E-4
3,256;316;362,1.97452190547812E-4
3,9;362;395,-1.9741657760643773E-4
3,18;30;354,-1.973465666317631E-4
3,6;23;168,1.9718592481933085E-4
3,141;462;498,-1.9706293550480553E-4
3,118;281;357,-1.9690948772273394E-4
3,190;284;477,1.9685412941549625E-4
3,77;425;492,-1.966372530295042E-4
3,103;269;478,1.963490674826024E-4
3,1;21;477,-1.9621664835141073E-4
3,17;69;497,1.9594806418683962E-4
3,30;272;301,1.9555682629053295E-4
3,215;269;416,-1.9552848939548146E-4
3,147;187;483,1.9546410330410354E-4
3,87;111;169,-1.9515396431754782E-4
3,63;156;336,1.9512377315073292E-4
3,47;141;462,1.951213219116138E-4
3,110;243;471,-1.9509157875900247E-4
3,31;97;443,1.946734675296295E-4
3,74;147;158,1.9421710643583847E-4
3,359;378;439,1.9394590903636425E-4
3,194;266;488,-1.9376702962137316E-4
3,126;157;345,1.937395440299285E-4
3,243;266;459,1.9331452951488467E-4
3,56;274;438,-1.9313300318103436E-4
3,216;257;327,1.9296890743351376E-4
3,93;94;423,-1.9257147204430615E-4
3,203;255;323,1.9234124883755127E-4
3,51;164;401,-1.9224598340253642E-4
3,25;240;326,-1.9216424383458348E-4
3,240;293;331,1.9208454108780688E-4
3,231;462;487,-1.9197060115467207E-4
3,26;59;141,1.912612859965091E-4
3,140;221;291,1.9008476232237027E-4
3,62;239;350,-1.8987226964704062E-4
3,116;363;441,-1.898340746757485E-4
3,70;332;420,-1.8966401908113829E-4
3,42;410;418,-1.8962132863588728E-4
3,40;56;236,-1.8957458918737282E-4
3,21;196;237,-1.8952989153883337E-4
3,77;145;323,-1.8952644744300778E-4
3,272;466;477,1.8909746328278848E-4
3,184;295;415,1.8881474958008253E-4
3,115;180;374,1.8873671199119658E-4
3,54;304;368,1.8848314148596794E-4
3,248;267;434,1.8838424000556882E-4
3,240;331;493,-1.8786842201354244E-4
3,22;142;426,1.8734225367508832E-4
3,194;353;453,1.871765403123795E-4
3,302;356;454,-1.871474429679948E-4
3,72;110;128,-1.8711227381518742E-4
3,64;195;207,-1.8696169490496612E-4
3,19;249;331,-1.868772011163388E-4
3,99;229;393,1.8668702087135558E-4
3,184;252;430,-1.8667888823536923E-4
3,202;238;241,-1.8645459084115905E-4
3,208;418;436,-1.8620300798881018E-4
3,114;140;291,-1.8592600803777498E-4
3,237;256;499,-1.8555117582993075E-4
3,112;422;457,-1.8550692764844083E-4
3,253;291;315,1.8544291050141771E-4
3,87;95;410,1.853014637356998E-4
3,66;201;214,1.8504740239917494E-4
3,126;139;278,-1.8490426558075227E-4
3,104;117;139,-1.8477736397335407E-4
3,208;364;407,-1.8477547136580214E-4
3,0;34;98,-1.8425161926922284E-4
3,110;291;413,-1.833898348040422E-4
3,411;481;482,-1.8326579177161274E-4
3,45;190;266,-1.8317850813373855E-4
3,160;230;352,1.8301608422080542E-4
3,103;176;299,1.8282837979268645E-4
3,23;54;56,1.8269532809033802E-4
3,35;150;453,-1.825763701854009E-4
3,49;357;485,1.819946796661759E-4
3,181;419;470,-1.819350267161515E-4
3,314;367;380,-1.8169658630602965E-4
3,347;364;489,1.8153538928840848E-4
3,184;255;404,1.8148375662783726E-4
3,276;311;398,1.8140106581040886E-4
3,217;218;260,-1.8102290307418824E-4
3,53;465;470,1.810156844178893E-4
3,12;135;199,-1.8027329444508713E-4
3,34;251;489,1.800263517277847E-4
3,285;438;469,1.799502582215729E-4
3,329;368;472,-1.798886571169672E-4
3,165;188;281,-1.7982052898806407E-4
3,282;407;486,1.7981720725521421E-4
3,46;147;258,-1.797907354293264E-4
3,108;193;373,1.796819131104328E-4
3,96;358;448,-1.7966484212482276E-4
3,99;101;240,-1.7934987430585586E-4
3,8;11;414,1.7911131475398871E-4
3,355;381;448,-1.7901648085732314E-4
3,130;163;278,-1.7847482350943195E-4
3,84;193;384,-1.783779828945478E-4
3,150;176;299,1.7796477684286577E-4
3,346;354;479,-1.7779548425318038E-4
3,268;288;312,-1.774381830498266E-4
3,2;424;480,1.7728610287904306E-4
3,77;92;425,-1.770781097593041E-4
3,35;410;491,-1.769881343365315E-4
3,33;322;485,1.7657145101004684E-4
3,303;362;468,-1.7637117718229594E-4
3,46;55;271,-1.7614092592239155E-4
3,330;449;471,1.7604049303025066E-4
3,124;194;379,-1.758495596091052E-4
3,135;206;488,-1.7571505073665542E-4
3,75;271;395,-1.7558114987827322E-4
3,50;168;390,-1.7541329730292465E-4
3,110;350;431,-1.753269637057557E-4
3,106;311;441,-1.7531559503564548E-4
3,45;190;231,-1.7528173368615952E-4
3,95;116;302,-1.752528456350652E-4
3,25;231;487,1.7525232615966856E-4
3,147;153;311,-1.7515766394886662E-4
3,135;208;469,1.7515159317010986E-4
3,287;314;338,1.7510229159105816E-4
3,107;213;317,1.7499380912846813E-4
3,147;153;246,-1.7479029093372036E-4
3,66;269;295,1.7477226881852873E-4
3,131;352;368,1.7469879785074973E-4
3,242;281;331,1.745905992605284E-4
3,214;215;416,-1.7427602645094626E-4
3,259;451;471,-1.7384370313332296E-4
3,134;166;314,-1.737183197580263E-4
3,171;326;367,1.736823607836819E-4
3,32;154;331,-1.7360706013555278E-4
3,311;451;453,1.735936715666645E-4
3,124;194;308,-1.7328454786773396E-4
3,8;237;299,1.7327221936556164E-4
3,132;196;228,1.7324050021907855E-4
3,94;247;422,1.7302369357428932E-4
3,30;401;412,1.7282861097682928E-4
3,12;144;383,-1.726649955097217E-4
3,14;38;475,-1.7265006123879054E-4
3,115;256;483,1.7203287046478415E-4
3,46;258;452,-1.715216534222294E-4
3,136;217;345,-1.7114521690215733E-4
3,56;182;202,1.7111160514354725E-4
3,8;228;422,-1.711110563258968E-4
3,43;310;461,1.7092722759853258E-4
3,40;64;91,1.7075032107777123E-4
3,84;123;254,1.7048326025812186E-4
3,458;471;484,-1.7046215894924368E-4
3,3;143;340,-1.7029407633920935E-4
3,294;359;424,-1.7026074636920907E-4
3,361;477;492,-1.7020035156358748E-4
3,303;313;372,1.698054820444499E-4
3,93;109;139,-1.6970605090950406E-4
3,45;238;241,1.6945272918087503E-4
3,163;278;402,-1.693721275412621E-4
3,334;389;414,1.6936639170943364E-4
3,241;273;276,-1.6895544061936436E-4
3,182;195;202,-1.6882899653337396E-4
3,371;468;494,-1.6871938040712334E-4
3,41;43;434,-1.6858635904910013E-4
3,362;415;422,1.683708671448017E-4
3,114;257;339,-1.6825951965200437E-4
3,19;300;492,1.6790263640431848E-4
3,6;206;427,1.672841931471249E-4
3,121;152;301,1.6713425928448382E-4
3,80;124;197,1.6688825596619777E-4
3,97;331;392,1.6666994790274253E-4
3,283;342;404,-1.6653526453411804E-4
3,43;184;415,1.6612528711949434E-4
3,25;445;497,-1.6561715374792955E-4
3,43;96;424,-1.6550392084985465E-4
3,271;395;459,-1.6538219444355213E-4
3,2;119;491,1.6516505958593232E-4
3,29;144;383,-1.6507778733741474E-4
3,205;254;286,1.6477013449185478E-4
3,103;150;299,-1.6402111494872923E-4
3,53;88;470,1.6396260223249188E-4
3,158;303;362,-1.6377955119139238E-4
3,143;300;340,1.635194934682271E-4
3,122;347;374,-1.6315533838446374E-4
3,185;189;458,-1.6282976527618852E-4
3,22;426;444,-1.627837196888466E-4
3,240;326;346,1.6263929228360787E-4
3,206;304;429,1.6214356934731575E-4
3,205;398;427,1.6205689107035392E-4
3,32;151;347,1.618456550323198E-4
3,320;373;415,1.6174534650505707E-4
3,211;288;320,-1.6153418279868693E-4
3,59;198;206,-1.614947891580093E-4
3,43;123;480,1.613949946617817E-4
3,80;456;475,-1.6138554366644113E-4
3,117;359;439,1.6104464559587214E-4
3,23;191;454,1.6053676368703613E-4
3,228;422;489,1.6020833976787197E-4
3,43;295;415,-1.6000400771777777E-4
3,59;141;170,1.5961130924786732E-4
3,115;448;483,-1.5960832696269953E-4
3,254;358;465,1.5941194494149057E-4
3,232;241;395,1.5932245125128763E-4
3,34;156;339,-1.5926806218037332E-4
3,137;242;265,1.5923720694788456E-4
3,44;198;222,-1.5916175803638166E-4
3,9;335;447,-1.589454118201572E-4
3,72;151;458,-1.5893995460444695E-4
3,231;409;427,-1.586786648838222E-4
3,93;121;423,1.585857220638919E-4
3,166;227;463,1.5857774762635375E-4
3,100;366;467,-1.5843828023835927E-4
3,29;204;248,-1.584017851877781E-4
3,93;139;239,1.5783736516613732E-4
3,169;173;310,-1.577697462023109E-4
3,43;265;424,-1.5727357454382225E-4
3,44;110;431,-1.5717666641552763E-4
3,26;115;327,-1.5704709232458664E-4
3,8;195;299,1.5703307447220832E-4
3,250;377;380,1.5697778705670994E-4
3,91;246;284,1.5696685863280887E-4
3,47;336;380,1.5677918188112912E-4
3,183;197;485,1.5647480636008472E-4
3,1;74;402,-1.5631814786726275E-4
3,46;280;489,1.5577472391425733E-4
3,208;278;489,-1.5571589225997568E-4
3,375;428;458,-1.5555388700000218E-4
3,389;411;493,-1.5522054012610836E-4
3,89;318;410,1.547798475257059E-4
3,99;101;373,1.5461717692502437E-4
3,69;99;393,-1.5449952686293972E-4
3,147;298;325,1.5444163475657037E-4
3,81;280;290,-1.5429070119758853E-4
3,268;422;440,1.5414101471618807E-4
3,269;474;499,-1.5394835902095264E-4
3,114;268;470,-1.5348883785354844E-4
3,36;119;319,1.5346607554606623E-4
3,50;335;390,1.5324411011829003E-4
3,293;331;493,-1.531921406380759E-4
3,23;56;336,-1.529726912045971E-4
3,56;274;417,1.5284112877721014E-4
3,131;434;477,1.5268480688254392E-4
3,274;342;473,-1.5254043034142376E-4
3,212;282;488,-1.5243668277251972E-4
3,30;272;374,-1.524238090485695E-4
3,335;386;482,1.5230366237223191E-4
3,85;256;316,-1.5224329301968869E-4
3,8;371;383,1.5210780948114123E-4
3,274;417;438,-1.5195345341489333E-4
3,1;344;402,1.5186844292371755E-4
3,208;307;418,1.5128382755302401E-4
3,44;110;350,-1.5126224065594907E-4
3,254;307;463,-1.5114841767949473E-4
3,31;73;453,-1.5113609026519347E-4
3,102;183;454,-1.510321426458452E-4
3,264;427;491,1.5100270334640883E-4
3,31;362;415,-1.5099209580401963E-4
3,22;109;426,1.5088044827146389E-4
3,101;121;356,1.5080486847746604E-4
3,200;307;393,-1.507439077235171E-4
3,55;184;409,-1.506890047613706E-4
3,58;67;443,1.50673921745336E-4
3,245;246;284,1.506560277351585E-4
3,43;256;498,1.505414681599606E-4
3,307;393;461,-1.505340359457782E-4
3,47;141;498,1.5039018774524272E-4
3,39;318;320,1.5020469376811953E-4
3,127;377;461,-1.5016683441399848E-4
3,115;217;361,1.499621760378298E-4
3,119;398;452,-1.4984993490332576E-4
3,55;234;244,-1.4982719402489197E-4
3,9;169;205,1.4952060705063683E-4
3,31;101;223,-1.4948930852051883E-4
3,61;400;453,1.4944831133916227E-4
3,95;302;358,1.4919050066918032E-4
3,136;274;423,-1.4917394848935596E-4
3,2;254;435,-1.4891820170184145E-4
3,27;205;398,1.487157204786306E-4
3,14;33;156,-1.4864015903780548E-4
3,313;372;374,1.4857080626713088E-4
3,195;237;299,1.4849409524485412E-4
3,111;326;344,-1.4840323276986474E-4
3,163;351;408,1.4838340162851105E-4
3,181;277;419,-1.4805330130161556E-4
3,226;331;408,1.4803284904584582E-4
3,96;265;424,1.480099374684582E-4
3,139;174;230,-1.4799925567004235E-4
3,81;142;280,-1.4791071398938689E-4
3,190;281;329,-1.4780630168116855E-4
3,285;461;491,-1.476633216692327E-4
3,17;357;403,1.4765996307510148E-4
3,10;234;398,-1.4747827826814552E-4
3,31;87;97,-1.474756123452055E-4
3,93;160;384,-1.4747501654415094E-4
3,23;111;191,-1.4719205326524243E-4
3,27;111;341,1.4714984345090697E-4
3,241;358;384,1.4700074983025786E-4
3,295;481;482,-1.4680092001713614E-4
3,231;401;427,1.4660818243037888E-4
3,27;274;423,1.4645515465464516E-4
3,109;142;227,-1.4645062397549484E-4
3,24;198;204,1.464297924546651E-4
3,12;58;238,-1.454841490683107E-4
3,251;367;481,-1.4526199426630415E-4
3,39;115;492,-1.4512356971272677E-4
3,75;168;390,-1.4499831907753539E-4
3,286;289;352,1.4496602213554845E-4
3,163;255;404,1.4494217900151075E-4
3,77;279;331,1.4488890843265218E-4
3,32;209;362,1.446508286107629E-4
3,80;233;301,1.4447207438827848E-4
3,7;135;236,-1.4415685539001717E-4
3,14;55;244,1.4397928094867296E-4
3,173;190;231,1.4372990618916209E-4
3,26;87;169,1.4371332137458342E-4
3,47;170;336,1.4351905718924574E-4
3,171;218;260,-1.4348628582638585E-4
3,302;354;419,1.4312969975937984E-4
3,180;329;337,1.43060809915116E-4
3,14;156;327,1.4299771597414373E-4
3,5;143;344,-1.429704269439272E-4
3,7;407;420,-1.4273673331702198E-4
3,329;332;368,1.425593222621307E-4
3,442;472;481,1.4225341258060722E-4
3,24;194;453,-1.4222691531674519E-4
3,80;254;484,1.4214906544197023E-4
3,260;296;333,1.4198761838583754E-4
3,86;259;320,1.4171621065932005E-4
3,241;273;333,-1.4154251188492367E-4
3,178;258;380,-1.414821540510398E-4
3,147;298;394,1.4144642082696495E-4
3,16;142;238,-1.4130976884283158E-4
3,246;358;448,1.4121600727737057E-4
3,30;412;490,1.4067505501931985E-4
3,101;240;373,1.4060493896414327E-4
3,157;363;441,1.4040750735039477E-4
3,89;145;410,-1.403913726868052E-4
3,43;120;266,1.4015500094963752E-4
3,18;30;63,1.4013454554488383E-4
3,33;322;408,-1.4004784062068926E-4
3,326;330;344,-1.397795366940884E-4
3,43;184;295,1.3977033376867554E-4
3,32;140;209,1.396691391079461E-4
3,9;430;454,1.392881143595909E-4
3,46;147;452,-1.3915751944136841E-4
3,347;372;403,1.3906915881331733E-4
3,13;45;444,1.3899879414459355E-4
3,15;222;428,1.3838336204813857E-4
3,174;197;368,-1.383066457599727E-4
3,78;281;489,1.3828193609696638E-4
3,19;270;492,1.3771631469670532E-4
3,309;388;497,1.3766347193097984E-4
3,81;142;290,-1.3730926517538917E-4
3,160;291;310,1.3687534767873555E-4
3,186;237;459,1.3679904693853664E-4
3,206;354;488,-1.365187695771E-4
3,33;102;319,-1.3642057254748335E-4
3,127;221;461,1.363389779022107E-4
3,32;140;362,-1.3615148628001963E-4
3,276;341;489,-1.3567707000815418E-4
3,182;241;302,-1.3554078921176044E-4
3,152;204;412,-1.3542121672397927E-4
3,253;407;480,-1.3513826410669748E-4
3,44;296;333,1.3492283608198546E-4
3,77;145;395,1.3489424896649522E-4
3,184;371;468,-1.3466009596488826E-4
3,294;342;473,1.3442309068841424E-4
3,92;238;308,1.3434292262277383E-4
3,101;121;279,-1.342130838073487E-4
3,144;263;443,-1.3419157073843053E-4
3,116;157;363,-1.3378367554062933E-4
3,168;335;390,1.3344437289563994E-4
3,15;55;397,1.3324928653387562E-4
3,31;415;422,-1.3318959545685827E-4
3,1;118;358,1.3311469840409808E-4
3,57;132;355,-1.3307414070301094E-4
3,50;74;137,1.3299175279558062E-4
3,347;374;491,-1.3298570402775907E-4
3,107;164;250,-1.327539687202279E-4
3,15;297;397,-1.3246326741584978E-4
3,115;135;276,-1.3239554409637906E-4
3,158;303;468,-1.3214965579988176E-4
3,125;263;451,-1.3212538763435268E-4
3,81;189;380,-1.3208954059179382E-4
3,86;135;469,-1.3208220340009202E-4
3,18;183;334,-1.320125874591716E-4
3,13;65;467,-1.3197197117450942E-4
3,40;64;260,-1.3188634135393674E-4
3,34;296;477,1.3179844259339856E-4
3,4;155;231,1.3168660978729181E-4
3,19;271;272,1.315067366636826E-4
3,173;227;463,-1.3140884590766196E-4
3,272;301;374,1.31306021780883E-4
3,143;346;479,1.312369052430578E-4
3,70;281;493,1.3033010965962216E-4
3,224;243;283,1.3025604426200802E-4
3,396;397;398,1.3020799004938017E-4
3,68;437;481,-1.3009752360191473E-4
3,208;255;353,-1.3008084688860815E-4
3,23;198;404,1.2991460314914566E-4
3,113;225;251,-1.2982121253586704E-4
3,72;117;407,-1.297897704637832E-4
3,114;221;291,-1.2977381609275478E-4
3,35;193;291,1.295198598727218E-4
3,298;383;463,1.2944630067459267E-4
3,326;333;341,1.2942714586334416E-4
3,258;380;497,1.2939843073911107E-4
3,80;301;312,-1.2909509115487406E-4
3,285;399;491,1.2907354804998013E-4
3,362;492;496,1.2896617182961835E-4
3,164;249;401,1.2875155091576963E-4
3,167;212;488,-1.2872550771670006E-4
3,20;361;492,1.2866394640035557E-4
3,41;43;394,1.284585005129593E-4
3,277;317;386,-1.2793793128584508E-4
3,118;293;358,-1.278561453248934E-4
3,84;154;332,1.2783504417512417E-4
3,268;288;499,1.2757730290533748E-4
3,16;254;484,-1.2740313012424143E-4
3,44;260;333,1.2733663575501182E-4
3,193;216;369,1.272317700262085E-4
3,230;277;386,-1.2721485887039376E-4
3,26;105;371,1.2710460902782923E-4
3,109;352;388,-1.2707783640665744E-4
3,114;422;442,1.270644766273105E-4
3,43;242;266,1.2680361544146332E-4
3,17;98;244,-1.265435480436098E-4
3,283;342;438,-1.261009607470342E-4
3,36;37;432,1.2572987277993707E-4
3,63;316;405,1.2550867135458177E-4
3,179;182;432,1.252596461557827E-4
3,102;312;443,1.251616042584633E-4
3,31;223;400,1.2515298738184828E-4
3,84;189;458,-1.2503520714083024E-4
3,52;268;470,1.2470001806182615E-4
3,24;112;459,1.2459637687506798E-4
3,95;157;410,1.243560025641221E-4
3,194;326;488,1.2429069669358863E-4
3,60;289;308,-1.2420024920277897E-4
3,158;451;453,-1.2400136824132894E-4
3,57;440;452,1.2377890027746817E-4
3,127;445;461,-1.235101419100252E-4
3,157;351;376,-1.2319001615043057E-4
3,65;258;300,1.2292961713592814E-4
3,12;135;399,-1.2284761294416527E-4
3,350;407;486,1.2274892110816232E-4
3,119;192;414,1.2244729468651117E-4
3,88;90;224,-1.223523738020152E-4
3,339;447;474,1.2203810523906792E-4
3,31;61;307,1.2187996664539653E-4
3,24;353;453,-1.2173920236622529E-4
3,70;281;356,-1.2156990848628642E-4
3,71;172;303,-1.2153705664832179E-4
3,294;309;479,-1.2069557061648876E-4
3,46;149;183,-1.2055251450469875E-4
3,78;176;202,-1.2034038447299046E-4
3,26;55;128,1.2020300787617394E-4
3,6;222;428,-1.1989291158880711E-4
3,95;116;358,-1.1967993205482177E-4
3,396;397;417,-1.1965754530454827E-4
3,48;213;317,-1.1947526136085027E-4
3,53;118;281,1.1942707125047115E-4
3,26;108;387,-1.1932334408604165E-4
3,198;204;256,1.1928112844317873E-4
3,26;98;128,1.1920503458920132E-4
3,26;226;408,1.188400011846749E-4
3,98;221;438,-1.1849153791885273E-4
3,85;189;420,-1.184805649558498E-4
3,60;351;487,1.1843472346743753E-4
3,108;340;373,1.1835451441080575E-4
3,114;257;305,-1.1831781375884828E-4
3,54;306;368,1.1826089809499121E-4
3,85;411;420,-1.1824258962969515E-4
3,225;251;303,-1.182175759510074E-4
3,22;190;468,1.1806347201704188E-4
3,84;254;436,-1.1786269416016876E-4
3,119;411;452,1.1785865272277585E-4
3,357;403;419,-1.1784517485606381E-4
3,206;307;481,-1.177271636523448E-4
3,12;273;412,1.1766913191778422E-4
3,134;244;369,-1.1734261351509809E-4
3,4;297;356,1.1720073395858525E-4
3,149;209;487,1.1699327346914045E-4
3,56;417;438,1.1667554230340783E-4
3,7;135;325,-1.1661404768173708E-4
3,162;289;352,1.1645637243857552E-4
3,179;292;486,1.1619084041669911E-4
3,40;236;340,-1.1616990633119807E-4
3,119;320;441,1.1615564884758882E-4
3,68;91;326,1.1597788355868477E-4
3,56;182;195,-1.1595233685929585E-4
3,212;445;498,-1.1590086361031728E-4
3,26;207;310,-1.1587344804016972E-4
3,403;420;485,1.1562632546927968E-4
3,63;256;382,1.1561762750146399E-4
3,254;353;464,1.155662807397343E-4
3,149;183;279,1.1545241809091195E-4
3,161;237;497,1.1520342362604096E-4
3,174;320;415,-1.1514882882945371E-4
3,73;261;453,1.1497141700019054E-4
3,78;343;434,1.1491359398051713E-4
3,84;185;189,1.1468117371696346E-4
3,326;400;453,1.1446865974254876E-4
3,34;367;489,1.1441212361815074E-4
3,111;326;330,-1.1439229408889562E-4
3,113;257;349,1.1430424658448903E-4
3,89;436;445,1.1399156679539698E-4
3,59;173;363,-1.1398627285070598E-4
3,60;193;216,-1.1388170752904875E-4
3,33;150;161,-1.1385216870603328E-4
3,8;272;414,-1.137343838542936E-4
3,32;76;430,1.1359572224895781E-4
3,89;145;318,1.1324819195582931E-4
3,90;148;166,-1.129948786848295E-4
3,106;206;429,1.1293739574864212E-4
3,174;230;278,1.1290321979866965E-4
3,105;243;283,-1.1288690334214053E-4
3,397;398;417,-1.1287565659522828E-4
3,27;217;361,-1.1284140356298091E-4
3,162;286;352,-1.126148018117078E-4
3,140;209;362,-1.1237015062989293E-4
3,134;286;372,-1.1221772563416273E-4
3,114;337;376,1.1213113550060249E-4
3,104;139;454,-1.1180405491812375E-4
3,74;138;448,1.1149659486491251E-4
3,84;255;332,1.1131748952209872E-4
3,17;357;419,-1.1128168956896862E-4
3,98;357;485,1.1127594965547964E-4
3,121;279;356,-1.1126645315406531E-4
3,60;193;369,1.1124442480747652E-4
3,157;176;331,-1.1100952776515013E-4
3,105;173;221,-1.107479968487283E-4
3,254;359;435,1.1073768758055665E-4
3,312;392;443,-1.1051357320684533E-4
3,71;76;303,1.1051083819723793E-4
3,254;326;367,-1.1025528985813853E-4
3,213;312;356,-1.1013400264904438E-4
3,331;392;444,1.1011716119101562E-4
3,121;262;315,1.1010021313507784E-4
3,47;170;285,-1.1003190549966341E-4
3,52;114;470,1.0998186191105516E-4
3,19;270;300,-1.0992593300023132E-4
3,45;117;444,1.0972780991356173E-4
3,139;278;446,-1.0966353412069773E-4
3,130;360;404,1.0955309257909248E-4
3,187;228;323,-1.0938052190910736E-4
3,252;390;486,-1.0927896158702856E-4
3,86;135;208,-1.0898123972697225E-4
3,100;360;419,-1.0863897038246157E-4
3,17;65;300,-1.0862150728504245E-4
3,252;274;292,-1.0857647038009978E-4
3,20;47;117,1.08454259275923E-4
3,152;210;482,-1.0835755984407134E-4
3,152;267;301,-1.0829633801399202E-4
3,41;394;434,1.0817292722552337E-4
3,34;370;477,-1.0787908952885712E-4
3,119;158;414,-1.0783217008703821E-4
3,149;253;291,1.0779673884676385E-4
3,1;118;293,-1.0777964808759211E-4
3,240;293;493,1.07685974049523E-4
3,150;210;453,-1.0751223503543028E-4
3,187;323;345,1.0743983148390031E-4
3,153;246;311,-1.074276567661987E-4
3,14;386;475,-1.073943088604242E-4
3,112;273;412,1.0737136586617413E-4
3,87;95;157,-1.073348244192253E-4
3,169;173;252,-1.0729803207126687E-4
3,90;224;243,-1.0727070928024392E-4
3,105;109;315,-1.0696816827293624E-4
3,272;477;495,1.0690548720810163E-4
3,91;223;374,1.0670122740280893E-4
3,24;177;370,-1.0666788132682044E-4
3,22;421;468,1.0663900315760152E-4
3,144;158;293,-1.0656407535212423E-4
3,0;51;420,1.0656248965448941E-4
3,110;130;471,1.0646860599607763E-4
3,84;182;432,-1.0644992637126835E-4
3,79;110;118,-1.063185128428006E-4
3,174;379;484,1.0625399432841512E-4
3,33;181;277,1.0617174669830327E-4
3,159;347;403,-1.0559684226698842E-4
3,154;218;496,1.054755340514514E-4
3,214;215;269,-1.0546192605817207E-4
3,49;130;306,1.053668172376759E-4
3,73;215;334,1.0509686739800098E-4
3,296;442;481,1.0501076965429166E-4
3,252;282;390,-1.0496699801702202E-4
3,184;409;431,1.0487854424438313E-4
3,64;92;444,1.0470205795541875E-4
3,157;331;423,-1.0456777427523275E-4
3,8;359;383,1.0454992027891914E-4
3,47;182;245,1.0447555839305443E-4
3,282;349;366,-1.0422772947107286E-4
3,204;248;449,-1.0421838611409481E-4
3,106;179;311,1.0417419555927748E-4
3,45;362;492,-1.0402205105698393E-4
3,45;299;447,1.0385168677661657E-4
3,272;395;475,1.0380571472355393E-4
3,389;411;449,1.0368551543142593E-4
3,46;271;350,-1.0366709030235008E-4
3,152;210;371,1.0365660170035802E-4
3,118;143;377,-1.0361699863265577E-4
3,55;228;296,-1.0358958483797496E-4
3,82;106;368,1.035511799004701E-4
3,5;328;344,1.0351223634491973E-4
3,97;311;398,1.0348034906482786E-4
3,121;267;301,1.033202183803895E-4
3,100;267;467,1.0320331292238079E-4
3,108;296;417,-1.0298005451196662E-4
3,178;198;404,-1.029567136101817E-4
3,127;355;459,-1.0295584204759865E-4
3,211;254;286,1.0285445045994806E-4
3,33;408;485,-1.0284485101841598E-4
3,60;123;487,1.02602340796596E-4
3,3;143;300,-1.0240712918909719E-4
3,228;323;345,-1.0237878619632633E-4
3,32;76;364,-1.0200623075899243E-4
3,176;202;203,1.0193965318042178E-4
3,4;147;158,-1.0188701424365866E-4
3,105;224;283,-1.0163514501585936E-4
3,35;71;410,1.0159696502907833E-4
3,32;364;430,-1.0154925140482929E-4
3,113;364;454,1.0125322295293071E-4
3,168;215;334,-1.0111471437633915E-4
3,61;393;455,-1.0101415690830448E-4
3,8;58;241,1.0099807340636681E-4
3,102;279;319,1.0092743871892842E-4
3,133;179;389,1.0085790828335836E-4
3,39;222;262,1.0083746054209663E-4
3,272;395;399,1.0069818738088131E-4
3,206;405;427,1.0048162242377447E-4
3,94;205;296,-1.0047034623891165E-4
3,11;272;414,-1.0046993160494721E-4
3,91;112;326,-1.0045918863281103E-4
3,114;188;408,-1.0045268414940039E-4
3,167;282;488,-1.0033463311889447E-4
3,33;262;315,-1.0025285236199949E-4
3,316;425;433,-1.0024920646846068E-4
3,116;275;383,-1.0015797356117094E-4
3,284;393;464,9.9827627254319E-5
3,329;436;445,9.908354056730548E-5
3,10;234;410,9.885844644902899E-5
3,95;352;388,-9.859162986244045E-5
3,75;168;312,9.854974254815765E-5
3,119;398;411,-9.83619171574854E-5
3,59;318;412,-9.811854778635211E-5
3,205;214;258,-9.80332437344514E-5
3,134;372;492,9.800488718673733E-5
3,135;236;325,-9.796092716114185E-5
3,105;173;227,-9.791948631203148E-5
3,220;223;374,-9.787412133814814E-5
3,16;291;477,9.778420311809268E-5
3,28;284;477,-9.775576171933392E-5
3,182;302;322,-9.766027323001854E-5
3,40;322;484,9.764591775442231E-5
3,60;126;428,-9.734474481072825E-5
3,34;296;370,9.719195177092042E-5
3,74;344;402,-9.678449980837043E-5
3,36;319;361,-9.674777371769203E-5
3,26;55;98,-9.669519408734274E-5
3,27;90;341,-9.667131343251095E-5
3,183;194;317,9.666792072485901E-5
3,45;362;496,-9.647569352081193E-5
3,186;253;409,-9.642646127923265E-5
3,62;104;411,9.625275675290078E-5
3,54;221;489,9.617762815543778E-5
3,25;67;253,-9.587098513458236E-5
3,187;429;489,9.5599262652068E-5
3,31;291;310,-9.55553796513179E-5
3,110;128;394,-9.552564975482383E-5
3,255;430;454,-9.529738379464741E-5
3,174;320;373,9.52504606894568E-5
3,112;256;498,-9.508464334323861E-5
3,160;226;384,-9.50316332376971E-5
3,205;214;314,9.502563650918728E-5
3,180;374;442,9.497193287550819E-5
3,200;393;461,9.455052852357889E-5
3,38;170;214,9.447496575008893E-5
3,9;181;205,-9.417727731449277E-5
3,86;160;259,9.380868834575577E-5
3,68;112;326,-9.360623902479301E-5
3,52;114;268,9.337648271559564E-5
3,75;362;494,9.331384991046309E-5
3,256;448;483,9.3189672044301E-5
3,257;327;343,9.314201923348753E-5
3,125;315;451,-9.309514321795548E-5
3,90;100;419,-9.309236052187084E-5
3,12;58;172,-9.298310872450572E-5
3,46;114;294,-9.297543132861987E-5
3,112;295;341,9.265758533927891E-5
3,269;295;373,9.25465714994719E-5
3,155;191;256,9.24127485361761E-5
3,18;183;379,-9.218777347824807E-5
3,71;410;491,-9.21415378614509E-5
3,26;59;170,9.209962879075144E-5
3,170;321;496,9.205113864032657E-5
3,115;374;442,9.199523108664929E-5
3,41;110;413,-9.198000856775414E-5
3,259;355;471,-9.190064669908932E-5
3,185;339;447,9.172985534708959E-5
3,159;372;403,-9.16999989489892E-5
3,208;282;366,-9.14906916133029E-5
3,105;439;461,9.142947039969291E-5
3,9;145;447,-9.124662990715245E-5
3,245;332;473,9.124043754148654E-5
3,142;227;494,9.121305770098773E-5
3,135;199;399,-9.119021653487339E-5
3,72;311;407,-9.104814981347837E-5
3,66;253;407,9.100120192948166E-5
3,117;139;454,-9.087892538624449E-5
3,1;110;186,-9.065167168992514E-5
3,156;339;485,-9.061726230800559E-5
3,114;157;442,-9.037048179378921E-5
3,359;371;383,-9.0368678452236E-5
3,228;284;464,9.021703316544377E-5
3,31;114;408,-8.994243686401103E-5
3,57;200;364,-8.945595116854649E-5
3,245;298;473,8.942786042786566E-5
3,79;286;430,-8.942205004089753E-5
3,118;143;370,8.935025171622966E-5
3,26;371;479,8.932442650245944E-5
3,84;123;436,8.922825801998311E-5
3,52;201;239,-8.916853723856011E-5
3,51;445;497,8.88351594678009E-5
3,186;237;383,8.871911879091728E-5
3,26;87;111,-8.853236457130333E-5
3,82;103;269,-8.840189397860032E-5
3,62;312;411,-8.815547675387875E-5
3,307;418;436,-8.808791512771011E-5
3,45;492;496,-8.79913439584306E-5
3,17;258;300,8.794369823259094E-5
3,200;386;482,8.779341924260757E-5
3,45;82;266,8.774563650254561E-5
3,1;392;480,-8.766495467086023E-5
3,246;334;414,-8.759735496036876E-5
3,0;35;71,8.738863716398886E-5
3,31;259;307,-8.738548283206942E-5
3,223;337;376,-8.733975954213935E-5
3,109;139;239,-8.720513844508958E-5
3,71;76;172,-8.707806153696504E-5
3,358;390;465,8.701968004926495E-5
3,281;356;493,8.68197291678523E-5
3,427;464;491,-8.666091426438695E-5
3,247;422;426,-8.664264136422247E-5
3,143;328;344,-8.652163425343919E-5
3,20;47;443,-8.64711414854177E-5
3,79;325;429,-8.641951618439162E-5
3,65;107;450,-8.628196669860781E-5
3,144;377;461,-8.624770916094541E-5
3,42;86;497,-8.59029384306276E-5
3,127;144;377,8.58575904727057E-5
3,72;128;394,-8.585122476036749E-5
3,57;289;440,-8.567853944449969E-5
3,146;147;155,8.559219073345932E-5
3,85;185;391,8.556711272242871E-5
3,244;386;404,-8.55178825222542E-5
3,266;324;459,8.544531849128455E-5
3,238;260;308,-8.535231888686848E-5
3,243;324;459,8.52594837616963E-5
3,78;209;489,-8.521340637148773E-5
3,23;29;297,8.517190932089858E-5
3,14;234;244,8.510423797660929E-5
3,289;440;452,-8.472868173661882E-5
3,201;309;387,-8.458110168932876E-5
3,31;188;408,8.44393338240955E-5
3,228;393;464,8.43759460761971E-5
3,127;221;445,8.416368778574504E-5
3,25;60;150,8.406951543276773E-5
3,172;230;352,8.393813252267951E-5
3,136;164;217,8.380856246017126E-5
3,7;74;447,8.377823157312439E-5
3,302;333;419,-8.353192445555186E-5
3,8;422;489,-8.349552862868984E-5
3,32;126;203,-8.340944637464306E-5
3,16;109;291,-8.33267164775785E-5
3,144;246;443,8.315435580752687E-5
3,51;115;472,8.305827126220752E-5
3,137;265;284,8.302724413709893E-5
3,22;94;134,8.301844772502806E-5
3,80;233;312,-8.299636104408944E-5
3,322;408;485,8.271708161296434E-5
3,104;312;411,8.268354755292614E-5
3,7;373;443,8.265807591952365E-5
3,33;161;398,8.25804326037166E-5
3,12;112;412,-8.257859272310079E-5
3,201;387;426,8.255949276104428E-5
3,231;475;494,-8.253769757186003E-5
3,66;269;373,-8.249257501779185E-5
3,22;190;421,8.240063341900759E-5
3,99;102;454,8.228218340911901E-5
3,246;334;389,-8.222997158199693E-5
3,109;142;494,-8.214356278038858E-5
3,190;421;468,8.203014084943571E-5
3,154;172;398,8.202995239412782E-5
3,217;271;272,8.194449561127476E-5
3,10;231;494,-8.165131046176664E-5
3,251;476;481,8.153217584198411E-5
3,84;146;384,-8.149510907082865E-5
3,100;154;496,-8.133753932420929E-5
3,2;119;248,-8.127572550974588E-5
3,88;224;243,-8.092683835453653E-5
3,55;130;296,8.088656191170556E-5
3,170;182;214,8.077086922104189E-5
3,145;323;395,8.068857067925027E-5
3,60;282;416,8.067904492184136E-5
3,99;197;368,-8.059917613600234E-5
3,19;85;185,-8.057992813669183E-5
3,13;256;499,-8.057087445189513E-5
3,4;60;231,8.022713264565747E-5
3,167;340;431,-8.00520955308708E-5
3,349;353;464,-8.002321524817294E-5
3,67;168;443,7.997706798674075E-5
3,205;359;424,-7.982724120880188E-5
3,55;130;228,7.97793907580107E-5
3,351;408;409,7.976619682578692E-5
3,355;381;417,-7.975289412417114E-5
3,24;417;459,-7.974930011509433E-5
3,126;386;404,7.956496292515213E-5
3,273;302;356,7.947100030743412E-5
3,117;243;313,-7.90857073474172E-5
3,165;281;333,7.896414356346606E-5
3,15;77;279,-7.871343331294743E-5
3,268;312;499,7.870697611637054E-5
3,163;184;255,7.870461732414532E-5
3,285;432;469,-7.851676601353928E-5
3,298;332;473,7.829990678800166E-5
3,124;308;379,7.823918914025713E-5
3,24;177;409,7.823596324272825E-5
3,134;244;448,7.811767846712071E-5
3,71;195;466,-7.806711050907467E-5
3,98;244;438,-7.797381000717821E-5
3,237;383;459,-7.776616434954661E-5
3,208;307;436,7.773481968221215E-5
3,24;112;417,7.770768522671812E-5
3,165;188;333,7.765645397213432E-5
3,126;278;446,7.761424457220193E-5
3,269;400;474,-7.751209627480842E-5
3,115;135;305,7.74842618157993E-5
3,127;349;358,7.738230214732361E-5
3,97;100;121,-7.723564345805518E-5
3,56;271;492,-7.715431051329734E-5
3,129;422;434,-7.707114079323237E-5
3,171;254;326,7.703083139872172E-5
3,110;118;335,7.690710755382036E-5
3,119;319;361,7.682630917513879E-5
3,101;223;400,7.674649259514737E-5
3,142;196;405,-7.652012168691119E-5
3,9;362;399,7.649572419873457E-5
3,159;347;372,-7.649044612913581E-5
3,191;252;411,-7.647472552591253E-5
3,273;302;454,-7.64649172641865E-5
3,17;69;138,-7.629596244249923E-5
3,123;289;394,-7.627912923488385E-5
3,20;57;278,7.62269721661767E-5
3,250;304;377,-7.589387299145416E-5
3,82;103;478,-7.573645018886704E-5
3,272;466;495,7.559119300099576E-5
3,79;82;286,-7.555843783049819E-5
3,30;401;490,-7.544791635697694E-5
3,10;398;410,-7.537763564863066E-5
3,194;308;379,-7.534432114801029E-5
3,42;86;372,7.490819037425627E-5
3,171;217;218,7.485620870134031E-5
3,92;419;444,-7.482538612786044E-5
3,12;23;168,7.4771578317153E-5
3,163;351;409,-7.467605946478087E-5
3,178;380;497,-7.465034629359707E-5
3,159;244;295,7.447119121786652E-5
3,120;298;383,-7.415100136735396E-5
3,97;392;444,-7.382900354459996E-5
3,74;326;333,7.375417283624067E-5
3,44;222;307,-7.360676076273242E-5
3,160;230;280,-7.351957406258004E-5
3,245;298;332,-7.346194432722691E-5
3,22;146;444,-7.342957458211675E-5
3,47;228;336,7.326141983891482E-5
3,288;312;499,-7.324554541862009E-5
3,48;213;312,7.308715547719393E-5
3,209;276;474,7.289473559694987E-5
3,176;331;423,-7.284810139397148E-5
3,26;207;268,-7.280604425681487E-5
3,127;144;461,7.278896567029218E-5
3,30;301;374,7.270191638909782E-5
3,44;350;431,7.268155820147096E-5
3,23;178;198,7.263203849723077E-5
3,267;340;434,-7.247890555217955E-5
3,67;196;405,7.246349117999707E-5
3,261;310;461,7.239864140587865E-5
3,35;71;216,7.234364198264804E-5
3,60;126;410,-7.22098237799178E-5
3,200;307;461,-7.220102945701389E-5
3,171;254;367,-7.201964322701586E-5
3,7;143;443,-7.199058994486566E-5
3,99;102;183,-7.182004238395786E-5
3,182;197;485,7.158975244791799E-5
3,96;246;358,7.158666758835415E-5
3,216;257;343,7.147315625254736E-5
3,142;358;384,7.142259654857068E-5
3,88;90;243,7.135186021981503E-5
3,132;196;464,7.130553388423059E-5
3,375;379;484,-7.129731862614079E-5
3,156;363;381,7.117409701061165E-5
3,33;121;315,7.116075957068852E-5
3,23;238;472,7.112810993019539E-5
3,241;330;449,7.099330594666842E-5
3,191;256;301,7.097726076023674E-5
3,162;286;289,7.085592221027162E-5
3,154;172;496,-7.083417986365807E-5
3,1;110;291,7.080954295140894E-5
3,74;326;341,-7.072678017321654E-5
3,98;221;244,-7.066363342382515E-5
3,200;335;482,-7.064390634398007E-5
3,105;221;227,7.055933359164378E-5
3,130;163;402,7.044185360160082E-5
3,75;271;459,-7.028891955320336E-5
3,56;120;492,7.025023113834071E-5
3,76;364;430,7.004061587791704E-5
3,163;408;409,-7.000661061674276E-5
3,151;347;460,-6.971208554340318E-5
3,84;185;458,6.965989898248348E-5
3,93;160;226,6.943001242110092E-5
3,48;209;487,6.942102446377631E-5
3,196;237;250,-6.91903295741556E-5
3,19;362;370,-6.899594921677992E-5
3,29;146;496,6.870607718504937E-5
3,46;105;489,-6.863320843921083E-5
3,278;348;489,6.854855319876382E-5
3,66;209;474,6.841581400828055E-5
3,146;193;384,6.834667839956484E-5
3,79;325;347,6.831876792753526E-5
3,7;299;447,6.821989828312043E-5
3,129;133;434,-6.815832301736751E-5
3,68;225;437,-6.79846903750354E-5
3,104;182;495,-6.788705927452632E-5
3,39;188;222,-6.784786461656072E-5
3,184;468;494,6.77520897045784E-5
3,49;130;169,6.75669127111296E-5
3,138;233;448,-6.755704373692935E-5
3,26;141;170,6.749945067909199E-5
3,43;96;265,-6.74513012046839E-5
3,239;350;381,-6.725390451626235E-5
3,16;134;314,6.724996413726593E-5
3,86;160;320,6.700614739161901E-5
3,24;194;353,6.695317417178571E-5
3,303;372;374,-6.680972687709232E-5
3,283;404;438,-6.672887290315955E-5
3,252;411;458,6.670315001341113E-5
3,196;348;464,-6.665412183681099E-5
3,32;151;460,-6.646942683666274E-5
3,23;111;454,-6.6334443798749E-5
3,28;318;320,-6.622134687026987E-5
3,367;380;394,-6.619472791287071E-5
3,184;252;344,-6.617888306123677E-5
3,411;449;493,6.612563258784266E-5
3,124;197;346,6.612182101621557E-5
3,156;355;363,6.594895976427702E-5
3,282;416;452,6.592548054414735E-5
3,80;416;456,-6.55801234231625E-5
3,96;337;491,-6.553423042064258E-5
3,28;39;320,6.545891262676104E-5
3,56;120;271,-6.534057992008353E-5
3,238;281;472,6.521426279720425E-5
3,17;403;419,-6.515373572359716E-5
3,26;115;240,-6.512173377299468E-5
3,194;266;326,6.497143984145743E-5
3,36;119;361,-6.48193023242104E-5
3,198;206;239,-6.459899270677507E-5
3,174;375;484,-6.448572395812354E-5
3,53;281;357,6.431827106606386E-5
3,9;205;282,-6.387908525592531E-5
3,100;267;366,-6.383679352244476E-5
3,327;337;466,-6.381629574998609E-5
3,9;169;181,-6.349532438595198E-5
3,63;264;405,-6.338733623915537E-5
3,445;493;498,-6.314556761312075E-5
3,20;122;321,6.298735241853078E-5
3,52;75;362,6.291369998406035E-5
3,34;251;367,-6.282360036970353E-5
3,43;180;480,-6.276342465195446E-5
3,432;438;469,-6.256410666964132E-5
3,51;199;241,6.25491806729472E-5
3,224;230;388,6.248102475133832E-5
3,15;279;331,6.236868984717259E-5
3,50;168;335,-6.231969781957282E-5
3,154;255;332,-6.224825781026232E-5
3,55;103;204,6.217755337563856E-5
3,42;71;287,-6.212657067691394E-5
3,164;217;345,-6.208848054754224E-5
3,133;422;434,6.207455932030568E-5
3,31;73;261,6.203904589664286E-5
3,42;317;410,6.198193706004204E-5
3,12;172;238,-6.179646268870953E-5
3,25;231;462,6.170818375883345E-5
3,221;244;438,-6.15740866369575E-5
3,227;322;424,6.155048033747897E-5
3,4;60;155,6.146581852161225E-5
3,207;268;310,-6.143610881276702E-5
3,73;257;369,-6.110895978831683E-5
3,116;302;358,-6.107932937152549E-5
3,48;149;487,6.095360595135467E-5
3,262;377;490,6.0939801478473806E-5
3,91;388;497,6.0930204872713725E-5
3,96;337;468,6.0780165167660525E-5
3,149;156;184,6.038558247166641E-5
3,123;180;480,-6.0383251885659575E-5
3,6;15;222,6.032917619831642E-5
3,59;198;239,-6.026374338809351E-5
3,143;373;443,6.016777871564691E-5
3,106;208;368,6.004267175238479E-5
3,31;427;460,6.004110421998399E-5
3,43;261;310,5.994974311615631E-5
3,53;255;406,-5.9936751487974655E-5
3,200;335;386,-5.97597490843599E-5
3,396;398;417,5.971867782412771E-5
3,21;237;250,-5.9667406599183084E-5
3,85;316;362,5.9645381444018545E-5
3,19;217;271,5.9643960442338424E-5
3,82;190;266,5.9539420660535736E-5
3,80;124;346,-5.92601806993965E-5
3,4;74;147,5.9158765887120466E-5
3,68;91;112,-5.9111000032539554E-5
3,246;389;414,-5.88851306974455E-5
3,45;173;231,-5.859687124579513E-5
3,156;235;336,-5.8166898575204186E-5
3,64;92;419,-5.794046492353197E-5
3,23;281;472,-5.791497353132717E-5
3,16;109;477,5.782661752357902E-5
3,342;404;438,-5.769371646252761E-5
3,103;150;176,-5.759369073837907E-5
3,160;259;320,-5.751837024403957E-5
3,7;199;407,5.7449523388611414E-5
3,309;387;426,5.7283202032174905E-5
3,320;430;441,-5.7147493692718556E-5
3,89;97;466,5.7079226888841875E-5
3,103;204;469,-5.680765251545467E-5
3,257;349;358,5.6777965189794695E-5
3,39;115;397,-5.670513602059855E-5
3,60;282;452,-5.661562378413461E-5
3,33;102;279,-5.6569565657071916E-5
3,304;377;380,5.6421213554783314E-5
3,355;363;381,-5.63089920694007E-5
3,318;355;362,-5.6228410193452404E-5
3,123;351;487,5.607158750908023E-5
3,60;123;351,5.6001675995692726E-5
3,65;107;158,-5.538065912751232E-5
3,21;465;477,5.5344509657431984E-5
3,177;370;409,-5.511393997441681E-5
3,1;465;477,5.496524939179151E-5
3,104;117;454,-5.4951258562408385E-5
3,157;422;442,-5.474224275245568E-5
3,97;276;311,-5.4644301810417174E-5
3,113;296;349,5.441898157775797E-5
3,79;364;454,-5.4370407442413836E-5
3,18;334;379,5.4228305419297576E-5
3,5;68;153,5.4148947314017944E-5
3,80;416;475,5.3756003330862806E-5
3,121;152;267,-5.3742472925411765E-5
3,12;29;144,5.3693739653477276E-5
3,251;367;489,-5.3669119650705173E-5
3,230;280;352,-5.3462696955046326E-5
3,210;249;331,-5.346239584177418E-5
3,254;349;353,-5.3415771280079154E-5
3,146;426;444,5.331492054879541E-5
3,130;228;296,-5.331389674208191E-5
3,289;394;419,5.311329575939304E-5
3,31;362;422,-5.301860890340436E-5
3,400;474;499,5.3013978504878505E-5
3,115;240;327,5.2760040547155094E-5
3,355;439;459,5.2701928360710195E-5
3,190;281;457,5.266523219057394E-5
3,325;347;429,-5.232326522579378E-5
3,252;344;430,5.229279320911452E-5
3,73;116;275,-5.226652570427544E-5
3,144;293;464,5.2172393846920424E-5
3,169;252;310,-5.211250950983741E-5
3,119;248;491,-5.2108683469006105E-5
3,78;148;343,5.209663241325306E-5
3,181;277;470,-5.209189147881777E-5
3,24;198;256,-5.2089720443632095E-5
3,62;104;312,-5.18863147675626E-5
3,252;282;486,5.164329961194046E-5
3,296;391;495,5.163114676214591E-5
3,186;188;409,-5.140505762100192E-5
3,43;394;434,-5.136829957450281E-5
3,119;158;192,5.135596341908041E-5
3,91;309;388,-5.12361969746886E-5
3,4;356;478,5.1099302523494814E-5
3,26;111;169,-5.109261172176298E-5
3,403;420;439,5.098988438870104E-5
3,362;395;399,-5.094290991487251E-5
3,79;110;335,5.0914361133073946E-5
3,6;405;427,-5.08901148932549E-5
3,145;335;475,5.088903809072937E-5
3,5;88;244,5.086906516940965E-5
3,58;67;168,-5.076492019921344E-5
3,137;183;365,-5.0739984180514425E-5
3,264;316;405,5.072568203321941E-5
3,167;212;282,-5.026363580768974E-5
3,122;347;491,-5.015813624739748E-5
3,173;182;363,-5.001121409481009E-5
3,38;170;182,4.9946483120912395E-5
3,115;256;448,4.989905807173706E-5
3,57;230;355,4.98057098929158E-5
3,228;284;393,4.9798563606088645E-5
3,54;304;306,-4.957811204094484E-5
3,23;178;404,-4.954481430038871E-5
3,74;138;233,4.93663091780724E-5
3,94;296;492,4.934863081457215E-5
3,7;74;487,-4.9289624384308676E-5
3,126;138;308,4.917289535799826E-5
3,274;294;473,4.916841465186854E-5
3,272;399;475,-4.911818551554006E-5
3,157;206;481,4.909604950736833E-5
3,390;405;422,-4.87602008677607E-5
3,85;189;411,4.862930557205485E-5
3,112;417;459,-4.847140469002797E-5
3,196;464;472,4.844146282015434E-5
3,48;149;209,4.8394934440454435E-5
3,60;150;460,4.824076341271727E-5
3,21;24;275,4.821654028203257E-5
3,119;320;430,4.8198993713995816E-5
3,142;241;358,4.815792232900745E-5
3,189;411;420,-4.812765127320512E-5
3,208;278;348,4.80165849627901E-5
3,199;288;320,-4.786619639466142E-5
3,38;97;466,4.783907423148053E-5
3,27;115;217,4.78078211740889E-5
3,14;119;233,-4.7724655766436784E-5
3,5;41;88,-4.757945740368047E-5
3,45;173;190,4.7560355771923496E-5
3,151;234;458,-4.754350085573983E-5
3,241;449;471,4.752784797869454E-5
3,23;54;336,-4.749278810423005E-5
3,37;174;432,4.739150957441705E-5
3,33;156;327,4.731551117625589E-5
3,31;87;443,-4.7227234147493265E-5
3,205;258;314,4.689292012627073E-5
3,31;427;456,-4.674023372813342E-5
3,63;180;337,-4.66444098732849E-5
3,254;451;463,4.637289746346758E-5
3,53;83;406,4.6358306485890885E-5
3,112;390;457,-4.6250524551359305E-5
3,38;89;466,4.6211789258112074E-5
3,158;192;414,-4.610915479572722E-5
3,93;94;121,-4.610628893208117E-5
3,178;258;497,-4.6101897713178755E-5
3,158;170;175,4.5932355494149105E-5
3,182;241;322,4.5500633012200154E-5
3,7;25;223,4.5365099332774994E-5
3,274;292;308,-4.5365026611192196E-5
3,390;422;497,-4.533649998024693E-5
3,227;269;424,-4.518260672157863E-5
3,287;364;489,-4.5099817228683146E-5
3,92;268;422,-4.509495775383896E-5
3,90;111;341,-4.4984824002145374E-5
3,52;239;484,4.488368431999676E-5
3,55;271;350,-4.473168096692878E-5
3,211;337;466,4.4645019320354944E-5
3,121;164;250,4.462159878559477E-5
3,274;394;437,4.459762472581766E-5
3,35;74;283,4.4467471270719693E-5
3,209;281;489,-4.4422286069285626E-5
3,170;285;336,-4.436449146405186E-5
3,173;252;310,-4.435239585472468E-5
3,170;255;323,-4.431789533037831E-5
3,9;255;430,4.415741796879108E-5
3,201;239;484,-4.404309613280355E-5
3,242;265;284,4.3949627445363016E-5
3,12;29;383,4.3902401754604676E-5
3,135;157;351,-4.3855185531146354E-5
3,33;341;489,4.3828904846638176E-5
3,46;105;280,4.375983714617145E-5
3,7;447;487,-4.3753484290479375E-5
3,51;199;288,-4.360086505369883E-5
3,46;114;331,-4.355460634715953E-5
3,66;253;480,4.329754665411864E-5
3,188;203;262,-4.326403776789744E-5
3,129;326;460,-4.322735991778749E-5
3,281;329;457,4.2367088120969996E-5
3,78;202;203,4.224926027556097E-5
3,114;157;422,-4.222162464464389E-5
3,58;131;241,4.2213969688827137E-5
3,53;83;255,-4.219073753738673E-5
3,287;347;364,-4.215447049939236E-5
3,94;247;426,4.2130811992831167E-5
3,157;307;481,4.2130264065302195E-5
3,54;388;489,4.211194603171607E-5
3,115;397;492,4.2093395189361045E-5
3,57;92;200,-4.200340980297153E-5
3,264;427;464,-4.1836656364365065E-5
3,35;74;159,-4.177261436542766E-5
3,77;92;492,4.168800635392528E-5
3,33;150;398,-4.166112959482536E-5
3,72;117;311,-4.1539996862229173E-5
3,2;144;480,4.145437697192604E-5
3,14;33;327,4.1333061926536977E-5
3,427;456;460,-4.122272322783031E-5
3,77;323;395,4.1221187897767384E-5
3,100;121;479,4.107453428679403E-5
3,61;326;400,4.100579607977247E-5
3,95;375;458,4.0732981584503805E-5
3,257;305;339,4.064402713831056E-5
3,289;308;406,-4.038312971191056E-5
3,100;154;218,4.011874191876297E-5
3,17;65;258,-3.991387594935637E-5
3,70;107;332,-3.9817862613419756E-5
3,35;193;282,3.973159113429709E-5
3,0;34;436,3.9727858964462154E-5
3,45;82;190,-3.9614356124896585E-5
3,63;264;316,3.9422454732134044E-5
3,90;360;419,3.934493616591689E-5
3,27;398;427,-3.9336606858791745E-5
3,94;167;219,-3.913623143325537E-5
3,92;425;492,-3.906996844092875E-5
3,79;113;454,-3.904164496093124E-5
3,25;326;346,-3.8993890081303845E-5
3,127;439;459,3.885538007560374E-5
3,4;295;341,-3.867822518695061E-5
3,66;276;474,-3.843600946972182E-5
3,69;229;393,3.8382514945768636E-5
3,30;63;354,3.8283345058925876E-5
3,79;82;430,3.818883509743267E-5
3,27;90;111,-3.807036286789939E-5
3,216;327;343,3.787987788433844E-5
3,35;210;453,-3.783312870344772E-5
3,117;378;439,3.76985244296158E-5
3,126;308;362,-3.769513394601404E-5
3,35;282;291,3.761469046071446E-5
3,118;438;443,-3.743376501081775E-5
3,195;207;233,-3.73958345470115E-5
3,41;88;244,3.73584084639215E-5
3,367;476;481,-3.730864001127958E-5
3,4;297;478,3.7224347187759744E-5
3,243;266;324,3.71372765249058E-5
3,244;369;448,-3.691047396705979E-5
3,127;257;358,3.6797711177588594E-5
3,17;21;98,-3.674492037156698E-5
3,113;225;303,-3.670962979513241E-5
3,87;126;203,3.6660672371646124E-5
3,243;313;493,-3.662152246376921E-5
3,44;198;307,3.6583087139556176E-5
3,39;121;319,-3.65252663582329E-5
3,89;329;436,-3.6495688113913074E-5
3,108;261;387,3.635247945968374E-5
3,67;142;405,3.634064593241544E-5
3,120;126;157,-3.611576389900897E-5
3,149;253;315,-3.601051298069147E-5
3,122;374;491,3.599871545303937E-5
3,166;173;463,-3.5747457544758044E-5
3,39;397;492,-3.5686887010741174E-5
3,21;98;244,3.55980392299273E-5
3,142;238;301,3.541715036734382E-5
3,225;437;481,3.540497830636738E-5
3,274;288;394,3.5182519892725736E-5
3,147;155;336,3.496787959986668E-5
3,25;51;497,-3.4920121561817786E-5
3,47;117;443,-3.489540647936518E-5
3,67;104;495,3.483538256783576E-5
3,158;293;464,3.481133295145068E-5
3,55;204;469,3.471340015963975E-5
3,7;53;223,-3.4582602075623856E-5
3,93;109;239,-3.45654641829458E-5
3,114;305;339,-3.4333052920956894E-5
3,8;11;272,3.4239171996781335E-5
3,126;244;386,3.423112444805764E-5
3,101;279;356,-3.4210024439013916E-5
3,199;407;420,-3.410863607150232E-5
3,158;311;453,3.4099027586051295E-5
3,13;237;256,3.3923615572620845E-5
3,296;370;477,3.3891157289672624E-5
3,19;85;391,3.376701453737928E-5
3,150;161;398,3.366532808914056E-5
3,315;340;431,3.3665098676045074E-5
3,45;202;238,3.349395389349273E-5
3,83;171;225,-3.3331656208169125E-5
3,33;276;341,3.332814341556625E-5
3,63;180;329,-3.3273155645332355E-5
3,2;144;424,-3.3262394824657744E-5
3,102;130;360,-3.3091535593640794E-5
3,256;313;382,-3.29876455577207E-5
3,109;291;477,3.288024330584867E-5
3,110;186;291,-3.276243418911623E-5
3,92;268;440,-3.2682717623181856E-5
3,68;225;481,3.261384689748466E-5
3,109;227;494,3.255006603207845E-5
3,42;71;402,-3.252328532403374E-5
3,133;179;449,3.250237499794331E-5
3,287;347;489,3.2489033234819695E-5
3,9;255;454,3.24615560580183E-5
3,194;317;473,3.236535034859636E-5
3,135;146;496,-3.230872833744754E-5
3,114;223;376,-3.2260599487708653E-5
3,71;195;276,-3.22338123641E-5
3,63;329;337,3.211960357167894E-5
3,362;389;463,3.2091531059012414E-5
3,185;339;474,3.2031728503224636E-5
3,23;238;281,3.184445003884286E-5
3,47;158;204,-3.166255604942627E-5
3,318;412;496,3.1613409048724285E-5
3,186;188;253,-3.154943673416326E-5
3,0;51;98,3.1542755395702035E-5
3,187;228;345,-3.1531983730353165E-5
3,97;100;479,3.137600823895395E-5
3,67;213;253,-3.133402445383343E-5
3,221;388;489,-3.1165308354294305E-5
3,100;103;203,3.1145662568233244E-5
3,47;158;264,3.1126740645800556E-5
3,26;268;310,-3.1022056446066844E-5
3,212;445;493,3.089672017538937E-5
3,28;190;284,3.089014442396001E-5
3,40;56;340,-3.069277368614011E-5
3,143;354;479,-3.066499046097197E-5
3,90;166;252,3.0379629786006682E-5
3,241;330;471,3.0352333607835083E-5
3,249;287;338,-3.0230674672502595E-5
3,54;221;388,-3.0221662300513847E-5
3,146;155;336,3.0003374396193688E-5
3,73;275;383,-2.997627028301432E-5
3,71;276;466,-2.9883702476960358E-5
3,63;156;235,-2.9597523875660644E-5
3,245;326;460,-2.9534543507718058E-5
3,42;317;418,-2.9470239888542388E-5
3,63;275;344,2.9343393317585383E-5
3,59;206;239,-2.9070503796004942E-5
3,94;105;439,2.8989137864812678E-5
3,55;184;431,-2.876667100386972E-5
3,348;464;472,-2.8698070580809753E-5
3,113;251;303,2.862068571729573E-5
3,96;118;438,2.8608240321711527E-5
3,31;261;453,-2.860573712619985E-5
3,134;286;492,2.858218221941275E-5
3,269;400;499,2.8491705256730534E-5
3,92;422;440,-2.8239172103519978E-5
3,114;294;331,2.823585597776794E-5
3,56;236;340,-2.8219737545037775E-5
3,295;411;481,-2.8164022639646875E-5
3,63;275;499,2.807520608781415E-5
3,183;194;473,-2.8072446062436003E-5
3,362;370;421,-2.8027207624080896E-5
3,26;105;479,2.783479480484334E-5
3,94;439;461,2.7801901137873438E-5
3,73;257;378,2.77268196061017E-5
3,266;326;488,-2.7500580834911083E-5
3,135;206;354,2.7464005742675588E-5
3,132;230;355,2.746012013956184E-5
3,19;170;175,2.73311618447242E-5
3,57;132;230,2.7283740536086997E-5
3,224;385;388,-2.7210212759596496E-5
3,90;100;360,2.6912185141337197E-5
3,1;474;480,2.6755292788927855E-5
3,146;147;336,2.671846283840508E-5
3,232;274;395,2.671514923996056E-5
3,254;390;465,-2.6465704324585242E-5
3,38;89;97,2.6434735365222408E-5
3,77;422;483,2.6183526592780753E-5
3,297;356;478,-2.6091963738829773E-5
3,210;371;482,2.603875767489007E-5
3,20;117;443,2.5983879665217135E-5
3,13;45;117,2.5977141278342763E-5
3,50;74;342,2.5879000954953978E-5
3,145;335;447,-2.5700682179874745E-5
3,26;261;387,-2.5628671961874113E-5
3,261;389;463,-2.5617418019732804E-5
3,26;240;327,2.5506138478917308E-5
3,292;486;498,-2.5446966751046756E-5
3,21;234;275,-2.5276990731752547E-5
3,76;172;303,-2.525442767539872E-5
3,90;148;252,2.5165176018977968E-5
3,142;167;202,2.5067172575703818E-5
3,19;210;331,2.5009737590811573E-5
3,19;185;391,2.4930567397335083E-5
3,214;258;314,-2.4895945944472073E-5
3,25;240;346,2.489544038591192E-5
3,205;211;286,-2.4726007917431183E-5
3,285;432;438,2.4582863060443634E-5
3,34;156;485,2.453150281561531E-5
3,31;114;188,-2.45088200597115E-5
3,263;315;451,2.438251707852454E-5
3,244;295;303,2.4372062016742304E-5
3,73;116;383,2.4339592952014947E-5
3,142;280;290,2.43010087954626E-5
3,199;211;288,-2.384599972245069E-5
3,196;228;464,-2.3805042892338258E-5
3,92;200;364,2.3801822621529066E-5
3,12;65;496,2.375632258290232E-5
3,145;318;410,-2.343720800452949E-5
3,152;371;482,-2.3252584122010493E-5
3,193;282;291,-2.2971557854240653E-5
3,179;292;498,-2.2968390252076268E-5
3,65;158;450,-2.2880549888237305E-5
3,21;196;250,-2.267489248902356E-5
3,191;411;458,2.2626378338711048E-5
3,25;67;213,-2.259639253665238E-5
3,79;113;364,2.2544811578098734E-5
3,94;134;462,2.232470732498873E-5
3,66;115;472,2.2302185000647455E-5
3,67;142;196,2.226885439959067E-5
3,72;234;458,2.2196611063027227E-5
3,167;315;431,2.217922278519223E-5
3,102;130;404,-2.2177725625567802E-5
3,61;344;455,-2.2076992111350725E-5
3,94;422;426,2.1948353466062914E-5
3,16;166;314,2.1899504061046973E-5
3,286;372;492,2.1883270847263644E-5
3,66;83;171,2.181789028693712E-5
3,95;109;388,2.1714743405184826E-5
3,48;312;356,-2.167243016992107E-5
3,174;375;379,2.1664155167391717E-5
3,51;98;420,-2.166350712150425E-5
3,466;477;495,2.1651280071963722E-5
3,147;175;483,2.165011409113482E-5
3,20;127;278,2.1513741223552126E-5
3,38;182;214,2.1279030532578335E-5
3,169;181;205,2.12288324190493E-5
3,13;65;454,-2.0986717027452334E-5
3,303;313;374,2.0957693150738337E-5
3,5;68;80,2.0955417650888166E-5
3,2;359;435,2.090474095679752E-5
3,32;106;154,2.0776468532128584E-5
3,6;12;168,2.0685264413805778E-5
3,64;207;233,2.040035482540724E-5
3,125;263;315,2.0141346833923878E-5
3,188;262;399,-1.9997218646137073E-5
3,108;193;340,1.996339901419475E-5
3,16;149;156,1.9925787589882407E-5
3,3;255;353,1.9830461885970736E-5
3,259;355;451,1.9732416839638693E-5
3,129;245;460,1.950946942494651E-5
3,179;389;449,-1.9479142225410988E-5
3,257;369;378,-1.9473882524232836E-5
3,31;456;460,-1.9244136953167872E-5
3,399;461;491,-1.922743774207547E-5
3,18;63;354,1.919886967794003E-5
3,35;71;491,1.914603829561727E-5
3,71;316;433,1.9144742221798364E-5
3,145;460;475,-1.9016310660912362E-5
3,28;39;318,-1.8940841672159565E-5
3,111;262;490,-1.89093362323986E-5
3,152;412;487,1.8834284234590423E-5
3,89;329;445,1.879806844977172E-5
3,8;228;489,1.8765487790897736E-5
3,55;409;431,1.8674113667055695E-5
3,99;240;373,-1.843676205956124E-5
3,20;477;492,-1.831577175228766E-5
3,170;203;323,-1.8260651252420073E-5
3,84;179;432,1.8235128764480107E-5
3,31;61;259,1.8202138646323087E-5
3,285;458;471,-1.8154268244158446E-5
3,195;276;466,1.7947420089568982E-5
3,118;370;377,1.7826370663188346E-5
3,107;332;420,1.7783666510355996E-5
3,208;282;349,1.7694350527689777E-5
3,2;254;359,-1.766927908690051E-5
3,106;304;429,1.7662798512255912E-5
3,1;21;465,1.758734075329116E-5
3,46;183;279,-1.7562970316968103E-5
3,110;130;243,1.7552661019737E-5
3,74;333;341,1.75519244447023E-5
3,13;237;499,-1.7478232766538094E-5
3,59;182;363,1.7464484962795525E-5
3,264;464;491,-1.739952700672373E-5
3,12;429;489,-1.7333514721772747E-5
3,224;230;385,1.7273635886337166E-5
3,112;390;422,1.7204655121593136E-5
3,41;291;413,-1.717382829275653E-5
3,32;347;460,-1.7025914607494226E-5
3,174;373;415,1.6989434743433062E-5
3,161;237;347,1.6813098816274587E-5
3,5;143;328,-1.66350383004001E-5
3,42;287;402,1.6188829301969146E-5
3,182;208;407,1.6185482799520965E-5
3,69;99;229,1.616208522451086E-5
3,47;178;380,1.6025706696487716E-5
3,314;380;394,1.5823255960745103E-5
3,99;174;368,1.5805951326276075E-5
3,160;280;352,1.5788575693554685E-5
3,24;370;409,-1.563148417975993E-5
3,120;157;345,1.5561412503743307E-5
3,136;205;282,1.5545627622783525E-5
3,33;181;476,-1.550436577034302E-5
3,390;422;457,1.5252142514339428E-5
3,19;370;421,1.5165801765071097E-5
3,66;83;225,1.5056229782853884E-5
3,252;274;308,1.502837542106654E-5
3,13;105;109,-1.4989812558937958E-5
3,15;77;331,-1.4910551079029833E-5
3,420;439;485,1.4521278312700809E-5
3,163;184;404,1.4455305040978389E-5
3,29;248;449,-1.4382255964828477E-5
3,158;204;264,1.4160778691628004E-5
3,21;24;234,1.4096724375117554E-5
3,51;309;479,-1.3997223406066504E-5
3,102;392;443,1.3983269804031028E-5
3,10;475;494,1.3856615995817515E-5
3,36;37;174,-1.3803490398234378E-5
3,67;104;182,1.3779950673018765E-5
3,100;203;366,-1.3758066363707536E-5
3,91;220;374,1.3728957934200162E-5
3,233;301;312,-1.3368659596222938E-5
3,21;352;368,-1.323153749430686E-5
3,14;55;234,-1.3221860349771366E-5
3,43;112;498,-1.3155412959858905E-5
3,53;88;465,-1.308904388907449E-5
3,47;320;380,-1.3064570787377397E-5
3,25;213;253,-1.3061247013438748E-5
3,4;74;158,-1.3054185846991904E-5
3,167;202;320,1.305243826912153E-5
3,298;325;394,1.3030833128784559E-5
3,27;205;427,1.297521948282232E-5
3,254;349;464,-1.2795325691155796E-5
3,135;351;376,1.2327285937863211E-5
3,241;274;395,1.2316761600814297E-5
3,26;226;331,-1.2071505013894744E-5
3,288;394;437,-1.2069423407501557E-5
3,389;449;493,1.2019974249073195E-5
3,29;135;146,-1.1903099793811045E-5
3,275;344;499,-1.1785198827434187E-5
3,304;306;368,-1.161148251799861E-5
3,126;138;362,-1.1513403007786915E-5
3,25;51;445,-1.145358375425562E-5
3,60;416;452,-1.1286576695737376E-5
3,66;171;225,-1.1284938714743828E-5
3,120;298;463,1.1159724685309971E-5
3,51;241;288,1.1150176752620978E-5
3,63;313;382,1.1113996490981923E-5
3,91;245;284,-1.1110995692900541E-5
3,149;291;315,1.1032025130717701E-5
3,81;314;380,-1.0767186094249579E-5
3,17;138;497,-1.0716793584590629E-5
3,61;326;453,1.0698428397761389E-5
3,38;386;475,-1.0574266025923123E-5
3,172;230;410,-1.0410929106601685E-5
3,96;118;443,-1.0190750352556359E-5
3,241;276;333,-1.0139360683129372E-5
3,19;362;421,1.0015877120683095E-5
3,74;137;342,-1.0005754487872957E-5
3,63;344;499,-9.916474533221782E-6
3,8;58;131,-9.90546060817199E-6
3,82;110;455,-9.738564393711653E-6
3,158;311;451,-9.72964047341654E-6
3,3;300;340,9.69155617800914E-6
3,117;359;378,9.62883587445816E-6
3,9;136;205,9.248222736988596E-6
3,73;168;334,9.114909477785288E-6
3,211;327;466,-9.041655166785096E-6
3,22;94;462,-8.965454763034245E-6
3,170;203;255,8.948369750820724E-6
3,3;208;255,8.944342156926411E-6
3,230;277;317,-8.878298590111063E-6
3,285;471;484,8.867060185653002E-6
3,109;142;426,8.836061117608388E-6
3,130;243;471,-8.625994319412523E-6
3,51;66;115,8.519163176048256E-6
3,130;169;306,-8.372408660695289E-6
3,127;355;439,-8.228983041366433E-6
3,56;195;202,-8.197158075461925E-6
3,71;182;245,-8.170204397254133E-6
3,32;106;331,8.169393777380656E-6
3,296;442;472,8.126690476029208E-6
3,135;157;376,-8.119748432366334E-6
3,0;35;216,8.096381404465877E-6
3,82;208;368,-7.972083544014838E-6
3,74;233;448,7.956870810896119E-6
3,40;176;322,-7.930178097328377E-6
3,139;230;278,-7.925722661631551E-6
3,234;398;410,-7.762418122459647E-6
3,35;150;210,7.423089355154331E-6
3,1;392;474,7.3881423658652965E-6
3,47;178;320,7.354244328794155E-6
3,70;356;493,7.330842561150089E-6
3,143;346;354,-7.218283976518511E-6
3,249;314;338,-7.144961084519341E-6
3,211;327;337,7.0333169938193995E-6
3,79;347;429,-6.822285078107851E-6
3,273;276;333,-6.760211675603228E-6
3,51;249;401,6.749097082276834E-6
3,191;252;458,-6.7349929831788395E-6
3,51;66;472,6.621532318431073E-6
3,171;217;260,-6.573601151598455E-6
3,185;447;474,-6.497674434279233E-6
3,355;451;471,6.4402641139658655E-6
3,29;204;449,6.4145542784408424E-6
3,175;187;483,-6.1762563416623564E-6
3,401;412;490,6.155579331281122E-6
3,48;107;213,-6.1140335775274055E-6
3,137;338;365,6.051828056565067E-6
3,40;91;260,5.883553011126807E-6
3,94;191;219,5.848486100283712E-6
3,116;157;441,5.729835432143657E-6
3,182;183;485,5.516987650750677E-6
3,33;277;476,5.509791386844862E-6
3,282;350;407,5.471129835437586E-6
3,81;189;314,-5.4621556388932956E-6
3,167;315;340,5.42244806713911E-6
3,190;329;457,-5.422390522236656E-6
3,43;120;242,-5.4135607914719E-6
3,183;334;379,5.405137819331135E-6
3,94;205;492,-5.38931139409303E-6
3,40;176;484,5.26582581423804E-6
3,94;167;191,-5.173442805528367E-6
3,69;82;455,5.16699220830974E-6
3,3;208;353,-4.886378393468838E-6
3,113;257;296,-4.845522861655516E-6
3,144;246;263,4.7414038980544E-6
3,317;410;418,-4.718211361207703E-6
3,248;267;340,4.333652492162527E-6
3,16;80;484,-4.289362550056727E-6
3,8;359;371,-4.146232855076177E-6
3,168;312;390,-4.145166718781263E-6
3,135;354;488,4.116763582070915E-6
3,77;213;422,-4.108565763122463E-6
3,9;145;335,3.980778008015009E-6
3,61;344;393,-3.955206582157422E-6
3,201;309;426,3.922363663441619E-6
3,6;12;23,-3.882254093226706E-6
3,39;121;325,3.7162706059795245E-6
3,281;331;446,3.703052707387744E-6
3,25;150;460,-3.627392549114858E-6
3,68;80;153,3.286083911425153E-6
3,201;214;464,-3.2337178575473636E-6
3,20;361;477,3.1009066681191024E-6
3,136;164;345,-2.9086207979511226E-6
3,43;112;256,-2.846104130963423E-6
3,0;98;420,-2.7845316720379597E-6
3,242;331;446,-2.5422343483590264E-6
3,401;409;427,-2.4985820215822907E-6
3,204;412;487,-2.413664338332025E-6
3,60;216;369,2.06080126164071E-6
3,45;202;241,-1.83486121230321E-6
3,296;472;481,-1.7880629485134414E-6
3,205;294;424,-1.6442657939664262E-6
3,181;277;476,1.556499263347555E-6
3,95;109;352,1.5189796360262909E-6
3,119;233;338,1.388873839092919E-6
3,220;296;495,1.3801836637844928E-6
3,107;121;164,1.2836253081364434E-6
3,135;276;305,-1.2249000498410768E-6
3,59;412;496,-1.2214918145754122E-6
3,416;456;475,-1.1180111364025857E-6
3,12;187;429,9.793902004714695E-7
3,21;131;352,9.71049239258101E-7
3,220;296;391,9.639265819069154E-7
3,7;143;373,-9.459797919390001E-7
3,48;213;356,-8.945206897162383E-7
3,12;199;399,8.870047603233983E-7
3,129;133;422,-3.0018252803587496E-7
3,52;362;494,-1.7056931366844774E-7
3,7;45;299,1.2846547340308879E-8
4,248;267;340;434,4.1896089885567643E-4
4,68;91;112;326,-4.022252459233375E-4
4,22;146;426;444,-3.845126365607847E-4
4,97;100;121;479,-3.7661896277035075E-4
4,81;189;314;380,3.722912452846968E-4
4,127;257;349;358,-3.609591054033385E-4
4,6;15;222;428,-3.361919033725661E-4
4,117;243;313;493,3.328883582839115E-4
4,51;199;241;288,3.320758320045557E-4
4,110;130;243;471,-3.285594740995097E-4
4,102;130;360;404,3.2245306443491823E-4
4,42;86;372;497,3.197600537156081E-4
4,285;432;438;469,3.128106438694608E-4
4,264;427;464;491,3.121604895661814E-4
4,111;326;330;344,-3.119505441814284E-4
4,303;313;372;374,-3.071304592402748E-4
4,114;257;305;339,-3.0258391942906217E-4
4,389;411;449;493,2.996568174108692E-4
4,99;174;197;368,2.9838860911757015E-4
4,159;347;372;403,-2.9392691659349605E-4
4,104;117;139;454,2.9277909164827145E-4
4,145;335;460;475,2.9202645741728154E-4
4,272;395;399;475,2.845260556741959E-4
4,54;304;306;368,2.8117629375502265E-4
4,13;65;454;467,2.786277657228756E-4
4,45;173;190;231,-2.768996998660255E-4
4,287;347;364;489,2.7583128651769237E-4
4,188;203;262;399,2.749833399016884E-4
4,205;211;254;286,2.7398431392779875E-4
4,73;257;369;378,-2.734588137173445E-4
4,55;103;204;469,-2.729010549671569E-4
4,171;254;326;367,2.708906730405069E-4
4,14;119;233;338,-2.708600285108526E-4
4,71;316;425;433,-2.7036262304505637E-4
4,13;45;117;444,2.692880075020076E-4
4,33;322;408;485,2.679855791957836E-4
4,200;307;393;461,-2.667445774881221E-4
4,146;147;155;336,2.631740065010869E-4
4,46;149;183;279,-2.629245742978359E-4
4,32;87;126;203,-2.5891276133894374E-4
4,31;427;456;460,-2.585934305601472E-4
4,127;355;439;459,-2.581969564655151E-4
4,79;113;364;454,-2.5709435425678984E-4
4,52;75;362;494,-2.538051870407283E-4
4,71;76;172;303,2.527966917136353E-4
4,182;208;364;407,-2.505265233866858E-4
4,43;96;265;424,-2.4857026148406974E-4
4,272;466;477;495,2.4819949295093186E-4
4,241;273;276;333,2.4723770108643395E-4
4,101;121;279;356,-2.4313519365490527E-4
4,26;115;240;327,-2.373174087475465E-4
4,25;231;462;487,2.3714264297585065E-4
4,77;145;323;395,-2.2994761717675974E-4
4,252;282;390;486,-2.2967974669013864E-4
4,167;212;282;488,2.2930631072252123E-4
4,26;87;111;169,-2.237163258941814E-4
4,196;348;464;472,2.2297917830460244E-4
4,50;168;335;390,2.217501228587655E-4
4,163;351;408;409,-2.2085643436804472E-4
4,94;247;422;426,-2.2017427517434794E-4
4,113;257;296;349,2.1893133030903222E-4
4,34;156;339;485,-2.1873284642190811E-4
4,15;77;279;331,2.1840071350934137E-4
4,182;183;197;485,-2.1700683591799425E-4
4,29;135;146;496,-2.1668734353316016E-4
4,51;66;115;472,-2.1663488629398444E-4
4,100;267;366;467,2.1308764896859462E-4
4,143;346;354;479,2.1252692505479442E-4
4,94;167;191;219,2.121728530850305E-4
4,105;224;243;283,2.1038076589773106E-4
4,9;255;430;454,2.0889971300476723E-4
4,161;237;347;497,2.082785580685302E-4
4,117;359;378;439,-2.072828065890795E-4
4,403;420;439;485,2.0583278880610177E-4
4,63;264;316;405,-2.0539873556116723E-4
4,9;136;205;282,-2.0531771112878644E-4
4,17;69;138;497,2.0525084789648398E-4
4,64;195;207;233,2.0485368826894852E-4
4,126;138;308;362,2.0313889015363242E-4
4,8;11;272;414,-2.0223605865454298E-4
4,274;294;342;473,-2.0108367757726202E-4
4,114;157;422;442,-2.0061422761413785E-4
4,4;74;147;158,-1.981410311094316E-4
4,259;355;451;471,1.9742004057917524E-4
4,47;158;204;264,1.9705178596966937E-4
4,12;187;429;489,-1.9675469426043497E-4
4,1;110;186;291,1.9475592676359963E-4
4,4;297;356;478,1.9460385711000713E-4
4,33;102;279;319,1.9379749842732226E-4
4,74;138;233;448,-1.934591365235378E-4
4,70;107;332;420,1.9295497857227566E-4
4,25;60;150;460,1.9074833940784227E-4
4,24;112;417;459,-1.902517161053556E-4
4,38;89;97;466,-1.896451561850539E-4
4,78;148;343;434,-1.89604891135293E-4
4,114;223;337;376,1.872346205613043E-4
4,23;111;191;454,-1.8636046800421524E-4
4,33;181;277;476,-1.8582501410190566E-4
4,89;329;436;445,-1.8471414676461115E-4
4,32;151;347;460,1.844582300252074E-4
4,142;241;358;384,1.8397548534163156E-4
4,31;362;415;422,-1.834881848769615E-4
4,18;183;334;379,1.8317144575984262E-4
4,191;252;411;458,1.830721327843649E-4
4,32;140;209;362,-1.8119102076393962E-4
4,136;164;217;345,-1.8074297141392183E-4
4,35;193;282;291,1.7948093502464312E-4
4,23;29;297;422,-1.7930791348543402E-4
4,282;350;407;486,1.7862497432816584E-4
4,31;73;261;453,-1.755243793439676E-4
4,134;244;369;448,-1.7417334525515814E-4
4,43;184;295;415,1.741025805943938E-4
4,120;126;157;345,-1.7357994508585938E-4
4,254;307;451;463,-1.7308628848824472E-4
4,84;185;189;458,-1.7298339978453009E-4
4,73;116;275;383,-1.7262534218461667E-4
4,205;214;258;314,-1.7196205097908237E-4
4,115;135;276;305,1.7105690647790784E-4
4,105;173;221;227,-1.7030212315660462E-4
4,158;303;362;468,-1.6971786313222176E-4
4,48;213;312;356,-1.6887570064604427E-4
4,121;152;267;301,1.6871836040767145E-4
4,187;228;323;345,1.6793521612470553E-4
4,2;144;424;480,1.674733520159713E-4
4,30;272;301;374,-1.670069535987806E-4
4,56;120;271;492,1.6691649532176022E-4
4,79;325;347;429,1.6677073544853506E-4
4,329;332;368;472,-1.6612611749871584E-4
4,27;205;398;427,-1.653734750560681E-4
4,63;256;313;382,-1.6509699018630377E-4
4,64;92;419;444,1.6491176643545564E-4
4,68;225;437;481,-1.6299121506638508E-4
4,84;154;255;332,-1.6169490474979148E-4
4,44;260;296;333,1.6108186072595452E-4
4,273;302;356;454,-1.605848718534125E-4
4,242;281;331;446,1.6054953987635967E-4
4,318;355;362;372,1.605434866035253E-4
4,6;12;23;168,1.6035808907859442E-4
4,186;188;253;409,1.5890382366552335E-4
4,268;288;312;499,-1.561809008424915E-4
4,142;167;202;320,-1.560698160916679E-4
4,35;71;410;491,-1.5536600114297066E-4
4,12;29;144;383,-1.5514473097281734E-4
4,19;270;300;492,1.5413756527793887E-4
4,66;253;407;480,1.539927635036345E-4
4,91;309;388;497,-1.5368218449779352E-4
4,72;151;234;458,1.5255345352647193E-4
4,199;211;288;320,-1.5190515908444237E-4
4,44;110;350;431,1.501577783172704E-4
4,228;284;393;464,1.491238574591504E-4
4,22;109;142;426,1.488884275466846E-4
4,13;237;256;499,1.471729259286541E-4
4,208;282;349;366,-1.4707228090399594E-4
4,160;230;280;352,-1.4690468666619602E-4
4,89;145;318;410,-1.4611980872545016E-4
4,67;104;182;495,-1.4583305050510154E-4
4,396;397;398;417,1.4476684094688957E-4
4,5;68;80;153,1.4394830757533285E-4
4,302;333;354;419,1.4313190224020007E-4
4,50;74;137;342,-1.429685204505514E-4
4,283;342;404;438,1.4210502755000303E-4
4,93;94;121;423,-1.4113363460868276E-4
4,212;445;493;498,1.3999401673359886E-4
4,95;116;302;358,-1.396330548937924E-4
4,93;109;139;239,1.391455308689812E-4
4,115;180;374;442,-1.383740713396664E-4
4,99;102;183;454,1.3810124266930046E-4
4,254;349;353;464,-1.3802813482175166E-4
4,16;142;238;301,1.3781693496071456E-4
4,27;90;111;341,1.3763858554277145E-4
4,22;94;134;462,1.3699252973047637E-4
4,137;183;338;365,1.369468043850714E-4
4,7;45;299;447,-1.3663567248386267E-4
4,152;204;412;487,1.3616569120060678E-4
4,82;106;208;368,1.3594343198575616E-4
4,23;54;56;336,-1.357235269998266E-4
4,43;123;180;480,-1.3540810569783907E-4
4,2;254;359;435,1.3536995472683406E-4
4,184;371;468;494,1.3499992883813755E-4
4,23;178;198;404,1.3321737055165057E-4
4,13;105;109;315,-1.3314963325880414E-4
4,97;276;311;398,1.3312534176754476E-4
4,155;191;256;301,1.327812539331707E-4
4,66;83;171;225,1.3264538729367294E-4
4,46;147;258;452,-1.3258390160106198E-4
4,251;367;476;481,1.317839380941268E-4
4,92;268;422;440,-1.3071116424623225E-4
4,163;184;255;404,-1.3033918516378818E-4
4,93;160;226;384,1.2915332109187836E-4
4,79;82;286;430,1.272144040307985E-4
4,120;298;383;463,1.2674533132447596E-4
4,200;335;386;482,1.2629443073503853E-4
4,162;286;289;352,-1.2534176956142249E-4
4,32;106;154;331,-1.2496886431277273E-4
4,61;326;400;453,1.243209563748226E-4
4,147;298;325;394,-1.2421172135179285E-4
4,47;228;336;380,1.239758679445775E-4
4,84;123;254;436,-1.2379754889374928E-4
4,31;114;188;408,-1.237648786329037E-4
4,41;110;291;413,-1.2270579098060423E-4
4,24;177;370;409,-1.2187644823133846E-4
4,15;55;297;397,1.2172423796304712E-4
4,16;134;166;314,-1.2149375625031183E-4
4,97;331;392;444,1.2143073752442288E-4
4,250;304;377;380,1.2042397548844032E-4
4,208;307;418;436,-1.2020972128580333E-4
4,157;206;307;481,1.2013553527812029E-4
4,59;318;412;496,-1.2005259873985783E-4
4,1;118;293;358,1.2002484406844399E-4
4,19;85;185;391,1.197431189671452E-4
4,220;296;391;495,1.1948984558496576E-4
4,49;98;357;485,1.1941603711386273E-4
4,127;144;377;461,1.1919426316884724E-4
4,81;142;280;290,-1.1914796927107175E-4
4,171;217;218;260,1.190671999892184E-4
4,355;381;417;448,-1.1900963833408707E-4
4,53;83;255;406,1.1754092940384119E-4
4,88;90;224;243,1.1713865328259365E-4
4,230;277;317;386,1.1691146588628186E-4
4,127;221;445;461,-1.1679477279180133E-4
4,39;115;397;492,1.1550730489962389E-4
4,119;398;411;452,1.1506005664348623E-4
4,84;146;193;384,1.1411743260573343E-4
4,132;196;228;464,1.1409947957309347E-4
4,60;193;216;369,1.1407308192292693E-4
4,60;126;410;428,1.133369562576508E-4
4,63;156;235;336,-1.130294156809693E-4
4,10;231;475;494,1.1288582085917919E-4
4,8;359;371;383,-1.1272279485369463E-4
4,90;100;360;419,-1.124723236911894E-4
4,7;74;447;487,-1.1231319365656802E-4
4,41;43;394;434,-1.1176971426158135E-4
4,91;245;246;284,-1.11501264892849E-4
4,119;158;192;414,1.1107798311580095E-4
4,7;199;407;420,-1.1067237125500928E-4
4,157;176;331;423,-1.0991894000639171E-4
4,95;109;352;388,1.09688343580648E-4
4,174;375;379;484,-1.0929345999226568E-4
4,249;287;314;338,-1.0797275435362782E-4
4,107;121;164;250,1.076870436030746E-4
4,59;198;206;239,-1.0727668073880907E-4
4,156;355;363;381,1.0598228656613985E-4
4,29;204;248;449,1.0595354701840814E-4
4,74;326;333;341,1.0563451550476837E-4
4,17;65;258;300,1.0513252483949175E-4
4,102;312;392;443,1.0463437713413343E-4
4,57;289;440;452,-1.0463237347674379E-4
4,80;233;301;312,1.0447687127078526E-4
4,42;71;287;402,-1.007768929199266E-4
4,86;135;208;469,-1.007128159409409E-4
4,269;400;474;499,-1.0067657810096592E-4
4,53;118;281;357,-1.0000750890262578E-4
4,28;190;284;477,-9.926673695947227E-5
4,25;51;445;497,9.910247005143572E-5
4,241;330;449;471,9.891275046151031E-5
4,34;296;370;477,-9.748129885083801E-5
4,66;201;214;464,-9.736454730691874E-5
4,9;145;335;447,-9.64384977262656E-5
4,106;179;311;441,-9.622243204275028E-5
4,129;133;422;434,-9.589436242012065E-5
4,12;58;172;238,9.407199708298101E-5
4,14;33;156;327,9.406500313534917E-5
4,33;121;262;315,9.402848016690378E-5
4,2;119;248;491,-9.337503853219E-5
4,6;206;405;427,-9.255775426097392E-5
4,84;179;182;432,9.23733462028864E-5
4,135;157;351;376,-9.22458783287417E-5
4,26;105;371;479,-9.21669426745904E-5
4,111;262;377;490,-9.20506816722918E-5
4,166;173;227;463,-9.182209017928795E-5
4,231;401;409;427,-9.158017107051947E-5
4,85;189;411;420,9.139632908188836E-5
4,69;99;229;393,9.131027721575602E-5
4,31;101;223;400,9.072007041988928E-5
4,3;143;300;340,-9.055576763845767E-5
4,21;196;237;250,8.97536097171777E-5
4,129;245;326;460,8.962502817957084E-5
4,8;228;422;489,-8.927926117523244E-5
4,1;392;474;480,-8.773133154402035E-5
4,174;320;373;415,-8.733136962378852E-5
4,100;103;203;366,-8.73267470426277E-5
4,20;122;276;321,8.639419951016467E-5
4,75;271;395;459,8.587249292189512E-5
4,51;164;249;401,8.559346385167249E-5
4,170;321;491;496,8.548001071953408E-5
4,59;173;182;363,-8.50523241736177E-5
4,26;55;98;128,8.463262583606057E-5
4,7;25;53;223,8.438975950196145E-5
4,66;269;295;373,-8.312568023007243E-5
4,78;209;281;489,-8.298096410658814E-5
4,71;195;276;466,-8.189095543704189E-5
4,72;110;128;394,-8.185750476953582E-5
4,147;175;187;483,-8.173698025767746E-5
4,8;195;237;299,8.054039172553969E-5
4,27;136;274;423,-7.97059369741652E-5
4,246;334;389;414,7.960187566577921E-5
4,28;108;296;417,7.942462436892497E-5
4,47;71;182;245,7.939818710960154E-5
4,48;149;209;487,7.881316513830138E-5
4,134;286;372;492,7.817285962226283E-5
4,92;238;260;308,7.785019068695601E-5
4,79;110;118;335,-7.723377647313344E-5
4,55;130;228;296,-7.617453643773343E-5
4,126;244;386;404,7.565538530405101E-5
4,18;30;63;354,-7.548013481500275E-5
4,20;57;127;278,7.484509699595106E-5
4,82;103;269;478,7.440645563756374E-5
4,31;87;97;443,7.431789063137899E-5
4,314;367;380;394,7.420120681715017E-5
4,7;143;373;443,-7.402891726602032E-5
4,43;112;256;498,-7.369641137626317E-5
4,186;237;383;459,-7.333134747825713E-5
4,24;198;204;256,-7.241871205376442E-5
4,56;182;195;202,7.240998007845275E-5
4,232;241;274;395,7.238834060440053E-5
4,12;112;273;412,7.233180042184959E-5
4,30;401;412;490,7.219493803767959E-5
4,62;239;350;381,-7.157402211706584E-5
4,154;172;398;496,7.055127183341268E-5
4,285;399;461;491,-6.971413861065795E-5
4,46;55;271;350,-6.969604600757232E-5
4,133;179;389;449,6.902921402804394E-5
4,63;275;344;499,-6.86543674375419E-5
4,211;327;337;466,6.806255041080354E-5
4,165;188;281;333,6.741371266301279E-5
4,1;74;344;402,6.680889072694534E-5
4,4;60;155;231,-6.578749817169953E-5
4,44;198;222;307,6.517703694280106E-5
4,78;176;202;203,6.509190771910465E-5
4,60;282;416;452,-6.493969835086064E-5
4,123;289;394;419,6.407330586533342E-5
4,77;213;422;483,6.399546549655641E-5
4,40;56;236;340,-6.382031999377811E-5
4,109;142;227;494,-6.237154805667818E-5
4,113;225;251;303,-6.130835748617978E-5
4,90;148;166;252,6.081004112200854E-5
4,7;135;236;325,6.080970782176131E-5
4,0;51;98;420,6.055511208416567E-5
4,85;256;316;362,-6.04517671154895E-5
4,9;169;181;205,5.690093045203745E-5
4,45;202;238;241,-5.643941773322665E-5
4,16;149;156;184,-5.5415510468930774E-5
4,47;178;320;380,-5.541083888189373E-5
4,295;411;481;482,5.53097669203714E-5
4,25;67;213;253,-5.465364497597286E-5
4,57;132;230;355,-5.4469228548152507E-5
4,12;65;458;496,-5.40543440386436E-5
4,43;120;242;266,-5.382884369209673E-5
4,115;256;448;483,5.367897252386578E-5
4,94;105;439;461,-5.3617903732025614E-5
4,139;174;230;278,-5.2270665532925366E-5
4,87;95;157;410,5.2053951720689566E-5
4,67;142;196;405,5.184564458658149E-5
4,80;416;456;475,-5.1775376104054637E-5
4,35;74;159;283,5.1616527081603015E-5
4,35;150;210;453,-5.152005403933731E-5
4,3;208;255;353,4.974622349199626E-5
4,62;104;312;411,4.968168393908426E-5
4,8;58;131;241,4.891607008882025E-5
4,178;258;380;497,4.889858688963818E-5
4,21;131;352;368,-4.889078569200074E-5
4,216;257;327;343,4.878585535852359E-5
4,94;205;296;492,4.864801060189296E-5
4,31;160;291;310,-4.861097116239816E-5
4,22;190;421;468,-4.830753903453645E-5
4,114;140;221;291,4.730135463489135E-5
4,45;82;190;266,-4.648394798625594E-5
4,77;92;425;492,-4.6317180853420324E-5
4,205;294;359;424,-4.533863540090152E-5
4,9;362;395;399,4.505082969688848E-5
4,158;311;451;453,4.49622393189935E-5
4,16;109;291;477,4.483970157061053E-5
4,149;253;291;315,-4.458814259241646E-5
4,147;153;246;311,4.399181914665813E-5
4,38;170;182;214,4.2994960140765886E-5
4,119;320;430;441,-4.262661452360154E-5
4,54;221;388;489,-4.2486850392924284E-5
4,23;238;281;472,4.246878341698655E-5
4,55;184;409;431,4.2156128999891946E-5
4,179;292;486;498,4.212507766287478E-5
4,112;390;422;457,4.026882510402022E-5
4,53;88;465;470,-3.9321362679665046E-5
4,214;215;269;416,3.928548267938642E-5
4,185;339;447;474,3.885055856921796E-5
4,144;158;293;464,-3.882228972201744E-5
4,17;21;98;244,3.854028643379176E-5
4,285;458;471;484,3.8319894949519986E-5
4,60;289;308;406,-3.7966472846020675E-5
4,47;170;285;336,3.7730155533773455E-5
4,19;210;249;331,-3.7318523608212585E-5
4,24;194;353;453,3.719573017068863E-5
4,98;221;244;438,-3.7165364757585004E-5
4,0;34;98;436,3.699012836701333E-5
4,14;55;234;244,3.691055508766461E-5
4,159;244;295;303,3.679819845030274E-5
4,96;246;358;448,3.670864622385603E-5
4,194;266;326;488,-3.652900190208006E-5
4,32;76;364;430,3.5989131611942086E-5
4,65;107;158;450,3.552616994507328E-5
4,224;230;385;388,3.5287498303144694E-5
4,172;230;352;410,3.495027775937182E-5
4,227;269;322;424,3.486944116657645E-5
4,4;112;295;341,3.4773513216297484E-5
4,181;277;419;470,3.3755119350717593E-5
4,45;362;492;496,3.3198127374305374E-5
4,56;274;417;438,-3.2833735364286746E-5
4,49;130;169;306,3.2731240582258165E-5
4,167;315;340;431,-3.22577701632402E-5
4,169;173;252;310,3.171864862159028E-5
4,135;206;354;488,3.116585708519726E-5
4,5;143;328;344,-3.092233037267718E-5
4,240;293;331;493,3.0835282530775595E-5
4,95;375;428;458,3.0317680271627733E-5
4,111;131;434;477,3.02408006880444E-5
4,5;41;88;244,3.0219794477922947E-5
4,58;67;168;443,-3.0109498253290778E-5
4,96;337;468;491,2.91677836647804E-5
4,20;361;477;492,-2.8675147740459026E-5
4,26;59;141;170,-2.8614299202218168E-5
4,36;37;174;432,-2.8415993690173766E-5
4,122;347;374;491,2.7985865407106874E-5
4,34;251;367;489,-2.7862176387720038E-5
4,26;108;261;387,-2.7727584772755874E-5
4,183;194;317;473,2.7713040456795456E-5
4,208;278;348;489,2.7084988194699552E-5
4,36;119;319;361,2.6772258100327573E-5
4,19;217;271;272,-2.665145507831837E-5
4,137;242;265;284,2.651711347766862E-5
4,48;107;213;317,2.6484961618303827E-5
4,201;309;387;426,-2.5978856721546625E-5
4,39;188;222;262,-2.513124402789718E-5
4,52;201;239;484,2.485112216908339E-5
4,12;135;199;399,2.428099580290681E-5
4,33;150;161;398,-2.3971769563042575E-5
4,16;80;254;484,-2.1909856558186697E-5
4,21;24;234;275,-2.1769626819745676E-5
4,91;220;223;374,-2.1698113627721186E-5
4,28;39;318;320,2.1444017423586316E-5
4,130;163;278;402,2.1435429986386785E-5
4,70;281;356;493,-2.1110894013792168E-5
4,99;101;240;373,-2.0834880888812246E-5
4,19;362;370;421,-2.0828218625586955E-5
4,40;64;91;260,2.058150700149461E-5
4,60;123;351;487,1.985481617303231E-5
4,10;234;398;410,1.9064159975409624E-5
4,108;193;340;373,1.8750903980294888E-5
4,100;154;218;496,-1.8689451457539392E-5
4,96;118;438;443,1.847951229669813E-5
4,26;226;331;408,1.6113247395468948E-5
4,75;168;312;390,-1.5312031101112596E-5
4,170;203;255;323,1.511642322395429E-5
4,182;241;302;322,1.508637926627672E-5
4,125;263;315;451,-1.473914997124523E-5
4,69;82;110;455,-1.4604933298715207E-5
4,47;141;462;498,-1.4408868920262538E-5
4,245;298;332;473,1.4021567137755875E-5
4,1;21;465;477,-1.3918771005461738E-5
4,52;114;268;470,-1.3211015154718273E-5
4,274;288;394;437,-1.3078416304448753E-5
4,86;160;259;320,-1.3020708398001748E-5
4,124;194;308;379,-1.2771105972176025E-5
4,42;317;410;418,1.2405614440617385E-5
4,46;105;280;489,1.2280053348489959E-5
4,51;294;309;479,-1.1581794773360424E-5
4,252;274;292;308,1.1452228460195904E-5
4,118;143;370;377,-1.1363531763366145E-5
4,40;176;322;484,-1.1191978893439369E-5
4,243;266;324;459,-1.1159973655457331E-5
4,25;240;326;346,1.1129164381770126E-5
4,63;180;329;337,1.0580717984980962E-5
4,14;38;386;475,9.870632336931306E-6
4,261;362;389;463,9.393888782318213E-6
4,184;252;344;430,9.335365283870952E-6
4,17;357;403;419,-9.030807218505812E-6
4,72;117;311;407,-9.028919054306722E-6
4,19;158;170;175,9.019336628276518E-6
4,296;442;472;481,8.97540102180544E-6
4,43;261;310;461,-8.065320589705827E-6
4,66;209;276;474,7.789843531898668E-6
4,27;115;217;361,-7.589621048904608E-6
4,26;207;268;310,-6.916856425945389E-6
4,73;168;215;334,6.912862940335968E-6
4,80;124;197;346,6.447655962862717E-6
4,254;358;390;465,-6.444134347138586E-6
4,33;276;341;489,6.385067056395438E-6
4,152;210;371;482,6.312739936892839E-6
4,390;405;422;497,6.016243388879516E-6
4,103;150;176;299,-5.875815529793813E-6
4,116;157;363;441,-5.195877227117521E-6
4,106;206;304;429,-5.073211254544491E-6
4,57;92;200;364,4.965858470685355E-6
4,31;61;259;307,-3.7691403903260533E-6
4,190;281;329;457,3.5125392577966127E-6
4,144;246;263;443,3.4764536758211534E-6
4,46;114;294;331,3.0829304204636895E-6
4,0;35;71;216,-2.9095286010869663E-6
4,61;344;393;455,-2.8675361661393007E-6
4,39;121;319;325,-2.7446055751357696E-6
4,126;139;278;446,2.474272797878721E-6
4,20;47;117;443,1.0448923622943945E-6
