order,indices,coefficient
0,,0.5003769381459602
1,997,6.335481595059054E-4
1,90,4.921340026345793E-4
1,819,-4.7447873545584707E-4
1,713,-4.5414973814067623E-4
1,687,-4.322337201902118E-4
1,415,-4.1263007151466706E-4
1,621,-4.112806211860061E-4
1,103,4.056466871049663E-4
1,548,-3.899847461910915E-4
1,234,3.857052516114504E-4
1,602,3.797208628477199E-4
1,125,-3.773593628332218E-4
1,662,3.753305591994628E-4
1,161,-3.7215976906516013E-4
1,111,3.6335179080412724E-4
1,570,-3.60521317356485E-4
1,197,-3.5944815604580204E-4
1,588,-3.580765984934844E-4
1,336,-3.5797516522656324E-4
1,822,-3.556832390021007E-4
1,474,3.547143420461292E-4
1,896,3.472993109097769E-4
1,992,-3.41282900253273E-4
1,286,3.410394637311316E-4
1,832,-3.346922442907738E-4
1,627,3.3149463029811366E-4
1,309,-3.3025399443114444E-4
1,561,-3.283711922540186E-4
1,473,-3.2405341827251887E-4
1,745,3.224094656704235E-4
1,761,3.203344871322243E-4
1,547,-3.2015206380134667E-4
1,725,3.1094778883227294E-4
1,594,3.095079728469956E-4
1,740,3.092179700009845E-4
1,696,3.085424067516169E-4
1,93,-3.0830831732804376E-4
1,438,-3.06233110749695E-4
1,722,-3.062190655954673E-4
1,413,-3.012704413036209E-4
1,396,2.997906246290517E-4
1,812,-2.996383745936926E-4
1,901,2.984128068808681E-4
1,969,2.9708437393528186E-4
1,534,2.8988672167078156E-4
1,16,2.8923959183443633E-4
1,276,2.876805894583215E-4
1,318,-2.8767963819357746E-4
1,381,2.857002742464204E-4
1,593,-2.8348436830279166E-4
1,116,2.8345018820517977E-4
1,851,2.827114850702952E-4
1,513,-2.8088088339682705E-4
1,188,-2.7841789153962645E-4
1,855,-2.7825888671844127E-4
1,862,2.778941429527635E-4
1,6,2.7767084991361615E-4
1,441,-2.7742602012700504E-4
1,497,-2.760655064785392E-4
1,671,-2.7585896685215E-4
1,63,2.7579814716940964E-4
1,724,2.7367992748887203E-4
1,110,2.7272706572064676E-4
1,899,2.7269235967420253E-4
1,518,2.7189929468050735E-4
1,998,-2.712417680593003E-4
1,622,-2.7070049433758987E-4
1,104,2.705376734218155E-4
1,183,-2.6918757824054523E-4
1,912,2.6785233802759074E-4
1,530,2.677478380229253E-4
1,378,-2.674284883930496E-4
1,256,2.660293986545555E-4
1,390,2.65706344903724E-4
1,373,2.646313340997958E-4
1,432,2.622937044499888E-4
1,736,2.609582188092987E-4
1,750,-2.5874670885556904E-4
1,4,-2.587178208309422E-4
1,952,2.5813294094875674E-4
1,590,-2.566242819565802E-4
1,271,-2.555912376024574E-4
1,637,2.548850743460076E-4
1,461,2.5091250168634855E-4
1,970,-2.5040032265970073E-4
1,305,-2.4689582883619224E-4
1,817,2.4663680178397087E-4
1,324,2.46233341876695E-4
1,80,-2.4536627676647216E-4
1,707,-2.4355287759768903E-4
1,648,-2.4011926511830105E-4
1,710,-2.3873739215027359E-4
1,522,2.3798047522471868E-4
1,163,2.3743362173550374E-4
1,418,-2.368440410312911E-4
1,35,2.3653695772270645E-4
1,816,2.357878975322405E-4
1,179,-2.3553542093126113E-4
1,456,-2.3081352738253E-4
1,540,2.3033480803133868E-4
1,273,-2.2976148346394692E-4
1,146,-2.2913252615287894E-4
1,346,2.2817714074994323E-4
1,765,2.2752190888242058E-4
1,980,2.2683335504180817E-4
1,168,2.2679961565752528E-4
1,770,-2.2655294976497986E-4
1,647,2.258313671346584E-4
1,27,2.2476882468925975E-4
1,652,2.2409633748401056E-4
1,30,2.2355812731375565E-4
1,509,-2.226544199316123E-4
1,384,2.2261497792232224E-4
1,24,-2.21759396712243E-4
1,230,-2.2157572890426684E-4
1,122,2.2141648778999836E-4
1,448,2.209390168658529E-4
1,657,-2.1976897885922692E-4
1,64,2.1774072210660578E-4
1,130,2.1716138852933574E-4
1,138,-2.1681850692861077E-4
1,756,-2.151813385264712E-4
1,813,-2.1480828754872385E-4
1,147,2.1469395264037927E-4
1,618,-2.146818621834699E-4
1,82,-2.1319939201410194E-4
1,869,-2.131629883934307E-4
1,890,-2.12376555029135E-4
1,469,2.1131763281940645E-4
1,477,-2.107194108123928E-4
1,566,2.1069736196871632E-4
1,987,2.1059118174278992E-4
1,512,-2.0942094310187905E-4
1,339,2.086091115356965E-4
1,385,-2.0844640041440532E-4
1,411,-2.0836295392013865E-4
1,351,-2.081390072187846E-4
1,252,2.0809197537483267E-4
1,180,2.0760955590278015E-4
1,680,2.070357846319376E-4
1,644,2.0690416191402572E-4
1,946,2.0626535211664093E-4
1,311,-2.0608736146853016E-4
1,511,-2.0498801587127708E-4
1,464,2.0424527709279728E-4
1,404,-2.040250180108247E-4
1,249,2.0354541167537016E-4
1,442,2.0309267555442467E-4
1,250,2.0296930700282708E-4
1,844,2.0186797191087548E-4
1,29,2.0115825080949706E-4
1,405,2.004961135397098E-4
1,692,2.004309586799485E-4
1,275,-1.995374375130775E-4
1,358,-1.9919735020568257E-4
1,221,1.9845700932990228E-4
1,559,1.9834800834236518E-4
1,334,-1.9725172355208976E-4
1,624,1.970341329201869E-4
1,520,1.9616451562636734E-4
1,875,-1.9601306239931115E-4
1,749,1.9570720514294377E-4
1,986,1.943915389331269E-4
1,808,-1.943293637713478E-4
1,25,-1.9430913397096235E-4
1,208,-1.9375242962919712E-4
1,98,-1.934716426125217E-4
1,849,-1.9325261762368224E-4
1,174,-1.9253028652251343E-4
1,673,-1.9235817242590846E-4
1,521,-1.9155180014820538E-4
1,217,1.915132191212078E-4
1,683,-1.9057704334447155E-4
1,65,1.899561253774985E-4
1,954,-1.896222093732673E-4
1,909,1.895142718931328E-4
1,748,-1.8950405791002463E-4
1,8,1.891885640221074E-4
1,579,-1.8891037744102928E-4
1,774,1.8850289875902289E-4
1,251,1.8763981491869724E-4
1,815,-1.8760450508276683E-4
1,447,1.8622129159270403E-4
1,625,1.8553039321534822E-4
1,632,1.8529244350710283E-4
1,307,1.848846985575905E-4
1,488,-1.8411560254625665E-4
1,565,1.8328120049499234E-4
1,906,1.827865775779621E-4
1,805,1.8253585275341535E-4
1,555,-1.8245036399637557E-4
1,175,1.8240234563746536E-4
1,699,1.8176232193850453E-4
1,920,1.8126962225485204E-4
1,431,1.81141691108919E-4
1,804,-1.8108238855269233E-4
1,846,-1.8082913618685625E-4
1,185,1.8069844879803131E-4
1,601,-1.797682162604572E-4
1,828,-1.796801529580762E-4
1,314,-1.794881997347372E-4
1,697,-1.7942546936862262E-4
1,255,-1.793728959102821E-4
1,684,1.7919353750877755E-4
1,703,1.79125114417259E-4
1,435,-1.788960796321894E-4
1,493,-1.78881135474331E-4
1,502,-1.7823122799425766E-4
1,69,1.773077879534066E-4
1,996,-1.7666578286480865E-4
1,944,-1.7643750109051006E-4
1,331,-1.7565495878551555E-4
1,422,1.7549092195249516E-4
1,693,-1.7516349569648016E-4
1,883,-1.7457623990979935E-4
1,864,1.7442855790450782E-4
1,867,1.739183319417303E-4
1,941,-1.7342518710034688E-4
1,76,-1.729493142564487E-4
1,858,-1.7258998480186387E-4
1,54,-1.7212287681941428E-4
1,982,-1.720895208800464E-4
1,109,-1.720644105221786E-4
1,893,1.7184045373762737E-4
1,675,-1.70541397339598E-4
1,508,1.6980936294421961E-4
1,971,-1.6931431874773372E-4
1,537,-1.6896248479698837E-4
1,780,-1.6792451890370824E-4
1,753,-1.67452174206847E-4
1,921,1.6723191952156064E-4
1,7,-1.6718955402083912E-4
1,472,1.6714970011691877E-4
1,428,1.6681335387520386E-4
1,140,-1.6647603575489585E-4
1,409,1.6646683131091132E-4
1,605,1.663142119449547E-4
1,114,-1.6623029889494554E-4
1,467,1.647701596717108E-4
1,92,1.64679875388542E-4
1,528,-1.6451392989028928E-4
1,86,1.6432513486875966E-4
1,768,-1.641905623003508E-4
1,40,-1.6387454510529925E-4
1,315,-1.6370214898301839E-4
1,709,1.631668004734354E-4
1,254,-1.6281329601346427E-4
1,798,1.624833552819733E-4
1,507,-1.6182260384366593E-4
1,362,1.616696859519963E-4
1,484,-1.6056543030949384E-4
1,833,-1.6041827630728273E-4
1,284,-1.6024610935687892E-4
1,878,1.602120560718009E-4
1,584,-1.5905863967997797E-4
1,827,-1.5870825519917286E-4
1,787,1.5844922171318293E-4
1,192,1.5813290444143094E-4
1,572,1.5702187339902351E-4
1,924,1.562512025374074E-4
1,747,-1.56112263554536E-4
1,551,1.5595490502165582E-4
1,203,-1.5588670575284925E-4
1,744,1.5557703391293502E-4
1,802,1.5552171006263084E-4
1,959,1.551840094888846E-4
1,337,1.5505993950750804E-4
1,89,1.5440883302761477E-4
1,695,1.5385813108031977E-4
1,239,-1.5333349591990415E-4
1,94,1.526851049289793E-4
1,58,1.5246834563249916E-4
1,772,1.522253228146666E-4
1,162,-1.512331874796641E-4
1,810,1.5093575036272298E-4
1,350,1.505359929868433E-4
1,784,-1.5031478928618998E-4
1,198,-1.5031385104843486E-4
1,135,1.500283822021372E-4
1,128,-1.4969789856978213E-4
1,210,1.4953259139307252E-4
1,933,1.4941307642500252E-4
1,295,-1.4932377940753009E-4
1,663,-1.486002024693771E-4
1,205,1.4851761893170014E-4
1,940,-1.4814278986667045E-4
1,427,-1.4601723578277237E-4
1,533,1.4599686374902292E-4
1,14,1.4585211403849542E-4
1,50,1.4561508078750067E-4
1,303,1.455566170689379E-4
1,468,1.4475768167076085E-4
1,881,-1.446023979215432E-4
1,219,1.4446065559477656E-4
1,380,-1.4414188360012967E-4
1,344,-1.4380165178679697E-4
1,84,1.4361353980605484E-4
1,132,-1.4330252368035233E-4
1,872,1.4317106062842534E-4
1,957,-1.4314619844664229E-4
1,669,1.4260161297516562E-4
1,976,-1.4209424956225977E-4
1,733,1.420793936723892E-4
1,558,1.4139386535244733E-4
1,368,1.4089914913212545E-4
1,420,1.4069520881532165E-4
1,403,1.4008395467841783E-4
1,642,1.396398601999589E-4
1,102,-1.3924252676908582E-4
1,981,-1.3843400457851915E-4
1,917,1.3783177174872492E-4
1,674,1.370342122783865E-4
1,583,-1.3674108226521182E-4
1,345,-1.3651155066100824E-4
1,262,-1.363305300406343E-4
1,506,-1.3624065521654436E-4
1,124,1.3573329546605052E-4
1,367,-1.3533783973533088E-4
1,807,1.3524157943335273E-4
1,257,1.351833855450401E-4
1,850,1.3505795813855686E-4
1,450,1.3466101025448796E-4
1,245,-1.345704869448099E-4
1,224,1.3412680223231404E-4
1,172,-1.3396734834418054E-4
1,160,1.3391335707265263E-4
1,903,1.336728411398127E-4
1,393,1.3332443192575128E-4
1,445,-1.3327967637567187E-4
1,904,-1.3296596557682393E-4
1,298,1.3291276719593558E-4
1,495,1.3242294298781166E-4
1,402,-1.317018234206174E-4
1,645,-1.316664282079207E-4
1,51,-1.308210962047061E-4
1,189,-1.306870525239323E-4
1,397,-1.30504070996163E-4
1,489,1.3041840413410916E-4
1,999,1.3011119390369836E-4
1,376,-1.30007062930161E-4
1,541,-1.297991081433147E-4
1,454,-1.2952819800308188E-4
1,776,1.288972813525636E-4
1,443,1.2880762160890342E-4
1,837,1.2868046443645676E-4
1,947,1.2859508159878004E-4
1,711,1.275713700831192E-4
1,13,1.2709529230237163E-4
1,105,-1.268548847300894E-4
1,870,1.2668616885488248E-4
1,889,1.2663495502776657E-4
1,500,1.2646108178032656E-4
1,226,1.261601659054157E-4
1,233,-1.257899373886104E-4
1,475,1.2554953754170966E-4
1,911,1.2523042466063705E-4
1,196,-1.2511180515945873E-4
1,15,1.2503362542823262E-4
1,667,1.2471241284553193E-4
1,953,-1.245251920141109E-4
1,302,-1.2414947066109874E-4
1,758,1.2334008146484192E-4
1,720,1.2283569451721797E-4
1,902,1.2275738292547814E-4
1,797,1.2271127172750886E-4
1,66,1.225495220677646E-4
1,700,-1.2178222680016798E-4
1,743,1.2115725931118478E-4
1,887,-1.2097127261795426E-4
1,664,1.2036810262505663E-4
1,53,1.19739516219406E-4
1,510,1.1964935827035423E-4
1,444,1.1963904975125068E-4
1,573,1.1960928031503915E-4
1,795,1.1941612879245353E-4
1,207,-1.193198058875751E-4
1,672,-1.1920491200772224E-4
1,55,-1.1919013259851462E-4
1,975,-1.1900444449929192E-4
1,897,-1.1887792490376929E-4
1,330,1.1786354003952049E-4
1,320,-1.1777507735061588E-4
1,905,1.175322775953257E-4
1,9,1.1724699100864195E-4
1,190,1.1704440754084897E-4
1,326,1.166918431992508E-4
1,567,1.1664237348675934E-4
1,617,1.1648901238888365E-4
1,389,-1.164803762477316E-4
1,11,1.1604679354636311E-4
1,419,1.1569033292667519E-4
1,926,1.1537309964624488E-4
1,821,1.1439070463298978E-4
1,141,1.1426783056590767E-4
1,323,1.1410785648190364E-4
1,929,-1.1302530536646326E-4
1,34,1.1288184662059521E-4
1,281,-1.1263900844935442E-4
1,44,1.1223163603300657E-4
1,568,-1.1133321142757252E-4
1,341,1.1069996521378724E-4
1,267,1.0950710888355272E-4
1,574,-1.0923930558280762E-4
1,459,1.088411656723782E-4
1,847,1.0875993689720551E-4
1,327,-1.0852066332166227E-4
1,232,1.0850552020646987E-4
1,754,1.0823214236300268E-4
1,735,-1.079759091354947E-4
1,394,1.0745572191240485E-4
1,290,-1.0727869743121532E-4
1,386,1.0719424301298645E-4
1,449,-1.0664144514810799E-4
1,164,-1.0628399167867083E-4
1,886,1.0595737530015996E-4
1,948,-1.0595438102256643E-4
1,553,1.059212913215724E-4
1,316,-1.0546812951491033E-4
1,690,-1.0509432911749718E-4
1,557,1.0474129937186818E-4
1,649,1.0424720635660648E-4
1,859,1.0379203599377793E-4
1,591,1.0341116633383173E-4
1,20,-1.0312676903634405E-4
1,79,1.0279808609723119E-4
1,297,-1.0255728171100072E-4
1,353,-1.0196323447318036E-4
1,143,-1.0194890670377216E-4
1,892,-1.0170347640481475E-4
1,142,1.017013627310987E-4
1,45,-1.0159660314076263E-4
1,429,1.0147624690724525E-4
1,62,-1.0147514392866735E-4
1,453,-1.0144709750033102E-4
1,916,-1.0141025164221005E-4
1,67,1.0118739888116241E-4
1,70,1.0091493113663365E-4
1,47,-1.0053559923694488E-4
1,623,-1.0052552519869429E-4
1,922,-1.0047512958750497E-4
1,767,-1.0023576760168487E-4
1,268,9.986532567727079E-5
1,145,-9.967651106359471E-5
1,989,9.93974371824834E-5
1,549,-9.913623984613036E-5
1,863,-9.902707057610621E-5
1,496,9.902702283897821E-5
1,265,-9.852039763108042E-5
1,552,9.841296863911235E-5
1,231,-9.834572458612948E-5
1,212,-9.827549376376885E-5
1,455,9.75233389004517E-5
1,556,9.716132142699723E-5
1,835,9.690010642258714E-5
1,400,9.684062489000223E-5
1,201,9.683185192444904E-5
1,834,-9.677669910803714E-5
1,151,-9.660197162535143E-5
1,18,-9.658137842049436E-5
1,383,-9.616185909797599E-5
1,131,9.615046126121707E-5
1,955,-9.588235863181913E-5
1,764,9.583161275310345E-5
1,542,9.571183148076905E-5
1,794,9.563563624444033E-5
1,321,-9.555215677265349E-5
1,340,-9.531159538960811E-5
1,636,9.491007137497429E-5
1,682,9.4781156927985E-5
1,964,-9.471128716664335E-5
1,112,9.371726504097183E-5
1,799,9.371592784909521E-5
1,654,9.366384514123498E-5
1,783,9.346416023216292E-5
1,988,9.341017691576015E-5
1,934,-9.311772795644329E-5
1,631,-9.275254910661023E-5
1,746,9.245642874456025E-5
1,705,-9.220081594482355E-5
1,398,9.189360623485233E-5
1,123,9.181836665464899E-5
1,894,-9.164529524081714E-5
1,925,-9.153671569075311E-5
1,686,9.134140153696323E-5
1,43,-9.113188489114005E-5
1,668,9.098079401298557E-5
1,406,-9.094614643691285E-5
1,928,-9.068444536480585E-5
1,535,-9.060893556202005E-5
1,885,-9.013051695024869E-5
1,766,-8.982931615839445E-5
1,294,8.973489982997256E-5
1,983,-8.93891847615395E-5
1,931,8.911006467853735E-5
1,984,-8.793376082048706E-5
1,826,-8.740533590956662E-5
1,830,-8.738300509767489E-5
1,153,8.732129148727674E-5
1,607,8.72207085056797E-5
1,898,-8.689287996341055E-5
1,77,-8.67497447770071E-5
1,536,8.667150696238018E-5
1,599,8.657837251765626E-5
1,615,8.618797906110016E-5
1,857,-8.60995228224481E-5
1,32,8.597347304759172E-5
1,225,-8.595333006530311E-5
1,538,8.571625815524855E-5
1,585,8.570016899537905E-5
1,85,8.560800597309475E-5
1,560,-8.461932200308908E-5
1,193,8.447198561178118E-5
1,800,8.430857035645684E-5
1,21,8.416449440164892E-5
1,635,-8.413406283987034E-5
1,363,8.408322856641295E-5
1,789,8.38862536094302E-5
1,785,-8.328794135153084E-5
1,48,8.326240346528512E-5
1,504,-8.239091978165248E-5
1,913,-8.221879975356466E-5
1,300,-8.196657823087527E-5
1,247,-8.173585036565944E-5
1,354,8.172637861076684E-5
1,391,-8.149438674956461E-5
1,967,8.142171127130682E-5
1,516,8.074801155755322E-5
1,228,-8.049719928390498E-5
1,932,-8.009285588083386E-5
1,651,7.972636245111906E-5
1,408,7.972111988320718E-5
1,42,7.943632297009606E-5
1,108,-7.935315288069992E-5
1,355,7.925090816498382E-5
1,87,7.904261309816903E-5
1,840,-7.897749486118083E-5
1,910,7.846954409532611E-5
1,718,-7.843257651539869E-5
1,421,7.838658399503773E-5
1,708,-7.828146335574416E-5
1,356,7.809222202083138E-5
1,923,7.805855822421936E-5
1,831,-7.80350492799553E-5
1,809,-7.798192671183105E-5
1,860,7.792054424750802E-5
1,995,7.790642343680357E-5
1,589,7.78394437365308E-5
1,465,7.777718426712791E-5
1,515,7.760435275940297E-5
1,171,7.754513019222547E-5
1,292,-7.728381075659895E-5
1,186,-7.704076379935708E-5
1,39,-7.700860029798517E-5
1,127,-7.70074322868785E-5
1,437,7.688879295133568E-5
1,655,-7.648895285493507E-5
1,349,7.643678963165729E-5
1,360,7.634796863840834E-5
1,115,7.62975981914518E-5
1,335,-7.624928998389366E-5
1,868,-7.602012231563668E-5
1,310,-7.575450467376383E-5
1,694,-7.542227171221178E-5
1,204,-7.426144200763428E-5
1,206,7.415757917521961E-5
1,779,-7.415615569101658E-5
1,97,7.376518447513652E-5
1,778,7.349923449522931E-5
1,173,7.322917686133051E-5
1,460,-7.3176262551216E-5
1,990,-7.313931656905002E-5
1,712,-7.288033246970215E-5
1,213,-7.281003818552636E-5
1,702,-7.250393745028433E-5
1,148,7.237764625762356E-5
1,611,7.200908950507384E-5
1,884,-7.194801505525312E-5
1,319,-7.184719813150303E-5
1,879,7.178956847704662E-5
1,289,-7.156688706730729E-5
1,33,7.143361063535716E-5
1,476,-7.135588799059965E-5
1,369,-7.120867374703407E-5
1,966,7.087446162914554E-5
1,678,-7.077044528192891E-5
1,248,-7.06678275115172E-5
1,106,-7.032001482049323E-5
1,792,-7.028891554972513E-5
1,597,-7.021889032254808E-5
1,841,7.001397198290662E-5
1,646,-6.990494480580748E-5
1,12,-6.941402238953961E-5
1,501,6.912382438719182E-5
1,244,6.856318743636961E-5
1,235,-6.81853150999196E-5
1,613,-6.803126459177098E-5
1,854,6.800879821260561E-5
1,184,6.7856947021832E-5
1,600,6.775595257359543E-5
1,306,-6.755657212224768E-5
1,57,-6.748664342368267E-5
1,282,-6.730858149383929E-5
1,895,-6.728532243435732E-5
1,272,6.699138363893789E-5
1,223,-6.674954555325258E-5
1,726,-6.66761722804512E-5
1,100,6.642948526387357E-5
1,820,-6.639578054577499E-5
1,689,6.604455640780391E-5
1,253,-6.604048920864392E-5
1,264,-6.596134388490211E-5
1,866,-6.583746750239164E-5
1,665,-6.574926434976342E-5
1,801,-6.543443786828553E-5
1,626,-6.51960245572966E-5
1,199,-6.497969499562792E-5
1,37,-6.471586395358778E-5
1,458,-6.467549027889597E-5
1,270,-6.431169306931976E-5
1,364,6.40759869143541E-5
1,596,6.402426155181574E-5
1,218,-6.397697044349629E-5
1,466,-6.392815360878182E-5
1,149,-6.392231993547684E-5
1,191,6.382734300933285E-5
1,278,6.37844717498102E-5
1,134,6.36358440535508E-5
1,659,6.337144108007585E-5
1,769,6.275777914206418E-5
1,818,-6.27432116649285E-5
1,36,-6.262189168596734E-5
1,793,-6.254708005670918E-5
1,825,6.246511705507252E-5
1,620,-6.237508937841172E-5
1,848,-6.223025618007538E-5
1,629,6.209244946690268E-5
1,641,-6.203796093053637E-5
1,918,6.200277605474826E-5
1,498,-6.188695184034486E-5
1,915,-6.140770257335567E-5
1,525,-6.139520406768174E-5
1,956,-6.124066207087558E-5
1,698,6.101258758220915E-5
1,238,6.098110111153593E-5
1,121,-6.092408939076726E-5
1,120,6.0659242847953935E-5
1,499,6.0466043320037526E-5
1,614,6.0343470086259064E-5
1,136,-6.0301829435415144E-5
1,676,-6.0073222274589724E-5
1,285,-6.002617901431649E-5
1,836,6.001005715618835E-5
1,715,-5.9814683132208604E-5
1,446,5.9442419131869305E-5
1,462,5.940494167735993E-5
1,279,-5.906068956244898E-5
1,227,-5.8323538203128606E-5
1,732,5.828744309994138E-5
1,433,-5.802455692716936E-5
1,580,-5.799185867851826E-5
1,440,5.795633041819365E-5
1,963,-5.752438230786594E-5
1,719,-5.713397080457823E-5
1,972,5.68269365006605E-5
1,945,-5.6748656003989885E-5
1,308,5.6709489850913E-5
1,375,5.664874049030494E-5
1,519,-5.658667817504358E-5
1,296,5.655525324787864E-5
1,691,5.6542643838308644E-5
1,222,5.6532772572167936E-5
1,60,-5.6262904255796676E-5
1,949,-5.626128523220011E-5
1,977,-5.6188843399289885E-5
1,81,-5.568750269278749E-5
1,788,5.56550562842629E-5
1,717,5.55287814034733E-5
1,716,-5.500715243555148E-5
1,293,5.462027886949221E-5
1,524,-5.460514038286434E-5
1,763,-5.454931190822008E-5
1,288,5.441241519085774E-5
1,241,-5.3811690805471634E-5
1,41,5.365872361899099E-5
1,357,-5.305560761247637E-5
1,777,5.302307456105964E-5
1,379,5.297294017870198E-5
1,842,5.295144922963127E-5
1,882,5.291588567802624E-5
1,31,5.255604375640925E-5
1,301,5.233136713221906E-5
1,880,-5.231405025253287E-5
1,727,5.229068800618257E-5
1,74,5.21184943913523E-5
1,59,-5.21168880604762E-5
1,312,5.18115875372725E-5
1,101,-5.174866677904133E-5
1,640,-5.161800385013146E-5
1,633,-5.152173975614599E-5
1,156,-5.148751860243505E-5
1,28,5.1439010942748715E-5
1,771,-5.129599967916068E-5
1,470,-5.101005460830381E-5
1,936,-5.0635297001921706E-5
1,829,5.049843973890047E-5
1,888,-5.014874617607673E-5
1,246,-5.00455462280821E-5
1,487,-4.995678555046579E-5
1,603,4.9712780498125014E-5
1,492,-4.969252129730395E-5
1,144,4.954664520012582E-5
1,701,-4.944031627815964E-5
1,871,4.92237341182357E-5
1,155,-4.892870418187484E-5
1,562,4.887212910840769E-5
1,670,4.883890876008268E-5
1,731,4.84198981853212E-5
1,133,-4.8224817192829936E-5
1,762,-4.774517683435478E-5
1,313,-4.7665774912875375E-5
1,517,4.7498046206866524E-5
1,965,4.745289806686645E-5
1,338,4.7119109821748484E-5
1,930,4.711440386368345E-5
1,773,4.690311746999497E-5
1,463,4.663696088989279E-5
1,685,-4.657299487945055E-5
1,609,-4.6493603184178695E-5
1,706,4.6139483854576156E-5
1,587,-4.5130304248319175E-5
1,993,-4.485453978958004E-5
1,388,-4.45604632698964E-5
1,523,-4.4215218698951075E-5
1,950,4.389238330428988E-5
1,99,4.3806120924854576E-5
1,416,4.3641993290500826E-5
1,240,4.3457863331485824E-5
1,374,4.3359899834076625E-5
1,23,4.326259008213808E-5
1,527,4.313183181715298E-5
1,365,-4.2562144652398265E-5
1,483,4.239391147995657E-5
1,811,4.236985980245535E-5
1,359,4.218997651305692E-5
1,714,-4.1901995051879744E-5
1,73,4.180892973433152E-5
1,158,-4.177717538220911E-5
1,865,4.1510314838157946E-5
1,195,4.147242159967054E-5
1,119,4.145042470276239E-5
1,17,-4.126090280870992E-5
1,263,-4.1210152074582514E-5
1,616,4.084096332481908E-5
1,52,4.077827643437989E-5
1,577,4.070738494549428E-5
1,838,-4.0686439542618655E-5
1,721,4.06209244594095E-5
1,91,4.052749496246352E-5
1,900,-4.045016558394872E-5
1,410,-4.034885632193711E-5
1,329,-4.023590848922797E-5
1,259,-4.012014750827013E-5
1,202,4.0045695823017674E-5
1,370,3.990519047779438E-5
1,991,3.98470039746779E-5
1,598,-3.9005370107044455E-5
1,742,3.899969004470676E-5
1,543,3.833847957075941E-5
1,436,-3.83186811282992E-5
1,688,3.8253219301662273E-5
1,342,-3.8189271293847735E-5
1,170,3.8177309264375404E-5
1,243,3.791617915877472E-5
1,907,-3.790132673157755E-5
1,200,-3.7743829207928315E-5
1,10,3.763890206495616E-5
1,786,-3.7568743196198305E-5
1,737,-3.75242607996644E-5
1,661,3.730821641576578E-5
1,194,3.729849674352541E-5
1,606,-3.7093902568880554E-5
1,760,3.70619614545689E-5
1,399,-3.628465165948032E-5
1,979,-3.6048293220303863E-5
1,942,-3.598935819301964E-5
1,107,3.598449111539176E-5
1,630,3.587862865758949E-5
1,118,3.5688610290157516E-5
1,177,3.555400632819297E-5
1,304,3.498774042795734E-5
1,494,3.484708995243604E-5
1,723,3.480937710673551E-5
1,176,3.460976454811948E-5
1,581,-3.4237377604857204E-5
1,333,-3.414847180116951E-5
1,839,3.388190433866513E-5
1,739,3.382006656935152E-5
1,287,-3.374993750027945E-5
1,582,3.3526551489631465E-5
1,490,-3.351204845212539E-5
1,117,-3.3200157813370025E-5
1,514,-3.272235125152263E-5
1,317,-3.2682780903997055E-5
1,395,-3.254956559414879E-5
1,211,-3.193687112845999E-5
1,604,-3.147683667820642E-5
1,951,-3.14351916255845E-5
1,660,3.1372702101074745E-5
1,216,-3.132980063883131E-5
1,439,3.1229453868688206E-5
1,5,-3.0922664107746964E-5
1,261,3.090335746225629E-5
1,181,3.0607633488928544E-5
1,704,-3.0503314359067544E-5
1,481,-3.03677925317455E-5
1,236,3.019607628854827E-5
1,845,-3.0049265718356535E-5
1,505,-2.961111026238951E-5
1,412,-2.9608843248133607E-5
1,939,2.9525940025717297E-5
1,639,2.9229815786569913E-5
1,1,-2.9154693219301012E-5
1,299,-2.9141618955935172E-5
1,666,-2.912840191159123E-5
1,578,-2.8836818841410323E-5
1,575,-2.8797082842367442E-5
1,220,-2.8790163894650944E-5
1,452,-2.8370262565657528E-5
1,545,-2.795760356783285E-5
1,782,2.7509519160470473E-5
1,612,2.7508705280555845E-5
1,215,-2.722863472019368E-5
1,814,-2.6956701182667E-5
1,595,2.6588303957341888E-5
1,154,2.655091002646888E-5
1,790,2.654377478631588E-5
1,478,-2.6419412441263487E-5
1,638,-2.611551899348842E-5
1,914,-2.597927638181251E-5
1,853,2.582131832117117E-5
1,401,2.57110525884209E-5
1,61,2.5658088084715537E-5
1,382,2.5582865529408473E-5
1,681,-2.557423887335586E-5
1,325,-2.5491205161084678E-5
1,891,2.540048175683894E-5
1,653,2.5398555832888583E-5
1,634,-2.5371551090890127E-5
1,229,-2.5339367472664466E-5
1,371,-2.524529444483585E-5
1,974,2.5212468518186814E-5
1,2,2.5204395424386405E-5
1,539,2.5134560053905098E-5
1,283,2.499835308510189E-5
1,738,-2.4718904995511395E-5
1,137,2.452720057631666E-5
1,873,-2.4216693009472372E-5
1,677,-2.4033708580581083E-5
1,961,-2.3405258929128468E-5
1,994,-2.3091266893401846E-5
1,49,2.2866512793307946E-5
1,752,2.25738028327335E-5
1,741,-2.249428106592652E-5
1,242,-2.2416834250765864E-5
1,22,-2.241634709451463E-5
1,656,2.1686107032977098E-5
1,214,-2.1576602223108575E-5
1,628,2.1504597656837417E-5
1,407,2.1401907032954062E-5
1,347,2.1131935745591803E-5
1,877,2.1082652032925088E-5
1,72,2.105741058723111E-5
1,751,2.102695442936698E-5
1,343,2.013629883845544E-5
1,491,-1.996947535413595E-5
1,372,1.9852779662862746E-5
1,387,1.9802700656616877E-5
1,486,1.953670518198744E-5
1,129,-1.9492252550783894E-5
1,71,-1.9077722642342003E-5
1,113,1.9076551013122647E-5
1,150,1.9017521377456417E-5
1,610,1.8973568161041926E-5
1,417,-1.874038849550567E-5
1,531,-1.857362374515679E-5
1,88,1.8467721552910375E-5
1,935,-1.832530272074992E-5
1,434,-1.8222778364767143E-5
1,856,-1.7845358469950287E-5
1,269,-1.7605207980532148E-5
1,165,-1.7397010060574833E-5
1,187,1.730183782121478E-5
1,571,-1.7299871958897337E-5
1,876,-1.7150220928498884E-5
1,68,-1.68673541286527E-5
1,78,-1.680497567232374E-5
1,19,1.6783994937278793E-5
1,550,1.652473356452404E-5
1,824,1.6364774635727638E-5
1,430,-1.6354847317544226E-5
1,643,-1.607708910034933E-5
1,167,1.5817936869102504E-5
1,182,1.559121216588296E-5
1,169,1.5064397365054674E-5
1,874,1.5004988765254732E-5
1,485,-1.495034965496668E-5
1,960,-1.4289869745203146E-5
1,803,-1.4225083221891206E-5
1,728,1.420005944311953E-5
1,126,-1.3998987776774309E-5
1,806,1.3798197149350406E-5
1,759,-1.3792608703921953E-5
1,56,1.3680569425218003E-5
1,361,1.3618365953678782E-5
1,425,1.3317062373749084E-5
1,569,-1.3247817804721965E-5
1,451,-1.3237648466933116E-5
1,209,1.2944561874280225E-5
1,328,1.2784667713699946E-5
1,471,1.2610278168157102E-5
1,26,-1.258040004610779E-5
1,650,-1.256087666667536E-5
1,280,-1.2378502015544385E-5
1,679,1.2200947212786715E-5
1,564,-1.2053173510721077E-5
1,529,1.185929181916659E-5
1,658,1.1711226624608267E-5
1,423,1.1661647154461649E-5
1,392,1.1415048514488713E-5
1,532,-1.1375715822293596E-5
1,943,1.1342359430617254E-5
1,332,1.1341549693801487E-5
1,139,1.1097129466779342E-5
1,938,-1.0964219743066959E-5
1,352,1.089773803866756E-5
1,95,1.0835607987241202E-5
1,968,1.0812600908533379E-5
1,619,1.0691583974819112E-5
1,526,-1.064037562799E-5
1,927,-1.0624250794929498E-5
1,546,1.0554940930628212E-5
1,576,-1.0228806227056263E-5
1,730,9.91678950993434E-6
1,348,-9.505675428702412E-6
1,775,-9.48919720103228E-6
1,38,9.127924580898672E-6
1,852,-9.125536212549412E-6
1,414,8.852716966736188E-6
1,322,-8.832095651920488E-6
1,3,-8.445357133298742E-6
1,985,-8.298629666575395E-6
1,962,8.122299376889908E-6
1,426,8.023772430450244E-6
1,260,7.89061409949282E-6
1,46,7.802209819894685E-6
1,554,7.58053617380404E-6
1,480,-7.4627076647125415E-6
1,919,7.1959946738808235E-6
1,544,7.041993873371601E-6
1,0,-6.985894300935394E-6
1,75,-6.8779008243772535E-6
1,823,-6.789499364058996E-6
1,791,-6.744506533121531E-6
1,237,6.573602263420894E-6
1,973,6.539031558475614E-6
1,258,6.2828758586424075E-6
1,366,6.224013001019533E-6
1,563,5.880857264770625E-6
1,157,-5.867520482423172E-6
1,159,5.763748059357269E-6
1,757,5.671864823554154E-6
1,166,-5.616265087804675E-6
1,958,-5.579668874058003E-6
1,937,5.446614796001933E-6
1,781,5.302282071547198E-6
1,83,-4.968120581771908E-6
1,608,-4.872693806117934E-6
1,861,-4.778231691719731E-6
1,978,-4.571433636867115E-6
1,266,4.546133807221658E-6
1,457,-4.235834054254782E-6
1,96,4.224957117986004E-6
1,729,-4.07107788902223E-6
1,843,3.8167139964753115E-6
1,908,-3.7014681652250135E-6
1,178,-3.6887628602031847E-6
1,586,3.6691622000505078E-6
1,377,3.3808739367105908E-6
1,755,3.3589193872184467E-6
1,503,-3.3436897754755143E-6
1,277,2.6189804932396295E-6
1,734,-2.2872493058695364E-6
1,796,2.237893761496704E-6
1,482,-1.954990442149765E-6
1,152,-1.790286909545316E-6
1,291,-1.6675329166342124E-6
1,592,1.5864793007409409E-6
1,424,-1.3451547353852747E-6
1,274,-8.789451317779903E-7
1,479,-3.7211495633043824E-7
2,518;660,-2.635093130039976E-4
2,74;555,-2.596434533995653E-4
2,105;115,2.4940278100615414E-4
2,201;994,-2.469607926769716E-4
2,238;363,2.395179025228578E-4
2,715;789,2.376578447552149E-4
2,584;658,-2.3423715175238847E-4
2,56;310,-2.3129460517937406E-4
2,65;129,2.2983946651290615E-4
2,253;644,2.29670315130824E-4
2,246;445,2.252686343814207E-4
2,241;413,-2.2469815152581981E-4
2,167;285,-2.2418228159664681E-4
2,113;803,2.230688030705676E-4
2,668;791,-2.1903439912241912E-4
2,483;784,2.135874954655225E-4
2,343;398,2.104162662456226E-4
2,484;971,-2.1023372434136235E-4
2,334;991,2.1006562405855462E-4
2,429;896,-2.090878923727154E-4
2,127;747,2.0771247974929826E-4
2,122;564,-2.076506313210565E-4
2,560;736,2.069050535904867E-4
2,221;653,-2.0686112044490456E-4
2,83;896,2.0614103567149925E-4
2,655;708,-2.0382100617750038E-4
2,302;458,2.0363164145810136E-4
2,55;974,2.0267342132197875E-4
2,100;239,2.0178108924890742E-4
2,207;237,-1.9991761202901596E-4
2,263;841,-1.9698337767870628E-4
2,615;621,1.967865000670663E-4
2,178;970,-1.9575166051685687E-4
2,420;499,-1.94117093409149E-4
2,229;663,1.9369827451432906E-4
2,415;879,1.9166270239537913E-4
2,426;958,-1.9124410238655505E-4
2,906;981,-1.9056947982649207E-4
2,527;845,1.905089472788174E-4
2,423;498,-1.8876845791364826E-4
2,554;589,-1.8804001409993655E-4
2,392;806,-1.8767230894278192E-4
2,160;220,1.8735354167312898E-4
2,215;472,1.871112768748145E-4
2,453;856,-1.8702294075692626E-4
2,489;796,1.866624500760521E-4
2,386;638,1.86021648348285E-4
2,451;815,1.859265205074794E-4
2,107;720,-1.8571372924862823E-4
2,696;811,1.8510052894494028E-4
2,725;765,1.847059886831357E-4
2,131;745,1.84093445843203E-4
2,252;851,1.836673866615705E-4
2,352;477,-1.835346700187101E-4
2,472;707,-1.8322401724380033E-4
2,883;984,-1.8309712878377622E-4
2,623;678,-1.8245354989913798E-4
2,1;79,-1.8147918617198377E-4
2,202;722,-1.8142362311987365E-4
2,234;584,-1.8117377221509915E-4
2,258;475,-1.808024912563258E-4
2,86;378,-1.8051938954342947E-4
2,571;856,1.8018884314214455E-4
2,920;950,1.8016026490896386E-4
2,534;598,-1.7976640471849858E-4
2,163;860,1.7909501054843319E-4
2,644;921,1.789523027767303E-4
2,250;438,-1.7819885227578352E-4
2,272;718,-1.7778456410566027E-4
2,21;545,-1.7730110386756864E-4
2,234;687,-1.7715110962146226E-4
2,345;517,1.770107460619016E-4
2,274;312,-1.7685782892202744E-4
2,328;940,1.7660199956647953E-4
2,346;566,1.7648778584331945E-4
2,555;827,-1.7646623001380603E-4
2,106;476,1.7634899058238438E-4
2,154;652,1.7624932651255038E-4
2,186;347,1.757672970308673E-4
2,392;878,-1.756077546096552E-4
2,245;434,-1.7547531119980865E-4
2,430;702,1.75322580337178E-4
2,344;974,-1.7521581682543953E-4
2,274;926,-1.748340777489206E-4
2,0;564,-1.7450955343840092E-4
2,209;964,-1.7407295946659355E-4
2,149;223,-1.7404177282513174E-4
2,337;546,1.7360755211027082E-4
2,596;908,-1.732689689856018E-4
2,252;525,1.729531649118654E-4
2,196;812,-1.7216739426329335E-4
2,64;260,-1.7202980848315708E-4
2,142;346,1.7199445839427368E-4
2,380;948,1.7164045653720732E-4
2,203;523,-1.7110170169465914E-4
2,767;945,1.7098623785261646E-4
2,308;520,-1.7077906126619549E-4
2,90;409,1.698308219683179E-4
2,48;726,1.6969509583280416E-4
2,82;754,1.695183469098904E-4
2,339;403,1.690854995642423E-4
2,590;956,-1.6889554189461416E-4
2,522;963,-1.6795138241389057E-4
2,209;970,-1.6781245113325284E-4
2,434;723,1.6747103061550228E-4
2,304;506,1.6737943456025635E-4
2,525;761,1.6728356212306766E-4
2,540;728,1.672324322126766E-4
2,235;520,1.6676670221550655E-4
2,546;732,-1.6668502466180268E-4
2,52;800,-1.6659739043611445E-4
2,764;861,-1.6616648230995885E-4
2,26;749,-1.6607464616233715E-4
2,886;901,1.6530525003386018E-4
2,370;373,-1.6528272475397384E-4
2,85;169,1.6523028620014956E-4
2,87;620,1.649009458182144E-4
2,252;256,-1.64870358666804E-4
2,304;787,-1.648434846235863E-4
2,144;737,-1.6481042746892922E-4
2,688;931,-1.6480748180063457E-4
2,41;329,1.6463546005621862E-4
2,358;457,1.6454256010445758E-4
2,187;799,1.6453132357222586E-4
2,483;980,1.6443065387464008E-4
2,652;961,1.6431667098557696E-4
2,426;496,1.6430121493875066E-4
2,94;427,1.6418677318593634E-4
2,529;609,-1.6395174316747593E-4
2,223;857,-1.6387754313797415E-4
2,437;518,-1.638696264504969E-4
2,33;584,-1.6385718127391992E-4
2,250;421,-1.6385311424575212E-4
2,760;773,-1.633023780708333E-4
2,140;463,-1.629063278739536E-4
2,172;323,1.627626471343841E-4
2,284;777,1.6260348966384112E-4
2,112;118,-1.6258402466548045E-4
2,267;559,-1.6222116707103134E-4
2,32;800,1.622160977655444E-4
2,422;605,1.6184260233010223E-4
2,947;996,-1.6179773767897198E-4
2,490;702,-1.6161681004867474E-4
2,189;364,-1.6131578619931372E-4
2,162;377,1.6112310584620094E-4
2,286;331,1.6096384528794353E-4
2,26;423,1.6063182440593642E-4
2,436;481,1.6055715190504649E-4
2,68;839,-1.6045266320020005E-4
2,344;581,1.6023617801237688E-4
2,586;948,-1.602140712050264E-4
2,383;729,-1.5987047755552274E-4
2,8;417,1.5986167482449874E-4
2,87;451,-1.5957848708955113E-4
2,262;861,-1.5951684856007462E-4
2,300;825,1.5951662201629113E-4
2,111;844,-1.591406840459657E-4
2,745;824,1.5877820633109798E-4
2,469;543,1.5876000350456467E-4
2,342;531,-1.5867724949563633E-4
2,483;814,-1.586302813844505E-4
2,130;726,-1.5843359433462015E-4
2,99;111,-1.5842854357174486E-4
2,196;234,-1.5830637105305329E-4
2,201;559,1.5810392574069378E-4
2,138;798,-1.5796216403587648E-4
2,508;803,1.5770446947203692E-4
2,652;982,1.5764687569642672E-4
2,504;596,1.5725962480229061E-4
2,212;894,1.571133267893015E-4
2,661;773,-1.5703215511258267E-4
2,125;976,1.5698936407368636E-4
2,12;660,-1.5686705214654635E-4
2,388;969,-1.568142342087941E-4
2,27;109,-1.5662708590319748E-4
2,713;900,1.5645617813581767E-4
2,231;902,-1.5643949039286672E-4
2,146;275,1.5642868656860537E-4
2,431;934,-1.5636737234314712E-4
2,256;328,1.5634674265529725E-4
2,377;852,1.5631400490191926E-4
2,27;373,1.5627590059058246E-4
2,49;404,-1.561544251749974E-4
2,161;418,-1.5610483019194794E-4
2,161;835,-1.5600016988788457E-4
2,169;917,1.5557691808113527E-4
2,600;745,1.5543867833114105E-4
2,100;974,1.5537794598218966E-4
2,223;396,-1.552749643501699E-4
2,474;710,1.552121962958382E-4
2,822;982,-1.5508787676283281E-4
2,389;478,1.5506003484557063E-4
2,189;723,-1.5489872837220353E-4
2,391;543,-1.5488512002492176E-4
2,433;736,1.546724094760108E-4
2,500;813,-1.542993205202156E-4
2,515;609,-1.5428006460890925E-4
2,163;631,-1.5412263593895048E-4
2,364;614,1.5381010404230599E-4
2,812;815,1.5343596007782401E-4
2,554;687,1.5337998005104426E-4
2,566;868,1.5331660937642196E-4
2,307;722,1.5325962627588403E-4
2,561;691,-1.5324656721073433E-4
2,356;988,1.5313991400308697E-4
2,409;937,-1.5313819897157948E-4
2,328;873,-1.5313257549629406E-4
2,406;729,-1.5253435308847308E-4
2,24;90,-1.520738179159004E-4
2,34;184,-1.5205686727623707E-4
2,337;625,1.5191404166190787E-4
2,449;880,1.517294948187926E-4
2,47;705,1.5163016933306716E-4
2,371;635,-1.5159304951184856E-4
2,441;728,1.5154039869020135E-4
2,590;798,1.5153691290044585E-4
2,197;950,-1.5147471971271604E-4
2,855;905,1.513995210756641E-4
2,71;555,-1.5098997696373195E-4
2,232;244,1.5062171354665767E-4
2,533;595,-1.506146260678925E-4
2,204;456,-1.5047910075824324E-4
2,251;671,1.503883830702061E-4
2,589;942,1.502049675146874E-4
2,176;323,-1.5004777666366241E-4
2,15;110,-1.4992318015140347E-4
2,117;776,1.4974649818569368E-4
2,301;719,1.4974066488929812E-4
2,355;464,-1.497099963084907E-4
2,491;744,-1.4967889568180643E-4
2,895;908,-1.4928315918484838E-4
2,684;820,1.4878522442471242E-4
2,100;890,-1.485306176391633E-4
2,228;271,1.4815666763972054E-4
2,194;681,-1.4801346210427524E-4
2,514;539,1.479959302971013E-4
2,547;972,-1.478755094256035E-4
2,54;684,1.4750741888245532E-4
2,438;987,1.4732967665373386E-4
2,114;346,1.4723241066091642E-4
2,191;638,1.4718428975184168E-4
2,620;692,-1.4689483454790586E-4
2,401;528,1.4688366138450857E-4
2,417;735,1.4686667992336205E-4
2,101;847,-1.468326678276431E-4
2,101;888,-1.4657970166561318E-4
2,120;816,1.464830374675014E-4
2,885;971,-1.4640817709085378E-4
2,502;916,-1.463646510672867E-4
2,224;693,-1.4626693166222378E-4
2,756;956,1.4624305508655538E-4
2,337;745,1.4616830190023857E-4
2,383;556,-1.4614148875449393E-4
2,248;665,-1.4613256411150034E-4
2,269;475,1.4611308170210067E-4
2,34;252,-1.4589549028015583E-4
2,162;880,-1.4579260198538423E-4
2,379;804,-1.4556541650564102E-4
2,393;753,-1.4553390135832212E-4
2,525;911,-1.4546853692976473E-4
2,206;222,1.4540315754710048E-4
2,361;677,1.4535406568135813E-4
2,662;766,1.4517201690179482E-4
2,66;848,1.4512342549154514E-4
2,296;832,1.4461380708607896E-4
2,164;615,-1.4461248319490866E-4
2,262;581,1.445986739188902E-4
2,923;992,-1.4459731106929963E-4
2,716;748,-1.4456964186643467E-4
2,799;827,1.4436015550055032E-4
2,701;956,1.4425733742609036E-4
2,388;878,-1.440345408874509E-4
2,443;902,-1.4397607335173528E-4
2,25;695,1.4390572251281984E-4
2,225;945,1.4387578833479375E-4
2,629;709,-1.438186769913808E-4
2,93;526,1.4381207356672527E-4
2,257;840,-1.437641666066287E-4
2,136;925,-1.4373475277510494E-4
2,274;368,1.4372186082603163E-4
2,173;609,-1.437047255256373E-4
2,65;267,-1.4367744030613664E-4
2,656;973,-1.4367304464089266E-4
2,595;976,-1.4364025051993496E-4
2,142;429,1.43566720646472E-4
2,667;848,1.4332050437624772E-4
2,417;800,1.431873730570088E-4
2,393;867,1.4311615513931748E-4
2,144;484,-1.4300288209363938E-4
2,86;90,1.4296929722840322E-4
2,608;857,-1.4292880357649241E-4
2,43;768,1.429030120272194E-4
2,166;302,1.4288979131799802E-4
2,290;805,1.4271025642718455E-4
2,230;626,1.4268019923937165E-4
2,736;764,1.4255104233060672E-4
2,269;761,-1.4251840512993107E-4
2,350;536,-1.42486876897171E-4
2,5;507,1.4245868814988984E-4
2,864;954,-1.423480057221109E-4
2,690;879,-1.4212266721475085E-4
2,671;825,1.4211357736513376E-4
2,381;383,-1.4190696661154026E-4
2,157;399,1.4176710101344E-4
2,63;633,1.4175620588140092E-4
2,911;964,1.4147173831993733E-4
2,795;939,-1.4129514441316623E-4
2,575;841,1.411505118843783E-4
2,304;903,1.4114013742726455E-4
2,521;681,-1.410907971955243E-4
2,486;945,1.4108620292441703E-4
2,101;749,1.4101797687148847E-4
2,99;810,1.410162169760481E-4
2,609;830,-1.4095406267998668E-4
2,657;960,-1.4083906654386674E-4
2,568;614,-1.407697835984182E-4
2,252;346,-1.4067351857556166E-4
2,635;969,1.4062871263579132E-4
2,103;380,1.4058571726760405E-4
2,155;733,1.4033926461572992E-4
2,150;833,1.4030511176264075E-4
2,87;713,1.4029222669538567E-4
2,234;390,1.4010402964624436E-4
2,190;465,-1.3973203398609692E-4
2,370;455,-1.397162383465811E-4
2,303;369,-1.3955943324857616E-4
2,281;717,-1.3950501272919942E-4
2,88;446,-1.3946151127825106E-4
2,63;86,-1.3944206667689313E-4
2,538;661,1.3931112742722208E-4
2,71;72,-1.3929199933964288E-4
2,528;644,-1.3926981658249232E-4
2,18;27,1.392091260865481E-4
2,355;527,1.390856117326842E-4
2,71;429,-1.3908559513668942E-4
2,210;465,-1.3890728494852521E-4
2,385;775,1.388016822130669E-4
2,108;518,-1.3878592790631973E-4
2,644;960,-1.387702731771333E-4
2,205;809,1.3875503042037567E-4
2,168;585,-1.385596520069836E-4
2,34;689,1.384535197675499E-4
2,63;192,1.3836147540055658E-4
2,370;770,1.3823991206415482E-4
2,19;883,1.3816625504348742E-4
2,93;605,1.380959406835213E-4
2,39;618,-1.380558114895918E-4
2,96;704,-1.38031405534552E-4
2,665;747,1.3798421608043858E-4
2,76;225,-1.3789627084520825E-4
2,687;955,1.3783676046083315E-4
2,254;423,-1.377815971910852E-4
2,103;844,-1.3777577938085193E-4
2,120;387,-1.3774616670070907E-4
2,698;936,-1.3765191325987663E-4
2,281;711,1.376377925731005E-4
2,376;587,-1.3759465865639987E-4
2,305;753,1.3737125781187773E-4
2,468;712,1.373663611669828E-4
2,183;307,-1.3735571895455824E-4
2,476;665,1.3733430832426501E-4
2,87;612,-1.3707511333560415E-4
2,413;570,1.3705684911472548E-4
2,52;930,1.3702038177721527E-4
2,583;749,-1.3695077437201293E-4
2,292;751,1.3677067795251098E-4
2,43;502,1.3656095016335645E-4
2,666;745,1.3651078919001995E-4
2,747;833,1.3622277781532094E-4
2,23;768,-1.3613268755722412E-4
2,48;130,-1.3609714776322793E-4
2,590;642,-1.3601026094397172E-4
2,689;758,-1.357594755540502E-4
2,489;492,-1.3574224775759146E-4
2,228;365,1.357390708979473E-4
2,654;722,-1.357271740380308E-4
2,203;905,-1.3567377202739007E-4
2,142;807,1.356436640449918E-4
2,665;761,1.3561040441524314E-4
2,584;852,-1.3547846513449176E-4
2,105;295,1.3537810470772845E-4
2,43;266,1.3528500216528674E-4
2,55;67,-1.3521840799525343E-4
2,459;745,1.3520095037888841E-4
2,542;599,-1.3513042019034973E-4
2,38;316,-1.3493820772844873E-4
2,703;753,1.3491989978529103E-4
2,13;334,1.348751528496685E-4
2,381;881,1.3481510650228612E-4
2,389;748,-1.3466393455903656E-4
2,328;400,1.346237889853433E-4
2,292;465,1.345203150468981E-4
2,73;805,1.34504843326422E-4
2,47;825,1.344770313397718E-4
2,105;315,1.344651658653187E-4
2,191;673,1.3433383513504748E-4
2,303;915,-1.3430346550936581E-4
2,202;218,-1.3413766976896457E-4
2,51;950,-1.3410352262344588E-4
2,185;909,-1.34099355107043E-4
2,229;326,-1.3403573446180782E-4
2,525;992,-1.3392616586804893E-4
2,120;578,-1.3388460188468008E-4
2,355;948,1.3385880403077977E-4
2,173;591,1.3371901800334255E-4
2,48;68,-1.3361616183383483E-4
2,70;516,1.3345206414393303E-4
2,696;957,1.334324762254871E-4
2,451;681,-1.330139626805447E-4
2,321;786,-1.3290727940897974E-4
2,721;835,1.32689715043274E-4
2,424;530,1.3259007011960346E-4
2,146;461,1.3253388877143508E-4
2,810;816,1.323177422431453E-4
2,73;119,1.322899067608417E-4
2,143;738,1.3192719613925707E-4
2,18;301,-1.3192610604587337E-4
2,645;824,1.3176496439998466E-4
2,65;704,-1.3164834520434365E-4
2,377;783,1.3163277222172639E-4
2,707;911,-1.3156866402578034E-4
2,378;797,-1.3156728397122321E-4
2,262;716,-1.3147957909022946E-4
2,372;378,1.3142648460000693E-4
2,853;981,1.3141181957868325E-4
2,49;813,1.3131008215768586E-4
2,516;521,-1.3127450969439858E-4
2,273;681,-1.3123754038552526E-4
2,205;234,-1.3115902432550764E-4
2,609;828,1.3102698519677956E-4
2,342;416,1.310109546259911E-4
2,618;757,-1.308974522146892E-4
2,420;558,1.3088599042761115E-4
2,244;341,1.3086796786266575E-4
2,118;941,1.307574362355459E-4
2,43;342,-1.3074173657189576E-4
2,217;795,1.3073013711533852E-4
2,102;577,-1.3070847359922342E-4
2,306;307,-1.306125003987223E-4
2,78;909,-1.3060616831785912E-4
2,101;487,-1.3053522745833248E-4
2,115;342,1.3046292572635134E-4
2,22;672,1.3038746659499803E-4
2,366;579,-1.3034974186504025E-4
2,199;693,1.3026721753524962E-4
2,21;639,-1.2999940087025566E-4
2,404;583,1.299661192352248E-4
2,452;634,1.29922101641558E-4
2,334;826,-1.2988527943967961E-4
2,337;970,1.298761582180399E-4
2,872;893,-1.2986888450917264E-4
2,286;550,-1.297567312548414E-4
2,39;211,1.2954632297094117E-4
2,603;644,1.2954017023269476E-4
2,312;543,1.2946298316289984E-4
2,88;146,-1.2943815723816493E-4
2,629;665,1.2942736717947117E-4
2,290;495,-1.2935442497935632E-4
2,53;754,-1.2924845100009683E-4
2,117;468,-1.2922089832499646E-4
2,331;409,-1.2898192817205722E-4
2,746;803,1.289518290042798E-4
2,199;639,-1.289346683917915E-4
2,44;640,-1.2892925879136663E-4
2,544;609,-1.2892138612090225E-4
2,388;828,-1.287638781938027E-4
2,339;525,1.2873598862614337E-4
2,145;667,-1.2864582938409088E-4
2,858;920,1.2854852052062148E-4
2,508;622,-1.2852475241729243E-4
2,175;390,-1.2844088694652264E-4
2,37;833,-1.2835980139718715E-4
2,201;945,-1.2829435348174901E-4
2,166;414,1.281960213345864E-4
2,120;687,1.281519377698756E-4
2,164;796,1.2806531049487004E-4
2,204;304,1.27993321216247E-4
2,336;612,-1.2795691276042186E-4
2,112;876,1.2792064835633805E-4
2,251;693,1.2784743530667596E-4
2,80;142,-1.277767244776974E-4
2,698;928,-1.2777168544992197E-4
2,54;237,1.2755993533365977E-4
2,494;698,-1.2749927693765263E-4
2,110;443,1.2743708309381817E-4
2,777;962,1.274020726898264E-4
2,368;784,1.2733400613044188E-4
2,358;518,1.27251814080276E-4
2,542;933,-1.2715843388600052E-4
2,742;844,1.2707412855439678E-4
2,682;916,1.270602335099342E-4
2,378;738,1.2700114218280073E-4
2,634;973,-1.2685422050543425E-4
2,372;745,1.2683377309555838E-4
2,687;922,1.2679868744907029E-4
2,390;599,1.2671641981692943E-4
2,208;972,1.2667634871317424E-4
2,274;957,-1.2662988600892542E-4
2,125;323,-1.2651815523484573E-4
2,140;448,-1.264683511714978E-4
2,320;563,-1.2645479124504178E-4
2,300;665,-1.2638879940459136E-4
2,39;767,-1.2630935519745596E-4
2,300;700,1.2624752285229863E-4
2,85;523,1.2605313473362751E-4
2,50;944,-1.2602653217733562E-4
2,571;998,-1.2601504027540824E-4
2,591;917,-1.2582368067572632E-4
2,525;723,-1.257134906658002E-4
2,255;334,-1.2569504488688996E-4
2,624;765,1.2556299091861806E-4
2,611;992,1.254808981671364E-4
2,375;386,-1.2530315027590826E-4
2,64;742,1.2522930400760035E-4
2,110;675,-1.2521383658571118E-4
2,127;998,1.2517366711788214E-4
2,157;379,-1.2511106978376158E-4
2,344;778,-1.2505987889342268E-4
2,33;726,1.2493327613464006E-4
2,38;639,1.2488881652181208E-4
2,39;304,-1.2483422196515875E-4
2,517;899,1.2479583632650908E-4
2,291;313,-1.2476977376618925E-4
2,811;922,1.247603185617708E-4
2,319;722,1.2468742206020892E-4
2,368;537,1.2467673524145046E-4
2,319;833,1.2464823975917244E-4
2,43;388,1.2457076736946786E-4
2,153;902,-1.2456610174070874E-4
2,307;769,-1.2456129766095483E-4
2,379;899,1.2455617246005744E-4
2,124;346,-1.2450151995628596E-4
2,393;741,-1.2442347746281527E-4
2,185;529,1.242831699240651E-4
2,353;930,-1.2420425654322093E-4
2,24;493,1.2405234713564885E-4
2,43;334,-1.2402977941201467E-4
2,53;867,-1.2398093288711078E-4
2,758;856,-1.2392020607088954E-4
2,164;629,-1.2383507279230185E-4
2,642;862,-1.2379804232840215E-4
2,814;891,1.2350282203825257E-4
2,144;842,1.2320034864541718E-4
2,50;738,1.2319185902196205E-4
2,386;548,-1.2310415270359515E-4
2,87;423,1.2309676613175756E-4
2,648;721,-1.230772268520555E-4
2,573;858,-1.2289579516546416E-4
2,118;430,-1.2286340310625347E-4
2,209;643,-1.228624981670299E-4
2,329;334,1.2274629908143013E-4
2,374;783,1.2267496326462304E-4
2,40;744,-1.2261058679647276E-4
2,174;990,-1.2249062694576044E-4
2,623;852,-1.2246598555314697E-4
2,48;184,1.2238774451545542E-4
2,6;543,-1.2229579927153009E-4
2,77;145,1.2219907229512602E-4
2,458;687,-1.2215374275733817E-4
2,266;402,1.2211613490532532E-4
2,247;665,-1.2211466282643045E-4
2,436;525,-1.221111231174088E-4
2,477;548,1.2208495210146058E-4
2,62;839,1.2206239351830381E-4
2,267;290,-1.2202385058813883E-4
2,213;640,1.2200089805957293E-4
2,238;569,1.2199161056117545E-4
2,350;412,1.2198642743611558E-4
2,415;723,-1.2188001282707604E-4
2,178;850,-1.2175377653622897E-4
2,120;965,1.2162594409353764E-4
2,21;188,1.2157044852536206E-4
2,270;977,1.2143639392910726E-4
2,307;428,1.2138842733227113E-4
2,455;525,-1.2136699438677998E-4
2,710;964,1.2127635313025828E-4
2,758;797,-1.2124261460387917E-4
2,959;961,-1.2123718163343073E-4
2,340;855,1.2119455773054312E-4
2,717;826,1.2100327466728388E-4
2,454;668,1.2098832660759962E-4
2,135;714,1.209389005468824E-4
2,787;884,-1.2088818401250657E-4
2,767;923,-1.2085698267772071E-4
2,89;196,1.2083304870429561E-4
2,838;905,1.207501951750519E-4
2,545;626,1.2072933216133754E-4
2,118;189,-1.2071229842041881E-4
2,125;729,1.2070684732887202E-4
2,82;582,1.2061269453320511E-4
2,200;297,-1.206014209430486E-4
2,90;746,1.2057721609476119E-4
2,188;623,-1.2056665375538359E-4
2,555;958,-1.2051972823143604E-4
2,288;404,1.2032289246151782E-4
2,230;600,1.2031810911184835E-4
2,205;243,-1.2029741498436874E-4
2,461;922,-1.2026003497837342E-4
2,380;956,1.2005344601251789E-4
2,599;913,1.2001224501995057E-4
2,657;956,-1.1986579015597143E-4
2,413;834,-1.1976263543534935E-4
2,709;932,-1.197501568415944E-4
2,638;712,-1.195778298944005E-4
2,426;663,-1.195087490319268E-4
2,162;693,1.193743100311627E-4
2,705;886,1.193435909674909E-4
2,266;899,1.1932573655483134E-4
2,368;514,1.1930628070026717E-4
2,439;602,1.1929608348846746E-4
2,900;939,-1.1928934609913018E-4
2,43;101,1.1913546306366965E-4
2,172;552,-1.191042085167347E-4
2,187;990,1.190913862957393E-4
2,482;563,-1.1904154042374966E-4
2,546;714,-1.1898122016277006E-4
2,613;969,1.1893694408478481E-4
2,467;806,1.1888465194163561E-4
2,366;729,-1.1886988645878878E-4
2,819;928,-1.1886054710683377E-4
2,370;619,1.188076029944987E-4
2,296;386,-1.1879611199653835E-4
2,159;291,1.1876591236978932E-4
2,206;725,-1.1874891354759618E-4
2,37;626,-1.1868111357651337E-4
2,41;245,1.1859665198641066E-4
2,924;951,1.1841322099936866E-4
2,28;182,-1.1840892970489678E-4
2,250;389,1.1832977187424068E-4
2,674;707,1.1826647191180152E-4
2,279;952,-1.1824771825460848E-4
2,262;285,-1.1820372691131262E-4
2,165;979,-1.1818591604788259E-4
2,430;925,1.1817914025743516E-4
2,489;939,1.1816232225440142E-4
2,334;378,-1.1815444839095769E-4
2,454;647,-1.1812693164221826E-4
2,869;982,-1.1808894723284493E-4
2,84;611,-1.1806995411676968E-4
2,475;635,-1.1800102430095559E-4
2,310;498,1.1798914267917215E-4
2,553;852,-1.1793223766171347E-4
2,307;496,1.179295908112791E-4
2,123;686,1.1792202578275877E-4
2,517;681,-1.1790494251528254E-4
2,198;641,-1.1789473891459953E-4
2,365;783,1.1789198398999537E-4
2,467;794,1.1781370910469236E-4
2,30;526,1.1780462138131415E-4
2,835;948,1.1778146056630846E-4
2,191;903,1.1776275521682392E-4
2,34;596,1.1770438341110564E-4
2,555;770,1.1762311594537092E-4
2,135;513,-1.1755640233853956E-4
2,417;940,-1.1751004713858945E-4
2,388;691,-1.174828462766584E-4
2,185;609,-1.1735798925255897E-4
2,518;637,-1.1732017731312311E-4
2,256;681,1.1727717859348277E-4
2,183;323,-1.1719454356139113E-4
2,807;910,-1.1715817534914732E-4
2,761;943,-1.1715802139461543E-4
2,559;992,1.1712448944889833E-4
2,320;421,1.1710544904824821E-4
2,176;930,-1.1709201499250859E-4
2,614;806,1.1708080510496346E-4
2,131;365,1.1698044462374793E-4
2,311;868,-1.1694104981283678E-4
2,259;845,-1.1690650712058132E-4
2,115;315,-1.1689640591394535E-4
2,76;217,1.1683282982598602E-4
2,815;862,1.1679598458659354E-4
2,223;246,-1.165904714068369E-4
2,422;834,-1.1651780251253105E-4
2,622;821,-1.1646852180291573E-4
2,699;893,1.1642778720423465E-4
2,113;917,-1.163075510297175E-4
2,203;704,1.162906958170556E-4
2,217;276,1.1628195156230853E-4
2,219;820,-1.1618778369317001E-4
2,92;536,-1.1618603019128315E-4
2,214;319,1.1618325814970982E-4
2,63;822,1.1615992515820457E-4
2,315;412,1.1615966980561092E-4
2,409;714,1.1615798184346407E-4
2,66;774,1.1615361429152938E-4
2,34;216,1.1608512836668879E-4
2,212;946,-1.1608414798064375E-4
2,209;693,-1.1606893834223535E-4
2,65;462,-1.1604513589946656E-4
2,672;696,1.1600595667377145E-4
2,336;504,-1.1594863059010819E-4
2,123;500,1.1592484016858365E-4
2,207;481,-1.1591706531758845E-4
2,509;939,1.1590091612141337E-4
2,82;418,1.1583338168396492E-4
2,237;700,1.1581302509070238E-4
2,115;836,1.1579086955067044E-4
2,75;738,-1.1578661238965203E-4
2,188;261,1.1573535183969974E-4
2,6;832,1.157336260969846E-4
2,430;490,-1.1569683279039106E-4
2,209;316,-1.156200243765379E-4
2,551;578,1.15604807865473E-4
2,122;920,-1.1553641177690523E-4
2,415;577,-1.1550016317076461E-4
2,394;997,-1.1544261960603968E-4
2,155;662,1.1533240577318105E-4
2,239;836,1.1532534865844115E-4
2,75;723,-1.1532205497845097E-4
2,472;952,-1.1522330203033286E-4
2,393;555,1.1508723416740177E-4
2,86;932,1.1504738974763266E-4
2,457;938,-1.1499740398218544E-4
2,548;727,-1.149694692748148E-4
2,307;384,1.1490034835650575E-4
2,298;913,1.1484242046928893E-4
2,547;809,-1.1482369720741631E-4
2,609;865,1.147770696849083E-4
2,2;181,1.1467310370866618E-4
2,827;921,1.1466625401810027E-4
2,508;618,-1.1453179749129482E-4
2,57;596,-1.1442259246349044E-4
2,142;298,-1.1440237373080975E-4
2,234;601,1.1421810553647327E-4
2,38;333,-1.1412142706790695E-4
2,179;557,1.1405957028417822E-4
2,28;167,1.139830348894672E-4
2,705;946,1.139275597740716E-4
2,689;747,1.139195893685294E-4
2,794;806,-1.1385457021601426E-4
2,161;655,1.138256018345473E-4
2,76;774,1.1377175423194885E-4
2,59;950,1.137029004010005E-4
2,480;699,-1.1369949895938589E-4
2,301;405,1.1360167472595471E-4
2,390;701,1.1354534142859374E-4
2,490;578,1.1347991519035658E-4
2,36;273,-1.1340381225054358E-4
2,102;305,-1.131942003859841E-4
2,456;642,-1.1315871874274699E-4
2,173;915,1.1313472910239863E-4
2,805;916,-1.1311571036082189E-4
2,427;885,1.1311056619636595E-4
2,371;461,1.1307986369207147E-4
2,12;43,-1.1302830084636886E-4
2,356;428,1.1296323775572591E-4
2,270;315,-1.129327082687815E-4
2,371;830,-1.1290863796634675E-4
2,105;397,-1.1288149305502302E-4
2,260;623,-1.1249947246422109E-4
2,238;246,1.12490923494898E-4
2,71;681,1.1240487233678235E-4
2,121;729,1.1229068399788806E-4
2,198;913,-1.1227847258795171E-4
2,202;320,-1.122229177103617E-4
2,629;766,-1.1210966226131621E-4
2,79;596,1.1209959229851011E-4
2,372;592,1.1209087802439866E-4
2,48;995,1.1202707623124747E-4
2,361;712,1.119413686132594E-4
2,65;227,-1.1186120943637995E-4
2,346;614,1.1182874304908602E-4
2,726;806,-1.1181975962966476E-4
2,435;718,-1.1177980364958212E-4
2,745;787,1.1169898564767758E-4
2,256;747,1.1166150381034823E-4
2,162;581,-1.1163922349304606E-4
2,586;689,1.1156650910258125E-4
2,715;857,-1.1116183830743703E-4
2,315;921,1.111415330009877E-4
2,311;905,1.1110610858602148E-4
2,628;826,1.1107955858417067E-4
2,286;557,1.110432540194022E-4
2,38;396,1.1102793540994909E-4
2,578;687,-1.1102244700539893E-4
2,99;141,-1.1101724886583114E-4
2,378;487,1.1100274704810803E-4
2,511;698,1.1099017250969086E-4
2,837;910,-1.1096538284800496E-4
2,210;447,-1.1093393352374267E-4
2,291;950,-1.1092938889392785E-4
2,472;582,-1.1081635720196898E-4
2,605;958,-1.108017807297773E-4
2,281;826,-1.1075048762566E-4
2,1;185,1.1069790432322838E-4
2,342;653,1.1062617213056213E-4
2,17;776,1.1058348241436004E-4
2,398;457,-1.1054942705172503E-4
2,659;900,-1.1024795233393326E-4
2,574;863,1.1015523499078495E-4
2,109;933,-1.1010468466502079E-4
2,827;841,-1.1009718161113744E-4
2,330;950,1.1007810320474748E-4
2,41;332,-1.1003839660214043E-4
2,103;978,1.1003561802994378E-4
2,100;262,-1.1002044689379062E-4
2,368;822,1.10011405570668E-4
2,131;416,1.0989850309529723E-4
2,62;340,-1.098054883989083E-4
2,109;296,-1.0978902260248862E-4
2,592;896,1.0977630489791108E-4
2,158;275,1.0972540968232176E-4
2,356;741,1.0960929270663061E-4
2,458;899,1.0959057280378045E-4
2,883;900,-1.0954786085913392E-4
2,830;836,1.0952919530144835E-4
2,259;623,-1.0952179413610723E-4
2,450;563,1.0945309241544643E-4
2,662;748,-1.0938872150751406E-4
2,690;998,1.0937798192824488E-4
2,342;630,1.0935510378547895E-4
2,196;968,-1.0933393952120678E-4
2,317;601,1.0925533539284757E-4
2,81;454,1.0916488278872275E-4
2,183;645,1.0914060866478905E-4
2,1;726,-1.0913966376069678E-4
2,213;399,1.0913252762911211E-4
2,14;477,1.0910089482947969E-4
2,11;833,-1.0909291323299411E-4
2,389;554,-1.0908930131160133E-4
2,321;949,1.0908764071641427E-4
2,90;938,1.0908611886249013E-4
2,70;724,1.0904794858630776E-4
2,203;904,1.0902876509770687E-4
2,885;987,1.0897151846500278E-4
2,19;909,1.0892724941973759E-4
2,116;705,1.088922467080187E-4
2,125;176,-1.0884679128347355E-4
2,234;633,-1.0869997096183826E-4
2,296;919,-1.0855304030034474E-4
2,253;564,-1.0852364608930276E-4
2,673;887,-1.0852349323505678E-4
2,19;645,1.083850753907191E-4
2,291;526,-1.0837105670352775E-4
2,210;214,1.0825436884971882E-4
2,326;404,1.0820765582431483E-4
2,696;765,1.0820510261784868E-4
2,784;814,-1.0819961923027316E-4
2,542;994,-1.0818711965475182E-4
2,298;787,1.081180690835107E-4
2,319;449,1.0806580097063918E-4
2,198;303,1.0806297220696673E-4
2,23;70,1.0805086454535831E-4
2,206;489,-1.080199171597841E-4
2,582;745,-1.079978128680422E-4
2,602;817,1.0799631318032244E-4
2,267;938,-1.0795377632605104E-4
2,619;725,-1.0794519433581987E-4
2,163;225,1.0792706655759656E-4
2,564;661,-1.0785914375394648E-4
2,594;739,-1.0785138006143813E-4
2,184;260,1.0781225130202581E-4
2,409;620,-1.0768666068150182E-4
2,256;818,-1.076333356529075E-4
2,18;384,-1.0755444379172443E-4
2,303;605,1.0752934648495914E-4
2,24;704,1.0744526148916758E-4
2,588;612,-1.0740305103343846E-4
2,541;819,1.0739024728359257E-4
2,340;531,1.0738921533487853E-4
2,693;969,1.0734782382384379E-4
2,748;917,-1.0734439940465898E-4
2,19;43,-1.0719988854817115E-4
2,48;297,1.0719584507385922E-4
2,83;350,-1.0715143399550905E-4
2,550;953,-1.0703820936708176E-4
2,526;897,-1.0701554950385737E-4
2,103;804,-1.0694119354546933E-4
2,131;990,-1.0693317931606888E-4
2,376;378,1.0691889194687676E-4
2,111;939,1.0683628847584452E-4
2,488;814,1.0676650231724295E-4
2,217;294,-1.0673449729048853E-4
2,19;720,1.0673266384042002E-4
2,197;968,-1.0672545438350232E-4
2,59;307,-1.0670053664517192E-4
2,497;505,1.0669930039694194E-4
2,206;989,-1.066973611933899E-4
2,87;237,-1.0657141049979704E-4
2,555;703,1.065704514888998E-4
2,484;728,-1.0651839984105181E-4
2,21;341,1.0648001542812529E-4
2,337;921,-1.0643660940941708E-4
2,180;333,-1.0641440615029325E-4
2,492;886,1.0637993697822125E-4
2,572;733,1.063550351080891E-4
2,284;718,-1.0635169130951338E-4
2,581;682,-1.063327193056245E-4
2,726;834,-1.063072781641845E-4
2,93;781,1.0628959689031476E-4
2,167;375,-1.0623855347129865E-4
2,225;832,1.0618269938357905E-4
2,296;796,-1.0615396760405368E-4
2,19;824,1.061039265274993E-4
2,563;840,1.0602644206095737E-4
2,191;907,1.0596183817263019E-4
2,28;970,-1.0595071198164759E-4
2,353;528,1.0594349856728239E-4
2,171;979,1.0587560218952452E-4
2,632;817,1.0585615596619413E-4
2,346;441,-1.0581728536816898E-4
2,478;830,1.0579858367314448E-4
2,410;681,-1.0576304732846459E-4
2,6;270,1.057467780161988E-4
2,772;811,1.0574394221013602E-4
2,443;539,-1.0571400504607399E-4
2,586;758,1.0567858247705055E-4
2,485;861,1.0566134818287873E-4
2,217;631,-1.055356927624089E-4
2,34;895,1.0540728213234022E-4
2,638;677,1.0538816617170528E-4
2,917;939,-1.05367097287411E-4
2,215;784,1.0533268865638183E-4
2,563;675,-1.052892660277239E-4
2,190;637,1.0521242999905701E-4
2,73;667,1.0520550928499253E-4
2,347;857,-1.0516386675240467E-4
2,505;689,-1.051622956290477E-4
2,175;210,1.050904096582011E-4
2,503;867,1.050760028442221E-4
2,263;772,1.0506579768721775E-4
2,32;448,1.0501659432135293E-4
2,398;976,-1.0487691766052595E-4
2,256;508,-1.0478718473535357E-4
2,324;562,1.0474333637492089E-4
2,614;874,-1.0469699086223994E-4
2,593;602,-1.0469527196384321E-4
2,218;691,1.0465999467496214E-4
2,54;92,1.0461650049410984E-4
2,139;546,-1.0460862094654298E-4
2,411;903,-1.0460850540402148E-4
2,596;823,-1.0457221507812477E-4
2,473;601,-1.0451062681665515E-4
2,167;201,-1.0446320487870881E-4
2,358;620,-1.0444423182858407E-4
2,411;797,-1.0438842466361745E-4
2,183;865,1.0436767808522692E-4
2,202;966,-1.0431116382851537E-4
2,206;822,1.0426689685554235E-4
2,776;939,-1.042432281985432E-4
2,341;418,-1.0420271385321728E-4
2,411;841,1.0415346756003837E-4
2,720;971,-1.0406355258095686E-4
2,149;948,1.040445054368288E-4
2,17;800,1.0403719521956757E-4
2,39;257,-1.0402814833469254E-4
2,645;926,1.0388971977999482E-4
2,303;384,-1.0384257906569855E-4
2,428;621,1.0377655596974509E-4
2,322;643,-1.0377080032905066E-4
2,217;333,1.0376119050136285E-4
2,188;667,1.0370444780106456E-4
2,413;771,-1.0365175673415785E-4
2,625;939,-1.0364210826993483E-4
2,22;442,-1.03615506507102E-4
2,326;596,1.036074285559278E-4
2,103;620,1.0358703821762185E-4
2,602;848,-1.0354397374664853E-4
2,188;297,1.0353936668771035E-4
2,103;234,1.0346625364299292E-4
2,50;201,-1.0343983560020026E-4
2,328;608,1.0343570663684665E-4
2,549;753,-1.0343044601709987E-4
2,73;875,1.0335580562974867E-4
2,508;887,-1.0333215953397077E-4
2,468;999,1.0331657651269685E-4
2,621;988,-1.032539002148217E-4
2,189;333,-1.0322191252288224E-4
2,128;594,-1.0321156933364881E-4
2,67;286,-1.0320204372533387E-4
2,181;652,-1.0319720587720155E-4
2,385;529,-1.0316656866916981E-4
2,16;53,-1.0303064044920418E-4
2,106;371,1.0295059942805953E-4
2,89;540,1.0292483505438182E-4
2,378;587,-1.028821624125367E-4
2,398;566,1.0274341589817498E-4
2,70;446,-1.0270425847584787E-4
2,691;701,-1.02672320474199E-4
2,300;556,-1.0265948537269955E-4
2,8;632,-1.0262888955302702E-4
2,281;382,1.0252221834258282E-4
2,70;631,-1.0249028297827248E-4
2,311;807,-1.0193075851394861E-4
2,311;969,-1.0191579440760776E-4
2,916;945,1.0188167249396752E-4
2,755;944,1.017526350109424E-4
2,414;471,-1.0170532555013664E-4
2,707;952,1.0167649831963121E-4
2,471;539,-1.016676602536653E-4
2,48;137,1.0166752767833301E-4
2,80;187,-1.015711705354938E-4
2,261;316,-1.0154644393164911E-4
2,389;620,1.0141822589074777E-4
2,71;194,-1.0141807963605816E-4
2,48;423,-1.0137602851818665E-4
2,157;931,-1.0132537897193358E-4
2,663;935,1.012869732376273E-4
2,746;824,1.0128160583838413E-4
2,144;738,-1.0127563374378779E-4
2,258;623,-1.012565300376351E-4
2,221;880,1.0122579686854662E-4
2,241;772,1.0121459258736318E-4
2,715;774,1.0101265182680447E-4
2,143;144,1.0088473440332932E-4
2,421;579,-1.0076127472559307E-4
2,145;783,-1.0074054900140514E-4
2,455;761,1.0067880109164776E-4
2,540;763,-1.006222237428914E-4
2,704;860,-1.0048643409114718E-4
2,237;602,1.0047917712174187E-4
2,371;378,1.0041807720948884E-4
2,130;733,-1.004000854323003E-4
2,17;349,1.0037823283661692E-4
2,908;939,-1.003485104115723E-4
2,173;554,1.003315622705997E-4
2,344;944,1.0032479729729861E-4
2,217;531,1.003207587404255E-4
2,217;343,1.0028654999894916E-4
2,306;371,-1.0026215107398822E-4
2,131;174,1.0025705956118194E-4
2,27;286,-1.0008911274176164E-4
2,248;798,-1.0004338808783145E-4
2,382;965,-1.0000844526413162E-4
2,438;878,-1.0000269846324606E-4
2,39;656,-9.998435618775844E-5
2,298;753,9.99756853423246E-5
2,374;900,9.99606908642454E-5
2,81;229,9.993676826465875E-5
2,162;869,9.992604745178441E-5
2,381;758,-9.984899543358517E-5
2,470;632,9.975763455125304E-5
2,380;518,9.972927490642627E-5
2,777;850,-9.957330573596866E-5
2,788;991,9.956940718298627E-5
2,470;630,-9.953231273352092E-5
2,425;599,9.952814811962495E-5
2,163;252,9.952787664700161E-5
2,676;977,-9.946864067232563E-5
2,19;593,-9.936297182089313E-5
2,608;942,-9.932951496406953E-5
2,173;849,9.926882121157843E-5
2,623;669,9.923347964435222E-5
2,322;784,-9.918886939286529E-5
2,582;738,-9.914735649985299E-5
2,305;780,9.90652098767006E-5
2,82;721,9.901001279311396E-5
2,86;710,-9.899414257772443E-5
2,592;799,-9.896762395976794E-5
2,610;687,-9.87858441161259E-5
2,218;872,-9.871456387181834E-5
2,371;609,9.870559264116482E-5
2,735;979,-9.86904743765075E-5
2,292;368,-9.864134509126263E-5
2,555;896,9.857872471157278E-5
2,333;614,-9.85394762313823E-5
2,113;753,9.853801849356486E-5
2,440;662,9.85136145629604E-5
2,242;926,9.84555391115893E-5
2,312;853,-9.844595928987796E-5
2,57;963,-9.84117190315869E-5
2,150;480,9.837099845022715E-5
2,5;346,9.835834668528613E-5
2,238;340,9.82883327960285E-5
2,339;362,-9.826673556570126E-5
2,43;230,9.825149438068E-5
2,215;941,9.822740780627095E-5
2,429;894,-9.81963440427129E-5
2,356;638,9.81682482606332E-5
2,164;190,9.8130951346114E-5
2,268;502,-9.811676707603956E-5
2,529;738,-9.811617846969968E-5
2,815;848,-9.8112717372189E-5
2,66;656,-9.803865032679857E-5
2,860;907,-9.799952245638677E-5
2,138;421,-9.798093545854462E-5
2,131;713,9.797861199136426E-5
2,346;555,9.791327168253359E-5
2,312;356,9.787642810698451E-5
2,29;224,-9.787241862513025E-5
2,845;993,9.782532668294081E-5
2,41;387,-9.778320566160784E-5
2,92;542,-9.778205320129468E-5
2,693;727,9.777358995140912E-5
2,335;347,9.769244389304183E-5
2,376;982,9.760155002910052E-5
2,167;710,-9.758894456143944E-5
2,255;835,-9.758047204684639E-5
2,445;594,-9.753724148303375E-5
2,104;778,9.751521246858102E-5
2,358;729,-9.751137362488633E-5
2,87;327,-9.748368740785593E-5
2,451;919,-9.74768739980699E-5
2,499;760,-9.746398017996889E-5
2,745;970,-9.7391040138362E-5
2,19;185,-9.736630764435045E-5
2,69;496,9.73014272886482E-5
2,185;377,-9.725875868434817E-5
2,566;941,-9.724548906200684E-5
2,249;742,9.723115430719817E-5
2,626;722,-9.716833971533078E-5
2,511;681,9.716058577717404E-5
2,484;885,-9.712457911705101E-5
2,74;307,9.712201449796176E-5
2,186;968,-9.709351123507981E-5
2,392;597,-9.709146548880387E-5
2,40;958,-9.708879113805257E-5
2,358;773,9.70876674711979E-5
2,613;760,9.699210369518456E-5
2,307;773,9.69533558019331E-5
2,394;581,9.689747414701236E-5
2,207;420,-9.683836283033031E-5
2,132;938,9.679660040821375E-5
2,738;745,-9.666418314337145E-5
2,290;719,-9.665870391035811E-5
2,325;380,-9.661332362900918E-5
2,333;944,-9.653768107369443E-5
2,594;845,-9.643223094287232E-5
2,540;577,-9.636681736494834E-5
2,367;573,-9.632559429665414E-5
2,162;819,9.632223241958937E-5
2,15;956,-9.628104418074112E-5
2,305;969,9.62719822954111E-5
2,189;614,-9.621895064820391E-5
2,70;470,9.621001168346759E-5
2,284;813,-9.615615408350564E-5
2,86;900,9.612541369418383E-5
2,225;371,-9.61185699619474E-5
2,565;781,9.610237594912179E-5
2,122;363,9.605012579155515E-5
2,739;815,-9.604074459097844E-5
2,451;879,9.603722474727205E-5
2,446;934,-9.599307594940903E-5
2,491;678,9.594319445835922E-5
2,605;877,9.58982983065706E-5
2,396;640,9.586056314241347E-5
2,30;458,9.574928905279642E-5
2,498;515,9.574447073280008E-5
2,462;757,-9.571121435606902E-5
2,172;450,9.570875016746638E-5
2,454;803,9.565868716432515E-5
2,640;712,-9.56205484483832E-5
2,33;441,-9.561886444124712E-5
2,778;999,9.560869424659773E-5
2,147;226,-9.550097566443716E-5
2,13;289,-9.543582857039647E-5
2,70;649,-9.543394483396583E-5
2,202;748,-9.536168163245207E-5
2,927;977,9.519987876112173E-5
2,82;453,9.511907056973388E-5
2,229;982,9.510806717838502E-5
2,367;820,-9.507700569113689E-5
2,449;874,9.507300237926251E-5
2,388;857,-9.504674659586743E-5
2,130;624,-9.500966531915724E-5
2,905;980,9.494397761953487E-5
2,500;887,9.491745233382731E-5
2,335;388,9.48953496629661E-5
2,60;355,9.476310268151053E-5
2,309;975,-9.473131381015113E-5
2,455;712,9.466260363750779E-5
2,402;799,9.465443895540698E-5
2,45;864,9.462769942159932E-5
2,301;523,9.455783181648739E-5
2,337;426,-9.45151201266234E-5
2,177;480,-9.450441263819579E-5
2,175;333,-9.445814864795909E-5
2,787;913,-9.444841866278653E-5
2,107;469,-9.44260400997551E-5
2,90;437,9.438895178100811E-5
2,66;334,-9.435678127773752E-5
2,714;937,-9.43056707775201E-5
2,51;273,-9.424893217114185E-5
2,0;131,-9.422573115832553E-5
2,517;648,9.420242521298698E-5
2,371;680,-9.416760630693483E-5
2,265;920,-9.416431084196595E-5
2,579;869,9.415799369911377E-5
2,477;808,9.415246092567458E-5
2,723;991,-9.414697044029136E-5
2,39;923,9.410060677994416E-5
2,622;637,9.407859845488889E-5
2,115;833,-9.394109210932277E-5
2,123;519,9.393144631339457E-5
2,84;877,-9.391920024879481E-5
2,654;671,9.389462424612068E-5
2,270;676,9.387506600231138E-5
2,162;262,-9.385644676390734E-5
2,92;98,-9.37941724020716E-5
2,663;669,-9.373194018558878E-5
2,145;638,-9.372524209175933E-5
2,120;490,-9.370743371163373E-5
2,448;496,-9.36724378532194E-5
2,758;807,-9.364670066538806E-5
2,658;804,9.364591011724993E-5
2,234;282,9.362310528659499E-5
2,444;735,9.360943676688024E-5
2,64;605,9.34613949954958E-5
2,184;623,-9.343415967925479E-5
2,105;711,9.340140564304834E-5
2,728;872,9.340057545712803E-5
2,532;978,-9.336918037383016E-5
2,784;849,-9.336284840542621E-5
2,44;890,-9.333024736663121E-5
2,196;610,-9.32896287496783E-5
2,392;915,-9.327984644252077E-5
2,78;763,-9.326075664925954E-5
2,67;854,-9.316356273088682E-5
2,504;975,-9.316086532935583E-5
2,183;851,-9.315426506445854E-5
2,233;919,-9.31128469598615E-5
2,718;739,9.309365244970297E-5
2,68;854,9.305979907157008E-5
2,546;855,9.30132227651688E-5
2,182;662,9.29552740445928E-5
2,263;500,-9.294001524741194E-5
2,323;337,-9.293828789185693E-5
2,217;422,9.289145658287847E-5
2,29;675,-9.282313033008046E-5
2,925;939,-9.281933873229093E-5
2,417;632,9.279337892037376E-5
2,12;310,9.27803870723404E-5
2,565;994,9.264230341678466E-5
2,426;935,9.258860798305267E-5
2,33;797,-9.256734837414406E-5
2,219;601,-9.250971168711761E-5
2,321;740,9.243623770730671E-5
2,69;832,-9.237385693557287E-5
2,202;957,-9.236126780279301E-5
2,926;935,-9.235030666945737E-5
2,27;575,9.23276210212314E-5
2,32;633,-9.223262572156008E-5
2,171;647,-9.221743758240319E-5
2,852;902,9.216768534394143E-5
2,746;767,9.207674571131551E-5
2,808;830,9.205271924957657E-5
2,157;878,9.198499164632155E-5
2,646;998,-9.193148149691708E-5
2,368;849,9.193021685789549E-5
2,220;463,-9.187060179316287E-5
2,293;631,9.186794374893998E-5
2,226;908,-9.186472166933434E-5
2,56;748,9.185279057423601E-5
2,191;936,-9.183942960865433E-5
2,238;471,9.182873142121286E-5
2,781;830,-9.175028805426173E-5
2,298;698,-9.167424632833276E-5
2,729;934,9.163321355869407E-5
2,822;966,9.157135942051403E-5
2,434;665,9.148827768224408E-5
2,100;795,-9.135423078886935E-5
2,646;856,9.131543443122273E-5
2,85;534,-9.13143704999652E-5
2,256;714,9.129957414057344E-5
2,670;723,-9.127460465468158E-5
2,695;894,9.1217905883479E-5
2,191;889,9.119209471192541E-5
2,468;776,9.114369117747934E-5
2,310;686,9.108414095051712E-5
2,63;731,9.101747965464707E-5
2,304;596,-9.100285278120578E-5
2,939;997,9.09908582618088E-5
2,767;805,9.093234629550475E-5
2,555;761,9.09200002391308E-5
2,110;471,-9.090193956809076E-5
2,265;965,9.089799336810501E-5
2,50;75,-9.089097304656416E-5
2,182;298,9.086952131690968E-5
2,651;881,9.083786518519866E-5
2,540;933,-9.075176622022648E-5
2,610;624,9.071088487196103E-5
2,207;558,-9.057422238250235E-5
2,209;662,-9.056234548790278E-5
2,356;546,9.053794623728631E-5
2,373;645,9.053747262373567E-5
2,108;993,-9.053384412160513E-5
2,572;847,-9.050797236698862E-5
2,137;592,-9.049035145716602E-5
2,65;109,-9.041960030512044E-5
2,277;799,9.040724954406424E-5
2,343;548,-9.039973796504373E-5
2,505;515,-9.031272932774415E-5
2,528;610,9.030035553642727E-5
2,22;930,-9.028938008750753E-5
2,434;555,-9.023770782219667E-5
2,419;662,9.023098113576784E-5
2,193;865,9.014150847977729E-5
2,364;844,-9.01296953553371E-5
2,42;722,9.011082306644966E-5
2,27;815,-9.007093436470336E-5
2,425;617,9.006648325071854E-5
2,230;538,-9.0039373098666E-5
2,56;992,9.0038319397079E-5
2,46;293,-8.999917057733718E-5
2,466;821,8.99909894782803E-5
2,12;334,-8.994441527058706E-5
2,672;933,8.992351778348953E-5
2,50;250,-8.988927472863865E-5
2,797;819,-8.981106243042469E-5
2,627;883,-8.97865261460299E-5
2,229;376,8.978278773212915E-5
2,774;840,8.977239734475243E-5
2,703;835,8.976681889712418E-5
2,255;553,8.976548414108287E-5
2,43;100,8.975105003589377E-5
2,587;753,-8.973509088687053E-5
2,90;822,8.973015459164086E-5
2,758;913,8.966120317236077E-5
2,32;796,-8.962930957351983E-5
2,282;661,-8.95854595313456E-5
2,417;970,-8.955743974740262E-5
2,706;964,8.941574734277635E-5
2,54;140,8.941534134657778E-5
2,248;480,8.936458614352644E-5
2,409;746,-8.931757552701707E-5
2,222;909,8.931116801166072E-5
2,58;854,-8.921207950547283E-5
2,397;561,-8.919377185751701E-5
2,7;584,-8.91764429645471E-5
2,566;861,-8.914462487606354E-5
2,171;776,8.913722556989056E-5
2,945;973,8.909184726075781E-5
2,98;617,8.908735770505938E-5
2,98;123,-8.907581564750917E-5
2,807;939,8.904991367469683E-5
2,175;183,-8.901713167760594E-5
2,289;592,-8.898210089436224E-5
2,316;873,8.891034150398975E-5
2,5;671,8.88899118771304E-5
2,164;255,8.88637357914021E-5
2,303;347,-8.883647594340468E-5
2,32;646,-8.88114168740194E-5
2,658;730,-8.880378127213649E-5
2,537;585,-8.877251776074244E-5
2,200;837,-8.870675432388106E-5
2,799;922,-8.865279017588764E-5
2,303;962,8.863493584669376E-5
2,493;614,8.8627507157356E-5
2,299;645,8.861267941385453E-5
2,93;264,-8.861265056207272E-5
2,364;742,8.860493682638248E-5
2,24;555,-8.857889989277678E-5
2,186;629,-8.856007832637472E-5
2,147;640,8.852743657091253E-5
2,667;982,8.8518734171233E-5
2,567;648,-8.845298895809841E-5
2,900;964,8.843563105154467E-5
2,542;806,8.833849350376321E-5
2,527;992,8.831400602491438E-5
2,756;990,-8.82903758806944E-5
2,48;548,-8.825434074891427E-5
2,88;191,-8.822691071272095E-5
2,661;860,-8.820635635379055E-5
2,121;404,8.814802325139065E-5
2,482;773,8.814683507299597E-5
2,270;442,8.81394084740581E-5
2,121;851,-8.803535453947664E-5
2,767;990,8.801784066214297E-5
2,547;611,-8.798845620867746E-5
2,133;378,8.796635755942341E-5
2,808;897,8.795348276026672E-5
2,328;627,8.791525906241148E-5
2,518;738,-8.791380807105181E-5
2,309;592,8.78476288574862E-5
2,348;798,-8.78144058455902E-5
2,53;484,-8.780198864156538E-5
2,48;802,8.777850620813627E-5
2,45;850,8.775349007223214E-5
2,304;627,-8.772879191277475E-5
2,875;944,8.767530639703072E-5
2,178;243,-8.764992887786579E-5
2,288;302,8.761671396595912E-5
2,749;992,8.759922623122723E-5
2,236;996,-8.758145894511176E-5
2,94;672,8.747096507902744E-5
2,561;705,-8.743660770113332E-5
2,46;456,8.7333906721154E-5
2,80;958,-8.729430770374205E-5
2,161;669,-8.726937470266762E-5
2,489;989,8.724928065072704E-5
2,372;420,-8.707393220063926E-5
2,465;810,8.707207935060208E-5
2,432;967,8.70641722928093E-5
2,89;345,8.704699590343957E-5
2,704;842,-8.704402607659637E-5
2,43;164,8.689528511097574E-5
2,247;472,-8.689411039469572E-5
2,640;995,-8.683904281189907E-5
2,128;930,-8.682421939571364E-5
2,165;295,-8.680139469583775E-5
2,496;883,8.679693385398588E-5
2,514;771,8.678303500524192E-5
2,30;623,-8.677125971869623E-5
2,246;740,-8.676868124730619E-5
2,201;944,-8.674300394813165E-5
2,215;695,8.672953819684895E-5
2,456;897,-8.669076399873113E-5
2,273;508,-8.668661372432909E-5
2,392;893,8.667821878653784E-5
2,726;981,-8.667358334306977E-5
2,850;898,8.661867877394015E-5
2,104;210,-8.656552274589661E-5
2,104;909,-8.654905346203997E-5
2,514;694,-8.650748989304879E-5
2,273;575,8.64496127848612E-5
2,371;629,8.644518029126938E-5
2,176;571,-8.63896233936696E-5
2,207;842,8.638359818208881E-5
2,271;389,-8.636433652002837E-5
2,725;933,8.631649174117811E-5
2,543;880,-8.618223785598808E-5
2,272;391,-8.610138952788581E-5
2,433;645,8.608424980096989E-5
2,890;894,-8.606178457332695E-5
2,72;468,-8.603445141358645E-5
2,39;317,8.603061826353859E-5
2,555;735,-8.601868467905746E-5
2,527;696,8.600635635578574E-5
2,817;961,8.600513499744255E-5
2,340;986,8.598724710432165E-5
2,390;648,8.596778766678498E-5
2,438;595,8.592162426380182E-5
2,374;461,-8.587484378928187E-5
2,191;581,-8.586319815249937E-5
2,288;531,8.577383340082443E-5
2,272;437,-8.576539635809995E-5
2,150;341,8.575346068319315E-5
2,56;213,8.569429711425529E-5
2,217;985,-8.568769614955483E-5
2,90;975,-8.56869648422888E-5
2,190;210,8.564042321345771E-5
2,555;723,8.556539951645991E-5
2,220;739,-8.554999285941989E-5
2,608;715,-8.548062739835557E-5
2,360;722,8.544736255184771E-5
2,667;850,8.542259236075628E-5
2,659;858,-8.538297863423779E-5
2,851;892,8.51832923801125E-5
2,164;408,8.504371270785582E-5
2,58;144,-8.503785927984719E-5
2,306;610,8.502305058574623E-5
2,72;796,8.497650834062664E-5
2,180;605,8.496935753539217E-5
2,281;900,-8.494241082158343E-5
2,529;994,-8.489217427543366E-5
2,335;662,-8.480975378033622E-5
2,553;704,-8.471312035769568E-5
2,19;943,8.465968349834022E-5
2,104;387,8.463432588776124E-5
2,25;338,8.453154166624613E-5
2,232;856,-8.45275165491702E-5
2,196;754,8.448578566261083E-5
2,444;452,-8.445165245422964E-5
2,513;887,-8.439022629014898E-5
2,69;73,-8.427065036985154E-5
2,55;657,8.425504000744736E-5
2,304;320,-8.425426113802612E-5
2,193;420,-8.424994315531556E-5
2,36;388,8.421710618720479E-5
2,64;351,8.415322751281606E-5
2,711;713,-8.414589949056253E-5
2,73;755,-8.412851672913448E-5
2,861;958,8.411288319251088E-5
2,167;173,-8.402286131598748E-5
2,603;956,8.378853789038027E-5
2,521;734,8.377276847236564E-5
2,542;596,8.375276403561324E-5
2,600;824,8.373660506945304E-5
2,101;918,-8.37056244987203E-5
2,59;197,8.368345233538992E-5
2,252;308,-8.361333296380055E-5
2,651;774,-8.355119224356877E-5
2,234;668,-8.35250569247007E-5
2,162;897,8.351522795881775E-5
2,264;762,8.351126159575404E-5
2,129;290,-8.348716934134007E-5
2,131;163,-8.3467183241822E-5
2,249;891,-8.342245089967436E-5
2,568;874,8.341766183214073E-5
2,96;147,8.331975970406621E-5
2,395;983,-8.330023772103266E-5
2,125;862,8.32267672159909E-5
2,132;988,-8.319952756549376E-5
2,479;735,-8.312994994468911E-5
2,164;210,-8.311527989856553E-5
2,70;345,8.310242298622877E-5
2,194;975,-8.306670675176916E-5
2,277;638,-8.303442706034933E-5
2,667;995,-8.303388964782438E-5
2,42;921,-8.300892618825523E-5
2,56;106,8.299562162580762E-5
2,284;704,-8.298433245421187E-5
2,15;917,8.297527722367518E-5
2,678;751,-8.29051961254311E-5
2,114;397,8.289021257492584E-5
2,75;415,8.285281955408344E-5
2,382;671,8.283068041430814E-5
2,866;868,8.277365974153537E-5
2,228;835,-8.270942206331245E-5
2,161;820,-8.267447655413804E-5
2,787;893,-8.263764099013193E-5
2,55;901,8.260851670378916E-5
2,99;132,-8.259680726450296E-5
2,30;676,-8.256656433661147E-5
2,845;961,-8.2542170822415E-5
2,604;736,8.252217990484442E-5
2,525;674,-8.25067303827764E-5
2,151;661,8.247567244012451E-5
2,27;648,-8.242277721368858E-5
2,205;906,8.238704196353487E-5
2,263;813,-8.23858329992932E-5
2,696;991,8.237736555642866E-5
2,536;928,-8.228551028980946E-5
2,499;979,-8.228173428257197E-5
2,436;551,8.226692790584128E-5
2,411;997,-8.226328781355461E-5
2,796;877,8.222852225470204E-5
2,353;998,-8.215053505020776E-5
2,719;887,-8.209335437632873E-5
2,31;143,8.204324534022531E-5
2,537;866,8.20185177139651E-5
2,619;997,8.195773394761669E-5
2,659;920,-8.195546771092547E-5
2,470;977,8.195389443076735E-5
2,245;450,-8.192750701474005E-5
2,183;225,-8.191770116221009E-5
2,299;828,8.185849001005823E-5
2,392;614,-8.184027573799158E-5
2,485;924,-8.18392009759686E-5
2,515;940,-8.182254895840163E-5
2,546;747,-8.181202853157562E-5
2,217;764,-8.180947741175615E-5
2,241;263,8.175421529844872E-5
2,208;329,8.175188562638074E-5
2,456;586,-8.170343039691978E-5
2,113;549,8.169799700292682E-5
2,853;960,8.167529415392432E-5
2,266;799,8.167463400280398E-5
2,732;956,-8.15661338130516E-5
2,214;818,8.15525704670057E-5
2,71;393,-8.154869079178209E-5
2,302;900,-8.151388253474665E-5
2,164;450,-8.15109637855921E-5
2,871;877,-8.149195615791578E-5
2,15;768,-8.145595448542326E-5
2,413;687,-8.140677531710406E-5
2,29;622,8.13751352817916E-5
2,113;915,8.137453637976502E-5
2,101;433,8.137396859875453E-5
2,56;861,-8.13610433123221E-5
2,504;805,-8.134777613696082E-5
2,41;434,-8.133071676449134E-5
2,25;234,-8.124852354045107E-5
2,31;738,-8.124324919949038E-5
2,187;225,-8.124288368582428E-5
2,222;489,8.124180899279766E-5
2,59;330,8.121535687715065E-5
2,50;770,-8.120531217704125E-5
2,252;833,8.119029126952066E-5
2,595;923,8.118116628217689E-5
2,808;953,-8.111829159031861E-5
2,80;948,-8.108576841341767E-5
2,2;196,-8.105161881648728E-5
2,269;528,8.103136605107876E-5
2,88;220,8.098812210832697E-5
2,300;848,8.096047254536462E-5
2,64;534,-8.093752825717138E-5
2,29;785,8.093282691190279E-5
2,1;404,8.087826527927711E-5
2,307;572,-8.084183472903999E-5
2,547;771,8.083160130368366E-5
2,257;681,8.07800549456778E-5
2,428;486,-8.076792986536341E-5
2,283;716,-8.074777619027056E-5
2,347;695,8.073073661401098E-5
2,28;484,-8.070975848696937E-5
2,872;961,8.070812849475867E-5
2,767;803,8.066421940970389E-5
2,166;896,-8.065779261395645E-5
2,510;629,-8.061069513111103E-5
2,778;830,8.054787996582032E-5
2,95;349,8.052315453508555E-5
2,317;371,-8.052296612700522E-5
2,11;566,-8.041849893225864E-5
2,753;913,-8.039116318004223E-5
2,564;629,-8.034084005264017E-5
2,177;337,8.03116814871581E-5
2,610;765,-8.030798655559984E-5
2,729;873,8.019045298223668E-5
2,0;713,-8.014920330839652E-5
2,271;346,8.01329305382246E-5
2,226;438,-8.012929494533835E-5
2,251;596,8.011853704620671E-5
2,192;827,-8.011027058126068E-5
2,745;761,8.010504733449592E-5
2,540;869,-8.00778310161805E-5
2,140;592,8.005047079168033E-5
2,159;214,-8.004882979368608E-5
2,679;694,-8.004267270537497E-5
2,500;593,8.000972877194692E-5
2,149;902,-8.000309490498467E-5
2,213;877,-7.992955092433488E-5
2,955;970,-7.991731369044003E-5
2,83;472,-7.98793243724302E-5
2,543;740,-7.983107900445044E-5
2,371;601,7.971839339237321E-5
2,140;792,7.971733288816301E-5
2,895;939,7.969382978335798E-5
2,388;965,7.965854957493133E-5
2,730;848,-7.96360083364178E-5
2,430;643,-7.960657713829531E-5
2,370;530,-7.960034725181833E-5
2,47;970,7.94639861346069E-5
2,104;790,7.942417279975675E-5
2,272;738,-7.940736237827818E-5
2,128;942,7.939022883162742E-5
2,230;676,7.938606626873502E-5
2,732;939,-7.934217348965705E-5
2,754;895,-7.933631330520399E-5
2,568;576,-7.933626417501116E-5
2,333;623,-7.9307058274373E-5
2,566;976,7.926196894229406E-5
2,191;801,-7.919246892564935E-5
2,416;696,7.91656547191189E-5
2,813;906,-7.910812561109468E-5
2,647;679,7.90103649421703E-5
2,799;826,7.895957640196973E-5
2,236;635,-7.894058365456438E-5
2,630;817,7.893919302058211E-5
2,259;875,7.886836034951515E-5
2,658;934,7.88188018682989E-5
2,632;683,7.873866536375212E-5
2,309;505,-7.872479848147616E-5
2,261;868,-7.872115736096633E-5
2,30;602,-7.871074513032483E-5
2,655;923,7.865184382369762E-5
2,48;569,-7.861267569041283E-5
2,615;761,-7.852774709367574E-5
2,463;860,7.852583718332798E-5
2,337;496,7.850323766021248E-5
2,234;524,7.848911737167461E-5
2,41;645,7.848535350338526E-5
2,13;97,-7.844463019735865E-5
2,357;704,7.840511358688812E-5
2,709;920,-7.83741351848397E-5
2,157;235,-7.835481929784733E-5
2,48;856,7.835221069408949E-5
2,539;575,-7.83223178072601E-5
2,540;809,-7.831213465490568E-5
2,93;987,7.825839178645305E-5
2,175;290,7.82512035850397E-5
2,613;693,7.818381159317433E-5
2,683;824,-7.817798418460609E-5
2,248;356,-7.814363479900649E-5
2,160;551,-7.810950641615217E-5
2,296;968,7.8081947887632E-5
2,103;725,7.80707816077226E-5
2,662;718,7.805908806198145E-5
2,381;994,7.804187269303462E-5
2,519;943,7.798745061861843E-5
2,750;759,7.79676831001405E-5
2,466;773,7.79353550145548E-5
2,326;755,7.791767200547748E-5
2,435;824,-7.7900122678912E-5
2,56;291,-7.787470894154641E-5
2,348;793,-7.78570898031958E-5
2,365;745,7.785501376395465E-5
2,671;965,-7.782748080464175E-5
2,297;597,7.775174529929057E-5
2,309;952,7.77062927072963E-5
2,366;790,7.770525590200698E-5
2,13;45,-7.769539658062523E-5
2,265;367,-7.769285791298353E-5
2,387;790,7.767194427113246E-5
2,690;819,-7.764417799551595E-5
2,517;567,7.762784362378568E-5
2,416;630,-7.76197639155227E-5
2,478;781,7.761866909411884E-5
2,501;525,7.76056568990861E-5
2,9;885,-7.758179497558346E-5
2,122;468,-7.756533804151776E-5
2,213;303,-7.754544641926931E-5
2,470;817,-7.753369490057487E-5
2,513;926,7.750807781937092E-5
2,457;966,-7.746938144621923E-5
2,334;651,-7.742079222297987E-5
2,111;756,-7.73753847881318E-5
2,20;722,-7.737260630818877E-5
2,161;684,7.7365384997378E-5
2,444;868,-7.734931053094432E-5
2,27;586,7.733875057561407E-5
2,297;548,7.733655904820572E-5
2,207;528,-7.731710452240918E-5
2,25;347,7.724914109482577E-5
2,459;605,-7.724852554478924E-5
2,627;878,-7.720853768037979E-5
2,666;982,7.720439529715291E-5
2,197;330,7.718480975850995E-5
2,207;644,-7.713990863245356E-5
2,162;333,7.709294346488998E-5
2,780;988,7.709245990792255E-5
2,619;722,-7.707537703622173E-5
2,186;306,-7.707438979821705E-5
2,273;480,7.707046444276356E-5
2,534;692,7.706641290519805E-5
2,532;960,7.705836772029882E-5
2,599;777,-7.705761487884195E-5
2,8;596,-7.705028624400115E-5
2,367;684,7.702803220552623E-5
2,515;855,-7.702419598083521E-5
2,769;887,-7.700826539907932E-5
2,446;839,7.699738756490119E-5
2,19;337,7.699413916959817E-5
2,184;228,-7.699017732429811E-5
2,76;150,7.696513288363996E-5
2,596;892,7.694880505498803E-5
2,482;894,-7.694432170920634E-5
2,300;672,-7.691496268561604E-5
2,198;887,7.690212845844933E-5
2,4;249,7.689082013883378E-5
2,436;674,-7.688413237711585E-5
2,309;553,7.686436391262469E-5
2,317;852,7.675277883169697E-5
2,194;287,-7.666995358778353E-5
2,221;333,-7.666289472682086E-5
2,332;935,-7.662430702267764E-5
2,234;945,7.655314813861636E-5
2,260;965,7.65125869650444E-5
2,821;869,7.644689541332692E-5
2,56;477,-7.643765463803595E-5
2,73;559,-7.641648970903215E-5
2,79;788,-7.641406380001959E-5
2,501;907,7.640848866649967E-5
2,323;493,-7.64067485671573E-5
2,650;797,7.638925709233549E-5
2,84;263,7.638205038336769E-5
2,631;985,-7.63779609782101E-5
2,584;812,-7.635469631881509E-5
2,563;774,-7.634877989087721E-5
2,337;699,7.63446507242333E-5
2,374;380,-7.63294434692573E-5
2,122;629,-7.63197152314542E-5
2,639;819,-7.628724119308297E-5
2,111;922,7.627801018008395E-5
2,753;787,-7.627595173751558E-5
2,536;747,-7.627141823918599E-5
2,69;239,7.626913760610599E-5
2,311;578,-7.626232203741236E-5
2,353;830,-7.626128489736066E-5
2,153;332,7.619416773274964E-5
2,413;501,7.618297370498278E-5
2,73;714,7.617350337244794E-5
2,336;988,-7.611238560223327E-5
2,263;921,-7.607953244996182E-5
2,544;826,7.607612656774704E-5
2,84;751,7.607611511582819E-5
2,286;975,7.604363483184226E-5
2,286;623,-7.599951377692277E-5
2,280;510,-7.599077404242501E-5
2,109;786,7.598222358141166E-5
2,451;502,-7.591877759619329E-5
2,63;290,7.590921707638637E-5
2,185;288,-7.58427992380758E-5
2,75;783,7.582015140752176E-5
2,168;505,7.57943929462423E-5
2,325;936,-7.578934770112176E-5
2,498;768,7.574444191973479E-5
2,294;570,-7.573035705668565E-5
2,56;381,-7.570601667512985E-5
2,93;401,-7.568118634039209E-5
2,249;770,7.567838425591439E-5
2,638;750,7.56606428200233E-5
2,98;995,-7.558721454587229E-5
2,69;755,7.558365942318199E-5
2,334;655,7.557873977472938E-5
2,303;888,-7.556469985549243E-5
2,252;771,7.551532904867161E-5
2,212;848,7.551133421629329E-5
2,547;851,7.55091795473731E-5
2,484;631,-7.546802416987278E-5
2,261;823,7.546363172677664E-5
2,611;944,-7.54625610792413E-5
2,262;377,-7.542272285553165E-5
2,109;548,7.540968385911418E-5
2,95;577,7.540447364543637E-5
2,729;848,-7.539490081326939E-5
2,165;227,-7.536025618613495E-5
2,238;700,-7.53351361727527E-5
2,162;808,7.533138767808317E-5
2,497;555,-7.531582941617091E-5
2,421;451,7.52848768185161E-5
2,644;876,-7.527746372955273E-5
2,205;636,7.526656459522088E-5
2,1;467,-7.523291657438377E-5
2,267;299,7.522794589844994E-5
2,335;718,-7.521309379455794E-5
2,190;756,-7.521224550647735E-5
2,262;768,7.520401401538418E-5
2,182;697,-7.519494775280646E-5
2,691;956,-7.51586999581321E-5
2,406;543,-7.512131245301286E-5
2,396;846,-7.511912512265267E-5
2,611;759,7.511723182685548E-5
2,405;898,-7.510756503943065E-5
2,34;816,-7.508539382375149E-5
2,256;833,-7.507915631770218E-5
2,368;694,7.505450020143511E-5
2,344;632,7.501592881932743E-5
2,226;878,-7.501554469316843E-5
2,132;963,7.500136588655193E-5
2,417;625,7.49861688113289E-5
2,663;844,7.496263720706342E-5
2,390;500,-7.492999704356898E-5
2,367;712,7.491951298651788E-5
2,370;379,-7.491144865069078E-5
2,489;615,-7.490665085157117E-5
2,655;666,-7.49062008177288E-5
2,271;544,-7.489508166798387E-5
2,438;709,7.484629269441688E-5
2,68;514,-7.479213228442912E-5
2,6;645,-7.474532763258646E-5
2,483;905,-7.474099505094104E-5
2,329;332,-7.471462581997923E-5
2,659;853,7.467065141801345E-5
2,77;820,-7.466920070388057E-5
2,396;804,-7.466731713660004E-5
2,538;860,7.463647755794669E-5
2,570;682,-7.461554396454428E-5
2,765;998,-7.457579773596341E-5
2,16;789,7.446281295623067E-5
2,555;615,7.446111024834842E-5
2,223;902,7.441811549641498E-5
2,348;480,-7.44075238658564E-5
2,25;871,7.438571857617756E-5
2,41;715,-7.434354362546001E-5
2,309;835,7.43384531989701E-5
2,286;563,-7.433286198309005E-5
2,479;928,-7.42899733052407E-5
2,168;351,7.425310670251136E-5
2,23;866,7.414004212028569E-5
2,191;220,-7.413213613483747E-5
2,50;712,7.407297856466022E-5
2,113;162,-7.401696650359752E-5
2,697;868,-7.400833638533152E-5
2,221;395,7.399111507081184E-5
2,75;626,7.39540189282164E-5
2,122;500,-7.392305043082078E-5
2,857;868,7.388258120620774E-5
2,378;752,-7.381117482537765E-5
2,97;239,-7.377652070322605E-5
2,164;680,7.371299322592508E-5
2,359;868,7.364519602121618E-5
2,64;360,-7.364035989652326E-5
2,213;661,7.361024728126146E-5
2,273;546,7.36032224287518E-5
2,114;287,7.355406239657221E-5
2,103;890,-7.347777281533995E-5
2,718;777,7.346612772330904E-5
2,745;966,7.34107803553907E-5
2,293;970,-7.336063184204514E-5
2,294;531,7.335486552176879E-5
2,198;943,7.334987227315295E-5
2,281;659,-7.332580916569978E-5
2,493;785,-7.32282660588487E-5
2,857;885,-7.319972425480351E-5
2,184;854,7.311617514412888E-5
2,320;966,7.311186352379422E-5
2,160;350,-7.310970032991469E-5
2,271;618,7.308568400096857E-5
2,754;939,7.30841548563837E-5
2,501;777,-7.302673476134064E-5
2,92;298,7.30231471358023E-5
2,463;843,-7.298495410128094E-5
2,365;875,-7.297878692849088E-5
2,5;725,7.292703041215554E-5
2,426;943,-7.289384249643749E-5
2,622;996,-7.288798566028199E-5
2,685;877,7.288491163942923E-5
2,31;230,7.282943295072553E-5
2,768;808,7.276507139915364E-5
2,90;455,7.271781720369911E-5
2,442;907,-7.271661620825304E-5
2,661;826,7.265155355183392E-5
2,596;996,7.259437491355752E-5
2,81;629,7.253295665710443E-5
2,728;997,7.24875627705327E-5
2,857;899,-7.241098980731176E-5
2,299;373,-7.241061759669962E-5
2,59;983,7.240166270152793E-5
2,226;973,-7.238660909745865E-5
2,598;906,7.236629424783624E-5
2,6;339,-7.235311297543989E-5
2,919;943,7.234399073848014E-5
2,379;530,7.232533412769765E-5
2,698;851,7.232344199899573E-5
2,262;460,7.225545396208158E-5
2,180;730,7.219336173547414E-5
2,286;952,7.218238120275023E-5
2,496;733,-7.214440861577925E-5
2,730;813,-7.210254078179591E-5
2,687;951,7.208698160186083E-5
2,605;888,-7.204014017282343E-5
2,95;493,-7.201057022098599E-5
2,384;815,7.198107054738109E-5
2,395;458,-7.195179201842833E-5
2,658;815,7.195020857391202E-5
2,511;567,7.192908180223951E-5
2,518;817,-7.191885897468341E-5
2,411;897,-7.18785648893916E-5
2,257;471,7.181776742210375E-5
2,217;432,-7.181530215457338E-5
2,40;799,-7.181394169213678E-5
2,83;726,-7.177089922666108E-5
2,740;786,-7.176366780804782E-5
2,37;160,-7.172405129820628E-5
2,263;946,-7.171557834525136E-5
2,275;751,7.170064592918862E-5
2,581;903,-7.169742415757934E-5
2,759;886,-7.166931043030472E-5
2,423;845,7.162114219375263E-5
2,443;716,7.161859278290363E-5
2,6;328,-7.158897578906045E-5
2,806;915,-7.147948210498692E-5
2,65;268,7.146579436217515E-5
2,753;819,7.146563489821642E-5
2,535;889,7.142296554262138E-5
2,573;966,7.141336310805843E-5
2,273;279,7.139240554714133E-5
2,45;289,7.138786942436194E-5
2,27;618,7.138618489758795E-5
2,16;537,7.137706185865697E-5
2,563;588,7.136083985116281E-5
2,115;618,7.135564756849775E-5
2,413;924,-7.134585132050442E-5
2,307;818,7.133549512855378E-5
2,223;415,-7.127508471089898E-5
2,234;684,-7.127011640833654E-5
2,7;33,-7.12664670651596E-5
2,627;738,-7.125318321199612E-5
2,739;846,7.119055010388753E-5
2,48;976,-7.116126673977775E-5
2,112;712,7.114015300606592E-5
2,359;668,-7.113038107720457E-5
2,248;348,7.110716984668692E-5
2,231;373,-7.108471778717793E-5
2,207;883,7.105445310999098E-5
2,178;411,7.101931462813033E-5
2,144;568,-7.10040718029081E-5
2,74;106,-7.100310986803967E-5
2,362;470,7.09978411518245E-5
2,16;431,-7.098769373744088E-5
2,293;764,7.097745388281909E-5
2,679;985,7.094229923141367E-5
2,658;839,7.090418219496614E-5
2,146;951,-7.090297502211443E-5
2,403;434,7.089219541145446E-5
2,202;696,7.085325050948579E-5
2,537;601,-7.083854120187717E-5
2,112;267,7.083818443828103E-5
2,281;964,7.080680506401206E-5
2,147;496,-7.079625264196066E-5
2,300;946,-7.07946748372796E-5
2,21;261,-7.077186385514908E-5
2,765;981,-7.07656375350427E-5
2,566;815,-7.075327646966143E-5
2,131;303,7.073143984645666E-5
2,121;610,7.071286008367368E-5
2,267;647,7.065081273064919E-5
2,346;629,-7.063628410310989E-5
2,345;622,-7.059979686429297E-5
2,156;563,-7.058248478375845E-5
2,48;904,7.057266687861434E-5
2,123;633,-7.051721740579012E-5
2,432;987,-7.050866673358632E-5
2,27;516,7.050372936004352E-5
2,446;885,-7.046029737418294E-5
2,48;594,-7.043325343102817E-5
2,373;924,7.041601581865561E-5
2,449;833,-7.041007716114126E-5
2,286;772,-7.037347687459672E-5
2,638;675,-7.030310992835923E-5
2,420;644,-7.025351484934303E-5
2,910;933,7.024774626633834E-5
2,41;346,7.020189113408E-5
2,865;931,7.019181719036469E-5
2,546;970,-7.018873884527081E-5
2,477;768,-7.018707285145802E-5
2,837;964,7.018191052861977E-5
2,20;490,-7.018125648414444E-5
2,622;913,-7.016060318391726E-5
2,34;747,7.013278692974844E-5
2,520;550,7.012552105736838E-5
2,395;535,7.01246651602191E-5
2,71;698,7.010264571599005E-5
2,569;765,-7.009522065775745E-5
2,411;650,-7.004060718089953E-5
2,45;231,7.002420230995559E-5
2,101;541,6.999945645491405E-5
2,523;777,-6.999518672505467E-5
2,337;981,6.995962994034E-5
2,169;733,6.995141514942145E-5
2,157;388,-6.991872792015244E-5
2,629;778,6.990669603674551E-5
2,618;698,-6.987897408564962E-5
2,130;765,-6.985614907624576E-5
2,98;856,6.983770196477457E-5
2,344;438,6.983709461513917E-5
2,528;898,6.981992719259931E-5
2,265;858,-6.980472713453306E-5
2,89;619,6.979638680419206E-5
2,763;988,-6.975510034454447E-5
2,869;959,-6.97334102825715E-5
2,823;908,6.971029420316194E-5
2,225;774,-6.968923838277016E-5
2,917;956,6.965214918309806E-5
2,482;665,6.95781123163315E-5
2,0;253,6.957383097310773E-5
2,411;473,6.953248893380182E-5
2,299;387,-6.95280793359955E-5
2,246;968,6.9518575262837E-5
2,421;833,6.951645005952973E-5
2,381;895,-6.95154890335916E-5
2,860;886,-6.947381882970019E-5
2,639;817,6.944794029432432E-5
2,235;477,-6.943844563238955E-5
2,281;823,-6.943608551334507E-5
2,465;565,6.943115967090518E-5
2,90;438,6.942770186672831E-5
2,53;995,6.938832307343421E-5
2,13;231,-6.938469515183091E-5
2,642;863,6.93791132724192E-5
2,6;49,6.937511315104948E-5
2,118;483,-6.934490129284567E-5
2,545;828,-6.930379355604349E-5
2,93;478,6.930122485643743E-5
2,442;739,-6.903437178970723E-5
2,609;808,6.903058866870679E-5
2,389;421,6.90269763697696E-5
2,556;825,-6.898863967494323E-5
2,169;735,6.889637328153891E-5
2,204;238,6.888034601534648E-5
2,142;958,-6.88448148604238E-5
2,659;767,-6.881017124122668E-5
2,623;961,6.880662723318984E-5
2,735;928,-6.879374577504979E-5
2,202;375,-6.877333374519686E-5
2,465;492,6.876779694357826E-5
2,166;458,-6.868510376284829E-5
2,219;617,-6.868261745949299E-5
2,218;561,-6.8672614374572E-5
2,307;813,-6.8648053759076E-5
2,234;704,6.862240072977133E-5
2,511;948,-6.861954587777954E-5
2,115;150,-6.861763337245241E-5
2,591;890,6.857744640903527E-5
2,464;912,6.85758660330926E-5
2,923;986,-6.855841461444487E-5
2,432;907,-6.854860238759001E-5
2,411;469,-6.850936740450845E-5
2,557;642,-6.850811030380042E-5
2,265;918,-6.8507852180577E-5
2,237;883,6.849036715441863E-5
2,181;997,6.844516120756315E-5
2,711;891,-6.842341680101187E-5
2,187;774,6.839899916585282E-5
2,371;793,6.838645872866857E-5
2,610;621,-6.836825412067121E-5
2,412;928,6.832939833247237E-5
2,154;623,6.830964042990823E-5
2,423;749,6.828855376771831E-5
2,51;225,6.828394907112495E-5
2,8;667,6.825501918260238E-5
2,62;89,6.820772646654077E-5
2,395;601,-6.820002091957849E-5
2,853;920,-6.818731059502706E-5
2,132;254,6.817129920143828E-5
2,37;435,6.816841501829136E-5
2,1;135,-6.816245037971836E-5
2,95;177,-6.81123942834258E-5
2,222;447,-6.80787768725769E-5
2,132;615,-6.806661793990946E-5
2,214;291,6.806635298073905E-5
2,244;949,-6.79726711917835E-5
2,387;965,6.795660867295664E-5
2,86;913,6.79419068524367E-5
2,531;735,-6.791030544569052E-5
2,246;456,6.787082232090863E-5
2,705;987,6.786770627457664E-5
2,195;307,-6.784648337740133E-5
2,127;557,6.782689997032218E-5
2,59;305,6.781240748067894E-5
2,260;463,6.779887149853193E-5
2,132;457,-6.77899844473262E-5
2,14;401,6.771731422331587E-5
2,173;176,-6.768837922883508E-5
2,448;840,-6.768110435071163E-5
2,164;296,-6.767458306861648E-5
2,668;866,6.765414232644008E-5
2,208;555,6.764245359988342E-5
2,793;810,-6.76391837066594E-5
2,26;722,-6.75852515030973E-5
2,115;412,-6.757749759217541E-5
2,574;575,6.750520317208355E-5
2,105;589,-6.73947558386582E-5
2,137;286,6.737513104269698E-5
2,308;860,6.732253288764565E-5
2,211;629,6.724366771877042E-5
2,123;554,6.722740193502778E-5
2,486;933,6.718790348562676E-5
2,182;970,-6.715745119366653E-5
2,683;906,6.711471569399157E-5
2,598;691,6.70900821192318E-5
2,368;866,-6.707612079174033E-5
2,605;611,-6.701782446230806E-5
2,62;817,6.699567969307436E-5
2,708;979,-6.696716546396348E-5
2,388;921,6.69628463999109E-5
2,281;950,6.696112444961423E-5
2,175;448,-6.696071194939181E-5
2,173;917,6.69087581700594E-5
2,118;786,-6.68911947361576E-5
2,558;725,6.685388009764596E-5
2,115;675,6.684633127157514E-5
2,471;960,-6.684521538535024E-5
2,926;927,6.683913039254554E-5
2,438;778,-6.672166355786225E-5
2,69;594,-6.672007336910642E-5
2,903;918,6.669675887597951E-5
2,140;161,6.668312758812726E-5
2,443;471,-6.668146410906098E-5
2,57;901,6.665548715842354E-5
2,296;615,-6.664453101168693E-5
2,715;997,6.66435114913296E-5
2,233;720,6.664216081843996E-5
2,660;836,-6.661937425518123E-5
2,567;979,-6.66151212306233E-5
2,79;723,6.655268024281833E-5
2,429;793,-6.643952173228786E-5
2,681;818,6.636159218960406E-5
2,427;884,-6.630718769750619E-5
2,434;670,-6.6284068249743E-5
2,184;704,6.62808150796033E-5
2,725;986,6.62385664872942E-5
2,820;948,-6.623126174053443E-5
2,309;430,-6.622241893935827E-5
2,63;489,-6.621735957559313E-5
2,265;573,6.621483566448913E-5
2,73;259,6.613628262175036E-5
2,589;671,-6.612985550345393E-5
2,279;464,6.610577506518317E-5
2,198;604,6.610099398944397E-5
2,51;969,6.609777566822851E-5
2,393;708,-6.607650312468842E-5
2,618;851,6.606487182122685E-5
2,952;975,-6.603812740291678E-5
2,288;299,-6.603699928311339E-5
2,478;515,-6.602180143439522E-5
2,620;727,6.601364268284335E-5
2,227;935,6.596439775041734E-5
2,209;718,6.592998099113256E-5
2,654;865,6.592555419672238E-5
2,362;680,-6.58924406022881E-5
2,32;877,-6.587549988242234E-5
2,305;490,-6.587193346091045E-5
2,290;633,6.585502690782232E-5
2,248;374,-6.583362497227339E-5
2,7;795,-6.582604017689023E-5
2,666;842,-6.58221718713671E-5
2,358;492,-6.579832994166893E-5
2,65;507,-6.579136173356915E-5
2,176;921,-6.579070753276662E-5
2,351;537,6.577293479873456E-5
2,106;270,6.573816709770514E-5
2,117;127,6.571750621093113E-5
2,46;711,6.570891148252184E-5
2,761;885,6.563288160879643E-5
2,681;815,6.559908104041312E-5
2,450;674,-6.559624358671512E-5
2,657;974,6.557907863889282E-5
2,286;309,6.554078868442408E-5
2,619;770,6.553102763272194E-5
2,307;323,-6.551776968059678E-5
2,393;587,-6.551672793318586E-5
2,47;641,6.551358508042009E-5
2,351;433,-6.546807426353177E-5
2,270;907,-6.542631555099439E-5
2,256;627,-6.536278414562432E-5
2,314;351,-6.535260704424994E-5
2,286;366,6.535029206493376E-5
2,51;86,-6.533151243222828E-5
2,8;779,-6.5330958361931E-5
2,626;783,-6.532729596547044E-5
2,127;358,-6.532211861385013E-5
2,135;887,-6.53161608494854E-5
2,206;915,6.529613311691576E-5
2,142;890,-6.527229181498966E-5
2,556;604,6.526705327448142E-5
2,103;813,-6.5265841528322E-5
2,39;109,6.525119662815973E-5
2,23;39,6.524112651257813E-5
2,147;623,-6.517591060480677E-5
2,699;787,6.515752312197065E-5
2,6;940,6.509776858975661E-5
2,481;578,-6.507654282025185E-5
2,73;580,-6.505594903499121E-5
2,127;810,6.505531587133196E-5
2,363;888,-6.50494018752814E-5
2,703;859,-6.497456969289436E-5
2,801;907,6.494343161933216E-5
2,369;386,-6.493876058726015E-5
2,59;780,6.492294449591002E-5
2,24;368,6.492181038256198E-5
2,16;404,6.490760488214324E-5
2,625;800,-6.48681483990593E-5
2,374;631,6.482061698605818E-5
2,116;886,-6.481463764030088E-5
2,578;938,-6.478247206162496E-5
2,198;307,6.467265391519961E-5
2,623;850,6.464941881820333E-5
2,113;639,6.462555572164815E-5
2,272;581,-6.458563288889105E-5
2,454;721,6.458508651116826E-5
2,712;788,-6.457985890186641E-5
2,201;631,6.457711442081549E-5
2,6;561,-6.454169722066825E-5
2,88;480,-6.45029105463685E-5
2,212;945,-6.449862998731875E-5
2,928;952,-6.447509243026708E-5
2,112;647,-6.444551309928875E-5
2,472;656,6.443857708909856E-5
2,361;693,-6.440690087065696E-5
2,674;998,-6.440107912546898E-5
2,158;165,-6.439753072945955E-5
2,53;982,-6.43838845654283E-5
2,776;998,-6.43552947070778E-5
2,109;832,6.435209464117734E-5
2,749;966,6.431097514154883E-5
2,263;543,-6.430322162487376E-5
2,354;474,-6.427374793267224E-5
2,117;906,-6.425620461273873E-5
2,90;762,6.421488758632427E-5
2,760;791,-6.420984787725878E-5
2,81;709,-6.418254703668391E-5
2,15;78,6.414936460456607E-5
2,236;803,-6.414184911881993E-5
2,191;249,-6.40762710074444E-5
2,159;541,-6.405723184598952E-5
2,27;522,-6.404026650407357E-5
2,640;675,6.401452155249867E-5
2,500;707,-6.396080083024342E-5
2,19;104,6.392715004061299E-5
2,31;626,6.392563302165031E-5
2,387;854,-6.390612714191823E-5
2,935;958,6.386664562840709E-5
2,226;615,-6.385814343651905E-5
2,48;854,-6.383326695447474E-5
2,197;735,6.373519003082778E-5
2,623;989,6.369413471040812E-5
2,505;540,6.36506917079558E-5
2,892;961,6.361739244174953E-5
2,514;679,6.355379884037909E-5
2,674;856,6.354877015788612E-5
2,686;958,6.352658214524365E-5
2,242;976,-6.349339038440812E-5
2,127;642,-6.348681562602652E-5
2,447;909,-6.34698877658734E-5
2,358;398,-6.340584435405597E-5
2,384;711,-6.340209045703616E-5
2,45;413,6.339785577997506E-5
2,602;802,6.338300062928115E-5
2,489;731,6.337565034648005E-5
2,750;952,-6.33413223126586E-5
2,163;595,-6.333951204204827E-5
2,390;707,-6.329793894039356E-5
2,767;822,6.327630432946044E-5
2,579;959,-6.326356931974782E-5
2,522;848,-6.325121400013206E-5
2,144;885,6.319268490450183E-5
2,358;505,6.319007987775342E-5
2,606;742,-6.313046970750682E-5
2,140;684,-6.310076381096935E-5
2,132;275,-6.308012505508704E-5
2,236;622,6.302602688246201E-5
2,29;514,-6.297621284864916E-5
2,312;953,-6.29611262445351E-5
2,257;397,6.28740330752568E-5
2,627;682,6.286572105042294E-5
2,509;927,-6.286322651833981E-5
2,492;778,-6.28584105321687E-5
2,309;693,6.284394863657872E-5
2,158;397,-6.283426784779329E-5
2,756;838,-6.282879903878908E-5
2,250;609,6.28067427889436E-5
2,343;477,-6.279987130618278E-5
2,49;704,-6.274739915499794E-5
2,157;902,6.27418640526335E-5
2,438;975,6.269892050249248E-5
2,139;346,6.264737037857012E-5
2,477;953,-6.26443856056435E-5
2,265;921,-6.264254559548669E-5
2,178;918,6.261870603788392E-5
2,186;507,-6.26069539028174E-5
2,159;210,-6.259327635093754E-5
2,387;584,-6.25753962993188E-5
2,526;731,-6.25350658527326E-5
2,930;998,6.253240653836111E-5
2,323;480,6.252199759790375E-5
2,368;697,-6.251757405922698E-5
2,36;921,-6.248266355203991E-5
2,27;772,-6.246982714217653E-5
2,264;478,6.246808071329088E-5
2,813;910,-6.24585974992691E-5
2,546;829,6.24292036048535E-5
2,429;810,-6.242121602705103E-5
2,503;850,6.236488772778703E-5
2,363;713,-6.235795869601964E-5
2,311;531,6.23257643826077E-5
2,835;875,-6.229778041994621E-5
2,665;773,-6.228732367770464E-5
2,541;595,6.22811288442929E-5
2,319;874,6.224377704066809E-5
2,82;791,6.222138380863343E-5
2,528;736,-6.22150566981526E-5
2,285;496,6.21507185898996E-5
2,121;944,6.212951924065171E-5
2,0;493,6.212944596326465E-5
2,160;641,-6.21063782089067E-5
2,304;753,-6.209385625102759E-5
2,396;753,6.207746266174032E-5
2,174;680,-6.2072298234228E-5
2,46;713,6.206387725888829E-5
2,569;667,-6.198455642748271E-5
2,493;775,6.197964601616955E-5
2,210;564,6.190953231530001E-5
2,358;707,-6.190223351949293E-5
2,516;917,-6.183894736189425E-5
2,933;966,-6.181382023125724E-5
2,312;910,-6.180627454497772E-5
2,566;570,-6.178196519894065E-5
2,142;252,6.176775296657659E-5
2,451;761,6.174940431822382E-5
2,328;426,6.172944678180306E-5
2,594;728,6.17162117379185E-5
2,1;468,6.170000594907581E-5
2,736;824,6.169187117267139E-5
2,482;868,6.166216036749743E-5
2,56;332,6.165405853070803E-5
2,4;606,6.158534991079671E-5
2,121;491,-6.158365488318347E-5
2,274;910,6.158347369354898E-5
2,76;422,-6.1529907098364E-5
2,330;999,-6.152818923589208E-5
2,530;879,6.15257674776455E-5
2,232;979,-6.149256463183684E-5
2,321;518,-6.144370901387566E-5
2,956;974,6.141730298374035E-5
2,12;289,-6.14000896130433E-5
2,541;991,6.130978383231259E-5
2,555;767,-6.129553832966896E-5
2,728;967,6.128479715623953E-5
2,710;932,6.125073495530362E-5
2,179;918,-6.12495517386786E-5
2,25;601,6.124072841051377E-5
2,196;296,6.119765635869492E-5
2,175;984,6.1141510054218E-5
2,347;388,-6.111654526923195E-5
2,412;683,-6.111342345998094E-5
2,235;860,-6.111315485582484E-5
2,193;654,6.101690211141493E-5
2,339;505,6.099207051132206E-5
2,231;725,-6.0970296688664075E-5
2,123;572,6.0963831226856435E-5
2,161;334,-6.0959607817652163E-5
2,50;675,-6.0941059002160354E-5
2,397;705,6.091314146049767E-5
2,158;751,6.091088654381653E-5
2,836;968,6.0867888828909337E-5
2,421;689,6.083350004996742E-5
2,189;205,-6.0814674429466915E-5
2,423;527,-6.08062017686047E-5
2,53;63,6.076850036619636E-5
2,52;625,6.071758075114465E-5
2,714;993,6.070638105572985E-5
2,395;537,-6.068160679976647E-5
2,214;407,6.0670824256387496E-5
2,771;851,6.066029555495102E-5
2,291;698,6.065859961876138E-5
2,118;487,-6.064964449422535E-5
2,256;409,-6.064674551936238E-5
2,123;617,-6.061642095544975E-5
2,61;491,6.0574585344170717E-5
2,188;640,-6.056172699468514E-5
2,484;660,-6.0528157165400866E-5
2,142;758,6.051773419510684E-5
2,551;939,-6.0508437742607676E-5
2,687;846,6.048480688627898E-5
2,618;648,-6.0454697245845344E-5
2,94;300,6.045367826057523E-5
2,21;198,6.041122657567886E-5
2,800;976,6.040494417422034E-5
2,530;992,6.040433028305251E-5
2,594;681,-6.0345099463148254E-5
2,175;323,6.0333891074357306E-5
2,402;922,6.032453373922737E-5
2,178;605,-6.0291569777863084E-5
2,497;689,-6.027867432325397E-5
2,86;376,6.027571580869896E-5
2,492;615,-6.026124095920577E-5
2,412;415,6.0228932806181744E-5
2,9;987,-6.022412071084145E-5
2,358;406,-6.02144601790606E-5
2,518;968,-6.020338073957411E-5
2,352;869,6.0170934424035884E-5
2,783;900,-6.0167691444106705E-5
2,555;764,-6.016457942896899E-5
2,85;617,6.016186569812619E-5
2,443;800,-6.013616782098749E-5
2,209;815,6.006094390857136E-5
2,856;963,-6.006007706073744E-5
2,769;980,6.003935277216679E-5
2,623;751,6.002957938210277E-5
2,298;502,-5.995937775053084E-5
2,109;737,5.995581984365543E-5
2,142;904,-5.992926709115069E-5
2,79;435,5.992704990628178E-5
2,190;702,-5.991797181687858E-5
2,34;391,-5.991793885053772E-5
2,669;844,-5.991190496267933E-5
2,778;793,5.990409112709222E-5
2,522;939,-5.988188188328944E-5
2,286;439,5.9872147657490915E-5
2,698;787,5.986703856321404E-5
2,123;887,-5.9796851151754066E-5
2,463;678,-5.975106637248918E-5
2,722;744,-5.973662999494445E-5
2,118;876,5.971449863097956E-5
2,567;948,-5.971003592122058E-5
2,11;570,-5.968253544116514E-5
2,424;564,5.966134576658224E-5
2,632;760,5.9632913731124456E-5
2,394;411,-5.9601242590578424E-5
2,5;313,5.958736089997601E-5
2,704;904,5.9575525027654475E-5
2,472;941,-5.95647370599152E-5
2,764;958,5.953223804379297E-5
2,112;703,-5.949812844555296E-5
2,183;193,-5.948339100588962E-5
2,355;912,5.948017729911156E-5
2,838;940,-5.943328715754889E-5
2,429;816,-5.939573948277684E-5
2,524;693,5.938863887562498E-5
2,353;401,-5.9378377167772064E-5
2,17;475,-5.937369752273487E-5
2,388;827,-5.936849097209254E-5
2,187;755,5.9365655448782914E-5
2,36;178,5.936156025007476E-5
2,542;614,5.935226512558172E-5
2,411;918,5.932710658005985E-5
2,594;975,5.9229473439921766E-5
2,179;183,5.920946169939263E-5
2,554;849,-5.9189826396088854E-5
2,5;231,5.9184473215974376E-5
2,684;850,-5.9171557262952634E-5
2,174;526,5.9148619327893234E-5
2,358;978,5.9133391465387624E-5
2,125;454,5.911908550012626E-5
2,303;415,5.911568629342195E-5
2,536;542,5.903311143666582E-5
2,320;819,-5.902175141706401E-5
2,198;560,-5.898592610510663E-5
2,541;736,-5.8970830365975564E-5
2,333;706,5.896755669895479E-5
2,152;307,-5.896659150624944E-5
2,414;700,-5.896375084172334E-5
2,453;791,-5.8949308363408E-5
2,56;698,-5.89442383213627E-5
2,828;990,5.888990137783594E-5
2,161;663,-5.8882271780219684E-5
2,247;905,-5.885453964503135E-5
2,51;117,-5.882278222954839E-5
2,665;851,-5.8820259492718386E-5
2,202;274,5.879809797293284E-5
2,923;945,-5.879226594698198E-5
2,122;709,-5.877592283355277E-5
2,361;524,5.875461879723708E-5
2,773;818,-5.874884111236683E-5
2,507;725,-5.8710044816819606E-5
2,198;426,-5.869287714861249E-5
2,209;264,5.867915623185581E-5
2,2;413,5.8671592911391955E-5
2,29;151,-5.8643116172475334E-5
2,670;827,-5.864023953303026E-5
2,269;669,-5.863656311619629E-5
2,537;788,5.8603436940707636E-5
2,417;766,5.8582937839624945E-5
2,73;239,-5.857350057888718E-5
2,73;945,5.853561340590346E-5
2,12;484,5.852835730462357E-5
2,252;747,5.851982877807688E-5
2,69;147,-5.851844547107966E-5
2,269;805,-5.845110212289524E-5
2,35;485,5.8437056042687706E-5
2,2;902,5.843543312089494E-5
2,117;835,-5.843498497990689E-5
2,350;463,-5.8427973538289976E-5
2,249;619,5.836541626930129E-5
2,185;404,-5.833842494107773E-5
2,275;456,5.83336314644578E-5
2,110;539,-5.8322421083460426E-5
2,486;621,-5.828789972159103E-5
2,580;833,5.822097158864842E-5
2,519;810,-5.821278394652458E-5
2,304;618,-5.8198855913788454E-5
2,196;315,-5.819771475973151E-5
2,427;822,5.815217969612459E-5
2,56;313,-5.8145028750144375E-5
2,620;746,5.812674246813187E-5
2,581;739,5.8123752729949714E-5
2,84;950,-5.8109674435696536E-5
2,604;931,-5.810591802804836E-5
2,134;223,5.807344164888862E-5
2,87;967,-5.804204008398242E-5
2,21;199,5.800349466499514E-5
2,307;661,-5.7940911237846014E-5
2,204;317,5.787729458920496E-5
2,664;866,-5.7868054708963795E-5
2,59;907,5.786786645148913E-5
2,24;37,5.785639381892931E-5
2,230;525,5.7854618170922415E-5
2,160;787,-5.784898236796288E-5
2,311;697,5.782030563484182E-5
2,181;351,-5.781321519118314E-5
2,777;791,5.7785020668295265E-5
2,69;845,5.7764600729768946E-5
2,156;961,-5.7759748196267176E-5
2,318;958,-5.773842050970939E-5
2,300;604,5.772525845692429E-5
2,262;443,-5.769388110921727E-5
2,800;978,5.767948198634714E-5
2,15;644,5.765322349662857E-5
2,90;478,5.75341960030745E-5
2,374;713,-5.752802030378804E-5
2,363;957,5.7494201600498043E-5
2,372;507,5.746577356185823E-5
2,433;926,-5.745497484147742E-5
2,850;944,5.743021686416988E-5
2,387;747,-5.742611814025209E-5
2,145;427,5.741447490244332E-5
2,144;930,5.7379783929057066E-5
2,787;903,5.735617487786102E-5
2,487;749,-5.7321577514880524E-5
2,334;774,5.731611010840215E-5
2,66;851,-5.7310175095171955E-5
2,483;727,-5.7299391953908235E-5
2,252;674,-5.726867794542079E-5
2,517;721,5.722261915301148E-5
2,479;987,-5.7213184734718804E-5
2,139;855,5.71890520443186E-5
2,246;363,5.718853299708179E-5
2,853;978,-5.714861900776338E-5
2,159;736,5.7146888830549205E-5
2,916;964,5.713315388393851E-5
2,23;679,5.713106187606072E-5
2,230;413,5.708174282059765E-5
2,127;927,-5.702117159314908E-5
2,415;644,-5.700347685299759E-5
2,236;801,-5.6984155919209606E-5
2,429;890,5.684532904979795E-5
2,82;917,5.682947297241345E-5
2,713;802,-5.6811009599379534E-5
2,451;819,-5.675643347568323E-5
2,16;969,5.675232948295349E-5
2,194;421,-5.669418652364089E-5
2,132;259,-5.669384380702619E-5
2,2;771,5.668033252173081E-5
2,511;601,-5.6673393404289164E-5
2,781;994,-5.6653640740528886E-5
2,812;944,-5.665062727408467E-5
2,117;765,5.663499326158498E-5
2,39;992,5.6632823863562525E-5
2,356;665,5.660873806955149E-5
2,493;711,5.6605521116514704E-5
2,682;718,-5.66042976936932E-5
2,34;251,5.6574971397061846E-5
2,44;112,-5.656185468123755E-5
2,120;715,5.654807256581329E-5
2,384;653,-5.654061465113823E-5
2,597;614,-5.6528733817770686E-5
2,263;730,5.651228976239581E-5
2,649;878,-5.6498407462338894E-5
2,430;942,-5.647613751945887E-5
2,238;414,5.64751565013196E-5
2,194;466,5.6459136025844013E-5
2,706;877,-5.642592007256643E-5
2,304;837,5.641745692787526E-5
2,140;903,5.64088307354022E-5
2,526;891,-5.637445105518169E-5
2,615;988,5.6374377780047594E-5
2,66;569,-5.637345392687859E-5
2,30;555,-5.636961957752632E-5
2,74;303,5.633100936836111E-5
2,285;498,-5.631642863837557E-5
2,329;826,-5.628063857317864E-5
2,191;891,-5.626101510004221E-5
2,34;236,5.623058093099656E-5
2,348;441,-5.6222859729845446E-5
2,175;832,5.620578701609751E-5
2,248;587,5.61944478090254E-5
2,161;948,-5.618163334738548E-5
2,119;498,-5.6159654651483687E-5
2,67;935,5.614984333644146E-5
2,855;860,5.601200429209413E-5
2,436;578,5.595161857559841E-5
2,265;459,-5.594685307175741E-5
2,289;309,5.59413368027204E-5
2,242;737,-5.59150254249248E-5
2,227;479,5.589231892303098E-5
2,282;945,-5.5870966506754355E-5
2,579;790,-5.586832305429618E-5
2,352;821,5.5846295769887064E-5
2,638;998,5.580491108431886E-5
2,516;649,5.579697501309516E-5
2,241;878,-5.5796556293599096E-5
2,359;866,-5.578544793468266E-5
2,102;304,5.577340901754158E-5
2,719;984,-5.572092992468951E-5
2,77;296,5.5711952928358024E-5
2,712;766,-5.5695924304479175E-5
2,202;702,-5.5678698517793884E-5
2,86;302,5.566325907118111E-5
2,250;931,-5.565706564383011E-5
2,664;780,5.562404039189226E-5
2,156;776,-5.5604074025901414E-5
2,74;746,-5.558170585784242E-5
2,467;975,5.5561925605988745E-5
2,67;338,-5.554466765592814E-5
2,209;293,-5.553186882342599E-5
2,953;981,-5.55258799184115E-5
2,264;548,5.5524884914579695E-5
2,211;656,5.5511532939289593E-5
2,535;974,-5.5503454552739334E-5
2,426;626,5.549948561264011E-5
2,838;925,5.5498474800286716E-5
2,268;507,5.545631074831342E-5
2,602;902,5.545336184417455E-5
2,317;623,5.5451016948523546E-5
2,4;40,-5.544815141007861E-5
2,729;976,-5.544590031446448E-5
2,117;553,-5.542990326628667E-5
2,194;420,5.5408618682314176E-5
2,6;404,5.538971185182905E-5
2,425;791,-5.537455631037483E-5
2,563;612,-5.534964614080834E-5
2,355;485,5.5331428524461395E-5
2,228;452,5.5320425355119994E-5
2,163;464,-5.526736822761999E-5
2,669;945,-5.526684870040039E-5
2,65;593,-5.526269733244289E-5
2,183;875,-5.524209490902829E-5
2,887;973,-5.520715437548379E-5
2,260;943,5.519807097306196E-5
2,80;554,5.5159207307019375E-5
2,526;644,5.515715444008648E-5
2,611;666,-5.511631788082025E-5
2,116;333,-5.5115305956341185E-5
2,282;462,-5.510469207266373E-5
2,241;863,5.507455103630319E-5
2,502;805,5.501087890599372E-5
2,4;719,5.4995043487999E-5
2,901;963,-5.495188463774309E-5
2,527;559,-5.4947253397958704E-5
2,848;939,-5.4920498136477226E-5
2,273;594,5.490564935426293E-5
2,825;866,-5.49054838383619E-5
2,714;778,-5.4875291291373325E-5
2,328;541,-5.4873599434918696E-5
2,652;867,-5.4827699870172106E-5
2,305;988,-5.480043042124214E-5
2,839;893,-5.472139363088693E-5
2,572;813,-5.471397473948454E-5
2,72;679,-5.469509472015196E-5
2,333;988,-5.468601533299234E-5
2,482;607,5.468032623549214E-5
2,220;509,5.466550398243336E-5
2,112;753,5.4642610681724085E-5
2,307;564,5.4636623289010536E-5
2,620;959,5.4630628221620196E-5
2,312;453,-5.4611685306188014E-5
2,884;885,5.460127941919678E-5
2,70;784,5.4573904528274067E-5
2,581;793,5.455330109438748E-5
2,387;455,5.455061647221545E-5
2,459;824,-5.453143788297443E-5
2,319;407,5.452981437004731E-5
2,459;958,5.452196266881656E-5
2,422;726,-5.451547254082045E-5
2,306;404,-5.445730398236431E-5
2,587;787,5.445558210421366E-5
2,88;761,-5.4328506968885626E-5
2,164;748,-5.425553671779063E-5
2,187;828,-5.424183320956662E-5
2,634;683,-5.4240968610816624E-5
2,327;764,-5.415699198756118E-5
2,675;995,5.413001386082744E-5
2,401;439,-5.409966959296442E-5
2,410;493,5.407959884875841E-5
2,232;646,-5.4067268203343157E-5
2,535;949,-5.406702507469783E-5
2,179;208,5.406252696755287E-5
2,69;993,5.40593701084665E-5
2,203;860,-5.4046027717084735E-5
2,457;998,-5.403592257573271E-5
2,342;638,-5.403418430220516E-5
2,462;738,5.400194101030938E-5
2,170;282,-5.398752778313768E-5
2,21;641,5.394614785317495E-5
2,446;724,5.3927035957958115E-5
2,817;892,5.390980043356022E-5
2,228;444,5.389349066961187E-5
2,563;961,-5.388184881733047E-5
2,77;427,-5.3841661297358875E-5
2,336;468,-5.380354951748374E-5
2,723;983,-5.379096470058538E-5
2,418;810,-5.374682097230688E-5
2,692;727,5.3695819434262625E-5
2,165;935,5.369229778478902E-5
2,546;961,5.366328330907688E-5
2,217;807,5.365561451204036E-5
2,19;486,-5.3652437429388536E-5
2,66;183,5.365058440988237E-5
2,168;812,-5.3640352615191794E-5
2,105;406,-5.3633962652200534E-5
2,248;784,-5.3608082432905275E-5
2,622;785,5.357875447628128E-5
2,514;839,-5.355037172077981E-5
2,542;988,-5.353716163992388E-5
2,316;383,5.3536847273436974E-5
2,80;904,5.35188829233246E-5
2,386;968,-5.349766893242024E-5
2,190;956,5.3496304858101224E-5
2,121;618,5.347975964887466E-5
2,443;748,5.343342903774226E-5
2,94;700,-5.3411325500439564E-5
2,76;106,5.3383258513990976E-5
2,573;669,-5.335369307493694E-5
2,881;895,-5.3344147531910865E-5
2,254;938,-5.332892169386383E-5
2,440;722,5.3285001783776965E-5
2,586;605,-5.3186688337257116E-5
2,87;765,5.317364516422139E-5
2,273;521,5.3171527975399826E-5
2,634;824,-5.316666746006709E-5
2,706;885,-5.315035868730467E-5
2,27;231,5.314543147910884E-5
2,380;723,-5.310254939392176E-5
2,389;662,-5.310175800345901E-5
2,411;745,-5.3080711704137864E-5
2,108;817,5.305005717345596E-5
2,337;413,-5.304874123415202E-5
2,78;270,-5.3003462359138274E-5
2,842;939,-5.299873802757746E-5
2,541;551,5.2993201417607676E-5
2,537;664,5.2959485237684396E-5
2,530;609,-5.290171427883046E-5
2,190;622,-5.289844784353838E-5
2,664;683,5.2894457628117386E-5
2,111;687,-5.2892373674676516E-5
2,273;823,5.288833294305255E-5
2,482;738,5.283917458107315E-5
2,119;239,5.283609183963816E-5
2,406;948,-5.282325383597647E-5
2,434;476,-5.282246397798557E-5
2,355;880,-5.282237174986033E-5
2,105;947,-5.2818172338727526E-5
2,288;580,-5.279898854765655E-5
2,53;877,-5.2764391637403766E-5
2,178;825,5.2757220834396156E-5
2,387;938,-5.2740281893540045E-5
2,348;397,5.272678245511157E-5
2,364;802,-5.272619928919324E-5
2,9;935,5.269387536751271E-5
2,112;559,-5.2693201812942766E-5
2,293;713,-5.265312293669916E-5
2,45;898,-5.263095499757108E-5
2,365;835,-5.2626438771767414E-5
2,219;420,-5.2544165135514973E-5
2,135;260,5.252939341258274E-5
2,79;712,5.2472309981384204E-5
2,333;730,5.2462873802347495E-5
2,75;566,5.24511617951356E-5
2,379;455,-5.241404163824645E-5
2,64;823,-5.2379160344188727E-5
2,819;936,-5.2371302579298935E-5
2,43;784,-5.2364566437490854E-5
2,838;980,5.2334485942480615E-5
2,133;295,-5.22780024090668E-5
2,109;406,-5.2264405548016847E-5
2,386;997,-5.2206875104290425E-5
2,198;496,5.218647298144379E-5
2,531;580,5.218107746970192E-5
2,545;651,5.211550500053549E-5
2,281;326,-5.21021391378528E-5
2,279;309,-5.2091774471311945E-5
2,138;225,-5.208885522425961E-5
2,246;582,5.207939385524114E-5
2,423;722,5.2052691107485465E-5
2,482;507,-5.204573304071084E-5
2,303;389,-5.203457820239195E-5
2,61;304,-5.2029103810427024E-5
2,340;546,5.2024857603323563E-5
2,270;876,-5.2020634270311626E-5
2,243;417,-5.2017020799109675E-5
2,525;753,-5.200337291019031E-5
2,161;826,-5.197997761266812E-5
2,148;959,-5.196802356994692E-5
2,87;415,5.195906142140738E-5
2,469;971,5.1953628805090634E-5
2,23;825,5.192033871602829E-5
2,672;991,-5.1854042046183045E-5
2,264;825,-5.185034813349365E-5
2,388;922,5.1836128256130213E-5
2,52;772,-5.180870677887514E-5
2,749;832,5.1743150200474904E-5
2,183;279,-5.1725563555144415E-5
2,151;224,-5.171117024149538E-5
2,216;271,-5.169533679928596E-5
2,41;584,-5.159314336800606E-5
2,162;567,5.1593031206060474E-5
2,581;942,-5.157348421732265E-5
2,844;906,5.1512986699662924E-5
2,287;681,-5.151067720052439E-5
2,464;538,5.150775628530934E-5
2,90;467,5.149091020258662E-5
2,81;127,5.1468420433387746E-5
2,11;421,-5.145598044090389E-5
2,160;509,-5.1378153075946967E-5
2,202;878,5.131734111678929E-5
2,665;710,5.126155027364828E-5
2,285;883,5.1252844337292875E-5
2,198;448,-5.124506300563722E-5
2,22;176,-5.120254658277652E-5
2,468;569,-5.119886646199873E-5
2,188;850,5.114414714208494E-5
2,155;169,5.1095758330338294E-5
2,715;969,-5.102736898155007E-5
2,710;939,-5.0986664224215644E-5
2,420;799,5.098511052776084E-5
2,496;722,-5.0976781146374846E-5
2,98;536,-5.094660642061554E-5
2,932;964,-5.094411871191537E-5
2,586;608,-5.093964758479136E-5
2,307;875,5.090559223629241E-5
2,855;907,5.0871661797992575E-5
2,178;735,5.087123664979967E-5
2,24;65,-5.0846443855374866E-5
2,54;270,-5.082991174119943E-5
2,47;415,5.079879841719928E-5
2,236;383,5.076801801913193E-5
2,79;170,-5.075746272162428E-5
2,266;342,-5.0755067864082766E-5
2,401;605,5.071226036063501E-5
2,110;679,5.0710044506760894E-5
2,507;745,-5.069355035199149E-5
2,54;157,5.069235791184573E-5
2,852;908,-5.0674471224567176E-5
2,334;383,-5.064137373040549E-5
2,343;588,-5.062036119471529E-5
2,599;728,5.0560655498046376E-5
2,798;912,5.05544772940888E-5
2,166;429,-5.0546731404523745E-5
2,970;996,-5.053196654694008E-5
2,240;855,-5.050865640508216E-5
2,349;448,-5.0489092690803096E-5
2,175;307,5.0478014948156875E-5
2,366;934,-5.04507789874042E-5
2,371;752,5.045018241873445E-5
2,962;985,-5.042821822683263E-5
2,286;592,5.041673203761097E-5
2,446;761,-5.040494897772027E-5
2,791;841,5.0379497231833046E-5
2,47;454,5.0363544326142806E-5
2,358;891,-5.034770856723848E-5
2,410;961,-5.033790313615844E-5
2,336;964,-5.0317489650103266E-5
2,101;764,5.0314892458022854E-5
2,944;974,-5.030876625995304E-5
2,735;748,-5.028568968391082E-5
2,696;992,5.027845862740117E-5
2,687;715,5.027080529532706E-5
2,90;387,-5.026381101293209E-5
2,724;938,-5.023124239238155E-5
2,94;885,5.018836852524379E-5
2,4;301,-5.018793806394013E-5
2,179;775,5.0186460719664666E-5
2,409;493,5.01780099941025E-5
2,297;979,-5.0158606441303265E-5
2,513;712,5.0155977144869084E-5
2,58;378,5.015099511535944E-5
2,54;278,5.01504607307325E-5
2,487;876,-5.01358496328823E-5
2,148;410,5.012793853282013E-5
2,222;989,-5.0113832088835395E-5
2,81;773,5.00962634295934E-5
2,24;357,-5.005073321936902E-5
2,540;542,-5.0016679889330894E-5
2,608;997,-4.999835030165823E-5
2,74;208,4.9991521631769256E-5
2,620;869,4.9951851486012365E-5
2,43;653,-4.995092754566756E-5
2,278;627,-4.989982723904016E-5
2,626;651,4.9888379569951595E-5
2,257;855,4.9856678701857144E-5
2,190;910,-4.984687832453897E-5
2,30;852,-4.9834203513971196E-5
2,85;235,4.981789512986036E-5
2,760;827,-4.9810713280649496E-5
2,451;720,-4.9806002096186604E-5
2,566;857,4.9788691534019594E-5
2,459;902,-4.977401360400594E-5
2,257;342,4.968696668557034E-5
2,562;735,-4.966549536494769E-5
2,889;949,-4.9634490025648496E-5
2,372;761,-4.962882750285026E-5
2,449;830,-4.960906076306605E-5
2,371;832,4.960808654531686E-5
2,605;777,4.960716865569328E-5
2,44;815,4.95966719187358E-5
2,344;535,4.95529783266979E-5
2,713;783,-4.954921657236478E-5
2,25;877,-4.9534068830605024E-5
2,24;703,-4.952396964232346E-5
2,76;863,-4.951233487776599E-5
2,390;915,4.951026642189617E-5
2,106;601,-4.947498732308074E-5
2,318;342,4.945852040483645E-5
2,206;909,4.943518415461197E-5
2,197;346,4.9405626508044986E-5
2,173;206,4.937170373261945E-5
2,53;82,4.936435942136147E-5
2,523;905,4.934377997486151E-5
2,468;518,4.932858104397687E-5
2,33;663,4.932071455936982E-5
2,870;888,-4.9286522510087744E-5
2,371;581,-4.928402429758831E-5
2,750;944,4.927468128782511E-5
2,295;830,4.9259905973094875E-5
2,150;244,4.923439073605957E-5
2,76;88,4.921981410829634E-5
2,485;912,4.915240775843866E-5
2,71;511,4.914031994031372E-5
2,272;473,4.913192217867335E-5
2,117;704,-4.911543580435838E-5
2,60;307,-4.911236979459162E-5
2,422;863,-4.911103188351675E-5
2,238;931,-4.9098771786258325E-5
2,168;537,-4.9068345329254116E-5
2,45;97,-4.906402584571478E-5
2,109;762,-4.9017519006703203E-5
2,382;950,-4.899472601643458E-5
2,112;298,4.899380718507981E-5
2,435;626,4.898039912465824E-5
2,137;976,4.8950420103591675E-5
2,532;853,4.8939392672378066E-5
2,748;861,4.891824942177392E-5
2,113;693,-4.89067136891775E-5
2,1;525,-4.890610257241843E-5
2,406;469,-4.882406588008331E-5
2,54;298,4.8818037728300206E-5
2,754;908,-4.880056365905992E-5
2,66;651,-4.8787155909859186E-5
2,321;817,4.877741154351432E-5
2,17;204,4.875496512231498E-5
2,813;981,-4.8745166107031194E-5
2,337;356,-4.869714274590306E-5
2,36;850,4.8662184612843685E-5
2,28;963,4.8637149066651054E-5
2,655;687,4.861216675725016E-5
2,345;540,-4.8590301398617145E-5
2,260;314,-4.858318160557782E-5
2,816;895,4.854511183071191E-5
2,29;110,4.852723210103854E-5
2,226;230,-4.852576523923617E-5
2,251;499,4.850767885699589E-5
2,44;146,4.847683036580396E-5
2,54;161,4.8465325513117516E-5
2,558;854,-4.846423109168201E-5
2,333;610,4.846022588710283E-5
2,302;414,-4.845227209404501E-5
2,43;974,4.840955482771227E-5
2,159;856,-4.840000945811238E-5
2,379;463,4.837200374324148E-5
2,530;828,4.830544113137382E-5
2,421;975,-4.8295347751773176E-5
2,419;672,4.824912455678376E-5
2,820;835,-4.8231257657763106E-5
2,18;181,4.8191151893436244E-5
2,457;745,-4.8182599245984364E-5
2,371;738,-4.8159177954526167E-5
2,281;775,4.811853049130932E-5
2,6;19,4.810764760072862E-5
2,115;595,-4.802407123457057E-5
2,58;930,-4.7987188442668994E-5
2,415;902,-4.7985798637682864E-5
2,396;819,4.7969046084615664E-5
2,638;669,4.793246888242761E-5
2,39;757,-4.792635963859357E-5
2,147;594,4.791973513150385E-5
2,198;500,4.7918265314891785E-5
2,683;780,-4.791313254871044E-5
2,227;979,4.790999227909532E-5
2,49;284,4.7889233969803345E-5
2,501;850,4.774561497320455E-5
2,443;706,-4.773451424650215E-5
2,409;880,4.773142135211776E-5
2,636;809,4.773127806121548E-5
2,41;373,4.772421448481392E-5
2,521;748,-4.7712739489331816E-5
2,378;758,-4.770942298666174E-5
2,804;899,-4.7698092984497146E-5
2,567;693,-4.768998034208214E-5
2,499;632,4.765769739210695E-5
2,451;690,-4.764913521462981E-5
2,338;854,-4.761437250215926E-5
2,287;581,4.7613221526360576E-5
2,560;722,4.757471856728039E-5
2,43;187,-4.756415096614028E-5
2,562;710,-4.7525836785460134E-5
2,912;973,-4.751667367235929E-5
2,163;365,-4.7477669479733464E-5
2,264;769,-4.7467798780268775E-5
2,201;374,-4.745533860588636E-5
2,179;579,4.744831779810643E-5
2,727;815,-4.744071121173811E-5
2,538;941,-4.743264927251691E-5
2,548;997,4.742357297918817E-5
2,270;589,4.739944903994729E-5
2,461;587,-4.7389357442994674E-5
2,293;881,-4.737252772138779E-5
2,596;970,-4.7370208299267404E-5
2,610;846,-4.735111972825488E-5
2,69;975,4.7337180283823966E-5
2,679;796,-4.7325457617801785E-5
2,340;725,-4.7287504004139926E-5
2,672;725,-4.7285730472376874E-5
2,382;823,-4.727724548397826E-5
2,579;620,4.726058360713514E-5
2,83;648,4.725210404760865E-5
2,437;575,4.723960135302453E-5
2,639;749,-4.722542590152525E-5
2,629;642,4.722378021834435E-5
2,23;923,-4.7210943181094136E-5
2,421;648,4.719525028859598E-5
2,56;919,4.7186141173631974E-5
2,316;379,-4.7182544517707586E-5
2,516;748,4.7175678345008374E-5
2,55;764,-4.7140657234665386E-5
2,78;542,4.713868125185232E-5
2,442;859,4.712646518157018E-5
2,547;567,4.7101843110523476E-5
2,559;647,-4.710015672218223E-5
2,470;516,4.7092428776671235E-5
2,133;135,-4.707991612941943E-5
2,64;566,4.7068829812649764E-5
2,498;956,4.7062343385384523E-5
2,749;933,4.706160319324261E-5
2,779;867,4.705524603192854E-5
2,230;555,-4.702393821074769E-5
2,149;415,-4.701746374225099E-5
2,162;456,4.700258510650495E-5
2,210;696,4.698981449869383E-5
2,604;825,-4.6960201232825146E-5
2,50;482,-4.695593107034861E-5
2,203;407,4.694682497264383E-5
2,385;883,-4.691843925580943E-5
2,106;634,-4.690488473651714E-5
2,584;648,4.690403758545489E-5
2,456;808,4.688492785455415E-5
2,74;476,4.6873063708227926E-5
2,235;878,4.6847941453955376E-5
2,380;511,-4.684565683534795E-5
2,286;953,4.681196713236942E-5
2,234;648,-4.678219312686449E-5
2,599;791,4.677323387430533E-5
2,249;358,-4.668574342752272E-5
2,332;663,-4.66432674236696E-5
2,804;943,4.661345453770402E-5
2,723;788,4.6581952311716836E-5
2,413;677,4.658178981093698E-5
2,153;992,-4.656075528273589E-5
2,70;484,-4.653389588638135E-5
2,425;777,-4.650717055692593E-5
2,693;722,4.647135522910407E-5
2,244;724,4.6459143578957965E-5
2,70;461,4.64498021017672E-5
2,109;227,4.642845857459362E-5
2,650;819,-4.6415604340176035E-5
2,74;497,4.641058159204524E-5
2,466;643,4.640643170592396E-5
2,88;275,-4.637217558396381E-5
2,188;997,-4.6371076040048824E-5
2,147;995,-4.6361661695072086E-5
2,329;451,4.635979957746794E-5
2,763;878,4.633295631213532E-5
2,806;994,4.632779337787647E-5
2,817;921,-4.628907927953701E-5
2,563;616,-4.628040966926933E-5
2,947;970,-4.6276300398807875E-5
2,188;463,-4.6274709401948335E-5
2,638;646,4.626430137442415E-5
2,632;667,4.6255896010893766E-5
2,263;302,-4.624757906511494E-5
2,4;412,4.624076862619438E-5
2,7;663,4.6230891393404825E-5
2,25;558,4.615927658612199E-5
2,239;544,-4.615434849536267E-5
2,439;593,4.614194344978159E-5
2,225;273,-4.613108225287999E-5
2,609;931,4.609917980020568E-5
2,930;942,4.6059295459996307E-5
2,647;822,4.604640035423112E-5
2,473;983,4.604455228666306E-5
2,307;887,-4.602965642971394E-5
2,20;773,-4.602101783142008E-5
2,87;254,-4.602065841914257E-5
2,167;386,4.6011247444896086E-5
2,151;491,-4.600412366685269E-5
2,293;711,4.5989912992039897E-5
2,431;776,-4.598848875835495E-5
2,444;894,4.59850409706866E-5
2,147;908,-4.5983383838210683E-5
2,110;270,4.5977365824143165E-5
2,560;641,4.596692691403953E-5
2,205;524,4.5960893222037215E-5
2,350;726,-4.595587481947963E-5
2,796;985,4.594493563446799E-5
2,482;739,4.591772728426435E-5
2,695;938,-4.5916315685292854E-5
2,75;447,4.587244773740951E-5
2,225;798,4.5865760208443886E-5
2,50;719,-4.5861674729389656E-5
2,506;702,4.579371064295745E-5
2,80;406,4.576220484285759E-5
2,313;698,-4.574101006986601E-5
2,127;482,-4.569682176268092E-5
2,212;675,-4.567200515883883E-5
2,579;775,-4.5642638882866445E-5
2,853;858,-4.56338352287993E-5
2,230;973,-4.552619100572686E-5
2,180;535,4.546665016943809E-5
2,894;994,4.544049034647929E-5
2,297;373,-4.5430398845286385E-5
2,44;467,4.538270223797019E-5
2,333;396,-4.537439915522303E-5
2,209;837,-4.533698781792336E-5
2,469;473,4.532626247492245E-5
2,97;462,-4.5321933303234225E-5
2,194;835,-4.529540048844372E-5
2,327;466,4.5270446210722904E-5
2,669;989,4.524882212050093E-5
2,167;797,-4.523351322678211E-5
2,37;150,-4.5226644116676775E-5
2,199;309,4.522378887255637E-5
2,111;743,4.5214296999433786E-5
2,173;909,4.519152480190067E-5
2,644;820,-4.51417043500268E-5
2,229;372,4.51347198885288E-5
2,783;894,-4.5132559268819794E-5
2,247;582,-4.513073518757816E-5
2,271;614,-4.5128975573821914E-5
2,122;223,4.512519544605048E-5
2,506;525,4.511754260666124E-5
2,252;547,-4.50558031752646E-5
2,150;467,-4.5030219550201506E-5
2,201;402,4.502377569066707E-5
2,315;815,-4.500252702831948E-5
2,106;919,4.5001808861311844E-5
2,498;527,4.498112837069224E-5
2,526;615,-4.49701028890669E-5
2,845;975,-4.495816022335412E-5
2,33;981,-4.491129088075438E-5
2,330;956,4.49103960415625E-5
2,376;954,-4.489785026989233E-5
2,240;334,-4.489558167425599E-5
2,286;407,-4.4876560621944527E-5
2,594;930,4.485729788621791E-5
2,819;998,4.480995342326432E-5
2,302;946,4.4808296083152714E-5
2,88;150,4.480520674434506E-5
2,134;687,4.477691110289545E-5
2,693;760,-4.4769198746950685E-5
2,261;311,-4.476765920124614E-5
2,982;995,-4.4760662911825285E-5
2,472;896,4.474699763257852E-5
2,452;735,-4.468868755435583E-5
2,466;508,4.466982791681537E-5
2,687;774,4.4657738852899804E-5
2,86;587,-4.464231126945968E-5
2,791;827,-4.459978507762254E-5
2,184;544,-4.4583100233899566E-5
2,147;317,-4.45778423187433E-5
2,477;861,-4.456925903379268E-5
2,272;411,-4.45528950325381E-5
2,404;895,-4.4543065157046876E-5
2,157;203,4.449492000547509E-5
2,456;915,4.4481764617716666E-5
2,494;969,4.446533326794843E-5
2,664;948,-4.445204837403197E-5
2,591;882,-4.443650986920917E-5
2,749;819,4.4427964994446845E-5
2,242;430,4.4427586844940786E-5
2,180;243,-4.436235896126726E-5
2,198;619,-4.4360385640219955E-5
2,336;706,4.435996630036328E-5
2,121;423,-4.4331199662634116E-5
2,250;935,4.4329197716625904E-5
2,758;881,4.431551680790767E-5
2,80;149,-4.4307394001401866E-5
2,519;701,-4.4272063368028665E-5
2,48;324,-4.423359911973323E-5
2,114;413,4.4231740165962E-5
2,404;610,-4.42196809516125E-5
2,413;530,-4.4209676101791784E-5
2,51;835,-4.420757155678203E-5
2,279;577,-4.4161352860414146E-5
2,231;289,-4.416083351425062E-5
2,320;573,4.41477984379363E-5
2,95;102,-4.4137338000567504E-5
2,363;823,-4.410390341440995E-5
2,386;609,-4.408765514267022E-5
2,29;690,4.4004650099837245E-5
2,592;982,4.396201310443322E-5
2,219;644,-4.396072386185684E-5
2,602;713,4.389999853173357E-5
2,187;299,4.384834001832558E-5
2,236;933,4.379205324363693E-5
2,88;638,4.377633819560481E-5
2,432;946,4.376706862526892E-5
2,16;213,4.376282921418443E-5
2,318;686,-4.373963741962096E-5
2,256;491,-4.370882420868306E-5
2,573;973,-4.370231211245934E-5
2,486;750,-4.368892584973916E-5
2,86;694,4.366248435246843E-5
2,531;570,4.366021922435952E-5
2,246;854,4.3649085885579784E-5
2,279;693,-4.36250566530185E-5
2,162;221,4.3595978816549906E-5
2,114;947,4.357708349306813E-5
2,223;740,-4.356106596690464E-5
2,797;836,4.3524476225831765E-5
2,547;578,-4.3516018676053286E-5
2,533;976,4.35154721119293E-5
2,144;242,-4.351026789266108E-5
2,32;790,-4.3478654960453256E-5
2,155;766,4.346130497151631E-5
2,196;621,-4.344098428883766E-5
2,268;298,-4.34166250292844E-5
2,747;829,-4.3396521249197975E-5
2,419;991,-4.3373896330260996E-5
2,242;757,-4.333960984409181E-5
2,243;735,4.333186476861941E-5
2,2;591,4.3303902229994446E-5
2,104;433,-4.329564984033657E-5
2,23;538,-4.3270718365598585E-5
2,67;901,4.323423487497867E-5
2,260;761,-4.322974850831633E-5
2,414;458,-4.322462551736765E-5
2,118;737,4.322180861665202E-5
2,468;525,4.318887510559767E-5
2,691;872,-4.318382303513729E-5
2,912;914,-4.315365488754225E-5
2,441;540,-4.315328877354284E-5
2,205;511,4.3144400757218994E-5
2,501;626,-4.314041725486569E-5
2,112;487,-4.3139552914556474E-5
2,214;389,-4.3129847200144585E-5
2,458;887,4.312204630650285E-5
2,325;518,-4.3106820177112814E-5
2,484;963,-4.302345735814844E-5
2,202;573,-4.301434984478192E-5
2,399;765,4.299714577781224E-5
2,217;293,-4.296555952168117E-5
2,29;588,-4.2961879527809135E-5
2,286;520,4.296155710366418E-5
2,512;569,4.292970270921786E-5
2,590;756,4.288948710581589E-5
2,270;453,-4.285205463565036E-5
2,546;956,4.281179758781628E-5
2,476;746,-4.28098034942159E-5
2,14;547,4.2803604431288376E-5
2,582;740,4.278870278791844E-5
2,448;963,4.278785454687573E-5
2,48;121,-4.2785831592447116E-5
2,926;939,4.275158358226391E-5
2,16;788,-4.275033232599221E-5
2,154;894,4.273305811677982E-5
2,679;745,4.272524116372776E-5
2,904;976,-4.271348806359504E-5
2,336;444,-4.2701630352112524E-5
2,326;373,-4.2673492823228606E-5
2,273;961,4.2652903609062837E-5
2,262;711,4.263420589297923E-5
2,691;828,4.26095191933953E-5
2,82;169,-4.260606134911509E-5
2,127;773,-4.2586824488255536E-5
2,290;877,4.256860738995166E-5
2,272;810,4.256194130780843E-5
2,259;795,-4.253908212864961E-5
2,531;552,-4.248347154017373E-5
2,674;954,-4.248306494095218E-5
2,378;435,4.247413507186229E-5
2,106;991,4.245959837717555E-5
2,284;400,-4.2444487639939986E-5
2,211;564,4.2428815183085606E-5
2,226;763,-4.240540881021454E-5
2,328;832,-4.240342315565045E-5
2,16;395,-4.2403399718288735E-5
2,86;127,-4.23717599157746E-5
2,483;838,-4.2371757935135374E-5
2,538;934,4.23662922482173E-5
2,275;795,4.234025771876661E-5
2,16;919,-4.2324098397624084E-5
2,299;302,4.232366686333552E-5
2,371;808,4.229706152415435E-5
2,814;979,-4.227356749418407E-5
2,463;921,4.22637768537853E-5
2,99;565,4.225225576573611E-5
2,433;786,4.224060151987053E-5
2,108;637,4.22323727117084E-5
2,27;778,4.221474228647379E-5
2,10;127,-4.219326828024768E-5
2,942;992,-4.218312698502412E-5
2,142;894,4.217897976155647E-5
2,584;908,-4.2151703033957923E-5
2,258;366,-4.213424717085371E-5
2,83;806,4.209766345236215E-5
2,389;846,-4.205639022610301E-5
2,398;941,4.2048311591687397E-5
2,668;684,-4.2039771258584174E-5
2,578;594,-4.202291454901909E-5
2,286;556,4.202284874516791E-5
2,269;623,-4.2017447364484813E-5
2,955;981,4.201154780650689E-5
2,598;744,-4.20109324577865E-5
2,238;800,-4.199727023907222E-5
2,163;798,-4.198731484070888E-5
2,54;602,4.197216002031517E-5
2,281;351,-4.194990163901711E-5
2,262;498,4.194687589387915E-5
2,282;435,-4.193082094870182E-5
2,496;604,-4.1890359027468895E-5
2,191;358,4.1878889017683235E-5
2,145;188,-4.1854002629580855E-5
2,302;578,4.18448272114309E-5
2,960;978,-4.1837260237595944E-5
2,105;358,-4.181328560176031E-5
2,7;733,4.180500032864652E-5
2,204;382,4.1791564378564086E-5
2,518;745,4.176434637994734E-5
2,112;665,-4.1764110500491334E-5
2,19;500,-4.1736283047582444E-5
2,82;803,4.172096625342067E-5
2,286;372,4.171762871855544E-5
2,786;949,-4.171602284504006E-5
2,730;815,-4.16982811959582E-5
2,844;922,4.167871881056758E-5
2,318;630,4.166713385058162E-5
2,175;396,-4.163639467624363E-5
2,250;770,-4.162905791069624E-5
2,43;720,4.161375724204993E-5
2,432;983,-4.158589264710399E-5
2,171;624,-4.156637207161963E-5
2,616;728,-4.1566351931629185E-5
2,336;911,4.156399390004193E-5
2,251;264,-4.1557343090430905E-5
2,655;842,-4.155568171680867E-5
2,158;295,4.154678868344393E-5
2,2;320,-4.15182071327522E-5
2,266;857,-4.15177762043951E-5
2,70;215,-4.149604181955387E-5
2,142;268,-4.147877943204272E-5
2,510;669,-4.147692994678121E-5
2,521;917,4.14392910844152E-5
2,437;468,-4.142891579025569E-5
2,188;341,-4.142664406256429E-5
2,37;785,-4.1423392208953045E-5
2,287;346,-4.141540865602825E-5
2,164;709,4.139689370320898E-5
2,495;890,4.139051760598812E-5
2,177;577,-4.137370605755514E-5
2,458;642,-4.135760747341498E-5
2,36;605,-4.133230413044601E-5
2,511;689,-4.1298144571807E-5
2,629;968,-4.1281699297580576E-5
2,248;461,-4.127332617779348E-5
2,60;914,-4.1265723699067354E-5
2,633;800,4.12314911930477E-5
2,799;884,-4.121467682906234E-5
2,243;567,4.11891191221856E-5
2,799;834,-4.117426967983473E-5
2,181;433,-4.117134370462772E-5
2,232;886,4.116090798109733E-5
2,622;702,-4.1137533469318615E-5
2,714;961,4.113097023314006E-5
2,517;857,-4.1124065445097016E-5
2,691;969,4.111956664496264E-5
2,116;901,4.111949909507246E-5
2,941;976,4.11098169607912E-5
2,197;589,4.1099558746846934E-5
2,447;819,-4.106236307686131E-5
2,175;726,4.1050729434821113E-5
2,18;523,-4.103495562731927E-5
2,378;386,4.0970547999805035E-5
2,460;581,-4.0954553395245205E-5
2,514;728,4.0952161445437934E-5
2,304;305,-4.088330288811328E-5
2,202;241,-4.087658032777352E-5
2,581;889,-4.087571677632541E-5
2,507;671,4.086460726222259E-5
2,566;730,4.085720705166279E-5
2,229;506,4.08389433424472E-5
2,840;855,4.081828845216939E-5
2,186;227,4.0813724108633443E-5
2,62;779,4.077308438481356E-5
2,291;508,-4.077202984265737E-5
2,463;692,4.073128096698385E-5
2,703;957,-4.07026915762789E-5
2,615;796,4.069613979996828E-5
2,89;249,4.062801472717494E-5
2,594;942,4.061441340882238E-5
2,12;498,4.059006848186608E-5
2,284;688,4.057776293218148E-5
2,123;687,4.0563505299975376E-5
2,87;524,4.053949420568033E-5
2,539;574,-4.052648433270794E-5
2,4;742,4.050271895742775E-5
2,109;117,-4.050048214887E-5
2,273;450,4.048089925037016E-5
2,27;223,-4.0472015905243426E-5
2,207;704,4.046820656528785E-5
2,217;863,-4.046475147004391E-5
2,266;783,-4.044591835933969E-5
2,609;852,-4.044587913678839E-5
2,127;739,4.0438259032519706E-5
2,739;761,4.040575142814929E-5
2,609;736,4.040204173633988E-5
2,57;503,-4.039623285607745E-5
2,805;990,4.0369184635509436E-5
2,413;525,-4.034935854135396E-5
2,745;822,-4.032759811703608E-5
2,260;265,4.0323533528951406E-5
2,351;617,4.032094433206806E-5
2,655;924,-4.032009779587178E-5
2,823;950,-4.029945649340467E-5
2,44;872,4.025841894491166E-5
2,31;524,-4.0257469017665855E-5
2,121;856,4.023446697712118E-5
2,179;434,4.020372395450424E-5
2,84;678,-4.0193493443158614E-5
2,236;872,4.0165345070157967E-5
2,22;598,-4.0150161261805945E-5
2,706;988,4.0120345417470053E-5
2,386;646,-4.011536233658633E-5
2,518;582,-4.0106833223736E-5
2,244;631,-4.00888637970383E-5
2,520;688,4.005329703709093E-5
2,592;767,-4.005028879903311E-5
2,86;345,-4.004644960232474E-5
2,918;920,-4.002144035410397E-5
2,345;511,4.001134793633705E-5
2,146;694,-4.000539807946178E-5
2,405;523,-4.0004642634073775E-5
2,455;854,4.000090778175893E-5
2,51;183,3.999982811992499E-5
2,692;717,-3.996672302662636E-5
2,336;796,3.996115761629228E-5
2,149;406,-3.9953122210289796E-5
2,123;318,3.992752763771748E-5
2,175;887,-3.991944642793598E-5
2,221;815,-3.989885288154869E-5
2,220;466,3.9896469303775826E-5
2,910;981,-3.9872244715150386E-5
2,663;976,3.9869887638031024E-5
2,132;901,3.9848327369877235E-5
2,63;582,-3.982897624484354E-5
2,428;572,3.9801410874634656E-5
2,341;437,3.9786396482334175E-5
2,432;919,-3.977295669718087E-5
2,594;815,3.976656573235352E-5
2,337;878,-3.973372325835928E-5
2,355;914,-3.9728906426538634E-5
2,609;646,3.969885826165134E-5
2,105;133,-3.969774411020908E-5
2,58;67,3.968515266520012E-5
2,67;407,3.963646486264716E-5
2,380;917,3.959259917776804E-5
2,303;777,3.9590606686650426E-5
2,48;98,3.958722590984509E-5
2,324;878,3.956003192333536E-5
2,156;320,3.952839224744531E-5
2,129;267,3.95242562882079E-5
2,54;106,3.950651017214215E-5
2,426;921,3.947865755339407E-5
2,160;837,-3.944257370009713E-5
2,5;647,3.9439400637627396E-5
2,670;711,3.943251299627655E-5
2,403;524,3.9427706524971754E-5
2,599;776,-3.9423691866004997E-5
2,909;915,-3.941479065095874E-5
2,44;794,-3.9414188665874826E-5
2,258;579,-3.9412829982243904E-5
2,4;632,3.939774964644726E-5
2,376;822,3.939740672762265E-5
2,203;286,-3.934118979407475E-5
2,44;806,-3.931310673754542E-5
2,464;485,3.929033208627036E-5
2,57;542,-3.928646410505496E-5
2,398;588,3.923475101949769E-5
2,638;967,3.9221847828569445E-5
2,570;817,-3.921323027007474E-5
2,87;363,3.917478903069352E-5
2,74;384,-3.9167319631215104E-5
2,767;896,3.916204698083553E-5
2,860;904,-3.912735067583423E-5
2,428;813,3.910686564886423E-5
2,68;893,3.90954022232376E-5
2,547;932,3.908798290682207E-5
2,16;19,3.9081868087760584E-5
2,35;861,3.908060461301495E-5
2,750;928,-3.9069251573215386E-5
2,410;451,3.90691084267314E-5
2,315;730,-3.9053361838313896E-5
2,463;997,-3.9036196104935124E-5
2,115;638,3.9033827773787555E-5
2,510;766,-3.902831679451195E-5
2,339;946,3.902286774830138E-5
2,307;470,-3.902214953655195E-5
2,79;926,3.9008026810738894E-5
2,377;894,-3.900162188656846E-5
2,312;981,3.900137083301872E-5
2,502;964,3.9000142061201404E-5
2,215;637,-3.899440021236668E-5
2,288;352,3.89830288305219E-5
2,438;830,-3.8962728397706345E-5
2,57;684,3.8961430725031165E-5
2,385;900,-3.8958661625099965E-5
2,286;815,3.893217090510696E-5
2,121;306,3.8922066418051795E-5
2,462;770,-3.891243877612671E-5
2,7;485,-3.8870814873394793E-5
2,816;965,3.884832229558352E-5
2,276;967,3.882879471921787E-5
2,109;749,3.8804976953784184E-5
2,454;506,3.879119112909965E-5
2,381;532,-3.878616048910986E-5
2,569;659,-3.8778700844736216E-5
2,525;699,-3.8762696514843617E-5
2,555;676,-3.872412219743068E-5
2,52;72,-3.8715057609004506E-5
2,373;522,-3.870464768459737E-5
2,741;863,3.8689484169582704E-5
2,154;525,-3.863796102052579E-5
2,458;578,3.859775818194712E-5
2,348;581,3.858531103230038E-5
2,712;820,3.851814956774261E-5
2,511;636,-3.8514814974827076E-5
2,22;933,3.8504165575821116E-5
2,14;353,-3.850126640698459E-5
2,50;812,3.846394708761736E-5
2,256;618,3.8444662727216414E-5
2,206;773,-3.840467798239853E-5
2,244;736,-3.8389418618731504E-5
2,242;618,-3.8350856789829165E-5
2,295;449,3.834683641287739E-5
2,346;987,3.8321569606060156E-5
2,269;753,3.826632766598961E-5
2,567;611,-3.826471665022883E-5
2,227;724,-3.8254755190967964E-5
2,393;787,3.824456553816179E-5
2,290;510,-3.8238133233619804E-5
2,130;169,-3.820768650796103E-5
2,160;968,-3.8097612899689854E-5
2,161;291,3.806856021812004E-5
2,175;706,-3.803520383608526E-5
2,18;997,3.803124380490949E-5
2,655;979,3.802871737539235E-5
2,48;659,3.802106678107198E-5
2,659;964,3.800206666079048E-5
2,183;259,3.80019228984551E-5
2,9;866,-3.799711234826006E-5
2,16;661,3.794437424079593E-5
2,409;565,-3.793461713281912E-5
2,456;758,-3.7929656024427715E-5
2,510;638,3.788140941339898E-5
2,312;856,3.7879836725987393E-5
2,461;694,-3.787007017206588E-5
2,16;943,-3.785436724100611E-5
2,793;999,-3.785107194197732E-5
2,3;749,3.7848271462996885E-5
2,361;750,-3.7844245535713376E-5
2,212;695,-3.78026115745475E-5
2,680;898,-3.779586052978853E-5
2,23;361,3.7719120044174575E-5
2,473;768,3.770436308098752E-5
2,188;843,-3.766073385182394E-5
2,251;825,3.765114272154006E-5
2,927;939,-3.755853697892092E-5
2,76;899,-3.7549327052687086E-5
2,217;730,3.753233122230884E-5
2,124;555,-3.7513343274621556E-5
2,801;936,-3.7496508052551114E-5
2,231;522,3.7475758708485296E-5
2,318;724,3.745626043181277E-5
2,415;493,3.745335540111616E-5
2,4;411,3.744847251152386E-5
2,154;339,-3.744777847423506E-5
2,244;901,3.743877604300767E-5
2,536;546,-3.742845063940314E-5
2,202;619,-3.742821094645544E-5
2,226;957,-3.7394005121653726E-5
2,860;941,3.7383926856602804E-5
2,175;696,3.737135773145015E-5
2,806;893,3.734066850449864E-5
2,73;183,-3.7335399643968296E-5
2,816;828,3.7321266198196736E-5
2,431;599,-3.731339038311319E-5
2,944;952,-3.7301199160546915E-5
2,160;910,-3.729762581136283E-5
2,218;748,3.728495291911949E-5
2,193;799,-3.727760504533876E-5
2,400;718,3.727160498215046E-5
2,351;506,-3.727123038184712E-5
2,589;977,-3.726547338408676E-5
2,157;688,-3.7256740339175134E-5
2,37;115,-3.723319002590139E-5
2,66;665,-3.722436451328667E-5
2,571;743,3.721696252026002E-5
2,451;872,3.717221722477253E-5
2,338;695,-3.717205309532683E-5
2,344;499,-3.712106125952153E-5
2,301;439,-3.710105812412963E-5
2,90;518,-3.706907102156871E-5
2,817;824,-3.7063587285370516E-5
2,138;568,3.704847656990085E-5
2,123;351,3.703271687976211E-5
2,907;983,-3.69709999063209E-5
2,12;98,-3.695554775789481E-5
2,704;813,-3.692851578609574E-5
2,350;379,3.6910358846712176E-5
2,256;937,3.6885202716383654E-5
2,558;796,-3.685752509228559E-5
2,283;415,-3.685646346116411E-5
2,848;946,3.6853745345731106E-5
2,167;836,3.6843634183818015E-5
2,259;275,-3.6840090586371E-5
2,172;627,3.683315098411288E-5
2,148;773,3.6831426375728906E-5
2,34;933,-3.6780607574501917E-5
2,380;813,3.677419883587683E-5
2,832;940,3.6748002399536646E-5
2,115;923,3.673777098748009E-5
2,285;768,-3.673293293079803E-5
2,18;891,-3.6725097488540805E-5
2,675;840,-3.671982516352361E-5
2,486;759,3.670892679337014E-5
2,333;364,-3.66647338381363E-5
2,918;921,-3.6650972697127023E-5
2,721;836,3.662763879386405E-5
2,109;767,-3.6620588505383916E-5
2,481;551,3.661574300482898E-5
2,687;924,3.659865891054076E-5
2,246;642,-3.658621194467729E-5
2,67;426,-3.6551916649353233E-5
2,27;134,-3.654279572437549E-5
2,601;983,-3.6542258729153204E-5
2,80;944,-3.653904501765929E-5
2,256;430,3.652327028579519E-5
2,602;700,3.6520015499671895E-5
2,62;861,-3.651909962102593E-5
2,401;526,3.651624643344356E-5
2,229;281,-3.651325646942633E-5
2,48;713,-3.646243314268219E-5
2,47;513,3.644107504507862E-5
2,867;961,3.643628168030295E-5
2,955;987,-3.6436136573497284E-5
2,521;594,3.642686577266244E-5
2,605;850,3.6405427055145046E-5
2,413;591,3.640087092212908E-5
2,64;777,-3.638324777002237E-5
2,263;458,3.638146743238042E-5
2,313;822,-3.6378271935781865E-5
2,90;695,3.6374083846466846E-5
2,738;994,-3.637183649089958E-5
2,316;729,3.631601306073482E-5
2,558;601,-3.6279383501878436E-5
2,746;917,3.626363548322892E-5
2,245;279,-3.623316553614042E-5
2,372;663,-3.622827715098158E-5
2,890;926,-3.621790649832153E-5
2,555;861,-3.620758576129881E-5
2,138;320,3.6194264784453E-5
2,57;850,-3.6186201376499815E-5
2,284;308,-3.6148981288168236E-5
2,548;979,-3.6144599518276946E-5
2,467;489,-3.614141630330047E-5
2,309;942,3.613487736171765E-5
2,362;954,3.61303112539345E-5
2,146;456,3.613011485337299E-5
2,588;812,3.612413268833327E-5
2,204;671,-3.611681077700343E-5
2,317;780,3.6107592983222555E-5
2,15;784,-3.610079613390868E-5
2,343;877,3.607892093935474E-5
2,283;412,-3.6077827743578995E-5
2,350;806,3.606607355503455E-5
2,104;786,-3.605840340501897E-5
2,731;891,3.604154858182473E-5
2,112;248,-3.600761412898401E-5
2,797;830,3.5997154682192085E-5
2,422;877,3.599318982565879E-5
2,74;735,3.5966291852192994E-5
2,468;702,-3.593869247196748E-5
2,79;489,-3.5916986919412445E-5
2,78;900,-3.5891670515222215E-5
2,740;880,3.5870311605959745E-5
2,492;810,-3.586013555345938E-5
2,796;925,3.5846654123201584E-5
2,445;854,3.584266316723627E-5
2,321;602,3.583418199182375E-5
2,127;391,-3.582709275940707E-5
2,107;399,3.582330067655991E-5
2,623;704,3.580030857863337E-5
2,103;658,3.579915028192768E-5
2,689;698,3.579137970268118E-5
2,9;93,-3.5787190081250356E-5
2,309;982,-3.574458945928534E-5
2,175;988,3.5741712885235844E-5
2,138;163,3.571450267257965E-5
2,562;878,3.5701358587916355E-5
2,162;447,-3.5691542801041786E-5
2,86;914,-3.5657002062665096E-5
2,297;503,3.565056966647857E-5
2,242;450,3.5631036351419696E-5
2,403;946,3.5615296744160694E-5
2,5;589,3.5595264674653695E-5
2,101;303,3.5574412717803776E-5
2,163;308,3.5560798939606826E-5
2,244;248,3.553913301933339E-5
2,13;161,3.552189748011264E-5
2,122;566,-3.551935700980699E-5
2,48;979,-3.551685295576498E-5
2,8;618,-3.551541724294926E-5
2,615;908,-3.550819955104457E-5
2,10;642,3.548578179020212E-5
2,281;493,3.547019236329348E-5
2,384;891,-3.544874075028826E-5
2,288;840,-3.5415425377993306E-5
2,234;462,-3.54088961832156E-5
2,658;852,-3.5398677163699946E-5
2,167;830,-3.53941571136163E-5
2,418;739,-3.535596141876353E-5
2,18;965,-3.531111022207803E-5
2,62;238,-3.524792432751168E-5
2,623;845,-3.522561439176364E-5
2,393;979,-3.521041138463244E-5
2,145;413,-3.519336259924113E-5
2,438;932,3.518154503559763E-5
2,854;969,3.516165022848272E-5
2,767;986,3.513851165435664E-5
2,432;705,-3.513329871450322E-5
2,586;664,3.5130545640712636E-5
2,695;945,-3.5117188773034425E-5
2,516;586,-3.5060397097114685E-5
2,839;934,-3.505753776497987E-5
2,450;748,-3.5051477058867914E-5
2,133;711,-3.504146657569787E-5
2,725;767,3.5011601186018516E-5
2,378;855,-3.498895846118108E-5
2,803;887,3.4960454814300436E-5
2,260;704,-3.496005068950622E-5
2,270;480,-3.492361158039085E-5
2,596;851,-3.4891696999562194E-5
2,75;940,3.488922711855451E-5
2,432;745,3.488618696882606E-5
2,787;996,-3.488211470604731E-5
2,51;84,3.48473682470096E-5
2,453;876,-3.482221879678071E-5
2,572;810,3.482125579972414E-5
2,609;992,3.481134833249335E-5
2,56;451,-3.477202517384124E-5
2,696;832,3.477069471021974E-5
2,321;766,3.472839087038282E-5
2,111;990,3.470774069571873E-5
2,768;784,-3.468374756550806E-5
2,202;580,3.465840429092276E-5
2,346;735,-3.4638158325171146E-5
2,534;691,-3.463663466277533E-5
2,113;746,3.461488061426824E-5
2,63;127,-3.4613911511155856E-5
2,368;679,3.460356772033895E-5
2,192;489,3.4572289052556325E-5
2,119;515,3.456873693692949E-5
2,518;936,3.4566902569194656E-5
2,465;751,-3.456136409926095E-5
2,135;397,-3.45576586375451E-5
2,175;915,3.4544800224072126E-5
2,293;879,-3.454115645935552E-5
2,368;662,3.4536639111773266E-5
2,250;846,-3.4523847582128324E-5
2,946;987,-3.4515054955742835E-5
2,464;595,3.446008425655199E-5
2,190;590,-3.443047632257416E-5
2,225;461,-3.441360418890854E-5
2,131;849,-3.440684439046148E-5
2,1;489,-3.440569347160376E-5
2,72;555,-3.438734929580433E-5
2,472;559,-3.438253750674476E-5
2,172;748,3.436849885507574E-5
2,385;579,-3.4322884492566544E-5
2,206;767,3.4318340661958575E-5
2,236;334,3.4290856135705134E-5
2,702;999,-3.4265800213786955E-5
2,138;502,3.4257223276553205E-5
2,327;902,-3.4224619087109745E-5
2,718;824,3.421334714123776E-5
2,273;663,3.420299827799672E-5
2,835;969,3.418744033562187E-5
2,32;95,-3.4158367506845784E-5
2,74;213,-3.412194889395597E-5
2,415;603,3.410369383182037E-5
2,189;814,3.409976221858481E-5
2,320;961,-3.4092999976830234E-5
2,71;406,3.4071271970328555E-5
2,60;944,-3.403655463792864E-5
2,680;748,-3.3981810689021615E-5
2,492;957,-3.39729919121114E-5
2,415;716,3.3970036618804555E-5
2,756;940,3.394227520976987E-5
2,842;917,3.38996972635402E-5
2,216;389,-3.3883856076349994E-5
2,142;441,-3.387908919185249E-5
2,228;875,3.382885368353284E-5
2,377;529,3.382651528923872E-5
2,270;663,-3.3822113174155834E-5
2,801;996,3.380875922376136E-5
2,491;722,3.377998138670591E-5
2,50;212,3.377306622885895E-5
2,33;733,-3.376203307401369E-5
2,424;938,-3.3755294530901185E-5
2,326;513,3.375517717593642E-5
2,202;392,-3.3725656871869425E-5
2,643;970,3.3655500978405125E-5
2,93;885,-3.3643590455141E-5
2,519;572,3.359396957137803E-5
2,374;587,-3.355386845027182E-5
2,385;994,3.35481196033548E-5
2,421;505,-3.354286291814883E-5
2,342;397,-3.354212089703102E-5
2,832;845,3.353736719976944E-5
2,428;933,-3.352334672699618E-5
2,132;652,-3.351054192475282E-5
2,454;641,-3.345478569994505E-5
2,480;787,3.3453958424854135E-5
2,548;762,-3.345278153797603E-5
2,251;372,-3.3432426305023686E-5
2,161;799,3.342901490471792E-5
2,508;821,3.342359403183537E-5
2,221;899,3.3420082262501195E-5
2,328;329,3.340598448125563E-5
2,75;145,-3.3379460188441234E-5
2,546;603,3.337907370964527E-5
2,623;913,-3.3359676680282185E-5
2,106;315,-3.332103986657413E-5
2,332;992,3.331972881835359E-5
2,101;605,-3.331919994090895E-5
2,29;432,3.331563150239007E-5
2,234;757,3.3314010606926585E-5
2,87;409,3.330743512234669E-5
2,557;645,3.326099673777008E-5
2,194;327,-3.32146578308417E-5
2,226;634,3.3207006356826174E-5
2,260;739,-3.3204663422433636E-5
2,19;308,3.3156990940019927E-5
2,419;582,3.312116988726752E-5
2,661;969,-3.310837962060397E-5
2,433;557,-3.3093351749440335E-5
2,506;668,-3.3084375955597556E-5
2,756;925,-3.3072141777295495E-5
2,603;732,3.30682169914749E-5
2,210;832,3.305528269394801E-5
2,625;917,3.3051083509072994E-5
2,35;663,3.3001703576574766E-5
2,337;683,3.2960241524369226E-5
2,510;742,3.295295040358947E-5
2,1;929,3.2909458406606314E-5
2,63;754,3.290293442981486E-5
2,589;992,-3.287933952136887E-5
2,841;897,3.287190604403824E-5
2,327;835,3.286356091828449E-5
2,164;334,-3.285358620164798E-5
2,23;446,-3.284769045553224E-5
2,95;448,-3.283079632580659E-5
2,580;805,-3.2754834208336576E-5
2,448;522,-3.274219248206104E-5
2,395;473,3.2731500923634944E-5
2,631;724,3.272791252802148E-5
2,79;991,-3.270939112419084E-5
2,90;578,3.2635573186015045E-5
2,276;388,-3.263297153187353E-5
2,234;290,3.263137313144548E-5
2,768;953,3.260263647092644E-5
2,320;396,3.260082870321115E-5
2,172;493,3.259350181723719E-5
2,354;939,3.2591193630695645E-5
2,118;242,3.2582921256156404E-5
2,413;699,3.2575319289610754E-5
2,168;526,3.2560040969104316E-5
2,158;705,-3.2553311138542155E-5
2,726;799,-3.254009329247709E-5
2,498;845,-3.251665082055459E-5
2,122;346,-3.2515059098562344E-5
2,180;217,-3.2458812629091974E-5
2,164;172,-3.244899166331149E-5
2,239;795,3.244647912841126E-5
2,860;905,3.244623397537661E-5
2,111;831,3.2443837787314614E-5
2,2;153,3.2443556786229157E-5
2,419;722,-3.24403614007822E-5
2,216;478,-3.241662475558551E-5
2,507;589,-3.241236716460832E-5
2,432;675,-3.2397289654379036E-5
2,569;981,-3.2393537279322005E-5
2,417;865,-3.23851179335275E-5
2,203;898,-3.2353049331110526E-5
2,496;572,-3.230350343559563E-5
2,59;661,-3.229691101987885E-5
2,582;822,-3.2272971267858206E-5
2,311;635,-3.227038727020127E-5
2,298;669,-3.2265661023026E-5
2,55;87,3.2229621558073144E-5
2,555;957,-3.2224314560690316E-5
2,259;961,3.220997093250113E-5
2,19;225,-3.220503777557394E-5
2,326;895,3.216987228068701E-5
2,84;290,-3.21257604773045E-5
2,183;665,-3.212571032213869E-5
2,92;898,3.210978309163187E-5
2,161;544,3.2092258051934405E-5
2,456;689,3.2083336159451144E-5
2,46;246,-3.20717629507391E-5
2,444;706,-3.206297087861752E-5
2,614;971,-3.204942556056818E-5
2,392;770,-3.204768086284124E-5
2,6;478,-3.2042283455069654E-5
2,511;537,3.202696482303169E-5
2,165;548,3.202295770671208E-5
2,531;725,3.2013200660222576E-5
2,390;584,3.201281094549329E-5
2,443;964,-3.198806307263163E-5
2,625;970,3.1962452849514686E-5
2,665;950,3.1924952070487716E-5
2,416;765,3.1887125799498194E-5
2,491;969,3.186384312165572E-5
2,361;473,3.184647930764685E-5
2,65;290,-3.184456846397354E-5
2,161;885,-3.1840724816373845E-5
2,389;777,3.183983242427144E-5
2,914;973,3.182556143034852E-5
2,153;534,3.1821200553383666E-5
2,687;834,3.179588372161984E-5
2,428;751,3.178397297250041E-5
2,206;346,3.17751180917165E-5
2,47;887,-3.1748215913296934E-5
2,324;736,3.1693341348155216E-5
2,28;567,-3.1683420764840316E-5
2,193;194,3.164311307547804E-5
2,109;118,3.16355276686257E-5
2,92;680,3.162538594524228E-5
2,253;493,-3.157950005403387E-5
2,9;23,-3.157673978953785E-5
2,17;156,3.157404705409149E-5
2,48;125,3.1548843146753265E-5
2,57;235,3.153940344324265E-5
2,743;990,3.153125580430083E-5
2,610;858,3.1519697133364024E-5
2,267;387,3.1450837507807536E-5
2,933;992,-3.144944261042733E-5
2,488;567,3.143744910972428E-5
2,339;561,-3.1396308044876786E-5
2,370;725,3.132641526318631E-5
2,227;938,-3.130647205471258E-5
2,10;188,-3.1254134517012E-5
2,505;588,-3.1252835480285193E-5
2,260;459,3.120881179548037E-5
2,417;712,3.120070788228059E-5
2,444;504,3.119417847024881E-5
2,239;814,-3.1188001866374514E-5
2,644;881,-3.1166301497653706E-5
2,2;351,3.1151915221311234E-5
2,198;213,3.115142954641304E-5
2,210;673,-3.1129895959543495E-5
2,851;931,3.111589091475579E-5
2,196;566,-3.1112682450017446E-5
2,470;649,-3.111133830762486E-5
2,51;920,3.110128173637382E-5
2,263;312,-3.1060562928175534E-5
2,647;776,3.104950867451547E-5
2,60;875,3.1035559417642327E-5
2,114;834,-3.10256301582424E-5
2,447;723,-3.100317221495236E-5
2,443;976,3.1001530819739906E-5
2,30;642,3.0997790655101627E-5
2,526;814,-3.0996794980560696E-5
2,301;924,3.099490082398655E-5
2,104;629,-3.098997908762821E-5
2,344;394,-3.095791381359075E-5
2,607;616,-3.095671962056938E-5
2,966;992,3.094957375404245E-5
2,183;273,3.0873829302871635E-5
2,361;638,3.08566476978721E-5
2,482;616,-3.085268253346613E-5
2,407;714,3.083601260195041E-5
2,488;758,3.0834085266718074E-5
2,24;822,-3.080539389738957E-5
2,721;803,-3.079549530602796E-5
2,77;919,3.079073661826199E-5
2,339;434,-3.078799531621487E-5
2,701;943,-3.077480100348121E-5
2,511;809,3.0707960011428604E-5
2,158;548,-3.0701566178789165E-5
2,2;89,-3.0691965362402756E-5
2,315;566,3.066667769789154E-5
2,106;317,-3.0645069232945144E-5
2,48;96,-3.0619468755406296E-5
2,480;798,-3.0607486033073794E-5
2,368;478,-3.058729898686092E-5
2,2;433,-3.05792289930706E-5
2,855;940,-3.056902817262721E-5
2,291;665,3.055874228700306E-5
2,504;706,-3.053051095891264E-5
2,308;688,-3.0514719960577385E-5
2,303;307,-3.051206521221156E-5
2,666;759,-3.049016694744862E-5
2,43;308,3.0471587124494432E-5
2,577;628,-3.046727087714987E-5
2,64;833,-3.0432166969455473E-5
2,175;701,3.0415127053973214E-5
2,401;924,-3.0406841414689578E-5
2,87;516,-3.0394625200276346E-5
2,98;365,-3.0387878543205696E-5
2,522;532,3.0375625493676846E-5
2,308;720,-3.037117252462513E-5
2,709;863,3.0365159995413546E-5
2,352;464,3.03631256367561E-5
2,27;437,3.0269822333273536E-5
2,72;930,-3.0254722280091594E-5
2,661;771,3.0242303890191385E-5
2,291;556,3.0241501271679066E-5
2,87;269,3.018335934679097E-5
2,410;415,-3.0175076157714803E-5
2,514;893,3.0148616949142337E-5
2,141;810,-3.0137708603445723E-5
2,809;932,3.012687963824931E-5
2,642;710,3.0120867746112188E-5
2,341;581,-3.0120726944339705E-5
2,73;108,3.0118858865212957E-5
2,347;456,-3.0075634746862563E-5
2,615;770,-3.005252095668036E-5
2,0;849,-2.999843968051136E-5
2,71;896,-2.998349531418963E-5
2,312;638,2.997960085543179E-5
2,73;515,-2.9974727235549983E-5
2,293;643,-2.9953922154564758E-5
2,327;459,-2.9928201168377938E-5
2,880;948,-2.9926850023043643E-5
2,210;387,-2.9924243700230857E-5
2,857;997,2.990032537099358E-5
2,668;687,-2.987807527974129E-5
2,826;956,2.974672469239667E-5
2,417;546,-2.973038430273757E-5
2,218;220,-2.9717452259151102E-5
2,666;923,-2.9703828852096675E-5
2,420;725,-2.9701244905098597E-5
2,78;960,2.9693620633226393E-5
2,224;470,-2.968567692979454E-5
2,72;647,2.9674333891309794E-5
2,304;996,2.9631638426175293E-5
2,297;392,-2.9592346041201424E-5
2,64;580,-2.957846658568164E-5
2,555;592,2.9570576340005763E-5
2,358;778,2.953944298823029E-5
2,84;305,-2.948925622303828E-5
2,603;868,2.9463824080229253E-5
2,432;787,2.9448544334876496E-5
2,48;147,2.9437200373848664E-5
2,442;866,-2.942384344518613E-5
2,696;772,-2.941801074144805E-5
2,358;998,-2.9394243792224523E-5
2,304;767,-2.9379947391134663E-5
2,184;816,2.9359166188956752E-5
2,13;864,-2.9339482330639253E-5
2,614;994,-2.933502525804617E-5
2,876;960,-2.931422733720078E-5
2,334;595,-2.926657536184106E-5
2,1;175,-2.9257923303607792E-5
2,543;561,-2.9254128600239383E-5
2,636;869,-2.9247282484783415E-5
2,28;488,2.9244434623198034E-5
2,122;861,2.919753324700225E-5
2,147;615,2.9179873808209966E-5
2,554;992,-2.9177277450080182E-5
2,46;642,2.915136080420981E-5
2,269;989,2.9068795424989554E-5
2,353;827,-2.9062308188491122E-5
2,465;508,-2.9034698329499733E-5
2,190;652,2.9031902867614734E-5
2,305;702,-2.9027582788239615E-5
2,62;262,-2.9020079564122753E-5
2,542;776,2.8988692178514776E-5
2,84;510,2.898410017253545E-5
2,93;209,-2.8955147239308575E-5
2,114;687,2.889384223827335E-5
2,513;895,2.8888410160089986E-5
2,4;683,-2.888608414826141E-5
2,109;469,-2.8817180244460625E-5
2,77;432,-2.8799069784999438E-5
2,58;133,-2.878108860942185E-5
2,31;205,-2.8776793698825654E-5
2,444;661,2.8765885595695233E-5
2,250;392,-2.8744277972826778E-5
2,221;618,-2.874356449192528E-5
2,291;874,-2.8734194886987573E-5
2,581;718,-2.8675075729771926E-5
2,330;341,2.8671091541369646E-5
2,754;906,2.8662124442920345E-5
2,244;464,-2.8661533766992264E-5
2,77;367,2.8627673024448908E-5
2,598;739,-2.8585034599261436E-5
2,1;288,-2.8581557064261777E-5
2,96;207,2.855794233235379E-5
2,355;409,-2.854838006725792E-5
2,82;922,-2.8523035327426532E-5
2,261;339,2.8502281675712586E-5
2,488;963,-2.849066975074987E-5
2,54;700,2.848194785489928E-5
2,543;927,-2.847445305530334E-5
2,525;605,2.847250389200843E-5
2,619;758,-2.842100913275472E-5
2,411;432,2.8408335956306943E-5
2,415;881,2.8404253073102585E-5
2,725;822,2.8380571680543574E-5
2,4;984,-2.8378895448991095E-5
2,381;522,2.836759229603049E-5
2,703;866,2.8362104489069016E-5
2,305;430,-2.834656817281977E-5
2,251;361,-2.833591208656422E-5
2,642;665,-2.8331781337145578E-5
2,441;501,2.8316765937913867E-5
2,206;987,-2.8302058233839745E-5
2,179;645,-2.8301252576848033E-5
2,270;273,2.82942230854657E-5
2,729;944,-2.827671295725446E-5
2,602;852,-2.8264132557885264E-5
2,137;372,-2.82490535758208E-5
2,564;898,-2.8235312877116586E-5
2,603;881,2.8234042987350578E-5
2,135;407,-2.8232781001473258E-5
2,459;807,-2.822879948817078E-5
2,351;826,2.8220157153445226E-5
2,316;837,2.818971863600442E-5
2,241;458,2.8088435300102326E-5
2,758;963,-2.8065239319253213E-5
2,38;465,2.806317567613937E-5
2,37;493,-2.8058015577615676E-5
2,540;821,2.805667097747462E-5
2,544;799,-2.8017585355750822E-5
2,224;722,2.7997661706194124E-5
2,98;324,-2.7994043889691838E-5
2,518;602,-2.7984342656037928E-5
2,82;419,2.798398518590848E-5
2,920;921,-2.7974910056769533E-5
2,330;778,-2.7974577638258335E-5
2,97;770,-2.7973021026456395E-5
2,32;232,2.79495576503423E-5
2,15;43,-2.7934650141247076E-5
2,576;589,2.7933711245565422E-5
2,299;938,2.7899166032281465E-5
2,439;623,-2.7885016174180578E-5
2,197;555,-2.7860634079765633E-5
2,296;432,-2.7837246496523806E-5
2,470;633,2.7806138799099768E-5
2,605;790,-2.7796481955508566E-5
2,124;127,2.7742039702854973E-5
2,208;497,2.771971428569512E-5
2,59;432,-2.7715959720621667E-5
2,629;710,2.7702564202214682E-5
2,20;360,2.7701267516251184E-5
2,698;913,2.7684183966453058E-5
2,171;232,2.767870832971496E-5
2,457;822,-2.7668757526718332E-5
2,110;432,2.7645816111032764E-5
2,110;647,-2.7643408209225367E-5
2,589;676,2.7642196840615816E-5
2,459;910,2.764067086383E-5
2,56;640,-2.7626827159948686E-5
2,208;547,-2.7592620397594317E-5
2,70;811,2.7572901135585652E-5
2,505;623,-2.757004607227416E-5
2,81;711,2.756634000803801E-5
2,902;976,2.7555533266757297E-5
2,372;499,2.7531994201341697E-5
2,853;953,-2.7524064184560766E-5
2,10;640,-2.7503337450969868E-5
2,273;351,-2.7470787504402102E-5
2,187;944,2.743678455978464E-5
2,47;178,-2.743635094587564E-5
2,663;795,2.7389748417993437E-5
2,350;641,2.7379587873050434E-5
2,458;772,-2.73605502980082E-5
2,324;824,-2.7347660033736587E-5
2,287;344,2.7305554251301227E-5
2,75;865,-2.728979906676126E-5
2,337;663,2.7288484329092352E-5
2,45;60,2.7223617576581227E-5
2,518;836,2.7218207014127526E-5
2,597;633,-2.7207195767545982E-5
2,935;987,-2.713786311642648E-5
2,235;388,2.7100583927873893E-5
2,776;962,2.706453107173975E-5
2,198;758,-2.702353083976469E-5
2,93;286,-2.701999788925076E-5
2,58;842,2.7012003520932554E-5
2,334;544,2.699694556150775E-5
2,438;935,-2.6985890500717965E-5
2,541;732,2.698413118077013E-5
2,737;786,-2.6981297739632914E-5
2,830;998,2.6972776926050108E-5
2,541;939,2.6954341994506817E-5
2,693;815,2.69301351117864E-5
2,104;967,-2.6927623670869894E-5
2,153;474,-2.690846064532248E-5
2,297;393,-2.688842653186127E-5
2,345;784,-2.6886276652215442E-5
2,28;955,-2.687682678096979E-5
2,514;991,-2.6875036170389894E-5
2,412;632,2.6861473015978426E-5
2,531;986,2.6829442147646878E-5
2,381;556,2.682254413563004E-5
2,299;990,-2.682099137996964E-5
2,578;932,2.6796877329782816E-5
2,241;392,2.679513162485136E-5
2,16;749,-2.6775651386061542E-5
2,249;606,-2.6753131898217042E-5
2,4;394,-2.6737032378000924E-5
2,23;230,-2.6731785277361677E-5
2,777;907,-2.6727056311962912E-5
2,217;459,2.671455454187323E-5
2,47;647,-2.6700559725830716E-5
2,243;395,2.6642832179661894E-5
2,273;596,2.6638158889614934E-5
2,417;996,-2.6638110999933462E-5
2,85;153,-2.6634819720132612E-5
2,250;453,-2.6621425667281796E-5
2,214;662,2.660877028522807E-5
2,484;616,-2.6587953985630833E-5
2,590;912,2.6565726108138247E-5
2,420;820,-2.655349570501498E-5
2,468;788,2.6545893725083398E-5
2,766;988,-2.6538640407362217E-5
2,103;906,2.6530441008504456E-5
2,935;979,-2.6514629203427273E-5
2,787;799,-2.6485829389413693E-5
2,638;690,-2.6441542269389802E-5
2,105;729,2.6432365383746673E-5
2,146;734,2.6424494546994227E-5
2,438;763,-2.6401709815921437E-5
2,192;670,-2.6380162784584936E-5
2,301;401,-2.637816420449618E-5
2,894;945,2.6356262422693608E-5
2,772;815,2.6321622718682352E-5
2,227;424,2.6317312385922687E-5
2,53;779,2.631642080632389E-5
2,444;773,2.630514508863817E-5
2,553;906,-2.630139287867344E-5
2,324;560,-2.625326822760339E-5
2,118;215,2.621038491121877E-5
2,591;771,-2.6205280498924344E-5
2,100;814,2.6204336421230207E-5
2,288;552,2.6203082554050072E-5
2,306;769,2.6185330046879313E-5
2,36;508,-2.616862361569755E-5
2,167;609,2.616676275562866E-5
2,282;704,2.613314935820555E-5
2,661;941,2.6130822291922137E-5
2,680;735,2.611712473210768E-5
2,232;901,2.6116396022225994E-5
2,546;741,-2.6096539255264437E-5
2,98;542,2.6054458750817036E-5
2,101;159,-2.6046232979053697E-5
2,311;445,-2.604614509753018E-5
2,411;636,-2.6043451549266837E-5
2,123;810,-2.6033260784038928E-5
2,41;179,-2.6023458211232884E-5
2,554;942,2.6007664044673266E-5
2,433;967,2.5978644148259032E-5
2,731;814,2.5945097885047056E-5
2,117;969,2.5931165737863456E-5
2,397;531,-2.5922843621564523E-5
2,673;803,-2.5911128145011952E-5
2,580;667,2.5901433522458703E-5
2,75;879,2.5898715726560177E-5
2,191;210,2.5833952160641217E-5
2,158;561,2.5825833087931913E-5
2,19;919,2.5819718536358083E-5
2,75;530,2.5798088689674392E-5
2,800;902,-2.575803056589908E-5
2,93;303,2.5754695564324817E-5
2,239;755,-2.575044233964606E-5
2,618;912,2.5741366274681564E-5
2,4;958,2.5724272061282543E-5
2,266;922,2.571789388092363E-5
2,65;117,-2.5707659096711266E-5
2,176;570,2.5704513013153324E-5
2,85;425,2.5697767829990044E-5
2,729;939,-2.5689208837304523E-5
2,139;701,-2.568644229007918E-5
2,417;455,2.5685725406591768E-5
2,471;681,2.5679806506979564E-5
2,261;363,2.5679299461692486E-5
2,261;358,-2.5673812007842655E-5
2,542;910,-2.5663916520019842E-5
2,504;892,-2.5659891016916092E-5
2,346;715,-2.5645529783335056E-5
2,451;686,-2.5629840760016703E-5
2,272;462,-2.5626864950988696E-5
2,68;184,-2.5541838040629677E-5
2,893;915,-2.55336885853334E-5
2,864;998,-2.553051003779231E-5
2,119;544,-2.5521075157831454E-5
2,33;795,2.5496289487466338E-5
2,162;636,-2.5433629997477524E-5
2,240;378,-2.5420032163754367E-5
2,196;858,-2.5348552969805953E-5
2,324;995,2.5328028460309036E-5
2,102;514,-2.531956302189594E-5
2,623;642,-2.5310359408123285E-5
2,52;417,2.5309931992759444E-5
2,74;197,-2.5304858772083715E-5
2,220;638,-2.5280916859083374E-5
2,787;968,2.5262852251502233E-5
2,99;568,-2.525925016619718E-5
2,12;502,-2.5254253488430105E-5
2,450;707,2.5251338672580885E-5
2,49;270,2.5237094676714777E-5
2,662;967,-2.523538829241659E-5
2,263;305,-2.5201071537927015E-5
2,448;869,-2.5180098580885476E-5
2,222;383,-2.5164423993177324E-5
2,520;953,-2.516426419776089E-5
2,928;944,-2.5148196905077242E-5
2,78;110,2.513658415161553E-5
2,94;884,2.5127398848886124E-5
2,481;528,2.5127274464049414E-5
2,182;307,2.5126202207180358E-5
2,216;391,2.5089689348810693E-5
2,96;594,2.5083609949214458E-5
2,698;854,-2.50792559997782E-5
2,320;837,-2.5069065077676944E-5
2,214;256,2.5067903541290614E-5
2,87;764,-2.5065707314571E-5
2,593;971,-2.5061117684577987E-5
2,174;362,2.5059658589436054E-5
2,824;961,2.5015376372829814E-5
2,776;785,-2.501044701446241E-5
2,422;799,2.5002211826420352E-5
2,160;982,-2.4991914547867167E-5
2,470;597,2.4988570575281885E-5
2,811;912,-2.4981674145349624E-5
2,889;903,-2.4965741068552385E-5
2,82;810,2.4964494650027237E-5
2,292;784,-2.495352392967379E-5
2,451;957,2.4950622112305352E-5
2,671;722,2.4897537563091597E-5
2,577;809,-2.488367299798446E-5
2,545;816,-2.488293498304195E-5
2,147;675,-2.487227176752225E-5
2,563;707,2.4865413555764578E-5
2,612;766,2.485886451670763E-5
2,578;695,-2.4838721931111176E-5
2,89;770,2.4816095928699982E-5
2,393;503,2.480662024940246E-5
2,581;636,2.4797061264352014E-5
2,311;594,2.474450253337801E-5
2,426;608,-2.4728694426698047E-5
2,132;795,-2.471729603792528E-5
2,105;507,2.4713155069173267E-5
2,64;861,2.470199766503544E-5
2,289;982,-2.4698642063187983E-5
2,179;461,-2.4652944281765482E-5
2,273;841,2.4619725848436616E-5
2,584;815,2.457236652735427E-5
2,30;902,2.4536668205328404E-5
2,228;735,2.4534174249642946E-5
2,217;570,2.4531978163594674E-5
2,92;164,2.450678157183263E-5
2,329;544,2.44743610762264E-5
2,624;647,-2.4471082699247498E-5
2,659;803,2.4470175108442904E-5
2,484;488,2.4421960048682468E-5
2,76;804,-2.4412890126503175E-5
2,523;534,2.4407666403675337E-5
2,334;408,2.4394000019260313E-5
2,503;684,-2.438886811101121E-5
2,102;771,2.438496995828734E-5
2,131;526,-2.4377595166478554E-5
2,458;623,2.4370558590056116E-5
2,264;980,-2.4368253227541923E-5
2,244;261,-2.4324049871522063E-5
2,832;993,-2.4320540433812093E-5
2,99;120,2.431678441260274E-5
2,530;564,-2.4313912848127853E-5
2,105;595,-2.430863611606486E-5
2,31;234,-2.4268049439819167E-5
2,461;832,2.4256739873539547E-5
2,345;681,2.4246773373851214E-5
2,363;920,2.4239483205473104E-5
2,381;919,-2.4212115096255065E-5
2,18;405,-2.4176232685697408E-5
2,132;190,2.415302746340952E-5
2,705;901,-2.41524784909634E-5
2,15;526,2.4135266460928512E-5
2,40;897,2.411068490229275E-5
2,99;190,2.404184231680593E-5
2,278;738,2.401446732176088E-5
2,43;276,-2.399884266610741E-5
2,411;787,2.398464932978806E-5
2,443;885,-2.3964343962969404E-5
2,543;977,2.395896048022198E-5
2,17;258,-2.3930522293182156E-5
2,124;747,-2.3927052838736177E-5
2,652;894,2.392400387640751E-5
2,63;90,-2.3916935572603783E-5
2,474;902,-2.38702087804077E-5
2,81;164,-2.384250732578741E-5
2,620;717,2.380281671110566E-5
2,272;469,2.3798484119959732E-5
2,242;890,2.376376974323706E-5
2,871;939,-2.37549832852623E-5
2,412;716,2.3745837920051992E-5
2,224;690,-2.3717613832038116E-5
2,91;856,-2.3693224216086807E-5
2,187;336,-2.3665493300744662E-5
2,203;777,2.362273525762837E-5
2,337;936,2.3573846705658805E-5
2,454;726,-2.355506512863001E-5
2,73;201,-2.3553368832644188E-5
2,470;899,2.355280754647038E-5
2,230;502,-2.3542178206250584E-5
2,72;985,2.354007530006823E-5
2,568;968,-2.3509694931024192E-5
2,727;814,-2.3479920786454564E-5
2,712;750,-2.3457304812213697E-5
2,145;850,-2.338642661169784E-5
2,27;358,-2.3373825543941463E-5
2,72;110,2.3372604544698738E-5
2,826;969,-2.3332695368561593E-5
2,474;939,2.3324855865403975E-5
2,799;897,-2.3288176272198093E-5
2,868;894,2.3280347438463427E-5
2,910;926,2.325340131696154E-5
2,603;857,-2.325176872283151E-5
2,27;997,2.3245393813822144E-5
2,202;220,2.3213145573747046E-5
2,842;930,2.3197119170613622E-5
2,348;371,-2.3182966109544588E-5
2,505;749,-2.3175656937539257E-5
2,568;589,2.3153201777100897E-5
2,74;198,2.303885093117642E-5
2,97;282,-2.3035069550418703E-5
2,192;731,2.3022441355690928E-5
2,58;338,-2.296939582360856E-5
2,442;703,-2.2967446226477937E-5
2,546;584,-2.2956802611355187E-5
2,329;627,-2.2953181091162E-5
2,170;435,2.2929262471202626E-5
2,189;483,2.291711080794446E-5
2,782;926,2.289522141262209E-5
2,404;513,2.287269595229177E-5
2,380;567,-2.285741536713469E-5
2,509;926,2.285516645613983E-5
2,6;268,2.2821452710911426E-5
2,78;86,-2.2798956151168004E-5
2,30;230,2.2765484804983542E-5
2,683;955,-2.2742938412712388E-5
2,79;467,2.2729130022812133E-5
2,612;988,2.2644656147049497E-5
2,160;190,-2.2629551592151244E-5
2,566;603,2.262265767941103E-5
2,636;897,-2.2611349619569746E-5
2,88;456,2.2584319760634687E-5
2,92;278,-2.2573213782759567E-5
2,199;279,2.2489552386894754E-5
2,718;746,-2.248913582732079E-5
2,126;586,2.24872447116053E-5
2,221;458,-2.2484607165134058E-5
2,154;439,2.2457681478473887E-5
2,123;198,2.242387161373449E-5
2,111;810,2.238578413894987E-5
2,733;847,2.235930876922441E-5
2,764;795,-2.234062026024336E-5
2,448;726,2.230276446620578E-5
2,64;722,2.229701749778823E-5
2,941;945,-2.2283536498325854E-5
2,415;447,2.2281939600448152E-5
2,230;634,2.2280342792763725E-5
2,742;823,2.227044892314027E-5
2,494;854,-2.2262946716903905E-5
2,222;381,-2.2254044390700196E-5
2,525;611,-2.221403896030988E-5
2,751;988,2.2202501096856716E-5
2,297;614,2.2197098523062106E-5
2,93;557,-2.217187023140067E-5
2,41;546,2.2165515591373614E-5
2,334;872,2.2139690478564366E-5
2,362;643,-2.213488105505379E-5
2,19;945,2.212162191285186E-5
2,66;952,2.2114385429651274E-5
2,727;997,-2.2094199719548597E-5
2,739;943,-2.2079584323367056E-5
2,98;498,-2.207126401091017E-5
2,42;644,-2.1995943393257196E-5
2,201;710,2.1984743948984087E-5
2,168;897,2.196302838507018E-5
2,646;690,2.1945598107898425E-5
2,186;987,2.1925683551804126E-5
2,57;132,-2.19252574851462E-5
2,244;528,-2.1910929044867925E-5
2,40;592,-2.190877262927641E-5
2,229;822,-2.1894165186093585E-5
2,286;729,-2.1883847551747203E-5
2,252;436,2.1820466677241086E-5
2,391;977,-2.17643108981967E-5
2,569;848,2.1759010074115722E-5
2,882;917,-2.1678466162568072E-5
2,172;614,-2.167462096252694E-5
2,148;961,-2.1661224569752254E-5
2,90;694,-2.163329912229003E-5
2,194;216,-2.163084284304498E-5
2,746;762,-2.1613187086102938E-5
2,72;393,-2.1586690558474877E-5
2,422;706,2.15142178900401E-5
2,386;418,2.1510615047830014E-5
2,501;797,2.1497174633352823E-5
2,254;516,2.1490868701649256E-5
2,161;223,2.1483623849655973E-5
2,830;880,-2.146154164944372E-5
2,540;946,-2.1435529264713328E-5
2,53;213,2.142538921443559E-5
2,243;535,-2.142307560139275E-5
2,228;544,2.1413023452901198E-5
2,739;927,2.1408941774720172E-5
2,107;971,2.1403547849284555E-5
2,466;622,-2.1399306619744653E-5
2,841;946,-2.1391115070510428E-5
2,36;135,-2.1382950326589004E-5
2,626;654,-2.138232677574585E-5
2,330;826,2.1367603606861353E-5
2,459;600,-2.1301939839412277E-5
2,573;945,-2.1299807332753635E-5
2,569;931,2.129909328869681E-5
2,552;946,2.128348333462947E-5
2,447;673,-2.1257573459141094E-5
2,54;315,2.124665483105212E-5
2,448;604,2.123725079074549E-5
2,704;906,2.123075639195147E-5
2,282;770,-2.1224356779144875E-5
2,190;837,-2.1217270926229097E-5
2,451;492,2.1215664398376315E-5
2,713;849,2.1172452827618413E-5
2,85;219,2.1167353402161277E-5
2,577;912,-2.1163602684858217E-5
2,10;557,-2.1163252861687972E-5
2,279;450,-2.1127781387263442E-5
2,777;905,-2.112660172565768E-5
2,80;755,-2.11167487670686E-5
2,87;746,2.1069923108495426E-5
2,220;860,-2.1050979005518252E-5
2,184;895,2.104018280584108E-5
2,102;177,2.1035907230180355E-5
2,77;962,2.0972318943532875E-5
2,711;775,-2.0952231587739205E-5
2,20;64,-2.09451259237907E-5
2,442;598,2.0921667264925753E-5
2,223;885,2.0890660322589185E-5
2,22;971,-2.0878487104193273E-5
2,590;862,2.0855918667246586E-5
2,418;466,2.0854855139621458E-5
2,23;473,-2.085382479797387E-5
2,7;35,2.0853097456178776E-5
2,246;637,-2.0813940991397462E-5
2,491;663,2.081392048658793E-5
2,1;260,2.08025994272944E-5
2,87;761,-2.078151926254173E-5
2,256;271,2.0781016642954287E-5
2,463;869,-2.0758660707637476E-5
2,728;893,2.0745323378253868E-5
2,391;927,2.0736832754879407E-5
2,39;855,-2.073482181491003E-5
2,381;402,-2.0714631295971043E-5
2,495;504,-2.069735603798519E-5
2,198;419,2.0696838072742544E-5
2,84;666,-2.0696040251025443E-5
2,344;830,-2.0677480276805236E-5
2,12;451,2.066837397241339E-5
2,53;70,-2.0651588464247328E-5
2,44;210,-2.0624663155341477E-5
2,208;557,-2.0621883444565822E-5
2,346;468,2.0584112786889133E-5
2,241;699,-2.0579812687199753E-5
2,99;874,-2.057715679060493E-5
2,210;890,2.0561796587876152E-5
2,161;857,-2.0543670328563476E-5
2,280;629,2.053994994101583E-5
2,51;421,-2.0538909765174452E-5
2,740;949,-2.0524625194019217E-5
2,691;744,-2.051295185881071E-5
2,597;899,-2.0489549300333914E-5
2,885;964,2.048148866651073E-5
2,534;744,-2.0480002251271618E-5
2,234;566,2.0473102639395794E-5
2,36;714,-2.0472709879916527E-5
2,546;996,-2.0466674110963577E-5
2,413;682,-2.0465169766096656E-5
2,592;903,2.0453529078804123E-5
2,596;947,2.0435896371425815E-5
2,904;958,2.043410691845214E-5
2,108;714,2.0410475913883022E-5
2,96;842,2.04085715217728E-5
2,470;680,2.0378358097818932E-5
2,883;948,-2.0337158096745045E-5
2,453;668,2.0325060037161426E-5
2,593;614,2.031308944939743E-5
2,592;792,-2.030884423894292E-5
2,237;363,2.030684809177593E-5
2,367;858,2.025717844635777E-5
2,263;969,2.0235898094545152E-5
2,640;804,-2.0230693589917333E-5
2,316;964,-2.0221271494560135E-5
2,344;760,-2.0219746624086335E-5
2,552;580,-2.020891269256826E-5
2,317;664,-2.020823446308262E-5
2,377;609,2.0201242387765517E-5
2,260;534,-2.0196187305497075E-5
2,90;854,-2.0157093065261478E-5
2,311;665,2.0156841123231156E-5
2,557;926,-2.0147893620408467E-5
2,145;626,-2.0141517044472293E-5
2,124;402,-2.0128237742040133E-5
2,584;589,2.012469368636774E-5
2,298;307,2.0090748762175593E-5
2,815;846,2.00834729062606E-5
2,538;595,-2.0056852292820157E-5
2,167;883,-2.005062570730679E-5
2,76;480,2.004364261063672E-5
2,19;207,-2.0043043379468357E-5
2,109;543,-2.0038444183890177E-5
2,24;785,2.0036495764194606E-5
2,138;416,-2.0022303464653684E-5
2,817;915,2.0018785124009128E-5
2,620;978,2.0013750861601587E-5
2,303;456,2.0010860532174754E-5
2,373;485,-1.998307022366233E-5
2,415;705,1.9980794461092655E-5
2,819;879,1.997734156204064E-5
2,139;519,1.9969892211456786E-5
2,223;582,-1.9960592719038406E-5
2,810;886,-1.995350345003001E-5
2,323;862,1.99484915344462E-5
2,462;718,-1.994102512289473E-5
2,28;243,-1.9939072961976813E-5
2,399;902,-1.9932145842484555E-5
2,461;557,1.992083694882782E-5
2,337;955,-1.990859521884065E-5
2,608;626,-1.9896775700545376E-5
2,543;921,-1.9885331310568356E-5
2,278;304,-1.9875129558515234E-5
2,337;480,1.9853608212871273E-5
2,109;413,-1.9851689584297643E-5
2,39;204,-1.9828044871274167E-5
2,831;939,1.9826829735949002E-5
2,293;795,-1.9818583994069655E-5
2,161;874,1.9806182124719074E-5
2,22;725,1.9802165590479816E-5
2,154;699,1.9800360108563503E-5
2,363;637,1.9777274302732913E-5
2,192;555,-1.9774248355040422E-5
2,175;719,1.9763517278016062E-5
2,125;659,1.9733815427018882E-5
2,487;505,-1.9714206823445795E-5
2,725;906,1.9685595217044132E-5
2,234;804,-1.967994411802775E-5
2,77;635,-1.967762819369851E-5
2,559;661,-1.9652187851039978E-5
2,17;238,1.962597046466854E-5
2,516;608,-1.962520345989996E-5
2,580;722,-1.9624156836823212E-5
2,763;809,1.961851514586655E-5
2,224;239,1.9615520926673367E-5
2,257;531,1.9593553623212293E-5
2,406;982,-1.958925983130838E-5
2,109;236,-1.9589153106867423E-5
2,136;430,1.956130374112846E-5
2,225;486,1.953511958538734E-5
2,181;961,1.949686597780956E-5
2,728;795,-1.94632701946554E-5
2,85;520,-1.9430158141007043E-5
2,421;504,-1.9427726302577934E-5
2,878;984,1.9403232674681748E-5
2,77;684,1.9390922035290318E-5
2,391;810,-1.9387789946195542E-5
2,489;925,1.9382096119868035E-5
2,63;234,1.9366604001322723E-5
2,28;386,1.9366367890439372E-5
2,220;886,1.936037362552337E-5
2,387;689,-1.9351245847525407E-5
2,627;984,-1.9329931099786174E-5
2,81;326,-1.9311767437504047E-5
2,175;223,-1.9282244091712987E-5
2,541;873,-1.926134004562201E-5
2,326;370,-1.9250622835204263E-5
2,239;470,-1.9243990581007156E-5
2,406;442,1.9228670139192835E-5
2,297;837,1.920160528103527E-5
2,313;647,1.9198245491203366E-5
2,290;504,-1.919641569786551E-5
2,718;738,1.919581757573094E-5
2,638;813,1.9191549026502283E-5
2,99;508,1.9187567124919063E-5
2,164;465,-1.9178528749470486E-5
2,455;665,-1.9172703252832354E-5
2,479;562,1.9161664070589427E-5
2,618;836,-1.9160140845236386E-5
2,590;811,-1.9148674644617657E-5
2,231;459,-1.9140487476128328E-5
2,2;755,-1.9127643917344313E-5
2,95;331,1.9124376440555016E-5
2,551;732,-1.9086250918452787E-5
2,631;881,1.9058664701418516E-5
2,171;499,1.90489870396965E-5
2,122;211,1.9020837141957244E-5
2,58;135,1.8984486127486918E-5
2,248;279,1.897054926462328E-5
2,242;643,-1.8940096701175088E-5
2,434;747,-1.893620378994771E-5
2,242;595,-1.8909644658338936E-5
2,624;776,-1.8856945525816273E-5
2,339;543,1.883017453342814E-5
2,266;517,1.8816704802788083E-5
2,144;450,1.8780489077807322E-5
2,79;513,1.8757974727219088E-5
2,316;396,1.8753455275141017E-5
2,97;544,-1.8748825595459907E-5
2,605;706,-1.8748591289605454E-5
2,560;693,1.8733523705361106E-5
2,219;511,1.8714279963022475E-5
2,353;799,-1.8711754349201693E-5
2,154;286,-1.8701779059104326E-5
2,16;583,1.869348924215325E-5
2,88;885,-1.8643853863482738E-5
2,102;539,-1.8637341044457064E-5
2,341;386,1.86344001827398E-5
2,656;887,1.8625257641599877E-5
2,50;367,1.862255067093999E-5
2,214;681,-1.8621286766680846E-5
2,208;461,1.8585953859233785E-5
2,404;749,-1.8556507780581407E-5
2,219;425,1.8503471652291457E-5
2,224;560,1.8464360648023078E-5
2,56;153,1.844083649209629E-5
2,728;991,1.8394395065551488E-5
2,362;634,1.8390102956592923E-5
2,539;771,1.8386878879936188E-5
2,274;696,-1.8371018186674874E-5
2,210;591,1.836960267654068E-5
2,502;600,1.8339426579056463E-5
2,463;534,-1.827077107960401E-5
2,132;236,-1.8265664283480574E-5
2,306;629,-1.8263209542245176E-5
2,323;614,1.8232626449896136E-5
2,433;764,1.8201069136852307E-5
2,604;609,-1.8129903543654764E-5
2,438;695,-1.812909348917519E-5
2,728;753,1.812605185634045E-5
2,7;861,1.8112381786494324E-5
2,139;287,-1.8101022120124947E-5
2,121;698,-1.808280554001622E-5
2,65;234,1.805975090500439E-5
2,130;754,1.8059344799116916E-5
2,150;403,1.804859902036872E-5
2,162;541,1.8022739503560785E-5
2,574;642,-1.8002073765706174E-5
2,410;959,-1.795792855268633E-5
2,101;179,1.793333022038507E-5
2,69;626,1.7886268973718777E-5
2,400;873,-1.7835202724887158E-5
2,79;326,1.783063535370321E-5
2,396;687,-1.781850181384534E-5
2,371;753,-1.7800863308761134E-5
2,815;872,1.7773639533169573E-5
2,65;757,1.7765489662613683E-5
2,183;654,1.7752852244506234E-5
2,1;448,1.774889872226564E-5
2,446;658,1.774694212792073E-5
2,482;927,1.773209332394611E-5
2,595;932,-1.7680792994563705E-5
2,135;929,-1.7647058047915354E-5
2,361;768,1.7626701521286794E-5
2,187;388,1.762303016294784E-5
2,196;906,1.76114868570727E-5
2,87;403,-1.7604512569847382E-5
2,329;972,1.759277956350899E-5
2,254;751,-1.758600706720292E-5
2,287;394,1.75604919472709E-5
2,163;538,1.752313101673574E-5
2,399;981,1.7509663553643382E-5
2,182;368,-1.7481833814346308E-5
2,605;992,-1.7478915396505874E-5
2,51;127,1.747253894617626E-5
2,261;505,-1.7435104560660672E-5
2,444;482,-1.7394097901949012E-5
2,73;993,1.7368101822597717E-5
2,454;670,-1.73238207237182E-5
2,176;856,1.7306118296262607E-5
2,86;973,-1.7274332615011296E-5
2,289;660,1.7244785237042753E-5
2,296;749,-1.7196782785189983E-5
2,526;605,1.717080594506038E-5
2,130;324,1.7158893049758317E-5
2,229;304,1.715603056520783E-5
2,89;812,-1.7140157771345852E-5
2,3;819,-1.712842540480334E-5
2,840;963,1.711307402471296E-5
2,539;862,-1.7112537032683404E-5
2,383;872,-1.7103027135012487E-5
2,201;380,1.7075304503114826E-5
2,37;501,-1.7060438359500414E-5
2,113;567,1.705343283733704E-5
2,322;593,1.7016986063950593E-5
2,577;705,-1.698994249148037E-5
2,761;770,-1.6987589886718836E-5
2,154;994,1.698729409996406E-5
2,318;416,1.698107770299745E-5
2,610;944,-1.6980689547127137E-5
2,455;766,-1.689870471472653E-5
2,331;557,-1.688286464419697E-5
2,633;978,1.687055461509928E-5
2,223;468,-1.6849488621621375E-5
2,393;655,-1.6836250767322607E-5
2,626;938,-1.682251407191139E-5
2,32;978,1.6821880017498756E-5
2,625;745,1.6820505680262666E-5
2,126;605,-1.680914338287099E-5
2,21;560,1.680673465599008E-5
2,15;270,-1.6804532756271848E-5
2,338;347,-1.6803052653106137E-5
2,779;839,1.679910506725091E-5
2,98;310,-1.6793593911494454E-5
2,223;687,-1.676824158499249E-5
2,64;122,-1.6711059965304288E-5
2,44;712,1.671081641539024E-5
2,721;941,-1.6680627026338193E-5
2,306;887,-1.667965990727609E-5
2,320;753,-1.665586867125353E-5
2,439;848,-1.664512611830585E-5
2,828;969,-1.6644983524740893E-5
2,97;864,-1.6644486297416563E-5
2,369;415,-1.6633654541948174E-5
2,637;817,1.6628658068348275E-5
2,151;256,-1.66167038764984E-5
2,167;515,1.65492773416415E-5
2,99;465,1.6536006632529784E-5
2,496;921,-1.6531338522584017E-5
2,398;998,-1.6529780783741552E-5
2,507;665,1.650353250159149E-5
2,612;765,-1.6489593020048565E-5
2,346;955,-1.6481703963144718E-5
2,156;349,1.6481478373947E-5
2,435;487,1.647272483885317E-5
2,402;747,1.64593107422173E-5
2,723;911,1.6454175973429783E-5
2,238;637,1.640930267490912E-5
2,411;819,1.640438277023701E-5
2,87;150,-1.6402300004685844E-5
2,105;114,-1.6369029309706733E-5
2,413;638,-1.636532618439133E-5
2,210;530,-1.63414358296715E-5
2,138;451,-1.6339800530163687E-5
2,209;303,-1.6326321110334387E-5
2,396;610,-1.632386970986176E-5
2,633;687,1.631645211306651E-5
2,570;921,1.6299220430659665E-5
2,655;951,1.628770850217553E-5
2,187;884,-1.628597030721666E-5
2,71;689,1.6283319368302074E-5
2,152;182,-1.625111188063219E-5
2,522;729,-1.624543646661046E-5
2,339;699,-1.6241226484484297E-5
2,217;685,-1.6239491250964744E-5
2,578;809,-1.619276747575256E-5
2,568;881,1.6187541729779666E-5
2,203;564,-1.618389804592224E-5
2,15;253,1.6130654586212027E-5
2,750;886,-1.612972007785925E-5
2,168;588,-1.6122950169681538E-5
2,463;886,-1.6110620193572672E-5
2,203;405,1.6038939960448585E-5
2,30;897,-1.6038556363462667E-5
2,187;964,-1.6038518470411858E-5
2,254;457,1.6023905091590887E-5
2,68;645,-1.6006022206564616E-5
2,260;489,1.598390350139825E-5
2,202;506,1.5964724007672847E-5
2,111;776,1.5961843700671588E-5
2,527;914,-1.593181612247642E-5
2,672;700,1.590282981060282E-5
2,393;863,1.5896400324944104E-5
2,288;601,1.5889171844314376E-5
2,571;819,1.5869895170884267E-5
2,835;941,1.585027332829287E-5
2,744;958,1.5848186381884455E-5
2,339;376,-1.581753536702068E-5
2,201;812,-1.5807224716836267E-5
2,584;862,-1.578898314200967E-5
2,84;623,1.5782299064343344E-5
2,581;869,-1.5773534480713072E-5
2,315;678,-1.577126582005492E-5
2,505;855,-1.5761579144261157E-5
2,286;934,-1.5750322028013034E-5
2,206;760,-1.5715858793999E-5
2,113;269,1.5706165423644724E-5
2,630;632,1.568222742610604E-5
2,792;903,-1.5671727817603474E-5
2,758;895,1.566281058870187E-5
2,177;323,1.564536659717309E-5
2,628;956,-1.562791511513606E-5
2,176;674,1.5617778530839476E-5
2,262;817,-1.5609236029759013E-5
2,51;579,1.5598024095756774E-5
2,247;656,1.5591120017011537E-5
2,106;746,1.5581365565481127E-5
2,916;941,-1.5544119573013104E-5
2,621;933,1.5537976168312582E-5
2,454;711,1.551291262411507E-5
2,714;803,-1.551263069241114E-5
2,77;776,1.5441762019095834E-5
2,214;441,-1.5439827937698424E-5
2,109;575,1.5384697684801134E-5
2,188;944,-1.5378626519746664E-5
2,599;707,1.5367298986382527E-5
2,266;361,1.536374782303955E-5
2,194;504,1.5316826069606488E-5
2,802;844,1.5289136661485153E-5
2,32;856,-1.5280815199523255E-5
2,39;840,-1.5260707584716595E-5
2,93;331,1.5260412015899666E-5
2,187;911,-1.5206072311499563E-5
2,351;585,1.5199487058040807E-5
2,201;562,-1.518429112004599E-5
2,77;236,-1.516115699152315E-5
2,771;969,-1.5121431996628812E-5
2,197;841,1.508503592995921E-5
2,417;667,1.5084012264051851E-5
2,807;969,1.5076862254156062E-5
2,409;948,1.5061375167707266E-5
2,195;977,-1.5053910757632468E-5
2,332;451,-1.504124166904705E-5
2,5;765,-1.5002657200115705E-5
2,292;849,-1.4979401573664314E-5
2,906;910,1.4954059285614996E-5
2,372;758,-1.491849312789486E-5
2,248;464,-1.488979487069883E-5
2,461;951,-1.4887513580422381E-5
2,682;941,-1.4881332193897389E-5
2,205;567,-1.4881048659725053E-5
2,217;967,-1.48478500730179E-5
2,375;506,1.482609871660323E-5
2,147;852,1.4785459041076948E-5
2,261;736,1.4773776781998427E-5
2,18;711,1.4759416231532512E-5
2,261;697,1.4757211009808799E-5
2,204;229,-1.4742614238718782E-5
2,590;808,-1.4730165036467998E-5
2,351;717,-1.4714312710140009E-5
2,336;999,1.4701467032172406E-5
2,132;621,1.4701366212899046E-5
2,20;760,1.4682090842505013E-5
2,786;967,-1.4678362609015269E-5
2,77;985,1.466368922908668E-5
2,206;955,-1.4638054302140436E-5
2,337;741,-1.4635741889272907E-5
2,477;748,-1.462975065500799E-5
2,256;678,1.4599336951363757E-5
2,304;738,-1.4593197022306236E-5
2,30;615,1.456952588668091E-5
2,905;907,-1.4566812337963177E-5
2,25;582,1.4566518173215457E-5
2,103;358,1.4557532053738332E-5
2,75;482,1.4557013883024231E-5
2,214;748,1.4556963825644281E-5
2,231;327,-1.4546423925306862E-5
2,471;700,1.4542271788874642E-5
2,409;762,1.45408689887842E-5
2,552;627,-1.4539735601488274E-5
2,59;564,-1.453916174573179E-5
2,409;781,1.4536840769548969E-5
2,148;307,-1.4513803567557479E-5
2,279;912,1.4509637815169057E-5
2,566;715,1.4509442347361165E-5
2,745;982,-1.4482532537270706E-5
2,25;939,-1.4418774755586144E-5
2,459;965,-1.4416768626953069E-5
2,215;345,1.4415253103649669E-5
2,317;456,1.4399688853652838E-5
2,346;968,1.4397578010772044E-5
2,247;311,1.4355890137889522E-5
2,477;860,1.4332990590062712E-5
2,252;418,1.4330379687507722E-5
2,559;952,1.4322899956636263E-5
2,2;639,1.429800884761473E-5
2,252;441,1.4280456548902337E-5
2,27;687,1.427990211218222E-5
2,90;368,1.4272445163723072E-5
2,454;981,-1.4257913937836404E-5
2,320;568,-1.425737984842021E-5
2,307;977,1.422067760821366E-5
2,437;581,-1.4206768819877535E-5
2,495;805,1.4158834702551866E-5
2,197;507,1.4153141004003612E-5
2,298;703,1.4140550904608307E-5
2,107;877,1.4107176996667262E-5
2,197;575,-1.4082291515448792E-5
2,405;564,-1.4077571564877434E-5
2,111;141,-1.397768942000533E-5
2,205;983,-1.3946559656472727E-5
2,466;835,-1.3925286835984638E-5
2,498;701,-1.391946119665824E-5
2,68;179,-1.391927492400135E-5
2,777;790,-1.3895286688434719E-5
2,386;544,1.3878300054635577E-5
2,139;340,-1.3854079595906899E-5
2,302;687,-1.385276488022224E-5
2,435;746,-1.3851988892711595E-5
2,426;491,-1.3847338293107934E-5
2,65;357,-1.3820230037935831E-5
2,828;992,1.3817196461923185E-5
2,213;233,-1.371325724607713E-5
2,286;508,1.36980115796626E-5
2,234;315,1.3671895222941537E-5
2,86;622,1.3668741366791679E-5
2,522;531,1.3642092279976287E-5
2,56;233,-1.3576338368430314E-5
2,53;631,-1.356366608292009E-5
2,113;817,1.3562195606476334E-5
2,535;944,1.3542184327497515E-5
2,130;196,1.354039880508709E-5
2,221;384,-1.3517897526603082E-5
2,299;601,1.3516310145479708E-5
2,29;991,1.3509843143679361E-5
2,48;602,-1.350592564931271E-5
2,264;303,-1.350460914360873E-5
2,675;719,1.346753901269504E-5
2,137;904,1.3460241214341502E-5
2,3;639,-1.3434965755444096E-5
2,878;883,1.3419173682304788E-5
2,531;532,1.3386430862669795E-5
2,100;101,-1.3378954078423253E-5
2,419;440,-1.3370632361808043E-5
2,20;120,1.3344499322511459E-5
2,698;969,-1.3315962987283741E-5
2,582;922,-1.3305871275455045E-5
2,536;829,1.3297339044088065E-5
2,396;984,1.3296499712598123E-5
2,84;920,1.329146449213333E-5
2,413;627,-1.3272567715728289E-5
2,71;652,1.3252078291276338E-5
2,39;66,-1.3248664887826758E-5
2,270;404,1.3217132682393786E-5
2,131;553,1.3191605380547845E-5
2,736;931,-1.3187845363612324E-5
2,31;938,-1.3125844311718566E-5
2,350;881,-1.3096320955694193E-5
2,43;600,-1.3085889545987481E-5
2,339;358,1.3080813246918684E-5
2,525;665,1.3063773740034757E-5
2,77;822,1.3053373734399194E-5
2,329;547,-1.3040688835470056E-5
2,235;352,-1.3027393091416338E-5
2,688;851,1.3018230018010814E-5
2,836;912,-1.3013830757256116E-5
2,197;629,1.3008435984475085E-5
2,373;837,1.3007069372442462E-5
2,14;548,-1.2991068570693723E-5
2,508;673,-1.298739193182949E-5
2,682;739,1.2974371849926447E-5
2,50;820,1.293945936724427E-5
2,89;340,1.2936502623293268E-5
2,488;856,1.2920439491180943E-5
2,78;988,-1.2892015566669745E-5
2,118;643,1.2864354359217262E-5
2,66;279,-1.283819865855116E-5
2,458;656,-1.2814423872797367E-5
2,574;709,-1.2812941362735024E-5
2,813;967,-1.281152048238235E-5
2,467;880,-1.279578443056792E-5
2,76;634,-1.2777654273139725E-5
2,528;944,-1.2750416965801925E-5
2,4;744,1.2746024905037776E-5
2,53;661,-1.2712662986720705E-5
2,71;982,1.2677086941268511E-5
2,201;381,1.2654464138368348E-5
2,155;321,-1.2653355128501576E-5
2,286;291,-1.263113330026458E-5
2,101;505,1.2628449593440012E-5
2,280;766,1.2622990733016982E-5
2,184;271,-1.2618738845359522E-5
2,466;634,-1.2615515448225638E-5
2,258;790,-1.2612531212009816E-5
2,75;417,-1.2581602239560772E-5
2,196;386,-1.2569493937216707E-5
2,81;281,-1.2547154169036304E-5
2,468;998,-1.2534317336544955E-5
2,316;363,1.2509323623156835E-5
2,290;887,1.2495985141437842E-5
2,207;725,-1.2430109884209978E-5
2,163;745,-1.2425959916976482E-5
2,223;984,1.2424588294831556E-5
2,954;998,1.2387476662901382E-5
2,144;971,1.2380261463954073E-5
2,612;967,-1.2371491015110043E-5
2,203;316,-1.2355342801430858E-5
2,722;921,1.2319786154340984E-5
2,351;508,-1.2294297422637498E-5
2,105;197,-1.229336916923053E-5
2,186;371,-1.2283349108908153E-5
2,295;548,-1.2219490643704333E-5
2,406;907,-1.2214909220242417E-5
2,41;299,1.221032092114667E-5
2,67;814,1.2176448526069494E-5
2,187;787,-1.2119312482684289E-5
2,438;637,1.2101201410363E-5
2,291;418,1.2096515380448327E-5
2,204;800,1.208026120504383E-5
2,186;787,-1.2066832042324602E-5
2,352;860,-1.202556234242777E-5
2,62;931,-1.2024534219456456E-5
2,191;447,1.1991345563102038E-5
2,262;748,-1.1974902688136551E-5
2,277;356,-1.1968984617762051E-5
2,637;702,1.1949102349833971E-5
2,297;640,-1.1948374685739984E-5
2,303;553,-1.1947043709843376E-5
2,385;939,-1.192498095680445E-5
2,451;833,-1.1908361200088285E-5
2,71;166,1.1885106898651285E-5
2,276;432,1.1882261080994313E-5
2,160;804,-1.1877091156990073E-5
2,633;899,1.1870441789646246E-5
2,130;610,-1.1856168247270406E-5
2,10;297,-1.1844280115410944E-5
2,22;739,1.1843123515763477E-5
2,274;478,-1.1838670030904712E-5
2,381;531,1.183576400322592E-5
2,235;542,-1.1834631140367002E-5
2,626;671,-1.1811913243549716E-5
2,505;812,-1.1803391384210896E-5
2,36;827,-1.1802691598371926E-5
2,297;867,1.1792870040221615E-5
2,61;320,-1.17203660261163E-5
2,180;958,1.1676594765520105E-5
2,244;318,-1.166657275674482E-5
2,510;877,-1.1661935720610813E-5
2,19;878,-1.1587245443072463E-5
2,82;454,-1.1578169766221932E-5
2,47;135,-1.1560965851832125E-5
2,13;655,1.1555732317456137E-5
2,728;913,-1.1547560999810449E-5
2,402;994,1.1509519795185878E-5
2,272;341,-1.1499294885762262E-5
2,475;898,1.1484724493268039E-5
2,466;739,1.1475863607803547E-5
2,302;841,1.1462086282944046E-5
2,330;793,1.1453211197636565E-5
2,669;973,1.1448946281515993E-5
2,480;663,1.1436894537610154E-5
2,150;524,1.1410220346770279E-5
2,383;873,-1.1403579927519329E-5
2,559;945,-1.1379345054501154E-5
2,728;939,1.134960275945119E-5
2,843;997,1.1348581163723774E-5
2,252;810,-1.1328918821903372E-5
2,262;890,1.1324999139983207E-5
2,496;847,-1.1324499491991082E-5
2,428;988,-1.1315379098160633E-5
2,331;493,1.1309976562966521E-5
2,468;930,1.1298314952555768E-5
2,743;819,-1.1291796949296294E-5
2,179;385,1.1282162217083932E-5
2,136;256,-1.1256784399026872E-5
2,176;862,1.1225666979750429E-5
2,903;996,1.120633674587003E-5
2,555;670,-1.1172236914158002E-5
2,629;714,-1.116544589929415E-5
2,410;815,1.1148602274262142E-5
2,380;631,-1.104286804414109E-5
2,452;824,-1.1029475414231244E-5
2,722;749,1.1014506842182436E-5
2,176;817,1.1000999413772819E-5
2,407;441,-1.0997251181211144E-5
2,830;930,-1.0965457904326077E-5
2,120;774,1.095705796301203E-5
2,35;935,1.0926063768644314E-5
2,687;844,-1.0920388867610237E-5
2,231;765,-1.0846509679786918E-5
2,21;816,-1.0795093096840437E-5
2,507;761,-1.0791090918705462E-5
2,273;908,1.0783770177014048E-5
2,372;976,-1.0774318355059542E-5
2,619;913,1.0770284680188792E-5
2,717;727,1.0756709176429E-5
2,73;498,-1.0753839420449003E-5
2,349;776,-1.0752211050865921E-5
2,333;528,-1.0740077932251027E-5
2,330;386,1.0732289183218565E-5
2,233;640,-1.0714893031704025E-5
2,795;814,-1.069185536638613E-5
2,127;402,1.065295795698419E-5
2,419;943,1.0635807123042018E-5
2,209;335,-1.0595570134870551E-5
2,312;921,1.0541979654205557E-5
2,368;664,-1.0496549259949445E-5
2,712;926,-1.0485184801348232E-5
2,86;964,-1.0479370668896051E-5
2,14;611,-1.0472506231588603E-5
2,727;784,1.0469500888152336E-5
2,104;714,-1.0442782374924055E-5
2,540;662,-1.041859758631359E-5
2,859;866,-1.041745070561044E-5
2,316;333,1.0412745586665842E-5
2,386;967,-1.040498545813149E-5
2,447;541,-1.0370941149987553E-5
2,508;565,-1.0367797215523286E-5
2,138;765,1.0322076307068732E-5
2,12;138,-1.0292121052243808E-5
2,279;628,-1.0278610165747237E-5
2,44;591,1.0277372125779672E-5
2,291;615,-1.0276941466999271E-5
2,336;854,-1.0273039832942532E-5
2,252;860,1.0266972353571796E-5
2,266;653,-1.0253665804467335E-5
2,234;558,-1.0251360429949266E-5
2,278;298,1.0235165689999562E-5
2,63;82,-1.0193820530978699E-5
2,55;956,1.0172178598919752E-5
2,60;850,-1.0170061624409539E-5
2,531;979,1.016919154835276E-5
2,64;510,1.013486580556354E-5
2,220;418,-1.0103781844968158E-5
2,373;770,-1.0101202492181597E-5
2,236;714,-1.0084521795758959E-5
2,592;897,1.0066116294576274E-5
2,9;926,1.0055034045761969E-5
2,311;735,-1.0021848121634925E-5
2,662;697,-1.0016182427333404E-5
2,461;811,1.0012358597450977E-5
2,68;183,-1.0007572497609946E-5
2,55;814,-1.0004471013606825E-5
2,164;898,9.992452490775843E-6
2,135;348,-9.974120839897897E-6
2,78;687,-9.971023787034149E-6
2,151;559,9.966979033960933E-6
2,697;735,9.952306115479176E-6
2,186;725,9.94089332530275E-6
2,668;868,-9.93215530728446E-6
2,352;840,9.919088906077095E-6
2,658;908,9.903272604820997E-6
2,883;939,-9.900514003677163E-6
2,365;377,9.892791954123404E-6
2,44;521,9.892233052680784E-6
2,86;912,-9.880931622022125E-6
2,836;941,9.873075284251847E-6
2,674;864,9.863660555819519E-6
2,358;911,-9.861154182772231E-6
2,637;695,-9.859453750564581E-6
2,236;475,9.845552126981072E-6
2,396;943,-9.843137234982647E-6
2,582;656,9.81188216363059E-6
2,60;898,-9.808566162467982E-6
2,61;837,-9.780797629494056E-6
2,623;944,9.77708922843254E-6
2,256;925,9.774277273649185E-6
2,373;413,-9.713476384144646E-6
2,363;870,9.7107541294318E-6
2,139;943,-9.69967636632737E-6
2,47;577,-9.696019057880853E-6
2,276;835,9.691107356365879E-6
2,320;755,9.685753934084774E-6
2,178;417,-9.675679505949629E-6
2,23;992,9.654621754266949E-6
2,758;939,-9.63831442472883E-6
2,106;381,-9.61173730793083E-6
2,105;412,9.608248923288085E-6
2,217;877,-9.602330744793831E-6
2,347;507,9.602292497815364E-6
2,444;466,9.571819969740034E-6
2,397;947,-9.56648870222586E-6
2,302;601,9.548169095625198E-6
2,817;861,9.541456725585102E-6
2,319;491,9.525384534989946E-6
2,176;849,-9.511535832934363E-6
2,534;833,9.506686438709409E-6
2,117;227,-9.478189651070564E-6
2,33;501,-9.461397349328167E-6
2,545;881,-9.456098453132513E-6
2,675;774,-9.4504875336527E-6
2,825;970,-9.44925984416873E-6
2,127;765,-9.408259985729292E-6
2,476;747,9.402388910486593E-6
2,804;869,9.390149047710856E-6
2,631;879,9.375082284059873E-6
2,569;788,-9.355782367445637E-6
2,127;272,-9.341848631705743E-6
2,387;546,9.296557239297281E-6
2,116;623,-9.287235330162103E-6
2,51;63,-9.274992385079172E-6
2,743;998,9.264080012033548E-6
2,220;748,9.261858156461709E-6
2,182;955,-9.241705393014645E-6
2,642;808,-9.231838655204738E-6
2,303;386,-9.20785550990548E-6
2,765;967,-9.179284840310358E-6
2,78;222,-9.167568885335583E-6
2,226;451,-9.160280702177379E-6
2,260;492,9.133538733890674E-6
2,66;211,9.12880245913133E-6
2,322;614,-9.122953295974456E-6
2,2;474,9.104768358821624E-6
2,222;556,-9.073117132367637E-6
2,779;877,9.056932797868233E-6
2,227;987,9.04449276063958E-6
2,847;918,-9.031704340786713E-6
2,562;928,9.028294932011522E-6
2,395;899,-9.02816364760245E-6
2,639;915,-8.9810928600337E-6
2,303;416,-8.95836095497031E-6
2,271;478,8.937923335273685E-6
2,8;304,8.937084607525202E-6
2,87;493,8.923541496984953E-6
2,169;520,8.92319464264852E-6
2,55;327,-8.901874752511849E-6
2,660;968,-8.899856223400609E-6
2,634;643,8.891012066015017E-6
2,269;767,8.84562053906933E-6
2,505;940,-8.842140455829228E-6
2,362;376,-8.837319493936505E-6
2,336;558,8.834846701124978E-6
2,250;270,-8.816100751682855E-6
2,665;905,-8.802149914084332E-6
2,441;797,8.781996703369648E-6
2,260;929,8.706650114670367E-6
2,467;543,8.69553448216609E-6
2,271;508,-8.686577747215867E-6
2,148;818,-8.678924717689524E-6
2,347;725,8.66087723637403E-6
2,80;620,8.654441808444164E-6
2,354;710,-8.591561976185498E-6
2,89;946,-8.579679938312033E-6
2,103;723,8.577801710101051E-6
2,653;815,-8.573916496736243E-6
2,300;950,-8.535132559695756E-6
2,387;816,-8.52208165346735E-6
2,635;753,8.514825021253051E-6
2,445;578,-8.497404813001563E-6
2,925;940,-8.485875404249387E-6
2,626;881,8.47913999394502E-6
2,301;984,8.452828585500533E-6
2,264;671,8.428126085165869E-6
2,8;839,8.426871838711283E-6
2,559;696,8.406124370912226E-6
2,335;857,8.397662217441572E-6
2,268;593,-8.367909198395218E-6
2,145;677,-8.366358269702279E-6
2,286;588,-8.33328854309219E-6
2,500;730,-8.330294239841246E-6
2,176;554,8.324023687387577E-6
2,25;63,-8.31409795541014E-6
2,803;917,-8.295571456610647E-6
2,291;300,-8.281435928100662E-6
2,372;797,8.272292314191265E-6
2,6;824,8.26815755183849E-6
2,441;505,-8.230118240826826E-6
2,697;748,-8.229246283454151E-6
2,38;292,8.21809333961615E-6
2,21;828,8.210024850275618E-6
2,151;690,8.182392424964866E-6
2,835;836,-8.163266248045698E-6
2,363;709,8.160137390886835E-6
2,330;418,8.158200447856278E-6
2,282;559,8.142714793334935E-6
2,252;596,-8.139518324672267E-6
2,167;562,-8.13704625203597E-6
2,120;512,8.126349878632671E-6
2,144;881,-8.102591602781276E-6
2,812;862,-8.095070508032341E-6
2,424;724,8.067197196645109E-6
2,81;358,-8.064333799606617E-6
2,320;639,-8.043421684962887E-6
2,76;991,8.040286359092992E-6
2,37;509,8.038136128732498E-6
2,680;697,-8.018961591672792E-6
2,662;722,-8.016295923262271E-6
2,540;967,8.005624228085602E-6
2,680;753,7.972411966121577E-6
2,362;466,7.937410612807638E-6
2,683;981,-7.936308272996802E-6
2,4;997,7.920709625708622E-6
2,8;703,-7.898207379600537E-6
2,634;991,7.886930779288378E-6
2,87;410,-7.847314434536262E-6
2,505;728,-7.8277057271254E-6
2,237;713,-7.806351133011626E-6
2,510;823,7.760956748746079E-6
2,82;735,-7.756218753058832E-6
2,365;894,-7.74904239440552E-6
2,186;479,-7.72080380440933E-6
2,158;254,-7.714872537516452E-6
2,466;661,-7.65506708634632E-6
2,273;714,7.654425588601092E-6
2,310;451,-7.628679085351816E-6
2,121;969,7.615035439317276E-6
2,319;744,7.593451904026785E-6
2,475;528,-7.579092509252899E-6
2,258;914,-7.553917610012243E-6
2,229;976,7.538623345535012E-6
2,100;103,7.528188178578935E-6
2,27;221,7.512983640283494E-6
2,400;777,-7.491896921549286E-6
2,16;538,-7.482351910653343E-6
2,45;530,7.457914532713626E-6
2,245;273,7.408629531666919E-6
2,595;991,-7.407352298193198E-6
2,241;741,7.401768423690253E-6
2,90;468,7.388728504502507E-6
2,258;309,-7.36236931537318E-6
2,469;720,-7.354444952652764E-6
2,315;463,7.331526192169612E-6
2,212;719,7.323914495713458E-6
2,326;770,-7.298636604859882E-6
2,377;553,7.294910989905771E-6
2,518;707,7.293960671514229E-6
2,452;683,7.283695426186294E-6
2,796;939,7.274464643950991E-6
2,27;492,7.264093337603563E-6
2,379;881,7.261818390695632E-6
2,34;194,-7.25873602137072E-6
2,317;683,7.256162445007E-6
2,5;822,7.245932935899979E-6
2,36;407,7.2336060251462705E-6
2,5;614,-7.208651215596898E-6
2,78;447,-7.201487414505041E-6
2,151;282,7.163702181153697E-6
2,41;451,-7.14899563238082E-6
2,458;973,-7.135170666699886E-6
2,735;917,7.0943511970615675E-6
2,105;923,7.070725928699617E-6
2,81;670,7.0324808365114516E-6
2,805;964,7.01501358769411E-6
2,431;542,7.0096276519405405E-6
2,1;506,7.008620754790272E-6
2,197;273,-7.003646589430882E-6
2,210;790,-6.9904246477186305E-6
2,114;139,-6.953715923595894E-6
2,448;463,-6.929807928507677E-6
2,478;980,-6.894509374377619E-6
2,553;835,6.890984488913288E-6
2,599;753,-6.883363863239331E-6
2,350;551,-6.879244454197319E-6
2,70;922,-6.873110355307771E-6
2,16;715,6.84888598905177E-6
2,386;415,6.812422791772188E-6
2,760;969,-6.808022907380883E-6
2,534;580,6.7828862075490564E-6
2,135;441,6.777418477294753E-6
2,854;968,6.743691346574432E-6
2,80;389,6.741811125827155E-6
2,122;593,6.723691156068946E-6
2,30;291,-6.722376354415582E-6
2,33;454,-6.688128941666149E-6
2,205;683,6.655837684563445E-6
2,120;569,6.655813280928402E-6
2,215;438,6.646411856835177E-6
2,421;497,6.646159322121675E-6
2,771;826,-6.636818367396665E-6
2,662;728,-6.634727912664784E-6
2,44;734,6.623907449270515E-6
2,486;886,6.6031812503127425E-6
2,163;985,-6.600538909977603E-6
2,50;392,-6.5684094990618515E-6
2,385;738,-6.555956786180137E-6
2,161;844,-6.549633054361022E-6
2,878;936,6.517563201661858E-6
2,219;537,6.5066531504751546E-6
2,431;538,6.5041085894451334E-6
2,571;674,-6.494332497865511E-6
2,435;501,-6.455024628016767E-6
2,67;958,6.4372262213992855E-6
2,598;683,-6.414691429011979E-6
2,386;435,-6.414281969222884E-6
2,6;515,-6.391527295182095E-6
2,760;841,-6.3865994337812675E-6
2,467;740,6.37229511579903E-6
2,116;913,-6.3662636415994995E-6
2,321;662,6.355462657539127E-6
2,9;782,6.331537366612773E-6
2,250;865,6.3046371389079215E-6
2,605;891,6.27889755472074E-6
2,593;848,-6.275074617307412E-6
2,11;451,6.246723392233776E-6
2,124;735,6.232751587893173E-6
2,322;971,-6.229105448195882E-6
2,130;155,-6.210803558969462E-6
2,639;755,6.168821965537544E-6
2,498;691,6.16097423931622E-6
2,465;886,6.151837371893322E-6
2,284;520,-6.133847762978151E-6
2,507;773,-6.126211499826256E-6
2,51;648,6.114464889015285E-6
2,34;109,-6.075313129281092E-6
2,377;711,-6.064952678209105E-6
2,298;638,6.041430540725847E-6
2,328;626,6.026772244815563E-6
2,334;541,-6.0201212908609845E-6
2,684;687,-6.001023431785671E-6
2,508;556,5.981639633724965E-6
2,395;788,-5.970133305530375E-6
2,336;702,-5.908655558268076E-6
2,261;528,5.906144594089655E-6
2,250;987,-5.89206876102448E-6
2,52;696,-5.8825575098224446E-6
2,277;353,5.864931852303308E-6
2,621;858,5.85436797102766E-6
2,21;38,5.826972155041271E-6
2,112;356,5.7636825524024006E-6
2,8;276,5.752667881348275E-6
2,704;945,5.737401640532817E-6
2,879;881,-5.722628753692505E-6
2,652;994,-5.7164172360643155E-6
2,115;912,-5.714088014904958E-6
2,277;827,5.690012726742084E-6
2,500;599,-5.648958689503485E-6
2,14;528,5.6273935539463276E-6
2,28;205,5.615197488822971E-6
2,159;365,5.600501179350445E-6
2,386;727,5.596854092280737E-6
2,260;615,5.5880436610925566E-6
2,244;535,5.559484345529858E-6
2,53;667,-5.552671341606363E-6
2,19;237,-5.54216844306038E-6
2,169;235,5.5400331467075834E-6
2,244;886,-5.5324409275046975E-6
2,540;910,-5.523615871402585E-6
2,144;968,-5.511107575534691E-6
2,586;891,-5.489770651458212E-6
2,480;893,-5.4488047834764725E-6
2,644;722,5.44739309420822E-6
2,76;187,5.444707951260362E-6
2,64;790,-5.437642372203705E-6
2,694;951,-5.433651287625796E-6
2,130;906,-5.425270501159666E-6
2,728;961,5.420145020190365E-6
2,351;454,-5.419248124558004E-6
2,833;874,-5.418753721884467E-6
2,643;784,-5.40574325884087E-6
2,251;252,5.39905352649022E-6
2,179;245,5.398362054865339E-6
2,309;608,-5.368125899143338E-6
2,153;523,-5.3621497861983944E-6
2,62;569,5.353080480862221E-6
2,336;766,-5.3153148093850125E-6
2,20;206,5.3064276347737635E-6
2,337;491,-5.29660929120445E-6
2,135;378,5.295302357896839E-6
2,160;186,-5.29226839499139E-6
2,167;496,-5.28348208088332E-6
2,575;862,5.27846599536827E-6
2,356;751,5.277736926524182E-6
2,78;302,-5.275955818260986E-6
2,504;851,5.27420145984421E-6
2,15;380,-5.259473016506922E-6
2,399;569,-5.224650300900087E-6
2,701;915,5.213021543235989E-6
2,804;982,-5.2031246949821036E-6
2,257;960,-5.190018892615972E-6
2,145;822,5.165995054820814E-6
2,955;960,5.157493012773934E-6
2,217;910,-5.150765722103615E-6
2,59;988,-5.1389121639791525E-6
2,333;880,-5.121327676352081E-6
2,232;499,-5.110046983027972E-6
2,586;883,5.104583319214748E-6
2,720;919,-5.09414241061134E-6
2,84;969,-5.042637247447739E-6
2,725;844,-5.0362481315488625E-6
2,790;877,-5.013183463176641E-6
2,205;723,-5.011495366827906E-6
2,98;159,5.002053302713916E-6
2,172;946,4.982039146543236E-6
2,625;842,-4.9792200862417075E-6
2,35;332,4.970172241777871E-6
2,30;168,-4.965136342224015E-6
2,928;936,4.9624993025707695E-6
2,91;453,-4.936351371533636E-6
2,488;979,4.932213672027723E-6
2,584;733,4.877307973458034E-6
2,814;901,-4.8706925877463895E-6
2,789;969,-4.862865892262952E-6
2,842;923,-4.854790969075928E-6
2,84;759,4.837749508718723E-6
2,101;974,4.811919776325398E-6
2,75;570,4.806612789983456E-6
2,419;426,4.79797577211339E-6
2,28;375,4.796608403147024E-6
2,37;220,-4.7885028137121395E-6
2,423;516,-4.78650418263419E-6
2,12;164,4.766904661818797E-6
2,742;802,4.761491876340895E-6
2,389;962,-4.729619086632927E-6
2,31;144,-4.713590729339079E-6
2,563;607,-4.707392655626225E-6
2,212;300,-4.693217512286838E-6
2,29;343,4.692643233908285E-6
2,152;298,-4.691008423173756E-6
2,107;213,-4.646147157007507E-6
2,850;907,-4.618612835395788E-6
2,793;816,4.61523779885574E-6
2,881;968,-4.604185538036945E-6
2,682;945,4.573482770407228E-6
2,29;776,-4.559582445574778E-6
2,126;891,-4.55747329356819E-6
2,258;505,-4.547316335758888E-6
2,244;889,-4.537988843545157E-6
2,99;569,4.523947161086922E-6
2,560;824,4.496452002389982E-6
2,34;387,4.48631775179529E-6
2,307;944,4.45434931824578E-6
2,204;965,4.451156165731968E-6
2,725;997,4.450701214304222E-6
2,125;569,4.39224222714988E-6
2,595;709,-4.379026837953562E-6
2,67;203,4.373450069422844E-6
2,796;854,-4.36646810768164E-6
2,567;721,4.3579372302335464E-6
2,687;960,4.352138486582988E-6
2,224;836,4.328693751627595E-6
2,438;467,4.279962082842363E-6
2,132;714,-4.264392091701236E-6
2,568;584,4.256085445086433E-6
2,268;515,4.253182914994394E-6
2,569;712,4.239778344472659E-6
2,9;825,-4.20176425871241E-6
2,244;467,-4.201448632917069E-6
2,330;628,-4.16845895803921E-6
2,648;896,-4.1509127452285595E-6
2,455;530,-4.148192922020844E-6
2,209;727,-4.116400799376446E-6
2,109;437,-4.113116469395925E-6
2,526;990,4.109761136817693E-6
2,484;594,4.094548687966368E-6
2,16;934,-4.071090070015284E-6
2,205;598,4.062679824183541E-6
2,475;914,4.042685855854287E-6
2,203;379,-4.040377866421571E-6
2,635;807,4.035148541174954E-6
2,11;75,4.033401415158872E-6
2,242;533,3.9984984069436E-6
2,361;783,3.995153315614113E-6
2,269;549,-3.973390363813424E-6
2,204;506,-3.95443777723084E-6
2,798;811,-3.9493985334862066E-6
2,698;819,-3.942293268712829E-6
2,173;515,-3.923812227000799E-6
2,574;862,3.921995538349675E-6
2,138;696,3.92059652493007E-6
2,61;121,3.919204673331719E-6
2,511;517,3.916007510188252E-6
2,907;936,3.900609560606026E-6
2,157;851,3.894849222680977E-6
2,577;763,3.857604244245555E-6
2,554;633,3.840856920458519E-6
2,507;593,3.833766806027393E-6
2,945;986,-3.8279953392038255E-6
2,18;922,3.796008027984209E-6
2,808;862,3.7488454524852653E-6
2,173;882,-3.7456531461671425E-6
2,679;982,3.742100341407595E-6
2,8;62,-3.691475864452162E-6
2,622;776,3.6904260108421294E-6
2,60;527,-3.653517150165861E-6
2,79;282,-3.6341392828150228E-6
2,412;536,-3.6263018894464803E-6
2,468;506,3.6191994619917677E-6
2,570;627,3.6044501738751735E-6
2,370;997,-3.587107090956436E-6
2,38;751,3.566042568518002E-6
2,146;521,-3.5556142165594286E-6
2,77;475,-3.5451036333217223E-6
2,269;451,3.5450765668978842E-6
2,867;877,3.5315640232191916E-6
2,104;185,3.5127871824295473E-6
2,481;644,3.4991357819310203E-6
2,345;913,-3.4925143114297243E-6
2,406;652,3.4918485426623445E-6
2,375;702,-3.4905061338824927E-6
2,79;755,3.482208900715711E-6
2,893;961,3.4798051578070895E-6
2,559;707,-3.47770359460909E-6
2,562;649,-3.4709941124253936E-6
2,877;939,-3.4666933876823444E-6
2,244;279,3.433358789663943E-6
2,101;736,-3.424461944577274E-6
2,333;913,3.4121203897992117E-6
2,434;946,3.4027971037895038E-6
2,386;487,-3.396949564128178E-6
2,316;823,3.395756185969795E-6
2,339;954,-3.394487184388305E-6
2,18;388,-3.392273843536159E-6
2,350;928,-3.392207634564111E-6
2,553;609,3.390896501472611E-6
2,251;524,-3.3648552523647612E-6
2,723;813,-3.3644456773578857E-6
2,93;830,-3.33398489464487E-6
2,32;349,3.3021034154402317E-6
2,140;869,-3.296426072921098E-6
2,78;955,3.295617678054891E-6
2,142;939,-3.2397761230157224E-6
2,594;616,3.2231560729451755E-6
2,99;614,3.21657265054294E-6
2,418;874,-3.1710580884349442E-6
2,194;391,3.157759280193094E-6
2,463;881,-3.156473175430878E-6
2,233;451,-3.154134149755461E-6
2,112;640,3.1309296707823232E-6
2,174;470,3.1011166118386296E-6
2,472;648,3.035560734526009E-6
2,439;924,3.0322321125587914E-6
2,99;512,-3.0007807063741135E-6
2,286;612,2.9910437841035725E-6
2,399;877,-2.97779180039507E-6
2,567;814,-2.9443627737453793E-6
2,118;472,2.9243366080724877E-6
2,89;238,-2.920840894838031E-6
2,178;903,2.9138800806795194E-6
2,14;567,2.9104778147757557E-6
2,29;728,-2.895577586748688E-6
2,397;441,2.8731629124063713E-6
2,409;994,-2.8706644455007426E-6
2,71;287,2.8616858761801034E-6
2,235;596,2.8556282113208626E-6
2,181;867,-2.8533789479099764E-6
2,416;553,-2.8217845354641183E-6
2,61;969,2.8158463797757356E-6
2,98;351,2.8022664252859155E-6
2,20;578,-2.7995890979675005E-6
2,324;649,2.752241789131561E-6
2,27;181,2.7409003115145965E-6
2,495;926,-2.7347523192925995E-6
2,19;936,-2.7263805598934518E-6
2,738;752,2.679526311654773E-6
2,180;395,2.660203104631845E-6
2,460;942,-2.6570816805233376E-6
2,380;936,2.652372656293006E-6
2,445;968,-2.6506145805493543E-6
2,54;399,2.641434677448484E-6
2,324;726,2.640454571176315E-6
2,39;242,-2.6373610489797E-6
2,561;872,2.6328753576244646E-6
2,743;756,2.6079291590491576E-6
2,151;678,2.6068422040282993E-6
2,776;831,2.59989450445957E-6
2,641;647,-2.5840628544218784E-6
2,44;451,2.574812578311575E-6
2,318;631,2.567065958918327E-6
2,162;711,2.533976188847986E-6
2,269;898,-2.51175119303329E-6
2,82;668,2.5053118980329777E-6
2,334;855,-2.483611438909357E-6
2,270;406,-2.4646188928116875E-6
2,95;409,-2.4634675612518404E-6
2,123;958,-2.4557186958470077E-6
2,551;641,-2.447128252702026E-6
2,54;902,-2.439596326150373E-6
2,261;341,2.4234009678433257E-6
2,103;262,2.420939385964993E-6
2,319;441,-2.4144756686416204E-6
2,277;312,-2.395605506573445E-6
2,64;314,-2.395574002733714E-6
2,554;620,2.377374642710414E-6
2,260;692,2.356967426306089E-6
2,147;626,2.353866389889499E-6
2,666;679,-2.335412134790861E-6
2,596;618,-2.3318150050680857E-6
2,195;470,-2.327925375958266E-6
2,99;652,-2.3271250359888987E-6
2,163;217,2.319728817192487E-6
2,121;611,2.29860606971638E-6
2,223;346,2.26510986398782E-6
2,39;456,-2.264133748315002E-6
2,27;608,-2.24491961681228E-6
2,628;912,-2.23289160887305E-6
2,189;983,-2.2240704763139067E-6
2,254;275,-2.201637993056692E-6
2,753;911,2.1872312744809704E-6
2,776;985,-2.176612892038361E-6
2,611;729,-2.15797405249564E-6
2,563;674,-2.1490648223141675E-6
2,677;783,2.1183612789710054E-6
2,262;942,-2.0994085978700146E-6
2,664;883,-2.0471724217429875E-6
2,636;841,-2.038622935325432E-6
2,41;566,-2.0207689955561157E-6
2,922;965,-1.9956693441743126E-6
2,29;398,-1.9800150526025768E-6
2,250;876,-1.9743647079101395E-6
2,289;484,1.969293511546448E-6
2,419;922,-1.8847887312948634E-6
2,576;584,1.8458763729846049E-6
2,657;876,-1.8451446516656936E-6
2,580;619,1.8195903323881478E-6
2,90;274,-1.807035938044925E-6
2,421;846,-1.7931991885388534E-6
2,76;379,-1.7914501789396063E-6
2,66;667,1.7909557080599826E-6
2,19;122,-1.7579483081810385E-6
2,221;648,-1.7557485320635127E-6
2,415;530,1.7295759908132618E-6
2,248;322,1.725308670095023E-6
2,642;709,1.714070663728695E-6
2,251;420,-1.7044766867063063E-6
2,930;971,1.7010545039346514E-6
2,118;814,-1.6763961729455643E-6
2,450;737,-1.6665537122560124E-6
2,351;668,1.6605740557580907E-6
2,183;952,-1.6445464446358458E-6
2,644;657,-1.6444471384164662E-6
2,347;915,-1.637227427493393E-6
2,8;835,-1.6121364794511942E-6
2,230;501,-1.604261788698283E-6
2,345;946,-1.5889238792549942E-6
2,17;914,1.5833803014607268E-6
2,260;351,1.5622195489835082E-6
2,659;746,-1.5609332171820645E-6
2,622;801,1.5607532352175103E-6
2,790;796,1.554818914105846E-6
2,160;869,-1.4500253068105082E-6
2,255;408,-1.4453036836048066E-6
2,386;813,-1.4319388439036283E-6
2,681;960,1.4256027977101669E-6
2,496;626,-1.409398897143678E-6
2,419;696,-1.4014881669843216E-6
2,226;492,1.391899417368378E-6
2,142;502,-1.3814482372094746E-6
2,678;921,-1.3813648136090651E-6
2,400;541,-1.3517416729115217E-6
2,430;608,-1.2978094133973273E-6
2,241;337,1.2928348678727039E-6
2,421;568,1.2887213566990936E-6
2,63;694,1.2846298620640614E-6
2,210;424,-1.2703900247461945E-6
2,888;957,-1.2687796018438918E-6
2,230;938,-1.262596935876749E-6
2,544;646,-1.232863105126228E-6
2,268;478,1.2198307960360964E-6
2,423;856,1.189424936385547E-6
2,45;109,1.1745058694527592E-6
2,97;119,-1.1712128131654566E-6
2,52;468,1.1673147227217185E-6
2,341;467,1.158141564575825E-6
2,493;564,1.1420506895660696E-6
2,210;291,1.1340406645331327E-6
2,782;935,-1.112701221856388E-6
2,658;848,1.1113525626484447E-6
2,596;755,-1.110861943898582E-6
2,82;252,1.1058117436641424E-6
2,5;271,-1.105441181173339E-6
2,132;803,-1.1031442534793213E-6
2,266;677,-1.0679982503466745E-6
2,627;946,1.045640297037409E-6
2,311;979,1.0224166142359242E-6
2,594;846,1.0220942731773708E-6
2,795;997,1.0161221790380218E-6
2,180;459,1.01194753997777E-6
2,256;329,1.0068279241044198E-6
2,478;769,1.0007360689196776E-6
2,454;976,9.939002012989972E-7
2,91;312,9.876914851935718E-7
2,176;971,9.40790413680677E-7
2,56;686,-9.362822663183945E-7
2,198;722,9.149488853780127E-7
2,23;724,-8.961838714996451E-7
2,352;540,8.948685505217602E-7
2,102;753,8.780906810903489E-7
2,157;316,8.726729320781071E-7
2,295;711,8.322974058453739E-7
2,187;276,8.273981567206851E-7
2,241;393,-8.126887982377317E-7
2,276;703,7.764485619127653E-7
2,248;643,7.686746177267209E-7
2,36;351,-7.56827494592556E-7
2,109;304,-7.404518649065106E-7
2,298;510,-7.382848843215731E-7
2,255;309,-7.262864380684631E-7
2,538;679,-7.039196616207278E-7
2,824;892,-6.780924264123134E-7
2,269;990,6.667129642694142E-7
2,117;998,6.54765184181276E-7
2,542;763,-6.392851782375323E-7
2,25;822,6.336292308475739E-7
2,230;679,-6.197380418168433E-7
2,579;648,-6.138139565339956E-7
2,309;623,6.13811642319273E-7
2,253;526,5.382421592073153E-7
2,200;373,-5.301501796966812E-7
2,464;840,-5.190800188957789E-7
2,470;836,5.016844781721499E-7
2,454;729,5.013228283664156E-7
2,109;530,4.910480073547704E-7
2,865;940,-4.530402999889313E-7
2,635;680,4.5137367253304115E-7
2,14;343,-4.1525411184487047E-7
2,194;799,3.871963527792635E-7
2,295;880,3.6497228523247465E-7
2,723;753,3.610323105696714E-7
2,179;847,3.539434093923488E-7
2,342;675,3.1070794448684326E-7
2,518;911,3.042336461948833E-7
2,870;957,-2.6269714849250225E-7
2,234;658,2.407183116928599E-7
2,640;943,2.368810644401559E-7
2,109;264,2.0054050892122367E-7
2,413;485,-1.9636819225452018E-7
2,343;685,-1.9332622776106063E-7
2,312;926,1.7017424626532274E-7
2,24;957,1.6323139274247722E-7
2,242;495,1.5181796507762747E-7
2,288;464,1.1411815691869665E-7
2,38;199,-1.1073056751870203E-7
2,52;811,-8.084953929271555E-8
2,522;840,3.7217867646474614E-8
2,365;856,-2.7477096950431767E-8
2,2;812,2.6668196165827164E-8
2,667;805,2.603602704656649E-8
3,102;539;771,2.4336981941456176E-4
3,32;95;349,-2.3754862152869174E-4
3,451;815;872,2.3096871192996527E-4
3,482;665;773,-2.2644583476926644E-4
3,1;468;506,2.2328890666905335E-4
3,236;714;803,2.2184438692729393E-4
3,282;704;945,2.125386889556329E-4
3,48;96;147,-2.1246320129560437E-4
3,1;448;726,-2.1187240985887117E-4
3,87;269;451,-2.1143885815387494E-4
3,434;670;723,2.1023437379261484E-4
3,569;765;981,2.0332895355006087E-4
3,142;904;958,2.0202952675442903E-4
3,55;67;901,-2.0132577479992992E-4
3,187;828;990,-2.002269212711029E-4
3,0;131;849,-1.972339437637859E-4
3,206;909;915,-1.9701986457704778E-4
3,248;374;587,-1.965070632427605E-4
3,609;736;931,-1.961749805830213E-4
3,510;742;823,-1.961240399204317E-4
3,555;592;767,1.9549808374938626E-4
3,525;611;992,-1.947966371579217E-4
3,12;289;660,1.934223108071085E-4
3,188;623;850,1.9319661751813935E-4
3,47;513;887,1.9285523273979653E-4
3,82;454;803,-1.9277587984323495E-4
3,386;609;646,-1.9096408938352175E-4
3,36;178;850,1.8976527473685723E-4
3,187;799;884,1.8851549352425688E-4
3,566;603;857,-1.8846515874467744E-4
3,105;358;729,-1.8844871123737978E-4
3,599;777;791,1.8672992537150063E-4
3,261;311;697,1.8523797202708175E-4
3,39;242;618,-1.8521130156829108E-4
3,451;681;815,1.8457684653235172E-4
3,97;282;770,1.8416983250978832E-4
3,320;639;755,-1.8377308420398003E-4
3,322;593;971,-1.8271252152737009E-4
3,35;332;663,1.8184028660681224E-4
3,548;727;997,-1.812773297087575E-4
3,494;854;969,1.8087541054971477E-4
3,105;595;923,-1.8059456795965458E-4
3,121;618;698,-1.801236730148717E-4
3,444;661;773,1.799712084800154E-4
3,283;412;415,-1.788283675831406E-4
3,800;902;976,1.7853960445178934E-4
3,34;109;933,1.780967994847964E-4
3,217;685;877,1.7777314879302436E-4
3,362;466;634,-1.767989619703007E-4
3,464;538;595,-1.7644770085333572E-4
3,39;204;317,-1.7607758327598924E-4
3,72;110;679,-1.7424394345966676E-4
3,41;346;566,-1.7392225964814705E-4
3,336;504;706,-1.7388142609219405E-4
3,194;327;466,1.737039012796704E-4
3,100;101;974,1.730702329192897E-4
3,387;816;965,1.7260943699713263E-4
3,355;409;880,-1.7213151179801606E-4
3,511;689;698,-1.719353060320478E-4
3,384;711;891,-1.717217631027086E-4
3,288;352;840,1.7170358638278312E-4
3,214;662;748,-1.715236609372895E-4
3,173;909;915,1.7136960849283237E-4
3,99;465;508,1.709785013286886E-4
3,178;605;850,-1.706874480155583E-4
3,509;927;939,-1.7045110963302107E-4
3,284;400;718,-1.703001994142132E-4
3,505;588;812,-1.7008157769577909E-4
3,50;212;719,1.6999684713459736E-4
3,281;351;826,-1.6956368297790501E-4
3,411;745;787,-1.688999975761996E-4
3,17;156;776,1.6881220819128085E-4
3,361;638;750,-1.681479025455297E-4
3,165;935;979,1.673850898611774E-4
3,320;421;568,-1.6702119403797213E-4
3,379;804;899,1.65969910305735E-4
3,448;463;869,1.6595482627688036E-4
3,389;777;962,1.6577268520717863E-4
3,52;468;930,-1.6575937727356688E-4
3,90;578;938,-1.656004189817647E-4
3,115;595;923,-1.651493767859855E-4
3,118;737;786,-1.6496396604287434E-4
3,29;728;991,1.648520260874858E-4
3,149;415;902,-1.6458660500749377E-4
3,87;363;713,-1.642881000509916E-4
3,105;115;412,-1.6426114635557877E-4
3,61;304;320,-1.641421648829079E-4
3,202;696;957,-1.6377581720730645E-4
3,451;492;957,-1.635166348541725E-4
3,368;662;697,1.6231575019462418E-4
3,176;554;849,-1.6230754765628262E-4
3,202;320;573,-1.6189082037391852E-4
3,178;243;417,-1.6175081831524489E-4
3,223;396;984,1.616216031326803E-4
3,124;127;402,-1.6125339759865065E-4
3,244;535;889,1.6121625431375503E-4
3,118;215;472,1.6108122828907773E-4
3,83;350;726,1.6098379178869343E-4
3,652;894;994,1.6079577277810137E-4
3,348;371;793,-1.6031246915201953E-4
3,123;686;958,-1.601977731204902E-4
3,113;817;915,1.600545133931128E-4
3,421;451;833,1.5998097533783615E-4
3,172;552;627,1.59402206459249E-4
3,222;489;989,1.5841363415680307E-4
3,333;610;944,-1.583532509272129E-4
3,223;246;582,-1.5816983344469677E-4
3,205;598;906,1.5795992129695352E-4
3,76;88;150,1.5769688150478554E-4
3,77;475;635,1.5768947250577653E-4
3,57;503;684,-1.5761152719548209E-4
3,105;197;507,1.5731053472621903E-4
3,164;255;408,-1.572762467074627E-4
3,289;309;592,1.5676070298143845E-4
3,28;484;488,1.5609888630208407E-4
3,232;244;886,-1.5585792497893825E-4
3,321;740;786,1.5558045104091146E-4
3,296;615;796,1.553677516504962E-4
3,71;166;896,1.5513763315939757E-4
3,181;652;867,1.5495266228677618E-4
3,130;155;169,-1.5449881110353282E-4
3,28;205;567,-1.5446973322968228E-4
3,85;219;425,-1.5386516569104787E-4
3,318;342;630,-1.5369113372638672E-4
3,495;890;926,-1.5354196004397307E-4
3,362;470;680,1.5339860987266692E-4
3,488;567;979,-1.5300878015855567E-4
3,39;211;656,-1.527691170896754E-4
3,393;587;787,1.5276729854465565E-4
3,278;627;738,-1.5262230586953482E-4
3,59;564;661,-1.524015204351351E-4
3,597;633;899,1.52294540826733E-4
3,522;840;963,-1.522401891951441E-4
3,727;784;814,1.5197027333262752E-4
3,36;135;714,1.5192149244877852E-4
3,54;106;315,-1.5184757186323028E-4
3,262;285;498,-1.5169315137665275E-4
3,70;470;649,-1.515342634283951E-4
3,273;521;594,-1.5137543139281674E-4
3,216;389;478,-1.513647379069078E-4
3,414;471;700,1.5120673433508E-4
3,82;252;418,1.511239314441633E-4
3,57;901;963,1.510555464588085E-4
3,230;555;676,-1.4999235167396775E-4
3,146;521;734,-1.499109344368316E-4
3,88;446;885,-1.4965988868330743E-4
3,311;635;807,1.4965174710446398E-4
3,90;468;518,-1.4910344176569262E-4
3,152;182;307,-1.488481239539439E-4
3,188;667;850,-1.4866373569364386E-4
3,236;334;383,-1.486522062960791E-4
3,350;536;928,1.486296854371994E-4
3,853;960;978,1.482426039459848E-4
3,51;117;969,-1.4807654710930512E-4
3,175;290;719,1.4803570022749123E-4
3,164;680;898,-1.4788535117535436E-4
3,220;463;886,-1.4775765872347232E-4
3,290;504;805,1.4729764500292082E-4
3,87;612;765,1.472373992642623E-4
3,311;665;905,-1.4701977897014636E-4
3,109;304;767,-1.4700473479849216E-4
3,265;918;920,1.4642129043624085E-4
3,723;788;991,1.4550915390707425E-4
3,6;339;561,-1.4545578431874977E-4
3,25;871;939,1.4531205638402577E-4
3,115;638;675,1.4499911653025486E-4
3,303;386;415,1.4454511569511285E-4
3,66;183;665,1.4452547819311412E-4
3,396;610;846,1.4423291966556598E-4
3,261;339;505,1.4401545549257126E-4
3,420;558;725,-1.4381771017788102E-4
3,631;879;881,1.4374715814083E-4
3,71;406;982,-1.4344384083340883E-4
3,161;669;844,-1.4284577415349704E-4
3,1;135;260,1.4282542288264217E-4
3,80;554;620,-1.4251058327914573E-4
3,78;542;988,-1.424678155646577E-4
3,159;541;736,-1.4240283293255482E-4
3,75;447;723,-1.4207427322649786E-4
3,72;796;985,-1.4204996512880337E-4
3,20;120;578,1.420454883243354E-4
3,180;243;535,1.4203959777464147E-4
3,119;498;515,1.4199776890515042E-4
3,181;351;433,-1.418590587228425E-4
3,4;412;683,1.418033666111726E-4
3,406;652;982,1.417866961070901E-4
3,16;538;934,-1.41027350227609E-4
3,36;178;605,-1.4100020776884028E-4
3,198;419;426,1.4082438232283597E-4
3,74;208;555,1.4082133544105315E-4
3,519;701;943,-1.4045530158940798E-4
3,530;609;992,1.4041557221514486E-4
3,218;691;872,1.4027718877305596E-4
3,644;876;960,1.402578147869577E-4
3,73;108;993,-1.4015583607700991E-4
3,71;194;287,-1.399919018017208E-4
3,465;810;886,-1.399709815497493E-4
3,23;825;866,-1.3980027597531195E-4
3,269;623;989,-1.398002678960773E-4
3,5;589;671,-1.3967952791109426E-4
3,142;758;807,1.3963885400695248E-4
3,27;586;608,-1.3934368915914354E-4
3,37;115;150,1.3911066567419596E-4
3,311;807;969,-1.3885905787325937E-4
3,192;555;827,1.38852573103406E-4
3,43;100;101,-1.383302572267958E-4
3,74;497;555,-1.38202561183803E-4
3,351;717;826,-1.380257539741403E-4
3,204;382;671,-1.3798175919141976E-4
3,48;68;854,1.376567910203599E-4
3,439;602;848,1.3763414522154917E-4
3,105;133;711,-1.3752453870104745E-4
3,699;787;893,-1.3709995506475385E-4
3,61;491;969,-1.3709734766116844E-4
3,158;275;751,1.370615990891052E-4
3,117;127;765,1.3700175364029344E-4
3,205;598;683,1.3690223998330065E-4
3,207;420;558,1.3688484697659187E-4
3,756;838;925,1.3647708734669945E-4
3,27;437;575,-1.3645629559147455E-4
3,439;593;848,-1.359127987339681E-4
3,207;704;842,1.3539425603487226E-4
3,252;525;674,1.3527103381698707E-4
3,135;397;441,1.350883890054505E-4
3,266;342;653,-1.3462969738932333E-4
3,197;273;575,1.3458714694569523E-4
3,161;544;826,-1.3451814108057688E-4
3,73;239;755,1.3450288886131574E-4
3,603;644;881,1.3441624326261125E-4
3,16;537;788,1.3336121841725127E-4
3,386;638;967,-1.332825328495747E-4
3,114;139;346,1.3315183720544503E-4
3,273;351;508,-1.32382906218796E-4
3,175;307;323,-1.3235133270208152E-4
3,373;413;924,1.3233097507998374E-4
3,580;667;805,-1.3161277456563532E-4
3,451;720;919,-1.315066048213083E-4
3,126;586;891,1.314341870487181E-4
3,98;351;617,-1.3140778074607778E-4
3,121;611;729,-1.3135746725180048E-4
3,76;150;480,-1.3135340329774664E-4
3,113;746;803,-1.3134466727941503E-4
3,74;197;555,-1.3128516546110825E-4
3,104;786;967,-1.3127140151995858E-4
3,333;623;913,-1.312023147512192E-4
3,263;312;921,-1.3106358588058838E-4
3,45;413;530,-1.3084813407996442E-4
3,267;299;387,1.3075310555212867E-4
3,540;763;809,1.306385667828769E-4
3,352;540;869,-1.305934224420832E-4
3,508;622;821,1.3032048767401097E-4
3,265;367;573,1.3030399459324098E-4
3,39;109;767,1.3029876819801192E-4
3,428;751;988,1.3026443262960437E-4
3,202;375;702,1.301808684154902E-4
3,358;707;911,1.301719736649161E-4
3,57;235;596,-1.3015293497286556E-4
3,19;43;720,1.3003625670416068E-4
3,224;560;693,1.2943432829885576E-4
3,260;739;761,1.2932874833950493E-4
3,30;230;555,1.2925685689836087E-4
3,179;208;557,-1.2916414700971535E-4
3,555;764;958,1.2908405734505951E-4
3,75;566;570,1.2898968856301873E-4
3,44;591;890,-1.2897871307761375E-4
3,406;442;907,1.2894425554685053E-4
3,263;730;813,1.2891177380838098E-4
3,372;378;758,1.2886792561619877E-4
3,241;392;878,1.2875513180883374E-4
3,614;806;994,1.2856220147085712E-4
3,86;345;622,1.285402986658948E-4
3,396;687;846,1.285362154168741E-4
3,198;619;758,1.2851888883294316E-4
3,143;144;738,1.283475509376084E-4
3,659;853;920,1.2825390480064353E-4
3,133;135;378,-1.2823735954443948E-4
3,202;506;702,1.2800990778976748E-4
3,350;412;536,-1.2799664206017663E-4
3,27;516;608,1.2788999944263925E-4
3,229;376;822,-1.2779938545796725E-4
3,198;560;641,1.27511711049416E-4
3,27;223;687,1.2738604871210242E-4
3,262;817;861,1.2723633072445973E-4
3,573;669;945,-1.272176219908674E-4
3,353;401;528,-1.2715753517477817E-4
3,10;188;640,-1.2700328283553498E-4
3,234;684;687,-1.2682960067512584E-4
3,84;666;759,1.2671696390344472E-4
3,576;584;589,-1.2668511031277446E-4
3,208;329;972,-1.2648975092341622E-4
3,81;629;709,1.263366301085163E-4
3,230;626;938,-1.2620488700207155E-4
3,325;380;518,1.2616569764865005E-4
3,91;312;453,-1.258809459355476E-4
3,661;771;826,-1.2567533432924984E-4
3,115;618;912,1.2559366358321823E-4
3,202;320;966,-1.2554000616599411E-4
3,313;647;822,-1.2552157704423536E-4
3,196;621;858,-1.2546527964156902E-4
3,456;586;689,1.2545663383893118E-4
3,541;551;732,-1.2532132298951481E-4
3,227;935;979,1.253061563814279E-4
3,54;278;298,1.2524941437430575E-4
3,98;123;351,-1.2524564911005424E-4
3,180;217;730,1.2520939939021593E-4
3,44;112;640,1.2507389997928027E-4
3,33;441;797,1.2504121880372972E-4
3,67;935;958,1.2493073575273425E-4
3,88;150;480,-1.247751555306034E-4
3,65;234;462,-1.247545535114447E-4
3,19;225;486,1.2474611063838242E-4
3,87;409;620,1.2459117912459996E-4
3,545;626;651,-1.245339332590748E-4
3,60;875;944,1.244357537720639E-4
3,291;526;615,1.2435850497912127E-4
3,385;738;994,1.2431698706656796E-4
3,93;885;987,1.2422223071954964E-4
3,541;551;939,1.2410502590471683E-4
3,422;799;834,-1.2380532770376993E-4
3,201;374;631,1.2378095652150253E-4
3,20;360;722,1.2373211551307747E-4
3,695;894;945,-1.2322315200761634E-4
3,365;835;875,-1.2318240026078296E-4
3,286;372;592,-1.23125220996508E-4
3,268;507;593,-1.2308269705114494E-4
3,370;725;997,-1.2306380367188013E-4
3,455;525;761,-1.2298137070215857E-4
3,250;609;865,-1.2271520174096724E-4
3,500;730;813,-1.2261218933939618E-4
3,199;309;693,1.2255946550850176E-4
3,43;308;720,1.2240603852837557E-4
3,119;239;544,-1.2240349061143257E-4
3,730;815;848,-1.2237011379633768E-4
3,578;809;932,-1.2234710180858538E-4
3,445;578;594,1.223136660004321E-4
3,199;279;693,-1.2228137649814797E-4
3,286;550;953,1.2225074829602645E-4
3,102;304;305,-1.2221740174786063E-4
3,2;351;433,-1.2206743439081482E-4
3,328;400;541,-1.2202113472171168E-4
3,432;907;983,1.2173873434186879E-4
3,86;912;914,-1.2168449858140557E-4
3,206;489;989,1.216219953781389E-4
3,286;952;975,1.2153843673758844E-4
3,568;881;968,-1.2142329267003227E-4
3,623;669;989,1.213804843588457E-4
3,212;894;945,1.2129597798313759E-4
3,221;395;458,-1.2120072193237015E-4
3,270;480;663,1.2110979460780232E-4
3,97;282;462,1.2068954192463491E-4
3,368;679;694,1.2059489825930403E-4
3,163;217;985,-1.2042117298028254E-4
3,482;607;616,1.204125223161466E-4
3,776;831;939,-1.2026980633548991E-4
3,303;389;962,-1.201827762548335E-4
3,159;365;856,-1.2016231195252514E-4
3,69;147;626,1.1996138465061018E-4
3,137;286;372,-1.199510850238368E-4
3,644;657;960,1.1986660465000499E-4
3,746;767;803,-1.1952092924853128E-4
3,172;450;748,-1.1939257094985633E-4
3,101;159;541,-1.1937017683113158E-4
3,202;619;722,1.1934166288408407E-4
3,101;487;749,-1.1921863818287495E-4
3,214;681;818,-1.190201964976996E-4
3,210;424;530,1.1900131370055008E-4
3,82;419;922,1.1889500785948294E-4
3,84;623;678,1.1868308134906239E-4
3,458;656;887,1.1848966970211257E-4
3,34;194;216,1.1837426319150905E-4
3,59;780;988,-1.1836369175785262E-4
3,233;451;720,-1.1803554647815636E-4
3,758;881;895,-1.1792388763643038E-4
3,545;651;881,1.1778177300469717E-4
3,659;900;964,-1.1772157549904072E-4
3,77;367;684,1.176730435823909E-4
3,221;333;880,1.1766196644460415E-4
3,19;919;943,-1.1762684454010475E-4
3,139;519;943,1.1744544660162329E-4
3,69;594;845,-1.173977087155882E-4
3,320;753;819,-1.1737213509278266E-4
3,28;205;243,-1.173309387945202E-4
3,150;403;524,1.172711891832021E-4
3,123;572;810,1.1725327916322152E-4
3,628;826;956,-1.1709307619840403E-4
3,118;430;643,-1.170261781271488E-4
3,191;249;358,1.1699398771676382E-4
3,337;413;699,1.1694934635791962E-4
3,315;463;921,1.1692616655231656E-4
3,53;70;631,-1.1691005947007255E-4
3,50;250;392,-1.1671966947485509E-4
3,838;905;980,-1.1653289833383782E-4
3,456;689;758,1.1645242861320552E-4
3,12;138;451,1.1643293929276718E-4
3,230;634;973,-1.1618301526805636E-4
3,10;188;297,-1.1617031920073146E-4
3,110;443;539,-1.161429203475041E-4
3,36;388;827,-1.1611193764544616E-4
3,547;809;932,1.1610520040388679E-4
3,120;512;569,1.1609766189709617E-4
3,13;231;289,-1.1597452133711842E-4
3,410;681;815,-1.1596731939968264E-4
3,273;714;961,1.1595794543876858E-4
3,37;115;833,-1.15945200945655E-4
3,594;616;728,1.159357002278118E-4
3,136;256;430,-1.1592804123835517E-4
3,639;749;819,1.1573257524638354E-4
3,767;805;990,1.157141077160542E-4
3,749;933;966,1.1568848573776356E-4
3,173;176;849,-1.1565885830267753E-4
3,793;810;816,1.1562684279773505E-4
3,50;367;820,1.1549880207973986E-4
3,75;482;738,1.153387544080418E-4
3,49;704;813,-1.1514034993040556E-4
3,611;666;759,-1.1500572885991227E-4
3,53;213;661,1.1487201410032142E-4
3,242;495;890,1.148243919769273E-4
3,372;420;499,-1.147750728339349E-4
3,1;260;929,-1.1470355722048403E-4
3,78;687;955,-1.1440586555568474E-4
3,97;119;239,1.1438823795168984E-4
3,22;442;739,1.1437067056659936E-4
3,188;297;640,1.143127602987812E-4
3,429;793;810,1.1426191818664382E-4
3,48;137;976,1.1419391886027637E-4
3,268;298;502,1.140967981274451E-4
3,331;409;493,1.1409066522372189E-4
3,153;332;992,-1.1393800669341329E-4
3,45;109;413,1.1380460290298797E-4
3,68;183;645,1.137263213403359E-4
3,97;462;770,-1.1360930386439735E-4
3,90;409;762,-1.1323389196747352E-4
3,92;164;898,1.1321591632618922E-4
3,244;535;949,1.1317135648063011E-4
3,101;303;888,1.1316556353009931E-4
3,36;388;921,-1.1273048097153926E-4
3,186;306;629,1.1267929889149311E-4
3,162;262;711,-1.1262975071592952E-4
3,368;664;866,-1.1246105209595734E-4
3,659;858;920,-1.1242244570878196E-4
3,236;622;996,-1.12338931441218E-4
3,102;177;577,-1.1226868660928672E-4
3,248;279;464,1.1220879340871437E-4
3,57;542;596,-1.1219006581350517E-4
3,197;346;968,1.1218087892144619E-4
3,5;271;614,1.1214868561785963E-4
3,245;273;279,-1.1203121137867101E-4
3,54;161;684,1.1198650855032935E-4
3,36;273;351,1.1198413706948752E-4
3,160;350;641,-1.1185712982136993E-4
3,436;525;674,1.1174584566189287E-4
3,109;406;469,-1.1168617868309232E-4
3,33;454;726,-1.1159507104488683E-4
3,92;164;680,1.1156922001499192E-4
3,147;615;908,-1.1145963008623758E-4
3,142;429;890,-1.1134845826006057E-4
3,718;746;824,-1.1129367867576768E-4
3,73;201;945,-1.1125907226087345E-4
3,12;138;502,-1.1124994459793278E-4
3,55;87;764,1.1122823766597108E-4
3,30;458;623,-1.1121663058154523E-4
3,149;223;415,1.110042930260984E-4
3,272;391;810,-1.1092866867910089E-4
3,118;215;941,-1.1090275911470411E-4
3,70;461;922,1.1084808705557028E-4
3,336;444;504,1.1074040690090955E-4
3,358;492;778,-1.1043711499821562E-4
3,236;801;996,-1.104340680133563E-4
3,663;669;844,-1.1041128240378074E-4
3,430;490;702,-1.1030188918079076E-4
3,452;634;824,1.1024058926970103E-4
3,1;185;288,-1.1021964962447669E-4
3,409;714;937,1.1008214795955075E-4
3,431;538;934,1.0996696942508056E-4
3,288;531;552,1.0993643675253396E-4
3,704;860;904,-1.0992909492729625E-4
3,195;307;470,-1.0989199253014312E-4
3,68;184;854,-1.0987798356637035E-4
3,183;279;952,-1.0983658262248114E-4
3,193;654;865,1.0936197956811447E-4
3,71;393;555,1.0934479738711092E-4
3,74;213;303,1.0923102406387525E-4
3,84;611;759,1.0910751192367863E-4
3,760;791;827,-1.0896032609393782E-4
3,205;234;524,1.0895340798024678E-4
3,320;563;961,-1.0882751176280484E-4
3,525;605;992,1.0879841113642006E-4
3,60;850;898,1.0859212296896314E-4
3,98;123;617,1.0851118400611118E-4
3,36;135;407,1.0850391383381926E-4
3,48;602;802,-1.0845614721623248E-4
3,272;718;738,1.08381525566745E-4
3,279;628;912,-1.0837890857009797E-4
3,39;257;855,1.0836589249655135E-4
3,186;479;987,-1.0834246063078323E-4
3,300;672;700,-1.0829698413970421E-4
3,5;313;647,-1.0828976703993113E-4
3,454;641;647,1.0822590260169239E-4
3,16;395;537,1.0822236559495083E-4
3,65;507;593,1.0821325524130304E-4
3,217;276;967,-1.0818139732536017E-4
3,144;484;971,-1.080959584706718E-4
3,98;324;995,1.0809029487163258E-4
3,6;543;561,1.0802913990526183E-4
3,124;346;555,1.0802291635250927E-4
3,179;385;579,-1.0799390835318954E-4
3,71;689;698,1.0793369845256396E-4
3,327;459;902,1.0789680843870456E-4
3,10;127;642,1.0788588347737684E-4
3,372;745;761,1.0767363838541149E-4
3,6;270;404,-1.0754716755801803E-4
3,296;386;968,-1.0740806311986487E-4
3,54;140;684,1.0731931882779428E-4
3,89;249;770,-1.0719679803011814E-4
3,571;819;998,-1.0719109907412953E-4
3,336;911;964,-1.0714111886641706E-4
3,241;393;863,1.0713187695915138E-4
3,281;493;711,-1.0701060285923597E-4
3,22;176;930,-1.0698318151033796E-4
3,12;164;334,1.0693737281058187E-4
3,190;622;637,-1.0693554166428185E-4
3,318;631;724,1.0667311190467144E-4
3,30;458;642,-1.0662607328718537E-4
3,525;665;761,1.0660927673150583E-4
3,787;799;884,1.0635407929625472E-4
3,58;133;378,-1.0631900479685602E-4
3,438;467;975,-1.0622522119081158E-4
3,76;379;804,1.0621555696294096E-4
3,311;531;735,1.0621314609194072E-4
3,602;852;902,1.0614164488986242E-4
3,255;309;553,-1.060559886004576E-4
3,801;907;936,1.0590381378096973E-4
3,244;248;279,1.0589696907467214E-4
3,546;603;956,1.0583808743071066E-4
3,66;211;656,1.0551771500458771E-4
3,75;530;879,1.0543404190079996E-4
3,41;387;584,1.0542111767204974E-4
3,248;480;798,1.0538565683001127E-4
3,73;183;259,1.0538320200255715E-4
3,692;717;727,-1.0533478156502246E-4
3,239;795;814,-1.0520763971414007E-4
3,128;594;930,1.0511353346596675E-4
3,123;519;810,-1.0502739689256471E-4
3,509;926;927,1.0501808711872496E-4
3,31;230;626,-1.0501301348225826E-4
3,337;491;663,1.0489194363802216E-4
3,93;209;303,-1.048851699780982E-4
3,77;684;820,-1.0482759108358982E-4
3,112;118;876,1.0477468332200798E-4
3,63;234;290,1.0467745509314894E-4
3,204;229;506,-1.0467707720756402E-4
3,419;672;991,-1.0457189935751793E-4
3,158;561;705,1.045273720097003E-4
3,679;796;985,1.0450571184946653E-4
3,286;729;934,1.0436910641882373E-4
3,2;153;474,1.0417082246213505E-4
3,433;557;926,-1.0403461045658845E-4
3,120;687;715,1.0403292875527281E-4
3,380;723;813,1.0398178144495293E-4
3,19;207;237,1.0395397378956714E-4
3,388;691;828,1.0394798671620981E-4
3,175;290;887,1.039271354984677E-4
3,29;432;675,1.0382709757504182E-4
3,102;305;753,-1.0379702795166188E-4
3,95;102;177,1.0379569317103533E-4
3,34;236;933,-1.0364033544714218E-4
3,87;423;516,1.0358406012341278E-4
3,298;638;669,-1.0358130087315335E-4
3,31;230;938,1.0355422716943885E-4
3,84;611;666,-1.0351074412148545E-4
3,864;954;998,-1.0347499029071177E-4
3,386;544;609,-1.0344715195937321E-4
3,502;805;916,1.034448379196822E-4
3,252;547;771,1.03386510185995E-4
3,435;746;824,-1.0327501154735247E-4
3,546;747;829,1.0323861326342912E-4
3,290;510;877,-1.0320551680878747E-4
3,197;346;629,-1.0319990315657135E-4
3,386;548;997,1.0307332043593254E-4
3,622;801;996,1.0300367154042722E-4
3,262;460;942,-1.0299077742454626E-4
3,380;518;936,-1.0295362871692573E-4
3,118;242;643,1.028869951459634E-4
3,361;524;693,1.0285664468362146E-4
3,334;383;872,-1.0281759270536772E-4
3,160;869;982,-1.0280879677210711E-4
3,273;596;823,-1.0279269345621086E-4
3,18;405;523,1.0276132254914092E-4
3,307;769;887,-1.0274653911123078E-4
3,222;381;383,-1.0267723467896548E-4
3,75;417;865,1.02596938759633E-4
3,87;150;403,-1.025801461005518E-4
3,27;286;815,-1.0257268737393362E-4
3,144;450;737,1.0253998914872956E-4
3,371;609;830,-1.0253354485483359E-4
3,328;400;873,1.024605294685361E-4
3,214;389;748,1.0245343371316598E-4
3,431;599;776,1.0241246087333661E-4
3,52;625;800,-1.0241226254839554E-4
3,43;266;342,-1.0239080341592019E-4
3,75;626;783,1.0235447261892261E-4
3,459;745;824,1.0222597185966354E-4
3,871;877;939,1.0220925678316055E-4
3,8;596;618,-1.0217378179215048E-4
3,466;508;622,1.0217123342345633E-4
3,421;579;648,-1.0214921103065392E-4
3,87;237;363,-1.0197582296821487E-4
3,132;275;795,-1.0195638738278507E-4
3,195;307;977,1.019490286599534E-4
3,693;727;815,-1.0194820156861414E-4
3,256;491;678,1.0190621471498332E-4
3,217;343;685,-1.0186511601361077E-4
3,334;651;774,1.0183175991564225E-4
3,48;602;713,-1.0180783747004371E-4
3,262;443;716,-1.0178869804539553E-4
3,26;722;749,1.0171525921393871E-4
3,24;703;957,-1.0170210453537753E-4
3,48;423;856,-1.0156275865295289E-4
3,163;365;745,-1.0156022443535997E-4
3,135;348;441,-1.0151089556653807E-4
3,297;393;867,-1.0150253496445913E-4
3,652;867;961,1.0145401814778282E-4
3,365;783;894,-1.0144932360994494E-4
3,81;164;709,-1.0140386166270482E-4
3,223;246;740,1.0136957278703079E-4
3,205;723;983,1.0132008447565698E-4
3,705;886;901,-1.0129110457952218E-4
3,446;839;934,-1.0125938304990873E-4
3,330;341;418,-1.0124872657692421E-4
3,514;728;991,-1.0122960328175766E-4
3,362;376;954,1.0122009944931193E-4
3,226;492;957,-1.0121169944952252E-4
3,768;808;953,-1.0119896803966305E-4
3,28;182;955,1.0118002764281381E-4
3,435;718;746,1.0113707174465536E-4
3,217;807;910,1.0108075895097153E-4
3,191;220;638,-1.0080599105304064E-4
3,173;515;609,1.0067327263715648E-4
3,272;341;437,1.0056457051447447E-4
3,378;386;487,1.0052654184720613E-4
3,66;183;279,1.0050271819295343E-4
3,90;274;478,-1.0038142599638419E-4
3,337;426;663,-1.0031720437233828E-4
3,272;341;581,-1.0025649076371352E-4
3,37;435;626,-1.002253383161349E-4
3,175;333;706,-1.0013190956586573E-4
3,128;930;942,-1.0004158663227576E-4
3,505;515;940,9.994639082361889E-5
3,167;201;710,-9.985541711731372E-5
3,252;256;833,-9.98169809139001E-5
3,109;236;933,-9.98144381930596E-5
3,293;643;970,9.97600084755549E-5
3,503;684;850,-9.974967501742729E-5
3,256;329;627,-9.961730035760865E-5
3,528;610;944,9.955508757740186E-5
3,63;86;90,9.954357427569844E-5
3,417;632;667,9.952312646170179E-5
3,610;687;846,9.951836160457393E-5
3,217;333;730,-9.943474170840355E-5
3,385;883;939,9.93637828911493E-5
3,234;462;757,9.931963204265055E-5
3,20;120;490,-9.930628804160768E-5
3,231;725;765,9.92604396890912E-5
3,270;273;480,-9.92276607309135E-5
3,93;526;605,9.92242734990276E-5
3,133;295;711,-9.920396233837962E-5
3,139;340;546,-9.917555974324543E-5
3,147;226;615,9.903036337807492E-5
3,499;632;760,-9.901672823971949E-5
3,388;828;969,-9.890043791116576E-5
3,291;300;665,-9.880259092111428E-5
3,158;254;751,-9.867786462496158E-5
3,63;234;633,-9.85626734915418E-5
3,173;591;882,9.854886374080249E-5
3,39;204;456,-9.854495286561448E-5
3,157;316;379,9.849727648096965E-5
3,358;398;998,9.828867284963311E-5
3,339;362;954,9.828858410420576E-5
3,527;559;696,-9.824908178885233E-5
3,99;508;565,9.823966514187165E-5
3,99;465;565,9.823352473688618E-5
3,674;954;998,-9.82222601933667E-5
3,270;589;676,-9.812801332345945E-5
3,417;455;766,9.799761874190583E-5
3,262;460;581,9.797631571917124E-5
3,202;241;878,-9.796511522771367E-5
3,154;894;994,9.792896224564612E-5
3,234;658;804,-9.785764425492477E-5
3,604;736;931,9.78514541220716E-5
3,401;439;924,9.776429572755816E-5
3,570;817;921,-9.774284653264592E-5
3,104;185;909,9.771089382632461E-5
3,72;393;555,-9.754931956300933E-5
3,51;225;273,-9.750066398238187E-5
3,144;881;968,-9.74884753635368E-5
3,373;485;924,9.733603762242103E-5
3,813;906;981,9.721404636277687E-5
3,273;596;908,9.719364250497562E-5
3,9;93;987,-9.704072028994709E-5
3,675;774;840,-9.703349715418652E-5
3,210;387;790,-9.675714685322211E-5
3,540;662;967,9.673313670495168E-5
3,539;574;862,9.663300355236058E-5
3,387;546;584,9.65069716469724E-5
3,108;637;817,-9.644034629506202E-5
3,363;709;920,9.633211850641924E-5
3,359;668;868,-9.630754504982978E-5
3,202;220;748,9.628992385508178E-5
3,38;316;333,-9.62653924866344E-5
3,182;368;662,9.625918926855543E-5
3,53;779;877,9.623889687579917E-5
3,73;559;945,9.623820941912615E-5
3,131;174;526,9.615873284628729E-5
3,209;643;970,-9.614296157748483E-5
3,566;941;976,-9.604557009205008E-5
3,531;725;986,9.60242351342267E-5
3,99;568;874,-9.597644938329939E-5
3,213;233;640,9.596757324654273E-5
3,446;761;885,-9.591636708711186E-5
3,297;393;503,-9.582953889862624E-5
3,502;916;964,9.57796424226973E-5
3,64;360;722,9.574801020165214E-5
3,706;885;964,-9.572176957738726E-5
3,227;724;938,9.556103305821798E-5
3,337;625;970,-9.547070761924428E-5
3,80;149;406,9.545403625851695E-5
3,566;603;868,9.539762281335946E-5
3,269;528;898,9.5350255785322E-5
3,75;415;530,9.534927321761475E-5
3,219;511;601,9.52608488980882E-5
3,20;206;773,9.523703523390833E-5
3,287;344;394,-9.514466710332607E-5
3,9;885;987,9.513522509230218E-5
3,3;639;819,-9.513196070608815E-5
3,60;307;944,9.510151543577498E-5
3,122;363;709,-9.503476089372647E-5
3,263;500;730,9.499304628271677E-5
3,385;900;939,-9.492002954629085E-5
3,123;554;687,-9.490769395175057E-5
3,148;410;961,9.487474526957386E-5
3,234;668;687,9.487116020069312E-5
3,251;361;524,9.479764746668912E-5
3,175;183;307,-9.477184655154627E-5
3,336;558;854,9.473367470657909E-5
3,54;237;700,-9.47212662683033E-5
3,758;856;963,-9.470887121127452E-5
3,229;663;976,9.456032747651069E-5
3,51;63;127,9.453269816586287E-5
3,269;669;989,9.445913581753931E-5
3,4;301;984,-9.444116976449733E-5
3,162;377;711,-9.432101234899324E-5
3,488;758;856,-9.431025881548789E-5
3,23;39;923,9.426683229661126E-5
3,285;498;768,-9.422612114380107E-5
3,283;415;716,9.418314990766625E-5
3,87;254;516,-9.412321863501323E-5
3,62;817;861,-9.404412830392466E-5
3,483;727;784,9.40327942876762E-5
3,552;627;946,9.401091031537185E-5
3,514;679;694,9.399192825085644E-5
3,224;470;836,9.398754455698258E-5
3,256;714;937,-9.395048502108988E-5
3,358;518;707,-9.378421134179366E-5
3,202;392;878,9.377502754024064E-5
3,175;210;696,9.37566994018128E-5
3,267;299;938,-9.375630455156576E-5
3,187;299;990,9.370157255041508E-5
3,432;705;946,-9.361552031312426E-5
3,203;777;905,9.358629225781121E-5
3,336;468;702,9.357433840192242E-5
3,459;605;958,-9.353211371939986E-5
3,28;167;386,-9.346508669610985E-5
3,690;819;879,-9.32764062386178E-5
3,70;811;922,9.327008591726445E-5
3,272;437;581,9.315089738243145E-5
3,98;365;856,-9.312569997976958E-5
3,15;917;956,-9.31136781775656E-5
3,207;558;725,-9.29415162737018E-5
3,519;572;810,-9.292564851015181E-5
3,153;474;902,-9.288187022571859E-5
3,481;528;644,-9.284410729135142E-5
3,397;561;705,-9.284184956175306E-5
3,605;706;877,-9.282501229904791E-5
3,508;673;803,9.282144017636543E-5
3,290;719;887,-9.280467193793513E-5
3,540;910;933,9.278894813685563E-5
3,179;847;918,-9.272812157372834E-5
3,48;324;995,9.272479418488391E-5
3,609;808;830,9.256460277197261E-5
3,115;150;833,-9.248251877607003E-5
3,457;745;966,9.245407447734747E-5
3,55;87;327,-9.237851876497892E-5
3,59;907;983,9.222649089450057E-5
3,403;434;946,-9.208429024179401E-5
3,76;187;225,9.193497621211724E-5
3,85;169;235,9.191007603616989E-5
3,304;903;996,9.188343387326461E-5
3,21;198;560,9.172361276463315E-5
3,459;600;745,-9.170596189744404E-5
3,413;570;682,-9.15234672936679E-5
3,248;348;480,-9.151398985123227E-5
3,88;146;456,-9.148722307072953E-5
3,27;358;492,-9.14683418646308E-5
3,59;432;983,-9.112640849720275E-5
3,121;306;404,9.110834121330321E-5
3,101;847;918,9.103579515785842E-5
3,230;413;501,9.098675481069574E-5
3,325;380;936,9.083553394811898E-5
3,504;851;892,9.074350912070215E-5
3,274;696;957,9.069502975476048E-5
3,448;496;604,-9.06907202580578E-5
3,13;45;97,-9.065228631676053E-5
3,217;459;910,-9.062624852803014E-5
3,90;438;467,-9.057260368311299E-5
3,514;539;771,9.053875861762803E-5
3,272;469;473,9.053601969689257E-5
3,56;106;381,9.039686628721586E-5
3,420;644;820,-9.036325767651259E-5
3,577;763;809,9.035713070797355E-5
3,146;461;951,-9.023928360121786E-5
3,281;659;964,9.02217909319456E-5
3,76;804;899,-9.020594328417125E-5
3,214;389;662,-9.019801288477108E-5
3,198;213;303,9.000982754659001E-5
3,138;163;225,8.993530703903974E-5
3,358;518;911,8.975829488545586E-5
3,109;737;786,8.974518823260904E-5
3,20;64;722,8.973473919183927E-5
3,16;53;213,-8.973001874367753E-5
3,317;371;601,8.971117505348181E-5
3,577;628;912,8.970208038897364E-5
3,37;220;509,-8.960584600124214E-5
3,103;725;844,8.944909844311927E-5
3,63;582;822,8.944871461780375E-5
3,15;78;110,-8.942756219513646E-5
3,247;472;656,-8.940653120298781E-5
3,336;558;796,8.937920494355257E-5
3,59;305;988,8.936833138720155E-5
3,164;296;796,-8.935088963986517E-5
3,286;309;975,-8.924650897277222E-5
3,450;674;707,8.919329771441437E-5
3,189;205;983,-8.916026364706836E-5
3,728;795;997,8.902922631890692E-5
3,29;776;785,8.902657809271863E-5
3,248;322;784,8.897032162811745E-5
3,194;421;975,8.888782930191778E-5
3,86;932;964,8.886201970829041E-5
3,317;683;780,8.885228197940167E-5
3,202;274;696,-8.881199401123536E-5
3,539;575;862,8.87470858574505E-5
3,644;722;921,-8.866880576093487E-5
3,468;569;712,-8.859167645190849E-5
3,351;454;506,-8.85662538722019E-5
3,95;349;448,8.854301337662294E-5
3,258;505;623,8.850403112590394E-5
3,604;609;736,8.843603573949424E-5
3,68;179;183,-8.843536577742051E-5
3,160;186;787,8.84289229493307E-5
3,368;537;664,8.840013368384384E-5
3,627;883;984,8.838600204487431E-5
3,204;238;800,-8.835369106744951E-5
3,184;228;544,-8.835217434887335E-5
3,422;706;877,8.829373973539789E-5
3,15;380;917,8.821833456023017E-5
3,27;134;687,8.815549493218788E-5
3,622;637;702,-8.815225743876152E-5
3,112;487;876,8.801531871886416E-5
3,594;845;975,8.797806824096835E-5
3,100;262;890,-8.795544886551513E-5
3,337;496;921,8.789129618175798E-5
3,574;709;863,-8.788106654453257E-5
3,39;304;767,8.785668631785793E-5
3,477;748;861,8.784677557254156E-5
3,45;109;530,-8.783214071606515E-5
3,88;146;275,8.778404041264338E-5
3,466;622;821,-8.777990911828647E-5
3,6;328;832,-8.777543505766458E-5
3,565;781;994,-8.775033806778411E-5
3,373;413;485,-8.773796724388403E-5
3,334;541;991,-8.771918441215332E-5
3,202;218;220,8.768879204634379E-5
3,27;373;522,8.767398907611021E-5
3,283;412;716,8.766030330960997E-5
3,47;641;647,-8.763926175695393E-5
3,710;932;964,-8.754050637181029E-5
3,71;194;681,8.753880140940135E-5
3,389;421;846,8.740888002187953E-5
3,367;712;820,8.733882918332844E-5
3,208;497;555,-8.732910132906454E-5
3,198;448;496,-8.732699333591103E-5
3,160;190;910,8.723769790359529E-5
3,330;628;956,-8.722886652432144E-5
3,147;623;852,-8.719563015314869E-5
3,122;211;564,8.716167137035643E-5
3,157;235;388,-8.692150915390476E-5
3,39;66;211,-8.691982267736468E-5
3,136;256;925,8.689847029520251E-5
3,184;623;704,-8.686499223223174E-5
3,241;337;699,-8.684055542112287E-5
3,99;568;614,-8.682792690776324E-5
3,188;463;843,8.677809944477175E-5
3,374;713;783,-8.672507275263247E-5
3,130;196;754,-8.660253409731066E-5
3,113;549;753,-8.659799185183936E-5
3,105;115;923,-8.65531424566538E-5
3,303;777;962,-8.654829710445455E-5
3,164;450;748,-8.650832251455179E-5
3,627;878;883,-8.648375543311508E-5
3,186;227;987,-8.645933855945312E-5
3,100;795;814,-8.645109915734155E-5
3,122;500;593,-8.641978121688053E-5
3,350;379;463,8.639297517093257E-5
3,190;622;702,8.639064654211466E-5
3,242;890;926,-8.635897596532459E-5
3,266;361;677,8.632722542968867E-5
3,449;833;874,-8.630591748756686E-5
3,347;456;915,8.624969230574913E-5
3,44;112;712,8.622867683448078E-5
3,522;531;532,8.621614065230862E-5
3,162;221;333,8.610782892037851E-5
3,255;553;835,8.605603487764494E-5
3,51;579;648,-8.605110209190834E-5
3,19;237;883,-8.598321167902379E-5
3,31;144;738,-8.58899449080373E-5
3,536;747;829,8.588316304812314E-5
3,598;691;744,8.581526498715259E-5
3,10;557;642,-8.580165055329366E-5
3,172;323;614,8.569204127244447E-5
3,158;295;548,8.562134035369365E-5
3,19;308;720,8.560727126022391E-5
3,723;753;911,8.559460920947351E-5
3,33;454;981,-8.558849091949075E-5
3,458;887;973,-8.55847207190778E-5
3,104;433;967,8.55195707337493E-5
3,225;486;945,-8.546966505507971E-5
3,260;739;943,8.531874735379841E-5
3,190;590;756,-8.530591840194692E-5
3,44;451;815,-8.524223539594648E-5
3,817;824;961,-8.521535503073203E-5
3,112;267;647,-8.519251811948614E-5
3,190;210;465,-8.50846680460681E-5
3,95;177;577,8.491528708387006E-5
3,241;263;772,8.477059106779072E-5
3,115;342;638,-8.467026330842758E-5
3,543;740;880,-8.464450707138535E-5
3,483;838;905,-8.451669059669545E-5
3,67;203;286,8.449934263613967E-5
3,191;210;673,8.448776854078056E-5
3,374;461;587,-8.439552679169538E-5
3,101;433;736,8.438528714956579E-5
3,90;467;975,-8.424402490155733E-5
3,123;318;686,-8.423465636765613E-5
3,639;817;915,8.422458387454191E-5
3,2;181;351,8.422286185285524E-5
3,77;145;427,8.419757193877734E-5
3,392;893;915,8.418381330687625E-5
3,461;811;922,8.410384089274934E-5
3,593;614;971,8.406902155330121E-5
3,176;571;674,8.406092202720902E-5
3,187;276;388,8.405196962838306E-5
3,579;620;869,-8.405121287315111E-5
3,533;595;976,8.402437438946605E-5
3,482;739;927,-8.394640779405613E-5
3,198;426;943,8.383227963934272E-5
3,165;227;935,-8.379372039004775E-5
3,415;447;723,8.375466887628994E-5
3,214;319;407,-8.366923352326078E-5
3,371;738;752,-8.365825673842343E-5
3,638;646;998,-8.364533178267573E-5
3,210;696;832,-8.362922865227262E-5
3,104;714;778,-8.357210161876037E-5
3,2;320;755,8.353779343144577E-5
3,68;839;893,-8.343699803560142E-5
3,178;825;970,-8.33761893880233E-5
3,175;701;915,8.337304351104344E-5
3,426;608;626,-8.336148738899341E-5
3,367;573;858,-8.32726956459023E-5
3,114;413;687,8.327155896674374E-5
3,212;300;946,-8.311041145029603E-5
3,69;239;755,8.310265553038252E-5
3,511;517;681,-8.308403015842046E-5
3,377;609;852,8.302344876474008E-5
3,52;417;800,8.301017245529274E-5
3,127;739;927,8.29885826027387E-5
3,805;916;964,-8.293323785420076E-5
3,813;906;910,8.285932992551998E-5
3,78;687;960,-8.281501980046979E-5
3,27;286;772,-8.27777059205586E-5
3,860;905;907,-8.277627511657193E-5
3,8;304;596,-8.27601712617031E-5
3,264;671;825,8.275475861088998E-5
3,140;592;792,-8.273071086947838E-5
3,286;291;556,8.271963043208431E-5
3,589;676;977,-8.267163316964105E-5
3,545;816;828,-8.2635709501708E-5
3,219;511;537,8.260261990396317E-5
3,109;118;737,8.25881299991403E-5
3,12;484;660,8.256731232165104E-5
3,812;815;862,8.245102807755073E-5
3,130;754;906,8.241751870791539E-5
3,374;783;900,-8.241345620233341E-5
3,205;636;809,8.240589500765993E-5
3,276;432;967,-8.239939881301608E-5
3,117;765;998,-8.227154728218859E-5
3,594;739;846,-8.224427024462238E-5
3,118;483;814,8.216432210446625E-5
3,797;830;836,-8.205345245583859E-5
3,67;426;958,8.198746964649816E-5
3,37;435;501,8.197283219763202E-5
3,743;819;998,-8.193656235050833E-5
3,77;236;635,-8.191083559589641E-5
3,425;599;791,8.190882239806984E-5
3,103;358;978,8.185783524266901E-5
3,269;475;898,8.178113761419735E-5
3,546;714;961,8.1755499513331E-5
3,488;567;814,-8.172459189108548E-5
3,29;398;588,8.16735917056583E-5
3,201;381;402,8.165012385027172E-5
3,22;930;971,-8.16187861989287E-5
3,525;605;611,-8.15954013341575E-5
3,64;566;861,-8.151082009268687E-5
3,526;731;891,8.150875390887364E-5
3,379;455;530,-8.148272640645273E-5
3,232;886;901,8.146248788741653E-5
3,52;417;625,8.143707196725929E-5
3,242;533;595,-8.141815942359416E-5
3,629;714;778,8.139088781322745E-5
3,7;584;733,-8.136384375043467E-5
3,451;690;819,-8.135338448825094E-5
3,27;618;648,-8.133028618639486E-5
3,65;268;593,8.130063330985508E-5
3,79;467;489,-8.12880808271805E-5
3,81;454;670,-8.124072912486293E-5
3,145;626;783,8.106954196961386E-5
3,411;432;745,8.106500525919486E-5
3,175;390;915,8.105029583560945E-5
3,745;822;966,-8.103819478017893E-5
3,219;425;617,8.102583071441574E-5
3,64;534;580,8.102316010085479E-5
3,25;871;877,-8.101167283263322E-5
3,426;491;663,-8.090796028873509E-5
3,30;526;615,-8.083475375150547E-5
3,123;519;572,8.079489621710053E-5
3,194;466;835,-8.074300134744101E-5
3,200;373;837,-8.073494145521975E-5
3,280;510;766,-8.062088127529219E-5
3,336;612;988,8.054480525529465E-5
3,250;392;770,-8.053281294029716E-5
3,438;637;695,8.051633413367158E-5
3,365;377;783,-8.046955799012037E-5
3,372;507;745,-8.045591148210208E-5
3,330;826;956,8.02032026359158E-5
3,299;302;601,8.014715584888582E-5
3,18;301;405,8.01222392062346E-5
3,162;447;541,-8.012011729739352E-5
3,70;470;516,-8.011189881953808E-5
3,99;141;810,-8.009094201899452E-5
3,248;643;784,8.00588976528673E-5
3,538;661;941,-8.003076558438924E-5
3,0;253;564,7.998651959797617E-5
3,57;132;963,-7.997086072276544E-5
3,372;758;797,-7.989803326248488E-5
3,16;431;934,-7.978433359163753E-5
3,109;749;832,7.975377883986679E-5
3,202;274;957,-7.968674306362996E-5
3,445;854;968,7.968423859760178E-5
3,698;819;936,7.958741332079451E-5
3,268;478;515,-7.950274672020838E-5
3,555;615;770,-7.95017885852936E-5
3,188;843;997,7.948463652678354E-5
3,698;928;936,-7.94177277551748E-5
3,47;825;970,7.921160151154259E-5
3,590;798;912,7.913175140461759E-5
3,339;543;561,-7.91155171583493E-5
3,183;665;851,-7.907997039641373E-5
3,255;334;408,-7.900907749911669E-5
3,64;605;777,7.891260263454522E-5
3,160;551;641,7.887571440137395E-5
3,188;623;944,7.886874489244542E-5
3,12;98;498,-7.883540600738372E-5
3,273;594;681,-7.881112894214154E-5
3,540;542;910,7.873875703882944E-5
3,68;179;645,7.873485288322388E-5
3,122;566;861,7.867877231828296E-5
3,63;192;489,-7.865991597350734E-5
3,391;927;977,-7.85315986157022E-5
3,140;161;684,-7.852692701850951E-5
3,638;813;967,-7.851726239863362E-5
3,488;856;963,7.841824316041027E-5
3,48;548;979,7.840195322552466E-5
3,163;631;985,7.837669623275595E-5
3,416;696;765,-7.836559149702177E-5
3,433;557;645,-7.822047973050703E-5
3,610;624;765,-7.82089286888961E-5
3,288;531;580,-7.819583853893388E-5
3,303;369;415,-7.815829837251335E-5
3,612;765;967,-7.815700825517053E-5
3,247;665;905,-7.813864358807975E-5
3,872;893;961,7.811373179510095E-5
3,203;704;904,-7.806450621028074E-5
3,25;558;601,-7.801132223465806E-5
3,760;791;841,-7.800655542318894E-5
3,174;362;470,7.798724805538795E-5
3,47;454;641,7.794767692465994E-5
3,312;356;638,-7.794161635998057E-5
3,482;868;894,-7.791145151035484E-5
3,444;482;868,7.789886001478197E-5
3,111;687;922,-7.789674879166415E-5
3,227;424;938,7.780565005632103E-5
3,715;789;969,7.773531172579105E-5
3,73;580;667,7.767836237255544E-5
3,560;693;722,7.767359930644369E-5
3,370;379;455,7.766000953687635E-5
3,303;416;553,-7.763895014327708E-5
3,109;117;227,-7.751982565803173E-5
3,86;376;378,-7.751055459606301E-5
3,312;853;953,7.743683596504936E-5
3,335;347;388,7.725083623407631E-5
3,559;707;952,7.721952917212525E-5
3,34;689;747,-7.711891590898887E-5
3,570;627;682,7.710036384494234E-5
3,371;808;830,-7.70841320419812E-5
3,355;409;948,-7.696682097066348E-5
3,477;768;953,-7.668595522307484E-5
3,703;859;866,7.66806167087392E-5
3,302;458;578,-7.667644396594437E-5
3,87;409;746,-7.66581073249296E-5
3,30;602;852,7.664818945332347E-5
3,93;286;331,-7.662958645872204E-5
3,371;581;793,7.654697422509591E-5
3,106;317;371,7.65119773928359E-5
3,337;683;981,-7.648887542534924E-5
3,30;555;676,-7.644859088173323E-5
3,581;636;869,7.644182842040828E-5
3,114;139;287,-7.640199366549617E-5
3,30;602;902,7.639486995392287E-5
3,419;582;922,-7.637448825737455E-5
3,251;420;499,7.635947430013975E-5
3,184;228;271,-7.631637180636513E-5
3,198;419;943,7.629557924041528E-5
3,117;468;776,7.619415737409608E-5
3,73;201;559,-7.614495574107101E-5
3,790;796;877,-7.605930431333661E-5
3,740;786;949,7.605543946396084E-5
3,58;144;930,-7.604185860158694E-5
3,472;582;656,7.601630194642045E-5
3,319;407;441,7.599572297627674E-5
3,73;714;993,7.595870370935532E-5
3,44;210;890,7.594836491786827E-5
3,105;133;295,-7.591128972140716E-5
3,687;924;951,7.584293158556677E-5
3,168;505;812,-7.577438023086178E-5
3,488;814;979,7.574349835843389E-5
3,395;473;983,7.573599685751824E-5
3,198;307;496,-7.566910611682046E-5
3,242;618;757,7.564516466319775E-5
3,377;783;894,7.563430638727861E-5
3,572;733;847,-7.562035255882188E-5
3,47;415;705,-7.556822354720747E-5
3,106;476;746,7.547892839897244E-5
3,441;501;797,-7.547851489672682E-5
3,372;663;976,-7.545565266909945E-5
3,173;206;915,-7.542592445044682E-5
3,255;309;835,-7.540173537192844E-5
3,2;320;639,-7.538144991304867E-5
3,380;917;956,7.537844111777577E-5
3,311;578;594,7.53470659554496E-5
3,93;264;303,7.53312809515472E-5
3,56;332;992,7.528314525233433E-5
3,193;194;799,7.527313434938698E-5
3,163;252;860,-7.527239903804914E-5
3,518;637;817,7.523335618368529E-5
3,86;345;913,-7.519962674164146E-5
3,24;37;785,7.516907243500327E-5
3,306;404;610,7.512805708567983E-5
3,544;799;826,-7.5096826532865E-5
3,264;769;980,-7.50807641456395E-5
3,24;65;357,7.506654741240096E-5
3,10;297;640,-7.505535203766371E-5
3,633;800;978,-7.489652891425599E-5
3,525;723;911,7.47625315316934E-5
3,242;595;976,7.471132403421825E-5
3,592;767;896,-7.471088800991787E-5
3,104;387;790,-7.471010616948758E-5
3,74;106;476,-7.466147249706343E-5
3,57;503;850,7.465271353812967E-5
3,117;704;906,-7.464956879722834E-5
3,116;333;913,-7.462016824804516E-5
3,207;481;644,-7.460106268529402E-5
3,251;252;596,7.454060289113837E-5
3,207;237;883,7.451858505696443E-5
3,154;286;623,-7.451372445379487E-5
3,206;725;822,7.45122425889597E-5
3,557;645;926,-7.446421936034691E-5
3,90;274;368,7.44606434974279E-5
3,618;836;912,7.441186173032021E-5
3,31;234;524,-7.434250448498883E-5
3,81;358;773,-7.434217001176424E-5
3,56;313;698,7.433195160429817E-5
3,121;698;851,-7.431566878849492E-5
3,23;39;992,7.430744273160762E-5
3,339;358;505,7.430469222941824E-5
3,59;432;907,7.41983709346826E-5
3,170;282;435,7.413981968713315E-5
3,15;110;270,-7.402888104982255E-5
3,109;548;762,7.39827692388208E-5
3,99;132;652,7.392085880240798E-5
3,179;385;775,-7.387190796812435E-5
3,146;694;951,7.382485736765535E-5
3,590;808;862,-7.381592104574378E-5
3,174;526;990,7.36522322699739E-5
3,184;271;544,-7.35534394936117E-5
3,536;546;829,-7.348820601214316E-5
3,73;580;805,-7.346456014882443E-5
3,171;232;979,-7.345154628451106E-5
3,655;666;842,-7.336093283646663E-5
3,518;582;738,7.334576370859549E-5
3,93;478;830,7.330698277470726E-5
3,7;663;795,7.328706011333632E-5
3,14;567;611,7.32577317175171E-5
3,217;293;795,-7.323655177355174E-5
3,27;492;778,7.32251852527421E-5
3,330;793;999,7.318699711193387E-5
3,518;660;836,-7.313544582475858E-5
3,70;516;649,7.312499148436455E-5
3,85;153;534,7.30456388838242E-5
3,173;554;849,7.302084112089069E-5
3,201;381;994,7.296688452980385E-5
3,629;642;665,7.294209928204933E-5
3,158;254;275,7.293269100103059E-5
3,87;327;764,7.289335042389378E-5
3,106;634;991,-7.287234820665626E-5
3,353;930;998,7.284404060162175E-5
3,180;217;333,-7.283583335588505E-5
3,26;423;749,-7.283289840134127E-5
3,4;394;411,7.28070070847674E-5
3,534;580;833,7.276640160108972E-5
3,381;522;532,7.247337390364028E-5
3,122;564;629,-7.243323145531755E-5
3,191;889;903,7.238031859847962E-5
3,4;632;683,7.237118315700123E-5
3,878;883;984,7.224297347067622E-5
3,469;720;971,7.215601158437858E-5
3,246;363;637,7.214181451168495E-5
3,14;353;528,-7.209894301961105E-5
3,698;819;928,7.207775376185983E-5
3,468;569;788,-7.207729149707714E-5
3,393;753;787,7.206875878147999E-5
3,273;546;714,7.20457056124383E-5
3,228;365;835,7.203919047689593E-5
3,208;461;557,-7.199911782570788E-5
3,241;337;413,7.198440762219879E-5
3,590;642;862,-7.193483365334322E-5
3,105;114;397,7.186455678809455E-5
3,470;630;817,7.18620692029579E-5
3,47;577;705,7.183775312018486E-5
3,61;121;969,7.176541347405099E-5
3,300;848;946,-7.171889395625655E-5
3,123;500;887,7.169104412293243E-5
3,16;404;583,7.166140850491765E-5
3,206;767;822,7.165364515841957E-5
3,495;504;805,7.161002367104988E-5
3,258;366;579,7.158739871223641E-5
3,79;326;755,7.15858388386374E-5
3,124;555;735,7.157830153981278E-5
3,40;744;958,7.157702900150052E-5
3,630;632;817,7.156123297980221E-5
3,29;343;398,-7.150149171290987E-5
3,534;598;691,-7.149528681014111E-5
3,151;224;690,-7.148279529169783E-5
3,79;723;991,7.134237140106922E-5
3,480;699;787,-7.130299814327265E-5
3,443;800;902,7.129919141375156E-5
3,270;453;876,-7.128480089669109E-5
3,261;339;358,7.124473120544252E-5
3,1;79;467,7.120634571154185E-5
3,353;830;930,-7.111550258366998E-5
3,277;356;638,7.111509972364458E-5
3,98;536;542,7.100025766244466E-5
3,282;559;661,-7.099239791971477E-5
3,194;504;975,-7.096556047576516E-5
3,54;140;161,7.095546970359586E-5
3,27;358;778,-7.09548524800397E-5
3,635;680;753,7.093846003809909E-5
3,31;205;524,-7.089716141121096E-5
3,326;370;770,7.088434902447862E-5
3,145;413;638,-7.081485397602331E-5
3,187;225;774,-7.077283649210108E-5
3,112;703;753,-7.065754525147353E-5
3,329;334;544,-7.057898632972406E-5
3,661;826;969,-7.056809312494103E-5
3,241;741;863,-7.054626181633291E-5
3,182;298;307,7.052232816016606E-5
3,41;332;451,-7.05037357888954E-5
3,358;406;729,-7.043144916285679E-5
3,311;697;868,7.040202210368343E-5
3,154;339;699,-7.037696290174558E-5
3,655;924;951,-7.03664094482753E-5
3,15;380;956,-7.033869210494073E-5
3,256;681;818,7.031043240106536E-5
3,280;510;629,7.028474767234664E-5
3,84;510;877,7.028429409058051E-5
3,623;850;944,7.008880360300743E-5
3,49;284;813,-7.006944502247076E-5
3,27;516;586,-7.003435345475888E-5
3,79;170;282,-7.001261097028526E-5
3,288;299;302,7.001176538323748E-5
3,421;497;689,-6.994493702947629E-5
3,795;939;997,-6.994422599239637E-5
3,150;341;467,6.992844672610085E-5
3,260;314;351,-6.98492467036922E-5
3,554;942;992,6.983528993673158E-5
3,51;835;969,6.976644080937611E-5
3,172;627;946,-6.975796400162457E-5
3,105;507;589,-6.975722253844912E-5
3,378;386;435,-6.973149440686507E-5
3,698;787;913,-6.969237491584714E-5
3,518;602;817,-6.961646948371519E-5
3,85;219;617,6.958489144036554E-5
3,147;226;908,6.955876703375696E-5
3,339;376;954,6.953826386043982E-5
3,334;378;855,-6.952878894987258E-5
3,161;799;826,-6.952139719287287E-5
3,778;793;999,-6.945736280119383E-5
3,454;721;803,-6.942990787875303E-5
3,760;827;841,6.939615377287715E-5
3,321;518;602,6.939564641547588E-5
3,112;118;487,6.934266467622393E-5
3,376;822;982,6.926554030327281E-5
3,44;451;872,-6.92395914931389E-5
3,250;438;987,-6.922156457888476E-5
3,84;623;751,-6.918507223094855E-5
3,58;135;378,-6.908586090609638E-5
3,17;156;349,-6.90741906956954E-5
3,248;356;665,6.90453240496535E-5
3,563;674;707,6.902947378293296E-5
3,253;526;644,-6.898134901263887E-5
3,511;537;601,6.893792080412389E-5
3,619;725;997,6.889657327039231E-5
3,454;506;668,-6.889042912294013E-5
3,103;234;658,-6.886417630119723E-5
3,555;670;723,-6.884546781787863E-5
3,71;72;393,-6.884191064273676E-5
3,226;230;634,6.874561085736139E-5
3,175;696;832,6.866373295575854E-5
3,530;828;992,-6.857910377740767E-5
3,90;578;695,-6.855457239225784E-5
3,191;358;891,-6.851386619246954E-5
3,64;122;861,6.84825304884327E-5
3,467;794;806,6.84799770629077E-5
3,154;652;994,6.847112576294681E-5
3,804;869;982,6.843348652380379E-5
3,566;857;868,-6.840816528860336E-5
3,526;731;814,-6.838065810874283E-5
3,771;826;969,6.830979013304616E-5
3,286;563;588,6.830034604983058E-5
3,117;553;704,6.818943020651383E-5
3,659;853;858,-6.818173257041198E-5
3,263;302;946,6.81526109520853E-5
3,590;756;956,-6.81243481481228E-5
3,238;246;637,-6.806625435692773E-5
3,412;415;716,6.803684952128491E-5
3,318;342;416,6.790139905816401E-5
3,328;832;940,-6.784096372328545E-5
3,444;504;706,-6.776500988728867E-5
3,221;618;648,6.7729628488703E-5
3,340;546;855,-6.771209530238718E-5
3,417;455;712,-6.770597202348909E-5
3,341;437;581,-6.762892907966468E-5
3,417;546;996,6.761283958052376E-5
3,222;383;556,6.760788215994277E-5
3,388;691;969,-6.758397739629336E-5
3,105;406;729,6.749677604180264E-5
3,161;291;874,-6.738697729203574E-5
3,274;910;926,-6.736885573173826E-5
3,267;559;647,-6.729950293913986E-5
3,34;816;895,6.723743532227713E-5
3,144;484;885,6.720602992667084E-5
3,579;869;959,-6.714199815383748E-5
3,249;358;891,6.712109250829848E-5
3,351;537;585,-6.70796248553637E-5
3,56;477;861,-6.707238096924421E-5
3,90;387;854,6.698239904824699E-5
3,721;835;836,-6.694511628201264E-5
3,297;392;614,6.69205939771492E-5
3,287;344;581,-6.689522795759356E-5
3,777;850;907,-6.689121345170089E-5
3,613;693;969,-6.672924532769492E-5
3,181;652;961,6.672152196834627E-5
3,38;465;751,-6.669441881868379E-5
3,319;449;874,-6.66893011466683E-5
3,587;753;787,-6.668200167722379E-5
3,516;521;917,-6.664960082357205E-5
3,83;648;896,-6.662958199249116E-5
3,39;109;304,-6.6608859962298E-5
3,318;686;958,-6.65878743994158E-5
3,1;468;525,6.65817381529557E-5
3,406;469;543,6.657655282844483E-5
3,78;763;988,6.655279401793155E-5
3,257;471;960,-6.651860511732924E-5
3,120;687;774,-6.650230283092004E-5
3,127;358;773,6.647426075414567E-5
3,463;860;886,6.644823723263943E-5
3,121;729;944,6.638632972491954E-5
3,168;588;812,-6.632707100149421E-5
3,132;254;938,6.630732167662558E-5
3,6;268;478,6.622685693748579E-5
3,77;962;985,6.619530045327715E-5
3,494;698;854,-6.61733651983212E-5
3,366;579;790,-6.61706260925666E-5
3,423;498;845,-6.597252786201304E-5
3,220;418;739,-6.596117092466948E-5
3,321;518;817,6.594534599539262E-5
3,131;174;990,6.592435007671591E-5
3,261;316;823,-6.586653962283144E-5
3,355;527;914,6.58459523471467E-5
3,629;665;710,-6.572874997274461E-5
3,463;534;692,6.569280811496398E-5
3,337;426;496,-6.563153421334576E-5
3,50;392;770,-6.562073696213619E-5
3,14;547;567,-6.556556408715638E-5
3,101;179;847,-6.556260330336968E-5
3,113;746;917,-6.548540382164722E-5
3,501;850;907,6.54762143062823E-5
3,67;286;407,6.545353935753045E-5
3,90;368;822,6.539934774556101E-5
3,34;184;816,6.535484595205596E-5
3,118;189;814,6.533802251095414E-5
3,569;667;848,-6.531099053263697E-5
3,209;693;815,-6.52865827729535E-5
3,806;893;915,-6.521977460432372E-5
3,534;598;744,6.507408792444214E-5
3,54;106;270,6.507031767836782E-5
3,65;129;267,6.505673281341385E-5
3,7;33;663,-6.503038767281183E-5
3,131;303;416,-6.501745109033661E-5
3,263;302;841,-6.499689738609379E-5
3,192;555;670,-6.497839083817611E-5
3,51;117;835,-6.497804040361435E-5
3,117;835;969,-6.494665312575274E-5
3,325;518;936,6.491169802096225E-5
3,64;260;314,6.49082049610359E-5
3,88;191;220,6.490365115337357E-5
3,687;715;774,-6.487579210036215E-5
3,91;453;856,6.48472301443889E-5
3,64;534;833,-6.482741075715132E-5
3,131;303;553,-6.477470829791876E-5
3,217;631;985,-6.475299192642406E-5
3,286;291;508,-6.472388829120301E-5
3,186;347;725,-6.460570736583006E-5
3,1;175;448,6.456280084663496E-5
3,13;334;655,6.456139526750607E-5
3,697;735;748,-6.455715759655492E-5
3,234;704;945,6.455628688792703E-5
3,381;531;532,6.453945445040999E-5
3,392;597;614,6.453576974857089E-5
3,544;609;646,6.449289212183579E-5
3,348;480;798,-6.449046988878218E-5
3,17;258;475,-6.437193623076584E-5
3,112;248;665,6.436802631558647E-5
3,233;451;919,6.431558089303419E-5
3,198;496;722,-6.429640595458652E-5
3,16;213;661,-6.427371849313E-5
3,338;347;695,6.423574393152604E-5
3,165;295;548,-6.419832126297436E-5
3,160;787;968,6.41933140235045E-5
3,163;308;860,6.418382605113306E-5
3,361;712;750,6.416668323944117E-5
3,250;438;935,6.413169696986129E-5
3,472;707;952,-6.409288291229596E-5
3,359;866;868,-6.408601866881259E-5
3,345;511;517,-6.394988768292381E-5
3,375;506;702,6.3927007460322E-5
3,43;230;502,-6.384029609124557E-5
3,1;185;404,6.38264063994112E-5
3,180;459;958,-6.379792251938491E-5
3,303;605;888,-6.376462776149628E-5
3,293;631;879,-6.372450101933152E-5
3,157;203;316,-6.371547927599809E-5
3,596;947;996,-6.368332449205597E-5
3,42;644;722,-6.363250066825327E-5
3,563;588;612,-6.361656188730297E-5
3,99;111;810,6.356657439472313E-5
3,115;342;675,-6.355539818191197E-5
3,371;635;753,-6.344407806865244E-5
3,315;566;815,6.337380645725183E-5
3,272;411;469,-6.336599272568955E-5
3,23;538;679,-6.335401673323321E-5
3,315;730;815,-6.331753396866249E-5
3,210;447;673,6.324096998504793E-5
3,312;910;926,-6.316688458024331E-5
3,594;930;942,6.314898573244887E-5
3,510;629;766,6.313085910120727E-5
3,220;466;739,-6.31261452302214E-5
3,500;599;707,6.302428982101827E-5
3,39;317;456,-6.297519561390406E-5
3,246;854;968,6.297380968320724E-5
3,56;291;313,-6.292992351302854E-5
3,4;606;742,6.29257750900094E-5
3,234;315;566,6.291259781216961E-5
3,277;353;827,6.28876763418991E-5
3,304;787;903,6.28865574961604E-5
3,187;336;911,-6.287394326435362E-5
3,1;135;929,6.28664001128476E-5
3,388;922;965,6.285652822644145E-5
3,526;814;891,6.282275212537055E-5
3,436;481;551,6.282218217716715E-5
3,140;592;903,6.280682674048416E-5
3,302;458;687,6.276674003882593E-5
3,624;647;776,-6.273065849274917E-5
3,567;648;721,6.263797899855055E-5
3,47;178;825,-6.25574446597528E-5
3,160;190;837,6.254725786930118E-5
3,335;347;857,-6.241458394871428E-5
3,343;685;877,6.236637387736615E-5
3,219;644;820,6.222243445024545E-5
3,54;92;298,6.221645933814828E-5
3,20;760;773,6.214221427715833E-5
3,581;682;739,-6.214184572493807E-5
3,28;375;386,6.213660970768849E-5
3,450;563;707,6.20355720707168E-5
3,8;703;835,6.198816730560516E-5
3,374;713;900,-6.193869235398538E-5
3,162;581;636,-6.192176198249975E-5
3,515;855;940,-6.191182288624214E-5
3,54;399;902,6.191012557492491E-5
3,791;827;841,-6.189560608196291E-5
3,244;248;464,-6.184460554511402E-5
3,214;256;818,-6.184196870533411E-5
3,127;482;927,-6.182295654961483E-5
3,82;454;721,6.180719568747532E-5
3,293;711;713,-6.179005133506969E-5
3,52;696;811,6.176696189707632E-5
3,452;634;683,6.17529732482691E-5
3,333;706;988,6.170814589595463E-5
3,355;464;485,6.169200374531653E-5
3,264;548;762,-6.161967909095874E-5
3,12;98;310,6.161926882769854E-5
3,443;716;748,6.159916594923411E-5
3,59;307;661,6.154170141976321E-5
3,78;222;447,-6.152445023071336E-5
3,210;591;890,6.151645534577206E-5
3,145;427;822,6.150183550512517E-5
3,12;43;334,6.147752158775197E-5
3,250;421;846,6.147301668755067E-5
3,484;616;728,6.14478046425915E-5
3,93;401;605,6.144561161031097E-5
3,393;587;753,6.14254059579734E-5
3,642;709;863,-6.138915885870826E-5
3,371;378;738,-6.135443329962317E-5
3,64;260;351,6.135141590501814E-5
3,48;904;976,6.131182620178865E-5
3,226;451;957,6.130690192656444E-5
3,1;288;404,-6.127179545355119E-5
3,248;374;461,-6.123080639532E-5
3,596;851;892,6.122516146288088E-5
3,71;511;689,6.119274588470203E-5
3,46;711;713,-6.117969600117932E-5
3,221;384;815,6.116334256042622E-5
3,70;484;631,6.113830640544562E-5
3,209;316;837,6.113405855164928E-5
3,13;45;231,-6.112312023557363E-5
3,463;843;997,6.110686442294258E-5
3,322;614;971,6.103906042322336E-5
3,39;66;656,-6.10190990765953E-5
3,611;729;944,-6.0806197738536896E-5
3,228;835;875,-6.076057699359871E-5
3,46;246;456,-6.073726027256201E-5
3,96;704;842,6.070690264491627E-5
3,33;726;981,-6.06906016704114E-5
3,29;514;991,-6.05888407172551E-5
3,203;405;898,-6.0561417895458355E-5
3,289;309;982,6.055748903476219E-5
3,157;851;931,-6.05163323536683E-5
3,355;880;948,-6.045908012237054E-5
3,586;664;883,6.042721287112007E-5
3,104;210;387,-6.034032167219353E-5
3,341;386;418,-6.033318069228424E-5
3,2;474;902,6.030504840712402E-5
3,204;382;965,6.022353829485048E-5
3,4;249;742,-6.018680596141388E-5
3,269;767;805,-6.007325498707482E-5
3,220;463;860,6.004216625266574E-5
3,180;459;605,-6.0005126781551036E-5
3,225;371;461,5.9949845142056E-5
3,151;559;661,-5.994331671899181E-5
3,479;562;735,5.9901784395195194E-5
3,336;612;766,5.986968214265531E-5
3,53;982;995,5.9849545586882166E-5
3,90;746;762,5.983816736914194E-5
3,251;372;499,-5.9834230840766556E-5
3,361;677;783,-5.973669527447943E-5
3,284;520;688,-5.9714475252314565E-5
3,203;405;564,-5.971313457284261E-5
3,191;907;936,-5.9696857961587726E-5
3,457;745;822,-5.968496358034341E-5
3,94;884;885,5.9657458292647045E-5
3,51;920;950,-5.963534587686576E-5
3,4;249;606,-5.9571802871396796E-5
3,824;892;961,5.953695738284649E-5
3,339;434;946,5.953087108096494E-5
3,444;452;735,5.9508104866958555E-5
3,76;217;422,-5.947250029097177E-5
3,92;98;542,-5.945497900582553E-5
3,55;327;764,-5.940389896111663E-5
3,779;867;877,-5.936279190377984E-5
3,240;334;378,5.933785700893157E-5
3,344;394;581,5.9329666903553534E-5
3,112;298;753,5.9309315006719925E-5
3,555;861;958,5.928899138929912E-5
3,555;767;896,-5.925692399321868E-5
3,319;833;874,5.9240702545822314E-5
3,250;453;876,-5.923503709160385E-5
3,77;427;822,5.918745886932055E-5
3,25;347;695,5.916423919667734E-5
3,132;259;275,-5.9110489695806706E-5
3,87;410;493,-5.910143163524236E-5
3,77;432;919,5.909931537501611E-5
3,482;507;773,5.9067646367065735E-5
3,173;206;909,5.904577518869907E-5
3,571;743;819,5.897514523422132E-5
3,187;755;944,-5.897134111851119E-5
3,334;541;595,5.894094483193499E-5
3,721;835;941,-5.8878261721824166E-5
3,764;861;958,5.884269864963272E-5
3,251;361;693,-5.8819159940745354E-5
3,258;475;914,-5.878066468339297E-5
3,15;43;784,-5.877227104937613E-5
3,254;275;751,5.853719796564356E-5
3,680;697;735,-5.851500598622838E-5
3,327;466;835,-5.8503056193268706E-5
3,696;772;811,-5.844384825645086E-5
3,118;242;430,-5.843561180731547E-5
3,207;528;644,-5.834412890977918E-5
3,66;334;774,5.8317710701121256E-5
3,147;640;995,-5.828014559832644E-5
3,286;563;612,5.8242735281528123E-5
3,148;307;818,-5.8236101006168994E-5
3,626;651;881,5.818633695297476E-5
3,409;620;746,5.812043683287782E-5
3,273;823;908,5.809737290130552E-5
3,18;384;891,-5.8083705755643454E-5
3,159;210;214,-5.804292879856821E-5
3,518;836;968,5.8008005493911516E-5
3,176;570;921,5.798253932112771E-5
3,246;445;854,5.794733611786705E-5
3,66;665;851,-5.792745358589415E-5
3,88;275;456,5.791761671033763E-5
3,302;841;946,5.790121480767255E-5
3,120;387;965,-5.785603056641946E-5
3,580;619;722,-5.782161480147914E-5
3,299;373;645,-5.779179597233725E-5
3,1;467;489,-5.778042017577926E-5
3,270;273;663,-5.776997059133244E-5
3,478;781;830,5.7741446641969965E-5
3,189;483;814,-5.770186762477968E-5
3,228;444;735,5.769605011409658E-5
3,45;60;850,-5.768761337560937E-5
3,28;484;963,-5.760490709262935E-5
3,167;285;496,-5.756514593256111E-5
3,6;49;270,5.7551989605088744E-5
3,9;782;935,-5.748527059125459E-5
3,138;696;765,-5.7404459410551906E-5
3,236;475;635,-5.740194349825455E-5
3,272;411;473,-5.738766670552214E-5
3,123;351;617,5.736718996803443E-5
3,260;265;459,5.732509606130695E-5
3,95;102;577,-5.730752342677128E-5
3,444;868;894,-5.728827597395677E-5
3,201;812;944,-5.7208927839960996E-5
3,328;329;627,5.715459446591984E-5
3,25;582;822,-5.712419586151085E-5
3,483;838;980,5.7091888977859546E-5
3,50;675;719,-5.703701647502682E-5
3,191;210;447,-5.698761804285692E-5
3,22;598;739,-5.696250154685046E-5
3,292;784;849,-5.694848935797578E-5
3,429;793;816,-5.6919684590828384E-5
3,9;23;866,-5.689451328661566E-5
3,41;329;451,-5.688217550948479E-5
3,73;108;714,5.6876345837475643E-5
3,389;662;748,-5.6857291013440574E-5
3,640;675;995,-5.682756128299006E-5
3,178;243;735,5.6827399215103165E-5
3,95;331;409,-5.6814490875673315E-5
3,82;735;917,-5.680842837098134E-5
3,413;570;627,-5.677435077100745E-5
3,521;748;917,-5.6714845617013145E-5
3,344;499;760,-5.670837593727936E-5
3,50;75;738,5.669865575801701E-5
3,25;63;822,5.6666004129864015E-5
3,47;415;577,-5.661283102013574E-5
3,371;378;752,5.659167106933373E-5
3,377;553;609,-5.659077060895437E-5
3,682;718;739,-5.658020238795665E-5
3,245;279;450,-5.653794840570664E-5
3,56;451;686,-5.64936132171809E-5
3,44;210;591,5.648703226518876E-5
3,51;63;86,5.648418180316108E-5
3,413;638;677,5.647380391681879E-5
3,586;689;758,5.644733086187401E-5
3,400;718;777,-5.643935859520131E-5
3,161;334;655,5.635253861599982E-5
3,65;462;757,5.634196607713796E-5
3,273;521;681,-5.6335505624499906E-5
3,363;888;957,-5.6319366260952415E-5
3,352;540;821,5.631728396174213E-5
3,390;701;915,5.625020985110981E-5
3,72;647;679,5.617125633429249E-5
3,44;467;806,5.613201137150655E-5
3,497;505;689,-5.6086500765150597E-5
3,211;564;629,-5.606655155065988E-5
3,203;704;860,-5.606357591491446E-5
3,162;456;808,-5.602315940884358E-5
3,209;293;643,5.601646667951366E-5
3,86;710;964,5.595198338306445E-5
3,483;727;814,5.59451068286985E-5
3,642;665;710,-5.592964863021221E-5
3,38;333;396,-5.587604353713136E-5
3,198;500;887,-5.5860340299204604E-5
3,424;724;938,-5.585556104529131E-5
3,144;568;881,-5.580377383758818E-5
3,664;683;780,5.576029975230044E-5
3,53;484;631,5.572110834363384E-5
3,171;647;776,5.5715166046964696E-5
3,48;130;726,-5.563115448941105E-5
3,419;440;662,-5.557144701281549E-5
3,644;657;876,-5.5552385437592426E-5
3,615;761;770,-5.552940937749698E-5
3,185;288;404,-5.5527474790287685E-5
3,458;623;642,5.5489403796299956E-5
3,16;53;661,5.54887609314539E-5
3,396;753;819,5.547531246987646E-5
3,86;302;900,-5.546749480349168E-5
3,257;681;960,5.5431856752406065E-5
3,389;554;620,5.5371565170911084E-5
3,111;756;990,5.536243495445103E-5
3,32;633;978,-5.53572022849444E-5
3,56;291;698,-5.535393476555432E-5
3,228;452;735,-5.534504269367228E-5
3,539;574;575,5.5335283756748294E-5
3,103;844;906,-5.533404481626205E-5
3,204;304;506,5.53243887663572E-5
3,242;450;737,-5.529735108146431E-5
3,337;625;745,-5.5279083380738326E-5
3,300;556;604,-5.5275912996115926E-5
3,303;307;384,5.526797770421526E-5
3,32;646;856,-5.518140292068682E-5
3,655;687;951,5.513576830841214E-5
3,9;782;926,5.5119554124792254E-5
3,209;662;718,5.5039822425680536E-5
3,556;604;825,5.4979113858897344E-5
3,138;451;502,-5.495523071747079E-5
3,256;508;618,5.4915461299982776E-5
3,130;196;906,5.4898521836040466E-5
3,260;623;704,-5.4880038296252674E-5
3,15;43;768,5.487705390991987E-5
3,65;109;117,-5.487002283474866E-5
3,102;514;771,5.485435427273679E-5
3,82;252;810,-5.485026763504496E-5
3,132;615;621,-5.4830634901091996E-5
3,0;713;849,5.4823967090730204E-5
3,355;464;912,5.477894179858846E-5
3,205;511;636,-5.477447569893428E-5
3,146;461;694,5.476279351549057E-5
3,250;935;987,5.4745732772529035E-5
3,138;163;798,-5.468656397350939E-5
3,316;333;396,5.466790457277381E-5
3,237;363;713,-5.4596819917943704E-5
3,147;317;623,5.449883842817528E-5
3,417;970;996,-5.446821091419514E-5
3,99;111;141,-5.446200571054276E-5
3,166;414;458,-5.4430085304931425E-5
3,131;713;849,-5.4390135222384016E-5
3,114;287;346,5.4371746531165375E-5
3,87;403;524,5.434578241661787E-5
3,50;201;944,5.431669410987825E-5
3,269;623;669,-5.4311472903630415E-5
3,26;423;722,5.425199941687277E-5
3,109;264;548,5.4219826635711796E-5
3,138;320;568,5.4208506718413824E-5
3,121;491;969,5.418287444423254E-5
3,470;597;633,5.415752490556588E-5
3,542;614;806,-5.415492029171764E-5
3,47;135;513,-5.415326960321805E-5
3,300;665;950,5.412865610549022E-5
3,385;883;900,5.4120349305775226E-5
3,401;526;605,-5.409119367117566E-5
3,303;389;777,-5.40560492179358E-5
3,470;597;899,-5.4052235235066727E-5
3,330;778;999,5.399856012801107E-5
3,498;701;956,5.39864055450464E-5
3,510;638;669,-5.392987468810701E-5
3,433;736;764,-5.3912980087902005E-5
3,190;837;910,-5.390859006449371E-5
3,301;439;924,-5.390200984416037E-5
3,118;189;483,5.389411086507342E-5
3,322;593;614,5.382663369437857E-5
3,468;506;525,-5.376538625011152E-5
3,422;726;799,5.372908532490287E-5
3,522;729;939,5.368934980133393E-5
3,266;857;899,5.367274214131857E-5
3,105;115;315,5.3640419737160395E-5
3,571;743;998,-5.363107595890219E-5
3,229;281;326,5.3553485409508934E-5
3,247;472;582,-5.3541892936578995E-5
3,24;90;368,5.351148160816257E-5
3,344;944;974,-5.3510074202669746E-5
3,324;560;736,-5.3481708545279616E-5
3,116;623;913,5.348034739404945E-5
3,260;489;492,-5.340203010655358E-5
3,58;338;854,5.339750764157853E-5
3,235;388;878,5.339326221867492E-5
3,568;614;874,5.3377331625472635E-5
3,241;393;741,-5.337634539237894E-5
3,151;491;678,-5.3365294658500116E-5
3,6;478;515,-5.3337414298865906E-5
3,216;271;478,5.33345634008129E-5
3,63;90;694,-5.3259124211803535E-5
3,817;892;961,5.3171203713967946E-5
3,209;316;964,-5.31418292895893E-5
3,482;563;607,-5.311751304792269E-5
3,477;768;808,-5.309521437893111E-5
3,110;647;679,5.307971168064425E-5
3,1;506;525,5.3007556107432025E-5
3,114;687;834,-5.29774705950907E-5
3,642;808;862,5.2930450100139895E-5
3,89;540;946,5.285157000715996E-5
3,253;493;564,-5.284730250014109E-5
3,162;581;869,5.281782534273131E-5
3,212;300;848,5.281151758663548E-5
3,217;276;432,-5.2738765499513233E-5
3,58;144;842,5.27271571181149E-5
3,132;901;963,5.270830693441334E-5
3,79;788;991,5.268354590049592E-5
3,30;168;526,-5.26785120135923E-5
3,304;596;618,5.266325850419272E-5
3,343;398;588,-5.2645045572601555E-5
3,443;902;976,5.264462097289063E-5
3,138;421;568,-5.264347019512626E-5
3,750;928;952,5.2616108178825184E-5
3,96;147;594,-5.261123451652671E-5
3,58;67;854,-5.252646490885517E-5
3,80;149;948,5.2491570559280746E-5
3,438;595;709,-5.248135737207117E-5
3,339;403;946,-5.2463148377949076E-5
3,603;732;956,5.243012704452199E-5
3,140;792;903,-5.2422822020374526E-5
3,64;742;823,5.23863366758142E-5
3,27;134;223,5.2353768355589757E-5
3,640;804;943,-5.2316558029202476E-5
3,507;665;773,5.227778208211434E-5
3,605;777;790,5.222826553767846E-5
3,507;589;671,5.2180011786792827E-5
3,244;318;631,-5.217822477477274E-5
3,39;257;840,-5.21527060491799E-5
3,309;608;942,5.213090092074814E-5
3,293;879;881,-5.2120028914433506E-5
3,316;729;873,5.2115917538131395E-5
3,135;407;714,-5.203734277318243E-5
3,537;664;866,5.202165764080128E-5
3,191;801;936,5.200948705308263E-5
3,923;945;986,-5.2002291305995826E-5
3,419;696;991,-5.1994649214506526E-5
3,68;514;839,-5.198021654104379E-5
3,117;127;998,-5.198017411051541E-5
3,161;835;948,5.191381227434756E-5
3,80;904;958,-5.189422528734762E-5
3,586;664;948,-5.174606281518657E-5
3,111;776;939,-5.168001265058249E-5
3,916;941;945,5.167545270660322E-5
3,17;238;800,5.1674550308527616E-5
3,167;515;609,5.16482686208812E-5
3,24;357;704,-5.1623082019491056E-5
3,337;426;921,5.1563224252977056E-5
3,62;238;340,-5.154210708634092E-5
3,441;505;728,5.1453593299496145E-5
3,147;317;852,-5.1412533329587824E-5
3,291;300;950,-5.140388529852572E-5
3,404;583;749,5.13546259309465E-5
3,454;726;981,5.132449675118053E-5
3,36;273;508,5.132095867350007E-5
3,259;845;961,5.131672611689555E-5
3,344;499;632,-5.125561366728371E-5
3,225;371;832,-5.125129570811809E-5
3,16;404;749,5.124867621845876E-5
3,17;204;238,-5.122638563114739E-5
3,164;190;465,-5.1193911189916647E-5
3,540;542;933,-5.1183372542399064E-5
3,164;334;408,5.118188528435804E-5
3,63;82;754,-5.1136653055571676E-5
3,73;498;515,5.1116958892403234E-5
3,249;606;742,5.110849702068257E-5
3,244;318;724,5.107038909092245E-5
3,333;528;944,-5.105159866626199E-5
3,657;876;960,-5.104396482704286E-5
3,12;43;164,-5.103841570794338E-5
3,66;183;952,-5.103141977611687E-5
3,227;479;987,5.101798173800531E-5
3,364;802;844,5.0996342338214286E-5
3,198;619;913,5.099307054173028E-5
3,291;665;950,5.092497269204151E-5
3,303;347;915,5.085765104593641E-5
3,174;470;680,-5.083877147895228E-5
3,99;120;512,-5.080836017942297E-5
3,104;433;786,5.080446771784288E-5
3,298;698;913,5.07813907992159E-5
3,84;920;950,5.07455987571186E-5
3,377;529;609,-5.073220929097324E-5
3,18;922;965,-5.072167610953995E-5
3,348;371;581,5.0721477685465535E-5
3,103;262;890,-5.069558553421376E-5
3,61;121;491,-5.069014382714164E-5
3,48;569;659,5.0654041248955925E-5
3,90;455;854,5.0650145921175945E-5
3,363;870;888,-5.0590245406202855E-5
3,379;463;881,5.055631833917062E-5
3,664;883;948,-5.052647881504155E-5
3,8;632;667,-5.051981068702189E-5
3,4;301;719,5.051259879320534E-5
3,442;703;859,-5.0509147157835803E-5
3,34;251;252,-5.050259986135778E-5
3,522;848;939,5.049326753390086E-5
3,354;474;710,-5.0491925768673027E-5
3,569;712;788,-5.0427085043594485E-5
3,112;298;703,5.042297862286029E-5
3,4;744;958,-5.041725437710405E-5
3,297;548;979,5.038346681316208E-5
3,415;603;881,-5.0346533891878185E-5
3,324;560;824,-5.029105235071995E-5
3,235;542;596,-5.024448182490272E-5
3,85;425;617,5.022635739331316E-5
3,462;718;738,5.013783622276929E-5
3,198;448;604,5.012985086136144E-5
3,883;900;939,-5.005197568992731E-5
3,286;309;952,-5.000100715273241E-5
3,169;735;917,4.9989037342886235E-5
3,244;279;464,-4.991545614984928E-5
3,390;500;599,4.991230054724099E-5
3,41;373;645,4.990490793815722E-5
3,27;221;618,4.989541738872999E-5
3,41;387;546,4.9884924576985094E-5
3,34;194;391,4.987265074363249E-5
3,443;706;964,4.986824152217483E-5
3,50;250;770,4.986586521864788E-5
3,638;690;998,-4.984279506300582E-5
3,263;841;946,-4.98420693998428E-5
3,64;510;823,4.976452517108694E-5
3,590;642;808,-4.9711090942558225E-5
3,442;598;739,-4.969320610689495E-5
3,386;548;727,4.9692874591580714E-5
3,277;312;356,4.9646577420237355E-5
3,411;841;897,-4.9625005208661187E-5
3,163;252;308,-4.9609577423841576E-5
3,241;263;458,4.9602053858059116E-5
3,534;691;744,-4.9565706848890594E-5
3,46;293;713,-4.9554812145284245E-5
3,176;571;856,4.9503284610096704E-5
3,380;511;948,-4.9464173703536526E-5
3,486;750;886,-4.945664076853901E-5
3,13;161;655,-4.9416692912429876E-5
3,127;482;739,-4.9413547861135564E-5
3,687;844;922,4.940787777838713E-5
3,525;753;911,-4.940060758924917E-5
3,574;642;709,-4.939055108837398E-5
3,150;244;467,-4.9383721111279194E-5
3,166;302;414,4.93528604709113E-5
3,947;970;996,4.9349051079458E-5
3,591;882;917,4.9341808461797204E-5
3,203;860;904,4.931467931175616E-5
3,725;844;906,4.9287092869648E-5
3,154;339;525,4.926850414913351E-5
3,337;356;741,4.922681160534998E-5
3,37;501;626,-4.9222199810485985E-5
3,317;623;852,-4.913645277592411E-5
3,855;860;907,4.912801653339482E-5
3,35;663;935,-4.908915488566654E-5
3,154;525;699,-4.9081580244563274E-5
3,232;244;901,-4.906911353926439E-5
3,74;198;213,-4.905124132441711E-5
3,230;538;679,4.902217292062805E-5
3,76;106;991,-4.896039230695066E-5
3,38;292;465,4.892197391379385E-5
3,579;620;959,4.8879527103000066E-5
3,554;589;992,4.8821080415046637E-5
3,69;496;626,-4.8799934136549944E-5
3,54;92;278,-4.878179302160305E-5
3,359;668;866,-4.877498479161667E-5
3,395;458;899,-4.8723882048912345E-5
3,191;447;673,4.8691674066933996E-5
3,673;803;887,4.868102058778206E-5
3,3;639;749,-4.866208971659589E-5
3,90;437;468,-4.8644919764273835E-5
3,70;345;784,-4.863214629914577E-5
3,98;159;856,4.8569957757159844E-5
3,304;627;738,4.853000184090665E-5
3,30;291;615,-4.847846198347043E-5
3,14;343;477,4.847831021134493E-5
3,448;522;963,-4.8473969804974596E-5
3,77;296;432,-4.845059514695837E-5
3,297;597;614,4.844923558406057E-5
3,258;309;623,4.843225618098955E-5
3,36;605;850,4.84058947968695E-5
3,458;578;687,4.836497436101075E-5
3,167;173;609,-4.831877421199274E-5
3,381;758;881,4.831281337639931E-5
3,48;98;324,4.827864183046404E-5
3,145;188;667,-4.8266493122348824E-5
3,11;75;570,4.826645835991618E-5
3,466;634;643,-4.8165605075228E-5
3,574;642;863,4.8159450871888386E-5
3,215;345;784,-4.814960553179674E-5
3,30;168;897,4.8113147142617655E-5
3,749;966;992,-4.805947846181287E-5
3,41;179;434,-4.779076919854646E-5
3,56;213;233,-4.7776363783550014E-5
3,209;264;303,4.777304967266062E-5
3,233;720;919,-4.775739115853893E-5
3,442;859;866,4.7691945128077825E-5
3,205;683;906,-4.766725449061675E-5
3,316;383;729,4.764141429023446E-5
3,356;751;988,4.761929833698665E-5
3,71;406;652,-4.760333077178817E-5
3,178;411;903,-4.760170892326755E-5
3,230;502;600,4.757315338346141E-5
3,28;243;567,-4.756445572549292E-5
3,199;279;309,4.754843952084358E-5
3,144;885;971,4.752385964782856E-5
3,658;730;815,4.750243851773347E-5
3,476;665;747,4.750126314767988E-5
3,292;368;784,4.743518701553781E-5
3,286;366;729,-4.738689558510809E-5
3,201;374;380,-4.735327003596883E-5
3,409;565;781,4.731562317742585E-5
3,32;796;877,4.7314064685273605E-5
3,50;75;482,-4.7306346945738764E-5
3,728;795;939,4.7292962974421226E-5
3,358;457;998,4.726139328425997E-5
3,396;640;804,4.7199889890523134E-5
3,123;554;633,-4.7187081444107576E-5
3,428;621;933,4.71708402787654E-5
3,57;235;542,4.7157478425082865E-5
3,232;646;856,-4.709498377755914E-5
3,203;564;898,-4.706042074111777E-5
3,323;337;480,4.7042812299508474E-5
3,326;596;755,4.703448589941093E-5
3,142;758;939,-4.7024239326324325E-5
3,460;581;942,-4.700031802881667E-5
3,749;933;992,4.696662328192186E-5
3,73;259;875,-4.695108945250893E-5
3,60;307;875,4.691244054601416E-5
3,18;388;922,-4.6885471981767874E-5
3,202;241;392,-4.687551690009092E-5
3,289;484;660,-4.680318534347656E-5
3,746;803;917,4.679756371511675E-5
3,43;164;334,-4.675873277455901E-5
3,284;308;688,4.673893751269782E-5
3,196;234;315,-4.672943074639519E-5
3,125;729;976,4.668927742209428E-5
3,79;282;435,-4.6641837881905726E-5
3,353;799;827,4.6622887365063355E-5
3,86;376;587,4.658321135221908E-5
3,260;761;943,-4.6547983778185075E-5
3,501;777;850,4.649624806480968E-5
3,234;390;648,-4.649509265172436E-5
3,160;220;509,4.645354393798812E-5
3,137;372;592,-4.644998399317613E-5
3,347;507;725,-4.64035873526591E-5
3,147;675;995,-4.6386662624523806E-5
3,41;299;373,4.638385631826911E-5
3,754;895;908,4.637242331867798E-5
3,511;636;809,4.6362703823484534E-5
3,687;955;960,4.634277439430937E-5
3,45;231;289,-4.634021152234549E-5
3,53;667;995,4.6338075676094056E-5
3,179;579;775,4.63314137866739E-5
3,2;639;755,4.62638169857561E-5
3,728;939;997,4.6248186292997537E-5
3,250;865;931,-4.6169909443407204E-5
3,713;783;900,-4.614494597575717E-5
3,266;361;783,4.6124601742429764E-5
3,218;561;872,4.6123502230083177E-5
3,23;230;538,-4.612122168463897E-5
3,66;651;774,-4.611381087837095E-5
3,4;40;958,4.605374348447915E-5
3,121;306;610,4.598336604977127E-5
3,321;602;817,-4.595898100746092E-5
3,113;567;693,-4.595046454663299E-5
3,284;704;813,-4.5890576590284445E-5
3,71;511;698,-4.5874893224377724E-5
3,116;705;886,4.586400050354019E-5
3,51;86;127,-4.585211677698805E-5
3,553;704;906,-4.5822026939718796E-5
3,249;619;770,4.579276132309988E-5
3,608;715;997,4.578111087217609E-5
3,578;695;938,4.5772087511623194E-5
3,387;455;854,4.574478251994029E-5
3,261;311;868,-4.572365036653411E-5
3,217;459;807,4.5666737641137793E-5
3,5;346;614,4.565284138395323E-5
3,295;449;880,4.564444309270597E-5
3,265;367;858,4.564354985270063E-5
3,36;827;921,4.556303970649112E-5
3,371;635;680,4.5548903316436705E-5
3,279;577;912,-4.554010908245305E-5
3,23;361;473,4.545885392078461E-5
3,304;320;837,-4.5453451688632454E-5
3,136;430;925,4.5442930184335525E-5
3,477;808;953,4.5422470909755444E-5
3,164;615;796,4.541697409626876E-5
3,329;544;826,4.5401482853602446E-5
3,24;555;957,4.540068337672634E-5
3,17;349;776,4.538799287380047E-5
3,449;830;880,-4.5374976438935E-5
3,855;860;905,4.5373000790933326E-5
3,532;853;978,-4.536705775791534E-5
3,306;371;629,-4.534693357523057E-5
3,65;268;507,4.531343923307808E-5
3,111;776;831,-4.530429056435512E-5
3,428;486;933,4.5298572364210646E-5
3,659;767;803,4.528985765053018E-5
3,74;198;303,-4.5284139075154634E-5
3,142;252;346,4.528369939483355E-5
3,94;427;884,-4.528234554062677E-5
3,46;456;642,4.5274942970242425E-5
3,668;866;868,-4.518959524798323E-5
3,598;683;906,4.514250220989331E-5
3,63;86;694,4.513195722298725E-5
3,398;457;998,4.507750339016122E-5
3,303;456;915,-4.506117487772765E-5
3,32;790;796,4.505676525712912E-5
3,281;351;717,4.504880717070327E-5
3,103;358;620,-4.503165007009315E-5
3,321;662;766,4.5005347959068304E-5
3,656;887;973,-4.4936132909862306E-5
3,15;78;270,-4.489985242951075E-5
3,44;521;734,4.483327268233355E-5
3,172;493;614,4.479418500534731E-5
3,353;830;998,-4.472228624070959E-5
3,238;569;931,-4.4717580742907464E-5
3,555;703;957,4.471353025630244E-5
3,758;807;939,-4.4702118060800726E-5
3,312;853;981,-4.469406414164308E-5
3,238;414;471,4.461642855379258E-5
3,470;632;817,-4.457411582122021E-5
3,43;342;653,-4.45733770897636E-5
3,855;905;907,4.455612041382581E-5
3,498;691;701,-4.44612004315355E-5
3,163;217;631,-4.439600424689966E-5
3,137;904;976,4.4372056540578576E-5
3,489;492;615,4.4335323299485085E-5
3,50;367;712,4.431063038293239E-5
3,234;558;601,4.430239641029359E-5
3,265;573;858,4.4272729418560416E-5
3,895;908;939,4.4210367433932556E-5
3,21;816;828,-4.417892288834337E-5
3,229;304;506,-4.414382985489712E-5
3,368;784;849,-4.411918198449742E-5
3,25;877;939,-4.4100342992115634E-5
3,131;365;745,-4.4079557167226814E-5
3,167;562;710,-4.4058157565629405E-5
3,350;463;881,4.40359426528913E-5
3,67;203;407,4.400248992278909E-5
3,32;232;646,4.398237982405116E-5
3,157;399;902,-4.3899870511294235E-5
3,63;290;633,-4.389233982158141E-5
3,517;857;899,-4.389184656327427E-5
3,422;605;877,-4.385351412520436E-5
3,350;726;806,-4.384172942280823E-5
3,61;320;837,4.3662824821757976E-5
3,162;456;897,-4.3650531720124186E-5
3,161;663;844,4.3649987412779845E-5
3,164;629;709,-4.3618453055816145E-5
3,121;404;610,4.3606806417073765E-5
3,186;371;629,-4.354853830715672E-5
3,505;515;855,-4.353148357113757E-5
3,511;567;948,4.350048035929837E-5
3,7;33;584,4.348459131801269E-5
3,5;507;589,4.348413690153995E-5
3,434;476;747,-4.344953084239848E-5
3,750;944;952,-4.3423532319285643E-5
3,320;573;966,4.333534836056227E-5
3,513;712;926,-4.3334385523387664E-5
3,629;642;710,4.333416193233027E-5
3,52;72;468,-4.3328828917210895E-5
3,34;216;391,-4.332878548834919E-5
3,140;448;463,-4.3310261549109834E-5
3,80;755;944,-4.326932111345475E-5
3,448;522;840,4.320728918086664E-5
3,122;211;629,4.3156039349565196E-5
3,73;667;805,-4.310730141543735E-5
3,698;854;969,4.302679235015E-5
3,269;549;753,4.299855875886573E-5
3,19;185;909,4.2971358050322144E-5
3,23;70;724,-4.292139013608613E-5
3,5;231;765,-4.292126165861678E-5
3,374;380;631,-4.2917625264457475E-5
3,86;710;932,4.286681550532436E-5
3,48;324;726,4.2856057548375405E-5
3,334;544;826,4.28122395895882E-5
3,870;888;957,4.27910065319891E-5
3,441;505;540,4.276900353294222E-5
3,187;787;799,-4.2730123158508944E-5
3,257;397;531,-4.272086843092141E-5
3,265;920;921,4.271825349688493E-5
3,48;125;569,-4.271784492788128E-5
3,516;586;608,-4.2706573060552225E-5
3,142;252;441,-4.2667852660306784E-5
3,87;451;761,4.265880808474102E-5
3,93;331;557,4.265450341557149E-5
3,517;567;721,4.256945124985244E-5
3,796;925;939,4.247064560752147E-5
3,830;930;998,4.245697612272028E-5
3,50;482;738,-4.245399904566732E-5
3,423;527;845,-4.241747406240236E-5
3,300;604;825,-4.241472814053555E-5
3,179;245;434,-4.240815845454091E-5
3,521;594;681,-4.240731387809732E-5
3,443;885;964,-4.240239665927575E-5
3,127;402;747,4.23939472998864E-5
3,62;89;340,-4.2388288081462875E-5
3,90;368;478,-4.234709285162194E-5
3,252;771;851,4.234131544396709E-5
3,21;188;261,4.2247637709336805E-5
3,18;301;523,-4.221034411544655E-5
3,853;858;920,4.2205014142439003E-5
3,244;528;736,4.218002066788709E-5
3,274;312;926,-4.215508074292243E-5
3,541;595;991,-4.2150452695619856E-5
3,250;270;453,4.2147116050763856E-5
3,159;214;291,4.214524109454648E-5
3,22;672;725,-4.206701557509709E-5
3,222;381;556,-4.205537105435143E-5
3,210;424;564,-4.201907239889741E-5
3,409;565;994,-4.201748588284187E-5
3,191;801;907,4.200930120943955E-5
3,142;807;939,4.197157851725739E-5
3,666;842;923,-4.1957775142230884E-5
3,34;387;689,4.195373554386061E-5
3,45;850;898,4.1925293885261324E-5
3,21;261;341,4.1910915290963996E-5
3,55;67;814,-4.1887633118094586E-5
3,65;129;290,4.184419857263669E-5
3,412;632;683,-4.175857991951705E-5
3,508;803;887,4.175564238938643E-5
3,596;970;996,-4.16647244991733E-5
3,82;419;582,-4.159032623375709E-5
3,89;619;770,-4.1579560563410045E-5
3,82;582;922,4.155945963671205E-5
3,96;207;704,-4.155804672650867E-5
3,75;145;783,4.1545048289364785E-5
3,517;648;721,4.153481315275074E-5
3,185;377;529,-4.153295594405302E-5
3,434;665;747,4.1528835520912446E-5
3,48;713;802,4.1528214983434666E-5
3,122;346;468,-4.14878552322874E-5
3,132;254;457,4.148130898760028E-5
3,189;205;723,-4.1376490496054876E-5
3,31;626;938,4.133756278368963E-5
3,21;38;199,-4.132469081204318E-5
3,183;193;654,4.124808137228977E-5
3,131;163;365,4.119838623816417E-5
3,488;758;963,-4.1157970302470396E-5
3,674;864;954,4.1143084466406446E-5
3,321;740;949,4.11397652195051E-5
3,18;711;891,4.110086562004957E-5
3,56;153;992,-4.1082440532074304E-5
3,35;485;861,-4.106512920655088E-5
3,76;634;991,4.103958948982037E-5
3,378;738;752,-4.101328474573608E-5
3,144;242;450,-4.101137953739221E-5
3,307;875;944,4.095991173700561E-5
3,53;63;754,4.093801740846152E-5
3,4;719;984,-4.093258482033075E-5
3,264;478;980,-4.087773001899728E-5
3,912;914;973,4.085521576871229E-5
3,19;122;593,4.0835796945878394E-5
3,111;687;844,-4.083111184987545E-5
3,309;553;835,4.080510026064171E-5
3,179;183;645,4.077973374525746E-5
3,344;438;830,-4.076546223530326E-5
3,238;414;700,4.075642438157878E-5
3,78;86;302,-4.074507375660766E-5
3,158;397;705,-4.0730567572933366E-5
3,138;416;765,4.072910665370375E-5
3,124;127;747,4.070848466337729E-5
3,109;413;530,4.06922803883616E-5
3,437;468;518,4.0653886829741693E-5
3,21;198;641,4.062590312288028E-5
3,43;266;653,-4.059836577518085E-5
3,51;84;950,4.054443698148981E-5
3,204;229;304,4.054123178599753E-5
3,657;956;974,-4.051304132811385E-5
3,101;605;888,4.049332578391771E-5
3,300;556;825,4.04845789043674E-5
3,286;588;612,-4.047465373087548E-5
3,210;530;564,4.040123969387465E-5
3,729;848;939,-4.039175869891141E-5
3,459;807;910,4.039126730782461E-5
3,62;89;238,-4.037565280026406E-5
3,402;799;922,-4.033523530804454E-5
3,297;373;837,4.031917826597544E-5
3,344;632;760,-4.0287949441166734E-5
3,63;489;731,4.027280681610706E-5
3,345;540;946,4.024599086420155E-5
3,484;594;616,-4.023092609377404E-5
3,599;728;913,4.0230204813485554E-5
3,667;982;995,4.0171866523808645E-5
3,260;492;615,-4.016101311906934E-5
3,72;679;796,4.0121491270918515E-5
3,89;249;619,4.006271141137428E-5
3,93;286;557,4.002904476549169E-5
3,265;918;921,-3.992712272360512E-5
3,396;804;943,3.991553814220092E-5
3,142;346;441,3.989158707363588E-5
3,99;614;874,3.9884601155835153E-5
3,167;285;883,-3.987407124736652E-5
3,320;396;819,3.986630024485685E-5
3,225;461;832,-3.986149896684701E-5
3,157;203;379,3.9833437258572804E-5
3,171;624;776,-3.9821167011123935E-5
3,43;230;600,3.981369742324396E-5
3,104;629;778,3.979307753190984E-5
3,194;287;681,3.9790363535004905E-5
3,627;878;984,3.9786652171776735E-5
3,44;794;806,3.976458168803423E-5
3,381;881;895,-3.975385061909668E-5
3,330;341;386,3.9748933838300754E-5
3,326;404;895,-3.964519682315623E-5
3,236;334;872,-3.96339318652337E-5
3,563;774;840,-3.963129682316033E-5
3,219;537;601,-3.9566654339237904E-5
3,688;851;931,-3.9533896750463236E-5
3,224;239;836,3.952746772480012E-5
3,8;276;835,3.952324240530076E-5
3,83;472;648,3.950721096071688E-5
3,130;155;733,3.948185469117349E-5
3,466;661;773,-3.945646879912387E-5
3,230;501;525,3.935638882799584E-5
3,125;454;729,-3.934970324672156E-5
3,393;741;863,3.933293047656388E-5
3,573;945;973,-3.930097281470335E-5
3,78;302;900,-3.929395146526113E-5
3,411;636;897,3.926498897428839E-5
3,619;758;913,-3.925474592901536E-5
3,161;223;857,3.924983072435272E-5
3,306;769;887,-3.923563576979938E-5
3,278;304;627,-3.919854424627941E-5
3,24;37;493,-3.9196240019064915E-5
3,79;712;926,3.917174661647245E-5
3,116;705;901,-3.909048275453926E-5
3,113;269;753,3.908912696561312E-5
3,7;35;861,3.902175270640736E-5
3,162;636;869,3.900871580009963E-5
3,542;614;994,-3.8935826679492214E-5
3,415;603;644,3.8925806178635266E-5
3,7;485;861,-3.892464055357352E-5
3,328;426;626,-3.890845446365791E-5
3,363;870;957,3.888043917622125E-5
3,413;687;834,-3.884704015654273E-5
3,535;889;949,3.8828694805825635E-5
3,168;351;585,-3.8810421326449684E-5
3,69;73;755,3.878109389532914E-5
3,584;815;862,-3.877421039285856E-5
3,56;310;451,3.877200041525058E-5
3,188;261;341,3.877050633645035E-5
3,261;358;505,-3.875215363979879E-5
3,250;270;876,3.8728258315797286E-5
3,298;510;669,3.867102005561635E-5
3,393;503;867,-3.8651748680410785E-5
3,151;282;661,3.8600348234368726E-5
3,115;315;412,-3.858120156983953E-5
3,842;917;939,-3.8529686542293254E-5
3,27;231;373,-3.852580914718137E-5
3,176;930;971,-3.85211183975576E-5
3,438;778;830,-3.848624471432735E-5
3,103;725;906,-3.846741434513009E-5
3,55;657;974,-3.8453446569811084E-5
3,661;860;941,3.844821215785478E-5
3,167;797;836,3.837720682580804E-5
3,23;70;446,3.815764245010933E-5
3,250;389;846,-3.813470170124447E-5
3,103;380;723,3.813415724934961E-5
3,16;19;919,3.811836278013326E-5
3,330;778;793,-3.811471809962394E-5
3,296;749;832,-3.811402972138181E-5
3,116;333;623,-3.806219204245579E-5
3,236;622;801,3.804484623386162E-5
3,66;569;848,3.79559803205866E-5
3,419;426;943,-3.7869243854141455E-5
3,206;346;987,3.7865620798042086E-5
3,245;273;450,-3.7859738019534806E-5
3,337;955;981,-3.783516669757262E-5
3,12;310;498,-3.781193515935176E-5
3,259;623;961,-3.781011700669631E-5
3,183;307;323,-3.778707125762058E-5
3,22;672;933,3.777038915817201E-5
3,88;446;761,-3.775561620447895E-5
3,299;387;938,3.77279352574415E-5
3,164;255;334,3.7701620735132874E-5
3,110;443;471,3.770049569705923E-5
3,362;466;643,3.7694273335972395E-5
3,304;787;996,3.765702083673894E-5
3,117;553;906,-3.764753179122717E-5
3,75;865;940,3.764503206680319E-5
3,109;296;749,-3.762987274601481E-5
3,517;567;648,3.762016137573168E-5
3,209;335;662,3.7580817701355414E-5
3,742;802;844,-3.7550632137091924E-5
3,386;813;967,-3.755040681526693E-5
3,25;234;558,3.7513378958967943E-5
3,151;256;678,-3.750238754856447E-5
3,346;566;715,3.7490181979429046E-5
3,545;626;881,-3.747354501793007E-5
3,226;438;878,-3.747309638458194E-5
3,56;233;640,-3.744570346626585E-5
3,40;592;897,-3.742254639942842E-5
3,317;664;683,3.741839917000357E-5
3,226;763;878,3.74158563652632E-5
3,498;527;845,3.7360117474241504E-5
3,85;523;534,3.7311272258810774E-5
3,592;792;903,-3.7177734994305056E-5
3,19;43;308,-3.716985907843257E-5
3,145;638;677,3.716213283364983E-5
3,34;387;747,-3.710015440001028E-5
3,47;178;970,3.70983213303283E-5
3,582;738;745,-3.7055904382503446E-5
3,110;432;675,-3.703746995647341E-5
3,117;776;998,-3.703096142256252E-5
3,12;289;484,3.699660502172419E-5
3,542;599;776,-3.6976410798982084E-5
3,87;254;423,3.6941765257842504E-5
3,74;307;384,3.6926871886350246E-5
3,271;508;618,3.6912502406203684E-5
3,59;330;950,3.6868746988211866E-5
3,280;629;766,3.6854064548564495E-5
3,18;27;181,3.683304844656997E-5
3,467;543;740,-3.680359785004758E-5
3,311;635;969,-3.6757256252935084E-5
3,189;364;614,3.674539276705848E-5
3,386;727;997,-3.673259395915042E-5
3,326;370;373,3.669356464754506E-5
3,593;602;848,-3.669176463198334E-5
3,287;394;581,3.668464550260367E-5
3,18;388;965,-3.667607430109721E-5
3,99;132;190,3.6653233267363063E-5
3,144;842;930,3.664676229225505E-5
3,193;194;420,3.654140181590248E-5
3,609;828;992,-3.653775780444406E-5
3,161;820;835,-3.653302341636896E-5
3,257;342;531,-3.6531869468917545E-5
3,257;840;855,3.645909713886087E-5
3,85;169;520,3.644444571703555E-5
3,468;702;999,-3.637151715766016E-5
3,164;190;210,-3.635153226335512E-5
3,434;555;670,3.6338455831603715E-5
3,10;127;557,3.6319009203922376E-5
3,301;401;924,-3.629351226662464E-5
3,505;855;940,-3.628363144877058E-5
3,86;914;973,3.627105809997315E-5
3,189;333;364,3.625071479513503E-5
3,391;543;927,-3.623515185901114E-5
3,177;337;480,3.619711273226853E-5
3,244;886;901,-3.619471116791845E-5
3,79;326;596,-3.6172676195874574E-5
3,547;771;851,3.6108875963398585E-5
3,21;545;816,3.610682134141737E-5
3,121;618;851,-3.609906214377728E-5
3,554;589;942,-3.608735148164474E-5
3,28;955;970,-3.601391576958099E-5
3,358;398;457,3.6008808598413194E-5
3,260;489;615,3.598187762466149E-5
3,118;487;876,3.596876308520875E-5
3,54;157;399,3.596733391312927E-5
3,78;222;909,3.593930412501201E-5
3,63;192;731,3.5905988399565254E-5
3,393;655;708,3.587884122615095E-5
3,473;601;983,-3.5833170690794616E-5
3,5;231;725,-3.5784795102381384E-5
3,6;268;515,3.5767872913953744E-5
3,189;333;614,-3.5766542220137445E-5
3,9;23;825,-3.5755393626824175E-5
3,81;670;711,-3.571398021863877E-5
3,252;256;747,-3.5673230180534256E-5
3,551;732;939,3.563870881388867E-5
3,448;840;963,3.5620014633702054E-5
3,8;417;632,3.561378327140943E-5
3,8;62;839,3.561360178108097E-5
3,263;543;921,3.560385875743031E-5
3,66;569;667,3.5577412806575986E-5
3,196;296;386,3.5545101355174605E-5
3,596;823;908,3.553453391143958E-5
3,286;439;623,-3.550408590937885E-5
3,242;533;976,3.5498256023348516E-5
3,77;296;919,3.548946985178217E-5
3,311;445;578,-3.547454456738344E-5
3,72;679;985,-3.544154656195987E-5
3,370;619;997,3.54330865314488E-5
3,80;187;944,-3.542144081234697E-5
3,92;98;536,-3.539826852524001E-5
3,149;406;948,3.536510130378773E-5
3,288;299;601,3.5308566129716634E-5
3,507;745;761,-3.529658621168867E-5
3,933;966;992,3.528624958129917E-5
3,122;709;920,3.523215102774439E-5
3,51;421;648,3.521310651621623E-5
3,52;72;930,3.52004387589762E-5
3,29;151;224,-3.5182646824733894E-5
3,107;213;399,3.517125565919714E-5
3,49;284;704,3.5164548963584094E-5
3,34;184;895,3.510290453106367E-5
3,480;787;893,-3.507351696615929E-5
3,285;496;883,3.499054519817803E-5
3,42;722;921,-3.497033891284104E-5
3,121;423;856,3.496405903834247E-5
3,67;426;935,3.493798834978148E-5
3,479;735;928,-3.493526159745025E-5
3,239;470;836,3.4889317652650376E-5
3,209;293;970,-3.4853810558206024E-5
3,92;536;542,3.4825291723333755E-5
3,107;720;971,-3.481206879003602E-5
3,595;709;932,-3.481017673674765E-5
3,276;703;835,-3.4711451534188044E-5
3,455;665;761,3.4627808331579005E-5
3,48;184;854,3.4621475160384786E-5
3,148;773;818,-3.4601215607138774E-5
3,536;546;747,3.4568955199768605E-5
3,48;297;979,3.455714308022806E-5
3,188;850;944,-3.454497419182941E-5
3,213;399;877,3.453452669870793E-5
3,46;246;642,3.4528267906971305E-5
3,44;146;734,-3.451559377203248E-5
3,101;159;736,3.449482418076454E-5
3,172;323;493,-3.4474555159414305E-5
3,192;489;731,-3.444266130423308E-5
3,80;406;948,3.443419663109315E-5
3,82;169;735,3.433108597808238E-5
3,74;476;746,-3.42525839799898E-5
3,25;63;582,3.421594786434137E-5
3,381;758;895,3.4195354632108754E-5
3,43;276;388,3.41776168561842E-5
3,382;823;950,-3.415229507214275E-5
3,452;683;824,3.413105355779041E-5
3,496;572;733,-3.412109169874237E-5
3,256;409;937,3.406081218671936E-5
3,532;853;960,3.4017436911178673E-5
3,182;955;970,3.399260155081607E-5
3,82;668;791,-3.396688430978299E-5
3,337;878;936,-3.393800281678844E-5
3,14;401;528,3.3908501178177736E-5
3,202;580;619,3.390550415411108E-5
3,494;698;969,3.3859611758709116E-5
3,337;356;546,3.382352158442745E-5
3,126;586;605,-3.3813189428522425E-5
3,144;568;968,3.376892675181745E-5
3,415;644;881,-3.376776208010267E-5
3,336;702;999,-3.375645815784834E-5
3,106;381;919,-3.371278487341058E-5
3,345;622;913,3.368538786366602E-5
3,309;505;623,-3.368215560220692E-5
3,377;553;852,3.367077730282568E-5
3,315;463;678,3.365378737725598E-5
3,399;765;981,3.364260331639338E-5
3,321;786;949,3.363507218164851E-5
3,518;738;745,-3.358553956759181E-5
3,739;815;846,3.358157176143902E-5
3,906;910;981,3.357234233302794E-5
3,77;145;822,-3.355708820728832E-5
3,112;356;665,3.3529278477049834E-5
3,221;458;899,-3.351412509860992E-5
3,281;382;823,3.3479013942556605E-5
3,298;510;638,3.343945483109277E-5
3,36;351;508,-3.3437616948206286E-5
3,263;305;969,-3.342334573192833E-5
3,82;418;810,-3.341468738077847E-5
3,28;488;963,3.3396891819732886E-5
3,140;448;869,3.329510936233345E-5
3,161;291;418,3.329211496409011E-5
3,428;486;621,-3.3282967491737296E-5
3,87;612;967,3.3249070874394474E-5
3,243;417;735,3.322813069513171E-5
3,256;271;508,-3.322435804237616E-5
3,145;188;850,3.313294231846757E-5
3,516;748;917,3.3094582583621067E-5
3,303;347;456,-3.308395677217449E-5
3,160;837;910,-3.3072388984828077E-5
3,186;227;479,-3.306922853981223E-5
3,25;338;347,3.3068319372247984E-5
3,271;389;478,-3.305779467203784E-5
3,120;490;578,-3.303889965627634E-5
3,264;478;769,3.3030324115427084E-5
3,263;312;543,-3.302812178111457E-5
3,217;432;967,-3.301524282968612E-5
3,109;296;832,3.29584120485511E-5
3,368;514;679,3.289454175898505E-5
3,101;303;605,3.285411754216273E-5
3,483;784;814,-3.281813674614715E-5
3,23;923;992,-3.281243728955368E-5
3,260;463;692,3.2807235738830406E-5
3,413;501;525,-3.2768587256104445E-5
3,193;420;799,-3.2756253079091086E-5
3,76;106;634,3.275411628705918E-5
3,574;575;862,-3.27513961412649E-5
3,101;179;918,3.274465295996056E-5
3,307;496;722,-3.269438636504384E-5
3,596;947;970,3.259415658299432E-5
3,307;428;572,3.258780258436097E-5
3,246;456;642,-3.257756154170845E-5
3,288;552;580,3.2575671892957306E-5
3,705;946;987,-3.253939096732958E-5
3,127;557;642,3.2441734596301455E-5
3,142;890;894,-3.2400455656514705E-5
3,429;810;816,3.2358459621033E-5
3,516;521;748,3.234444950919803E-5
3,318;416;630,-3.2339013696166424E-5
3,535;944;974,-3.232752375623039E-5
3,64;777;790,-3.2324304486343675E-5
3,767;945;986,3.232409134562462E-5
3,364;742;844,-3.228742898232952E-5
3,266;677;783,3.2263049566825056E-5
3,273;575;841,3.226013958886564E-5
3,117;468;998,-3.214773700736124E-5
3,599;728;753,3.214399830599743E-5
3,337;745;970,3.2101862784687996E-5
3,298;787;913,-3.206531116423102E-5
3,726;799;834,3.2034611188882076E-5
3,180;395;535,3.2027626623640966E-5
3,132;457;938,-3.1968615994067525E-5
3,161;820;948,-3.196450682738635E-5
3,204;317;456,3.192075585414457E-5
3,256;409;714,3.192009793789143E-5
3,813;910;981,-3.1907015474828245E-5
3,16;715;969,3.1903235137446904E-5
3,120;715;774,3.190270872870516E-5
3,305;430;490,3.190036039126413E-5
3,176;323;862,-3.173828730318494E-5
3,78;447;909,-3.1682267464041575E-5
3,101;736;764,-3.16541581248198E-5
3,3;749;819,-3.165168380755435E-5
3,60;355;527,3.164033215297467E-5
3,215;438;695,-3.1640233677444265E-5
3,173;882;917,-3.1631701402002365E-5
3,183;193;865,-3.1599085356746174E-5
3,4;411;997,3.159735672659403E-5
3,29;343;588,-3.1565400691792646E-5
3,17;258;914,-3.154921396864788E-5
3,237;602;700,3.152104470903153E-5
3,15;253;526,-3.151976523705818E-5
3,88;191;638,-3.147125953175941E-5
3,53;667;982,3.143934277933544E-5
3,19;337;936,-3.143908201658936E-5
3,371;461;832,-3.143090109503381E-5
3,156;320;563,-3.142114138110563E-5
3,546;732;956,-3.1341980472800724E-5
3,646;690;998,-3.131088614965192E-5
3,60;527;914,3.126463469646061E-5
3,622;776;785,3.125086520800216E-5
3,2;196;812,3.1241678508557554E-5
3,529;738;994,-3.12146038634223E-5
3,562;735;928,3.107416390071298E-5
3,257;342;397,-3.104615810264375E-5
3,18;27;997,-3.103116224881062E-5
3,555;592;896,3.101947718695359E-5
3,432;745;787,3.100140052635873E-5
3,103;658;804,3.096661267868051E-5
3,41;245;434,-3.093658895132183E-5
3,56;381;919,3.090268481100826E-5
3,635;807;969,3.088161184813714E-5
3,24;368;822,-3.085407543669449E-5
3,107;469;720,-3.0813636916553425E-5
3,307;428;813,3.07735680194423E-5
3,464;485;912,3.0745212355101946E-5
3,175;183;323,3.073639828254616E-5
3,281;823;950,3.0730425399031226E-5
3,169;235;520,-3.072444877539466E-5
3,553;609;852,3.068819409068009E-5
3,38;316;396,3.0687301148768126E-5
3,636;841;897,3.065750684900591E-5
3,91;312;856,3.065171222382602E-5
3,50;201;812,3.063755942967565E-5
3,339;362;376,-3.0544777045940516E-5
3,288;464;840,-3.0499016612878557E-5
3,105;114;947,3.0495353857481333E-5
3,543;927;977,3.0464938430558246E-5
3,260;463;534,3.0459538908473945E-5
3,739;761;943,3.0441751640698567E-5
3,541;732;939,3.043203660733094E-5
3,111;831;939,-3.0428671440311798E-5
3,581;718;739,3.03891386388584E-5
3,216;271;389,3.0371665981811285E-5
3,0;493;564,-3.0331297123950455E-5
3,186;306;371,-3.0308969636961247E-5
3,208;329;547,-3.0288320355079634E-5
3,175;396;984,3.0283232401338934E-5
3,302;414;458,-3.0261200478384514E-5
3,176;570;817,-3.0244772255869316E-5
3,57;684;850,3.0230809450490038E-5
3,324;562;649,3.0210582491371666E-5
3,15;253;644,-3.0131103509003936E-5
3,41;546;584,3.0070519511596402E-5
3,356;428;751,-3.004407113948801E-5
3,13;45;864,-2.999654895773208E-5
3,421;497;505,2.996112576384756E-5
3,145;413;677,-2.995467850712136E-5
3,301;405;523,-2.9938787280900076E-5
3,520;550;953,2.9923611293801458E-5
3,167;496;883,2.991617764041234E-5
3,48;147;594,2.990484505117149E-5
3,48;297;548,-2.9899185190167363E-5
3,62;779;839,-2.9881911765588943E-5
3,335;662;718,2.9869955679045776E-5
3,458;656;973,2.9864603244030938E-5
3,444;466;773,2.9824205077349787E-5
3,342;638;675,-2.9812627143195338E-5
3,101;505;749,-2.9779129138145046E-5
3,191;581;889,2.9761686119674614E-5
3,21;199;639,-2.9758386297215182E-5
3,86;912;973,-2.9750095403494314E-5
3,484;488;963,2.973285398587783E-5
3,728;893;961,-2.9694716556898856E-5
3,439;593;602,2.9683938556880306E-5
3,292;368;849,2.9652720800678547E-5
3,409;781;994,-2.965129737118321E-5
3,666;679;982,2.9648888461444404E-5
3,444;482;894,-2.964107879745816E-5
3,139;340;855,2.9636327273728878E-5
3,290;495;504,-2.963556021027794E-5
3,94;300;672,-2.9625660803162513E-5
3,16;395;788,-2.960538649912021E-5
3,53;70;484,-2.9605352485034367E-5
3,269;805;990,2.9598957707071403E-5
3,183;259;875,-2.955236574423721E-5
3,288;302;601,2.9543572896821205E-5
3,24;493;785,-2.951226132931146E-5
3,342;397;531,-2.9494910355732047E-5
3,229;822;982,2.9481824092327413E-5
3,41;329;332,-2.9405555870008928E-5
3,398;941;976,2.925087380717012E-5
3,241;413;699,2.924833965704752E-5
3,148;959;961,2.9226864171086115E-5
3,84;678;751,2.9209284680041365E-5
3,234;282;704,2.9195827633532255E-5
3,6;328;940,-2.9173359127855272E-5
3,256;271;618,-2.907687319513643E-5
3,599;753;913,2.901258634177774E-5
3,13;97;864,-2.8988106650475866E-5
3,89;345;540,-2.8935989542318623E-5
3,23;230;679,-2.893395314380525E-5
3,666;745;982,2.885536141892733E-5
3,284;400;777,-2.8822817960011633E-5
3,234;584;648,-2.87999589263402E-5
3,229;372;976,-2.878513815835046E-5
3,148;307;773,2.876395544698819E-5
3,80;389;620,-2.8741448891168697E-5
3,181;867;961,-2.8710824941240306E-5
3,190;637;702,-2.870901486820722E-5
3,113;803;917,-2.8688841195987907E-5
3,32;633;800,-2.863158550900824E-5
3,563;607;616,2.8561608587849945E-5
3,308;520;688,-2.8536964173735303E-5
3,405;564;898,2.8514604778716397E-5
3,56;310;686,2.851198027544201E-5
3,134;223;687,2.851175690602973E-5
3,212;695;945,2.8506879662661148E-5
3,219;420;644,-2.846935288450836E-5
3,125;569;659,-2.8468317503864284E-5
3,390;500;707,-2.842027067736675E-5
3,194;216;391,-2.840563198687119E-5
3,124;402;747,-2.8402256076383256E-5
3,16;789;969,-2.8398432203986205E-5
3,634;683;824,2.8391958846451426E-5
3,110;471;539,-2.8365504659842687E-5
3,127;391;810,-2.8360713733339428E-5
3,173;176;554,-2.8350623312663705E-5
3,28;182;970,-2.8339247710662964E-5
3,312;543;921,-2.8302645352050043E-5
3,625;745;970,2.8233223700617192E-5
3,196;754;906,2.8217348312675548E-5
3,60;355;914,-2.8195482854911735E-5
3,156;563;961,-2.8165515240326935E-5
3,142;429;894,2.815564679551818E-5
3,392;806;915,-2.8155361936871635E-5
3,217;531;570,2.81483109897953E-5
3,260;459;965,-2.8140207479955076E-5
3,546;603;732,2.813887621331611E-5
3,113;162;693,2.8120942152763756E-5
3,67;814;901,2.811066934133881E-5
3,158;397;561,-2.8071585712680104E-5
3,531;735;979,-2.805341173181013E-5
3,19;104;185,-2.8022846756179832E-5
3,329;332;451,-2.8022020039669492E-5
3,24;555;703,-2.8018280320422258E-5
3,16;715;789,-2.7995782910028757E-5
3,161;418;874,2.7994082749041722E-5
3,130;324;726,2.7960129102577363E-5
3,70;215;784,-2.7928944650453625E-5
3,243;395;535,-2.7925722603459597E-5
3,100;103;262,2.7908089469016252E-5
3,266;402;922,2.7870792871367583E-5
3,316;363;823,2.7867223338212815E-5
3,19;207;883,-2.7857672923992564E-5
3,40;799;897,-2.78216396832649E-5
3,455;525;665,2.7796016513581358E-5
3,222;447;909,-2.7779319042593593E-5
3,262;285;768,-2.7760477330447878E-5
3,155;662;766,2.7757451560888595E-5
3,385;529;994,2.773850860306848E-5
3,54;237;602,2.773030576122542E-5
3,62;238;569,2.769702145537381E-5
3,123;198;500,2.766872545332933E-5
3,33;663;795,-2.7623521814061554E-5
3,395;601;983,2.755852187056483E-5
3,83;726;806,2.7556973520272095E-5
3,257;471;681,-2.7546042667450024E-5
3,277;799;827,2.7513890872420643E-5
3,29;151;690,2.7502685146607684E-5
3,79;513;712,2.7484621951360778E-5
3,27;221;648,-2.744076055109633E-5
3,79;170;435,-2.7439271220676908E-5
3,34;251;596,2.7414656606535513E-5
3,728;872;893,2.740844597345349E-5
3,680;697;748,-2.73478970559067E-5
3,37;160;220,-2.729457030670334E-5
3,292;465;751,2.7285771767155138E-5
3,390;584;648,-2.726773807351523E-5
3,231;327;459,2.724685227820166E-5
3,160;804;869,2.7135269770662267E-5
3,226;615;908,2.7124833781742166E-5
3,312;453;856,-2.710191992534905E-5
3,90;409;746,-2.709694715233374E-5
3,45;60;898,2.7046558917351845E-5
3,220;418;466,-2.7035779184392956E-5
3,224;560;722,-2.7027771719650027E-5
3,584;658;852,-2.701777045784245E-5
3,56;477;748,-2.699846569916236E-5
3,197;507;589,2.6994316653040953E-5
3,432;946;987,2.6984161835801783E-5
3,39;923;992,2.6957370615241685E-5
3,679;745;982,-2.6904963413622932E-5
3,423;498;527,-2.690335884248807E-5
3,776;962;985,-2.6810842968715748E-5
3,328;541;873,-2.6780808011856243E-5
3,666;679;745,2.677789063792687E-5
3,410;415;493,-2.6772406401868057E-5
3,522;729;848,2.674015779736711E-5
3,30;852;902,-2.6737380539891124E-5
3,109;437;575,-2.672525771830478E-5
3,84;290;877,-2.6717319266226454E-5
3,348;397;441,-2.668995844822406E-5
3,787;903;996,-2.6683913878444628E-5
3,8;779;839,-2.667820377196395E-5
3,248;461;587,2.667683639269204E-5
3,258;366;790,-2.664220446155146E-5
3,728;872;961,-2.6631263625662898E-5
3,269;475;528,2.6573544263336837E-5
3,58;842;930,-2.655473770168581E-5
3,180;333;730,-2.649915783187836E-5
3,107;213;877,-2.648975038608327E-5
3,175;333;988,-2.6464389509775748E-5
3,501;777;907,2.6402947994933424E-5
3,231;459;902,2.6360219856240515E-5
3,241;458;772,-2.6306924221029954E-5
3,555;761;770,2.6306686079141648E-5
3,281;382;950,-2.629315667710179E-5
3,103;723;813,-2.6272265464801764E-5
3,231;373;522,2.626493155291311E-5
3,505;540;728,-2.6255657660666738E-5
3,254;457;938,2.6236993559427532E-5
3,411;797;819,-2.622944391927811E-5
3,30;230;676,2.6198525998883032E-5
3,298;698;787,-2.6193966458519304E-5
3,178;903;918,-2.6191167579653432E-5
3,21;545;828,-2.614886532105635E-5
3,252;436;674,2.613458457645431E-5
3,17;475;914,2.6093843556286752E-5
3,274;368;478,-2.5963651668737092E-5
3,333;364;614,-2.5937930576996824E-5
3,71;652;982,2.5923257952070503E-5
3,118;472;941,2.5922908297288806E-5
3,262;498;768,2.5896658666998836E-5
3,41;566;715,2.5890121787009084E-5
3,417;865;940,2.588786903224156E-5
3,77;236;475,-2.5877398302180734E-5
3,107;399;877,2.5857481147477658E-5
3,191;249;891,-2.5841457043707424E-5
3,309;430;608,2.579966197874132E-5
3,35;332;935,-2.5773668240118133E-5
3,64;605;790,-2.575542577857857E-5
3,246;445;968,-2.5751377809484528E-5
3,212;848;946,2.572840909204509E-5
3,203;523;777,-2.572776770507504E-5
3,83;472;896,2.5680562783392786E-5
3,59;197;950,-2.5658214729034735E-5
3,175;390;701,2.5649437122735057E-5
3,435;718;824,2.56385183253722E-5
3,7;35;485,2.5607672529382174E-5
3,223;415;902,2.5569661284567183E-5
3,92;680;898,-2.5511062535200495E-5
3,626;654;722,-2.547202939661107E-5
3,434;476;665,-2.5448268490139847E-5
3,197;575;841,-2.540478717483951E-5
3,46;293;711,2.536541137106134E-5
3,113;639;915,-2.5338623873503948E-5
3,658;852;908,-2.5313093386372172E-5
3,68;514;893,-2.519370661508752E-5
3,2;89;812,-2.5164494266449483E-5
3,184;260;623,2.5120830370848684E-5
3,361;638;712,2.5043498293456543E-5
3,105;315;412,2.504253217077345E-5
3,238;363;637,-2.4977483926718286E-5
3,74;303;307,2.4969139337074703E-5
3,82;721;803,-2.496204601948872E-5
3,166;429;896,-2.4941625957528172E-5
3,660;836;968,2.4903092920173057E-5
3,455;712;766,-2.4893905380742932E-5
3,186;787;968,-2.4886083456785626E-5
3,273;546;961,2.488580770971508E-5
3,69;845;993,-2.484614846723413E-5
3,274;312;910,2.4844732570506164E-5
3,97;119;544,-2.479903332555069E-5
3,561;691;872,-2.475762336642856E-5
3,523;777;905,2.4753360665650863E-5
3,217;343;877,-2.470845459460787E-5
3,413;627;682,2.4690792197192274E-5
3,62;569;931,-2.4675006545688965E-5
3,224;239;470,-2.4643051076244343E-5
3,441;540;728,2.4640197535679977E-5
3,212;695;894,2.462279943650539E-5
3,454;670;711,2.461054196872295E-5
3,44;146;521,-2.4547146259282413E-5
3,438;595;932,-2.4451575994482034E-5
3,90;437;518,-2.4371287742756987E-5
3,381;383;556,2.433099490574153E-5
3,387;689;747,2.4316315720083228E-5
3,661;771;969,2.4225336384067078E-5
3,329;547;972,2.4225292904394396E-5
3,86;622;913,2.409497600478206E-5
3,22;442;598,-2.4091666584341226E-5
3,385;579;775,-2.408853968690051E-5
3,291;508;556,2.4084603019095536E-5
3,203;523;905,-2.4037728972520663E-5
3,176;817;921,2.3981367218808614E-5
3,23;361;768,2.397561453772295E-5
3,352;821;869,-2.396271153386835E-5
3,162;262;377,-2.3949501243066317E-5
3,158;165;295,-2.3918568372053202E-5
3,380;567;948,-2.390273252676035E-5
3,206;346;955,-2.3900360280926666E-5
3,337;546;741,2.3884743614757177E-5
3,332;663;935,-2.3834548494716015E-5
3,79;596;755,2.3815502428605036E-5
3,345;511;681,-2.377141779825738E-5
3,454;729;976,2.377095687364858E-5
3,356;428;988,-2.374349812443914E-5
3,128;594;942,2.3724254212154238E-5
3,131;163;745,-2.3721657001196176E-5
3,70;215;345,-2.3718044293813157E-5
3,231;327;902,-2.3694660535974842E-5
3,147;640;675,-2.367511803683494E-5
3,254;423;516,2.3672481943142983E-5
3,542;910;933,2.3608581473136847E-5
3,358;620;978,-2.3571242363361875E-5
3,130;624;765,2.354141398248871E-5
3,256;747;833,2.3540002759593045E-5
3,623;678;751,-2.3539405968838515E-5
3,277;312;638,-2.3525406443981227E-5
3,531;552;580,2.3512072984714244E-5
3,64;122;566,-2.350062934045736E-5
3,130;169;733,2.3492085217073718E-5
3,496;572;847,-2.345581250321873E-5
3,149;223;902,-2.3453015535277275E-5
3,2;153;902,2.344527932630316E-5
3,235;352;860,-2.3415136743811538E-5
3,30;623;642,2.3384548618061267E-5
3,608;857;997,-2.3374270985965916E-5
3,0;253;493,2.331084439355778E-5
3,334;595;991,2.3308800705314672E-5
3,80;142;958,2.3286104095972206E-5
3,344;438;778,-2.3261324532611108E-5
3,48;68;184,-2.3226806306765436E-5
3,918;920;921,2.3187760795489765E-5
3,489;796;925,2.3184418643621238E-5
3,431;542;776,-2.3147416828083348E-5
3,202;218;748,-2.3144433596876493E-5
3,187;787;884,2.3138123000677658E-5
3,201;562;710,2.3136275264774214E-5
3,2;413;591,-2.311985815160747E-5
3,385;529;738,2.3108863867609997E-5
3,221;653;815,2.304006256162937E-5
3,74;303;384,2.302498223900322E-5
3,223;582;740,2.299394751607379E-5
3,340;531;986,-2.29656185229191E-5
3,270;406;442,-2.2904257055153533E-5
3,6;19;645,2.2877331602728632E-5
3,132;190;652,2.2747193185111196E-5
3,105;358;406,2.2734676523925086E-5
3,547;578;932,-2.271527288226048E-5
3,27;181;997,2.269105663966163E-5
3,433;786;967,2.2617035982985797E-5
3,238;246;363,2.2615148769716848E-5
3,31;143;738,2.2608518395789743E-5
3,100;239;814,-2.255002047583774E-5
3,409;746;762,2.2546809015993765E-5
3,339;525;699,-2.252380702087481E-5
3,130;610;765,2.244183394352118E-5
3,12;451;502,2.243360418995785E-5
3,655;687;924,-2.242695654324884E-5
3,926;927;939,2.2402684726820006E-5
3,232;499;979,2.2396253489664806E-5
3,272;462;718,-2.238359059862726E-5
3,175;223;396,-2.236859439567432E-5
3,19;486;945,-2.236111183062242E-5
3,393;708;979,-2.2284732153213526E-5
3,160;186;968,2.226999433725599E-5
3,429;890;894,-2.2266133808017577E-5
3,492;810;886,2.2260981775457474E-5
3,422;726;834,-2.2253349974939005E-5
3,17;204;800,2.2248442115765704E-5
3,269;451;761,-2.2240191529757224E-5
3,87;415;493,2.223935147312913E-5
3,236;383;872,2.218440732975071E-5
3,459;600;824,-2.2143420353062618E-5
3,14;477;548,-2.2069660389216976E-5
3,212;675;719,-2.1991954568895814E-5
3,187;299;828,-2.1965494901874104E-5
3,73;183;875,2.1954269987119037E-5
3,19;122;500,2.1952138195943014E-5
3,70;461;811,-2.1923526654551746E-5
3,51;183;225,2.1912339436344747E-5
3,411;432;787,-2.190177809343527E-5
3,217;293;764,-2.1891764665740813E-5
3,281;711;775,2.1885023992136502E-5
3,346;955;987,2.1877128622805726E-5
3,554;633;687,2.1876039312567154E-5
3,125;176;323,2.1856396169419534E-5
3,34;109;236,-2.182353556334644E-5
3,109;469;543,2.1749180958104334E-5
3,197;629;968,2.174690318071765E-5
3,798;811;912,2.173360937464193E-5
3,339;403;434,2.1732194912071527E-5
3,394;411;997,-2.168970889871331E-5
3,586;605;891,2.1685183668600236E-5
3,584;658;908,-2.1680452091640497E-5
3,555;615;761,-2.1675251604749237E-5
3,5;647;822,2.167192887791143E-5
3,55;814;901,2.1647929313871605E-5
3,2;89;196,2.1625394454987978E-5
3,155;321;662,-2.162245135571089E-5
3,20;64;360,2.1610815294666646E-5
3,393;655;979,2.1603885205501703E-5
3,381;402;994,-2.1561172055765887E-5
3,668;684;687,-2.155055826595724E-5
3,175;448;726,2.154715425690263E-5
3,48;121;423,-2.154283055802926E-5
3,66;183;851,-2.1474773790568412E-5
3,22;176;971,-2.1471752677880507E-5
3,273;480;663,-2.144597491501596E-5
3,286;366;934,-2.1428505471130212E-5
3,251;671;825,2.1404889775865814E-5
3,76;187;774,2.1388369128251297E-5
3,150;244;341,2.136802586449934E-5
3,24;90;822,2.1356156631377265E-5
3,167;830;836,-2.1341706735713833E-5
3,65;109;227,2.1330776174050563E-5
3,4;394;997,-2.127902730570587E-5
3,410;451;815,-2.1271400255755253E-5
3,390;599;707,2.1250398522190384E-5
3,540;662;728,-2.1219824976373586E-5
3,56;213;640,2.118515452813463E-5
3,493;711;775,2.115922260585551E-5
3,610;621;858,-2.1134277338022012E-5
3,165;227;979,2.112867633283367E-5
3,609;865;931,-2.1086662122163342E-5
3,196;296;968,-2.1041451272160157E-5
3,240;378;855,-2.100540169706569E-5
3,29;622;785,-2.0991888116919023E-5
3,509;926;939,2.096819776515145E-5
3,98;159;365,-2.0921065793674672E-5
3,151;256;491,-2.0908490971863605E-5
3,294;531;570,2.084937644947174E-5
3,613;693;760,2.0824809516729853E-5
3,315;566;730,2.0806589389507462E-5
3,56;153;332,-2.0771257102119086E-5
3,196;234;566,-2.071182131674319E-5
3,65;117;227,-2.0708053499173423E-5
3,157;235;878,2.0662360824574178E-5
3,33;584;733,2.064540326237981E-5
3,457;822;966,-2.0583340131611816E-5
3,185;529;609,-2.054841560387054E-5
3,248;348;798,-2.0547297677758038E-5
3,355;485;912,2.0511697549526886E-5
3,238;471;700,2.0463116451663342E-5
3,106;371;601,2.0462785073720942E-5
3,472;648;896,-2.044805540691389E-5
3,228;365;875,-2.044484016110023E-5
3,474;710;939,2.0429019340902083E-5
3,168;537;585,2.0427697438156235E-5
3,258;579;790,-2.042216844694531E-5
3,756;925;940,2.0391917709186006E-5
3,568;576;589,-2.0380699997125932E-5
3,81;164;629,2.0380097290981516E-5
3,132;259;795,2.0375429785648118E-5
3,305;780;988,-2.033887317806074E-5
3,252;547;851,-2.033290262210337E-5
3,542;763;988,-2.0321819236380107E-5
3,691;701;956,2.0319574481623025E-5
3,480;699;893,-2.0309240289505973E-5
3,111;743;990,2.0306973428767194E-5
3,94;672;700,-2.0286553266060734E-5
3,343;477;548,-2.0260972740883725E-5
3,151;282;559,-2.0241607843212732E-5
3,658;815;848,-2.022920098817712E-5
3,162;567;693,2.021864518098058E-5
3,183;225;273,2.0172882762330807E-5
3,93;478;781,-2.0158193797773188E-5
3,436;481;578,2.014182079760879E-5
3,99;190;652,-2.0129092920741254E-5
3,284;718;777,-2.011180171794242E-5
3,421;505;689,-2.0099669830139887E-5
3,180;605;958,2.007155960976026E-5
3,423;722;749,2.0014743959515017E-5
3,267;387;938,-2.0005786102357913E-5
3,142;268;502,-1.9995305309762326E-5
3,266;799;922,1.9979141763538086E-5
3,244;261;528,-1.9975870268282417E-5
3,384;653;815,-1.994298252915993E-5
3,99;120;569,1.9935663235572526E-5
3,88;220;638,1.9852377252146767E-5
3,307;572;813,-1.981757637901737E-5
3,483;905;980,1.9779468182022622E-5
3,417;712;766,-1.9779146579988278E-5
3,82;453;791,1.976401787757947E-5
3,132;621;988,-1.974966407723545E-5
3,336;766;988,1.974043114715083E-5
3,352;477;860,1.9712471245289522E-5
3,252;346;441,-1.9653364575797147E-5
3,183;654;865,-1.959595669080792E-5
3,202;573;966,-1.954748909838881E-5
3,161;223;885,-1.95416112441886E-5
3,206;222;989,1.9530697804109425E-5
3,89;345;946,-1.9526357471942867E-5
3,62;262;861,-1.948611951776838E-5
3,87;410;415,-1.947136611846622E-5
3,234;668;684,1.945358717086211E-5
3,108;714;993,-1.943747202592795E-5
3,250;609;931,-1.942070208363112E-5
3,450;563;674,-1.9407445482893097E-5
3,73;119;515,1.9334666440619377E-5
3,518;707;911,1.927943901747485E-5
3,266;517;857,1.9263564428418166E-5
3,547;578;809,-1.9242095580742858E-5
3,109;264;762,-1.9221809332099742E-5
3,261;363;823,1.9214957940084162E-5
3,487;505;749,-1.9209963335486135E-5
3,418;466;739,1.9203686368345476E-5
3,451;690;879,-1.91754300025888E-5
3,54;270;315,1.9131544857615785E-5
3,112;248;356,-1.907207459131311E-5
3,161;544;799,1.9048116146127134E-5
3,728;753;913,-1.894791938424728E-5
3,220;860;886,1.891679619302228E-5
3,672;696;991,-1.8911756867165264E-5
3,70;446;724,1.8906603984851806E-5
3,13;161;334,-1.888254086680887E-5
3,177;323;337,-1.8873578085933493E-5
3,130;610;624,1.8843495168097158E-5
3,125;176;862,1.8808337350183446E-5
3,638;712;750,1.878307196774407E-5
3,167;201;562,1.8762920637121165E-5
3,196;610;621,1.8733057344072123E-5
3,307;564;661,1.8725779335295928E-5
3,266;402;799,-1.8722442122048774E-5
3,186;347;507,-1.8702516813591358E-5
3,6;49;404,1.866017102505634E-5
3,0;131;713,-1.865867034679735E-5
3,479;562;928,-1.8658359680889212E-5
3,48;130;324,-1.8657918053247624E-5
3,182;368;697,-1.8628056038410842E-5
3,284;308;520,1.853818646771771E-5
3,111;743;756,-1.8525069299622735E-5
3,123;633;687,1.8503881435862015E-5
3,658;730;848,1.84973292101571E-5
3,203;286;407,1.849023191221652E-5
3,65;267;290,1.8446249184337653E-5
3,175;719;887,-1.8442376140221892E-5
3,179;461;557,1.837961137785592E-5
3,305;430;702,1.8376168784203917E-5
3,47;135;887,1.8325460752288304E-5
3,655;666;923,-1.8324591824808168E-5
3,650;797;819,1.8273792154924328E-5
3,87;765;967,-1.82644498057028E-5
3,78;86;900,-1.824443708761782E-5
3,309;592;982,1.823278908195844E-5
3,378;758;797,-1.821003427336479E-5
3,154;286;439,-1.8209668917000286E-5
3,584;852;908,1.8209128349892446E-5
3,655;842;923,1.8174938919625807E-5
3,86;90;694,1.8150236965887655E-5
3,205;243;567,1.8068247777913208E-5
3,315;678;921,-1.8016065192557578E-5
3,468;776;998,1.799694638139921E-5
3,75;415;723,-1.798762749309276E-5
3,103;380;813,1.7898187494337846E-5
3,32;349;448,-1.789745959072382E-5
3,23;473;768,1.784516032071295E-5
3,221;395;899,1.784051115438158E-5
3,85;153;523,1.7834532177377753E-5
3,424;530;564,-1.7827180181350323E-5
3,8;417;667,-1.7819212725982256E-5
3,395;473;601,-1.7813340720247386E-5
3,620;869;959,-1.7798535186798414E-5
3,307;470;977,1.7793569917907454E-5
3,19;645;824,1.7793102360320182E-5
3,139;701;943,-1.7771470455072305E-5
3,465;492;886,1.7720703692212105E-5
3,655;708;979,-1.7653642014715644E-5
3,247;311;665,1.7653018379739928E-5
3,99;512;569,1.7647194659588577E-5
3,252;747;833,-1.7628910419438255E-5
3,6;19;824,1.7559296946036363E-5
3,214;256;681,1.7550310049595562E-5
3,18;384;711,-1.754775205363078E-5
3,62;262;817,-1.754453546009112E-5
3,470;633;899,1.754174017902649E-5
3,27;772;815,-1.752569780107792E-5
3,270;406;907,1.7523335976480023E-5
3,148;410;959,1.7512158981945878E-5
3,156;320;961,1.7456563903938718E-5
3,123;198;887,1.7415899261202255E-5
3,139;546;855,1.739721345117932E-5
3,108;518;637,1.7394101480102164E-5
3,371;680;753,1.7393426959744643E-5
3,297;503;867,1.7367573489519492E-5
3,443;471;539,-1.7356851861813773E-5
3,53;82;754,1.7312662158965625E-5
3,518;582;745,-1.725964057153432E-5
3,8;62;779,1.7233256908985902E-5
3,11;421;451,-1.718944456479111E-5
3,396;610;687,-1.7187619892130885E-5
3,71;429;896,-1.71864362818913E-5
3,190;590;956,1.716685763157838E-5
3,162;221;880,1.716509209944646E-5
3,50;212;675,-1.7152248741156596E-5
3,366;729;934,1.7147586140752535E-5
3,273;279;450,-1.7099485634747446E-5
3,152;182;298,-1.7053614675701893E-5
3,178;411;918,1.7037590201390672E-5
3,301;401;439,1.70159770902463E-5
3,120;387;816,1.7011320393420813E-5
3,122;363;920,1.7010933889456315E-5
3,354;474;939,1.70016801025571E-5
3,137;286;592,1.699440797359328E-5
3,205;511;809,-1.6957783954317936E-5
3,750;759;886,-1.692778762061027E-5
3,244;261;736,-1.6903452495603962E-5
3,262;581;942,1.683488325443801E-5
3,73;119;498,1.6833803804653622E-5
3,286;331;557,-1.68225013886885E-5
3,167;797;830,-1.6770494058081844E-5
3,210;214;291,1.6731032358316377E-5
3,198;496;604,-1.671498588675232E-5
3,604;609;931,1.6705601832085693E-5
3,11;421;833,-1.6696142080807024E-5
3,281;900;964,1.6653803052954997E-5
3,89;196;812,-1.6617939069126815E-5
3,721;836;941,1.6562264242509667E-5
3,754;908;939,1.6528916026112346E-5
3,71;287;681,-1.6490766434065475E-5
3,51;84;920,-1.6474094356036766E-5
3,491;722;744,-1.6472039483954183E-5
3,39;840;855,-1.6454932355904977E-5
3,39;242;757,1.6444708807665076E-5
3,33;501;797,-1.643806246054643E-5
3,456;808;897,-1.6430130210470373E-5
3,147;496;626,-1.632833850190737E-5
3,92;278;298,-1.6315793602983458E-5
3,472;559;952,1.6297293581660454E-5
3,242;495;926,-1.6272665345536454E-5
3,820;835;948,1.6268969014567355E-5
3,82;169;917,-1.6243503968367103E-5
3,156;349;776,-1.622733808542063E-5
3,87;237;713,-1.6221865896737595E-5
3,691;828;969,1.6210460271549016E-5
3,21;188;341,-1.6158698454919505E-5
3,586;883;948,1.613903888322038E-5
3,350;551;641,1.6130299125542627E-5
3,209;693;727,-1.6116337809678304E-5
3,281;717;826,1.6109342806441594E-5
3,563;675;840,-1.607548842253819E-5
3,682;916;945,1.6039283409572747E-5
3,217;294;531,-1.6017921641134053E-5
3,261;528;736,1.6000431614961968E-5
3,484;885;971,1.5996076240912093E-5
3,381;522;531,-1.590029605538801E-5
3,194;421;504,1.5898800284848572E-5
3,269;767;990,1.5888892350647596E-5
3,29;110;432,-1.5867654417379667E-5
3,89;238;340,-1.586489355473446E-5
3,391;543;977,-1.5843977536138387E-5
3,348;581;793,-1.5818876070103455E-5
3,41;179;245,1.5815728508218384E-5
3,242;430;643,-1.5796459318163876E-5
3,229;376;982,1.5756073892709652E-5
3,112;267;559,-1.5691036283954464E-5
3,11;75;566,1.5677871645935086E-5
3,5;725;765,-1.5676896192749382E-5
3,266;517;899,1.5674265463491066E-5
3,51;421;579,-1.5669957595790435E-5
3,206;725;767,1.563074252645879E-5
3,95;331;493,-1.5614164264772774E-5
3,71;166;429,-1.5596759671977475E-5
3,84;263;305,1.5588931319898178E-5
3,399;569;981,-1.5573297994223767E-5
3,928;944;952,1.5539597991178976E-5
3,270;589;977,-1.551214383416083E-5
3,386;638;813,-1.5464901914098266E-5
3,217;294;570,-1.5454195684962125E-5
3,146;275;456,-1.5448712240451593E-5
3,37;493;785,-1.541447963893363E-5
3,164;172;450,1.5401704936564655E-5
3,6;645;824,-1.5333160400517938E-5
3,261;316;363,-1.5290182726737384E-5
3,558;796;854,-1.5271349226536795E-5
3,48;121;856,1.5241839811977583E-5
3,625;842;939,-1.5223063709396086E-5
3,256;430;925,-1.5182930367858756E-5
3,5;507;671,1.5153008976720936E-5
3,171;624;647,-1.514140185618612E-5
3,5;271;346,-1.513258107841968E-5
3,161;663;669,1.5126349725966735E-5
3,337;683;955,-1.5077923964682501E-5
3,198;307;722,1.5059276053446259E-5
3,368;537;866,-1.5032619924300952E-5
3,138;320;421,-1.5027422265356701E-5
3,129;267;290,-1.5017806073083173E-5
3,207;481;528,-1.5011403937747782E-5
3,103;620;978,1.4998736110749845E-5
3,411;650;819,-1.4997650697066552E-5
3,563;675;774,1.4995308970852536E-5
3,190;756;956,-1.4988150600009285E-5
3,311;445;594,-1.4966175412887966E-5
3,223;346;468,-1.4958121563516953E-5
3,347;388;857,-1.4885930098957868E-5
3,594;815;846,-1.488576950353885E-5
3,163;538;595,1.4863164335018199E-5
3,251;524;693,1.4861666881660082E-5
3,140;463;869,1.4845070008932488E-5
3,226;230;973,1.4837174911468957E-5
3,31;143;144,-1.4780550775388875E-5
3,229;372;663,1.4760714041165594E-5
3,15;768;784,1.4748435755223637E-5
3,135;348;397,-1.4744972516691747E-5
3,608;715;857,-1.473212546919179E-5
3,433;645;926,-1.4726889954863363E-5
3,251;264;671,-1.4714658826337545E-5
3,31;205;234,1.471034948342189E-5
3,350;379;881,-1.4703591195238195E-5
3,555;670;827,-1.4690592302748662E-5
3,682;916;941,-1.4669339005077192E-5
3,234;282;945,-1.4642006911706342E-5
3,540;728;967,1.4640150231926156E-5
3,87;269;761,1.4622664010886064E-5
3,173;591;917,1.4601016615946996E-5
3,69;832;993,1.4578004647328343E-5
3,105;295;711,-1.4576528537305116E-5
3,436;551;578,1.4448262733631027E-5
3,351;454;668,1.4429188713590045E-5
3,209;837;964,-1.433779629181784E-5
3,311;735;979,-1.433777221932457E-5
3,78;542;763,1.4319046725309085E-5
3,305;490;702,-1.431707144108616E-5
3,159;210;291,1.4309021064444171E-5
3,77;367;820,1.4302272412595289E-5
3,376;378;587,1.4288366234909076E-5
3,388;827;921,-1.4245262040086929E-5
3,602;713;802,1.4226796752424373E-5
3,163;464;538,1.4180133440447461E-5
3,319;722;744,1.4144544431174655E-5
3,538;661;860,-1.4129552488024361E-5
3,1;175;726,-1.4128316712319684E-5
3,482;563;616,1.4090945595654562E-5
3,44;467;794,-1.4056324968735615E-5
3,669;945;973,1.4004156845606603E-5
3,250;389;421,-1.3978830645386291E-5
3,281;659;900,1.3925547248323498E-5
3,23;446;724,-1.3901349491478602E-5
3,69;832;845,-1.3849063319251613E-5
3,478;769;980,-1.3836466004043133E-5
3,419;672;696,1.3824550530369573E-5
3,527;696;992,-1.3802567329253759E-5
3,168;351;537,1.3801273246143511E-5
3,309;952;975,-1.3790346019894886E-5
3,66;279;952,1.375270541392102E-5
3,382;671;965,-1.3740902596570397E-5
3,79;723;788,-1.3739073084063032E-5
3,43;768;784,1.3670633896887427E-5
3,167;375;386,1.3634820964685629E-5
3,168;526;897,-1.3626503067347341E-5
3,81;229;281,-1.3613210698233818E-5
3,40;592;799,-1.357869514862032E-5
3,456;586;758,1.3536593075637829E-5
3,817;824;892,-1.3534673956454414E-5
3,197;273;841,1.3503812045268424E-5
3,417;625;800,1.3497425255289187E-5
3,11;451;833,1.3480085261051745E-5
3,819;928;936,-1.3466766908836484E-5
3,14;353;401,1.3450907739540823E-5
3,369;386;415,-1.3442838039920851E-5
3,37;160;509,1.3354157816528434E-5
3,316;837;964,1.3319383242000307E-5
3,112;640;712,1.3309652352745839E-5
3,344;535;974,-1.3307930866203424E-5
3,427;884;885,1.3294740591971943E-5
3,29;622;776,-1.3286207621152554E-5
3,84;290;510,-1.3245657547218605E-5
3,197;330;950,1.3245605901563762E-5
3,176;674;856,1.3218809898945187E-5
3,109;118;786,-1.3166610089115599E-5
3,67;338;854,-1.315143269158256E-5
3,53;63;82,1.3136152366217E-5
3,344;535;944,1.3069004213148396E-5
3,207;420;725,-1.3050438804279683E-5
3,368;514;694,1.3047670377117952E-5
3,317;664;780,-1.3042325489917184E-5
3,298;703;753,-1.2996453433404963E-5
3,198;758;913,-1.2994283166317303E-5
3,219;420;820,1.2962956256255994E-5
3,122;223;468,1.2960312795596119E-5
3,32;790;877,-1.291732695071251E-5
3,1;79;489,-1.2847786901162389E-5
3,191;581;903,-1.2840178279679787E-5
3,32;800;978,-1.2775789682774548E-5
3,76;422;863,1.2770743037841086E-5
3,230;413;525,1.2738594532981471E-5
3,43;187;276,-1.2693659174525016E-5
3,446;658;839,1.2660926940643261E-5
3,6;339;543,1.2644250241780286E-5
3,328;426;608,-1.2639254441228599E-5
3,100;103;890,-1.2542184523834544E-5
3,120;816;965,1.2498029944709194E-5
3,562;649;878,1.2426766598452516E-5
3,58;67;338,-1.2422273743526072E-5
3,48;137;904,1.2396447726238311E-5
3,756;838;940,-1.238565093959653E-5
3,234;390;584,-1.2370210004411513E-5
3,214;319;441,1.2368086442069715E-5
3,620;717;727,1.2346766949970272E-5
3,113;162;567,1.2319447628914834E-5
3,2;181;433,-1.2309517357965462E-5
3,252;308;860,1.2240138719407351E-5
3,201;380;631,1.2189478944877569E-5
3,200;297;837,-1.2176047373471214E-5
3,446;658;934,-1.211663827609831E-5
3,80;187;755,1.2096357396751184E-5
3,106;317;601,1.2060550163731033E-5
3,74;106;746,-1.203254494560576E-5
3,542;806;994,-1.2019791923305684E-5
3,613;760;969,1.2019663618900556E-5
3,468;712;788,-1.1993396888778055E-5
3,270;676;977,-1.197045443626215E-5
3,202;375;506,1.1927476870334408E-5
3,432;705;987,1.1897865083919338E-5
3,623;845;961,1.1894147706110518E-5
3,13;45;289,-1.1889166567090249E-5
3,192;670;827,-1.1874211550231704E-5
3,472;559;707,1.1806473607611687E-5
3,81;454;711,1.1803274486948553E-5
3,767;923;986,-1.1798258939061343E-5
3,362;634;643,1.1792631741957146E-5
3,32;232;856,-1.177330129139162E-5
3,83;350;806,1.1770701324747424E-5
3,75;415;447,-1.1743145594270075E-5
3,226;451;492,-1.1736340919070193E-5
3,37;150;833,1.1717973994107928E-5
3,682;941;945,1.1715187779158983E-5
3,139;287;346,1.1685596418180108E-5
3,398;566;976,1.1649030877043928E-5
3,100;239;795,-1.1648448652037812E-5
3,471;681;960,-1.1599866442120445E-5
3,115;836;912,-1.1461518896671595E-5
3,175;706;988,-1.1445513358080522E-5
3,115;618;836,-1.1400145936846267E-5
3,63;86;127,1.1366350269386449E-5
3,19;878;936,1.134503764126199E-5
3,201;402;994,1.1343771040220364E-5
3,293;631;881,1.1321081314101388E-5
3,247;582;656,1.1291201376134632E-5
3,352;464;840,1.1282873481544803E-5
3,59;305;780,-1.1247111679633437E-5
3,15;526;644,1.123557627941426E-5
3,104;210;790,-1.1178316197849266E-5
3,66;667;848,-1.1174572329241337E-5
3,155;321;766,1.1166800195400638E-5
3,560;736;824,1.1164909589028971E-5
3,145;667;850,1.1153986598759319E-5
3,438;709;932,1.1146347779947483E-5
3,86;378;587,-1.1112826348191246E-5
3,9;93;885,-1.1103633415181849E-5
3,107;469;971,-1.1098405580990248E-5
3,312;953;981,-1.1094600680508396E-5
3,307;773;818,1.1072957054793477E-5
3,203;316;379,-1.1064826108689613E-5
3,324;736;824,-1.1060816921210158E-5
3,262;443;748,1.1038035826702604E-5
3,482;507;665,-1.0962552679023596E-5
3,426;935;958,1.0935928212927506E-5
3,7;33;795,-1.091604594568623E-5
3,79;513;926,1.0902591272123209E-5
3,36;407;714,-1.0901206366818773E-5
3,244;341;467,1.0836934242619765E-5
3,398;566;941,1.0831798587728411E-5
3,302;578;687,1.0826819059064845E-5
3,504;596;851,-1.081465275307271E-5
3,163;464;595,1.080899622739702E-5
3,295;449;830,-1.080042605121119E-5
3,29;514;728,1.0796393913390441E-5
3,94;427;885,-1.0784235662665606E-5
3,568;584;589,1.0735208194230906E-5
3,208;547;972,-1.0684213248222565E-5
3,419;662;722,1.0660274718645815E-5
3,21;560;641,-1.0630231167316532E-5
3,228;444;452,1.0626874779714482E-5
3,328;608;626,1.0609130031502587E-5
3,291;418;874,1.0560556779761914E-5
3,444;466;661,1.040916755990215E-5
3,447;541;819,-1.0402790384678542E-5
3,142;268;298,1.0384430535367403E-5
3,65;357;704,-1.0379474796901399E-5
3,435;501;626,1.0375360308830059E-5
3,55;657;956,1.0372886162987539E-5
3,90;438;975,-1.0358894298544626E-5
3,215;472;941,-1.0342023226222402E-5
3,417;546;970,1.0302682374758426E-5
3,592;799;897,-1.0232397764865224E-5
3,310;451;686,1.0228955096765288E-5
3,286;508;556,-1.0223767543571647E-5
3,662;728;967,1.0206144599065992E-5
3,295;830;880,1.019925806440944E-5
3,180;243;395,-1.0168665587461997E-5
3,11;566;570,-1.0145767723322271E-5
3,114;413;834,1.0114697554451365E-5
3,581;682;718,1.0093217572972047E-5
3,38;199;639,1.0090630556900258E-5
3,196;315;566,-1.0086830193252302E-5
3,486;759;886,1.0074998343107337E-5
3,346;629;968,1.005509158783105E-5
3,265;459;965,1.003528416248549E-5
3,97;239;544,-1.0033045229407476E-5
3,365;377;894,1.0028633208760698E-5
3,163;225;798,-1.0025619422083805E-5
3,41;299;645,-1.0015191738676016E-5
3,127;272;391,1.001282090795247E-5
3,297;392;597,-9.999601859427415E-6
3,28;167;375,-9.991167279721492E-6
3,103;234;804,-9.977836020106566E-6
3,4;40;744,9.964545439060974E-6
3,106;270;315,9.953060798706115E-6
3,44;815;872,-9.925019092645058E-6
3,14;343;548,9.91547801610615E-6
3,48;96;594,9.875299293911934E-6
3,121;611;944,9.865702499638759E-6
3,496;733;847,-9.856368723408331E-6
3,61;304;837,-9.838419869188548E-6
3,683;955;981,9.802267399738225E-6
3,442;703;866,-9.801792766672126E-6
3,246;582;740,-9.755803914976518E-6
3,166;302;458,-9.730461707269412E-6
3,214;407;441,9.717950632406144E-6
3,540;577;809,-9.621550633539714E-6
3,77;776;985,9.603131976333065E-6
3,162;541;819,9.578718144624938E-6
3,48;125;659,9.533631211706452E-6
3,438;935;987,-9.522802345626385E-6
3,326;373;770,-9.518715763248885E-6
3,42;644;921,-9.499616913116932E-6
3,750;928;944,9.468787403616584E-6
3,463;678;921,9.459861413891283E-6
3,282;462;770,-9.440165529938504E-6
3,498;691;956,9.33593291465802E-6
3,247;311;905,9.33357017034777E-6
3,395;537;788,-9.331120084598389E-6
3,311;531;979,-9.32388962515747E-6
3,568;576;584,-9.267887851105432E-6
3,326;513;895,-9.252449907537187E-6
3,188;463;997,9.199286694673611E-6
3,30;291;526,9.188406301018928E-6
3,224;693;722,-9.15311776537156E-6
3,34;252;596,9.145505687934152E-6
3,419;440;722,-9.136788552453917E-6
3,486;750;759,-9.131437451267211E-6
3,54;602;700,9.130978731316457E-6
3,291;313;698,-9.110572630805343E-6
3,43;101;974,-9.10246549931152E-6
3,44;640;712,-9.077444212862759E-6
3,132;236;803,9.075544075348107E-6
3,290;495;805,9.072379664564819E-6
3,16;431;538,9.057373938164589E-6
3,95;409;493,-9.015105325672762E-6
3,215;438;637,9.004529901132763E-6
3,262;716;748,8.975952819247042E-6
3,226;438;763,-8.97533909238718E-6
3,386;435;487,8.902898965757404E-6
3,260;534;692,-8.901618028351252E-6
3,124;346;735,8.897959737383402E-6
3,57;132;901,-8.892950632492562E-6
3,659;746;803,8.868088718866518E-6
3,361;473;768,-8.85821804077109E-6
3,197;555;735,-8.765121984808915E-6
3,422;605;706,-8.714715935425852E-6
3,426;496;921,-8.682738803189226E-6
3,525;723;753,-8.67108627070793E-6
3,53;779;867,8.644488458132898E-6
3,443;706;885,8.620681005622667E-6
3,177;323;480,8.590956230941172E-6
3,400;541;873,-8.580262569551175E-6
3,196;610;858,8.544975542638576E-6
3,329;334;826,8.530596763235893E-6
3,101;487;505,8.513611369522813E-6
3,532;960;978,-8.460177463672337E-6
3,20;206;760,8.43606463998712E-6
3,71;72;555,8.429212282798916E-6
3,209;727;815,8.400738143031328E-6
3,25;234;601,-8.39108352985888E-6
3,171;499;979,-8.34740963683421E-6
3,195;470;977,8.317057159471682E-6
3,584;812;815,-8.278149945363634E-6
3,113;269;549,8.220850381513288E-6
3,356;546;741,-8.21298888682434E-6
3,48;98;995,8.187053821256632E-6
3,293;764;795,-8.148957284767652E-6
3,228;271;544,8.14852098824101E-6
3,56;748;861,8.123722108922684E-6
3,82;453;668,-8.117215445237768E-6
3,272;462;738,8.103525163525895E-6
3,258;309;505,-8.099491733738709E-6
3,132;236;714,-8.092915323342318E-6
3,185;377;609,-8.080962808173158E-6
3,81;127;773,-8.070913544460552E-6
3,127;765;998,7.98649987541506E-6
3,316;383;873,-7.950161080522315E-6
3,370;379;530,7.89465491884836E-6
3,370;455;530,7.828014683818982E-6
3,202;580;722,7.80686785160449E-6
3,467;740;880,7.801513320703515E-6
3,281;493;775,-7.79119381421442E-6
3,411;903;918,-7.755691211086206E-6
3,286;520;550,-7.712799784054036E-6
3,371;609;808,7.70054211157311E-6
3,659;746;767,-7.667304570888268E-6
3,399;569;765,-7.6052522873837E-6
3,411;469;473,7.600932588142144E-6
3,101;541;736,-7.564205568471809E-6
3,451;819;879,-7.523951836079491E-6
3,16;919;943,-7.479690386747021E-6
3,69;73;239,-7.4761183289169876E-6
3,296;432;919,-7.452220631466791E-6
3,470;516;649,7.449211513673643E-6
3,43;187;388,7.442935042562666E-6
3,259;623;845,-7.442061641158134E-6
3,196;386;968,7.420212782262972E-6
3,428;572;813,7.408196476958972E-6
3,301;719;984,7.397684541670169E-6
3,102;304;753,-7.376074920287551E-6
3,767;923;945,7.36590893835689E-6
3,567;814;979,7.355254296957714E-6
3,8;276;703,7.30126607649935E-6
3,154;652;894,-7.254968558625376E-6
3,45;97;864,7.200221036709302E-6
3,4;412;632,-7.198676729723762E-6
3,303;369;386,-7.189769240425755E-6
3,409;880;948,7.179987004284835E-6
3,94;300;700,7.169946429154875E-6
3,171;232;499,-7.1626179079690714E-6
3,182;662;697,-7.132195855346739E-6
3,259;275;795,-7.128377523223373E-6
3,135;513;887,7.074663629690725E-6
3,58;133;135,-7.073494972256324E-6
3,168;505;588,7.0497199283375485E-6
3,65;234;757,7.046613528866833E-6
3,22;725;933,7.04601108497973E-6
3,440;662;722,7.012677095165593E-6
3,56;106;919,-6.9734882781419266E-6
3,638;646;690,-6.956551574848674E-6
3,514;839;893,6.943425098088721E-6
3,443;800;976,-6.809323680229358E-6
3,19;225;945,6.792761803476988E-6
3,603;857;868,6.771923853936366E-6
3,105;197;589,6.718177140228141E-6
3,467;543;880,-6.7046309178181715E-6
3,573;669;973,-6.6598503785906816E-6
3,135;260;929,6.638675802007145E-6
3,72;110;647,-6.553135234501767E-6
3,217;422;863,6.550795758765126E-6
3,87;150;524,6.523384479638031E-6
3,158;165;548,6.512137396408262E-6
3,155;169;733,6.49160817559654E-6
3,425;599;777,6.484173626850123E-6
3,680;735;748,6.452847364030755E-6
3,372;507;761,6.436295824082922E-6
3,340;531;725,-6.409401192060759E-6
3,206;760;773,-6.400862348736915E-6
3,364;742;802,-6.393253207458351E-6
3,410;959;961,-6.382285866441996E-6
3,410;451;681,-6.37968118738231E-6
3,84;263;969,-6.374645721583888E-6
3,566;730;815,-6.352656120874205E-6
3,125;454;976,6.3110574269818196E-6
3,116;886;901,6.311018544176136E-6
3,504;596;892,6.284751681931967E-6
3,262;377;711,6.205966767392469E-6
3,413;485;924,6.168965326769652E-6
3,288;352;464,6.149772872229662E-6
3,6;832;940,6.140182299652491E-6
3,200;297;373,-6.137506998088488E-6
3,430;608;942,6.12907725348219E-6
3,2;591;771,6.10183773909824E-6
3,47;454;647,6.054072488902399E-6
3,88;761;885,6.041981794186267E-6
3,342;416;630,-6.0376066493074496E-6
3,132;714;803,6.008025909558471E-6
3,93;781;830,-5.995116236487199E-6
3,271;346;614,-5.990469101548553E-6
3,179;208;461,5.965081039035661E-6
3,336;468;999,5.94610896016156E-6
3,411;636;841,5.940078666871504E-6
3,142;298;502,5.903226909925286E-6
3,90;695;938,-5.895855260675223E-6
3,263;458;772,5.8826189607751185E-6
3,853;953;981,5.866543521427063E-6
3,19;104;909,5.8363893890296395E-6
3,278;304;738,5.782631628264972E-6
3,125;323;862,-5.75196028585142E-6
3,16;19;943,-5.736347328327236E-6
3,489;925;939,5.719103465460743E-6
3,330;628;826,5.6731426809991454E-6
3,286;520;953,5.657569949273529E-6
3,380;511;567,5.635400340643478E-6
3,590;798;811,5.634090591872587E-6
3,101;433;764,-5.575549972329549E-6
3,538;860;941,5.5696248138463885E-6
3,138;416;696,-5.5611022809938515E-6
3,41;346;715,-5.5508608532993455E-6
3,626;654;671,-5.538845989633182E-6
3,289;592;982,5.510181379910488E-6
3,164;296;615,5.507858830712364E-6
3,69;594;975,-5.507614204741447E-6
3,555;764;861,5.418749384487151E-6
3,489;796;939,-5.406030862319313E-6
3,260;265;965,-5.379302257375942E-6
3,235;477;860,-5.35770439501488E-6
3,72;468;930,-5.355990864951165E-6
3,81;281;326,-5.298429724739012E-6
3,218;561;691,-5.274931133050609E-6
3,540;821;869,5.269051069459213E-6
3,547;567;611,5.266800998030737E-6
3,162;447;819,5.2580933578287515E-6
3,465;508;565,-5.254823614302317E-6
3,725;767;822,5.215251788268593E-6
3,113;639;817,-5.204218233590109E-6
3,743;756;990,-5.19384913204432E-6
3,19;337;878,-5.170924240937431E-6
3,105;397;947,-5.166467251102959E-6
3,415;530;879,5.143817996007161E-6
3,187;911;964,-5.1269284979784394E-6
3,104;629;714,-5.110636815766387E-6
3,625;842;917,-5.065995355975246E-6
3,251;264;825,-5.062560239862443E-6
3,299;828;990,5.059210855779872E-6
3,30;526;897,-5.05775598980026E-6
3,38;292;751,5.053405951699009E-6
3,370;373;770,5.03724640047399E-6
3,620;692;717,-5.029078058863663E-6
3,157;388;878,-5.015144709157121E-6
3,218;220;748,-4.999589580213924E-6
3,470;630;632,4.9720534600449855E-6
3,465;492;810,4.9677635873762176E-6
3,164;210;465,4.960173754890537E-6
3,74;555;735,4.948145490771952E-6
3,49;270;404,-4.919984229065186E-6
3,431;542;599,-4.904069447801508E-6
3,235;352;477,4.853097500384991E-6
3,74;197;735,-4.8480925155368896E-6
3,132;615;988,-4.814788771144503E-6
3,434;555;723,-4.792586902459817E-6
3,244;631;724,4.787426490025622E-6
3,322;643;784,4.771093496417176E-6
3,157;688;931,-4.769043334261439E-6
3,81;229;326,-4.768220620560919E-6
3,131;416;553,4.730569087797863E-6
3,51;183;273,-4.716036509523902E-6
3,625;917;939,4.711673836234907E-6
3,336;796;854,-4.688141370234988E-6
3,251;372;420,-4.680514731811032E-6
3,540;577;763,-4.645511389299687E-6
3,154;439;623,-4.640859132634713E-6
3,77;776;962,-4.605527533861668E-6
3,340;725;986,4.579551859726645E-6
3,9;825;866,-4.542071155823335E-6
3,74;208;497,4.537865075516908E-6
3,52;696;772,-4.52881470418226E-6
3,96;207;842,-4.498449666352767E-6
3,55;956;974,-4.455789445475707E-6
3,187;336;964,4.440269719114522E-6
3,62;238;931,4.428992626724026E-6
3,20;490;578,-4.397102020726879E-6
3,217;764;795,4.394978030026753E-6
3,326;404;513,-4.389986905953963E-6
3,782;926;935,-4.361792847277751E-6
3,320;396;753,4.292615246705538E-6
3,615;621;988,4.2584160356110364E-6
3,589;942;992,4.223139078340113E-6
3,337;426;491,4.212137807626089E-6
3,81;127;358,-4.166767926468453E-6
3,425;777;791,4.1584073055143874E-6
3,76;225;774,4.145357910856989E-6
3,105;115;595,4.101806276439031E-6
3,80;142;904,4.099205137679196E-6
3,138;225;798,4.0722560898150755E-6
3,475;528;898,-4.062454098729046E-6
3,344;778;830,-4.056882706235921E-6
3,33;441;501,-4.047976107375333E-6
3,324;649;878,4.0003864461164645E-6
3,19;500;593,-3.993655014367402E-6
3,486;621;933,-3.982197341492327E-6
3,85;235;520,3.980923743851408E-6
3,139;519;701,-3.975828445095322E-6
3,396;640;943,-3.9445360180473814E-6
3,160;804;982,3.930261504693798E-6
3,175;210;832,3.905702435078803E-6
3,672;725;933,-3.892542191788348E-6
3,186;507;725,3.849348505336019E-6
3,78;110;270,-3.821365576196875E-6
3,64;510;742,3.819006829920195E-6
3,279;309;693,-3.793545940144451E-6
3,27;109;575,3.7672064284778733E-6
3,114;397;947,-3.7670400812095108E-6
3,731;814;891,3.7553670553765253E-6
3,109;406;543,-3.7422713386558933E-6
3,7;33;733,3.7145567124529933E-6
3,404;513;895,-3.625877509791667E-6
3,90;387;455,3.6082201371274646E-6
3,175;223;984,-3.593022573998711E-6
3,66;334;651,3.569861716314876E-6
3,412;536;928,3.5631642650888198E-6
3,102;514;539,-3.5079490897162794E-6
3,194;420;799,-3.4968368112601665E-6
3,64;580;833,3.4733095342414924E-6
3,69;845;975,3.4357257554234465E-6
3,261;697;868,3.40186235103699E-6
3,590;811;912,3.38526672448522E-6
3,131;526;990,3.376481612175707E-6
3,43;100;974,-3.3705052027470375E-6
3,21;38;639,3.3286620035244408E-6
3,178;417;735,-3.2975644170782917E-6
3,319;491;722,-3.223783223704431E-6
3,167;173;515,3.2033324497396514E-6
3,248;322;643,3.187530016463762E-6
3,189;723;983,-3.163001040282783E-6
3,693;760;969,3.14493991973059E-6
3,227;424;724,-3.1423668457878987E-6
3,25;338;695,3.131268601257564E-6
3,323;493;614,-3.131130048810202E-6
3,93;209;264,3.1213313508134113E-6
3,221;384;653,3.114313216633413E-6
3,164;172;748,-3.0355694762046957E-6
3,75;417;940,-2.9972081508962413E-6
3,350;412;928,-2.8985938518819797E-6
3,715;857;997,2.898355011868976E-6
3,69;147;496,-2.8679387086073606E-6
3,411;650;797,-2.8619297270753923E-6
3,346;555;735,-2.8601084045749155E-6
3,24;65;704,2.8371506305839775E-6
3,111;844;922,-2.8051099105803334E-6
3,76;379;899,2.7989048366615227E-6
3,234;290;633,2.7891020014887482E-6
3,330;386;418,-2.7785288780934545E-6
3,658;839;934,2.770075880017722E-6
3,78;955;960,2.7591455854742292E-6
3,383;729;873,2.7110986315450547E-6
3,64;314;351,-2.693384766516163E-6
3,324;562;878,2.6787145791585115E-6
3,530;609;828,2.6562783306310068E-6
3,160;350;551,2.654340292472933E-6
3,378;435;487,2.640487762358361E-6
3,144;242;737,-2.6336601199280565E-6
3,345;517;681,2.617372184700345E-6
3,584;812;862,-2.6147135234215536E-6
3,415;577;705,2.607660879456346E-6
3,184;816;895,-2.590106514222208E-6
3,461;694;951,-2.5822529300777305E-6
3,386;544;646,2.5760587035372484E-6
3,162;333;880,2.5382768377665704E-6
3,832;845;993,-2.5338462566019337E-6
3,286;772;815,2.496971329899442E-6
3,126;605;891,-2.4924286898767924E-6
3,39;618;757,-2.438072887218784E-6
3,466;508;821,2.433664062571381E-6
3,581;889;903,-2.374859082021494E-6
3,306;307;769,-2.3554244494216335E-6
3,838;925;940,-2.3366183905912385E-6
3,127;272;810,-2.3361601616210814E-6
3,484;594;728,2.2857812865746537E-6
3,27;109;437,-2.2811237182873702E-6
3,9;926;935,-2.2738584197356595E-6
3,153;523;534,-2.2227015113769343E-6
3,162;808;897,2.1778471054383283E-6
3,174;362;680,-2.1745132158950685E-6
3,84;305;969,-2.1714256512836913E-6
3,29;110;675,-2.1704559834814924E-6
3,240;334;855,-2.1334325122009666E-6
3,123;318;958,-2.1303767544425744E-6
3,59;307;564,2.1088971654568273E-6
3,277;353;799,-2.0837500102000586E-6
3,8;304;618,-2.080429003830632E-6
3,16;583;749,-2.0741104609066086E-6
3,161;857;885,2.0206011045160455E-6
3,93;401;526,2.010255728329746E-6
3,98;310;498,2.005999953905151E-6
3,372;378;797,1.997673469821562E-6
3,256;328;627,1.9956258730108104E-6
3,32;95;448,-1.9471321751361875E-6
3,304;305;753,-1.888017301135872E-6
3,29;224;690,1.883354955609387E-6
3,75;415;879,1.8810670218478361E-6
3,152;298;307,-1.879217957639262E-6
3,108;518;817,-1.872580260161072E-6
3,252;418;810,1.8427225360143906E-6
3,223;857;885,-1.8193475146359162E-6
3,215;637;695,-1.7932976271586645E-6
3,52;772;811,1.7830858911393675E-6
3,605;611;992,1.7393102132091457E-6
3,367;684;820,-1.7362534690005121E-6
3,50;712;820,1.6947218548382868E-6
3,319;449;833,-1.680548168525607E-6
3,620;692;727,-1.677779772667823E-6
3,204;671;965,1.6770828938247815E-6
3,571;674;856,1.6733695114747384E-6
3,546;970;996,-1.6690781779339497E-6
3,481;551;578,1.6563879345757247E-6
3,618;698;851,1.645222482668171E-6
3,835;836;941,1.6146410114612278E-6
3,309;430;942,1.6044544376774411E-6
3,157;688;851,1.6014013876131315E-6
3,43;502;600,-1.576698203812746E-6
3,2;413;771,1.5716419176246415E-6
3,111;141;810,-1.52275605033899E-6
3,508;673;887,1.5154223048241545E-6
3,206;222;489,-1.5139183823152866E-6
3,421;504;975,1.4672358529112736E-6
3,252;436;525,1.4268777671478314E-6
3,50;812;944,1.3734593173827039E-6
3,600;745;824,-1.304531456725877E-6
3,256;328;329,-1.2859267772910508E-6
3,54;157;902,1.2683140927825937E-6
3,335;388;857,1.2607309728586493E-6
3,18;181;997,1.2582720011934529E-6
3,263;500;813,-1.242965346224298E-6
3,14;547;611,1.124837900479625E-6
3,559;696;992,1.122425171237028E-6
3,413;591;771,-1.0414132008792764E-6
3,518;660;968,1.0340160215568176E-6
3,270;442;907,1.002904844202221E-6
3,244;889;949,-9.967470313936647E-7
3,75;145;626,-9.362751314273485E-7
3,27;231;522,9.048098424425111E-7
3,351;506;668,8.961439416074746E-7
3,438;763;878,8.633476888532735E-7
3,654;671;722,-8.591257021937221E-7
3,370;619;725,-8.130228346809668E-7
3,392;806;893,-8.128880079691092E-7
3,594;739;815,7.921565510164222E-7
3,5;313;822,7.747020115990919E-7
3,76;88;480,-7.655828205445428E-7
3,112;559;647,-7.206006085755599E-7
3,674;864;998,-6.984483543253165E-7
3,319;491;744,6.913126981081472E-7
3,53;867;877,6.48273624128462E-7
3,354;710;939,6.382168177226852E-7
3,333;528;610,6.374420095266453E-7
3,194;327;835,-6.286040000357679E-7
3,306;307;887,6.072627702080544E-7
3,206;955;987,-6.002159868497975E-7
3,226;634;973,-5.846599360215741E-7
3,59;197;330,5.662117582179438E-7
3,754;895;939,4.949764693412476E-7
3,87;620;746,-4.5732310280580806E-7
3,612;766;988,-3.661278148834046E-7
3,76;217;863,2.9252522105328167E-7
3,502;805;964,2.0359372534498045E-7
3,279;577;628,1.9137438697233723E-7
3,122;223;346,1.4477425132192883E-7
3,527;559;992,-1.366242128631942E-7
3,453;668;791,1.1435218409801967E-7
3,184;260;704,-1.1423203846767233E-7
3,209;335;718,-1.0732297659234864E-7
3,336;444;706,-1.0399355645571846E-7
3,626;671;722,-7.089117425385095E-8
3,172;552;946,4.7470586581770116E-8
3,201;559;945,-4.2655821371959114E-8
3,80;389;554,-1.0604389102941703E-8
4,355;464;485;912,2.636823063477251E-4
4,48;125;569;659,-2.5960316439500836E-4
4,175;290;719;887,-2.064542283942865E-4
4,9;782;926;935,-2.058515845378381E-4
4,372;507;745;761,2.024099158913724E-4
4,27;358;492;778,2.0117205952433604E-4
4,58;133;135;378,-1.9911634669779238E-4
4,244;261;528;736,-1.948279809222175E-4
4,82;169;735;917,1.9364806891346165E-4
4,161;223;857;885,1.9328395602169246E-4
4,224;239;470;836,-1.9290831915960114E-4
4,160;190;837;910,-1.904015472469205E-4
4,5;313;647;822,1.8556844194527237E-4
4,81;229;281;326,-1.828799731561638E-4
4,77;776;962;985,1.8198047857906217E-4
4,7;33;584;733,-1.7663857914691831E-4
4,256;271;508;618,1.7643155489542166E-4
4,337;426;491;663,1.7577009568774007E-4
4,517;567;648;721,-1.7106967828924794E-4
4,6;268;478;515,1.7088478757025947E-4
4,277;353;799;827,1.7081339782071115E-4
4,202;375;506;702,1.7014007223677032E-4
4,8;276;703;835,-1.6824810741807738E-4
4,166;302;414;458,1.675518820569141E-4
4,223;246;582;740,-1.660552537294073E-4
4,25;63;582;822,-1.6587214376706516E-4
4,95;331;409;493,-1.6357256103324884E-4
4,145;413;638;677,-1.6302135333610472E-4
4,84;290;510;877,-1.6283605618073956E-4
4,139;340;546;855,1.6048362826408805E-4
4,262;460;581;942,-1.5838674171702447E-4
4,245;273;279;450,1.5743173617941615E-4
4,176;570;817;921,-1.5666015959746554E-4
4,728;872;893;961,1.56193863708751E-4
4,34;184;816;895,-1.5497887475530327E-4
4,34;251;252;596,1.5474334081654745E-4
4,318;342;416;630,-1.546318323876395E-4
4,217;343;685;877,-1.539956788269513E-4
4,118;242;430;643,1.5352754261749432E-4
4,171;624;647;776,-1.5309872496566715E-4
4,104;433;786;967,-1.5261160227321403E-4
4,216;271;389;478,-1.517900073370367E-4
4,613;693;760;969,-1.5160135326653477E-4
4,219;420;644;820,1.5113526334699023E-4
4,31;143;144;738,-1.4811979009508007E-4
4,419;440;662;722,1.4790344521243957E-4
4,88;191;220;638,-1.473340023558284E-4
4,67;203;286;407,1.4689943683164538E-4
4,258;309;505;623,-1.4688989123559258E-4
4,206;346;955;987,-1.464794306775627E-4
4,38;316;333;396,-1.4604012958366528E-4
4,140;592;792;903,-1.4603900040386923E-4
4,29;622;776;785,-1.4567055436675905E-4
4,250;609;865;931,-1.4389088901395737E-4
4,209;693;727;815,1.437809193852809E-4
4,198;307;496;722,-1.434993327206655E-4
4,579;620;869;959,1.4317670331377935E-4
4,482;563;607;616,1.42441876427068E-4
4,44;451;815;872,1.421304703127258E-4
4,0;253;493;564,-1.4206476777680393E-4
4,60;307;875;944,-1.4174247332173723E-4
4,9;23;825;866,-1.4029840099314642E-4
4,83;472;648;896,1.398082052169539E-4
4,373;413;485;924,-1.3974541954253085E-4
4,55;67;814;901,1.3900828481167016E-4
4,267;299;387;938,1.3838067996166582E-4
4,22;442;598;739,-1.3584037213815623E-4
4,280;510;629;766,1.3544006004865438E-4
4,183;193;654;865,-1.352994584389075E-4
4,28;484;488;963,-1.352115700606772E-4
4,260;489;492;615,1.3501589251384456E-4
4,52;72;468;930,1.3475248705779546E-4
4,198;448;496;604,1.3458661849367768E-4
4,536;546;747;829,1.344730190529089E-4
4,154;339;525;699,1.3438410626916044E-4
4,200;297;373;837,1.3399914021762184E-4
4,105;115;595;923,-1.3376741569192722E-4
4,64;605;777;790,1.33668659933955E-4
4,344;499;632;760,-1.3291601580152533E-4
4,458;656;887;973,1.324430092223708E-4
4,547;578;809;932,-1.3186307239150896E-4
4,209;316;837;964,1.3160829359002644E-4
4,21;188;261;341,1.3122111656185717E-4
4,443;706;885;964,1.3055295271216635E-4
4,574;642;709;863,-1.2963126732077316E-4
4,392;806;893;915,-1.292067083820037E-4
4,444;482;868;894,-1.2912284200956E-4
4,273;521;594;681,1.290466427175901E-4
4,186;227;479;987,-1.285621199722741E-4
4,316;383;729;873,1.2836708923706492E-4
4,71;166;429;896,1.282237343431158E-4
4,77;367;684;820,-1.2804583831882782E-4
4,372;378;758;797,-1.280086346426385E-4
4,374;713;783;900,1.2790411406594902E-4
4,244;248;279;464,-1.2697466958299798E-4
4,309;430;608;942,-1.260677451722264E-4
4,428;486;621;933,-1.2595513693938217E-4
4,411;636;841;897,-1.2560958715834259E-4
4,581;682;718;739,1.2512739076298262E-4
4,150;244;341;467,-1.2501476692953123E-4
4,161;663;669;844,1.2445725039119608E-4
4,238;414;471;700,1.2302940051814592E-4
4,65;268;507;593,1.2292304218620265E-4
4,43;266;342;653,-1.2198542725371405E-4
4,293;631;879;881,1.2185927060333984E-4
4,90;387;455;854,-1.2143375881741114E-4
4,87;150;403;524,1.2108459768925831E-4
4,59;432;907;983,1.2101168966338735E-4
4,125;454;729;976,-1.209442302647395E-4
4,175;390;701;915,1.205786018793642E-4
4,24;555;703;957,1.2055107320062555E-4
4,329;334;544;826,1.2046719776685673E-4
4,151;256;491;678,-1.2016389332025473E-4
4,638;646;690;998,-1.1993635020926392E-4
4,344;438;778;830,1.1978716344371106E-4
4,24;65;357;704,1.1973012916973024E-4
4,97;282;462;770,-1.1968301627866776E-4
4,48;297;548;979,1.196718701402719E-4
4,212;300;848;946,1.194598866946704E-4
4,161;291;418;874,1.1889215189041402E-4
4,328;426;608;626,-1.1829900241053488E-4
4,100;239;795;814,1.1789346923206124E-4
4,205;511;636;809,1.1759134839143959E-4
4,32;232;646;856,-1.1739052241478229E-4
4,179;385;579;775,-1.1686382262767348E-4
4,66;569;667;848,-1.1644662743921989E-4
4,144;568;881;968,-1.1634320708521506E-4
4,505;515;855;940,1.1632715918655723E-4
4,261;339;358;505,1.1623675201085406E-4
4,68;179;183;645,-1.1594406286813183E-4
4,303;389;777;962,1.1558114904999551E-4
4,74;198;213;303,1.1551513919101728E-4
4,7;35;485;861,1.1512964884424464E-4
4,522;729;848;939,-1.1397411039294677E-4
4,58;67;338;854,1.128827953925757E-4
4,666;679;745;982,1.127163809928E-4
4,121;611;729;944,1.1267702429594948E-4
4,44;467;794;806,-1.1212542046089417E-4
4,288;352;464;840,-1.1197325701784575E-4
4,330;778;793;999,-1.1152560517753299E-4
4,674;864;954;998,-1.1132513433087761E-4
4,214;319;407;441,1.108894817225066E-4
4,429;793;810;816,1.1088142590955782E-4
4,220;418;466;739,-1.1075666730051047E-4
4,288;299;302;601,1.1058163021996162E-4
4,659;746;767;803,-1.1009155162935946E-4
4,148;410;959;961,1.0985847846262204E-4
4,78;86;302;900,-1.0943352823544144E-4
4,465;492;810;886,-1.0943307000183868E-4
4,355;409;880;948,1.0886568758399667E-4
4,120;687;715;774,1.0865892632893487E-4
4,1;135;260;929,1.0864735333794825E-4
4,608;715;857;997,1.0853071139346624E-4
4,124;346;555;735,1.0804006479172507E-4
4,256;328;329;627,-1.080140773223304E-4
4,101;179;847;918,-1.0781617167964241E-4
4,6;339;543;561,-1.0741634806144069E-4
4,399;569;765;981,-1.0720407584373391E-4
4,584;812;815;862,-1.0682675045932364E-4
4,760;791;827;841,1.0658189855659193E-4
4,15;253;526;644,-1.0650664829004736E-4
4,165;227;935;979,1.0584682991066969E-4
4,85;169;235;520,1.0583526163714758E-4
4,53;779;867;877,1.055744886143526E-4
4,163;464;538;595,1.0555250516968223E-4
4,151;282;559;661,1.0547718299551533E-4
4,56;153;332;992,-1.0546561237019553E-4
4,142;268;298;502,1.0541129525328299E-4
4,142;252;346;441,-1.0535969934103379E-4
4,147;640;675;995,1.0520745847884716E-4
4,30;291;526;615,-1.0506154420781683E-4
4,432;705;946;987,-1.0463700897269842E-4
4,147;317;623;852,-1.0408929227042456E-4
4,425;599;777;791,-1.0400151260899034E-4
4,248;348;480;798,-1.0376439273462555E-4
4,241;393;741;863,-1.0364579176519323E-4
4,197;273;575;841,1.0351867884556942E-4
4,186;347;507;725,1.0323158173350111E-4
4,187;336;911;964,1.018539180732844E-4
4,13;45;97;864,-1.0038824432035299E-4
4,393;587;753;787,1.0003727361911126E-4
4,207;481;528;644,9.985639047465635E-5
4,417;455;712;766,9.971142089644206E-5
4,71;406;652;982,-9.959077797664112E-5
4,6;19;645;824,9.933182649254045E-5
4,142;429;890;894,9.921836149817471E-5
4,22;176;930;971,9.894929271024922E-5
4,117;553;704;906,-9.883218427967891E-5
4,103;725;844;906,9.874293273886409E-5
4,113;162;567;693,-9.86253265054427E-5
4,269;623;669;989,9.842320661882557E-5
4,45;60;850;898,-9.804864866747422E-5
4,53;70;484;631,9.775582956471654E-5
4,16;53;213;661,9.767031301854878E-5
4,385;883;900;939,9.74294546596603E-5
4,139;519;701;943,9.742655192097874E-5
4,194;327;466;835,9.735018424565768E-5
4,273;546;714;961,9.718785731383448E-5
4,284;308;520;688,-9.706714308325863E-5
4,534;598;691;744,-9.68303624064314E-5
4,682;916;941;945,-9.677560596999961E-5
4,23;70;446;724,9.616972955402741E-5
4,159;210;214;291,-9.584833670229573E-5
4,34;194;216;391,-9.583231730379098E-5
4,86;710;932;964,9.532638113964834E-5
4,80;149;406;948,-9.520368543148062E-5
4,171;232;499;979,9.51016100462264E-5
4,103;358;620;978,-9.492582223637799E-5
4,54;106;270;315,9.471551159693981E-5
4,486;750;759;886,-9.465089255195117E-5
4,194;421;504;975,-9.443268614092079E-5
4,56;477;748;861,9.435564003663144E-5
4,303;369;386;415,9.429302398269998E-5
4,138;320;421;568,-9.423408606731515E-5
4,488;567;814;979,-9.339923764445658E-5
4,193;194;420;799,9.309716341446786E-5
4,30;230;555;676,-9.246518323924125E-5
4,41;299;373;645,9.183733140260518E-5
4,370;619;725;997,-9.168440216486612E-5
4,439;593;602;848,-9.166512601926976E-5
4,89;249;619;770,9.14445441229895E-5
4,396;640;804;943,9.126519530456888E-5
4,263;500;730;813,-9.125341114656783E-5
4,443;800;902;976,9.08221297480377E-5
4,457;745;822;966,9.059628602510226E-5
4,37;435;501;626,9.059433557324353E-5
4,56;106;381;919,9.03235009064114E-5
4,161;820;835;948,-8.989048554258469E-5
4,53;63;82;754,8.985073589619849E-5
4,51;183;225;273,-8.97154182694829E-5
4,319;449;833;874,-8.934064662815495E-5
4,26;423;722;749,-8.918879413531077E-5
4,504;596;851;892,8.91434995485037E-5
4,365;377;783;894,8.894549715554431E-5
4,63;192;489;731,-8.884969281890598E-5
4,306;307;769;887,-8.8831387590121E-5
4,217;293;764;795,8.872188750649072E-5
4,136;256;430;925,8.869931506196058E-5
4,11;421;451;833,8.84805822132726E-5
4,178;243;417;735,-8.824732194892218E-5
4,8;417;632;667,8.800912466764676E-5
4,158;397;561;705,-8.766802125853337E-5
4,344;535;944;974,-8.725633640721999E-5
4,196;234;315;566,8.721401390816276E-5
4,175;333;706;988,8.687469499145758E-5
4,94;427;884;885,-8.61968849901956E-5
4,488;758;856;963,-8.613160653200164E-5
4,65;234;462;757,-8.569262171910744E-5
4,76;379;804;899,8.555087555743645E-5
4,566;603;857;868,8.550478984767411E-5
4,10;127;557;642,-8.527178442279747E-5
4,51;117;835;969,8.503744668636806E-5
4,222;381;383;556,-8.433352651952421E-5
4,123;318;686;958,-8.420703191830532E-5
4,422;726;799;834,8.401026183831925E-5
4,326;404;513;895,8.396812653855438E-5
4,525;605;611;992,-8.391413429654033E-5
4,244;535;889;949,8.366777248382129E-5
4,28;167;375;386,8.347410799711309E-5
4,76;106;634;991,-8.34676281705712E-5
4,419;672;696;991,-8.329109890735828E-5
4,8;304;596;618,-8.313908010318232E-5
4,15;43;768;784,8.28094388675828E-5
4,39;109;304;767,8.271448783386457E-5
4,188;463;843;997,-8.265810028029938E-5
4,266;517;857;899,-8.263908451003335E-5
4,72;679;796;985,8.244080177817114E-5
4,64;510;742;823,8.243192181230083E-5
4,163;252;308;860,8.228430975780467E-5
4,8;62;779;839,8.226327682590195E-5
4,749;933;966;992,-8.159807996164108E-5
4,2;153;474;902,8.150805381239457E-5
4,131;174;526;990,8.11560636220019E-5
4,73;108;714;993,-8.075311394392812E-5
4,431;542;599;776,8.040746053454326E-5
4,483;727;784;814,8.030557842998609E-5
4,15;380;917;956,8.010234644105073E-5
4,409;565;781;994,-8.003446394899558E-5
4,393;655;708;979,7.980813951115846E-5
4,130;155;169;733,7.929937205206383E-5
4,86;345;622;913,7.908835147492657E-5
4,80;389;554;620,7.86530770747038E-5
4,64;122;566;861,-7.855989796046925E-5
4,94;300;672;700,7.854467940132612E-5
4,140;448;463;869,-7.832557230611298E-5
4,83;350;726;806,-7.82923576100606E-5
4,72;110;647;679,-7.816251524192116E-5
4,311;445;578;594,7.789924839110206E-5
4,272;462;718;738,7.787798581071892E-5
4,16;19;919;943,7.767707038584828E-5
4,5;271;346;614,7.766322198121328E-5
4,27;134;223;687,-7.74710241438469E-5
4,32;633;800;978,7.744886232317774E-5
4,168;351;537;585,-7.710500883826168E-5
4,147;226;615;908,-7.698554693892843E-5
4,278;304;627;738,-7.66324171451733E-5
4,172;323;493;614,7.656039319775372E-5
4,107;213;399;877,7.649255524862877E-5
4,345;511;517;681,-7.635522864589495E-5
4,252;547;771;851,7.616261521961899E-5
4,2;89;196;812,-7.612048220386559E-5
4,584;658;852;908,7.58610987214087E-5
4,3;639;749;819,-7.52729256677897E-5
4,191;581;889;903,-7.521145627862932E-5
4,218;561;691;872,-7.517620312378376E-5
4,246;445;854;968,7.51630198940718E-5
4,337;625;745;970,-7.49628816240166E-5
4,281;493;711;775,7.488233070092303E-5
4,99;465;508;565,-7.479603572458965E-5
4,1;185;288;404,7.465919015906229E-5
4,479;562;735;928,7.421688879433095E-5
4,261;311;697;868,-7.40508912162885E-5
4,287;344;394;581,7.404585971923442E-5
4,358;398;457;998,7.384671270486596E-5
4,53;667;982;995,7.380197935450219E-5
4,627;878;883;984,7.360100589200672E-5
4,89;345;540;946,-7.348631236557384E-5
4,210;424;530;564,-7.32002468125593E-5
4,69;594;845;975,7.302313717034044E-5
4,54;157;399;902,7.293664562063725E-5
4,48;137;904;976,-7.290434052065111E-5
4,46;293;711;713,7.283591956186321E-5
4,209;335;662;718,-7.267447679708134E-5
4,262;285;498;768,7.243355827986726E-5
4,174;362;470;680,7.22349136242025E-5
4,96;207;704;842,7.208068423086905E-5
4,386;544;609;646,7.179327328080303E-5
4,87;254;423;516,7.134594485238714E-5
4,36;178;605;850,-7.132863951493102E-5
4,750;928;944;952,7.132192709126354E-5
4,109;406;469;543,7.130643225560093E-5
4,115;342;638;675,7.062602973174292E-5
4,202;580;619;722,7.05789782986969E-5
4,855;860;905;907,7.053276376174223E-5
4,52;417;625;800,7.049634864301958E-5
4,90;438;467;975,-7.046968772187556E-5
4,114;413;687;834,-7.043266868118873E-5
4,262;443;716;748,-7.028167551273676E-5
4,532;853;960;978,-7.022362167750207E-5
4,227;424;724;938,7.008110079970456E-5
4,337;426;496;921,-6.9894464518962E-5
4,54;92;278;298,6.972213793803295E-5
4,76;187;225;774,6.966035462398376E-5
4,115;618;836;912,-6.96424356968385E-5
4,84;263;305;969,6.95012561675782E-5
4,283;412;415;716,6.936258575157881E-5
4,236;622;801;996,-6.935266096305711E-5
4,196;296;386;968,6.914650230854584E-5
4,145;188;667;850,-6.909206656908071E-5
4,78;222;447;909,-6.848161901467461E-5
4,288;531;552;580,6.830590270848835E-5
4,508;673;803;887,6.817007825672554E-5
4,79;326;596;755,-6.804440423689617E-5
4,205;598;683;906,-6.796340114511754E-5
4,441;505;540;728,-6.728581340862251E-5
4,438;595;709;932,-6.723143633320612E-5
4,124;127;402;747,6.712285107306291E-5
4,175;223;396;984,6.706370229818025E-5
4,113;639;817;915,6.70411369341636E-5
4,86;912;914;973,-6.676532556914664E-5
4,19;122;500;593,-6.649671660816225E-5
4,546;603;732;956,6.609275942394919E-5
4,281;382;823;950,6.60277604645433E-5
4,25;871;877;939,-6.600897394573204E-5
4,350;412;536;928,-6.59297071684298E-5
4,19;207;237;883,6.591531298806938E-5
4,37;115;150;833,-6.588714997418818E-5
4,175;210;696;832,6.578809427163735E-5
4,4;412;632;683,6.558692610103511E-5
4,270;589;676;977,-6.558330539371344E-5
4,99;568;614;874,6.554992019622704E-5
4,54;237;602;700,6.536309796550289E-5
4,157;688;851;931,6.535899816095861E-5
4,84;623;678;751,-6.524250197170514E-5
4,90;409;746;762,6.508470456400678E-5
4,121;618;698;851,6.483769859374283E-5
4,130;196;754;906,6.46689103672239E-5
4,10;188;297;640,-6.455108920236885E-5
4,112;248;356;665,-6.442081808340164E-5
4,348;371;581;793,-6.429817230288027E-5
4,164;255;334;408,6.42928930538005E-5
4,252;436;525;674,6.408310042575205E-5
4,82;252;418;810,6.40677327439868E-5
4,201;381;402;994,6.395806670784059E-5
4,105;114;397;947,6.39156798751438E-5
4,138;416;696;765,6.383375489323372E-5
4,187;787;799;884,6.370340828294177E-5
4,149;223;415;902,-6.369127444822085E-5
4,817;824;892;961,-6.347520244173221E-5
4,234;282;704;945,6.320679367864771E-5
4,9;93;885;987,6.317658758495229E-5
4,59;305;780;988,-6.287285045717463E-5
4,320;396;753;819,-6.273698139207744E-5
4,34;109;236;933,-6.269758225729008E-5
4,164;190;210;465,6.249379504906689E-5
4,659;853;858;920,-6.23719834045623E-5
4,257;471;681;960,6.236925124897009E-5
4,157;203;316;379,6.222166702136007E-5
4,261;316;363;823,-6.216529414139611E-5
4,50;201;812;944,6.198742025869605E-5
4,109;118;737;786,-6.196127788847445E-5
4,123;554;633;687,6.188577298921244E-5
4,58;144;842;930,-6.127012995649542E-5
4,335;347;388;857,-6.080525639050122E-5
4,111;743;756;990,6.073270763697219E-5
4,297;393;503;867,6.071222542673856E-5
4,75;415;447;723,6.066369390003616E-5
4,538;661;860;941,6.066237100600641E-5
4,467;543;740;880,6.0502831432604864E-5
4,36;135;407;714,6.040661519151956E-5
4,272;341;437;581,6.040592733547583E-5
4,71;72;393;555,6.029583631200188E-5
4,45;109;413;530,6.026517701492067E-5
4,221;395;458;899,6.004939023766267E-5
4,66;183;665;851,5.9995699100028956E-5
4,47;135;513;887,-5.9920834507001474E-5
4,363;870;888;957,-5.986795866772053E-5
4,451;690;819;879,5.97896231085637E-5
4,12;98;310;498,5.9679492865104844E-5
4,157;235;388;878,5.926924525076253E-5
4,87;410;415;493,-5.889638314982764E-5
4,106;317;371;601,5.880191353123662E-5
4,380;511;567;948,-5.869727531723429E-5
4,131;303;416;553,5.86608815625353E-5
4,101;433;736;764,-5.8514333435043406E-5
4,97;119;239;544,5.84846748424472E-5
4,62;89;238;340,5.8227493615006844E-5
4,364;742;802;844,-5.820582441059561E-5
4,24;90;368;822,-5.786813805230266E-5
4,168;505;588;812,5.783414931339074E-5
4,103;380;723;813,5.780944559537959E-5
4,191;249;358;891,5.7741110416829415E-5
4,16;715;789;969,5.733874342349588E-5
4,63;86;90;694,5.7190907838434994E-5
4,312;853;953;981,5.712824662208398E-5
4,18;301;405;523,-5.7043625316369366E-5
4,226;230;634;973,-5.6929622110708587E-5
4,680;697;735;748,-5.690659945658212E-5
4,658;730;815;848,-5.683971910073831E-5
4,117;127;765;998,5.638357752654281E-5
4,248;374;461;587,-5.638149681838332E-5
4,286;563;588;612,-5.625353452788603E-5
4,247;472;582;656,-5.611179924935757E-5
4,813;906;910;981,5.610632010387917E-5
4,470;630;632;817,-5.610285815994599E-5
4,161;544;799;826,5.6039072928669244E-5
4,247;311;665;905,5.57383065099131E-5
4,146;461;694;951,5.561385484861919E-5
4,118;215;472;941,5.556340214777549E-5
4,20;64;360;722,5.5521226277954726E-5
4,307;428;572;813,5.548691586207223E-5
4,34;387;689;747,5.536737780246396E-5
4,260;463;534;692,5.530610797784501E-5
4,336;558;796;854,-5.5126126217798414E-5
4,93;209;264;303,-5.490665758102012E-5
4,0;131;713;849,5.489972401417761E-5
4,30;458;623;642,-5.454726140743232E-5
4,303;347;456;915,-5.4513625974087E-5
4,125;176;323;862,-5.433515928889815E-5
4,112;118;487;876,-5.4241841824871304E-5
4,381;758;881;895,5.4220999160771236E-5
4,221;384;653;815,5.4182984500513147E-5
4,754;895;908;939,-5.4145512841117606E-5
4,339;362;376;954,5.3760195808851575E-5
4,70;470;516;649,-5.3641452309077186E-5
4,40;592;799;897,5.354353319699445E-5
4,162;262;377;711,-5.3436137121214565E-5
4,286;291;508;556,-5.339488066200864E-5
4,302;458;578;687,5.318865172880526E-5
4,185;377;529;609,-5.3076078513673385E-5
4,197;346;629;968,5.303114214710137E-5
4,286;366;729;934,-5.302792438627974E-5
4,298;698;787;913,5.294683506423974E-5
4,525;723;753;911,-5.290962783038753E-5
4,590;798;811;912,-5.258698410348023E-5
4,105;133;295;711,5.2382669064082865E-5
4,229;372;663;976,-5.230505234495612E-5
4,39;204;317;456,5.2246120179118726E-5
4,30;168;526;897,-5.210531784934538E-5
4,195;307;470;977,5.2089482532941334E-5
4,234;668;684;687,-5.1871451829043E-5
4,203;405;564;898,-5.1831723463326294E-5
4,179;208;461;557,5.1705693723582106E-5
4,483;838;905;980,5.146245813928167E-5
4,368;514;679;694,5.113190428255121E-5
4,186;306;371;629,5.103184577653743E-5
4,111;687;844;922,-5.092098217150677E-5
4,41;179;245;434,-5.0840808926581204E-5
4,4;249;606;742,-5.0767408944769334E-5
4,13;45;231;289,-5.0734316759870564E-5
4,452;634;683;824,-5.06414976182035E-5
4,4;394;411;997,5.055732340489355E-5
4,31;205;234;524,-4.9953291333837305E-5
4,167;201;562;710,-4.970998818839291E-5
4,85;153;523;534,-4.956325614211109E-5
4,123;198;500;887,4.9528994604386E-5
4,242;495;890;926,4.946415476980236E-5
4,456;586;689;758,4.9102714643311594E-5
4,99;132;190;652,4.9030884070414765E-5
4,455;525;665;761,-4.8914828772296104E-5
4,265;918;920;921,-4.870065091065098E-5
4,42;644;722;921,-4.8638277467296376E-5
4,516;521;748;917,-4.860351306614713E-5
4,459;600;745;824,-4.8496306490158066E-5
4,44;210;591;890,4.845979391138598E-5
4,85;219;425;617,-4.8327428705113076E-5
4,219;511;537;601,4.829138244126489E-5
4,655;687;924;951,-4.8279341707944644E-5
4,767;923;945;986,-4.805759068300048E-5
4,132;259;275;795,-4.7698486313517223E-5
4,444;466;661;773,-4.7691520571611454E-5
4,69;73;239;755,-4.762355414979336E-5
4,80;142;904;958,4.750220991838298E-5
4,202;241;392;878,4.739157897210926E-5
4,1;468;506;525,-4.724600084921105E-5
4,410;451;681;815,4.709218589715584E-5
4,23;230;538;679,-4.698233784137585E-5
4,148;307;773;818,-4.697510953133607E-5
4,527;559;696;992,-4.673899277580453E-5
4,540;577;763;809,4.65926251032654E-5
4,238;246;363;637,4.6575730632937554E-5
4,90;578;695;938,4.654813801234921E-5
4,79;723;788;991,-4.654115135120764E-5
4,225;371;461;832,-4.646192101379165E-5
4,87;237;363;713,4.619126358487943E-5
4,281;659;900;964,-4.610693465669525E-5
4,554;589;942;992,-4.608041964715595E-5
4,100;103;262;890,-4.599967088227694E-5
4,217;459;807;910,4.597876327028378E-5
4,144;484;885;971,4.596555923256788E-5
4,33;454;726;981,4.577012106187319E-5
4,15;78;110;270,4.557957396380304E-5
4,498;691;701;956,4.534382059075901E-5
4,450;563;674;707,-4.495932574277331E-5
4,518;660;836;968,-4.477632935366189E-5
4,270;406;442;907,4.463306588350187E-5
4,698;819;928;936,4.4519698702765606E-5
4,236;334;383;872,4.447464567796555E-5
4,626;654;671;722,-4.4443153645318746E-5
4,41;387;546;584,4.435539799073552E-5
4,371;609;808;830,4.430073885535909E-5
4,17;258;475;914,4.428225794116487E-5
4,264;478;769;980,-4.421189904089229E-5
4,76;88;150;480,4.420737275382431E-5
4,250;389;421;846,-4.415266952030555E-5
4,661;771;826;969,4.405878046405525E-5
4,61;121;491;969,-4.40548119913402E-5
4,56;310;451;686,-4.4006490789838734E-5
4,273;596;823;908,4.3968798432055975E-5
4,36;273;351;508,-4.3962786143709284E-5
4,101;303;605;888,-4.3960116764929335E-5
4,203;704;860;904,-4.3866357415894654E-5
4,421;497;505;689,-4.3726114685780696E-5
4,436;481;551;578,4.3613772924459676E-5
4,321;740;786;949,4.347732493380569E-5
4,127;482;739;927,4.3427336122286474E-5
4,555;592;767;896,4.331933411507354E-5
4,77;236;475;635,4.328883265005824E-5
4,337;356;546;741,4.3287262791119514E-5
4,625;842;917;939,-4.3084383412761016E-5
4,117;468;776;998,4.3079939390014654E-5
4,55;657;956;974,-4.3029804512213295E-5
4,178;411;903;918,4.2975792559446526E-5
4,48;98;324;995,4.289105857099611E-5
4,48;96;147;594,4.2887397953016404E-5
4,250;270;453;876,4.2844468858811596E-5
4,198;419;426;943,-4.275051034226117E-5
4,27;109;437;575,-4.274274320235617E-5
4,114;139;287;346,-4.2607651982747535E-5
4,32;790;796;877,4.231501589611456E-5
4,321;518;602;817,-4.2166465848777254E-5
4,162;581;636;869,-4.215077296195497E-5
4,14;547;567;611,4.1987461161667545E-5
4,433;557;645;926,-4.1832223234428605E-5
4,50;250;392;770,-4.183098942979634E-5
4,88;446;761;885,4.169323307189006E-5
4,154;652;894;994,-4.163445361931168E-5
4,173;176;554;849,4.150696953122547E-5
4,4;301;719;984,-4.1289681895752744E-5
4,240;334;378;855,-4.126654867435541E-5
4,330;341;386;418,4.123368266546654E-5
4,54;140;161;684,-4.113110794657336E-5
4,352;540;821;869,-4.090304932189522E-5
4,340;531;725;986,-4.087291764399604E-5
4,434;476;665;747,-4.061805154365824E-5
4,73;201;559;945,-4.057616373354681E-5
4,230;413;501;525,4.046908310820785E-5
4,317;664;683;780,4.045632693784297E-5
4,152;182;298;307,4.0186960528479255E-5
4,75;415;530;879,3.995716286484202E-5
4,466;508;622;821,-3.991719908107346E-5
4,173;591;882;917,3.9599148397855214E-5
4,93;286;331;557,3.9560731546938566E-5
4,20;120;490;578,3.951123630903932E-5
4,6;49;270;404,3.915678868274663E-5
4,228;444;452;735,-3.9056475722114364E-5
4,32;95;349;448,3.902011892511157E-5
4,2;320;639;755,3.898575474597969E-5
4,132;615;621;988,-3.896568132300133E-5
4,29;343;398;588,3.8826194919674806E-5
4,66;334;651;774,-3.8776001210197296E-5
4,277;312;356;638,3.8718171021075805E-5
4,130;610;624;765,-3.870877296385918E-5
4,56;213;233;640,-3.864615153568313E-5
4,70;215;345;784,3.856567683541506E-5
4,12;138;451;502,3.850170023646657E-5
4,27;231;373;522,-3.8463834073325835E-5
4,74;197;555;735,3.831493236152255E-5
4,177;323;337;480,-3.829503203674201E-5
4,226;438;763;878,3.8232167215189025E-5
4,203;523;777;905,-3.813366572850051E-5
4,77;145;427;822,-3.789713686608234E-5
4,361;638;712;750,3.787018717806882E-5
4,315;463;678;921,3.783728090232398E-5
4,7;33;663;795,-3.760571277003432E-5
4,540;662;728;967,-3.743611377667453E-5
4,311;531;735;979,-3.737379878799445E-5
4,47;178;825;970,-3.731540923031062E-5
4,270;273;480;663,3.719868901008864E-5
4,284;400;718;777,-3.7181668620385974E-5
4,27;221;618;648,3.6810775380672885E-5
4,18;384;711;891,-3.654089385464744E-5
4,61;304;320;837,3.631474353322194E-5
4,279;577;628;912,-3.6301665359265E-5
4,644;657;876;960,3.622016554278159E-5
4,484;594;616;728,3.577919045857848E-5
4,162;221;333;880,3.5442683073074534E-5
4,395;473;601;983,3.532993555649752E-5
4,23;39;923;992,3.5317805456619303E-5
4,199;279;309;693,3.5244650901993976E-5
4,599;728;753;913,-3.523669258036988E-5
4,330;628;826;956,3.519040939888916E-5
4,291;300;665;950,-3.4987647138334763E-5
4,539;574;575;862,3.4714977233975185E-5
4,6;328;832;940,3.4610225499740214E-5
4,78;542;763;988,3.4570791063145445E-5
4,336;612;766;988,-3.4510202755109916E-5
4,167;285;496;883,3.4395835976692295E-5
4,540;542;910;933,-3.424159682442609E-5
4,281;351;717;826,-3.4199812195254156E-5
4,102;304;305;753,-3.408381450645945E-5
4,390;500;599;707,-3.405343645788087E-5
4,232;244;886;901,3.371650072027354E-5
4,181;652;867;961,-3.370991205013585E-5
4,23;361;473;768,3.3558435928834235E-5
4,111;776;831;939,-3.354592689454276E-5
4,235;352;477;860,-3.3489913462401786E-5
4,176;571;674;856,3.3483476487309405E-5
4,411;432;745;787,3.343678148133833E-5
4,292;368;784;849,3.325014465412848E-5
4,180;243;395;535,3.310915646126468E-5
4,388;691;828;969,-3.309020899843163E-5
4,263;302;841;946,3.304299120799035E-5
4,98;123;351;617,3.2954287281205365E-5
4,530;609;828;992,-3.2925207713227465E-5
4,73;183;259;875,-3.267632851303914E-5
4,362;466;634;643,3.2604993241754036E-5
4,2;181;351;433,3.253683155411069E-5
4,51;421;579;648,-3.229953951548852E-5
4,29;151;224;690,3.212167522579258E-5
4,121;306;404;610,3.190873304359524E-5
4,568;576;584;589,3.180526677656521E-5
4,105;358;406;729,-3.173596682607797E-5
4,112;298;703;753,-3.164766204054612E-5
4,57;132;901;963,3.1466360211712766E-5
4,102;514;539;771,-3.141798501324699E-5
4,202;218;220;748,-3.120318246939603E-5
4,48;121;423;856,3.11910024210678E-5
4,594;739;815;846,3.118270000110678E-5
4,494;698;854;969,3.098998922601325E-5
4,354;474;710;939,-3.082914286652743E-5
4,39;242;618;757,3.078003758607317E-5
4,209;293;643;970,3.076751867468253E-5
4,244;318;631;724,3.0719712031205164E-5
4,435;718;746;824,3.0657747058036825E-5
4,242;533;595;976,-3.0579765637626785E-5
4,173;206;909;915,3.055535295139169E-5
4,229;376;822;982,3.0512522895786446E-5
4,164;172;450;748,3.0474514721812376E-5
4,295;449;830;880,3.0465541286173056E-5
4,423;498;527;845,-3.0378355620922476E-5
4,57;235;542;596,3.0319809602966514E-5
4,107;469;720;971,-3.0300353076219118E-5
4,542;614;806;994,3.0023829407836205E-5
4,131;163;365;745,2.9757065285237062E-5
4,19;43;308;720,-2.9502635611389232E-5
4,489;796;925;939,2.9403221931870714E-5
4,75;145;626;783,2.9344279270363947E-5
4,220;463;860;886,2.9250330168718662E-5
4,164;296;615;796,-2.9199659534798194E-5
4,413;570;627;682,2.9143688157437557E-5
4,162;447;541;819,-2.914151844677173E-5
4,368;537;664;866,-2.9136944030453283E-5
4,137;286;372;592,2.9095805166033745E-5
4,298;510;638;669,-2.9069414969065643E-5
4,756;838;925;940,-2.872228953609437E-5
4,22;672;725;933,-2.8662892484441566E-5
4,207;420;558;725,2.8335436435014046E-5
4,104;210;387;790,-2.824271574726948E-5
4,38;292;465;751,2.8208016892559493E-5
4,250;438;935;987,2.8174361567744618E-5
4,518;582;738;745,-2.815310206542422E-5
4,190;590;756;956,2.8074245642676155E-5
4,101;159;541;736,2.799760045631309E-5
4,62;262;817;861,-2.798671963657333E-5
4,19;337;878;936,2.7916784036464416E-5
4,39;257;840;855,-2.7910743702304918E-5
4,386;638;813;967,2.7792334969316462E-5
4,14;353;401;528,-2.7635852382960034E-5
4,118;189;483;814,2.7609290635988098E-5
4,442;703;859;866,2.7596841954608166E-5
4,496;572;733;847,2.758443288068637E-5
4,92;164;680;898,2.7543398756651573E-5
4,386;548;727;997,2.7289515840231802E-5
4,184;260;623;704,2.7226673889149673E-5
4,350;379;463;881,2.7205363427100054E-5
4,265;367;573;858,-2.710640458775126E-5
4,116;705;886;901,-2.708211887037998E-5
4,74;208;497;555,2.6968524782132998E-5
4,573;669;945;973,2.689341279589569E-5
4,655;666;842;923,2.6760098698850875E-5
4,272;411;469;473,2.6744069126981635E-5
4,260;265;459;965,2.6694155481864392E-5
4,721;835;836;941,-2.6604532072361598E-5
4,98;159;365;856,2.6513160150760815E-5
4,620;692;717;727,2.6401162677126896E-5
4,167;797;830;836,2.603564503188566E-5
4,415;603;644;881,2.587288102634494E-5
4,5;507;589;671,-2.576435046600946E-5
4,101;487;505;749,2.5611978606468778E-5
4,172;552;627;946,-2.556009238439186E-5
4,99;120;512;569,-2.5547543771299633E-5
4,1;79;467;489,2.5368755282340442E-5
4,266;361;677;783,-2.5338022247965755E-5
4,385;529;738;994,2.5299057696128114E-5
4,71;194;287;681,-2.5249974918695552E-5
4,571;743;819;998,-2.5117247289915094E-5
4,46;246;456;642,2.4736230113269434E-5
4,144;242;450;737,-2.4467644377255105E-5
4,29;110;432;675,-2.4465586732453652E-5
4,251;372;420;499,-2.443182465778511E-5
4,18;388;922;965,-2.432008779057854E-5
4,251;264;671;825,2.4289691496866746E-5
4,263;312;543;921,2.4211911919773804E-5
4,73;580;667;805,-2.4076730152082707E-5
4,82;453;668;791,-2.3788149846572494E-5
4,336;468;702;999,-2.350401488522228E-5
4,300;556;604;825,2.3471970916407923E-5
4,289;309;592;982,-2.3367449721148232E-5
4,257;342;397;531,2.3271534141354127E-5
4,135;348;397;441,-2.3241044346598093E-5
4,122;363;709;920,-2.3229887724703213E-5
4,62;238;569;931,2.3191634583118738E-5
4,65;109;117;227,2.3180448308203614E-5
4,33;441;501;797,-2.3139450190518446E-5
4,231;327;459;902,2.296614563660518E-5
4,256;409;714;937,2.2953776776541335E-5
4,187;299;828;990,2.282022965668798E-5
4,160;350;551;641,2.2658173235349848E-5
4,180;217;333;730,-2.256976084074474E-5
4,336;444;504;706,2.2414562689510426E-5
4,215;438;637;695,-2.2201882429918266E-5
4,19;225;486;945,2.2123960466689144E-5
4,132;236;714;803,2.2116942537466183E-5
4,84;611;666;759,-2.1990723719297508E-5
4,468;569;712;788,-2.187497526293622E-5
4,286;520;550;953,-2.185771587933305E-5
4,371;378;738;752,-2.185019923504132E-5
4,51;84;920;950,2.1764388051672356E-5
4,555;615;761;770,2.1760876558932676E-5
4,43;187;276;388,2.170898119125743E-5
4,93;401;526;605,2.157844545385966E-5
4,196;610;621;858,-2.151256668867912E-5
4,334;541;595;991,-2.1362512134256386E-5
4,66;183;279;952,-2.1234281762410496E-5
4,105;115;315;412,-2.121215259116895E-5
4,21;545;816;828,-2.1168925675704116E-5
4,411;650;797;819,-2.111710462476366E-5
4,333;528;610;944,2.1086158690147002E-5
4,36;388;827;921,-2.1060633440318853E-5
4,110;443;471;539,2.1056697713475035E-5
4,103;234;658;804,-2.0975023429617873E-5
4,30;602;852;902,-2.0661524893411312E-5
4,69;147;496;626,2.0562312390877405E-5
4,126;586;605;891,-2.0438106565966002E-5
4,44;112;640;712,2.0311287768351367E-5
4,64;260;314;351,-2.023418515198927E-5
4,328;400;541;873,2.0120377025421453E-5
4,214;256;681;818,2.011497312538244E-5
4,359;668;866;868,-2.007849258702025E-5
4,41;329;332;451,1.9924184725059594E-5
4,202;320;573;966,-1.9873090360056718E-5
4,241;263;458;772,1.9772352068069085E-5
4,305;430;490;702,-1.963660486689794E-5
4,160;804;869;982,1.9462467380215196E-5
4,29;514;728;991,-1.932745256846557E-5
4,266;402;799;922,-1.926669294583988E-5
4,629;642;665;710,-1.923458603860128E-5
4,206;725;767;822,1.907214409226858E-5
4,17;156;349;776,1.895019721686212E-5
4,217;294;531;570,-1.8714824819894643E-5
4,204;382;671;965,1.8562485469892384E-5
4,47;415;577;705,1.849260779185981E-5
4,319;491;722;744,-1.8446001040407245E-5
4,155;321;662;766,-1.8362208209751894E-5
4,132;254;457;938,-1.8144641373455256E-5
4,315;566;730;815,-1.7933725245673154E-5
4,76;217;422;863,-1.7762144274317682E-5
4,541;551;732;939,1.7662574119738768E-5
4,269;767;805;990,-1.7599934465534394E-5
4,21;198;560;641,-1.757119169291619E-5
4,4;40;744;958,-1.7527692016847966E-5
4,206;222;489;989,-1.7462251777135375E-5
4,69;832;845;993,1.7342790611920825E-5
4,255;309;553;835,-1.696974970668623E-5
4,82;454;721;803,1.685909944668544E-5
4,175;183;307;323,1.685697211572264E-5
4,67;426;935;958,-1.675223653287871E-5
4,446;658;839;934,-1.6648710485443834E-5
4,75;417;865;940,1.6496949028915542E-5
4,234;390;584;648,-1.6479560038856957E-5
4,470;597;633;899,-1.643867312349988E-5
4,35;332;663;935,1.636874694784854E-5
4,226;451;492;957,-1.6272295594529196E-5
4,545;626;651;881,-1.604965333681845E-5
4,70;461;811;922,-1.6035828005093934E-5
4,50;367;712;820,1.6015360634390103E-5
4,422;605;706;877,-1.5912997615109533E-5
4,156;320;563;961,1.5872635809061792E-5
4,2;413;591;771,1.566203916976329E-5
4,14;343;477;548,-1.555397520413008E-5
4,251;361;524;693,1.552814498474211E-5
4,586;664;883;948,-1.549777166318056E-5
4,60;355;527;914,-1.5370178079035222E-5
4,55;87;327;764,1.530591960346146E-5
4,16;431;538;934,1.5210911044692528E-5
4,339;403;434;946,1.5150519516783118E-5
4,11;75;566;570,-1.5094974645367742E-5
4,50;212;675;719,1.509128957051338E-5
4,82;419;582;922,-1.5077729778989566E-5
4,17;204;238;800,1.4882809612750035E-5
4,12;289;484;660,-1.4734785353224874E-5
4,81;127;358;773,-1.4723309206335376E-5
4,258;366;579;790,-1.4692599991160231E-5
4,50;75;482;738,1.4692333912345966E-5
4,74;303;307;384,-1.4474000044218283E-5
4,77;296;432;919,1.4457788178172684E-5
4,324;560;736;824,1.4427020369352971E-5
4,80;187;755;944,-1.4235692147909742E-5
4,417;546;970;996,1.4225327229330536E-5
4,202;274;696;957,-1.4137819552634184E-5
4,480;699;787;893,1.4126727406885954E-5
4,16;404;583;749,-1.4087854668928494E-5
4,728;795;939;997,1.4052448372523014E-5
4,358;518;707;911,-1.405173630980655E-5
4,190;622;637;702,-1.3991360810805153E-5
4,325;380;518;936,1.3923452922699073E-5
4,21;38;199;639,-1.3566589797120277E-5
4,48;130;324;726,1.2986625575526879E-5
4,563;675;774;840,1.2972302470527761E-5
4,68;514;839;893,1.2620326684429514E-5
4,104;629;714;778,1.254509147634144E-5
4,192;555;670;827,1.2397952240459338E-5
4,16;395;537;788,1.2321674848230567E-5
4,370;379;455;530,1.2284324865109636E-5
4,154;286;439;623,1.2195552539683845E-5
4,56;291;313;698,-1.218021320169551E-5
4,91;312;453;856,-1.217397686235628E-5
4,189;205;723;983,-1.1929636595962128E-5
4,27;286;772;815,1.1697756387559682E-5
4,78;687;955;960,-1.1405757363169858E-5
4,48;602;713;802,-1.1218952918002776E-5
4,217;276;432;967,1.1112940953619671E-5
4,79;513;712;926,-1.1079081994026303E-5
4,162;456;808;897,1.1040924346467953E-5
4,13;161;334;655,-1.084654508473091E-5
4,212;695;894;945,-1.0792279153408787E-5
4,301;401;439;924,-1.0758890028192442E-5
4,87;409;620;746,-1.0698572797912907E-5
4,214;389;662;748,-1.0521714541802222E-5
4,378;386;435;487,-1.045590807695302E-5
4,20;206;760;773,-1.0400045502360491E-5
4,259;623;845;961,-1.0343392745687679E-5
4,86;376;378;587,1.0301988769368352E-5
4,260;739;761;943,1.0182250952331481E-5
4,48;68;184;854,-1.0069284126567198E-5
4,324;562;649;878,-1.003417951660121E-5
4,182;368;662;697,-1.0033445759702574E-5
4,191;801;907;936,9.979336481539772E-6
4,509;926;927;939,9.811391880663566E-6
4,482;507;665;773,-9.754377688421655E-6
4,12;43;164;334,9.67756791178398E-6
4,112;267;559;647,9.599189529834997E-6
4,391;543;927;977,-9.335434062590832E-6
4,41;346;566;715,9.247723902284435E-6
4,81;164;629;709,-9.12643687100205E-6
4,472;559;707;952,-9.04583535824633E-6
4,92;98;536;542,8.91981589092817E-6
4,99;111;141;810,-8.919671054851864E-6
4,122;211;564;629,-8.771150882079366E-6
4,189;333;364;614,-8.529172230937619E-6
4,109;296;749;832,-8.526423572992215E-6
4,434;555;670;723,-8.500954170603148E-6
4,120;387;816;965,8.459260240654055E-6
4,28;182;955;970,8.420610229657565E-6
4,184;228;271;544,8.405958494893173E-6
4,90;437;468;518,8.394205525016906E-6
4,158;165;295;548,-8.338072435622659E-6
4,108;518;637;817,-8.282695502770567E-6
4,71;511;689;698,-8.200932832359398E-6
4,109;264;548;762,8.19846708312208E-6
4,27;516;586;608,-8.083696239230415E-6
4,43;100;101;974,8.077140584270768E-6
4,381;522;531;532,8.034643071372535E-6
4,113;746;803;917,-7.906818717154888E-6
4,228;365;835;875,7.692802764747272E-6
4,74;106;476;746,-7.589889885635172E-6
4,1;175;448;726,7.3380854707021455E-6
4,274;312;910;926,-7.216185468300885E-6
4,501;777;850;907,-7.172430690386645E-6
4,52;696;772;811,7.162347008139732E-6
4,28;205;243;567,-7.132551030966952E-6
4,163;217;631;985,6.86165014350943E-6
4,204;229;304;506,-6.848626950837336E-6
4,224;560;693;722,-6.7195320940455496E-6
4,502;805;916;964,6.630562150996777E-6
4,95;102;177;577,-6.3726131428184644E-6
4,356;428;751;988,6.300576940462544E-6
4,304;787;903;996,6.2670082116594165E-6
4,448;522;840;963,-6.205801570430769E-6
4,590;642;808;862,-6.050138496870021E-6
4,31;230;626;938,5.839741641958697E-6
4,286;309;952;975,-5.8101700015722595E-6
4,122;223;346;468,-5.768984158151476E-6
4,252;256;747;833,5.698751369221864E-6
4,47;454;641;647,5.645887691051552E-6
4,477;768;808;953,-5.634366502526786E-6
4,555;764;861;958,5.582099213165541E-6
4,188;623;850;944,-5.432817765044E-6
4,79;170;282;435,-5.357026565339595E-6
4,127;272;391;810,5.333403659842459E-6
4,297;392;597;614,5.267643102782715E-6
4,123;519;572;810,-5.2443078764563E-6
4,233;451;720;919,5.046385463807063E-6
4,128;594;930;942,5.015049352818768E-6
4,105;197;507;589,-5.0031076268228365E-6
4,248;322;643;784,-4.95024680517072E-6
4,43;230;502;600,4.845388042222857E-6
4,351;454;506;668,4.695502092695855E-6
4,64;534;580;833,4.632555803490417E-6
4,116;333;623;913,4.578618627034521E-6
4,37;160;220;509,4.484098722900412E-6
4,138;163;225;798,4.470563219704675E-6
4,371;635;680;753,-4.421103755359292E-6
4,25;338;347;695,-4.328512536798793E-6
4,180;459;605;958,3.942748763090309E-6
4,526;731;814;891,-3.914611772463501E-6
4,73;119;498;515,3.7976459252332533E-6
4,596;947;970;996,-3.792716927998048E-6
4,49;284;704;813,3.7922487113000518E-6
4,25;234;558;601,3.716420197701471E-6
4,396;610;687;846,-3.5184142193409876E-6
4,5;231;725;765,3.3472320791041663E-6
4,113;269;549;753,-3.263282882002429E-6
4,81;454;670;711,3.0591549385192707E-6
4,90;274;368;478,-2.972899944946851E-6
4,269;475;528;898,-2.9030688419553335E-6
4,57;503;684;850,-2.8407346307559797E-6
4,59;197;330;950,2.82352002118004E-6
4,63;234;290;633,2.7977745690518156E-6
4,142;758;807;939,2.787841646210945E-6
4,160;186;787;968,-2.6737498228991547E-6
4,39;66;211;656,-2.5029252678401907E-6
4,290;495;504;805,-2.445731837761915E-6
4,87;269;451;761,-2.226938332962454E-6
4,44;146;521;734,-2.0999895796290636E-6
4,377;553;609;852,2.0754335594481977E-6
4,51;63;86;127,-2.0625332775732546E-6
4,65;129;267;290,1.93405580092923E-6
4,398;566;941;976,1.9069887492263599E-6
4,18;27;181;997,-1.8563236268217404E-6
4,208;329;547;972,1.6795661181974522E-6
4,19;104;185;909,-1.6463324090000425E-6
4,198;619;758;913,-1.6297037021162363E-6
4,326;370;373;770,-1.5408738898495465E-6
4,93;478;781;830,1.5363890155701138E-6
4,604;609;736;931,1.5166822773044764E-6
4,167;173;515;609,1.4325469929498403E-6
4,311;635;807;969,-1.4036578152576488E-6
4,191;210;447;673,1.134028058496904E-6
4,24;37;493;785,-7.404633304182937E-7
4,158;254;275;751,-6.810219086984467E-7
4,59;307;564;661,-6.764856124958224E-7
4,337;683;955;981,5.795034585534889E-7
4,88;146;275;456,4.5530206177584604E-7
4,322;593;614;971,4.4032462155062234E-7
4,241;337;413;699,-3.9423067317184007E-7
4,353;830;930;998,-2.7111439194102416E-7
4,201;374;380;631,-1.8766506447392973E-7
4,87;612;765;967,9.311179851625995E-8
