order,indices,coefficient
0,,0.5041375535536632
1,640,5.00664796197851E-4
1,491,4.712199135917493E-4
1,85,4.6384276652703483E-4
1,641,-4.2716309459749237E-4
1,759,4.2222221940772824E-4
1,885,-4.187473264838911E-4
1,344,-4.1527618130751155E-4
1,404,4.117572116700238E-4
1,208,-4.066054478692186E-4
1,29,4.0636081791484006E-4
1,382,4.026960127045317E-4
1,835,-3.9766594802875696E-4
1,564,3.859875741702843E-4
1,55,-3.7958092432969245E-4
1,371,-3.7842252262710804E-4
1,815,-3.762440225156709E-4
1,686,-3.710001627074879E-4
1,212,-3.651200581732108E-4
1,168,-3.604621867948136E-4
1,131,-3.600173133166541E-4
1,312,-3.5759172807679074E-4
1,327,3.546134383133088E-4
1,913,-3.5326941398221415E-4
1,609,-3.519332146696547E-4
1,431,-3.4838031174115407E-4
1,574,-3.446693346623668E-4
1,475,3.3926772852291867E-4
1,791,3.364925188781706E-4
1,365,3.3549526615044315E-4
1,868,3.336709501877203E-4
1,576,3.298167937952362E-4
1,59,-3.281925785885967E-4
1,552,3.245176455390527E-4
1,770,-3.194584382706997E-4
1,728,-3.152199271740681E-4
1,648,-3.1289214847258194E-4
1,108,-3.099719320929667E-4
1,504,-3.0973734670007867E-4
1,822,3.084335694796485E-4
1,657,-3.07271905926017E-4
1,891,-3.039224609924035E-4
1,396,3.037712197840373E-4
1,178,3.03642523577598E-4
1,623,3.035571729596599E-4
1,180,-3.028862114709481E-4
1,817,-3.025794138995245E-4
1,156,-3.0125492267113154E-4
1,584,-3.0065358655874375E-4
1,481,2.9544845539731125E-4
1,36,2.9328385822611E-4
1,244,2.922926960276674E-4
1,827,-2.9075408790817954E-4
1,514,2.89909608535018E-4
1,765,-2.894628653131751E-4
1,805,2.8854225695770043E-4
1,380,-2.8627730968074875E-4
1,331,2.8568590098597115E-4
1,315,2.856035760978797E-4
1,929,-2.851999328022715E-4
1,439,2.850313633462226E-4
1,4,-2.829981717814922E-4
1,905,-2.82656170392471E-4
1,864,2.8065326779079037E-4
1,138,2.798771255742773E-4
1,769,-2.797341659239252E-4
1,100,2.796860250960082E-4
1,449,2.7728414990959823E-4
1,209,2.761129058901463E-4
1,949,2.75022873889602E-4
1,2,-2.743366579912426E-4
1,622,-2.741932377359394E-4
1,146,2.714528870392073E-4
1,533,2.6971347857122457E-4
1,858,-2.693679280634176E-4
1,566,-2.6853846454889113E-4
1,474,-2.683599436655054E-4
1,225,-2.670030842334654E-4
1,324,-2.6654011268012354E-4
1,487,-2.6407595403270826E-4
1,158,2.635228232748424E-4
1,944,2.626273165416549E-4
1,790,-2.5999924302325323E-4
1,595,2.5990156148441435E-4
1,714,2.586778786669138E-4
1,717,-2.579241729546593E-4
1,798,-2.5708977082107283E-4
1,874,-2.567550156663075E-4
1,112,-2.5603745795586944E-4
1,688,-2.556734227212355E-4
1,638,2.546410477141251E-4
1,87,-2.524844633538631E-4
1,674,2.5233335058390336E-4
1,513,2.520794376434342E-4
1,966,2.5118746719012593E-4
1,255,2.511295094877192E-4
1,525,2.493114239218316E-4
1,974,2.4843192876935E-4
1,932,2.4817410314372944E-4
1,277,2.477585668667812E-4
1,682,-2.46651409479416E-4
1,762,-2.4485979362694026E-4
1,407,2.443434573219601E-4
1,792,-2.4298443194464264E-4
1,427,-2.4255474814166046E-4
1,262,2.4242600366763652E-4
1,783,2.4213261610380815E-4
1,908,-2.400056369859515E-4
1,279,-2.395843593890143E-4
1,705,2.3727965602161674E-4
1,349,-2.3702409458651214E-4
1,198,2.364002629401991E-4
1,986,-2.3638993140550555E-4
1,23,2.3572800810198487E-4
1,507,2.3508078111321253E-4
1,432,-2.346700791218515E-4
1,423,-2.339561389353694E-4
1,185,-2.3257373717584578E-4
1,456,2.3211294624839496E-4
1,477,-2.318595260047322E-4
1,923,-2.3101210295706543E-4
1,71,2.3078129656946291E-4
1,166,2.3062827898536565E-4
1,293,2.305216949729075E-4
1,182,-2.2986745272209774E-4
1,931,2.2973646908125748E-4
1,724,2.2872675875901106E-4
1,269,2.286811151038089E-4
1,956,-2.282469711224566E-4
1,779,-2.273997465110402E-4
1,257,2.2730427467274365E-4
1,964,-2.2565347443145314E-4
1,47,2.2561295514465524E-4
1,633,2.2539409184445128E-4
1,894,-2.2478030544737654E-4
1,151,-2.232118487115159E-4
1,797,2.2286847710359083E-4
1,107,2.2207242141599568E-4
1,973,-2.2185141681227216E-4
1,751,2.2124113581010896E-4
1,672,2.2118224063705068E-4
1,935,-2.2101703985682447E-4
1,103,2.2090182503698783E-4
1,999,-2.2084527990404428E-4
1,957,2.206769212104406E-4
1,735,-2.1798072079857783E-4
1,848,-2.1644292713341362E-4
1,970,-2.1639434498381088E-4
1,808,-2.1580347735460206E-4
1,351,-2.1553708771234094E-4
1,837,-2.1518058919470527E-4
1,820,-2.151138955940211E-4
1,289,-2.1392485442324013E-4
1,485,-2.135041014532733E-4
1,5,2.126709198100714E-4
1,915,2.126297888262857E-4
1,194,2.124126266705277E-4
1,130,2.1156863315715334E-4
1,383,2.1060661412562038E-4
1,553,2.1020991378755966E-4
1,320,2.0847988681634206E-4
1,947,2.0682560342504306E-4
1,756,2.064046094112099E-4
1,395,-2.061767144482051E-4
1,508,2.0568034177133825E-4
1,465,-2.0544750622607496E-4
1,537,2.0462841779837144E-4
1,903,-2.03712530100226E-4
1,247,-2.0334481451771957E-4
1,985,2.0329902797387717E-4
1,389,2.0290492588968256E-4
1,919,2.0288807621597835E-4
1,895,2.0261701121872028E-4
1,532,-2.0186215473158114E-4
1,755,2.0148686375121664E-4
1,128,-2.0103421203540762E-4
1,110,2.0021443650132875E-4
1,863,-1.9945583235210577E-4
1,680,1.9866521461984771E-4
1,154,-1.9862670723916925E-4
1,267,-1.9832398931323981E-4
1,239,-1.9830808233859044E-4
1,63,1.978045466326067E-4
1,819,-1.9750046771628384E-4
1,73,-1.9734629352164174E-4
1,582,-1.9723489554767772E-4
1,438,-1.9681922529244647E-4
1,980,-1.964132312199898E-4
1,227,-1.9607046934420108E-4
1,179,1.9605495458924232E-4
1,898,-1.9562530886805746E-4
1,568,1.949753838694149E-4
1,869,-1.9496248931082102E-4
1,614,-1.9337981424163005E-4
1,92,1.929331588100545E-4
1,340,1.9260609857427058E-4
1,719,-1.922856305585658E-4
1,588,1.9141554424542166E-4
1,523,1.909180683732052E-4
1,165,-1.9089750064948895E-4
1,161,1.9077235043430342E-4
1,767,1.9006729408627387E-4
1,137,1.8984679838326951E-4
1,391,-1.8954040492392344E-4
1,80,-1.892819205859524E-4
1,691,-1.8918949342862886E-4
1,764,-1.8912613996233796E-4
1,873,-1.8895416544098393E-4
1,343,1.8881281944798994E-4
1,876,-1.8863360469734174E-4
1,707,-1.8832832720708573E-4
1,585,1.8753630174991583E-4
1,597,-1.8699422402635777E-4
1,84,1.8688245445379478E-4
1,773,1.864981221742746E-4
1,698,1.8593027564314406E-4
1,600,1.8590128483002259E-4
1,408,-1.858295866486859E-4
1,743,1.8582027533495138E-4
1,816,1.8515646072784508E-4
1,664,1.8448327046677285E-4
1,233,-1.8417467290178573E-4
1,6,1.8291758236334448E-4
1,447,-1.8280960124088486E-4
1,65,-1.8277003699621944E-4
1,455,-1.8192220492163941E-4
1,866,-1.8137298865748266E-4
1,245,-1.8092918684375523E-4
1,34,1.7989455695504686E-4
1,627,1.786725093460107E-4
1,538,1.7860442684211484E-4
1,196,1.7835661701502827E-4
1,126,1.7732582586428008E-4
1,41,1.771946002716549E-4
1,902,1.7708619575297635E-4
1,463,-1.7695214409294615E-4
1,712,1.75849558888791E-4
1,708,1.758155840256072E-4
1,800,-1.7514438075621734E-4
1,989,1.750139825690486E-4
1,163,-1.745105741711483E-4
1,414,-1.7403341648023293E-4
1,998,1.7394364441710719E-4
1,453,1.7372694891689726E-4
1,241,1.7367532796039496E-4
1,19,1.735021957370359E-4
1,602,1.7315346804592605E-4
1,561,-1.7255964355914583E-4
1,542,-1.7178539856301065E-4
1,30,1.7126289776639488E-4
1,226,-1.7038636827241172E-4
1,121,-1.7004154799295438E-4
1,25,-1.6962045049922326E-4
1,159,1.69426162075598E-4
1,647,-1.688841239528802E-4
1,509,1.687433779678515E-4
1,350,1.6849828737226091E-4
1,875,-1.6735293875301508E-4
1,531,1.6697577502332092E-4
1,192,1.6652480433099998E-4
1,451,1.6611037424294094E-4
1,992,1.6608915289630238E-4
1,942,-1.6600795830962976E-4
1,153,1.659410670929728E-4
1,662,1.652365778704121E-4
1,650,1.6500362038920064E-4
1,204,1.648902339776916E-4
1,134,-1.6404204639495595E-4
1,906,-1.6370553089944847E-4
1,292,-1.636968711797404E-4
1,716,1.6364619209477998E-4
1,170,1.630274115734144E-4
1,911,1.6284848267645834E-4
1,426,-1.6264392994065274E-4
1,392,-1.6226848739490175E-4
1,339,1.6177048090584603E-4
1,17,1.6121678121333526E-4
1,243,1.603190775708507E-4
1,709,-1.597437725067161E-4
1,772,-1.5971388711560823E-4
1,203,-1.5945891541523755E-4
1,210,-1.584465133532568E-4
1,811,-1.579536351451125E-4
1,26,1.5775532369115316E-4
1,737,-1.562625742408328E-4
1,925,1.5619981268432016E-4
1,883,1.5563326792699205E-4
1,679,1.5536723590181336E-4
1,496,1.5471130616786285E-4
1,736,-1.5470077383586411E-4
1,445,-1.543914992599906E-4
1,528,-1.5393667995123957E-4
1,758,-1.5370865982538843E-4
1,430,-1.536679604580842E-4
1,106,-1.5345943512909283E-4
1,397,-1.532637785133447E-4
1,482,-1.52816119904469E-4
1,520,-1.5270001125558712E-4
1,907,-1.5256642954450094E-4
1,303,1.5188002369614006E-4
1,314,1.5084779672484415E-4
1,734,-1.504378766182185E-4
1,955,-1.5031805131980708E-4
1,938,-1.499551516660519E-4
1,28,-1.498834920632951E-4
1,49,1.4984933144552865E-4
1,67,1.4970313308031746E-4
1,145,-1.4920101446539135E-4
1,360,-1.4892850542682671E-4
1,372,1.4726787572938877E-4
1,358,-1.4709415705944467E-4
1,689,1.4668607357672426E-4
1,516,-1.4664652155082602E-4
1,390,1.4662710004804142E-4
1,697,1.4642809892122097E-4
1,518,1.4622286504847705E-4
1,624,-1.4602775495016295E-4
1,760,-1.4547719521571027E-4
1,443,-1.446892233771229E-4
1,89,1.4460384550868196E-4
1,468,-1.4384659732429378E-4
1,378,1.4343644171769057E-4
1,377,1.420252104276892E-4
1,207,-1.4157461292298425E-4
1,286,-1.404713694240226E-4
1,546,-1.4045142698093126E-4
1,301,1.3987731843251354E-4
1,967,-1.3977516561892254E-4
1,847,-1.392026683160116E-4
1,754,1.385867879903094E-4
1,549,1.3841849828762754E-4
1,738,1.3828679048156462E-4
1,511,1.3813087950991315E-4
1,234,1.3780160809492644E-4
1,637,1.3778973907273645E-4
1,801,-1.3763560322166578E-4
1,109,1.3738835910361615E-4
1,133,-1.3735057216200758E-4
1,651,-1.367648462952833E-4
1,441,1.3671312935081706E-4
1,878,1.3590908959326277E-4
1,77,1.353385546356959E-4
1,368,1.3501901932345872E-4
1,425,1.3446704486281318E-4
1,512,1.3433431281325293E-4
1,18,-1.3423078705227515E-4
1,256,1.3419214673836489E-4
1,348,1.3408558299975144E-4
1,556,1.3398645113649204E-4
1,658,1.3388338669671478E-4
1,308,-1.3331261369591937E-4
1,557,1.3271911453087665E-4
1,337,1.319330161514342E-4
1,141,-1.3178560746104478E-4
1,522,-1.3172564322926376E-4
1,10,-1.3144052129685058E-4
1,900,1.3132480662238612E-4
1,694,-1.3103271411638135E-4
1,304,1.3017168775333044E-4
1,659,1.297390469245728E-4
1,953,1.2969702970981356E-4
1,285,1.2956319730334653E-4
1,27,1.2928495539500746E-4
1,117,-1.2917715284637698E-4
1,644,1.290332113119327E-4
1,729,-1.287692008839792E-4
1,818,1.287487653824659E-4
1,675,-1.2770027734342626E-4
1,560,1.2724403138717356E-4
1,124,-1.2653357046817751E-4
1,589,-1.2628815922707782E-4
1,177,-1.260820949060103E-4
1,996,-1.260646293739711E-4
1,81,1.2585238293882315E-4
1,645,-1.2576947199645377E-4
1,347,1.2567172822592216E-4
1,663,1.2504236202093034E-4
1,97,-1.2492662321180972E-4
1,284,-1.2470244964522405E-4
1,826,-1.2465677028388974E-4
1,975,-1.2429477137326076E-4
1,335,-1.2427852853043317E-4
1,195,-1.2414125971473198E-4
1,476,-1.2413251598787018E-4
1,142,-1.24111289132822E-4
1,325,1.239448733787049E-4
1,275,-1.2364755801798892E-4
1,590,1.230195038184186E-4
1,741,1.224794656518995E-4
1,132,-1.2212133750755944E-4
1,995,1.220878530176912E-4
1,962,-1.2202055334591477E-4
1,111,1.2141177904322073E-4
1,148,1.2117433569346317E-4
1,850,-1.2113246923851249E-4
1,367,1.2082798377637997E-4
1,977,-1.2079954377995153E-4
1,473,-1.2067297554652105E-4
1,838,-1.1978533048677696E-4
1,127,1.195734126744657E-4
1,400,-1.1947007198284329E-4
1,502,1.1922031820369195E-4
1,135,1.1895735368876406E-4
1,565,1.1807261436156285E-4
1,1,-1.1803244539203933E-4
1,460,1.1780668574043468E-4
1,924,1.1771320971435606E-4
1,46,1.1748885122984242E-4
1,206,-1.174816873322756E-4
1,282,1.1700840976720178E-4
1,580,-1.1637168251591862E-4
1,774,1.1630864445149652E-4
1,183,1.1605145897002716E-4
1,631,-1.1586954253454069E-4
1,740,-1.1554681938836926E-4
1,526,-1.1541909719847232E-4
1,437,1.1525292317892075E-4
1,386,-1.1492377611416771E-4
1,118,1.1478909646176375E-4
1,448,1.1418644614883194E-4
1,788,-1.1327379475780633E-4
1,458,1.1314946257201732E-4
1,771,1.1312717122136631E-4
1,941,1.1295686999276508E-4
1,599,1.1294823167542548E-4
1,99,-1.128817297220139E-4
1,833,1.1261715906068889E-4
1,978,-1.1236159344028676E-4
1,199,1.1235948568190878E-4
1,102,-1.1212091546654394E-4
1,317,1.1166053856443345E-4
1,872,-1.1153373736403771E-4
1,696,-1.1135885780611845E-4
1,961,1.110329751330715E-4
1,642,-1.1055118164379227E-4
1,379,1.1034476783536566E-4
1,435,-1.1010747313060102E-4
1,79,1.100820044690378E-4
1,213,1.0979908248704201E-4
1,804,1.0949390261896192E-4
1,205,1.0919061118698286E-4
1,577,-1.0909875007041511E-4
1,489,-1.0903873489113264E-4
1,983,-1.0887394176915551E-4
1,634,-1.0881356680869556E-4
1,78,1.0877922229626436E-4
1,169,1.0871790447877257E-4
1,413,1.0866000895345947E-4
1,38,1.0821235188101875E-4
1,620,1.0779372426929005E-4
1,20,1.0777068606151075E-4
1,433,1.074395282342926E-4
1,952,1.0661509635582757E-4
1,916,1.0646818996127555E-4
1,398,1.0640945890214737E-4
1,896,-1.0627222304870887E-4
1,104,1.0584846909035106E-4
1,51,1.0543925425889185E-4
1,851,-1.0528454799512197E-4
1,316,-1.0480826791783857E-4
1,202,-1.0459518099426126E-4
1,469,-1.0455243783532458E-4
1,629,-1.0420670286535485E-4
1,306,-1.037280956029117E-4
1,472,-1.0345879728156572E-4
1,845,-1.0255105054772792E-4
1,612,1.0159650445247883E-4
1,844,-1.015346577591373E-4
1,270,1.0150490182824162E-4
1,768,1.014273910294175E-4
1,434,1.0139411444078336E-4
1,959,1.0131487771690931E-4
1,193,-1.0119458051152128E-4
1,867,-1.0061628812954502E-4
1,12,-1.0025703654072505E-4
1,129,-1.0002622056903029E-4
1,136,-9.886189785983484E-5
1,42,-9.791689460729208E-5
1,505,-9.738902321116849E-5
1,914,-9.73203046803221E-5
1,780,9.714989643261819E-5
1,318,-9.706687541008453E-5
1,535,-9.704573377711329E-5
1,710,9.699360286986597E-5
1,746,9.688699163398999E-5
1,237,9.678459828575868E-5
1,569,-9.650336871351308E-5
1,172,-9.65010215700712E-5
1,649,9.610132999277549E-5
1,232,-9.603526950145072E-5
1,965,-9.590441565429784E-5
1,702,9.566566402391166E-5
1,329,-9.549195856175383E-5
1,527,-9.5384066971761E-5
1,309,9.529873545667255E-5
1,486,-9.509651533532151E-5
1,235,-9.504675937167311E-5
1,573,-9.371920537288344E-5
1,776,9.35822179588475E-5
1,678,-9.355427841143757E-5
1,450,9.35332770866977E-5
1,890,9.35150160965249E-5
1,547,-9.344617982505426E-5
1,98,9.320544068335305E-5
1,676,9.319520341958102E-5
1,608,9.260096430258073E-5
1,24,9.212579426336127E-5
1,871,9.171513680634929E-5
1,813,-9.152268343045032E-5
1,393,-9.113232680943219E-5
1,879,9.107587584225046E-5
1,342,-9.055446887270019E-5
1,554,-9.02129262932734E-5
1,116,9.013952084936311E-5
1,630,9.007898855884756E-5
1,274,-8.987426389065198E-5
1,517,-8.957644430763049E-5
1,149,-8.879531396809103E-5
1,893,8.855816358055507E-5
1,416,-8.84116207210642E-5
1,887,-8.822401705765199E-5
1,852,8.772463067885558E-5
1,591,-8.744911021797323E-5
1,436,8.732070300174433E-5
1,859,8.716210141369177E-5
1,713,-8.675103722192229E-5
1,669,8.66345743475952E-5
1,40,-8.644367103905795E-5
1,939,8.63451722415016E-5
1,105,-8.615205473115942E-5
1,173,-8.586241110309106E-5
1,236,8.537128569874863E-5
1,802,8.53185259803612E-5
1,877,-8.524015577718847E-5
1,860,8.521104464209336E-5
1,459,-8.510724671809245E-5
1,551,8.465666654752125E-5
1,265,8.456593345510058E-5
1,628,8.44594774055292E-5
1,359,-8.41747576489539E-5
1,752,8.40035764177218E-5
1,757,8.383539808423027E-5
1,922,-8.364854701668817E-5
1,825,-8.358849144893755E-5
1,639,-8.349037827220519E-5
1,753,8.339289612870601E-5
1,927,-8.335456618073678E-5
1,510,-8.205961668469466E-5
1,302,8.191639101883461E-5
1,912,8.181078353745556E-5
1,920,8.175611394275707E-5
1,930,8.155152431174274E-5
1,296,8.14226943349461E-5
1,856,-8.078053989635308E-5
1,218,-8.06006518720977E-5
1,613,-8.048443445560583E-5
1,461,8.047214971814356E-5
1,362,8.044670865129522E-5
1,981,-8.037916555519137E-5
1,248,-8.030431011098355E-5
1,731,-8.029993529549906E-5
1,186,8.012810070486387E-5
1,322,-7.977860732943342E-5
1,936,-7.95630514787729E-5
1,48,7.956084295330119E-5
1,157,7.820504573171418E-5
1,69,-7.797877856116244E-5
1,297,7.77322815563E-5
1,846,7.771985054815584E-5
1,969,7.769979562721102E-5
1,497,-7.746925177345312E-5
1,540,-7.74320399406043E-5
1,495,7.743063966293599E-5
1,601,7.711040883069151E-5
1,789,-7.699615972939375E-5
1,725,-7.686980581553131E-5
1,74,7.685401075292761E-5
1,373,7.660581991760117E-5
1,610,7.648724576104863E-5
1,581,7.643346539111065E-5
1,799,-7.641194768576784E-5
1,882,7.63639134265136E-5
1,94,7.614736958012756E-5
1,332,7.613470970692708E-5
1,417,-7.60784451461877E-5
1,744,7.599392396884026E-5
1,452,7.542822206160205E-5
1,72,-7.521024810768134E-5
1,283,-7.520858126277342E-5
1,140,7.516739238239949E-5
1,723,7.491752506801388E-5
1,529,-7.48212945175549E-5
1,795,-7.470038980938284E-5
1,403,7.456310838065574E-5
1,323,-7.437030870580222E-5
1,990,7.436495220674559E-5
1,258,7.435719921336386E-5
1,221,-7.410658816739874E-5
1,280,7.382369686425822E-5
1,375,7.367587848665269E-5
1,539,-7.367545188343891E-5
1,345,-7.361087027184182E-5
1,412,7.348155813073761E-5
1,794,-7.325646065228653E-5
1,945,-7.241792189286567E-5
1,534,7.218552044931079E-5
1,761,7.194284462955488E-5
1,224,-7.182907999542812E-5
1,563,7.16809034879015E-5
1,374,7.148307400038177E-5
1,341,7.146492509377272E-5
1,727,-7.144135463180669E-5
1,251,7.133544415209792E-5
1,701,7.124016184297899E-5
1,384,7.118758634647222E-5
1,583,7.113097357762416E-5
1,96,-7.110103812086265E-5
1,95,-7.101018963965004E-5
1,64,7.066977153967106E-5
1,175,-7.063609922483571E-5
1,254,-7.059879369584263E-5
1,494,-7.028135655298795E-5
1,567,7.008445223570589E-5
1,220,6.993585286999864E-5
1,411,6.968107863030287E-5
1,809,6.955774848372954E-5
1,122,6.930188937600754E-5
1,778,-6.883287811921807E-5
1,230,-6.87227413136677E-5
1,834,-6.857781991147433E-5
1,228,-6.856584666527221E-5
1,219,-6.846150079607988E-5
1,951,-6.840143296141241E-5
1,578,-6.838537151943008E-5
1,353,6.812569362342252E-5
1,214,-6.793046588797107E-5
1,607,-6.73821338755051E-5
1,748,6.709883736741243E-5
1,824,6.708015023451285E-5
1,654,-6.687537325809206E-5
1,987,6.668274978401226E-5
1,559,6.636996768012004E-5
1,899,6.63610097382671E-5
1,699,6.633364990622907E-5
1,268,6.629795494924931E-5
1,56,-6.608212389203692E-5
1,988,6.600108927209495E-5
1,326,-6.593103098549842E-5
1,865,-6.578395108031654E-5
1,611,6.556540226557023E-5
1,626,6.551627746838886E-5
1,545,-6.51608957026838E-5
1,271,-6.473731919141028E-5
1,747,6.472681459231742E-5
1,484,-6.460651526163025E-5
1,321,-6.44533188473894E-5
1,673,6.439540074316713E-5
1,147,6.422980540591034E-5
1,68,-6.409545098399314E-5
1,933,-6.40568900587905E-5
1,355,6.400521182925898E-5
1,488,6.395872049742274E-5
1,259,-6.302974162954908E-5
1,52,6.276820612025492E-5
1,984,6.250141375459301E-5
1,854,6.208579528724249E-5
1,319,-6.200075567436324E-5
1,829,6.184545000692443E-5
1,394,6.180508597257046E-5
1,991,-6.179425172273346E-5
1,579,6.164693885365262E-5
1,58,-6.16395763087968E-5
1,726,6.129382605495242E-5
1,571,6.126314577134339E-5
1,421,-6.123644187607438E-5
1,336,-6.101478339717793E-5
1,189,6.0303624434962E-5
1,721,-5.957209855707672E-5
1,287,-5.885408566694523E-5
1,849,5.878313446121682E-5
1,253,5.8729172486608804E-5
1,14,-5.861631270501566E-5
1,596,5.845278905156111E-5
1,666,-5.8433094693786755E-5
1,886,5.818479057320983E-5
1,479,5.813422626309807E-5
1,21,5.779888367592742E-5
1,369,5.775181665361112E-5
1,803,-5.733894181858414E-5
1,840,5.72184753366057E-5
1,787,5.698247559671848E-5
1,594,5.694883464287379E-5
1,994,5.661732742591586E-5
1,334,-5.6527183249877806E-5
1,11,5.6256943929340024E-5
1,470,5.6181944131996057E-5
1,603,5.6144158738058576E-5
1,636,-5.590202325431331E-5
1,290,-5.548110340881309E-5
1,503,5.510136437670674E-5
1,231,-5.508176823280334E-5
1,354,-5.457464893576272E-5
1,330,-5.440055305435109E-5
1,120,5.431393259857861E-5
1,223,5.4160034805717746E-5
1,160,-5.4125118123691446E-5
1,718,-5.409679343911888E-5
1,462,-5.409551559453812E-5
1,442,-5.380878836740068E-5
1,814,-5.373056058261332E-5
1,276,5.3645549875956596E-5
1,541,5.337762126917627E-5
1,655,5.3199380702473415E-5
1,775,5.3195959301683E-5
1,162,5.303134859872429E-5
1,730,-5.253996692198703E-5
1,174,-5.216666403422359E-5
1,950,5.213520371558375E-5
1,250,-5.209750020081992E-5
1,836,5.1938929077115836E-5
1,298,5.189834451870602E-5
1,997,-5.155675909228436E-5
1,562,-5.138184008632679E-5
1,66,5.1196441481815775E-5
1,200,-5.112238155169699E-5
1,661,-5.102360072420604E-5
1,971,-5.0939204561565516E-5
1,660,-5.0775228055785174E-5
1,665,5.0702585865092256E-5
1,310,5.0692161862187324E-5
1,605,-5.05578455052012E-5
1,643,-5.034966145913275E-5
1,888,-4.987397770426849E-5
1,685,-4.9802678548165114E-5
1,604,-4.925159485018048E-5
1,704,4.925015744331237E-5
1,222,4.922727571339272E-5
1,493,-4.8985804054129016E-5
1,524,4.897456878577784E-5
1,32,-4.872945650264636E-5
1,346,-4.856099263437106E-5
1,842,4.8458857973153565E-5
1,889,-4.842976638157784E-5
1,695,4.810182504918262E-5
1,264,-4.8042097857535496E-5
1,652,4.8017243958630706E-5
1,273,-4.7915681303393325E-5
1,483,4.757580247910748E-5
1,592,4.701865513618229E-5
1,619,4.699763887249223E-5
1,853,-4.667611673438825E-5
1,749,4.644662348082565E-5
1,812,-4.641187738138278E-5
1,57,4.637210767467284E-5
1,260,4.6194599943808186E-5
1,500,-4.565372408443706E-5
1,152,-4.560602754337277E-5
1,333,-4.552155488705099E-5
1,366,4.528935566297232E-5
1,715,4.478648043297079E-5
1,266,-4.457670119046252E-5
1,0,4.442911341640582E-5
1,766,4.432744567339372E-5
1,171,-4.422646106645192E-5
1,114,-4.403049086581632E-5
1,490,4.3579204894572524E-5
1,937,4.331419101450307E-5
1,711,-4.3303833114329574E-5
1,926,-4.329983123513849E-5
1,422,-4.32778246893458E-5
1,406,-4.30278219306843E-5
1,410,-4.264010460274802E-5
1,376,-4.2586614131022324E-5
1,91,4.1232437456371516E-5
1,176,4.097701787322955E-5
1,123,-4.095049917185048E-5
1,519,4.04562053907803E-5
1,958,4.032325646231045E-5
1,499,3.9638550058618414E-5
1,536,3.961911500789345E-5
1,187,-3.915828444538464E-5
1,501,3.8610897616169135E-5
1,167,3.8594578385860924E-5
1,261,3.856759800484767E-5
1,615,-3.8463697586159804E-5
1,823,3.8348211145203846E-5
1,968,3.82181987843562E-5
1,828,-3.806612863654124E-5
1,466,-3.794123969984613E-5
1,291,-3.7791265331854643E-5
1,13,-3.73400616526504E-5
1,963,-3.670561995763627E-5
1,703,-3.659920205515056E-5
1,810,3.636962163623361E-5
1,668,3.606106064721158E-5
1,211,-3.585684456005417E-5
1,683,-3.5601678751720383E-5
1,464,-3.556262761270479E-5
1,216,3.543118151626379E-5
1,976,-3.5350154863772825E-5
1,616,-3.506417746828447E-5
1,278,-3.504289013488747E-5
1,101,3.4533494572695334E-5
1,238,3.4260780376481616E-5
1,7,-3.407375319087244E-5
1,82,3.376008074410529E-5
1,732,-3.373459571199738E-5
1,839,-3.3562515641984814E-5
1,420,3.350318155515505E-5
1,550,-3.310508245088786E-5
1,428,-3.275914053178702E-5
1,742,-3.267777766214758E-5
1,862,-3.2529549378405025E-5
1,901,-3.2314527562659624E-5
1,586,3.221205388607568E-5
1,295,-3.190337776111876E-5
1,786,-3.189455934953661E-5
1,544,3.165228376982529E-5
1,548,3.119234862131362E-5
1,361,-3.109284797465886E-5
1,313,-3.1077623421723906E-5
1,739,-3.0793987528493856E-5
1,910,-3.0452086914515135E-5
1,249,3.002149838624746E-5
1,307,3.0008516666914467E-5
1,796,2.9975968329465233E-5
1,750,2.9614832343322837E-5
1,632,-2.9595955515480402E-5
1,593,-2.938594823954166E-5
1,763,-2.9312931929313314E-5
1,621,-2.9277442828179285E-5
1,653,-2.9095520779230007E-5
1,993,-2.8856725727454348E-5
1,409,-2.8560354503804896E-5
1,806,-2.797075382452798E-5
1,861,2.7625245814443562E-5
1,45,-2.759242437794649E-5
1,498,2.7570749235960286E-5
1,22,2.725790705369359E-5
1,606,-2.7240534712731317E-5
1,381,-2.710700222824633E-5
1,700,2.7098414646740477E-5
1,93,2.7031633694933193E-5
1,184,-2.7004658383823792E-5
1,821,2.694965856341792E-5
1,781,-2.672498949348799E-5
1,399,-2.6650915563284723E-5
1,16,2.6578328739082883E-5
1,940,2.648201451628418E-5
1,39,-2.6353794354727927E-5
1,418,2.6226867609602203E-5
1,242,2.594998904367639E-5
1,90,-2.5911907396522564E-5
1,53,2.5499773516964586E-5
1,15,2.546557696619328E-5
1,572,2.501228054217021E-5
1,201,2.4951961201667568E-5
1,3,2.494028550617758E-5
1,948,2.4858161269690745E-5
1,681,-2.4737312202017054E-5
1,75,-2.4735694885701327E-5
1,706,2.44942304799319E-5
1,155,-2.425576096458465E-5
1,62,-2.392814712532411E-5
1,356,-2.365949078658598E-5
1,530,-2.365933032243788E-5
1,831,-2.3526904191821576E-5
1,722,2.344600555822953E-5
1,217,-2.3247093631331935E-5
1,188,-2.3083282072182258E-5
1,575,-2.2946799046553398E-5
1,972,2.28863263141022E-5
1,294,-2.282642641862151E-5
1,429,-2.2751838786016046E-5
1,515,-2.2664100201036154E-5
1,928,2.2558676465181756E-5
1,693,-2.2539229644960663E-5
1,635,-2.2524436378704842E-5
1,86,2.2421887555363868E-5
1,687,2.2331546199358065E-5
1,305,-2.2183876429711314E-5
1,492,-2.1784031815917468E-5
1,881,2.174801696671893E-5
1,419,-2.174425925335334E-5
1,880,2.1487677394496032E-5
1,50,2.0854652126265298E-5
1,646,-2.0689053900537338E-5
1,946,2.05385839452127E-5
1,934,-2.0531413908038554E-5
1,9,2.044576126895595E-5
1,454,-2.0321444784982477E-5
1,88,-2.0192073096490404E-5
1,263,-2.0182442867672802E-5
1,164,2.0130271309363507E-5
1,667,-1.966034764633492E-5
1,252,1.9635892516193687E-5
1,625,-1.9294210295471597E-5
1,272,-1.9106413331435172E-5
1,617,-1.9004884558943684E-5
1,720,1.9002764509666987E-5
1,37,1.897011112701201E-5
1,982,-1.8857102717559026E-5
1,150,1.8836399196977328E-5
1,288,-1.863626388068576E-5
1,784,1.8605530214144968E-5
1,401,-1.848722121391492E-5
1,76,1.8439675897074743E-5
1,618,-1.8410446070407677E-5
1,843,1.820974147740045E-5
1,190,-1.8186231560626876E-5
1,587,-1.816272371243867E-5
1,506,-1.7986297434550707E-5
1,385,-1.7848422506940244E-5
1,979,1.7784102228486152E-5
1,311,1.774586712934468E-5
1,909,-1.76927175983045E-5
1,918,-1.7179120710448526E-5
1,917,-1.6733459997741772E-5
1,61,-1.648301512546381E-5
1,144,1.6379519426509942E-5
1,656,1.6165315757468233E-5
1,191,1.5945954992787816E-5
1,855,-1.558179915832683E-5
1,670,1.5234802358103206E-5
1,70,-1.5215133033569403E-5
1,467,-1.5188258998412446E-5
1,558,1.4507865314360505E-5
1,300,-1.4323774487476537E-5
1,690,1.4072201284515086E-5
1,671,1.3970909006716207E-5
1,181,-1.3940204150661107E-5
1,281,-1.3871988614532878E-5
1,357,-1.36382323312809E-5
1,782,1.3224807528293734E-5
1,363,-1.3161110241691511E-5
1,119,1.3155814538132984E-5
1,424,1.2515946034319104E-5
1,33,-1.2203635553061559E-5
1,115,-1.212719908124372E-5
1,478,1.2056504725452E-5
1,954,1.199888755659545E-5
1,480,1.1719457933783005E-5
1,370,1.1692241566257263E-5
1,31,1.1662633219933688E-5
1,897,-1.1626727814370637E-5
1,364,-1.1563191128636422E-5
1,215,-1.1151010877155636E-5
1,857,1.1127987430346043E-5
1,521,1.091603012282033E-5
1,921,1.0730118299611173E-5
1,197,1.0720265028456591E-5
1,60,-1.0708168735134555E-5
1,960,1.0649536014748628E-5
1,884,-1.0351055115799243E-5
1,352,-9.531458174746245E-6
1,113,9.210021402500018E-6
1,543,8.315038360020427E-6
1,444,-7.909912165899453E-6
1,328,7.771888288046918E-6
1,139,-7.615611389351879E-6
1,387,-7.5071277429812205E-6
1,457,-7.471553455258601E-6
1,745,7.232802544182557E-6
1,405,-7.048756834893304E-6
1,229,-6.485310530382454E-6
1,777,6.356103925068017E-6
1,415,-6.349432125632715E-6
1,44,5.767500077006577E-6
1,240,5.350384094830824E-6
1,892,-5.157028069780537E-6
1,446,5.079190684995932E-6
1,54,-4.881470744610761E-6
1,733,-4.529526088834342E-6
1,793,4.402882677636215E-6
1,830,4.331812040593158E-6
1,904,4.249492104686892E-6
1,338,3.973737366440869E-6
1,388,3.929458623546433E-6
1,440,3.928592744646936E-6
1,43,3.811259121223196E-6
1,677,-3.123545563519667E-6
1,143,-2.8959670821876865E-6
1,8,-2.8686102579372765E-6
1,841,-2.745167859371171E-6
1,785,2.6966897251041455E-6
1,570,2.452590129509387E-6
1,870,-2.420115042597322E-6
1,125,-2.3492623474994784E-6
1,692,2.2774412454514974E-6
1,83,-1.96559123056321E-6
1,832,1.9510465084355695E-6
1,598,-1.7804832871781418E-6
1,246,1.0640537719226531E-6
1,555,-8.773961997222829E-7
1,471,-7.198660811862656E-7
1,35,-7.049947978153282E-7
1,807,-6.590610816943482E-7
1,684,-5.349705261014151E-7
1,299,4.98125390759413E-7
1,402,-3.2241488639699055E-7
1,943,1.7030943740134474E-7
2,82;584,2.7643586535876095E-4
2,264;548,-2.6496003138276337E-4
2,128;212,2.4299772696513143E-4
2,382;805,2.4151541172222094E-4
2,113;245,2.398340151223689E-4
2,87;912,2.3722301952364884E-4
2,195;582,2.3344234873651104E-4
2,56;825,2.33221604911986E-4
2,662;714,2.3183988340124244E-4
2,216;789,2.29577149866163E-4
2,280;597,2.2696207954216847E-4
2,865;949,2.2361506753873183E-4
2,193;913,-2.1825288538312283E-4
2,62;612,-2.1650253282835217E-4
2,193;871,-2.1507806778548987E-4
2,462;949,2.1429264484837046E-4
2,165;863,2.106018322938943E-4
2,293;476,-2.0990593457424168E-4
2,307;718,-2.089142280813493E-4
2,154;426,2.0849846888337497E-4
2,176;307,2.0719439960009467E-4
2,23;915,-2.0535902493276886E-4
2,79;692,2.0516555744191188E-4
2,554;641,-2.0454369846812292E-4
2,361;867,-2.042701186660866E-4
2,455;543,2.0358217730551476E-4
2,110;657,2.03020344561453E-4
2,60;473,-2.02900198943614E-4
2,876;894,2.003842265223949E-4
2,453;998,2.001338648217828E-4
2,87;948,-1.9905580258470774E-4
2,772;813,1.988324963465421E-4
2,14;172,1.9864718826973293E-4
2,65;413,-1.986385927316825E-4
2,596;914,-1.977906905756398E-4
2,47;778,-1.974664326081773E-4
2,74;921,-1.9662104614431587E-4
2,69;380,1.9535807716276134E-4
2,491;949,1.9499568152208697E-4
2,491;724,1.9360603725775868E-4
2,761;914,-1.9251092872166618E-4
2,29;192,-1.922036622562399E-4
2,75;951,1.9183429645652116E-4
2,68;437,1.9137999837860926E-4
2,380;404,-1.9079649256567227E-4
2,875;918,1.907823916885266E-4
2,825;867,-1.9052993532660484E-4
2,320;885,-1.903486004450476E-4
2,486;725,1.9031712511367906E-4
2,684;836,1.8971149634757E-4
2,259;476,-1.887162814424665E-4
2,4;743,-1.8866833867205464E-4
2,463;742,1.8839901158500228E-4
2,422;835,1.882917442492076E-4
2,137;587,1.8817977306873217E-4
2,542;813,1.8717223360442564E-4
2,298;822,-1.8714047873146422E-4
2,733;770,1.867094803315103E-4
2,205;745,-1.862607450077589E-4
2,163;299,1.8575997425471637E-4
2,16;822,1.8509807764665305E-4
2,294;870,1.8497088518003738E-4
2,324;684,1.8467678504251045E-4
2,696;865,1.840885931434566E-4
2,36;657,-1.8349640413301056E-4
2,49;911,1.8335215908534043E-4
2,183;367,-1.8333192173872442E-4
2,596;757,-1.8324766833291333E-4
2,431;538,1.827466492911398E-4
2,181;320,-1.8235685500989703E-4
2,553;735,1.8219207012463382E-4
2,370;416,1.8061149219737862E-4
2,481;757,1.799244117032664E-4
2,114;320,1.7983745335799E-4
2,519;859,-1.7945461243980526E-4
2,874;892,-1.79176615750983E-4
2,70;756,-1.788949392181497E-4
2,70;844,-1.787221929352059E-4
2,86;170,1.7835379480055108E-4
2,196;387,1.7821906472214856E-4
2,656;999,-1.7788249949027786E-4
2,64;236,-1.7737002043180343E-4
2,783;832,1.7726724025485718E-4
2,333;990,-1.7661591403396405E-4
2,371;587,1.7609996659796257E-4
2,342;719,1.7559935313910514E-4
2,730;915,1.750614898159102E-4
2,321;395,1.7494373636322132E-4
2,430;989,1.7486770292462223E-4
2,468;780,1.7470409366640837E-4
2,365;713,1.7431107089040451E-4
2,172;381,-1.7422038259178534E-4
2,630;683,1.7409727617418165E-4
2,52;129,-1.7357826957246155E-4
2,412;934,1.7345284042820437E-4
2,119;173,1.7339053356737438E-4
2,167;859,-1.733656185604841E-4
2,96;698,1.7332402295609195E-4
2,27;630,1.725995527477451E-4
2,358;686,1.725620327416182E-4
2,278;961,1.717929819513373E-4
2,821;887,-1.7173724830603086E-4
2,297;760,1.7163909843589698E-4
2,159;552,1.7129843282525997E-4
2,100;606,1.7122899365547002E-4
2,664;813,-1.708766685975345E-4
2,820;825,-1.7077305410873985E-4
2,14;382,-1.7075896379827122E-4
2,603;948,-1.707508422238998E-4
2,513;920,1.7034027402663648E-4
2,243;938,1.7024328459742821E-4
2,161;990,1.69855958670877E-4
2,5;206,1.6985331068920033E-4
2,183;811,-1.691168480729731E-4
2,319;858,-1.6876951191631553E-4
2,160;818,-1.6852063243422177E-4
2,128;289,1.6842050522339284E-4
2,335;890,-1.6837886487220283E-4
2,68;969,1.6784509626705787E-4
2,170;356,-1.6778620892091752E-4
2,78;533,1.6762056293511185E-4
2,62;65,-1.6707756077691515E-4
2,4;686,-1.6702988593559682E-4
2,409;922,-1.669649659299332E-4
2,39;791,1.664336635195146E-4
2,362;567,1.662388477770106E-4
2,228;807,-1.658752474277676E-4
2,192;546,1.651714636925986E-4
2,64;377,-1.651363804786238E-4
2,396;512,1.650664833257895E-4
2,71;191,-1.6500349301871756E-4
2,22;179,-1.6494169788785823E-4
2,714;843,-1.6492753369932455E-4
2,237;337,1.6481045183109287E-4
2,96;154,-1.6465489258180821E-4
2,84;329,1.645651244937635E-4
2,4;59,-1.6446652322846546E-4
2,241;620,1.6404217895106424E-4
2,281;528,-1.6399922992919476E-4
2,40;896,1.6348347683965342E-4
2,906;962,1.6314276094352232E-4
2,414;746,-1.6311902216748322E-4
2,585;846,1.6310365557185903E-4
2,169;172,1.6228812322713305E-4
2,574;777,1.622591706609812E-4
2,133;826,1.6214529359666812E-4
2,86;285,1.619658140972698E-4
2,583;962,-1.6161658005460348E-4
2,225;773,-1.615423552845919E-4
2,188;620,-1.6144336622836642E-4
2,199;603,1.6141964032609235E-4
2,441;589,1.6138486576220302E-4
2,501;519,1.6092349533018222E-4
2,511;694,-1.6081272472791912E-4
2,175;732,-1.6076139178293039E-4
2,592;879,-1.6026910827828458E-4
2,603;658,-1.6025689114156988E-4
2,314;406,1.5907346429471652E-4
2,225;311,1.5873083741349398E-4
2,650;959,1.5859199341191138E-4
2,154;636,-1.5841732188008874E-4
2,5;875,-1.583801892165438E-4
2,710;921,-1.581816579226524E-4
2,35;998,-1.5806936994123123E-4
2,257;568,1.5789288684418817E-4
2,195;861,-1.5744543962838E-4
2,309;583,1.5741202385706032E-4
2,265;460,1.570386704879382E-4
2,342;681,-1.5697778728161957E-4
2,783;872,-1.5694974978178828E-4
2,356;785,1.5656491367060832E-4
2,176;279,1.5639399062800666E-4
2,13;816,1.5637350263651944E-4
2,572;749,1.5618304331907484E-4
2,865;931,1.56095669743205E-4
2,31;709,1.5602398781659727E-4
2,273;302,1.557264120497791E-4
2,27;900,-1.5572168856854357E-4
2,180;834,-1.556819230519013E-4
2,82;678,1.555715022158215E-4
2,144;297,1.5551475432976932E-4
2,674;725,-1.5546025084563542E-4
2,301;917,-1.5537937267441886E-4
2,138;762,-1.553060265193522E-4
2,266;373,1.5526926072219395E-4
2,184;704,1.5516817070998924E-4
2,66;721,1.5502024118823224E-4
2,625;631,1.5497226609341596E-4
2,348;908,1.5460869595436817E-4
2,625;680,-1.545125044634515E-4
2,638;685,-1.5429348600946852E-4
2,187;356,1.5395663767167776E-4
2,33;696,1.5392570708858136E-4
2,158;632,1.537962752227221E-4
2,142;492,1.5355313233856365E-4
2,480;636,-1.5346629382977493E-4
2,299;305,1.534229424291329E-4
2,335;907,1.5339171125340552E-4
2,285;883,-1.5331560644494114E-4
2,304;509,-1.5331096383712595E-4
2,22;637,1.5330056763849053E-4
2,731;864,-1.5307274468102328E-4
2,205;420,1.530640866112526E-4
2,145;165,-1.5291794972919495E-4
2,204;769,1.5281654206836297E-4
2,140;879,1.5279143008117125E-4
2,679;864,-1.527052222407993E-4
2,30;208,-1.5257697750031086E-4
2,142;646,-1.524321200262105E-4
2,555;733,-1.5212815167046838E-4
2,114;854,1.51652127175574E-4
2,397;780,1.5163450977725325E-4
2,395;871,1.5159967348094854E-4
2,107;752,1.5157792699262436E-4
2,482;654,1.515386877393716E-4
2,506;793,1.513740545293189E-4
2,20;361,-1.5134842772240325E-4
2,147;920,1.512957977862022E-4
2,194;677,1.5127685855370954E-4
2,964;988,1.5121076536799694E-4
2,201;850,1.5095528976199845E-4
2,43;455,-1.5081493200903224E-4
2,175;910,1.5080117365181178E-4
2,381;693,1.5053098882564198E-4
2,192;822,1.5027962562364004E-4
2,279;515,-1.5008931729203456E-4
2,464;531,-1.4999572455065452E-4
2,17;193,-1.4990083745286342E-4
2,344;711,-1.4989986389868186E-4
2,443;446,-1.4989822892860264E-4
2,210;396,1.4979980626141987E-4
2,717;887,1.4956637182399868E-4
2,510;681,-1.4950732688942764E-4
2,557;734,-1.4946662755103656E-4
2,185;362,-1.4946462102186913E-4
2,50;744,1.4943532415527362E-4
2,685;778,1.490587383225973E-4
2,445;479,-1.4880376799101755E-4
2,265;975,-1.4850228201605342E-4
2,389;513,1.4849341275055688E-4
2,154;189,1.484031524019031E-4
2,60;525,-1.483172460791453E-4
2,636;901,1.4822334532541825E-4
2,53;86,1.4806085840911057E-4
2,384;875,-1.47926627796989E-4
2,718;758,1.479155619833364E-4
2,112;580,-1.477157645274114E-4
2,596;686,1.4759538339082913E-4
2,885;979,-1.4756423909493863E-4
2,532;936,1.4751072614745708E-4
2,122;882,1.473995400782357E-4
2,27;526,-1.4735501235089654E-4
2,450;547,-1.470440209358657E-4
2,570;767,-1.4668463115270164E-4
2,508;622,1.466174414402619E-4
2,107;777,1.465151253939362E-4
2,760;808,-1.4639469896969237E-4
2,511;573,1.463442380360458E-4
2,375;788,-1.461968335642578E-4
2,142;805,1.4612296935396214E-4
2,237;790,1.460448918370517E-4
2,269;737,-1.4566744818458546E-4
2,430;483,-1.4561390808248427E-4
2,279;927,1.4559192079259843E-4
2,492;945,1.4552903187042363E-4
2,738;817,1.4551981005361296E-4
2,607;611,-1.4549859228679397E-4
2,106;395,1.4532006302316928E-4
2,72;649,-1.452745795897219E-4
2,232;249,1.4522434968159675E-4
2,217;303,-1.4512810213642758E-4
2,547;550,-1.4510408078866445E-4
2,374;931,1.4487110602573371E-4
2,607;837,-1.4471087644903386E-4
2,197;282,-1.4451599886135063E-4
2,140;682,1.4428653572287286E-4
2,683;735,-1.442290432048921E-4
2,237;267,-1.442286918030281E-4
2,190;611,-1.4408582152673175E-4
2,503;664,1.437250242984602E-4
2,652;953,1.4339430472090297E-4
2,748;818,1.433923037358343E-4
2,117;340,1.428805245859202E-4
2,659;693,1.4284968265094845E-4
2,340;722,-1.4281601601448906E-4
2,138;467,1.4269171674488506E-4
2,83;815,-1.426429461499293E-4
2,750;847,-1.4250247437036636E-4
2,209;257,1.4242391380374028E-4
2,12;795,1.4239238156944304E-4
2,69;473,1.4234125391363907E-4
2,650;788,-1.4182266819985515E-4
2,12;131,1.4179302468296067E-4
2,290;849,1.4167356604968335E-4
2,112;183,1.4143829909777503E-4
2,679;981,-1.413611720374013E-4
2,409;897,-1.4123182758266393E-4
2,6;953,-1.4103809994390397E-4
2,274;708,1.4101036265960792E-4
2,779;980,1.4099722091489683E-4
2,1;207,-1.4097861249422238E-4
2,794;835,1.4095043813456786E-4
2,455;936,-1.4091146713726506E-4
2,731;863,1.4088007649412765E-4
2,464;887,1.4085440406869633E-4
2,605;934,1.4084774191711684E-4
2,173;964,1.407951422797494E-4
2,20;687,1.4056227775350574E-4
2,210;555,1.4039980915206597E-4
2,241;709,-1.4033071686384463E-4
2,287;930,-1.4011281482219324E-4
2,533;639,1.3998785199576512E-4
2,76;502,-1.3996671936557183E-4
2,314;415,-1.3994835542601914E-4
2,233;391,1.3981195511316935E-4
2,9;479,-1.3967404463064424E-4
2,15;722,-1.3964684829129905E-4
2,137;795,1.3951287086156965E-4
2,528;876,1.393139797262119E-4
2,523;751,1.3918652456727492E-4
2,97;493,-1.3905695131029042E-4
2,454;914,-1.3891237659811707E-4
2,427;541,-1.3843569309385383E-4
2,359;870,1.383273056602018E-4
2,234;718,-1.382576731553145E-4
2,496;768,1.3825402155907653E-4
2,165;606,-1.3821048073706915E-4
2,102;929,-1.3811547440453742E-4
2,349;719,-1.380545432256693E-4
2,655;820,-1.3766481941479325E-4
2,148;161,1.3747898847745374E-4
2,564;615,1.3743979076687263E-4
2,738;766,1.3739843043604523E-4
2,140;336,1.373238971938517E-4
2,665;840,-1.3727347361263095E-4
2,150;390,1.372722681868556E-4
2,104;542,-1.3726470041932582E-4
2,178;644,1.370849083921501E-4
2,317;468,1.3705877274857182E-4
2,538;688,-1.3698221432660617E-4
2,27;99,1.3697774190513345E-4
2,173;489,-1.3693490872723258E-4
2,454;935,-1.368337756183453E-4
2,84;548,-1.3669310387653152E-4
2,382;628,1.3665164835740667E-4
2,235;597,1.365628255824377E-4
2,220;907,1.3651574122334386E-4
2,277;305,1.3648842966065808E-4
2,313;533,-1.3638756928171982E-4
2,17;613,-1.3634092441476382E-4
2,487;759,-1.3629732002340162E-4
2,819;865,-1.362489618372623E-4
2,234;360,1.3607254586592375E-4
2,147;928,1.3604995045191022E-4
2,41;66,1.360394447160717E-4
2,26;62,1.3603052694062805E-4
2,103;655,-1.3601129269993328E-4
2,494;760,-1.3574574866249983E-4
2,189;332,1.3561556246203925E-4
2,202;576,1.3553652209778415E-4
2,127;128,1.354825764020562E-4
2,495;671,-1.3530278821578524E-4
2,59;423,-1.352666875724912E-4
2,375;841,1.352101394073161E-4
2,206;552,1.3509682878910158E-4
2,663;944,1.3460159420295112E-4
2,656;666,-1.3457854007786096E-4
2,8;994,-1.3453217748211872E-4
2,43;160,-1.3449883462912025E-4
2,84;466,1.3449824656719568E-4
2,569;639,1.3442139889746412E-4
2,67;785,-1.3435436232617332E-4
2,449;648,-1.3435134543482568E-4
2,150;152,1.3428092891155008E-4
2,108;738,-1.3418588220268337E-4
2,839;968,1.3398835541111786E-4
2,58;814,-1.338064100893475E-4
2,191;348,-1.337956199481135E-4
2,321;434,1.3377997126872581E-4
2,396;402,1.3371504069420654E-4
2,24;123,1.3341878133919192E-4
2,142;658,-1.3337433900404834E-4
2,487;876,-1.333248717431898E-4
2,159;281,-1.332844618632752E-4
2,155;279,1.3312601001354708E-4
2,476;883,-1.3311856278716165E-4
2,837;852,1.3309546259896089E-4
2,933;951,-1.3309104104663048E-4
2,1;245,-1.3304549313939546E-4
2,146;576,1.3303470239569003E-4
2,233;520,1.3302852024904452E-4
2,745;858,1.3301559481738618E-4
2,479;773,-1.3294658492414842E-4
2,167;777,-1.3282141191383408E-4
2,890;988,1.3279744020850174E-4
2,292;389,1.3272876750005077E-4
2,371;777,1.3266772037294516E-4
2,713;781,1.3253250463097E-4
2,777;859,1.3246990927856067E-4
2,4;128,-1.3245705779039166E-4
2,304;426,-1.3241261987506232E-4
2,869;890,-1.3235322695788146E-4
2,22;247,1.3229900067791996E-4
2,176;698,-1.3216095434725626E-4
2,4;817,1.3212171574561622E-4
2,96;642,1.320226795325633E-4
2,95;235,1.3198563677800944E-4
2,334;781,1.3196035497538955E-4
2,321;364,-1.3192653846252694E-4
2,167;865,-1.3161935484218263E-4
2,228;552,-1.3150286188265192E-4
2,184;979,-1.311865635614516E-4
2,777;919,-1.310830070914844E-4
2,329;397,1.3102057096256808E-4
2,214;930,-1.3081701953625063E-4
2,638;715,-1.307666716715574E-4
2,55;493,1.3070855472313293E-4
2,208;668,1.306929383624163E-4
2,515;591,-1.3065573220200012E-4
2,526;836,-1.304700784722049E-4
2,43;44,1.3042318266281945E-4
2,535;915,-1.3041854309268195E-4
2,618;694,1.3041286475801695E-4
2,90;823,-1.300934822108295E-4
2,391;419,-1.3002890502862186E-4
2,509;791,1.2998847819914672E-4
2,462;968,1.2980513783596856E-4
2,582;931,1.295895832501864E-4
2,337;546,-1.295627595482768E-4
2,102;280,1.2954069346605371E-4
2,140;307,1.2946282747808857E-4
2,54;269,1.2946141935705905E-4
2,183;260,1.2942086427002116E-4
2,121;293,1.2929902021247656E-4
2,446;683,-1.2928826648906394E-4
2,418;476,-1.2921326754018874E-4
2,398;589,1.2909289296207107E-4
2,291;340,1.290787792340181E-4
2,651;809,-1.2906638665889736E-4
2,114;362,1.2899694869099548E-4
2,350;475,-1.2898452519533257E-4
2,497;944,1.2893366588638438E-4
2,118;133,1.2880348986763946E-4
2,340;919,-1.287985730557753E-4
2,921;983,-1.2875656395463226E-4
2,351;714,1.2873703412508768E-4
2,289;351,1.2860113632994752E-4
2,306;374,-1.2857578503672377E-4
2,576;647,-1.2847939012834857E-4
2,799;938,1.2844130826468488E-4
2,322;708,1.2839985596116698E-4
2,410;574,1.28309060523491E-4
2,146;221,-1.2829433854872965E-4
2,534;936,1.2825774397209173E-4
2,287;717,-1.2823123578563342E-4
2,318;589,1.2815706752048722E-4
2,225;701,1.2815489466082565E-4
2,428;535,1.2809437881546075E-4
2,666;714,1.280442341315422E-4
2,76;925,-1.2801900235036618E-4
2,390;621,1.2799511785048861E-4
2,431;989,-1.2796215834073377E-4
2,172;325,1.2793492381654668E-4
2,639;642,1.2790301908651664E-4
2,136;635,-1.2768590174150042E-4
2,278;883,-1.2759982075027105E-4
2,41;558,1.2758500529338917E-4
2,133;313,-1.274745202716145E-4
2,502;716,-1.2734760122006043E-4
2,613;976,1.2717315356577835E-4
2,108;247,1.2716247352915867E-4
2,116;959,1.2708741454174786E-4
2,524;735,-1.2707759425036635E-4
2,167;370,-1.270303686152505E-4
2,148;342,-1.269961499067892E-4
2,618;974,1.2697918789096225E-4
2,634;845,1.268805197007069E-4
2,52;78,-1.2684125209992404E-4
2,621;803,-1.2662856698014146E-4
2,404;625,-1.2658030504230944E-4
2,384;520,-1.2652469658026757E-4
2,148;505,-1.2649135553699644E-4
2,76;91,1.2631385853618298E-4
2,555;887,-1.263049116849818E-4
2,13;840,1.262806563675492E-4
2,220;958,-1.2624649555746138E-4
2,790;875,1.261244163950625E-4
2,575;734,1.2608379253186555E-4
2,232;813,-1.2606532349021527E-4
2,112;260,1.2601865318601568E-4
2,333;556,1.2600070856012225E-4
2,252;863,-1.2595795672086754E-4
2,317;906,1.2595596824488848E-4
2,302;379,-1.2593350410069392E-4
2,128;908,1.258995913834578E-4
2,271;524,1.258918326460519E-4
2,47;596,-1.2571562213679256E-4
2,58;508,1.2566174400803945E-4
2,73;671,-1.2555980252289367E-4
2,708;964,-1.2555396777110052E-4
2,329;839,1.2549635961178935E-4
2,826;925,1.254405371381216E-4
2,128;171,-1.2542810934825107E-4
2,515;517,-1.2540625612630728E-4
2,440;800,-1.254059213449887E-4
2,64;905,-1.2535637778318708E-4
2,34;681,1.2534431895824187E-4
2,44;825,-1.2534053199872187E-4
2,173;976,-1.2528616236113203E-4
2,565;674,1.252546018585693E-4
2,35;485,1.2513330339903637E-4
2,220;574,1.2507813123829737E-4
2,543;912,-1.2502243824664207E-4
2,245;731,1.249082351622278E-4
2,130;323,1.2482617907270838E-4
2,52;428,-1.248057276981345E-4
2,191;985,1.2477267761228946E-4
2,157;911,1.247331138107851E-4
2,391;995,-1.2471692427615412E-4
2,683;734,1.2468351138552946E-4
2,248;546,-1.2465737573105683E-4
2,106;246,1.2463432016223384E-4
2,591;981,1.245963127226226E-4
2,363;500,-1.2456841767719695E-4
2,268;639,1.2451596935523547E-4
2,570;724,-1.2447634500926873E-4
2,379;563,1.2442267902740473E-4
2,634;686,1.244179516783287E-4
2,20;366,-1.243029087757086E-4
2,314;730,-1.242899165193988E-4
2,69;128,1.242682914572394E-4
2,421;714,1.2424041389657046E-4
2,33;973,-1.2408183680747898E-4
2,22;638,-1.2396546960425392E-4
2,480;607,-1.2383591895162325E-4
2,479;554,1.2368462878091822E-4
2,33;175,-1.2342557207465406E-4
2,76;951,1.23379287581444E-4
2,32;986,-1.2336829997144528E-4
2,173;424,-1.2328808827224172E-4
2,416;791,-1.232041311739414E-4
2,813;897,-1.231079705093876E-4
2,339;890,1.2309659098451336E-4
2,108;884,-1.2304414967726475E-4
2,620;788,-1.229927493954213E-4
2,132;484,-1.2292736478842543E-4
2,371;721,-1.229114371297669E-4
2,253;567,-1.2289034618795134E-4
2,409;662,1.2285976613133417E-4
2,48;883,1.2285878207287353E-4
2,20;625,-1.227466431615018E-4
2,213;813,1.2263379126396242E-4
2,258;875,1.2259663714076367E-4
2,83;361,1.2257018797458966E-4
2,421;512,-1.2251930746931403E-4
2,177;346,-1.224624006611724E-4
2,514;772,1.224571618099637E-4
2,458;504,1.224373366198673E-4
2,5;541,1.2236783388197865E-4
2,833;850,1.223411744283996E-4
2,83;770,1.2222357506760305E-4
2,29;184,1.2217227054052882E-4
2,52;306,-1.2208587128218816E-4
2,350;914,-1.220843868758173E-4
2,504;589,-1.220561995930837E-4
2,102;509,-1.2190741416347567E-4
2,817;869,-1.2188095710341648E-4
2,232;762,1.2174631966949401E-4
2,288;935,1.2170314129343569E-4
2,290;338,-1.2163882242027777E-4
2,128;825,1.2161782522930588E-4
2,182;245,1.2161739934944868E-4
2,85;710,-1.2157734945377477E-4
2,593;821,-1.2156997531205558E-4
2,76;723,-1.2156413679480288E-4
2,59;947,1.2151776555642657E-4
2,26;423,1.2147586907060396E-4
2,190;707,1.2142196768441867E-4
2,10;992,-1.2140957488384771E-4
2,495;590,1.2130695619967515E-4
2,22;751,-1.213005283422798E-4
2,41;881,-1.2127384402104369E-4
2,89;834,-1.2124417500599024E-4
2,13;343,-1.2103180135597214E-4
2,545;734,1.2088112662803749E-4
2,183;562,1.20758317585104E-4
2,273;437,-1.2073549392507296E-4
2,12;896,-1.2070524827699772E-4
2,51;710,1.2057487148610189E-4
2,601;688,-1.204714634791177E-4
2,232;708,1.2041088199193636E-4
2,187;246,-1.2035054458317529E-4
2,322;876,-1.202458667378912E-4
2,16;329,1.2022684765745676E-4
2,380;882,-1.2017803600904817E-4
2,390;468,-1.2016465963583023E-4
2,510;812,-1.2011362049881935E-4
2,391;725,1.2004672005625053E-4
2,131;194,-1.1993527223691037E-4
2,528;737,-1.1986210477774483E-4
2,603;873,1.1984915743329654E-4
2,27;277,1.197915460277613E-4
2,662;959,1.1978205585290702E-4
2,150;718,1.1971843535553294E-4
2,223;763,1.1963263573189808E-4
2,279;656,1.1961939737404878E-4
2,711;986,-1.1957023851977264E-4
2,164;917,1.195694808675108E-4
2,23;603,1.1937296839250997E-4
2,516;801,1.1934055100215229E-4
2,85;947,-1.192795949170583E-4
2,203;675,1.1926367856322198E-4
2,668;813,-1.1920801381804346E-4
2,583;911,-1.191956391680041E-4
2,349;623,-1.1919528842979978E-4
2,18;381,-1.191550582443951E-4
2,335;673,-1.191454748444702E-4
2,729;968,1.1909619328099478E-4
2,225;623,1.190928913941027E-4
2,195;626,-1.1905984998414118E-4
2,4;712,-1.1891395231052229E-4
2,41;321,1.1887775412190538E-4
2,458;589,1.1887545804929592E-4
2,235;832,-1.1884626053700642E-4
2,295;369,-1.1883465307786393E-4
2,837;981,-1.1874773941282623E-4
2,694;712,1.187387506463318E-4
2,85;437,1.1869854480797478E-4
2,653;830,1.186314190660045E-4
2,504;716,-1.1861293679376183E-4
2,88;112,-1.1858878490886744E-4
2,448;732,-1.1848137175521051E-4
2,803;985,1.1844147857623516E-4
2,24;546,-1.1843602148085255E-4
2,842;864,1.1838555401943036E-4
2,539;677,-1.1831569822882366E-4
2,10;173,-1.1823798245846743E-4
2,225;663,1.1800615803715756E-4
2,71;864,-1.1800290985371747E-4
2,113;550,-1.1796301944595224E-4
2,128;172,-1.1792550284689138E-4
2,25;639,-1.1779096418081331E-4
2,683;715,1.1777565168216649E-4
2,60;353,1.1776829234225602E-4
2,129;930,1.1771813065968171E-4
2,864;950,-1.1764215034839546E-4
2,58;828,-1.176099622868456E-4
2,180;983,1.1751810322190224E-4
2,517;710,-1.1749399448046687E-4
2,329;400,1.1746324731800109E-4
2,224;351,-1.1743484561347417E-4
2,446;976,-1.1741150569158677E-4
2,208;543,-1.1730337319024838E-4
2,651;812,1.1728419107142657E-4
2,599;778,-1.1727331292421478E-4
2,531;565,-1.1727316404925693E-4
2,579;784,1.1726099942387101E-4
2,304;611,-1.1717253900637054E-4
2,430;597,-1.1709610420295683E-4
2,774;831,1.1707557767815167E-4
2,112;252,-1.1701149745280925E-4
2,54;396,-1.169806219768945E-4
2,212;818,1.1697245546558208E-4
2,628;928,1.1685844811558099E-4
2,37;418,1.167457029791258E-4
2,709;895,1.167395967885653E-4
2,410;688,-1.166833152614456E-4
2,404;828,1.1665914107721643E-4
2,11;16,-1.1661381553578154E-4
2,409;742,1.1659407640132197E-4
2,15;982,1.1657131801400324E-4
2,60;746,1.1652023360483497E-4
2,104;288,-1.1651906697896861E-4
2,742;946,1.1638858643498296E-4
2,178;314,1.1632559052996063E-4
2,328;768,-1.1626779097124251E-4
2,480;741,1.1613518699793893E-4
2,461;795,-1.1608818355439784E-4
2,767;861,1.1608449451796053E-4
2,399;984,-1.1593238130368661E-4
2,186;735,-1.157728643205113E-4
2,13;930,-1.1564577808817495E-4
2,25;747,-1.1560002062733769E-4
2,442;906,-1.1556777870186182E-4
2,256;699,-1.1550899460190705E-4
2,148;590,-1.1546163686620551E-4
2,246;328,1.1544650679065807E-4
2,11;729,1.1544554135048357E-4
2,650;767,1.1542149905175836E-4
2,626;819,-1.1539709641893389E-4
2,57;937,-1.1532011761141591E-4
2,836;893,-1.1531357813509061E-4
2,117;751,-1.152855539856936E-4
2,500;541,1.1526239664760136E-4
2,210;471,-1.1522209276520459E-4
2,691;954,-1.151726602080761E-4
2,347;800,1.1516367952650907E-4
2,734;735,-1.1514343735833185E-4
2,182;209,1.1511358671171259E-4
2,203;952,1.1501890411960158E-4
2,808;872,1.1498553984163271E-4
2,453;572,-1.1490778484123317E-4
2,236;598,-1.1478126353260184E-4
2,665;958,-1.147674062112497E-4
2,229;971,1.1474996623118685E-4
2,329;567,1.147283094772145E-4
2,121;834,1.1471906431739075E-4
2,157;310,1.1465263405875586E-4
2,180;477,1.1458203281407829E-4
2,179;973,1.1453355394020617E-4
2,11;183,-1.1446858450445782E-4
2,321;476,1.1437702757027596E-4
2,766;855,1.1433585476652606E-4
2,174;568,1.1428274360315667E-4
2,371;691,-1.1427822840044941E-4
2,434;620,1.1422935702321144E-4
2,33;732,1.1422224202263374E-4
2,552;731,1.138051117297966E-4
2,824;982,-1.1379303830733612E-4
2,153;993,-1.137493523155933E-4
2,120;713,-1.1373808472786151E-4
2,4;335,1.1371941702728361E-4
2,163;225,-1.1370056340952535E-4
2,1;873,-1.1368500698966486E-4
2,93;135,1.136696225698459E-4
2,569;739,1.1357149116820012E-4
2,377;642,-1.1351617987102643E-4
2,85;488,-1.1350316644562397E-4
2,549;784,1.1349930070642283E-4
2,270;828,1.1346710057518563E-4
2,103;818,-1.1326378757671931E-4
2,687;770,1.1325236159587858E-4
2,261;780,-1.1312785440803375E-4
2,225;844,-1.1310432852683655E-4
2,93;440,1.1297610951796941E-4
2,280;461,-1.1297296130029017E-4
2,609;951,1.1292018605776918E-4
2,300;615,1.1286669264405354E-4
2,22;371,1.1277543553762032E-4
2,532;712,-1.1276480857424343E-4
2,509;929,-1.1273184546818169E-4
2,180;421,-1.1272195538542165E-4
2,540;872,-1.1259768773756535E-4
2,276;492,-1.1240434764908343E-4
2,432;759,-1.1237863007741461E-4
2,406;580,-1.1221910380199546E-4
2,455;990,-1.1219605096652083E-4
2,151;805,1.1215131065221244E-4
2,585;903,-1.1209732413546514E-4
2,180;691,1.1209426918166951E-4
2,508;617,1.1208564254640891E-4
2,305;747,-1.1200530612539342E-4
2,261;999,-1.1194997999172763E-4
2,121;996,-1.1192985257345166E-4
2,803;998,1.1191378328075697E-4
2,610;794,-1.1189983494425712E-4
2,364;558,1.1181425109759351E-4
2,183;306,-1.1172485184966037E-4
2,379;427,1.1157289154697292E-4
2,253;869,1.1150048655132489E-4
2,789;904,1.1135620068994079E-4
2,113;579,-1.113456479756269E-4
2,745;955,1.1133323191615811E-4
2,87;217,-1.11275513299262E-4
2,226;846,1.1124069674563142E-4
2,159;973,1.1105320114691677E-4
2,304;594,-1.1102307187043689E-4
2,341;451,1.110190946328463E-4
2,277;580,1.1092161590442817E-4
2,120;140,1.1088765332577164E-4
2,200;459,-1.1088752774519668E-4
2,285;766,1.1088709558144946E-4
2,298;719,-1.1083311514668429E-4
2,41;437,-1.1072665085247251E-4
2,293;923,-1.107261563853115E-4
2,389;973,1.1071509478922562E-4
2,296;790,-1.1066868038602402E-4
2,732;948,1.1066128621472468E-4
2,10;679,-1.106519424838321E-4
2,51;171,-1.1064012832092954E-4
2,95;568,1.1063536460824572E-4
2,42;443,-1.1062861595708365E-4
2,542;840,1.106240171497516E-4
2,832;928,1.1051826514076937E-4
2,452;874,1.104982609193944E-4
2,197;239,-1.1045243988688605E-4
2,224;382,1.104163074213012E-4
2,400;623,-1.1037188614059884E-4
2,256;299,-1.1035634981494663E-4
2,14;533,1.1017401150187564E-4
2,311;927,-1.1014414058370509E-4
2,925;958,1.1012648597841164E-4
2,777;904,1.1008138440221341E-4
2,140;414,-1.1006935964682041E-4
2,534;962,-1.1002824628740529E-4
2,114;328,1.0991159296052663E-4
2,148;544,-1.0987240851262068E-4
2,467;723,1.0986518608738497E-4
2,62;284,-1.0985995553523422E-4
2,87;146,-1.097823157320268E-4
2,117;917,-1.0977841223021248E-4
2,342;424,1.0940866689867007E-4
2,508;518,1.0928177026542764E-4
2,384;503,1.0924642002205903E-4
2,167;251,-1.0924377089957663E-4
2,297;420,-1.0919783014336464E-4
2,83;268,1.0909956187486057E-4
2,13;688,1.0899248390845667E-4
2,399;783,1.0895444013076266E-4
2,624;868,-1.0887553525951136E-4
2,14;885,1.0884543668510984E-4
2,626;788,1.0879458857546769E-4
2,707;871,1.0878168143303478E-4
2,208;413,-1.0875096983663418E-4
2,864;923,1.0872474182381959E-4
2,172;344,-1.0870526904868844E-4
2,555;650,-1.0867390310299744E-4
2,331;879,1.0860615088744865E-4
2,65;777,1.0840522493968827E-4
2,617;666,-1.0837090819004967E-4
2,729;905,-1.0834500419938852E-4
2,656;911,-1.0826813378811545E-4
2,127;969,1.0805173094312844E-4
2,597;860,1.0803672510615698E-4
2,801;853,1.079022109756574E-4
2,568;960,1.078096549077326E-4
2,72;383,1.0780882174355272E-4
2,650;936,1.0779505455031643E-4
2,198;512,1.0774312739776698E-4
2,474;765,1.0772657641373833E-4
2,460;975,-1.0770227879424335E-4
2,640;861,1.0765346442382085E-4
2,77;753,-1.0758195012766547E-4
2,722;940,1.075420388716063E-4
2,265;627,1.074889676681427E-4
2,735;758,-1.0744616261919585E-4
2,391;435,-1.0739371597879732E-4
2,423;713,-1.0738919558177504E-4
2,531;931,-1.0733993619084098E-4
2,40;66,-1.0732203471105314E-4
2,397;873,1.0731824116914725E-4
2,171;825,-1.072995336629591E-4
2,688;900,1.072195182740376E-4
2,25;973,1.0717950439092056E-4
2,297;301,-1.0716413376021111E-4
2,416;448,-1.071230492321796E-4
2,181;664,-1.0707655698939592E-4
2,92;146,-1.0704620397266118E-4
2,196;753,-1.0701954013932559E-4
2,530;574,-1.0688465465454271E-4
2,478;802,1.068781008778528E-4
2,307;894,1.0687802483114067E-4
2,802;892,-1.0686004325233867E-4
2,203;484,-1.0677069199149614E-4
2,209;740,1.0663874655315108E-4
2,166;317,-1.0660476667127372E-4
2,65;606,1.0660152744234068E-4
2,152;826,1.0659758424757645E-4
2,456;966,1.0652933072589042E-4
2,102;142,1.0651891308799905E-4
2,400;438,-1.0651121802629751E-4
2,586;900,-1.0635758172944504E-4
2,194;393,1.0629767491423854E-4
2,648;707,1.0621867932992737E-4
2,59;135,1.0614986508286938E-4
2,118;319,-1.061007947066537E-4
2,42;198,1.060744243270004E-4
2,243;445,-1.0606756851588063E-4
2,356;767,-1.0595535795682759E-4
2,131;706,1.0593840412285485E-4
2,166;191,1.0589278115065051E-4
2,331;989,-1.0588238302386248E-4
2,138;723,1.0586231562237314E-4
2,410;433,1.0583540149425763E-4
2,195;833,1.0582119591445677E-4
2,194;881,-1.0579590818494658E-4
2,11;315,1.0572571269369446E-4
2,40;255,-1.0569172034860726E-4
2,7;83,1.0566542316851654E-4
2,686;764,1.0563712035472217E-4
2,38;267,1.0546784802474533E-4
2,136;937,-1.0544857022501888E-4
2,209;485,-1.0541938233265492E-4
2,28;493,-1.0537406998408566E-4
2,335;390,-1.0534281512579772E-4
2,897;945,-1.0531544800789225E-4
2,616;641,-1.0526989000344198E-4
2,384;391,-1.0525254499702603E-4
2,157;417,-1.052070462931013E-4
2,407;964,1.0510547712580767E-4
2,236;748,1.0506632544721737E-4
2,168;685,-1.0506539180192953E-4
2,442;804,1.0497656124364372E-4
2,469;530,1.0486708022958792E-4
2,116;841,1.0486180428934014E-4
2,883;908,-1.0481704495769085E-4
2,89;675,-1.0473891354204468E-4
2,597;763,-1.0468622203823583E-4
2,10;754,-1.0462747688476079E-4
2,185;755,-1.0460455770098567E-4
2,24;72,-1.0449182763631254E-4
2,28;562,1.0447593615308148E-4
2,114;245,-1.0446663556254981E-4
2,233;765,1.0443061771073617E-4
2,53;395,1.0442277049395917E-4
2,129;995,1.0435029354629796E-4
2,268;527,1.043200994984519E-4
2,132;522,-1.0429005400011801E-4
2,315;788,1.0426219818294785E-4
2,134;682,-1.0417174803893054E-4
2,66;621,-1.0413865469435676E-4
2,189;932,1.0409953940718348E-4
2,757;824,1.0406647816992651E-4
2,199;209,-1.0404726877867763E-4
2,438;809,1.0397592329680104E-4
2,325;399,-1.0397545323055665E-4
2,498;821,1.0383749970622355E-4
2,284;636,1.0383523218211827E-4
2,206;666,-1.0380521767530263E-4
2,315;849,1.0373464948728589E-4
2,143;203,1.0373267589072162E-4
2,141;744,-1.0371007115336134E-4
2,767;944,-1.0362171601994291E-4
2,580;753,1.036192667839701E-4
2,588;623,1.0355449541644577E-4
2,449;569,1.0346459699679321E-4
2,362;678,-1.0346087095005232E-4
2,891;944,1.0344647017274464E-4
2,841;959,1.0339805427575398E-4
2,396;798,-1.0337917386087576E-4
2,271;627,1.033395807684032E-4
2,208;555,1.0330834283234337E-4
2,120;473,1.0326494516177112E-4
2,425;558,-1.0318598632400922E-4
2,138;819,1.0312624638487594E-4
2,48;915,-1.0303602264511195E-4
2,404;699,1.0301150107118589E-4
2,765;782,-1.0300981535400483E-4
2,662;908,1.029946259634363E-4
2,435;871,1.0299074003069506E-4
2,460;689,-1.0295827925868883E-4
2,303;433,-1.0293403182054276E-4
2,36;788,1.029232119698046E-4
2,614;690,-1.0284346541186298E-4
2,153;905,-1.0282410673477627E-4
2,433;545,1.0281341979182491E-4
2,182;719,-1.0281151459842472E-4
2,175;415,1.0275868551257988E-4
2,490;864,-1.0268028041989352E-4
2,613;665,1.0266197026591323E-4
2,473;814,1.0253288402616759E-4
2,431;724,-1.0250612585091107E-4
2,455;878,1.0248863115857111E-4
2,279;976,1.0246841527499421E-4
2,275;678,1.0246577514982072E-4
2,331;864,-1.0246121279378381E-4
2,178;813,-1.0240878754630748E-4
2,241;533,1.0239127074628448E-4
2,37;520,1.0231039796260939E-4
2,306;456,1.0230095349729155E-4
2,5;256,-1.0229298549753094E-4
2,384;578,1.0224027497652228E-4
2,695;921,1.0221360874435064E-4
2,726;915,1.0215919396704399E-4
2,98;108,-1.0210328525935572E-4
2,5;228,1.0209544111083902E-4
2,242;332,1.0208057743346461E-4
2,366;379,1.0204908010693232E-4
2,308;561,1.0193782073836241E-4
2,41;621,-1.0174380373901238E-4
2,277;708,-1.0168796784938808E-4
2,414;871,-1.0167396901305998E-4
2,514;718,-1.0164681877025042E-4
2,270;431,-1.0163064407454873E-4
2,668;816,-1.0161630747758481E-4
2,62;625,1.0157252347283337E-4
2,26;596,-1.0156844627715478E-4
2,499;512,-1.015639746119979E-4
2,658;809,-1.0155730249170633E-4
2,98;177,-1.0155572693606318E-4
2,163;364,1.0150179946355015E-4
2,539;956,1.0133114034257926E-4
2,569;640,1.0125896883953487E-4
2,25;962,-1.01226994283848E-4
2,892;977,-1.012036767560465E-4
2,112;292,-1.011983028130496E-4
2,541;922,1.0116180033807675E-4
2,455;885,-1.0115854904074373E-4
2,261;346,1.0101154413954116E-4
2,37;378,1.0097892669898087E-4
2,500;819,1.009473949210011E-4
2,245;595,-1.0084564053459142E-4
2,759;961,-1.008293718642021E-4
2,344;585,-1.0081333459959152E-4
2,537;617,1.0075830452369708E-4
2,133;904,1.0073072932023419E-4
2,756;916,1.006845428304574E-4
2,178;897,1.0063209649266406E-4
2,140;713,-1.0061031488814052E-4
2,254;845,-1.005498448877071E-4
2,595;740,-1.0047036471569346E-4
2,51;278,1.0045154874679324E-4
2,135;440,-1.0040263014806556E-4
2,417;592,1.0036059982177688E-4
2,76;559,1.0032620067606289E-4
2,533;759,1.0032148095530959E-4
2,290;830,1.0031288080771875E-4
2,367;582,-1.0029735858263812E-4
2,169;920,1.0028951589742458E-4
2,436;474,-1.002640157596072E-4
2,349;967,-1.0025996257051517E-4
2,852;894,1.002235860578457E-4
2,481;951,1.0017151397495752E-4
2,34;180,1.001531323071075E-4
2,451;731,1.0010062478131415E-4
2,368;375,-1.0008535265505094E-4
2,453;705,-1.0001024625533497E-4
2,421;668,-9.991221782540698E-5
2,42;613,9.990451085705554E-5
2,759;922,9.98627023482919E-5
2,124;432,9.984935999328637E-5
2,206;869,-9.983504753419737E-5
2,640;905,9.983204958770253E-5
2,699;749,9.978716584263689E-5
2,394;874,9.970958028366733E-5
2,758;944,-9.96527152313793E-5
2,137;698,9.964129936481273E-5
2,155;301,9.963645546898212E-5
2,368;600,-9.953274623100204E-5
2,585;944,-9.949757672215209E-5
2,803;937,-9.949256841309706E-5
2,687;909,-9.948318143651408E-5
2,427;442,9.94624195406544E-5
2,341;701,9.930033425207966E-5
2,155;768,-9.929886376979063E-5
2,712;835,9.922247512412085E-5
2,159;639,9.90971048686328E-5
2,187;671,9.906776617048291E-5
2,111;643,-9.902454921328984E-5
2,666;944,9.894764010386198E-5
2,562;820,9.890196821443722E-5
2,219;990,-9.88842018393209E-5
2,737;923,-9.888209439474989E-5
2,928;966,-9.880239598325538E-5
2,456;904,-9.879247268895564E-5
2,882;941,9.876554599814601E-5
2,52;784,9.871730512075251E-5
2,138;502,9.87159802485722E-5
2,135;844,9.864459841240168E-5
2,209;443,-9.862649479594577E-5
2,65;247,-9.862097366395641E-5
2,210;880,-9.860117815920724E-5
2,428;734,9.857953378943044E-5
2,245;854,-9.857566154942396E-5
2,96;371,-9.849856240114392E-5
2,7;749,-9.847603322178541E-5
2,672;938,9.844698985277994E-5
2,698;786,9.843740643753797E-5
2,611;808,-9.838954953571513E-5
2,612;791,-9.835874329896694E-5
2,765;942,9.834102614031409E-5
2,139;448,-9.831573705045352E-5
2,487;538,-9.828553220420952E-5
2,289;517,9.82458503551391E-5
2,501;788,-9.823611465159383E-5
2,91;925,9.820665848915523E-5
2,100;206,9.818540739355265E-5
2,517;522,9.817583128889823E-5
2,187;747,-9.816789379162403E-5
2,112;562,9.816459098056524E-5
2,374;426,9.801909658825778E-5
2,167;911,9.785821831369282E-5
2,385;976,-9.782176705509693E-5
2,168;406,9.78035167050292E-5
2,133;245,9.768989638528045E-5
2,318;908,9.7641705899242E-5
2,168;691,-9.757337518247711E-5
2,26;264,9.741535545030389E-5
2,819;945,-9.739321995501966E-5
2,424;767,-9.73503910401023E-5
2,158;741,-9.733432916575291E-5
2,247;489,9.728406587392346E-5
2,200;747,9.711791391523822E-5
2,597;898,-9.710678903684673E-5
2,83;498,-9.706699731762144E-5
2,54;111,-9.705555574355043E-5
2,129;794,-9.701035798408649E-5
2,367;960,-9.689822473087359E-5
2,232;609,9.687032039618987E-5
2,45;347,9.685666754207536E-5
2,589;705,9.679458730152281E-5
2,341;763,-9.678816377685752E-5
2,142;264,9.672781105209586E-5
2,605;717,9.669086713937141E-5
2,0;19,9.663876989978256E-5
2,69;256,9.663254617321563E-5
2,291;319,9.662282876282131E-5
2,476;871,9.660455355298229E-5
2,384;672,9.660085361553045E-5
2,275;479,-9.658811061729689E-5
2,206;748,9.658515228804238E-5
2,421;816,-9.65832028376637E-5
2,87;499,9.652643124142838E-5
2,673;914,-9.652473408294408E-5
2,379;442,9.651806253930862E-5
2,92;378,-9.646981248554168E-5
2,693;804,9.643739625661777E-5
2,469;684,9.64240425104648E-5
2,206;843,9.638371391051401E-5
2,40;694,-9.637036791766434E-5
2,258;722,-9.6341262617775E-5
2,49;728,-9.634116977223179E-5
2,740;808,-9.63081190736213E-5
2,449;498,9.63007558997002E-5
2,96;393,-9.62870619994125E-5
2,766;833,9.628514488913753E-5
2,669;800,-9.625903509981563E-5
2,93;820,9.62462744514226E-5
2,97;700,9.617706062299672E-5
2,220;258,-9.613389835260766E-5
2,58;227,-9.612079982445834E-5
2,446;456,9.611755755451416E-5
2,145;300,9.610248059993121E-5
2,57;762,-9.607557874613274E-5
2,293;312,-9.598365092365208E-5
2,181;985,9.591837820813729E-5
2,73;664,9.584590186930419E-5
2,144;420,-9.578469480826946E-5
2,157;763,-9.575659426006619E-5
2,411;919,9.574880026220346E-5
2,173;203,-9.569436103569798E-5
2,159;431,9.555846813268154E-5
2,319;492,-9.555635995031633E-5
2,145;689,9.545436402396451E-5
2,362;589,9.539718563494766E-5
2,278;774,9.535425406450219E-5
2,604;728,9.535421804474378E-5
2,44;770,9.528399206804391E-5
2,17;985,9.526782233789932E-5
2,487;794,-9.519790869153431E-5
2,309;881,-9.513718296452644E-5
2,118;903,-9.513449128320719E-5
2,474;577,-9.51273719834534E-5
2,934;969,9.509336655206587E-5
2,398;813,9.502051899314548E-5
2,154;393,9.501116135904065E-5
2,136;490,9.49861845099941E-5
2,79;148,9.497269306996379E-5
2,81;769,-9.495466516971645E-5
2,417;438,-9.49367973394222E-5
2,851;903,9.485546189869513E-5
2,93;475,-9.483906490993106E-5
2,547;567,-9.483616863953225E-5
2,362;762,-9.472116885619395E-5
2,109;806,9.468372234459325E-5
2,177;831,-9.459548439685729E-5
2,500;775,9.456688909536633E-5
2,585;728,-9.454680773063453E-5
2,152;410,9.43415662570898E-5
2,57;724,9.42694512198993E-5
2,803;903,-9.414724268873745E-5
2,533;847,9.412055965767735E-5
2,597;666,-9.409950014814437E-5
2,312;494,9.405829652431355E-5
2,172;757,-9.398982089835237E-5
2,373;751,9.395748407683863E-5
2,471;729,9.393031841708711E-5
2,791;854,9.38556867377972E-5
2,113;439,9.381840496845589E-5
2,91;985,-9.377932311200488E-5
2,242;368,9.372808392154424E-5
2,582;973,-9.370553195954621E-5
2,307;707,9.363906042167503E-5
2,92;777,9.362862931740978E-5
2,456;805,-9.356450942496978E-5
2,178;853,9.356411800124429E-5
2,219;737,9.352535983398032E-5
2,160;813,9.350988940482067E-5
2,433;688,9.349816838209199E-5
2,635;750,9.338449747916378E-5
2,526;958,-9.329144545789384E-5
2,400;773,-9.327857877277592E-5
2,728;936,9.327293452339741E-5
2,212;437,-9.324594805163976E-5
2,345;423,-9.31942047020014E-5
2,84;857,-9.313577977544199E-5
2,358;899,-9.310800469441241E-5
2,332;708,9.310381465309527E-5
2,492;779,-9.306972261036712E-5
2,204;437,9.302699324141346E-5
2,648;801,9.301686367758888E-5
2,174;513,9.295254173691786E-5
2,615;715,9.285300824596832E-5
2,307;896,-9.285063894935464E-5
2,89;890,-9.284814656478462E-5
2,740;882,-9.284785536726405E-5
2,117;722,9.283674815564826E-5
2,255;966,9.280523037858894E-5
2,675;892,-9.279523815062451E-5
2,353;399,-9.278032724921982E-5
2,340;384,-9.27152773713779E-5
2,267;790,-9.26633553806957E-5
2,593;615,-9.266199970168274E-5
2,206;714,-9.266064627835156E-5
2,183;885,9.265023741729076E-5
2,32;912,-9.246931535772345E-5
2,184;959,-9.244660474387964E-5
2,295;477,-9.230768054623823E-5
2,76;481,9.23039737802766E-5
2,590;672,-9.229401456937825E-5
2,223;887,-9.228168416762142E-5
2,348;647,-9.22666977281473E-5
2,270;477,9.210115957986826E-5
2,494;857,-9.210078858053569E-5
2,535;819,9.203702112582411E-5
2,728;913,9.201255947670982E-5
2,348;958,-9.200083984621288E-5
2,113;351,-9.194054433441016E-5
2,487;661,-9.193538016973005E-5
2,230;372,9.191023465350465E-5
2,417;691,-9.186002282874534E-5
2,101;311,-9.170646563788763E-5
2,344;381,9.162366671922437E-5
2,366;765,9.151557854445848E-5
2,440;903,9.151331445418562E-5
2,573;998,-9.150889320320724E-5
2,889;914,-9.150006240046327E-5
2,393;638,-9.142119561357828E-5
2,59;581,-9.13668813741021E-5
2,158;949,9.13557504421472E-5
2,157;962,9.1318072045699E-5
2,666;891,9.12323167342391E-5
2,220;377,-9.11862060266527E-5
2,657;845,9.118539990864796E-5
2,61;122,9.118402449997582E-5
2,49;709,9.118140772475552E-5
2,456;731,9.117360872265747E-5
2,27;665,-9.11370488770418E-5
2,212;709,-9.10837498702646E-5
2,150;533,-9.108024496844325E-5
2,584;828,9.102851396131328E-5
2,28;820,-9.102745879958119E-5
2,186;606,9.096228945543067E-5
2,153;379,-9.096153379155864E-5
2,221;334,-9.095062679982988E-5
2,117;138,9.090220211535554E-5
2,75;844,-9.089673415654737E-5
2,68;629,9.076308168923107E-5
2,573;875,9.06942920872795E-5
2,55;112,9.066750842542823E-5
2,55;340,9.060400552403331E-5
2,58;426,9.057187068637506E-5
2,40;380,-9.056533140856973E-5
2,605;807,9.056028897353015E-5
2,408;870,9.055329146319403E-5
2,302;372,9.053917413898369E-5
2,16;460,-9.044457881597286E-5
2,71;771,9.037468496704775E-5
2,73;688,-9.03723906732841E-5
2,265;459,9.034791623230427E-5
2,37;275,-9.034043409967989E-5
2,70;135,9.029686698749093E-5
2,21;909,9.014440124507405E-5
2,166;293,9.013160488046468E-5
2,662;900,9.011441110375877E-5
2,55;292,9.011295004353631E-5
2,56;964,-9.002824279171575E-5
2,126;278,-8.998536833273657E-5
2,91;708,-8.993389709926767E-5
2,44;782,-8.990682532568302E-5
2,528;776,8.989536786830916E-5
2,373;919,-8.987946882606767E-5
2,151;456,8.987816085403919E-5
2,86;660,-8.985452868666533E-5
2,382;708,-8.983485168183944E-5
2,544;556,8.982544959757538E-5
2,437;756,-8.982103839840985E-5
2,40;429,8.981719828808112E-5
2,158;319,-8.980551319946068E-5
2,72;128,-8.980268502969843E-5
2,681;804,8.977301625557319E-5
2,18;341,8.973760019976104E-5
2,491;633,8.958297970578275E-5
2,568;769,8.957891603808874E-5
2,346;376,-8.95704558320649E-5
2,631;824,8.955223300396512E-5
2,188;281,-8.949133247356498E-5
2,306;426,-8.948072580162306E-5
2,69;171,-8.94178715926015E-5
2,348;971,8.93543131977615E-5
2,491;942,-8.933434001997768E-5
2,864;871,-8.931686287361143E-5
2,64;689,8.928693494850502E-5
2,102;342,8.924804748785112E-5
2,117;164,8.921839478533525E-5
2,809;850,8.920186007848535E-5
2,410;935,-8.917369789258906E-5
2,27;791,-8.911893441687357E-5
2,62;777,8.9096903854672E-5
2,134;373,8.90572495758002E-5
2,471;864,8.896947620200369E-5
2,348;863,8.896895059710097E-5
2,662;842,8.89383575851816E-5
2,28;974,8.892592813178102E-5
2,705;885,-8.892441136099708E-5
2,300;593,8.885628091746529E-5
2,285;983,-8.883572233359096E-5
2,431;777,-8.88328460342766E-5
2,118;340,8.881385708786232E-5
2,42;949,-8.877080987720155E-5
2,424;487,8.874387387898308E-5
2,318;605,8.867300680759299E-5
2,40;234,-8.86270789654479E-5
2,820;905,8.861417903204906E-5
2,235;783,8.860999470692939E-5
2,11;457,8.859522206892E-5
2,156;973,-8.858626300618795E-5
2,92;700,8.857630458896413E-5
2,74;686,8.857240625994309E-5
2,318;339,8.853145961640328E-5
2,868;937,8.852005163931348E-5
2,200;667,-8.849352852398568E-5
2,383;508,8.848699045406868E-5
2,233;742,8.847680630605664E-5
2,116;662,-8.846766211615763E-5
2,676;818,-8.837142455090825E-5
2,486;602,8.834924117420167E-5
2,234;965,-8.832657219322278E-5
2,744;900,8.829561949666701E-5
2,465;700,8.818817261497366E-5
2,126;222,8.815172397059967E-5
2,319;431,8.813149044061068E-5
2,650;817,8.81276354972786E-5
2,80;425,-8.812629460771693E-5
2,121;294,-8.812468094319448E-5
2,260;490,8.811786247588486E-5
2,32;563,8.811235165143364E-5
2,115;748,-8.811216880463435E-5
2,298;349,8.809620508598181E-5
2,120;207,-8.800331577620235E-5
2,482;772,-8.798555456537602E-5
2,62;706,-8.795538170685984E-5
2,42;491,8.792207423209384E-5
2,74;771,8.791971552976579E-5
2,209;946,8.791583504596415E-5
2,397;718,8.791385935687626E-5
2,9;747,8.785307643659723E-5
2,480;929,-8.774900272664634E-5
2,187;520,8.770479995632067E-5
2,247;413,-8.76937103994277E-5
2,500;903,8.748294223005806E-5
2,179;503,-8.745992730980809E-5
2,208;426,8.745948000101481E-5
2,199;565,8.745511523719923E-5
2,354;969,8.742606751095321E-5
2,294;794,8.742524674749602E-5
2,460;880,8.740557035220825E-5
2,145;824,8.738601611840185E-5
2,641;689,8.737723271722115E-5
2,586;990,8.734207557997956E-5
2,554;711,8.73350018644285E-5
2,147;523,8.730188212136376E-5
2,175;869,-8.728362944790813E-5
2,495;719,8.7263782459938E-5
2,307;852,8.725701148741384E-5
2,106;781,8.725506915332984E-5
2,883;953,8.725461508056875E-5
2,655;818,8.721133673839012E-5
2,548;591,-8.717485317416149E-5
2,225;400,8.717354040751305E-5
2,434;756,-8.715916637588209E-5
2,182;381,8.714906220909421E-5
2,323;600,8.712956851806661E-5
2,440;669,-8.712595263709966E-5
2,261;623,-8.711451283235955E-5
2,382;837,-8.706229065580814E-5
2,339;442,-8.705671498136163E-5
2,338;962,-8.701327697508364E-5
2,811;921,-8.700408332322948E-5
2,750;956,-8.700239979676303E-5
2,478;680,-8.690262872411752E-5
2,228;541,-8.689411275896025E-5
2,351;819,-8.682122464326092E-5
2,132;513,8.682018961558192E-5
2,176;485,8.681144230448349E-5
2,111;319,-8.679302296564171E-5
2,245;804,8.678583925055576E-5
2,132;554,-8.672995640038553E-5
2,170;705,8.663259995327969E-5
2,335;508,-8.662234681517358E-5
2,183;351,-8.654915515007957E-5
2,56;920,-8.65375112430704E-5
2,431;492,8.651953937198175E-5
2,524;973,-8.650946045649319E-5
2,36;683,8.650188568592668E-5
2,416;689,-8.650013701393494E-5
2,407;972,8.64694769576814E-5
2,337;883,8.643861258887394E-5
2,224;731,8.642720102273073E-5
2,432;476,8.640211244253654E-5
2,662;795,8.638825371535386E-5
2,688;816,8.62877080847227E-5
2,108;563,-8.627217124237819E-5
2,76;899,8.622761839485275E-5
2,391;467,-8.619981861660658E-5
2,144;205,8.616028957317258E-5
2,73;759,8.615055657247927E-5
2,90;699,8.60577861377448E-5
2,412;656,-8.602840624132724E-5
2,325;637,8.599912359143505E-5
2,891;974,8.590830331402104E-5
2,510;651,-8.586006049058553E-5
2,325;457,-8.584050831975501E-5
2,104;264,8.583537634313596E-5
2,825;870,-8.581948546210041E-5
2,336;479,8.580883507298899E-5
2,406;704,8.580349182337127E-5
2,395;417,-8.579413696581578E-5
2,21;824,-8.575845972928214E-5
2,186;875,8.57321509966762E-5
2,364;609,-8.572651059198983E-5
2,435;728,-8.56934411644185E-5
2,2;73,8.5674214033406E-5
2,4;72,-8.561730018676545E-5
2,390;608,-8.561596824011534E-5
2,172;926,-8.542272235943236E-5
2,681;727,-8.53836957149924E-5
2,59;128,-8.534055253747822E-5
2,690;720,8.533494962740882E-5
2,27;612,-8.532365857666699E-5
2,462;486,-8.52420867989567E-5
2,244;944,8.519976765776085E-5
2,148;448,8.51503960701771E-5
2,91;848,-8.513141717229117E-5
2,341;552,8.507206527666103E-5
2,286;462,-8.506910762592368E-5
2,23;878,8.504813226894874E-5
2,321;385,-8.499226227555388E-5
2,465;678,8.498816897114836E-5
2,299;367,8.495747301282045E-5
2,545;900,8.493503636985648E-5
2,735;973,-8.492410289268515E-5
2,97;745,8.485037273142517E-5
2,912;968,-8.484640913963198E-5
2,0;139,-8.481811018641319E-5
2,535;953,8.476387617089421E-5
2,134;294,-8.473607206511066E-5
2,327;634,-8.472903142675927E-5
2,381;757,-8.463883049915133E-5
2,264;542,8.461253270886446E-5
2,370;859,-8.459449076143718E-5
2,498;527,8.455178696447846E-5
2,170;921,8.451725877410774E-5
2,67;762,8.449999169003291E-5
2,474;893,-8.44268773577633E-5
2,29;787,8.439406563384794E-5
2,157;594,8.435341503597504E-5
2,55;894,8.428990339252808E-5
2,407;516,-8.428358361713932E-5
2,429;952,8.427643911365838E-5
2,26;118,-8.425915889629687E-5
2,310;683,-8.423170082645228E-5
2,789;878,8.421864291806949E-5
2,59;364,-8.4203154842455E-5
2,392;951,-8.417256604087177E-5
2,212;981,-8.412821898987454E-5
2,79;312,8.410240513703965E-5
2,413;446,8.405094675094874E-5
2,473;832,8.404861562781124E-5
2,285;438,8.40385331251488E-5
2,257;521,-8.401596852772738E-5
2,278;553,-8.397883919624929E-5
2,437;590,8.395960788482482E-5
2,388;908,8.387460810851792E-5
2,439;548,-8.379916507066066E-5
2,110;835,-8.375841282310753E-5
2,287;676,-8.373543576344623E-5
2,133;722,-8.37262999097168E-5
2,112;484,8.366255574928208E-5
2,526;928,-8.365510196627689E-5
2,329;523,8.358297475325088E-5
2,360;413,8.357815682971678E-5
2,275;476,-8.356977914645581E-5
2,653;765,-8.355012123610843E-5
2,211;909,-8.349655992794913E-5
2,64;436,8.34862569357103E-5
2,32;249,-8.345684013773536E-5
2,487;926,8.334324022917736E-5
2,344;677,-8.333019595970939E-5
2,304;872,8.32738184444389E-5
2,161;505,8.326320948347656E-5
2,597;874,8.322312839795965E-5
2,416;846,8.319173724243184E-5
2,93;838,-8.316962967830008E-5
2,155;318,8.309094481990148E-5
2,430;515,8.304167538037017E-5
2,237;238,-8.304121054176792E-5
2,423;581,-8.301002655368311E-5
2,5;317,8.298589175709755E-5
2,428;864,-8.29791192932278E-5
2,536;883,8.297082916970582E-5
2,132;431,8.29542431736981E-5
2,306;670,8.291296765847605E-5
2,447;589,-8.289028024328146E-5
2,36;467,8.285437870187192E-5
2,367;577,-8.278980665860155E-5
2,89;442,8.27549644541574E-5
2,676;785,-8.275113629632958E-5
2,109;985,-8.273659951752749E-5
2,806;905,8.2732425238927E-5
2,590;898,-8.267653283707746E-5
2,111;211,-8.263315582928321E-5
2,32;729,8.262401404149616E-5
2,245;838,8.261961664521426E-5
2,540;741,8.258920200692253E-5
2,285;289,8.258196000924601E-5
2,621;812,8.253698330670383E-5
2,0;313,-8.24479568694716E-5
2,484;633,-8.2434360373462E-5
2,509;611,-8.24194451868593E-5
2,311;569,8.240744282598641E-5
2,231;479,-8.239401670982742E-5
2,389;692,-8.236910048915198E-5
2,340;654,-8.233056945866771E-5
2,63;554,8.231488219132608E-5
2,258;678,8.226471262799695E-5
2,200;662,-8.22211350936671E-5
2,437;725,-8.22208415776067E-5
2,321;756,8.221084396944015E-5
2,210;391,-8.21917353003685E-5
2,621;881,-8.21722788272197E-5
2,323;351,-8.213350973685901E-5
2,177;333,8.210192016609086E-5
2,416;719,-8.208881848838231E-5
2,83;749,8.205271571172854E-5
2,103;182,-8.201351260340402E-5
2,198;209,8.190433000928027E-5
2,635;956,8.190356469142278E-5
2,306;404,8.188932868898906E-5
2,163;951,8.187751770043486E-5
2,51;125,8.179373971306514E-5
2,94;647,-8.17933493362998E-5
2,408;817,-8.166047591223349E-5
2,599;859,8.152921503646872E-5
2,553;700,-8.149184032664088E-5
2,142;545,8.147685273247199E-5
2,305;692,-8.142539029973752E-5
2,20;77,-8.142367748601555E-5
2,221;689,-8.142108471440448E-5
2,63;603,8.136286094948645E-5
2,51;142,8.125365995622452E-5
2,242;892,8.124424509384584E-5
2,77;625,-8.123288609015875E-5
2,474;734,8.121983656362134E-5
2,343;928,8.121588818324088E-5
2,489;779,8.115989905623946E-5
2,187;959,-8.115049134417529E-5
2,99;698,8.114778853287707E-5
2,831;867,8.114294637711097E-5
2,397;645,-8.107802165629319E-5
2,26;142,8.107669008256925E-5
2,563;986,8.107016692820468E-5
2,227;665,8.106754497134271E-5
2,60;986,8.102530987924026E-5
2,381;695,8.099640376953218E-5
2,600;906,8.095087983531246E-5
2,353;815,8.094380350687292E-5
2,82;447,8.091648753577328E-5
2,316;556,8.091387635070674E-5
2,551;933,-8.089158766235893E-5
2,837;891,8.0864728301168E-5
2,22;289,-8.083185367264382E-5
2,90;767,-8.082615101053608E-5
2,458;621,8.078314696030371E-5
2,600;972,-8.076663175789289E-5
2,511;974,-8.074657697591776E-5
2,454;609,-8.073749735000517E-5
2,217;751,8.068314119587648E-5
2,183;323,8.066180346039412E-5
2,647;957,8.06558073234672E-5
2,390;924,8.064690697455788E-5
2,227;521,-8.063538175543946E-5
2,556;995,-8.062446029728814E-5
2,336;453,-8.060291380319423E-5
2,33;355,8.058739637590013E-5
2,535;626,8.05729697159173E-5
2,70;257,8.057048856521339E-5
2,103;190,-8.056439379401203E-5
2,161;209,-8.05533180581218E-5
2,331;666,-8.054268796314098E-5
2,139;148,8.052735269134076E-5
2,323;603,-8.051635607867059E-5
2,150;791,-8.050130246817275E-5
2,694;974,-8.049318892281377E-5
2,192;367,8.04835284196269E-5
2,305;532,8.047248201291463E-5
2,9;971,-8.045732657325508E-5
2,201;846,-8.044301029427414E-5
2,510;602,8.039054038734253E-5
2,29;493,8.023988288913198E-5
2,47;671,-8.015879676088142E-5
2,364;875,-8.014353950255793E-5
2,779;928,-8.010358304544407E-5
2,494;725,8.008979403943093E-5
2,102;622,8.008606530763535E-5
2,83;333,8.004954318306381E-5
2,391;639,-8.000263148174259E-5
2,128;818,7.999404518282305E-5
2,166;881,7.997112588148474E-5
2,289;896,7.993427956948366E-5
2,35;513,7.993369757912083E-5
2,93;410,-7.980593204187983E-5
2,6;117,-7.980156592053319E-5
2,60;482,7.979589957341187E-5
2,794;913,7.978349319598785E-5
2,662;977,7.977135825554702E-5
2,473;520,7.975481691830782E-5
2,194;759,7.974021407808986E-5
2,110;410,7.968809173200811E-5
2,127;512,7.964247613192732E-5
2,480;514,7.962745917982844E-5
2,193;887,7.958901924109818E-5
2,497;767,7.955221455148418E-5
2,22;642,7.954153485929717E-5
2,227;627,-7.952318985317117E-5
2,0;431,-7.947737175855169E-5
2,384;654,-7.94728625575823E-5
2,15;258,7.94202891710573E-5
2,314;629,-7.939391264577067E-5
2,13;826,7.938842460793645E-5
2,33;629,7.929634844783518E-5
2,483;597,7.928436155023213E-5
2,297;468,7.92542168558278E-5
2,484;650,7.925318819305047E-5
2,426;719,-7.918180893784102E-5
2,759;907,7.907849446375961E-5
2,212;848,-7.906872469071363E-5
2,210;873,-7.905616716123457E-5
2,686;964,-7.904409995434647E-5
2,170;453,7.903441370108011E-5
2,8;58,-7.902929172016924E-5
2,75;640,7.902389512770328E-5
2,322;809,-7.88794262099645E-5
2,165;466,7.886760133176471E-5
2,398;595,7.886215933126055E-5
2,114;759,7.88271795003866E-5
2,166;901,-7.882143791231776E-5
2,37;92,7.877089357173269E-5
2,585;943,-7.875889761058882E-5
2,380;977,-7.87123100295487E-5
2,168;678,-7.870327238073816E-5
2,233;548,7.867891901918556E-5
2,37;476,7.863851804587219E-5
2,280;509,-7.861424665287592E-5
2,2;768,7.861322230233034E-5
2,611;728,7.855581176271982E-5
2,210;733,7.853591831407026E-5
2,347;438,-7.851306198375085E-5
2,456;580,7.843441105964492E-5
2,750;969,-7.84335567959749E-5
2,485;866,7.836650616600627E-5
2,114;709,-7.836478357380145E-5
2,266;290,-7.83575433347195E-5
2,143;675,-7.83005244018474E-5
2,211;269,-7.829086365616323E-5
2,33;185,-7.82674937900021E-5
2,191;965,7.826431716649261E-5
2,154;936,-7.824226270125201E-5
2,64;748,-7.821403502334E-5
2,216;611,-7.816223902738874E-5
2,195;509,-7.815951383179276E-5
2,55;969,7.814190057888727E-5
2,207;569,-7.812314081963288E-5
2,650;940,7.805237495303205E-5
2,42;727,-7.805030466612857E-5
2,52;319,-7.800208762503072E-5
2,639;656,-7.799511477604057E-5
2,366;547,-7.792872837419152E-5
2,582;613,-7.790721088301644E-5
2,373;869,7.789915317160418E-5
2,33;662,7.787276567466576E-5
2,283;505,7.769879979802253E-5
2,769;910,7.76593024931146E-5
2,614;971,-7.763164190732747E-5
2,376;839,7.76197884198576E-5
2,262;510,7.759344945627897E-5
2,77;558,-7.754084086080673E-5
2,211;903,7.750280310929772E-5
2,210;864,7.746401155129986E-5
2,495;596,7.745982293397287E-5
2,455;968,-7.740983908189564E-5
2,289;473,7.737277449045951E-5
2,444;580,7.736295824735399E-5
2,119;424,7.735499711926153E-5
2,283;552,7.728532412771217E-5
2,607;884,7.725134469706566E-5
2,552;807,-7.720003967982981E-5
2,50;922,-7.717888933045194E-5
2,4;944,-7.717573450002557E-5
2,306;367,-7.707383270434939E-5
2,52;549,-7.706588351772538E-5
2,155;449,7.700281135011045E-5
2,102;666,-7.697812389647544E-5
2,500;594,7.697348601968943E-5
2,617;905,7.691811150976399E-5
2,82;308,7.691118675591575E-5
2,557;578,-7.690644614712165E-5
2,353;482,7.690629346831032E-5
2,691;708,7.68950694987208E-5
2,107;770,-7.686267095374896E-5
2,31;902,7.685567042668499E-5
2,44;257,7.680971860920574E-5
2,475;942,-7.679708597667432E-5
2,33;845,7.679244712638433E-5
2,370;662,7.672109447424909E-5
2,520;547,7.661693491173368E-5
2,859;904,-7.651190771117794E-5
2,133;475,7.648955544237404E-5
2,24;248,7.646844226793804E-5
2,85;767,7.644714849908546E-5
2,101;664,-7.631145454717587E-5
2,513;962,-7.630137695719038E-5
2,721;874,-7.624024509687613E-5
2,129;913,7.616873591556745E-5
2,446;731,-7.61674647659123E-5
2,551;971,-7.613586890964445E-5
2,250;400,7.613106594488153E-5
2,142;154,7.613037489378667E-5
2,277;823,-7.611818308850058E-5
2,548;701,7.611260750909799E-5
2,177;999,7.610249788332387E-5
2,274;899,7.60903979832204E-5
2,554;747,7.605042424399648E-5
2,439;743,7.604650380405072E-5
2,441;836,-7.596550253204353E-5
2,27;662,-7.595773188964006E-5
2,111;187,7.59384585818536E-5
2,178;930,-7.590417618166681E-5
2,23;125,-7.589271041503334E-5
2,695;967,-7.584923087006116E-5
2,120;985,7.583466044204683E-5
2,256;473,7.582016342831491E-5
2,603;927,-7.581643173207691E-5
2,122;740,7.581214744629442E-5
2,35;892,-7.576356694294464E-5
2,190;942,7.574404815023758E-5
2,289;814,7.57323528147702E-5
2,507;552,-7.5708499523855E-5
2,603;750,7.570272912735238E-5
2,730;835,-7.568070931259964E-5
2,686;957,-7.568069356299612E-5
2,110;794,-7.567085446213917E-5
2,271;831,7.565299202080338E-5
2,895;955,-7.564231757074812E-5
2,574;831,-7.564183599055139E-5
2,223;992,-7.563841598324906E-5
2,5;170,7.560544228271496E-5
2,133;903,-7.558094547238955E-5
2,673;948,-7.557364914677673E-5
2,286;372,-7.556997905689652E-5
2,217;247,7.556636134405959E-5
2,506;990,-7.55517967140189E-5
2,412;663,7.55370211877219E-5
2,249;729,7.553181976849646E-5
2,525;698,-7.551627659452548E-5
2,30;959,7.548406619681059E-5
2,213;668,7.548058212416394E-5
2,289;515,7.541442467646356E-5
2,18;588,-7.540319196915555E-5
2,47;209,-7.539580626099196E-5
2,342;770,-7.537875710784737E-5
2,609;867,7.537865721832194E-5
2,11;76,-7.534243004492511E-5
2,329;438,7.533710789598441E-5
2,117;953,-7.533696756888375E-5
2,935;942,7.533457448934625E-5
2,803;871,-7.525867024250896E-5
2,82;577,-7.521733824510138E-5
2,397;421,-7.519563429543717E-5
2,604;611,-7.515169114217206E-5
2,22;325,7.515131627377163E-5
2,130;578,7.514513761570391E-5
2,244;455,-7.511291143090591E-5
2,256;283,7.508853721108453E-5
2,174;459,-7.506680047406037E-5
2,421;608,7.506244758049855E-5
2,361;893,7.504249983882039E-5
2,29;820,-7.503355368553692E-5
2,662;922,-7.502963204343316E-5
2,680;682,-7.502575428927566E-5
2,533;753,7.501289395658455E-5
2,81;124,7.498161389475944E-5
2,422;550,-7.492406336984277E-5
2,38;792,-7.489527815424122E-5
2,3;233,-7.487973797849381E-5
2,281;988,7.484381889649584E-5
2,840;979,-7.483112789306009E-5
2,493;745,-7.482489923782635E-5
2,163;747,7.481671540834103E-5
2,853;921,-7.478702992136477E-5
2,232;617,7.475603821496281E-5
2,62;534,-7.475373569618113E-5
2,289;638,-7.474486388521192E-5
2,715;795,-7.471702673157282E-5
2,250;449,-7.467572878933723E-5
2,537;879,7.46716115980203E-5
2,92;153,-7.466000744031865E-5
2,184;891,-7.465552881140094E-5
2,1;12,7.462532261920118E-5
2,402;428,-7.461102131270809E-5
2,505;910,-7.456190439118033E-5
2,619;945,-7.453364758697264E-5
2,475;802,7.452175215360672E-5
2,251;865,-7.451714984938323E-5
2,134;816,-7.449903603417844E-5
2,242;319,-7.44493406690424E-5
2,235;681,-7.444325764546523E-5
2,704;785,7.440612051881293E-5
2,556;740,-7.440053363354518E-5
2,523;926,-7.438537677490443E-5
2,379;380,7.435447341983542E-5
2,18;652,7.434941694696143E-5
2,379;942,-7.433995151715193E-5
2,124;680,-7.431078481722732E-5
2,71;739,-7.43097671298952E-5
2,585;695,7.424156373867233E-5
2,255;475,-7.423552590330959E-5
2,130;508,7.42349717168632E-5
2,729;900,7.412168212555315E-5
2,316;646,-7.411896160591611E-5
2,386;591,7.404444528551949E-5
2,210;435,-7.402455307033773E-5
2,224;799,7.399314451738707E-5
2,722;789,7.3973018789813E-5
2,155;791,-7.394495919178485E-5
2,492;766,-7.391870549596776E-5
2,944;990,-7.390737923411995E-5
2,196;686,-7.389493347466525E-5
2,663;701,-7.38827672362152E-5
2,833;883,-7.387532669593553E-5
2,613;714,-7.383467112995941E-5
2,468;723,-7.382834164430235E-5
2,635;773,-7.378000554282147E-5
2,20;203,-7.377293560293785E-5
2,235;874,-7.376384396473831E-5
2,610;778,7.375717528557278E-5
2,640;806,7.375372017780495E-5
2,631;981,-7.36991648968792E-5
2,723;822,7.367157836835122E-5
2,773;805,7.365398656438049E-5
2,714;799,7.359582665783798E-5
2,208;448,7.358619534644552E-5
2,212;328,7.355189993131117E-5
2,447;577,-7.353715831520738E-5
2,15;404,7.350505399156212E-5
2,795;987,-7.339666371512588E-5
2,54;605,7.336708235763452E-5
2,34;276,7.333463905439259E-5
2,18;278,-7.333172866416231E-5
2,422;941,7.325183427565376E-5
2,283;644,7.318282197420577E-5
2,39;600,-7.316918930102722E-5
2,190;581,7.316349613136736E-5
2,785;818,-7.315616133874029E-5
2,407;980,7.308518212478785E-5
2,672;719,7.302943475513213E-5
2,455;568,7.293007020126588E-5
2,389;962,7.292862259770389E-5
2,39;445,-7.292197124312546E-5
2,562;963,-7.284114548724233E-5
2,349;377,7.282912846964884E-5
2,317;912,7.281449505716967E-5
2,457;778,7.279639415888276E-5
2,347;395,-7.278623321972464E-5
2,126;361,7.276329551926248E-5
2,501;620,-7.276134389921068E-5
2,301;747,7.272815290485252E-5
2,260;527,-7.272618492192361E-5
2,113;841,7.272529625952534E-5
2,545;860,7.270268880372574E-5
2,118;826,7.265887507005778E-5
2,610;752,-7.265726293767096E-5
2,362;729,-7.265438760672498E-5
2,265;338,7.264452209093944E-5
2,839;888,-7.262355748932193E-5
2,131;588,-7.261933963130304E-5
2,72;172,7.260362787789799E-5
2,141;441,7.25641249189667E-5
2,424;737,7.25275541286151E-5
2,10;397,-7.252461867643234E-5
2,378;899,7.248113978433996E-5
2,325;802,7.24790815985486E-5
2,125;545,-7.24749795204737E-5
2,611;740,-7.246627717683543E-5
2,88;373,7.245708231258116E-5
2,350;889,7.245106575940594E-5
2,385;509,-7.240023632606577E-5
2,80;835,-7.239687184994404E-5
2,121;617,7.2390986990523E-5
2,559;914,7.238738247420156E-5
2,276;527,-7.238271153585472E-5
2,156;192,-7.236382498807401E-5
2,317;499,-7.23600765972769E-5
2,491;578,7.234109244562612E-5
2,23;152,-7.23297268928199E-5
2,367;474,7.232800617701696E-5
2,476;984,7.22449725226694E-5
2,29;968,-7.222866782935176E-5
2,394;892,-7.220240989211845E-5
2,473;834,-7.219013906457616E-5
2,206;728,7.215875457007219E-5
2,112;527,-7.209248992304362E-5
2,615;906,-7.20875951537342E-5
2,341;599,-7.207067804495836E-5
2,79;512,-7.201361891265457E-5
2,30;200,7.199314522381367E-5
2,87;303,7.198863739878497E-5
2,41;204,7.194765301373391E-5
2,447;885,7.192558665349678E-5
2,523;815,-7.191767213924138E-5
2,387;781,-7.190997776641661E-5
2,325;984,-7.188382005061756E-5
2,112;531,-7.186728561450848E-5
2,360;562,7.185310943548844E-5
2,521;674,7.182415305074385E-5
2,266;743,-7.181115134956426E-5
2,168;382,-7.174912459007694E-5
2,472;818,-7.173500334427793E-5
2,468;915,7.172930561072763E-5
2,257;408,7.172181656536325E-5
2,12;395,-7.170783317560267E-5
2,516;779,7.166656316472956E-5
2,573;650,-7.166098160946167E-5
2,183;969,7.16589635597985E-5
2,287;942,-7.164094736338758E-5
2,113;581,7.162240137071601E-5
2,135;855,-7.160764428785936E-5
2,416;585,7.157306259073796E-5
2,605;613,7.156703587436522E-5
2,333;974,-7.152631240932723E-5
2,555;630,-7.151358401533358E-5
2,639;973,-7.14960987253145E-5
2,752;895,-7.149561360846214E-5
2,491;577,7.146656552697785E-5
2,239;666,-7.14591631592173E-5
2,335;342,7.144563350123378E-5
2,10;541,-7.14308687969484E-5
2,34;431,7.138098647798289E-5
2,480;753,-7.131394876638894E-5
2,155;328,-7.122524816012649E-5
2,336;361,7.118929103029387E-5
2,161;617,7.118837636625791E-5
2,605;864,-7.117773213210796E-5
2,748;832,-7.116166568507132E-5
2,113;827,-7.116107854735656E-5
2,344;757,-7.114441382574615E-5
2,251;696,-7.114376714470397E-5
2,260;281,7.111731600684254E-5
2,817;997,-7.105947417036557E-5
2,426;445,7.104366567484475E-5
2,253;482,-7.103126885234728E-5
2,198;988,-7.102738211444199E-5
2,298;382,7.102110979403401E-5
2,293;763,7.101808646963858E-5
2,283;805,-7.095342805755661E-5
2,708;813,7.09284440636932E-5
2,168;325,-7.089365827924641E-5
2,131;638,7.088262852162747E-5
2,181;815,7.080225054197073E-5
2,135;766,7.067435251445547E-5
2,307;876,-7.067181846179105E-5
2,227;508,7.062654177135639E-5
2,508;723,7.062352779781284E-5
2,311;743,7.061939696111785E-5
2,280;987,-7.059282205173978E-5
2,312;907,7.057750057032218E-5
2,86;461,7.054047951704556E-5
2,510;897,7.050831880175279E-5
2,248;301,-7.050717740736829E-5
2,115;236,7.040740811126704E-5
2,582;735,-7.038122956677018E-5
2,682;841,-7.037213687929159E-5
2,464;519,-7.036191839601839E-5
2,114;475,-7.036014287674781E-5
2,475;747,7.034571339349663E-5
2,134;375,-7.032624104344195E-5
2,420;999,7.030700473155565E-5
2,152;603,-7.027561750217728E-5
2,17;963,-7.025857169328678E-5
2,225;743,7.022783861210108E-5
2,103;191,7.021004512710097E-5
2,35;188,7.019737744897022E-5
2,50;321,-7.016253849709844E-5
2,335;632,7.015369312595904E-5
2,671;944,-7.010267052551639E-5
2,283;603,7.00680206514512E-5
2,4;577,7.005853044363177E-5
2,708;960,-7.000124885726313E-5
2,494;937,6.999165036218105E-5
2,232;666,-6.9982336009835E-5
2,313;401,6.99605114673674E-5
2,885;973,6.985964254484517E-5
2,639;887,-6.979233973613965E-5
2,537;864,-6.973071768076695E-5
2,347;607,6.97217134436744E-5
2,371;679,-6.971636925724531E-5
2,220;530,6.970241692668056E-5
2,568;935,6.967031508400612E-5
2,561;967,6.966282966230678E-5
2,54;717,-6.964867513155199E-5
2,458;671,-6.962222229514348E-5
2,444;929,-6.962103783384882E-5
2,607;728,-6.961128912671285E-5
2,468;730,6.960642638508249E-5
2,232;660,-6.956264189820177E-5
2,678;966,-6.950805864359741E-5
2,50;161,6.950538712432761E-5
2,866;935,6.949325835164202E-5
2,254;307,6.949312817109094E-5
2,408;920,6.948171524678989E-5
2,529;687,6.947604500438638E-5
2,25;248,-6.94477537961885E-5
2,59;713,6.935238328362657E-5
2,76;467,6.926970226593834E-5
2,94;348,6.925876254710111E-5
2,706;998,6.925372162524483E-5
2,57;314,-6.92357413423804E-5
2,277;753,6.921437354415006E-5
2,118;169,-6.91929342870252E-5
2,556;704,-6.915613340890588E-5
2,284;535,-6.914321962454266E-5
2,505;882,-6.91264475136418E-5
2,163;609,6.912399202781869E-5
2,179;781,-6.911703309638719E-5
2,483;623,6.903501472853835E-5
2,272;758,6.902698885011865E-5
2,110;864,6.899243380497743E-5
2,604;607,-6.892250907013358E-5
2,10;329,-6.887508218240967E-5
2,747;971,-6.887302298522678E-5
2,430;611,-6.886352226964243E-5
2,649;965,6.881251409939262E-5
2,116;361,6.88122464324445E-5
2,129;883,6.874162458949368E-5
2,730;884,6.868520184000227E-5
2,745;875,-6.863720238548527E-5
2,647;849,-6.861520635436341E-5
2,773;945,-6.860845776771163E-5
2,209;942,6.859080154671335E-5
2,554;650,-6.856378580709232E-5
2,917;993,-6.855404107452609E-5
2,374;396,6.855210114883905E-5
2,67;138,-6.851024562738207E-5
2,316;869,-6.849205193420208E-5
2,591;701,-6.846482726108941E-5
2,294;429,-6.842570453380786E-5
2,626;946,6.841409577459523E-5
2,278;611,6.839535165811197E-5
2,240;320,-6.834878592004351E-5
2,452;946,-6.830185415515104E-5
2,33;519,-6.828982410310261E-5
2,223;512,6.827473012519543E-5
2,131;993,-6.823768859560864E-5
2,220;925,6.823570484810928E-5
2,483;968,-6.822994722318632E-5
2,815;906,6.8157468700596E-5
2,573;767,6.815264902091878E-5
2,207;782,6.809417332956078E-5
2,470;709,6.808601551977176E-5
2,180;783,-6.802985120298866E-5
2,230;489,6.802783304497E-5
2,384;973,-6.801455461232155E-5
2,564;750,6.798660571018021E-5
2,783;983,6.798439480107728E-5
2,46;186,-6.792904313996287E-5
2,148;169,6.791383456215065E-5
2,436;463,-6.791379807466346E-5
2,25;100,6.786999047890988E-5
2,581;611,-6.781499117381986E-5
2,478;758,-6.780380401500228E-5
2,726;764,-6.77361207776387E-5
2,175;597,6.770555514382612E-5
2,920;984,6.76762953312787E-5
2,727;956,-6.764677443820955E-5
2,91;120,6.763736871229362E-5
2,471;950,-6.762112701884148E-5
2,223;500,-6.761927767220205E-5
2,34;531,-6.757889684219816E-5
2,82;556,6.7566303359865E-5
2,290;413,-6.755035606231248E-5
2,301;701,-6.751211839555035E-5
2,491;585,6.749472496682858E-5
2,358;831,6.74478828456034E-5
2,11;379,-6.742086329739622E-5
2,778;859,-6.740503349354833E-5
2,49;613,6.738145882715444E-5
2,453;687,6.737690683961668E-5
2,125;662,-6.737277595246127E-5
2,29;225,-6.736224401259994E-5
2,101;203,-6.734580162239342E-5
2,4;181,6.731508583064302E-5
2,478;718,-6.729814533600323E-5
2,13;385,-6.729034816449913E-5
2,333;788,-6.72548655671591E-5
2,468;894,-6.722834544783654E-5
2,374;402,6.721775814033217E-5
2,166;473,-6.721296371586253E-5
2,290;308,-6.717549859927539E-5
2,616;869,-6.715722979371739E-5
2,565;762,6.712584129227073E-5
2,27;837,6.71241145033024E-5
2,158;289,6.710539420164207E-5
2,175;520,-6.70842363380472E-5
2,333;770,6.704000403441695E-5
2,927;979,-6.702589119321793E-5
2,135;382,6.694182798870769E-5
2,178;408,6.693538172401215E-5
2,764;986,6.69040112310094E-5
2,770;845,-6.688782264725407E-5
2,737;767,-6.684664582389986E-5
2,0;678,-6.684614765987607E-5
2,75;392,-6.684391881795561E-5
2,479;650,-6.683193562162072E-5
2,472;923,-6.678369868543519E-5
2,72;170,-6.677334214209748E-5
2,238;337,6.677135591967659E-5
2,196;407,6.676409150434354E-5
2,468;603,6.672418755415016E-5
2,270;739,6.672268901738376E-5
2,555;575,-6.668715780687384E-5
2,22;237,6.6662589758885E-5
2,110;362,6.662798290551406E-5
2,618;792,-6.657235300917364E-5
2,155;509,6.655609524566142E-5
2,737;974,-6.652987472557375E-5
2,343;826,-6.652438907404581E-5
2,128;443,-6.648605622243456E-5
2,71;679,-6.644114891365052E-5
2,218;730,6.643372505498673E-5
2,244;283,-6.641533441334948E-5
2,884;963,-6.638847943373421E-5
2,187;259,-6.638492598960969E-5
2,496;598,-6.634380645356774E-5
2,252;448,-6.632456339571487E-5
2,556;808,6.63117096606895E-5
2,494;721,6.629461155890229E-5
2,25;246,6.628616355322483E-5
2,237;410,-6.628214232997138E-5
2,436;698,6.626844038370996E-5
2,825;951,6.625940706165241E-5
2,450;693,6.623808626195355E-5
2,88;428,-6.623317271975191E-5
2,329;932,-6.622402830447188E-5
2,824;949,6.62202581095794E-5
2,406;618,-6.618601152981494E-5
2,761;864,-6.616235980530303E-5
2,23;986,-6.61515510544268E-5
2,252;945,6.611488121391732E-5
2,19;352,6.604889201060435E-5
2,267;374,6.604626967683875E-5
2,104;840,6.60443054480784E-5
2,129;924,6.60390704963592E-5
2,605;610,6.603883354110487E-5
2,0;270,-6.602764061819579E-5
2,234;557,-6.602074539070908E-5
2,606;871,6.600159766704648E-5
2,396;506,-6.598568492168736E-5
2,323;350,6.594727125361099E-5
2,246;848,-6.593387003298758E-5
2,457;584,-6.593355990039643E-5
2,509;762,6.592596666540807E-5
2,529;958,6.592257299573576E-5
2,719;939,-6.5899023602772E-5
2,460;822,-6.588666755168708E-5
2,37;992,-6.586685779336402E-5
2,337;902,-6.586445473069669E-5
2,95;530,-6.585734091935351E-5
2,107;551,6.580980648324453E-5
2,129;487,-6.580911926155095E-5
2,541;998,6.580805106967472E-5
2,437;546,-6.577451715379338E-5
2,379;835,-6.575932834208539E-5
2,447;705,6.569848591792419E-5
2,540;552,-6.566464827284197E-5
2,358;764,6.565484221130858E-5
2,312;439,6.563098920739099E-5
2,133;789,-6.56149666482372E-5
2,282;992,-6.560587100921936E-5
2,632;741,-6.56038116149074E-5
2,219;472,-6.559742591675648E-5
2,185;662,6.557412367602827E-5
2,411;777,-6.556835744321799E-5
2,74;935,6.549692072581576E-5
2,159;675,6.549306339038969E-5
2,412;737,-6.548797708687374E-5
2,620;875,-6.544826482942437E-5
2,774;961,-6.538968834965174E-5
2,193;884,6.534067036636578E-5
2,73;895,6.532261098816273E-5
2,64;634,6.530388508971606E-5
2,677;993,6.529464413165043E-5
2,208;440,6.523844598358195E-5
2,176;516,-6.523002468825961E-5
2,44;151,6.516782019542581E-5
2,351;581,6.513350177919074E-5
2,288;350,-6.504888216076987E-5
2,200;449,-6.504448691076814E-5
2,545;693,-6.493875281774902E-5
2,708;736,-6.493052452718146E-5
2,245;398,6.49237161301944E-5
2,23;927,6.489816211294719E-5
2,285;392,-6.4841597502383E-5
2,377;932,6.483675207238504E-5
2,80;491,6.482995366221185E-5
2,529;738,-6.471862476840323E-5
2,315;481,6.470723325218642E-5
2,380;726,-6.466917698999358E-5
2,183;223,6.466337296634952E-5
2,360;742,6.465619143002621E-5
2,342;632,-6.464295151383237E-5
2,51;556,6.461714017792223E-5
2,143;348,6.460448698814922E-5
2,78;81,6.460196227945656E-5
2,455;912,6.460058796362139E-5
2,473;547,-6.459290087422711E-5
2,255;845,-6.452996756764224E-5
2,346;865,6.45058687266697E-5
2,42;551,6.449412399603075E-5
2,625;981,6.448740041475842E-5
2,367;708,-6.44726590798099E-5
2,618;753,6.442722217003211E-5
2,4;63,6.442703688182214E-5
2,0;477,-6.43792813621864E-5
2,170;788,-6.433374626522909E-5
2,243;427,6.430560769598037E-5
2,19;313,6.429133529381859E-5
2,101;881,6.427973750118543E-5
2,620;965,-6.41865640101184E-5
2,469;893,6.418330551731257E-5
2,656;806,6.416136782139706E-5
2,24;672,6.404210334994886E-5
2,16;765,-6.403512430873614E-5
2,2;759,-6.401998740539438E-5
2,131;393,-6.4018198792886E-5
2,403;765,-6.400793186123036E-5
2,158;744,-6.399528467535062E-5
2,203;361,-6.399509667331365E-5
2,81;597,6.399330261570801E-5
2,329;362,6.39673508689785E-5
2,134;869,6.392967074242333E-5
2,556;878,6.391647938286685E-5
2,96;852,6.389759521395228E-5
2,562;955,6.387522828400514E-5
2,312;512,-6.387159049760226E-5
2,94;731,-6.386599362409815E-5
2,715;890,-6.385024350382662E-5
2,338;844,-6.384168372508751E-5
2,207;731,-6.38332971035479E-5
2,365;528,-6.37825001765991E-5
2,696;904,-6.378086664430697E-5
2,382;891,-6.373667640393746E-5
2,366;942,-6.371700486851233E-5
2,382;572,-6.371195940103674E-5
2,930;995,-6.368920848879728E-5
2,382;822,6.366784499422612E-5
2,139;861,6.365729357518927E-5
2,435;995,-6.363132806225395E-5
2,128;698,-6.358217250449588E-5
2,413;768,-6.357002486550037E-5
2,193;476,-6.354236324220205E-5
2,625;797,-6.352873252609201E-5
2,76;378,-6.351939258879047E-5
2,113;437,-6.351011215834249E-5
2,50;144,-6.350823627865365E-5
2,86;199,6.350171061039034E-5
2,922;966,-6.34251514363478E-5
2,81;469,6.339908735205939E-5
2,186;790,-6.339583088933014E-5
2,955;963,-6.338467906337389E-5
2,143;379,-6.336580961979102E-5
2,54;777,6.334544337032758E-5
2,153;866,-6.334325401727054E-5
2,49;304,6.315985966017717E-5
2,417;715,-6.31581023801946E-5
2,537;761,-6.313645959155417E-5
2,245;514,6.312091949213984E-5
2,235;245,6.31187901918262E-5
2,630;987,-6.310829819111636E-5
2,835;935,6.309029818864837E-5
2,707;830,-6.308893549771016E-5
2,307;647,-6.307285303212222E-5
2,284;365,-6.304790678220964E-5
2,166;906,6.300343018880777E-5
2,357;853,-6.298515481409478E-5
2,348;665,6.297362099135371E-5
2,959;974,6.296475607514606E-5
2,234;723,6.294714866115934E-5
2,762;911,6.293386276294097E-5
2,487;682,6.289051863046688E-5
2,54;610,-6.288065298879605E-5
2,289;916,6.286244949986731E-5
2,181;282,6.281531148239103E-5
2,66;743,6.280668442597955E-5
2,183;519,6.279879996365806E-5
2,853;929,6.27658881915995E-5
2,237;851,-6.27178790643283E-5
2,493;666,-6.270998729571273E-5
2,693;842,6.269521178955799E-5
2,223;595,-6.268558870018928E-5
2,396;873,-6.267135677853676E-5
2,250;851,-6.266051342792359E-5
2,560;708,6.265430816281556E-5
2,69;977,-6.26341728559941E-5
2,24;706,6.260554174718248E-5
2,664;885,6.256883699782167E-5
2,52;535,-6.255820690978974E-5
2,238;641,-6.255787792250743E-5
2,290;339,-6.255256988461574E-5
2,278;810,6.250345562050291E-5
2,426;535,6.247397412456643E-5
2,255;327,-6.245047710007384E-5
2,112;156,-6.243503035995525E-5
2,609;660,6.242887083126233E-5
2,505;603,6.24284604079703E-5
2,675;985,6.240825966904839E-5
2,528;694,-6.237490890825004E-5
2,340;833,-6.23621109691339E-5
2,527;664,-6.233027987217744E-5
2,691;771,6.230741077780172E-5
2,524;582,-6.229610282245665E-5
2,7;914,-6.227859431912336E-5
2,788;986,-6.223610303548502E-5
2,752;869,6.221987085981611E-5
2,1;492,-6.218885891796E-5
2,255;634,-6.217224689655431E-5
2,313;435,6.208150951225993E-5
2,787;834,6.205413859636653E-5
2,542;890,6.205143905887776E-5
2,149;347,-6.198401237089189E-5
2,734;864,6.19707799563338E-5
2,588;686,6.190408415879406E-5
2,109;425,-6.186616403650518E-5
2,673;770,-6.185642389608718E-5
2,102;744,-6.182776273961774E-5
2,651;719,-6.181228472303785E-5
2,545;557,6.179977349441371E-5
2,193;683,-6.178528519541288E-5
2,450;911,-6.17838077666919E-5
2,290;373,6.169920216584786E-5
2,676;930,6.166420737348133E-5
2,31;758,6.159375091667261E-5
2,75;253,-6.156900488584838E-5
2,838;868,6.156649291895155E-5
2,485;941,-6.155785109383163E-5
2,463;608,6.143218592279206E-5
2,867;933,6.14228083075384E-5
2,48;213,-6.1394310487521E-5
2,213;532,6.137892246782017E-5
2,321;397,-6.137170914726925E-5
2,514;788,6.136345566361334E-5
2,73;752,6.13394995457695E-5
2,913;983,6.133584482093064E-5
2,647;979,6.133329668810718E-5
2,65;92,6.132203286150136E-5
2,155;332,6.131850987218161E-5
2,514;636,6.131422868679373E-5
2,180;260,-6.130633486575238E-5
2,278;415,-6.130520877906329E-5
2,779;899,6.129128294505079E-5
2,435;707,6.128903772972923E-5
2,327;510,-6.127869609978563E-5
2,28;618,6.125740742120925E-5
2,250;923,6.124799058030072E-5
2,297;866,6.123749805835505E-5
2,67;642,6.122721741186248E-5
2,51;77,-6.121101650511719E-5
2,601;681,6.119590921929882E-5
2,170;321,6.115922253805857E-5
2,209;617,-6.101652322329825E-5
2,110;935,-6.1011595200086906E-5
2,496;732,-6.1002948154925954E-5
2,384;955,-6.0993748566522594E-5
2,412;861,6.0980605149981804E-5
2,279;909,-6.097820764750069E-5
2,220;526,6.097286279793486E-5
2,450;656,6.0930405690983074E-5
2,106;517,6.092198991944488E-5
2,321;922,-6.0892031136154275E-5
2,206;719,6.0870851727502923E-5
2,231;500,6.0854233779921925E-5
2,733;873,-6.085025408552001E-5
2,101;413,6.0828547546442974E-5
2,345;506,6.0788142501142276E-5
2,539;784,6.073270087607636E-5
2,324;912,6.07228939806642E-5
2,152;390,-6.06483683297248E-5
2,123;755,-6.0640440403116945E-5
2,232;516,-6.061852278778219E-5
2,69;907,6.061780400216677E-5
2,502;533,-6.058544902921924E-5
2,252;539,6.0559741845944775E-5
2,148;626,6.0553179627160945E-5
2,383;881,-6.0541810381184834E-5
2,371;980,-6.0506751624196625E-5
2,892;998,-6.050366122265767E-5
2,187;643,-6.048522277929659E-5
2,660;737,-6.0485032481592266E-5
2,373;445,6.037401341538734E-5
2,825;965,-6.03319878719014E-5
2,76;239,-6.032367487981429E-5
2,397;861,-6.032014255192538E-5
2,26;904,6.031683713746724E-5
2,218;431,-6.031262152769298E-5
2,478;880,-6.028663832208099E-5
2,46;349,6.0269574308445305E-5
2,426;939,6.026509010451853E-5
2,439;573,6.024467748037861E-5
2,598;742,-6.0221219867672224E-5
2,145;958,-6.0207410488459346E-5
2,37;679,6.020260479429937E-5
2,424;570,6.0178109332607995E-5
2,834;868,6.007245958224944E-5
2,22;580,-6.006886133313031E-5
2,154;364,6.003267576993585E-5
2,137;786,-6.0029595060396626E-5
2,3;331,-6.001923935555594E-5
2,594;910,5.9995133840153374E-5
2,335;424,5.9981904801481115E-5
2,966;994,5.9936443627853965E-5
2,134;446,-5.992201094018339E-5
2,716;746,-5.9907686350172586E-5
2,124;469,5.98521675073277E-5
2,18;369,-5.978777927050588E-5
2,533;885,5.977733836469607E-5
2,356;565,-5.975063526262752E-5
2,481;965,-5.9748086067489186E-5
2,80;151,5.974459458246324E-5
2,308;666,-5.973011932390332E-5
2,153;553,5.966124598908777E-5
2,102;976,5.964384840930698E-5
2,207;755,5.96433486098813E-5
2,141;821,-5.962408705862482E-5
2,16;782,-5.960229892302091E-5
2,572;728,-5.9560734506480336E-5
2,317;384,-5.948494366775012E-5
2,780;894,5.9476609145087234E-5
2,302;494,5.9400275261071566E-5
2,137;947,-5.933856138487571E-5
2,593;947,5.9321930695806416E-5
2,45;395,5.9303926236162494E-5
2,81;569,-5.927230983485808E-5
2,715;850,5.925964319114044E-5
2,232;525,5.9258120575609793E-5
2,421;528,5.9256884044164184E-5
2,103;145,5.924789578019132E-5
2,391;887,-5.924332109143371E-5
2,635;805,5.9239537349535385E-5
2,642;731,5.9238988937534596E-5
2,204;306,5.9210780068744467E-5
2,425;936,-5.918866958636895E-5
2,490;527,5.918327024409933E-5
2,48;452,5.917384853387027E-5
2,56;791,5.917286201716139E-5
2,208;427,5.9102628934377334E-5
2,639;791,5.9096792360278415E-5
2,717;821,-5.9072114476990495E-5
2,5;348,5.902380096135913E-5
2,214;385,5.8954254459188365E-5
2,102;614,5.89130860330282E-5
2,63;951,5.891079696783214E-5
2,449;867,-5.890538189947475E-5
2,678;773,-5.8859763803473553E-5
2,89;971,5.88153691788092E-5
2,395;870,-5.8745043937324124E-5
2,384;745,-5.873884586153912E-5
2,59;457,5.871557232087493E-5
2,471;949,-5.870701440700521E-5
2,692;812,5.870618203259456E-5
2,508;589,5.870187295094198E-5
2,83;116,5.865505233112664E-5
2,570;737,-5.861856996130836E-5
2,477;836,5.8593713794361765E-5
2,13;962,-5.8521110428755405E-5
2,508;579,5.850647722443192E-5
2,168;711,-5.8489392193444233E-5
2,4;140,5.8485558382380406E-5
2,285;347,-5.847596505019742E-5
2,340;449,-5.835612055834959E-5
2,257;806,5.832075138993426E-5
2,208;779,5.831949669694483E-5
2,2;458,5.831651981292008E-5
2,589;908,-5.828742365188166E-5
2,69;335,-5.8251155248278346E-5
2,281;607,-5.821831759199155E-5
2,404;422,-5.818439117297415E-5
2,635;683,-5.818300581478403E-5
2,518;778,-5.8161858658577754E-5
2,500;826,5.813394345307983E-5
2,651;983,5.811343001535972E-5
2,207;739,-5.809935949277598E-5
2,664;753,-5.808529837580048E-5
2,110;221,5.8046490084039404E-5
2,466;523,-5.8013933759830316E-5
2,398;731,5.7974019553668795E-5
2,33;592,5.795036296288551E-5
2,38;656,-5.791555232792083E-5
2,117;523,-5.7892970974924244E-5
2,744;879,5.78515830337721E-5
2,499;560,-5.7840950015641975E-5
2,424;669,-5.777968513738061E-5
2,790;930,-5.7728548983734266E-5
2,516;837,-5.772319705737645E-5
2,140;686,5.7694059914476646E-5
2,723;915,-5.7676949444612965E-5
2,266;702,5.7676480947874775E-5
2,28;212,5.764848118384464E-5
2,203;451,5.762936124820911E-5
2,335;899,5.7618072649157275E-5
2,61;132,5.761074101735748E-5
2,154;658,-5.7605942969688304E-5
2,437;935,-5.756218214117068E-5
2,64;523,-5.755271871755667E-5
2,61;513,-5.753544661027376E-5
2,545;856,5.753123649681321E-5
2,221;781,-5.750555390342294E-5
2,865;882,5.7489407721633634E-5
2,38;196,-5.74741781746452E-5
2,153;700,5.745510183886639E-5
2,127;130,-5.743609079485883E-5
2,152;927,5.7424182821070624E-5
2,267;296,-5.739803661519487E-5
2,448;699,-5.7397171267724245E-5
2,81;707,5.738948934850532E-5
2,600;615,-5.734111446475177E-5
2,467;481,5.7338731886614E-5
2,261;894,-5.730427488486845E-5
2,234;562,5.730299309887297E-5
2,531;952,-5.727549559530399E-5
2,428;664,-5.726654707058613E-5
2,339;542,-5.720776376036048E-5
2,406;785,5.71785598825311E-5
2,368;506,-5.717012585544518E-5
2,19;402,-5.716491397833488E-5
2,624;842,5.715413423269672E-5
2,107;933,5.713591792618819E-5
2,75;999,5.710837889412082E-5
2,439;476,-5.7025156294280934E-5
2,524;627,5.7009366068411867E-5
2,316;817,5.699196157186504E-5
2,552;763,5.6955614086446684E-5
2,233;824,5.694868331985096E-5
2,160;874,5.6877312736705874E-5
2,22;887,5.685874221655113E-5
2,86;544,-5.6848024250590524E-5
2,897;956,5.679963556844529E-5
2,535;945,-5.6773287875232035E-5
2,356;861,-5.672635516312253E-5
2,174;800,5.671729085779414E-5
2,534;612,5.670941770245877E-5
2,93;478,5.669246471040261E-5
2,821;947,-5.6650912845799535E-5
2,75;598,5.664671267147417E-5
2,757;798,-5.664127195049581E-5
2,96;471,-5.6562341661614424E-5
2,129;696,-5.654508444536799E-5
2,583;700,-5.651835422616219E-5
2,30;304,-5.6503209161700707E-5
2,390;723,-5.64575720871863E-5
2,538;601,5.640183120059611E-5
2,820;837,-5.636920310938117E-5
2,670;861,5.6350380755974304E-5
2,38;374,5.63097116693389E-5
2,578;758,5.6293772512735155E-5
2,323;969,-5.626353782605519E-5
2,382;795,5.625639335297304E-5
2,85;550,5.625492648523332E-5
2,124;692,-5.618287882784648E-5
2,199;241,5.614267806251419E-5
2,539;579,-5.6120747604965474E-5
2,417;795,-5.6087473761464595E-5
2,154;650,-5.607480374978406E-5
2,159;777,5.605220989199128E-5
2,783;913,5.601643766636995E-5
2,182;391,-5.59895731484326E-5
2,45;106,5.598752208389627E-5
2,63;712,5.596812967552549E-5
2,588;778,-5.596738948810237E-5
2,243;799,-5.596728804078993E-5
2,364;560,5.5965282427357736E-5
2,121;749,-5.594281022203034E-5
2,539;714,-5.594215351866313E-5
2,412;639,5.590403938940116E-5
2,675;971,-5.5878148050362845E-5
2,162;727,-5.585940253537431E-5
2,16;964,5.584179960800522E-5
2,438;651,5.580710977714336E-5
2,49;617,5.58057748328758E-5
2,554;867,5.579375769410691E-5
2,692;747,-5.573945274175663E-5
2,181;675,-5.573466144494807E-5
2,290;751,-5.570340403172411E-5
2,5;427,5.566642940211871E-5
2,482;534,5.565274145284116E-5
2,412;807,-5.562520259756805E-5
2,66;881,5.561498777587357E-5
2,542;668,-5.559420843635473E-5
2,642;992,-5.55866034938286E-5
2,183;633,5.5579604090379706E-5
2,193;724,5.5575030829296244E-5
2,50;506,-5.5560402992702587E-5
2,842;903,-5.5558802348651046E-5
2,252;281,5.5548671484264667E-5
2,278;565,5.552480128036665E-5
2,25;333,5.552463013202105E-5
2,166;858,5.550720141470846E-5
2,625;949,-5.54978205493972E-5
2,77;664,-5.549704979302601E-5
2,194;638,5.543469824102283E-5
2,650;997,5.542986175992794E-5
2,309;455,-5.542644551577471E-5
2,438;871,5.5421026490596226E-5
2,186;871,-5.540722560663655E-5
2,566;655,5.538718319679017E-5
2,790;881,5.5370042753233916E-5
2,67;704,-5.5362214867598956E-5
2,521;725,5.534774533481472E-5
2,501;859,5.534691077950636E-5
2,159;528,-5.527792849826009E-5
2,172;965,5.5271675020470496E-5
2,91;246,-5.5265069498092726E-5
2,398;974,5.5247467605352586E-5
2,514;693,5.5191604483384674E-5
2,516;696,5.517229738693648E-5
2,73;458,-5.5142648198893854E-5
2,698;825,-5.5142262311140184E-5
2,52;820,-5.5127349373888356E-5
2,60;744,-5.510716984462269E-5
2,53;287,-5.5094940967879025E-5
2,44;698,-5.505078260665764E-5
2,406;497,5.5035317303290946E-5
2,131;509,-5.4992251213083835E-5
2,132;218,5.4912134160003865E-5
2,320;401,-5.4889472578018326E-5
2,496;760,5.487947428755005E-5
2,288;323,5.482788310067149E-5
2,76;434,-5.4815393595981677E-5
2,99;825,-5.480083904550559E-5
2,680;880,5.47822004174207E-5
2,864;976,-5.477474430389793E-5
2,3;989,5.476298043702181E-5
2,252;520,-5.4730186599001E-5
2,26;879,-5.472695506836439E-5
2,166;844,5.471905806081276E-5
2,39;426,5.470575896187755E-5
2,297;316,-5.466179274517116E-5
2,147;343,-5.465527414667359E-5
2,144;409,-5.464678390909969E-5
2,718;923,5.462404312607211E-5
2,678;764,-5.4607493148690416E-5
2,5;468,5.458847895624464E-5
2,755;870,-5.457239614679885E-5
2,845;919,5.45654715919589E-5
2,285;736,5.454849628190277E-5
2,424;538,5.45449693503952E-5
2,192;871,-5.454314989875003E-5
2,38;209,5.4502746774112824E-5
2,436;905,-5.4464989259654546E-5
2,290;707,5.44600626581572E-5
2,86;737,5.44580654084542E-5
2,85;467,-5.439202706388429E-5
2,59;766,5.4389051085867115E-5
2,709;801,-5.4356631343803374E-5
2,456;759,-5.425513514319928E-5
2,29;483,-5.4244238005809517E-5
2,711;915,5.4230552711797E-5
2,510;965,5.42113640750624E-5
2,10;79,-5.4092721634426114E-5
2,517;808,-5.403039748849436E-5
2,197;421,-5.399294366704486E-5
2,851;887,-5.394003780754199E-5
2,336;648,-5.393703327009166E-5
2,681;936,-5.3933335375708684E-5
2,68;953,-5.392106086887113E-5
2,383;537,-5.387595458426026E-5
2,123;672,5.385470508241288E-5
2,11;782,5.381126567852039E-5
2,265;880,-5.379273644938704E-5
2,192;337,-5.379219868371027E-5
2,518;859,5.3787800351530633E-5
2,33;843,5.377017790710103E-5
2,348;756,-5.376929679750593E-5
2,227;578,5.3644733117520667E-5
2,779;831,-5.363140208062281E-5
2,113;590,-5.362632243588323E-5
2,117;925,5.362319363752756E-5
2,315;528,-5.3577133851368566E-5
2,552;741,-5.355869750522409E-5
2,191;906,-5.35040237301683E-5
2,153;897,5.3495917270906646E-5
2,333;586,5.349274116781947E-5
2,570;734,-5.347584883178273E-5
2,340;614,5.3475606281000724E-5
2,129;772,5.3439292260985156E-5
2,617;885,-5.3419803800395796E-5
2,582;868,-5.3394035640820296E-5
2,588;979,5.338830237459535E-5
2,15;955,-5.335261843195427E-5
2,225;662,-5.3348179112338356E-5
2,208;650,-5.3330720836825484E-5
2,581;906,5.3322773399631733E-5
2,226;420,-5.330265187452826E-5
2,650;747,-5.328624747369538E-5
2,615;750,-5.328429528713505E-5
2,833;861,-5.3224891882417235E-5
2,36;555,5.322192159888023E-5
2,79;621,-5.322143281310105E-5
2,63;873,5.319486648419141E-5
2,272;718,-5.3182551485337763E-5
2,625;941,-5.3165332524622065E-5
2,166;194,-5.3136751177916345E-5
2,154;814,5.3116023798859616E-5
2,54;512,-5.311118791889712E-5
2,903;970,-5.308966130024277E-5
2,174;665,5.30404234312629E-5
2,394;571,-5.303928237114656E-5
2,162;681,5.303053754283811E-5
2,197;666,-5.300522983223989E-5
2,19;747,5.300507072622353E-5
2,207;870,5.299748318917249E-5
2,4;972,5.299088136243048E-5
2,219;993,5.2974439742080746E-5
2,161;947,5.29681468664286E-5
2,428;490,5.2965021251381614E-5
2,222;693,5.2955802381448885E-5
2,476;692,5.292126842757884E-5
2,631;666,5.291891437245189E-5
2,316;866,5.2915131805988186E-5
2,110;146,-5.2861216435372053E-5
2,267;931,-5.284736617322458E-5
2,500;910,-5.2818909085240024E-5
2,289;405,5.2813087608979544E-5
2,227;714,5.2792889734211165E-5
2,709;780,-5.2768199420773555E-5
2,3;457,-5.2738720867252185E-5
2,209;872,5.2723703540244125E-5
2,183;617,5.2696126343279E-5
2,172;315,5.2689503754010656E-5
2,59;439,5.267875083917607E-5
2,170;695,5.265188313274583E-5
2,510;809,5.2631964323869615E-5
2,200;932,-5.2618656694874406E-5
2,300;809,-5.2612360619866295E-5
2,182;967,-5.259974550719182E-5
2,84;141,5.259082365739557E-5
2,118;172,-5.258141181864466E-5
2,229;614,-5.2515670203960506E-5
2,117;819,-5.2504522108018844E-5
2,71;576,-5.248020853504666E-5
2,735;767,5.2452646564242384E-5
2,124;713,-5.242838975815127E-5
2,640;851,-5.2388186790034626E-5
2,321;921,-5.238419327096884E-5
2,155;211,-5.236198431041631E-5
2,26;661,-5.23350759764144E-5
2,443;731,5.231682747438145E-5
2,691;992,5.230646721559055E-5
2,453;541,5.228713676889904E-5
2,396;397,5.2262551166085166E-5
2,24;128,-5.221998332963516E-5
2,774;928,-5.221164721293829E-5
2,404;528,-5.220702802035992E-5
2,438;932,5.219948602793419E-5
2,67;811,5.218956713607381E-5
2,590;784,5.2173317814942674E-5
2,765;980,5.2122167581166046E-5
2,221;657,-5.2116896085055896E-5
2,720;817,-5.2092316767730246E-5
2,504;692,-5.20612449280387E-5
2,710;716,5.19776335195142E-5
2,52;772,5.196090890472078E-5
2,102;900,-5.194440831486354E-5
2,308;830,5.193484249490346E-5
2,520;541,5.193434533253208E-5
2,593;809,5.19259155699731E-5
2,534;850,-5.192209121774866E-5
2,63;711,5.190706591970348E-5
2,330;913,-5.1904629607146004E-5
2,596;798,-5.186535101821585E-5
2,225;500,5.185928347441252E-5
2,159;360,-5.182808196061406E-5
2,196;781,5.1685728006048813E-5
2,648;832,5.1684464360072484E-5
2,879;880,5.1681929287406766E-5
2,137;593,5.1666071462256146E-5
2,259;333,5.161795279695734E-5
2,7;889,-5.1600486249831206E-5
2,471;852,-5.1594796380865036E-5
2,438;983,-5.1590417766631136E-5
2,502;559,-5.158607337851823E-5
2,635;937,-5.1564289845764695E-5
2,447;998,5.1552418503126424E-5
2,305;389,5.1545438054953655E-5
2,511;789,-5.153391717391932E-5
2,404;955,5.148473986842059E-5
2,5;864,-5.147501564283613E-5
2,314;709,-5.145312411560237E-5
2,135;791,-5.144855306877248E-5
2,562;745,-5.1434259816914425E-5
2,694;937,-5.141107457405929E-5
2,244;766,-5.140071048713465E-5
2,253;999,-5.137034196907563E-5
2,880;975,5.136558096816103E-5
2,385;547,-5.1357782527985366E-5
2,319;724,-5.134940662409936E-5
2,180;913,5.131241701614397E-5
2,644;801,5.129837803104008E-5
2,71;348,5.129637958905893E-5
2,277;551,5.127210492859268E-5
2,358;874,5.12462104034263E-5
2,613;864,5.123912214557122E-5
2,350;600,-5.1185768358782204E-5
2,181;885,-5.116730463953951E-5
2,867;883,5.116027423010269E-5
2,40;106,-5.113383494168883E-5
2,859;911,-5.109810749457152E-5
2,877;941,-5.10847867716749E-5
2,6;699,-5.10220672863376E-5
2,382;960,5.0987606436646734E-5
2,611;956,-5.095656752780508E-5
2,237;296,5.09536932379394E-5
2,385;594,5.095177614892467E-5
2,4;311,5.093849362093651E-5
2,231;618,-5.0911643188750863E-5
2,485;956,-5.0904673325584205E-5
2,617;719,5.089152938412364E-5
2,366;513,-5.088435541850968E-5
2,117;422,5.088081604251194E-5
2,149;949,-5.087207566161445E-5
2,27;899,5.0837003555597245E-5
2,519;696,5.083368715433112E-5
2,277;612,-5.0828807563000895E-5
2,617;683,5.0812920178681916E-5
2,712;767,-5.0714474487287706E-5
2,47;752,5.069623746503184E-5
2,595;813,-5.06714524109206E-5
2,700;780,-5.066119212641412E-5
2,14;744,5.061069345947239E-5
2,105;188,5.060836684447133E-5
2,46;225,-5.060699728927347E-5
2,33;869,-5.0592014681591696E-5
2,154;895,-5.056587388293962E-5
2,570;735,-5.055103885888449E-5
2,56;135,5.054670035358155E-5
2,580;708,-5.0529245064986984E-5
2,861;871,5.0524883037646584E-5
2,105;898,5.050917323402493E-5
2,414;946,-5.0496695801511154E-5
2,106;255,-5.049056664719173E-5
2,211;580,-5.047176058397326E-5
2,327;602,5.0411566497766085E-5
2,102;728,-5.039882182446108E-5
2,863;915,-5.0374029189751794E-5
2,148;195,5.037391892917219E-5
2,828;955,5.037388970300155E-5
2,487;699,-5.036070523220632E-5
2,16;517,-5.0355213663868866E-5
2,34;520,-5.03140220913276E-5
2,443;956,-5.0239843432315165E-5
2,548;900,5.022246559536107E-5
2,419;887,-5.021309497696264E-5
2,243;466,5.0161492826222997E-5
2,19;701,-5.016029387068769E-5
2,68;308,-5.013962113824809E-5
2,292;463,-5.011696562935025E-5
2,375;892,-5.01166315369346E-5
2,301;906,5.0103444177262535E-5
2,166;985,5.0087801793846496E-5
2,785;913,5.0086021068136644E-5
2,151;835,-5.006976792054143E-5
2,38;62,-5.0069754738909206E-5
2,591;659,5.00349424286551E-5
2,198;688,5.0012461320973875E-5
2,292;493,-5.001119300768583E-5
2,52;641,-4.9976516924574445E-5
2,467;520,-4.991035866119211E-5
2,502;967,4.988709544369054E-5
2,200;389,4.987711107649366E-5
2,794;981,4.982478325538944E-5
2,110;471,-4.9798207558256484E-5
2,112;952,4.979493714051776E-5
2,656;961,4.979073432204304E-5
2,474;565,4.9757232211235624E-5
2,37;75,-4.9728849232359025E-5
2,42;789,-4.971436129999941E-5
2,198;900,-4.9660047796647786E-5
2,706;993,-4.965661136333408E-5
2,586;968,4.964441121102965E-5
2,181;817,-4.962733947159288E-5
2,581;942,-4.961941165475716E-5
2,86;788,-4.961759903629743E-5
2,57;406,4.960544770446824E-5
2,63;867,4.9584142712422966E-5
2,273;848,4.95720106266149E-5
2,4;679,-4.955280910690748E-5
2,198;613,-4.9540652268717964E-5
2,432;692,-4.952933230087051E-5
2,371;874,4.952441934984083E-5
2,543;668,4.9499471456252864E-5
2,347;669,-4.9493477557196243E-5
2,550;657,4.947659363557594E-5
2,712;936,-4.947531101684546E-5
2,330;728,4.947111900255944E-5
2,122;505,-4.9443230992862425E-5
2,639;992,4.942943792270713E-5
2,181;516,4.941103191189892E-5
2,112;823,4.93652231312461E-5
2,92;971,-4.9360764929028784E-5
2,287;971,4.935782693957509E-5
2,254;605,4.934308690755912E-5
2,446;719,4.9340418650146795E-5
2,244;569,-4.933230350168159E-5
2,482;601,-4.933224349181773E-5
2,887;992,4.932196747422598E-5
2,366;450,4.930306338958137E-5
2,514;607,4.929268276515466E-5
2,19;288,-4.928688550111314E-5
2,435;883,4.922572066479321E-5
2,287;491,-4.9211595686580155E-5
2,87;317,-4.918149932096332E-5
2,592;845,4.9100638589592265E-5
2,102;135,4.9072313983229194E-5
2,737;853,-4.90599648901405E-5
2,488;767,-4.904185579791526E-5
2,119;606,4.9038768079801564E-5
2,179;260,-4.902301397404018E-5
2,222;848,4.9004620426786505E-5
2,580;903,4.898016286822716E-5
2,61;468,-4.893321332457995E-5
2,556;860,-4.887667644402444E-5
2,406;929,4.886804687105911E-5
2,140;277,-4.8841322003219914E-5
2,479;747,-4.882640380346727E-5
2,73;795,4.882348691226784E-5
2,360;620,4.881864155007346E-5
2,445;469,4.8817556719578746E-5
2,5;903,-4.88113423615342E-5
2,491;903,4.8809228608507836E-5
2,97;583,4.880891638562875E-5
2,315;833,4.873340475209659E-5
2,322;691,4.872922710076284E-5
2,550;669,-4.8700697306722514E-5
2,606;815,4.868569308183229E-5
2,82;437,-4.86778942798521E-5
2,575;831,-4.8666550071993365E-5
2,65;119,-4.865043402236488E-5
2,126;848,4.8642689410949125E-5
2,334;805,-4.862970672921684E-5
2,553;896,-4.860734780055021E-5
2,454;564,-4.8594823413968055E-5
2,759;885,4.857735696290624E-5
2,540;899,4.8576830895640096E-5
2,206;426,4.85764950704565E-5
2,218;968,4.857559792620276E-5
2,186;881,-4.8563019923950946E-5
2,396;777,-4.854032464353452E-5
2,190;435,4.852974324028114E-5
2,342;765,4.851069505183105E-5
2,222;278,4.850353408003403E-5
2,245;841,-4.846986324016124E-5
2,811;983,-4.844768812029113E-5
2,190;252,4.841938802170576E-5
2,62;421,-4.841834196503746E-5
2,342;550,4.838513439041839E-5
2,739;771,4.8364729651240476E-5
2,128;405,4.834799745311292E-5
2,408;649,-4.832855671009495E-5
2,341;369,-4.8275775261419244E-5
2,386;821,4.8267852924171954E-5
2,527;552,-4.826149054271335E-5
2,132;633,4.825301093421197E-5
2,93;413,4.824655560878354E-5
2,673;732,4.822858636627126E-5
2,110;967,4.822531316717782E-5
2,185;843,-4.8222249644796467E-5
2,378;487,-4.821727842857975E-5
2,421;670,4.8198388246687866E-5
2,50;305,-4.8181500744871354E-5
2,57;868,-4.816439528931549E-5
2,607;636,4.815035599054263E-5
2,192;943,-4.8143029285656395E-5
2,675;973,4.80610375482922E-5
2,376;464,4.796830970395702E-5
2,89;804,4.795442168853303E-5
2,687;762,4.7949465728194696E-5
2,102;646,4.7913258839491304E-5
2,596;824,-4.7881844724236616E-5
2,421;861,4.786657904893326E-5
2,278;476,4.7839617421750324E-5
2,494;972,4.78112937972078E-5
2,423;661,-4.780899543288782E-5
2,264;815,-4.7804049352758146E-5
2,200;232,4.7795493055297354E-5
2,25;206,-4.776325177735356E-5
2,132;238,4.774919529576233E-5
2,342;744,4.774025748417781E-5
2,130;512,4.7724359672254523E-5
2,715;833,-4.77229172702551E-5
2,112;490,-4.771862971643369E-5
2,227;687,4.7705932810697925E-5
2,66;687,-4.770150140996879E-5
2,302;809,-4.76774263063825E-5
2,190;994,4.767062243927787E-5
2,327;977,4.767052137580621E-5
2,128;919,-4.764733520809171E-5
2,451;924,4.763675369422993E-5
2,64;686,4.763600755033071E-5
2,546;736,-4.7612194625681034E-5
2,84;821,-4.760760292318886E-5
2,220;384,4.7567846607522565E-5
2,43;634,4.756368227743733E-5
2,612;972,4.7554210039079146E-5
2,200;250,-4.7549356051887004E-5
2,228;527,-4.754197072808713E-5
2,379;906,-4.751816781611243E-5
2,678;726,-4.749685376391169E-5
2,341;783,4.747787960188818E-5
2,825;831,4.743959300359976E-5
2,38;585,4.740043109516659E-5
2,50;214,-4.738057073465711E-5
2,48;468,4.7377968191497736E-5
2,306;519,-4.7320241101266726E-5
2,659;772,-4.727887616583906E-5
2,344;361,-4.7243354863904586E-5
2,516;762,4.723151256561346E-5
2,272;931,4.7178577723891534E-5
2,465;944,-4.714332547489253E-5
2,657;950,4.7115564872501854E-5
2,244;648,-4.7111399882955386E-5
2,52;889,-4.710973702514938E-5
2,35;97,-4.709452074765832E-5
2,637;875,-4.709160386331866E-5
2,244;309,4.7085375274759395E-5
2,167;926,4.705981607742792E-5
2,365;781,-4.704974406890882E-5
2,204;716,4.704639812256402E-5
2,440;543,4.691261830002579E-5
2,20;680,-4.687628079933217E-5
2,324;687,4.687419239800892E-5
2,36;650,4.6869964231156035E-5
2,275;936,-4.686864849323155E-5
2,130;723,-4.6863645899586306E-5
2,482;746,-4.685871821388199E-5
2,515;853,4.6848181267650185E-5
2,209;521,4.682380802162251E-5
2,421;717,-4.681376041912401E-5
2,285;390,-4.6806466495217745E-5
2,596;661,-4.680055479296386E-5
2,232;413,-4.679353361834171E-5
2,49;832,4.6782308546351304E-5
2,101;661,-4.6770512121801164E-5
2,640;970,-4.6758386965478515E-5
2,166;834,4.673238446572709E-5
2,37;849,4.672191748569939E-5
2,547;887,-4.6714891961929E-5
2,509;714,-4.67077391189594E-5
2,258;511,4.669011929778971E-5
2,468;948,-4.668625075076944E-5
2,410;413,4.6662367292653514E-5
2,148;784,4.665190639374877E-5
2,24;131,-4.66471012900478E-5
2,760;937,-4.662395462548229E-5
2,388;569,-4.66050083057025E-5
2,567;839,-4.6589269549156945E-5
2,152;982,4.6572779037694706E-5
2,332;697,-4.655677149625886E-5
2,471;698,-4.6517623833680557E-5
2,819;972,4.648239485888202E-5
2,438;795,4.644600963308481E-5
2,624;908,4.643509032277444E-5
2,14;759,4.6413161298865883E-5
2,412;871,4.639129690078724E-5
2,34;459,4.636331287254935E-5
2,203;338,-4.6362998441894227E-5
2,949;982,4.635730420067756E-5
2,64;103,-4.633728491514185E-5
2,224;864,-4.6332887983016724E-5
2,774;779,4.632391164154557E-5
2,70;688,-4.631932692165767E-5
2,520;849,4.6317751362936655E-5
2,88;205,4.6310035148818774E-5
2,261;779,4.6279276601654445E-5
2,461;987,-4.6243232067795025E-5
2,480;769,4.622644998331421E-5
2,55;288,4.6215747006250385E-5
2,489;891,-4.618023442380339E-5
2,225;370,-4.613534845796354E-5
2,244;954,-4.610798819079076E-5
2,188;755,-4.60825877816167E-5
2,701;876,-4.6078816337743736E-5
2,227;258,4.6078563790589594E-5
2,108;958,4.606286744503665E-5
2,275;773,4.606134779000005E-5
2,4;474,4.604222732302463E-5
2,103;965,4.5980070740092275E-5
2,341;747,4.5977154815209227E-5
2,83;390,-4.597680934848372E-5
2,89;180,-4.596224351642832E-5
2,623;837,-4.594829990912999E-5
2,53;462,-4.5945269850932874E-5
2,172;523,4.594185887073475E-5
2,686;705,-4.590292393955578E-5
2,30;187,4.590124650667279E-5
2,639;916,-4.5890750596967037E-5
2,121;161,4.587850330510705E-5
2,699;745,4.587831772104817E-5
2,511;875,-4.586802430497296E-5
2,421;992,4.585313721427889E-5
2,44;657,4.584968189130595E-5
2,83;103,4.581775882791517E-5
2,321;916,-4.580630137509621E-5
2,111;583,4.580445527983046E-5
2,318;509,4.579577436955983E-5
2,408;738,-4.5778573677938725E-5
2,841;923,-4.577727264656589E-5
2,490;635,4.575651493487991E-5
2,400;968,-4.5750072548597725E-5
2,34;727,-4.574717563304062E-5
2,8;656,-4.574643887044066E-5
2,269;875,-4.571148376986883E-5
2,336;678,4.5672753489434975E-5
2,32;232,-4.5672211483048676E-5
2,151;874,-4.567100690915926E-5
2,275;469,4.566310956182192E-5
2,349;651,4.5630235661714815E-5
2,844;962,4.562751652080319E-5
2,689;699,-4.561820174216764E-5
2,245;693,-4.557958951049556E-5
2,282;421,-4.554503579901019E-5
2,891;959,4.553004049711916E-5
2,318;388,4.549586511321892E-5
2,592;815,-4.54761221129649E-5
2,305;957,4.54755651199377E-5
2,124;569,4.546880132507189E-5
2,440;668,-4.5451694623952564E-5
2,819;968,-4.545020086511216E-5
2,665;827,-4.544532217976951E-5
2,163;367,4.539548065380973E-5
2,62;797,4.537593528551579E-5
2,288;874,-4.535435080759154E-5
2,7;489,4.534807244887974E-5
2,143;971,-4.5345761535203E-5
2,535;726,4.5304336808323654E-5
2,59;560,-4.5302730226803335E-5
2,118;873,4.527046070639453E-5
2,75;203,4.52367913172635E-5
2,791;829,-4.521427025673735E-5
2,665;836,4.519788206357541E-5
2,95;987,4.5183651961041805E-5
2,91;924,-4.5170760612893933E-5
2,167;359,-4.515081503635082E-5
2,657;936,4.513993723206003E-5
2,329;460,4.5128897674227024E-5
2,413;664,4.512524170798008E-5
2,509;843,-4.512229178499521E-5
2,35;781,4.5070761360537164E-5
2,501;692,4.503474211825312E-5
2,803;864,4.500396554616117E-5
2,44;845,-4.496489994426659E-5
2,62;482,4.495853545885826E-5
2,455;617,-4.495015134465627E-5
2,603;706,-4.4919193765468834E-5
2,466;606,-4.491158937508843E-5
2,64;115,-4.489704643988796E-5
2,200;795,-4.4895357942964354E-5
2,569;861,4.4876978256178925E-5
2,369;395,-4.4848280108625735E-5
2,792;999,4.483851651270665E-5
2,483;588,4.47748788454921E-5
2,278;493,-4.475598653808866E-5
2,308;832,-4.470383335668924E-5
2,55;127,4.470083795828789E-5
2,6;254,-4.4677980051211795E-5
2,27;58,4.464794419215543E-5
2,327;802,-4.4601449164588575E-5
2,533;925,4.459678482812623E-5
2,12;871,4.457335691142567E-5
2,12;870,4.453521601559165E-5
2,258;714,-4.452554492200458E-5
2,252;492,4.4500660584825174E-5
2,345;793,4.449660971656904E-5
2,33;885,-4.449573722274701E-5
2,228;427,4.449262356756339E-5
2,838;854,4.449117378716699E-5
2,603;809,4.448908696833379E-5
2,2;574,-4.44800047076317E-5
2,269;464,-4.447545118247795E-5
2,523;994,4.4441688194200835E-5
2,649;875,4.4417706264408304E-5
2,326;765,4.4393193936699816E-5
2,223;293,-4.438732295521101E-5
2,163;290,-4.435463615805317E-5
2,300;958,-4.435071210196026E-5
2,266;573,-4.4320607091896064E-5
2,486;494,4.430775613829134E-5
2,431;459,4.423718884911776E-5
2,514;758,-4.4212049157499804E-5
2,408;644,4.4207803529296986E-5
2,307;648,4.420142354965102E-5
2,13;214,4.420059573538347E-5
2,25;155,-4.414098746931383E-5
2,390;392,4.412406020590161E-5
2,73;538,4.4111989845137644E-5
2,547;992,4.4110243797710545E-5
2,695;728,-4.4106390067807563E-5
2,548;815,4.4096565395976856E-5
2,79;907,-4.409490728298507E-5
2,694;803,4.4075836833861145E-5
2,328;848,4.407352335986564E-5
2,488;845,-4.407181145459965E-5
2,157;186,-4.40218455816248E-5
2,69;299,-4.4004327303354966E-5
2,494;880,4.400208419838886E-5
2,196;608,4.399852717499607E-5
2,633;795,4.399637391122553E-5
2,43;195,4.399123214787293E-5
2,327;923,4.397084987583802E-5
2,336;867,-4.3963500854742275E-5
2,340;349,-4.394863869518077E-5
2,399;476,4.3944003864561386E-5
2,35;506,4.3903639064856355E-5
2,293;996,-4.386733082920971E-5
2,49;424,-4.385262624417811E-5
2,462;530,-4.379617736962361E-5
2,591;863,4.378387412700973E-5
2,220;578,4.377185689774854E-5
2,238;723,4.375090961318893E-5
2,701;747,4.371243801634359E-5
2,241;860,-4.368742878667021E-5
2,874;946,4.367874517838721E-5
2,106;319,-4.3669202235142395E-5
2,286;418,-4.3647806291508526E-5
2,137;217,-4.3637180267084045E-5
2,239;434,4.3596730347073916E-5
2,31;49,-4.358699152896036E-5
2,131;778,-4.358130901305584E-5
2,323;578,4.3577677085119254E-5
2,560;686,4.356243485302584E-5
2,146;149,4.3553006868372686E-5
2,326;744,-4.353312011139542E-5
2,823;839,4.348128485270045E-5
2,53;529,-4.3466780142660664E-5
2,499;708,4.345810574281958E-5
2,328;923,-4.344332468678709E-5
2,233;326,-4.343279237114012E-5
2,213;482,-4.3426225060476705E-5
2,900;968,-4.3424928948433614E-5
2,535;636,-4.3418473740237696E-5
2,337;908,4.3390557040471776E-5
2,827;925,4.3386104522369093E-5
2,312;316,-4.3382134785068976E-5
2,180;302,-4.33710005937051E-5
2,258;539,-4.335549938810014E-5
2,526;665,-4.3341537254145466E-5
2,414;799,4.332315369209375E-5
2,315;715,4.329730961614581E-5
2,135;417,4.3297138048707084E-5
2,344;943,4.328201806081691E-5
2,528;670,4.328198635920437E-5
2,76;757,4.32478640048226E-5
2,49;157,4.3241027459187845E-5
2,370;977,-4.317724644018169E-5
2,55;349,-4.31008929297182E-5
2,732;869,-4.309594797802293E-5
2,210;995,4.3091811866682536E-5
2,390;871,4.306005574794776E-5
2,51;759,4.3059091979120225E-5
2,541;775,4.302443910048018E-5
2,514;873,4.301439066720651E-5
2,517;570,4.301412621266117E-5
2,550;579,-4.300175684991184E-5
2,73;768,-4.300116964153698E-5
2,136;996,-4.2998579833262124E-5
2,604;867,4.298479541665261E-5
2,298;651,-4.2943840640469174E-5
2,520;527,-4.291636983577176E-5
2,53;687,4.2915133651572236E-5
2,515;929,-4.289621186768135E-5
2,729;835,-4.2874573016958545E-5
2,210;536,-4.2867022453102E-5
2,167;817,-4.285799937895747E-5
2,9;336,-4.2846569627630935E-5
2,79;511,-4.273366417573655E-5
2,365;979,-4.2715248288245656E-5
2,848;872,4.270923705682257E-5
2,673;733,-4.2691603118721E-5
2,665;875,4.25866376797267E-5
2,469;539,-4.2566766841773416E-5
2,169;195,4.2547596049439166E-5
2,464;839,-4.2539748285559675E-5
2,410;838,4.2533828730530056E-5
2,408;984,-4.252014657106419E-5
2,3;315,-4.250893791396064E-5
2,142;635,4.249685632777687E-5
2,213;305,4.248741542578933E-5
2,314;801,4.247855131796165E-5
2,247;364,-4.2476444406658627E-5
2,560;965,-4.247320502247886E-5
2,42;724,4.241044317702912E-5
2,1;514,4.240723099751001E-5
2,445;535,4.2406415593074976E-5
2,509;956,4.240411887741359E-5
2,574;703,-4.2397914468714695E-5
2,281;890,-4.239730441983399E-5
2,547;669,-4.238401661602499E-5
2,84;900,4.2383543145907255E-5
2,247;290,4.2378673729855725E-5
2,389;788,4.236721867921205E-5
2,152;237,4.235491958397878E-5
2,587;795,-4.234078179133516E-5
2,257;632,-4.232739148616099E-5
2,239;294,-4.2327055217270314E-5
2,809;983,-4.2316269080113645E-5
2,110;731,-4.2309452081877756E-5
2,76;379,-4.23092441927884E-5
2,174;439,-4.228688312110316E-5
2,117;449,-4.2282793116537695E-5
2,117;827,4.224065781685604E-5
2,182;514,-4.219229284130454E-5
2,281;564,-4.2183579257780034E-5
2,535;883,4.214205941998805E-5
2,400;923,4.213074213925275E-5
2,209;956,-4.2126368192916805E-5
2,702;972,4.212195679263362E-5
2,549;610,4.211811377564813E-5
2,358;892,-4.2099752380335176E-5
2,338;627,-4.2097571720746415E-5
2,447;572,-4.201636971174894E-5
2,39;535,4.197836990131147E-5
2,52;533,-4.1974344264011356E-5
2,299;473,-4.195703837119649E-5
2,697;932,-4.19534546135303E-5
2,512;560,-4.193807016230388E-5
2,129;319,4.1916498019063004E-5
2,777;797,4.190671013488764E-5
2,798;932,-4.1900108372342915E-5
2,55;180,4.188033105137176E-5
2,171;278,-4.187452278437746E-5
2,136;740,-4.1871860950854066E-5
2,877;927,4.18570959488694E-5
2,463;467,-4.1845736687830425E-5
2,423;906,4.1844463899773265E-5
2,868;888,4.1806073334664085E-5
2,493;834,4.179369367176233E-5
2,510;592,-4.17925515353877E-5
2,38;416,-4.179197478615091E-5
2,205;875,-4.179134914949151E-5
2,5;72,4.177858578498136E-5
2,186;225,4.17277707232868E-5
2,546;759,-4.1712888573797376E-5
2,164;993,4.16957256606585E-5
2,532;731,-4.1673996957540874E-5
2,769;929,4.1628706664403814E-5
2,73;200,-4.1625402517042215E-5
2,219;706,-4.1618247694689114E-5
2,630;879,4.158966365281018E-5
2,344;539,-4.157890923171259E-5
2,241;801,4.156843472678043E-5
2,241;900,-4.1555959927311756E-5
2,265;439,4.155485872679247E-5
2,512;708,4.154838376174865E-5
2,14;691,4.154502383088676E-5
2,494;602,-4.154310915851629E-5
2,441;477,4.154303070279817E-5
2,58;622,4.15415739977787E-5
2,692;716,4.1535354046241016E-5
2,192;298,4.153206036998087E-5
2,239;566,-4.149838904180578E-5
2,58;82,4.14747503544816E-5
2,766;850,4.146587863928063E-5
2,129;134,-4.144446403728601E-5
2,225;338,-4.141638225952644E-5
2,227;674,-4.1413187538153055E-5
2,120;166,4.141133770695273E-5
2,252;469,-4.138947119104416E-5
2,325;744,-4.137349147791997E-5
2,113;756,-4.132257596009043E-5
2,375;762,-4.131337321679418E-5
2,475;935,-4.130160511630102E-5
2,565;810,4.129957377966214E-5
2,264;840,4.1287293905235374E-5
2,533;833,4.128271190077781E-5
2,2;831,-4.1269799018553945E-5
2,109;269,4.126883301219824E-5
2,413;838,-4.1242727556902693E-5
2,359;780,4.120198870660038E-5
2,112;190,4.115968559131539E-5
2,139;871,-4.112320502315203E-5
2,584;778,-4.1111829294814474E-5
2,245;681,4.109650324178162E-5
2,668;965,4.108136121195166E-5
2,313;488,4.107560427932835E-5
2,295;441,4.106877157796634E-5
2,137;436,4.105841931474882E-5
2,408;568,4.1053746545489085E-5
2,286;395,4.1046440034056786E-5
2,395;441,-4.1038718276118876E-5
2,509;778,4.102065534276694E-5
2,452;883,-4.1019407522661255E-5
2,108;529,-4.101614621595533E-5
2,91;328,-4.099490987749439E-5
2,181;191,-4.097317383360031E-5
2,331;744,4.0968445526852225E-5
2,4;687,-4.095309089143053E-5
2,505;655,4.094854723699045E-5
2,563;884,-4.0939623207187274E-5
2,10;513,4.0887256976937624E-5
2,194;961,4.086632105118114E-5
2,152;574,4.081508055595728E-5
2,902;908,4.078360839652582E-5
2,547;568,4.076766499295371E-5
2,225;977,-4.0752595762122936E-5
2,168;258,4.069213265317217E-5
2,129;516,4.0691383099014155E-5
2,536;880,-4.064248365679521E-5
2,117;835,-4.063942152162815E-5
2,289;390,4.0618892654293E-5
2,382;691,4.0616983679472084E-5
2,146;718,-4.059377897450589E-5
2,926;965,-4.0574748540306E-5
2,182;725,-4.057379509366707E-5
2,257;905,-4.05576515423278E-5
2,635;638,-4.0534021630156015E-5
2,130;202,-4.051702956293872E-5
2,781;983,4.048891142574699E-5
2,424;431,4.0486723135671255E-5
2,137;303,-4.047939666336795E-5
2,597;697,4.041934186446553E-5
2,87;673,4.0412229929860516E-5
2,227;265,4.035961106758578E-5
2,7;350,-4.035883404196329E-5
2,580;904,-4.034835117997212E-5
2,173;954,4.03141998573004E-5
2,93;366,4.031182923241326E-5
2,214;624,4.0299972776632875E-5
2,650;887,-4.026186443999306E-5
2,370;719,-4.022571556203875E-5
2,145;805,-4.0220093581757155E-5
2,61;925,4.0192534697116753E-5
2,238;554,-4.0179244867113595E-5
2,626;986,4.0173386693600565E-5
2,208;887,-4.016834986169268E-5
2,509;678,4.014759429532436E-5
2,867;951,-4.013337283120909E-5
2,374;798,-4.011773814762102E-5
2,188;448,-4.0107036800682755E-5
2,588;764,-4.003982443647493E-5
2,93;744,-4.0039255173978824E-5
2,0;700,-4.0004667861383E-5
2,117;815,3.998193922330681E-5
2,171;739,3.995301618321493E-5
2,390;982,3.9948000578593743E-5
2,165;252,3.9935554929755884E-5
2,259;586,3.992057035434946E-5
2,129;335,-3.990080189873244E-5
2,895;901,-3.9900097758279655E-5
2,10;954,3.989789119313188E-5
2,182;695,3.988042733913845E-5
2,678;700,-3.983520699113527E-5
2,35;176,3.9824225675625245E-5
2,85;917,-3.9813744349425426E-5
2,38;556,-3.980926301369553E-5
2,5;440,-3.9784255114017196E-5
2,661;897,-3.9772525939513876E-5
2,90;551,-3.976916363865156E-5
2,358;588,3.9765243483510815E-5
2,555;683,-3.97343082764508E-5
2,422;730,-3.9724973241526576E-5
2,569;900,-3.9711690494847436E-5
2,403;976,-3.969447737796446E-5
2,210;950,3.96671093898559E-5
2,67;639,3.9593392503266094E-5
2,754;954,3.958381200031625E-5
2,256;745,-3.9569084880522214E-5
2,568;649,-3.956433971409941E-5
2,267;557,-3.954163007000045E-5
2,112;659,-3.950040125571946E-5
2,223;224,3.948018266414649E-5
2,193;356,-3.946256706079952E-5
2,321;695,3.945954416913067E-5
2,281;884,3.943509035180504E-5
2,528;781,-3.9424966030988656E-5
2,182;946,-3.9423992456621705E-5
2,4;445,3.942206898237598E-5
2,514;800,3.940566607484556E-5
2,355;696,3.936852457314112E-5
2,694;985,3.9333664990976636E-5
2,82;157,-3.930162844218314E-5
2,851;923,-3.928982883313145E-5
2,762;914,3.924973130730361E-5
2,448;544,3.924817559025837E-5
2,59;778,-3.9202457073877575E-5
2,159;742,3.919553507952025E-5
2,356;561,3.919120337835474E-5
2,852;876,-3.917050545213705E-5
2,852;891,3.914937373370741E-5
2,34;954,3.9122909142904496E-5
2,302;477,3.9067791513659476E-5
2,43;568,-3.906271763195084E-5
2,131;849,-3.904726465578728E-5
2,596;671,-3.900102270291821E-5
2,840;927,3.8996407504396306E-5
2,979;997,3.898895525203539E-5
2,680;926,3.897598969036703E-5
2,370;911,-3.896059100156507E-5
2,183;281,3.8960482956161574E-5
2,53;286,3.895369557023316E-5
2,279;941,3.894312240594126E-5
2,407;779,3.893115450259974E-5
2,125;528,-3.891880674598325E-5
2,271;584,-3.890976160463839E-5
2,473;567,3.890258214692095E-5
2,682;879,3.886131873168155E-5
2,379;675,3.8838373956413046E-5
2,245;532,-3.882621923730653E-5
2,82;491,3.882324391666109E-5
2,287;421,-3.880450018613389E-5
2,862;911,3.8798726784843974E-5
2,545;672,3.877178767705478E-5
2,443;908,3.873363277439168E-5
2,281;353,3.871478954787587E-5
2,446;617,3.871400617911759E-5
2,534;766,-3.8697473784741E-5
2,199;576,3.868613490764957E-5
2,63;163,3.868513479680784E-5
2,516;904,-3.8673068003934996E-5
2,321;558,3.865950621924511E-5
2,381;842,-3.865382491720931E-5
2,207;873,3.862468220324627E-5
2,427;445,3.860050209072696E-5
2,33;68,3.859966872488042E-5
2,481;552,3.855791161826858E-5
2,624;826,3.854730316894907E-5
2,385;395,3.851448531377802E-5
2,451;484,3.8510165609872206E-5
2,507;764,-3.8498900763526596E-5
2,22;851,-3.8478186276084096E-5
2,174;348,-3.8472045921639647E-5
2,25;916,3.846470755828812E-5
2,100;119,3.8446072768055854E-5
2,83;919,-3.8441729080177416E-5
2,505;769,3.843631132938355E-5
2,552;642,3.8396326720434706E-5
2,625;635,3.839164008636174E-5
2,360;723,3.8380382766863434E-5
2,552;908,-3.8374253850319626E-5
2,504;795,-3.8359384654969114E-5
2,547;987,-3.835802734676737E-5
2,150;639,-3.8335853663853925E-5
2,221;641,-3.828853576278783E-5
2,178;936,-3.827358055232066E-5
2,190;823,-3.826709004184893E-5
2,192;344,-3.826425243626631E-5
2,271;640,3.826341220528659E-5
2,487;907,3.826013955580162E-5
2,174;514,3.8249179091105856E-5
2,209;304,-3.824542935908897E-5
2,4;407,-3.8243636637834755E-5
2,542;986,-3.82271547228139E-5
2,580;583,-3.8216659951580676E-5
2,74;84,-3.8193381895799494E-5
2,290;917,-3.817686652356912E-5
2,341;399,3.8167401554878666E-5
2,250;459,3.816262761973764E-5
2,533;791,-3.8158133264048345E-5
2,341;588,-3.815430029132061E-5
2,337;723,3.814565893631764E-5
2,142;976,-3.8062643223388895E-5
2,269;637,-3.804027401718087E-5
2,356;959,3.803100406845285E-5
2,637;918,3.8019790489766584E-5
2,187;308,3.8010229616385466E-5
2,493;631,3.799760655394258E-5
2,831;928,-3.796692061050211E-5
2,687;743,3.796537831731904E-5
2,648;818,3.793349159459174E-5
2,95;547,-3.788412183513912E-5
2,4;367,-3.785759170921955E-5
2,752;778,-3.785283194993434E-5
2,85;716,3.7830072901243556E-5
2,786;835,3.781386620327247E-5
2,620;909,3.7798571651947194E-5
2,277;791,3.77787239081271E-5
2,220;703,-3.775636799020498E-5
2,588;885,3.773753254924462E-5
2,180;198,-3.773438690381878E-5
2,121;816,3.772863695388006E-5
2,172;744,-3.77115792230138E-5
2,710;874,3.770580878785324E-5
2,82;317,-3.769526598128736E-5
2,282;531,3.762920068549454E-5
2,744;820,-3.762028260186776E-5
2,127;202,-3.759810212849299E-5
2,461;576,-3.75934459505984E-5
2,620;649,-3.755925204377515E-5
2,927;997,3.754146523883744E-5
2,223;618,-3.7526790569747416E-5
2,394;699,3.751201169261229E-5
2,618;946,3.7447228001597944E-5
2,103;719,-3.743266186706991E-5
2,642;698,-3.738501242505561E-5
2,101;897,-3.738153313672332E-5
2,42;43,-3.738002813855679E-5
2,235;898,3.7375364453235705E-5
2,89;281,-3.7368745366776294E-5
2,625;956,-3.736351891099962E-5
2,339;578,3.728592018602535E-5
2,944;998,3.726717894964241E-5
2,259;887,3.720236600559348E-5
2,79;812,3.717916454135667E-5
2,160;565,-3.717255398742855E-5
2,524;584,3.716487466557115E-5
2,271;569,-3.712885116866572E-5
2,651;712,-3.712874724670167E-5
2,234;578,-3.7126131487295596E-5
2,36;391,3.712344482715274E-5
2,853;936,-3.710914366516413E-5
2,288;747,-3.7087413144082814E-5
2,380;906,-3.708465605216494E-5
2,69;794,3.7083662557565016E-5
2,346;882,-3.706423521159387E-5
2,484;562,3.70552193514898E-5
2,320;915,-3.7041209919531193E-5
2,190;966,-3.702590979846725E-5
2,164;830,-3.702362041536328E-5
2,39;829,-3.7016131947508684E-5
2,404;670,-3.699282867764075E-5
2,813;974,3.696089375334466E-5
2,621;627,3.695854572557815E-5
2,390;803,3.690128649751681E-5
2,706;944,-3.688576372494E-5
2,30;667,-3.6883706212834704E-5
2,145;283,3.686839390537414E-5
2,590;756,-3.6854933806160465E-5
2,308;714,-3.685144220711756E-5
2,142;773,-3.684959789345105E-5
2,52;263,-3.684436434036087E-5
2,443;584,-3.6826159678911426E-5
2,530;703,3.680702305911394E-5
2,280;795,3.680453744679409E-5
2,819;880,-3.6775956691104835E-5
2,59;124,3.67219122746079E-5
2,237;574,3.671367096707807E-5
2,32;684,3.667093112968395E-5
2,64;760,3.6622263911903E-5
2,233;744,3.6584168475211315E-5
2,389;721,3.655023476555902E-5
2,464;895,-3.6526888326830785E-5
2,195;385,-3.65252917451453E-5
2,364;454,3.652136717559041E-5
2,595;974,-3.651014661627403E-5
2,569;927,-3.650287098879512E-5
2,390;822,-3.65025719936835E-5
2,11;633,3.647583144963699E-5
2,66;371,3.646777104789664E-5
2,587;691,-3.646720480980421E-5
2,990;993,-3.645792733111977E-5
2,94;649,-3.64462014963186E-5
2,78;769,3.643511309724722E-5
2,353;564,3.6396797049059534E-5
2,402;798,-3.6385644271440334E-5
2,227;875,-3.6358446093517804E-5
2,175;252,3.63520018467919E-5
2,43;861,3.632600097486415E-5
2,281;616,-3.631051410659776E-5
2,369;691,3.626191883396766E-5
2,391;979,-3.622710218375835E-5
2,682;907,-3.6223714122473803E-5
2,459;817,-3.6194346201049944E-5
2,441;504,3.6194054719058E-5
2,269;853,3.618186162927726E-5
2,817;926,-3.615878327753601E-5
2,801;964,3.6152293678152525E-5
2,177;247,3.6144006218643356E-5
2,589;811,-3.612479167878687E-5
2,254;953,3.611512859357285E-5
2,742;760,3.610058777665631E-5
2,169;626,-3.604839902484971E-5
2,98;247,-3.601819222880504E-5
2,406;907,3.601432165906209E-5
2,528;712,-3.600627589527658E-5
2,428;753,-3.599799024901824E-5
2,456;952,-3.596691307311623E-5
2,76;85,3.595281996437248E-5
2,276;520,3.593570932598511E-5
2,49;905,3.590124979732015E-5
2,321;831,3.5899284740273294E-5
2,386;498,-3.5876036385786094E-5
2,290;647,3.584922200685534E-5
2,142;276,-3.5840054177206486E-5
2,335;358,3.58192498272794E-5
2,87;155,3.581196721093999E-5
2,29;339,3.5778501324152745E-5
2,154;901,-3.576929439979777E-5
2,50;299,-3.576511252195428E-5
2,290;404,3.5746341382504615E-5
2,315;694,-3.573950312515224E-5
2,683;719,3.573272435927597E-5
2,551;747,3.5657575062047034E-5
2,316;760,-3.562195616664225E-5
2,252;557,3.56132609464461E-5
2,708;876,3.560973521455333E-5
2,485;882,3.559929097310456E-5
2,64;994,3.55866798095783E-5
2,371;981,3.5576178601929334E-5
2,12;976,3.55695953179768E-5
2,117;730,-3.555944479107129E-5
2,535;723,-3.5543841642963095E-5
2,54;211,-3.551721091186904E-5
2,462;471,3.549806478735579E-5
2,646;976,3.549650395180268E-5
2,30;356,3.549251565218577E-5
2,781;872,3.549101969839773E-5
2,128;176,3.547630534079481E-5
2,589;885,-3.5455702991480124E-5
2,74;821,-3.544738760398838E-5
2,533;795,-3.543529527855745E-5
2,27;987,-3.542912805940486E-5
2,18;68,3.540001071845676E-5
2,195;302,3.536830760018947E-5
2,138;500,-3.532220600615027E-5
2,206;369,-3.532031844223843E-5
2,26;151,-3.530878170694932E-5
2,480;618,-3.5271657673290713E-5
2,295;991,3.5264757907946784E-5
2,308;349,-3.526074229025031E-5
2,10;37,3.525041792808259E-5
2,60;725,-3.5220257037005095E-5
2,395;504,3.519419205745991E-5
2,450;672,-3.5161333035106414E-5
2,357;515,3.5159447149223085E-5
2,125;737,-3.515318416056752E-5
2,271;864,-3.514617613514123E-5
2,4;170,-3.50974497874733E-5
2,623;773,-3.508882996850908E-5
2,414;727,3.5085107792025563E-5
2,176;858,-3.506859546278341E-5
2,35;334,-3.505496737469514E-5
2,375;559,-3.502420374168909E-5
2,256;864,3.5006593368033226E-5
2,204;910,3.500563818464886E-5
2,169;315,3.499896931539812E-5
2,106;347,3.499450839455186E-5
2,750;934,-3.498875480286367E-5
2,191;317,-3.498009995612017E-5
2,636;895,3.497343013099884E-5
2,578;605,-3.496901825969311E-5
2,469;479,-3.496606938782969E-5
2,33;919,-3.4917348878347704E-5
2,656;899,-3.491124826398312E-5
2,520;723,3.488203434073232E-5
2,51;432,-3.4879049605411924E-5
2,255;526,3.4866321736513355E-5
2,414;580,-3.483351866903193E-5
2,76;427,-3.4823782933090825E-5
2,367;964,3.4810643771763126E-5
2,412;701,-3.4781848318364026E-5
2,329;466,3.477920942335924E-5
2,356;887,3.4764596721787835E-5
2,460;641,3.4755115108176715E-5
2,331;836,-3.473252797358449E-5
2,26;630,-3.472482917343947E-5
2,43;818,-3.4704027747848485E-5
2,519;692,3.463182689262738E-5
2,252;823,-3.4630865271318875E-5
2,325;947,3.457371417243423E-5
2,35;755,-3.4558474593309785E-5
2,235;469,-3.4545499616578315E-5
2,138;586,3.4526140585089585E-5
2,421;776,-3.451844870275976E-5
2,232;664,3.451711652621093E-5
2,422;547,3.4515482923672206E-5
2,38;82,3.4478666317588904E-5
2,175;780,3.4452535524502023E-5
2,340;894,-3.444948174875641E-5
2,694;896,3.4439625808344206E-5
2,542;821,-3.4437366628828624E-5
2,3;11,-3.441575634006772E-5
2,657;770,-3.440985676653415E-5
2,49;356,3.440340951113551E-5
2,499;986,3.4382537293416265E-5
2,4;282,3.4324520892581664E-5
2,307;801,-3.431728662972402E-5
2,656;891,3.43151373057186E-5
2,114;533,3.4310283041113024E-5
2,140;207,3.4307948448746755E-5
2,475;478,3.4285835426680486E-5
2,168;361,-3.4232921721520215E-5
2,425;806,-3.418813284184402E-5
2,535;536,3.418676673958055E-5
2,536;609,-3.418236476824356E-5
2,646;817,-3.415469275917167E-5
2,74;454,3.413510742934245E-5
2,47;861,-3.412140342896827E-5
2,107;895,-3.410567172725619E-5
2,102;765,-3.410130311347507E-5
2,150;982,3.4095849039915486E-5
2,15;940,-3.4085535981791166E-5
2,73;662,3.4079621533084294E-5
2,850;972,3.404347380910079E-5
2,37;131,-3.402871703690446E-5
2,271;574,3.400371537428816E-5
2,49;594,-3.398613283612557E-5
2,281;448,3.39789775249042E-5
2,608;816,-3.396429877292362E-5
2,482;667,-3.39640108442897E-5
2,280;929,-3.3962957517174786E-5
2,266;439,-3.393599215484196E-5
2,1;264,3.393342944389533E-5
2,223;231,-3.393108698126066E-5
2,716;967,-3.392592097968722E-5
2,264;965,3.3896879565730046E-5
2,485;993,3.389408089128983E-5
2,655;962,3.386651807116044E-5
2,67;992,-3.3855384222660124E-5
2,286;991,3.384187134417592E-5
2,331;551,3.3841437556093514E-5
2,710;721,3.380967874949351E-5
2,336;604,3.38056795835687E-5
2,199;323,3.378019298035706E-5
2,412;899,-3.3778807387296405E-5
2,759;768,-3.377359576219829E-5
2,132;641,-3.375881533742081E-5
2,382;769,-3.374792407396352E-5
2,75;236,3.374598286981416E-5
2,456;874,-3.371999189659051E-5
2,358;729,-3.3710488987052815E-5
2,44;207,-3.3696043407632825E-5
2,698;852,-3.3636752026081024E-5
2,819;931,3.3624464963268065E-5
2,318;578,3.3604545457468396E-5
2,4;5,-3.3594513593828244E-5
2,316;613,-3.357765948831464E-5
2,12;706,-3.357063145000763E-5
2,527;925,3.3508045623563E-5
2,767;998,3.350146202143816E-5
2,378;876,3.3486762919969554E-5
2,304;956,3.348078786777328E-5
2,605;845,3.3447153518212574E-5
2,705;938,-3.34278161447253E-5
2,557;949,-3.3399657440705036E-5
2,168;778,-3.337791423539217E-5
2,14;325,3.3370576319179094E-5
2,680;751,-3.3367658835307817E-5
2,378;605,-3.3364544942509514E-5
2,209;568,-3.334221925308578E-5
2,741;929,-3.333322559005043E-5
2,49;144,-3.327518847584559E-5
2,413;970,3.325809927419388E-5
2,244;663,-3.324767472669196E-5
2,303;560,-3.323911348531065E-5
2,301;341,-3.321050571025277E-5
2,937;985,3.3207879463100255E-5
2,111;911,3.317208608131228E-5
2,165;824,-3.315607301507474E-5
2,584;886,-3.315417569971928E-5
2,426;814,3.3142626472379244E-5
2,182;342,-3.3139696636849277E-5
2,153;409,3.3124064315674914E-5
2,303;410,-3.3116291232737205E-5
2,111;283,3.3113115206946054E-5
2,241;565,-3.310684282134642E-5
2,18;961,3.309692796023479E-5
2,413;427,3.309422708259831E-5
2,263;784,-3.30881584618613E-5
2,125;455,-3.306750945267184E-5
2,38;290,-3.303537703102591E-5
2,223;547,3.3034101300895775E-5
2,759;966,3.301624447663514E-5
2,610;717,3.299602221384484E-5
2,292;721,-3.297080369799643E-5
2,1;795,3.293722007870003E-5
2,73;382,3.2927052544146766E-5
2,8;27,3.2907737196971804E-5
2,165;557,-3.2895897560328615E-5
2,4;612,-3.2892815733692016E-5
2,5;271,-3.288162798053594E-5
2,247;751,-3.2880393595623504E-5
2,183;512,3.286978243314983E-5
2,38;603,3.285289467520001E-5
2,481;803,-3.2832377544396164E-5
2,158;865,-3.280139864755939E-5
2,407;686,-3.279310051266968E-5
2,6;571,3.278897425906504E-5
2,438;715,-3.277621987256929E-5
2,33;156,-3.269056923283693E-5
2,293;641,3.2614808152792696E-5
2,398;458,3.2608497881128405E-5
2,230;891,3.26033057468735E-5
2,367;868,-3.2583170732699344E-5
2,181;353,3.2578014877629435E-5
2,113;665,3.255470918428874E-5
2,517;853,3.252942665706546E-5
2,80;360,-3.25234082974156E-5
2,716;779,-3.252053475337644E-5
2,596;921,3.250502235189686E-5
2,335;518,3.248773540825105E-5
2,597;690,3.245757019652763E-5
2,352;876,-3.24465353631166E-5
2,811;999,3.244059821495161E-5
2,376;519,-3.2439024893735984E-5
2,59;187,-3.243447143051773E-5
2,197;760,-3.2433752427062014E-5
2,184;339,3.2431592545299714E-5
2,11;765,3.2424899445514955E-5
2,377;623,-3.241876423645964E-5
2,890;986,-3.2410999035883374E-5
2,44;95,-3.241049196263165E-5
2,362;508,3.2395252617676164E-5
2,38;608,-3.2347171696038044E-5
2,235;530,-3.234568464982269E-5
2,267;832,-3.2342379574023766E-5
2,190;401,-3.2339169755309076E-5
2,247;338,3.233171814572134E-5
2,77;246,3.2318703029174404E-5
2,526;966,-3.2306258868224964E-5
2,206;973,-3.229707172301846E-5
2,278;848,-3.2294620438766735E-5
2,391;463,-3.227794835905108E-5
2,341;804,3.226973920464887E-5
2,767;947,-3.2264005008316944E-5
2,27;836,-3.225339942267702E-5
2,20;746,-3.2207705467304716E-5
2,512;777,3.22026614463927E-5
2,406;767,3.2198866326310466E-5
2,507;860,-3.21970674465975E-5
2,718;784,3.218248865656711E-5
2,510;956,3.2167614672229435E-5
2,36;463,-3.215086652111887E-5
2,9;678,3.21341247047126E-5
2,2;19,-3.2122946479216584E-5
2,353;597,-3.2119503963817335E-5
2,30;188,-3.2115994933208344E-5
2,290;768,-3.2103518386597375E-5
2,639;899,-3.210283761261309E-5
2,662;843,-3.209663562220823E-5
2,156;533,-3.2088892025931285E-5
2,690;817,-3.205336006814064E-5
2,872;899,-3.204895703011511E-5
2,25;268,-3.204632187415996E-5
2,209;236,3.1994642361562155E-5
2,203;247,3.1968146448834596E-5
2,99;900,3.193745887280021E-5
2,205;685,-3.1937187715869015E-5
2,64;145,3.1929139298306904E-5
2,564;596,-3.192126937969804E-5
2,598;760,-3.19060859693516E-5
2,136;686,-3.188742047314455E-5
2,258;573,-3.18823699613015E-5
2,556;789,-3.18406912341322E-5
2,640;844,-3.18376191510391E-5
2,680;809,-3.182656376894763E-5
2,742;897,3.1820182907629354E-5
2,738;958,-3.178839532150291E-5
2,137;633,-3.173298736726817E-5
2,32;60,3.173224145985165E-5
2,118;269,-3.1717253712355705E-5
2,24;736,3.1712890457013406E-5
2,419;639,-3.1665517866378804E-5
2,295;504,3.165678603158862E-5
2,522;724,-3.165337580942748E-5
2,131;520,3.1652851383738853E-5
2,209;565,3.162893166493928E-5
2,168;457,-3.160283562217213E-5
2,203;311,-3.160238810471426E-5
2,157;762,3.157936519880829E-5
2,244;881,-3.1574816511763136E-5
2,307;698,3.1554927650663814E-5
2,739;845,3.154567643709846E-5
2,916;988,-3.1496997989480476E-5
2,721;760,3.1488351619281896E-5
2,557;863,3.146249916868463E-5
2,74;141,-3.145560182523291E-5
2,219;923,3.145224934014923E-5
2,666;806,3.142008403951318E-5
2,565;611,3.1411507121053614E-5
2,190;628,-3.140191291124724E-5
2,454;596,-3.13586876180569E-5
2,139;544,3.135749450915339E-5
2,44;99,3.135742898588561E-5
2,174;920,3.1347318917070984E-5
2,357;929,3.134137573451084E-5
2,110;502,-3.130894247783706E-5
2,735;919,-3.129183766020034E-5
2,17;49,3.1289220302607874E-5
2,366;746,3.128548869073816E-5
2,272;514,-3.126524526472332E-5
2,513;906,3.124616475907076E-5
2,659;842,3.124573790115467E-5
2,781;783,3.1238309682721566E-5
2,386;659,3.1235933396034754E-5
2,73;334,3.121121128796646E-5
2,828;845,-3.12101471578814E-5
2,316;625,3.118487854733704E-5
2,537;564,-3.1182923802512386E-5
2,668;681,-3.117169520981278E-5
2,178;283,3.115346647180051E-5
2,464;724,3.1143086352944485E-5
2,548;863,3.1121177959489595E-5
2,62;156,-3.110348399039902E-5
2,101;446,3.10869830279117E-5
2,198;544,-3.107601874541057E-5
2,142;995,-3.0986292490351496E-5
2,207;713,3.096644845836655E-5
2,347;884,3.095710465455502E-5
2,436;729,-3.095572524179378E-5
2,578;902,-3.089455271331029E-5
2,85;657,3.0890794417070014E-5
2,744;765,-3.0878526064693805E-5
2,203;253,-3.0863302904746694E-5
2,337;653,-3.0829366931518345E-5
2,359;700,-3.0805173741627314E-5
2,260;915,3.078379801059242E-5
2,94;451,3.0778503704452974E-5
2,154;940,3.076781075448195E-5
2,58;584,-3.075860784231724E-5
2,203;924,3.0742568687484634E-5
2,18;204,-3.0740273277204346E-5
2,184;442,3.073890547700286E-5
2,264;900,-3.072818864948909E-5
2,55;747,3.072460876992579E-5
2,111;244,3.072308082040341E-5
2,10;863,3.069648736433903E-5
2,380;442,3.067237805399765E-5
2,191;560,3.065368962283852E-5
2,509;582,3.06398828906201E-5
2,60;651,-3.0639510426280055E-5
2,499;764,3.062443776326071E-5
2,773;897,-3.0613842933984284E-5
2,671;747,-3.0607383300439294E-5
2,71;171,3.059873907973948E-5
2,145;665,3.05965827335063E-5
2,118;315,-3.05358300097894E-5
2,583;655,3.053271593355834E-5
2,482;567,-3.0522317511487375E-5
2,481;998,3.051769832280585E-5
2,482;659,3.047880510107781E-5
2,587;980,-3.047706656521228E-5
2,580;799,-3.0475128160329783E-5
2,534;657,3.0448939944803313E-5
2,100;973,-3.0440680784131156E-5
2,125;878,-3.0436669791116824E-5
2,837;982,3.0421491006188245E-5
2,51;995,-3.03845423270645E-5
2,103;472,3.0365993183718673E-5
2,124;751,3.033151445194099E-5
2,36;534,3.033136632713733E-5
2,97;858,-3.0321313985565978E-5
2,583;904,-3.0320566329182092E-5
2,124;809,3.031324916385636E-5
2,555;831,-3.031148944129906E-5
2,180;183,-3.0277611091866933E-5
2,192;483,3.0251082480153616E-5
2,100;694,3.024476467328527E-5
2,114;487,3.0203721447934026E-5
2,131;677,-3.0179048939370887E-5
2,316;733,-3.014856581541793E-5
2,631;946,-3.0148116821311044E-5
2,262;327,3.013941642203072E-5
2,466;815,-3.013330682399617E-5
2,64;210,3.008295591760203E-5
2,615;890,-3.0069397436723824E-5
2,16;70,3.005643620837769E-5
2,401;488,3.0047823033861172E-5
2,91;166,3.002816764707405E-5
2,297;917,-3.0013772467578684E-5
2,23;711,3.001054329006183E-5
2,507;544,-3.0001609225220086E-5
2,151;491,2.9995608572081356E-5
2,898;913,-2.9973615164164968E-5
2,269;846,2.9933768205265553E-5
2,306;528,2.991522548562753E-5
2,285;332,2.988294201353714E-5
2,136;209,-2.9865953972323994E-5
2,183;420,2.984241332448169E-5
2,866;993,2.9826023488055304E-5
2,7;699,-2.982014843051549E-5
2,413;721,-2.97865068184915E-5
2,173;754,2.976292444243249E-5
2,138;141,2.9739329683666778E-5
2,97;188,-2.9732705795279452E-5
2,2;621,2.9713575919152485E-5
2,441;586,-2.9698268382970588E-5
2,22;685,-2.9673262735261067E-5
2,144;321,2.9663295094160435E-5
2,329;863,2.9655685783292065E-5
2,369;748,2.962690775196144E-5
2,259;356,-2.9623932958555033E-5
2,662;666,2.9572147728059732E-5
2,566;880,-2.9569143913566395E-5
2,22;96,2.9555457505269936E-5
2,494;819,2.9513830564690883E-5
2,207;614,2.947860504349953E-5
2,339;986,-2.9463293088049563E-5
2,230;438,-2.9461653975943394E-5
2,55;382,-2.946030715519199E-5
2,487;680,2.9450887998031153E-5
2,194;901,2.9444691857640857E-5
2,2;402,2.944383372746381E-5
2,352;701,-2.9437823181497938E-5
2,277;336,-2.9426777461176766E-5
2,737;801,2.9405719664625948E-5
2,623;982,-2.9404464786008294E-5
2,406;480,2.937843315019334E-5
2,0;442,-2.9364767673699618E-5
2,237;887,-2.9347181013140822E-5
2,53;942,-2.933911286378449E-5
2,333;520,-2.9332212607698597E-5
2,87;137,2.9319024723756352E-5
2,584;678,2.9312665886776176E-5
2,679;992,2.9299424105945707E-5
2,225;962,2.9296502386859956E-5
2,382;470,2.9257631202967946E-5
2,378;661,2.9157228699083612E-5
2,132;730,2.9138661254649528E-5
2,227;539,2.912575994052532E-5
2,138;520,-2.910654451224312E-5
2,525;660,-2.9089922530016624E-5
2,68;82,2.9082715077920824E-5
2,196;533,2.904249299769225E-5
2,443;872,2.903718196875865E-5
2,268;916,2.8979220140671003E-5
2,38;316,2.896433696898486E-5
2,655;676,-2.8951506299829025E-5
2,562;723,-2.8933163087998448E-5
2,256;487,2.8912402963076004E-5
2,515;896,2.889346894619879E-5
2,535;889,2.888982168569987E-5
2,488;947,2.887903327655843E-5
2,880;971,-2.8878379561589522E-5
2,379;786,2.8856443096305167E-5
2,74;691,-2.8847267401517663E-5
2,417;763,-2.884177038177478E-5
2,135;366,-2.8801987926966804E-5
2,560;705,-2.8791165174669968E-5
2,816;962,2.8775794970588827E-5
2,209;241,2.876023690567347E-5
2,681;853,-2.8736233264792357E-5
2,564;914,2.8724171217412083E-5
2,301;600,-2.8704406517170754E-5
2,245;475,-2.8672682093728974E-5
2,47;610,2.8618224025495833E-5
2,261;483,-2.855839683986457E-5
2,336;447,2.854333994819183E-5
2,85;297,2.8540724877268844E-5
2,66;324,-2.8529781859462506E-5
2,209;598,-2.852800951768407E-5
2,69;682,2.851422528350165E-5
2,60;814,2.851274290519562E-5
2,276;646,-2.849910444792987E-5
2,429;456,-2.847311221267603E-5
2,498;867,2.843963570915053E-5
2,52;655,-2.8431341483159152E-5
2,594;729,2.841767441001647E-5
2,389;747,2.8391782570715403E-5
2,611;810,-2.8351709798823338E-5
2,353;996,-2.8344005109571998E-5
2,6;394,2.8343592410071007E-5
2,380;603,2.8312981831538153E-5
2,353;616,-2.8312182537169363E-5
2,802;977,2.830112310016339E-5
2,447;803,-2.8299236702760583E-5
2,537;592,-2.8274117090122565E-5
2,234;664,-2.8233428264815808E-5
2,288;475,2.8221946922073833E-5
2,38;935,2.8218907261958374E-5
2,334;382,2.8164101349535924E-5
2,34;527,2.8154759342381805E-5
2,38;390,2.8149155572572797E-5
2,329;822,-2.8088191353099618E-5
2,200;482,-2.80865813435977E-5
2,53;737,2.8069997381356475E-5
2,672;718,-2.8049022995382124E-5
2,709;804,2.8022453982426783E-5
2,555;873,2.8013526464218107E-5
2,680;879,2.8005911032186804E-5
2,4;225,2.7986444650174963E-5
2,91;285,2.7985633555310682E-5
2,789;974,-2.7974183155095118E-5
2,60;289,2.794925257262809E-5
2,239;723,2.7874256874264516E-5
2,206;509,-2.7873938744786822E-5
2,201;226,-2.786686586957479E-5
2,777;877,-2.780724120293221E-5
2,566;676,-2.780288177156242E-5
2,435;742,2.780040996459756E-5
2,277;299,2.778493902628964E-5
2,299;874,2.7760136036535933E-5
2,163;174,2.774995105613355E-5
2,489;875,2.7733470044033864E-5
2,48;532,-2.7721629628573235E-5
2,439;581,2.7715035076255385E-5
2,395;551,2.771110975076948E-5
2,84;312,-2.7674645627443566E-5
2,925;934,2.765546923282245E-5
2,570;683,2.7653427527370982E-5
2,190;320,-2.7642366195620126E-5
2,168;344,2.7623227366256166E-5
2,385;788,-2.7614080390861425E-5
2,417;962,2.758213946691397E-5
2,564;847,2.7576766730917206E-5
2,37;392,2.752851743721335E-5
2,809;972,2.7513134334827952E-5
2,89;693,2.7492881750230953E-5
2,204;505,2.7474494494779185E-5
2,337;367,2.7454352586165347E-5
2,83;342,2.7404237234588765E-5
2,14;168,-2.739394881651295E-5
2,3;430,2.733770724295964E-5
2,949;981,2.7318726099903905E-5
2,80;827,-2.731274518042759E-5
2,588;647,2.7262282049968238E-5
2,513;568,2.7227999906075682E-5
2,222;450,2.7216412864469305E-5
2,224;708,2.7212154294263743E-5
2,520;567,-2.7203135570322113E-5
2,285;789,-2.720299507863769E-5
2,69;825,-2.719621882585558E-5
2,569;648,2.718982909426587E-5
2,23;455,-2.7161093855802927E-5
2,568;920,2.715962002040554E-5
2,205;384,2.7153858083739533E-5
2,289;741,-2.7150941334429634E-5
2,449;459,-2.714990553477273E-5
2,515;659,2.713639101564494E-5
2,141;820,-2.7127044246241345E-5
2,105;683,2.712231410057675E-5
2,333;737,2.7102228112223E-5
2,367;519,2.7083783301330517E-5
2,34;952,2.7079779007184473E-5
2,129;373,2.7032026104819808E-5
2,359;817,2.7030976459440222E-5
2,39;368,-2.7019681980420632E-5
2,17;884,-2.7019499141550137E-5
2,434;788,2.7016823290731226E-5
2,574;877,-2.7013571448439634E-5
2,17;109,-2.700982572778485E-5
2,259;990,2.7008984659006684E-5
2,49;785,2.6903816704520933E-5
2,279;403,-2.690073453821057E-5
2,188;252,2.6894822246181533E-5
2,114;762,-2.684942436250124E-5
2,335;682,-2.6840031383493593E-5
2,549;758,-2.6828692520463465E-5
2,701;863,-2.681784840040155E-5
2,116;789,2.6816180307518728E-5
2,408;766,2.6801344179600062E-5
2,682;926,-2.6801273719756923E-5
2,484;522,-2.676271062376056E-5
2,405;916,-2.6683666521518996E-5
2,175;314,-2.6673834168045646E-5
2,46;377,2.667329678773829E-5
2,177;261,-2.6670213176258174E-5
2,385;450,2.665282676767767E-5
2,278;314,2.664677853332531E-5
2,382;709,2.661823011154388E-5
2,232;537,2.661575129790393E-5
2,514;832,2.6587542427268888E-5
2,287;714,2.658339957178108E-5
2,81;971,2.656956510863151E-5
2,519;839,-2.656649407222278E-5
2,128;307,-2.6553952618063217E-5
2,53;491,-2.652872363634068E-5
2,482;681,-2.6502636008599493E-5
2,94;958,2.646905194602433E-5
2,557;878,2.6442450085253513E-5
2,253;616,-2.6439213486598176E-5
2,634;749,2.6423404317480067E-5
2,38;849,2.6412970107719183E-5
2,341;507,2.6408385364642837E-5
2,633;949,2.6405916360677794E-5
2,312;625,-2.6403538506976307E-5
2,154;560,2.63908626939114E-5
2,798;824,-2.638501439896318E-5
2,14;152,2.6375618394017343E-5
2,36;375,2.6361851548915017E-5
2,332;932,-2.6359126763837033E-5
2,771;992,-2.6349921678387157E-5
2,428;889,2.633859043607022E-5
2,558;827,2.6314492457420944E-5
2,286;585,2.6314072990914435E-5
2,257;640,-2.630370524321867E-5
2,43;255,2.6301033726035366E-5
2,347;440,-2.6300094997701924E-5
2,272;616,2.6288092540856386E-5
2,410;835,2.6281221992303386E-5
2,727;871,2.6278519497602425E-5
2,366;440,2.6276544006936602E-5
2,292;788,-2.6249669891702076E-5
2,573;743,2.6231625128182204E-5
2,53;660,2.61696085869651E-5
2,378;845,-2.612432115398125E-5
2,61;117,-2.6071874737670808E-5
2,4;909,2.6071017646364172E-5
2,50;624,-2.605379357027298E-5
2,12;553,-2.6029435977643928E-5
2,224;293,2.6012727692966975E-5
2,254;718,2.6010516462901542E-5
2,300;653,-2.6008981050711818E-5
2,142;556,2.5993111973627985E-5
2,230;944,-2.598140147832631E-5
2,231;445,-2.5969951993377496E-5
2,127;180,2.5953787152902613E-5
2,149;473,2.5943948982830986E-5
2,366;385,2.5936349900012146E-5
2,122;132,-2.5932610275912662E-5
2,881;901,2.592014640456103E-5
2,246;558,2.58956366188368E-5
2,855;931,-2.589483249521368E-5
2,0;133,-2.589383037764763E-5
2,312;733,2.5882928381975334E-5
2,637;802,-2.5874032806221254E-5
2,129;476,-2.584609681541105E-5
2,288;600,-2.5840311384821763E-5
2,93;802,-2.5812361179161567E-5
2,66;429,2.5797769536528417E-5
2,95;782,2.5791248094697524E-5
2,110;224,-2.5775025338758967E-5
2,745;963,2.5755669823355734E-5
2,807;934,2.5755326881230752E-5
2,319;949,2.5730684506081238E-5
2,471;530,-2.571481433785585E-5
2,433;856,2.570767281055387E-5
2,127;443,-2.5702430383557303E-5
2,382;852,2.569827286381969E-5
2,908;952,-2.567973828188874E-5
2,721;970,2.5675650259439512E-5
2,242;375,-2.559183488343454E-5
2,62;92,-2.5584228475047344E-5
2,160;708,2.5583589710363195E-5
2,82;468,-2.5581508591602472E-5
2,366;716,2.5580772694728415E-5
2,254;378,2.556875271998315E-5
2,8;155,2.5535547807847934E-5
2,239;760,-2.552842486245627E-5
2,10;511,-2.550475195021785E-5
2,101;663,-2.5492742132603115E-5
2,128;833,-2.5451146161569787E-5
2,398;504,2.5449784091216115E-5
2,797;801,-2.5445299559912616E-5
2,468;822,-2.542861218195898E-5
2,33;314,2.541514704801652E-5
2,718;965,-2.539085957011958E-5
2,199;461,2.5387612728807277E-5
2,275;495,-2.5386240820003903E-5
2,168;907,2.5381204539629726E-5
2,269;425,-2.535870960571846E-5
2,184;365,-2.5342041963433073E-5
2,615;847,-2.53195942509169E-5
2,537;989,2.528442101381405E-5
2,202;647,2.5283730018832275E-5
2,156;421,-2.5243534080285956E-5
2,107;733,2.520989427876521E-5
2,113;289,2.519767945573344E-5
2,373;428,-2.518971508985426E-5
2,840;997,-2.5147469831640734E-5
2,149;557,-2.5123531434426826E-5
2,760;866,-2.5117726446544033E-5
2,486;968,-2.5078218732662743E-5
2,262;602,2.5076462974909883E-5
2,518;599,2.5075239397140237E-5
2,289;581,-2.506840344879552E-5
2,278;710,2.504492613196894E-5
2,516;644,2.504189388053986E-5
2,537;666,2.5028340851946475E-5
2,102;206,2.502705104501356E-5
2,40;890,2.501394161075196E-5
2,63;174,-2.5005465112623E-5
2,927;941,-2.499057892633855E-5
2,936;990,-2.4935903799022186E-5
2,24;172,-2.4894384524600924E-5
2,150;965,2.4893534064913625E-5
2,193;259,2.4881352127432733E-5
2,631;949,-2.4867192788031346E-5
2,556;611,-2.4862529715136555E-5
2,170;887,-2.484684747146543E-5
2,282;582,2.484283356299206E-5
2,18;456,-2.4839761244376272E-5
2,550;950,2.4831275116574202E-5
2,116;611,-2.482137814063612E-5
2,656;862,-2.4818719595578222E-5
2,435;946,-2.4818224697754376E-5
2,381;609,-2.479294575622494E-5
2,312;734,-2.478801814462646E-5
2,388;589,2.474468736369032E-5
2,34;991,2.4706164715640646E-5
2,453;788,-2.470581470543687E-5
2,196;983,2.4637590455930858E-5
2,544;860,-2.4602164642559544E-5
2,229;340,2.4589588973305542E-5
2,382;417,-2.45855843879204E-5
2,169;523,2.456628894657241E-5
2,309;700,2.4558568437919474E-5
2,103;401,2.4553166612563793E-5
2,399;996,2.452989977250933E-5
2,468;792,-2.4516453107799193E-5
2,163;200,-2.4516341593193084E-5
2,263;549,-2.4497988643431142E-5
2,318;791,2.4483757776259634E-5
2,107;869,-2.447476825012443E-5
2,391;437,-2.44675976059124E-5
2,354;934,-2.4466171571986245E-5
2,654;672,2.4432564252651356E-5
2,114;803,-2.4392940473170742E-5
2,129;390,-2.438402095189763E-5
2,185;878,2.4368818809532663E-5
2,747;962,2.4329239166335005E-5
2,727;864,-2.4315556554112286E-5
2,73;944,2.4307902821518215E-5
2,49;149,-2.4295284412794104E-5
2,280;860,2.4247387186263293E-5
2,397;863,2.424457553783247E-5
2,333;342,2.4237508117344903E-5
2,784;898,-2.4223605144402922E-5
2,225;363,-2.4223114599264718E-5
2,149;576,-2.4221657678146366E-5
2,126;348,2.420248456657116E-5
2,267;514,2.4196657096949793E-5
2,423;815,2.4188097398489538E-5
2,369;588,2.416819938379121E-5
2,455;634,2.4129067971180156E-5
2,85;301,2.412152891422055E-5
2,21;176,2.4117746886393268E-5
2,171;710,2.4106548311765725E-5
2,951;965,2.4089231527732935E-5
2,200;798,2.4086558988332662E-5
2,58;148,-2.407366054422751E-5
2,281;876,2.4055561717060323E-5
2,513;922,-2.4054395599037883E-5
2,43;551,-2.4045412620734432E-5
2,400;932,-2.4036963873506595E-5
2,97;755,2.4024038226436186E-5
2,14;388,-2.3993432465898384E-5
2,437;710,-2.3970717914694434E-5
2,292;474,-2.388883047007393E-5
2,65;100,-2.3887449052114415E-5
2,62;801,2.3880680031028933E-5
2,5;308,-2.3869994379719233E-5
2,599;804,2.385142650511908E-5
2,536;953,2.3835956656633608E-5
2,287;998,-2.3832053061849753E-5
2,232;687,2.3828069412552325E-5
2,875;881,-2.382272066781624E-5
2,180;512,-2.3815222557902376E-5
2,188;764,-2.381375702538209E-5
2,166;640,2.381154383710729E-5
2,677;786,2.3801195795597517E-5
2,505;566,2.380100614312923E-5
2,435;585,2.3787964314896653E-5
2,455;944,2.3763333383090925E-5
2,575;601,2.3755501469483165E-5
2,78;597,-2.3754536055112476E-5
2,412;528,2.373357695748451E-5
2,180;336,2.3657380305614658E-5
2,481;825,2.36453379337086E-5
2,386;515,2.3601781054279507E-5
2,47;495,-2.3598221918982407E-5
2,268;498,2.356340780898126E-5
2,407;612,-2.3535969025160546E-5
2,290;496,2.3526182243331494E-5
2,84;264,-2.3523172687828997E-5
2,108;177,-2.3514355040151903E-5
2,134;841,2.3490522437803766E-5
2,373;735,-2.3487690299604652E-5
2,350;935,-2.3467193675409255E-5
2,152;533,-2.3437071200195905E-5
2,400;851,2.340745956882654E-5
2,103;560,2.3390931631496576E-5
2,107;159,2.3370297075312028E-5
2,48;305,2.335939104666089E-5
2,146;332,2.3350771138782348E-5
2,834;888,-2.333568313844467E-5
2,34;162,-2.3311206746721415E-5
2,436;786,-2.330664207778293E-5
2,510;879,-2.330365346113521E-5
2,168;205,-2.32664772132148E-5
2,207;514,-2.3254341184060674E-5
2,762;829,2.323697211749116E-5
2,181;644,2.3209900174322633E-5
2,82;828,-2.3208166213124375E-5
2,123;938,-2.3205685270802955E-5
2,789;983,2.3178485385942E-5
2,312;796,-2.3168542054084675E-5
2,308;967,2.31392173614334E-5
2,366;506,2.310772842631325E-5
2,313;423,2.3085997548812644E-5
2,527;807,-2.3049767947149914E-5
2,611;942,2.304447068293915E-5
2,490;937,-2.3040814844698687E-5
2,34;691,-2.302230273519544E-5
2,395;691,2.300985943694269E-5
2,203;290,2.300555947506773E-5
2,528;713,-2.3004397532554433E-5
2,21;165,-2.2955525586025697E-5
2,151;879,2.295502070662679E-5
2,763;962,-2.2945662604260947E-5
2,225;412,2.2928255034950476E-5
2,209;613,2.2918238651133147E-5
2,726;977,2.291808994007486E-5
2,661;876,-2.2859086323481277E-5
2,380;808,2.2815395088253435E-5
2,544;632,-2.276687002288493E-5
2,261;468,2.2759289159668815E-5
2,174;908,-2.275598160277828E-5
2,432;546,-2.2754437064494662E-5
2,52;272,2.2713779946332322E-5
2,148;681,2.271142582254816E-5
2,474;575,-2.2666905224542422E-5
2,176;909,-2.2663396134782688E-5
2,322;993,2.2649611434954587E-5
2,510;668,-2.2647129070180835E-5
2,590;719,2.26384104981203E-5
2,175;278,-2.256960705272771E-5
2,59;671,2.2557969624766425E-5
2,493;735,-2.2529097045827985E-5
2,662;841,2.2509347580314144E-5
2,25;558,2.2508394318421152E-5
2,916;964,-2.2500967000604314E-5
2,62;603,2.249335238974085E-5
2,163;232,-2.2474969498165124E-5
2,42;872,-2.247113413107601E-5
2,196;815,-2.2452912344924524E-5
2,289;685,-2.2444217089685554E-5
2,176;607,2.2440231906858248E-5
2,99;662,-2.2432811980525326E-5
2,663;897,2.243172156834588E-5
2,28;818,-2.2420332022827687E-5
2,227;338,-2.241447973794959E-5
2,30;105,-2.2413368612888196E-5
2,173;403,2.240583981411548E-5
2,88;271,2.2403772006082317E-5
2,464;565,2.23924460719018E-5
2,70;521,2.2386113491531496E-5
2,35;858,2.2380270531897047E-5
2,741;769,2.2377135028681286E-5
2,293;422,2.237200817538642E-5
2,74;992,-2.2356204740331877E-5
2,837;987,-2.2352966827243027E-5
2,255;928,-2.2344302327416687E-5
2,142;189,2.2343512871261898E-5
2,625;733,2.23404213657762E-5
2,270;845,-2.2336159237781053E-5
2,117;993,2.231818357088855E-5
2,418;991,2.2314420324916708E-5
2,131;322,2.2305082191632478E-5
2,335;388,-2.2258550190578E-5
2,240;855,2.2249759709757248E-5
2,579;956,-2.2211670847082926E-5
2,308;476,2.2211574150611238E-5
2,603;808,2.220746824310925E-5
2,253;890,2.2201123178564916E-5
2,373;758,-2.2184909247227555E-5
2,220;932,2.2139208089959353E-5
2,240;931,2.2098229120937633E-5
2,80;620,-2.209355459021245E-5
2,503;813,-2.208467077580762E-5
2,152;925,-2.206692181916749E-5
2,833;847,-2.2059202285371843E-5
2,525;651,2.205855217763577E-5
2,431;730,2.2001367425915317E-5
2,381;967,-2.2001244881854427E-5
2,159;876,-2.1995785738347943E-5
2,24;938,2.1994143553647922E-5
2,823;968,2.1990039612910545E-5
2,112;192,-2.1951930707385042E-5
2,467;552,2.192795458300883E-5
2,190;871,-2.192432662516738E-5
2,320;475,2.1917003633918104E-5
2,174;772,2.18719653503332E-5
2,246;333,-2.1852205204550675E-5
2,71;981,2.1831744841116622E-5
2,123;870,-2.1793282116605613E-5
2,314;769,-2.1791960450169722E-5
2,385;446,2.1761034236740176E-5
2,322;603,-2.172946882208382E-5
2,180;273,-2.1696292883092494E-5
2,469;836,-2.1676277152139282E-5
2,112;414,2.1673224512644523E-5
2,121;134,2.1667521382899665E-5
2,18;774,2.1660780484802197E-5
2,8;64,-2.1653585779284377E-5
2,61;603,2.164356936328371E-5
2,293;439,-2.1642155349437755E-5
2,7;173,2.1627630084064694E-5
2,686;815,-2.162487896075313E-5
2,284;425,2.161860606045571E-5
2,356;531,-2.1612317755846913E-5
2,456;922,-2.160133085483853E-5
2,261;492,-2.157802043928278E-5
2,203;407,-2.1576280396191578E-5
2,138;441,2.155933303270852E-5
2,106;760,-2.1542987028583677E-5
2,664;925,2.1491788303105343E-5
2,174;265,-2.148613404239664E-5
2,504;991,-2.148432955792544E-5
2,106;808,-2.146851560080007E-5
2,202;512,-2.1444285780020654E-5
2,44;632,-2.1439472358754876E-5
2,429;908,-2.143727843058234E-5
2,156;612,2.1420375893831403E-5
2,505;947,2.1418492969496378E-5
2,84;523,-2.140409109332822E-5
2,362;811,-2.139015651091579E-5
2,692;779,-2.1348465276674196E-5
2,160;674,2.132624367279816E-5
2,315;850,2.1295929018751334E-5
2,502;833,-2.1295555669391202E-5
2,448;646,2.1285825864062017E-5
2,472;655,-2.1278284357639586E-5
2,180;954,2.12555309111492E-5
2,205;778,2.125465655900419E-5
2,395;462,2.124634989623017E-5
2,104;160,2.1220752524695532E-5
2,549;794,2.121809178194583E-5
2,581;815,-2.1196886985718138E-5
2,246;781,-2.1167787761908154E-5
2,90;362,-2.1155356958209756E-5
2,153;742,2.111159763563629E-5
2,493;618,2.1110294816270263E-5
2,285;708,-2.110806931550619E-5
2,215;485,2.104378501449427E-5
2,656;759,2.104272655883628E-5
2,275;418,2.1036623100920012E-5
2,308;662,2.101275573500977E-5
2,103;689,-2.0961913118534586E-5
2,651;725,-2.0955389881905567E-5
2,522;570,2.0952145752698632E-5
2,516;607,-2.0908096735838815E-5
2,155;248,-2.0872355437366354E-5
2,186;683,2.0853744002590783E-5
2,16;234,-2.084671025211832E-5
2,95;469,2.0822316467471266E-5
2,118;846,-2.0813292565462994E-5
2,128;916,-2.081004377255657E-5
2,739;828,-2.0795552848103305E-5
2,724;887,-2.0794393200527498E-5
2,554;613,-2.0766682091542435E-5
2,700;870,-2.0753524686553068E-5
2,19;876,2.0749413887234876E-5
2,148;311,-2.0733220507701823E-5
2,459;744,-2.072758892367674E-5
2,537;914,-2.0695367865309524E-5
2,266;972,2.069001851774012E-5
2,247;360,-2.0665924751505036E-5
2,708;924,2.0660522859446076E-5
2,4;307,2.0647000836257307E-5
2,382;568,2.064563706187919E-5
2,261;766,-2.0643861511801797E-5
2,297;792,2.063033980086787E-5
2,522;633,-2.061526105549008E-5
2,707;801,2.0614313191441087E-5
2,648;748,2.0611373024204654E-5
2,446;881,2.0606465157223316E-5
2,525;725,-2.060122853554806E-5
2,227;622,2.0579304807160005E-5
2,320;664,-2.054668984359638E-5
2,62;904,-2.0513055855811528E-5
2,626;945,-2.0495338983371913E-5
2,388;518,2.0484847550426796E-5
2,502;847,-2.048404458348147E-5
2,181;592,-2.047487689250073E-5
2,385;582,-2.0434206812187765E-5
2,428;445,-2.043269277978988E-5
2,824;979,-2.0406813344059187E-5
2,105;961,-2.038568646349947E-5
2,399;451,2.0337240337783612E-5
2,388;508,-2.0329765805218628E-5
2,385;930,2.0300367166744388E-5
2,81;89,-2.024930084868666E-5
2,403;653,-2.0237255327330452E-5
2,20;716,2.0232924290442525E-5
2,443;886,2.023212231576945E-5
2,206;295,-2.021758248742684E-5
2,491;789,-2.0203674542450145E-5
2,198;421,2.0195938224643334E-5
2,572;709,2.0182531456964165E-5
2,17;144,2.016621496599868E-5
2,806;891,2.0164751292491115E-5
2,720;988,2.0147311290555963E-5
2,724;913,-2.0135168876670904E-5
2,201;809,-2.0128658812584152E-5
2,85;951,-2.0115471939766082E-5
2,712;735,-2.009858483790653E-5
2,407;815,-2.0092274651406297E-5
2,289;632,2.0078788364032943E-5
2,445;466,2.0077019084528894E-5
2,77;125,-2.0072271059306223E-5
2,40;615,2.0052786695878634E-5
2,29;834,2.0015713773997356E-5
2,295;588,2.0003847555672064E-5
2,654;681,-1.9974066624644412E-5
2,111;407,-1.9952945132807468E-5
2,618;874,1.9919501776012315E-5
2,22;260,1.986121820218751E-5
2,247;875,1.9847635606157765E-5
2,437;716,-1.98341551871018E-5
2,447;453,1.9830695911348216E-5
2,218;486,1.9810844530965405E-5
2,234;896,-1.9793628658841935E-5
2,294;880,1.978503510093607E-5
2,264;439,-1.977587913452028E-5
2,294;566,-1.975317322771217E-5
2,87;732,-1.9719820777131836E-5
2,527;933,-1.9719110776511423E-5
2,349;561,1.971637336129478E-5
2,450;862,-1.9715588291293823E-5
2,478;879,1.9690584333607833E-5
2,312;476,-1.9686489367994096E-5
2,299;710,-1.9677002350800146E-5
2,694;792,-1.966221664854355E-5
2,495;672,1.9658355027402043E-5
2,194;822,1.9651388833926698E-5
2,327;841,-1.96241442200764E-5
2,10;148,-1.9622127296528695E-5
2,628;966,-1.962142123654438E-5
2,98;109,1.9615149401757063E-5
2,339;404,1.9600077544450785E-5
2,507;712,1.9584806066314395E-5
2,389;906,1.9545180733797296E-5
2,110;824,1.954382163277714E-5
2,395;788,1.951433215218486E-5
2,15;828,-1.950886641463659E-5
2,76;413,1.9471651130572017E-5
2,490;734,1.9470784038732014E-5
2,252;275,1.9466416389146564E-5
2,52;156,1.945924931140307E-5
2,258;940,1.944693161048221E-5
2,355;519,-1.9417366579707572E-5
2,218;462,-1.9408603963939632E-5
2,625;801,1.939830259948436E-5
2,396;793,1.9373387127155354E-5
2,41;716,-1.936254389421735E-5
2,319;911,-1.93614901218837E-5
2,936;940,-1.9359031392425696E-5
2,684;912,1.9353064534960525E-5
2,279;611,-1.930199736956334E-5
2,30;482,1.9264118758642152E-5
2,47;740,-1.9262509452926354E-5
2,240;730,1.9246885551068413E-5
2,642;939,-1.9246836604670304E-5
2,358;418,-1.923817685048014E-5
2,362;404,1.9210889899105242E-5
2,29;442,1.918416343305683E-5
2,239;880,-1.9184020028272743E-5
2,3;742,1.9142764144263267E-5
2,259;308,-1.913187407756427E-5
2,601;654,1.9105615460707603E-5
2,227;882,-1.9101063879259252E-5
2,170;717,1.9095458178202392E-5
2,233;979,1.909237534461137E-5
2,712;728,-1.9075270942176843E-5
2,645;780,-1.90727740705985E-5
2,59;855,-1.9054751254295996E-5
2,653;980,1.905161261859982E-5
2,70;348,-1.9045235577385925E-5
2,80;558,1.9043896240470053E-5
2,267;949,1.8999896820483086E-5
2,322;658,1.8986916292844985E-5
2,359;926,-1.897840660842255E-5
2,63;118,1.8959937083717473E-5
2,193;321,-1.8948604294714873E-5
2,27;540,1.893723472577582E-5
2,293;319,1.8928984214160816E-5
2,432;812,1.892076336842021E-5
2,639;927,1.891811963061124E-5
2,106;242,1.888287641993852E-5
2,43;988,1.8882120253903928E-5
2,335;389,-1.8879730317899136E-5
2,926;944,1.88737890096544E-5
2,362;966,-1.887282785052555E-5
2,34;989,1.8866897905512192E-5
2,40;858,1.8808359400408157E-5
2,656;792,-1.8789110829662856E-5
2,750;925,1.8740509059934685E-5
2,376;865,1.87230039930923E-5
2,427;466,1.8693611723281454E-5
2,619;773,1.8683455540910133E-5
2,831;959,-1.866383035357299E-5
2,870;984,-1.8663208698860125E-5
2,1;945,-1.8662063325035E-5
2,126;971,1.8652243955820257E-5
2,71;331,1.864886223558831E-5
2,244;534,-1.8641574300298377E-5
2,146;155,1.8629732242412572E-5
2,11;427,1.862614169588035E-5
2,609;933,-1.8578274213347423E-5
2,27;872,1.8572111305179328E-5
2,332;736,-1.8564448930885048E-5
2,191;675,1.8563351201172112E-5
2,261;588,1.8551564747161575E-5
2,474;601,1.853432502370117E-5
2,446;584,1.8448153339818653E-5
2,345;396,1.843795206702095E-5
2,463;474,1.839929991621885E-5
2,362;471,-1.8384575563910503E-5
2,199;707,1.838163205751802E-5
2,63;445,1.837298617077926E-5
2,206;731,1.833704227890731E-5
2,815;919,-1.8334194554234205E-5
2,179;384,1.832484217494255E-5
2,168;220,-1.8314689867162156E-5
2,305;307,1.831267525562779E-5
2,237;723,1.8289738078881206E-5
2,587;633,1.8251519271439926E-5
2,487;745,-1.8240521813461938E-5
2,100;618,1.816853704603335E-5
2,728;905,-1.8164508774981076E-5
2,323;750,-1.816035409536672E-5
2,285;833,-1.8125183862516493E-5
2,48;730,1.806386782404313E-5
2,17;98,1.8051438398618627E-5
2,55;795,-1.8030895751329768E-5
2,278;735,-1.8016686510418586E-5
2,177;343,1.8007369667468645E-5
2,244;449,-1.800653052410997E-5
2,194;656,-1.7987252838773893E-5
2,592;919,-1.7970661373859608E-5
2,504;588,-1.795343302703382E-5
2,809;956,1.7950847992730654E-5
2,142;672,1.788705993772559E-5
2,92;149,1.7886958923455667E-5
2,818;832,-1.7857010865532028E-5
2,422;923,1.7835307070611534E-5
2,76;970,-1.78315787871184E-5
2,139;412,1.779726826899859E-5
2,608;797,-1.7790118767081538E-5
2,580;929,1.7768948355244937E-5
2,534;583,-1.776687037193899E-5
2,367;546,-1.7756494726679583E-5
2,321;871,-1.7746586142006763E-5
2,507;763,1.774157220125478E-5
2,55;504,-1.7726296854409936E-5
2,389;673,1.7696715441175952E-5
2,207;863,1.7658447302093524E-5
2,106;179,-1.7654875059750267E-5
2,780;955,-1.7650039767611522E-5
2,677;822,-1.7646008724673744E-5
2,594;835,1.7605052767086627E-5
2,487;913,-1.7597179651946647E-5
2,398;532,1.7589579409024537E-5
2,368;892,1.7576322686183152E-5
2,623;981,-1.756696514653003E-5
2,439;827,-1.7563310573736746E-5
2,564;616,1.7557322659589244E-5
2,135;825,-1.7544704901411716E-5
2,333;343,-1.7537644907039963E-5
2,414;631,1.7530081470493265E-5
2,217;528,-1.752662327817079E-5
2,831;870,-1.749586774312198E-5
2,1;595,-1.7494371529407248E-5
2,621;692,-1.746748771975032E-5
2,780;895,-1.7461940486699815E-5
2,321;718,1.7441180974947902E-5
2,448;496,-1.741739062555795E-5
2,571;699,-1.7407794596836687E-5
2,769;960,1.7400196404768676E-5
2,345;435,-1.7393217082340213E-5
2,15;824,-1.739086653534709E-5
2,361;474,1.737450432086715E-5
2,43;799,-1.7343464752245325E-5
2,182;693,-1.733666415262509E-5
2,125;772,-1.7330597297785063E-5
2,157;672,1.7308534904766234E-5
2,163;634,-1.730753073882328E-5
2,188;909,1.7304083890774216E-5
2,766;883,-1.7289170714735188E-5
2,582;838,-1.724954106598014E-5
2,51;546,-1.723699590731366E-5
2,365;704,1.7231786063673752E-5
2,130;617,1.7228437204723446E-5
2,76;721,1.722081276067818E-5
2,842;908,-1.7204403335335474E-5
2,230;957,1.7191650928637135E-5
2,42;209,-1.7184666716734515E-5
2,289;392,1.71719318424111E-5
2,192;438,1.716347657641137E-5
2,512;907,-1.7156645305718074E-5
2,282;931,1.714696224497662E-5
2,192;968,1.7145068649089034E-5
2,137;821,1.714451581039733E-5
2,174;378,-1.7112940990120894E-5
2,89;336,-1.710304929395503E-5
2,851;970,1.7019619457615426E-5
2,152;569,1.7007061710595074E-5
2,331;430,1.6971589682427014E-5
2,18;609,1.6969669266141892E-5
2,791;825,1.6951383541252788E-5
2,241;360,1.6942709737109424E-5
2,128;944,1.694263114093575E-5
2,874;898,1.6907491457782144E-5
2,327;845,1.689377276601542E-5
2,383;989,-1.6892396109078376E-5
2,766;779,-1.68797659839479E-5
2,475;962,-1.687600420167884E-5
2,224;714,-1.6864991808773656E-5
2,275;978,1.6813185353425797E-5
2,386;542,-1.6771133893575605E-5
2,192;382,-1.6766992925292017E-5
2,826;840,1.672705558622445E-5
2,726;978,1.6691391057579107E-5
2,35;221,1.6679345004845822E-5
2,576;981,1.6676207722263914E-5
2,233;384,-1.667025191870364E-5
2,516;980,-1.666074230569671E-5
2,552;742,1.6653317928809057E-5
2,765;893,1.6636649869884578E-5
2,286;903,1.6623170623619627E-5
2,147;628,1.661403282844072E-5
2,734;796,1.658934966633179E-5
2,493;858,-1.6589165986464235E-5
2,286;491,1.6587558073342562E-5
2,269;918,-1.658567536473006E-5
2,742;883,-1.6581410693201787E-5
2,404;808,1.6580208493836027E-5
2,22;802,-1.6540178054025802E-5
2,67;406,-1.6536230728511216E-5
2,290;367,1.6485336526842558E-5
2,351;799,1.648177554109094E-5
2,203;379,1.648074330905782E-5
2,613;840,1.6465079689555718E-5
2,238;983,-1.6457768085056937E-5
2,414;864,1.6441792297303303E-5
2,517;724,-1.6421280547980166E-5
2,273;477,-1.6417814761506908E-5
2,158;285,-1.6404498776832103E-5
2,121;641,1.6383174438520353E-5
2,443;727,-1.6353870580618714E-5
2,196;390,-1.6339465342881972E-5
2,84;494,-1.626599177954923E-5
2,238;789,-1.6244151331966898E-5
2,678;762,-1.6223971306527593E-5
2,244;666,1.6221010624690556E-5
2,784;956,-1.621825129787974E-5
2,735;871,1.6213056901962528E-5
2,561;785,-1.6209105822187286E-5
2,188;986,1.6206431139446525E-5
2,307;686,-1.620534202844936E-5
2,205;271,1.6107362395086762E-5
2,375;650,-1.608953383981888E-5
2,437;848,1.6074973475753457E-5
2,729;831,1.604897175767013E-5
2,282;817,-1.6038857343118782E-5
2,349;894,1.6030514154515557E-5
2,348;875,1.6012669340098858E-5
2,493;974,-1.6002892504980278E-5
2,525;642,-1.5989041864167845E-5
2,0;427,-1.598004314357727E-5
2,150;234,1.595704532798505E-5
2,199;798,-1.5953693529131508E-5
2,371;642,1.5935165614014784E-5
2,173;407,-1.591786167979741E-5
2,532;728,1.591097106383675E-5
2,25;475,1.5893101458748546E-5
2,175;430,-1.5881254575620105E-5
2,614;739,1.5880992312027985E-5
2,62;936,-1.5869578066402427E-5
2,936;944,1.5855115800797272E-5
2,493;553,1.5852490679193915E-5
2,151;630,-1.585248546383148E-5
2,411;797,1.5849465350608884E-5
2,486;817,1.581455024103437E-5
2,148;508,1.5806792312660543E-5
2,300;665,-1.580489167099182E-5
2,572;913,1.5791795443967325E-5
2,529;770,-1.578388660038576E-5
2,114;907,1.578309037182029E-5
2,870;871,-1.5777162664122608E-5
2,184;974,-1.5772726070044048E-5
2,138;565,1.5767529868618132E-5
2,74;866,1.573111602164197E-5
2,678;829,1.5727886585135243E-5
2,457;947,1.572446299381719E-5
2,308;437,-1.5717788528354552E-5
2,328;709,-1.571362631446413E-5
2,960;964,1.5662491624422938E-5
2,661;663,-1.5660938661871035E-5
2,19;428,-1.5641571467573036E-5
2,362;803,-1.563989797315342E-5
2,114;212,1.5639220708745795E-5
2,708;899,-1.5618645859894627E-5
2,35;675,-1.5612673683556727E-5
2,550;681,1.5605625965085495E-5
2,314;762,1.5590614632743035E-5
2,38;437,1.5584090231363785E-5
2,663;666,1.5575244741399895E-5
2,178;681,-1.551824442550378E-5
2,293;563,-1.547815189949113E-5
2,693;841,1.545629918325029E-5
2,751;809,-1.5449985670546174E-5
2,262;481,1.544369859127787E-5
2,293;858,-1.543309153605569E-5
2,339;605,-1.5382340135665028E-5
2,264;795,-1.5376631172613926E-5
2,744;817,1.536672275355337E-5
2,496;742,-1.5351667910219956E-5
2,46;623,1.5312695298723976E-5
2,422;864,-1.5282881773082936E-5
2,53;770,1.528029382261366E-5
2,772;800,1.5269739265205105E-5
2,255;320,-1.5236638165040465E-5
2,406;753,1.5215048685243204E-5
2,552;603,1.5213709085710931E-5
2,90;277,1.5204797492736434E-5
2,73;805,1.5191459706446552E-5
2,404;603,-1.5184787374418404E-5
2,805;874,1.5183651859788782E-5
2,274;779,-1.518179249389625E-5
2,272;855,1.5179865078502893E-5
2,698;939,1.5163725216666896E-5
2,790;995,1.5162570412283396E-5
2,302;563,1.5153935211641246E-5
2,823;888,1.51215416630794E-5
2,12;24,-1.5093254292306256E-5
2,493;824,-1.5078821899403696E-5
2,616;890,1.5029342211139642E-5
2,26;400,-1.4968806806849207E-5
2,431;477,1.492426696202917E-5
2,81;798,1.4923752162841155E-5
2,508;550,-1.489168260428958E-5
2,574;687,-1.4865413003176593E-5
2,42;808,-1.48241046033235E-5
2,431;487,-1.4808312482628914E-5
2,797;919,-1.4807590317207992E-5
2,276;730,-1.4796916382686896E-5
2,83;699,1.4753102686849083E-5
2,164;337,1.4745238231051506E-5
2,67;921,1.4742880602912485E-5
2,26;965,1.4721475216239517E-5
2,650;831,-1.4713842459531945E-5
2,47;356,-1.4712145215012587E-5
2,585;998,-1.4692307667587493E-5
2,372;809,-1.468501249727306E-5
2,333;626,-1.4674762147513295E-5
2,635;715,-1.4604851059113542E-5
2,28;128,-1.4590010645258125E-5
2,337;830,-1.4574984854280966E-5
2,666;760,-1.4550359275396545E-5
2,68;934,1.4543225003042976E-5
2,860;900,1.4538799881525636E-5
2,72;881,1.4536500146311471E-5
2,135;900,-1.452711515316088E-5
2,514;849,1.4520696832943812E-5
2,107;527,1.4510261228758224E-5
2,308;707,-1.4488498079586853E-5
2,112;799,-1.44859187906842E-5
2,427;448,-1.448294396280983E-5
2,269;806,-1.447916241166617E-5
2,628;708,-1.4465108259420018E-5
2,183;999,-1.4429613194134377E-5
2,465;758,1.4423596388831658E-5
2,395;589,1.4416541812563952E-5
2,18;953,1.440292162516868E-5
2,533;826,-1.4400590934783548E-5
2,209;626,-1.437135333996746E-5
2,8;614,-1.4358727652882229E-5
2,404;941,-1.43366427936919E-5
2,76;576,-1.4288328536849318E-5
2,211;768,-1.427238570542453E-5
2,283;954,-1.4261580086465609E-5
2,230;286,-1.4256171213555624E-5
2,192;585,1.4255058172623805E-5
2,173;757,1.4243929703564126E-5
2,167;696,1.4217109862669817E-5
2,148;947,1.4188377696978894E-5
2,241;545,-1.4184609739838886E-5
2,448;689,-1.4163892040479333E-5
2,513;541,-1.4156479420877285E-5
2,2;271,-1.4155261818447035E-5
2,70;964,1.4126703553543237E-5
2,391;824,-1.4116606067662497E-5
2,292;436,-1.4112503086755546E-5
2,36;630,1.4095322220725682E-5
2,688;988,1.4093870210019934E-5
2,451;783,1.4092661719881155E-5
2,74;596,1.408464412815058E-5
2,248;736,1.4079632779659082E-5
2,177;555,1.4054357014383366E-5
2,351;969,-1.4052996220825252E-5
2,110;716,-1.4028625006423518E-5
2,391;578,1.4011819406273379E-5
2,672;693,1.4004978631530815E-5
2,101;952,-1.4002054130512517E-5
2,286;957,-1.3998880268298765E-5
2,73;107,-1.3967639591257796E-5
2,724;789,1.3944816799352222E-5
2,61;827,1.39398582736976E-5
2,189;658,-1.3925066880271369E-5
2,617;728,-1.3892584381727303E-5
2,69;110,-1.3881595540913311E-5
2,230;871,-1.3837765051494922E-5
2,64;163,-1.3812591640361083E-5
2,642;932,1.3773941758198496E-5
2,741;908,-1.3765515445970392E-5
2,331;679,-1.3752126212105955E-5
2,520;910,1.3734152135787354E-5
2,49;561,-1.3728934093921557E-5
2,267;928,-1.369804645695108E-5
2,371;877,1.3692700117571607E-5
2,879;900,1.368965805378055E-5
2,344;786,1.3688264421997026E-5
2,339;917,1.3661967025675278E-5
2,44;799,-1.364517516645892E-5
2,283;408,1.3636457038915973E-5
2,389;824,-1.362748419394555E-5
2,22;915,1.362500048923359E-5
2,489;757,-1.3613108554397486E-5
2,272;641,-1.3608819087585405E-5
2,295;748,-1.3604820157355569E-5
2,175;645,-1.3602089890855623E-5
2,117;500,-1.3598970577085298E-5
2,666;824,1.3587447419959855E-5
2,148;511,1.3583588157550641E-5
2,311;952,-1.3577662471164452E-5
2,96;358,1.3572734451766767E-5
2,134;976,1.3553641982054999E-5
2,157;545,-1.3528162905877349E-5
2,562;825,-1.3527920303634728E-5
2,312;857,1.3480722619152271E-5
2,762;803,1.3471208171928075E-5
2,526;551,-1.3446725154083121E-5
2,245;740,1.3444145096783454E-5
2,749;779,1.341316595728842E-5
2,687;875,1.3403592413041476E-5
2,1;252,-1.3401496388186094E-5
2,224;763,1.336944190000542E-5
2,28;825,1.3354634421940002E-5
2,118;904,-1.3335179643070647E-5
2,192;230,1.3324823607996312E-5
2,588;991,-1.3323870417022336E-5
2,7;757,-1.3323544732505445E-5
2,650;998,1.3290540907811199E-5
2,287;453,1.3284669006055044E-5
2,32;324,-1.3237513710580983E-5
2,62;425,1.3194412121371048E-5
2,114;795,-1.3165904732109893E-5
2,400;819,-1.3153428970241882E-5
2,617;723,1.3111708370816898E-5
2,523;920,-1.307997361990762E-5
2,187;476,-1.3077880536257268E-5
2,183;484,-1.306013394500518E-5
2,449;722,-1.3049623484416976E-5
2,81;675,-1.3044631219546868E-5
2,331;763,1.3042961531193554E-5
2,22;903,1.3022369909596418E-5
2,362;699,1.3020704510605289E-5
2,102;569,-1.3017525618683079E-5
2,167;904,-1.300681169094891E-5
2,60;563,1.2962866720668348E-5
2,188;499,1.2960607405996736E-5
2,709;955,-1.295723092621802E-5
2,420;846,-1.2951153922276443E-5
2,254;896,1.2925542791789472E-5
2,129;790,-1.2923002001254097E-5
2,222;672,-1.2919563508384551E-5
2,608;668,1.2918599240406371E-5
2,803;842,-1.2875254091839332E-5
2,122;513,1.2862756266986658E-5
2,443;456,-1.2861947863453238E-5
2,554;714,1.2849206755737419E-5
2,154;541,-1.2845086548020358E-5
2,423;596,-1.283548050319857E-5
2,8;523,-1.2815605222423781E-5
2,474;674,1.2810485909439937E-5
2,314;930,1.2777087055137984E-5
2,489;944,-1.2740929867395238E-5
2,112;271,1.2698351294942359E-5
2,606;735,1.2693359657332857E-5
2,185;557,1.268130935118831E-5
2,139;427,-1.2658361812109637E-5
2,86;632,1.2612848505353185E-5
2,864;914,-1.256084174785642E-5
2,92;553,1.255574546661624E-5
2,133;942,1.2546706550347161E-5
2,361;390,1.2544956675783537E-5
2,651;764,1.2543253350374346E-5
2,166;319,-1.2538904041615563E-5
2,576;591,-1.253388913397821E-5
2,383;649,-1.2507498877399395E-5
2,472;737,1.2497587409252332E-5
2,38;956,1.249391504446748E-5
2,14;569,1.2488204912232015E-5
2,12;264,1.248241465533942E-5
2,304;443,-1.2481622295775583E-5
2,1;740,1.2455311375282885E-5
2,420;811,1.2444002623369115E-5
2,517;921,1.24409228864397E-5
2,136;353,1.2423061385800683E-5
2,114;838,-1.2413957748160378E-5
2,100;792,-1.2398513435744648E-5
2,148;550,-1.2383141505988017E-5
2,507;556,-1.2370515159594066E-5
2,389;914,-1.2341747402922564E-5
2,153;485,1.2313105974252947E-5
2,758;902,1.2311256151484499E-5
2,206;903,1.2285532675073027E-5
2,52;616,1.2264089257552048E-5
2,16;557,1.2255450095514049E-5
2,29;46,1.2233681130097894E-5
2,59;584,-1.2231172788811925E-5
2,376;882,-1.2226051373248955E-5
2,308;783,1.2207210478225144E-5
2,578;882,1.220062296621656E-5
2,335;924,-1.2188573502982892E-5
2,81;199,1.2176589322298675E-5
2,479;678,1.2151208808528227E-5
2,413;881,-1.2122312653513968E-5
2,406;944,-1.2121004624527254E-5
2,692;859,-1.211059905969978E-5
2,211;620,-1.21068600982513E-5
2,421;612,-1.2092251350377122E-5
2,183;455,-1.2088593032358236E-5
2,187;407,-1.207493684527209E-5
2,146;784,1.2031428747456247E-5
2,146;672,-1.2025082480253871E-5
2,30;426,1.2021685878744886E-5
2,30;961,1.2015228450450097E-5
2,252;910,1.200021217745724E-5
2,361;765,1.1979624278768184E-5
2,8;102,-1.1948866398022471E-5
2,783;848,-1.193060733045584E-5
2,712;764,1.1909807102332796E-5
2,308;348,-1.1870525049053963E-5
2,375;914,-1.1835401640868882E-5
2,118;464,1.1826183120653977E-5
2,512;595,1.1819612894999956E-5
2,321;959,-1.1816987979155654E-5
2,129;869,1.1810897441579815E-5
2,103;815,-1.1779164591099768E-5
2,8;279,-1.1751979715573825E-5
2,610;981,1.1722875635341024E-5
2,208;749,1.1698514371451557E-5
2,478;549,1.169646369492572E-5
2,220;391,1.1681763616223146E-5
2,615;809,-1.1676553002666067E-5
2,291;734,1.1656514259344012E-5
2,925;969,-1.16370765428737E-5
2,116;216,1.1616339946405888E-5
2,149;832,-1.159412158218176E-5
2,10;922,-1.1577794848185955E-5
2,600;702,-1.1576578386912465E-5
2,864;903,1.15747101579331E-5
2,124;476,1.1545990126891045E-5
2,379;765,-1.1542475819532827E-5
2,138;559,1.1535856379056582E-5
2,492;724,-1.153562960460694E-5
2,174;899,-1.1522105992835777E-5
2,424;709,1.1505673559153662E-5
2,284;936,-1.15026324125119E-5
2,209;935,1.1497553384827886E-5
2,105;913,1.1490783018269418E-5
2,21;145,1.1485159594229153E-5
2,192;659,1.1463471754797609E-5
2,712;729,-1.144781687105418E-5
2,182;437,-1.144690733712455E-5
2,193;963,-1.1407052652961333E-5
2,413;448,1.1405154641851975E-5
2,136;964,-1.1401583061516057E-5
2,104;874,-1.1397718581416709E-5
2,95;207,-1.139526933969072E-5
2,684;893,1.1360994803915662E-5
2,90;712,1.1329230053762997E-5
2,336;572,1.1321683458199658E-5
2,154;500,-1.1299334044023003E-5
2,135;592,-1.1291291941709733E-5
2,525;609,-1.12694933875686E-5
2,303;686,1.1256828602168069E-5
2,121;868,1.1254825090906945E-5
2,50;990,1.1251101598150883E-5
2,165;815,1.1192163261893935E-5
2,36;936,1.1186312546835443E-5
2,690;697,1.1185423617871996E-5
2,43;526,1.116904738488389E-5
2,130;491,1.1168661873674387E-5
2,319;772,1.110590953323102E-5
2,649;881,1.1103322041197024E-5
2,157;304,1.1095445276683255E-5
2,486;690,-1.1054498145602678E-5
2,493;787,1.1019770895715597E-5
2,880;972,-1.101093523071489E-5
2,569;614,-1.1003282506957417E-5
2,58;154,1.0955737687325316E-5
2,356;788,1.095443603903755E-5
2,245;942,-1.0911671318315747E-5
2,64;729,-1.0903330992848986E-5
2,144;922,-1.0901137045025794E-5
2,66;874,-1.0880520637662664E-5
2,20;126,1.0876182273530808E-5
2,233;541,-1.0870345986576089E-5
2,121;209,1.0811754952980819E-5
2,119;669,-1.0809984253263073E-5
2,39;854,1.0786988433563739E-5
2,467;951,-1.0786916993883116E-5
2,220;642,-1.078243214443602E-5
2,353;592,-1.0769422447401331E-5
2,452;867,1.0768288863666029E-5
2,624;662,1.07521144511512E-5
2,118;291,-1.0749329590414241E-5
2,336;834,-1.0716582599767571E-5
2,369;417,-1.0699923612459348E-5
2,25;343,1.0682762728390999E-5
2,315;514,1.0648887292170498E-5
2,328;841,1.064582030050587E-5
2,206;642,1.0641645237018758E-5
2,500;624,1.062760926178591E-5
2,721;937,-1.0613754094358544E-5
2,683;724,-1.0612119639149515E-5
2,704;878,-1.0601565536052203E-5
2,766;817,-1.0599696175178364E-5
2,358;394,-1.0569535770679033E-5
2,143;574,1.0550597107224127E-5
2,724;937,1.0516230308700463E-5
2,434;501,-1.0515440412640839E-5
2,317;955,-1.0499152103153581E-5
2,549;981,-1.0482821962654752E-5
2,498;542,1.047681556218441E-5
2,275;539,1.0443805465692387E-5
2,323;491,1.042842397534776E-5
2,676;971,-1.0421058902055046E-5
2,509;829,1.039183822230827E-5
2,343;628,-1.038004579869166E-5
2,801;920,-1.0361480648812802E-5
2,25;301,1.0348943326472647E-5
2,468;616,1.0343199611156296E-5
2,546;935,1.0337170241087677E-5
2,319;340,-1.033365834902631E-5
2,86;653,-1.0330908886419944E-5
2,182;626,-1.0319157907640479E-5
2,35;366,1.0307579367936845E-5
2,153;835,-1.0290398775236908E-5
2,71;120,-1.0268889928710626E-5
2,50;277,1.026526872480435E-5
2,142;157,-1.0240846956794398E-5
2,175;483,-1.0234157629363611E-5
2,554;582,1.0234069687241006E-5
2,25;77,-1.0225521208654345E-5
2,154;968,1.020584429413074E-5
2,557;693,1.0195181684053756E-5
2,178;769,1.0190319441326957E-5
2,206;939,1.0181576210245223E-5
2,77;662,1.0172653712684159E-5
2,343;840,1.0170734337832888E-5
2,199;750,1.0170313618248065E-5
2,78;156,-1.0148201772174015E-5
2,758;919,1.0121958346366527E-5
2,387;983,1.0116834311658837E-5
2,11;822,1.009169431715983E-5
2,751;815,-1.008919271577679E-5
2,285;300,-1.0081096274779502E-5
2,111;269,1.001404689515048E-5
2,624;903,-9.996993705581325E-6
2,180;281,9.985262395005323E-6
2,5;82,-9.964300384904062E-6
2,231;469,-9.932504709890059E-6
2,128;340,-9.929219616475409E-6
2,351;931,-9.920968021920558E-6
2,27;148,9.917373515296785E-6
2,204;456,9.889958911276017E-6
2,205;297,9.882818223686682E-6
2,525;939,-9.869745023460234E-6
2,68;314,-9.864746613471296E-6
2,153;786,-9.864576314919604E-6
2,301;615,9.84724989996348E-6
2,389;932,-9.820170221073483E-6
2,311;508,9.815533489541721E-6
2,514;928,-9.811101708549799E-6
2,281;347,9.792685235686576E-6
2,755;878,-9.782442785938934E-6
2,463;797,-9.767810656094688E-6
2,319;583,-9.764916013551215E-6
2,4;890,-9.744432597283005E-6
2,720;916,9.715402753155556E-6
2,116;390,9.714485888119767E-6
2,406;762,-9.68139969276824E-6
2,317;344,-9.678198935979272E-6
2,597;769,-9.67332000255848E-6
2,148;898,9.661559949809272E-6
2,678;978,9.65048200528644E-6
2,246;520,9.646293828298437E-6
2,168;947,9.632715642188344E-6
2,179;246,9.631802486688664E-6
2,187;333,9.631690550713279E-6
2,291;312,9.614300415411489E-6
2,683;898,9.585834130273385E-6
2,896;976,9.563971118432046E-6
2,69;835,-9.544707435973765E-6
2,71;591,-9.511702109116886E-6
2,42;526,9.499451451524144E-6
2,83;527,-9.493243678207538E-6
2,397;923,9.471223864581296E-6
2,356;464,-9.453858835212297E-6
2,75;209,-9.449251494667674E-6
2,16;578,-9.400569568513005E-6
2,163;500,9.392356028712946E-6
2,112;493,-9.358608082652486E-6
2,447;491,9.35829939864221E-6
2,174;951,-9.346446770895045E-6
2,107;673,-9.339539213001118E-6
2,215;941,-9.331285291348218E-6
2,211;328,9.321342501078488E-6
2,73;601,-9.308196022306829E-6
2,75;166,9.3040759049123E-6
2,540;908,9.301049906350987E-6
2,397;670,-9.253508504906527E-6
2,559;762,-9.253032590584561E-6
2,52;374,-9.243726430162144E-6
2,201;972,9.241803807333943E-6
2,210;971,-9.239139211764731E-6
2,149;267,-9.230065166091456E-6
2,154;775,9.221559883128117E-6
2,203;999,-9.194416518018701E-6
2,915;986,9.166367951664097E-6
2,451;649,-9.133374982414657E-6
2,113;693,-9.11488452316525E-6
2,458;944,9.109746319131251E-6
2,372;957,-9.093516699160267E-6
2,517;896,9.08554566315041E-6
2,8;622,-9.061128172849355E-6
2,331;900,9.060393123283106E-6
2,485;858,9.059880983251486E-6
2,920;964,-9.056091984774848E-6
2,171;771,-9.048075981462769E-6
2,294;816,-9.038506124575109E-6
2,31;424,9.031252393094575E-6
2,585;706,-9.025391180079161E-6
2,582;714,9.020795148601275E-6
2,794;870,9.016602320081579E-6
2,29;905,9.004886924511902E-6
2,517;964,8.982247323185748E-6
2,523;965,8.980817499726332E-6
2,50;868,-8.934001780572625E-6
2,425;827,-8.918429623560633E-6
2,647;885,8.910115549677446E-6
2,38;999,8.899189139938285E-6
2,315;457,8.888181755107798E-6
2,455;881,-8.886747304848057E-6
2,206;752,8.849698876550947E-6
2,353;746,8.813183248491285E-6
2,611;789,8.811899954468086E-6
2,15;949,8.796534366444973E-6
2,4;20,8.790416290943002E-6
2,299;721,8.751943918708636E-6
2,772;897,8.73840550182111E-6
2,458;627,8.700684436327273E-6
2,185;966,-8.688166879002049E-6
2,395;836,-8.685354736693942E-6
2,143;687,-8.67189005592188E-6
2,515;611,-8.668442285159921E-6
2,586;729,8.657615587085867E-6
2,240;272,-8.652894072419731E-6
2,360;552,-8.647388413186499E-6
2,70;517,8.636676469580384E-6
2,125;659,-8.611931141910056E-6
2,413;496,-8.602125145260792E-6
2,705;799,-8.564415307646707E-6
2,183;595,-8.55714006651155E-6
2,86;576,8.554009749167514E-6
2,516;687,8.553389759142806E-6
2,335;914,8.551361609562874E-6
2,496;646,-8.549865510287469E-6
2,683;913,8.548012280831837E-6
2,340;672,8.518750772642845E-6
2,198;632,-8.504558598829287E-6
2,149;285,-8.478434181481337E-6
2,724;895,8.477507861500443E-6
2,321;650,-8.477177603132664E-6
2,605;976,8.472985740595706E-6
2,9;551,-8.462841574718236E-6
2,201;420,-8.451975445641164E-6
2,212;371,-8.432622049910112E-6
2,344;384,8.402382156437336E-6
2,616;792,-8.39453274575594E-6
2,90;735,8.381907332486415E-6
2,500;618,-8.362862539650496E-6
2,719;791,-8.345643637795394E-6
2,8;148,8.25659693936015E-6
2,675;998,8.254668271704547E-6
2,90;404,-8.243487255298811E-6
2,335;418,8.231120077608443E-6
2,382;504,8.22609858588387E-6
2,315;467,-8.214123174860304E-6
2,234;503,-8.210730323433398E-6
2,319;865,-8.180768118515287E-6
2,153;820,8.1779270867934E-6
2,271;861,-8.175826250733535E-6
2,76;181,8.167695851740625E-6
2,93;141,-8.156046190738544E-6
2,367;838,-8.153060071108928E-6
2,414;682,8.136322928063628E-6
2,206;440,-8.134793711798184E-6
2,68;354,8.131750359544248E-6
2,126;143,-8.126632260676211E-6
2,2;627,8.114976677703196E-6
2,157;683,8.10407405248019E-6
2,543;968,-8.088742164520428E-6
2,210;377,-8.077829679820209E-6
2,77;428,8.064816271858524E-6
2,234;813,8.054502670876131E-6
2,134;385,8.041672046508178E-6
2,639;675,8.029060908058376E-6
2,76;174,8.021534379683947E-6
2,221;460,-8.01291986326095E-6
2,619;897,-8.011847866597359E-6
2,217;421,-8.007428753645997E-6
2,41;364,-7.99340084894594E-6
2,256;271,7.954162304767142E-6
2,118;603,7.951075626851421E-6
2,256;805,7.93152418919979E-6
2,723;726,7.910528123794343E-6
2,29;153,-7.886390148391653E-6
2,305;647,7.87031116318572E-6
2,380;429,-7.818873472932613E-6
2,37;971,-7.811738611936265E-6
2,531;582,7.807333182296531E-6
2,117;254,7.801466978247961E-6
2,311;639,7.784159949960707E-6
2,238;285,7.756286302911788E-6
2,307;957,-7.751861264989356E-6
2,175;397,7.747427755887827E-6
2,121;572,7.705947428889013E-6
2,308;875,-7.688949571787854E-6
2,505;676,-7.677908213150154E-6
2,489;749,-7.672216355831736E-6
2,316;665,7.668861476774411E-6
2,0;465,7.667780202618047E-6
2,469;569,7.644968481764908E-6
2,313;345,-7.616000711511202E-6
2,870;920,-7.613755772226568E-6
2,19;55,-7.601271513602528E-6
2,365;535,7.5960009107981235E-6
2,510;537,-7.595892801209148E-6
2,96;831,7.582955937167638E-6
2,68;652,7.540641915427915E-6
2,818;913,7.53029331454478E-6
2,621;871,7.520445001907003E-6
2,371;574,-7.5202442323768635E-6
2,327;328,-7.5107117893217084E-6
2,746;946,7.506239703531342E-6
2,321;923,-7.475163006525746E-6
2,330;572,7.429238401222095E-6
2,19;133,7.423047783259341E-6
2,311;383,-7.362767570453191E-6
2,164;653,-7.340148032959744E-6
2,181;925,-7.287763998315461E-6
2,581;947,-7.283400312114808E-6
2,597;614,-7.2686124822343295E-6
2,60;817,-7.246608026999585E-6
2,333;986,7.239356409865977E-6
2,176;837,7.223121005686985E-6
2,106;858,7.213505600188082E-6
2,295;836,-7.193135492999672E-6
2,548;742,-7.1639588525604095E-6
2,446;886,-7.161937590701419E-6
2,213;567,7.1571105289546245E-6
2,504;779,-7.099170602532436E-6
2,888;968,7.051057562438665E-6
2,344;955,7.047710542505387E-6
2,112;205,6.992430388507678E-6
2,432;510,6.990362052566E-6
2,526;925,6.943770407027233E-6
2,156;885,6.93651798735051E-6
2,21;279,-6.925536598694701E-6
2,195;563,-6.909878494656831E-6
2,235;804,6.900787149398152E-6
2,103;919,6.8881011433409026E-6
2,303;688,-6.8814678266363725E-6
2,183;729,6.877666777815858E-6
2,351;865,6.874431831669907E-6
2,704;979,-6.869580315623271E-6
2,66;380,6.849583058420137E-6
2,883;902,6.825054792028558E-6
2,412;605,6.820655813066956E-6
2,70;863,-6.7569225079220505E-6
2,43;833,-6.749460698979304E-6
2,646;732,6.728447878645356E-6
2,285;924,6.706687954989812E-6
2,224;628,-6.699804411476135E-6
2,705;788,-6.659171199646076E-6
2,829;854,6.65348455447707E-6
2,424;632,6.612731715171641E-6
2,393;968,6.607445545158699E-6
2,608;742,-6.5994181725715085E-6
2,530;949,6.570457047829041E-6
2,22;211,-6.56506167623485E-6
2,48;867,-6.564947354185946E-6
2,60;459,-6.538409809366458E-6
2,97;309,-6.527057109694749E-6
2,38;647,6.51891048865913E-6
2,808;894,-6.49655853551314E-6
2,470;572,6.4911199070267E-6
2,361;604,6.432020372290161E-6
2,243;705,-6.404520362759708E-6
2,121;888,6.395379588505168E-6
2,439;665,6.358265818275103E-6
2,380;578,-6.342507142775115E-6
2,883;946,-6.331263011992695E-6
2,26;968,-6.310819115345763E-6
2,454;866,-6.3027935876293215E-6
2,92;576,6.302463544799894E-6
2,62;118,6.250427102004949E-6
2,365;636,-6.241927607341956E-6
2,266;600,6.219791057749433E-6
2,82;316,6.213603522705926E-6
2,40;715,6.206522094478216E-6
2,445;712,6.1939388997419855E-6
2,151;632,-6.187626969188731E-6
2,155;656,-6.173445645639091E-6
2,320;730,-6.144869116100557E-6
2,492;646,-6.140227348952171E-6
2,135;688,-6.140189589540227E-6
2,244;850,-6.113751113994939E-6
2,146;657,6.049165486359573E-6
2,144;662,6.048086856467419E-6
2,49;473,6.028887515715196E-6
2,324;743,6.01294305118201E-6
2,124;423,-6.007404845994311E-6
2,277;648,5.99383570254116E-6
2,213;542,-5.954747910782294E-6
2,25;177,5.935946029380718E-6
2,527;551,-5.928489884539625E-6
2,434;723,5.922694150538831E-6
2,340;971,5.920641813054822E-6
2,103;342,5.885973799912847E-6
2,20;909,5.871562213574322E-6
2,279;430,5.853643607702075E-6
2,297;616,-5.759612605962139E-6
2,135;569,-5.752608041246534E-6
2,42;633,-5.729842886310288E-6
2,327;892,-5.72563409982145E-6
2,655;837,5.683817329051488E-6
2,161;506,-5.674258509550396E-6
2,568;942,-5.67383758969818E-6
2,362;839,-5.6735043385584E-6
2,179;915,5.656321667514029E-6
2,418;899,5.60697623266783E-6
2,126;203,-5.601295969537096E-6
2,647;958,-5.592847673600062E-6
2,534;655,5.58238172034467E-6
2,553;976,-5.576590432556157E-6
2,556;737,5.574911023201095E-6
2,107;206,5.568678860664318E-6
2,98;985,-5.559625867940434E-6
2,173;279,5.557679306199992E-6
2,85;950,-5.550812276203791E-6
2,456;583,-5.51166288255589E-6
2,720;964,5.498155954156404E-6
2,232;729,-5.470627135680632E-6
2,160;232,-5.442528209884036E-6
2,59;154,-5.410315593464131E-6
2,210;760,-5.40660522754885E-6
2,484;817,5.396540796622163E-6
2,285;653,5.3617425366887445E-6
2,157;678,5.31716980212784E-6
2,484;924,-5.31500877667409E-6
2,434;916,-5.284785926506816E-6
2,18;306,5.235607403271253E-6
2,930;971,-5.222390107119127E-6
2,34;286,5.15672041864481E-6
2,29;186,5.1424619343115596E-6
2,160;255,-5.1410688465353965E-6
2,495;936,-5.136978746218629E-6
2,711;867,-5.1129762729412996E-6
2,56;801,-5.083573209497316E-6
2,382;592,5.079928074240098E-6
2,688;844,5.0612055182858235E-6
2,287;541,-5.056901300855649E-6
2,67;983,-5.054428042990639E-6
2,217;776,5.051381164980947E-6
2,156;659,5.049296904676017E-6
2,18;536,5.0400471362458055E-6
2,110;729,5.0345713051345855E-6
2,50;285,5.015774242831756E-6
2,509;588,-5.011344507934598E-6
2,220;406,-4.983626904865951E-6
2,136;399,-4.975774331337085E-6
2,649;731,-4.965533390743626E-6
2,215;882,4.9417960996127125E-6
2,103;320,-4.9039137938346325E-6
2,195;379,4.900722915785368E-6
2,177;575,4.88291756164691E-6
2,346;999,4.869190695181894E-6
2,50;158,4.844483162104056E-6
2,499;912,4.807898364951706E-6
2,686;921,4.779628174218127E-6
2,638;683,-4.778604110512175E-6
2,293;864,4.7715594474668915E-6
2,255;858,-4.735151710883081E-6
2,319;332,4.732257462850428E-6
2,378;971,4.723106627101417E-6
2,285;744,-4.7086106470354275E-6
2,73;527,-4.6764801034120955E-6
2,679;890,-4.6710660687468436E-6
2,89;988,-4.670346793909583E-6
2,315;712,4.655647887998028E-6
2,22;217,-4.601859248176958E-6
2,824;973,-4.600396869595444E-6
2,506;600,-4.595230449845465E-6
2,51;662,4.577538634472723E-6
2,42;956,4.556427123929146E-6
2,517;760,-4.545089360242283E-6
2,414;879,-4.543017637767509E-6
2,189;697,-4.514258911071094E-6
2,708;779,4.491986974835771E-6
2,173;669,4.483574968311539E-6
2,781;848,4.481331750457909E-6
2,335;679,-4.470044795515271E-6
2,403;980,-4.417041170981462E-6
2,633;729,4.392928054893095E-6
2,61;948,4.381440483310642E-6
2,163;363,4.360685190028101E-6
2,113;508,4.31939931800876E-6
2,148;383,4.311942412064201E-6
2,241;314,4.305606336230561E-6
2,826;903,4.3018213511078765E-6
2,262;757,4.300636666297008E-6
2,666;728,4.277065487923372E-6
2,900;988,4.265798011311481E-6
2,494;809,4.209515525269506E-6
2,240;915,4.183586650708851E-6
2,235;308,4.163322571954529E-6
2,313;753,4.159176722082526E-6
2,710;853,-4.159024561003838E-6
2,180;969,-4.155728696552383E-6
2,691;876,4.143648236147518E-6
2,370;791,4.1363277463048185E-6
2,331;395,4.088741333485795E-6
2,160;288,-4.057794962760215E-6
2,401;845,4.046399280273345E-6
2,372;494,4.027935782158356E-6
2,833;919,4.011632770286232E-6
2,539;786,-4.003504779612546E-6
2,276;884,-3.984037266602951E-6
2,459;989,-3.952749524635167E-6
2,331;597,3.940885790157445E-6
2,383;564,3.9196629322867526E-6
2,957;964,-3.917133277205172E-6
2,681;965,3.863771356677752E-6
2,314;884,-3.838930882776086E-6
2,276;314,-3.7920657977117063E-6
2,325;476,3.779791413414217E-6
2,707;798,-3.7706639223133373E-6
2,646;869,3.741582192510924E-6
2,151;257,3.7175865480280695E-6
2,672;784,3.7083902658472943E-6
2,144;613,-3.7072620963162772E-6
2,86;198,-3.6967984917693347E-6
2,568;987,3.66008173521417E-6
2,196;313,-3.6556165418031515E-6
2,52;837,-3.646603496886558E-6
2,73;925,3.5807873381842467E-6
2,125;482,3.559022790119423E-6
2,361;711,-3.5392653434989654E-6
2,129;904,-3.5333733329760904E-6
2,625;750,-3.513909454534718E-6
2,213;253,3.5029690326757875E-6
2,551;836,-3.497891663067687E-6
2,120;191,-3.4586991257022705E-6
2,47;136,-3.44104816135956E-6
2,407;643,-3.416843098237865E-6
2,691;980,-3.4022515725470813E-6
2,536;971,-3.399464681282369E-6
2,160;474,-3.3950708828101586E-6
2,614;622,-3.3826559314869276E-6
2,44;988,3.381753315858202E-6
2,214;868,-3.339345945657088E-6
2,142;965,-3.3359091732212757E-6
2,799;988,-3.312011569840914E-6
2,693;734,-3.306180186729166E-6
2,389;798,-3.278290018926211E-6
2,809;897,3.247205671147828E-6
2,152;388,3.236296821524348E-6
2,557;755,-3.2074023366929704E-6
2,185;678,3.1920571131129337E-6
2,665;908,3.146985726056567E-6
2,453;574,-3.117026848445989E-6
2,364;489,-3.0940435651660853E-6
2,39;506,-3.0428726230910806E-6
2,212;273,3.037024760740165E-6
2,429;870,-3.016617457961661E-6
2,280;353,2.9931100445112837E-6
2,49;762,2.9720428958271844E-6
2,186;310,-2.957032158823397E-6
2,614;697,-2.952594324305266E-6
2,76;202,-2.9448680636162544E-6
2,11;677,2.9444195102623083E-6
2,404;917,2.9397952316208844E-6
2,316;840,2.9335647421551425E-6
2,155;867,-2.8923689954783313E-6
2,422;669,-2.8916820885772284E-6
2,706;990,2.8780994959670613E-6
2,52;426,-2.8547380517807696E-6
2,341;709,-2.845293369887196E-6
2,234;694,-2.7931724410477503E-6
2,69;726,2.7818665261190106E-6
2,551;823,2.778505455103497E-6
2,303;705,2.7753536836088167E-6
2,125;433,-2.767489494813147E-6
2,129;278,-2.7274564122989827E-6
2,65;360,-2.725871018050774E-6
2,38;485,-2.7053995314857417E-6
2,181;801,-2.684563047386429E-6
2,290;299,-2.6775067487166476E-6
2,756;863,2.674121632439283E-6
2,291;796,-2.6702448503053216E-6
2,887;895,2.6692772660922295E-6
2,80;241,-2.6207887682169055E-6
2,91;181,-2.6123621967978765E-6
2,37;951,2.605605635373043E-6
2,981;982,-2.5948491477477965E-6
2,38;931,-2.593587635815388E-6
2,269;801,-2.587064430544829E-6
2,38;846,2.563854156518296E-6
2,77;680,-2.538479795077035E-6
2,127;908,-2.5216635010078744E-6
2,87;332,2.516656214589318E-6
2,143;453,-2.507490869405979E-6
2,722;904,-2.499934437732089E-6
2,59;944,2.495990900451925E-6
2,141;586,-2.478829288420581E-6
2,432;651,-2.4603083664404487E-6
2,232;747,-2.4484286856410395E-6
2,423;435,2.441368371436173E-6
2,452;618,-2.439712690802731E-6
2,120;348,2.4226393599012105E-6
2,76;262,2.4084520454075096E-6
2,508;811,2.373886720531973E-6
2,439;947,2.3587332401161996E-6
2,76;647,2.355047657728329E-6
2,641;996,-2.3441074909653774E-6
2,377;760,2.3266205985957025E-6
2,38;546,-2.30557133603046E-6
2,203;964,2.2981180211105942E-6
2,385;910,-2.2959414303079656E-6
2,70;209,2.2658353564747187E-6
2,108;293,-2.2175800371489474E-6
2,188;211,-2.1953760858060973E-6
2,442;693,2.191925077795108E-6
2,507;651,-2.1851472249352563E-6
2,872;894,2.1843536306591987E-6
2,178;772,2.161648734722639E-6
2,464;846,-2.1118905124955235E-6
2,257;649,2.1086656678582645E-6
2,114;255,-2.0984020341634423E-6
2,465;926,-2.095008516734817E-6
2,447;481,-2.0898031768833495E-6
2,266;751,2.074717498873002E-6
2,34;112,2.074368582727734E-6
2,125;856,-2.039594753118018E-6
2,780;870,-2.0106440493785906E-6
2,731;915,1.993612997819444E-6
2,491;835,-1.9830287841805516E-6
2,429;794,1.96803676170558E-6
2,313;845,-1.96241536977651E-6
2,145;256,-1.9502930953788493E-6
2,666;763,1.9416418231016016E-6
2,110;389,-1.9167217913133583E-6
2,556;974,-1.901109808471184E-6
2,207;915,-1.8966763626356576E-6
2,694;789,1.8939839650928964E-6
2,212;679,1.892517820939521E-6
2,549;718,1.8878287792974748E-6
2,506;513,-1.8397147246654867E-6
2,227;380,-1.8130926003640108E-6
2,704;789,1.8001570596702516E-6
2,42;894,1.7779714371189414E-6
2,76;138,1.7514852008295307E-6
2,631;746,1.742831681902514E-6
2,210;397,-1.7377918708759363E-6
2,875;965,1.571186576421732E-6
2,630;837,-1.4756553042422349E-6
2,322;677,-1.4684722621585294E-6
2,769;930,-1.4573648113386518E-6
2,640;903,-1.4451207565642153E-6
2,385;500,-1.438308865539334E-6
2,486;720,1.3791249825068978E-6
2,708;753,1.362268972247456E-6
2,584;627,-1.3320845397694556E-6
2,107;431,1.3152576321572643E-6
2,676;913,1.2916032545843073E-6
2,601;734,-1.2532943307552725E-6
2,67;565,1.243841151450563E-6
2,439;459,-1.2290106801701727E-6
2,665;687,-1.214019931473291E-6
2,208;489,-1.2084333273321147E-6
2,714;717,-1.2050486108047265E-6
2,688;962,-1.2018505926488787E-6
2,353;860,1.2008890437191223E-6
2,406;444,-1.1991814092477265E-6
2,31;578,-1.196262222053164E-6
2,106;332,-1.1864442284141435E-6
2,197;992,-1.1831555581193824E-6
2,170;821,1.1813116597728865E-6
2,435;695,-1.1806416080575033E-6
2,936;978,-1.1792051977578266E-6
2,111;954,-1.1686414728929728E-6
2,220;678,-1.1531191384136496E-6
2,208;304,-1.1263834772399992E-6
2,505;740,1.1259918684382377E-6
2,788;849,-1.1088468777569194E-6
2,422;625,1.1048428525755606E-6
2,86;300,1.0951046295164039E-6
2,568;634,1.0817481525096374E-6
2,416;699,1.0716517996097464E-6
2,38;706,-1.0642477122314865E-6
2,163;686,-1.0462146907088964E-6
2,867;870,1.0122775177621654E-6
2,114;241,9.908300126808545E-7
2,155;498,9.797601418692348E-7
2,484;997,-9.671048977592175E-7
2,602;725,-9.28495109635899E-7
2,3;548,-9.223116286245017E-7
2,96;729,-8.981746845688892E-7
2,764;978,8.917802785838452E-7
2,163;454,8.87667462896799E-7
2,120;834,8.809493722394813E-7
2,505;552,8.624486050726465E-7
2,136;957,8.549955568214543E-7
2,227;725,-8.390806436430754E-7
2,381;536,-7.826741317758304E-7
2,718;896,-7.499629066278976E-7
2,564;989,-7.224094637023615E-7
2,279;877,-7.103672870746314E-7
2,59;747,6.83666445217071E-7
2,139;442,6.597083082370558E-7
2,149;438,-6.375704345753866E-7
2,375;682,6.159905595213358E-7
2,121;634,5.860412841197371E-7
2,628;994,-5.808757818004037E-7
2,293;884,5.601797958685665E-7
2,188;961,-5.505355718693414E-7
2,34;418,5.502322452001704E-7
2,96;968,5.374377716745177E-7
2,758;926,-5.009253519108678E-7
2,26;819,-4.565305213839466E-7
2,381;659,-4.505404135475358E-7
2,495;978,-4.476546662568887E-7
2,241;795,-4.3075899548385146E-7
2,724;868,-3.9849643370908766E-7
2,88;445,3.9348111470895177E-7
2,255;818,3.813230879801469E-7
2,456;908,3.783050282294975E-7
2,594;712,3.7189525712540835E-7
2,140;648,-3.550708401605929E-7
2,147;169,-3.4285349560027325E-7
2,742;797,-2.8188098686022375E-7
2,123;207,2.810696703074295E-7
2,101;232,2.629642100181323E-7
2,2;428,2.2894326010635542E-7
2,86;356,-2.220145250300537E-7
2,47;767,2.0340572411303715E-7
2,384;541,2.024316499631973E-7
2,315;552,-1.9742749357651302E-7
2,503;973,-1.84822328034899E-7
2,11;194,-1.7336107950120806E-7
2,482;612,1.585077931910428E-7
2,125;412,-1.1826184215273095E-7
2,721;788,1.0902636941734212E-7
2,157;584,1.0406795945230168E-7
2,572;634,-7.674256272550973E-8
2,439;815,-5.900837507845369E-8
2,110;973,-5.6692299620610123E-8
2,321;788,-3.4486486879883874E-8
2,599;709,-2.7834933054859955E-9
3,275;495;978,-2.987740079322558E-4
3,163;174;951,2.623652290243422E-4
3,525;642;698,-2.2892743773124524E-4
3,67;406;704,2.2809223344199276E-4
3,439;665;827,2.2445332750490078E-4
3,114;212;709,2.241720920212511E-4
3,107;527;933,2.235118050904992E-4
3,397;718;923,2.2286557220402582E-4
3,192;230;871,2.1813863100515375E-4
3,106;517;808,2.0968180782046685E-4
3,76;576;647,2.0780750091326718E-4
3,475;747;962,2.0523002448646568E-4
3,305;647;957,-2.0313209869116173E-4
3,74;454;866,-2.0268533367212674E-4
3,270;828;845,-1.9989198185276131E-4
3,134;682;841,1.992780957388744E-4
3,537;761;864,1.9571988495471044E-4
3,55;504;795,-1.9534488369099895E-4
3,130;508;617,-1.9382200788005722E-4
3,347;607;884,-1.9357638638990306E-4
3,33;885;973,-1.9223876174226368E-4
3,220;384;391,-1.9200165294361272E-4
3,76;413;721,1.9194586136707148E-4
3,25;155;301,-1.9189514142168665E-4
3,105;188;961,-1.9126219890714318E-4
3,723;726;915,1.9018236757736482E-4
3,425;558;827,1.9009657768159993E-4
3,244;309;881,1.8919916675389447E-4
3,238;337;723,1.8747307558948323E-4
3,196;390;608,1.8679304606063823E-4
3,81;89;971,1.86694437167431E-4
3,200;798;932,-1.864972872400959E-4
3,499;764;986,1.8608976985344612E-4
3,286;418;991,1.8572855978227237E-4
3,653;765;980,1.852492187732185E-4
3,447;589;885,1.8231226287144744E-4
3,299;710;874,1.8227873197121353E-4
3,100;694;792,1.8117626157653557E-4
3,6;394;699,-1.801993178646585E-4
3,139;412;861,1.8014148059289389E-4
3,518;599;859,-1.80094782099463E-4
3,494;880;972,-1.796383375244925E-4
3,163;364;609,-1.7929693212061882E-4
3,51;432;546,-1.7891331516287952E-4
3,616;869;890,1.7889007943259913E-4
3,125;412;737,1.781381350475575E-4
3,128;289;916,1.7675484723677986E-4
3,312;316;733,1.7674830130744867E-4
3,581;815;906,-1.7631257574222484E-4
3,250;851;923,1.7618677631560915E-4
3,247;489;875,-1.7612219422834548E-4
3,75;236;598,-1.7577549538331944E-4
3,5;427;541,-1.7562109724773278E-4
3,187;671;747,1.7529231352479186E-4
3,38;62;706,-1.75146400242844E-4
3,140;277;336,1.7503680721905158E-4
3,51;142;995,1.7419253779335386E-4
3,655;820;837,1.7385459965922067E-4
3,15;404;828,-1.7384861731013323E-4
3,3;430;989,1.7340548646916165E-4
3,823;888;968,1.7300925781831792E-4
3,103;472;818,1.729107756410111E-4
3,227;578;882,-1.727778618072422E-4
3,167;251;865,-1.7250325103879225E-4
3,67;811;921,1.7193433931037336E-4
3,618;874;946,-1.718221415811228E-4
3,456;580;583,1.704974799659014E-4
3,223;547;992,1.688007168411258E-4
3,102;135;900,1.6817539081540798E-4
3,410;835;935,-1.68084315194119E-4
3,221;641;689,1.6770543964710787E-4
3,229;340;971,1.6733559678687871E-4
3,137;587;795,-1.6733544396273253E-4
3,215;485;941,-1.6728140217838697E-4
3,549;610;981,-1.6708051803615621E-4
3,180;183;281,1.6674911271501115E-4
3,44;257;632,-1.664897647245879E-4
3,178;314;930,1.6646992375206934E-4
3,69;380;726,1.6645206706982751E-4
3,595;813;974,1.664145319934129E-4
3,509;762;829,-1.6619652562383435E-4
3,44;698;825,1.6568448010099895E-4
3,181;191;675,1.6559633218539476E-4
3,547;568;987,-1.6538334887735153E-4
3,362;471;729,-1.6530692324821927E-4
3,71;739;771,1.645987668782165E-4
3,238;789;983,1.6457201333000744E-4
3,314;709;801,1.641534551133211E-4
3,472;737;923,1.6376855443052494E-4
3,428;664;753,-1.6367393862587278E-4
3,333;626;986,1.632653104415442E-4
3,333;737;974,-1.629576484314821E-4
3,507;712;764,1.6240449087669446E-4
3,333;788;986,1.6233816098014744E-4
3,384;503;973,-1.6227946887681884E-4
3,40;66;380,1.6221261410725218E-4
3,137;698;786,1.6191189062177326E-4
3,205;384;875,-1.617044271764328E-4
3,85;301;917,1.609340703122338E-4
3,91;166;985,1.6070290188228043E-4
3,416;585;846,-1.606552671505566E-4
3,42;491;633,1.6055466775252665E-4
3,101;413;664,1.6050570901710734E-4
3,108;293;563,-1.6050149392594215E-4
3,443;456;731,1.603724941030834E-4
3,83;103;919,-1.6033240109345547E-4
3,47;356;861,1.6030161809362672E-4
3,605;613;864,-1.6024572314636494E-4
3,331;430;989,1.6024543621774245E-4
3,573;650;767,1.5971446350156488E-4
3,403;653;765,1.596263876383346E-4
3,301;600;615,1.5954556618585214E-4
3,337;883;908,1.5952648586733652E-4
3,62;421;612,1.5931782553365786E-4
3,657;770;845,-1.592194365945635E-4
3,152;237;574,-1.5813630699218977E-4
3,242;375;892,1.574867380262028E-4
3,379;765;942,-1.5732757360650934E-4
3,295;588;991,-1.5694481549422272E-4
3,56;801;920,1.569041864228015E-4
3,80;491;835,-1.5684540880156434E-4
3,152;410;574,1.5680677642943046E-4
3,51;556;995,-1.5662550265068344E-4
3,315;715;850,1.5659994278259973E-4
3,382;568;960,-1.5641779174198754E-4
3,556;704;789,-1.561011336971942E-4
3,505;552;603,-1.5559355487104707E-4
3,421;528;776,1.5543856397377053E-4
3,18;204;456,1.549753727612968E-4
3,606;735;871,-1.5493074963107012E-4
3,290;299;367,1.549221439558012E-4
3,148;342;681,1.5456949140893748E-4
3,390;723;822,-1.5414079795557156E-4
3,52;78;533,1.541301117717926E-4
3,18;68;652,-1.5398132372688772E-4
3,174;378;899,-1.536415834325966E-4
3,145;256;283,1.536198999707578E-4
3,375;559;914,-1.5340139712466166E-4
3,82;447;491,1.5331609182802537E-4
3,659;693;842,1.5316600782503675E-4
3,259;333;990,1.5290656568160861E-4
3,2;73;768,-1.5262923580699927E-4
3,116;662;959,-1.526191418844058E-4
3,196;781;983,-1.5259911731344488E-4
3,408;738;766,1.523822123743304E-4
3,18;341;369,-1.521194515614992E-4
3,537;564;989,1.5172858655330477E-4
3,534;766;850,1.5166815516549087E-4
3,37;131;849,-1.5107131211471725E-4
3,123;672;938,1.5083468158142997E-4
3,183;512;595,-1.508177298357076E-4
3,42;443;956,-1.5073776177297897E-4
3,456;922;966,-1.5065247779241743E-4
3,272;514;758,1.506153757107207E-4
3,219;706;990,1.5043906812051952E-4
3,22;371;642,1.4995305035072338E-4
3,562;745;955,1.499471080563418E-4
3,605;807;934,1.4966179284702473E-4
3,340;449;722,-1.4936954994784418E-4
3,34;276;527,-1.4915871166525663E-4
3,398;458;504,1.4843567478509785E-4
3,108;738;958,-1.481898706298098E-4
3,35;221;334,1.4791991030325686E-4
3,22;237;851,-1.4769721063800115E-4
3,292;389;788,-1.4759279870527235E-4
3,564;615;750,-1.4750846521605722E-4
3,448;689;699,1.4750740582604482E-4
3,423;581;906,1.4699545996788813E-4
3,277;299;305,-1.4692877881562595E-4
3,335;388;518,-1.468009243970912E-4
3,125;659;772,-1.467966486110446E-4
3,197;239;760,1.467247145444846E-4
3,42;198;613,1.4637403530365014E-4
3,491;724;789,-1.460134383743289E-4
3,270;739;828,1.4592039400730919E-4
3,18;278;774,-1.459173467551721E-4
3,155;449;498,-1.4575183091940976E-4
3,167;359;926,1.4527809733657366E-4
3,157;304;594,1.4503016014620702E-4
3,330;572;913,-1.449424584932063E-4
3,69;128;825,-1.4493019890055012E-4
3,124;476;692,-1.4490967843533182E-4
3,589;705;885,1.4454313774154925E-4
3,480;741;769,1.4416183214180318E-4
3,447;803;998,-1.4385347144552413E-4
3,45;347;395,1.4384331903967063E-4
3,52;428;535,-1.4364702486333898E-4
3,114;245;854,1.436029917632413E-4
3,207;614;739,-1.435045989037393E-4
3,44;99;698,1.4263988098354183E-4
3,779;831;928,1.4259977529755387E-4
3,73;527;925,1.4255672129942636E-4
3,133;245;475,-1.4235411913817515E-4
3,123;207;755,1.4226703156322627E-4
3,329;567;839,1.4222636946454288E-4
3,76;138;559,-1.4213798951508334E-4
3,285;390;392,-1.4190654499883677E-4
3,429;456;908,1.414248388148384E-4
3,42;491;724,1.405399666807136E-4
3,485;866;993,1.4032617601131804E-4
3,808;872;894,-1.40102122735008E-4
3,712;728;936,-1.3990108211971722E-4
3,207;569;614,1.3968877356066868E-4
3,329;466;523,-1.3956101823348733E-4
3,61;122;132,-1.3940255021105082E-4
3,193;724;913,-1.3922936864236833E-4
3,495;590;719,-1.3903676991643675E-4
3,389;798;932,-1.389280054955517E-4
3,840;927;979,-1.3877961383176792E-4
3,152;603;927,-1.3877572958432E-4
3,588;686;764,-1.3839173482990165E-4
3,43;44;799,1.3807819167339745E-4
3,135;766;855,-1.3790817936761615E-4
3,128;289;405,1.378615595181499E-4
3,12;264;795,1.3779780149518914E-4
3,30;304;426,1.3747988255060798E-4
3,129;278;883,1.3718223831699194E-4
3,194;656;961,-1.370756423368163E-4
3,31;424;709,1.3700545976886458E-4
3,102;646;976,-1.3661579452523462E-4
3,598;742;760,1.3658898838538915E-4
3,7;489;757,1.3655133108880744E-4
3,13;343;840,1.364672562274382E-4
3,448;496;732,1.3644103481602526E-4
3,710;853;921,1.3626549379576269E-4
3,112;205;271,-1.361668099041543E-4
3,455;936;944,-1.3611500034802076E-4
3,356;464;565,-1.3609381903978497E-4
3,481;951;965,1.359455451701354E-4
3,378;605;845,1.358812411016829E-4
3,357;515;929,1.3579777047724597E-4
3,744;879;900,-1.3571889293795774E-4
3,517;522;570,1.356857635476351E-4
3,286;491;585,1.355270015693622E-4
3,407;516;779,-1.3527674434224494E-4
3,514;718;758,1.352603440208053E-4
3,121;209;617,1.351588507474399E-4
3,327;510;602,-1.3508779187784703E-4
3,43;799;988,-1.3507135962888508E-4
3,623;837;981,-1.3494144251832788E-4
3,168;220;406,1.3486421676504892E-4
3,77;246;558,1.347702738969253E-4
3,688;900;988,-1.3460982660952359E-4
3,341;507;552,1.3451998308878493E-4
3,347;440;669,1.3442699550612173E-4
3,303;560;686,1.3434477250561853E-4
3,441;477;836,1.342912816111582E-4
3,240;320;915,-1.341317562421575E-4
3,625;949;981,-1.3399789190764763E-4
3,289;515;517,1.3399572289710687E-4
3,180;260;281,1.3378127865536175E-4
3,52;655;837,-1.3370852283529656E-4
3,15;824;982,-1.3358169757806922E-4
3,13;816;962,-1.3316526640840866E-4
3,395;441;589,1.3315937658092157E-4
3,47;209;740,1.3310896954488727E-4
3,287;453;541,1.330667225732062E-4
3,311;569;927,-1.32963404940335E-4
3,516;687;762,-1.328339654253295E-4
3,62;625;797,1.325243874272022E-4
3,280;509;929,1.323480436953661E-4
3,433;545;856,-1.321313450983077E-4
3,224;293;763,-1.316850077213827E-4
3,157;545;672,1.3159553618765643E-4
3,112;156;192,1.3153915035968053E-4
3,138;441;586,1.3153342854698962E-4
3,164;337;653,1.313792125758314E-4
3,23;711;915,1.3136215733204303E-4
3,609;933;951,-1.3134104260808217E-4
3,301;701;747,1.3130366495524117E-4
3,136;490;635,-1.3099826229650026E-4
3,177;261;346,-1.308864137695478E-4
3,148;505;947,1.3075033856428848E-4
3,473;520;567,-1.3062143511605357E-4
3,364;489;875,-1.301606566306641E-4
3,124;423;713,1.3001568822489573E-4
3,368;506;600,1.2999593975170903E-4
3,113;351;581,-1.2995122024225456E-4
3,124;432;476,1.2952949128722217E-4
3,422;625;941,1.294879042321702E-4
3,783;913;983,-1.292953391469645E-4
3,413;496;768,1.2925372267237742E-4
3,174;665;908,-1.2908685828443502E-4
3,62;482;534,-1.2906836400818485E-4
3,76;174;378,-1.2902685185268797E-4
3,12;553;896,1.2896391581130933E-4
3,182;391;725,-1.2886372313129115E-4
3,163;364;454,-1.2854861026953467E-4
3,484;522;633,-1.2840689625677265E-4
3,100;618;792,-1.282616803496401E-4
3,455;543;912,-1.2801766898476352E-4
3,96;154;968,-1.279135799804601E-4
3,93;135;366,-1.2789951432368225E-4
3,287;421;717,1.2785881582802675E-4
3,13;385;930,-1.2773855933755567E-4
3,29;192;968,-1.2764403159211797E-4
3,389;692;747,1.275837511172099E-4
3,10;79;511,-1.2749442696095205E-4
3,207;863;915,1.2746743238481744E-4
3,19;133;313,1.272629824014178E-4
3,382;769;960,1.2703774985370838E-4
3,473;547;567,-1.269823289258767E-4
3,478;549;718,-1.2695911856716295E-4
3,27;662;900,1.2681786614810364E-4
3,12;870;871,1.2676899149611942E-4
3,27;540;872,-1.2674855811999438E-4
3,514;772;800,-1.2671552976146864E-4
3,214;624;868,-1.2634738082367009E-4
3,149;267;949,1.262322476703738E-4
3,63;711;867,-1.261070467870174E-4
3,2;19;402,1.2597232557522213E-4
3,149;347;438,-1.258691700584453E-4
3,297;760;866,-1.2584380143520563E-4
3,386;498;821,1.2575077137123178E-4
3,195;302;563,-1.2574225214982663E-4
3,35;892;998,1.2567196585755992E-4
3,235;308;783,-1.2540969791347616E-4
3,555;575;831,1.2536980066109936E-4
3,65;247;360,1.2514365972596475E-4
3,150;639;791,1.2467560164799882E-4
3,451;649;731,1.246478347767763E-4
3,150;234;965,-1.2462997125930298E-4
3,4;474;577,-1.2426493630461098E-4
3,47;610;752,1.242284052807259E-4
3,185;557;878,-1.2409351058603548E-4
3,91;328;848,-1.2393414237314395E-4
3,389;673;914,-1.2369826121807993E-4
3,8;64;994,-1.2352408070630898E-4
3,27;540;899,-1.2347644166631652E-4
3,52;428;889,1.234234807283207E-4
3,28;562;825,-1.2340089155701633E-4
3,2;458;627,-1.2318410861417937E-4
3,168;406;907,-1.2316301034475205E-4
3,20;366;746,-1.23114747330633E-4
3,73;107;895,1.2306785246838723E-4
3,50;321;922,-1.230391328941395E-4
3,635;773;805,-1.2258523734559102E-4
3,335;358;899,1.2254558168410838E-4
3,731;863;915,-1.2240240840571796E-4
3,102;206;728,1.2215905382134627E-4
3,29;153;820,1.2209762206100516E-4
3,55;180;969,1.22083314414221E-4
3,158;865;949,-1.2200521668172582E-4
3,626;819;945,1.2190333152290081E-4
3,503;664;813,1.2189322118159549E-4
3,573;650;998,1.2189286326207172E-4
3,168;344;361,1.2172883553882258E-4
3,380;726;977,1.2156403131558069E-4
3,501;692;859,-1.2152370748053746E-4
3,493;631;666,-1.212886055590704E-4
3,825;951;965,1.212291197047474E-4
3,534;657;936,1.211419970663817E-4
3,44;799;988,1.2091714731167514E-4
3,121;134;816,-1.2081307690890387E-4
3,154;364;560,1.2066750096655286E-4
3,651;712;764,1.2054786354558062E-4
3,284;535;636,-1.204793023332835E-4
3,335;508;518,1.2036658646505362E-4
3,187;356;959,1.2019813902207394E-4
3,125;545;856,-1.201865127513813E-4
3,201;850;972,1.2012031871634748E-4
3,157;417;763,-1.1999938478134366E-4
3,34;520;527,-1.1996168902762487E-4
3,86;660;737,1.1991814609377321E-4
3,168;382;691,-1.1971143655894345E-4
3,215;485;882,-1.1969393455397584E-4
3,38;267;931,-1.1962876772163461E-4
3,505;566;676,-1.1959557476987168E-4
3,569;640;861,-1.1957911047346473E-4
3,834;868;888,-1.1957294282654306E-4
3,42;491;949,-1.1938261142308469E-4
3,489;749;779,-1.193681087145419E-4
3,76;262;481,-1.1936255296551263E-4
3,271;524;627,1.1935427450927297E-4
3,227;539;714,1.1933791195196665E-4
3,113;508;550,1.1931136268810856E-4
3,156;885;973,1.1915484205193994E-4
3,509;611;956,1.1914785968625035E-4
3,210;471;864,-1.1906263990710614E-4
3,290;373;751,1.190094013041951E-4
3,190;628;966,-1.1897607758618949E-4
3,422;864;923,-1.1894873208956158E-4
3,257;408;649,-1.188872253094412E-4
3,48;213;305,1.1876883917535794E-4
3,490;734;864,-1.1863200475779093E-4
3,507;552;763,-1.1843282610737488E-4
3,365;713;781,1.1833211838318564E-4
3,42;808;872,-1.1831752225774261E-4
3,294;429;794,-1.1820222268021258E-4
3,406;618;753,-1.1811773183272145E-4
3,97;493;745,1.1811068109464594E-4
3,211;580;903,-1.180892714181854E-4
3,114;487;907,1.1794205597133219E-4
3,144;409;662,1.1785532585637404E-4
3,176;485;858,1.178197627551662E-4
3,617;728;905,1.1777805230568753E-4
3,43;44;988,1.1768979384223333E-4
3,84;141;821,1.1765769072585556E-4
3,51;546;759,-1.1764151525915578E-4
3,71;120;191,1.1754749844001908E-4
3,107;673;733,1.1753723669218069E-4
3,188;764;986,1.1752447054389898E-4
3,71;120;348,1.1748651676128259E-4
3,63;554;711,-1.1745847358735753E-4
3,192;438;871,-1.1742874707736196E-4
3,172;381;757,1.1737652004029828E-4
3,33;592;845,1.1733011359705828E-4
3,213;305;532,1.1727534700912835E-4
3,588;647;885,1.1724333828604592E-4
3,61;827;925,-1.171293668686215E-4
3,257;640;806,1.170074924808962E-4
3,131;677;993,-1.1699077385957563E-4
3,225;412;663,1.1672481901871955E-4
3,35;366;506,1.166880070566243E-4
3,38;267;374,-1.1667330283145772E-4
3,265;338;627,-1.1650898563324546E-4
3,269;637;918,1.1646333468404354E-4
3,86;544;632,1.1627617285395123E-4
3,83;103;815,1.1627350131637561E-4
3,195;509;582,1.1614097242223485E-4
3,371;777;877,-1.1578500942952349E-4
3,34;180;691,1.1570658964225187E-4
3,264;548;900,1.1562268797802711E-4
3,129;134;869,-1.1550824182838892E-4
3,391;435;995,1.152887693771272E-4
3,125;455;878,-1.1528599587681997E-4
3,232;413;664,-1.1528401478721826E-4
3,582;613;714,-1.1499183770701921E-4
3,278;314;415,-1.1484088897137146E-4
3,379;380;906,-1.1479578341503993E-4
3,56;801;964,-1.1471004411785774E-4
3,98;108;247,-1.146883303940671E-4
3,22;179;915,1.1468434089131525E-4
3,190;252;823,-1.1455874770845526E-4
3,391;419;887,-1.1455160731333792E-4
3,197;282;992,-1.1424232304039522E-4
3,41;66;881,1.1402746738504012E-4
3,22;247;751,-1.1388871720316826E-4
3,47;136;740,-1.1380598219580085E-4
3,129;487;794,1.1378290121981088E-4
3,417;763;962,-1.1362917367935481E-4
3,89;281;890,1.1359953866292059E-4
3,588;647;979,-1.1355939321332812E-4
3,64;634;686,-1.1351091927665816E-4
3,70;348;756,-1.1350403251100511E-4
3,42;808;894,1.1345471608970514E-4
3,52;535;889,1.133620346192845E-4
3,656;862;911,1.1331049677851024E-4
3,102;509;929,-1.1327398281824828E-4
3,244;534;766,1.1321919267825294E-4
3,341;369;588,1.1319821223958575E-4
3,126;278;848,1.131660635299271E-4
3,512;560;708,1.1315918599601674E-4
3,333;556;974,1.1314642690922983E-4
3,19;55;288,-1.1314354886835959E-4
3,532;712;728,-1.1305119852320517E-4
3,187;246;333,1.1290929418037724E-4
3,160;288;874,1.1289664104896182E-4
3,329;400;932,1.1277713302262524E-4
3,312;512;907,-1.1265205611838696E-4
3,17;49;613,1.1250665942561178E-4
3,331;597;763,1.1248094536620635E-4
3,137;821;947,-1.1242530700859243E-4
3,365;528;781,1.1236735910523587E-4
3,545;557;734,1.1233583193200583E-4
3,38;82;556,1.1226744274929831E-4
3,35;675;998,1.1211964349850112E-4
3,103;560;965,-1.1210003907925126E-4
3,117;138;819,1.120130923720221E-4
3,168;205;685,-1.1196509134528887E-4
3,203;311;952,-1.1191588519013202E-4
3,62;284;936,-1.1189255354263123E-4
3,333;586;990,-1.1186570887120071E-4
3,117;164;993,-1.116912935074958E-4
3,313;401;488,1.1167464365332794E-4
3,109;269;806,1.1151852821881245E-4
3,101;203;952,1.1140996085003569E-4
3,54;111;269,-1.1112365403565356E-4
3,194;656;759,1.1100288465734717E-4
3,31;578;758,-1.1096031350392934E-4
3,159;281;876,1.108601834441892E-4
3,192;483;968,-1.1058012151068983E-4
3,101;413;446,-1.1047554359668722E-4
3,497;767;944,-1.104647876734329E-4
3,40;715;890,1.1038882936079331E-4
3,92;553;700,-1.1037577195429984E-4
3,384;654;672,1.103715870359652E-4
3,89;890;988,-1.1029626836827681E-4
3,362;508;811,1.1015790937628593E-4
3,287;421;714,-1.1005961585156268E-4
3,121;641;996,-1.0998941691808382E-4
3,36;555;683,-1.099394172954101E-4
3,52;263;784,1.0979441740241828E-4
3,416;448;689,-1.0978533081049741E-4
3,647;885;979,-1.0976727248408524E-4
3,85;657;950,-1.097661319828912E-4
3,212;273;848,-1.0976367802924391E-4
3,154;895;901,1.097377068460373E-4
3,157;310;683,1.0973387679802206E-4
3,573;767;998,-1.0968576047042542E-4
3,382;568;769,1.0964773232820313E-4
3,494;819;880,1.0959455968314314E-4
3,8;64;523,-1.0959260559206668E-4
3,380;404;603,-1.095615412905075E-4
3,32;324;684,1.0947951179466271E-4
3,306;404;670,1.0940518557674363E-4
3,365;704;979,1.0936563796948118E-4
3,436;698;786,1.0935246301419299E-4
3,505;566;655,-1.0919201865561341E-4
3,619;897;945,-1.0912582235339978E-4
3,2;621;627,1.0910990663842544E-4
3,157;584;678,-1.090025149404279E-4
3,390;621;871,-1.0895746153280166E-4
3,256;699;745,1.0895225749121007E-4
3,170;453;788,1.0883932531473239E-4
3,5;82;317,1.0857154660769619E-4
3,109;425;806,-1.085614336239082E-4
3,599;709;804,1.0851255425936487E-4
3,785;818;913,1.084400762609501E-4
3,253;616;890,1.0839295324516137E-4
3,62;603;706,-1.0838598389765808E-4
3,210;536;971,1.0837806091097335E-4
3,73;752;895,-1.0826411341598305E-4
3,406;480;753,-1.0810264352738827E-4
3,245;514;693,-1.0804965358342738E-4
3,114;762;803,1.079626053126505E-4
3,27;837;987,-1.0779649116741553E-4
3,188;281;448,-1.0778930009876492E-4
3,244;569;648,1.0774354771652439E-4
3,77;664;753,1.0767680423823476E-4
3,329;362;567,1.0757407304206546E-4
3,241;314;801,-1.0744431496233244E-4
3,209;485;956,1.0740346916830348E-4
3,148;161;947,1.0739471567989994E-4
3,8;102;614,-1.0731542139357045E-4
3,33;845;919,1.0718700969764068E-4
3,101;232;413,1.0714271562536527E-4
3,927;979;997,-1.0713858578703231E-4
3,75;209;598,1.0712778248310413E-4
3,73;601;688,1.070747107061138E-4
3,159;528;876,-1.0703629942886138E-4
3,40;234;896,-1.0703086826091856E-4
3,7;83;749,1.0682185464779896E-4
3,193;321;871,-1.0676474117856691E-4
3,496;742;760,1.0667741108184648E-4
3,71;576;981,-1.0642675791605092E-4
3,66;324;687,1.0641520564939814E-4
3,121;161;209,-1.0632912388417362E-4
3,82;316;556,1.0630756875306657E-4
3,232;617;666,1.062234725152305E-4
3,493;745;858,-1.061228835672085E-4
3,114;255;475,-1.0608980827955899E-4
3,38;656;999,1.0597890813563799E-4
3,620;649;965,1.0592840460232439E-4
3,135;688;844,-1.0580786589085581E-4
3,455;568;634,1.0577686614252344E-4
3,6;571;699,-1.0576649670112307E-4
3,447;705;885,1.0570947854984726E-4
3,245;398;731,-1.0560614136717473E-4
3,726;764;978,1.0559030057336336E-4
3,212;437;848,1.0556862374155481E-4
3,498;542;821,1.0549286164624505E-4
3,385;500;594,-1.0548740005767228E-4
3,38;290;647,1.0548480956854115E-4
3,340;384;672,-1.0544207886195715E-4
3,256;283;805,1.0529869460662057E-4
3,58;508;622,1.0521819848408066E-4
3,137;593;821,-1.0513463662131902E-4
3,135;417;592,-1.0509260116152727E-4
3,86;199;461,1.050597256676451E-4
3,656;666;806,-1.0503237267171217E-4
3,182;381;695,1.049223623286016E-4
3,464;887;895,-1.048668637408817E-4
3,203;407;964,1.0474384983892963E-4
3,327;802;892,-1.0471756574199844E-4
3,103;342;719,-1.0464879712854638E-4
3,113;437;756,-1.0454534481078107E-4
3,131;520;849,1.0453852950045347E-4
3,240;730;915,-1.0450486945630288E-4
3,397;670;861,1.0448967050676445E-4
3,59;135;855,1.0440060594814335E-4
3,18;341;588,-1.043379298197287E-4
3,53;86;660,1.0424969143562529E-4
3,154;393;968,-1.042358052335527E-4
3,125;433;545,-1.0410027615066421E-4
3,384;745;875,-1.0402469418093857E-4
3,297;316;866,-1.040180459108257E-4
3,208;413;427,-1.0392859032628061E-4
3,76;202;576,1.0390189230342122E-4
3,566;655;676,1.0386310259709353E-4
3,448;646;732,-1.0382418224686258E-4
3,400;819;968,-1.0381660433741289E-4
3,239;566;880,1.0380387376493541E-4
3,201;809;850,1.0369643164866994E-4
3,251;696;865,-1.0365153519264106E-4
3,268;639;916,1.0362305875674907E-4
3,207;569;739,-1.0359637489009743E-4
3,299;721;874,-1.0349979003665822E-4
3,367;582;868,-1.0349502076802719E-4
3,104;288;874,-1.0349136395273392E-4
3,458;504;589,1.0344003882470815E-4
3,76;378;899,-1.034075629612604E-4
3,345;423;435,-1.0340188516984708E-4
3,803;937;985,1.031571020995801E-4
3,327;328;841,-1.0311204529821921E-4
3,48;468;730,-1.0309324095316677E-4
3,252;469;539,1.0301774846285794E-4
3,305;307;957,-1.0299181290862592E-4
3,513;568;920,-1.0288923486166912E-4
3,87;499;912,1.0284853302960806E-4
3,355;519;696,-1.0282787483785774E-4
3,209;304;443,1.0269787843091568E-4
3,138;502;559,1.0261881217357394E-4
3,153;379;835,-1.0261455188202354E-4
3,183;617;885,1.0260937515658628E-4
3,704;789;878,1.0260849381531931E-4
3,568;769;960,-1.0257478381240509E-4
3,331;395;836,-1.0246132934991814E-4
3,11;379;427,-1.0239229580062175E-4
3,47;136;209,-1.0232202282697981E-4
3,50;214;624,-1.0218605349776729E-4
3,291;734;796,1.0214149725274222E-4
3,261;780;894,1.0207811612086137E-4
3,246;328;848,1.020594165084262E-4
3,51;432;759,1.020372846178372E-4
3,422;730;835,1.0202475095537742E-4
3,117;523;815,-1.0197821731485188E-4
3,823;839;888,1.0197532849217381E-4
3,196;387;781,1.0192352943383922E-4
3,127;180;969,-1.017241049541763E-4
3,434;756;916,1.0159763933468228E-4
3,129;390;924,-1.0158171857543515E-4
3,200;482;667,1.0154935283103391E-4
3,166;191;906,-1.0145363885202196E-4
3,625;631;949,1.014430730833812E-4
3,337;902;908,1.0138715009057947E-4
3,307;648;801,1.0135589896770611E-4
3,55;382;504,-1.0132378116542754E-4
3,341;399;783,-1.0128870682495112E-4
3,456;580;904,-1.012629314497491E-4
3,152;533;826,1.0120167157664848E-4
3,510;537;592,1.0108759354661301E-4
3,578;758;902,-1.01082178496441E-4
3,119;173;424,-1.0107723064702643E-4
3,129;476;883,-1.010187283325322E-4
3,138;141;586,1.0100494246860641E-4
3,242;319;332,1.009783471690964E-4
3,414;727;871,1.0089943409483157E-4
3,7;173;757,1.0077222322158856E-4
3,412;528;737,1.006925009349508E-4
3,22;289;638,1.006250536346764E-4
3,154;650;936,-1.0051293666984706E-4
3,381;693;842,-1.0048118875297065E-4
3,304;443;872,1.0047850033988294E-4
3,700;780;870,1.0042919821922639E-4
3,29;184;442,1.0041254348880092E-4
3,184;365;704,1.003276159333714E-4
3,40;106;255,1.0025557896304672E-4
3,515;517;896,-1.0021368119157721E-4
3,101;663;897,1.0019745143396413E-4
3,625;635;750,-1.0014002544328566E-4
3,14;152;569,-1.0009168093518752E-4
3,25;100;206,-1.000656281861286E-4
3,412;663;701,-9.99612950085676E-5
3,428;490;864,-9.995181732282157E-5
3,625;750;956,-9.99404981440021E-5
3,478;879;880,9.989035355039762E-5
3,155;449;867,-9.988342008969475E-5
3,302;379;563,-9.982730325785996E-5
3,82;317;468,-9.967218468420045E-5
3,254;378;845,9.965457401901489E-5
3,227;380;578,-9.961796675750179E-5
3,212;273;437,-9.956261985064211E-5
3,281;353;616,9.944235007506605E-5
3,623;837;982,-9.943791620376036E-5
3,110;362;471,-9.930537277764945E-5
3,269;425;806,9.918278870290087E-5
3,301;600;906,-9.913309970545125E-5
3,227;521;725,-9.907665042928157E-5
3,285;833;883,-9.904398410054008E-5
3,175;278;314,-9.904165129597736E-5
3,380;442;906,9.900407570733855E-5
3,39;791;854,-9.895588236721054E-5
3,105;683;898,-9.881710104734984E-5
3,651;809;983,9.880290805412974E-5
3,175;252;520,-9.872967970715509E-5
3,487;680;682,9.871136529666283E-5
3,462;471;530,9.869599986036895E-5
3,92;153;700,9.86916998264342E-5
3,136;686;964,-9.866245200006246E-5
3,353;597;860,-9.858896245696304E-5
3,151;456;874,-9.856378608922905E-5
3,540;741;908,-9.854838010198414E-5
3,403;765;980,9.829378403766653E-5
3,650;936;940,-9.819528408893021E-5
3,277;612;791,9.81366330850777E-5
3,36;391;463,-9.81249508174756E-5
3,295;369;748,-9.806650607392324E-5
3,468;603;948,9.805898681354736E-5
3,662;666;714,-9.800063207909044E-5
3,117;422;730,-9.79515986464552E-5
3,164;653;830,-9.793600131583613E-5
3,366;716;746,9.793511950977162E-5
3,382;628;708,9.786801135160556E-5
3,101;413;881,9.786522355541677E-5
3,593;821;947,9.778280082172512E-5
3,113;289;351,-9.776146587886226E-5
3,113;439;827,-9.76719570355441E-5
3,152;388;569,-9.766189026588042E-5
3,428;490;734,-9.763266099971058E-5
3,73;538;688,-9.763127170691337E-5
3,172;523;965,-9.761361966530667E-5
3,93;413;838,9.743224590481186E-5
3,535;883;953,9.739969193097834E-5
3,88;112;271,9.73986569954956E-5
3,306;404;528,-9.730647997743458E-5
3,176;279;909,9.730373612296891E-5
3,15;404;955,9.726511057624118E-5
3,590;672;719,-9.72182999610284E-5
3,59;766;855,9.701932889737529E-5
3,38;585;846,9.695715935837879E-5
3,85;710;716,-9.692152872233931E-5
3,200;662;795,9.68271398370523E-5
3,678;726;764,-9.675400170813082E-5
3,220;377;642,-9.672796087977722E-5
3,322;658;809,-9.6639673314417E-5
3,295;504;991,-9.656871520212146E-5
3,70;135;844,-9.655053623440832E-5
3,293;422;923,-9.652180394097246E-5
3,284;365;535,-9.650748718954687E-5
3,223;887;992,-9.645063934438664E-5
3,324;684;912,9.644307687659309E-5
3,147;343;928,-9.637354970998708E-5
3,174;513;568,9.632324886295294E-5
3,10;513;541,9.631133282603791E-5
3,124;751;809,9.63042676650657E-5
3,74;84;821,-9.615286889553248E-5
3,686;957;964,-9.599798147510183E-5
3,356;531;565,-9.58740385475207E-5
3,351;865;931,-9.584851915527946E-5
3,155;318;509,-9.576360159481384E-5
3,16;557;578,-9.575767693483466E-5
3,426;445;535,9.572616778332219E-5
3,99;662;900,9.569386766049751E-5
3,34;681;727,-9.567572292815622E-5
3,199;323;750,-9.566831356113793E-5
3,234;503;664,-9.557858229446087E-5
3,318;388;589,-9.555998074375618E-5
3,39;426;535,-9.54547254621287E-5
3,4;63;445,9.542623505301903E-5
3,438;651;809,-9.54063548097333E-5
3,430;515;611,9.536148680848341E-5
3,88;373;428,9.525517568422156E-5
3,500;541;775,-9.52002744261714E-5
3,329;397;863,9.516260682890846E-5
3,661;663;897,-9.514531578252888E-5
3,84;312;494,-9.511453743724083E-5
3,27;526;836,9.5106740920916E-5
3,243;445;466,-9.507964560739314E-5
3,3;548;742,9.493091753550745E-5
3,341;451;783,9.492299111443278E-5
3,590;784;898,-9.483267532426582E-5
3,321;397;718,-9.482643907637853E-5
3,722;789;904,-9.478869293368108E-5
3,153;485;993,-9.478071866474692E-5
3,123;207;870,9.470978725004989E-5
3,89;442;804,9.469409237306467E-5
3,64;523;994,-9.46578715985982E-5
3,85;297;301,-9.45085559151048E-5
3,57;314;406,9.443895308668465E-5
3,243;799;938,9.438948062606245E-5
3,315;788;849,-9.4355758057187E-5
3,266;702;972,-9.428979414020736E-5
3,103;320;401,9.417420875567546E-5
3,469;836;893,-9.4069412006534E-5
3,450;656;862,9.402859098705191E-5
3,166;293;858,-9.399805059102348E-5
3,317;384;955,-9.395464264958249E-5
3,121;161;617,-9.393429971085384E-5
3,124;680;751,-9.382029513823291E-5
3,25;475;962,9.380418614751007E-5
3,73;107;752,-9.365987486372811E-5
3,454;564;596,-9.361737506209963E-5
3,38;546;935,-9.357223612502638E-5
3,65;360;413,-9.349332511056748E-5
3,290;647;849,-9.3366646795013E-5
3,313;401;845,9.334164771078851E-5
3,340;614;971,9.324457844568542E-5
3,3;11;457,-9.32025086780886E-5
3,556;611;808,-9.305213513529887E-5
3,48;730;915,9.301530696661312E-5
3,514;832;928,9.294145785794079E-5
3,10;329;863,9.291373429299637E-5
3,153;485;866,9.289653049224428E-5
3,223;224;293,9.288611448167058E-5
3,484;817;997,9.281545921813358E-5
3,330;572;728,-9.281446713916377E-5
3,0;678;700,9.277512925752202E-5
3,581;611;942,9.267955651428215E-5
3,290;339;404,9.265071209657576E-5
3,37;679;992,9.254558233985794E-5
3,93;135;440,-9.253950570527048E-5
3,54;610;717,9.251872780582927E-5
3,206;509;843,9.251442541572266E-5
3,315;514;849,9.250000329604821E-5
3,281;347;884,9.249222971569289E-5
3,185;557;755,-9.24761423976592E-5
3,174;265;459,9.241449220088927E-5
3,540;552;741,-9.239389701238684E-5
3,411;777;797,9.237633360265932E-5
3,143;348;971,-9.233801431784561E-5
3,635;638;683,-9.231820356853768E-5
3,229;340;614,9.230684498943292E-5
3,184;891;974,-9.222631319254424E-5
3,289;390;392,-9.215965898880054E-5
3,369;395;417,-9.212885718025239E-5
3,135;569;900,-9.211333941552604E-5
3,303;560;705,9.205238303197967E-5
3,1;492;945,-9.205010116550958E-5
3,290;308;707,-9.203845126096686E-5
3,4;679;890,9.197507761655104E-5
3,29;46;225,9.18946599529279E-5
3,604;611;728,9.185776060294231E-5
3,41;204;437,-9.174484568231435E-5
3,13;214;385,-9.172578604721875E-5
3,241;360;620,9.163472574710319E-5
3,42;209;613,-9.161631163366496E-5
3,341;709;804,9.155418607767879E-5
3,62;65;92,-9.145638843735886E-5
3,421;608;816,9.145529883052461E-5
3,131;322;677,9.142872317756116E-5
3,27;58;148,-9.137204652928428E-5
3,76;262;757,-9.126403567256603E-5
3,22;638;685,-9.123922419150793E-5
3,235;245;804,9.122884671195913E-5
3,790;930;995,-9.117859517395815E-5
3,29;493;787,-9.116642930314394E-5
3,474;601;734,-9.114546399280607E-5
3,777;859;904,-9.100639246674E-5
3,318;578;605,-9.086692315585189E-5
3,511;573;875,-9.0853838230908E-5
3,78;597;769,9.081273136601324E-5
3,111;407;643,9.081083768123413E-5
3,384;391;578,9.070710478588818E-5
3,819;880;972,9.070113558758264E-5
3,257;408;568,-9.068017097493859E-5
3,59;439;581,-9.061613094495833E-5
3,625;797;801,9.052274063682258E-5
3,11;16;765,9.049430590936703E-5
3,366;450;547,-9.045114298594534E-5
3,227;665;687,-9.035110516540932E-5
3,424;737;767,-9.021100810941424E-5
3,371;587;980,9.017779244305402E-5
3,474;575;601,-9.012616814363974E-5
3,532;728;936,9.007956035199215E-5
3,464;724;887,-9.001414944282263E-5
3,75;209;236,-9.000091965526036E-5
3,169;172;315,8.999671573351981E-5
3,3;11;315,8.995069303365267E-5
3,185;662;843,-8.984944569259637E-5
3,603;658;809,-8.984351849099532E-5
3,254;307;896,8.981706182541572E-5
3,67;138;565,8.972556943844018E-5
3,320;730;915,8.968992174591321E-5
3,168;258;678,-8.968315478629449E-5
3,127;128;908,-8.964978303765466E-5
3,548;701;863,8.954818356497547E-5
3,133;789;904,8.95342214743371E-5
3,175;314;415,-8.941254175650876E-5
3,429;908;952,8.922719824971929E-5
3,243;427;445,-8.917869864354728E-5
3,526;665;836,8.910443280755617E-5
3,49;157;762,-8.90106666597149E-5
3,42;491;789,8.898743195917236E-5
3,161;209;617,-8.89211872221202E-5
3,131;393;638,-8.888796026353632E-5
3,297;468;792,-8.887512411309108E-5
3,50;624;868,8.885251786632359E-5
3,124;432;692,8.885056993637864E-5
3,201;809;972,-8.880720627112158E-5
3,279;877;941,8.877126454094489E-5
3,106;255;858,8.87515436127507E-5
3,189;332;697,8.868422018828809E-5
3,23;603;927,-8.867827069325497E-5
3,77;428;664,8.862335783982436E-5
3,600;702;972,-8.861743599567925E-5
3,114;245;838,8.859360492356145E-5
3,803;842;864,8.856838802147831E-5
3,271;574;831,8.842860894265726E-5
3,298;382;822,-8.833753326399613E-5
3,98;177;247,-8.82994931021363E-5
3,375;559;762,8.828440158561559E-5
3,59;187;671,-8.817830307108308E-5
3,154;500;775,-8.816968950394376E-5
3,150;234;718,8.811255939457017E-5
3,36;375;650,8.811106493806465E-5
3,580;583;904,8.798297380434758E-5
3,628;966;994,8.796385750075997E-5
3,256;487;699,-8.796122748117912E-5
3,447;481;803,-8.79110680312562E-5
3,169;523;920,8.786661458621551E-5
3,34;112;531,8.77594996989195E-5
3,74;691;771,-8.77494177760832E-5
3,261;492;779,8.770060359769428E-5
3,916;964;988,-8.76982129552136E-5
3,287;491;942,8.767295805851774E-5
3,168;344;711,-8.758727545416825E-5
3,173;203;407,8.757607472911067E-5
3,424;431;538,8.752120596150845E-5
3,336;447;572,8.748876744766167E-5
3,227;665;875,-8.738562895845647E-5
3,446;617;683,-8.737457500707094E-5
3,596;686;921,8.736348643727188E-5
3,101;661;663,8.731138959876345E-5
3,64;103;145,-8.729089409584399E-5
3,0;431;477,8.725135097228813E-5
3,408;870;984,8.718078736835604E-5
3,322;691;708,8.714906052481835E-5
3,105;683;913,-8.696621241316519E-5
3,292;436;463,8.695976823972318E-5
3,162;681;727,8.69408136576498E-5
3,380;404;808,-8.687397992504014E-5
3,60;563;986,8.685504726831775E-5
3,524;584;627,8.677357589206924E-5
3,257;806;905,-8.675130938904807E-5
3,648;748;832,-8.674169765875836E-5
3,570;737;767,8.669404287910258E-5
3,410;433;688,-8.658556836418558E-5
3,351;819;931,8.65280915289961E-5
3,429;456;952,-8.652494450641396E-5
3,152;826;925,-8.652263342271913E-5
3,9;336;678,8.638264986458767E-5
3,224;382;628,8.638013516293172E-5
3,120;191;348,-8.633036538873254E-5
3,237;851;887,-8.631891520530849E-5
3,282;531;582,8.629613528757791E-5
3,395;417;691,8.629222902132672E-5
3,5;308;875,8.625919322295454E-5
3,203;253;999,8.625597836018251E-5
3,260;490;527,-8.625063209865624E-5
3,184;339;442,8.623754253345725E-5
3,331;597;666,-8.619976824648866E-5
3,193;476;871,-8.619918856509035E-5
3,29;186;225,8.619283966135407E-5
3,103;145;689,8.614406471238761E-5
3,97;309;583,-8.613366309621121E-5
3,70;517;964,-8.605176082192078E-5
3,179;384;973,8.595539038233506E-5
3,712;735;767,-8.595196318703724E-5
3,160;708;813,-8.589214592054839E-5
3,608;742;797,-8.585080903637369E-5
3,509;678;762,-8.58338132171369E-5
3,75;203;253,-8.580413139043469E-5
3,291;319;340,-8.58009573737589E-5
3,434;501;788,-8.579504878332867E-5
3,35;334;781,8.571242705052413E-5
3,35;675;892,-8.569033769625853E-5
3,257;568;649,8.568528102748835E-5
3,33;68;629,8.566538167287209E-5
3,823;839;968,-8.562611850775226E-5
3,562;820;825,-8.562306132544615E-5
3,94;348;647,8.559036830369569E-5
3,536;880;971,8.557212743073258E-5
3,381;536;609,8.553414111917126E-5
3,218;431;730,-8.531777160411758E-5
3,408;870;920,8.522135852288739E-5
3,51;142;556,8.502376945451982E-5
3,147;169;523,-8.497885472897401E-5
3,446;456;731,8.494485996112403E-5
3,8;523;994,-8.491694978671398E-5
3,149;285;438,-8.489719612976743E-5
3,263;549;784,-8.489389724339245E-5
3,336;604;867,8.482007402399613E-5
3,102;666;728,8.479310857912854E-5
3,298;651;719,-8.474967832248967E-5
3,321;434;916,-8.473977543036002E-5
3,148;590;898,8.469268776648594E-5
3,383;649;881,-8.439203257183812E-5
3,290;339;917,-8.438967274692685E-5
3,406;480;618,-8.432084091168797E-5
3,60;353;482,8.431695944671241E-5
3,107;527;551,8.42812316442997E-5
3,225;663;701,8.427319543892656E-5
3,188;499;986,-8.426044310747196E-5
3,25;77;558,8.417907536902064E-5
3,122;505;740,8.416102081872415E-5
3,182;381;967,-8.414868828575961E-5
3,295;477;836,-8.405848565420491E-5
3,94;451;731,-8.400989517768873E-5
3,639;642;992,-8.39941628277578E-5
3,231;445;479,-8.397666942478329E-5
3,28;128;818,8.386076102784007E-5
3,385;395;788,8.383316155806496E-5
3,5;348;875,8.381656763347986E-5
3,329;460;822,-8.371505201364131E-5
3,82;584;828,-8.369922305578806E-5
3,33;156;885,-8.369092864813713E-5
3,69;256;473,8.361322606688751E-5
3,32;684;912,-8.358319085277663E-5
3,509;678;829,8.356934624809527E-5
3,237;267;790,-8.354567497707235E-5
3,94;647;958,-8.345489294363917E-5
3,278;553;735,8.339615505711937E-5
3,750;925;934,-8.336261781089277E-5
3,80;425;558,8.332982717035725E-5
3,81;675;971,-8.330451011567785E-5
3,223;293;763,8.328558541546285E-5
3,113;437;590,-8.327601023819112E-5
3,121;634;749,8.327273579007416E-5
3,76;85;467,-8.325806102301151E-5
3,34;162;681,-8.325168382094423E-5
3,615;715;890,-8.324288936068286E-5
3,118;291;319,8.322478604094342E-5
3,38;647;849,8.317476607181352E-5
3,117;827;925,8.314116619039133E-5
3,53;687;770,8.312897056804116E-5
3,586;900;968,8.309653259326752E-5
3,414;631;946,-8.308511396685358E-5
3,89;281;988,8.296510098755244E-5
3,258;539;714,8.29069754972567E-5
3,278;476;883,-8.289880651332432E-5
3,107;673;770,-8.284896489884385E-5
3,118;464;846,-8.280935423537854E-5
3,676;785;913,8.279466142742164E-5
3,69;256;299,-8.275432114473636E-5
3,314;730;884,-8.273777678869452E-5
3,416;719;791,8.268838473646795E-5
3,103;472;655,-8.268333436123815E-5
3,272;718;758,-8.261966812276778E-5
3,502;533;847,-8.257564072626892E-5
3,64;436;729,-8.256612169303194E-5
3,31;49;424,8.254639138855888E-5
3,25;268;639,-8.25349475708356E-5
3,388;589;908,8.253227327046701E-5
3,29;184;339,-8.252278327203913E-5
3,279;515;611,8.246484467740495E-5
3,237;238;337,-8.24512729847259E-5
3,39;368;600,8.243934964369493E-5
3,204;769;910,8.22981713874972E-5
3,739;828;845,-8.224058185344394E-5
3,22;179;260,-8.220938262649915E-5
3,283;408;644,8.219945303432543E-5
3,225;338;844,-8.218104167645843E-5
3,154;650;940,-8.215270576427292E-5
3,44;95;207,-8.210505181963973E-5
3,525;642;939,-8.209633842935893E-5
3,85;550;657,-8.207432390194231E-5
3,318;339;578,-8.201723659852922E-5
3,341;599;709,-8.197920118769677E-5
3,326;744;765,-8.196410785226373E-5
3,38;196;608,-8.195670765466748E-5
3,73;458;944,-8.18841205190525E-5
3,75;392;951,8.184963100732371E-5
3,322;677;993,8.183563995197885E-5
3,152;533;925,-8.182095303588975E-5
3,34;276;520,-8.180139292447242E-5
3,118;319;340,8.178008516990145E-5
3,69;380;977,8.175349340108143E-5
3,230;489;944,8.175051418197836E-5
3,421;668;816,8.174670259306009E-5
3,20;77;625,-8.174546853106157E-5
3,90;277;823,8.174458267464043E-5
3,47;596;671,-8.174300533088332E-5
3,121;834;888,8.162261880053509E-5
3,66;621;881,-8.159693624755856E-5
3,175;732;869,-8.146839059381828E-5
3,423;596;661,8.137686216101953E-5
3,0;427;442,-8.125123785458554E-5
3,22;237;887,-8.123693227016777E-5
3,187;407;643,-8.123504734585886E-5
3,337;367;546,8.119402069888932E-5
3,140;682;879,8.110351923821751E-5
3,505;655;676,-8.106503302566015E-5
3,4;612;972,-8.101331416651926E-5
3,264;548;815,8.100825416409066E-5
3,4;140;307,-8.089067072023154E-5
3,182;626;946,-8.0854149236568E-5
3,152;237;410,8.077722659926788E-5
3,547;550;669,-8.069286057598689E-5
3,61;132;513,-8.063479829798295E-5
3,367;960;964,8.062949956648599E-5
3,8;58;148,-8.060792950439711E-5
3,52;616;641,8.056610250933383E-5
3,233;824;979,-8.051274118065918E-5
3,11;76;379,-8.046878351145093E-5
3,83;815;919,-8.046528657920954E-5
3,59;135;766,-8.038570301818393E-5
3,77;125;662,8.036868785584467E-5
3,413;427;448,-8.036754321724485E-5
3,533;759;885,-8.035860462611004E-5
3,640;806;905,-8.033913106028127E-5
3,38;209;956,-8.031407517478242E-5
3,14;172;325,8.024210747222969E-5
3,293;312;476,8.021812661085576E-5
3,556;611;740,-8.021537183004605E-5
3,244;666;944,8.019880511081431E-5
3,370;859;911,-8.007422973480357E-5
3,243;705;938,7.995293266967246E-5
3,384;520;541,-7.99204058870934E-5
3,225;844;962,7.986569119778176E-5
3,110;471;729,-7.981704889951211E-5
3,482;654;681,-7.978832503166916E-5
3,64;163;686,-7.975263391028049E-5
3,10;148;511,-7.971175433097515E-5
3,225;338;962,-7.965813886715354E-5
3,93;744;820,-7.964357739160033E-5
3,72;383;881,7.959478119108126E-5
3,174;514;800,7.941926148706574E-5
3,160;232;813,-7.939592912001906E-5
3,71;171;739,-7.933400058472229E-5
3,248;546;736,7.933346418586463E-5
3,50;158;744,7.931926342856479E-5
3,321;650;959,7.931910299444178E-5
3,293;864;923,-7.930453121069827E-5
3,737;801;853,7.92746793520353E-5
3,370;662;977,7.92212860398203E-5
3,311;383;508,-7.918540602754365E-5
3,88;205;271,7.916605036175899E-5
3,134;385;976,-7.915964767745334E-5
3,58;227;508,7.892955652211661E-5
3,63;118;603,7.885724202370288E-5
3,468;723;822,7.884611183730714E-5
3,523;926;965,7.883730508830249E-5
3,359;700;780,-7.882907263649697E-5
3,585;695;728,7.882789788302758E-5
3,54;605;717,7.869402700950856E-5
3,153;409;742,-7.862936095427219E-5
3,187;333;520,7.86115671622615E-5
3,501;620;788,-7.858391842921514E-5
3,76;91;181,-7.853884912029922E-5
3,331;744;879,-7.851850268721921E-5
3,206;426;719,-7.851000943890377E-5
3,93;410;838,7.850301883069754E-5
3,14;533;885,7.850286237474213E-5
3,220;258;678,-7.845948628374334E-5
3,303;410;688,-7.843624867136825E-5
3,120;166;834,-7.835363347781701E-5
3,414;864;871,7.830586893268046E-5
3,126;222;848,7.829016494117108E-5
3,676;930;971,-7.827416567937491E-5
3,610;752;778,7.817413618670592E-5
3,277;580;708,7.814849223013809E-5
3,588;885;979,7.811151882787653E-5
3,190;581;942,-7.810934855146615E-5
3,238;285;983,7.808384338524801E-5
3,114;212;328,7.802173504681559E-5
3,317;344;384,7.800637028899574E-5
3,175;520;910,7.798230603042833E-5
3,35;176;485,7.792676277381559E-5
3,417;715;795,7.786335325994806E-5
3,166;194;901,7.782218657340426E-5
3,199;209;241,-7.776258415462152E-5
3,438;715;795,-7.771796291336667E-5
3,225;412;701,-7.766872232783547E-5
3,155;279;656,7.761970110200095E-5
3,135;366;440,7.75558917169777E-5
3,45;106;395,7.755345179203474E-5
3,459;744;817,-7.754065156438393E-5
3,122;132;513,7.72641747737537E-5
3,110;146;221,-7.716023538069356E-5
3,210;396;397,-7.715808970310487E-5
3,464;519;839,-7.710737084809418E-5
3,373;735;919,-7.709568732390216E-5
3,217;421;776,7.708812302473866E-5
3,331;666;763,7.70665843265429E-5
3,338;844;962,7.706067994783714E-5
3,86;285;653,-7.699794104046632E-5
3,656;666;891,7.690031345148487E-5
3,26;151;630,7.684725042769985E-5
3,170;705;788,7.679261827387338E-5
3,559;762;914,7.678012851003572E-5
3,285;789;983,-7.677842275344625E-5
3,646;817;869,7.676791573276846E-5
3,173;407;964,7.673476602020107E-5
3,28;212;818,7.661427229752763E-5
3,267;514;832,-7.642620245951476E-5
3,192;585;943,7.640827619423124E-5
3,112;580;799,-7.638399700425891E-5
3,517;710;921,-7.636961770471568E-5
3,143;453;687,-7.636430073270369E-5
3,59;584;778,-7.63550029126151E-5
3,319;431;724,7.628994296278052E-5
3,234;557;578,7.628361275425858E-5
3,4;407;972,-7.628353553030953E-5
3,14;152;388,7.62737797196701E-5
3,147;523;920,-7.624364527864762E-5
3,254;378;605,-7.620595802334274E-5
3,181;320;664,7.617744792717476E-5
3,675;892;998,-7.611558169233994E-5
3,137;593;947,-7.608833547267344E-5
3,624;662;842,7.597281863364921E-5
3,132;218;431,-7.596594273166043E-5
3,67;642;992,-7.595824831309404E-5
3,222;672;693,-7.594760140218308E-5
3,417;438;715,7.588076424745436E-5
3,413;446;881,7.573508114812582E-5
3,399;476;984,7.567907840193791E-5
3,529;738;958,7.55236119282316E-5
3,43;568;634,7.551891019942384E-5
3,112;183;562,-7.549905633861047E-5
3,407;686;815,7.549692485830138E-5
3,264;542;840,-7.541328039468514E-5
3,247;290;338,-7.538307512408612E-5
3,424;570;767,7.537301223588785E-5
3,204;505;769,-7.536309286038059E-5
3,53;529;687,-7.528495046873172E-5
3,640;851;970,7.521814307759442E-5
3,383;537;564,-7.521028737348165E-5
3,668;681;965,-7.51477074052963E-5
3,59;439;947,7.510619989741996E-5
3,196;407;815,-7.503428696649069E-5
3,325;476;984,7.503237143578584E-5
3,3;315;457,7.501244947472666E-5
3,358;588;764,7.486832786438864E-5
3,274;708;779,-7.48464311843484E-5
3,409;742;897,7.483395108568961E-5
3,406;497;944,-7.481089589989977E-5
3,386;498;542,-7.479058361816254E-5
3,181;353;592,-7.472250460808064E-5
3,282;531;931,-7.467974147334067E-5
3,120;140;207,7.46723992514507E-5
3,264;439;548,7.44290388162831E-5
3,32;232;249,7.440648218846775E-5
3,447;453;572,7.435426421770643E-5
3,85;767;947,7.434862219501326E-5
3,302;372;494,7.433898921095517E-5
3,925;934;969,7.41082545937814E-5
3,56;135;825,7.400674677641909E-5
3,504;692;779,7.400468276341387E-5
3,110;502;716,-7.391402895500368E-5
3,279;877;927,7.386742546912167E-5
3,13;688;816,-7.382413219806211E-5
3,134;446;976,7.378762863921295E-5
3,4;407;612,7.377043618675996E-5
3,358;874;892,7.375014878493375E-5
3,86;170;356,-7.374983728639114E-5
3,262;481;757,7.3711552337767E-5
3,200;250;449,-7.370643425931705E-5
3,678;762;829,-7.364481289795094E-5
3,137;436;786,-7.36325519141519E-5
3,5;256;271,7.359978510743186E-5
3,360;562;723,7.35601198550029E-5
3,48;867;883,-7.352652228665166E-5
3,502;533;833,-7.347390300574335E-5
3,40;380;429,7.346422628214332E-5
3,89;693;804,-7.340896113598041E-5
3,451;484;924,-7.340413162974217E-5
3,501;519;859,-7.335501507905997E-5
3,89;442;693,7.332873810354179E-5
3,227;258;539,7.328911666780677E-5
3,142;545;672,7.324907918302596E-5
3,803;842;903,7.324398399032336E-5
3,362;567;839,-7.323644299510997E-5
3,183;223;595,-7.312339808297027E-5
3,487;682;926,7.311824157655761E-5
3,324;687;743,-7.308611772111519E-5
3,534;583;655,-7.301452478006427E-5
3,53;395;462,7.2972974776764E-5
3,112;490;527,7.296927209404944E-5
3,233;326;744,-7.294435472265889E-5
3,37;92;971,7.292973867199676E-5
3,183;633;729,-7.288196999489126E-5
3,585;944;998,-7.275502531872944E-5
3,321;695;921,7.269239843422261E-5
3,525;698;939,-7.268558092376905E-5
3,110;221;657,-7.25759119513778E-5
3,455;543;968,-7.254559713687129E-5
3,86;198;544,-7.249511116797232E-5
3,35;97;755,-7.248205403294397E-5
3,522;570;724,7.241572945080952E-5
3,289;632;741,-7.233465359872133E-5
3,398;595;974,7.232979762851329E-5
3,331;744;900,7.225856600991415E-5
3,161;505;947,-7.222780268471485E-5
3,319;492;724,7.220542438246074E-5
3,735;758;919,-7.219535746567174E-5
3,443;446;886,-7.218788933139892E-5
3,81;707;798,-7.213298187117412E-5
3,371;587;691,-7.212779278015753E-5
3,639;656;899,-7.203540427939594E-5
3,66;371;874,-7.20086370418057E-5
3,89;180;834,7.200613486463702E-5
3,116;361;390,-7.199107271758726E-5
3,168;220;907,-7.198795227463831E-5
3,148;784;898,-7.197939820924564E-5
3,100;206;973,-7.197287562723831E-5
3,163;290;367,-7.197280414291084E-5
3,617;683;719,7.195074683164428E-5
3,315;715;833,7.192346328627234E-5
3,510;537;879,7.189930819814533E-5
3,79;512;907,-7.182012341303894E-5
3,209;568;942,7.17493429787468E-5
3,213;482;567,7.17017999232585E-5
3,26;142;264,-7.167095276760193E-5
3,217;247;751,7.16567825488399E-5
3,65;100;119,7.164435281120619E-5
3,146;155;332,7.163745752793383E-5
3,64;377;760,7.16329826294417E-5
3,692;716;779,7.162480384743326E-5
3,76;91;925,-7.162326139856078E-5
3,426;719;939,7.159418618423996E-5
3,125;433;856,7.159370609245494E-5
3,27;277;791,7.158696500292116E-5
3,623;981;982,-7.155935847634129E-5
3,177;333;343,7.152442824505864E-5
3,625;631;981,-7.152305247567084E-5
3,114;362;762,7.151613020110941E-5
3,184;891;959,7.149337339969181E-5
3,10;541;922,7.144612409587273E-5
3,235;874;898,-7.141877997116788E-5
3,347;669;800,-7.139642886268562E-5
3,180;783;913,7.135839979116985E-5
3,223;500;618,7.135515463961667E-5
3,175;430;597,7.135222147282485E-5
3,110;362;729,-7.128863754392096E-5
3,221;460;689,7.128734319354735E-5
3,396;397;873,-7.122095395923947E-5
3,106;760;808,-7.121871988327109E-5
3,331;551;836,7.120968099427142E-5
3,52;272;641,-7.120937646814538E-5
3,97;309;700,-7.11411760007442E-5
3,32;60;986,-7.113777735836775E-5
3,494;602;725,7.110101698192298E-5
3,43;195;861,-7.107582067915891E-5
3,60;459;817,-7.099243389040069E-5
3,265;460;975,7.0954804937639E-5
3,61;468;948,-7.09166298531694E-5
3,217;528;776,-7.090149364909615E-5
3,556;789;878,-7.084928219065828E-5
3,450;862;911,7.080031835314891E-5
3,22;289;685,7.079106135600785E-5
3,278;565;611,-7.078572084415824E-5
3,146;718;784,-7.074166445889941E-5
3,117;751;815,-7.073947391534325E-5
3,163;225;363,-7.07278730739053E-5
3,81;124;569,7.072291826227284E-5
3,153;379;786,7.07119140576301E-5
3,157;186;683,7.056079689258204E-5
3,55;340;894,7.050843810255258E-5
3,185;362;678,-7.047616129835132E-5
3,37;275;418,-7.042190072680148E-5
3,323;603;750,-7.03870259415007E-5
3,76;202;647,7.038029437232239E-5
3,513;906;962,7.028640752065833E-5
3,54;396;512,7.023701214005219E-5
3,84;466;523,7.018674212048463E-5
3,122;505;882,7.017768791997892E-5
3,367;582;838,7.01558575356439E-5
3,193;884;963,-7.014373786423761E-5
3,112;192;659,7.009971453275438E-5
3,196;533;753,-7.007673374595784E-5
3,26;423;661,6.998780591307557E-5
3,158;319;949,6.997829328653937E-5
3,279;403;976,6.995300033265156E-5
3,110;224;731,-6.995005441500861E-5
3,90;712;735,-6.989484929014414E-5
3,516;779;980,-6.987346834235891E-5
3,370;719;791,6.982825318656141E-5
3,422;550;669,-6.979143697935125E-5
3,31;49;709,6.961531757011641E-5
3,266;373;751,-6.956099952871532E-5
3,526;928;966,6.954662872965809E-5
3,555;650;887,6.950540138701716E-5
3,125;482;772,-6.946647806684909E-5
3,13;214;930,-6.945590197594788E-5
3,177;261;999,-6.9453122497571E-5
3,391;463;467,-6.939921978758401E-5
3,166;473;834,-6.93798035449551E-5
3,102;569;900,6.937014325445304E-5
3,74;596;686,6.935582461363917E-5
3,406;444;929,-6.932789486081348E-5
3,281;347;607,6.914906685771923E-5
3,136;353;399,-6.904415125514361E-5
3,22;211;580,-6.902431232086617E-5
3,181;644;801,6.894421954229715E-5
3,150;390;982,-6.893384544216865E-5
3,605;610;717,6.892962569145678E-5
3,400;851;923,6.888161399580322E-5
3,4;307;686,-6.88687385151609E-5
3,409;662;922,-6.880094107372812E-5
3,11;183;633,6.880057502680537E-5
3,549;794;981,-6.87752737194132E-5
3,53;529;770,6.870400585807421E-5
3,516;644;801,-6.86460349916172E-5
3,138;141;441,6.864359058326923E-5
3,209;568;935,6.858711162489062E-5
3,165;557;863,6.858183190384898E-5
3,155;328;768,6.856323544122167E-5
3,802;892;977,6.854309571596254E-5
3,715;833;850,6.853765288739908E-5
3,29;153;905,-6.852795398141214E-5
3,4;59;128,6.851716377666504E-5
3,362;678;966,-6.851604151831664E-5
3,20;126;361,6.851549388745513E-5
3,308;348;875,6.850054235306476E-5
3,312;494;857,-6.848793964194633E-5
3,424;570;737,-6.846306527842458E-5
3,19;288;747,-6.840336665320543E-5
3,36;555;630,6.837424131419236E-5
3,86;356;788,-6.834601527559894E-5
3,118;269;464,-6.834470912016905E-5
3,308;349;561,-6.826211671321753E-5
3,127;202;512,-6.823591671678283E-5
3,27;99;662,6.823383204661249E-5
3,16;70;517,-6.821565019808348E-5
3,523;751;815,6.815282875268141E-5
3,197;666;760,-6.801619271311097E-5
3,206;369;748,6.796036570980493E-5
3,624;826;903,-6.795445390887435E-5
3,554;582;714,-6.791384633138273E-5
3,36;650;788,-6.790439128557063E-5
3,265;460;880,6.78885311080158E-5
3,136;490;937,6.787303024340075E-5
3,84;312;857,-6.786522792477458E-5
3,178;769;930,-6.784303004185263E-5
3,185;755;878,6.78391295059865E-5
3,161;506;990,6.781055089301133E-5
3,517;570;724,-6.780935874636354E-5
3,290;404;917,6.774733858004745E-5
3,28;128;212,-6.773304798704672E-5
3,11;677;822,-6.77068144603712E-5
3,12;553;976,6.770657360346646E-5
3,364;454;609,-6.768792679910569E-5
3,175;430;483,-6.767770248083921E-5
3,87;146;155,6.759359832027398E-5
3,267;514;928,6.757110026473946E-5
3,178;283;408,-6.755480575704031E-5
3,39;445;535,6.753228731895508E-5
3,317;344;955,6.753114561457121E-5
3,199;603;750,-6.743626482333565E-5
3,182;437;725,6.741362292097961E-5
3,86;461;576,-6.738646286889483E-5
3,275;678;773,6.736937894204945E-5
3,592;845;919,6.736621637942466E-5
3,367;838;868,6.730530824792775E-5
3,4;445;712,-6.727864014034593E-5
3,510;592;879,-6.724841234317441E-5
3,74;866;935,6.722967675298948E-5
3,234;503;813,-6.722045483339282E-5
3,20;203;361,6.720911641077649E-5
3,432;476;692,-6.714965135717819E-5
3,416;689;699,-6.703299751177075E-5
3,277;336;648,-6.695136266425036E-5
3,179;384;503,6.688517743300304E-5
3,774;779;831,6.686090297666636E-5
3,412;807;934,-6.683544263086925E-5
3,5;72;170,6.674976243781924E-5
3,104;160;288,-6.67227212342631E-5
3,11;633;729,6.668493457197602E-5
3,51;125;662,-6.667789043331618E-5
3,61;603;948,6.667749808348988E-5
3,432;510;651,-6.667747564332027E-5
3,445;469;479,-6.667477125413593E-5
3,219;472;737,6.664405589969563E-5
3,28;493;618,6.660805621598068E-5
3,510;668;681,-6.65881777947278E-5
3,160;474;674,6.654457123431051E-5
3,460;880;975,-6.653429821600001E-5
3,53;286;395,-6.642794704419656E-5
3,507;556;860,6.640465330484815E-5
3,38;437;546,-6.639623993555125E-5
3,515;591;659,-6.638800912283157E-5
3,254;307;718,-6.628602567149505E-5
3,376;464;519,-6.621881869581442E-5
3,225;370;662,-6.617414720265109E-5
3,404;625;941,6.616222095662159E-5
3,139;148;544,-6.608520417363887E-5
3,556;704;878,6.606445337138225E-5
3,210;471;950,-6.606260378451573E-5
3,168;325;947,-6.605392302003993E-5
3,49;149;832,6.595525651467543E-5
3,206;666;728,-6.595360315200147E-5
3,36;391;467,-6.59303907042069E-5
3,26;819;968,-6.592581701259834E-5
3,158;289;632,-6.59215914689652E-5
3,411;797;919,6.59076437777158E-5
3,167;859;904,-6.589321562694497E-5
3,245;398;532,-6.585952363546343E-5
3,102;342;765,-6.577487365123821E-5
3,25;747;962,6.571139455151006E-5
3,293;563;884,6.569504605891643E-5
3,504;588;991,-6.568034441842952E-5
3,614;690;697,6.558782427489996E-5
3,335;358;418,-6.557803078464466E-5
3,507;651;764,6.555696953063036E-5
3,206;509;714,6.548492344622675E-5
3,401;488;845,6.54191532454955E-5
3,307;852;876,6.537441697327283E-5
3,101;661;897,-6.534587295920417E-5
3,49;356;785,-6.533592968489981E-5
3,87;217;303,6.530486726793833E-5
3,178;283;644,6.529696411492024E-5
3,359;780;870,-6.523475169360113E-5
3,88;428;445,6.5230595212826E-5
3,487;699;745,6.52128391172054E-5
3,452;874;946,-6.518863741558346E-5
3,295;441;477,-6.517769423800968E-5
3,142;276;646,-6.509885253220788E-5
3,92;378;971,6.508876045557146E-5
3,73;671;944,6.50807543843308E-5
3,22;217;247,6.50467031983056E-5
3,358;729;831,6.499806605064946E-5
3,37;378;971,-6.498221412578123E-5
3,55;112;493,-6.495342042942779E-5
3,110;410;935,6.49033206516261E-5
3,76;413;970,-6.489377520226775E-5
3,265;880;975,6.489132646377043E-5
3,572;728;913,6.486976163620928E-5
3,463;742;797,-6.479921336083036E-5
3,168;361;711,6.471471827767618E-5
3,412;639;656,-6.47047667939297E-5
3,73;759;768,-6.465171071097006E-5
3,711;915;986,-6.464901108003488E-5
3,136;209;740,-6.464335788514125E-5
3,172;325;744,-6.462402180054807E-5
3,199;461;576,-6.461511110765552E-5
3,83;361;390,-6.458807284284743E-5
3,107;206;752,-6.452126916508857E-5
3,25;77;246,-6.445331323914091E-5
3,340;349;894,6.441544473411393E-5
3,180;421;512,6.435601542034872E-5
3,9;336;479,6.433173621330057E-5
3,316;817;869,6.426687500737097E-5
3,89;336;834,-6.422787724037555E-5
3,252;557;863,6.422723050075448E-5
3,268;498;527,-6.421089403441701E-5
3,18;381;536,6.411707812520267E-5
3,552;741;908,-6.411166918792602E-5
3,187;259;308,-6.411100106240053E-5
3,129;696;904,-6.409603122736155E-5
3,293;312;439,6.40352320115633E-5
3,225;311;743,6.400491487953992E-5
3,84;264;548,-6.39951050769853E-5
3,84;329;523,6.397585572515818E-5
3,42;443;727,6.397483458011839E-5
3,4;225;743,6.397340757407069E-5
3,665;687;875,6.396684597446064E-5
3,331;679;864,-6.390320928813534E-5
3,86;199;576,-6.384073329745815E-5
3,307;876;894,-6.382721667738672E-5
3,139;861;871,6.37874158403897E-5
3,486;494;602,6.374751834513331E-5
3,456;583;904,6.374501871893784E-5
3,852;876;894,-6.36592084072461E-5
3,56;791;825,6.36142831283141E-5
3,500;594;910,6.360504175525916E-5
3,129;319;772,6.358569394500624E-5
3,52;306;426,6.357121895200283E-5
3,11;194;822,-6.356651920383427E-5
3,18;369;588,6.350653202317763E-5
3,481;825;965,6.346005141012714E-5
3,27;612;791,-6.342903468428732E-5
3,453;705;788,6.332517629852804E-5
3,43;160;818,6.330058348193258E-5
3,312;439;476,-6.325766715257725E-5
3,291;312;796,-6.324130127162452E-5
3,69;128;171,-6.323860535632664E-5
3,648;818;832,6.323819328818118E-5
3,142;154;189,6.323796449634561E-5
3,648;748;818,6.316377110733721E-5
3,52;820;837,-6.313089665310432E-5
3,200;389;932,-6.312643191580635E-5
3,116;611;789,6.310634118373608E-5
3,153;866;993,-6.310135107045423E-5
3,15;824;949,6.308296727690002E-5
3,295;504;588,6.308273326485106E-5
3,210;864;950,-6.298251694584753E-5
3,146;149;576,-6.297052154778128E-5
3,414;682;879,-6.295913821083211E-5
3,597;614;697,6.295885109475922E-5
3,196;407;686,6.294499314974472E-5
3,382;470;572,6.288539870145338E-5
3,163;299;367,6.286163205013916E-5
3,366;385;450,-6.284513888991522E-5
3,212;679;981,6.284023403150904E-5
3,83;116;390,-6.280992635818103E-5
3,129;790;930,6.27144252818853E-5
3,166;191;317,6.268102148759986E-5
3,83;116;361,-6.265225779102707E-5
3,65;92;777,-6.262434924353255E-5
3,30;105;961,6.260747371395967E-5
3,36;534;936,-6.257887975368547E-5
3,208;749;779,-6.254820396800523E-5
3,316;625;733,-6.253379318364094E-5
3,174;265;439,6.246304097789319E-5
3,8;155;656,6.242514608301407E-5
3,870;920;984,6.236024848776497E-5
3,431;487;538,-6.233101671894423E-5
3,319;583;911,6.231065390306024E-5
3,112;414;799,6.230767043599453E-5
3,435;742;883,6.229089947112423E-5
3,462;486;968,-6.22908921499038E-5
3,163;200;232,6.228601384506261E-5
3,306;374;426,-6.22151271856757E-5
3,72;128;172,6.220989578680048E-5
3,91;120;985,-6.217860822897504E-5
3,471;864;950,6.21539214589236E-5
3,357;515;853,6.204441435285563E-5
3,309;455;881,-6.20431302236088E-5
3,168;457;947,-6.199822156544057E-5
3,256;271;864,-6.199151557526013E-5
3,114;328;709,6.194054745674187E-5
3,378;661;876,-6.188827309900873E-5
3,111;187;407,-6.186845317524407E-5
3,8;279;656,-6.180922663216088E-5
3,213;542;668,6.175144702752319E-5
3,422;547;550,6.174779165644265E-5
3,411;777;919,-6.171283761775735E-5
3,552;642;731,6.168603379319858E-5
3,204;437;716,-6.167633823731397E-5
3,229;614;971,6.167014327183546E-5
3,443;446;456,-6.165348011568786E-5
3,486;602;725,-6.162997255658623E-5
3,48;452;883,-6.158597109501041E-5
3,213;253;567,-6.1524640640463E-5
3,62;92;777,-6.151617171720209E-5
3,47;767;861,-6.150219062524436E-5
3,34;162;727,-6.147058592992884E-5
3,108;529;958,-6.144211268540362E-5
3,385;594;910,-6.14102279854019E-5
3,75;166;640,-6.13470579557836E-5
3,683;734;735,6.134394842513719E-5
3,218;486;968,6.130724853414215E-5
3,73;458;671,-6.129501693143869E-5
3,298;349;651,6.127687158059898E-5
3,358;686;764,-6.12108913870986E-5
3,80;558;827,-6.120116655366893E-5
3,110;716;967,-6.12010351397248E-5
3,18;278;961,6.114933518061165E-5
3,135;382;592,-6.112352280418165E-5
3,383;564;989,6.109970662978441E-5
3,174;439;459,6.105912102800951E-5
3,198;900;988,6.1007810130783076E-5
3,758;926;944,6.098586243322502E-5
3,118;172;315,6.094923304940119E-5
3,78;81;597,6.0946247163713665E-5
3,128;171;825,-6.091063411607052E-5
3,18;536;609,-6.0889813504724324E-5
3,308;662;666,6.087612993102771E-5
3,533;833;847,-6.0874152316514436E-5
3,465;926;944,-6.083720392514687E-5
3,132;484;633,6.0837163494965776E-5
3,335;682;907,-6.0770191195508274E-5
3,631;666;824,6.076417464466919E-5
3,25;333;343,-6.069239001584309E-5
3,509;588;778,6.0618148908938546E-5
3,154;636;901,6.06119338281152E-5
3,272;514;718,-6.047624669367407E-5
3,232;516;762,-6.037769805749491E-5
3,531;582;931,6.030231857428447E-5
3,8;102;622,6.0265927632816054E-5
3,147;343;628,-6.020183665753579E-5
3,139;448;544,-6.019189790058701E-5
3,501;519;692,-6.01521249694274E-5
3,183;420;811,-6.0074516745364226E-5
3,233;391;824,-6.005518618923348E-5
3,121;834;868,6.0044615277373345E-5
3,186;790;881,-6.004120169195963E-5
3,166;194;881,-6.0037623872354325E-5
3,585;706;944,-6.002888792143558E-5
3,60;744;817,-6.0024267017513E-5
3,548;591;863,5.997525926699531E-5
3,154;636;895,-5.995553731104931E-5
3,79;148;511,-5.995467742801946E-5
3,253;482;567,5.9906846462220316E-5
3,705;799;938,-5.9894032444112175E-5
3,227;508;622,-5.987651582328886E-5
3,280;795;987,-5.987387789569528E-5
3,188;211;620,-5.9803624731982444E-5
3,635;683;715,5.980162772437431E-5
3,382;837;891,5.973870337481976E-5
3,26;423;596,5.972364383660368E-5
3,131;194;393,-5.9692054565739185E-5
3,508;550;579,5.968800938838273E-5
3,173;279;403,-5.96873433279564E-5
3,9;747;971,-5.967985956424678E-5
3,200;250;459,-5.966924133411966E-5
3,241;860;900,5.9618795487439996E-5
3,33;314;629,-5.9576663277707165E-5
3,493;787;834,5.952332369852903E-5
3,204;306;456,-5.95153975058042E-5
3,443;584;886,5.944940995501757E-5
3,81;469;569,-5.9379944381612775E-5
3,831;867;870,5.934594101422965E-5
3,342;424;632,5.932766045651284E-5
3,26;400;819,5.927911335396051E-5
3,49;762;911,5.927701248918329E-5
3,376;519;839,-5.922251295755425E-5
3,336;361;604,-5.9179940651412906E-5
3,435;707;871,5.9179108662222514E-5
3,66;380;429,5.914007243600352E-5
3,129;516;904,5.9091653536291775E-5
3,70;135;688,-5.902510199553404E-5
3,52;655;820,5.898001409739985E-5
3,509;714;843,-5.8968451263104035E-5
3,113;245;841,5.894075482426007E-5
3,471;530;949,-5.8879009495357344E-5
3,90;362;699,5.887287714066187E-5
3,290;707;830,-5.88604926899024E-5
3,106;242;332,5.8841756950390736E-5
3,58;426;814,5.873980820143937E-5
3,315;528;712,-5.873681699195924E-5
3,220;642;932,5.8721196523189475E-5
3,210;536;880,5.867797675032908E-5
3,321;385;395,5.866640824099125E-5
3,529;687;770,-5.851760277135983E-5
3,20;716;746,-5.849852544454721E-5
3,65;100;606,5.8436445692972336E-5
3,142;773;805,5.8396125398099715E-5
3,316;665;840,5.838624949721606E-5
3,452;867;883,5.8289517552475666E-5
3,112;484;562,5.824704194567987E-5
3,234;360;562,-5.824466984924475E-5
3,757;798;824,-5.824331142010917E-5
3,36;630;683,-5.8227087106412364E-5
3,60;525;725,5.8224017811231836E-5
3,104;264;542,-5.8138610419541104E-5
3,613;665;840,5.812567091284761E-5
3,195;385;582,5.8083376194526864E-5
3,315;694;712,5.800634043701099E-5
3,435;742;946,5.795830097758192E-5
3,4;282;817,-5.793980634268821E-5
3,61;122;513,5.791510000643457E-5
3,186;735;871,-5.788721076328701E-5
3,656;792;999,-5.783322900236949E-5
3,112;252;823,-5.781513674407264E-5
3,505;740;882,5.7775704355328906E-5
3,259;356;887,5.7732372588707075E-5
3,225;363;500,5.7726871267589585E-5
3,315;514;788,-5.7700206399538926E-5
3,3;331;430,-5.768368572080715E-5
3,224;714;799,5.7682553541885256E-5
3,342;550;681,-5.767728202838592E-5
3,93;141;820,-5.766919249455361E-5
3,361;765;893,-5.758768535460527E-5
3,143;453;574,5.75850160290244E-5
3,71;591;981,5.758427007028799E-5
3,228;527;552,5.741533399196506E-5
3,528;694;712,-5.7403572280996354E-5
3,30;482;667,-5.7395934964286346E-5
3,192;344;943,5.7386856771717845E-5
3,61;117;827,-5.7371975067953114E-5
3,27;277;612,5.7363986993960085E-5
3,639;675;973,-5.7349208815406646E-5
3,222;450;672,-5.73370481650931E-5
3,486;690;817,5.733440797725429E-5
3,706;944;998,-5.731845232782693E-5
3,39;829;854,5.729111635968106E-5
3,287;453;998,5.720301926640554E-5
3,593;615;809,-5.717074022868783E-5
3,62;625;801,-5.71635450929925E-5
3,446;683;719,5.714342258058269E-5
3,300;593;809,5.7124853075006655E-5
3,120;166;473,5.712166391338531E-5
3,208;650;887,-5.71143118450826E-5
3,496;598;742,-5.70646431676045E-5
3,585;706;998,5.7062470510595454E-5
3,455;912;968,-5.7040350468235477E-5
3,36;375;788,-5.698554420799506E-5
3,163;232;747,-5.69636686252178E-5
3,100;618;694,5.69483742229979E-5
3,91;181;925,5.6940896818083216E-5
3,580;708;753,5.688454327364095E-5
3,230;286;957,5.6861384500477115E-5
3,241;533;795,-5.685524969571231E-5
3,8;155;279,-5.6847228267203655E-5
3,199;241;565,-5.6822775612995825E-5
3,203;484;924,5.681028251588752E-5
3,167;251;696,5.678240355648902E-5
3,59;128;944,5.673831523683074E-5
3,76;379;427,5.670847535834609E-5
3,107;752;869,5.668979115903892E-5
3,575;601;734,-5.6678775402145326E-5
3,315;467;481,5.66145651928492E-5
3,127;130;512,-5.655326035788326E-5
3,79;621;692,-5.655083823765974E-5
3,52;263;549,5.651202393259656E-5
3,103;655;818,-5.649672700777358E-5
3,153;553;700,5.647490055315453E-5
3,481;803;998,-5.6450947581159734E-5
3,250;449;459,-5.6363626773884484E-5
3,202;576;647,5.6358356725904083E-5
3,39;368;506,5.6291793423909046E-5
3,154;500;541,5.6248054643168E-5
3,41;437;716,5.620271252364191E-5
3,175;252;910,5.6187110141384703E-5
3,297;468;616,-5.612216623336628E-5
3,101;311;952,-5.611813025449132E-5
3,819;865;931,-5.608307048671223E-5
3,534;583;962,-5.6062600786235024E-5
3,7;350;889,5.6048972764372786E-5
3,287;676;930,5.6016063863120576E-5
3,233;384;541,5.6010209293507046E-5
3,460;641;689,5.599948994038958E-5
3,465;678;700,-5.596285972607525E-5
3,446;584;886,-5.593565304649709E-5
3,151;456;805,5.5899961215071915E-5
3,69;682;907,5.5895492648689014E-5
3,825;867;870,5.583629774405588E-5
3,319;431;492,-5.582756553122964E-5
3,183;306;367,-5.5772806057419176E-5
3,39;791;829,-5.574867215800711E-5
3,636;895;901,5.568466699385204E-5
3,454;564;914,-5.565356674800541E-5
3,190;435;871,5.56447219248766E-5
3,398;504;589,-5.5620137002266844E-5
3,21;176;279,-5.559973943594821E-5
3,42;198;209,-5.5445642897995706E-5
3,76;481;757,5.543033648876819E-5
3,182;695;967,-5.5424559081084586E-5
3,210;880;971,-5.5417378903013716E-5
3,245;838;854,5.5414353951458626E-5
3,777;797;919,-5.541234918925135E-5
3,382;470;709,-5.538952139229988E-5
3,55;340;349,-5.533279124750561E-5
3,327;892;977,-5.529633707976141E-5
3,625;635;956,5.527107600013942E-5
3,41;321;364,-5.522723521116331E-5
3,10;37;679,-5.5148094177295256E-5
3,564;750;847,5.5130668881917616E-5
3,391;639;887,5.513060466845919E-5
3,80;241;360,-5.5126960953036335E-5
3,637;875;918,5.5096555508878185E-5
3,49;617;728,-5.504623033241539E-5
3,50;144;922,5.5032771384333285E-5
3,180;198;421,-5.5015749960030425E-5
3,54;512;777,5.500584860101932E-5
3,530;574;703,5.492832815967073E-5
3,591;701;863,5.4905193251568885E-5
3,727;864;871,5.490323007525748E-5
3,196;313;753,5.4850091906506065E-5
3,6;117;254,5.477873401217613E-5
3,94;348;958,-5.47338922245936E-5
3,304;509;611,-5.4674327109908454E-5
3,103;182;719,-5.465133145635062E-5
3,185;678;966,-5.4600637568845855E-5
3,12;24;131,-5.457445137224865E-5
3,439;548;815,-5.455931765219531E-5
3,73;200;662,5.4513719352260455E-5
3,197;421;992,5.450318972545567E-5
3,30;187;356,5.43967644843722E-5
3,112;531;952,-5.436505684649337E-5
3,288;323;350,5.431788864187226E-5
3,374;396;402,-5.431262746253078E-5
3,124;680;809,5.4237647077558754E-5
3,103;191;965,-5.4233900850376535E-5
3,197;282;421,5.418121140889946E-5
3,67;639;992,-5.417435839474457E-5
3,60;353;746,5.415800162777026E-5
3,333;626;788,5.4089648954778726E-5
3,116;662;841,5.406212439875814E-5
3,93;366;440,5.405912661198723E-5
3,396;402;798,5.386601164775896E-5
3,2;73;759,-5.3837621969490735E-5
3,177;346;999,-5.3821732884587136E-5
3,375;650;788,5.365578451647322E-5
3,322;603;809,5.363528204843074E-5
3,321;364;558,5.3627436156636496E-5
3,491;633;949,-5.355309674461918E-5
3,601;654;681,5.351073328092597E-5
3,4;225;311,5.3510705291418456E-5
3,126;143;348,5.3482185019354256E-5
3,709;895;955,5.347166007812128E-5
3,281;528;876,5.34681746956995E-5
3,142;264;965,5.344261687315053E-5
3,303;433;688,-5.3423489542027785E-5
3,76;502;559,5.3400664721947973E-5
3,205;685;778,-5.3395052328192885E-5
3,227;687;875,5.3375778844385154E-5
3,203;451;924,-5.3375225107806984E-5
3,466;606;815,5.3346303217748924E-5
3,183;811;999,5.328998113145628E-5
3,11;315;457,-5.327571927984695E-5
3,325;457;947,-5.327390772401802E-5
3,73;527;664,5.3266773552683214E-5
3,262;510;602,5.3163923089136276E-5
3,266;439;743,-5.3141568680974915E-5
3,70;209;257,-5.308590146165923E-5
3,271;524;584,5.3039140803166664E-5
3,51;278;710,-5.300341552570211E-5
3,369;417;691,5.2969647183862905E-5
3,159;360;742,5.2966901026079764E-5
3,738;766;817,5.296250586919125E-5
3,347;440;800,5.293541751110972E-5
3,10;173;754,-5.292782857182297E-5
3,117;523;751,5.2927540526514095E-5
3,154;936;940,-5.2907212663289E-5
3,300;615;809,-5.2906342387910536E-5
3,42;724;789,5.289311268485131E-5
3,123;755;870,5.288234596984896E-5
3,17;193;884,5.2866826498925463E-5
3,570;683;735,-5.2854785491206264E-5
3,37;520;849,5.2820250820278974E-5
3,8;27;58,5.281867008760655E-5
3,183;323;351,5.2811278426590885E-5
3,301;341;747,-5.274188664985207E-5
3,258;511;573,-5.2687009331182595E-5
3,125;482;659,5.2605122074966206E-5
3,287;930;971,-5.260115119072192E-5
3,55;292;493,5.255209583805764E-5
3,68;354;969,5.255027189944427E-5
3,67;565;762,5.2507490235705855E-5
3,167;359;817,5.236365666047799E-5
3,238;554;641,5.236353017094142E-5
3,163;454;609,5.233192339375249E-5
3,14;168;382,-5.22916596564129E-5
3,307;718;896,5.228994283144631E-5
3,87;155;332,5.228545678263445E-5
3,551;747;971,-5.226384774325354E-5
3,482;659;772,5.2231304498804286E-5
3,113;508;579,5.221985035410182E-5
3,37;75;951,5.216504809392404E-5
3,73;662;795,-5.216168276293353E-5
3,25;639;916,-5.214625735108872E-5
3,524;582;735,5.2119151818252773E-5
3,82;584;678,5.209026240487406E-5
3,142;646;976,5.204139918953474E-5
3,554;711;867,5.202610323991072E-5
3,282;421;992,5.2014214442744764E-5
3,165;466;815,5.1993881967950605E-5
3,680;751;809,-5.197268278277756E-5
3,16;70;964,5.197201462322969E-5
3,57;724;937,5.1958958107015695E-5
3,143;379;675,5.1933836434313216E-5
3,329;438;932,5.188890671044451E-5
3,41;621;881,5.185671905780343E-5
3,500;624;826,5.184479265767096E-5
3,237;337;723,-5.182881268602236E-5
3,212;328;709,-5.178265191778269E-5
3,683;724;913,-5.177340689650326E-5
3,14;533;759,5.1690526299792885E-5
3,359;700;870,5.1612963081586384E-5
3,297;316;760,5.155895399976701E-5
3,525;651;725,5.150030212967411E-5
3,399;451;783,-5.146780894257603E-5
3,153;786;835,5.144026055734386E-5
3,608;668;816,-5.143323270756179E-5
3,218;462;968,5.1396721856695296E-5
3,192;344;585,-5.13824016589248E-5
3,62;534;612,-5.137386713808339E-5
3,619;773;897,5.136992338485935E-5
3,780;895;955,-5.1352026789614464E-5
3,274;779;899,5.134934027530954E-5
3,17;49;144,-5.130491747009835E-5
3,395;870;871,5.1280540174892484E-5
3,594;712;835,5.1255135205046496E-5
3,255;526;966,5.1219023601802586E-5
3,49;157;594,5.121870104211895E-5
3,43;255;818,-5.120091860937138E-5
3,182;342;719,-5.110147436191084E-5
3,62;284;425,5.109873148447212E-5
3,404;603;808,-5.1098544988396653E-5
3,126;348;971,-5.10402624261501E-5
3,620;649;875,-5.103070356680119E-5
3,83;699;749,5.1010186557293554E-5
3,12;24;706,5.0973890392434975E-5
3,95;547;568,-5.096382179117161E-5
3,313;533;753,-5.0950481172023285E-5
3,774;831;928,-5.094671379951428E-5
3,278;493;553,-5.0921042353526796E-5
3,167;859;911,5.0890605487442766E-5
3,154;541;775,-5.0851169611784956E-5
3,420;811;999,5.082201800568998E-5
3,406;444;580,5.081773723772007E-5
3,414;631;746,5.079587327702335E-5
3,479;678;773,5.0784669394305435E-5
3,12;395;870,5.074605489933859E-5
3,456;908;952,-5.0711157437592846E-5
3,127;128;443,-5.069002409062109E-5
3,163;363;500,5.0686605369224125E-5
3,745;955;963,5.0633056631940377E-5
3,170;321;921,-5.06236758599632E-5
3,282;582;931,-5.0595801167560414E-5
3,40;694;896,-5.057416535377366E-5
3,452;618;874,5.054233325027076E-5
3,650;817;997,-5.053896555136892E-5
3,148;383;508,-5.0507665191723375E-5
3,231;445;469,5.0484031751772645E-5
3,6;117;953,-5.048364023463827E-5
3,206;552;642,5.046838151203164E-5
3,242;368;892,5.045414932536874E-5
3,26;118;904,5.0449062791686724E-5
3,487;661;876,-5.043228976403355E-5
3,15;722;940,5.042053125634344E-5
3,146;221;657,5.0402149390674605E-5
3,110;502;967,5.039834462271655E-5
3,193;259;356,-5.039312152725276E-5
3,26;62;904,-5.037937718146533E-5
3,63;163;174,-5.03313147983807E-5
3,555;630;683,-5.031781416604487E-5
3,280;353;860,5.031025055735346E-5
3,495;936;978,-5.030622440757125E-5
3,6;394;571,-5.029308839033129E-5
3,69;794;835,-5.028981658482624E-5
3,235;469;530,5.026915677555486E-5
3,356;561;785,5.025509695530175E-5
3,37;131;520,-5.023801961058081E-5
3,750;934;969,-5.0234759645982444E-5
3,246;333;520,-5.023295372894302E-5
3,301;615;906,5.022999306104949E-5
3,242;368;375,-5.022691869199099E-5
3,604;607;728,-5.02122553351891E-5
3,390;468;822,-5.0202444962214296E-5
3,286;372;957,5.017313093191959E-5
3,200;232;747,5.0155831892607755E-5
3,16;460;822,-5.014941407037725E-5
3,151;257;632,5.013042199892863E-5
3,11;194;677,5.01298760982172E-5
3,190;320;401,-5.0048387311987304E-5
3,26;400;968,-5.00483243980474E-5
3,38;416;585,-5.004648126383027E-5
3,84;548;900,-5.002120680306179E-5
3,315;528;694,4.990885321519149E-5
3,280;353;597,4.985089558574694E-5
3,535;626;945,-4.984310565199172E-5
3,130;323;578,-4.983407185823378E-5
3,192;382;822,-4.9748162081570156E-5
3,40;615;715,-4.9728679139074766E-5
3,69;171;825,-4.9682642665524547E-5
3,85;488;767,-4.963996885366719E-5
3,24;546;736,-4.961491340632324E-5
3,252;281;448,-4.960798553618808E-5
3,165;606;815,4.959188781373596E-5
3,27;665;836,-4.958815472457647E-5
3,389;721;788,-4.958449977460372E-5
3,25;248;301,4.9557288452339265E-5
3,142;157;545,4.954269192526669E-5
3,694;937;985,-4.949010782776964E-5
3,144;662;922,4.944548616819718E-5
3,321;476;871,-4.940821667030793E-5
3,494;721;760,-4.9403263884774994E-5
3,1;12;795,4.939955050448277E-5
3,78;156;533,4.934118328407868E-5
3,208;489;749,4.9307590411009654E-5
3,4;72;170,4.921320496943523E-5
3,553;896;976,4.918246824831033E-5
3,258;722;940,-4.9179351873037995E-5
3,781;783;872,4.917820330457863E-5
3,186;606;735,-4.911942156551448E-5
3,30;356;959,4.911611439555102E-5
3,511;694;789,-4.9115579284300046E-5
3,212;371;981,4.911124655287384E-5
3,224;382;708,-4.907262226214726E-5
3,883;902;908,4.906231394461851E-5
3,58;82;828,-4.899594510734799E-5
3,605;613;976,4.89805720802109E-5
3,340;384;654,-4.897006534325475E-5
3,243;427;466,-4.886876931476993E-5
3,5;82;468,-4.883491682441351E-5
3,138;500;819,-4.8824761013387465E-5
3,537;864;914,4.881969459484918E-5
3,209;626;946,4.881431596305612E-5
3,294;566;880,4.875564914933711E-5
3,25;206;973,-4.869342187377172E-5
3,370;416;791,4.8629744954181965E-5
3,30;200;482,4.85851157299494E-5
3,48;452;867,-4.8533320515358704E-5
3,44;657;845,-4.852944577717301E-5
3,83;333;342,4.8524678411957374E-5
3,114;241;533,-4.8453575571926625E-5
3,227;338;627,4.844764769885786E-5
3,5;308;348,-4.842669752179782E-5
3,197;239;666,4.841960127517426E-5
3,112;260;527,4.8396883710673786E-5
3,388;508;518,4.833673819986379E-5
3,179;260;915,-4.8310067033395934E-5
3,480;514;636,-4.828959395152684E-5
3,33;175;869,4.828639597655214E-5
3,516;607;837,-4.8254104387690145E-5
3,277;708;753,4.823156420520059E-5
3,472;655;818,4.822277141262501E-5
3,292;389;721,-4.8189636857561284E-5
3,17;109;985,4.8178402739433645E-5
3,208;440;668,4.8176714154564194E-5
3,486;494;725,-4.815737581722044E-5
3,791;829;854,4.815217849529746E-5
3,59;581;947,4.8122133114871506E-5
3,200;449;459,4.812058328926321E-5
3,220;406;907,4.8115016887858105E-5
3,180;183;260,-4.8093109921781253E-5
3,62;797;801,-4.805080924445269E-5
3,560;686;705,4.79612846376188E-5
3,691;771;992,-4.7954626755037865E-5
3,120;166;985,4.792319020701359E-5
3,137;436;698,-4.784776046944911E-5
3,29;46;186,4.783765758157204E-5
3,153;820;905,-4.783526235915656E-5
3,96;471;852,4.780387085000603E-5
3,483;588;623,-4.779746069562713E-5
3,15;949;982,4.779257570280906E-5
3,111;244;954,4.7724817002292404E-5
3,227;265;627,4.77059118926634E-5
3,22;851;887,4.770390631206417E-5
3,624;662;908,4.768309227105983E-5
3,600;615;906,4.766319839403758E-5
3,32;60;563,4.765440149335983E-5
3,133;722;789,-4.765181072030602E-5
3,630;837;987,-4.762091490311679E-5
3,157;762;911,4.754849191770732E-5
3,330;728;913,-4.7532937989608916E-5
3,86;300;653,4.750610137617854E-5
3,759;922;966,-4.750290537217573E-5
3,32;232;729,4.7484066699710664E-5
3,0;139;442,-4.7482993926048775E-5
3,389;513;962,4.743318398373914E-5
3,195;833;861,4.742621340647523E-5
3,89;675;971,-4.742271222605576E-5
3,195;379;563,4.740013302604967E-5
3,318;388;908,4.7396310039084024E-5
3,121;572;634,4.7394308088379855E-5
3,276;314;884,-4.7375307949450465E-5
3,437;546;935,4.736680690130534E-5
3,717;821;887,4.7247600323333616E-5
3,706;990;993,4.721496736827004E-5
3,271;569;640,-4.721461742014246E-5
3,133;245;942,-4.718237679584336E-5
3,208;543;668,-4.718086955703911E-5
3,63;118;873,-4.7109663557963966E-5
3,293;641;996,-4.7105937936920457E-5
3,5;206;903,-4.709037061353362E-5
3,26;142;965,-4.6970500273059204E-5
3,40;106;858,4.697026015050299E-5
3,69;335;682,4.696231934933098E-5
3,839;888;968,4.6929314482478494E-5
3,353;399;996,4.687293433190402E-5
3,62;156;421,4.686993689173553E-5
3,64;115;748,-4.6852097893629914E-5
3,620;875;965,4.684192266042082E-5
3,684;836;893,4.675848686814571E-5
3,3;233;742,4.674066615939441E-5
3,35;176;858,-4.665890895450743E-5
3,55;127;180,4.665752231403256E-5
3,313;345;423,-4.6633742004368286E-5
3,772;813;897,-4.6533890273774856E-5
3,406;704;785,-4.651807297916019E-5
3,192;337;546,4.6499255201834345E-5
3,666;806;891,-4.649817496477529E-5
3,20;77;680,4.6497614238819576E-5
3,22;580;903,4.648638276333254E-5
3,253;869;890,-4.647563980735304E-5
3,13;688;962,4.643273329040244E-5
3,192;367;546,4.640546365356808E-5
3,181;516;644,-4.6402618423493297E-5
3,748;818;832,4.6381651579878894E-5
3,4;59;944,4.63798806495782E-5
3,64;729;905,4.62922740595556E-5
3,203;247;338,4.62641088913103E-5
3,443;446;731,-4.624526695805086E-5
3,192;337;367,-4.623361989082092E-5
3,49;149;473,-4.622585137919394E-5
3,206;426;939,-4.619250368808685E-5
3,20;366;716,4.6189378720646716E-5
3,269;464;846,-4.616711354362875E-5
3,172;344;757,-4.610526758982316E-5
3,22;217;751,-4.610101474726951E-5
3,346;376;865,-4.609927195826298E-5
3,114;838;854,-4.60932801221962E-5
3,205;297;420,4.603429588471939E-5
3,190;966;994,4.601009429618599E-5
3,68;308;437,4.600709211251349E-5
3,170;821;887,-4.6005577251375414E-5
3,159;639;675,4.597950340298141E-5
3,210;435;995,4.5965485712301255E-5
3,181;282;817,4.5962908279695465E-5
3,276;314;730,-4.596256857165592E-5
3,97;188;755,4.586782806065838E-5
3,38;603;706,-4.586238464475688E-5
3,144;409;922,4.5807692982823655E-5
3,811;921;983,4.578604637239775E-5
3,335;424;632,-4.5779332119705425E-5
3,548;591;701,4.577522764142937E-5
3,230;438;871,4.5767596143766165E-5
3,193;321;476,4.574503875330406E-5
3,332;697;932,-4.573908470959704E-5
3,261;468;894,-4.571850893322258E-5
3,174;772;800,-4.5712610547288506E-5
3,183;260;281,4.5709698114354254E-5
3,120;207;713,4.569597642326029E-5
3,400;438;932,4.567062149387636E-5
3,212;371;679,-4.565817888998663E-5
3,556;737;974,-4.563177097697518E-5
3,484;650;997,4.560545931609023E-5
3,114;320;475,4.552389963288529E-5
3,101;446;881,-4.54787506015137E-5
3,453;541;998,-4.5470010268337975E-5
3,413;721;970,4.5450139673887684E-5
3,118;133;826,4.532902356037089E-5
3,60;525;651,-4.5324570266824744E-5
3,308;707;830,-4.530971705886777E-5
3,495;672;719,-4.530048403969056E-5
3,2;271;574,-4.528250471385749E-5
3,10;513;922,4.528135484540566E-5
3,239;294;880,4.527401699893868E-5
3,42;872;894,-4.5222894085388484E-5
3,508;617;723,4.517661963832414E-5
3,690;720;817,-4.51468584283028E-5
3,227;258;714,4.51466592800499E-5
3,423;581;815,4.5096386158366165E-5
3,35;485;858,4.506391957767317E-5
3,73;382;805,4.504192066250266E-5
3,111;319;583,-4.5013096506835534E-5
3,203;379;675,-4.500238185872511E-5
3,71;576;591,4.4972658987875494E-5
3,842;864;903,-4.496681649555889E-5
3,265;439;459,-4.49665733667125E-5
3,49;561;785,-4.495765067178958E-5
3,635;750;956,-4.4943436682397104E-5
3,488;767;947,-4.49394397188516E-5
3,21;145;165,-4.489166046125776E-5
3,673;732;948,4.4855526790902577E-5
3,367;474;577,-4.4841048315660805E-5
3,311;569;639,4.476142440818162E-5
3,252;275;469,-4.475796443801055E-5
3,150;533;639,-4.468739864435224E-5
3,76;239;723,4.4684013578555565E-5
3,47;752;778,4.46385980612459E-5
3,140;277;648,4.460946486211156E-5
3,117;164;917,-4.455299047640285E-5
3,456;759;966,-4.4506495155642546E-5
3,386;515;591,-4.450320633436283E-5
3,178;772;897,-4.445341588160603E-5
3,33;519;696,-4.4442408432655934E-5
3,230;286;372,-4.441651261824785E-5
3,535;723;915,4.4406992153097805E-5
3,359;817;926,4.440636879259284E-5
3,345;396;793,-4.4370939475872765E-5
3,110;835;935,-4.435532978440746E-5
3,21;176;909,4.429298758561217E-5
3,342;744;765,-4.4286157945337584E-5
3,240;855;931,-4.428290475057253E-5
3,16;329;822,-4.4278170807859785E-5
3,121;293;996,4.427618998284612E-5
3,245;681;804,-4.4253243250876945E-5
3,430;483;597,4.42521521814001E-5
3,49;728;905,-4.4212655208628214E-5
3,96;729;831,4.418917542309876E-5
3,424;487;538,4.4179430673772644E-5
3,106;319;332,4.41593789185636E-5
3,244;309;455,-4.410676342834377E-5
3,87;317;499,4.4096892902006266E-5
3,309;583;700,-4.40751566196498E-5
3,210;555;733,-4.4069592109834404E-5
3,300;665;958,4.406254498971342E-5
3,129;516;696,4.4055190938182316E-5
3,38;82;316,-4.405352837242299E-5
3,20;625;680,-4.4014096186176356E-5
3,208;427;448,4.39948776670229E-5
3,25;177;333,-4.398115146596744E-5
3,49;617;905,-4.395571890313693E-5
3,234;360;723,4.3920282238869706E-5
3,177;555;575,4.384650034494E-5
3,239;294;566,-4.384627116330055E-5
3,235;245;681,-4.3845570318101235E-5
3,720;916;988,-4.382504212737199E-5
3,142;556;995,4.3821369813007426E-5
3,158;289;741,4.377998173065546E-5
3,343;826;840,-4.3770044848608316E-5
3,6;254;953,-4.373153370745855E-5
3,150;533;791,-4.361991955862146E-5
3,557;693;734,4.358261544240488E-5
3,132;431;730,-4.357769175185774E-5
3,469;684;893,-4.354111669213667E-5
3,543;912;968,-4.351943352381605E-5
3,640;851;903,-4.35137609478112E-5
3,34;531;952,4.351126904516942E-5
3,66;721;874,4.350629817096562E-5
3,26;596;661,-4.3497734437460244E-5
3,16;329;460,4.342899748219501E-5
3,14;325;744,4.333962702309364E-5
3,285;289;392,-4.331571702270074E-5
3,24;128;172,4.330129460680401E-5
3,190;581;611,4.328331533376789E-5
3,240;320;730,-4.3280294984100174E-5
3,640;903;970,-4.3269934428400225E-5
3,26;630;879,4.3250407979790557E-5
3,837;852;891,-4.319902769718586E-5
3,182;209;626,4.31774843926281E-5
3,421;608;668,4.30896814771213E-5
3,103;182;342,-4.3048281014846936E-5
3,219;472;923,4.3044122252577714E-5
3,53;286;462,-4.303610765967393E-5
3,42;727;956,4.298488691582057E-5
3,720;916;964,-4.296553671304273E-5
3,134;385;446,-4.2917745301588785E-5
3,39;506;600,4.29063799453858E-5
3,412;605;807,-4.2844692841874244E-5
3,74;141;821,-4.279512618507438E-5
3,90;362;404,4.278184965391019E-5
3,170;695;921,4.277367085777413E-5
3,167;370;911,-4.276271320623422E-5
3,156;192;659,-4.275846424547628E-5
3,148;311;508,-4.2709704550399664E-5
3,672;718;784,4.266210186846582E-5
3,315;833;850,-4.2618983810853656E-5
3,481;825;951,4.2615009646336706E-5
3,69;335;907,4.2606777478769805E-5
3,80;241;620,-4.2594023991887625E-5
3,240;272;855,-4.258736360658401E-5
3,379;442;906,4.258651188713386E-5
3,239;666;760,4.2586020902682595E-5
3,38;792;999,-4.255123624865871E-5
3,15;258;940,4.2539125400301803E-5
3,10;397;863,4.252490692491514E-5
3,34;180;954,4.252431407398908E-5
3,173;203;964,-4.252400954039714E-5
3,79;692;812,4.249973698780615E-5
3,43;160;255,4.2473786215821964E-5
3,439;581;947,4.2431130170704023E-5
3,52;129;319,-4.239724430433901E-5
3,93;141;744,-4.2337444587648934E-5
3,34;112;952,4.233194284260468E-5
3,545;860;900,-4.23312029368023E-5
3,318;509;791,4.233021208293179E-5
3,112;292;493,4.232544899924156E-5
3,61;117;925,4.231319176980668E-5
3,269;875;918,4.227606661240923E-5
3,206;642;731,-4.226625699775018E-5
3,34;431;989,-4.223507519530215E-5
3,565;611;810,4.2186542253618905E-5
3,367;708;960,-4.2151420373129905E-5
3,165;466;606,-4.21497957612705E-5
3,283;552;603,4.212647615907333E-5
3,109;269;425,4.2123311497858326E-5
3,428;535;889,4.203268282537133E-5
3,281;353;564,4.2011658268896804E-5
3,19;701;876,4.198721040595526E-5
3,210;733;873,4.196316426517561E-5
3,225;400;773,4.19529172514742E-5
3,29;787;834,4.193361487021483E-5
3,185;362;966,-4.1898263514137293E-5
3,404;422;625,4.18730386075691E-5
3,542;890;986,4.1856982133804914E-5
3,322;708;876,-4.179693928344913E-5
3,341;552;763,4.173595542473995E-5
3,438;651;983,-4.173291591498855E-5
3,278;611;810,-4.171655390125872E-5
3,474;765;893,-4.170806063403943E-5
3,297;616;792,-4.170058312069749E-5
3,284;425;936,-4.167000966162825E-5
3,177;555;831,4.1573984799824916E-5
3,57;724;868,-4.15542435760286E-5
3,0;19;133,4.155081089088026E-5
3,375;762;914,-4.152390813347387E-5
3,163;290;299,4.146782924828847E-5
3,128;176;698,-4.1399716353911765E-5
3,494;721;937,4.1294358178186934E-5
3,294;794;870,4.126514543975937E-5
3,139;427;442,-4.125161393170651E-5
3,406;580;929,4.121518651437214E-5
3,321;397;923,4.1171459225733953E-5
3,335;389;914,-4.1165858985925185E-5
3,234;562;723,-4.115173928670838E-5
3,290;413;496,4.115082533940192E-5
3,358;588;686,-4.1140684401454166E-5
3,182;514;693,-4.113969777366553E-5
3,59;154;364,-4.1107197987166116E-5
3,539;579;784,4.104274852438745E-5
3,200;389;798,4.101459801780279E-5
3,376;865;882,4.100865508845022E-5
3,524;735;973,4.0975139040060125E-5
3,360;552;742,-4.088711520049162E-5
3,168;220;258,4.087978248471457E-5
3,129;794;913,4.0820459104957114E-5
3,102;206;666,4.0810605639581736E-5
3,158;632;741,-4.076625332262355E-5
3,85;297;917,-4.075560668822682E-5
3,710;721;874,-4.075447191986342E-5
3,285;708;924,-4.067523690616961E-5
3,102;342;744,4.065423336776255E-5
3,189;332;932,4.0634949429256755E-5
3,539;579;956,4.0481685044150076E-5
3,110;824;973,-4.046779423072381E-5
3,158;285;744,-4.0441049117976025E-5
3,395;551;836,4.043587960784934E-5
3,112;414;580,-4.0412710146330004E-5
3,21;279;909,-4.037596644097169E-5
3,463;608;797,4.03733731675689E-5
3,220;530;703,4.034044971266681E-5
3,210;555;873,4.0284506118718003E-5
3,1;595;740,-4.02719773154974E-5
3,381;695;967,-4.026717772938477E-5
3,64;163;634,-4.026538087385711E-5
3,134;375;841,-4.026326507583924E-5
3,124;469;569,-4.0262251514234165E-5
3,455;617;885,4.0258334104741384E-5
3,0;465;700,4.0255775203953045E-5
3,15;828;955,4.022466779097458E-5
3,37;392;951,4.021075617870906E-5
3,1;207;514,-4.015523358146288E-5
3,151;805;874,4.0146437166731E-5
3,78;81;769,4.012187409010446E-5
3,742;883;946,-4.00687184173592E-5
3,366;385;547,-4.0064825857105394E-5
3,132;484;522,4.005280445218556E-5
3,198;688;900,4.003256890816428E-5
3,351;819;865,-4.00221377953869E-5
3,7;83;699,4.001936363056084E-5
3,394;571;699,4.0002814747323794E-5
3,100;119;606,-3.9979698435762524E-5
3,261;468;780,3.997805664257321E-5
3,464;724;895,3.996643699294725E-5
3,851;903;970,3.995735968809779E-5
3,22;96;642,3.993013710721558E-5
3,181;320;885,-3.9876222525290785E-5
3,70;688;844,-3.9875618993403335E-5
3,288;350;935,3.986077863222412E-5
3,621;692;812,3.9851913624078764E-5
3,404;528;670,3.98439155190272E-5
3,18;652;953,-3.980819257624147E-5
3,102;744;765,-3.980652228233895E-5
3,545;693;734,3.9731524768934446E-5
3,22;96;371,-3.967299373980638E-5
3,158;319;865,3.9652826553727486E-5
3,86;285;300,-3.9647334142536186E-5
3,25;475;747,3.963103935290031E-5
3,336;361;867,3.960677694438461E-5
3,33;68;314,-3.95658134380348E-5
3,346;865;882,3.9562723276587776E-5
3,71;679;864,-3.9559941812149196E-5
3,170;321;695,3.9552665036024395E-5
3,59;124;423,-3.948273371716808E-5
3,194;677;822,-3.947518285669556E-5
3,335;389;673,3.94306554919314E-5
3,160;232;708,3.9348713812536345E-5
3,112;183;484,-3.932793353285549E-5
3,198;421;512,3.923977062823673E-5
3,188;211;909,-3.923381251974388E-5
3,157;186;310,3.920232881928071E-5
3,52;129;772,3.919226098790029E-5
3,502;833;847,-3.917851483030738E-5
3,91;708;924,-3.9154308060129426E-5
3,367;708;964,3.912441000195804E-5
3,463;608;742,-3.9103000929667233E-5
3,97;493;858,-3.9098884696284185E-5
3,11;16;782,-3.905001835513422E-5
3,53;491;942,-3.9034341431951016E-5
3,280;461;795,3.8998724372261564E-5
3,140;307;686,-3.8996867743579585E-5
3,373;758;919,3.89753687539612E-5
3,50;144;321,-3.897129846981288E-5
3,44;151;632,-3.896572189299978E-5
3,554;582;613,3.8926444386380165E-5
3,95;568;987,3.890055438428538E-5
3,223;231;618,-3.8833587531548775E-5
3,199;707;798,-3.882356353106167E-5
3,136;353;996,3.88110955939156E-5
3,145;300;958,-3.87927028953982E-5
3,258;573;875,3.878984200968919E-5
3,244;449;569,-3.871922926312654E-5
3,412;861;871,-3.871111551791709E-5
3,316;646;869,-3.8696443261272885E-5
3,38;316;556,-3.8691061134855634E-5
3,774;779;928,3.863544953232727E-5
3,76;721;970,3.862494928185617E-5
3,68;354;934,3.85623325851287E-5
3,276;492;646,-3.854533644787502E-5
3,1;207;873,-3.8430293847394255E-5
3,159;552;742,3.842393826711898E-5
3,173;279;976,3.8379730971083934E-5
3,114;255;320,3.837963239723884E-5
3,211;620;909,-3.8366694108509044E-5
3,186;310;683,-3.836315255326589E-5
3,23;125;455,-3.8349947501954515E-5
3,290;308;830,3.833333089374576E-5
3,269;801;853,3.832644802909389E-5
3,113;439;665,3.832217370417783E-5
3,25;155;248,-3.829374280813786E-5
3,44;95;782,-3.825444998250312E-5
3,106;179;781,-3.813026558943037E-5
3,4;335;890,-3.805328960502575E-5
3,462;471;949,-3.8052191115525506E-5
3,205;384;745,3.800553024862628E-5
3,316;613;665,-3.7998689256066235E-5
3,511;789;974,3.79826369527967E-5
3,237;296;790,-3.797949391100003E-5
3,285;300;653,3.797827969219187E-5
3,269;737;853,-3.797746005173479E-5
3,414;727;864,-3.7967411098817264E-5
3,96;698;852,3.794877907885869E-5
3,62;65;777,3.7939181779276226E-5
3,371;721;874,-3.792067827607391E-5
3,341;599;804,3.789719696200106E-5
3,424;431;487,-3.78970351007269E-5
3,235;308;832,3.7889243244365204E-5
3,390;803;871,3.78728689992642E-5
3,294;429;870,3.785494803406454E-5
3,145;300;665,3.779167544483844E-5
3,289;351;581,3.776175160623478E-5
3,371;679;981,3.775173794742897E-5
3,145;165;824,-3.7708365815392266E-5
3,1;514;873,-3.7672309790510425E-5
3,66;371;721,-3.760702750287251E-5
3,206;295;748,3.759179365127073E-5
3,240;272;931,3.75555718466643E-5
3,261;483;623,-3.751225060228265E-5
3,233;384;520,3.742308672339816E-5
3,170;453;705,3.7338890303791445E-5
3,394;874;892,-3.7321756134245356E-5
3,648;707;801,3.7297311717907216E-5
3,694;803;937,-3.729197795934647E-5
3,432;546;759,3.719205529336716E-5
3,23;152;927,3.719167891204237E-5
3,40;255;858,3.71567113406968E-5
3,407;516;980,3.7154716662603506E-5
3,70;348;863,3.715290803576909E-5
3,137;587;633,-3.715016494907108E-5
3,68;82;437,3.714936073558241E-5
3,504;716;779,-3.709374389403731E-5
3,493;618;974,-3.708960473446697E-5
3,15;258;722,-3.701358189824881E-5
3,130;323;491,-3.693602653812011E-5
3,113;665;827,-3.693309450024252E-5
3,327;634;845,3.6925194511934205E-5
3,169;195;626,-3.686681712304233E-5
3,112;190;252,-3.669985870952663E-5
3,86;170;788,-3.66843974110681E-5
3,691;708;876,-3.660715666645827E-5
3,67;406;785,-3.658975893769541E-5
3,114;362;803,3.657388372533538E-5
3,604;607;611,3.655593468311949E-5
3,681;853;936,-3.6553872968626735E-5
3,301;341;701,3.6512372615439E-5
3,117;917;993,-3.649560873590153E-5
3,103;190;401,3.645761286020886E-5
3,24;72;172,-3.644436825450921E-5
3,20;126;203,3.6413550783205575E-5
3,138;467;520,-3.637663430723309E-5
3,131;509;588,-3.6362523512778506E-5
3,510;681;965,-3.636206173171156E-5
3,191;317;906,-3.6358070038845776E-5
3,382;572;709,-3.63416670340958E-5
3,319;865;949,3.6295509719221716E-5
3,621;803;871,-3.629257121919971E-5
3,129;373;869,-3.629255451675184E-5
3,34;459;989,-3.6258239951681006E-5
3,597;874;898,3.625210122166052E-5
3,181;353;815,-3.622912447799883E-5
3,52;78;156,-3.6216512402283635E-5
3,386;515;659,3.6203329469009406E-5
3,521;674;725,-3.6130083798212084E-5
3,182;391;437,3.612348363843149E-5
3,607;611;728,-3.611464853370937E-5
3,397;421;670,3.603552804348699E-5
3,131;322;993,3.599707639378465E-5
3,147;169;920,3.596459237633837E-5
3,121;293;641,-3.596150453000572E-5
3,335;342;632,3.5957285166752647E-5
3,262;327;510,3.593081463618154E-5
3,340;833;919,3.5923386860101796E-5
3,207;514;873,-3.588584034215118E-5
3,220;526;925,-3.574502584397361E-5
3,31;578;902,-3.5700355260395714E-5
3,414;580;799,3.565988092621778E-5
3,261;766;779,-3.5658763726801144E-5
3,313;488;845,-3.563507205383533E-5
3,624;842;908,-3.557504910966558E-5
3,91;285;708,-3.5556234829093504E-5
3,275;469;539,-3.55538587955483E-5
3,395;504;589,3.552233893418734E-5
3,642;698;939,-3.551816156319282E-5
3,485;882;941,3.5462105633412194E-5
3,207;731;863,3.5430642209561156E-5
3,208;413;448,3.542971889029252E-5
3,33;355;696,3.542001992184126E-5
3,720;964;988,3.536374854488924E-5
3,457;584;778,-3.5356751510446475E-5
3,27;526;665,-3.525725813255447E-5
3,557;755;878,3.5255653349930175E-5
3,210;396;873,3.524022806545954E-5
3,34;418;991,-3.5169236892324626E-5
3,114;533;795,-3.5135076080305706E-5
3,83;342;770,-3.507372622754253E-5
3,721;760;937,-3.4992156729903795E-5
3,114;759;907,3.493928624800704E-5
3,235;681;804,3.49306507725351E-5
3,130;202;512,3.49150242512047E-5
3,175;278;415,-3.4885670767425594E-5
3,307;647;957,-3.488000678115731E-5
3,47;610;778,-3.4871625763051E-5
3,8;614;622,3.479252752062804E-5
3,247;360;413,-3.478650623344932E-5
3,7;350;914,-3.4779583121247395E-5
3,877;927;941,-3.4723263434701434E-5
3,159;281;528,3.467240524546299E-5
3,90;712;767,-3.46396208265373E-5
3,181;191;985,3.458692702869909E-5
3,50;285;744,-3.4561204226085983E-5
3,188;499;764,-3.45610538300566E-5
3,52;319;772,3.454256376330072E-5
3,64;210;377,3.451402730881438E-5
3,574;777;877,-3.448856077538669E-5
3,247;364;489,3.4471531822906015E-5
3,223;512;595,3.4464060480334236E-5
3,167;817;926,-3.4429089238653676E-5
3,244;663;944,-3.4395328189032894E-5
3,223;547;887,3.4390325139521665E-5
3,5;440;903,3.4381690942290675E-5
3,167;777;904,-3.437353396034556E-5
3,649;875;965,-3.4361213862962426E-5
3,491;585;903,-3.432790421673332E-5
3,35;506;513,-3.432115415479468E-5
3,74;771;992,3.4289882935796304E-5
3,53;660;737,-3.42897897672556E-5
3,295;441;836,3.413165139991939E-5
3,1;252;945,-3.4115108266617515E-5
3,183;323;969,3.409072924547768E-5
3,271;584;627,-3.402000638241464E-5
3,233;548;742,-3.399991802852626E-5
3,26;151;879,-3.3984242782638766E-5
3,570;734;735,-3.3943576890591555E-5
3,412;639;899,3.3864541160421555E-5
3,148;448;544,-3.3860208313274485E-5
3,37;418;476,3.385172763572521E-5
3,59;154;560,3.3782104000885E-5
3,183;223;512,3.369364524615044E-5
3,443;446;584,3.369045253664842E-5
3,136;686;957,-3.364318712288347E-5
3,287;541;998,3.36407608776256E-5
3,30;188;961,-3.3612562453423527E-5
3,67;921;983,3.359294840270127E-5
3,366;506;513,3.357125389625151E-5
3,564;615;847,-3.354061391560147E-5
3,165;252;557,-3.3536149685842916E-5
3,95;207;782,3.35199603879443E-5
3,119;173;669,-3.346771611855297E-5
3,91;120;166,-3.3452508639555216E-5
3,327;841;923,3.34346821954559E-5
3,2;574;831,3.342825591819965E-5
3,55;112;292,-3.341846256064048E-5
3,64;210;760,3.3402954324238174E-5
3,936;944;990,-3.339968403704908E-5
3,76;138;502,-3.333343838268709E-5
3,106;179;246,-3.3328971368570706E-5
3,321;650;831,3.332632872398647E-5
3,145;665;958,-3.3279956458114266E-5
3,49;424;709,-3.326808749439951E-5
3,358;418;899,3.319689864783901E-5
3,391;419;639,3.312964244052147E-5
3,233;520;541,-3.312787095916395E-5
3,107;551;933,3.3119817506962196E-5
3,25;100;973,3.305097933732648E-5
3,139;412;871,-3.3048880859967615E-5
3,46;349;377,-3.304759751316179E-5
3,71;191;348,3.30372945288058E-5
3,118;169;315,3.303385905202037E-5
3,352;701;876,-3.3031347664444E-5
3,350;475;935,3.2971722595758396E-5
3,183;455;885,-3.2879363480897306E-5
3,36;534;657,3.285966202290691E-5
3,389;906;962,3.2851580049073377E-5
3,2;458;621,-3.273820441562768E-5
3,203;451;484,-3.270375250208914E-5
3,13;343;826,-3.268827252537723E-5
3,180;913;983,-3.268447263563405E-5
3,280;597;860,3.267681117491665E-5
3,97;745;858,3.265992571258559E-5
3,517;853;921,3.264962501232723E-5
3,27;872;899,3.263813326283024E-5
3,83;268;498,3.263268118523282E-5
3,407;612;972,3.263110022626833E-5
3,50;158;285,3.261754114952853E-5
3,510;809;897,3.256475696775158E-5
3,535;723;726,3.255391475420277E-5
3,72;649;881,3.255242626840146E-5
3,225;370;977,3.2534484355107614E-5
3,24;672;938,-3.2503692296270085E-5
3,22;325;637,3.2486457621973587E-5
3,724;868;937,3.248076682970827E-5
3,142;492;646,3.245404227542313E-5
3,68;934;969,-3.242554270142353E-5
3,255;327;845,3.241660892816889E-5
3,781;848;872,-3.237065537815148E-5
3,536;883;953,3.236191440708521E-5
3,9;551;971,3.234987660261588E-5
3,81;199;707,3.2305059233468414E-5
3,336;447;453,-3.2288825055187466E-5
3,221;334;781,3.2288676500468206E-5
3,73;664;925,3.2245205161299794E-5
3,144;205;297,-3.223969775072288E-5
3,487;759;907,-3.2201379729361886E-5
3,478;718;758,3.208147569746554E-5
3,273;437;848,-3.207661332501696E-5
3,63;163;951,-3.2074981714658444E-5
3,112;260;490,-3.2035502289268474E-5
3,479;554;747,3.188030532201855E-5
3,132;522;633,3.186796324399884E-5
3,167;370;859,3.18464721701033E-5
3,196;387;983,3.1834619841337376E-5
3,510;651;812,-3.181189753536196E-5
3,554;650;747,3.174036669247688E-5
3,37;92;378,3.173658250654667E-5
3,176;307;698,3.1728022602528354E-5
3,230;891;944,-3.1712416612414784E-5
3,33;185;843,3.1701417281325575E-5
3,318;589;908,3.160577308487551E-5
3,44;657;770,-3.160208109317741E-5
3,513;541;922,3.160123895704969E-5
3,41;364;558,-3.1593314996056386E-5
3,113;693;841,3.1585924410770204E-5
3,59;124;713,3.15684137274186E-5
3,102;142;976,3.1534158252136954E-5
3,60;459;744,3.150390640950254E-5
3,538;601;688,3.149643779872138E-5
3,168;220;678,-3.14858471997455E-5
3,166;317;906,-3.147107115832235E-5
3,114;487;759,3.146567007439037E-5
3,288;350;475,3.142270208001678E-5
3,396;512;777,-3.1373806759214087E-5
3,230;372;957,3.1367979486951636E-5
3,610;794;981,3.132282356028674E-5
3,341;507;763,3.130973519129992E-5
3,452;618;946,3.127585163301419E-5
3,140;414;682,3.125286787131767E-5
3,87;137;303,-3.1157902496070904E-5
3,327;328;923,-3.112076210862168E-5
3,250;400;851,3.110057386884031E-5
3,144;205;420,-3.104550333446982E-5
3,190;628;994,-3.101549455079463E-5
3,369;395;691,3.091171627480617E-5
3,33;156;973,-3.0908401896495436E-5
3,432;651;812,-3.090617149312091E-5
3,390;468;723,-3.0897613708941656E-5
3,400;623;773,-3.0865515846167746E-5
3,58;584;828,-3.0840532407795256E-5
3,292;436;474,3.081845010259561E-5
3,89;180;336,-3.0781370660746686E-5
3,255;526;928,-3.078010525816173E-5
3,18;306;456,3.0777212883056554E-5
3,47;495;671,3.076822370034542E-5
3,594;729;835,3.0738414567829944E-5
3,80;151;491,-3.0732884700165574E-5
3,891;959;974,-3.071126027265796E-5
3,281;890;988,3.0671472852873215E-5
3,278;774;961,3.06673493638833E-5
3,406;497;767,3.0625596291520446E-5
3,597;690;697,3.059441691508829E-5
3,168;205;778,3.059372915764651E-5
3,358;394;892,-3.0494210490374618E-5
3,312;734;796,-3.0486667425343277E-5
3,121;294;816,3.0463501677188052E-5
3,176;516;837,-3.0433646692211796E-5
3,95;235;469,-3.0408722978872344E-5
3,219;737;923,-3.0408513878440445E-5
3,10;329;397,3.0395961258537676E-5
3,455;936;990,3.0355366490059183E-5
3,308;349;967,-3.031575851491025E-5
3,266;573;743,-3.025103788257893E-5
3,305;389;692,-3.024975485806357E-5
3,117;340;449,-3.0239126476467025E-5
3,480;618;753,-3.0230545014963417E-5
3,327;802;977,-3.0204730237432593E-5
3,62;156;612,-3.019875730548044E-5
3,837;981;982,3.0174539606843237E-5
3,155;248;301,3.0142981726844807E-5
3,67;811;983,3.01286688138699E-5
3,441;504;589,-3.0120503603550134E-5
3,21;165;824,3.0110987357489955E-5
3,115;236;748,-3.0097041138880768E-5
3,94;451;649,-3.0070579823953148E-5
3,258;511;875,-3.0062957623718046E-5
3,142;635;805,-3.0043700129919172E-5
3,74;454;935,-3.0028568118364935E-5
3,142;276;492,2.9937963173352678E-5
3,73;538;601,-2.9904787612782147E-5
3,80;425;827,-2.9882369446019678E-5
3,351;714;799,-2.9880470617705256E-5
3,92;146;149,-2.987926699334072E-5
3,435;883;946,-2.9844928180869943E-5
3,149;285;347,2.9837643392420747E-5
3,33;355;519,-2.9814601267659647E-5
3,96;471;698,2.9809053217642318E-5
3,269;637;875,-2.9722399173665538E-5
3,348;665;908,-2.9711550551171432E-5
3,54;111;211,2.9695395960664E-5
3,157;763;962,-2.9674768261632186E-5
3,117;340;722,2.9661739208439356E-5
3,412;656;899,-2.961864876531908E-5
3,259;308;476,2.9607962076216426E-5
3,85;488;947,-2.957024176935174E-5
3,29;820;905,2.956364388614541E-5
3,313;345;435,-2.9554060988699048E-5
3,11;76;427,2.9499307926236362E-5
3,52;156;533,2.949369723656322E-5
3,82;157;584,2.9447145697492524E-5
3,208;304;426,-2.9431221580648432E-5
3,187;259;476,-2.940504777148262E-5
3,215;882;941,2.9359332589573745E-5
3,27;630;987,2.9282669631809907E-5
3,507;544;556,-2.9270929011011646E-5
3,9;551;747,2.9114764380838884E-5
3,264;439;815,2.9095939193472893E-5
3,286;491;903,-2.8961952616986995E-5
3,234;664;813,-2.8954384298512345E-5
3,233;744;765,2.8931864279402727E-5
3,120;140;713,-2.892683842371297E-5
3,42;43;526,-2.890489202342894E-5
3,55;288;747,2.8900964695607212E-5
3,511;694;974,-2.8883401223673867E-5
3,329;362;839,-2.885892045880084E-5
3,254;605;845,-2.8840854818504957E-5
3,527;551;933,2.8840111463840336E-5
3,232;516;687,-2.8792527260898226E-5
3,2;271;831,2.8774269078685327E-5
3,232;687;762,2.874849397313474E-5
3,147;628;928,-2.8746128634707282E-5
3,41;204;716,2.8743894004733872E-5
3,429;794;870,-2.8719905793467803E-5
3,16;234;557,2.8676582587537434E-5
3,126;222;278,2.8673615986646827E-5
3,496;598;760,2.8663401454128102E-5
3,517;760;808,-2.8656844886979506E-5
3,458;621;627,2.8588760531410894E-5
3,182;245;514,-2.857460571833969E-5
3,223;224;763,-2.8558360208921613E-5
3,366;379;765,2.8516059125216058E-5
3,383;537;989,-2.8456293501835957E-5
3,421;670;861,2.845244379104564E-5
3,220;391;578,2.8422440484878292E-5
3,337;653;830,-2.8416429972343032E-5
3,206;719;939,2.8375170892405968E-5
3,440;543;668,2.8371782154087235E-5
3,290;496;768,-2.826177245831913E-5
3,34;286;418,-2.8245999661274896E-5
3,210;391;435,2.8218272375586627E-5
3,23;125;878,-2.8173660732643477E-5
3,694;803;985,2.817322529749482E-5
3,181;675;985,-2.815174699608704E-5
3,470;572;709,2.8128432460359338E-5
3,180;273;477,-2.8126198720780308E-5
3,113;289;581,2.805832490991367E-5
3,626;788;986,2.803806671154361E-5
3,5;206;440,2.8036948417134603E-5
3,496;646;732,2.8035763290522007E-5
3,233;326;765,-2.793406396148318E-5
3,333;342;770,2.7920828096545627E-5
3,188;252;448,-2.78629984227598E-5
3,110;224;864,2.7814618329017696E-5
3,40;66;429,-2.7789067365523862E-5
3,437;590;756,2.7759976752978144E-5
3,62;425;936,-2.7722978549627555E-5
3,62;118;904,-2.7657711797844868E-5
3,339;890;986,-2.7656892629191687E-5
3,339;542;890,2.7612293845053032E-5
3,183;306;519,-2.7600562940158413E-5
3,23;711;986,-2.7594243095054846E-5
3,339;404;917,-2.7584522646370846E-5
3,48;213;532,-2.7569597453323563E-5
3,132;238;641,-2.7551297697327643E-5
3,30;187;959,2.754891244589449E-5
3,408;568;649,2.7488633437022417E-5
3,26;264;965,-2.748051492897422E-5
3,46;186;225,2.7438015974380663E-5
3,129;790;995,2.7428958681526575E-5
3,10;754;954,-2.7400911902176368E-5
3,175;645;780,-2.733694643189663E-5
3,173;489;757,2.732658767690886E-5
3,232;537;666,2.7310207232466557E-5
3,87;146;332,-2.7304143197029793E-5
3,173;754;954,-2.722936287789335E-5
3,117;254;953,-2.721264705802079E-5
3,10;679;992,-2.7202512122325363E-5
3,1;245;740,2.716366573546455E-5
3,840;979;997,2.7160837357207452E-5
3,79;312;512,2.7133634313999386E-5
3,220;574;703,-2.7127933983843217E-5
3,41;321;558,2.7059159539130892E-5
3,168;685;778,-2.7054022288742868E-5
3,12;896;976,-2.695929125281285E-5
3,650;831;959,2.692166690684398E-5
3,382;852;891,-2.691574206107011E-5
3,82;308;437,-2.6899536912419877E-5
3,234;694;896,-2.686419945772997E-5
3,287;714;717,-2.684451283003293E-5
3,3;233;548,-2.6838317335177297E-5
3,174;348;908,-2.6823270213380277E-5
3,148;590;784,-2.6789399711246504E-5
3,321;434;756,2.674085630744237E-5
3,381;659;842,-2.6735512969890226E-5
3,24;123;672,-2.6731555818357762E-5
3,24;72;128,2.6716768029595115E-5
3,122;740;882,2.670427983983297E-5
3,4;140;686,2.6676270970836593E-5
3,276;520;527,-2.6671666167695154E-5
3,210;391;995,2.666737899771448E-5
3,203;247;290,2.665551535547607E-5
3,464;531;565,-2.665527435432241E-5
3,55;349;894,-2.664018924215749E-5
3,134;373;869,2.661782202070939E-5
3,101;232;664,2.6613225007744608E-5
3,88;373;445,2.6585902283646253E-5
3,107;752;895,2.656451356220009E-5
3,366;765;942,-2.6555843127263968E-5
3,81;199;798,2.6545684343740355E-5
3,151;630;879,2.6520989977997708E-5
3,597;666;763,-2.6466903397729816E-5
3,467;481;552,-2.6364206331410247E-5
3,480;607;636,2.634925774755044E-5
3,562;955;963,2.6304511097307798E-5
3,129;134;373,2.629082683538367E-5
3,118;269;846,2.6274737076646364E-5
3,135;382;417,-2.626601977526622E-5
3,181;664;885,-2.6213908323290245E-5
3,18;204;306,-2.619482560527211E-5
3,471;698;852,2.6158892149433017E-5
3,49;157;911,-2.6149756828365504E-5
3,385;509;582,2.614037891284909E-5
3,306;528;670,-2.6135474947886E-5
3,16;234;578,-2.6122126663144974E-5
3,152;390;982,-2.6115873310950557E-5
3,48;305;532,2.6106493980367103E-5
3,225;623;773,-2.6096437795135013E-5
3,52;306;374,2.6090907845858374E-5
3,348;647;958,-2.6073069806263664E-5
3,220;377;932,2.6068595035361118E-5
3,361;604;867,-2.6042860304576783E-5
3,16;517;964,2.6040543083717708E-5
3,111;583;911,-2.6017376558529592E-5
3,286;395;462,2.6003904961074666E-5
3,809;897;956,2.5932373465855482E-5
3,344;539;786,-2.5929339585269344E-5
3,302;372;809,-2.590255699041113E-5
3,398;813;974,-2.5902478081528166E-5
3,32;324;912,2.5798417899898042E-5
3,336;453;572,-2.5786479064615038E-5
3,107;733;770,2.5745652418140398E-5
3,76;467;951,-2.574259162328791E-5
3,99;698;825,-2.569532881326446E-5
3,131;509;778,-2.5667928807040705E-5
3,53;287;942,-2.5667288409181852E-5
3,198;209;613,2.5634258189810225E-5
3,539;784;956,2.5560728502969774E-5
3,279;430;515,-2.5551994126040328E-5
3,354;934;969,2.554100101162678E-5
3,305;692;747,2.5481861413632074E-5
3,38;62;603,-2.5441186705498754E-5
3,350;889;914,-2.540722011322391E-5
3,156;421;612,-2.5316133271684957E-5
3,428;734;864,2.5300249491612708E-5
3,277;580;753,2.5278233756029E-5
3,289;405;916,-2.5276015364380907E-5
3,117;422;835,2.5260002897321484E-5
3,390;621;803,2.5254040577032364E-5
3,49;157;304,2.5222796243542434E-5
3,336;479;678,2.5160947339191888E-5
3,155;211;768,-2.5144292717265488E-5
3,221;460;641,2.514225177265305E-5
3,160;474;565,2.5137612671273334E-5
3,201;420;846,-2.5127865876340695E-5
3,1;252;492,-2.5120055550511043E-5
3,164;917;993,2.5042516233805705E-5
3,286;585;903,-2.5024551251673875E-5
3,220;925;958,-2.5016044985545493E-5
3,154;426;814,2.4972491859152583E-5
3,127;130;202,-2.4951235312225206E-5
3,104;542;840,2.491631127598156E-5
3,712;729;835,2.4875884213849154E-5
3,266;600;702,2.484279253220187E-5
3,52;374;426,2.4839061430960813E-5
3,337;883;902,2.482134806647935E-5
3,191;675;985,-2.4810884994832556E-5
3,285;289;390,-2.4809894333317874E-5
3,23;455;878,2.4776729326104793E-5
3,499;560;708,-2.4769240551828846E-5
3,230;489;891,2.4754803310386245E-5
3,155;211;328,-2.4726393904160226E-5
3,27;630;837,2.471799003438638E-5
3,176;607;837,-2.471036694159857E-5
3,532;712;936,2.466632456816933E-5
3,60;651;725,2.46395172516043E-5
3,223;231;500,-2.4590589401555093E-5
3,29;493;834,-2.458829273373619E-5
3,188;620;909,2.4547044775461534E-5
3,85;437;716,-2.4532303058330497E-5
3,43;455;634,2.45132209976381E-5
3,82;447;577,-2.4503205911451283E-5
3,74;596;921,2.4472139523558423E-5
3,10;173;954,2.4427268056255593E-5
3,194;393;638,-2.442342877327655E-5
3,252;520;910,-2.439460295265647E-5
3,4;367;577,-2.438945741830656E-5
3,224;731;864,-2.438268552702975E-5
3,4;335;679,2.4281677069432025E-5
3,37;275;476,-2.4211508046612506E-5
3,442;693;804,2.4204756455986874E-5
3,0;465;678,2.4169124532857725E-5
3,127;443;908,-2.414202374840254E-5
3,131;588;778,-2.410658107466126E-5
3,298;349;719,-2.4101366773172985E-5
3,87;673;732,-2.4098780120463493E-5
3,228;527;807,2.4076389106343562E-5
3,479;650;747,-2.407445849272663E-5
3,231;500;618,-2.405512343059208E-5
3,537;761;914,-2.403754220892332E-5
3,322;691;876,2.401563081416696E-5
3,446;617;719,2.401380358591522E-5
3,281;607;884,2.3974453654207967E-5
3,547;887;992,-2.395933003960366E-5
3,386;591;659,2.3956910234796105E-5
3,59;457;584,2.3877649308218014E-5
3,81;597;769,2.3869229784810257E-5
3,134;294;816,2.3833406977796895E-5
3,368;375;892,2.3819035119870567E-5
3,73;200;795,2.381432747760145E-5
3,63;445;712,-2.37915613934435E-5
3,398;532;731,2.3781144716207057E-5
3,28;618;974,-2.375343094910889E-5
3,58;154;814,-2.371740994631355E-5
3,186;606;871,-2.368543120853947E-5
3,4;181;282,-2.3653686719290796E-5
3,58;82;584,2.357732849745804E-5
3,159;675;973,2.356257260963259E-5
3,32;249;729,2.3506484867691405E-5
3,461;795;987,2.3505711753909953E-5
3,220;530;574,2.3504470269356274E-5
3,479;554;650,2.346052700241339E-5
3,308;783;832,-2.3409629453516276E-5
3,24;131;706,-2.3400675789352127E-5
3,385;446;976,2.3369786658168133E-5
3,412;605;934,2.332852364312138E-5
3,448;496;646,-2.3261787695282803E-5
3,119;424;669,-2.322382515501518E-5
3,322;603;658,-2.3217201796734838E-5
3,533;639;791,2.3215697217632648E-5
3,272;855;931,2.3207991155478343E-5
3,113;590;756,-2.3199401749264243E-5
3,92;153;553,-2.3167150437112288E-5
3,85;550;950,-2.3160156842008055E-5
3,75;166;844,2.308116840841095E-5
3,266;600;972,-2.3053765617542134E-5
3,275;936;978,2.3036485026061677E-5
3,534;655;962,2.300187616312719E-5
3,219;990;993,2.2976467614513068E-5
3,38;209;485,-2.2960254776661872E-5
3,220;526;958,2.2912701586851756E-5
3,631;746;946,-2.2859540799501415E-5
3,694;789;974,2.283496260362404E-5
3,4;20;909,-2.279346523742053E-5
3,139;148;448,-2.2710310287141773E-5
3,520;547;567,2.2690150540593305E-5
3,305;307;647,-2.268875989300631E-5
3,180;783;983,2.265537892846456E-5
3,176;516;607,2.2629538203897867E-5
3,315;467;552,2.2608772862549845E-5
3,179;503;973,-2.260795373728481E-5
3,391;824;979,2.249502528133557E-5
3,4;311;743,2.245171433749156E-5
3,407;779;980,-2.2440842543082854E-5
3,206;752;869,-2.2412802923384198E-5
3,293;439;476,2.240830414092622E-5
3,106;347;395,-2.239938409083099E-5
3,7;173;489,-2.2376614066973804E-5
3,535;726;915,-2.2369215287148672E-5
3,609;867;951,-2.236875111850538E-5
3,111;187;643,2.233831463999507E-5
3,40;615;890,-2.230589839534018E-5
3,344;384;955,-2.2263464506332195E-5
3,137;633;795,2.2254727167161355E-5
3,74;686;921,2.222093575928875E-5
3,611;740;808,2.214793472893465E-5
3,450;656;911,-2.2087108206807386E-5
3,130;508;723,2.2080784780317776E-5
3,129;335;924,2.205732010688912E-5
3,49;473;832,-2.2055572374298282E-5
3,29;339;442,2.2025700922388357E-5
3,204;505;910,2.200437117784382E-5
3,4;5;170,-2.2000093781426187E-5
3,801;920;964,2.1982965072814747E-5
3,741;769;929,2.1963411139432425E-5
3,22;211;903,-2.191562226233545E-5
3,261;588;623,-2.185294408854406E-5
3,71;331;679,2.1817342306869652E-5
3,325;637;802,-2.1766117187205592E-5
3,284;365;636,-2.1752603765895018E-5
3,676;818;913,-2.1751910562507853E-5
3,269;737;801,2.1673423021621537E-5
3,379;786;835,-2.1568996152861843E-5
3,311;639;927,-2.154012956689616E-5
3,69;110;835,2.1513958554430856E-5
3,389;824;973,2.1501743543489162E-5
3,113;245;693,-2.1484410333830224E-5
3,540;872;899,2.1412563881639347E-5
3,72;383;649,-2.1334518386640426E-5
3,482;534;612,-2.1331540467300013E-5
3,34;431;459,2.132073139164207E-5
3,232;708;813,-2.126811993253037E-5
3,480;514;607,2.1247257769167043E-5
3,42;633;949,2.1245902709511546E-5
3,435;585;695,2.1206198417699642E-5
3,55;127;969,-2.119414133535362E-5
3,216;611;789,-2.118731218640431E-5
3,46;349;623,-2.1171020978140138E-5
3,150;718;965,-2.1101513094388083E-5
3,23;152;603,-2.1031715389214118E-5
3,143;203;379,2.1024564180625975E-5
3,141;441;586,-2.1012554914964732E-5
3,178;772;813,-2.1008471933307947E-5
3,75;203;999,2.098045328109558E-5
3,4;63;712,-2.095376766726112E-5
3,19;352;876,-2.0882019724034232E-5
3,155;509;791,-2.0866821547154585E-5
3,93;475;478,-2.0831813716117366E-5
3,183;351;969,2.0797945503001076E-5
3,167;696;865,2.078314956028303E-5
3,0;270;477,2.0779936588971474E-5
3,209;241;565,2.07738628930459E-5
3,331;395;551,-2.0757883693840676E-5
3,423;815;906,-2.0741545537893576E-5
3,244;534;850,-2.067264531117824E-5
3,809;850;972,2.06679079098641E-5
3,155;318;791,2.0659681833656477E-5
3,373;735;758,-2.06130648698828E-5
3,63;554;867,-2.059705316090936E-5
3,262;327;602,-2.0570806124995123E-5
3,195;385;509,2.057041892089121E-5
3,148;169;626,2.052391674809652E-5
3,38;290;849,2.0517246124331806E-5
3,599;778;859,-2.04708630118568E-5
3,183;367;519,-2.046280792297165E-5
3,96;358;831,2.043270947215649E-5
3,59;423;713,-2.0424610797660032E-5
3,508;589;811,2.0423476984787555E-5
3,128;443;908,-2.0418265862481363E-5
3,71;171;771,2.0412024243024865E-5
3,305;389;747,2.04048341421073E-5
3,328;841;923,2.0397604958490496E-5
3,80;360;620,-2.0258705991118286E-5
3,596;757;798,2.023662991457792E-5
3,494;819;972,2.0227841843984657E-5
3,38;656;792,2.021933675492046E-5
3,255;928;966,-2.0198320978265155E-5
3,539;677;786,-2.0115740395460463E-5
3,79;621;812,2.0093986137579163E-5
3,517;522;724,2.0093215598910587E-5
3,117;138;500,2.0078864474870563E-5
3,133;475;942,2.004507469912057E-5
3,346;376;882,2.0044982288335534E-5
3,183;420;999,2.0021279823679155E-5
3,582;735;973,-1.999021806631664E-5
3,290;413;768,-1.9953447316441402E-5
3,22;260;915,-1.9933515627595455E-5
3,480;769;929,1.9912894022540845E-5
3,619;773;945,-1.991284854765614E-5
3,186;875;881,1.989323124569198E-5
3,482;601;681,-1.988259127300289E-5
3,112;190;823,-1.9873195776670995E-5
3,64;115;236,-1.983006775056514E-5
3,570;683;734,-1.978695993095448E-5
3,455;944;990,-1.9781513112354718E-5
3,519;692;859,-1.977175941472032E-5
3,91;246;848,-1.9685086909143577E-5
3,259;333;586,-1.968154987863579E-5
3,291;312;734,-1.9659065469151736E-5
3,596;757;824,-1.965311004877416E-5
3,683;898;913,-1.964638434748201E-5
3,209;236;598,-1.9608387754775157E-5
3,307;707;801,-1.9546018054217527E-5
3,371;574;877,1.954006481194154E-5
3,178;314;769,1.951110866501861E-5
3,59;187;747,-1.9503000296427467E-5
3,46;377;623,-1.9495070862343505E-5
3,499;512;708,-1.9491936766136704E-5
3,43;833;861,1.9491715567245174E-5
3,478;680;880,1.9450481144277403E-5
3,136;399;996,-1.9419155057283783E-5
3,213;668;813,-1.939652824750719E-5
3,190;707;871,-1.939130868256101E-5
3,103;190;320,1.9383901281522972E-5
3,349;561;967,-1.927360638554062E-5
3,196;313;533,-1.92387018766862E-5
3,151;491;835,1.915739952927454E-5
3,333;556;737,-1.9140182590427864E-5
3,267;296;790,1.9132219387640696E-5
3,150;152;982,-1.9129571248171205E-5
3,81;124;469,-1.9095776117367693E-5
3,468;780;894,1.907218093453122E-5
3,16;765;782,1.9070011663819594E-5
3,45;106;347,-1.9065266438234605E-5
3,510;668;965,-1.905110776250131E-5
3,252;492;945,1.9009339383006406E-5
3,165;252;863,-1.9000430721621497E-5
3,224;351;799,1.899179586992683E-5
3,34;691;954,1.898477942795999E-5
3,53;86;737,1.893011758271676E-5
3,605;864;976,-1.8868366318601178E-5
3,60;289;473,-1.8864969286509645E-5
3,729;900;968,-1.8851358229625464E-5
3,69;110;794,1.883519840169954E-5
3,142;154;658,1.879434033104018E-5
3,44;99;825,-1.8788743982996056E-5
3,114;241;795,1.876325291295257E-5
3,121;572;749,-1.87243647551623E-5
3,227;380;882,-1.870317046264769E-5
3,64;436;905,1.8698572554799558E-5
3,219;706;993,-1.8580918692732566E-5
3,30;200;667,-1.8500168594398813E-5
3,141;744;820,-1.8492019658326553E-5
3,5;271;864,1.8489771161160267E-5
3,166;640;844,1.8470980654456688E-5
3,87;137;217,-1.8391039722590367E-5
3,90;277;551,1.8381102094512693E-5
3,709;780;895,-1.833568737157025E-5
3,68;652;953,1.8328574223050455E-5
3,582;838;868,1.832425164756826E-5
3,444;580;929,-1.829194466094093E-5
3,196;686;815,-1.8259935870747204E-5
3,135;791;825,-1.8219357633480352E-5
3,58;227;622,-1.8178451572540575E-5
3,398;595;813,-1.8159422991576997E-5
3,329;400;438,1.8141485330519342E-5
3,178;853;936,1.8137285510003842E-5
3,183;484;562,-1.811424219885585E-5
3,289;473;814,1.8111766300910652E-5
3,2;759;768,-1.809072652166354E-5
3,132;238;554,-1.8081456049406696E-5
3,527;664;925,1.8079652414378375E-5
3,181;516;801,1.8072551789742667E-5
3,209;304;872,-1.802210911782789E-5
3,362;589;811,1.8018961921750677E-5
3,335;679;890,-1.798693907389369E-5
3,44;207;782,-1.7981427232967238E-5
3,186;790;875,1.7974374025947246E-5
3,53;287;491,1.797335412511167E-5
3,397;421;861,-1.79524256448804E-5
3,421;714;717,1.794962474394446E-5
3,70;209;521,1.7898000061675275E-5
3,366;379;942,1.7859730780970598E-5
3,85;437;710,1.7839244965082005E-5
3,50;161;506,-1.7819408115209704E-5
3,391;437;725,1.7779104392721054E-5
3,56;135;791,-1.7762339733202474E-5
3,43;455;568,-1.775664104690841E-5
3,83;333;770,1.7723156690181805E-5
3,209;443;872,-1.7686367659567104E-5
3,57;314;762,-1.758936416743951E-5
3,320;664;885,-1.7567194202640232E-5
3,95;547;987,-1.755871604676057E-5
3,255;327;634,1.7499916373444482E-5
3,680;879;880,-1.7475323539873757E-5
3,50;277;305,-1.7465656941560083E-5
3,102;142;646,-1.7445945904506445E-5
3,635;638;715,-1.74320367378357E-5
3,266;290;751,-1.742571323924319E-5
3,203;290;338,1.7420297965124155E-5
3,225;662;977,1.740294517933713E-5
3,38;196;390,1.733500770811232E-5
3,454;596;914,-1.7284226435248873E-5
3,395;441;504,-1.7274356751012145E-5
3,840;927;997,1.7204023727385677E-5
3,450;672;693,1.7192862164553116E-5
3,118;603;873,-1.7181172238809868E-5
3,28;562;820,1.7154128253011166E-5
3,493;553;735,1.7084571322569513E-5
3,259;586;990,1.707486484013989E-5
3,174;514;772,1.7065836565133955E-5
3,285;332;708,1.7052579730982606E-5
3,313;423;435,-1.7024839937638744E-5
3,125;412;528,-1.6953622581042362E-5
3,323;351;969,-1.6949939669817326E-5
3,241;545;900,-1.6931487621871258E-5
3,300;593;615,-1.690293541759465E-5
3,638;683;715,-1.6899165125887724E-5
3,453;574;687,1.683760573246555E-5
3,184;365;979,-1.6717542756492615E-5
3,656;806;891,1.6713655531756557E-5
3,458;671;944,-1.6712637628664727E-5
3,75;640;844,-1.670998416579038E-5
3,579;784;956,-1.6671905215122885E-5
3,96;371;642,-1.662534327159064E-5
3,232;525;609,1.6610384249763974E-5
3,153;409;897,-1.6607098133632245E-5
3,17;144;613,-1.6591068051677497E-5
3,110;389;824,-1.6586212860919185E-5
3,110;731;864,-1.657611706330918E-5
3,245;475;942,1.6503184085165796E-5
3,189;697;932,-1.649328620397584E-5
3,49;144;613,1.6466412690767096E-5
3,35;366;513,1.6459519070375552E-5
3,279;927;941,1.6452273509075645E-5
3,238;285;789,-1.634385076023872E-5
3,440;669;800,1.6334470190342183E-5
3,528;713;781,-1.6326285829577342E-5
3,349;377;623,-1.6256614067716816E-5
3,128;340;919,-1.6215918671688888E-5
3,51;77;125,-1.6215426527392835E-5
3,422;547;669,-1.621025155884883E-5
3,50;161;990,1.6172556850130033E-5
3,107;431;777,1.611426511069392E-5
3,500;624;903,-1.6106669442186138E-5
3,308;561;967,-1.6095462642902562E-5
3,398;458;589,-1.609318129648687E-5
3,487;680;926,1.608859782616566E-5
3,14;168;691,-1.607615639629136E-5
3,118;133;903,1.6069632267152752E-5
3,267;832;928,1.6050753267841668E-5
3,26;62;118,1.6011134597373926E-5
3,227;674;725,1.6009044007252878E-5
3,377;642;932,1.5937106609781607E-5
3,130;617;723,-1.5933371949451756E-5
3,166;881;901,-1.592299049418096E-5
3,618;694;792,1.5914746882618188E-5
3,385;500;910,1.58468750809045E-5
3,173;424;669,-1.5778964220932766E-5
3,106;517;760,1.577240060461771E-5
3,182;209;946,-1.5769660754646182E-5
3,97;583;700,1.5724164846418844E-5
3,275;479;773,1.5710135841878463E-5
3,542;668;813,1.568795694787574E-5
3,129;487;913,1.565036433895887E-5
3,180;302;477,-1.560320229083665E-5
3,462;530;949,1.560049062613627E-5
3,289;517;896,1.558074247298117E-5
3,60;482;746,1.5575227469804886E-5
3,163;225;500,1.557436967083551E-5
3,662;841;959,1.554904571569883E-5
3,14;382;691,1.5512203734832976E-5
3,1;264;795,-1.5509311171875298E-5
3,33;185;662,1.5490979312732337E-5
3,76;174;899,-1.5483858674129604E-5
3,325;399;476,-1.5461301851785744E-5
3,193;683;913,-1.545696706963211E-5
3,30;208;304,1.545457372188852E-5
3,332;708;736,-1.5422525348189595E-5
3,94;649;731,1.5407852451496527E-5
3,480;741;929,-1.536083574455885E-5
3,148;342;550,1.5262444680590694E-5
3,143;203;675,-1.5226813587478114E-5
3,129;335;390,1.522141803153463E-5
3,266;439;573,-1.5203255439303183E-5
3,724;887;895,1.5180026892670374E-5
3,385;450;547,1.5178662456463155E-5
3,170;717;821,1.5103975943772322E-5
3,180;691;954,1.5075525360429893E-5
3,414;746;946,-1.5071880427531687E-5
3,193;356;887,-1.5048787268363582E-5
3,102;135;569,-1.504638507120084E-5
3,104;264;840,1.5046071548515977E-5
3,228;427;541,-1.5029004665757968E-5
3,175;397;780,-1.501482188432763E-5
3,255;634;845,1.4993193926000799E-5
3,33;592;919,-1.4989725380766441E-5
3,43;195;833,-1.4968933471783242E-5
3,475;478;802,-1.4928260544682825E-5
3,344;585;943,-1.4905940116699768E-5
3,436;463;474,1.488421840023535E-5
3,174;348;665,-1.4878085602623111E-5
3,237;410;574,-1.4856753908456103E-5
3,288;350;600,1.4854022325916373E-5
3,87;673;948,1.4848514207849051E-5
3,27;99;900,1.4836015476626926E-5
3,33;732;869,1.4805495504350278E-5
3,64;236;748,-1.479493740320205E-5
3,160;255;818,1.4748645336566669E-5
3,493;631;824,1.4706429236242949E-5
3,416;448;699,-1.4687752449292227E-5
3,803;864;903,1.460471797714738E-5
3,206;440;903,-1.4601530035490079E-5
3,386;542;821,-1.4598353198462429E-5
3,138;467;723,-1.4592884083913252E-5
3,353;482;746,1.4566177570005348E-5
3,84;329;466,1.4559776765578639E-5
3,583;655;962,1.4552760686830507E-5
3,241;709;801,-1.4540373962114613E-5
3,271;569;861,1.4531004609476748E-5
3,252;275;539,-1.4497520288830321E-5
3,380;603;808,-1.4495693691376557E-5
3,142;157;672,1.4494313736705886E-5
3,121;868;888,-1.4484796392949265E-5
3,174;568;920,1.4484587882372806E-5
3,21;145;824,1.4476318463792528E-5
3,431;492;724,-1.4470885083740101E-5
3,67;639;642,1.446771794598549E-5
3,146;672;784,-1.4461812910485372E-5
3,535;819;945,1.438861997809078E-5
3,518;778;859,1.4362445201565281E-5
3,750;925;969,-1.4347415237130887E-5
3,163;634;686,-1.433646020403457E-5
3,29;483;968,1.4302974940024457E-5
3,116;216;789,1.4301951546866697E-5
3,148;169;195,1.4284901436845798E-5
3,490;635;937,-1.4281929112921137E-5
3,140;207;713,-1.4221409846394209E-5
3,125;528;737,1.4129808369564254E-5
3,74;691;992,-1.4066829939016319E-5
3,344;677;786,-1.4028211530662568E-5
3,299;710;721,1.4021003083032905E-5
3,18;774;961,1.4018165576325126E-5
3,417;438;795,-1.3972044744926513E-5
3,38;416;846,-1.3940812014527133E-5
3,194;759;961,1.3876784183953474E-5
3,261;492;766,-1.3846213383825162E-5
3,47;356;767,-1.3818581774650465E-5
3,50;299;305,1.3809417900474907E-5
3,68;82;308,-1.3789602205510537E-5
3,279;430;611,1.371705196481153E-5
3,518;599;778,1.3705000675401092E-5
3,527;552;807,-1.3682368982590301E-5
3,505;769;910,1.3677875542570314E-5
3,373;428;445,-1.3675325385176331E-5
3,781;783;848,-1.3664241008154804E-5
3,49;356;561,-1.3655543471243488E-5
3,308;666;714,-1.3620979221700816E-5
3,487;794;913,-1.3598450198911116E-5
3,321;718;923,-1.3586418943032107E-5
3,187;246;520,-1.3584997934661578E-5
3,4;367;474,1.3580252983389365E-5
3,474;565;674,1.3475661423379416E-5
3,107;159;431,-1.3430913069428251E-5
3,335;342;424,1.3416511894971596E-5
3,48;468;915,-1.3338197594287552E-5
3,178;681;936,-1.333354035831711E-5
3,285;708;736,-1.332867381507228E-5
3,270;431;477,-1.3320122074303353E-5
3,38;374;931,-1.3304463059662978E-5
3,244;455;881,1.3300168328171429E-5
3,404;422;941,1.326547922010897E-5
3,285;766;833,-1.3250499433652128E-5
3,293;319;858,-1.32476422687157E-5
3,118;169;172,1.3216505893260885E-5
3,306;367;519,-1.3212667756142625E-5
3,237;267;296,-1.321073375890363E-5
3,102;280;929,-1.3207046975162417E-5
3,19;55;747,1.3158170503576483E-5
3,587;691;980,-1.3114800092395941E-5
3,76;85;951,1.3043554303016222E-5
3,149;557;949,-1.3000817110377962E-5
3,615;750;847,-1.299929619185991E-5
3,272;616;641,-1.2952003569822137E-5
3,495;596;671,1.2924696455524327E-5
3,285;766;883,1.290798649119524E-5
3,210;397;873,-1.2897098008480657E-5
3,468;616;792,1.2888758080312369E-5
3,110;410;835,-1.2881250990786242E-5
3,64;145;689,1.2863104701531445E-5
3,220;384;578,-1.2803274775629071E-5
3,81;89;675,1.2798037641908469E-5
3,131;194;638,1.2788141409141446E-5
3,149;267;557,1.2784107071855337E-5
3,22;637;802,-1.2781610822720835E-5
3,66;687;743,1.2771439232801953E-5
3,323;350;600,1.2767252100357327E-5
3,80;151;835,1.2766167617996615E-5
3,226;420;846,1.2752888398961258E-5
3,37;75;392,-1.2612756733889702E-5
3,335;390;924,1.2598193590061903E-5
3,49;304;594,1.2592262911185377E-5
3,201;226;420,-1.2572360550250267E-5
3,254;718;896,1.254394593795282E-5
3,17;98;109,1.2532980226556052E-5
3,312;625;733,-1.250538641460352E-5
3,70;257;521,-1.250470363233723E-5
3,150;152;390,-1.2499524074119293E-5
3,25;246;558,-1.2476915504828948E-5
3,91;285;924,1.242914133511143E-5
3,93;478;802,1.2414360869928642E-5
3,129;930;995,1.2383526975179998E-5
3,76;239;434,1.2374037992434118E-5
3,435;695;728,-1.2368764129352825E-5
3,110;146;657,1.2345172111628187E-5
3,303;686;705,-1.230617425805758E-5
3,195;302;379,1.2298026397657362E-5
3,688;816;962,-1.2276715704438959E-5
3,128;405;916,-1.2272745936780523E-5
3,13;826;840,1.2239503375890749E-5
3,533;826;925,-1.223495994378844E-5
3,213;253;482,-1.2214730953277353E-5
3,106;246;781,1.2208266500648414E-5
3,33;175;732,1.2206427332773127E-5
3,187;308;476,1.2123088904491645E-5
3,201;226;846,1.2047387374229182E-5
3,128;307;698,-1.2036363484787011E-5
3,96;358;729,-1.201880167813696E-5
3,275;495;936,1.1982940748978683E-5
3,469;684;836,-1.1940461187594898E-5
3,14;759;885,-1.1938356286933321E-5
3,609;867;933,-1.1937903653709232E-5
3,50;506;990,1.1933829095515706E-5
3,209;257;521,-1.1913589221761542E-5
3,454;866;935,-1.1912022349390566E-5
3,107;159;777,-1.1871706222653183E-5
3,92;149;576,1.1852258560429097E-5
3,270;739;845,-1.1827952282393757E-5
3,171;739;771,1.1810791333220431E-5
3,209;935;942,-1.1795958728899158E-5
3,44;770;845,1.1737588634556352E-5
3,439;573;743,1.169001151230012E-5
3,486;690;720,1.1631859049734038E-5
3,57;406;762,1.1609579324172705E-5
3,297;301;917,1.1555530170499825E-5
3,663;666;944,-1.1552409347830827E-5
3,378;487;876,-1.1536953772521237E-5
3,232;609;660,-1.1520787148133746E-5
3,287;676;971,-1.1519755567472082E-5
3,256;487;745,1.1498272893029467E-5
3,449;498;867,-1.1494800624648784E-5
3,117;449;722,-1.1466232206674795E-5
3,116;841;959,1.1465646015053927E-5
3,825;831;867,1.146285807207012E-5
3,494;760;937,1.135601439009095E-5
3,293;422;864,1.135067129812247E-5
3,111;244;283,1.1330953340008998E-5
3,77;428;753,-1.1292831841063194E-5
3,280;461;987,-1.128865311995459E-5
3,107;206;869,1.1248728714949578E-5
3,283;505;603,1.1247158386911059E-5
3,273;302;477,1.121325580581293E-5
3,510;809;956,1.1193048160450372E-5
3,102;280;509,1.1183154644915532E-5
3,128;176;307,-1.1179437069716151E-5
3,514;788;849,-1.1126555772204616E-5
3,228;552;807,-1.109430854152655E-5
3,316;646;817,1.1089811763445292E-5
3,525;609;660,-1.106892903462732E-5
3,11;765;782,1.1068712586949915E-5
3,91;246;328,1.1059216706637502E-5
3,224;628;708,-1.1030716275835129E-5
3,334;382;805,1.0965533123269054E-5
3,56;920;964,1.0959492062586055E-5
3,214;385;930,1.0955272932789348E-5
3,1;245;595,-1.0953968296120622E-5
3,87;732;948,1.091751785874453E-5
3,62;482;612,-1.0915036119483982E-5
3,51;171;710,1.0807167251703964E-5
3,325;399;984,1.0804021714162192E-5
3,345;506;793,-1.0789653810306887E-5
3,554;613;714,1.0717965346874026E-5
3,824;949;982,1.0674779321051536E-5
3,708;960;964,-1.0673413320393086E-5
3,680;682;926,1.0648745563601598E-5
3,348;756;863,1.0585144972804662E-5
3,101;203;311,1.055625662799107E-5
3,343;628;928,1.0538566360559735E-5
3,304;611;956,-1.052208963330454E-5
3,168;325;457,1.0489906026459294E-5
3,5;317;468,-1.0482225246606678E-5
3,164;337;830,1.0405575538097435E-5
3,128;833;919,-1.0391533503832298E-5
3,88;112;205,-1.0382394435636815E-5
3,172;344;381,-1.0347103078804633E-5
3,253;616;869,1.0312438048456892E-5
3,199;209;565,1.0299913161097511E-5
3,340;654;672,1.0294606326082666E-5
3,465;758;926,-1.0286085073514556E-5
3,335;673;914,-1.0281683212018513E-5
3,316;613;840,-1.024381735663852E-5
3,331;879;900,-1.0219905572580478E-5
3,73;334;382,-1.0213393669577256E-5
3,318;339;605,-1.0189367508885842E-5
3,468;730;915,1.0174458917813406E-5
3,42;526;551,-1.0153527749050365E-5
3,489;891;944,-1.01143841423521E-5
3,5;256;864,-1.0098948509423604E-5
3,160;565;674,-1.0030060650575198E-5
3,144;321;922,1.0025637198203347E-5
3,138;520;723,-1.000898439795081E-5
3,492;766;779,9.959089368550862E-6
3,276;730;884,-9.957814064842024E-6
3,159;360;552,-9.885237307117768E-6
3,562;745;963,9.882242083303759E-6
3,537;592;879,9.874956426010661E-6
3,271;640;861,9.868081395325683E-6
3,208;555;887,-9.863921988331956E-6
3,436;729;905,-9.848753661618976E-6
3,482;601;654,-9.84714237120328E-6
3,55;382;795,9.803915811720993E-6
3,148;311;383,-9.798425832848235E-6
3,224;351;714,-9.777794348220174E-6
3,65;119;606,9.758774845384607E-6
3,194;881;901,-9.722440226136123E-6
3,149;473;832,-9.718218521312759E-6
3,92;146;576,-9.715501662912345E-6
3,292;721;788,9.668254101686508E-6
3,387;781;983,9.662432545164503E-6
3,372;494;809,9.628916328673084E-6
3,241;545;860,-9.623907144199028E-6
3,174;513;920,-9.618962991460513E-6
3,867;933;951,9.604327244661538E-6
3,650;767;998,-9.564397891597597E-6
3,30;105;188,-9.525600274538727E-6
3,278;565;810,9.502114690651202E-6
3,18;381;609,9.485164743497102E-6
3,90;404;699,-9.482586328671633E-6
3,235;597;874,-9.481758413977478E-6
3,382;837;852,-9.455608431161195E-6
3,85;467;951,9.409294944857518E-6
3,274;708;899,-9.402759273092323E-6
3,108;293;884,9.402282697826544E-6
3,678;764;978,-9.293621221849832E-6
3,175;483;597,-9.251223929535181E-6
3,35;188;755,9.23038277660107E-6
3,540;552;908,9.222436414050073E-6
3,180;336;834,9.204573743970753E-6
3,376;464;839,-9.204009710769498E-6
3,153;742;897,-9.186948452658994E-6
3,227;521;674,9.166470377040867E-6
3,11;183;729,-9.137478425475534E-6
3,10;37;992,-9.122281755100569E-6
3,59;457;778,-9.116098373047576E-6
3,105;898;913,9.089629967608786E-6
3,587;633;795,-9.055251485043264E-6
3,111;211;269,9.003137546831575E-6
3,82;157;678,-8.98967437288304E-6
3,104;160;874,8.97531641378388E-6
3,129;278;476,8.964590670826035E-6
3,708;779;899,-8.929030570931043E-6
3,110;389;973,-8.927154036163544E-6
3,76;181;925,-8.851984743629859E-6
3,4;128;944,-8.842239662302881E-6
3,138;565;762,8.832670201460926E-6
3,14;388;569,8.831812007854032E-6
3,365;535;636,-8.811665054941666E-6
3,613;864;976,8.804319617459151E-6
3,192;298;822,8.776873573022995E-6
3,773;897;945,8.767616486789345E-6
3,256;299;473,-8.762865574451571E-6
3,550;657;950,8.732480433289621E-6
3,207;731;915,8.695147220101243E-6
3,516;696;904,-8.676513522990606E-6
3,76;434;723,-8.648364262869016E-6
3,569;614;739,-8.62895468660911E-6
3,586;729;968,-8.583907659256456E-6
3,5;228;541,8.579807676498318E-6
3,103;191;560,-8.56934551432207E-6
3,517;710;853,8.551317782422726E-6
3,555;733;873,8.450475953340739E-6
3,353;564;616,-8.439525026317486E-6
3,54;396;777,8.424913623433832E-6
3,61;468;603,-8.414100841245816E-6
3,408;738;817,-8.404278097743052E-6
3,193;259;887,-8.388127010981358E-6
3,7;699;749,8.341906746446213E-6
3,535;536;953,-8.310374466306774E-6
3,447;589;705,-8.308942013724876E-6
3,281;564;616,-8.294733470722994E-6
3,145;256;805,8.287122976698078E-6
3,32;563;986,8.26194554025534E-6
3,77;625;680,8.247685726872748E-6
3,111;319;911,8.245784275410347E-6
3,576;591;981,8.202920872252752E-6
3,564;596;914,8.201216191665639E-6
3,0;270;431,8.183199958832425E-6
3,267;374;931,8.162391831002217E-6
3,382;417;592,8.136365387450385E-6
3,25;268;916,-8.129100608335605E-6
3,71;331;864,8.126253601975477E-6
3,673;733;770,8.119046273678861E-6
3,231;469;479,-8.11072179657553E-6
3,0;133;313,-8.068861930856E-6
3,132;218;730,-8.031184073796924E-6
3,783;848;872,-8.022784772002898E-6
3,84;264;900,7.966807875962074E-6
3,82;491;577,-7.947255944984835E-6
3,275;479;678,7.939219200050224E-6
3,108;563;884,7.920525183590876E-6
3,549;718;758,-7.873985008976008E-6
3,361;474;765,7.873221172943284E-6
3,63;603;873,7.808834936612753E-6
3,357;853;929,-7.807071474270031E-6
3,10;79;148,7.8022839145572E-6
3,199;323;603,-7.771414482601851E-6
3,36;463;467,-7.748142552639461E-6
3,163;200;747,-7.735983151636657E-6
3,208;440;543,7.731695514613932E-6
3,316;760;866,-7.728180310682856E-6
3,365;528;713,-7.682445826585337E-6
3,314;769;930,7.670475725738285E-6
3,556;740;808,-7.640424487079155E-6
3,121;134;294,-7.6174902629666255E-6
3,304;509;956,7.615761526861505E-6
3,166;293;319,-7.6137020217886614E-6
3,761;864;914,-7.604964648724705E-6
3,344;361;711,-7.6034718406420565E-6
3,447;481;998,7.5929667043609024E-6
3,68;314;629,7.560021495157381E-6
3,371;574;777,7.549873065255619E-6
3,60;289;814,7.539489251439241E-6
3,241;314;709,7.5282802495123256E-6
3,549;610;794,7.500416074846354E-6
3,90;735;767,-7.48686786948085E-6
3,173;403;976,7.468829884633793E-6
3,108;177;247,-7.4360934240239385E-6
3,312;316;625,-7.416049449984828E-6
3,44;151;257,-7.354107117052013E-6
3,569;639;927,7.352651969221857E-6
3,157;417;962,-7.321017343711219E-6
3,323;491;578,-7.315844081709051E-6
3,375;682;841,-7.295027614559552E-6
3,656;759;961,-7.290451893630402E-6
3,52;272;616,-7.288629974885691E-6
3,447;491;577,-7.287575325888689E-6
3,535;536;883,-7.2429163452577064E-6
3,3;331;989,7.228527945892342E-6
3,140;414;879,-7.130397433008452E-6
3,257;640;905,7.118551537514166E-6
3,594;712;729,7.096907119446737E-6
3,302;494;809,-7.074328564280065E-6
3,145;283;805,7.0730918476860084E-6
3,486;720;817,-7.070820977490116E-6
3,456;759;922,7.0527812477909E-6
3,524;582;973,7.032019418042303E-6
3,178;681;853,-6.997755040372179E-6
3,218;462;486,6.983057171353918E-6
3,31;758;902,6.959878342749131E-6
3,222;278;848,-6.957165222067872E-6
3,321;756;916,6.899378705362669E-6
3,41;66;621,-6.875299457608335E-6
3,67;704;785,6.843550982611295E-6
3,545;557;693,6.830037294094836E-6
3,93;410;413,-6.815674567179679E-6
3,40;234;694,-6.813344496494136E-6
3,172;926;965,6.787579280270504E-6
3,427;445;466,6.768947982490066E-6
3,7;889;914,-6.741830264762896E-6
3,28;493;974,6.733250428174444E-6
3,349;651;719,-6.715987881818736E-6
3,155;498;867,6.715661808018359E-6
3,449;569;648,-6.6866740248324314E-6
3,137;217;303,6.68180054073346E-6
3,572;634;749,-6.665451480150839E-6
3,235;783;832,-6.649423316126849E-6
3,321;385;788,-6.637499108855486E-6
3,175;397;645,6.632371783386284E-6
3,171;278;710,-6.623950818886434E-6
3,356;767;861,6.615329695041181E-6
3,361;474;893,-6.60696684762014E-6
3,288;475;935,6.591938567731923E-6
3,597;614;690,-6.534802357690772E-6
3,465;758;944,6.525310024368639E-6
3,510;897;956,6.486417123031267E-6
3,206;295;369,-6.4342165165325105E-6
3,134;375;682,-6.375016774354183E-6
3,118;291;340,6.312605360899871E-6
3,34;286;991,-6.075773719481037E-6
3,83;268;527,-6.029336703752587E-6
3,314;406;762,-6.006244661428906E-6
3,278;493;735,5.9298877369850995E-6
3,35;221;781,5.9295673167193355E-6
3,211;328;768,-5.910081120105653E-6
3,54;211;269,5.896363094340662E-6
3,408;920;984,5.86311533215568E-6
3,98;109;985,5.824386183509896E-6
3,70;756;863,5.757549218648337E-6
3,106;242;319,5.754429781814563E-6
3,108;529;738,5.753279083733936E-6
3,382;504;795,5.700509611853797E-6
3,438;809;983,-5.69373235376959E-6
3,192;298;382,-5.660653920572647E-6
3,180;273;302,5.635681581981751E-6
3,341;701;747,-5.599943558471009E-6
3,102;614;622,5.565697132430228E-6
3,244;449;648,5.562442322948697E-6
3,43;526;551,-5.562287770882586E-6
3,120;473;834,5.540680052944093E-6
3,4;20;687,5.5227247460318055E-6
3,4;687;909,-5.5149788384452965E-6
3,396;506;793,-5.467585093388475E-6
3,321;395;788,-5.3765408337767964E-6
3,247;364;875,-5.372235308120394E-6
3,250;400;923,5.363274533909341E-6
3,159;639;973,-5.328676511045211E-6
3,51;77;662,5.283951723560006E-6
3,9;479;678,-5.235242391379541E-6
3,515;853;929,-5.221298935836255E-6
3,371;691;980,-5.219037591375188E-6
3,90;551;823,-5.190637539777054E-6
3,22;325;802,-5.1651595843204E-6
3,500;826;903,-5.162505293113878E-6
3,35;97;188,-5.135695160729085E-6
3,380;578;882,5.1157151520043045E-6
3,133;826;903,-5.092506304614532E-6
3,473;520;547,-5.088333629333093E-6
3,389;513;906,5.086228218815811E-6
3,825;831;870,5.076580775235137E-6
3,456;805;874,5.000047185780198E-6
3,52;549;784,4.998999983420502E-6
3,75;253;999,-4.9918021159058445E-6
3,73;334;805,4.942586304763554E-6
3,379;380;442,4.92866024259974E-6
3,50;214;868,-4.925337452795005E-6
3,344;381;757,-4.869630564088269E-6
3,19;402;428,4.8470507498717186E-6
3,184;704;979,4.8168297540241925E-6
3,2;402;428,4.803376057933386E-6
3,499;512;560,-4.787003647107429E-6
3,586;729;900,-4.755747482306359E-6
3,434;620;788,-4.6996558437094054E-6
3,443;727;956,-4.680483947617692E-6
3,14;172;744,4.663571944193548E-6
3,507;544;860,4.660597839279114E-6
3,631;949;981,4.643127526233526E-6
3,83;498;527,4.638649527998896E-6
3,67;138;762,4.553098573466835E-6
3,28;820;825,-4.5461351269098855E-6
3,435;585;728,4.481487685232453E-6
3,370;416;719,4.4796108062937424E-6
3,190;611;942,-4.4754135610490795E-6
3,207;755;870,-4.377195874367822E-6
3,33;662;843,-4.356542996383744E-6
3,410;413;838,-4.301128578444328E-6
3,193;683;724,4.2893905256951305E-6
3,12;395;871,-4.259992840338067E-6
3,111;283;954,-4.22762898052019E-6
3,406;767;944,-4.226962874073474E-6
3,568;935;942,4.218265329552607E-6
3,84;494;857,4.211579045262551E-6
3,36;657;936,4.189312219879115E-6
3,128;212;818,4.181944421508585E-6
3,434;501;620,4.110498465547355E-6
3,126;203;361,4.109318217566132E-6
3,243;705;799,-4.093087846403193E-6
3,51;171;278,-4.090556981386891E-6
3,0;19;313,-4.0698587899003E-6
3,24;123;938,-4.036525416009767E-6
3,378;487;661,4.016169570269145E-6
3,244;663;666,4.001408825592592E-6
3,341;399;451,3.997447765794103E-6
3,178;408;644,3.923302662642125E-6
3,353;592;815,3.9059013304688155E-6
3,12;131;706,-3.861221577483254E-6
3,39;426;445,-3.846940156823999E-6
3,65;247;413,-3.827746749195567E-6
3,132;554;641,-3.7573124053605493E-6
3,766;833;883,-3.747331511617026E-6
3,112;156;659,-3.686598824865543E-6
3,143;574;687,-3.665583770144268E-6
3,18;68;953,-3.649934942794954E-6
3,188;252;281,3.6418780805869967E-6
3,116;216;611,3.6345100871134905E-6
3,437;710;716,3.631435282963141E-6
3,66;324;743,3.630436000551532E-6
3,303;410;433,3.6014969989214135E-6
3,292;463;474,3.518105415991825E-6
3,358;394;874,-3.4876793485616385E-6
3,59;671;747,3.4686922373566644E-6
3,381;659;693,3.455287541877572E-6
3,335;418;899,-3.455015643370224E-6
3,166;319;858,3.4243325462231035E-6
3,321;831;959,-3.420880448659562E-6
3,362;762;803,3.4154454321822307E-6
3,93;475;802,-3.408763629095743E-6
3,42;43;551,3.362704455492298E-6
3,478;549;758,-3.3567725178531154E-6
3,172;523;926,3.3289296083503644E-6
3,198;688;988,3.319192543865458E-6
3,403;653;980,3.2805800368745086E-6
3,267;557;949,-3.2759345791741335E-6
3,136;635;937,-3.26914639471719E-6
3,142;189;658,3.2664704599671414E-6
3,59;364;560,-3.203207928715042E-6
3,408;766;817,-3.2004746110766565E-6
3,261;346;999,3.1957371156208644E-6
3,237;238;723,-3.1924792035779234E-6
3,69;726;977,3.1721213312638843E-6
3,118;826;903,-3.1373006970591075E-6
3,227;265;338,3.104937486785059E-6
3,397;645;780,3.075258393960001E-6
3,117;500;819,3.0689982548707875E-6
3,356;464;531,3.061702327956266E-6
3,526;925;958,3.0242294339520304E-6
3,198;544;632,3.020102762961115E-6
3,289;638;685,3.0092138998802227E-6
3,277;551;823,3.0024617393514046E-6
3,144;297;420,-2.992419493443893E-6
3,57;868;937,-2.979911756656219E-6
3,179;246;781,-2.9696239078943685E-6
3,24;248;736,2.966015378644285E-6
3,255;320;475,2.961405583854701E-6
3,474;575;734,-2.9468155861670716E-6
3,23;915;986,2.946720665078513E-6
3,419;639;887,-2.9452288414457266E-6
3,2;19;428,-2.9256922004959122E-6
3,58;154;426,-2.921173473541622E-6
3,344;539;677,-2.860116118245805E-6
3,110;794;835,2.840255263551604E-6
3,217;421;528,-2.830568237126359E-6
3,96;393;968,-2.826447657523393E-6
3,495;590;672,2.791263248136465E-6
3,170;717;887,-2.7726778249704543E-6
3,8;27;148,-2.7699795368414244E-6
3,266;290;373,-2.7658815899937463E-6
3,244;283;954,2.7396219959145015E-6
3,63;174;951,2.7089746672003118E-6
3,514;607;636,-2.6501416655804396E-6
3,103;815;919,-2.638923323325583E-6
3,285;347;438,2.6162797747193295E-6
3,146;672;718,2.591311484082613E-6
3,222;450;693,-2.5490144242490064E-6
3,244;766;850,-2.532946725516093E-6
3,130;491;578,-2.5315599547188415E-6
3,335;388;508,-2.529409487404655E-6
3,136;957;964,-2.52583710971533E-6
3,339;542;986,2.502362542011173E-6
3,190;435;707,2.4792466634839043E-6
3,148;550;681,-2.467431386211194E-6
3,208;489;779,-2.351710354302289E-6
3,95;235;530,-2.287010920597389E-6
3,493;666;824,-2.2786450718634554E-6
3,232;525;660,2.2088091623865756E-6
3,170;356;788,2.1808631979212957E-6
3,283;505;552,-2.1373369398317784E-6
3,74;84;141,2.135263071220396E-6
3,4;181;817,-2.116276997276567E-6
3,133;722;904,-2.1103510832678406E-6
3,307;852;894,-2.1058585317423884E-6
3,117;730;835,2.0746651337846255E-6
3,225;400;623,2.0734617092705576E-6
3,432;510;812,2.037204800534563E-6
3,245;693;841,2.0136502235900066E-6
3,154;189;658,1.9889344986143006E-6
3,662;842;908,-1.9722639177675724E-6
3,0;139;427,-1.957469057885887E-6
3,275;418;476,1.9558857982793084E-6
3,126;143;971,1.949168419316777E-6
3,96;154;393,1.929692957035906E-6
3,206;714;843,-1.9170791533432846E-6
3,232;537;617,1.9108045715200974E-6
3,64;103;689,-1.908753689761025E-6
3,180;198;512,1.694885509215191E-6
3,142;635;773,-1.6863745482066789E-6
3,478;680;879,1.6710573421102187E-6
3,232;249;729,1.6671385919983725E-6
3,484;650;817,1.6577620100803047E-6
3,191;560;965,-1.6555249784460658E-6
3,208;555;650,1.6118188494345654E-6
3,307;648;707,-1.5847965651259803E-6
3,362;404;699,1.5446336331476075E-6
3,596;798;824,-1.541688798915454E-6
3,181;592;815,-1.5212068866459343E-6
3,177;575;831,1.5150877641149085E-6
3,504;692;716,1.5066151081408811E-6
3,113;550;579,1.469541605950725E-6
3,315;481;552,1.426939826787925E-6
3,30;208;426,1.3973740205237492E-6
3,289;515;896,1.379279627053892E-6
3,29;192;483,1.3271710509882225E-6
3,507;651;712,-1.3269902153101588E-6
3,184;959;974,1.3235726802426003E-6
3,345;396;506,1.3191502218586824E-6
3,19;352;701,-1.2797791110177108E-6
3,210;377;760,1.2732701030584298E-6
3,17;884;963,1.2684217136528092E-6
3,467;520;723,-1.2492185661965098E-6
3,245;532;731,-1.2389338562342757E-6
3,79;312;907,-1.234056725810645E-6
3,245;595;740,-1.186663880815536E-6
3,339;578;605,-1.1598439167488235E-6
3,167;777;859,1.1513431574175087E-6
3,178;813;897,1.1506873302739445E-6
3,288;323;600,1.1012114087196947E-6
3,38;390;608,-1.1007996725894767E-6
3,87;317;912,-1.098209121338692E-6
3,206;552;731,-1.0852681105430196E-6
3,535;626;819,-1.0807682638366012E-6
3,4;5;72,-1.0617719109486736E-6
3,182;245;693,-1.0531136250533577E-6
3,213;542;813,-1.0440789167326937E-6
3,317;499;912,-1.0286982626435473E-6
3,69;299;473,1.0084929422350535E-6
3,17;193;963,-9.96713701032055E-7
3,17;98;985,9.80765172845413E-7
3,24;248;546,9.438305933563637E-7
3,790;875;881,9.401354006672719E-7
3,25;177;343,-9.206491346116508E-7
3,374;396;798,8.678811905424507E-7
3,50;277;299,8.653277989393096E-7
3,261;483;588,8.652565817028543E-7
3,86;198;632,8.151322889075746E-7
3,676;785;818,7.385071697537035E-7
3,38;437;935,-7.36292164144517E-7
3,404;828;955,6.920810849874726E-7
3,239;434;723,6.4626517981798E-7
3,235;597;898,-6.19758095941697E-7
3,537;617;666,6.096650446376917E-7
3,709;780;955,6.01712120751538E-7
3,192;230;438,5.905411671247237E-7
3,308;662;714,-5.822566123901973E-7
3,148;195;626,-5.51807166159879E-7
3,54;605;610,-5.111630166171888E-7
3,183;455;617,-4.249929321222951E-7
3,159;431;777,4.021401410366429E-7
3,233;391;979,3.827970213328008E-7
3,38;485;956,3.20814621581178E-7
3,234;718;965,3.198493654257284E-7
3,140;336;648,-3.021419596217559E-7
3,128;340;833,2.963241891986712E-7
3,98;108;177,2.7315010432768517E-7
3,5;228;427,-2.3420498409631315E-7
3,20;687;909,2.1242580727562356E-7
3,60;473;814,2.1171425240015112E-7
3,47;495;596,2.0431441562009102E-7
3,678;726;978,1.9865311766817384E-7
3,502;716;967,-1.5359584267537336E-7
3,205;745;875,-1.4922718867011604E-7
3,285;332;736,-1.4457144467458493E-7
3,148;161;505,1.1036041420948995E-7
3,362;508;589,9.0710010348459E-8
3,431;459;989,-5.734732480432159E-8
3,544;556;860,5.092753376028519E-8
3,1;12;264,4.876457612484203E-8
3,95;469;530,-1.670606813287956E-8
3,374;402;798,1.3857911810646885E-9
4,240;272;855;931,2.5095148439147237E-4
4,233;391;824;979,-2.181268356433466E-4
4,167;359;817;926,2.056573909419876E-4
4,180;783;913;983,-2.014748109817445E-4
4,18;341;369;588,-1.9908078688452414E-4
4,148;590;784;898,-1.9721281717710937E-4
4,35;366;506;513,1.951220035389121E-4
4,478;549;718;758,1.916198147762954E-4
4,23;125;455;878,1.861201938534608E-4
4,175;278;314;415,1.8233262626966346E-4
4,473;520;547;567,-1.8157232647681733E-4
4,452;618;874;946,-1.7786407527736257E-4
4,315;467;481;552,-1.765122674054479E-4
4,50;158;285;744,1.7125683741439328E-4
4,190;435;707;871,-1.7000854162609033E-4
4,496;598;742;760,1.681629568755017E-4
4,72;383;649;881,1.678868452366667E-4
4,57;724;868;937,-1.662279769538871E-4
4,185;557;755;878,1.6605457638120327E-4
4,619;773;897;945,1.645981958730008E-4
4,11;194;677;822,1.6318800122350094E-4
4,535;723;726;915,1.6273500724436554E-4
4,336;361;604;867,-1.6143154744255737E-4
4,18;381;536;609,-1.599651435042593E-4
4,588;647;885;979,-1.595677301770277E-4
4,11;76;379;427,1.5922250047962038E-4
4,243;427;445;466,1.5868618298901465E-4
4,192;344;585;943,-1.5771143572932143E-4
4,227;258;539;714,1.5737695535821266E-4
4,103;191;560;965,1.5718041234904806E-4
4,274;708;779;899,-1.5682854211649072E-4
4,502;533;833;847,-1.5536806559682056E-4
4,47;495;596;671,-1.5502312726828238E-4
4,206;552;642;731,-1.5438694960429958E-4
4,37;92;378;971,1.5433750301346074E-4
4,26;151;630;879,1.5295110912071232E-4
4,153;379;786;835,-1.5259887677408312E-4
4,331;395;551;836,-1.5243927994493768E-4
4,39;368;506;600,1.512910825776232E-4
4,129;516;696;904,-1.5113517032292826E-4
4,235;245;681;804,-1.5077893152767402E-4
4,8;27;58;148,-1.4956545842403042E-4
4,537;761;864;914,1.4912994546082588E-4
4,51;171;278;710,1.4900111727799703E-4
4,127;130;202;512,1.4897603997979312E-4
4,65;247;360;413,-1.484098697497399E-4
4,464;724;887;895,-1.483626810276418E-4
4,335;388;508;518,1.4572132649445498E-4
4,25;155;248;301,1.4526215889979456E-4
4,803;842;864;903,-1.4469787820311632E-4
4,13;343;826;840,1.4461404396752612E-4
4,159;360;552;742,1.443683556786593E-4
4,247;364;489;875,1.4199350210309026E-4
4,173;279;403;976,-1.41939455666908E-4
4,293;312;439;476,1.4102147093880595E-4
4,148;169;195;626,1.4034547626973272E-4
4,165;252;557;863,1.4023590308478526E-4
4,278;565;611;810,-1.40224674643858E-4
4,781;783;848;872,1.4006570403725868E-4
4,178;283;408;644,-1.3928003829226975E-4
4,198;688;900;988,1.3835499149073894E-4
4,44;657;770;845,-1.3780896659822098E-4
4,94;348;647;958,-1.367857766292982E-4
4,250;400;851;923,1.363192571422327E-4
4,93;141;744;820,-1.3587830863298706E-4
4,676;785;818;913,-1.3563415103868995E-4
4,256;487;699;745,-1.356057341088039E-4
4,499;512;560;708,-1.3519926456733843E-4
4,385;500;594;910,1.3501322886550716E-4
4,82;447;491;577,1.349344190968376E-4
4,54;111;211;269,-1.3448699262631308E-4
4,166;194;881;901,-1.3437105603671898E-4
4,197;239;666;760,1.3402209942860367E-4
4,112;414;580;799,-1.3396898595766354E-4
4,36;375;650;788,-1.33699726341599E-4
4,150;234;718;965,1.335170369714248E-4
4,79;312;512;907,-1.3310518849243467E-4
4,71;576;591;981,1.3253476660117993E-4
4,259;333;586;990,-1.3131372375632764E-4
4,185;362;678;966,1.3117430838753468E-4
4,75;166;640;844,-1.305971230885426E-4
4,149;267;557;949,-1.2931101296298237E-4
4,298;349;651;719,1.288741290120895E-4
4,85;488;767;947,-1.2878578750781213E-4
4,138;141;441;586,1.2838063176515824E-4
4,203;451;484;924,-1.281073917967452E-4
4,371;574;777;877,1.2799583334374722E-4
4,107;673;733;770,-1.2699374185316643E-4
4,89;281;890;988,-1.2698655866210062E-4
4,225;338;844;962,-1.268551101133026E-4
4,484;650;817;997,-1.2650089902835243E-4
4,486;494;602;725,-1.258832218260059E-4
4,474;575;601;734,-1.249179322232173E-4
4,625;631;949;981,1.2443002368992648E-4
4,244;663;666;944,-1.2390994793037868E-4
4,174;513;568;920,1.236760774697722E-4
4,27;277;612;791,1.2351331152686548E-4
4,240;320;730;915,1.2289387225085916E-4
4,22;179;260;915,-1.2289180339799247E-4
4,74;691;771;992,1.2269195750546768E-4
4,15;258;722;940,-1.2249442557239008E-4
4,69;335;682;907,-1.2237969209015484E-4
4,177;555;575;831,-1.2150159003698474E-4
4,8;102;614;622,1.2093347268071961E-4
4,235;597;874;898,1.2075758496611741E-4
4,146;672;718;784,-1.2066151793624416E-4
4,358;588;686;764,-1.2062903056642233E-4
4,83;116;361;390,-1.2057991967107406E-4
4,51;432;546;759,1.1908119986519577E-4
4,4;407;612;972,1.1907815595579564E-4
4,34;276;520;527,-1.1906325797807065E-4
4,111;187;407;643,-1.1903994312713064E-4
4,121;572;634;749,-1.1878911836279346E-4
4,67;406;704;785,1.1790513455643673E-4
4,49;149;473;832,1.1783770805741843E-4
4,285;332;708;736,-1.1754131152015495E-4
4,160;232;708;813,1.1743622860283637E-4
4,640;851;903;970,-1.1737365857224288E-4
4,67;639;642;992,-1.1725959374263699E-4
4,313;345;423;435,1.1724990243218332E-4
4,69;256;299;473,1.1705167971444083E-4
4,20;77;625;680,1.165594941630265E-4
4,480;514;607;636,-1.1651900599713271E-4
4,269;637;875;918,-1.163059566654382E-4
4,86;198;544;632,-1.159797039587832E-4
4,192;298;382;822,1.1566994650909995E-4
4,20;126;203;361,1.1534764591177683E-4
4,487;680;682;926,-1.1494178387074212E-4
4,10;37;679;992,1.1481718881726863E-4
4,228;527;552;807,1.1396634274308553E-4
4,345;396;506;793,1.1346066890119161E-4
4,280;461;795;987,1.131027722140247E-4
4,188;252;281;448,1.1306113598029074E-4
4,178;681;853;936,1.1305575355812517E-4
4,80;151;491;835,-1.1239301903488034E-4
4,51;77;125;662,-1.1214321220024892E-4
4,114;241;533;795,-1.1198607949310927E-4
4,212;371;679;981,1.1189478233826692E-4
4,357;515;853;929,1.1186693012253038E-4
4,31;49;424;709,-1.1178443734147338E-4
4,86;285;300;653,-1.117517250179938E-4
4,10;329;397;863,1.1141497030876509E-4
4,26;400;819;968,-1.1007763652018225E-4
4,709;780;895;955,1.1001530018134763E-4
4,33;185;662;843,1.0947868160114979E-4
4,60;525;651;725,-1.094431682612432E-4
4,220;377;642;932,-1.092045824976947E-4
4,140;414;682;879,1.0865442024177221E-4
4,4;20;687;909,1.0855802786001819E-4
4,199;209;241;565,1.0849966571740658E-4
4,303;560;686;705,1.0809918653207414E-4
4,176;516;607;837,1.074963562226224E-4
4,97;493;745;858,-1.066423440067448E-4
4,38;82;316;556,-1.0662207531532328E-4
4,117;138;500;819,1.0611123605471678E-4
4,447;481;803;998,-1.0599050043315866E-4
4,270;739;828;845,1.0592003228964678E-4
4,90;362;404;699,1.0554285048938417E-4
4,114;245;838;854,1.0533309031355946E-4
4,142;276;492;646,-1.0426288497355624E-4
4,535;626;819;945,-1.0398291123393908E-4
4,463;608;742;797,-1.0364930129452752E-4
4,110;389;824;973,-1.0351476493539083E-4
4,272;514;718;758,1.0326649648486042E-4
4,167;370;859;911,-1.025443913572014E-4
4,60;289;473;814,1.0245595743264402E-4
4,17;193;884;963,-1.0219619285686333E-4
4,227;521;674;725,-1.0211104639145921E-4
4,89;180;336;834,-1.0143271294894702E-4
4,20;366;716;746,-1.0089330628406251E-4
4,180;183;260;281,-1.0033149711220848E-4
4,271;524;584;627,-1.0029228178066252E-4
4,210;396;397;873,-9.971369594957583E-5
4,38;290;647;849,9.964887769100792E-5
4,129;134;373;869,-9.933275693573951E-5
4,378;487;661;876,9.91408057939753E-5
4,389;513;906;962,9.896453549347124E-5
4,1;245;595;740,-9.847330926332983E-5
4,495;590;672;719,-9.825189273756355E-5
4,73;200;662;795,9.806025885157072E-5
4,23;711;915;986,9.801749885742964E-5
4,539;579;784;956,-9.761400701167354E-5
4,147;169;523;920,9.755899552115797E-5
4,301;341;701;747,9.73181855252349E-5
4,183;420;811;999,-9.701029744291445E-5
4,351;819;865;931,-9.70055081212018E-5
4,21;176;279;909,9.693848175299302E-5
4,327;328;841;923,9.662208744568781E-5
4,28;493;618;974,9.644819775879299E-5
4,43;44;799;988,-9.62870727258456E-5
4,121;834;868;888,-9.592978740952472E-5
4,181;320;664;885,9.479609365607929E-5
4,160;474;565;674,-9.453944680079391E-5
4,69;380;726;977,-9.395914634679509E-5
4,118;169;172;315,9.389599624039555E-5
4,19;352;701;876,-9.371463613760454E-5
4,285;289;390;392,9.371410717790393E-5
4,232;516;687;762,-9.365777668026089E-5
4,517;710;853;921,-9.351916242013634E-5
4,276;314;730;884,9.326572491681082E-5
4,307;852;876;894,-9.312790850395714E-5
4,103;472;655;818,-9.295291898446867E-5
4,291;312;734;796,-9.265825553941296E-5
4,55;127;180;969,-9.242939688421272E-5
4,124;432;476;692,-9.17747674273769E-5
4,182;381;695;967,9.161195853657713E-5
4,25;77;246;558,-9.125805658694827E-5
4,30;200;482;667,9.052593222191379E-5
4,5;82;317;468,9.032041612637326E-5
4,321;650;831;959,-9.030279989432882E-5
4,208;440;543;668,-8.962389506896738E-5
4,167;777;859;904,8.959992242419984E-5
4,22;237;851;887,8.941943010334417E-5
4,64;115;236;748,8.931320850443326E-5
4,192;337;367;546,-8.924763934632052E-5
4,126;143;348;971,-8.910112428007013E-5
4,280;353;597;860,8.899822180018377E-5
4,315;715;833;850,-8.861495200825767E-5
4,180;198;421;512,8.84964964674324E-5
4,287;453;541;998,-8.842806129723729E-5
4,303;410;433;688,8.820524166433534E-5
4,266;600;702;972,8.815208270173628E-5
4,96;358;729;831,-8.807628260663543E-5
4,170;321;695;921,-8.782909892500633E-5
4,133;722;789;904,8.762747255639322E-5
4,86;199;461;576,8.735103714946341E-5
4,195;385;509;582,-8.734015039252477E-5
4,143;453;574;687,8.726048272163693E-5
4,12;24;131;706,-8.726023141718415E-5
4,9;551;747;971,8.719010389076585E-5
4,65;100;119;606,-8.715628499389009E-5
4,406;444;580;929,8.714936930643036E-5
4,406;497;767;944,-8.682358209722644E-5
4,0;270;431;477,-8.67215514356193E-5
4,61;122;132;513,8.671750519188476E-5
4,840;927;979;997,8.670283342144493E-5
4,66;324;687;743,8.630359743392708E-5
4,69;110;794;835,8.626451910472036E-5
4,486;690;720;817,8.608730204107962E-5
4,5;228;427;541,-8.59154500041385E-5
4,3;11;315;457,8.554487622163379E-5
4,93;135;366;440,-8.543757201534998E-5
4,361;474;765;893,8.536113512037821E-5
4,33;156;885;973,8.523917452179803E-5
4,450;656;862;911,8.494035447341232E-5
4,25;268;639;916,8.44063520160834E-5
4,207;569;614;739,8.428278109450463E-5
4,774;779;831;928,8.403212174145193E-5
4,49;157;304;594,-8.382315985598721E-5
4,62;65;92;777,-8.342280196900865E-5
4,52;272;616;641,-8.334946173632637E-5
4,257;408;568;649,8.32864754617421E-5
4,14;168;382;691,8.315466638697468E-5
4,414;727;864;871,8.312858076947533E-5
4,101;413;446;881,8.25554660242687E-5
4,287;676;930;971,-8.194604794472664E-5
4,135;382;417;592,8.17259028963027E-5
4,227;665;687;875,8.167680163740413E-5
4,367;708;960;964,-8.158189208857736E-5
4,220;530;574;703,8.15002462518753E-5
4,157;417;763;962,8.115044643424779E-5
4,29;46;186;225,8.095918368975879E-5
4,507;651;712;764,-8.068927549756805E-5
4,40;66;380;429,-8.060776749638534E-5
4,104;160;288;874,8.053614761443983E-5
4,181;516;644;801,-8.053151001473103E-5
4,217;421;528;776,8.037181320087522E-5
4,109;269;425;806,8.03691577954709E-5
4,504;692;716;779,8.019672302340944E-5
4,329;400;438;932,-7.996551203059061E-5
4,41;204;437;716,-7.968422533921123E-5
4,548;591;701;863,-7.928313207072041E-5
4,95;547;568;987,7.902869071706089E-5
4,152;533;826;925,-7.887998533797788E-5
4,27;526;665;836,7.870275461633183E-5
4,371;587;691;980,-7.85184320187951E-5
4,279;877;927;941,7.83165399058429E-5
4,435;742;883;946,-7.824994807452036E-5
4,97;309;583;700,7.823838494152797E-5
4,10;513;541;922,-7.814794362212032E-5
4,125;482;659;772,7.800692359991965E-5
4,209;304;443;872,-7.789768715995176E-5
4,42;43;526;551,7.784441215769492E-5
4,67;138;565;762,7.775912796538537E-5
4,469;684;836;893,-7.7707556187706E-5
4,110;146;221;657,-7.766951406723133E-5
4,299;710;721;874,7.765600232068472E-5
4,61;468;603;948,-7.748575192595575E-5
4,167;251;696;865,-7.733593657480774E-5
4,302;372;494;809,7.722778010723913E-5
4,38;62;603;706,7.666222252769877E-5
4,152;237;410;574,7.586179328266312E-5
4,206;426;719;939,7.585815434931315E-5
4,95;235;469;530,7.575587272989873E-5
4,333;556;737;974,7.569800959770214E-5
4,316;613;665;840,-7.564408873424927E-5
4,52;428;535;889,-7.521739789649408E-5
4,69;128;171;825,7.501687464097704E-5
4,267;514;832;928,-7.494205449273738E-5
4,183;455;617;885,7.481967215343877E-5
4,76;174;378;899,-7.469311596216789E-5
4,101;203;311;952,7.446284570146114E-5
4,609;867;933;951,-7.441385696892222E-5
4,193;259;356;887,7.438128523841869E-5
4,16;70;517;964,7.429097108246086E-5
4,159;639;675;973,7.410408364670715E-5
4,58;154;426;814,-7.410268027196342E-5
4,107;527;551;933,-7.410125347766369E-5
4,511;694;789;974,7.409596909760672E-5
4,241;545;860;900,-7.399961340162423E-5
4,277;580;708;753,7.393817041194029E-5
4,17;49;144;613,-7.356168803891914E-5
4,383;537;564;989,7.351655004010302E-5
4,186;790;875;881,-7.335212484566024E-5
4,178;772;813;897,-7.334987362389636E-5
4,443;446;584;886,7.324410588776914E-5
4,34;180;691;954,-7.304758000306502E-5
4,81;124;469;569,7.291440117513182E-5
4,78;81;597;769,-7.276046065728181E-5
4,48;213;305;532,7.259446872279077E-5
4,175;430;483;597,7.22931642612861E-5
4,25;177;333;343,-7.183764327040207E-5
4,213;542;668;813,7.103386109881132E-5
4,194;656;759;961,7.096633191925731E-5
4,325;399;476;984,7.078616559750992E-5
4,254;307;718;896,-7.070906614178507E-5
4,93;475;478;802,7.048963277292105E-5
4,288;323;350;600,7.039239537724352E-5
4,166;293;319;858,7.017484128935244E-5
4,38;267;374;931,6.995197064110534E-5
4,262;327;510;602,-6.97709224320115E-5
4,127;128;443;908,-6.974671719273632E-5
4,510;537;592;879,-6.958512216210116E-5
4,362;508;589;811,6.948995489987633E-5
4,48;452;867;883,-6.940235637713341E-5
4,635;638;683;715,-6.938315835351872E-5
4,478;680;879;880,-6.932306111616503E-5
4,110;362;471;729,-6.918672248168095E-5
4,288;350;475;935,-6.894684686362144E-5
4,235;308;783;832,-6.87173329609774E-5
4,253;616;869;890,6.865556950974047E-5
4,585;706;944;998,6.861957969803247E-5
4,605;613;864;976,6.855951168801602E-5
4,524;582;735;973,6.853781740815991E-5
4,21;145;165;824,6.842990074764801E-5
4,42;491;724;789,6.833929242623546E-5
4,125;412;528;737,6.827987733358785E-5
4,255;526;928;966,-6.823112732302474E-5
4,407;516;779;980,-6.819305581883662E-5
4,83;103;815;919,6.761131418796646E-5
4,49;356;561;785,6.75126138968947E-5
4,130;323;491;578,6.737918303824372E-5
4,13;214;385;930,6.725186527104176E-5
4,25;475;747;962,6.700733664555356E-5
4,366;379;765;942,6.69958388262047E-5
4,37;275;418;476,6.697574832051267E-5
4,47;356;767;861,6.694343268141156E-5
4,114;362;762;803,6.669388828457737E-5
4,63;163;174;951,6.667704060821727E-5
4,107;159;431;777,6.633052774148557E-5
4,163;225;363;500,-6.622278282478387E-5
4,90;277;551;823,-6.620743081742741E-5
4,3;331;430;989,-6.613136943046192E-5
4,181;191;675;985,6.61074457237844E-5
4,432;510;651;812,6.576033060838349E-5
4,373;735;758;919,6.575878445309583E-5
4,36;391;463;467,-6.53226133615886E-5
4,68;82;308;437,6.519316608017267E-5
4,535;536;883;953,-6.493603086913574E-5
4,317;344;384;955,-6.432660758127776E-5
4,85;550;657;950,6.427594459606089E-5
4,76;138;502;559,6.425560941902383E-5
4,493;631;666;824,-6.405982461146221E-5
4,232;525;609;660,-6.39644282228835E-5
4,131;322;677;993,-6.395678654971182E-5
4,375;559;762;914,-6.387835534277058E-5
4,335;358;418;899,6.381027266760379E-5
4,34;112;531;952,6.375696649802581E-5
4,241;314;709;801,-6.34313375830818E-5
4,26;423;596;661,-6.338232832571483E-5
4,208;413;427;448,-6.317885457063402E-5
4,118;291;319;340,6.306873763421837E-5
4,243;705;799;938,-6.294373409145373E-5
4,381;659;693;842,6.284807455699856E-5
4,59;457;584;778,-6.24024606915622E-5
4,206;509;714;843,-6.238269178550207E-5
4,24;72;128;172,6.232552955402014E-5
4,252;275;469;539,6.226525921846858E-5
4,620;649;875;965,6.218991325375946E-5
4,85;297;301;917,6.213308198119865E-5
4,197;282;421;992,-6.188054963363525E-5
4,210;555;733;873,6.158513839313686E-5
4,41;66;621;881,6.14565393392797E-5
4,60;353;482;746,-6.119424878645109E-5
4,73;458;671;944,-6.100889177596027E-5
4,143;203;379;675,6.082196171723616E-5
4,455;936;944;990,-6.0713884940646884E-5
4,33;355;519;696,-6.05888040100193E-5
4,25;100;206;973,6.0494726089035346E-5
4,196;407;686;815,6.02950930246496E-5
4,510;809;897;956,6.027833182613487E-5
4,68;354;934;969,-6.021424324991194E-5
4,0;465;678;700,6.015894083099849E-5
4,128;289;405;916,-5.9864401625088114E-5
4,87;317;499;912,5.9785086056519574E-5
4,30;105;188;961,5.9735388154293405E-5
4,142;635;773;805,5.970596553053299E-5
4,6;394;571;699,-5.9603046995699174E-5
4,318;388;589;908,-5.956980416000831E-5
4,145;256;283;805,-5.9522321559168375E-5
4,59;124;423;713,-5.9444116925262694E-5
4,66;371;721;874,5.926584516448934E-5
4,102;342;744;765,5.923655443119579E-5
4,58;227;508;622,5.894661338608261E-5
4,281;353;564;616,-5.872780952981963E-5
4,1;207;514;873,-5.85141997201412E-5
4,31;578;758;902,5.8272983588423464E-5
4,12;553;896;976,-5.8073121616610545E-5
4,182;391;437;725,-5.805448526467458E-5
4,52;263;549;784,5.7886477954772414E-5
4,62;625;797;801,5.7805647419041005E-5
4,306;404;528;670,5.7771215141850346E-5
4,279;430;515;611,-5.7716138364649864E-5
4,321;434;756;916,-5.762282173811991E-5
4,55;112;292;493,5.704643560087777E-5
4,15;404;828;955,5.68758397560421E-5
4,209;568;935;942,5.67646294776335E-5
4,184;891;959;974,5.666775463911695E-5
4,77;428;664;753,5.6658903414049216E-5
4,4;63;445;712,-5.661588862126207E-5
4,390;468;723;822,5.654869779743206E-5
4,196;387;781;983,5.650257602478504E-5
4,2;271;574;831,5.616737239768276E-5
4,341;399;451;783,-5.582861969372066E-5
4,36;555;630;683,-5.574183064074565E-5
4,374;396;402;798,5.554939461831827E-5
4,239;294;566;880,5.528593181963411E-5
4,1;12;264;795,-5.5253658591511304E-5
4,30;208;304;426,5.5075938820822634E-5
4,129;278;476;883,-5.4931996623730225E-5
4,454;564;596;914,5.467520555355666E-5
4,5;206;440;903,-5.4533647606773865E-5
4,224;351;714;799,-5.4489125719689894E-5
4,123;207;755;870,5.415039716246797E-5
4,4;5;72;170,5.400876235256671E-5
4,4;367;474;577,-5.383747160506692E-5
4,53;286;395;462,-5.383675239666851E-5
4,341;599;709;804,-5.3755318512398825E-5
4,416;448;689;699,5.3411069880826705E-5
4,428;490;734;864,5.334673861668816E-5
4,193;683;724;913,-5.318195158441483E-5
4,112;183;484;562,5.2735947539988904E-5
4,34;431;459;989,-5.261825705973556E-5
4,408;738;766;817,-5.2407481784683886E-5
4,398;595;813;974,-5.240490034505217E-5
4,18;68;652;953,5.2337322448952715E-5
4,79;621;692;812,5.211874490073516E-5
4,130;508;617;723,5.2054279784423135E-5
4,417;438;715;795,-5.181768261980777E-5
4,38;656;792;999,5.180509919406067E-5
4,46;349;377;623,-5.179426013807167E-5
4,1;252;492;945,-5.1779383536540675E-5
4,517;522;570;724,5.177926280375897E-5
4,562;745;955;963,5.168232284186824E-5
4,110;502;716;967,-5.123808803327101E-5
4,4;225;311;743,5.079740121121688E-5
4,244;449;569;648,5.049689764900639E-5
4,315;528;694;712,5.044883757344094E-5
4,129;790;930;995,5.041759942552377E-5
4,12;395;870;871,5.040792032917872E-5
4,112;156;192;659,5.035699640999388E-5
4,137;436;698;786,-5.0347304117837485E-5
4,308;349;561;967,5.033796333546967E-5
4,397;421;670;861,-5.032972326663792E-5
4,494;721;760;937,4.978904265013031E-5
4,91;285;708;924,4.96851579324367E-5
4,56;135;791;825,-4.96698700380944E-5
4,195;302;379;563,4.949735517279214E-5
4,50;161;506;990,-4.93496374083789E-5
4,84;312;494;857,-4.900074798348675E-5
4,102;206;666;728,-4.899098790340604E-5
4,84;264;548;900,-4.886069837507572E-5
4,54;396;512;777,4.842808481967025E-5
4,104;264;542;840,4.8247487067756686E-5
4,43;195;833;861,-4.8046836682682935E-5
4,17;98;109;985,-4.797286532495637E-5
4,92;153;553;700,-4.796404331505555E-5
4,101;661;663;897,4.7956383984045596E-5
4,39;426;445;535,-4.788820195922564E-5
4,44;151;257;632,-4.7840140714306055E-5
4,294;429;794;870,4.776968249565558E-5
4,210;536;880;971,-4.7290577448273134E-5
4,42;491;633;949,-4.727518745637342E-5
4,62;284;425;936,4.702127858356637E-5
4,136;686;957;964,4.698138660665987E-5
4,414;631;746;946,-4.685634078757033E-5
4,108;293;563;884,-4.677230602915755E-5
4,208;489;749;779,4.674934727081728E-5
4,89;442;693;804,4.667658146515392E-5
4,258;511;573;875,-4.657652173678794E-5
4,556;611;740;808,-4.6342293015118724E-5
4,187;246;333;520,-4.628321433821129E-5
4,480;741;769;929,-4.619790622332405E-5
4,27;99;662;900,-4.6087582877267104E-5
4,359;700;780;870,-4.6076204599623035E-5
4,29;493;787;834,4.60337748259677E-5
4,8;155;279;656,4.582914094531428E-5
4,61;117;827;925,-4.565753188561957E-5
4,242;368;375;892,4.549540170264726E-5
4,87;137;217;303,4.5454880206205146E-5
4,570;683;734;735,4.542740977708345E-5
4,379;380;442;906,-4.5426437875951476E-5
4,81;199;707;798,-4.540805131940324E-5
4,13;688;816;962,4.518281470249074E-5
4,424;431;487;538,4.51732103850745E-5
4,103;182;342;719,4.517047225839033E-5
4,261;468;780;894,-4.5000680809660013E-5
4,204;505;769;910,-4.499451000027305E-5
4,70;135;688;844,-4.4944406407959236E-5
4,10;173;754;954,-4.486246604005201E-5
4,2;19;402;428,-4.4835471517159546E-5
4,37;75;392;951,-4.4814413894667286E-5
4,178;314;769;930,4.480299972530294E-5
4,28;128;212;818,-4.4559106102208865E-5
4,308;662;666;714,4.437709912524391E-5
4,84;329;466;523,4.4261151342372806E-5
4,213;253;482;567,-4.399403471519289E-5
4,423;581;815;906,4.394086456363347E-5
4,269;737;801;853,4.391803034332186E-5
4,327;802;892;977,4.367050889588158E-5
4,518;599;778;859,-4.352440409729422E-5
4,481;825;951;965,-4.3433727391109926E-5
4,24;248;546;736,4.323842096405836E-5
4,110;224;731;864,4.30220622844424E-5
4,136;490;635;937,4.271013506324161E-5
4,50;277;299;305,-4.269810206028031E-5
4,224;382;628;708,4.23348777663041E-5
4,223;231;500;618,-4.228687051834878E-5
4,170;453;705;788,4.216892621159963E-5
4,455;543;912;968,-4.208431979841291E-5
4,395;441;504;589,-4.189381775153045E-5
4,340;384;654;672,-4.1782544405280046E-5
4,35;221;334;781,4.1754883857797316E-5
4,111;319;583;911,-4.155396292926451E-5
4,64;210;377;760,4.1510704215738024E-5
4,429;456;908;952,-4.133194133128481E-5
4,227;380;578;882,-4.1312907813671485E-5
4,261;483;588;623,-4.123463137552161E-5
4,41;321;364;558,-4.117956223223651E-5
4,136;353;399;996,4.099261412558304E-5
4,366;385;450;547,-4.0656574494583075E-5
4,4;140;307;686,-4.060659238303877E-5
4,179;384;503;973,4.049364399267702E-5
4,163;200;232;747,-4.042461521808815E-5
4,53;287;491;942,-4.031047502225854E-5
4,23;152;603;927,-4.026431609732931E-5
4,307;648;707;801,4.024833694657567E-5
4,7;173;489;757,4.003197664928069E-5
4,304;509;611;956,3.9951906154375864E-5
4,148;342;550;681,-3.991932384392972E-5
4,117;523;751;815,-3.971942463556132E-5
4,196;313;533;753,-3.961945287500094E-5
4,33;175;732;869,-3.935097825442354E-5
4,113;245;693;841,3.926175241717623E-5
4,7;83;699;749,-3.9002343556074564E-5
4,290;339;404;917,-3.8988826337140986E-5
4,50;144;321;922,-3.891904311058015E-5
4,76;239;434;723,3.867868011585387E-5
4,215;485;882;941,3.852925933623732E-5
4,225;400;623;773,3.8507873389797593E-5
4,386;515;591;659,3.8449742544620684E-5
4,100;618;694;792,-3.831524295291093E-5
4,261;492;766;779,-3.8188829210326706E-5
4,64;103;145;689,-3.805099274007479E-5
4,14;533;759;885,3.8038690743547197E-5
4,180;273;302;477,3.792370696028468E-5
4,129;335;390;924,3.7916683476100254E-5
4,300;593;615;809,3.761816625485086E-5
4,59;187;671;747,3.753313929987631E-5
4,71;171;739;771,3.7342723049718544E-5
4,316;646;817;869,-3.733906592161549E-5
4,26;142;264;965,3.732890897212279E-5
4,112;260;490;527,3.731984497191405E-5
4,282;531;582;931,-3.71259733509983E-5
4,421;608;668;816,3.699770215627669E-5
4,137;593;821;947,-3.691664240560154E-5
4,346;376;865;882,3.690465954659541E-5
4,138;467;520;723,3.678055296442198E-5
4,301;600;615;906,3.6738235166342345E-5
4,168;344;361;711,-3.6707966726753485E-5
4,0;139;427;442,3.657524281371085E-5
4,102;142;646;976,-3.6332524052341084E-5
4,208;555;650;887,3.6297716760613415E-5
4,500;624;826;903,-3.6287984935719735E-5
4,50;214;624;868,3.614051656705063E-5
4,203;247;290;338,3.612849972765076E-5
4,73;334;382;805,3.603564195329375E-5
4,52;78;156;533,-3.599554754747393E-5
4,190;581;611;942,3.5956982079574794E-5
4,114;255;320;475,-3.5852497185231334E-5
4,335;342;424;632,3.5690799719945734E-5
4,140;277;336;648,-3.565636554621678E-5
4,319;431;492;724,3.549747957392263E-5
4,193;321;476;871,3.545947659347628E-5
4,151;456;805;874,-3.538180684260094E-5
4,133;245;475;942,-3.530243009749312E-5
4,443;446;456;731,-3.51948221370671E-5
4,22;325;637;802,-3.5177047458703226E-5
4,244;534;766;850,3.5165131710817355E-5
4,71;120;191;348,3.494202932728221E-5
4,14;152;388;569,3.490781857380526E-5
4,125;433;545;856,-3.488022710608403E-5
4,656;666;806;891,-3.482412564096913E-5
4,200;250;449;459,3.473037274956114E-5
4,35;675;892;998,3.4699527300058646E-5
4,98;108;177;247,3.446703569215284E-5
4,564;615;750;847,-3.443032062453491E-5
4,70;209;257;521,3.4355072451732485E-5
4,11;16;765;782,-3.435170103415895E-5
4,155;318;509;791,3.4297821734635056E-5
4,331;744;879;900,-3.42440151394027E-5
4,126;222;278;848,-3.394731690352938E-5
4,15;824;949;982,3.375758046892192E-5
4,139;412;861;871,-3.373381234942771E-5
4,404;422;625;941,3.3600973318497404E-5
4,102;135;569;900,-3.352078490388346E-5
4,22;211;580;903,-3.337341520112899E-5
4,339;542;890;986,-3.3315177225559784E-5
4,233;384;520;541,3.3153267572428155E-5
4,96;471;698;852,-3.296020316160951E-5
4,206;295;369;748,3.294905724737608E-5
4,456;580;583;904,3.290447879260342E-5
4,134;375;682;841,-3.2688203806417593E-5
4,159;281;528;876,3.2511436774274206E-5
4,11;183;633;729,3.233622747385205E-5
4,2;458;621;627,3.2314055913355024E-5
4,230;286;372;957,-3.2234852613090546E-5
4,96;154;393;968,-3.218215274069601E-5
4,297;468;616;792,-3.1763434224899134E-5
4,290;308;707;830,-3.152707413592322E-5
4,315;514;788;849,3.139783391137609E-5
4,183;306;367;519,-3.1374174392210316E-5
4,313;401;488;845,-3.113108697748663E-5
4,24;123;672;938,3.104239160900503E-5
4,80;425;558;827,3.097785513847251E-5
4,38;416;585;846,3.097455250963086E-5
4,154;500;541;775,-3.094186349277668E-5
4,29;153;820;905,-3.0907758483109945E-5
4,29;184;339;442,-3.074031724174501E-5
4,155;449;498;867,3.070469482714565E-5
4,9;336;479;678,3.070337134582095E-5
4,172;523;926;965,-3.057939677489864E-5
4,60;459;744;817,3.049376185206358E-5
4,132;484;522;633,-3.0464552112058127E-5
4,38;209;485;956,-3.0281166713311257E-5
4,120;166;473;834,-3.011820567482463E-5
4,16;234;557;578,-3.010536410737859E-5
4,201;809;850;972,3.005162211771046E-5
4,131;194;393;638,3.0021676086592993E-5
4,174;514;772;800,-2.9767798910168216E-5
4,257;640;806;905,-2.9529866006673864E-5
4,6;117;254;953,2.9365595975430225E-5
4,71;331;679;864,-2.932371614849754E-5
4,278;493;553;735,2.9322702839812803E-5
4,107;206;752;869,2.931943850656804E-5
4,545;557;693;734,2.914853210423711E-5
4,181;353;592;815,2.9103717526870333E-5
4,18;204;306;456,-2.907853744998834E-5
4,102;280;509;929,-2.8705340709986436E-5
4,356;464;531;565,-2.8628955773852736E-5
4,335;389;673;914,-2.8625497794160528E-5
4,73;538;601;688,2.85949448690122E-5
4,80;241;360;620,2.858946748973533E-5
4,91;246;328;848,2.8349453938014045E-5
4,128;176;307;698,2.8332492007302564E-5
4,234;503;664;813,-2.8291467286002563E-5
4,505;566;655;676,2.8143557937608784E-5
4,220;526;925;958,-2.8106668710133662E-5
4,166;191;317;906,-2.783080908552947E-5
4,336;447;453;572,2.7746178918311548E-5
4,47;610;752;778,2.7672624661177563E-5
4,114;487;759;907,2.7643120815649944E-5
4,56;801;920;964,2.7628300488160166E-5
4,229;340;614;971,-2.754656806761665E-5
4,67;811;921;983,2.7366376263846318E-5
4,556;704;789;878,2.7237256434987838E-5
4,73;107;752;895,2.7085466391415264E-5
4,4;59;128;944,2.686704586734323E-5
4,53;86;660;737,-2.683848495798257E-5
4,144;205;297;420,2.665431119897292E-5
4,184;365;704;979,-2.6616171100638873E-5
4,113;439;665;827,-2.6609682858300662E-5
4,108;529;738;958,2.644255768332897E-5
4,237;267;296;790,2.6417179370253806E-5
4,189;332;697;932,-2.6385569938325713E-5
4,157;186;310;683,-2.6351958570065228E-5
4,132;238;554;641,2.6202961350366664E-5
4,48;468;730;915,-2.611946577539915E-5
4,150;533;639;791,2.594929787085302E-5
4,120;140;207;713,2.594825930600654E-5
4,121;293;641;996,-2.5852556807171245E-5
4,382;837;852;891,2.5631710954476215E-5
4,94;451;649;731,2.5611438188500986E-5
4,750;925;934;969,-2.5588743006036857E-5
4,386;498;542;821,2.549776897467971E-5
4,142;154;189;658,2.5402910561063268E-5
4,128;340;833;919,2.5364261594319966E-5
4,358;394;874;892,2.5324999649523207E-5
4,0;19;133;313,2.519631928700767E-5
4,43;160;255;818,-2.508014540284747E-5
4,168;325;457;947,-2.494603071232631E-5
4,76;413;721;970,2.492758314085071E-5
4,289;515;517;896,-2.489156620340128E-5
4,59;135;766;855,2.4789105565077156E-5
4,369;395;417;691,2.4752432677340482E-5
4,231;445;469;479,2.4706968207669614E-5
4,63;118;603;873,-2.4531682044128965E-5
4,322;691;708;876,-2.4358292073110516E-5
4,412;639;656;899,-2.428435595464088E-5
4,183;323;351;969,2.414996850613421E-5
4,232;537;617;666,-2.4120150437753647E-5
4,287;421;714;717,-2.4083260300678713E-5
4,4;181;282;817,-2.3998643767125467E-5
4,70;348;756;863,-2.398379744242075E-5
4,34;162;681;727,2.3698498259221414E-5
4,113;289;351;581,2.3602256165126985E-5
4,16;329;460;822,-2.3587731711978805E-5
4,210;471;864;950,2.3494307201832975E-5
4,114;212;328;709,-2.3436495778272498E-5
4,44;95;207;782,2.322380416379137E-5
4,5;308;348;875,-2.311481540112835E-5
4,321;385;395;788,-2.3102950256773768E-5
4,597;614;690;697,-2.308137198268237E-5
4,479;554;650;747,2.3078356484845422E-5
4,49;157;762;911,-2.3033595947888488E-5
4,403;653;765;980,2.289696091431834E-5
4,438;651;809;983,-2.2840766181874098E-5
4,435;585;695;728,2.249575866496046E-5
4,64;436;729;905,-2.239604946991617E-5
4,168;220;406;907,2.2259342545210656E-5
4,74;454;866;935,-2.2156994529689806E-5
4,318;339;578;605,2.192618852673306E-5
4,390;621;803;871,2.1909981888108306E-5
4,36;534;657;936,2.1692859567476463E-5
4,398;458;504;589,-2.1676634953025292E-5
4,720;916;964;988,2.148932774519432E-5
4,305;389;692;747,2.1403540898834845E-5
4,188;499;764;986,2.1318762696693584E-5
4,19;55;288;747,-2.131099009133618E-5
4,3;233;548;742,2.1150570969296436E-5
4,297;316;760;866,2.1083699360326586E-5
4,321;397;718;923,2.1032075236336012E-5
4,594;712;729;835,-2.0970924038586242E-5
4,10;79;148;511,2.081967927726977E-5
4,119;173;424;669,-2.0803816038455126E-5
4,76;262;481;757,2.080194657464874E-5
4,44;99;698;825,2.0640717706599727E-5
4,59;154;364;560,2.0599477576883846E-5
4,150;152;390;982,-2.059143723420548E-5
4,18;278;774;961,-2.051830593320751E-5
4,200;389;798;932,2.0500197296897248E-5
4,174;348;665;908,2.0329735255553698E-5
4,81;89;675;971,2.0275960402767095E-5
4,448;496;646;732,2.024569974653518E-5
4,532;712;728;936,-2.023004525868797E-5
4,175;252;520;910,-2.0023821509459855E-5
4,456;759;922;966,-2.0013658376883057E-5
4,52;129;319;772,1.9903736735869128E-5
4,168;205;685;778,-1.9858443811885404E-5
4,22;96;371;642,-1.9712709623122874E-5
4,175;397;645;780,-1.9683002051609013E-5
4,406;480;618;753,1.948455088863339E-5
4,285;766;833;883,1.9215167225391634E-5
4,678;726;764;978,-1.9104177204898987E-5
4,64;163;634;686,-1.9063478066576747E-5
4,237;238;337;723,1.9055534581864584E-5
4,59;439;581;947,1.8518985805994488E-5
4,90;712;735;767,-1.8517150731777838E-5
4,35;176;485;858,-1.8498187199209094E-5
4,132;218;431;730,-1.8402242651832073E-5
4,37;131;520;849,-1.8398420014302163E-5
4,121;134;294;816,1.8375723407046234E-5
4,121;161;209;617,1.828112828089424E-5
4,219;706;990;993,-1.8204926426053605E-5
4,43;455;568;634,1.8121402066837948E-5
4,223;224;293;763,-1.8051336670004345E-5
4,134;385;446;976,1.7838559128461745E-5
4,39;791;829;854,1.7833178068537495E-5
4,106;517;760;808,-1.7823415516793924E-5
4,507;544;556;860,-1.7817517388053755E-5
4,234;360;562;723,-1.7802111023218403E-5
4,222;450;672;693,1.7717650661525594E-5
4,118;269;464;846,1.7684014871982317E-5
4,201;226;420;846,-1.7643883458086164E-5
4,586;729;900;968,-1.757213773148659E-5
4,148;161;505;947,1.7448592985221764E-5
4,22;289;638;685,1.7328928828139677E-5
4,322;603;658;809,-1.7225887257407785E-5
4,370;416;719;791,-1.7201302638012304E-5
4,376;464;519;839,1.709204131980345E-5
4,623;837;981;982,-1.7089350783756167E-5
4,182;209;626;946,1.697622735259481E-5
4,411;777;797;919,-1.68720460290588E-5
4,110;410;835;935,1.6733259305793584E-5
4,168;220;258;678,1.667176057636534E-5
4,305;307;647;957,1.6639431370466695E-5
4,292;389;721;788,1.6541056790091547E-5
4,129;487;794;913,1.638238072163196E-5
4,106;242;319;332,-1.6229465488543788E-5
4,76;91;181;925,-1.6114477417036685E-5
4,284;365;535;636,1.5996074589971814E-5
4,255;327;634;845,1.595395084491772E-5
4,158;289;632;741,1.5882554289398463E-5
4,271;569;640;861,-1.5833839587577303E-5
4,172;344;381;757,1.5779242316795443E-5
4,139;148;448;544,1.5701270455496402E-5
4,148;311;383;508,-1.5674727513994075E-5
4,112;190;252;823,-1.565993002138324E-5
4,27;540;872;899,1.548032104917687E-5
4,164;337;653;830,1.541301728023884E-5
4,205;384;745;875,-1.5368935362519507E-5
4,142;157;545;672,1.5281995499758282E-5
4,62;156;421;612,1.525576922411448E-5
4,554;582;613;714,-1.524957347655398E-5
4,264;439;548;815,-1.5051903205854394E-5
4,14;172;325;744,1.5043564579722003E-5
4,76;85;467;951,1.5017009948855486E-5
4,8;64;523;994,-1.4973450557550782E-5
4,29;192;483;968,1.4971674864095438E-5
4,113;508;550;579,-1.4951767408421247E-5
4,47;136;209;740,-1.4881607776424715E-5
4,106;179;246;781,-1.486365501832735E-5
4,62;482;534;612,-1.4499326901477074E-5
4,694;803;937;985,1.449111786007727E-5
4,286;491;585;903,1.4458863782370767E-5
4,124;680;751;809,1.4339275879389421E-5
4,823;839;888;968,-1.4223659660140505E-5
4,225;370;662;977,-1.4146218811456543E-5
4,188;211;620;909,-1.4091237376222685E-5
4,337;883;902;908,-1.37166646304858E-5
4,207;731;863;915,1.3608229571110998E-5
4,32;232;249;729,-1.3464114463472157E-5
4,221;460;641;689,-1.3361409031319945E-5
4,88;112;205;271,1.3330667347434052E-5
4,85;437;710;716,-1.3328396699012493E-5
4,153;409;742;897,-1.332042189583882E-5
4,230;489;891;944,-1.304881603834867E-5
4,525;642;698;939,1.2940280084663747E-5
4,74;84;141;821,-1.280045796412383E-5
4,382;568;769;960,1.2740857376754081E-5
4,2;73;759;768,1.2657031612576044E-5
4,382;470;572;709,-1.259748069479711E-5
4,295;441;477;836,1.2579940247724818E-5
4,93;410;413;838,1.2465673591288855E-5
4,540;552;741;908,-1.2436572726154436E-5
4,42;443;727;956,1.2431493010340841E-5
4,111;244;283;954,1.241650286515561E-5
4,38;196;390;608,-1.2335972764854195E-5
4,367;582;838;868,-1.2311199417996396E-5
4,38;437;546;935,-1.2210963994668734E-5
4,91;120;166;985,-1.219989398095598E-5
4,233;326;744;765,-1.2194531488469774E-5
4,137;587;633;795,1.1815985820161309E-5
4,83;333;342;770,-1.1811608795604626E-5
4,26;62;118;904,-1.1734046354919294E-5
4,30;187;356;959,1.1707083981050699E-5
4,182;245;514;693,-1.1693653068798084E-5
4,447;589;705;885,1.1693264642140953E-5
4,5;256;271;864,1.1675035436359699E-5
4,192;230;438;871,1.166911712773825E-5
4,344;539;677;786,-1.1608336323504499E-5
4,42;198;209;613,-1.1580713843139585E-5
4,33;592;845;919,-1.1469440759261415E-5
4,131;509;588;778,-1.1454989669802616E-5
4,266;439;573;743,1.1450949592665162E-5
4,509;678;762;829,-1.1392252261901327E-5
4,45;106;347;395,1.1242320115254042E-5
4,245;398;532;731,1.1158302685440144E-5
4,73;527;664;925,1.1039880188450237E-5
4,33;68;314;629,1.0867738476738601E-5
4,116;216;611;789,-1.0860627824035685E-5
4,58;82;584;828,1.055952244839143E-5
4,117;422;730;835,-1.0491866230488533E-5
4,113;437;590;756,1.0465315120773907E-5
4,42;808;872;894,-1.0412535535677239E-5
4,266;290;373;751,1.0273422775093952E-5
4,52;655;820;837,-1.0246748049120805E-5
4,534;583;655;962,1.004827233282693E-5
4,422;547;550;669,-9.936188503830685E-6
4,329;362;567;839,-9.910285127509619E-6
4,412;605;807;934,9.840565265055974E-6
4,465;758;926;944,-9.83463981075261E-6
4,118;133;826;903,-9.830999714983059E-6
4,122;505;740;882,9.826286279921971E-6
4,4;335;679;890,-9.81108242565528E-6
4,40;615;715;890,9.709815539717462E-6
4,174;265;439;459,-9.619907595973872E-6
4,311;569;639;927,9.327052871721863E-6
4,186;606;735;871,-9.142106354755306E-6
4,625;635;750;956,-8.837522855129454E-6
4,7;350;889;914,-8.77732954692624E-6
4,330;572;728;913,8.726778849118307E-6
4,145;300;665;958,-8.617293882178356E-6
4,292;436;463;474,-8.58990233087982E-6
4,153;485;866;993,8.523655677739294E-6
4,275;495;936;978,8.474224063701575E-6
4,573;650;767;998,-8.39636241085756E-6
4,225;412;663;701,8.218710814647263E-6
4,154;650;936;940,-8.192915341046971E-6
4,549;610;794;981,-8.064420375111202E-6
4,199;323;603;750,-8.05205280780369E-6
4,76;202;576;647,7.598934016097111E-6
4,173;203;407;964,7.491395891274073E-6
4,170;717;821;887,7.4496517765421794E-6
4,116;662;841;959,7.425972806378051E-6
4,183;223;512;595,7.3567623058028724E-6
4,283;505;552;603,-7.336324012994701E-6
4,434;501;620;788,-7.28792202757933E-6
4,35;97;188;755,-7.278049647919359E-6
4,333;626;788;986,7.0247074961128925E-6
4,165;466;606;815,-7.004544664050115E-6
4,501;519;692;859,-6.942454529966287E-6
4,218;462;486;968,-6.883985550609907E-6
4,40;234;694;896,-6.8423088215408265E-6
4,482;601;654;681,-6.800108685114714E-6
4,163;290;299;367,6.7596735944150804E-6
4,648;748;818;832,6.69527801312396E-6
4,220;384;391;578,6.68891585778806E-6
4,32;60;563;986,6.627162427856104E-6
4,155;211;328;768,6.304882232877972E-6
4,244;309;455;881,-6.004724108603817E-6
4,290;413;496;768,-5.9901028139763905E-6
4,53;529;687;770,5.98560630333083E-6
4,88;373;428;445,-5.9567674572452155E-6
4,408;870;920;984,5.869981532713078E-6
4,510;668;681;965,5.834861493304387E-6
4,190;628;966;994,-5.757981375424167E-6
4,238;285;789;983,-5.734365509612892E-6
4,105;683;898;913,-5.553050335526527E-6
4,462;471;530;949,5.52646369290747E-6
4,158;319;865;949,5.496122746230972E-6
4,212;273;437;848,5.171455039545691E-6
4,86;170;356;788,-5.164220127673411E-6
4,227;265;338;627,5.080287159301422E-6
4,331;597;666;763,4.9736154272138E-6
4,32;324;684;912,4.972074889438079E-6
4,22;217;247;751,-4.9389229893028114E-6
4,57;314;406;762,4.894277695334577E-6
4,275;479;678;773,-4.5404782211838846E-6
4,312;316;625;733,-4.47332745915234E-6
4,103;190;320;401,4.441028883659971E-6
4,28;562;820;825,4.342245426520487E-6
4,117;164;917;993,-4.115897547404587E-6
4,75;203;253;999,4.112500845011961E-6
4,54;605;610;717,-3.6919144031311305E-6
4,87;146;155;332,3.658404020388577E-6
4,347;440;669;800,-3.596521746777298E-6
4,63;554;711;867,3.592586607228457E-6
4,149;285;347;438,3.5306968995235873E-6
4,624;662;842;908,3.442711107307345E-6
4,101;232;413;664,-3.375046714257618E-6
4,446;617;683;719,-3.2901952639754344E-6
4,154;636;895;901,3.1393226284834043E-6
4,87;673;732;948,-3.136036762668472E-6
4,223;547;887;992,-3.061577412322859E-6
4,295;504;588;991,3.0516308453457166E-6
4,219;472;737;923,2.5535386460167344E-6
4,341;507;552;763,2.5458838925822014E-6
4,55;382;504;795,-2.5320699809150694E-6
4,34;286;418;991,2.508869838666758E-6
4,82;157;584;678,2.405839451659432E-6
4,596;757;798;824,2.3243251640144776E-6
4,380;404;603;808,2.2893982584791114E-6
4,265;460;880;975,2.259294233683769E-6
4,604;607;611;728,-2.1010264382065603E-6
4,494;819;880;972,-2.0680802109759727E-6
4,144;409;662;922,2.053328859869516E-6
4,391;419;639;887,1.9804994737901844E-6
4,210;391;435;995,-1.819283669517023E-6
4,83;268;498;527,-1.701893231984712E-6
4,365;528;713;781,1.6717553640669125E-6
4,40;106;255;858,1.6709908421085816E-6
4,27;630;837;987,-1.5229898483811454E-6
4,92;146;149;576,1.4279655639041211E-6
4,55;340;349;894,-1.4161988734720035E-6
4,163;364;454;609,1.2561207351953763E-6
4,49;617;728;905,-1.1607987111137003E-6
4,74;596;686;921,1.037447267268711E-6
4,52;306;374;426,7.709493129928677E-7
4,147;343;628;928,6.005165684716263E-7
4,254;378;605;845,-5.685658139885919E-7
4,117;340;449;722,-4.984308725815984E-7
4,293;422;864;923,3.714636864635343E-7
4,51;142;556;995,-2.720476821058276E-7
4,281;347;607;884,2.4302862603357847E-7
4,825;831;867;870,2.2714110582534863E-7
4,177;261;346;999,1.6436275949985312E-7
4,187;259;308;476,-7.637666238491381E-8
4,75;209;236;598,-6.095564475201016E-8
4,424;570;737;767,2.7158908109461977E-9
