order,indices,coefficient
0,,0.49941418323196085
1,566,5.534282654307878E-4
1,175,5.307343269515117E-4
1,756,-4.94754511078659E-4
1,520,-4.922873898188635E-4
1,840,-4.5672840510744915E-4
1,133,-4.5633286815429E-4
1,997,4.2208340730669783E-4
1,999,4.2096068010993664E-4
1,315,4.1188364662682764E-4
1,195,4.098070453060464E-4
1,465,4.0971009145313926E-4
1,304,4.065142226859483E-4
1,236,4.059718818997755E-4
1,708,-3.917012093131177E-4
1,594,-3.8836329231317044E-4
1,196,3.8080878082373337E-4
1,770,3.763349353163725E-4
1,141,-3.610779452569124E-4
1,62,3.5948631155360015E-4
1,813,-3.5783156061456814E-4
1,856,3.556588137788171E-4
1,223,3.522957344154361E-4
1,460,3.5158692699120404E-4
1,987,3.5153033060161083E-4
1,511,-3.461065023840198E-4
1,247,-3.458405821635771E-4
1,94,-3.4385325574174574E-4
1,399,3.4301958895916943E-4
1,398,3.422721363132213E-4
1,341,-3.324055317386593E-4
1,830,-3.306167026272163E-4
1,711,3.264497034573656E-4
1,84,-3.223692559848105E-4
1,468,-3.218990252763146E-4
1,13,-3.206253578956424E-4
1,122,-3.203591211768623E-4
1,12,-3.198361367350627E-4
1,645,3.188526073142719E-4
1,212,3.1828793680270247E-4
1,638,-3.173458121198315E-4
1,670,3.168487672076705E-4
1,772,-3.159183192706033E-4
1,653,-3.1574586895794155E-4
1,728,-3.128484921885989E-4
1,131,3.118262988612436E-4
1,970,3.0902883390574533E-4
1,385,3.0803651151264786E-4
1,872,-3.0590941648069427E-4
1,327,-3.0523826635311013E-4
1,128,-3.047319286171866E-4
1,738,3.0396209466524316E-4
1,200,3.018964382709368E-4
1,791,-3.0155857850755626E-4
1,654,-2.9905121122795006E-4
1,657,2.9805747036423303E-4
1,596,2.9798106544147614E-4
1,265,-2.964040801675482E-4
1,333,-2.9339193487971617E-4
1,565,2.9180240149495265E-4
1,725,-2.916495298723372E-4
1,163,2.901856531325681E-4
1,587,2.901243432736129E-4
1,6,2.9007183807248883E-4
1,446,2.898317728316984E-4
1,688,2.897788778019525E-4
1,751,2.8975503606413296E-4
1,207,2.876931106733139E-4
1,483,2.87148587384041E-4
1,580,2.865266396139906E-4
1,845,-2.8014449554443553E-4
1,814,-2.7984489873740916E-4
1,675,-2.7975573548329956E-4
1,939,2.7922318366717884E-4
1,313,-2.768494699491539E-4
1,873,-2.740896402158015E-4
1,673,2.720587703540217E-4
1,239,2.710347296056674E-4
1,795,2.706113338752204E-4
1,63,-2.7056725999385624E-4
1,641,-2.693173203572684E-4
1,144,-2.693139813458289E-4
1,481,-2.626274745357353E-4
1,215,-2.619798161663065E-4
1,272,2.61809453957734E-4
1,890,-2.593855408181699E-4
1,892,2.5693141151913123E-4
1,584,-2.5462835424297503E-4
1,172,-2.543881499733498E-4
1,735,2.5079381608603395E-4
1,753,2.500970126028771E-4
1,81,2.500829808311386E-4
1,568,-2.500447508389266E-4
1,907,2.498836529699617E-4
1,320,-2.488594601208866E-4
1,136,2.473894372269958E-4
1,150,-2.4713205152996986E-4
1,378,2.45694421983256E-4
1,419,2.4419300016699275E-4
1,411,2.4408343174011144E-4
1,375,2.4362636534368013E-4
1,550,2.4353338263369392E-4
1,957,-2.434972820258334E-4
1,201,2.423149040077296E-4
1,467,2.4188297287038602E-4
1,686,2.414865043770405E-4
1,804,2.4141479766095404E-4
1,812,-2.408296891700066E-4
1,977,-2.3997320774797137E-4
1,656,-2.3801114126602792E-4
1,51,-2.3642107109589046E-4
1,125,-2.359435436374004E-4
1,778,2.3419878191315165E-4
1,484,-2.312766531898219E-4
1,104,2.295859193763981E-4
1,275,-2.2952321187108085E-4
1,138,2.279197647754331E-4
1,586,2.2674166348181376E-4
1,784,-2.2615938825163456E-4
1,289,-2.255302801249806E-4
1,189,-2.2496458635721118E-4
1,498,-2.2158916714647045E-4
1,322,2.197779839842653E-4
1,973,-2.1884517935658065E-4
1,546,-2.178330132047846E-4
1,505,2.176466996600371E-4
1,249,2.1757954784511094E-4
1,700,2.175385158628966E-4
1,855,-2.1740371724558453E-4
1,352,2.1570468405432292E-4
1,299,-2.1542704914868067E-4
1,746,-2.1468298707798744E-4
1,933,-2.1339908092873422E-4
1,351,2.130171868242901E-4
1,222,-2.102552491431781E-4
1,231,2.1016325400553948E-4
1,316,-2.0964019705524466E-4
1,558,-2.086579598090766E-4
1,337,2.0852026001962932E-4
1,678,-2.0702682471320416E-4
1,590,2.0700291374348937E-4
1,636,2.0597419798004747E-4
1,433,-2.0480950642036362E-4
1,489,-2.0317335137561606E-4
1,42,-2.0315315801272015E-4
1,53,2.0291267981086672E-4
1,899,-2.028855320719494E-4
1,652,-2.0243691782810525E-4
1,974,-2.0242295506502504E-4
1,234,-2.0124063788415486E-4
1,58,2.0116291048998498E-4
1,866,2.0095580284949378E-4
1,232,1.9990222807631812E-4
1,140,-1.9954634233547747E-4
1,926,1.994136927438535E-4
1,910,1.9565917098386868E-4
1,109,1.955220773237395E-4
1,123,-1.9535768531649602E-4
1,257,-1.9426574452103719E-4
1,45,-1.937623484364507E-4
1,643,-1.9191868112316095E-4
1,254,-1.9137326799970131E-4
1,955,-1.901916609634729E-4
1,418,-1.9005444374420443E-4
1,335,-1.897460320595302E-4
1,285,-1.8895852370807487E-4
1,556,1.8798441034113315E-4
1,241,-1.8758587781228948E-4
1,817,1.8753964348621732E-4
1,844,1.8703495634300212E-4
1,843,1.8607408401307609E-4
1,922,1.8588325985320872E-4
1,447,1.8575232295945957E-4
1,255,1.8528108884341966E-4
1,852,-1.8501050092689753E-4
1,870,1.8415754202306768E-4
1,613,1.8409512626845438E-4
1,720,-1.8269089950955137E-4
1,0,-1.8266247086600625E-4
1,357,-1.8265404463701945E-4
1,677,-1.8173655624759174E-4
1,687,-1.8155243690054179E-4
1,242,-1.815422419954709E-4
1,456,-1.8117338398300915E-4
1,392,-1.8111315823170657E-4
1,878,-1.8105674392491545E-4
1,846,-1.808745501115864E-4
1,101,-1.804080255107544E-4
1,564,-1.803714350342584E-4
1,513,-1.8024970682495233E-4
1,240,-1.8015861125264096E-4
1,548,1.7844851866143048E-4
1,494,-1.7768528445622048E-4
1,593,-1.7749369459669817E-4
1,61,1.771192691349805E-4
1,179,-1.7673372426600236E-4
1,981,-1.7644087977506718E-4
1,744,1.7593550952437875E-4
1,734,1.751873788018121E-4
1,726,-1.75067617129415E-4
1,209,-1.7478605942560343E-4
1,635,1.7426769939269917E-4
1,655,1.7389157591726886E-4
1,663,1.738201518644908E-4
1,312,1.7259412396969931E-4
1,394,1.7235316915046808E-4
1,739,-1.7222999365719812E-4
1,648,-1.7213993122329764E-4
1,183,1.71861690523422E-4
1,787,1.7182181359372102E-4
1,533,-1.716292372467566E-4
1,659,-1.7122955850115674E-4
1,644,-1.7118981339078805E-4
1,332,1.704007125734798E-4
1,155,1.7031388923640224E-4
1,384,-1.7021291145705096E-4
1,156,1.7016034852210835E-4
1,425,1.6910736784056884E-4
1,358,-1.6886004870661093E-4
1,537,1.6866571623792238E-4
1,199,-1.6841732885808426E-4
1,916,1.6800459485803048E-4
1,54,1.674569550283468E-4
1,427,-1.669898631778703E-4
1,152,-1.6603240777170945E-4
1,572,-1.6590615017024224E-4
1,319,1.6547302816893498E-4
1,838,1.6509053635946664E-4
1,816,-1.6454722661620973E-4
1,92,1.6452464020597676E-4
1,667,1.6336559054158878E-4
1,4,1.627545486755626E-4
1,626,-1.6244987572156758E-4
1,535,1.619262427916568E-4
1,406,-1.6187389346564258E-4
1,145,1.6046250413570128E-4
1,773,1.5976382001502016E-4
1,927,1.5941497015297388E-4
1,36,1.5930425044411318E-4
1,601,1.5897028632710716E-4
1,808,1.5892527973027448E-4
1,455,-1.5830575879066493E-4
1,530,-1.5823438809924763E-4
1,472,-1.5823375841272005E-4
1,282,-1.5790350770064572E-4
1,180,1.578959053798161E-4
1,707,1.576252185192704E-4
1,517,-1.5571997782418403E-4
1,602,1.5571918145733277E-4
1,640,1.555708968319465E-4
1,1,1.5507874364512593E-4
1,473,-1.5494304544707535E-4
1,75,1.5464383007351203E-4
1,599,-1.5432234486618016E-4
1,730,1.540250707019736E-4
1,120,-1.5375367276644888E-4
1,741,-1.5371945524668494E-4
1,114,-1.536250701252195E-4
1,545,-1.536066945300809E-4
1,732,-1.535777510860889E-4
1,448,-1.5339555374514465E-4
1,979,-1.5319651432318753E-4
1,127,-1.5299992274206848E-4
1,20,1.522656549448303E-4
1,132,1.5216619986735465E-4
1,458,-1.5186633603454707E-4
1,321,1.5135726494105127E-4
1,372,-1.5117129409340847E-4
1,362,-1.5086670470613035E-4
1,173,1.5077000939503956E-4
1,464,1.504940892983031E-4
1,527,1.5045598988265075E-4
1,409,1.5038705031593922E-4
1,900,1.5025612009973743E-4
1,994,-1.501577394694688E-4
1,947,-1.4984519129664285E-4
1,650,-1.4980435195864866E-4
1,370,1.4947786416843965E-4
1,344,1.4901164301100366E-4
1,408,1.4762001316627767E-4
1,2,-1.4751363685682362E-4
1,714,-1.4650335802785956E-4
1,416,1.4647512704596893E-4
1,5,1.4570445423254917E-4
1,610,-1.4512702096680302E-4
1,43,-1.4485677390508114E-4
1,672,-1.4374125969850523E-4
1,291,-1.434259501325363E-4
1,368,-1.4337623894362185E-4
1,324,-1.430339754638478E-4
1,79,1.427753040416618E-4
1,117,-1.4250450212369525E-4
1,34,1.4184749994202285E-4
1,293,-1.4117690485296625E-4
1,516,-1.4087057330267446E-4
1,283,1.4081156923838228E-4
1,10,-1.4049583670313823E-4
1,713,1.4001152480617885E-4
1,502,1.4000884372236948E-4
1,782,-1.3923499692031864E-4
1,547,-1.3918045914527188E-4
1,317,1.387227820170546E-4
1,800,1.3868827476071116E-4
1,540,-1.3857489099663057E-4
1,423,-1.3741595357945563E-4
1,142,-1.361261645510008E-4
1,264,-1.3558482922983512E-4
1,972,-1.3544221679537456E-4
1,902,-1.3542899203073565E-4
1,174,-1.3491247406566763E-4
1,839,1.3466425727664093E-4
1,80,1.343569106478395E-4
1,274,1.3428509400550457E-4
1,614,-1.3409830318784918E-4
1,598,1.3405567605457813E-4
1,60,1.3359162232897217E-4
1,982,-1.3335167127826738E-4
1,331,-1.329205932835766E-4
1,849,-1.3240440742017223E-4
1,429,1.3227788387979163E-4
1,214,1.3090525573848348E-4
1,925,-1.308195765827464E-4
1,390,-1.3016731569301233E-4
1,617,1.293365011556198E-4
1,706,-1.2906732284112443E-4
1,953,1.2806961981255533E-4
1,29,-1.280239715439537E-4
1,164,1.2760700271245695E-4
1,762,1.2738152764077448E-4
1,91,-1.2736398861880178E-4
1,290,1.273309052725484E-4
1,940,-1.273183285538857E-4
1,980,-1.2722340982557326E-4
1,515,-1.2697842815701852E-4
1,360,-1.2697683901610502E-4
1,479,1.255538009754883E-4
1,323,1.2481829731169123E-4
1,194,-1.2480085059008732E-4
1,514,1.2477065119156753E-4
1,512,1.245894316881838E-4
1,67,-1.2414259393255032E-4
1,129,1.2393103164448234E-4
1,971,1.2378123175155748E-4
1,569,-1.2362980576022438E-4
1,396,1.2278804703760846E-4
1,637,1.2201996327510459E-4
1,571,1.2151487173056092E-4
1,477,-1.2150653949658235E-4
1,86,-1.2133820911352898E-4
1,737,1.2010360633787837E-4
1,690,-1.1924861190192165E-4
1,959,1.1921817088177567E-4
1,417,1.1911863655048702E-4
1,523,1.1894219941537504E-4
1,934,-1.1891906787504644E-4
1,41,-1.188114743297895E-4
1,721,1.1863828006957011E-4
1,73,-1.1809698358207766E-4
1,19,-1.174135085773076E-4
1,651,1.1738356641577241E-4
1,149,1.1717374218196287E-4
1,944,-1.1713595255798927E-4
1,59,-1.1701316109593723E-4
1,431,-1.1690781173633335E-4
1,995,-1.1667211331837675E-4
1,369,-1.1642279251800847E-4
1,815,1.1640151292889125E-4
1,931,1.1626991575175927E-4
1,47,1.1608953434811393E-4
1,432,1.1604091983423856E-4
1,493,1.1599451241992623E-4
1,692,-1.1562083828707115E-4
1,891,-1.1554708362005668E-4
1,867,1.1539534257738043E-4
1,497,-1.153676536511183E-4
1,415,-1.153024867746244E-4
1,35,1.1508322767218548E-4
1,618,-1.1501668276289471E-4
1,881,1.1490030001289975E-4
1,983,-1.1488487590297849E-4
1,310,1.1436968648582286E-4
1,715,-1.1426998664903001E-4
1,49,-1.137512199338981E-4
1,554,-1.1370423119879356E-4
1,428,-1.1340738753335342E-4
1,440,1.1331728317518213E-4
1,882,-1.1297242598820465E-4
1,70,1.1261420413047978E-4
1,267,1.1244658991286849E-4
1,860,1.1238980959570283E-4
1,501,1.1222287336671769E-4
1,126,1.1202641547044394E-4
1,258,-1.1153597995054723E-4
1,453,1.1149364135730419E-4
1,874,1.1147541123596274E-4
1,811,1.114704724331366E-4
1,664,-1.1120614372267111E-4
1,912,-1.1080198669100012E-4
1,685,1.100889071881396E-4
1,567,1.0998816980156131E-4
1,154,1.0993734193997501E-4
1,298,-1.0991374002749496E-4
1,330,1.0986447769022603E-4
1,488,1.0978319905566453E-4
1,536,-1.0971598024161744E-4
1,639,1.086590409708129E-4
1,943,1.0823683641317658E-4
1,137,1.0770186172909454E-4
1,507,-1.0714004004259016E-4
1,52,-1.069289279989511E-4
1,698,-1.0682963066035006E-4
1,857,1.0680723019856442E-4
1,609,-1.0643634444380763E-4
1,820,-1.058625830920616E-4
1,951,-1.0573531911144102E-4
1,383,1.0534942934573159E-4
1,606,-1.0503092058673265E-4
1,365,-1.0469946409809643E-4
1,424,1.046192679047952E-4
1,989,1.0435977550842123E-4
1,263,1.0424025425234271E-4
1,280,1.039695157664998E-4
1,906,-1.038808779145221E-4
1,759,1.0385747983587248E-4
1,522,1.0380715847773514E-4
1,98,1.0377170859898299E-4
1,246,-1.0376688577745656E-4
1,818,-1.0371213116212122E-4
1,524,1.0358677942167345E-4
1,188,-1.0352988435960423E-4
1,919,-1.0352975750205559E-4
1,9,1.0328275495263175E-4
1,719,-1.0309236368396355E-4
1,268,-1.0299798538333202E-4
1,681,-1.0269201176471773E-4
1,244,1.0263003226315967E-4
1,842,-1.0129513469044926E-4
1,288,1.0119408947001958E-4
1,603,-1.0101954118824824E-4
1,482,-1.010031713679214E-4
1,151,1.0057505770416534E-4
1,992,9.973404912832469E-5
1,397,9.955834858006452E-5
1,716,-9.934809059533375E-5
1,771,9.933844164479131E-5
1,326,-9.921697868282047E-5
1,786,9.9194979196537E-5
1,880,9.906601916357489E-5
1,248,-9.894883886363485E-5
1,66,-9.867909574323031E-5
1,884,-9.861441151820233E-5
1,57,9.851585974026652E-5
1,169,9.849271718623129E-5
1,294,9.823731716617057E-5
1,461,9.813783996758535E-5
1,181,9.809351061583135E-5
1,56,-9.764977743067867E-5
1,978,-9.759520348430183E-5
1,616,9.751397181141858E-5
1,46,9.74281009266906E-5
1,382,9.735350027384693E-5
1,968,9.728999015151706E-5
1,886,-9.701257351364308E-5
1,224,-9.690622977230036E-5
1,405,9.685589626229762E-5
1,410,9.666846125721831E-5
1,139,-9.659984342920602E-5
1,296,9.658831429957433E-5
1,30,9.646926924929842E-5
1,758,-9.645705979706876E-5
1,915,9.599323547848586E-5
1,496,-9.593496803713981E-5
1,318,9.590183655127896E-5
1,388,9.577303518714627E-5
1,958,-9.54042049534152E-5
1,311,-9.539565328157623E-5
1,130,9.520340456307845E-5
1,367,9.516700467616959E-5
1,913,-9.509479775387555E-5
1,806,-9.507589716356775E-5
1,503,9.484309373978632E-5
1,848,-9.468111980708238E-5
1,794,9.463720731971476E-5
1,190,9.458295479633669E-5
1,755,-9.457429164355225E-5
1,831,-9.448970884134314E-5
1,108,-9.434468821508283E-5
1,792,9.404063643374905E-5
1,727,-9.386629413152518E-5
1,90,-9.333131568181666E-5
1,712,9.315942145471472E-5
1,441,-9.312737969200438E-5
1,826,9.296952286775209E-5
1,627,-9.293327612804403E-5
1,821,-9.291328578850068E-5
1,589,9.287353354184771E-5
1,729,9.283930333532329E-5
1,38,9.261184418462087E-5
1,147,-9.258957083410586E-5
1,633,9.232682674964105E-5
1,788,-9.215017480257553E-5
1,622,9.212995611741259E-5
1,560,-9.187156939895954E-5
1,876,9.143043422553453E-5
1,628,-9.14185774129471E-5
1,592,9.13820875309893E-5
1,221,9.090766666423661E-5
1,689,-9.046175830701763E-5
1,642,9.031633662680113E-5
1,359,-9.011482054543563E-5
1,929,-9.002939927981932E-5
1,381,-8.998632046807348E-5
1,611,-8.988918642076982E-5
1,184,8.98855462260851E-5
1,437,8.976607327819797E-5
1,757,8.924911102302436E-5
1,170,8.908959790834202E-5
1,544,-8.904789773879024E-5
1,186,-8.893937012417748E-5
1,810,-8.836159071142161E-5
1,83,8.825381080929718E-5
1,165,8.778186552728606E-5
1,146,-8.733045165353104E-5
1,790,-8.687207173046065E-5
1,917,-8.677268385506835E-5
1,204,-8.662021956658023E-5
1,710,8.564589821463452E-5
1,736,-8.549903220446123E-5
1,965,-8.54682469579024E-5
1,24,-8.524854178512404E-5
1,993,8.499542341692595E-5
1,15,-8.489731244593776E-5
1,722,-8.479278623411981E-5
1,185,8.397743191225516E-5
1,450,-8.384876251621864E-5
1,760,8.36830353456573E-5
1,696,8.342757961187987E-5
1,213,8.339160090316033E-5
1,966,8.311915537309848E-5
1,962,-8.293149109728127E-5
1,796,8.273275061000882E-5
1,908,-8.270704142221957E-5
1,898,-8.247461677888946E-5
1,960,-8.245369226627599E-5
1,895,-8.225557100013382E-5
1,538,-8.179158546008994E-5
1,768,8.167763085406668E-5
1,256,-8.144804752411031E-5
1,682,8.134885538205363E-5
1,227,8.122254211509731E-5
1,841,8.085400348497637E-5
1,733,8.070585184083909E-5
1,998,-8.057165713427805E-5
1,462,8.03407184872111E-5
1,421,-7.954041981811141E-5
1,705,7.908584484929658E-5
1,819,-7.859549503420417E-5
1,988,-7.855450497388963E-5
1,374,-7.84228316559987E-5
1,300,7.81287547157963E-5
1,928,7.795003440799403E-5
1,703,7.793965246998733E-5
1,783,-7.774735757615492E-5
1,342,-7.766676672477269E-5
1,854,7.758536480632992E-5
1,885,7.732380231937112E-5
1,583,-7.729280494899414E-5
1,205,7.725395817656836E-5
1,924,-7.6860261595014E-5
1,435,-7.68045219477941E-5
1,270,7.618721079940852E-5
1,166,-7.613943733993126E-5
1,832,-7.545959569281277E-5
1,354,-7.543003230341442E-5
1,250,-7.5319697837606E-5
1,950,-7.521496527324267E-5
1,95,7.517180653786875E-5
1,470,-7.512561356004917E-5
1,941,7.474593578977547E-5
1,576,7.470314426368888E-5
1,334,-7.470238410934564E-5
1,218,7.449802024723693E-5
1,469,7.424527444129096E-5
1,202,7.377367528149243E-5
1,823,-7.37127061419392E-5
1,260,-7.35671005451143E-5
1,754,-7.337403245950292E-5
1,805,7.304851729247499E-5
1,612,7.297438328426522E-5
1,863,-7.2567664046589E-5
1,485,7.23969688839241E-5
1,309,7.231926012312776E-5
1,100,-7.204954602784783E-5
1,217,-7.202605045778144E-5
1,961,7.195145607310829E-5
1,377,7.169443827943981E-5
1,96,7.162678019325344E-5
1,991,7.129584810455424E-5
1,107,7.122216699266506E-5
1,348,7.112203866642591E-5
1,945,7.10346832110767E-5
1,542,-7.039163607581608E-5
1,702,7.030937356025469E-5
1,266,-6.987512532303827E-5
1,115,6.935361612506191E-5
1,679,6.925678619731798E-5
1,684,6.907026021404805E-5
1,3,-6.90303662413232E-5
1,803,6.902196396653443E-5
1,110,-6.883012008574407E-5
1,55,6.833850800705562E-5
1,748,6.830981034159764E-5
1,607,-6.814204893053927E-5
1,350,-6.813711891508457E-5
1,879,-6.800915356577305E-5
1,449,-6.78936904322701E-5
1,963,6.782666511176243E-5
1,563,6.759815755539317E-5
1,909,-6.753685896415376E-5
1,478,-6.748453315142072E-5
1,243,-6.745534325328355E-5
1,228,-6.73350178447521E-5
1,747,-6.72867057214819E-5
1,869,-6.710418598620274E-5
1,103,-6.707297846846224E-5
1,809,-6.670783076882839E-5
1,608,6.665791320118544E-5
1,543,-6.64281487680408E-5
1,76,-6.637842549199505E-5
1,119,6.632327815223422E-5
1,889,-6.621295999713019E-5
1,436,6.591132561262666E-5
1,615,6.585627167326208E-5
1,752,-6.585045484573147E-5
1,295,6.526368393012994E-5
1,157,-6.500975125311007E-5
1,261,6.491286353735111E-5
1,363,6.450189670068113E-5
1,251,6.397796859274045E-5
1,769,6.378664702168485E-5
1,555,6.37387035877253E-5
1,798,-6.333430477156577E-5
1,33,-6.31872205944281E-5
1,674,-6.303410345442082E-5
1,68,-6.263937698605025E-5
1,301,6.261743549849808E-5
1,178,-6.22998604322667E-5
1,646,6.22242130237277E-5
1,413,6.210608861525838E-5
1,386,-6.197256761080669E-5
1,474,6.189926473495822E-5
1,297,-6.177471204740237E-5
1,361,-6.159280046921578E-5
1,329,6.110611651942723E-5
1,920,-6.0944350828749106E-5
1,463,6.070828087086347E-5
1,403,-6.0649362286908265E-5
1,475,5.997995183941825E-5
1,793,-5.9948484808682026E-5
1,216,5.956823076393804E-5
1,343,5.949907066053163E-5
1,861,5.938436540259341E-5
1,21,5.9071324980509914E-5
1,508,-5.874415249437147E-5
1,624,5.8696060243038655E-5
1,168,-5.868190689391757E-5
1,551,-5.757168846771616E-5
1,835,5.749212355545052E-5
1,877,5.736581473877322E-5
1,936,-5.726041332068562E-5
1,259,5.721238811248841E-5
1,666,5.711193080576897E-5
1,585,5.681249249910073E-5
1,345,5.674982014907431E-5
1,952,-5.6396610703693704E-5
1,630,5.594983577456299E-5
1,176,5.593820040178066E-5
1,69,-5.59146175544152E-5
1,16,-5.5843385327096904E-5
1,445,5.5833120398961504E-5
1,850,5.5747245310216246E-5
1,314,-5.468504550477176E-5
1,969,-5.434819305265144E-5
1,102,-5.408961526347316E-5
1,64,5.391426697204613E-5
1,491,5.2962242833751925E-5
1,225,-5.288216211551616E-5
1,504,-5.213596901052546E-5
1,438,-5.2092370616064865E-5
1,476,-5.162341904493448E-5
1,269,5.154678973533369E-5
1,18,5.1532600870688255E-5
1,935,-5.1517889833165466E-5
1,938,-5.1375889002630566E-5
1,277,-5.107857369776989E-5
1,510,5.103992540415206E-5
1,914,5.1039450630486814E-5
1,834,-5.0828543697689045E-5
1,233,5.072086748814453E-5
1,619,5.070732124884832E-5
1,420,5.0221195540705324E-5
1,525,5.013327316683318E-5
1,948,-4.9937029299796E-5
1,192,-4.988026270763797E-5
1,307,-4.975221794388116E-5
1,7,-4.9548183881846036E-5
1,26,4.912598832811723E-5
1,573,4.911448301258685E-5
1,14,4.9070471992785455E-5
1,519,4.882649147184457E-5
1,118,4.8681166135666744E-5
1,521,-4.8240627224144915E-5
1,116,4.823658528306645E-5
1,799,4.802118160074962E-5
1,373,4.792768112240019E-5
1,336,-4.75193629657357E-5
1,828,-4.739308347258066E-5
1,253,-4.723638508833439E-5
1,389,-4.72363627242568E-5
1,897,4.668575765528881E-5
1,99,4.6682984508412075E-5
1,588,4.665828475852151E-5
1,82,4.6412110664885196E-5
1,32,-4.6403722888526955E-5
1,833,-4.6269078463379E-5
1,407,-4.620086623232399E-5
1,822,4.612585783609305E-5
1,750,-4.6062791031009325E-5
1,402,-4.593374441992148E-5
1,694,4.576207803900123E-5
1,37,-4.5740124244597906E-5
1,124,-4.572854306388292E-5
1,500,-4.5683534175828614E-5
1,278,-4.545818658408725E-5
1,581,-4.525101292020911E-5
1,158,4.5207256050196795E-5
1,595,-4.501345162233212E-5
1,25,-4.4487555084990514E-5
1,918,4.447343889324371E-5
1,273,4.407691915610541E-5
1,44,-4.4076029033392914E-5
1,671,4.320284872599817E-5
1,896,4.318412233094407E-5
1,774,-4.3064735207171496E-5
1,380,-4.287742483962524E-5
1,387,4.286128014871023E-5
1,946,-4.249983399455769E-5
1,781,-4.241160372463628E-5
1,452,4.224061402782651E-5
1,171,4.206739707445714E-5
1,366,4.1501610210746605E-5
1,911,4.130045800088121E-5
1,148,-4.1105268683771026E-5
1,48,4.101095780740017E-5
1,807,4.091731831023609E-5
1,649,-4.083651911355048E-5
1,235,-4.068128358218754E-5
1,680,-4.05833602989836E-5
1,801,-4.0311103938711764E-5
1,286,-3.933303634255973E-5
1,444,-3.93291171394095E-5
1,785,-3.9244009802365956E-5
1,837,3.9077639299764E-5
1,549,3.88504460763133E-5
1,471,3.8361635777552276E-5
1,620,3.830627677600918E-5
1,159,-3.825424351788507E-5
1,777,-3.810911216081023E-5
1,112,-3.8020244949973735E-5
1,262,-3.7929749039616874E-5
1,905,3.7866277794658655E-5
1,996,-3.773717650206318E-5
1,111,-3.7314408402887276E-5
1,764,-3.70717072234308E-5
1,683,3.7050725638583556E-5
1,71,3.69141714784941E-5
1,529,3.660924164677057E-5
1,229,3.657695150667292E-5
1,191,3.6376472546278E-5
1,509,-3.624177654249122E-5
1,634,3.566558181853928E-5
1,604,-3.5385739205613246E-5
1,443,3.5233526285056604E-5
1,864,3.5114430011400155E-5
1,894,3.49007539517208E-5
1,198,-3.481756811730767E-5
1,875,-3.478415870663949E-5
1,302,-3.4760029562062934E-5
1,904,3.472141680843945E-5
1,956,3.470373645608704E-5
1,279,-3.468754930089393E-5
1,65,-3.423165731601389E-5
1,226,3.3756397865572024E-5
1,967,3.356484606146571E-5
1,121,-3.353393813978761E-5
1,942,-3.324146509836151E-5
1,561,-3.289171559581639E-5
1,534,3.281574853901241E-5
1,77,-3.2762669637441996E-5
1,986,-3.266113717356803E-5
1,211,3.1691323122386024E-5
1,949,3.1493026946749416E-5
1,459,3.145996837706294E-5
1,765,3.128175211555727E-5
1,271,-3.1134652996790474E-5
1,532,-3.1066385468689246E-5
1,662,3.09944173200873E-5
1,379,3.0307729626726983E-5
1,984,-3.0099960892151675E-5
1,426,-3.0035341358599122E-5
1,490,-3.000731912642911E-5
1,245,-2.991388554295419E-5
1,591,-2.983127308788114E-5
1,305,-2.973445707368378E-5
1,631,-2.9465379781671257E-5
1,780,2.9454203309301214E-5
1,559,2.919314133500281E-5
1,401,2.893627875835085E-5
1,161,2.880596070050312E-5
1,717,2.858039983668609E-5
1,676,-2.8521544935800087E-5
1,284,2.843489614083751E-5
1,167,2.8403941019487385E-5
1,287,2.837444466734472E-5
1,699,2.828316956773342E-5
1,693,-2.824634566158906E-5
1,859,-2.8205529465737263E-5
1,976,-2.81969006260801E-5
1,582,-2.8033556712515674E-5
1,964,-2.800829060523711E-5
1,697,-2.7218881696598753E-5
1,658,2.7042378967294438E-5
1,553,2.703570712099373E-5
1,113,-2.7024869213377267E-5
1,391,-2.7018649924332533E-5
1,135,2.6947889432318115E-5
1,27,-2.6947883775501378E-5
1,422,2.6892576569885642E-5
1,187,2.679875978721199E-5
1,78,2.673149854150153E-5
1,851,-2.6645222387428927E-5
1,749,-2.6574450304813084E-5
1,347,-2.651396066147953E-5
1,767,-2.6455688081118694E-5
1,340,-2.5899602911543418E-5
1,691,2.57157477212675E-5
1,578,2.5428462935452943E-5
1,709,-2.5368710167037713E-5
1,208,2.532825738433929E-5
1,486,2.4768241559425024E-5
1,430,-2.469585155398172E-5
1,466,2.469366540425772E-5
1,492,2.445575872301156E-5
1,577,2.42041883986679E-5
1,153,-2.4042340450110314E-5
1,292,2.399432988762154E-5
1,414,2.3807665993516233E-5
1,827,-2.3801283894482912E-5
1,89,2.3699255119399173E-5
1,220,2.3200258819039004E-5
1,723,-2.26746772242658E-5
1,541,2.258484248441245E-5
1,766,2.2178409012301116E-5
1,395,2.1798121737306498E-5
1,206,-2.1652280277796372E-5
1,562,2.1632414271703824E-5
1,85,-2.157847387739948E-5
1,355,2.145727767605033E-5
1,28,2.1370950955118403E-5
1,579,2.1106693296581837E-5
1,742,2.1002715030771696E-5
1,704,2.0825024872232452E-5
1,528,2.082061739054611E-5
1,797,2.0706396885885574E-5
1,518,-2.048027245573341E-5
1,937,2.0438579959772372E-5
1,499,2.012967479261385E-5
1,393,2.008835777013674E-5
1,661,1.9925392424111496E-5
1,888,-1.9718198097182324E-5
1,203,1.9314025906881304E-5
1,836,1.9015833129019146E-5
1,93,1.876475683502335E-5
1,325,-1.8628926015470394E-5
1,901,-1.8322598323366677E-5
1,829,-1.8317944310817222E-5
1,932,-1.830796698224565E-5
1,623,-1.7704203474796906E-5
1,506,-1.769252128019151E-5
1,531,-1.7686668506062765E-5
1,8,1.729039876717188E-5
1,40,1.7276800896673168E-5
1,376,1.724246265603053E-5
1,252,-1.7151597852463535E-5
1,731,-1.6757464772620844E-5
1,701,-1.6649319007492225E-5
1,695,-1.6458265794256542E-5
1,480,1.6361813351510852E-5
1,923,1.6174614396397143E-5
1,306,1.6167116270738225E-5
1,761,1.5744536373463464E-5
1,22,1.563518051943806E-5
1,434,-1.536864588695436E-5
1,871,-1.531930309004464E-5
1,11,1.502525161615688E-5
1,625,1.4884020191220996E-5
1,281,-1.4758480193674976E-5
1,31,1.4574475572843692E-5
1,724,1.4456473827699699E-5
1,600,-1.3794596069864481E-5
1,439,-1.3717942136669846E-5
1,853,-1.3574501558645266E-5
1,495,1.3391742790209465E-5
1,400,1.3384446091420587E-5
1,775,-1.3239882943375345E-5
1,105,-1.3215582935002364E-5
1,605,1.3191662292260084E-5
1,526,-1.2888162988017247E-5
1,621,1.2781604059651078E-5
1,539,-1.2754293021609318E-5
1,50,-1.2644557690404803E-5
1,776,1.2629096332570922E-5
1,669,1.2527945175064607E-5
1,893,-1.231062390836979E-5
1,353,-1.201828953718996E-5
1,862,1.1963660196673943E-5
1,668,1.1733675691589285E-5
1,718,1.1553133096999013E-5
1,574,1.1389575716209452E-5
1,868,1.1342839287253464E-5
1,238,-1.132643297722924E-5
1,451,-1.1130086611818768E-5
1,858,-1.0748754377912728E-5
1,763,-1.0726314164402742E-5
1,442,1.069119928553068E-5
1,921,-1.0417991061744709E-5
1,887,-1.0320500211227268E-5
1,39,-1.0135883987832148E-5
1,990,1.0109519171793161E-5
1,552,9.998851827745598E-6
1,824,9.72667953507695E-6
1,303,-9.679487172384038E-6
1,160,9.625393908197354E-6
1,454,9.29436066489616E-6
1,23,9.22290886025115E-6
1,106,8.925570383975665E-6
1,883,-8.432975483682673E-6
1,364,-8.023921610866958E-6
1,371,7.981936632269982E-6
1,134,-7.885838571651302E-6
1,182,7.854452283371934E-6
1,457,-7.373385371283681E-6
1,740,-7.0374777109461915E-6
1,665,-6.586760321548917E-6
1,745,6.459454438722312E-6
1,339,-6.415759697113756E-6
1,743,6.405179354278389E-6
1,210,6.095481038588771E-6
1,72,-5.948107686009487E-6
1,197,-5.736806244356844E-6
1,825,4.774020088494667E-6
1,975,4.657826401474719E-6
1,177,4.467651134785165E-6
1,328,-4.156655883711905E-6
1,143,-3.917329023830421E-6
1,308,-3.8624378407323274E-6
1,88,3.6853306631503687E-6
1,237,3.6115539412638342E-6
1,629,3.4494914442313176E-6
1,557,3.365529627949032E-6
1,985,3.328842153226652E-6
1,230,-3.0865428622342125E-6
1,570,-3.0436522703224528E-6
1,404,-2.7580592455419967E-6
1,338,-2.739781831493128E-6
1,356,-2.672702245772755E-6
1,74,-2.6567091828721966E-6
1,487,-2.6347756602558768E-6
1,779,-2.5540853366712647E-6
1,660,2.437235511620728E-6
1,412,-2.4212201899284566E-6
1,865,2.277867998244809E-6
1,802,2.0167405729513284E-6
1,276,-1.940366002612992E-6
1,632,1.8666544250012864E-6
1,903,1.7515745281392118E-6
1,647,1.7090094250604911E-6
1,575,-1.5776941047103074E-6
1,954,-1.453384561981734E-6
1,789,1.309501945874765E-6
1,17,1.195790213185416E-6
1,87,1.1540764282146967E-6
1,219,1.1344410306683427E-6
1,847,9.88342626008089E-7
1,346,9.813066599776293E-7
1,930,9.167093406674265E-7
1,597,6.092839789208493E-7
1,193,-5.691325520780638E-7
1,349,-5.248172093090531E-7
1,97,-5.08321120866434E-7
1,162,-2.4812183103184447E-7
2,787;922,2.4175044192910572E-4
2,151;795,-2.3465187191229833E-4
2,639;659,-2.337283616490436E-4
2,300;997,2.2449687273384794E-4
2,159;818,2.2089334139256052E-4
2,615;660,2.1870879136454393E-4
2,17;438,-2.1797509606658272E-4
2,586;680,-2.1523233406894873E-4
2,34;660,-2.1243916788187832E-4
2,431;838,-2.1124700333434015E-4
2,87;908,-2.11005718160947E-4
2,156;504,2.1042408900474608E-4
2,267;564,-2.0997915339824593E-4
2,565;887,-2.0869847322084562E-4
2,80;996,2.081206211592131E-4
2,526;887,2.0750940854811166E-4
2,525;956,2.073894805649059E-4
2,226;392,-2.0704233682565358E-4
2,36;829,-2.067833767304496E-4
2,677;717,2.0556000425914724E-4
2,255;882,-2.0432763681954664E-4
2,167;798,-2.0358954516312518E-4
2,176;991,-2.0328282742997837E-4
2,721;809,2.023145512056966E-4
2,260;500,-1.9751234329455758E-4
2,642;681,1.9737233590859954E-4
2,121;614,1.9691495332083822E-4
2,358;791,-1.9591394681176582E-4
2,437;760,-1.9553445650121994E-4
2,535;795,-1.954290831729544E-4
2,292;898,1.9517518601259944E-4
2,92;713,1.942930117515366E-4
2,490;774,-1.9347778421748536E-4
2,109;776,-1.9286238436721926E-4
2,172;294,1.9194296274625992E-4
2,122;936,-1.9176014108191725E-4
2,903;952,1.915473265994121E-4
2,369;586,-1.9152800042658162E-4
2,796;821,-1.9080252047870826E-4
2,131;334,1.9016340245882313E-4
2,21;600,-1.901515434004683E-4
2,513;529,1.888454731505544E-4
2,339;455,1.884567589727923E-4
2,36;460,1.8812794950770362E-4
2,273;863,1.8790495521701494E-4
2,346;514,-1.8758431112302507E-4
2,63;310,1.8748786696558064E-4
2,294;556,1.8718750707230814E-4
2,70;263,1.8705938892586092E-4
2,145;650,1.8655533810046194E-4
2,230;614,1.8615515528224797E-4
2,35;543,1.855359276983482E-4
2,158;414,1.8448630351694436E-4
2,766;855,1.83052345004118E-4
2,23;58,-1.8288932264687768E-4
2,360;513,-1.822110971254896E-4
2,63;175,1.8175188365019128E-4
2,196;583,-1.8152992981807395E-4
2,94;267,-1.8152782678563544E-4
2,527;727,1.8107662408626003E-4
2,193;744,-1.8040751020352583E-4
2,42;887,1.8017278722624248E-4
2,30;108,-1.8002722035060772E-4
2,467;791,-1.7994497348486132E-4
2,382;951,-1.7992532165839853E-4
2,24;377,1.7989708562414586E-4
2,288;534,1.789877719687497E-4
2,396;469,1.78672223384545E-4
2,62;847,1.7854494763181855E-4
2,570;953,-1.7842328970571713E-4
2,199;646,1.7808589135553482E-4
2,29;533,-1.774777386178608E-4
2,529;566,-1.769474870073328E-4
2,154;944,1.7652000123503895E-4
2,421;487,1.764279543091004E-4
2,311;344,-1.756025597838566E-4
2,454;957,-1.7547298612573421E-4
2,154;892,-1.7520310088500824E-4
2,16;38,1.751715716978119E-4
2,637;962,1.7506892949530902E-4
2,400;889,1.7408535094000322E-4
2,152;485,1.7399271358805682E-4
2,456;663,-1.7397543759104677E-4
2,376;860,-1.732850422416986E-4
2,243;313,1.7285029188151047E-4
2,698;722,-1.7249882655863983E-4
2,722;888,-1.7248102862991017E-4
2,607;980,1.7247904032674234E-4
2,804;876,1.7191834717742745E-4
2,342;547,1.7175157844449124E-4
2,367;544,-1.7173424277547493E-4
2,162;223,1.717328396815587E-4
2,306;568,1.716819168162252E-4
2,600;781,1.7151835277049506E-4
2,8;441,-1.7150793614285144E-4
2,789;896,1.7133791575360248E-4
2,134;465,-1.7084618948692376E-4
2,123;331,-1.7066418715034614E-4
2,42;342,-1.7001998581664513E-4
2,462;530,1.700091773440072E-4
2,392;685,1.6961320815223863E-4
2,260;456,1.6887582447084655E-4
2,518;930,-1.6880353784303484E-4
2,589;805,-1.6855862277852072E-4
2,109;444,-1.680263423281046E-4
2,433;513,1.677011836403361E-4
2,595;996,1.676947859701371E-4
2,64;225,-1.6757637995817122E-4
2,160;604,-1.674917131831933E-4
2,88;692,1.6720903733718175E-4
2,13;380,1.6709368411546287E-4
2,576;835,-1.6632938552609206E-4
2,683;704,1.6623721546792973E-4
2,231;846,-1.6620790573401202E-4
2,700;817,-1.6596291602403567E-4
2,332;365,-1.6584659631642943E-4
2,627;928,1.6556956654330125E-4
2,405;820,-1.6504804995644447E-4
2,282;764,1.6390917830414435E-4
2,287;368,-1.638845606640964E-4
2,111;486,1.638789877068619E-4
2,277;728,1.6375076606240906E-4
2,98;149,1.637009890606686E-4
2,515;947,-1.6368689017194987E-4
2,157;400,1.6357222803549778E-4
2,134;776,1.6309430840022273E-4
2,187;367,-1.628576476921999E-4
2,198;464,-1.6272340209579395E-4
2,802;906,-1.6270840071802751E-4
2,330;695,1.6250253707656345E-4
2,960;971,1.62458326695899E-4
2,155;874,1.620970999652921E-4
2,121;655,-1.6187427772983848E-4
2,104;975,-1.6172159171172278E-4
2,300;732,-1.6164503198811192E-4
2,141;230,1.6159879141252833E-4
2,106;559,-1.6148820001902773E-4
2,3;71,-1.6144494460127763E-4
2,545;950,-1.6115834946746642E-4
2,760;862,-1.611558977582962E-4
2,329;540,-1.6090772237550312E-4
2,224;710,-1.6055878315804887E-4
2,293;919,1.605470285352953E-4
2,139;794,-1.605292025318311E-4
2,738;840,-1.6050470628185893E-4
2,132;791,-1.604241688148886E-4
2,179;743,-1.6042321979785755E-4
2,175;273,1.6037105922600276E-4
2,27;212,-1.600031581703799E-4
2,601;757,1.5973619324929767E-4
2,234;488,1.593856221775624E-4
2,315;485,1.5929965326577856E-4
2,186;408,-1.5923518735323997E-4
2,179;908,1.5922444316717211E-4
2,150;957,1.589400096763703E-4
2,206;222,-1.589197603389346E-4
2,453;724,1.5887077685050748E-4
2,198;509,-1.5884542601502045E-4
2,710;817,-1.5874014378625058E-4
2,18;936,-1.5836017990042428E-4
2,375;613,-1.5810125299912668E-4
2,360;940,-1.5806629457492278E-4
2,591;950,1.5794764551588082E-4
2,156;333,-1.5784840816011902E-4
2,109;180,-1.5776422249895344E-4
2,84;775,1.5766729633907544E-4
2,36;562,1.575865484786982E-4
2,63;299,1.574953792326376E-4
2,56;973,1.5746768955343925E-4
2,443;819,1.57414630095844E-4
2,426;861,1.572029211403582E-4
2,448;715,1.5710955147770294E-4
2,383;985,-1.5708357157818726E-4
2,715;833,-1.5675733588238713E-4
2,246;881,-1.5671634828000758E-4
2,200;678,-1.5668836272763172E-4
2,195;653,-1.5650946274838718E-4
2,282;367,1.5638449677612143E-4
2,62;981,1.5627856758353048E-4
2,297;772,1.5623134135148953E-4
2,174;882,-1.5606074237506723E-4
2,674;855,-1.5590342993761035E-4
2,4;190,1.5585945402744447E-4
2,322;901,-1.5564448547365976E-4
2,6;640,1.5558415515715428E-4
2,54;266,-1.5548282596091745E-4
2,257;980,1.5523581550313034E-4
2,835;879,1.5518169938732768E-4
2,317;999,1.5517428843838283E-4
2,652;972,-1.5482981239925265E-4
2,427;437,1.547450904471912E-4
2,237;519,1.542461443240531E-4
2,96;274,-1.5418864974976954E-4
2,844;850,-1.5395367093275135E-4
2,501;926,1.5352344770649086E-4
2,685;774,-1.534037524399823E-4
2,376;868,1.5332052334754177E-4
2,331;922,1.528715239713831E-4
2,93;266,-1.528104557786923E-4
2,166;914,1.527994102526437E-4
2,459;659,1.5260504910422567E-4
2,113;158,1.5254125531630972E-4
2,677;883,-1.5239694714771655E-4
2,349;464,-1.5237508313426594E-4
2,25;405,1.5236002470749748E-4
2,596;739,-1.521766914784746E-4
2,380;805,1.5216134060242893E-4
2,88;711,1.520683872871773E-4
2,34;921,-1.5206721593071299E-4
2,628;665,-1.5168796527008016E-4
2,661;929,-1.5164464589330657E-4
2,174;584,1.5157461106802457E-4
2,198;769,-1.513887408267888E-4
2,682;896,1.5127320248694691E-4
2,4;688,-1.5123025129730417E-4
2,90;406,-1.5094355383537584E-4
2,14;926,1.5060683993497882E-4
2,468;914,-1.5059215847980156E-4
2,600;974,1.5040127740760298E-4
2,82;602,1.5039038882987577E-4
2,579;695,-1.5024665758449468E-4
2,37;845,1.4999366382653753E-4
2,442;632,1.4988221994187328E-4
2,241;807,-1.4967872233819136E-4
2,43;217,1.4967527072699054E-4
2,5;386,1.4955509867142224E-4
2,240;876,-1.4950292205781078E-4
2,401;687,-1.492217507753858E-4
2,309;899,-1.4919956556387541E-4
2,69;155,1.4913918267214578E-4
2,88;519,-1.4850259418535671E-4
2,285;672,-1.4834167331187478E-4
2,599;730,1.482787044871281E-4
2,229;748,1.4826691944394864E-4
2,918;995,-1.4824081865264568E-4
2,508;846,1.482089504163448E-4
2,629;926,1.4817162925123294E-4
2,146;182,-1.481334613899423E-4
2,47;970,1.4810438844228686E-4
2,445;937,-1.480778458311415E-4
2,612;843,-1.4755540949914022E-4
2,386;867,-1.474907710384431E-4
2,642;910,-1.4725675976822147E-4
2,251;896,-1.4718576697712876E-4
2,571;951,-1.4713172304330434E-4
2,756;815,1.4709286074899813E-4
2,519;688,-1.4708859850342832E-4
2,956;985,-1.469696097474308E-4
2,304;543,1.4686465371207055E-4
2,554;860,-1.4679765290960046E-4
2,357;516,-1.4677494679101014E-4
2,585;869,-1.467278847033007E-4
2,250;524,-1.4672539229224898E-4
2,177;712,-1.466692110355182E-4
2,93;115,-1.4641100739763984E-4
2,176;789,-1.4631049735154347E-4
2,474;815,-1.46224356096409E-4
2,28;776,1.4609502849869383E-4
2,194;517,1.4608853475441246E-4
2,101;627,1.4591915460812917E-4
2,968;994,1.4591558450522952E-4
2,449;624,1.4581728315390475E-4
2,94;600,-1.4570246703898216E-4
2,457;901,-1.4552631604154815E-4
2,497;511,1.4551717117630486E-4
2,222;980,-1.4546511751360521E-4
2,820;858,1.451778156377378E-4
2,507;540,-1.4508891534390815E-4
2,180;475,-1.4501268546800639E-4
2,333;875,1.446685765803839E-4
2,330;790,-1.4446639678060243E-4
2,66;267,1.443189182541963E-4
2,322;868,1.4407378162440505E-4
2,51;194,1.4399995624463254E-4
2,783;843,1.4397051780216878E-4
2,652;779,1.4380322108126825E-4
2,367;554,1.436337461828049E-4
2,60;602,-1.436310942805483E-4
2,321;567,1.4347191249814995E-4
2,144;190,1.4346087494854408E-4
2,175;727,1.4337393770594213E-4
2,532;659,-1.4335133730153322E-4
2,805;855,-1.4323773249344854E-4
2,179;208,1.4317988814488054E-4
2,557;786,1.4303732045373464E-4
2,15;639,1.4282400433577298E-4
2,226;298,-1.4264569146633604E-4
2,814;943,1.4248602162881125E-4
2,664;952,-1.422404690862567E-4
2,213;538,-1.4222958978838467E-4
2,418;504,1.4216405913394973E-4
2,724;738,-1.4216152941852456E-4
2,253;581,1.4200779710737578E-4
2,160;986,-1.4176654137159372E-4
2,211;474,-1.4157388180357773E-4
2,659;989,-1.414679871738304E-4
2,568;890,-1.4131747778858933E-4
2,274;802,-1.4095707994459967E-4
2,530;849,1.4069945024286268E-4
2,80;684,-1.4065438693294596E-4
2,276;288,-1.4056138014424457E-4
2,41;358,-1.4054608052894687E-4
2,672;835,-1.4051635363827164E-4
2,121;846,1.4050102150398104E-4
2,330;465,1.403637232818055E-4
2,287;388,1.403021495633131E-4
2,425;433,-1.4026448573855026E-4
2,385;959,-1.4026248816097886E-4
2,93;818,-1.4014728638450002E-4
2,12;407,1.400238581670574E-4
2,604;645,1.398862248802813E-4
2,471;665,1.3988622097161317E-4
2,502;968,-1.3971395471946456E-4
2,302;443,-1.3951575347588276E-4
2,409;607,1.3945117577481003E-4
2,45;555,1.394448713025589E-4
2,84;880,1.3928797016186462E-4
2,938;941,1.3927328646561293E-4
2,145;475,-1.390785065173799E-4
2,102;382,-1.3902639527685028E-4
2,43;178,1.390170884263381E-4
2,561;733,1.3890523942340315E-4
2,538;774,-1.3854880280655436E-4
2,817;876,1.3852104472620374E-4
2,840;945,1.3848318282840344E-4
2,650;812,1.384347528994726E-4
2,210;228,1.384213778360927E-4
2,492;644,1.3838213168853504E-4
2,128;462,1.3831019544308318E-4
2,253;341,1.3829688487413874E-4
2,190;419,1.3814189553546817E-4
2,365;473,1.3814003968571563E-4
2,201;716,-1.3804627896140428E-4
2,121;682,-1.3799306813180688E-4
2,284;404,-1.379736687987758E-4
2,260;931,-1.3793417611221347E-4
2,214;236,1.3782916341209417E-4
2,891;979,-1.3768924325333406E-4
2,147;785,-1.3766036486095837E-4
2,24;432,1.3753682776636013E-4
2,670;866,-1.3731926028994872E-4
2,56;522,1.3724271976306516E-4
2,12;391,-1.370926441567477E-4
2,478;915,-1.3708400159356918E-4
2,294;952,1.3708280059607122E-4
2,470;864,-1.3698853582628828E-4
2,228;865,-1.369775727038617E-4
2,797;876,-1.369555771374369E-4
2,124;602,-1.3660141605672794E-4
2,1;480,-1.3645095060101347E-4
2,435;778,-1.3625061180095406E-4
2,281;547,-1.361940496502359E-4
2,425;506,-1.3609116192445054E-4
2,39;518,1.3602833343020972E-4
2,185;987,-1.3596946156538913E-4
2,738;811,-1.3596779386253443E-4
2,394;400,-1.3596447797273884E-4
2,247;620,1.3526438453312332E-4
2,440;845,1.35209893331218E-4
2,373;999,-1.351927121931228E-4
2,332;753,-1.3511948593040966E-4
2,159;738,-1.3500035251270737E-4
2,638;910,1.348506236686885E-4
2,357;401,-1.3471501179406116E-4
2,236;690,-1.3467438607881182E-4
2,2;450,1.3460287633374718E-4
2,413;778,-1.3457769823724004E-4
2,292;866,-1.3450061982852465E-4
2,382;947,-1.344569617860936E-4
2,72;405,-1.3437481004671797E-4
2,182;432,1.3434399847670243E-4
2,159;501,1.343268047775253E-4
2,152;478,1.3426254366418765E-4
2,227;749,-1.3425949700213323E-4
2,435;611,-1.3420883131992693E-4
2,409;934,1.342078605205436E-4
2,310;847,1.3413519896288462E-4
2,771;795,1.3410439353380677E-4
2,937;955,-1.3390162216567674E-4
2,843;888,-1.3380271858200591E-4
2,647;940,1.337935566075098E-4
2,879;974,1.3368866521063847E-4
2,128;412,-1.3366085758215125E-4
2,718;819,1.3364036914664657E-4
2,387;579,-1.3354603397574598E-4
2,563;845,1.335397901557927E-4
2,382;934,-1.3347024994688058E-4
2,212;380,1.3337544151504385E-4
2,79;424,1.3326454350900624E-4
2,900;984,-1.331518988080382E-4
2,448;701,-1.3311236325157661E-4
2,226;901,1.3299920410589133E-4
2,554;878,1.329557043718047E-4
2,777;822,-1.329447219445167E-4
2,9;750,-1.3284636689209092E-4
2,582;996,1.3278300723872167E-4
2,542;802,1.327721015946154E-4
2,388;940,1.326253190879362E-4
2,700;749,1.3254724275470263E-4
2,917;940,1.3253045644894492E-4
2,446;745,-1.3244927863200135E-4
2,395;503,-1.324135268887939E-4
2,141;184,1.3233346178720686E-4
2,33;863,-1.321168671054799E-4
2,73;969,-1.320945566503528E-4
2,656;891,-1.3204011689209351E-4
2,156;631,-1.3198545001653285E-4
2,111;285,1.3196926074662761E-4
2,41;263,-1.3196006794621967E-4
2,159;988,1.31910085156029E-4
2,91;781,-1.3189764682501487E-4
2,725;887,-1.3171249000438307E-4
2,171;952,-1.315182703000799E-4
2,47;566,1.3137162148130972E-4
2,123;521,1.3129520073315378E-4
2,169;374,-1.312847509772292E-4
2,360;471,1.3120839845765005E-4
2,651;778,-1.309315275222142E-4
2,184;771,1.3087594096273448E-4
2,537;661,1.3084799504747686E-4
2,407;590,-1.3081972783073815E-4
2,328;713,-1.3081892326864667E-4
2,744;999,1.3078048980761942E-4
2,19;161,-1.3065007760877057E-4
2,879;881,1.305626353459433E-4
2,475;715,-1.30502409175283E-4
2,703;932,1.3045816161348083E-4
2,78;227,-1.3025110173180834E-4
2,367;841,1.3017245082198504E-4
2,404;926,-1.3005322127818264E-4
2,37;170,-1.3002188101055994E-4
2,776;855,1.2990034421912232E-4
2,486;608,1.2986630290350034E-4
2,320;446,1.297371842405845E-4
2,382;498,-1.2971867700126385E-4
2,896;997,1.297107319236674E-4
2,375;845,-1.2970307786516478E-4
2,800;862,1.294045602550627E-4
2,178;592,-1.2938532107402534E-4
2,379;565,-1.2937064282319278E-4
2,571;894,1.293510570995019E-4
2,364;576,1.2929671460282693E-4
2,280;618,-1.292769162290471E-4
2,320;650,1.2915758341167473E-4
2,147;970,1.2911778210803783E-4
2,325;731,-1.291016456407642E-4
2,345;889,1.2893156480826135E-4
2,204;907,-1.2886757818900507E-4
2,155;773,1.2877775123828518E-4
2,196;468,1.2876590029442867E-4
2,140;284,1.2872428817943012E-4
2,714;848,-1.2871016608784932E-4
2,63;727,-1.286565342104165E-4
2,886;992,1.2860811750161198E-4
2,170;384,-1.2856919046524908E-4
2,51;344,1.285130980142807E-4
2,485;489,1.2848854277856998E-4
2,641;951,-1.2832126989840517E-4
2,328;485,-1.2802250325205306E-4
2,721;837,-1.279699338501385E-4
2,141;312,-1.27882462031913E-4
2,278;512,-1.2780048284292568E-4
2,186;807,-1.2779536069569547E-4
2,881;905,-1.2745132750674871E-4
2,165;841,1.2726349469636595E-4
2,522;848,1.2722735075554453E-4
2,6;111,-1.2720647183636454E-4
2,399;675,1.2716205397786994E-4
2,425;796,-1.2712540431111184E-4
2,448;559,-1.2712110270256136E-4
2,294;507,1.2705116584350016E-4
2,152;617,-1.2701520308443893E-4
2,160;322,-1.2698168269559946E-4
2,17;779,1.2691602125918238E-4
2,95;525,-1.2690356359037035E-4
2,396;953,-1.2687803062226482E-4
2,763;985,-1.2680197297270252E-4
2,4;641,1.2677889779420595E-4
2,350;929,1.267665505741136E-4
2,210;407,-1.2675167209461158E-4
2,658;677,1.2671995511977577E-4
2,766;995,-1.266087701077107E-4
2,152;154,-1.2659340011605288E-4
2,912;944,1.2656037923549165E-4
2,543;834,-1.2652270594023387E-4
2,508;613,-1.2640956425295582E-4
2,267;788,-1.2637084161935193E-4
2,521;621,1.2621877642381182E-4
2,438;542,1.2621607713916307E-4
2,215;355,-1.2605587835588415E-4
2,165;933,-1.2603527439984219E-4
2,119;341,-1.259275885749731E-4
2,492;912,-1.2592588629474507E-4
2,754;937,-1.2592329295771137E-4
2,640;887,-1.2585655584507652E-4
2,361;875,1.2578847634822128E-4
2,227;918,-1.2577554610178088E-4
2,584;981,1.2563302083828397E-4
2,761;767,-1.2559706572569623E-4
2,508;790,-1.2557113314130077E-4
2,249;900,1.2551924521954185E-4
2,525;961,-1.2551373995479666E-4
2,520;565,-1.2549293689249061E-4
2,300;895,-1.254646683147836E-4
2,103;912,1.2543714767058962E-4
2,108;941,-1.253360019202094E-4
2,185;857,-1.251223318318232E-4
2,299;781,-1.2509016860078677E-4
2,9;658,-1.250689291265264E-4
2,738;754,1.2501053222108255E-4
2,110;400,-1.249716224385031E-4
2,246;254,-1.2489285159484638E-4
2,62;177,-1.2487122345865035E-4
2,604;670,-1.2474754305053618E-4
2,322;588,1.2466129088376703E-4
2,705;707,-1.2464423974642254E-4
2,671;700,-1.246411637948107E-4
2,232;815,-1.245802586669573E-4
2,155;446,-1.2453575926568995E-4
2,154;183,-1.2446305484087073E-4
2,43;685,1.2442803201918095E-4
2,252;341,-1.2439195139757835E-4
2,535;536,1.243893874439506E-4
2,39;583,-1.2438868345354857E-4
2,179;996,-1.2429748342431508E-4
2,637;798,-1.24292657314306E-4
2,590;685,-1.2423502933235476E-4
2,225;385,1.2419869881272202E-4
2,257;736,-1.2408806675892324E-4
2,175;683,1.240345497630538E-4
2,78;841,-1.2396909689630102E-4
2,361;894,1.2394554476090485E-4
2,707;748,-1.2387138666641322E-4
2,549;653,-1.2386196746001904E-4
2,10;860,-1.2385101319076477E-4
2,444;795,1.2373126396618853E-4
2,73;724,-1.2370816085857992E-4
2,82;384,-1.2359559661146187E-4
2,497;950,1.2345121609108525E-4
2,449;979,-1.2345046207431996E-4
2,123;261,-1.2344408161863707E-4
2,823;918,-1.234240295314271E-4
2,415;959,1.2336390864706715E-4
2,67;537,-1.232008437941415E-4
2,22;382,1.2318289238776161E-4
2,109;214,1.2315283875633597E-4
2,253;481,1.231527505657846E-4
2,136;253,1.230988255181783E-4
2,483;870,-1.230567176064722E-4
2,482;845,1.2301014634169414E-4
2,299;703,-1.2300056796132457E-4
2,929;997,1.2284417564901952E-4
2,472;765,1.2282500416970204E-4
2,593;899,-1.227318486524412E-4
2,667;732,1.22707152832577E-4
2,350;730,-1.22695944480754E-4
2,487;972,1.2265156789384273E-4
2,197;719,-1.226492663917432E-4
2,579;641,1.225789104677332E-4
2,70;197,1.2257154148278618E-4
2,352;829,-1.225710353165763E-4
2,113;961,-1.224481744348478E-4
2,641;717,1.224181576791644E-4
2,618;940,1.22225484501704E-4
2,705;724,-1.221990654146556E-4
2,304;454,-1.221622355933342E-4
2,208;293,-1.220653807570595E-4
2,285;975,1.2196660782342769E-4
2,330;595,-1.2178820246626619E-4
2,152;438,-1.2171558715586345E-4
2,538;722,1.2168967334046045E-4
2,60;629,1.2167578308953147E-4
2,47;168,1.216634529076897E-4
2,412;548,1.2155642407920301E-4
2,441;502,-1.215470619547645E-4
2,263;742,1.2145907342330862E-4
2,442;571,-1.2139177527560109E-4
2,224;293,1.2136328141524106E-4
2,122;336,-1.2133171179370828E-4
2,533;957,-1.2131355340839929E-4
2,676;823,-1.2130948940290218E-4
2,48;621,-1.212277646747925E-4
2,344;844,-1.2121209093588358E-4
2,738;969,1.2100598935120073E-4
2,211;597,1.2096427904055954E-4
2,203;625,1.209628529486437E-4
2,187;580,1.2088187907606399E-4
2,232;281,-1.2084929509030229E-4
2,210;751,-1.2079711251941303E-4
2,118;852,-1.2078927405745354E-4
2,62;395,-1.2078647896985689E-4
2,648;878,-1.2070000235110934E-4
2,473;682,1.2062637603555218E-4
2,81;418,1.2047940500547977E-4
2,336;892,1.204554921480373E-4
2,262;573,-1.2036998571863786E-4
2,643;900,-1.2030235116227974E-4
2,889;937,1.2029277040498996E-4
2,80;569,-1.2025981820777362E-4
2,308;970,-1.2021032587299921E-4
2,3;34,1.2010651131643191E-4
2,546;706,1.200251807022002E-4
2,839;863,1.1988140406456676E-4
2,140;570,-1.1971690844249289E-4
2,205;698,1.1965414186309453E-4
2,376;811,1.196271918050718E-4
2,120;667,1.1959953757664014E-4
2,897;994,-1.1948047591059494E-4
2,442;838,-1.193772614842601E-4
2,301;959,1.1934242278383459E-4
2,342;945,1.192913088960581E-4
2,188;925,1.1923834041034868E-4
2,235;548,1.1910970116374141E-4
2,92;964,-1.1904974855014414E-4
2,614;947,1.18969983718096E-4
2,459;902,1.189070993374941E-4
2,489;762,-1.185965399835453E-4
2,811;963,-1.1845572631757392E-4
2,405;433,-1.1839764407177878E-4
2,5;522,-1.1811512388285542E-4
2,632;922,-1.1807207010454248E-4
2,103;772,-1.1804081070513012E-4
2,167;652,-1.1801708045966547E-4
2,367;778,-1.1801107797719438E-4
2,569;779,-1.1800036562861686E-4
2,446;931,1.1799629052935573E-4
2,652;872,1.1794103333897881E-4
2,384;597,1.1792555250424848E-4
2,147;441,-1.1784759376539922E-4
2,264;367,1.1774655016847696E-4
2,141;770,-1.1772945254145663E-4
2,437;822,-1.17668873326576E-4
2,556;972,1.175598961601239E-4
2,239;778,1.1754067436792842E-4
2,19;47,-1.1739941461450987E-4
2,39;652,-1.173723925628184E-4
2,38;553,1.1736182484027604E-4
2,446;825,-1.1735036137728181E-4
2,588;868,-1.1733835867368597E-4
2,14;934,1.1731211462947177E-4
2,437;668,1.1728495239964183E-4
2,124;567,1.172516268521256E-4
2,413;683,-1.1704992538897188E-4
2,360;433,-1.1704710860569573E-4
2,187;301,1.1701745356356384E-4
2,348;617,-1.169535345987455E-4
2,606;760,1.16859190295012E-4
2,665;713,-1.167333877762059E-4
2,42;558,-1.1671766224870085E-4
2,515;737,1.1668960776000193E-4
2,936;966,1.1657442366983157E-4
2,386;669,1.1647456111247603E-4
2,589;871,1.1646171842322267E-4
2,597;659,-1.1645601510969447E-4
2,8;837,-1.1637592638470058E-4
2,32;348,1.1636122947412481E-4
2,210;924,1.1630915367905937E-4
2,69;773,-1.1629662514975202E-4
2,228;291,-1.162241010289665E-4
2,582;640,-1.1619602283522562E-4
2,209;289,1.1619108488981133E-4
2,8;720,-1.1614082961701107E-4
2,636;806,-1.1610777358348638E-4
2,709;866,-1.1606086759243374E-4
2,231;888,1.1605160178928193E-4
2,612;791,-1.1604303852463777E-4
2,111;830,-1.1600564527207199E-4
2,7;358,1.1593868801189683E-4
2,163;454,1.1581311103145174E-4
2,330;925,-1.1578988457544861E-4
2,187;899,1.1569113317412518E-4
2,315;705,1.156820060050301E-4
2,190;725,-1.1563314326757559E-4
2,211;592,-1.1557153504547653E-4
2,152;462,-1.155704920151862E-4
2,705;926,-1.1553759987341182E-4
2,390;511,-1.1552864924352863E-4
2,930;959,-1.1550079581338907E-4
2,214;368,1.1544803824457245E-4
2,185;811,-1.1544491267445693E-4
2,638;698,-1.1534700638825363E-4
2,418;879,-1.1532638737758907E-4
2,323;371,-1.1526048966946953E-4
2,333;799,1.1516393664816374E-4
2,704;998,-1.1514181726007486E-4
2,271;727,-1.1510950807085869E-4
2,320;973,1.150903079561286E-4
2,386;553,1.1502388630515679E-4
2,708;790,-1.1502074113603229E-4
2,412;493,1.1494954395149733E-4
2,668;694,1.1473344413008007E-4
2,604;933,1.1471474848591787E-4
2,3;321,-1.147093002241343E-4
2,841;993,-1.1465565009918609E-4
2,126;920,1.146505019907953E-4
2,103;421,-1.145899621572877E-4
2,37;979,1.1446894738738373E-4
2,850;921,-1.1430343355517023E-4
2,435;562,1.142661077183899E-4
2,62;181,-1.1413660248779545E-4
2,112;966,-1.1413633022400903E-4
2,173;746,-1.1410552336225067E-4
2,802;938,-1.1410353398562659E-4
2,268;836,1.1404107961985352E-4
2,727;806,1.1395929387719581E-4
2,610;681,1.1394671568073769E-4
2,797;965,1.1391130106845143E-4
2,324;690,-1.1388784121519604E-4
2,908;968,1.138743676587647E-4
2,112;520,-1.1383248667148716E-4
2,178;832,-1.1377570036116514E-4
2,562;613,1.1374348201948695E-4
2,259;517,1.1354879794685641E-4
2,414;786,-1.1354486980863152E-4
2,15;101,1.135394928040243E-4
2,290;616,-1.13472720115956E-4
2,529;937,1.1335473896449573E-4
2,551;692,-1.1333015520840342E-4
2,558;886,-1.1332161115710833E-4
2,215;258,1.1322844466191664E-4
2,210;845,1.1322819340845012E-4
2,166;819,-1.132046843729352E-4
2,79;266,-1.1308539989127914E-4
2,406;484,-1.1305546709767417E-4
2,313;770,1.1301598134832769E-4
2,669;867,1.1297222087397341E-4
2,3;123,-1.1287140113957919E-4
2,67;346,-1.1286852733698986E-4
2,838;969,-1.1284324539451255E-4
2,405;914,-1.1282171495016156E-4
2,107;352,-1.1266300068454311E-4
2,426;768,-1.1252811979229371E-4
2,173;556,1.1244460780824114E-4
2,807;956,-1.124414613909725E-4
2,486;985,1.1242718210116448E-4
2,836;932,-1.122359487249883E-4
2,18;234,1.1221809477192513E-4
2,26;103,-1.121594446254701E-4
2,364;857,-1.1215587414029887E-4
2,450;950,1.120360849038705E-4
2,638;687,1.1199976352134136E-4
2,44;565,-1.1197104630654733E-4
2,62;455,1.119528858857477E-4
2,234;577,-1.119298427768582E-4
2,646;656,1.1192167227014441E-4
2,36;946,1.1163938487166215E-4
2,776;806,-1.1162484755606858E-4
2,16;55,-1.1160169469466222E-4
2,58;819,1.1140245097303375E-4
2,141;743,1.1134574904734628E-4
2,524;622,1.1129039543186486E-4
2,278;786,1.1128774745918902E-4
2,235;911,1.1119695958472777E-4
2,277;860,1.1107223050686133E-4
2,707;827,-1.1100666985225202E-4
2,368;872,-1.1097798275671274E-4
2,804;939,1.1095119460584983E-4
2,409;720,-1.1095046750323855E-4
2,736;842,-1.108868948708488E-4
2,14;912,-1.1084385578647193E-4
2,406;837,1.1082370846798151E-4
2,296;625,1.1078954063100753E-4
2,887;981,1.1068070253078995E-4
2,217;964,-1.1060470567520512E-4
2,730;829,1.1046523100106437E-4
2,263;289,-1.1044915350201684E-4
2,916;984,1.1026937955963504E-4
2,153;280,1.1025553290245572E-4
2,260;973,1.1024419455891992E-4
2,283;914,1.1021879939425685E-4
2,138;272,-1.1021415982221702E-4
2,14;819,1.101852445550275E-4
2,143;269,1.1017924848709989E-4
2,111;274,1.10175144032906E-4
2,75;928,-1.1016413797189461E-4
2,540;727,1.1007915221793528E-4
2,198;333,1.1006930859104122E-4
2,343;647,1.0998510290344519E-4
2,150;590,1.0992830575482002E-4
2,219;739,1.098877359508274E-4
2,16;486,-1.0987836502884971E-4
2,95;422,-1.0986781728212506E-4
2,134;859,-1.0985126676397178E-4
2,804;958,-1.097837206199626E-4
2,403;813,-1.0976045097364086E-4
2,90;729,-1.0969653006644465E-4
2,37;217,1.0968358985194177E-4
2,277;776,-1.0967233627976662E-4
2,158;991,1.09659843283177E-4
2,478;679,1.0965768201811704E-4
2,468;923,1.0957581649483578E-4
2,680;865,-1.095571967138351E-4
2,38;402,-1.0953061612916202E-4
2,177;775,-1.0951865971223312E-4
2,606;702,1.0946509219182676E-4
2,226;566,-1.0940304217960575E-4
2,73;372,-1.0936413794875191E-4
2,89;884,-1.0918245758987644E-4
2,441;731,1.0914965365523807E-4
2,637;840,1.0914038601116094E-4
2,471;717,1.0907005793792411E-4
2,240;484,-1.0897723795624279E-4
2,19;889,1.0896562632930721E-4
2,232;687,-1.0883617932512097E-4
2,508;958,1.0877143652511662E-4
2,821;945,-1.0876559641504259E-4
2,7;504,-1.087113587554232E-4
2,317;578,-1.0862420191476268E-4
2,436;659,1.0860093442543473E-4
2,771;956,-1.0855095832504265E-4
2,136;595,1.08274718790694E-4
2,634;796,1.0823165571670581E-4
2,98;181,-1.0820447221895962E-4
2,181;395,-1.080779500511893E-4
2,179;307,-1.0801692870806481E-4
2,65;587,-1.0800060449002265E-4
2,141;464,1.0795222630872214E-4
2,391;427,1.0792564828045069E-4
2,606;741,-1.0790905839992292E-4
2,226;265,1.0789940323223949E-4
2,332;437,-1.0789380479851131E-4
2,494;897,-1.0789162559274803E-4
2,137;926,-1.0787711001616169E-4
2,39;884,1.0784560613594392E-4
2,67;727,1.0781703084921873E-4
2,558;662,1.077957009382974E-4
2,325;504,-1.0765128846492536E-4
2,332;916,1.0752614739812325E-4
2,135;243,-1.075125569939557E-4
2,0;437,1.0746021426527354E-4
2,58;918,-1.0742820741620749E-4
2,16;311,-1.0735186131618665E-4
2,288;300,1.072811103347222E-4
2,190;933,1.072728703831804E-4
2,273;525,1.0724385582151393E-4
2,450;617,1.0723447511579146E-4
2,719;731,-1.071880778238831E-4
2,277;312,1.0717735285078792E-4
2,458;727,1.0712513996680811E-4
2,274;656,1.0711105235363381E-4
2,793;908,1.0709833902640737E-4
2,401;551,-1.0709574343533821E-4
2,72;559,1.0706486304531294E-4
2,757;990,1.070576086474569E-4
2,329;848,-1.0699536875618795E-4
2,385;552,-1.0694635548380875E-4
2,89;376,1.0694458951950531E-4
2,45;399,1.068897121992781E-4
2,23;183,-1.068675336918633E-4
2,39;961,1.068085977602703E-4
2,658;918,1.0678961018787698E-4
2,384;947,1.0678324697057973E-4
2,12;18,-1.0678067989038866E-4
2,106;887,1.0672730192711915E-4
2,419;594,-1.0670763196489011E-4
2,361;571,1.0668626092902809E-4
2,253;613,1.0668505176953686E-4
2,62;676,1.0665358948352314E-4
2,277;393,-1.0664038674959936E-4
2,650;943,-1.0648961994937504E-4
2,92;594,1.0643134195134075E-4
2,189;765,-1.0642598808286397E-4
2,845;924,-1.0640875267055446E-4
2,29;469,-1.063699937311745E-4
2,40;383,1.0633484630260631E-4
2,212;483,-1.0631789711672544E-4
2,116;203,1.0630402593525604E-4
2,257;327,1.062893239009303E-4
2,112;310,1.0625675857141748E-4
2,435;534,1.0612444421446648E-4
2,122;248,1.0600583503103972E-4
2,365;640,1.0598479157873035E-4
2,405;896,1.0589320938131156E-4
2,435;474,1.0584512801071588E-4
2,0;718,1.0581540814953625E-4
2,96;845,1.0579039909051029E-4
2,190;336,-1.0577171770219509E-4
2,599;863,1.0570412253347763E-4
2,258;959,-1.0567564078442298E-4
2,542;926,1.0561985238278173E-4
2,136;581,-1.0560673240157396E-4
2,383;792,1.0559026047741326E-4
2,596;881,1.055558585725991E-4
2,46;606,1.0546423728033353E-4
2,355;853,1.0544891198566545E-4
2,238;593,1.0541608639375841E-4
2,196;460,1.0539458854274193E-4
2,251;289,1.0539388188974661E-4
2,250;285,-1.0527326362741793E-4
2,103;745,-1.050355705026132E-4
2,240;961,1.0500954641710392E-4
2,134;987,-1.0499444341969361E-4
2,753;930,1.0497204727718051E-4
2,723;994,1.0493543336071013E-4
2,136;266,1.0488189448124832E-4
2,67;478,-1.0487415130075395E-4
2,572;584,1.0482457653334957E-4
2,190;721,1.0481716668270766E-4
2,205;640,-1.0472282612437462E-4
2,201;203,1.0467354536719561E-4
2,125;567,1.046563603107962E-4
2,744;921,1.0461381045856394E-4
2,468;570,1.0458566484798846E-4
2,285;761,-1.045800455800335E-4
2,799;946,-1.045167168076978E-4
2,348;900,-1.0445412114793576E-4
2,448;671,-1.0443054842230754E-4
2,132;593,1.0427290766751291E-4
2,492;588,1.0421516920266752E-4
2,199;734,-1.0416795264851303E-4
2,341;496,1.0413328461724903E-4
2,688;832,-1.0399297890418145E-4
2,554;713,1.039758825652506E-4
2,499;764,-1.0394426840325929E-4
2,297;520,-1.0387219667516332E-4
2,323;460,1.0384212924169033E-4
2,474;856,1.0383486586250635E-4
2,501;814,-1.038282065487135E-4
2,399;835,-1.0379081468081594E-4
2,93;136,-1.0375487911714765E-4
2,327;908,-1.0373851162051877E-4
2,262;442,1.0373529572210072E-4
2,161;934,-1.0371973923459169E-4
2,13;312,1.0370357899144925E-4
2,460;701,-1.0370022977960311E-4
2,224;890,-1.0368607909533092E-4
2,20;839,1.0368368944750213E-4
2,18;277,1.0367502683792618E-4
2,165;899,-1.0361691138725555E-4
2,849;856,-1.0360755745479516E-4
2,216;465,-1.0359193722922095E-4
2,310;418,-1.0358544469001743E-4
2,2;21,1.0350382822350774E-4
2,659;983,1.0345573943122189E-4
2,511;600,1.0343473788297778E-4
2,855;973,1.0342784773864866E-4
2,474;687,-1.0337569500031554E-4
2,84;593,1.0335687489234542E-4
2,285;594,-1.0334888498912051E-4
2,111;481,1.033451891364502E-4
2,630;807,-1.032962198594502E-4
2,318;688,1.0327686877031844E-4
2,100;694,1.0325264607290047E-4
2,208;864,-1.0319453727992285E-4
2,567;745,-1.0314926783539863E-4
2,535;800,1.0313843593986288E-4
2,101;879,1.0313402522283838E-4
2,51;280,1.0312874931793506E-4
2,726;886,-1.0309873104449624E-4
2,248;571,1.0307872622462997E-4
2,205;317,1.0306371967477686E-4
2,190;598,-1.030588453954228E-4
2,41;359,-1.0300517814185543E-4
2,14;166,1.0298691513768474E-4
2,338;980,1.02984452397709E-4
2,101;485,-1.0291907016011E-4
2,418;814,1.0289531936341292E-4
2,258;551,-1.0287317238331939E-4
2,520;878,1.0287135079154674E-4
2,164;731,-1.028132161954772E-4
2,183;501,-1.0280607467236519E-4
2,0;181,1.0273973382482605E-4
2,567;711,1.0268774813400974E-4
2,442;938,1.0267565923592226E-4
2,771;815,1.0265649483168404E-4
2,196;207,-1.0262395313602683E-4
2,764;971,-1.0257811926878771E-4
2,436;441,-1.025452184351286E-4
2,489;557,1.0253544340827767E-4
2,111;375,1.0253536054693883E-4
2,860;999,-1.0250255479240271E-4
2,266;821,1.0243752853970905E-4
2,22;91,-1.0242061419605098E-4
2,908;937,1.0214607568317913E-4
2,489;947,-1.0209980590771689E-4
2,140;761,1.0207812426676464E-4
2,383;886,1.0196394848530545E-4
2,410;590,1.0196219349155857E-4
2,435;662,1.0192817725114284E-4
2,196;889,1.0185898232006935E-4
2,450;888,-1.0183635748381367E-4
2,32;300,1.018353396422033E-4
2,191;349,1.0182896447249429E-4
2,89;402,1.0182541339194456E-4
2,816;944,1.0177110422370264E-4
2,217;948,1.0174061201224157E-4
2,176;483,-1.0172290899154227E-4
2,153;800,1.0163922142949057E-4
2,814;863,-1.015390443501285E-4
2,321;835,1.0141921181737404E-4
2,556;811,1.0138478599850865E-4
2,207;594,1.0137803969304347E-4
2,566;668,1.0137332673191887E-4
2,453;773,1.013610424390316E-4
2,191;768,1.0134119557884361E-4
2,336;400,1.0127660561736311E-4
2,575;588,-1.0125555690960492E-4
2,48;500,-1.0121658427485421E-4
2,38;147,-1.011821257529051E-4
2,534;731,-1.0115754703718873E-4
2,306;904,-1.0114775079100573E-4
2,138;268,-1.0113330377867544E-4
2,50;143,1.0108746887571849E-4
2,348;643,-1.0107120900876807E-4
2,2;950,-1.010555748316415E-4
2,247;425,1.0098674764908403E-4
2,343;720,-1.009813820950563E-4
2,535;925,-1.009763436907367E-4
2,34;85,1.0095228790644098E-4
2,137;627,-1.0092465117298203E-4
2,284;895,-1.0090391213386518E-4
2,454;504,-1.0088447832160566E-4
2,145;813,-1.0083567985278879E-4
2,754;883,1.008185649671112E-4
2,69;310,-1.0080991365127057E-4
2,153;644,1.0065815338273246E-4
2,264;841,-1.0063669899763772E-4
2,454;502,1.0054820575081466E-4
2,577;903,1.0039572203437323E-4
2,36;521,-1.0038825027814517E-4
2,296;951,-1.0038284875538584E-4
2,542;705,1.0034442853068129E-4
2,515;665,1.002732040517895E-4
2,256;485,-1.0027229083609032E-4
2,322;814,-1.0020730048772145E-4
2,772;837,-1.0019112178419459E-4
2,150;415,-1.0014381107368744E-4
2,682;833,-1.0011913248179994E-4
2,243;275,-1.0009400940057722E-4
2,29;589,-1.0001129174571265E-4
2,401;759,9.986861940023981E-5
2,449;533,9.983419325220424E-5
2,169;990,-9.980886249899379E-5
2,82;401,9.973150232507802E-5
2,312;389,9.972929688606858E-5
2,327;701,-9.969334430436076E-5
2,276;441,-9.968028453866368E-5
2,407;856,-9.964713121179111E-5
2,312;914,9.96272434307751E-5
2,578;829,-9.956343033469265E-5
2,31;520,-9.955476646172731E-5
2,555;869,-9.953252796586396E-5
2,226;923,-9.951500704549074E-5
2,209;831,9.949366390822159E-5
2,6;191,9.943755364164492E-5
2,300;971,-9.94032219606828E-5
2,71;854,-9.939282151471671E-5
2,436;728,-9.939180086672116E-5
2,315;445,-9.937541618011251E-5
2,69;150,-9.9339932243461E-5
2,137;320,-9.931634141007726E-5
2,387;925,-9.930138080170572E-5
2,210;865,9.927430049659546E-5
2,45;367,-9.925357060342748E-5
2,165;253,9.921520068300565E-5
2,586;802,9.919742875030108E-5
2,550;581,9.917807163066808E-5
2,430;582,-9.915593109680133E-5
2,334;543,9.908949034805761E-5
2,751;835,-9.904437083317041E-5
2,196;608,-9.902217388349072E-5
2,158;758,9.892689442049842E-5
2,481;911,-9.88958030464805E-5
2,460;510,9.887117961206305E-5
2,384;510,-9.884480389812192E-5
2,8;215,9.882756188512371E-5
2,458;512,9.875253611406049E-5
2,277;298,9.871657146769749E-5
2,525;731,9.869043266858807E-5
2,284;787,-9.865618190012967E-5
2,123;872,-9.865390396447874E-5
2,150;294,-9.85687597468049E-5
2,369;878,-9.854688817125456E-5
2,305;564,9.84995362354375E-5
2,594;975,9.849529326298845E-5
2,244;946,-9.844239328327512E-5
2,47;831,9.837929768051426E-5
2,148;864,-9.829733548820557E-5
2,167;627,-9.82748816523622E-5
2,141;988,-9.825914370051226E-5
2,21;236,-9.82162225410029E-5
2,494;887,-9.81632021839329E-5
2,74;789,9.810489152403618E-5
2,351;802,9.806541319865894E-5
2,332;898,-9.801409438892822E-5
2,493;685,-9.794479879295462E-5
2,126;592,9.793527421663891E-5
2,128;341,9.78796675884873E-5
2,600;706,9.785904972814376E-5
2,68;569,-9.770750058097314E-5
2,295;633,-9.769384434463921E-5
2,693;991,9.767244967078909E-5
2,773;787,-9.766452494232123E-5
2,273;981,-9.76050624198813E-5
2,619;850,9.755451412427738E-5
2,922;954,-9.755082590229505E-5
2,57;446,-9.752913088536617E-5
2,373;793,9.752411503137053E-5
2,527;848,-9.75169290772131E-5
2,287;940,9.748013181726997E-5
2,295;441,-9.743494999404102E-5
2,109;399,9.740417208281844E-5
2,956;966,-9.739762932301926E-5
2,444;905,9.731411624617281E-5
2,99;894,-9.727642321938529E-5
2,542;941,9.725577721554065E-5
2,339;996,9.724920720920989E-5
2,378;819,-9.721979921200692E-5
2,198;649,9.71481461164926E-5
2,370;792,-9.712085103393128E-5
2,62;699,-9.711695114383E-5
2,393;636,-9.708976653380872E-5
2,117;999,9.7065548112522E-5
2,173;829,-9.705807246678815E-5
2,214;813,-9.70517093976481E-5
2,538;694,-9.701762495289283E-5
2,6;668,-9.69414024868188E-5
2,173;718,-9.694014494738948E-5
2,542;968,-9.691576651099262E-5
2,86;347,9.687136299478813E-5
2,542;996,-9.676699488926833E-5
2,308;326,-9.676105381133587E-5
2,53;69,-9.666442701532296E-5
2,760;973,-9.663621490888386E-5
2,341;704,9.66272876581083E-5
2,298;911,9.66093322825245E-5
2,586;670,9.656419956415596E-5
2,377;597,-9.65414805762719E-5
2,166;561,-9.651483168962882E-5
2,203;308,9.649434613129023E-5
2,243;537,9.646163973903499E-5
2,12;960,9.638068351444204E-5
2,158;203,9.637880859703765E-5
2,587;867,9.636282787224906E-5
2,41;298,-9.631402297996561E-5
2,50;249,-9.622869702261497E-5
2,130;567,-9.61955125564088E-5
2,75;911,-9.612824184639595E-5
2,778;963,-9.608522810710101E-5
2,21;333,-9.605974270031991E-5
2,379;961,-9.60374317018119E-5
2,435;822,9.601685800754057E-5
2,215;464,-9.592447585644724E-5
2,753;929,-9.58977030779683E-5
2,587;996,9.588863547671105E-5
2,638;722,9.581106491654124E-5
2,312;731,9.579142972191477E-5
2,107;798,9.571374060452168E-5
2,518;640,-9.569749013499474E-5
2,191;805,-9.554464971658516E-5
2,216;671,-9.55390229366058E-5
2,433;969,9.550787798247555E-5
2,385;641,-9.547936776356012E-5
2,217;255,9.545835726394128E-5
2,203;379,9.545089004618843E-5
2,339;843,-9.535687506103366E-5
2,207;619,9.534227175263577E-5
2,118;534,9.531262739019517E-5
2,264;830,9.531044225209841E-5
2,359;814,9.525519831155687E-5
2,148;934,9.522004606505108E-5
2,520;927,9.516228988856183E-5
2,49;727,-9.513173657617597E-5
2,256;451,9.511413931292582E-5
2,131;573,-9.50975829348609E-5
2,398;737,9.501323382460031E-5
2,474;867,-9.501206877631258E-5
2,25;299,-9.499886970248456E-5
2,217;420,-9.495427741914527E-5
2,278;379,9.491473374869388E-5
2,126;297,9.489956471381506E-5
2,196;423,-9.483556396801707E-5
2,68;744,-9.482636436452347E-5
2,164;534,9.474465713272587E-5
2,226;776,9.470649649147601E-5
2,98;694,9.466429089464991E-5
2,754;969,-9.465903436908469E-5
2,747;921,9.461559681473564E-5
2,199;756,9.460293077307546E-5
2,263;908,-9.455483103433799E-5
2,318;753,-9.454247231569102E-5
2,113;863,-9.453184645891084E-5
2,400;458,-9.450359782701038E-5
2,79;458,-9.447078217265802E-5
2,608;985,-9.441135380807853E-5
2,725;817,9.440019449590743E-5
2,663;920,-9.439890294878664E-5
2,480;824,9.436869480953918E-5
2,143;518,9.435612364897362E-5
2,645;714,-9.430815076028401E-5
2,174;330,-9.43081301635972E-5
2,226;736,9.428319993654633E-5
2,90;546,9.427211690073015E-5
2,314;940,9.420594275903113E-5
2,746;989,9.420500423686188E-5
2,661;781,9.41838749275476E-5
2,229;519,9.412066535811383E-5
2,60;667,-9.40746990655475E-5
2,94;483,9.405929782636149E-5
2,56;264,9.404970418435744E-5
2,154;816,-9.402566420961775E-5
2,252;925,9.396862797226907E-5
2,272;382,-9.392519362480237E-5
2,829;883,9.387183745041416E-5
2,159;591,9.386518523559018E-5
2,566;607,-9.384516365273732E-5
2,152;331,9.373721999905974E-5
2,136;662,9.37360814533047E-5
2,797;939,9.373537195551932E-5
2,215;853,9.372786474771741E-5
2,143;213,9.368695354337415E-5
2,475;650,-9.36858524755366E-5
2,175;814,9.366597978873801E-5
2,147;215,9.365249794308289E-5
2,543;604,9.357846737065287E-5
2,710;912,9.350824139304195E-5
2,110;855,-9.349101207949468E-5
2,383;702,-9.345032850436043E-5
2,741;892,9.343405018218118E-5
2,431;747,9.336857592079897E-5
2,80;582,-9.332460498081146E-5
2,737;879,-9.332028508325943E-5
2,165;946,-9.330386232902147E-5
2,454;605,-9.324327700315676E-5
2,591;771,9.321864907392253E-5
2,805;939,9.319488422762023E-5
2,238;296,-9.317719775390919E-5
2,507;835,-9.302649114198392E-5
2,699;882,9.300290640273827E-5
2,215;981,-9.29934221809287E-5
2,118;624,9.297526029560733E-5
2,249;511,-9.290471882725955E-5
2,737;779,9.287767706804018E-5
2,258;764,-9.281747621875893E-5
2,108;395,9.278220673043439E-5
2,195;795,-9.275926144602311E-5
2,69;418,9.267529386085276E-5
2,289;691,-9.266227046542763E-5
2,469;953,-9.262126949853225E-5
2,6;349,9.256892945285292E-5
2,436;546,9.254867000411151E-5
2,347;590,-9.249945103574273E-5
2,144;559,9.248418568253137E-5
2,93;488,9.247615683137546E-5
2,13;285,-9.242915912533478E-5
2,255;437,9.238913954705921E-5
2,325;557,-9.23849726041286E-5
2,531;648,9.237894316785388E-5
2,99;759,-9.233437967065367E-5
2,371;577,9.229963353126829E-5
2,365;753,9.222273767354939E-5
2,223;801,9.22117955174053E-5
2,63;419,9.215258808385628E-5
2,291;835,9.212785433251602E-5
2,472;833,-9.211735390105516E-5
2,82;947,-9.206461534011871E-5
2,300;741,-9.202182041498114E-5
2,469;887,9.201339488321435E-5
2,669;974,9.200407145432927E-5
2,17;569,-9.197750178548766E-5
2,726;906,-9.192648406157296E-5
2,604;810,-9.191151810987856E-5
2,61;556,-9.19091966659179E-5
2,440;512,9.19013681280752E-5
2,73;732,-9.189131580367472E-5
2,40;483,-9.185746637620168E-5
2,96;336,-9.18533550497306E-5
2,47;430,-9.182321059930058E-5
2,152;971,9.17833449720048E-5
2,604;932,-9.171220725315108E-5
2,192;944,9.171000839591257E-5
2,368;957,-9.170248061450293E-5
2,535;743,9.163192117086344E-5
2,410;860,-9.154439048893383E-5
2,309;361,9.150793589152955E-5
2,47;157,9.14978132912187E-5
2,141;408,-9.148003785577747E-5
2,872;918,-9.146524473693724E-5
2,557;689,9.145945544126011E-5
2,499;794,-9.142140781247666E-5
2,541;790,-9.141774149532966E-5
2,530;988,9.134989722353559E-5
2,36;406,-9.127406867468723E-5
2,473;529,-9.125463464331735E-5
2,417;774,-9.122972897660546E-5
2,62;572,-9.122736893503487E-5
2,915;919,9.121743168061617E-5
2,29;708,9.117987799691319E-5
2,572;981,-9.108878037626497E-5
2,158;178,-9.102786259351281E-5
2,337;512,9.100377586565296E-5
2,118;712,9.098797176878369E-5
2,8;801,9.095587117355226E-5
2,284;291,-9.090769873056931E-5
2,195;666,-9.087878152202786E-5
2,454;601,-9.08531536416243E-5
2,593;743,-9.084473446070085E-5
2,577;806,9.083892074029815E-5
2,152;256,9.078803889090026E-5
2,419;596,-9.077566241254006E-5
2,214;722,9.071129493121243E-5
2,174;827,9.067288883634589E-5
2,447;805,9.065976502593831E-5
2,178;346,9.058676841194973E-5
2,110;645,9.050951787673276E-5
2,437;949,-9.047866170632901E-5
2,129;173,9.045206091985669E-5
2,38;371,-9.044684929364356E-5
2,128;834,9.038213765892869E-5
2,456;940,9.036085342104418E-5
2,462;892,9.033438911940267E-5
2,240;442,9.029235878271089E-5
2,133;827,-9.028678833818824E-5
2,460;818,9.021433494386846E-5
2,886;964,-9.012895480639657E-5
2,601;775,-9.011669203704448E-5
2,99;505,9.010878628821923E-5
2,442;459,-9.003599040381248E-5
2,330;437,9.003240336524726E-5
2,98;153,-9.003150532251822E-5
2,438;920,8.998637033220804E-5
2,596;618,8.99639067592987E-5
2,537;759,8.994554167915272E-5
2,412;462,8.994122730286747E-5
2,580;870,-8.987515762933241E-5
2,253;449,8.986756250665113E-5
2,590;860,8.984759623008657E-5
2,718;858,8.979381274700853E-5
2,322;604,-8.970080801977979E-5
2,688;842,8.964033958592976E-5
2,43;817,8.963387517499354E-5
2,256;774,8.960987763779999E-5
2,354;503,-8.956172446666177E-5
2,520;523,-8.955136513814724E-5
2,766;802,8.94878651113005E-5
2,27;878,8.934618167913355E-5
2,398;408,8.933000070341543E-5
2,658;750,-8.932433571556661E-5
2,306;661,8.931971699485253E-5
2,147;726,8.928431328199435E-5
2,938;965,8.923882476456455E-5
2,925;947,8.923807715139903E-5
2,378;784,8.92327852475641E-5
2,616;801,8.918310182934223E-5
2,76;287,8.91709265269923E-5
2,111;696,-8.911399752309223E-5
2,423;608,-8.901993547884189E-5
2,651;677,-8.899421544168281E-5
2,459;776,-8.895236014352074E-5
2,158;727,-8.894204342448717E-5
2,565;687,8.886003894712902E-5
2,36;613,-8.885593150249084E-5
2,90;96,8.882171591925394E-5
2,441;444,-8.881695933625666E-5
2,408;818,8.880458311496961E-5
2,313;568,-8.878710929863822E-5
2,650;946,8.875897789211848E-5
2,238;719,-8.872897866066873E-5
2,719;987,8.867035480296978E-5
2,165;909,8.860911443009506E-5
2,267;477,8.857492900485404E-5
2,5;857,-8.849834550838918E-5
2,552;628,8.843895546741724E-5
2,189;622,8.840193235865427E-5
2,242;608,-8.839633655063156E-5
2,81;940,8.83927682914534E-5
2,134;442,-8.838827445174935E-5
2,144;238,8.833488307116403E-5
2,361;714,-8.827280175385901E-5
2,380;692,8.827107636467786E-5
2,122;499,8.823306420521097E-5
2,521;539,8.817592379209855E-5
2,16;180,8.816816937811186E-5
2,525;548,8.81431504950739E-5
2,145;385,-8.805669981643363E-5
2,508;800,8.803452769848879E-5
2,816;872,8.80255256764861E-5
2,235;720,8.798591425777993E-5
2,12;478,-8.792449293604945E-5
2,626;821,8.788378395730037E-5
2,472;525,-8.778332568480743E-5
2,160;228,8.774349334815217E-5
2,372;754,8.770952404109656E-5
2,436;532,-8.765079187724843E-5
2,291;522,-8.763623176572997E-5
2,276;502,-8.76051125743235E-5
2,188;330,-8.758794630510483E-5
2,485;961,8.758416104248804E-5
2,166;195,8.758137255429564E-5
2,63;847,8.755426233923304E-5
2,152;452,8.755170289827085E-5
2,289;831,-8.752044908888304E-5
2,449;673,-8.74708410311976E-5
2,583;922,8.745274965150407E-5
2,88;793,8.744688356169083E-5
2,386;903,8.742474099210621E-5
2,711;727,-8.739766428221058E-5
2,188;946,8.736533371361353E-5
2,61;716,-8.734221352059867E-5
2,177;915,8.733604055869515E-5
2,625;742,8.731833652130516E-5
2,429;998,-8.729593684472228E-5
2,86;576,-8.72830596965809E-5
2,489;830,-8.728121515699021E-5
2,180;408,8.717835531874789E-5
2,42;266,8.717698465768915E-5
2,223;971,8.71605714433652E-5
2,192;379,8.714333649512929E-5
2,476;952,-8.708106148525E-5
2,276;731,8.702905612539388E-5
2,33;243,8.692259785225173E-5
2,646;755,8.691677788401898E-5
2,127;770,-8.68463648777686E-5
2,266;838,8.684305541015769E-5
2,35;908,-8.68289349415927E-5
2,315;535,8.680181589070387E-5
2,416;779,8.674972883145719E-5
2,213;712,-8.673648555971238E-5
2,227;620,-8.673041190116027E-5
2,152;801,8.672158843315483E-5
2,431;707,-8.67159017752981E-5
2,113;772,8.666884632084593E-5
2,316;698,-8.66557524733629E-5
2,108;366,8.663960447687742E-5
2,607;637,8.660480011656105E-5
2,215;565,-8.660268664355764E-5
2,726;802,8.657892940917467E-5
2,80;305,-8.652283908188139E-5
2,409;669,8.651290367087373E-5
2,534;881,-8.649722799635756E-5
2,251;997,-8.648118086030346E-5
2,221;881,-8.64773071996377E-5
2,39;204,-8.647343926913861E-5
2,42;494,8.644755629212522E-5
2,870;888,-8.644596894079707E-5
2,584;599,-8.642980281887963E-5
2,372;517,-8.642682492731721E-5
2,934;988,8.640171855062554E-5
2,93;508,8.633651802478764E-5
2,6;977,8.631663483717848E-5
2,679;969,8.630144586375763E-5
2,171;676,-8.627611843773686E-5
2,395;872,-8.627514131376217E-5
2,294;554,-8.626262923942219E-5
2,424;681,-8.620053371679089E-5
2,226;447,8.620013465042282E-5
2,319;386,-8.616796938197014E-5
2,564;787,8.616292341305629E-5
2,494;962,8.613622745493115E-5
2,102;573,8.612052412284838E-5
2,358;469,-8.60895182695985E-5
2,23;311,8.608246432497099E-5
2,122;234,8.600757769078806E-5
2,664;734,-8.599592515750514E-5
2,547;586,-8.588653217598654E-5
2,222;795,-8.58404330340226E-5
2,14;322,-8.581296014171002E-5
2,636;991,-8.579449721804427E-5
2,180;447,8.576583706181053E-5
2,439;801,-8.576372121388387E-5
2,229;615,-8.576203572226499E-5
2,95;614,8.576114498408273E-5
2,478;972,-8.57610332775921E-5
2,713;977,-8.569985453943052E-5
2,212;878,-8.56787464512443E-5
2,328;518,-8.566562020280548E-5
2,680;855,-8.566456361825874E-5
2,286;827,8.562581407527961E-5
2,419;785,8.559725910725288E-5
2,71;751,-8.549212738642593E-5
2,85;371,8.546374576127853E-5
2,560;887,-8.544640564498929E-5
2,345;738,-8.536093840770806E-5
2,468;549,8.533721892611291E-5
2,255;522,-8.531713366006108E-5
2,285;867,8.531170716151646E-5
2,176;870,8.527519133226101E-5
2,437;504,8.525758919619016E-5
2,48;849,8.52443410509839E-5
2,114;252,-8.524190063170667E-5
2,408;988,8.524125158246885E-5
2,31;553,8.523443463185415E-5
2,196;340,8.521539367628796E-5
2,248;526,8.513761776127639E-5
2,249;813,8.513114204179927E-5
2,672;914,8.512006526837753E-5
2,478;757,-8.509800123852875E-5
2,102;361,8.509293150805743E-5
2,36;889,-8.508948271409307E-5
2,54;988,-8.508051207442733E-5
2,235;409,8.50160556972965E-5
2,171;230,8.50022380892722E-5
2,19;521,8.500079611620306E-5
2,192;519,-8.497450386925046E-5
2,25;923,-8.496254287664008E-5
2,175;857,-8.490775291681291E-5
2,238;680,8.489905592521955E-5
2,676;952,8.489856769242241E-5
2,670;929,8.486988855681892E-5
2,85;922,-8.485983252274712E-5
2,460;737,-8.482189624479953E-5
2,817;975,8.481702603306169E-5
2,858;974,-8.479400219390202E-5
2,265;867,-8.471369524031871E-5
2,446;844,-8.470716105128932E-5
2,571;900,8.468014857467253E-5
2,550;659,-8.466937482679812E-5
2,823;955,-8.465124361004384E-5
2,449;702,-8.46382912670302E-5
2,146;931,-8.462861461806187E-5
2,19;291,-8.461566581274451E-5
2,471;653,8.457540701231362E-5
2,726;888,8.4565806223932E-5
2,696;951,8.450762512202766E-5
2,554;615,8.450312873804337E-5
2,122;169,8.449555189704392E-5
2,521;766,-8.449249825660388E-5
2,218;795,8.44141005711814E-5
2,228;936,-8.434840369590694E-5
2,7;359,-8.434032479935734E-5
2,214;855,-8.425434131431608E-5
2,284;716,-8.425060742036004E-5
2,16;671,-8.424644051700691E-5
2,405;920,-8.422980662926586E-5
2,606;916,-8.417016476550792E-5
2,325;483,8.415217009856612E-5
2,591;636,8.412130377997782E-5
2,362;894,8.408541247813892E-5
2,114;817,-8.404965022098505E-5
2,314;398,-8.400798116365593E-5
2,575;747,-8.400722310502295E-5
2,135;773,-8.396274027069939E-5
2,338;957,8.395392605789206E-5
2,319;744,8.395390941104617E-5
2,559;637,-8.395067929183531E-5
2,422;510,8.3936826277499E-5
2,667;881,-8.386127368530826E-5
2,74;597,-8.383151194202735E-5
2,955;994,-8.36560487523722E-5
2,491;729,8.364286513545147E-5
2,443;728,8.362564270002962E-5
2,265;447,8.355215106835497E-5
2,252;817,-8.353216606169121E-5
2,528;714,-8.352893194937802E-5
2,67;158,-8.351983709472386E-5
2,80;608,8.34994755844077E-5
2,156;215,8.346203036728195E-5
2,577;966,8.336541321870223E-5
2,238;430,8.33613357508058E-5
2,724;845,8.334639937188743E-5
2,16;789,8.329405420870298E-5
2,416;875,-8.328754668069189E-5
2,433;962,8.3285395889837E-5
2,154;462,8.325042791716685E-5
2,343;593,8.322601993436668E-5
2,83;192,8.321686209093104E-5
2,105;542,-8.318909338969525E-5
2,324;719,8.316345759062323E-5
2,448;746,8.315514686751774E-5
2,690;719,8.313870201790484E-5
2,649;883,8.311947166671038E-5
2,169;511,-8.308645237102433E-5
2,247;473,-8.303653098101837E-5
2,38;989,8.301973743445973E-5
2,147;989,-8.301101939869353E-5
2,686;821,8.3006567005936E-5
2,463;784,-8.298709459248017E-5
2,518;791,8.289380626686193E-5
2,55;936,8.28761423817019E-5
2,313;382,-8.278089519988678E-5
2,0;596,8.277632416824763E-5
2,18;890,-8.272650258573542E-5
2,793;857,-8.267963810623422E-5
2,121;758,-8.259951680891908E-5
2,96;651,-8.256404858359546E-5
2,567;783,-8.25221634842847E-5
2,74;888,-8.244451965185169E-5
2,710;716,-8.24036683157615E-5
2,460;899,8.229935106643182E-5
2,414;543,-8.229168522705857E-5
2,48;948,-8.223507639822283E-5
2,325;930,8.220237026610671E-5
2,156;196,-8.219054332311238E-5
2,511;974,8.216989223067594E-5
2,274;481,8.215204562259607E-5
2,402;625,8.21338392241743E-5
2,375;388,-8.212261096572266E-5
2,81;372,-8.211801819504463E-5
2,153;517,8.21042553237247E-5
2,214;776,8.208105703723011E-5
2,204;884,-8.207237561160944E-5
2,146;713,-8.205560268071878E-5
2,101;474,-8.20359477706212E-5
2,386;972,8.201942140217661E-5
2,476;867,-8.19919519119211E-5
2,263;978,-8.197613198925887E-5
2,443;905,8.194259513871303E-5
2,558;844,-8.192490858135804E-5
2,133;251,-8.185036607179305E-5
2,361;942,8.17779111718738E-5
2,301;769,-8.174591501414353E-5
2,895;933,-8.173376511334802E-5
2,181;685,8.17067649626985E-5
2,378;661,8.164071856322327E-5
2,110;505,-8.163808035469022E-5
2,152;922,8.163020288674674E-5
2,119;795,8.156615139795062E-5
2,239;651,8.155864977994607E-5
2,82;802,-8.155052777591453E-5
2,256;452,8.152077710622371E-5
2,316;812,8.148729511846862E-5
2,92;897,8.146186965019565E-5
2,47;244,8.145867608602296E-5
2,931;987,8.145467093591338E-5
2,289;908,8.140892841691467E-5
2,564;920,-8.139462170590745E-5
2,113;781,-8.134229568295204E-5
2,568;922,-8.131653811570783E-5
2,318;929,8.1314981872082E-5
2,36;539,-8.127437937346036E-5
2,653;666,-8.125393192923138E-5
2,572;946,-8.12199998994094E-5
2,99;414,8.121627046594284E-5
2,74;538,-8.114216019319396E-5
2,115;400,-8.112722446317828E-5
2,222;867,-8.107772612353367E-5
2,274;726,8.100322249358716E-5
2,359;513,8.098172283157018E-5
2,517;562,8.095850831886311E-5
2,521;635,-8.094498824885745E-5
2,685;879,8.094460269279715E-5
2,129;718,-8.09437674236129E-5
2,8;125,8.091397372653189E-5
2,152;208,8.086258173346958E-5
2,349;929,-8.081092300439651E-5
2,392;680,-8.079178227545103E-5
2,592;920,8.073934864963259E-5
2,311;590,8.072444131667356E-5
2,357;435,-8.069991864483529E-5
2,3;937,8.06909380578213E-5
2,286;823,8.069062834740404E-5
2,343;444,8.068129677011862E-5
2,377;945,-8.063444140049797E-5
2,775;915,8.057269648504452E-5
2,158;526,8.054710986763729E-5
2,78;918,-8.054196788230342E-5
2,163;677,-8.050656973603426E-5
2,196;840,8.049270500284599E-5
2,37;999,8.045579263078571E-5
2,366;720,-8.045320897813038E-5
2,899;955,8.044766849480814E-5
2,546;707,8.044517780131338E-5
2,34;615,8.044134237710812E-5
2,120;609,-8.037818561403308E-5
2,504;693,-8.030050834497501E-5
2,394;659,8.024341538648394E-5
2,221;667,8.020975912543252E-5
2,272;992,-8.016527333536242E-5
2,181;493,8.010433261123221E-5
2,438;779,8.007330769446855E-5
2,435;436,8.005071137612308E-5
2,717;995,8.003821904470185E-5
2,431;435,-7.99210896233677E-5
2,806;937,7.989102769270585E-5
2,194;506,-7.987668004330016E-5
2,267;370,7.986687886067401E-5
2,559;719,7.986420965046084E-5
2,788;831,-7.986064118486253E-5
2,81;498,7.985750180446635E-5
2,54;264,-7.984426040526677E-5
2,348;747,-7.982953132808531E-5
2,43;876,7.976014689147333E-5
2,578;971,7.97529239493129E-5
2,536;841,7.973370500305685E-5
2,882;894,7.964917822178486E-5
2,181;341,7.96466356645998E-5
2,713;855,7.964417544268959E-5
2,80;449,-7.96318538481849E-5
2,177;696,-7.961504580610967E-5
2,156;295,-7.960282383122885E-5
2,221;911,7.958642985024972E-5
2,240;337,7.948253963123345E-5
2,732;741,7.946514197991867E-5
2,445;926,7.945335981277323E-5
2,95;470,-7.945111448549802E-5
2,13;731,7.942394796435156E-5
2,535;862,7.939626265988647E-5
2,568;878,-7.934424046120792E-5
2,107;637,7.928940992298506E-5
2,553;910,7.926025780908625E-5
2,508;752,7.920499289409218E-5
2,140;763,-7.919603803142571E-5
2,816;931,7.918881933998945E-5
2,535;717,-7.915607524903923E-5
2,627;846,7.914597353274897E-5
2,563;834,7.91353635071872E-5
2,452;920,-7.912036020796396E-5
2,380;779,-7.908091268359439E-5
2,77;695,-7.90654752596295E-5
2,202;357,7.904539912594505E-5
2,427;537,-7.904311187078384E-5
2,93;822,-7.901304288397534E-5
2,505;907,7.900380829735521E-5
2,108;354,-7.899700338505212E-5
2,58;221,7.896981345953195E-5
2,572;802,7.891480646776129E-5
2,596;720,-7.890768938792807E-5
2,417;860,-7.887462215419218E-5
2,124;229,7.886623361569882E-5
2,399;893,-7.886557972358207E-5
2,670;987,7.87757468899918E-5
2,346;537,7.877109141311602E-5
2,62;470,-7.875586409479012E-5
2,140;902,7.874892504217213E-5
2,14;91,-7.872409479314458E-5
2,166;795,-7.871592816470568E-5
2,303;975,7.850682727094491E-5
2,165;776,-7.845762626167138E-5
2,346;892,7.844832521876847E-5
2,228;478,-7.828154908349963E-5
2,24;63,7.824853134672999E-5
2,5;687,7.820715845867736E-5
2,791;909,-7.820303979645022E-5
2,433;807,-7.816191937939107E-5
2,241;522,-7.815995208360338E-5
2,1;821,7.814854356988305E-5
2,634;755,-7.812663381283605E-5
2,201;470,7.810704931291695E-5
2,29;912,-7.810231381222465E-5
2,89;422,7.809021035368198E-5
2,70;517,7.805812864004621E-5
2,124;288,7.798240567083823E-5
2,316;486,7.794740357191612E-5
2,582;946,-7.79203591107672E-5
2,215;959,-7.787079441528628E-5
2,166;297,7.785284660899522E-5
2,541;588,-7.781355948870627E-5
2,630;687,-7.780105487140964E-5
2,146;446,-7.779465203140319E-5
2,215;882,7.774862583156089E-5
2,234;319,-7.774204533227366E-5
2,53;769,7.770301358845063E-5
2,374;672,-7.766688767735042E-5
2,736;994,7.764649403470691E-5
2,102;520,-7.763723735499944E-5
2,601;686,-7.763654287170167E-5
2,41;73,-7.760270158609401E-5
2,224;534,-7.760199775224639E-5
2,460;751,-7.757770562158482E-5
2,433;458,-7.733155855200136E-5
2,657;907,7.731142973072226E-5
2,43;614,-7.722877697686279E-5
2,230;907,7.721351014870375E-5
2,376;601,7.717915812583739E-5
2,397;538,-7.717703623839725E-5
2,735;964,-7.715086658974243E-5
2,569;598,7.714162893395396E-5
2,238;949,7.708881610299027E-5
2,698;778,7.701173789950818E-5
2,570;914,-7.698399860302185E-5
2,42;235,-7.697957044086673E-5
2,455;783,7.69420232619723E-5
2,59;345,7.691727254051284E-5
2,371;522,7.686948617050935E-5
2,348;443,7.685865408886547E-5
2,511;877,-7.681131038956987E-5
2,174;196,7.680802364987035E-5
2,187;662,7.6789171432388E-5
2,643;713,7.678418387090426E-5
2,371;722,-7.67383858863647E-5
2,201;756,-7.673815932922104E-5
2,429;775,-7.669218721878079E-5
2,554;629,7.667008005779283E-5
2,373;990,7.662266077315168E-5
2,103;837,7.662261732897292E-5
2,372;986,-7.651584642544857E-5
2,350;400,7.648159216945261E-5
2,716;841,7.644917040857152E-5
2,371;609,7.636011778993302E-5
2,725;755,-7.633932557024637E-5
2,568;653,-7.633394148689576E-5
2,24;855,7.631353188199262E-5
2,132;358,7.626616866688088E-5
2,447;855,-7.618702858249756E-5
2,833;922,-7.615175277617704E-5
2,879;888,7.614458795578804E-5
2,627;965,-7.61435771564066E-5
2,34;45,7.61267197070385E-5
2,54;830,7.611850336760668E-5
2,59;731,-7.60873972585234E-5
2,455;843,-7.608339512099186E-5
2,27;804,-7.608136889911052E-5
2,327;977,7.608023826820187E-5
2,61;379,7.607880063634917E-5
2,96;593,-7.607224607732717E-5
2,296;743,-7.6026340344966E-5
2,602;628,7.601023205960142E-5
2,283;468,-7.59560908096745E-5
2,710;811,7.590339019785328E-5
2,692;852,7.587784982244632E-5
2,862;869,7.587444217574862E-5
2,256;746,-7.586697940380008E-5
2,271;821,-7.581904400722442E-5
2,259;893,-7.58015681163651E-5
2,564;826,-7.576763715625466E-5
2,116;177,-7.576508098554718E-5
2,161;587,-7.575716750050923E-5
2,31;653,-7.57433349020051E-5
2,822;922,7.570874628044735E-5
2,160;814,7.570269139404285E-5
2,515;594,-7.56962688094999E-5
2,261;336,-7.565776603786125E-5
2,36;345,7.565320611973181E-5
2,89;811,7.559541776850998E-5
2,8;663,-7.559074224101503E-5
2,185;710,-7.554261730224627E-5
2,51;867,-7.553816482542239E-5
2,150;463,7.552528406003903E-5
2,247;714,-7.550810107385714E-5
2,446;783,-7.546121985473053E-5
2,686;996,-7.543777749433889E-5
2,68;794,7.539963413544618E-5
2,271;273,7.539327191522023E-5
2,43;397,-7.536792488915609E-5
2,626;686,7.536776807855155E-5
2,30;119,7.535836582466606E-5
2,90;626,-7.532353987945986E-5
2,595;925,-7.528959824458678E-5
2,47;213,7.528081241414842E-5
2,14;62,-7.52661827109325E-5
2,291;336,7.525927890619552E-5
2,540;806,-7.525468338466504E-5
2,271;825,-7.524430202615425E-5
2,288;370,7.523272426629105E-5
2,89;230,7.520144143764096E-5
2,24;492,-7.520048336879422E-5
2,655;738,-7.514622621817916E-5
2,566;644,-7.50878428891833E-5
2,550;933,-7.507525441761754E-5
2,329;714,-7.507480626110804E-5
2,383;600,-7.507098102180575E-5
2,320;533,-7.504133089148579E-5
2,375;830,7.502864613687737E-5
2,722;855,7.501443046522633E-5
2,347;908,7.501209004117744E-5
2,605;736,7.499784419915026E-5
2,806;855,7.493736707851647E-5
2,323;848,-7.490302792855309E-5
2,37;886,7.475688564762556E-5
2,382;603,7.474948410703647E-5
2,163;883,7.47333305395308E-5
2,404;445,-7.470548709083114E-5
2,829;878,7.465173432701666E-5
2,286;707,7.462699715507196E-5
2,722;843,7.461934657985647E-5
2,97;894,-7.460885816337782E-5
2,120;190,-7.45994962090921E-5
2,104;868,7.459725747557147E-5
2,736;743,7.458686518727091E-5
2,413;501,-7.457795015678848E-5
2,196;584,-7.456614009660824E-5
2,837;940,7.45405940605597E-5
2,764;794,7.4535814709878E-5
2,5;894,-7.449506545068557E-5
2,273;966,7.448713388193715E-5
2,39;340,-7.44802380085737E-5
2,604;618,-7.447051945229542E-5
2,227;822,7.444415950842786E-5
2,486;686,-7.435860485081147E-5
2,8;678,7.431796140469298E-5
2,35;988,7.427671342970446E-5
2,231;941,7.424707506722568E-5
2,366;548,-7.417380922041818E-5
2,354;720,-7.414323853354782E-5
2,711;915,7.408626545020226E-5
2,301;979,-7.403745196867937E-5
2,578;640,7.40219582393262E-5
2,268;857,7.400875343946953E-5
2,109;720,7.399526402192069E-5
2,439;648,-7.398193035279374E-5
2,524;556,7.397791199997875E-5
2,47;518,-7.396931476914873E-5
2,192;961,-7.395620356747004E-5
2,10;903,-7.394875414702774E-5
2,720;922,-7.394468209352817E-5
2,291;565,-7.393929642668185E-5
2,355;842,-7.375956605816337E-5
2,255;447,-7.37124245073704E-5
2,297;754,7.369848378921883E-5
2,382;599,7.366367664457344E-5
2,385;946,-7.363385205108152E-5
2,684;920,7.362209521943097E-5
2,586;970,7.359092671406861E-5
2,180;277,7.353268867686848E-5
2,696;718,-7.352292109306554E-5
2,757;933,7.347038445085078E-5
2,773;895,7.344434654628467E-5
2,23;522,7.343131474754444E-5
2,714;894,7.342807585217257E-5
2,745;918,-7.341735990417864E-5
2,259;773,7.33601020108827E-5
2,90;491,-7.335606741778217E-5
2,235;840,-7.335115035374188E-5
2,147;643,-7.333159061230798E-5
2,64;516,-7.332913910312342E-5
2,711;724,7.33104845245729E-5
2,406;912,-7.325877773879494E-5
2,342;810,7.32477624742327E-5
2,146;190,7.323767129550557E-5
2,419;638,-7.319573651148511E-5
2,162;192,-7.317548126433247E-5
2,35;945,7.316593412855426E-5
2,912;936,7.315694396954339E-5
2,556;686,7.312391035907198E-5
2,807;969,-7.310888399855992E-5
2,494;846,7.307419285502925E-5
2,620;822,-7.30326646215232E-5
2,403;773,7.301798622247602E-5
2,522;832,-7.296384118450431E-5
2,12;243,7.295620730724517E-5
2,505;823,7.29155633751204E-5
2,458;711,7.28593924150735E-5
2,149;234,-7.285596098265586E-5
2,358;593,-7.285006033311697E-5
2,261;460,7.27632670419185E-5
2,49;67,-7.271407067923105E-5
2,298;861,-7.268777610523831E-5
2,568;632,7.264620194273144E-5
2,31;862,7.263425258452445E-5
2,469;526,-7.262668731361322E-5
2,122;349,7.262432134313751E-5
2,364;772,7.261934597144751E-5
2,374;848,-7.259029724445138E-5
2,409;775,-7.255697894228249E-5
2,105;844,-7.253327056060118E-5
2,732;994,-7.253092244277066E-5
2,225;688,7.250600031353049E-5
2,811;981,7.247275096068248E-5
2,631;783,-7.24599570504963E-5
2,701;955,-7.243137598958396E-5
2,211;659,7.24097273268586E-5
2,672;704,-7.240500527443248E-5
2,141;629,-7.229537276686882E-5
2,225;640,7.228948410461775E-5
2,554;814,7.227762988650069E-5
2,227;236,-7.22634485032829E-5
2,237;592,-7.223803217015358E-5
2,46;266,7.221469784366166E-5
2,99;209,-7.215987340883913E-5
2,68;113,7.215609587798106E-5
2,381;866,7.21491337374025E-5
2,493;858,-7.214126321608364E-5
2,335;478,7.214039713577325E-5
2,56;910,7.213876591649165E-5
2,215;631,-7.209085053785169E-5
2,16;190,7.207830010267165E-5
2,392;468,-7.207499488137101E-5
2,387;681,-7.207082721621619E-5
2,365;513,-7.196488992705043E-5
2,5;213,7.195937536783414E-5
2,384;735,7.194012136428274E-5
2,869;883,-7.193611463498228E-5
2,718;973,-7.191262511184073E-5
2,444;720,-7.188489048319488E-5
2,474;910,-7.187990067836053E-5
2,483;930,7.187187415838029E-5
2,604;690,7.180458928964823E-5
2,480;606,-7.175588398457558E-5
2,27;196,7.172138439040502E-5
2,205;578,7.171803193756801E-5
2,35;327,7.170047284762132E-5
2,101;489,-7.167866106816676E-5
2,515;713,-7.16591572983416E-5
2,403;770,7.165903992383812E-5
2,41;535,-7.162157409031714E-5
2,14;409,7.160691253479387E-5
2,242;411,-7.16028108079223E-5
2,175;475,7.157627455366108E-5
2,134;838,7.153721619314774E-5
2,357;552,7.150092691403004E-5
2,311;918,-7.149130388247865E-5
2,754;829,7.147738310655319E-5
2,83;767,7.141333102689856E-5
2,437;587,-7.139394281532885E-5
2,185;793,7.134588549256132E-5
2,710;739,7.13373784108168E-5
2,351;671,7.1189523386612E-5
2,151;862,-7.114186579094385E-5
2,24;182,-7.113183568549024E-5
2,102;592,7.109386395592279E-5
2,238;783,-7.109119257043287E-5
2,291;371,7.104269464248487E-5
2,397;803,-7.10317029591853E-5
2,453;838,-7.100624612751674E-5
2,441;728,7.09838228405797E-5
2,34;351,-7.097679585856111E-5
2,98;809,-7.094307894776933E-5
2,712;855,-7.089473600329198E-5
2,602;875,-7.086717321498353E-5
2,513;915,-7.085721568978659E-5
2,548;802,-7.084318197408935E-5
2,47;436,7.082217694689468E-5
2,430;831,7.082089442416809E-5
2,48;904,-7.078608101406473E-5
2,267;276,7.067819902148144E-5
2,184;464,-7.064478709402061E-5
2,787;942,-7.0641780747389E-5
2,593;628,-7.060269183083668E-5
2,499;512,-7.057259965068099E-5
2,169;235,7.056580861492473E-5
2,152;650,7.052084253950111E-5
2,103;487,7.050798587074517E-5
2,219;710,7.048748483045453E-5
2,14;695,-7.048260908083948E-5
2,336;578,7.047440602282573E-5
2,232;890,-7.045896368341354E-5
2,6;892,-7.044039918256406E-5
2,199;233,-7.041112028709639E-5
2,282;778,7.040065611888263E-5
2,653;656,-7.035756885026281E-5
2,620;677,7.034628175500567E-5
2,379;556,-7.030179359629141E-5
2,75;653,7.029207037376753E-5
2,110;389,-7.029040857364374E-5
2,325;822,-7.028063248248945E-5
2,322;892,7.023378610054207E-5
2,537;870,7.015423937141358E-5
2,155;188,7.015140475417182E-5
2,435;777,-7.014243606572049E-5
2,179;770,7.01197296982216E-5
2,736;853,7.011101746801532E-5
2,624;974,7.010062587486807E-5
2,29;919,7.008964277344544E-5
2,426;673,-7.004678636234113E-5
2,55;671,7.003604628615697E-5
2,173;812,7.001754659158729E-5
2,855;921,7.001402279626434E-5
2,898;916,-6.997704490240192E-5
2,265;434,6.997274791211051E-5
2,204;485,6.992885956852027E-5
2,324;579,6.992362691175588E-5
2,724;808,6.987026688775825E-5
2,330;508,6.984502645383514E-5
2,85;97,-6.982425645230517E-5
2,486;601,-6.980949725728864E-5
2,6;887,-6.975057623000572E-5
2,806;887,-6.973031698246851E-5
2,594;867,-6.968495023696369E-5
2,58;667,-6.968009510911497E-5
2,54;145,-6.967521191873657E-5
2,367;629,6.96625432566299E-5
2,10;273,6.962076992059562E-5
2,64;357,-6.958559858935631E-5
2,200;220,6.958008467541918E-5
2,522;958,-6.956820419585266E-5
2,121;185,-6.948952476332303E-5
2,144;778,-6.947903178803766E-5
2,227;775,-6.947794004844387E-5
2,482;563,6.947627082012621E-5
2,62;116,-6.9476153073829E-5
2,257;402,-6.944683831637003E-5
2,44;291,-6.943702865335991E-5
2,314;521,-6.942156734159863E-5
2,5;501,-6.936731990242146E-5
2,84;479,6.932192191623393E-5
2,725;918,-6.930085288824532E-5
2,297;364,-6.928443302709402E-5
2,192;855,-6.92821044608524E-5
2,299;923,6.9267562410204E-5
2,181;253,-6.92652404486315E-5
2,187;411,-6.924649383095458E-5
2,418;454,-6.924237802169936E-5
2,134;565,-6.921545469091542E-5
2,851;897,6.920858326050003E-5
2,29;305,-6.917017748786356E-5
2,822;945,6.91544489059526E-5
2,344;838,-6.912774822350895E-5
2,653;756,6.912141796775354E-5
2,211;783,-6.911345802724919E-5
2,702;956,-6.904741214723361E-5
2,460;795,-6.90118479624452E-5
2,109;889,-6.900562937175504E-5
2,401;690,-6.900508368540101E-5
2,91;349,-6.899335735285447E-5
2,580;998,6.892324883837412E-5
2,244;710,-6.888615377126398E-5
2,867;952,6.882304112056789E-5
2,661;784,6.879704044822624E-5
2,284;430,6.875182452713535E-5
2,443;881,6.874452596935094E-5
2,662;867,6.873812551895834E-5
2,604;987,6.864300080079605E-5
2,360;717,6.861806601601892E-5
2,90;102,-6.85930532922274E-5
2,419;964,6.856199291467372E-5
2,598;725,6.855376507445162E-5
2,60;463,-6.849038438109654E-5
2,94;939,-6.844548127265396E-5
2,29;103,6.841681878153994E-5
2,225;357,6.836048953679701E-5
2,238;559,6.835111776499713E-5
2,251;405,6.82702273585122E-5
2,51;708,6.82224618717851E-5
2,100;246,-6.821803626936837E-5
2,672;924,-6.818628643215024E-5
2,81;106,-6.81388900389839E-5
2,194;254,6.81011524201966E-5
2,116;402,6.805731154612565E-5
2,155;898,6.804858911119901E-5
2,55;272,-6.794857036125452E-5
2,310;936,6.792914111076474E-5
2,34;555,-6.790528031317318E-5
2,211;764,-6.787457584665169E-5
2,388;663,-6.786395731432479E-5
2,608;729,-6.786340300350733E-5
2,246;843,-6.784297547480139E-5
2,225;230,6.781991924064906E-5
2,133;665,-6.778636115114925E-5
2,336;499,6.774068328414912E-5
2,330;440,-6.770765389582553E-5
2,419;449,6.769330989505783E-5
2,813;814,-6.768784758466342E-5
2,720;787,6.768689341567658E-5
2,14;187,-6.768503941211676E-5
2,267;504,-6.768301211790565E-5
2,525;730,6.768243982622407E-5
2,118;257,-6.767021584930019E-5
2,154;569,-6.762929401456233E-5
2,808;915,-6.762197568657583E-5
2,158;623,6.760859961539373E-5
2,114;855,6.758761934744574E-5
2,118;435,6.753841887898132E-5
2,185;472,-6.752198243614957E-5
2,234;277,6.740018342352211E-5
2,460;587,-6.739692158232371E-5
2,233;951,6.733197196232396E-5
2,196;269,-6.727340531601231E-5
2,844;929,-6.72647673441744E-5
2,25;804,-6.726191159163815E-5
2,50;430,6.720978843742651E-5
2,91;409,-6.719637006276832E-5
2,222;722,6.714074443015025E-5
2,748;827,6.71359048273058E-5
2,463;968,-6.713293905369565E-5
2,638;826,-6.711411278408251E-5
2,137;716,6.709867056820506E-5
2,383;483,-6.708044128051543E-5
2,507;878,6.705982602086982E-5
2,510;973,6.705474060358405E-5
2,33;961,6.701739432490708E-5
2,156;267,-6.698198608345683E-5
2,566;877,6.694028814728093E-5
2,210;375,-6.692997430219194E-5
2,609;724,-6.692628591462016E-5
2,109;246,-6.69072414688006E-5
2,91;122,6.690173904146316E-5
2,34;702,-6.688634556633668E-5
2,82;273,6.681282425566314E-5
2,446;734,-6.677430152115901E-5
2,402;422,6.676271996524195E-5
2,19;663,6.674575793140233E-5
2,165;456,-6.673400336214691E-5
2,100;984,6.671113774225901E-5
2,541;770,6.667717265642836E-5
2,92;419,-6.666618917054455E-5
2,419;652,-6.663114349192526E-5
2,657;826,-6.661527106651224E-5
2,180;217,6.655851397489746E-5
2,290;530,6.652828693077131E-5
2,120;563,-6.652561544033708E-5
2,495;883,-6.651900543366649E-5
2,250;775,-6.650120882572702E-5
2,521;995,-6.649740276308411E-5
2,61;670,-6.64333566141998E-5
2,262;565,6.641998077533028E-5
2,321;525,-6.639787725308611E-5
2,203;910,6.638080065864316E-5
2,423;602,-6.635689230031045E-5
2,552;602,6.632457803876778E-5
2,668;971,-6.623855629586803E-5
2,917;920,-6.623314198944195E-5
2,297;323,-6.622413445077925E-5
2,336;341,6.622323313178087E-5
2,176;908,-6.621959976822406E-5
2,520;540,6.621771690912368E-5
2,301;794,6.620298979130386E-5
2,63;457,-6.6182562787334E-5
2,134;302,6.609239974990594E-5
2,195;713,-6.608615104610241E-5
2,516;726,-6.605859736428621E-5
2,727;878,-6.605404305361059E-5
2,401;473,6.603052897025679E-5
2,587;660,-6.602657381910326E-5
2,118;449,6.601020958317961E-5
2,705;814,6.598568940183334E-5
2,401;962,-6.597649418867472E-5
2,400;756,-6.597318808460104E-5
2,844;899,-6.595233105095035E-5
2,16;605,-6.590747046051945E-5
2,746;939,6.590005614223809E-5
2,262;632,-6.577122903532837E-5
2,478;960,6.572980187496422E-5
2,254;739,6.572307802979068E-5
2,0;612,6.571258696600453E-5
2,342;522,-6.565998211131746E-5
2,723;897,6.565463151477643E-5
2,642;868,-6.557468233517502E-5
2,374;908,-6.556322423127475E-5
2,760;915,6.556000710005285E-5
2,9;564,-6.555923535689562E-5
2,158;553,6.5510628202853E-5
2,379;751,6.548298919836346E-5
2,286;718,6.545569847157995E-5
2,375;849,6.544534114594191E-5
2,474;669,6.541798504762539E-5
2,212;341,6.539185607478135E-5
2,527;878,-6.535934247487183E-5
2,190;778,6.535526016408213E-5
2,507;801,6.534706814022756E-5
2,275;290,6.534328544195561E-5
2,743;887,-6.531029317987478E-5
2,225;911,6.52961039710641E-5
2,354;596,-6.529582735921032E-5
2,573;875,6.529082237114626E-5
2,35;601,-6.525577707837654E-5
2,756;758,6.52177893813162E-5
2,244;460,-6.521477825176107E-5
2,19;32,6.517970161561434E-5
2,271;540,-6.51694383432384E-5
2,522;707,-6.515997853231439E-5
2,237;710,-6.515684971390857E-5
2,7;60,6.515486317509987E-5
2,215;300,6.515090849704652E-5
2,71;835,-6.511591848179838E-5
2,304;645,-6.509417962910527E-5
2,35;159,-6.506846260305308E-5
2,320;842,6.505678643942324E-5
2,680;717,-6.504356709072162E-5
2,50;479,-6.503007577519756E-5
2,52;725,6.502461981604008E-5
2,414;641,-6.50172480539802E-5
2,122;905,6.501718104204518E-5
2,195;856,-6.500124702270657E-5
2,423;428,6.499917267100288E-5
2,186;407,-6.497732680130178E-5
2,73;463,-6.49733050628073E-5
2,870;998,-6.489090294555358E-5
2,625;723,-6.485640151113347E-5
2,344;436,6.477728731639699E-5
2,405;726,6.466938290827791E-5
2,386;939,6.466162883929874E-5
2,100;501,-6.46372199817634E-5
2,54;973,6.459062565473645E-5
2,416;703,6.458909717906727E-5
2,400;607,6.458288431919047E-5
2,195;407,6.456997607266685E-5
2,842;994,-6.456923170207017E-5
2,36;92,-6.454854610598691E-5
2,485;800,6.447119653988632E-5
2,344;573,6.446578694416593E-5
2,120;727,-6.445284769661734E-5
2,435;517,-6.443713648320494E-5
2,166;222,6.441586927305892E-5
2,504;701,6.439808876595509E-5
2,419;776,6.438770784071949E-5
2,586;878,6.438742968023416E-5
2,69;415,6.437140112714209E-5
2,121;988,6.434397521139362E-5
2,416;515,-6.429530973055036E-5
2,378;606,6.425369276608343E-5
2,186;357,6.424046467914885E-5
2,59;889,-6.423032300450166E-5
2,226;654,-6.420904192628335E-5
2,256;473,-6.419185338878386E-5
2,460;840,-6.417179343884915E-5
2,632;833,-6.415835732751966E-5
2,882;934,-6.415526621541535E-5
2,203;553,-6.41518388066108E-5
2,515;598,-6.413196407677204E-5
2,208;240,6.412670167473373E-5
2,683;925,-6.41244782604985E-5
2,107;775,-6.411587089625776E-5
2,336;419,-6.41155495510608E-5
2,367;963,6.410452495821764E-5
2,295;771,-6.408258254702718E-5
2,12;241,6.407304501969942E-5
2,37;964,6.407026959398115E-5
2,151;447,-6.406196411416259E-5
2,153;977,6.405415268517056E-5
2,613;841,-6.404674076970232E-5
2,909;933,-6.403405469685566E-5
2,45;264,6.401403872971881E-5
2,742;771,-6.399267302078767E-5
2,680;718,6.397516417997612E-5
2,380;803,-6.396746284716106E-5
2,258;692,6.395342680226833E-5
2,63;273,6.393489592708285E-5
2,170;241,6.39199968592397E-5
2,606;806,6.391504002754011E-5
2,494;758,6.38133466443875E-5
2,24;754,6.380556727917162E-5
2,819;938,6.3795901246028E-5
2,386;687,6.37556795716071E-5
2,408;873,6.372645559164943E-5
2,382;568,-6.363594254234503E-5
2,51;102,-6.36337511854316E-5
2,685;835,-6.362847732013746E-5
2,272;621,-6.36136870672585E-5
2,516;893,-6.36037143005748E-5
2,272;367,-6.359189064354586E-5
2,456;984,-6.35711596494368E-5
2,559;962,-6.356979028364621E-5
2,903;972,-6.351458436424215E-5
2,266;763,-6.350232711738932E-5
2,114;716,6.349203956821781E-5
2,65;401,-6.346448533792554E-5
2,359;813,6.3459771129812E-5
2,366;680,-6.344991217677573E-5
2,224;345,6.344347178187207E-5
2,516;992,-6.342879398965559E-5
2,57;181,6.337767437250566E-5
2,93;555,-6.337622893401542E-5
2,690;810,-6.336554086588286E-5
2,294;727,-6.335079038662337E-5
2,309;971,-6.33463626303596E-5
2,319;873,6.332441564296477E-5
2,109;343,-6.33183607599198E-5
2,584;899,-6.323763985539216E-5
2,681;740,-6.32357526733237E-5
2,232;565,-6.322693614022955E-5
2,184;349,6.320933687394204E-5
2,408;980,6.318095701799041E-5
2,240;766,-6.315595172544444E-5
2,330;743,-6.315394584647004E-5
2,147;766,-6.315294039365618E-5
2,90;361,6.311726056334735E-5
2,84;357,6.310914344982738E-5
2,61;284,-6.310793499946752E-5
2,411;704,6.306378053783021E-5
2,279;952,-6.305912553738502E-5
2,9;787,-6.304697846800808E-5
2,312;461,6.304161412253853E-5
2,600;625,6.30069736119665E-5
2,464;739,-6.299979130702483E-5
2,21;549,6.294975490656415E-5
2,217;803,6.293941475209999E-5
2,650;936,6.293768776580405E-5
2,109;400,6.293513218512173E-5
2,103;936,6.290786248289768E-5
2,524;604,6.288874499533154E-5
2,678;789,6.288738129484383E-5
2,126;166,6.288147154144497E-5
2,132;912,-6.281519439058875E-5
2,123;945,6.280250784470531E-5
2,371;872,6.279857382973157E-5
2,405;566,6.27906685586877E-5
2,166;258,-6.274774816202073E-5
2,37;317,6.271440378527492E-5
2,258;769,-6.2711836381144E-5
2,485;535,6.26985492365749E-5
2,187;870,-6.269772858904551E-5
2,382;439,-6.269668689022135E-5
2,388;438,-6.266120324597893E-5
2,261;291,6.266013101097625E-5
2,133;628,6.265982219874707E-5
2,687;910,-6.263425267845693E-5
2,252;776,6.261249117674583E-5
2,24;716,-6.258632212631496E-5
2,176;785,6.256035224711842E-5
2,175;439,6.255750206899061E-5
2,505;580,-6.25298581262273E-5
2,100;814,6.243353213372543E-5
2,707;747,-6.236662504278888E-5
2,864;935,-6.235492146055489E-5
2,606;952,-6.233453837100444E-5
2,110;157,6.232651010889638E-5
2,113;915,6.230631392258833E-5
2,613;820,6.226951363575834E-5
2,372;940,6.22528908361688E-5
2,58;615,6.210973576999247E-5
2,492;864,-6.201825711532369E-5
2,323;587,-6.201380548160626E-5
2,165;572,-6.199801945430295E-5
2,108;865,6.198239822674312E-5
2,207;587,6.197906543025518E-5
2,856;938,6.195145962996568E-5
2,62;610,6.194425871140174E-5
2,50;238,6.191852052287511E-5
2,162;519,-6.184969421153824E-5
2,45;893,6.17885567383903E-5
2,344;449,-6.178380330211889E-5
2,38;279,-6.176639747989621E-5
2,646;756,-6.175468364090934E-5
2,769;855,6.17172629330413E-5
2,757;909,6.169310423801509E-5
2,193;598,6.168971707463391E-5
2,67;417,-6.16783590739901E-5
2,267;982,-6.16652165010934E-5
2,60;82,6.165607296155979E-5
2,436;517,-6.15992115505963E-5
2,121;530,6.157788229964473E-5
2,155;191,6.15425830543271E-5
2,869;899,6.154061368947708E-5
2,319;398,6.153799511749293E-5
2,294;835,-6.152081647455361E-5
2,26;459,6.147234810343487E-5
2,136;862,6.146222476240698E-5
2,508;561,-6.146017718302853E-5
2,45;516,-6.145099509775394E-5
2,367;928,-6.140695050203585E-5
2,460;480,-6.138706187208253E-5
2,23;318,6.136988582244399E-5
2,47;841,6.136492472916858E-5
2,584;774,-6.125422825897457E-5
2,481;586,-6.122520277923763E-5
2,182;834,-6.122167886124784E-5
2,48;476,-6.121572553404898E-5
2,332;949,-6.12133094845538E-5
2,618;645,6.120646749418376E-5
2,170;700,6.118419000293796E-5
2,55;311,6.11783304189128E-5
2,298;426,-6.11773618505658E-5
2,485;673,6.117064181533512E-5
2,473;566,6.114902484335665E-5
2,233;756,6.110538560757025E-5
2,45;869,6.102683755589334E-5
2,876;939,6.1009993713179E-5
2,289;308,-6.099951470794428E-5
2,10;386,6.0961020535755606E-5
2,463;543,6.095544887929276E-5
2,61;478,6.0943647398520754E-5
2,151;388,-6.091990585265358E-5
2,718;812,6.0900984931106254E-5
2,247;397,6.081479371079392E-5
2,55;138,6.0798248263642245E-5
2,315;404,6.0788806025797506E-5
2,480;822,6.076169093094799E-5
2,47;877,6.0745702764485E-5
2,223;825,6.0725408425451065E-5
2,72;333,-6.069561344029498E-5
2,840;911,6.068128566454732E-5
2,14;729,6.066923022445963E-5
2,572;937,6.064262143252234E-5
2,715;793,-6.0633691174350054E-5
2,565;956,-6.060269076951394E-5
2,483;785,6.057902151376202E-5
2,72;710,-6.057503295197985E-5
2,462;910,-6.057466720981179E-5
2,99;811,6.0548331159878976E-5
2,48;710,6.053671389032035E-5
2,606;855,-6.0522239815773537E-5
2,123;472,-6.048024128401502E-5
2,30;706,6.0478469139383014E-5
2,7;676,-6.046908451665559E-5
2,492;755,6.044815779111063E-5
2,504;525,6.0447480274506626E-5
2,636;743,-6.04349555058281E-5
2,217;978,-6.0408859307156154E-5
2,727;803,-6.040518392672977E-5
2,343;631,6.0376259130089734E-5
2,297;870,6.037431450942791E-5
2,333;549,-6.036046035879176E-5
2,367;900,-6.0320578244003534E-5
2,310;433,-6.0315098982367544E-5
2,118;402,-6.0312291686872384E-5
2,907;912,-6.030242391654878E-5
2,132;518,-6.030089360174476E-5
2,426;800,-6.029235682892565E-5
2,45;579,-6.0288600102435744E-5
2,120;209,6.026342105648691E-5
2,102;344,6.024115992514398E-5
2,319;743,-6.023986787867993E-5
2,249;550,-6.0215315694633465E-5
2,766;893,6.016766585718844E-5
2,602;979,-6.012599901567908E-5
2,623;758,6.011967542993944E-5
2,21;749,6.0106322240297864E-5
2,750;914,6.010559555719955E-5
2,292;734,6.007610254150302E-5
2,530;910,-6.006238064692613E-5
2,401;746,6.003024892994581E-5
2,27;379,-6.000299517364979E-5
2,572;719,-5.9994506557125905E-5
2,518;582,-5.996872964484808E-5
2,378;741,-5.99485365103479E-5
2,329;573,-5.9945412842865975E-5
2,192;816,5.9942897265523636E-5
2,313;985,-5.994085797760169E-5
2,66;401,5.9910961386273874E-5
2,23;918,-5.990159998557416E-5
2,251;312,5.989752566419072E-5
2,806;888,5.9875611947612645E-5
2,244;436,5.987431895937985E-5
2,316;589,5.980925511030034E-5
2,449;490,5.975574027861776E-5
2,557;988,-5.9753593729239474E-5
2,437;747,-5.9741756010429074E-5
2,294;784,5.972698584595331E-5
2,510;718,5.967104990643884E-5
2,10;145,-5.964701686075337E-5
2,277;390,-5.964595359343424E-5
2,260;378,-5.963449602772517E-5
2,155;683,5.9576086471891456E-5
2,460;521,-5.953349555038931E-5
2,349;826,-5.9508581915919185E-5
2,670;877,5.9496714776513484E-5
2,62;578,-5.9494749320202393E-5
2,436;590,-5.948940098339514E-5
2,699;847,5.9485237803794814E-5
2,413;888,-5.94819382422707E-5
2,166;783,5.9451874821838347E-5
2,16;25,-5.94504628181624E-5
2,62;336,-5.942080844587463E-5
2,437;955,5.941587838108585E-5
2,542;548,5.938526684225712E-5
2,564;987,5.9324617913874266E-5
2,759;939,5.929997398401862E-5
2,290;910,-5.9299247254721616E-5
2,54;260,-5.928237934632441E-5
2,16;299,-5.9215476725978803E-5
2,282;860,-5.919912394496827E-5
2,229;372,5.9150391263173785E-5
2,214;957,5.9138223347382474E-5
2,599;814,-5.912547448626877E-5
2,44;246,5.911327263512411E-5
2,266;806,-5.910723757082237E-5
2,215;608,-5.908172694990552E-5
2,2;697,5.906200837582539E-5
2,276;788,5.9058409344377164E-5
2,712;828,-5.895425648066373E-5
2,829;910,5.892401252921883E-5
2,449;858,-5.889723308172428E-5
2,286;748,5.8857177521658556E-5
2,133;680,5.884208131290178E-5
2,538;920,5.883999006671368E-5
2,190;888,5.8823505255404554E-5
2,169;720,5.8802929066373995E-5
2,1;8,-5.87554636288742E-5
2,636;693,5.873907171008318E-5
2,142;795,-5.872698901412726E-5
2,249;644,-5.871943606599353E-5
2,231;450,-5.867898090793222E-5
2,845;979,5.8677951497000684E-5
2,468;967,-5.8668597290190304E-5
2,258;944,-5.8649494884171146E-5
2,174;992,-5.8631560005571505E-5
2,612;864,-5.859685502318638E-5
2,303;333,-5.859631089843003E-5
2,722;778,5.859568763973115E-5
2,5;815,5.858796267280749E-5
2,206;292,5.85090424445556E-5
2,50;653,5.849716506436663E-5
2,606;676,-5.843809524685314E-5
2,373;982,5.843335003100731E-5
2,889;900,-5.8375556892835864E-5
2,543;676,5.836808021272312E-5
2,112;506,-5.833800293750131E-5
2,63;236,5.8318786954805716E-5
2,369;554,-5.831282331705722E-5
2,77;100,5.825801026974374E-5
2,506;520,5.823983562306172E-5
2,347;991,5.823805912301978E-5
2,754;908,-5.8227899613843594E-5
2,88;614,5.8216950257191544E-5
2,5;766,-5.819380057951921E-5
2,856;969,5.8183052687915515E-5
2,435;441,5.809978093880958E-5
2,239;622,5.8097306265176356E-5
2,32;617,-5.8052740676547384E-5
2,309;960,5.7981662344222545E-5
2,241;969,-5.788413479864565E-5
2,801;911,5.78770638688057E-5
2,47;621,5.7843464341290985E-5
2,72;592,-5.783242666925987E-5
2,136;590,5.7821970955514335E-5
2,184;529,5.781463681564663E-5
2,122;519,-5.779147173153887E-5
2,380;509,-5.778666436701778E-5
2,392;819,5.7781183635233126E-5
2,837;912,-5.776284780960763E-5
2,148;882,5.775586418607195E-5
2,119;892,-5.772865019315321E-5
2,187;959,5.772168153569373E-5
2,128;500,-5.768287307863925E-5
2,203;289,5.768048767292784E-5
2,155;385,-5.765175077467335E-5
2,776;785,5.765038178053878E-5
2,254;707,-5.764862612503762E-5
2,440;563,-5.763905525866377E-5
2,233;646,5.763539213231754E-5
2,56;183,5.762281990474412E-5
2,129;195,5.759357272028348E-5
2,237;603,-5.7569483479527976E-5
2,706;950,5.755999080783382E-5
2,612;935,-5.755280280110658E-5
2,349;484,5.754582107453749E-5
2,540;878,-5.754137470883289E-5
2,16;65,5.75043787547931E-5
2,519;832,-5.7497477491784415E-5
2,319;805,-5.7497073026609406E-5
2,91;934,5.7478558451567285E-5
2,173;437,-5.742932232182705E-5
2,222;397,-5.7396242140165385E-5
2,524;686,-5.7390839283890925E-5
2,307;348,5.738315442546698E-5
2,366;464,5.7376936842263015E-5
2,53;678,5.737690297013563E-5
2,72;613,-5.735138860159365E-5
2,123;559,-5.7345830588186636E-5
2,225;978,-5.729075815816865E-5
2,767;995,-5.723619716422969E-5
2,452;538,-5.713887113948938E-5
2,369;999,-5.710895330791429E-5
2,3;949,-5.7080594001867525E-5
2,118;485,5.7078104982656884E-5
2,42;911,-5.7066081542162825E-5
2,210;548,-5.704958439727098E-5
2,726;847,-5.7042240117831374E-5
2,398;521,5.7024286111081334E-5
2,415;463,-5.701521015824834E-5
2,233;696,5.7014245555996096E-5
2,354;419,5.698088632674843E-5
2,294;463,-5.6967025633735015E-5
2,531;801,-5.693393097050912E-5
2,175;953,-5.6892681998296836E-5
2,178;429,-5.687672002078085E-5
2,875;935,5.687051695504314E-5
2,260;383,5.6842368217157125E-5
2,336;350,5.678643600213935E-5
2,379;804,5.677987349357323E-5
2,85;218,-5.676663680295567E-5
2,109;592,5.675111653044315E-5
2,729;902,5.674300222437734E-5
2,5;771,5.672597940424454E-5
2,823;929,5.6721803118439876E-5
2,483;793,5.6717590233941535E-5
2,376;718,-5.665784498561165E-5
2,681;864,-5.664607763466656E-5
2,190;609,5.663019819098004E-5
2,843;942,-5.6622486223905256E-5
2,730;929,5.661118944721793E-5
2,725;933,5.660403238362947E-5
2,507;522,-5.656501582214538E-5
2,499;995,-5.646981052134523E-5
2,0;41,5.645034806950595E-5
2,342;849,-5.644411025628806E-5
2,34;587,-5.6434057145586855E-5
2,438;968,5.6411401458822754E-5
2,31;50,5.639686339222433E-5
2,271;770,-5.6389720864428125E-5
2,590;766,-5.6374135003562724E-5
2,565;981,-5.633747041873188E-5
2,312;629,-5.630470172951756E-5
2,900;955,5.6220336247355745E-5
2,300;638,-5.6190847936123086E-5
2,155;829,5.617672442393458E-5
2,472;811,-5.6173910269887325E-5
2,881;981,-5.615865886185127E-5
2,174;713,-5.6147834832586507E-5
2,186;856,-5.613833722349504E-5
2,26;789,-5.6134258172588615E-5
2,359;653,-5.610232471951863E-5
2,283;612,5.6091018791879364E-5
2,151;265,-5.608268998783924E-5
2,266;750,-5.6078536905925556E-5
2,3;529,5.6077701476589054E-5
2,772;870,-5.5992444036427895E-5
2,302;776,5.597095000910505E-5
2,357;701,5.5958415488963034E-5
2,754;959,-5.593849286875012E-5
2,835;886,5.5938406183315497E-5
2,598;947,5.5911441262907704E-5
2,272;882,5.590863347803277E-5
2,572;650,-5.589258917966479E-5
2,111;478,5.588614772339753E-5
2,289;315,5.583221980135243E-5
2,430;716,5.579629873697673E-5
2,30;151,-5.5788194911110786E-5
2,247;677,5.5736110815297825E-5
2,12;722,-5.5697823678901824E-5
2,377;872,5.562933332044164E-5
2,274;558,5.562808107088311E-5
2,172;933,-5.5524172186416044E-5
2,102;309,5.5507461484091706E-5
2,283;570,5.549257472128291E-5
2,254;658,-5.5492452811011665E-5
2,759;962,-5.543756943055389E-5
2,765;995,5.543144517702869E-5
2,837;937,5.5424536270316514E-5
2,258;401,-5.542253067899233E-5
2,297;738,5.540383044634011E-5
2,287;722,-5.539913421127418E-5
2,27;840,5.538380702233807E-5
2,926;941,5.5361539166653795E-5
2,363;456,5.530369589039272E-5
2,830;849,-5.528710567836965E-5
2,526;576,-5.5251033124886016E-5
2,220;803,-5.523094185396098E-5
2,744;781,5.521172221041951E-5
2,526;857,-5.518696985688895E-5
2,296;435,-5.514255274150801E-5
2,345;890,-5.51390225986696E-5
2,156;303,5.512893944738879E-5
2,670;823,5.508840273814305E-5
2,300;991,5.506947533695566E-5
2,751;770,-5.506082861720017E-5
2,683;844,5.505079721045785E-5
2,175;920,-5.504038967714714E-5
2,668;822,-5.502646667170847E-5
2,379;510,-5.502286797007702E-5
2,585;694,-5.502206161140847E-5
2,183;931,-5.491009126005589E-5
2,23;225,-5.487597491949614E-5
2,203;291,-5.485894440792968E-5
2,294;803,-5.4843555084632674E-5
2,352;887,5.482241593322743E-5
2,479;697,5.478778896054889E-5
2,510;696,-5.4767460073184146E-5
2,8;668,-5.4731885815515254E-5
2,588;899,5.471560305968174E-5
2,224;463,5.471508935590001E-5
2,424;840,5.470985621115808E-5
2,818;822,5.4686794038108544E-5
2,339;783,5.467847430938599E-5
2,62;912,-5.4651233155680454E-5
2,313;498,5.4630305644918226E-5
2,563;598,5.461001032756435E-5
2,671;715,5.453183079646757E-5
2,140;958,5.449326087758831E-5
2,236;964,5.444014082419343E-5
2,311;321,-5.443176182520308E-5
2,187;322,5.442274294053437E-5
2,693;935,-5.440661914620686E-5
2,200;803,5.4387578005641714E-5
2,175;413,5.43043303531746E-5
2,63;214,5.4282957389229126E-5
2,59;719,-5.4273830406380215E-5
2,200;564,-5.427369848938565E-5
2,58;881,-5.423803133006007E-5
2,223;446,5.4226907321584434E-5
2,738;845,5.419798860601842E-5
2,772;915,5.418015129775218E-5
2,175;588,-5.4155311152098166E-5
2,611;618,-5.4142499764468766E-5
2,140;263,-5.4130414514579594E-5
2,436;706,5.412937543323931E-5
2,57;309,-5.412705277766581E-5
2,409;858,5.411092859604038E-5
2,236;749,5.410311942131615E-5
2,465;859,5.407972188840677E-5
2,50;550,5.407830850114308E-5
2,274;613,5.404116034392129E-5
2,490;938,5.403687484794558E-5
2,145;359,5.4026779399070146E-5
2,317;449,-5.400478090903353E-5
2,8;612,-5.3970338660857604E-5
2,179;227,5.396299862739205E-5
2,638;657,5.3954979128527516E-5
2,627;933,-5.39293634255433E-5
2,106;618,5.3921675045125295E-5
2,38;722,5.3910692880479856E-5
2,100;411,-5.390833549977832E-5
2,29;957,5.390174938693307E-5
2,543;759,-5.389479046187864E-5
2,152;328,-5.388287877654843E-5
2,251;680,5.383150369263543E-5
2,10;590,-5.3822698492911535E-5
2,783;885,-5.376393256177978E-5
2,459;882,-5.3756830347940835E-5
2,11;167,-5.3714145596586275E-5
2,382;638,-5.370570253223719E-5
2,304;957,-5.367639717316211E-5
2,440;794,-5.366801386462422E-5
2,5;832,5.365498758424235E-5
2,346;592,5.3645394971470114E-5
2,113;155,-5.36045311651637E-5
2,940;973,-5.356330933046368E-5
2,372;930,-5.3530133542788E-5
2,258;608,5.348129468115763E-5
2,121;586,5.343555884881967E-5
2,686;811,5.3410880195815666E-5
2,42;450,-5.34065561241255E-5
2,149;494,5.3385849202883494E-5
2,717;765,-5.332328860314447E-5
2,62;756,5.3272114556614135E-5
2,742;815,-5.325616189649023E-5
2,86;455,5.324598794562034E-5
2,10;972,5.323760741391949E-5
2,437;921,5.3211622257173335E-5
2,245;376,5.3136804116951316E-5
2,26;421,5.312908895737737E-5
2,0;9,-5.3118522874739906E-5
2,508;805,5.310761564498552E-5
2,326;970,5.3059319240494955E-5
2,361;447,-5.302212932262015E-5
2,618;739,5.2998800474047076E-5
2,122;650,5.2980755095646835E-5
2,190;809,-5.298012577654798E-5
2,300;627,5.295320254891491E-5
2,360;701,5.289023270040786E-5
2,595;869,5.287963307739971E-5
2,419;737,5.287167032672824E-5
2,410;600,-5.286346977004592E-5
2,60;109,-5.2856258424972824E-5
2,698;945,-5.2856149742543814E-5
2,17;282,-5.2837078309849384E-5
2,457;638,-5.2813079641074765E-5
2,53;309,5.280908807831889E-5
2,184;265,5.279137762252874E-5
2,57;783,-5.274273157594425E-5
2,333;528,-5.2731764684793595E-5
2,325;982,5.271872615227149E-5
2,291;763,5.2671057688611386E-5
2,53;714,5.264119441636861E-5
2,419;940,-5.260849263414792E-5
2,640;813,-5.259725219742626E-5
2,51;476,-5.257725746516278E-5
2,702;985,5.256695859342917E-5
2,528;875,-5.255239455224963E-5
2,282;417,-5.250685202580008E-5
2,43;230,-5.248555061060327E-5
2,141;225,-5.245491726034257E-5
2,330;427,5.2422298914651204E-5
2,592;710,-5.2418668174132965E-5
2,437;552,5.2402561723601E-5
2,800;846,5.239648895821064E-5
2,487;556,5.235715374407607E-5
2,963;980,5.235373756835026E-5
2,48;766,-5.235317415001753E-5
2,314;373,-5.232503797772528E-5
2,449;820,5.231891478354013E-5
2,125;287,5.2315793526078745E-5
2,882;992,-5.2279918203307934E-5
2,284;835,5.2259443153912684E-5
2,605;950,5.225223112775903E-5
2,479;653,5.2230972023294685E-5
2,270;962,-5.22255395389041E-5
2,187;695,-5.218480496881996E-5
2,108;814,5.216507861619916E-5
2,34;973,5.214093656585206E-5
2,11;798,5.2055515612984785E-5
2,193;801,5.202406208330027E-5
2,94;537,5.1967500468442275E-5
2,347;576,5.1965044540414944E-5
2,388;654,5.196333345915347E-5
2,24;806,-5.1917566940471055E-5
2,259;922,-5.189399373062995E-5
2,29;805,-5.1888243015926605E-5
2,30;258,5.1837762593006E-5
2,13;251,-5.180888316784378E-5
2,149;319,-5.179074646768738E-5
2,123;139,-5.17691827368833E-5
2,14;455,-5.1757531779170184E-5
2,717;794,5.174319541885286E-5
2,227;922,-5.173432603767264E-5
2,16;583,5.172950771721935E-5
2,61;111,5.172232311122758E-5
2,423;729,5.1695259041603366E-5
2,0;351,-5.169098689933535E-5
2,242;286,5.1655989332212425E-5
2,489;782,-5.1621531102094574E-5
2,625;897,-5.162059638304004E-5
2,514;618,5.159678771518988E-5
2,6;327,-5.1593528608066775E-5
2,324;492,-5.1586891710660386E-5
2,217;397,-5.157365615370157E-5
2,288;881,-5.1571432133348187E-5
2,825;850,-5.154133329208248E-5
2,337;484,-5.1469489734935586E-5
2,181;309,-5.1457734146745016E-5
2,474;569,-5.140537272628579E-5
2,26;678,5.139121863063934E-5
2,226;743,5.1383528221478547E-5
2,747;884,5.1377447601473036E-5
2,115;874,-5.133426113254963E-5
2,207;584,5.128245340815388E-5
2,269;889,-5.127126339676688E-5
2,243;391,5.121592176989526E-5
2,45;200,-5.1177342314263E-5
2,389;390,-5.1043751264503405E-5
2,94;302,-5.0976123855258604E-5
2,69;586,5.095925591316636E-5
2,581;711,-5.093437389010705E-5
2,779;932,-5.0873467323986765E-5
2,890;936,5.0870603680743766E-5
2,125;508,-5.0857593423312705E-5
2,441;659,5.083389091765626E-5
2,166;520,-5.082339732297282E-5
2,38;257,5.0795398251946446E-5
2,546;901,5.0773880903080335E-5
2,643;734,5.07718287769591E-5
2,319;408,5.0753035177361465E-5
2,3;966,5.072681206735834E-5
2,140;422,5.071736891317774E-5
2,42;950,5.070136188874722E-5
2,402;884,-5.06992955411924E-5
2,651;860,5.0697279439413164E-5
2,946;996,-5.068564859311932E-5
2,157;505,-5.066705347814617E-5
2,156;477,5.0651056217395905E-5
2,351;490,-5.062941997844063E-5
2,186;662,-5.061678497142018E-5
2,465;682,-5.0598914471256056E-5
2,7;948,-5.0586409293655114E-5
2,561;613,5.0574142513227714E-5
2,695;834,5.054341918805487E-5
2,45;190,-5.053496680935393E-5
2,716;754,5.0527343156879776E-5
2,154;192,5.048538768929567E-5
2,473;833,5.047914954310839E-5
2,156;269,-5.0475223484722346E-5
2,8;694,-5.047041252337443E-5
2,418;586,5.046767833238034E-5
2,89;718,5.046106426600763E-5
2,433;506,-5.045273459645152E-5
2,554;705,5.043770107148041E-5
2,123;791,5.0426260175388816E-5
2,300;933,5.041574414200728E-5
2,586;631,5.0390502806789596E-5
2,417;603,5.0372846291000025E-5
2,461;931,-5.035726798919952E-5
2,512;713,-5.033228341016188E-5
2,882;885,-5.0311700516874786E-5
2,322;830,5.02925281476487E-5
2,258;733,-5.024681794619755E-5
2,448;504,-5.0245231674438264E-5
2,173;989,5.023163560184142E-5
2,75;827,5.01980992722353E-5
2,234;241,-5.017128393696002E-5
2,85;348,-5.017116086373193E-5
2,228;866,-5.0137687016747383E-5
2,245;860,-5.012527320541686E-5
2,65;231,5.012186234949476E-5
2,456;946,5.01102026432867E-5
2,446;842,5.0077766167203745E-5
2,785;870,5.007667704651057E-5
2,437;937,-5.00595911927885E-5
2,133;817,5.003493400960311E-5
2,8;283,-5.003186030435045E-5
2,249;955,5.002818898895698E-5
2,476;766,-5.000904566550652E-5
2,514;899,-4.9962269444168055E-5
2,449;837,-4.9958788873019675E-5
2,176;999,-4.993638014228452E-5
2,588;747,4.9912747841944233E-5
2,876;878,4.9902227409468526E-5
2,554;654,4.981383002759481E-5
2,315;926,-4.978921026577124E-5
2,890;998,4.9774308888127216E-5
2,29;161,4.9758840339502005E-5
2,509;779,4.973414323081545E-5
2,172;174,4.969776098574918E-5
2,591;807,-4.9674943659945154E-5
2,387;677,4.965510466905164E-5
2,614;793,4.961011287693312E-5
2,142;798,4.9603431061345594E-5
2,259;569,4.954927013016255E-5
2,231;694,4.953360270470354E-5
2,608;850,4.952593823498014E-5
2,553;715,-4.948577087893165E-5
2,347;455,4.9480841294726274E-5
2,128;414,4.945681532709442E-5
2,572;965,-4.944550073656093E-5
2,47;642,4.9432851871069254E-5
2,188;456,4.9414261525797564E-5
2,417;651,-4.939129342929616E-5
2,267;492,-4.939014310121924E-5
2,473;976,-4.938069876224116E-5
2,242;793,-4.937514943323573E-5
2,196;729,4.9353891348071416E-5
2,376;642,4.934312943128389E-5
2,16;715,-4.93331494374927E-5
2,699;726,-4.931509671311744E-5
2,188;907,4.931417698983637E-5
2,224;742,4.930084723671169E-5
2,251;731,-4.9293520680106355E-5
2,33;113,-4.9268834054306404E-5
2,213;828,-4.9267125355051834E-5
2,158;260,4.926708376014665E-5
2,125;711,4.925331598892625E-5
2,219;384,-4.924890234661153E-5
2,134;493,-4.924281656915855E-5
2,566;635,-4.922397143185346E-5
2,351;548,4.9200285455129196E-5
2,433;856,4.918990926474186E-5
2,34;112,4.91716918070384E-5
2,342;508,-4.916065359654617E-5
2,534;997,-4.9157129285841504E-5
2,482;713,4.912244045435034E-5
2,51;786,4.904671953045867E-5
2,193;932,4.9021867582616314E-5
2,842;980,-4.9019298504589414E-5
2,292;670,-4.8994730256299006E-5
2,191;630,4.8952755167738965E-5
2,217;935,4.894132634688986E-5
2,431;611,4.8930742960571985E-5
2,259;652,-4.8915106880585046E-5
2,293;650,-4.891228035080241E-5
2,261;818,4.890272433571777E-5
2,111;849,-4.8895224933906725E-5
2,30;950,4.8876170397182635E-5
2,342;586,4.885489557138688E-5
2,370;698,-4.88480113266331E-5
2,282;651,-4.882450059248195E-5
2,90;821,4.8810270525729864E-5
2,45;513,-4.879548485412467E-5
2,109;411,4.876990517564343E-5
2,64;718,4.876843170404805E-5
2,408;963,-4.875707710504188E-5
2,677;743,4.873918432682354E-5
2,473;640,4.873032449141696E-5
2,681;925,-4.8729691019425526E-5
2,468;697,4.8710939937503345E-5
2,448;751,-4.869671380511935E-5
2,319;939,-4.868048188450626E-5
2,452;485,4.867810408295514E-5
2,535;557,-4.8660221101720935E-5
2,297;609,4.863973641083535E-5
2,932;943,4.861526967467809E-5
2,427;710,4.8609530956360945E-5
2,150;703,-4.860811980818905E-5
2,876;988,-4.8604904082516334E-5
2,453;609,-4.858258582790173E-5
2,114;668,-4.858116069993111E-5
2,515;682,-4.8564240496232105E-5
2,200;680,-4.85607798212316E-5
2,368;813,4.854046000291674E-5
2,471;737,-4.849445121929769E-5
2,240;420,-4.847642298631366E-5
2,98;475,-4.8471602408741506E-5
2,333;946,-4.84676817309167E-5
2,142;739,4.845918141147038E-5
2,85;747,4.845081041902839E-5
2,478;652,4.8417768679701204E-5
2,94;706,4.8411168038305724E-5
2,568;974,-4.8397600934427156E-5
2,656;928,-4.838640733908185E-5
2,350;961,-4.8378795994257375E-5
2,589;973,-4.835310392030782E-5
2,486;595,4.8339558625952936E-5
2,726;992,-4.832225316180097E-5
2,43;263,-4.829331945266246E-5
2,341;925,4.828870073488815E-5
2,227;880,-4.826117531344064E-5
2,29;387,-4.825908884789693E-5
2,528;835,4.824862619359628E-5
2,54;159,4.824368325960877E-5
2,863;961,4.8242767251045497E-5
2,266;606,-4.822283737345294E-5
2,636;937,-4.821862976779297E-5
2,703;781,4.820907550686584E-5
2,49;158,4.820105220094956E-5
2,419;569,4.8192776611547615E-5
2,229;554,4.818877435562244E-5
2,333;769,4.817317128171217E-5
2,739;884,4.817191322163921E-5
2,41;60,4.8103987580055884E-5
2,346;741,-4.807677317962815E-5
2,42;468,-4.806849223060598E-5
2,2;190,-4.806780702601109E-5
2,98;517,4.803545581370377E-5
2,551;894,-4.80216728883334E-5
2,415;957,4.8021227726423906E-5
2,77;128,4.8015979791216164E-5
2,241;722,-4.800908268025235E-5
2,193;438,-4.7997481542488645E-5
2,175;863,4.798445797475239E-5
2,267;750,4.7954989785543174E-5
2,30;795,4.794896628419995E-5
2,47;582,4.7942697966972585E-5
2,359;519,-4.7936885483848426E-5
2,45;874,-4.793331095598202E-5
2,241;527,4.792845925703738E-5
2,105;745,-4.7912212132738965E-5
2,448;451,-4.791055323914813E-5
2,236;765,-4.7897535018413205E-5
2,208;868,-4.7889756146485766E-5
2,271;359,4.7860149812137155E-5
2,116;436,4.7857537784915395E-5
2,248;260,4.784376483326307E-5
2,381;989,-4.7835146113656444E-5
2,250;663,-4.7809938809298756E-5
2,501;591,-4.7805118301433015E-5
2,184;937,-4.777542036488292E-5
2,141;529,-4.773177828305915E-5
2,567;915,-4.772770092331708E-5
2,781;979,-4.7724023474983987E-5
2,833;910,-4.770630914717483E-5
2,134;604,-4.769592202556384E-5
2,685;890,4.769459241250328E-5
2,266;442,-4.768718568186095E-5
2,706;710,-4.762995763214766E-5
2,58;169,4.7610009893107655E-5
2,175;382,-4.7554862513079695E-5
2,190;818,-4.754007143092292E-5
2,86;844,-4.751381793769797E-5
2,123;833,4.750521449390795E-5
2,654;705,-4.749614049308555E-5
2,572;754,4.74867555480334E-5
2,45;597,4.7477869792087E-5
2,252;700,4.7467011485832425E-5
2,172;379,4.745134943631638E-5
2,408;698,-4.7435462397907164E-5
2,108;680,4.743042713314019E-5
2,110;390,-4.742028638174319E-5
2,24;195,4.739411947254638E-5
2,930;982,4.739340736265391E-5
2,394;758,4.732174924997826E-5
2,224;738,-4.730355342681497E-5
2,305;957,-4.729035656055603E-5
2,14;711,4.728963062979343E-5
2,179;724,4.726973865122622E-5
2,406;910,-4.726716493054468E-5
2,677;876,4.72506129824986E-5
2,183;522,-4.723437933275E-5
2,190;264,4.722271447156867E-5
2,812;951,4.721706109215301E-5
2,239;765,-4.721584459645761E-5
2,195;568,4.721063306718809E-5
2,584;754,4.720562787669577E-5
2,287;358,4.719671466087783E-5
2,283;572,-4.7180713987693125E-5
2,446;645,-4.7128189767512936E-5
2,657;994,4.70894366150336E-5
2,446;643,-4.704874011730602E-5
2,424;839,-4.704815109372046E-5
2,312;556,4.7033109514838274E-5
2,161;323,-4.701553814364887E-5
2,400;637,4.701070342255377E-5
2,440;786,-4.697564867129274E-5
2,339;554,4.6973301878525594E-5
2,557;830,4.696349754356438E-5
2,354;984,4.694516802160617E-5
2,380;681,-4.693167657246608E-5
2,129;434,-4.6930277365794327E-5
2,424;863,-4.692698368029215E-5
2,267;476,-4.6906279325271586E-5
2,596;879,-4.68263015952463E-5
2,267;826,-4.680931674154319E-5
2,2;208,4.679692214377711E-5
2,465;959,-4.676785037496784E-5
2,342;468,4.6757334041857895E-5
2,0;234,4.675000549220145E-5
2,89;702,-4.671099038616943E-5
2,469;528,4.668826880741576E-5
2,161;882,4.667408304481774E-5
2,687;768,4.664614553236665E-5
2,604;622,4.660874581206973E-5
2,750;796,4.660121733740664E-5
2,676;834,-4.6593217817678735E-5
2,399;592,4.657982970437176E-5
2,533;858,-4.6576799002533504E-5
2,465;537,4.657321522111839E-5
2,62;679,-4.65688590252452E-5
2,166;733,4.6547421292318705E-5
2,310;586,-4.6545441190655694E-5
2,711;729,4.654325793118213E-5
2,510;776,4.6530040704201664E-5
2,61;173,-4.6501267529386E-5
2,10;82,-4.644396926245321E-5
2,442;819,-4.6429818936594765E-5
2,250;607,4.639724063031214E-5
2,411;683,4.635196856062563E-5
2,584;716,-4.634978427001787E-5
2,466;541,-4.632992755996555E-5
2,460;885,-4.631968908902916E-5
2,303;727,-4.630047106649755E-5
2,146;855,-4.6291600811395624E-5
2,28;109,-4.629039366035284E-5
2,178;623,-4.6276663151560556E-5
2,426;485,-4.627577384297799E-5
2,771;807,-4.6252875685693436E-5
2,95;384,-4.625276580974784E-5
2,124;935,4.624093541241087E-5
2,884;921,-4.6220668993560366E-5
2,121;494,4.621700336434193E-5
2,73;315,-4.620558772143512E-5
2,473;513,4.6205060813347246E-5
2,367;874,-4.6195367972306726E-5
2,687;746,4.6177249980937685E-5
2,226;329,4.615499575324515E-5
2,58;177,-4.611135489027884E-5
2,159;670,4.6086241037168976E-5
2,178;541,4.6064618923732474E-5
2,394;756,4.603613693508599E-5
2,228;459,-4.603352940663229E-5
2,629;994,-4.600899139715975E-5
2,589;948,4.600898235742525E-5
2,217;886,4.5976063999980644E-5
2,553;833,4.596555068270191E-5
2,510;751,4.594948112385299E-5
2,457;546,4.5936294279936426E-5
2,219;735,4.591492970487983E-5
2,654;940,4.5890870735990596E-5
2,655;670,-4.587996409752002E-5
2,812;841,4.5866061566842686E-5
2,318;380,-4.585100309141532E-5
2,677;949,4.584318165601885E-5
2,511;900,-4.5820911573232316E-5
2,694;879,4.580024182619087E-5
2,55;305,4.575635100954389E-5
2,301;309,-4.575080643981062E-5
2,204;920,-4.572086605184791E-5
2,369;860,-4.571793021665775E-5
2,558;899,-4.571429015513482E-5
2,408;993,4.569275302109716E-5
2,31;341,-4.5680549424359114E-5
2,592;655,-4.566097261937098E-5
2,592;696,4.565439783142141E-5
2,190;975,4.5643772805732334E-5
2,869;942,-4.561031791353825E-5
2,91;661,-4.559841486003401E-5
2,587;619,-4.5537922479340326E-5
2,29;316,-4.55326733476387E-5
2,12;275,-4.552788111453617E-5
2,226;468,-4.5488982516215605E-5
2,7;437,4.54737386687274E-5
2,263;840,4.545931361369321E-5
2,466;728,4.5444807990843585E-5
2,22;302,4.54381605857124E-5
2,116;179,4.543574459296552E-5
2,40;486,-4.542427012648964E-5
2,424;811,-4.5416063407969156E-5
2,425;528,-4.5402839798441884E-5
2,234;963,4.539554740628944E-5
2,304;484,-4.5335468001404014E-5
2,174;428,-4.532131687522665E-5
2,934;947,-4.531505757110258E-5
2,70;259,-4.530783162705996E-5
2,42;149,4.528531232166825E-5
2,342;822,4.526130967626944E-5
2,99;566,4.5250163417893545E-5
2,9;719,-4.524983503559988E-5
2,747;811,4.522526226111436E-5
2,69;374,4.518343537709034E-5
2,522;840,4.516332397759252E-5
2,255;699,-4.51520953295841E-5
2,64;262,4.5138801479743895E-5
2,186;205,4.513414916387913E-5
2,12;396,-4.5090720621932254E-5
2,336;679,4.507926529037745E-5
2,652;737,-4.5052357661983846E-5
2,30;416,4.5016916051370444E-5
2,362;725,-4.500518377846102E-5
2,543;968,-4.4998987732232686E-5
2,418;508,-4.495473213690036E-5
2,513;640,4.494215762282133E-5
2,401;489,-4.4939127827844167E-5
2,122;963,-4.493693342687345E-5
2,357;427,4.492910278474774E-5
2,206;898,4.49224288157718E-5
2,768;861,-4.4901001214758704E-5
2,72;252,4.4898364390316094E-5
2,40;900,-4.4868511475304355E-5
2,96;642,4.485884943865981E-5
2,133;939,-4.484440623401943E-5
2,586;655,4.483561995942844E-5
2,379;933,-4.4767987487754206E-5
2,173;955,-4.47645433039393E-5
2,602;802,4.47551140190694E-5
2,449;569,4.474616046649102E-5
2,508;835,-4.47118314881393E-5
2,124;370,4.470760754467267E-5
2,75;656,4.468458245300365E-5
2,351;459,-4.4677001273877026E-5
2,296;434,-4.464606345113495E-5
2,489;738,-4.464166774331888E-5
2,716;926,4.46393918904009E-5
2,563;947,-4.4638026497426766E-5
2,373;908,-4.463347917763193E-5
2,411;956,-4.4589711763860466E-5
2,511;955,-4.457680937802994E-5
2,129;713,4.4576502622361966E-5
2,73;744,-4.455836863790923E-5
2,305;533,-4.4542284144417354E-5
2,444;535,-4.453962516608721E-5
2,732;744,-4.453782851637904E-5
2,517;816,-4.452723454035912E-5
2,144;719,4.451856388093282E-5
2,578;910,4.4475646461505E-5
2,105;125,4.4450051542169305E-5
2,228;407,4.443159612636383E-5
2,39;196,-4.440031381256112E-5
2,191;668,-4.439629949918519E-5
2,77;775,4.439363459577203E-5
2,241;371,4.436451894451124E-5
2,40;212,4.4353362919225136E-5
2,449;554,-4.433131702474291E-5
2,774;776,4.429877134891527E-5
2,152;679,4.4291788905516156E-5
2,51;952,4.426380906171899E-5
2,71;321,-4.424536822834446E-5
2,20;424,4.4240412413120076E-5
2,150;238,4.422765442846111E-5
2,386;805,4.422341910750331E-5
2,85;722,-4.419985778278742E-5
2,95;867,4.419978492760297E-5
2,153;327,4.41532364193992E-5
2,34;520,4.415066728031069E-5
2,712;775,4.414216046445303E-5
2,97;551,-4.412496906555564E-5
2,84;204,4.4057531012019155E-5
2,120;303,-4.404747569490703E-5
2,115;635,4.4015559639441124E-5
2,709;946,4.398182846446543E-5
2,348;880,-4.396578310283736E-5
2,10;863,4.39487571845861E-5
2,17;626,4.393582150434783E-5
2,225;813,-4.3885438866183965E-5
2,524;933,-4.385915858439677E-5
2,153;456,4.3846904254138385E-5
2,916;961,-4.384431577013072E-5
2,670;802,4.3816426237496967E-5
2,725;894,-4.38146339772414E-5
2,77;834,-4.380996081316334E-5
2,70;824,4.3802562698230776E-5
2,38;329,4.378016244936249E-5
2,802;965,4.377212379029345E-5
2,150;768,-4.372900240995142E-5
2,753;997,-4.3724730317440085E-5
2,774;856,4.3679818624189195E-5
2,264;589,4.366349989269543E-5
2,484;543,4.362561438136261E-5
2,480;973,4.3613467876727423E-5
2,811;980,4.361118808031939E-5
2,74;806,-4.3596486346228075E-5
2,469;835,-4.3556911371543284E-5
2,585;668,-4.3530314728683976E-5
2,307;996,4.351900438435436E-5
2,200;855,-4.3513207238631714E-5
2,724;915,4.350287156164663E-5
2,15;434,4.35006959133511E-5
2,389;860,-4.349493108483979E-5
2,579;677,4.348499625992581E-5
2,746;887,-4.348315866894243E-5
2,711;902,-4.344990437288094E-5
2,469;649,-4.344103437805039E-5
2,388;920,4.343691203491869E-5
2,174;427,4.342514844918901E-5
2,734;952,4.341728606559457E-5
2,295;570,4.341100783332857E-5
2,455;912,4.336700536100492E-5
2,593;602,4.3364502946146786E-5
2,497;591,-4.336103504951355E-5
2,178;322,-4.332174912376422E-5
2,433;679,4.323366379192962E-5
2,212;383,-4.322147937644349E-5
2,405;804,4.3220433611589136E-5
2,231;587,-4.322001920045671E-5
2,122;512,-4.320009857242146E-5
2,8;131,4.319089995548708E-5
2,666;882,4.317235977904299E-5
2,513;567,4.316445084247199E-5
2,236;299,4.3151558537413186E-5
2,390;860,4.3140150880372314E-5
2,766;907,-4.3140120655618685E-5
2,201;296,4.3136993766891174E-5
2,162;446,4.310742850239573E-5
2,438;663,-4.310708419315564E-5
2,437;884,4.308896802080462E-5
2,629;955,4.3077432107724054E-5
2,418;946,4.306249557940714E-5
2,530;856,4.3037387356651916E-5
2,846;917,4.3020869909953674E-5
2,161;708,4.299805283928284E-5
2,361;416,4.298632222398974E-5
2,45;368,-4.297484119752024E-5
2,222;662,-4.294607635363539E-5
2,320;696,-4.29301187682444E-5
2,107;560,4.291568770937735E-5
2,147;505,4.28874945851071E-5
2,295;900,-4.287785439143416E-5
2,219;706,4.285843813773267E-5
2,526;659,4.284272573690454E-5
2,14;629,-4.282309900418681E-5
2,884;907,-4.2817043420844496E-5
2,234;371,-4.276487382062677E-5
2,54;995,-4.275899737677485E-5
2,417;598,-4.2731885288555017E-5
2,287;791,4.26863554792156E-5
2,383;410,-4.266117177466533E-5
2,288;981,4.263571890326914E-5
2,243;568,4.260680638507275E-5
2,490;856,4.259722412761779E-5
2,235;786,-4.258269654160697E-5
2,843;870,-4.255738442114355E-5
2,109;354,4.254645789454565E-5
2,489;899,4.252089236493807E-5
2,885;894,-4.2507939704189284E-5
2,316;805,4.250395466515384E-5
2,66;94,-4.2495330217107624E-5
2,152;566,-4.2443906122208855E-5
2,489;735,4.2433076663158E-5
2,87;347,4.242065562215106E-5
2,763;840,-4.241935254962309E-5
2,663;672,-4.2415569108769265E-5
2,253;317,4.240284653127889E-5
2,80;771,4.239811725940975E-5
2,327;448,4.2373117133446845E-5
2,761;763,4.236645109005365E-5
2,883;899,-4.232197460221401E-5
2,276;300,4.231186358602103E-5
2,232;740,4.230205865296513E-5
2,101;961,-4.2297447509984126E-5
2,190;940,-4.229307562383048E-5
2,86;663,4.226883335360645E-5
2,376;389,4.2267573585882486E-5
2,118;673,-4.224567265389074E-5
2,95;730,4.2229521208879175E-5
2,683;947,-4.2227764234556444E-5
2,260;518,-4.221041873540997E-5
2,8;653,4.218937958654695E-5
2,717;902,-4.218733417127763E-5
2,302;339,4.2174886331722256E-5
2,165;844,4.21605080629571E-5
2,210;770,-4.215497712473018E-5
2,1;945,-4.2131005314714936E-5
2,493;819,-4.210173256728599E-5
2,176;343,-4.208481695160268E-5
2,285;767,-4.207559588029081E-5
2,759;813,-4.205361578961669E-5
2,714;769,-4.205274603206843E-5
2,316;536,-4.205168236487006E-5
2,275;612,4.204209040491762E-5
2,743;770,4.200672072639945E-5
2,489;934,-4.200248802051719E-5
2,104;477,4.1972932933875285E-5
2,548;770,4.1960336761432405E-5
2,70;945,4.194000607062524E-5
2,113;478,-4.188411544380827E-5
2,47;521,-4.185741872247623E-5
2,789;999,-4.1773514847328705E-5
2,0;98,4.174551905071794E-5
2,84;968,-4.173973605171102E-5
2,743;806,-4.1728579430442514E-5
2,688;765,-4.171617972759507E-5
2,377;492,-4.170551581879282E-5
2,645;722,-4.1699162559893655E-5
2,658;745,4.1684008027454206E-5
2,745;837,-4.167218381842023E-5
2,137;167,4.1648293971162095E-5
2,22;588,4.1646623219278356E-5
2,163;916,4.158753166151042E-5
2,323;609,-4.1578958686066575E-5
2,123;321,4.154807003960698E-5
2,139;301,4.151653729272118E-5
2,143;801,-4.148491058563489E-5
2,194;739,4.1447866054844225E-5
2,446;750,4.144311558038848E-5
2,208;759,-4.142300963500017E-5
2,520;959,4.1389571973452616E-5
2,73;986,4.1383575312689314E-5
2,716;912,-4.1357697600545015E-5
2,244;333,4.134190110478391E-5
2,141;874,4.130850378800038E-5
2,168;872,4.130410256992127E-5
2,415;534,-4.129851457256506E-5
2,625;743,-4.1283183456137635E-5
2,508;522,4.125874120776238E-5
2,218;806,4.1251824990278906E-5
2,705;968,-4.1187312186262576E-5
2,736;980,-4.1155274446061846E-5
2,241;848,4.114365152637376E-5
2,554;748,-4.109363857643686E-5
2,5;742,4.105041066805608E-5
2,248;905,-4.1033363151267146E-5
2,414;739,4.101856520045122E-5
2,759;868,-4.1013916101561426E-5
2,565;616,4.100969945509791E-5
2,525;966,4.1002522104844796E-5
2,243;661,4.099799567145574E-5
2,165;650,-4.098372868716525E-5
2,822;860,4.098354377719786E-5
2,524;811,4.0972053475023055E-5
2,155;878,-4.0947021538086506E-5
2,127;295,4.0939874361908216E-5
2,193;569,4.0906170783770844E-5
2,424;512,4.0904027730131776E-5
2,525;898,4.089894029480161E-5
2,746;813,-4.089097696658314E-5
2,613;860,4.0889694645307896E-5
2,670;687,4.085841282389104E-5
2,407;865,-4.083563744152023E-5
2,58;830,-4.0826240768782195E-5
2,405;722,4.0772962869406665E-5
2,743;991,-4.076816819960638E-5
2,636;768,-4.072339777955852E-5
2,30;688,-4.071243861715164E-5
2,394;815,-4.0710474629756255E-5
2,145;264,4.070957691848497E-5
2,422;995,-4.069004833157546E-5
2,369;539,-4.0653711660139434E-5
2,224;427,-4.059970277492331E-5
2,219;489,-4.059351367128467E-5
2,294;878,4.059074962052875E-5
2,27;993,-4.057907256124851E-5
2,218;887,-4.055749073873583E-5
2,401;692,-4.052966783311292E-5
2,270;759,-4.051306534057145E-5
2,600;734,-4.0502204082717224E-5
2,675;879,4.049079919674839E-5
2,35;759,4.047615383858502E-5
2,344;979,4.044756998747845E-5
2,275;391,-4.0368826581846715E-5
2,198;963,4.0365153136286255E-5
2,418;502,-4.035149259345944E-5
2,465;896,-4.033446772525469E-5
2,70;688,4.0307573802467386E-5
2,81;646,4.027587917509348E-5
2,491;625,-4.0233832758455515E-5
2,134;181,-4.019356554031195E-5
2,607;862,4.01896220505406E-5
2,303;642,4.018130971329352E-5
2,123;983,4.017118949794662E-5
2,70;840,-4.0170578751599315E-5
2,380;619,4.016183066749994E-5
2,39;259,4.0160481671888676E-5
2,643;750,-4.009282275869183E-5
2,65;294,-4.0078943655154246E-5
2,819;830,4.007802285569552E-5
2,79;985,-4.007440990646475E-5
2,843;935,-4.007214132909404E-5
2,583;893,4.005691809010398E-5
2,48;635,4.004101568443168E-5
2,134;160,-4.0040402732133E-5
2,438;705,4.001275164756182E-5
2,351;465,4.001144906872737E-5
2,5;255,-3.999886502629811E-5
2,514;883,-3.996749994507437E-5
2,22;41,3.994649978686098E-5
2,298;801,3.993928499332773E-5
2,240;878,3.9872824739418104E-5
2,365;600,-3.9865064818685886E-5
2,517;739,-3.9841696517522105E-5
2,96;801,3.9816401436309426E-5
2,378;916,3.9798195120637835E-5
2,48;189,3.978479817473758E-5
2,440;465,3.978407158495637E-5
2,702;839,-3.976926384850174E-5
2,277;510,-3.9745326978929006E-5
2,190;884,-3.972566445296333E-5
2,118;775,3.969215241550444E-5
2,398;873,-3.9655010773097345E-5
2,712;805,-3.9652829721526504E-5
2,573;848,3.961928516947717E-5
2,101;367,3.9600877942340294E-5
2,513;874,3.956720074404301E-5
2,243;773,-3.953574356930098E-5
2,533;696,-3.95305055995779E-5
2,35;54,-3.950390247982607E-5
2,770;843,-3.949675759107336E-5
2,565;801,3.943667130529217E-5
2,8;319,-3.941474721894741E-5
2,67;960,-3.939235798175692E-5
2,288;577,3.936207773278665E-5
2,740;925,-3.935259564816776E-5
2,136;293,-3.9350447113095314E-5
2,0;341,3.932630943305581E-5
2,203;716,-3.931308044809707E-5
2,175;599,3.9311925819395686E-5
2,406;613,3.930792713606858E-5
2,101;546,-3.930583856649791E-5
2,114;910,-3.9290446670751925E-5
2,564;922,-3.9288721544549126E-5
2,489;535,3.9280444929519073E-5
2,116;546,3.926422799438869E-5
2,249;746,-3.926257476784222E-5
2,608;931,3.9177892434210916E-5
2,177;422,-3.91671940609026E-5
2,745;772,3.916683958758267E-5
2,484;913,3.9141883750048744E-5
2,198;739,-3.9118602723428256E-5
2,690;830,3.909945586000826E-5
2,262;571,3.909213830586741E-5
2,206;842,-3.9091574749812294E-5
2,92;871,3.908860800742581E-5
2,180;715,3.905876198534247E-5
2,5;664,-3.9055786569126894E-5
2,107;887,3.905331859584197E-5
2,606;678,3.904724190087676E-5
2,1;460,-3.904037907057831E-5
2,187;382,3.902639236273481E-5
2,118;441,-3.8996057553214084E-5
2,181;475,3.897739312049688E-5
2,48;856,3.8974709786227626E-5
2,284;562,3.896258601117059E-5
2,34;320,-3.89360063110407E-5
2,448;618,-3.89335630470021E-5
2,600;979,-3.892491292404277E-5
2,499;767,3.890219539254761E-5
2,130;745,3.8894598905458197E-5
2,491;600,-3.8885365104831274E-5
2,180;255,-3.886876515259555E-5
2,600;753,3.884693933901963E-5
2,492;579,3.8818011451465224E-5
2,113;891,-3.8793772911462716E-5
2,274;824,-3.8774893507332316E-5
2,116;706,-3.8752652518135225E-5
2,445;889,-3.875109861584949E-5
2,291;956,3.874717609609363E-5
2,459;550,-3.8730296148583145E-5
2,483;982,3.871422182108487E-5
2,144;657,3.8711872022676855E-5
2,263;559,-3.871054339379916E-5
2,163;605,-3.8662279951686734E-5
2,892;901,-3.865751118211465E-5
2,310;883,-3.8649888321510205E-5
2,492;982,3.8626932622446724E-5
2,513;653,-3.857151943903274E-5
2,378;432,-3.854175015958774E-5
2,286;483,-3.852479233918536E-5
2,397;677,3.8504361571247344E-5
2,487;906,-3.8499909398100286E-5
2,130;284,-3.848902825852154E-5
2,871;948,3.8472631016029556E-5
2,198;773,3.8455673481480976E-5
2,325;525,-3.8454299923016315E-5
2,341;380,3.844408648745861E-5
2,773;843,-3.841168091038172E-5
2,43;803,-3.83752227648121E-5
2,241;577,-3.834556106743871E-5
2,114;700,3.8329942944015294E-5
2,227;524,3.831895949502473E-5
2,158;188,-3.8303670524315144E-5
2,571;714,-3.829618467826918E-5
2,241;396,-3.829259715783315E-5
2,686;775,3.82918346575111E-5
2,441;535,-3.828841739590276E-5
2,0;490,3.82635493534637E-5
2,22;339,3.825460109058375E-5
2,166;405,3.824742902069206E-5
2,469;883,-3.820399703124211E-5
2,91;979,-3.815148697910676E-5
2,393;463,-3.813554134530854E-5
2,627;879,-3.8111733754475285E-5
2,124;321,-3.810686662246984E-5
2,572;908,-3.808826118964757E-5
2,225;318,-3.8083693634645694E-5
2,201;434,-3.807568711305102E-5
2,573;714,3.8060800078938415E-5
2,571;632,-3.805558301937003E-5
2,676;948,-3.79867426332392E-5
2,114;406,3.79737944389341E-5
2,626;827,3.796174048167139E-5
2,317;481,3.795932171813082E-5
2,137;696,3.7948856153569694E-5
2,374;773,-3.792974704135152E-5
2,783;815,-3.792834650814181E-5
2,627;649,-3.792828291697809E-5
2,424;915,3.7927765635405144E-5
2,240;916,-3.79248359624903E-5
2,456;776,3.790708155928725E-5
2,185;268,-3.783788031650526E-5
2,370;612,-3.7831077242865666E-5
2,48;530,3.7815770655832304E-5
2,520;553,3.780046113412007E-5
2,144;555,3.777684918763894E-5
2,212;912,3.7769236862201026E-5
2,14;902,3.775589978957714E-5
2,75;801,3.767910680685956E-5
2,163;658,3.7678997815586424E-5
2,983;998,3.7670404537025565E-5
2,494;759,-3.76475841302879E-5
2,0;858,3.764518424650104E-5
2,104;208,-3.761704538476003E-5
2,31;151,3.761597774441745E-5
2,132;907,-3.7614228452326524E-5
2,181;809,-3.760933027415213E-5
2,369;848,3.760854951201766E-5
2,296;431,-3.757633933122062E-5
2,539;848,3.7574839593730236E-5
2,60;393,-3.75721888656728E-5
2,351;839,-3.7563541259534675E-5
2,169;502,-3.753592900588032E-5
2,337;713,3.749801133207436E-5
2,570;685,-3.74418720041119E-5
2,255;668,3.741767899144347E-5
2,170;723,3.741443978005762E-5
2,485;713,-3.7409086611797555E-5
2,177;615,3.739735806215233E-5
2,176;529,-3.7378164126233126E-5
2,471;513,3.7368778253623084E-5
2,684;697,3.7343067361384345E-5
2,278;440,3.7322441688980454E-5
2,344;686,-3.730621709826937E-5
2,179;880,-3.730032606936305E-5
2,50;873,3.7292039958352844E-5
2,94;614,-3.728845719371786E-5
2,128;695,-3.7286699129029505E-5
2,687;740,3.727488650948174E-5
2,25;769,-3.727386142240062E-5
2,375;924,3.724639707936188E-5
2,90;686,-3.724420033986705E-5
2,588;857,-3.723847375360402E-5
2,61;586,3.7224262884768704E-5
2,35;821,3.718793702159641E-5
2,471;594,3.718701885058482E-5
2,193;743,3.7167864872171884E-5
2,715;751,3.7125316095243765E-5
2,124;713,-3.7122085651228034E-5
2,311;567,3.7112055855560865E-5
2,25;198,3.705041147583152E-5
2,150;392,3.703264612889233E-5
2,356;900,-3.702765091260673E-5
2,222;558,3.701577418820049E-5
2,664;824,-3.699717579033092E-5
2,27;958,-3.698436286560587E-5
2,253;711,3.6948769114501605E-5
2,850;929,-3.692296389761632E-5
2,274;285,3.6863782585144795E-5
2,228;882,-3.6860466252144806E-5
2,155;343,3.684337219555871E-5
2,327;862,-3.68052143708872E-5
2,284;397,3.678752279068064E-5
2,143;436,-3.677475637376199E-5
2,351;659,-3.6696135631725634E-5
2,536;641,3.669339353207549E-5
2,29;242,-3.6688144022306524E-5
2,357;581,3.663940754471966E-5
2,449;996,-3.663584224881433E-5
2,148;470,-3.662319650474774E-5
2,385;579,3.661952857045016E-5
2,601;642,-3.654670523700583E-5
2,658;872,-3.653380854010375E-5
2,158;248,3.652545637504637E-5
2,104;190,-3.652338905598498E-5
2,479;898,-3.6466628425596404E-5
2,92;494,-3.6456947898105736E-5
2,731;863,-3.6421662505160644E-5
2,205;550,-3.6413601608459635E-5
2,769;899,-3.6412960748171106E-5
2,91;703,-3.6391888177649935E-5
2,54;350,3.637367688989468E-5
2,118;894,-3.6365394697809546E-5
2,52;887,-3.634345142224096E-5
2,26;896,-3.632556786798858E-5
2,418;943,3.629816914361535E-5
2,579;735,3.628981222880363E-5
2,8;585,3.6287838479176715E-5
2,161;227,3.625825797557124E-5
2,35;418,-3.6230775880242145E-5
2,342;698,3.6218190681508877E-5
2,168;244,3.619920278651762E-5
2,279;903,-3.6166249105792863E-5
2,122;237,-3.616059678940752E-5
2,67;549,-3.615771979018949E-5
2,236;735,-3.6152139064458397E-5
2,414;557,-3.614749959744313E-5
2,138;251,-3.6122341075517714E-5
2,42;995,3.6113942175715225E-5
2,229;940,3.6097636024276076E-5
2,76;791,-3.6087450335667786E-5
2,247;256,3.6084958357762013E-5
2,681;961,3.60693683476766E-5
2,316;388,-3.6037706589573616E-5
2,246;443,3.600456527617191E-5
2,189;500,-3.600371272906457E-5
2,152;374,-3.5998972464467436E-5
2,133;143,3.599167029428033E-5
2,663;837,3.5985429909274516E-5
2,241;264,-3.5975412111255176E-5
2,425;634,-3.595656907853466E-5
2,262;334,3.5937525040189885E-5
2,145;830,-3.5936356160003755E-5
2,540;826,-3.5935020022254234E-5
2,653;815,-3.5909771836746525E-5
2,41;277,3.590516185849548E-5
2,242;293,3.5879402620370196E-5
2,335;855,3.586986547974266E-5
2,138;836,-3.586623703421386E-5
2,267;658,-3.585306128351223E-5
2,254;486,3.5837610652902026E-5
2,597;723,-3.5789562304412985E-5
2,66;202,3.576726353479634E-5
2,203;578,-3.5743608854905796E-5
2,475;809,-3.571768304816865E-5
2,572;938,3.570283604646431E-5
2,476;948,-3.565861978654206E-5
2,159;990,-3.565525467639204E-5
2,396;814,-3.5631735045815526E-5
2,461;987,-3.5629688519952146E-5
2,422;915,3.5584939010179756E-5
2,278;408,-3.558376296967556E-5
2,265;771,3.55822488985796E-5
2,289;957,-3.556548933561038E-5
2,274;383,3.556087822076639E-5
2,117;921,-3.5530325301989136E-5
2,24;776,3.552677912985164E-5
2,606;653,3.54983918992334E-5
2,277;345,-3.5491220438215814E-5
2,377;755,3.5457595601029816E-5
2,98;100,-3.5400309482738326E-5
2,178;790,-3.536076186579713E-5
2,152;193,3.534844353396593E-5
2,133;138,3.5280148421102185E-5
2,249;873,-3.524561024040309E-5
2,108;503,3.523294686305478E-5
2,65;379,3.521971902922172E-5
2,163;736,3.52135477964537E-5
2,247;976,-3.515808426132516E-5
2,169;615,3.513658796781681E-5
2,430;434,3.5105092994959284E-5
2,122;502,3.5103129705349426E-5
2,245;389,-3.5101598986074074E-5
2,119;151,3.5101373460461234E-5
2,418;932,3.506239473312427E-5
2,813;955,3.502929169886117E-5
2,491;734,-3.5020196880022824E-5
2,40;928,-3.501308789474717E-5
2,453;951,3.498151798426538E-5
2,89;141,3.497355295246771E-5
2,508;567,-3.4966579140230507E-5
2,414;834,3.49614160674332E-5
2,734;824,-3.4960662634488496E-5
2,307;925,3.494792513583017E-5
2,60;354,-3.487321123752613E-5
2,690;933,3.4871180858812287E-5
2,369;374,3.480628820171065E-5
2,259;453,3.479664145134622E-5
2,15;659,-3.477876869659836E-5
2,173;527,-3.476459403007475E-5
2,386;991,3.474254542585504E-5
2,94;230,3.471402742957738E-5
2,495;829,-3.470603939670769E-5
2,327;416,-3.468003737406522E-5
2,31;959,3.463518135974414E-5
2,526;725,-3.4608601823993945E-5
2,294;789,-3.4605532580552784E-5
2,156;889,-3.46051477373395E-5
2,678;803,-3.458934812364506E-5
2,435;708,3.455540844311913E-5
2,294;522,-3.45412520006151E-5
2,387;740,3.453844063130201E-5
2,37;301,-3.453544398432274E-5
2,446;688,-3.4506171408012165E-5
2,9;394,3.447298948041628E-5
2,394;719,3.4462161478809006E-5
2,703;768,3.440676927939115E-5
2,254;371,3.437512112112819E-5
2,343;586,-3.435850060492371E-5
2,143;507,-3.435007079371468E-5
2,502;504,-3.433299545137597E-5
2,168;436,3.429257367320539E-5
2,445;915,3.428347378660167E-5
2,143;828,3.427926775049392E-5
2,360;794,3.42766624862254E-5
2,156;642,3.427383014292822E-5
2,179;453,3.4259138253531384E-5
2,309;578,-3.424461218284774E-5
2,95;510,3.422334430262492E-5
2,627;895,-3.4219887342436845E-5
2,688;719,-3.419848082336081E-5
2,99;786,3.41747373392829E-5
2,403;843,3.415942337424064E-5
2,663;844,3.4099336665156135E-5
2,358;398,3.407678666850308E-5
2,719;933,-3.407413825798237E-5
2,770;837,3.407208011382038E-5
2,40;254,-3.40552658043937E-5
2,66;357,-3.401376048916894E-5
2,4;951,3.399423564466569E-5
2,149;887,3.397746475878977E-5
2,478;872,3.395903117935208E-5
2,801;971,3.395156506441654E-5
2,286;793,3.395081946277182E-5
2,602;891,3.394699712598781E-5
2,130;902,-3.392743961596695E-5
2,136;776,-3.392306387898825E-5
2,169;672,3.392001532261385E-5
2,253;680,3.390678390258683E-5
2,696;915,3.3887939658015246E-5
2,379;616,3.3870172731597965E-5
2,375;860,3.384810958480094E-5
2,238;885,3.384189602260951E-5
2,141;934,-3.38103992628046E-5
2,399;516,-3.3796461652666066E-5
2,556;952,3.376746394512768E-5
2,213;766,3.3757580092216764E-5
2,568;833,-3.3713433572505597E-5
2,502;731,-3.3708242796784844E-5
2,290;462,3.3689773200198185E-5
2,127;876,3.367271975437491E-5
2,401;899,-3.367095385047203E-5
2,391;710,-3.36644899349045E-5
2,531;676,3.363917656564184E-5
2,268;793,3.3630098018257805E-5
2,229;810,-3.3616573954405194E-5
2,407;625,3.360748155004466E-5
2,99;675,-3.358156389175684E-5
2,756;981,3.352042502538839E-5
2,372;959,3.350225371068109E-5
2,246;411,-3.3483994951998744E-5
2,16;146,3.347100944404654E-5
2,397;562,3.345238117636556E-5
2,10;225,3.3430606335125944E-5
2,67;333,3.341129538014822E-5
2,816;987,-3.340230881738085E-5
2,353;369,-3.335378348466285E-5
2,221;225,-3.3336466408186745E-5
2,334;573,3.326520749852997E-5
2,187;956,3.3249782535973066E-5
2,116;433,3.3220150391368227E-5
2,414;449,-3.320866351923541E-5
2,554;999,3.320267732383772E-5
2,53;57,3.3183090533527165E-5
2,478;601,-3.3087485809238144E-5
2,238;500,-3.308025001447202E-5
2,677;739,-3.307026176904043E-5
2,307;772,-3.3028676691518144E-5
2,819;941,-3.3020507879813664E-5
2,188;663,3.2916442825144495E-5
2,556;906,-3.28172476675554E-5
2,396;528,-3.280576877005757E-5
2,541;838,3.2798040651660566E-5
2,125;477,-3.278014924208085E-5
2,93;480,3.27789141863043E-5
2,152;713,3.2766383850223685E-5
2,34;564,3.276429770695609E-5
2,393;466,3.2741536990794926E-5
2,468;810,3.2738641920594293E-5
2,537;939,3.271574143689592E-5
2,68;764,3.27157095727975E-5
2,118;204,3.271447613199888E-5
2,783;914,3.271374637016833E-5
2,215;250,3.271147035402579E-5
2,366;865,-3.2684911861574646E-5
2,30;396,3.267430837420049E-5
2,191;687,3.266642072829415E-5
2,298;607,3.263025084599447E-5
2,126;520,3.262486751554858E-5
2,464;548,-3.2615361424647675E-5
2,217;240,3.2595119035428584E-5
2,23;56,-3.2594262200117175E-5
2,81;382,3.256065289771776E-5
2,720;942,-3.255519876676324E-5
2,312;525,-3.253220253504603E-5
2,722;965,3.251499670637525E-5
2,546;627,3.250273211780069E-5
2,250;672,3.248343941254566E-5
2,378;728,-3.2480333205853155E-5
2,511;566,-3.244711877380255E-5
2,320;688,-3.2426924571340784E-5
2,158;590,3.241658713495653E-5
2,409;974,-3.239877031557034E-5
2,281;890,-3.239167953464332E-5
2,358;526,3.236458562908358E-5
2,237;382,3.2297142689236944E-5
2,406;913,-3.229690631269363E-5
2,564;762,3.227540849987252E-5
2,341;719,3.22629433530415E-5
2,835;890,-3.225703804964868E-5
2,96;223,3.224720020964095E-5
2,529;991,-3.223342875220252E-5
2,81;508,-3.223056997252088E-5
2,244;332,3.222035117935475E-5
2,42;662,3.2219905961363476E-5
2,51;113,3.220299579982139E-5
2,587;995,-3.2196980901310516E-5
2,594;964,-3.2185891457782326E-5
2,501;931,-3.217642685911549E-5
2,576;795,3.213599285336706E-5
2,79;192,-3.207914438975448E-5
2,161;889,-3.204768069289239E-5
2,45;287,-3.2014288182950744E-5
2,156;633,3.1998421005991605E-5
2,401;478,3.199279491899575E-5
2,187;998,-3.1956213536551035E-5
2,620;922,-3.19435220545378E-5
2,0;370,3.1930980780856847E-5
2,95;222,3.191977295139614E-5
2,424;458,3.191860827060873E-5
2,759;855,3.1912498917603224E-5
2,662;956,-3.189993184247131E-5
2,900;928,-3.189579308271683E-5
2,663;720,3.1888595294934864E-5
2,292;381,3.1857418963036895E-5
2,3;320,-3.1814604798792526E-5
2,518;753,3.170135665727407E-5
2,252;559,-3.1699873783392425E-5
2,15;367,-3.169836239554343E-5
2,99;580,-3.1660593817265845E-5
2,498;762,-3.1650988125624594E-5
2,300;683,-3.163026298918567E-5
2,0;680,-3.162458212295133E-5
2,458;686,-3.1615350442967676E-5
2,121;522,3.1585332370695436E-5
2,677;978,-3.158284349901521E-5
2,599;929,3.1574712683558516E-5
2,806;966,3.153008156413546E-5
2,124;311,-3.1511376030548716E-5
2,241;700,-3.1509568974096956E-5
2,468;653,3.150941804859256E-5
2,289;338,3.14955168904388E-5
2,762;984,3.1466409489384465E-5
2,583;685,3.145205215966406E-5
2,138;680,3.144793824699024E-5
2,333;573,3.144429654065106E-5
2,186;195,3.14403888454958E-5
2,675;835,3.141564828505813E-5
2,395;864,3.140418546963608E-5
2,220;678,3.139739201624389E-5
2,26;717,3.1379215544232737E-5
2,159;655,-3.134380968722649E-5
2,424;783,3.133802692047175E-5
2,215;662,3.131237805548578E-5
2,535;830,-3.130837133606812E-5
2,439;531,-3.129219366010386E-5
2,240;802,3.129078528298704E-5
2,583;950,-3.12798438589499E-5
2,693;743,3.125018183725146E-5
2,408;934,-3.124022403199402E-5
2,142;576,3.121141053308534E-5
2,274;845,3.120373091598557E-5
2,424;775,3.115048913561113E-5
2,212;406,-3.1125317397812735E-5
2,38;520,3.1115112641595706E-5
2,67;427,-3.110421501876018E-5
2,416;908,3.1076922893356136E-5
2,332;552,-3.106732018700364E-5
2,484;604,3.106650532882638E-5
2,22;174,-3.106420004834942E-5
2,304;446,-3.104433386492543E-5
2,286;955,3.10320189874368E-5
2,653;928,3.102452474094364E-5
2,465;870,3.1004523529568957E-5
2,584;739,-3.0982683114365525E-5
2,522;530,3.098131079419642E-5
2,515;896,-3.096974608991882E-5
2,184;295,-3.092693694359477E-5
2,829;889,-3.0915601784548637E-5
2,674;680,3.0903730151300585E-5
2,750;821,-3.088932024125171E-5
2,351;542,-3.088289444807612E-5
2,72;237,3.08790086357487E-5
2,25;333,3.0868796833609854E-5
2,217;447,-3.086483488112095E-5
2,401;830,-3.084991422918959E-5
2,37;604,-3.0843658396708155E-5
2,243;306,-3.08333030752597E-5
2,354;395,3.082101220929484E-5
2,222;538,-3.0806903892052274E-5
2,455;576,3.079325028614556E-5
2,107;737,-3.079228689781951E-5
2,0;19,3.078467553663177E-5
2,483;633,-3.075322105990215E-5
2,367;382,3.074780219412912E-5
2,814;984,-3.074192930913283E-5
2,224;263,3.073664364150379E-5
2,127;382,3.070831230401728E-5
2,14;705,3.068624576837084E-5
2,258;515,-3.06829457873338E-5
2,791;983,-3.0669643504426334E-5
2,416;447,-3.0666692873565814E-5
2,98;614,-3.064957405508048E-5
2,410;792,3.064186086371944E-5
2,588;644,3.063092938517719E-5
2,745;968,-3.061426822043683E-5
2,692;793,3.0600169800314934E-5
2,67;357,3.058779474203667E-5
2,525;914,3.056819061012907E-5
2,582;831,3.056543415425385E-5
2,637;965,3.0555244684980896E-5
2,438;509,-3.055125981896665E-5
2,209;788,-3.053875514064856E-5
2,308;349,-3.053475833346491E-5
2,414;676,-3.0528134457109824E-5
2,480;818,-3.049771954258304E-5
2,500;680,3.0489789515867402E-5
2,47;640,3.048417140474531E-5
2,787;895,-3.0473579223414554E-5
2,239;681,-3.0469821544571937E-5
2,117;936,3.0466108625215017E-5
2,717;743,3.0465218715876824E-5
2,554;996,-3.0463478685125334E-5
2,22;713,-3.0417165627915744E-5
2,325;435,-3.041510510055409E-5
2,154;433,-3.0412219564741107E-5
2,22;592,3.0405592879995404E-5
2,651;675,3.040224200652715E-5
2,205;581,-3.0375168391893795E-5
2,22;506,-3.0324190218674545E-5
2,1;728,3.030762515425965E-5
2,517;969,3.0293481821049156E-5
2,473;830,-3.0293412413347514E-5
2,126;696,-3.028618039404742E-5
2,864;944,3.0274148688156194E-5
2,277;572,-3.027124112454539E-5
2,615;987,3.0249827203777482E-5
2,40;367,-3.0240216422866057E-5
2,434;867,-3.021747141414185E-5
2,381;659,-3.0188212901437778E-5
2,155;374,3.0172230868994863E-5
2,178;775,3.015667917394154E-5
2,47;367,3.0133622515020243E-5
2,618;932,3.010747046806738E-5
2,430;867,-3.0029074592835208E-5
2,461;816,3.0018439989243654E-5
2,303;563,3.0003863999991798E-5
2,121;947,-2.9988827511853903E-5
2,940;984,2.998487867954445E-5
2,32;450,2.9843910590458683E-5
2,622;933,2.9837536492837872E-5
2,461;629,2.9819272496076014E-5
2,252;333,2.9818339423168203E-5
2,405;668,2.980705988202738E-5
2,136;869,-2.980696452664615E-5
2,54;336,2.978740581881228E-5
2,124;792,-2.9785701036533955E-5
2,146;433,2.9780610428022436E-5
2,169;492,-2.97385648725238E-5
2,398;460,2.969927671710583E-5
2,765;964,-2.968148646214775E-5
2,92;345,-2.967153396823126E-5
2,160;291,-2.9662753445762518E-5
2,608;959,2.9609320114131485E-5
2,5;413,2.9602449117888057E-5
2,122;540,2.958353816492643E-5
2,433;625,2.9537035085207304E-5
2,627;722,2.9535620025875647E-5
2,329;401,-2.9492229359322955E-5
2,405;888,-2.9465980469919413E-5
2,598;603,2.945247837411359E-5
2,125;801,-2.943436418702594E-5
2,224;415,-2.939855786065443E-5
2,208;442,-2.9378776986813507E-5
2,100;775,-2.935884445055921E-5
2,327;979,-2.9355774849336596E-5
2,358;887,-2.933614954700295E-5
2,69;758,2.9329110491397166E-5
2,399;879,2.9306000597977194E-5
2,124;519,-2.9281832416951557E-5
2,504;935,2.9256773059045532E-5
2,180;278,-2.9221332490722536E-5
2,167;252,-2.9218693594487783E-5
2,756;834,-2.9192831553619543E-5
2,876;975,2.9187859761275083E-5
2,214;899,-2.9165110575926663E-5
2,4;841,2.9150583199675263E-5
2,350;599,-2.9137708502023013E-5
2,472;730,2.913499999143965E-5
2,152;954,2.9117904318728912E-5
2,500;629,-2.9113133594177368E-5
2,9;659,2.9107064333164665E-5
2,742;837,2.9089713794622176E-5
2,200;674,2.903831289813702E-5
2,607;775,2.9030131284583344E-5
2,62;179,-2.9007401182008633E-5
2,509;951,2.89927964441922E-5
2,395;424,-2.897200281330961E-5
2,550;946,-2.896795956068587E-5
2,329;654,2.8966844136474137E-5
2,161;387,2.89388126030908E-5
2,143;791,2.8924490597555723E-5
2,568;666,2.8888971106972294E-5
2,497;838,-2.8882257125624292E-5
2,388;468,-2.8862012278740232E-5
2,795;835,2.8840218773317382E-5
2,587;615,-2.883290481250315E-5
2,12;136,-2.8825373946053507E-5
2,325;777,2.88035478817038E-5
2,60;802,-2.880319429848803E-5
2,774;938,-2.8752521350990623E-5
2,411;662,2.8737984296760695E-5
2,298;768,-2.873214214764132E-5
2,133;710,2.873209180320336E-5
2,499;550,2.8707773009161226E-5
2,223;628,-2.870683443346217E-5
2,62;531,-2.8668365189618787E-5
2,407;743,2.866426612571974E-5
2,550;873,2.8662618563772073E-5
2,227;250,-2.863793091955142E-5
2,736;776,2.8627993271817232E-5
2,644;813,2.861727252135816E-5
2,203;238,2.8614234131310633E-5
2,158;386,2.859993394692093E-5
2,499;946,2.8593367971988443E-5
2,125;542,-2.8562186585159045E-5
2,714;722,-2.8543141788021205E-5
2,209;776,2.8495236872309704E-5
2,571;984,2.84790336108696E-5
2,200;454,-2.847076512730768E-5
2,382;812,-2.8470543404855615E-5
2,374;876,-2.8423845206031847E-5
2,344;993,-2.8409645825290617E-5
2,878;988,-2.840653156760984E-5
2,48;566,2.8380419732753236E-5
2,70;719,2.8378193836236584E-5
2,161;250,2.837650172817182E-5
2,675;894,-2.836948752305229E-5
2,795;899,-2.8337296767993423E-5
2,419;779,-2.8333321241898697E-5
2,312;345,2.831714471696807E-5
2,523;553,-2.826773203782268E-5
2,248;984,-2.8264466800441155E-5
2,173;878,2.824204263196952E-5
2,131;283,2.820782807821448E-5
2,323;725,2.8188580185451645E-5
2,718;811,-2.816198253491685E-5
2,388;432,2.8155560448765556E-5
2,629;680,-2.815309526053963E-5
2,465;671,-2.8152902057922954E-5
2,45;722,2.8102011900233955E-5
2,384;723,2.809111485068949E-5
2,36;173,2.8086916697598288E-5
2,34;869,-2.8074737406548424E-5
2,81;229,2.803071543996752E-5
2,811;840,2.7994499676176378E-5
2,208;650,2.7992457687316675E-5
2,782;899,-2.795800098994944E-5
2,12;890,-2.795544123614316E-5
2,605;874,2.794999060128429E-5
2,48;679,2.794678902328403E-5
2,147;308,-2.7943594690903946E-5
2,148;436,2.7929519199443678E-5
2,780;939,-2.7901638366034285E-5
2,275;616,2.7899928170695482E-5
2,806;837,-2.789032455309088E-5
2,422;884,-2.7873226190250475E-5
2,81;755,2.7853121845611965E-5
2,590;991,2.7847882569746645E-5
2,399;655,-2.7846425949980305E-5
2,927;959,-2.78448431112632E-5
2,495;754,-2.7826287771610843E-5
2,367;513,2.7806741991600646E-5
2,191;380,2.779682857753829E-5
2,16;294,2.7795683091446574E-5
2,540;648,2.7746473903879855E-5
2,587;766,-2.774170677842247E-5
2,349;540,2.7734815436122386E-5
2,273;956,-2.7730294676559735E-5
2,48;306,-2.7729528577709565E-5
2,36;499,-2.7712325762838303E-5
2,18;443,2.770886208762559E-5
2,178;891,2.7676208140033506E-5
2,129;643,-2.7634552540712718E-5
2,271;574,2.7622670272181542E-5
2,522;849,-2.759109536993675E-5
2,116;625,-2.755813674202655E-5
2,436;562,2.7538847624735645E-5
2,534;863,-2.753773460412433E-5
2,813;957,2.7512042216813338E-5
2,6;153,2.7505849251044324E-5
2,641;680,2.7466802515128882E-5
2,151;375,2.7442107913179754E-5
2,405;413,-2.7436175675131292E-5
2,108;396,-2.7431080187657677E-5
2,275;776,-2.73771129713436E-5
2,123;377,2.734537117807273E-5
2,236;380,-2.7340555356600316E-5
2,479;684,2.7335362822770744E-5
2,175;917,2.7311114581989384E-5
2,406;546,2.7299489790138356E-5
2,360;460,-2.720621941439362E-5
2,79;519,2.7196925309298257E-5
2,70;656,2.7174550528523814E-5
2,231;933,2.71690171227061E-5
2,90;336,-2.714969529359507E-5
2,750;950,2.712068228408577E-5
2,262;718,2.711594452193257E-5
2,117;478,2.7106176609183777E-5
2,90;707,-2.705259015506314E-5
2,385;877,2.7034361641454883E-5
2,13;341,-2.702613338244425E-5
2,175;204,2.7024198788242886E-5
2,297;969,-2.70236689072723E-5
2,494;597,2.6967390660813023E-5
2,368;722,-2.6967107709113765E-5
2,651;970,-2.6957738276541724E-5
2,378;443,-2.692366204482679E-5
2,329;520,2.691784764378917E-5
2,548;751,2.6917438332496442E-5
2,518;652,-2.6896089557509725E-5
2,275;791,2.689601552006248E-5
2,139;472,2.6889437121555054E-5
2,414;979,-2.6882852190366493E-5
2,193;998,-2.6879982822034973E-5
2,62;872,-2.6858603483730032E-5
2,538;684,2.682854790495773E-5
2,807;859,2.68226453598402E-5
2,203;349,-2.68218855280027E-5
2,167;341,-2.680829853135824E-5
2,123;635,2.6783286231752385E-5
2,147;326,-2.6777224851991577E-5
2,129;812,-2.6761202729340385E-5
2,722;870,-2.6756606965861624E-5
2,509;773,2.6742205191301446E-5
2,42;810,-2.6717213334948907E-5
2,67;514,-2.6707611254302223E-5
2,155;805,2.6699340466077643E-5
2,291;663,-2.6693383430213615E-5
2,472;995,-2.6667668883310485E-5
2,256;538,2.6614750264329433E-5
2,193;983,-2.6609419963657565E-5
2,102;565,2.654706106466479E-5
2,379;587,-2.6524521960600324E-5
2,372;982,2.651896889710563E-5
2,71;123,2.6513311151353982E-5
2,241;433,2.6507606292375987E-5
2,325;988,2.6495126486079822E-5
2,612;772,-2.6491800420224086E-5
2,269;507,2.6480132862826322E-5
2,2;600,2.6474691583816447E-5
2,295;658,2.6471678232403712E-5
2,441;534,-2.645403890150727E-5
2,853;980,2.6428333840945297E-5
2,653;678,-2.6427284185165546E-5
2,650;977,-2.64261268364819E-5
2,789;888,2.633648375033533E-5
2,397;722,-2.630466944536742E-5
2,115;605,2.6303799079177744E-5
2,6;106,2.6270594807809815E-5
2,99;118,2.6267194908587443E-5
2,61;802,2.6244286608204958E-5
2,459;774,2.623851839328683E-5
2,375;783,-2.6234770893432666E-5
2,1;35,2.6208190721651343E-5
2,48;817,2.620306218671588E-5
2,327;602,-2.6197440450931546E-5
2,260;363,-2.6172076930216164E-5
2,55;81,-2.616955006878853E-5
2,143;238,2.616944152231466E-5
2,61;430,-2.6143260638443405E-5
2,401;670,2.6122535202183968E-5
2,800;805,2.6116431445415742E-5
2,247;528,2.6111450965149637E-5
2,593;940,-2.6095015591466293E-5
2,379;801,-2.6089821934372232E-5
2,413;664,2.6089146771712877E-5
2,552;593,-2.6085690009648165E-5
2,529;644,2.607830564203778E-5
2,449;898,2.6075078548397245E-5
2,228;371,2.6061605403607454E-5
2,312;390,2.606139810576144E-5
2,35;416,-2.6058508160836388E-5
2,380;438,2.6055373700488418E-5
2,262;286,-2.603491392327733E-5
2,522;835,2.6026310934893743E-5
2,506;623,-2.6011268851593093E-5
2,22;102,-2.5982582853819445E-5
2,147;419,2.5980707352252433E-5
2,267;698,-2.597614509312751E-5
2,314;999,-2.5957218323373346E-5
2,69;678,2.5952258377151503E-5
2,143;712,-2.591686305159318E-5
2,147;907,2.591287253161602E-5
2,111;316,-2.5907433977732563E-5
2,554;736,-2.5902982024791113E-5
2,465;565,-2.5899233652937886E-5
2,178;211,2.5894595423520045E-5
2,33;441,2.5871954943921278E-5
2,961;984,-2.5870688500905246E-5
2,474;708,-2.585790101375145E-5
2,657;736,2.5851121423048767E-5
2,593;647,-2.5841636833287393E-5
2,82;863,2.5835846123859724E-5
2,300;534,2.581568454480343E-5
2,24;310,-2.5774591399924296E-5
2,65;478,2.5771470790699117E-5
2,27;844,-2.5766191908645347E-5
2,234;443,-2.573389005317939E-5
2,342;840,2.5731750698705016E-5
2,569;932,-2.56978427924838E-5
2,466;838,2.567717205696894E-5
2,244;885,2.5636036761227817E-5
2,240;984,-2.562445470146414E-5
2,62;584,-2.562291782010315E-5
2,146;260,2.561282167267475E-5
2,411;608,-2.558974451693019E-5
2,619;921,-2.5565472242129448E-5
2,159;336,2.5564931651022647E-5
2,155;586,-2.5563495930036833E-5
2,182;563,2.5511760872469993E-5
2,414;680,2.550143746249109E-5
2,893;922,-2.5454532898035087E-5
2,316;375,-2.543230863676736E-5
2,125;173,2.541366965549055E-5
2,205;357,-2.5408441733350156E-5
2,22;703,-2.5398298891671057E-5
2,636;703,2.5396337560230445E-5
2,630;859,-2.533242766793349E-5
2,204;917,2.5243902139163264E-5
2,709;907,-2.523723224089316E-5
2,380;727,-2.522373873034379E-5
2,872;972,-2.5222358679272576E-5
2,109;655,-2.519846874199941E-5
2,238;629,-2.5193940271067835E-5
2,274;508,2.5155278640623018E-5
2,246;658,-2.514270636187075E-5
2,885;892,2.5127712344396593E-5
2,178;656,2.511508121437498E-5
2,9;37,2.5104677641354338E-5
2,75;133,2.5091853048036696E-5
2,9;351,-2.5084077941436592E-5
2,44;843,-2.5081933558983867E-5
2,512;786,-2.5058011246351723E-5
2,468;746,-2.5024029522316598E-5
2,24;755,2.499954219991278E-5
2,271;837,2.4994276051904685E-5
2,638;778,2.4966029509329565E-5
2,167;818,2.4963091192530396E-5
2,296;611,-2.4952944202450243E-5
2,331;954,2.494014460413182E-5
2,64;286,-2.4924520029947036E-5
2,840;965,-2.490602555235201E-5
2,324;933,-2.4898819325444605E-5
2,15;296,-2.4896685938240134E-5
2,63;638,2.488863129330067E-5
2,586;593,-2.4875650709842212E-5
2,99;557,-2.485528086758653E-5
2,0;493,-2.4836460216410747E-5
2,143;430,-2.4809028527478254E-5
2,635;874,2.4780965411169142E-5
2,90;584,-2.4757002109175112E-5
2,104;125,2.4701865877291667E-5
2,2;179,2.4698184779489764E-5
2,45;920,-2.4663711423117324E-5
2,374;511,2.461447485081384E-5
2,917;973,-2.461312727912643E-5
2,41;596,2.4599674979825606E-5
2,129;983,2.4598695114950074E-5
2,240;901,-2.4597823680755734E-5
2,70;224,2.45336932113129E-5
2,14;493,-2.451998389483629E-5
2,141;513,2.4518819308087457E-5
2,21;227,2.451341924069403E-5
2,817;894,-2.4493108089986256E-5
2,544;554,-2.4488134594924988E-5
2,468;482,-2.4487997350232113E-5
2,384;401,-2.4473277668365213E-5
2,257;853,2.4456404246785407E-5
2,112;936,-2.4454797745230565E-5
2,121;473,2.4438476190810154E-5
2,330;593,2.441986761258994E-5
2,170;597,-2.440603007952773E-5
2,578;987,-2.4392245448509285E-5
2,178;646,2.438255149906176E-5
2,30;814,-2.4370690933868996E-5
2,429;832,2.435709863959177E-5
2,408;811,-2.4340218496170678E-5
2,293;662,2.427570796413614E-5
2,344;511,2.4273385347824152E-5
2,593;680,2.4259010763705366E-5
2,417;584,-2.425152376041564E-5
2,315;925,-2.4192694645629156E-5
2,770;985,2.4156486717422988E-5
2,43;975,-2.4155687402986737E-5
2,565;740,-2.4152732748714212E-5
2,30;750,2.4138476835847078E-5
2,12;590,2.4134516555012567E-5
2,170;530,-2.411534886999316E-5
2,900;937,-2.4112592428139103E-5
2,34;294,-2.409649484890996E-5
2,181;305,-2.4090668782607678E-5
2,53;181,-2.4085451398924167E-5
2,345;992,-2.4073543238892734E-5
2,100;149,-2.4073137539652205E-5
2,136;407,-2.406910835679618E-5
2,685;764,-2.405212723638951E-5
2,354;498,-2.4050350869322517E-5
2,123;909,2.4046847424723377E-5
2,269;801,2.4046231241945937E-5
2,921;999,2.4040891854605138E-5
2,295;880,2.398468804419085E-5
2,203;788,-2.392809850387056E-5
2,117;228,-2.38958613950103E-5
2,254;295,2.3869829876387713E-5
2,244;912,2.3869806370713483E-5
2,246;942,2.380232124877573E-5
2,696;973,-2.373637902206704E-5
2,29;293,2.373298581204266E-5
2,922;942,2.373266540011672E-5
2,127;978,-2.3730716296705403E-5
2,294;380,-2.366359550527425E-5
2,124;337,-2.3643002838714317E-5
2,578;960,2.363943310995645E-5
2,136;711,-2.3586444239578535E-5
2,96;159,2.3578781262999593E-5
2,134;443,2.35747377979238E-5
2,382;489,-2.356412269831428E-5
2,428;602,-2.3559582899507117E-5
2,254;522,-2.353822115891229E-5
2,192;864,2.3533004577246053E-5
2,682;971,-2.3491469960141474E-5
2,359;471,-2.3477297912684853E-5
2,155;158,-2.347309499640145E-5
2,29;791,2.3468064407760287E-5
2,188;595,-2.345324968912961E-5
2,478;511,2.3446591606083237E-5
2,200;920,2.3422146017416586E-5
2,100;109,-2.3420992432669362E-5
2,755;796,2.3420033040710192E-5
2,31;927,2.338606556525427E-5
2,488;963,2.3367724100750136E-5
2,124;359,2.336296917844666E-5
2,13;212,2.332037512034891E-5
2,656;824,-2.331769991138067E-5
2,142;835,-2.331426581509674E-5
2,95;785,2.331063786827005E-5
2,508;672,2.3296636877359473E-5
2,84;155,2.327144372819798E-5
2,72;820,-2.3234399764766976E-5
2,565;859,2.323219161901461E-5
2,506;691,2.3229458380028505E-5
2,160;846,2.32247114472893E-5
2,357;537,2.3207729003302196E-5
2,362;918,2.3197793524738006E-5
2,13;767,-2.3179474482039873E-5
2,842;853,-2.3157606001119628E-5
2,185;615,-2.3143822063507092E-5
2,260;446,2.3142682959189205E-5
2,559;618,2.313428917256378E-5
2,735;765,2.310268801020296E-5
2,936;943,-2.308989398674406E-5
2,741;885,-2.3079875133884668E-5
2,440;482,2.3079004765088508E-5
2,39;907,2.3070970303326152E-5
2,906;972,-2.3055269176659974E-5
2,24;908,-2.3052150557063014E-5
2,97;362,2.304682565356561E-5
2,16;329,2.3046742547200654E-5
2,380;850,2.3024141484523338E-5
2,41;91,2.299822529910553E-5
2,342;826,-2.2966867555356076E-5
2,68;499,-2.2959563613688535E-5
2,704;914,2.29518124267551E-5
2,331;929,-2.2949719449115168E-5
2,60;277,-2.294128572042131E-5
2,166;457,2.2927056529593885E-5
2,146;513,-2.2909501756738372E-5
2,564;684,-2.2887986933070878E-5
2,127;985,2.2882413615879643E-5
2,646;891,-2.287242283888126E-5
2,7;629,-2.2830494748507638E-5
2,754;930,-2.2824646231385512E-5
2,248;900,-2.2785790130336687E-5
2,266;985,-2.2780534994483287E-5
2,32;882,2.2759798508865468E-5
2,162;336,2.2752119031091853E-5
2,127;300,-2.27410944484934E-5
2,439;599,2.2726776513905367E-5
2,169;264,2.2707790119033254E-5
2,146;360,-2.2696066754199584E-5
2,401;855,-2.269330883007257E-5
2,565;700,-2.268922448392149E-5
2,846;973,-2.268016103193031E-5
2,222;785,2.265902513728743E-5
2,44;942,-2.2654792828511044E-5
2,439;537,-2.261736973521912E-5
2,162;825,2.2591812710405397E-5
2,385;446,-2.258210198016267E-5
2,39;681,-2.2580266717354783E-5
2,166;493,-2.257188893152906E-5
2,277;443,-2.2557358463567512E-5
2,380;921,-2.2546501537776855E-5
2,93;144,2.2542003955626424E-5
2,899;959,2.2537983073385698E-5
2,878;998,-2.2527490575668775E-5
2,353;586,-2.2520227491833586E-5
2,250;409,2.2515918766318553E-5
2,438;827,-2.250585002009111E-5
2,867;975,2.2503529810948685E-5
2,601;868,-2.2497624533195733E-5
2,295;502,-2.2491797984996883E-5
2,263;962,2.2486638488484612E-5
2,384;422,-2.2484236120533804E-5
2,5;882,-2.2456859896800046E-5
2,471;794,-2.2455390002946863E-5
2,775;832,-2.245454782787945E-5
2,4;509,2.245238568668203E-5
2,262;520,2.2452368784791697E-5
2,89;225,-2.245206222600285E-5
2,113;194,-2.242148027427881E-5
2,74;211,-2.2383540154518386E-5
2,46;806,2.236162994267149E-5
2,742;898,2.2347522587880225E-5
2,510;778,2.2333532395157648E-5
2,682;764,2.231681643095588E-5
2,280;644,-2.230610245325551E-5
2,812;977,-2.2289569185669767E-5
2,347;850,2.2277475327146065E-5
2,166;901,2.2252228000067702E-5
2,16;950,2.224142868094558E-5
2,284;763,2.2205496441389104E-5
2,443;696,-2.220119998704443E-5
2,70;274,2.2186522975898343E-5
2,264;757,-2.2138996782624875E-5
2,438;626,2.2121121971999606E-5
2,649;722,2.208746416649817E-5
2,364;405,-2.205203205745717E-5
2,127;633,2.204930916384517E-5
2,236;687,-2.201705971372045E-5
2,157;642,2.1983909227028634E-5
2,100;997,2.193513482710171E-5
2,67;603,2.1934936659947948E-5
2,766;915,-2.192122986775298E-5
2,657;842,-2.1920944840967913E-5
2,253;437,2.1902185736145517E-5
2,669;858,-2.189783323786787E-5
2,213;855,2.1897496201542773E-5
2,536;760,2.189633816912604E-5
2,332;460,2.188821581699184E-5
2,367;474,2.1861221888788474E-5
2,738;890,2.185630832050766E-5
2,565;749,-2.1848614445333655E-5
2,587;662,-2.1831637598877123E-5
2,471;713,2.1818712268789203E-5
2,533;820,-2.180684721887824E-5
2,926;931,2.1802811108554026E-5
2,791;962,2.1796785049369322E-5
2,209;759,-2.179253896588092E-5
2,600;792,-2.173594628839315E-5
2,15;201,-2.171793296429142E-5
2,572;731,2.1711859722076803E-5
2,81;313,-2.1708946874356892E-5
2,259;474,-2.1704830311978617E-5
2,535;760,2.1698071951933596E-5
2,121;833,2.169453604368165E-5
2,508;555,-2.1683075091827236E-5
2,380;852,2.1662737075259107E-5
2,260;588,2.1636694339452637E-5
2,547;989,-2.1633354730441833E-5
2,143;780,-2.1609940514588664E-5
2,159;373,2.157565612534554E-5
2,212;520,-2.15735957888023E-5
2,107;398,-2.156351132069988E-5
2,453;969,-2.1547249865917164E-5
2,83;855,-2.1527329214868385E-5
2,537;994,2.1526548966293857E-5
2,80;242,2.1513223752888327E-5
2,131;601,-2.1505600941839136E-5
2,357;593,-2.1473430616601597E-5
2,41;908,2.1470718285175126E-5
2,646;743,-2.144959927634102E-5
2,683;829,-2.1412486428901147E-5
2,6;486,2.138089148511836E-5
2,15;474,-2.1334289716592265E-5
2,818;990,2.1323337200687937E-5
2,637;763,2.13052108821096E-5
2,4;408,-2.1295403392384748E-5
2,821;981,-2.1289597673300146E-5
2,186;435,2.1275064586627688E-5
2,130;968,2.1263157858288015E-5
2,55;106,2.1207709556484642E-5
2,97;218,-2.119909061240513E-5
2,306;537,-2.119655133360724E-5
2,720;837,-2.118730824732003E-5
2,362;551,2.116001242596139E-5
2,272;936,-2.114642167383521E-5
2,691;811,-2.1133613857769455E-5
2,185;614,2.111793108741977E-5
2,222;842,-2.1116100315339246E-5
2,2;721,-2.1106776983843446E-5
2,359;825,-2.1103431011353105E-5
2,62;726,2.109935072042951E-5
2,763;965,-2.109166999269556E-5
2,272;305,2.1073299318602418E-5
2,840;849,2.1030656840845464E-5
2,671;751,2.1030248362891295E-5
2,246;295,2.1021491041758976E-5
2,42;222,-2.1021232856930333E-5
2,251;315,2.1020490711182956E-5
2,489;961,-2.1014828965673173E-5
2,44;956,-2.0976458247297666E-5
2,469;791,-2.093166416884066E-5
2,83;499,2.0926972366080767E-5
2,645;932,-2.0913770239097066E-5
2,13;761,2.0883320057483446E-5
2,759;811,-2.0867565793501005E-5
2,256;448,-2.0864332567415005E-5
2,704;719,-2.086070399646044E-5
2,165;757,-2.0849030938958555E-5
2,186;859,2.078889495607045E-5
2,47;511,-2.077273762888421E-5
2,19;815,-2.0764367000491307E-5
2,763;835,2.07478446514702E-5
2,122;488,2.0726952185169387E-5
2,395;681,-2.0698726002482488E-5
2,176;928,2.0667912695980354E-5
2,243;974,-2.065239507971574E-5
2,377;494,-2.0646927386665127E-5
2,68;154,-2.0598993707827583E-5
2,412;786,-2.0596976418336932E-5
2,150;220,2.0593812629977623E-5
2,27;520,-2.0548817574288842E-5
2,124;512,-2.054564350491661E-5
2,138;936,-2.0511975762461137E-5
2,180;379,-2.051165539654419E-5
2,43;94,2.0486976671391572E-5
2,307;696,-2.0473138284319744E-5
2,174;272,2.046191023704124E-5
2,253;841,2.041688671780835E-5
2,689;988,-2.0412224588435225E-5
2,622;765,2.040739220967492E-5
2,138;932,-2.0395221831031463E-5
2,128;158,2.0352063017735094E-5
2,157;970,2.028978926170453E-5
2,688;841,-2.0283024180341122E-5
2,91;929,2.02501383966665E-5
2,316;370,-2.0243917494968718E-5
2,80;218,2.022573247910914E-5
2,918;929,2.0210856695139702E-5
2,341;961,-2.018999142299595E-5
2,93;400,2.018346766385514E-5
2,220;482,2.0183466219070538E-5
2,646;725,-2.0167678572728622E-5
2,378;500,2.0146762571366364E-5
2,876;978,2.010703670678339E-5
2,681;910,-2.009044257398221E-5
2,675;795,2.0059003254104077E-5
2,584;955,-2.0057065164085876E-5
2,741;991,2.0044448579538613E-5
2,100;534,-2.003616168541495E-5
2,694;888,-2.0027459200137584E-5
2,585;942,-2.0018414567714125E-5
2,472;710,1.9986843379410835E-5
2,618;644,1.99801623593373E-5
2,478;995,-1.997210581068929E-5
2,406;562,-1.996519604224896E-5
2,773;951,1.9931149673072106E-5
2,578;615,-1.992743841449809E-5
2,331;844,-1.9926005806580326E-5
2,91;432,1.989469159273713E-5
2,94;476,-1.987463671343606E-5
2,162;341,-1.987444108553334E-5
2,320;977,1.98639215326954E-5
2,350;379,-1.9853688741706484E-5
2,2;809,1.9826644274752475E-5
2,67;390,-1.9777249959421156E-5
2,43;211,1.975807392292063E-5
2,687;690,1.9756551006273603E-5
2,71;204,-1.9728505241749247E-5
2,34;826,-1.971996802428036E-5
2,344;458,-1.9719834844433695E-5
2,804;920,1.9701006277276557E-5
2,494;851,1.96799291698092E-5
2,190;408,1.961499161304798E-5
2,120;994,-1.960488410238235E-5
2,134;266,-1.9590017912819337E-5
2,305;684,-1.9572323683437172E-5
2,36;550,1.9553483463349586E-5
2,501;664,1.9548298485297517E-5
2,661;703,-1.9543671744551164E-5
2,89;449,1.9528839905580778E-5
2,285;481,1.952519209920083E-5
2,880;900,-1.9519034249812016E-5
2,22;92,1.9515720820299254E-5
2,529;928,-1.951210618232093E-5
2,404;562,1.9504884226406326E-5
2,6;316,1.9504193489581414E-5
2,182;190,1.9489463949493016E-5
2,327;775,1.9476891715902007E-5
2,217;504,-1.9475456847428576E-5
2,148;192,-1.9473612380759405E-5
2,144;508,1.947335575601715E-5
2,258;416,-1.9465762919962347E-5
2,397;404,-1.946061009572763E-5
2,850;908,1.9458498416577015E-5
2,386;474,1.9449253156547997E-5
2,179;864,-1.943016085419288E-5
2,183;918,1.9420799109902297E-5
2,371;707,-1.940271060894983E-5
2,315;691,1.9374195973668935E-5
2,73;705,1.9336009442401355E-5
2,165;613,-1.9332456992839587E-5
2,145;175,-1.931752978877163E-5
2,76;358,1.931473155422226E-5
2,331;850,-1.9314360532218668E-5
2,670;946,-1.9292169914774505E-5
2,413;510,-1.9277741022137334E-5
2,122;826,-1.926364950659975E-5
2,288;806,1.924323951789894E-5
2,94;633,1.9205541621845365E-5
2,513;783,-1.9190212699572356E-5
2,209;277,1.9160294928815104E-5
2,605;635,-1.915992436834154E-5
2,482;554,-1.9138765741783935E-5
2,357;460,1.9132607584252545E-5
2,301;845,1.91023130449212E-5
2,331;521,1.910095051481909E-5
2,872;946,1.9094617775670135E-5
2,381;547,1.9088528540863007E-5
2,285;663,-1.9073233254740676E-5
2,203;296,1.9066636902480185E-5
2,1;824,1.9065588492108835E-5
2,435;510,-1.905790243604426E-5
2,745;844,1.903745689959594E-5
2,296;382,-1.899245823397869E-5
2,131;262,1.899188993342526E-5
2,666;699,-1.8988431674075075E-5
2,20;863,1.892482195989971E-5
2,392;923,1.8888323296987532E-5
2,113;188,-1.882074119381353E-5
2,240;978,-1.881188347426558E-5
2,203;425,1.8801045415695884E-5
2,80;564,-1.8775987788793163E-5
2,118;675,-1.875103164229175E-5
2,521;587,1.8724085214569564E-5
2,84;257,-1.8721350964080022E-5
2,939;989,-1.8716364961196337E-5
2,232;547,-1.8713647060264336E-5
2,215;455,1.871116867572146E-5
2,84;900,1.870757035776397E-5
2,401;782,1.8705909827078787E-5
2,109;458,1.868688394709353E-5
2,789;908,1.8629414245559195E-5
2,567;968,1.8628793836013097E-5
2,764;944,-1.862738587504672E-5
2,537;955,1.8627102329571987E-5
2,192;470,-1.8614870492110406E-5
2,231;928,-1.8600917344216802E-5
2,153;984,-1.8591646104206614E-5
2,181;272,1.8583921764526223E-5
2,218;922,-1.8560683706018404E-5
2,217;589,1.855766089998792E-5
2,122;444,1.8536780416055062E-5
2,114;566,-1.8518605237570596E-5
2,359;850,-1.8516769048555537E-5
2,330;342,1.8498110744398757E-5
2,335;713,1.847350328491982E-5
2,80;419,-1.8457124711010957E-5
2,41;289,-1.8433729722390323E-5
2,379;408,1.8415742093961892E-5
2,342;657,-1.8411465117709274E-5
2,37;530,1.8360850119137822E-5
2,722;899,1.835064000451365E-5
2,195;222,1.8347227370544476E-5
2,133;780,-1.833631610316721E-5
2,364;433,-1.8331049632567043E-5
2,56;114,1.832865796700432E-5
2,642;970,-1.8272352811497598E-5
2,38;85,-1.827099941784683E-5
2,373;818,-1.8236824422575E-5
2,4;30,1.8169448829181674E-5
2,460;824,-1.8155356656766513E-5
2,155;380,-1.8151460617478458E-5
2,401;520,1.814797811671471E-5
2,349;913,1.8142521335532812E-5
2,474;622,1.811860320239578E-5
2,34;855,-1.811431719290906E-5
2,271;850,1.8070964428077318E-5
2,274;906,1.8057606791895644E-5
2,624;813,1.804066204889958E-5
2,179;587,-1.801025114120574E-5
2,62;201,-1.7998480910545588E-5
2,570;763,1.799166486475444E-5
2,143;148,-1.7990508463144194E-5
2,687;991,1.798969547453484E-5
2,134;670,1.796307809026882E-5
2,8;173,-1.794978740892292E-5
2,381;670,1.792427613327797E-5
2,583;953,-1.7923161445880527E-5
2,143;939,1.791188840213685E-5
2,594;737,1.7904669492529954E-5
2,194;623,-1.7889701056536436E-5
2,242;483,-1.7880556936323497E-5
2,67;598,-1.7868246416814117E-5
2,363;518,-1.786195233814452E-5
2,152;335,-1.7853312653408033E-5
2,398;593,-1.7832048609822196E-5
2,225;516,1.7811774661055375E-5
2,599;955,-1.780109511516629E-5
2,271;981,-1.779054239617115E-5
2,728;819,1.7786113736885685E-5
2,422;958,-1.7759893922070143E-5
2,266;995,-1.7753205228282455E-5
2,445;775,1.7742184029860677E-5
2,547;659,1.7697253059948715E-5
2,79;512,-1.7685604929297742E-5
2,174;207,-1.767875892989292E-5
2,229;690,1.7656213990076637E-5
2,751;854,1.762353867061272E-5
2,161;460,-1.758603530841222E-5
2,232;894,1.7583097599225543E-5
2,672;886,1.7568408215304464E-5
2,70;742,1.7565788512009164E-5
2,199;498,-1.75657192599682E-5
2,857;983,1.756028386996113E-5
2,877;946,1.75542681198807E-5
2,221;481,-1.7539310812783177E-5
2,84;552,1.753498778851573E-5
2,248;444,-1.753081754505534E-5
2,274;886,1.7519040216403314E-5
2,550;941,-1.7518785320373835E-5
2,67;511,-1.7517770773775725E-5
2,266;796,1.749226664358289E-5
2,190;303,1.747364905761345E-5
2,128;493,1.747097686264288E-5
2,405;997,1.7437420126547476E-5
2,175;396,1.7426405410297474E-5
2,139;833,1.7419316917031657E-5
2,591;956,1.7412437097169886E-5
2,289;788,1.7348531806090834E-5
2,94;388,1.7339127436685893E-5
2,756;811,-1.7318633656185786E-5
2,113;857,1.731210614452322E-5
2,81;725,1.7299327967597234E-5
2,161;524,1.727165335781017E-5
2,70;969,1.7243614594943044E-5
2,98;372,1.7239134091146483E-5
2,594;619,-1.7232350077071905E-5
2,137;818,1.7227830214662892E-5
2,244;799,-1.722537319202802E-5
2,291;379,-1.722450303466093E-5
2,41;234,-1.7208533896366897E-5
2,189;679,1.7204744554690495E-5
2,75;174,-1.7194157058876628E-5
2,211;815,-1.7170996450368744E-5
2,374;539,-1.716667787407533E-5
2,497;545,-1.7165228284152262E-5
2,766;948,1.714400001225845E-5
2,509;641,1.7113915448272434E-5
2,345;871,-1.710367486604081E-5
2,300;382,-1.708557574125749E-5
2,300;882,-1.708193425156332E-5
2,454;686,-1.708037292664477E-5
2,169;177,-1.706898578254881E-5
2,151;327,-1.706436824285619E-5
2,568;904,-1.7046216111159562E-5
2,9;999,-1.7029932538454225E-5
2,106;640,-1.7027368240411123E-5
2,147;776,-1.7004351166391798E-5
2,88;237,1.7003203197926553E-5
2,327;504,-1.6984517854037526E-5
2,176;720,-1.69838415012094E-5
2,197;688,1.6928402164801926E-5
2,745;872,1.6918326461586906E-5
2,3;973,1.690372914975698E-5
2,215;783,1.690282567571031E-5
2,155;479,-1.6891448238730046E-5
2,351;550,1.6880993432704715E-5
2,145;814,1.687509427008578E-5
2,872;945,1.6870882587032842E-5
2,60;636,-1.686696722456324E-5
2,574;837,1.686228557080731E-5
2,16;182,-1.6811817889110624E-5
2,141;349,1.6792721535634803E-5
2,274;593,-1.6783039400445446E-5
2,150;636,1.6771957327333518E-5
2,137;841,-1.676877215599261E-5
2,348;356,1.676319191680207E-5
2,429;983,-1.675696717850153E-5
2,267;372,-1.6745206437438612E-5
2,473;690,1.6740924460396393E-5
2,414;717,1.6725969566382886E-5
2,566;971,-1.670968687362022E-5
2,7;760,1.6701860082399857E-5
2,949;966,1.669791968159743E-5
2,90;159,1.6655515172328336E-5
2,843;864,1.665476976696502E-5
2,16;279,1.664639744610598E-5
2,434;983,1.663359851720331E-5
2,617;876,-1.661912439830577E-5
2,40;918,1.6615674048968286E-5
2,480;760,-1.6606550291379254E-5
2,320;812,-1.659204438120171E-5
2,324;735,1.6575618302423634E-5
2,630;768,-1.6540600286472044E-5
2,701;823,-1.652877237009745E-5
2,341;987,-1.6487569882465968E-5
2,419;720,-1.648427228797381E-5
2,134;685,1.6451176008873277E-5
2,223;491,1.6450681715043845E-5
2,104;287,-1.644969961187856E-5
2,252;456,1.6437521006487023E-5
2,43;978,-1.6426189286294072E-5
2,185;947,-1.6421307325176257E-5
2,446;874,1.641323315629917E-5
2,34;110,1.638625406998507E-5
2,290;776,1.6379042552859277E-5
2,183;569,1.6328075808660622E-5
2,84;327,-1.6310946596518988E-5
2,34;267,-1.6287501652039822E-5
2,52;526,1.6237660965077152E-5
2,380;690,-1.6235556770333975E-5
2,714;855,-1.621730951673825E-5
2,298;566,-1.620469306179786E-5
2,670;746,-1.6200876915633136E-5
2,318;997,1.617252150204629E-5
2,447;875,1.6147794951529933E-5
2,261;522,1.6123355299539218E-5
2,758;846,1.6111145040489952E-5
2,242;919,-1.610121776434717E-5
2,957;980,-1.609168406055516E-5
2,205;408,1.6090045298307508E-5
2,162;496,-1.6062636593971425E-5
2,478;772,1.606125432524694E-5
2,233;760,1.6013683812068233E-5
2,86;683,1.6004668178092318E-5
2,65;789,-1.5987546218979374E-5
2,45;494,-1.598313192467527E-5
2,403;955,-1.5964878412998442E-5
2,438;801,1.5955995488536905E-5
2,16;475,1.5954342193844715E-5
2,232;725,1.5954085064853385E-5
2,344;996,1.594004274413677E-5
2,361;869,1.5932389494818762E-5
2,35;478,-1.5928384935481487E-5
2,257;775,-1.5913078633594856E-5
2,307;612,1.590144272459325E-5
2,565;671,1.5866762902230803E-5
2,200;957,1.5859310285875303E-5
2,116;742,1.5812340522390444E-5
2,515;563,-1.579885427195933E-5
2,343;366,1.5779730780925288E-5
2,575;811,1.5778170115298174E-5
2,411;998,-1.576753015058946E-5
2,563;727,-1.576310871054599E-5
2,38;215,1.572008879356074E-5
2,27;460,-1.5697600182240894E-5
2,277;466,-1.56858062444497E-5
2,502;994,-1.568088574353635E-5
2,443;776,1.5665596106939885E-5
2,180;354,1.5662651230109898E-5
2,364;870,1.5626465566095163E-5
2,502;570,1.562168312993077E-5
2,21;697,1.5621154574069553E-5
2,258;561,-1.5592951493967576E-5
2,32;215,1.5542170642496252E-5
2,345;556,1.5540785150270652E-5
2,783;915,-1.551778628057121E-5
2,691;756,1.5507986299085883E-5
2,596;737,-1.549827623450571E-5
2,282;971,-1.5477222166495024E-5
2,814;932,1.546131645202535E-5
2,704;987,1.5446616102263083E-5
2,525;750,1.544451159531661E-5
2,607;760,1.5441805145585006E-5
2,360;721,1.544004367393697E-5
2,353;878,1.5438287687633224E-5
2,405;613,-1.5426586924043862E-5
2,519;765,1.5392241402333383E-5
2,783;860,1.5373473791668347E-5
2,94;339,1.536862090944046E-5
2,403;624,-1.534473202036886E-5
2,677;966,-1.5331151225335974E-5
2,400;758,-1.5324559695964635E-5
2,964;985,1.5290744665578977E-5
2,310;649,-1.5264704932263758E-5
2,136;774,-1.5259888305693235E-5
2,837;898,1.5231348095179023E-5
2,823;848,1.519608373119618E-5
2,48;568,-1.5090980828113914E-5
2,455;608,1.5086344242385842E-5
2,705;747,-1.5085025365006264E-5
2,57;424,-1.5083297046896496E-5
2,22;541,1.5072869659406477E-5
2,153;940,-1.5064414487068557E-5
2,310;966,1.5032033412749002E-5
2,711;808,1.5022216448545816E-5
2,627;818,-1.5018333657328818E-5
2,216;351,-1.5002487487962291E-5
2,206;980,1.4998068557331539E-5
2,54;400,-1.4995491110638679E-5
2,640;978,-1.4974887768709638E-5
2,408;841,1.495248321293196E-5
2,398;940,1.4950810315816771E-5
2,288;971,1.4931460081473516E-5
2,534;981,1.4875812797506813E-5
2,498;984,-1.4861049780224602E-5
2,341;681,1.4859800966935594E-5
2,449;481,-1.4798456290397083E-5
2,698;822,1.4791634827088139E-5
2,1;441,1.4772262253280634E-5
2,464;525,-1.4741604725352138E-5
2,0;815,-1.4729165784001138E-5
2,351;702,1.4714128547596975E-5
2,195;374,1.4685028163761493E-5
2,118;380,-1.468500318597584E-5
2,5;175,1.4683822870351985E-5
2,332;885,-1.4676616792423713E-5
2,813;855,1.4669946305142956E-5
2,482;977,-1.4650947125437435E-5
2,685;953,-1.4650071654890365E-5
2,498;734,-1.4647868740429907E-5
2,583;605,-1.4642946392240369E-5
2,263;422,1.4625088717033587E-5
2,536;915,-1.4618395374317709E-5
2,579;651,1.461106656519158E-5
2,246;905,1.460640135922725E-5
2,6;341,-1.4598528046920952E-5
2,274;561,1.4588261062600499E-5
2,206;525,-1.45567840460476E-5
2,361;585,1.455277261928377E-5
2,879;946,1.4551387139846433E-5
2,165;252,1.4548109667041489E-5
2,373;715,-1.4523042769132023E-5
2,563;756,1.4512565881672622E-5
2,240;590,-1.4494052313467128E-5
2,33;662,-1.4494024613328396E-5
2,35;757,1.4465692153620661E-5
2,570;761,1.4464082576727363E-5
2,254;918,-1.4453171599037377E-5
2,224;391,1.444855743211812E-5
2,508;711,1.4443949173312453E-5
2,5;991,-1.4437047898699442E-5
2,19;232,1.4430910807742011E-5
2,32;663,-1.4406803063645252E-5
2,402;433,-1.4395082787214082E-5
2,152;293,-1.437853016805088E-5
2,414;798,-1.4377207527823815E-5
2,341;892,-1.4377132919714799E-5
2,330;579,-1.4363779159767851E-5
2,104;759,1.4328692086229042E-5
2,318;610,1.432411611316945E-5
2,35;81,1.4302629330515675E-5
2,263;637,1.4284479394786713E-5
2,170;604,-1.4247911048685002E-5
2,673;800,1.424565600341407E-5
2,85;294,1.4169257258031539E-5
2,598;932,1.4155981443303711E-5
2,451;746,-1.4128146752769334E-5
2,568;603,-1.41265709326273E-5
2,769;944,-1.4114071989499232E-5
2,458;889,1.4107061419574275E-5
2,69;957,-1.4102523720135791E-5
2,203;386,1.4027185177321212E-5
2,637;980,1.4007888882403292E-5
2,329;901,-1.400265142647586E-5
2,354;762,-1.3998572862443257E-5
2,173;937,-1.3991183636654262E-5
2,31;327,1.3967103474334261E-5
2,5;855,1.3952845977333199E-5
2,128;797,-1.388490968861275E-5
2,598;933,-1.388298344306186E-5
2,31;953,1.3874550287426367E-5
2,150;784,1.3865561993646873E-5
2,614;692,-1.3864240169437985E-5
2,322;336,1.3847817405018288E-5
2,244;716,-1.3831331793508067E-5
2,602;935,-1.3827588371598885E-5
2,311;671,1.3808954368248042E-5
2,736;878,1.3749176507021787E-5
2,284;773,1.3717052789701326E-5
2,368;371,1.3682410526055193E-5
2,422;918,1.3672572935025281E-5
2,74;256,1.3668376402334489E-5
2,401;813,-1.3641313026843516E-5
2,330;959,1.361986507374148E-5
2,372;969,-1.359850586271897E-5
2,189;239,-1.3598481226871844E-5
2,489;724,-1.3561910754287089E-5
2,203;742,1.3561003248609372E-5
2,88;727,1.3546355735636312E-5
2,56;406,-1.350827468697928E-5
2,240;264,-1.3486505353235381E-5
2,42;54,1.3450082871202939E-5
2,98;612,1.3448495036268424E-5
2,835;961,-1.34328275992942E-5
2,110;446,-1.3413563679962485E-5
2,390;478,1.3400979865923251E-5
2,125;996,1.3382996125650242E-5
2,175;469,1.3377407199667096E-5
2,346;885,1.3368951354482017E-5
2,590;802,1.33673064974437E-5
2,225;481,-1.3341283822302957E-5
2,489;987,-1.3336827895608223E-5
2,593;783,-1.3321151140744365E-5
2,234;596,1.3301778404241516E-5
2,678;758,1.3284234212745293E-5
2,173;379,1.3282270632468222E-5
2,478;696,1.3261003862882537E-5
2,30;515,1.3253192577053083E-5
2,132;188,-1.3222893930677201E-5
2,9;922,-1.3199861532274391E-5
2,158;347,-1.3199677567440872E-5
2,400;980,1.3178265791148766E-5
2,775;798,1.3159554442794284E-5
2,265;295,-1.3102374265177727E-5
2,879;890,1.310202938065208E-5
2,715;908,1.3051077155845228E-5
2,574;770,1.3017930783152346E-5
2,388;706,-1.2985979594371103E-5
2,397;620,1.2979262629259996E-5
2,522;752,-1.2962979942511963E-5
2,548;786,1.2944022140161867E-5
2,141;461,-1.2913963130379034E-5
2,663;683,-1.2893356506941872E-5
2,893;919,-1.2886460132473486E-5
2,671;749,1.2885006754615001E-5
2,504;760,-1.2877304620075782E-5
2,517;872,1.2857053671639252E-5
2,372;492,-1.2831334900976481E-5
2,234;536,1.2827927374718384E-5
2,7;41,1.279752782730223E-5
2,442;901,1.2787230959028423E-5
2,282;682,-1.278403431216628E-5
2,464;963,1.2773805975177861E-5
2,336;496,1.2770718084175175E-5
2,80;946,-1.2769563424945772E-5
2,78;993,1.2732862209749368E-5
2,624;673,-1.2726771309046925E-5
2,148;728,1.2713401086479657E-5
2,264;973,1.2710593183754248E-5
2,609;884,1.2699564696266666E-5
2,317;640,-1.2692178679925927E-5
2,91;502,-1.2680782121942305E-5
2,68;781,1.2679193449275262E-5
2,553;953,1.2678461180563664E-5
2,708;786,1.2669287484703806E-5
2,149;694,-1.2667502721100802E-5
2,522;527,1.265622755520767E-5
2,844;993,-1.2638871246809049E-5
2,150;482,-1.262108326462598E-5
2,282;779,-1.2612286976822679E-5
2,9;317,-1.2598710399005987E-5
2,704;924,-1.2597182176242817E-5
2,166;546,1.2592409921193571E-5
2,9;267,-1.257021502790831E-5
2,301;899,1.2501505761769602E-5
2,378;383,1.2491343237109876E-5
2,420;978,1.2473052560469004E-5
2,332;600,1.2467480080892462E-5
2,891;983,1.2458285031918037E-5
2,516;886,-1.2457581545351149E-5
2,182;756,-1.2443693644374997E-5
2,380;610,1.241581247832397E-5
2,492;944,1.2415659883837874E-5
2,60;180,1.2369632979810183E-5
2,43;764,1.2325967059753785E-5
2,493;718,1.229490374916508E-5
2,127;638,1.2283784402581204E-5
2,231;379,1.2271922420444789E-5
2,136;224,1.2263453218468634E-5
2,264;337,1.2244507389065865E-5
2,88;122,-1.2226996372408692E-5
2,270;494,1.2223031225601867E-5
2,610;676,-1.2212761449532414E-5
2,612;925,-1.2196468880544085E-5
2,442;882,1.218873876866513E-5
2,772;925,1.2187954978468703E-5
2,706;739,-1.2172328015669864E-5
2,84;502,-1.2144660394533388E-5
2,431;453,-1.2144383521709692E-5
2,286;701,1.2081404016415123E-5
2,501;636,1.2077660948312821E-5
2,168;368,-1.2028467075907435E-5
2,652;798,-1.2022101094003965E-5
2,333;642,-1.1998635060834374E-5
2,8;728,-1.1971052944996453E-5
2,437;680,-1.193103658319282E-5
2,743;744,1.1908759740901304E-5
2,164;863,1.1878463891131334E-5
2,74;659,1.1869475840053212E-5
2,83;114,1.1843329966474012E-5
2,41;784,-1.1842631193699161E-5
2,231;627,1.1838499900597973E-5
2,441;532,-1.181095258086156E-5
2,287;654,1.1794297644096647E-5
2,312;750,-1.1742508556508671E-5
2,463;908,1.170603565874298E-5
2,183;227,1.170279656658707E-5
2,213;694,1.1688404338823525E-5
2,460;675,1.1683277670766227E-5
2,145;225,-1.1668347889519114E-5
2,150;685,1.1634305272378659E-5
2,91;600,-1.162943140681267E-5
2,683;878,1.1624535703100265E-5
2,243;441,-1.1616724680677488E-5
2,357;662,1.1614784840594152E-5
2,328;930,-1.1595560849301239E-5
2,83;995,-1.157925451517361E-5
2,30;841,-1.1570873821722616E-5
2,422;696,-1.1570528959364973E-5
2,357;360,1.1566747946668073E-5
2,914;924,1.1564951702098127E-5
2,108;926,-1.1563688416570086E-5
2,437;867,1.1549883509011288E-5
2,118;177,-1.1538764590599029E-5
2,342;638,-1.1503559950720909E-5
2,547;970,-1.1477519987820372E-5
2,60;298,1.1458314027889536E-5
2,271;806,-1.1454722501442096E-5
2,87;850,1.1449206415527388E-5
2,232;817,1.14488525169874E-5
2,322;695,-1.144748040251114E-5
2,12;936,-1.1442861078147294E-5
2,663;946,1.1418526192175323E-5
2,570;583,-1.1375715530351688E-5
2,193;429,1.133570426573273E-5
2,468;887,-1.1323370777147991E-5
2,319;455,-1.1309584737183583E-5
2,221;683,-1.1296791890257535E-5
2,328;753,-1.127408412246248E-5
2,282;569,1.1266033490345204E-5
2,71;209,-1.1233988216440311E-5
2,239;675,-1.1231267479103643E-5
2,160;371,-1.1203262436260963E-5
2,464;662,-1.1196757406742045E-5
2,606;973,1.1182060550437342E-5
2,670;918,-1.1149729321448164E-5
2,11;652,-1.1143309969924158E-5
2,508;886,1.1132633358978309E-5
2,175;650,1.1061697959506928E-5
2,621;635,1.1029340661145401E-5
2,419;457,-1.0992867696570416E-5
2,45;564,-1.0987207714445787E-5
2,186;630,1.0980710972527091E-5
2,706;750,1.0974361541859241E-5
2,142;414,-1.097247414043033E-5
2,6;119,-1.0941315889556116E-5
2,8;606,1.0938628612932155E-5
2,576;857,1.0925100797080693E-5
2,214;299,1.0912926496092928E-5
2,78;408,1.088066613854538E-5
2,115;798,1.0861761852960977E-5
2,16;923,-1.0838107956868126E-5
2,522;988,-1.0830519624110517E-5
2,600;697,-1.0813423912293646E-5
2,463;732,-1.0798096577881618E-5
2,648;801,-1.0793314836660594E-5
2,45;330,1.076513129401141E-5
2,348;696,-1.075331825834789E-5
2,24;374,-1.074651038420299E-5
2,276;971,-1.0741007604587239E-5
2,190;657,1.0733564012769987E-5
2,431;969,1.0732631684981683E-5
2,59;992,-1.072444264160502E-5
2,170;264,1.0724106880374195E-5
2,893;915,-1.072193683494338E-5
2,200;304,-1.0689623945338102E-5
2,696;920,-1.0680094798370149E-5
2,323;823,1.0676358746497895E-5
2,79;763,1.0674251202609481E-5
2,486;964,-1.0662471159966977E-5
2,255;666,-1.0653578700189376E-5
2,95;98,1.0645469790338022E-5
2,552;959,1.0632057940593103E-5
2,261;559,-1.0587637855893013E-5
2,789;806,1.0582998104006828E-5
2,19;428,1.0578872501448844E-5
2,91;169,1.0566084518946258E-5
2,535;677,1.0474686636081414E-5
2,441;795,1.047320248172868E-5
2,169;757,-1.0461664058275304E-5
2,880;908,1.0447937141915886E-5
2,546;879,1.0431434111188173E-5
2,114;405,1.0431252293534546E-5
2,95;472,-1.0423156404211973E-5
2,396;722,1.0409217585233895E-5
2,288;966,-1.0390095365167481E-5
2,209;811,1.0354633289632445E-5
2,383;956,-1.0347940520181883E-5
2,406;707,1.0339313397693944E-5
2,691;981,1.0316875319069559E-5
2,171;606,1.030212612907503E-5
2,110;312,-1.0291386211865067E-5
2,131;686,-1.0220407233717012E-5
2,505;848,-1.0212940155867697E-5
2,177;179,-1.0211392154165944E-5
2,587;594,-1.0211156959394202E-5
2,400;798,1.0195859069504626E-5
2,297;371,-1.0141261849674801E-5
2,478;918,1.0137510956962497E-5
2,96;970,1.0136152769384448E-5
2,7;823,1.0123481581665663E-5
2,422;478,1.0117660549072086E-5
2,58;311,1.0105612691608583E-5
2,73;784,-1.0062592268969363E-5
2,121;481,1.0000296922999807E-5
2,506;541,-9.984202244182596E-6
2,153;862,-9.976250368719345E-6
2,277;283,-9.967066778899941E-6
2,866;907,-9.964820014461495E-6
2,683;998,9.937828043869827E-6
2,608;964,-9.933354954039005E-6
2,265;430,-9.887779046824857E-6
2,149;536,9.88218088166773E-6
2,152;892,9.842441142040727E-6
2,294;538,-9.820933997144885E-6
2,323;918,-9.818564779200803E-6
2,413;435,-9.802279617350043E-6
2,84;994,-9.796225242315888E-6
2,642;651,-9.788981914589837E-6
2,167;925,-9.780987103561775E-6
2,133;223,9.76973470980451E-6
2,578;679,9.74178728307934E-6
2,169;644,9.718013981607265E-6
2,624;955,9.707860105128225E-6
2,425;755,9.707857062191503E-6
2,741;916,-9.674078036474014E-6
2,454;486,-9.650319149366239E-6
2,432;784,9.647807625107405E-6
2,79;162,-9.64551862997965E-6
2,292;498,9.637873608044579E-6
2,526;639,9.632468357219078E-6
2,218;771,9.628108985954225E-6
2,463;744,-9.627256658262217E-6
2,455;850,-9.621622553088252E-6
2,34;506,9.617231330852433E-6
2,296;949,9.615107916846048E-6
2,593;646,9.61175061182734E-6
2,181;621,-9.608448737424864E-6
2,110;304,9.60761641213568E-6
2,511;838,-9.572339285398336E-6
2,588;811,9.556317507125309E-6
2,318;681,9.550866076784154E-6
2,263;945,-9.537575906851288E-6
2,105;446,-9.535522528752429E-6
2,732;991,-9.530755672989978E-6
2,229;359,-9.530292988726014E-6
2,74;774,-9.509324267137603E-6
2,323;362,-9.502933501068893E-6
2,45;377,9.475623415940251E-6
2,478;962,-9.471988332840493E-6
2,442;941,9.461163796487405E-6
2,489;845,9.406818750146873E-6
2,287;477,9.397707884261169E-6
2,75;298,-9.393377419238813E-6
2,7;667,-9.353564133714132E-6
2,982;999,9.350717023156852E-6
2,256;976,-9.350225333186386E-6
2,336;512,9.323551664860847E-6
2,500;679,9.290334989775954E-6
2,846;986,-9.268662843656656E-6
2,80;795,-9.257739034216214E-6
2,928;991,9.247392901130767E-6
2,344;497,-9.237469452299786E-6
2,132;143,9.22512675210617E-6
2,316;841,9.196325561410632E-6
2,467;469,-9.183931087823048E-6
2,864;912,9.168886657808358E-6
2,888;974,9.154291001065608E-6
2,463;636,-9.153701167082847E-6
2,596;677,-9.126464594335117E-6
2,228;442,9.117443060459112E-6
2,124;875,9.11253856401844E-6
2,77;227,-9.109900931945983E-6
2,588;973,9.03207823885014E-6
2,511;672,-9.010322606623094E-6
2,439;465,-8.988747040771885E-6
2,322;899,8.960080540456703E-6
2,341;797,-8.93955605252457E-6
2,547;890,-8.935700303057084E-6
2,762;987,-8.921510300827405E-6
2,352;711,8.90762273999085E-6
2,425;714,8.87719163598949E-6
2,108;542,-8.786149153864436E-6
2,221;788,8.785915356221835E-6
2,58;322,8.775746922646806E-6
2,313;974,8.744995158954723E-6
2,330;646,8.721037140017714E-6
2,450;694,8.720486671033311E-6
2,341;553,8.71859551323146E-6
2,174;437,8.69254056643725E-6
2,106;305,8.668023963612006E-6
2,472;717,8.661686176592479E-6
2,104;303,-8.658822563512581E-6
2,537;629,-8.646868633161512E-6
2,273;821,8.643626466632686E-6
2,53;758,-8.631883533950355E-6
2,387;651,-8.628131560384702E-6
2,114;203,8.626495312136356E-6
2,593;845,-8.619144677913123E-6
2,45;695,-8.602866826928678E-6
2,435;622,-8.574483814943295E-6
2,566;580,-8.53648410722005E-6
2,2;864,-8.52960510329919E-6
2,259;969,8.509387997709312E-6
2,734;750,-8.508882914847332E-6
2,291;788,8.49359305255945E-6
2,649;773,-8.47676395935397E-6
2,233;571,8.475845537100172E-6
2,599;899,-8.462662955566949E-6
2,195;908,8.45909894692623E-6
2,474;783,-8.398925410152581E-6
2,127;313,8.391611876420645E-6
2,336;901,-8.37090652933184E-6
2,536;579,8.37023783457301E-6
2,161;428,-8.35176646296263E-6
2,388;600,8.348342943287526E-6
2,28;214,8.339313027919709E-6
2,392;590,-8.33778666537341E-6
2,559;938,8.269541214079544E-6
2,315;724,8.268172377154542E-6
2,331;635,-8.266936042806366E-6
2,114;201,8.24443824986542E-6
2,569;856,-8.218339148884674E-6
2,667;994,-8.218083864361958E-6
2,269;483,-8.213055000488135E-6
2,349;668,8.21172373818864E-6
2,432;661,-8.142237744506508E-6
2,629;705,8.138370286291142E-6
2,383;558,8.133539675585806E-6
2,909;983,-8.130340423214935E-6
2,535;784,-8.126475858520465E-6
2,35;334,8.121549155714184E-6
2,275;962,-8.109763207018866E-6
2,128;965,8.094167307775562E-6
2,148;161,-8.065315834522704E-6
2,466;770,8.0620642611067E-6
2,658;883,8.044804807044455E-6
2,711;829,-8.011269615117694E-6
2,785;867,7.976799644726709E-6
2,441;570,-7.941176086815597E-6
2,34;538,-7.929847453904223E-6
2,174;933,7.904235839532134E-6
2,174;379,7.878138997765154E-6
2,238;482,7.87486504015486E-6
2,217;871,7.84924451322689E-6
2,146;335,7.819778161807692E-6
2,482;887,7.808056390999186E-6
2,183;926,-7.79345109428916E-6
2,703;779,-7.791907951933082E-6
2,405;783,7.786134256892196E-6
2,292;525,7.785664506932077E-6
2,172;952,7.778451902386311E-6
2,192;350,-7.763148752777643E-6
2,173;889,7.73669478525056E-6
2,379;958,-7.683029956739445E-6
2,277;822,-7.668563073817609E-6
2,721;940,7.653137849152863E-6
2,385;670,7.635960695291384E-6
2,325;689,7.631513425912923E-6
2,176;366,7.5853667251360374E-6
2,321;961,-7.5840628463032175E-6
2,100;227,7.575826408200287E-6
2,543;908,-7.572625851827782E-6
2,752;958,7.565429393253172E-6
2,396;835,-7.561887589756539E-6
2,593;885,7.55808500904747E-6
2,228;907,7.532524995329866E-6
2,169;588,-7.528704161834529E-6
2,47;694,-7.505760044254108E-6
2,470;614,7.483388519077941E-6
2,680;899,7.477643517316002E-6
2,474;638,7.472960141356122E-6
2,250;662,-7.432283347282839E-6
2,341;953,-7.4012369671869405E-6
2,98;370,7.388882847036454E-6
2,240;988,-7.383967738702535E-6
2,465;515,-7.349708285282031E-6
2,490;702,-7.335512841070112E-6
2,462;493,7.31637288918037E-6
2,908;999,7.300153417419769E-6
2,41;703,-7.298131527024202E-6
2,179;609,-7.243952769169136E-6
2,868;899,-7.223429273466184E-6
2,51;790,-7.210327745337398E-6
2,12;67,7.201099787819194E-6
2,10;385,-7.197475341663338E-6
2,352;730,-7.1869771199814525E-6
2,73;535,7.170909940285853E-6
2,27;344,-7.160815594854521E-6
2,22;94,-7.151979685868011E-6
2,88;458,7.125492367073001E-6
2,100;300,7.1132972936500186E-6
2,392;718,-7.112252790788622E-6
2,489;564,7.1119430913836045E-6
2,625;994,-7.107632682233453E-6
2,307;443,7.105565372888388E-6
2,239;642,7.101873811836204E-6
2,309;769,-7.094056316006778E-6
2,323;505,-7.082469459758378E-6
2,221;267,7.0772805034095E-6
2,133;174,7.067983104144068E-6
2,322;541,7.0643276685244255E-6
2,600;624,-7.030174216981572E-6
2,188;912,-7.0202486051421586E-6
2,172;556,-7.008628967591926E-6
2,813;978,-6.999890594456146E-6
2,153;372,-6.992623869302328E-6
2,568;998,-6.9922430500040935E-6
2,586;899,-6.978303155267846E-6
2,113;744,-6.960683555889774E-6
2,335;679,6.956083602829184E-6
2,405;714,-6.9427061063007115E-6
2,152;668,6.908937637498301E-6
2,459;717,-6.906240922890133E-6
2,501;984,6.903472598517355E-6
2,84;295,-6.8822279284733724E-6
2,481;655,6.8782947367451444E-6
2,679;856,6.872287429526031E-6
2,616;776,6.855049951738059E-6
2,424;864,-6.815820238678098E-6
2,304;604,6.7840820688107805E-6
2,486;996,6.704841117961186E-6
2,786;790,-6.674107203560633E-6
2,535;915,6.671536785285481E-6
2,743;776,6.664594426510857E-6
2,424;738,-6.5751906629893594E-6
2,447;712,6.5687614108474735E-6
2,314;982,-6.554397646056177E-6
2,322;790,6.527219931986211E-6
2,94;759,6.518758743481207E-6
2,259;583,-6.468987407727458E-6
2,173;801,-6.467572990140072E-6
2,356;643,6.466900121771556E-6
2,220;238,6.4513198441541184E-6
2,165;558,6.442291355926097E-6
2,675;778,-6.426195842164008E-6
2,374;617,-6.416173326205775E-6
2,239;910,6.3833734479559754E-6
2,364;526,-6.358412672050721E-6
2,71;120,-6.3554708196675235E-6
2,120;204,-6.328447002705844E-6
2,625;734,6.29665597349062E-6
2,134;986,-6.2907888841744895E-6
2,344;590,-6.2712457513598025E-6
2,566;621,-6.264383728248536E-6
2,654;814,-6.213118366488573E-6
2,186;698,6.197884869392267E-6
2,445;900,6.1792655698256346E-6
2,269;633,6.17903515879345E-6
2,48;133,6.1654261781013206E-6
2,366;525,6.1485284028383254E-6
2,739;963,-6.141685535934138E-6
2,846;928,-6.134432390075967E-6
2,233;862,6.113510825150992E-6
2,105;996,-6.110628910206944E-6
2,299;661,6.104870640240526E-6
2,452;684,6.08157218924113E-6
2,340;583,-6.018106542592578E-6
2,528;573,6.015425274304862E-6
2,5;885,-6.011182415717291E-6
2,154;405,-6.001751309573137E-6
2,5;588,5.9678362028151715E-6
2,439;870,5.931876907752501E-6
2,180;283,5.931240390666379E-6
2,53;855,-5.9310085277254E-6
2,171;657,5.898816330729639E-6
2,185;578,5.889297481741475E-6
2,84;118,-5.886639298614854E-6
2,431;705,-5.8662009192888834E-6
2,846;940,-5.844067524238702E-6
2,770;773,-5.83928335632937E-6
2,129;659,5.833234725120713E-6
2,235;412,-5.810709955572889E-6
2,385;415,-5.77341443118197E-6
2,702;855,-5.745886051996448E-6
2,163;332,5.728720848512149E-6
2,379;460,5.726769038958566E-6
2,31;479,5.711437935922943E-6
2,310;469,5.647120431509709E-6
2,24;584,5.639252585075249E-6
2,264;888,-5.6307177018168065E-6
2,577;952,-5.6175074178344555E-6
2,425;460,-5.610076416414131E-6
2,380;687,-5.583860459995995E-6
2,382;592,-5.578325314024656E-6
2,604;814,-5.57286108861637E-6
2,21;67,-5.5351038570261094E-6
2,418;709,-5.531002061422618E-6
2,136;459,5.506334048529453E-6
2,178;758,5.503649769913674E-6
2,571;696,5.497812603418771E-6
2,93;798,-5.492866421195397E-6
2,243;463,-5.487596091260996E-6
2,659;719,-5.468966327214081E-6
2,797;804,5.465075775135872E-6
2,212;837,-5.450071207358901E-6
2,307;587,-5.4442837572050565E-6
2,492;735,-5.424622306333608E-6
2,552;949,5.42022437419154E-6
2,657;778,-5.415330456221938E-6
2,226;607,5.363524595859267E-6
2,135;463,5.359909548245251E-6
2,441;662,-5.33759008526797E-6
2,622;708,-5.3360983969179755E-6
2,92;851,5.3359564267801075E-6
2,486;918,5.334214697320594E-6
2,341;965,-5.322567865636167E-6
2,156;783,5.306224421830076E-6
2,178;978,5.30607082249887E-6
2,230;657,-5.296627787068381E-6
2,455;931,5.290685308828369E-6
2,432;967,5.281759728537678E-6
2,0;253,-5.187191524485837E-6
2,618;677,5.184640265642193E-6
2,463;534,5.17391618068544E-6
2,151;226,-5.135160245469346E-6
2,227;908,5.098212284529294E-6
2,259;856,5.075096584296196E-6
2,636;837,-5.073320251134099E-6
2,629;667,5.062462256597122E-6
2,221;276,-5.062017581377746E-6
2,477;504,5.057123344816394E-6
2,850;931,-5.053575548344069E-6
2,460;539,5.046350155628557E-6
2,203;506,-5.0358057975433275E-6
2,268;932,-5.022675983690661E-6
2,554;977,5.014318609087381E-6
2,288;792,-4.995658340844297E-6
2,223;665,4.980164624989021E-6
2,509;649,-4.971240665676543E-6
2,401;947,4.9628574387049E-6
2,102;262,4.9553151897779385E-6
2,141;179,4.922883371466042E-6
2,336;522,4.899426167688244E-6
2,132;398,-4.896759714977439E-6
2,84;485,4.89209680545636E-6
2,224;662,-4.871513710953665E-6
2,0;232,4.8610812545224346E-6
2,97;922,-4.831396967618071E-6
2,215;887,-4.825204377970877E-6
2,168;371,4.784972665827239E-6
2,296;812,-4.7747053364734856E-6
2,15;526,4.758721584832676E-6
2,739;798,4.732589535828245E-6
2,3;677,4.725947988608405E-6
2,440;959,4.693659268199285E-6
2,349;406,4.680765352510857E-6
2,615;748,-4.678576584168065E-6
2,428;889,-4.67728906587922E-6
2,98;470,4.63091900333458E-6
2,9;490,-4.63027022614778E-6
2,260;526,4.620012321219932E-6
2,203;829,-4.60653605103345E-6
2,358;359,4.582015757296769E-6
2,835;854,4.562600132261098E-6
2,173;939,-4.535507645564707E-6
2,504;731,4.532119008003266E-6
2,193;319,-4.522997341624653E-6
2,251;691,4.504775734868037E-6
2,517;946,4.497049029141498E-6
2,90;223,-4.4895187483602395E-6
2,117;744,4.4846878619195165E-6
2,92;174,-4.4721749637963576E-6
2,203;433,4.4654930083711935E-6
2,505;766,4.439136056577441E-6
2,709;879,4.435742067787539E-6
2,841;926,-4.412819807441098E-6
2,215;319,4.405554736066769E-6
2,158;500,4.398268995287717E-6
2,342;790,4.370855655116267E-6
2,393;728,4.369911716486832E-6
2,637;775,-4.351770146625189E-6
2,473;644,4.333850118334822E-6
2,229;604,4.304873207155502E-6
2,266;488,-4.288471178288788E-6
2,151;316,-4.283282350115804E-6
2,154;364,-4.245434241137817E-6
2,506;588,-4.226986454773061E-6
2,514;537,4.2086726430681785E-6
2,322;819,-4.208630548181589E-6
2,889;992,-4.208532918364108E-6
2,300;947,-4.201236849832909E-6
2,824;952,-4.176026926787542E-6
2,675;899,4.171495798283076E-6
2,584;685,4.1666874545652554E-6
2,485;925,-4.163326491732837E-6
2,441;726,-4.113040667077641E-6
2,3;184,4.112784828805457E-6
2,194;280,-4.1061710784382685E-6
2,449;742,4.0205055891610605E-6
2,294;736,-4.0154810818697345E-6
2,384;489,4.000493218736155E-6
2,264;990,3.992129165993091E-6
2,305;621,-3.99154443818104E-6
2,196;653,-3.916884273020685E-6
2,441;643,-3.8981829833185445E-6
2,187;272,-3.885207306292604E-6
2,857;891,-3.8812561812927445E-6
2,261;425,3.874313373281757E-6
2,127;677,-3.855541330313253E-6
2,357;550,3.8095428213993366E-6
2,770;838,-3.7641537434510433E-6
2,169;409,3.7334099444566657E-6
2,468;684,3.6966065231463787E-6
2,415;552,3.6245384131172176E-6
2,152;876,-3.623114353280957E-6
2,211;685,3.6029359632980056E-6
2,254;517,3.599940826188419E-6
2,96;971,-3.5845638429631013E-6
2,584;884,3.5830316401933224E-6
2,878;890,3.5589788648947507E-6
2,301;440,-3.5140899342361588E-6
2,90;739,-3.5129224775113656E-6
2,711;730,-3.493344016280875E-6
2,89;490,-3.454203211016277E-6
2,644;746,3.4523612979728905E-6
2,196;549,3.4461627182352518E-6
2,521;940,3.441044865994114E-6
2,16;595,3.4388331908506433E-6
2,42;840,-3.437983454045564E-6
2,38;523,-3.4138500318345034E-6
2,255;822,-3.369625178563103E-6
2,215;842,-3.3675218692914843E-6
2,24;847,3.3389481682173514E-6
2,434;659,3.3362175417750507E-6
2,678;896,-3.3292806589218518E-6
2,24;91,-3.3273573313617606E-6
2,334;759,-3.3226963817830496E-6
2,122;943,-3.320001131618941E-6
2,300;925,-3.266022585406134E-6
2,264;700,-3.258109024457577E-6
2,153;618,3.2292318035424194E-6
2,394;653,3.2200757771365942E-6
2,255;832,3.216132978483971E-6
2,470;756,3.18749612696443E-6
2,4;818,-3.187026664760499E-6
2,855;899,3.1658315702430135E-6
2,525;835,3.1533736280608684E-6
2,284;902,-3.1378286398190055E-6
2,85;880,-3.1349084254732528E-6
2,211;346,3.12374339855602E-6
2,107;460,3.1191724290909882E-6
2,51;573,-3.104464958157319E-6
2,202;401,3.0805919138024023E-6
2,417;685,-3.0292438673542865E-6
2,765;832,-3.0002562091172444E-6
2,84;898,-2.9992658953572267E-6
2,231;550,-2.9944579414403344E-6
2,223;729,-2.970355331573929E-6
2,747;880,2.9588942587223805E-6
2,250;464,2.9561000366159565E-6
2,127;156,-2.95480193727235E-6
2,289;349,-2.938986206120528E-6
2,311;436,-2.937382127618633E-6
2,130;140,-2.9275296923544567E-6
2,424;445,2.9177576589509217E-6
2,199;292,2.869596790438772E-6
2,530;604,-2.8546212875566887E-6
2,45;888,2.842210981072228E-6
2,437;662,2.8340723145064904E-6
2,243;662,2.8299668760325414E-6
2,612;962,-2.827597286182343E-6
2,59;572,2.824141270352187E-6
2,29;936,2.8076288376744363E-6
2,204;209,2.779012407398224E-6
2,29;467,2.760357288616358E-6
2,26;487,-2.7508736179210625E-6
2,237;568,-2.7009405112443584E-6
2,764;769,2.6935079578907785E-6
2,137;533,-2.675974999700549E-6
2,91;182,2.672649599214261E-6
2,385;874,2.672330998719996E-6
2,273;727,2.6209207388447343E-6
2,264;484,-2.619346810099815E-6
2,454;736,-2.5778745155651056E-6
2,34;839,-2.569116969772786E-6
2,424;446,2.5540612947302854E-6
2,702;973,-2.5524590637229367E-6
2,390;822,-2.5419818075992086E-6
2,611;940,2.5244399438392047E-6
2,310;458,2.5162209548668312E-6
2,26;902,-2.488304745587276E-6
2,400;505,2.4628425652275246E-6
2,425;818,-2.4577044166717023E-6
2,531;610,2.4295744029530566E-6
2,23;688,-2.4233527156299893E-6
2,339;449,-2.4044625136448312E-6
2,595;862,-2.3991143020677885E-6
2,47;264,2.3804402212365337E-6
2,114;192,2.353796476591341E-6
2,342;970,2.3511639108709377E-6
2,360;837,-2.3221127723484574E-6
2,203;949,2.3000759484650205E-6
2,143;728,-2.2868117782273017E-6
2,344;414,-2.252164717280368E-6
2,120;732,-2.2275873577734044E-6
2,90;309,2.2056526905175067E-6
2,113;280,2.1955993184902615E-6
2,217;693,-2.135329405621167E-6
2,694;974,-2.1214410782295496E-6
2,261;938,-2.1102880312490677E-6
2,39;341,-2.1097872654782873E-6
2,118;692,2.0871840739213332E-6
2,336;940,2.0806208401739495E-6
2,81;305,2.066227191121782E-6
2,680;819,-2.022714270198449E-6
2,181;872,-1.9588117887433186E-6
2,68;183,-1.958150024774695E-6
2,131;612,1.9395734587898117E-6
2,195;643,-1.9107124453301844E-6
2,215;989,-1.9002484081745708E-6
2,514;611,1.8850375969261814E-6
2,536;812,-1.8395619427032592E-6
2,153;535,-1.79862543590166E-6
2,319;536,-1.7779370412987218E-6
2,478;936,1.767252992658501E-6
2,174;423,-1.7549921598618014E-6
2,289;980,-1.7533972954747804E-6
2,10;410,-1.7499410529846424E-6
2,468;479,1.7337661679588667E-6
2,233;607,1.7179014819571833E-6
2,613;783,-1.6802476787984022E-6
2,259;951,1.6667504751336007E-6
2,413;726,1.6417333660017076E-6
2,171;907,1.618693399929816E-6
2,173;727,1.5842464384159191E-6
2,163;898,1.582895025930245E-6
2,401;540,-1.579162033458488E-6
2,194;691,-1.5405850969667512E-6
2,120;884,1.5345535875866817E-6
2,80;411,1.512388854383824E-6
2,155;631,-1.486212669372343E-6
2,458;996,-1.4801119291423388E-6
2,544;629,-1.4740790674755006E-6
2,482;746,-1.4486198296055562E-6
2,823;948,-1.432604534541644E-6
2,35;508,-1.4073438006139764E-6
2,387;708,-1.3677945494032507E-6
2,816;946,-1.3471956302742312E-6
2,65;962,-1.331334840612347E-6
2,310;962,1.304527730346658E-6
2,805;846,1.2965237140520545E-6
2,643;726,-1.2939487480081794E-6
2,259;518,-1.2707243668780012E-6
2,178;263,-1.2454308054236918E-6
2,654;901,-1.2448150667786553E-6
2,458;962,1.2440055697299502E-6
2,623;691,-1.2418078152859058E-6
2,61;696,1.227782874022615E-6
2,136;488,-1.2270419570530185E-6
2,279;577,1.2235506887522882E-6
2,545;591,-1.2181605588100427E-6
2,933;941,-1.200684322655632E-6
2,159;636,-1.1985890635131115E-6
2,208;901,-1.195443697713558E-6
2,379;788,-1.1787864363278777E-6
2,94;269,1.1626404297493399E-6
2,38;118,-1.1294018581516283E-6
2,85;538,-1.1089844087864287E-6
2,463;773,1.1067216169111106E-6
2,279;329,-1.0998296830399406E-6
2,529;874,-1.0968431868259784E-6
2,282;963,1.072270514255541E-6
2,715;910,-1.0174813096950342E-6
2,514;869,-1.00745144368964E-6
2,471;515,-9.869903164882178E-7
2,507;648,9.719324426270756E-7
2,123;938,-9.398744075396967E-7
2,131;775,9.377593618804178E-7
2,348;450,9.289185765872857E-7
2,405;645,9.168128285988939E-7
2,388;967,-8.909586055125332E-7
2,649;965,-8.895247279145438E-7
2,106;448,8.862234577075925E-7
2,16;996,8.547296827690413E-7
2,221;413,8.279394301548906E-7
2,383;500,8.050216367378946E-7
2,139;440,7.788823922808968E-7
2,56;589,7.277016196445482E-7
2,505;566,6.335526449875312E-7
2,327;891,6.333778302958365E-7
2,267;316,6.1064815783822E-7
2,2;42,-5.940029137395387E-7
2,385;536,-5.886126882356097E-7
2,737;881,-5.806292023443974E-7
2,456;518,5.772426616891674E-7
2,110;921,5.695214546872774E-7
2,432;468,-5.590456043885541E-7
2,209;510,5.57741733886695E-7
2,113;983,-5.080153587539854E-7
2,511;624,-4.936433124146933E-7
2,343;940,-4.5008057708270657E-7
2,134;846,4.474504169284521E-7
2,228;709,-4.458393770567365E-7
2,175;221,4.326513478455502E-7
2,36;871,3.927422343336512E-7
2,47;538,-3.875847692546078E-7
2,78;183,3.557673500892838E-7
2,17;827,-3.33422593818411E-7
2,514;940,-2.74221493010908E-7
2,32;291,-2.73812746468427E-7
2,19;621,2.641947932324543E-7
2,25;920,2.601274621692601E-7
2,349;661,2.6011666557321234E-7
2,414;500,2.572896005339845E-7
2,333;559,2.454296665185332E-7
2,263;958,-2.368541149413775E-7
2,296;407,2.3682269507036002E-7
2,174;602,2.3415697865939582E-7
2,352;560,2.196400589366196E-7
2,8;455,1.8894680572207474E-7
2,54;588,-1.7888345648205822E-7
2,218;743,-1.4367992582443868E-7
2,670;738,1.3794572976539438E-7
2,66;476,-1.2869377880535966E-7
2,180;572,1.274362132132334E-7
2,416;932,9.177766141307137E-8
2,277;556,-7.774491619351454E-8
2,969;986,-7.326180052305564E-8
2,766;919,2.982040294157579E-8
2,90;884,9.748776902337996E-10
3,116;433;625,-2.559035069286529E-4
3,330;646;743,2.3294327377874598E-4
3,324;492;579,-2.296683503639907E-4
3,17;569;779,2.293052703261038E-4
3,351;702;839,-2.2866323414121235E-4
3,382;439;599,-2.23266161602647E-4
3,48;189;679,-2.1942195716575413E-4
3,140;263;958,2.1802888231501127E-4
3,290;462;530,-2.1003441578801863E-4
3,15;201;296,2.0946170816032368E-4
3,132;143;791,-2.0842526300564378E-4
3,453;773;951,2.0772449622659454E-4
3,93;480;822,2.074839395179505E-4
3,343;593;647,-2.0713574553266604E-4
3,15;101;474,2.0387106198370018E-4
3,84;479;898,2.0294035131140648E-4
3,478;772;915,-2.0162459473030723E-4
3,640;813;978,-1.9983153065291736E-4
3,472;717;995,-1.9890968967741833E-4
3,81;725;755,1.981014429487151E-4
3,440;512;786,1.975251048878834E-4
3,78;841;993,1.9748406587352083E-4
3,5;213;766,1.9621834511180037E-4
3,38;520;523,1.961574217460499E-4
3,286;707;748,-1.957049890369781E-4
3,73;372;969,1.9428125152200456E-4
3,6;349;668,1.937463284195096E-4
3,13;312;731,-1.936072518460502E-4
3,711;730;829,-1.9325934833188947E-4
3,524;556;686,-1.8947976023696685E-4
3,45;264;888,1.8935634879160333E-4
3,160;228;371,1.888059195652227E-4
3,316;536;812,-1.8847205055244493E-4
3,16;25;299,1.8827614371065449E-4
3,490;774;856,1.8636424042574456E-4
3,41;535;784,-1.8600231121134082E-4
3,485;489;961,-1.8581331088715725E-4
3,228;442;459,1.8482819287258986E-4
3,86;347;576,1.8481268053988236E-4
3,99;414;786,1.836227849151735E-4
3,97;362;894,-1.825017604709761E-4
3,465;515;682,1.807925412983122E-4
3,5;255;832,-1.805578976446714E-4
3,411;662;956,1.8034901408321152E-4
3,460;675;795,1.802058516086102E-4
3,50;143;238,1.791869709152764E-4
3,195;374;908,-1.7868718278085555E-4
3,414;739;798,-1.7783092807501253E-4
3,563;756;834,-1.7731167005667945E-4
3,218;806;887,1.7728543152409896E-4
3,194;506;691,-1.7707944422484757E-4
3,176;343;366,1.7692505360087995E-4
3,94;537;939,-1.7596891856061064E-4
3,449;490;702,1.7580481906439254E-4
3,376;389;860,-1.7543132763371745E-4
3,449;837;898,1.7495977543228037E-4
3,193;743;744,1.7351223839481942E-4
3,150;415;957,1.734751625221144E-4
3,416;703;932,-1.7319718820164902E-4
3,460;510;751,-1.7268283308461934E-4
3,360;460;701,1.723708648096182E-4
3,166;493;819,1.7208814052040844E-4
3,537;629;994,-1.7165830348548383E-4
3,115;635;874,-1.7050930196245496E-4
3,219;706;739,-1.7030470649775188E-4
3,166;297;520,1.7025342763135414E-4
3,289;308;349,1.701117491157323E-4
3,403;773;843,1.69913738162541E-4
3,688;765;832,1.6987332647468056E-4
3,16;65;789,-1.6984753865182734E-4
3,54;350;400,1.6979779103883796E-4
3,98;100;694,1.6965091974032842E-4
3,217;504;693,1.6885678414513012E-4
3,56;114;910,1.6870947910850438E-4
3,144;238;719,-1.6849303286275546E-4
3,35;821;945,-1.6811961950123633E-4
3,108;680;865,1.6706819849244777E-4
3,34;506;520,-1.6639499298391985E-4
3,88;122;519,1.6639144894022522E-4
3,351;548;802,-1.6560339069954802E-4
3,403;770;843,-1.653195382261284E-4
3,167;341;925,1.6493613819277593E-4
3,113;155;158,1.6469337700579758E-4
3,127;677;876,-1.6435563430133176E-4
3,105;125;996,1.6375489110465386E-4
3,217;255;447,1.62694718980178E-4
3,277;345;556,1.620793371916065E-4
3,250;285;672,1.619911291106847E-4
3,460;521;539,1.6176325204606418E-4
3,156;477;504,-1.6103064499783148E-4
3,325;483;982,1.6056735963687052E-4
3,154;364;433,1.6026055288409852E-4
3,315;705;724,1.602021251344401E-4
3,359;513;653,-1.5948031063222322E-4
3,98;153;372,-1.5898020188723862E-4
3,5;882;894,-1.5897809856527074E-4
3,154;183;569,-1.586698716896745E-4
3,336;578;679,1.5793223466061714E-4
3,563;598;947,-1.5793039802210724E-4
3,438;509;779,1.5740711492514628E-4
3,437;587;867,1.5740227660285063E-4
3,5;882;885,-1.5732157574622327E-4
3,185;793;857,-1.568073329100701E-4
3,98;475;809,-1.5674131660592283E-4
3,130;745;968,-1.5650390401470443E-4
3,259;474;856,1.558922623113029E-4
3,47;582;831,1.5583485937464546E-4
3,149;319;536,-1.551571979160186E-4
3,200;678;803,1.548427075002331E-4
3,274;383;886,1.5438980080315E-4
3,208;240;442,1.5423905064353567E-4
3,0;19;232,1.5421548962379577E-4
3,31;50;653,-1.540322202165711E-4
3,387;579;677,-1.5401652615540303E-4
3,4;641;951,-1.5393451348986857E-4
3,618;677;739,1.5392397760041082E-4
3,150;590;685,1.5390483896233367E-4
3,176;343;720,1.5383310318755404E-4
3,14;729;902,1.535653136507324E-4
3,229;554;748,-1.5339155753870694E-4
3,29;912;936,-1.5287130034677727E-4
3,157;400;505,1.5259012727616105E-4
3,565;616;801,1.5215420056704143E-4
3,16;583;605,1.5213004440076813E-4
3,115;605;635,-1.520804503961797E-4
3,238;593;885,1.5206400579861364E-4
3,360;471;794,-1.5197341578724412E-4
3,222;558;662,-1.518507032129444E-4
3,292;498;734,-1.5163317015747825E-4
3,99;675;894,1.5151667967246987E-4
3,720;922;942,-1.5112339182968434E-4
3,84;502;968,1.5073870169626588E-4
3,206;292;898,1.4967007093704E-4
3,135;463;773,-1.4931053362891435E-4
3,418;814;943,1.491596717299422E-4
3,569;598;932,1.4904624108888492E-4
3,34;351;839,1.4899356559680183E-4
3,69;374;773,1.4870728293163416E-4
3,183;227;918,1.4861785904829068E-4
3,165;252;456,-1.4838676668226926E-4
3,175;204;920,-1.482018179346483E-4
3,238;296;949,1.4812364053988858E-4
3,140;570;761,-1.4810829872058433E-4
3,324;690;719,-1.4800155544432287E-4
3,333;528;875,-1.479986380440812E-4
3,246;843;942,1.4796710149942032E-4
3,405;804;920,1.4788287822812646E-4
3,382;489;934,1.478022847948926E-4
3,455;608;931,1.4751320138759635E-4
3,176;529;928,-1.4749904063919746E-4
3,380;509;779,1.4711019820338092E-4
3,378;741;916,1.4701018992084803E-4
3,166;195;795,1.4646933511363886E-4
3,257;736;853,-1.4636794311938145E-4
3,160;604;814,-1.4629300709029138E-4
3,357;550;581,1.4626190681099683E-4
3,134;846;986,1.46226931078273E-4
3,160;291;371,1.4609490090356072E-4
3,235;840;911,-1.4596530981354745E-4
3,202;357;401,-1.4555279155032398E-4
3,735;765;964,1.4527787142074895E-4
3,5;413;501,-1.4520570080559593E-4
3,124;337;713,1.4461458016638967E-4
3,361;585;942,-1.4452105627127165E-4
3,51;476;867,-1.4424829905600138E-4
3,137;716;926,-1.440320592533991E-4
3,457;546;901,1.4401909905875355E-4
3,413;726;888,-1.439976663091096E-4
3,452;538;684,1.439807443951384E-4
3,135;243;463,1.4393718744889702E-4
3,24;195;374,1.4389374772409653E-4
3,501;926;931,1.437530811115586E-4
3,180;278;379,-1.4340221892424247E-4
3,77;227;775,-1.4336474534419776E-4
3,7;629;667,-1.429575377739899E-4
3,223;801;971,-1.429227187086248E-4
3,473;513;640,-1.428991182259917E-4
3,789;806;888,-1.4270195805849675E-4
3,123;139;472,1.4268205424442843E-4
3,736;743;776,1.426658497260017E-4
3,406;837;912,-1.423888088929194E-4
3,0;437;680,-1.422442393786475E-4
3,59;345;889,1.42239597126542E-4
3,384;597;723,1.4216193022014378E-4
3,177;422;696,1.420238718942491E-4
3,85;218;922,-1.4187589321547543E-4
3,6;316;486,1.417751458165014E-4
3,378;432;784,-1.4164173010322679E-4
3,214;722;855,1.4158915244645294E-4
3,480;606;760,-1.4150565774294718E-4
3,75;801;911,1.412271414515438E-4
3,233;760;862,1.4111908841272852E-4
3,100;501;984,-1.410522649565743E-4
3,568;653;666,1.408360477048708E-4
3,294;554;878,1.4078078848885734E-4
3,121;473;682,-1.4073531004109204E-4
3,0;718;858,1.4070901658933192E-4
3,310;469;649,1.40529409922946E-4
3,271;540;727,-1.4050302364428466E-4
3,106;448;618,1.404354098037685E-4
3,417;584;774,1.4017294553657432E-4
3,62;116;177,-1.4012255265204336E-4
3,320;446;842,1.400710077020408E-4
3,693;743;991,1.4004709249592107E-4
3,229;372;940,1.398986691596218E-4
3,84;357;593,1.3983126909839023E-4
3,152;328;485,1.39820132721904E-4
3,25;333;769,-1.3981227171039944E-4
3,81;313;498,-1.396512586838147E-4
3,305;533;957,1.395618579049298E-4
3,492;588;644,-1.3950130828251049E-4
3,493;718;858,1.3946710142278415E-4
3,85;348;747,1.3925512342318546E-4
3,60;109;354,-1.391946615497312E-4
3,259;518;652,-1.3913657707193428E-4
3,30;706;950,-1.3913456679887177E-4
3,522;527;848,1.3903838663891432E-4
3,196;460;840,-1.3902557108286834E-4
3,63;273;727,-1.3899503123349384E-4
3,409;607;775,1.3894945128006998E-4
3,169;757;990,-1.3893166708335098E-4
3,267;316;370,-1.3869077708795541E-4
3,62;699;847,-1.3864417727747183E-4
3,217;420;978,-1.3864259627976622E-4
3,259;517;969,1.3859364312818114E-4
3,9;659;719,1.3838940468017863E-4
3,452;684;920,-1.3823004011105134E-4
3,36;499;946,1.3779727038118188E-4
3,14;62;455,1.3769162010487167E-4
3,152;193;438,-1.3757333058610482E-4
3,78;183;227,-1.3755907379590148E-4
3,495;829;883,1.3726764815913978E-4
3,159;501;636,1.3723913245763022E-4
3,107;352;887,1.3712998163890603E-4
3,482;554;977,1.3708613065980548E-4
3,319;398;408,-1.3691171986871306E-4
3,63;419;457,-1.366518609860543E-4
3,369;554;999,-1.3648266454464314E-4
3,79;266;985,-1.3612763588629234E-4
3,80;305;564,-1.3597155257899174E-4
3,750;796;821,1.359265009886796E-4
3,22;94;302,1.3591117543145255E-4
3,150;220;238,-1.3571556898350328E-4
3,69;150;957,-1.3558312464437167E-4
3,153;372;517,-1.352741902401744E-4
3,43;217;397,1.3515690420117194E-4
3,92;851;897,-1.349609572896432E-4
3,165;253;613,-1.3488045685204373E-4
3,64;286;718,1.3450662172872962E-4
3,158;203;553,1.3447187216685173E-4
3,62;578;679,1.343126942408678E-4
3,156;303;642,-1.3424787390787807E-4
3,23;225;688,-1.3406169122802086E-4
3,172;379;933,1.339439360767477E-4
3,85;294;538,1.337963341524002E-4
3,5;413;664,-1.3372819332109755E-4
3,383;410;792,1.3366625750089035E-4
3,255;699;882,-1.3355437859407815E-4
3,158;590;991,1.3350203891090458E-4
3,165;456;776,1.3342658288200372E-4
3,721;837;940,1.3332224627943284E-4
3,378;606;916,1.332349852986259E-4
3,239;675;778,1.3302688126730128E-4
3,125;567;711,-1.3296308820458935E-4
3,242;286;793,-1.328242206398658E-4
3,146;446;931,1.328157309972627E-4
3,0;493;718,-1.3276927121393887E-4
3,38;371;722,1.326690411264162E-4
3,32;215;882,-1.3221775938743592E-4
3,342;698;822,-1.3211175199576578E-4
3,54;264;830,1.3199091338355186E-4
3,431;453;838,1.316820601099858E-4
3,344;844;993,-1.3162174149818767E-4
3,203;238;296,1.3161828632466226E-4
3,19;47;621,-1.3140262656930924E-4
3,35;601;757,1.3134033708451847E-4
3,267;564;826,1.308082831806389E-4
3,489;564;987,-1.3073367928546198E-4
3,53;714;769,-1.3068794548248513E-4
3,375;613;860,1.3064071368063074E-4
3,209;788;831,-1.3048188744520968E-4
3,34;320;973,1.3043181744794603E-4
3,36;829;889,1.30387486957306E-4
3,469;526;887,-1.3037558267971406E-4
3,395;424;681,1.301077921149682E-4
3,113;891;983,1.2986418139858188E-4
3,24;584;754,1.2984208225107392E-4
3,296;431;611,-1.2961608766828812E-4
3,91;169;502,1.2951594586622887E-4
3,394;653;815,-1.2948862807790422E-4
3,232;281;890,-1.2943510995190753E-4
3,185;472;811,-1.2904690093154997E-4
3,67;417;603,1.2891484196769844E-4
3,211;685;764,-1.2891364392676597E-4
3,239;622;765,-1.2868371856004568E-4
3,305;564;684,1.2862414840818028E-4
3,44;843;942,-1.2850216676989597E-4
3,94;759;939,1.2836902714301516E-4
3,552;602;628,-1.2834234800053286E-4
3,271;540;806,-1.282891494690589E-4
3,267;370;698,1.2822081224015468E-4
3,210;751;770,1.281850936582335E-4
3,256;451;746,1.2796268768907422E-4
3,16;311;671,1.2777480630903016E-4
3,71;120;204,1.277435440502663E-4
3,388;468;967,1.2770976282812962E-4
3,140;263;422,-1.2767709272064022E-4
3,121;586;655,1.2765442420482973E-4
3,100;814;984,-1.2757776011828093E-4
3,71;835;854,-1.2745169937344517E-4
3,383;558;886,-1.273150722894622E-4
3,754;829;883,1.2719392294612868E-4
3,175;204;917,-1.270517845024033E-4
3,468;549;653,1.2703154950699332E-4
3,197;688;719,-1.270209475703478E-4
3,225;481;911,1.2691457603048028E-4
3,21;333;549,1.2656582957178318E-4
3,161;227;524,1.2649263117159112E-4
3,746;939;989,1.26373848716822E-4
3,434;659;983,1.2627723042433543E-4
3,295;880;900,1.2612560773387355E-4
3,405;714;722,1.260110062071299E-4
3,47;511;877,-1.2584704587659305E-4
3,118;380;692,-1.2583828619821392E-4
3,438;663;920,-1.2555996836943937E-4
3,400;756;758,1.2499626781139052E-4
3,636;837;937,-1.2498080813768916E-4
3,126;696;920,1.2486714767954751E-4
3,0;253;680,1.248406332503112E-4
3,170;384;723,1.2473247780301407E-4
3,325;777;822,1.247225432917978E-4
3,672;914;924,1.246659898021893E-4
3,123;377;945,1.24665144506444E-4
3,365;600;753,-1.2461230819480815E-4
3,8;319;455,-1.2459815066942465E-4
3,267;276;788,1.2455023737967285E-4
3,31;553;953,1.245183447999998E-4
3,59;572;731,1.2403673238897044E-4
3,300;732;991,1.2388468165499885E-4
3,185;472;710,1.2379392063215292E-4
3,405;413;888,-1.2374660766331427E-4
3,589;871;948,1.2367748115006084E-4
3,159;591;636,-1.235378259690616E-4
3,257;736;980,-1.2349678681226376E-4
3,592;696;920,-1.2348116657201616E-4
3,178;646;891,1.233150866262883E-4
3,33;441;662,-1.2331013842583976E-4
3,519;765;832,-1.231090238069544E-4
3,266;606;806,-1.231049631113499E-4
3,27;520;878,1.2297938009179932E-4
3,104;287;477,1.228741429499265E-4
3,476;766;948,1.2258501093156387E-4
3,131;262;573,-1.2257662606528208E-4
3,454;601;686,-1.224902747839482E-4
3,724;738;845,1.224208181002876E-4
3,301;309;899,1.221550154938372E-4
3,35;54;159,-1.221464396979524E-4
3,179;227;880,-1.2206480383237623E-4
3,35;81;508,1.2199786495055926E-4
3,100;109;411,-1.2195256541045744E-4
3,514;869;883,-1.2193189432839763E-4
3,75;653;656,-1.2191161300388926E-4
3,295;502;570,-1.2187777593852963E-4
3,124;288;370,1.2175376161588594E-4
3,40;254;486,1.2172265257589141E-4
3,463;908;968,-1.2166959921511254E-4
3,80;419;569,-1.2166187661387856E-4
3,401;813;855,1.2149797785942401E-4
3,158;248;260,1.2143534273653053E-4
3,401;782;899,1.2135874470987119E-4
3,160;322;814,1.2133614178413221E-4
3,60;463;636,-1.2113373963842262E-4
3,277;393;466,1.210840098322823E-4
3,47;430;831,1.2088947472330595E-4
3,387;681;740,-1.2079231303108883E-4
3,392;680;819,-1.2062333039505919E-4
3,367;900;928,1.2056803438009942E-4
3,94;302;339,-1.2048655079715074E-4
3,113;478;772,1.2041307829123286E-4
3,61;284;430,1.1994010431572973E-4
3,205;357;581,-1.1969638670013433E-4
3,515;665;713,-1.195710207761781E-4
3,614;692;793,1.1934064484609469E-4
3,524;604;933,1.1932208246954124E-4
3,720;787;942,1.1922360941603819E-4
3,401;478;962,1.1920544433499621E-4
3,169;409;720,-1.1909196605039018E-4
3,210;228;407,1.1899633308648972E-4
3,636;693;991,1.1889250908056659E-4
3,165;757;909,1.1888524795970265E-4
3,372;754;959,-1.1874046662316275E-4
3,76;287;358,-1.1869533343550768E-4
3,341;704;719,-1.1846634770324615E-4
3,240;337;484,1.1828019463542353E-4
3,241;433;969,1.181289487187082E-4
3,109;458;889,-1.179862311757299E-4
3,682;764;971,1.1792597300189209E-4
3,776;806;855,1.1785623702188311E-4
3,240;878;988,-1.177914433577484E-4
3,110;312;390,1.1738790037871053E-4
3,627;722;965,-1.1735653727594484E-4
3,681;740;925,-1.1725381346878225E-4
3,128;412;462,-1.1719120691867613E-4
3,160;846;986,-1.1718690846585192E-4
3,478;652;972,-1.1718337811888946E-4
3,286;707;827,1.1708369230975221E-4
3,136;595;862,1.1703776264105398E-4
3,98;370;612,-1.1693578690802093E-4
3,82;273;863,-1.1688490748939786E-4
3,90;626;821,-1.168847892763429E-4
3,584;899;955,-1.1667261950731369E-4
3,24;377;755,1.1644910917357493E-4
3,152;374;617,1.1642320345804294E-4
3,238;629;680,1.1633535825668753E-4
3,16;146;190,1.1623090689271414E-4
3,56;406;910,1.1621311022431918E-4
3,325;435;822,1.1585755666404727E-4
3,678;789;896,-1.1582567742994311E-4
3,109;400;889,-1.1581615593718487E-4
3,179;453;609,-1.15700252255074E-4
3,425;460;818,-1.1558717895079196E-4
3,114;201;716,-1.154890449022265E-4
3,100;246;411,1.1541269131568592E-4
3,155;158;188,1.1532691791775659E-4
3,151;316;375,-1.1522931107481744E-4
3,5;175;588,-1.151862683354226E-4
3,419;776;785,-1.1517302726960632E-4
3,31;479;653,-1.1512848381128277E-4
3,67;346;514,-1.1508821216548527E-4
3,184;295;771,1.1501797664049143E-4
3,361;416;447,-1.1498058305733002E-4
3,447;712;805,-1.1496748279636704E-4
3,516;726;992,-1.1495781019348472E-4
3,43;217;803,1.1489711091664933E-4
3,145;813;814,1.147696660023984E-4
3,360;717;794,1.1464777729279518E-4
3,136;224;293,1.1461453185533447E-4
3,248;571;984,1.1459838699222606E-4
3,131;334;573,1.1451026668420795E-4
3,213;538;694,-1.1440812267097211E-4
3,147;308;970,1.1433251324587792E-4
3,379;460;510,-1.1431975183137544E-4
3,31;50;479,-1.1431421257780794E-4
3,141;408;934,1.1423652224902036E-4
3,78;408;841,1.141793062631809E-4
3,110;304;645,1.1416363596834365E-4
3,80;242;411,1.1414027670845178E-4
3,241;527;848,1.1404348112300383E-4
3,69;155;773,-1.140199474822273E-4
3,521;587;766,-1.1364633031315269E-4
3,468;479;697,-1.135780041021737E-4
3,143;148;436,1.1351027468429426E-4
3,578;615;987,-1.1344724360410588E-4
3,146;713;855,1.1324790847399691E-4
3,259;773;951,-1.1320876529810251E-4
3,135;243;773,1.1318887444856187E-4
3,511;566;877,-1.1314948511172127E-4
3,691;756;811,1.1313967349428374E-4
3,89;141;225,1.1307458847101906E-4
3,759;813;855,1.128932805172205E-4
3,70;656;824,1.1288690093763198E-4
3,16;25;923,-1.1280608590140279E-4
3,626;686;821,1.1280220314849021E-4
3,446;643;750,1.126831427421935E-4
3,598;725;933,1.1258222238252269E-4
3,297;364;870,1.12571927301475E-4
3,35;416;908,1.1255123804621256E-4
3,716;841;926,1.1253786060912796E-4
3,117;744;921,-1.124640756298993E-4
3,176;483;870,1.1242029804344714E-4
3,587;594;619,1.1241031614364589E-4
3,4;30;841,-1.1229231634298024E-4
3,105;542;996,1.1229219405055223E-4
3,499;764;794,-1.1229182707489608E-4
3,51;102;573,-1.1227663557862794E-4
3,378;661;784,-1.1225391114544808E-4
3,468;746;887,-1.1225228159496735E-4
3,150;220;482,1.1220823560415803E-4
3,118;204;485,-1.1217971555642862E-4
3,632;833;922,1.1209774161971175E-4
3,178;541;790,1.1196042461716075E-4
3,606;676;952,1.1183032197774414E-4
3,120;732;994,1.117181540799144E-4
3,745;872;918,1.1150419769380426E-4
3,284;397;404,-1.1146467850688193E-4
3,120;303;727,1.1146221301833248E-4
3,203;291;379,-1.1141685641514418E-4
3,284;404;562,-1.1118208914277059E-4
3,104;208;759,-1.111124330412487E-4
3,55;138;936,1.1104548556266E-4
3,147;505;766,1.1097997075770955E-4
3,491;600;625,1.1096261317539174E-4
3,196;423;729,1.1093266718754752E-4
3,378;383;500,1.1086628391476478E-4
3,3;529;937,1.1085429407617772E-4
3,439;648;801,-1.1071658052900813E-4
3,247;425;714,1.106831353032457E-4
3,264;367;841,1.1063688259841298E-4
3,262;571;632,-1.1060619068303576E-4
3,514;883;899,-1.1055175192813017E-4
3,330;465;959,1.1050644931233937E-4
3,309;769;899,1.1042321542221838E-4
3,468;482;746,1.103698168970835E-4
3,42;450;950,-1.1032830096804585E-4
3,651;675;778,1.103173010641914E-4
3,4;509;951,-1.0995421489618964E-4
3,156;215;631,1.0957166154746645E-4
3,161;227;250,1.0945737934825506E-4
3,300;732;741,1.0924175621818088E-4
3,286;823;955,-1.0921641462413851E-4
3,720;787;922,-1.0916559489239613E-4
3,224;738;890,1.0912954912477871E-4
3,571;714;894,1.0912616913891849E-4
3,670;687;746,1.0908659804493129E-4
3,48;133;817,-1.09078635778286E-4
3,817;876;975,1.0903804380368908E-4
3,137;627;818,-1.0902508153667945E-4
3,134;160;986,-1.0894362584279395E-4
3,492;864;944,1.0891376087688082E-4
3,10;273;863,-1.0885903425472225E-4
3,432;661;784,1.0882096992987937E-4
3,12;136;407,-1.0871883947393175E-4
3,579;651;677,-1.0852769907508421E-4
3,156;196;269,1.0852126816452173E-4
3,84;552;593,1.0844815974911319E-4
3,213;712;828,1.0840276297086556E-4
3,379;510;751,-1.0836728115890962E-4
3,26;717;902,1.0834474043931852E-4
3,114;405;668,1.0827591674128955E-4
3,273;821;981,-1.0821956744016293E-4
3,222;397;722,1.0819642699413235E-4
3,161;428;889,-1.0817252156130281E-4
3,214;813;957,-1.0814420822641463E-4
3,175;599;863,-1.0810321822909334E-4
3,471;515;665,-1.080515738723096E-4
3,296;407;743,-1.080465202454071E-4
3,395;424;864,1.0803296197025627E-4
3,69;415;957,1.0801186364823304E-4
3,190;408;818,-1.0800331478314465E-4
3,86;455;576,-1.0800283451828102E-4
3,16;55;671,1.079325289869219E-4
3,118;380;852,-1.0779917422600982E-4
3,258;764;944,-1.0771675592081093E-4
3,426;485;800,1.0769242745293714E-4
3,468;479;684,-1.0736017706904363E-4
3,460;795;899,-1.0735261033903058E-4
3,94;483;633,-1.0734698705724188E-4
3,284;763;835,1.0719711866211748E-4
3,224;345;738,-1.0712207646815244E-4
3,96;223;971,1.0684744746662475E-4
3,168;244;436,-1.0679505713151139E-4
3,5;885;894,1.0661715788462448E-4
3,291;336;522,1.0655619024684882E-4
3,120;190;884,1.0644111561276348E-4
3,271;574;837,1.064396613558016E-4
3,368;371;872,1.0640721882491686E-4
3,366;525;548,1.0639405284650816E-4
3,99;118;894,-1.063554720212836E-4
3,96;593;845,-1.0633722027237104E-4
3,271;727;806,1.0619493753621767E-4
3,134;493;685,1.060419133146098E-4
3,155;191;805,-1.0603530543643954E-4
3,99;505;566,1.0601113153267295E-4
3,156;295;633,-1.0600527173598326E-4
3,360;721;837,1.0579660097856586E-4
3,462;530;910,1.0575541101259937E-4
3,190;598;725,1.0569828882139416E-4
3,491;625;734,1.0569075608613226E-4
3,367;554;629,-1.0559199755519704E-4
3,188;595;925,1.0554359785851195E-4
3,265;434;867,-1.0543952206929705E-4
3,169;235;409,-1.0528375531239263E-4
3,81;229;940,-1.052364410010925E-4
3,236;735;964,1.0523632760620493E-4
3,241;396;722,1.0523324100925484E-4
3,310;418;586,-1.0517901988644189E-4
3,22;94;339,-1.0511971792605112E-4
3,178;322;790,-1.0502172947169106E-4
3,9;351;490,-1.0492089886321806E-4
3,221;225;481,1.0491984017344556E-4
3,128;462;493,1.049067977222746E-4
3,122;237;519,1.0479133734697209E-4
3,203;425;506,1.0476321132401959E-4
3,246;443;905,-1.0470803242017352E-4
3,565;687;740,-1.0461088930744988E-4
3,773;787;895,1.0457902293940075E-4
3,136;581;711,-1.0456026170543728E-4
3,353;586;878,-1.0455315803703408E-4
3,26;103;421,-1.0450311573591767E-4
3,203;291;788,1.0449183249209169E-4
3,357;460;701,-1.0419861593970523E-4
3,685;835;890,1.0406731034451536E-4
3,75;174;827,1.0399475484077492E-4
3,138;272;936,-1.0395835903297476E-4
3,3;677;966,-1.0394841610276978E-4
3,130;284;902,-1.0383359729049283E-4
3,80;218;795,-1.0381138713580288E-4
3,325;930;982,-1.0362612375594627E-4
3,188;330;925,-1.0360233884712741E-4
3,268;836;932,-1.0356828181542712E-4
3,94;269;633,1.0350644363049193E-4
3,83;767;995,1.0348175682906472E-4
3,566;668;971,1.0345474643648814E-4
3,23;56;522,1.0342972451227814E-4
3,572;908;937,1.0342912561103591E-4
3,201;203;716,1.0340806746379915E-4
3,190;336;419,-1.0339559972873372E-4
3,285;594;867,1.033321283403458E-4
3,14;629;926,-1.0315438995811292E-4
3,70;274;824,1.0312077702032334E-4
3,80;946;996,-1.0289386076441853E-4
3,916;961;984,-1.0288539494310154E-4
3,511;624;974,-1.0285857264041273E-4
3,100;149;694,-1.0269441234077104E-4
3,64;225;516,1.0266575881602738E-4
3,417;598;603,-1.0263300137429192E-4
3,685;835;879,1.0257140923262479E-4
3,243;441;662,1.0253409569659756E-4
3,118;435;534,1.0251259947713762E-4
3,233;571;696,-1.0237476331737921E-4
3,342;522;840,1.0233765176496041E-4
3,476;867;952,1.0222074472805689E-4
3,310;458;962,1.02003690724152E-4
3,1;460;824,1.0190231562777577E-4
3,846;940;973,-1.0187021444841928E-4
3,0;370;612,-1.0184034533829507E-4
3,26;459;902,1.0177386576588212E-4
3,576;795;835,-1.0170349038423231E-4
3,565;671;749,1.0169850261951274E-4
3,113;744;781,1.0165227077383962E-4
3,2;42;950,1.016195440822607E-4
3,314;982;999,-1.0140686942790962E-4
3,178;211;592,-1.0139047610752958E-4
3,553;715;910,1.0137525611627229E-4
3,50;143;430,1.0125422749634036E-4
3,261;425;460,1.0114652742595551E-4
3,568;632;922,1.0112022233053566E-4
3,31;341;553,1.0109829155197836E-4
3,397;538;722,-1.0084641442534539E-4
3,208;293;650,-1.007997174385053E-4
3,677;949;966,1.0069588991903986E-4
3,601;642;868,-1.00650534138948E-4
3,226;736;743,1.0062166769983474E-4
3,132;188;907,-1.006161885203196E-4
3,30;396;814,-1.0060455122219242E-4
3,187;301;959,1.0056059642928224E-4
3,123;261;559,1.0055459834514969E-4
3,133;780;939,1.0054327547221461E-4
3,222;538;722,-1.0042658339627812E-4
3,508;805;846,-1.0031472956934237E-4
3,422;478;918,1.0027633560607291E-4
3,111;285;481,1.0026825666967551E-4
3,165;844;899,1.0025447559252698E-4
3,59;719;731,-1.0021385069421837E-4
3,317;578;640,-1.0018942966144221E-4
3,173;937;955,-1.0015043436136221E-4
3,0;351;490,-1.0004925623735305E-4
3,206;222;980,9.997995802432383E-5
3,318;753;929,9.997314187618342E-5
3,429;775;832,-9.991157859355707E-5
3,234;277;443,9.982796724377827E-5
3,35;334;543,9.98047614410751E-5
3,91;122;502,-9.97885485065649E-5
3,43;211;685,9.978854220329971E-5
3,518;582;640,-9.976421298926612E-5
3,596;879;881,9.975867056359473E-5
3,474;638;910,9.975612883700072E-5
3,57;424;446,-9.968391747140519E-5
3,98;181;809,9.968265404978975E-5
3,137;533;696,-9.960537502625673E-5
3,129;718;812,-9.958530420750815E-5
3,218;743;887,-9.957640825833375E-5
3,586;670;802,-9.953283981289701E-5
3,22;102;592,-9.947655419326255E-5
3,61;478;696,9.942081656101787E-5
3,329;714;848,9.940222905105858E-5
3,637;763;965,9.934897977393405E-5
3,701;823;955,-9.929080543938841E-5
3,125;173;801,9.923426190890783E-5
3,264;337;484,-9.914680147869148E-5
3,79;192;519,9.911713082853519E-5
3,536;579;641,-9.895384611813878E-5
3,447;712;855,9.887325779929461E-5
3,60;629;667,9.885290550595236E-5
3,114;252;817,-9.871432772647E-5
3,48;189;500,-9.864422711949637E-5
3,215;300;882,9.855182695300758E-5
3,123;872;945,-9.85077955882096E-5
3,268;793;857,-9.850439869574873E-5
3,8;585;668,-9.848719702993986E-5
3,67;417;598,9.840939115476265E-5
3,107;775;798,-9.835444848684341E-5
3,128;158;414,9.832321437478186E-5
3,10;82;863,-9.826831312604003E-5
3,16;299;923,9.811508761929309E-5
3,385;670;877,-9.803017864351501E-5
3,185;614;947,9.7961553655742E-5
3,164;731;863,-9.795345010564857E-5
3,98;100;149,-9.787636419668289E-5
3,339;449;554,-9.782774126328163E-5
3,68;154;569,9.76850681793337E-5
3,42;342;468,9.765666910281967E-5
3,150;636;703,9.761971827812823E-5
3,513;529;874,9.75840887130564E-5
3,304;484;543,9.754107170132556E-5
3,251;405;997,9.752609730774429E-5
3,227;236;749,-9.75220458780772E-5
3,89;376;718,-9.751236874799961E-5
3,203;433;506,9.748861071244708E-5
3,196;207;584,-9.747620115234959E-5
3,10;386;903,-9.744062975549786E-5
3,80;218;771,-9.73106950804829E-5
3,260;363;518,9.728460029583474E-5
3,165;613;841,9.724863401254086E-5
3,263;289;908,-9.721442044760386E-5
3,386;805;939,9.716889035900303E-5
3,591;807;956,9.707574502300981E-5
3,298;566;607,-9.700983631871363E-5
3,480;760;973,-9.684763976580357E-5
3,238;783;885,9.68176377952924E-5
3,446;745;844,-9.676575353469238E-5
3,401;759;855,9.672797613081935E-5
3,238;559;719,9.66317954008295E-5
3,84;880;900,-9.651247453284268E-5
3,42;558;662,-9.650801897942466E-5
3,378;443;728,-9.646456118770478E-5
3,175;396;469,-9.644887113108838E-5
3,85;348;880,-9.644195949676116E-5
3,277;510;776,9.636436131870269E-5
3,134;160;846,9.634225463579515E-5
3,133;138;251,-9.632507678453883E-5
3,572;754;908,9.618703922127393E-5
3,204;884;907,9.61824768746572E-5
3,109;214;776,9.604047166174491E-5
3,449;554;996,9.600327430015817E-5
3,95;98;614,-9.59926742982895E-5
3,312;525;750,9.597802413538482E-5
3,17;438;827,-9.594670813482151E-5
3,270;494;962,9.59466179118054E-5
3,472;525;730,9.59332416541731E-5
3,357;360;701,9.587260426108024E-5
3,151;226;447,9.583035928263955E-5
3,441;535;795,-9.582780118781436E-5
3,231;450;694,9.576917254951112E-5
3,75;298;911,-9.574961369459759E-5
3,209;510;776,9.5724123799144E-5
3,213;766;855,9.571120801788182E-5
3,516;726;886,-9.567961201099096E-5
3,359;813;814,-9.566471057198924E-5
3,29;387;708,9.565730383528326E-5
3,45;368;722,-9.553706919289629E-5
3,54;588;973,-9.547965181589299E-5
3,353;369;586,-9.546586196388815E-5
3,14;322;695,9.543154591181968E-5
3,369;374;539,-9.542511734097082E-5
3,142;795;835,-9.540366341941492E-5
3,148;192;470,9.53717743802284E-5
3,711;724;808,9.534962198423224E-5
3,35;81;418,9.530849874162561E-5
3,141;408;988,9.529556373824624E-5
3,611;618;940,-9.523164588242707E-5
3,215;842;853,9.521226993277979E-5
3,61;284;716,9.520257802303311E-5
3,304;543;604,-9.517189727987071E-5
3,596;618;739,-9.51529989471963E-5
3,547;659;989,9.50041315240214E-5
3,27;844;993,9.499719345174948E-5
3,349;484;913,-9.499065280024799E-5
3,302;443;776,9.486276581106456E-5
3,127;156;633,9.47549575518061E-5
3,120;609;884,9.462455841947771E-5
3,650;936;943,9.458836883847236E-5
3,215;887;981,9.446645377515463E-5
3,74;538;774,-9.439546252691117E-5
3,394;400;756,9.430726054002401E-5
3,275;616;776,-9.42845305902792E-5
3,89;449;702,-9.422169051910468E-5
3,55;138;272,9.410847455726443E-5
3,115;605;874,-9.400398909947844E-5
3,297;323;609,9.39683776041018E-5
3,557;689;988,-9.396370971867496E-5
3,103;772;837,-9.394061947169849E-5
3,469;528;835,9.387085816782762E-5
3,96;801;971,9.380744310872341E-5
3,169;511;672,9.380513752162695E-5
3,618;645;932,9.3743152811609E-5
3,267;372;982,-9.365168659695612E-5
3,105;745;844,9.361980486466135E-5
3,48;530;849,-9.359584121369118E-5
3,121;494;846,9.35649247588582E-5
3,114;192;855,9.355310639880396E-5
3,323;823;848,9.354083132126148E-5
3,287;388;654,9.353451590703885E-5
3,169;492;644,-9.352974227000556E-5
3,10;145;385,-9.342627486501151E-5
3,518;753;930,9.341165222739125E-5
3,327;891;979,9.329211513518576E-5
3,636;806;837,-9.319485734963518E-5
3,32;348;450,9.318797656202305E-5
3,165;558;899,-9.314699717606323E-5
3,175;221;413,9.311110862232923E-5
3,128;414;500,9.310708639552947E-5
3,67;357;427,-9.300046892787058E-5
3,381;659;989,9.295396068526707E-5
3,185;710;811,9.2924669167647E-5
3,181;272;305,9.288251750688708E-5
3,162;336;496,-9.281283181013355E-5
3,166;258;561,9.271105125691068E-5
3,95;98;470,9.269263806015038E-5
3,127;382;638,-9.268173968842483E-5
3,317;449;481,9.266045305299762E-5
3,156;303;333,-9.261407186327273E-5
3,173;437;937,9.257952303341924E-5
3,271;359;850,-9.257398594586913E-5
3,2;179;864,9.254754671238147E-5
3,306;568;904,9.250759003326606E-5
3,497;591;950,9.250360392895324E-5
3,471;665;713,9.24516930284859E-5
3,95;470;614,9.24359567195067E-5
3,396;528;835,9.22582852295392E-5
3,31;520;959,9.22005870994311E-5
3,344;449;979,-9.218311237496848E-5
3,203;379;788,-9.208245803662494E-5
3,90;584;884,9.20686823025606E-5
3,774;856;938,-9.20046688326347E-5
3,513;567;915,-9.178777604277646E-5
3,572;719;731,-9.171284067327099E-5
3,406;562;613,9.167615793712122E-5
3,360;471;717,-9.167049991449335E-5
3,150;463;784,9.166945269028167E-5
3,265;430;867,9.147922176231318E-5
3,62;699;726,9.126885891645297E-5
3,67;478;960,9.12095711876083E-5
3,184;265;771,9.119485608598957E-5
3,74;211;659,-9.103553991126083E-5
3,388;432;468,9.095331447518922E-5
3,600;624;974,9.094580700555535E-5
3,237;382;568,9.084300783170943E-5
3,24;63;847,9.082072541552984E-5
3,296;431;435,-9.080271496875509E-5
3,203;289;349,9.076088870778175E-5
3,371;522;707,9.07040177653847E-5
3,570;761;763,9.069440531081595E-5
3,48;476;766,9.068879852227324E-5
3,107;398;737,-9.065657300760063E-5
3,445;889;937,9.058098990438562E-5
3,217;240;420,-9.056796417975904E-5
3,91;349;661,9.05602875327514E-5
3,192;350;379,9.049656924177521E-5
3,201;470;756,9.045202351835842E-5
3,333;573;875,-9.043450139354263E-5
3,171;657;907,-9.038241976776603E-5
3,47;157;642,-9.028037934937011E-5
3,258;561;733,9.02602791302631E-5
3,63;175;727,9.01300719792999E-5
3,239;651;675,-9.011063886294382E-5
3,71;120;209,9.010944232608482E-5
3,307;612;772,-9.007089944040278E-5
3,124;512;713,-9.006561655961429E-5
3,45;190;264,-9.005082574112559E-5
3,439;531;801,9.00462740443243E-5
3,770;773;843,-9.002805715148343E-5
3,92;345;871,-9.001531072362176E-5
3,232;547;890,8.995758087296302E-5
3,81;106;305,8.99329220207901E-5
3,240;590;766,-8.984693795367532E-5
3,248;571;900,-8.976771124109096E-5
3,138;836;932,8.972108144978804E-5
3,300;895;933,-8.971335960186383E-5
3,187;322;695,8.969788293888683E-5
3,90;102;309,8.969462593688887E-5
3,288;577;966,-8.965826642741579E-5
3,107;637;775,8.96028962141892E-5
3,376;642;868,-8.958204081815621E-5
3,175;382;599,8.945999209785416E-5
3,90;584;739,-8.94493229536161E-5
3,124;229;519,-8.940383943002992E-5
3,300;627;895,-8.938833288558229E-5
3,183;501;931,8.933613432953808E-5
3,35;327;416,-8.923379432303435E-5
3,373;818;990,-8.923356986580842E-5
3,46;266;806,-8.91735183657691E-5
3,159;670;738,-8.910069013239893E-5
3,301;309;769,-8.898179551526433E-5
3,315;445;926,8.896393934089223E-5
3,558;844;899,8.891694343059236E-5
3,8;653;678,-8.890392630981566E-5
3,17;438;626,8.885029551342583E-5
3,344;511;838,-8.862700887898498E-5
3,12;241;722,8.860924006811947E-5
3,336;341;496,8.858080053719858E-5
3,1;8;441,-8.85598528510643E-5
3,38;147;989,8.85000422345867E-5
3,62;531;676,8.834118348936868E-5
3,358;398;593,-8.833140808092149E-5
3,134;465;859,-8.826035964453366E-5
3,118;257;402,8.824476359658709E-5
3,230;657;907,8.821554115659891E-5
3,111;274;481,8.81447633574528E-5
3,736;853;980,-8.8026980945555E-5
3,303;563;727,-8.79817993805197E-5
3,0;253;437,8.796313400621788E-5
3,66;357;401,-8.794820026220388E-5
3,606;741;916,-8.78775994626589E-5
3,522;840;849,-8.783691064416587E-5
3,361;447;875,8.781688284793068E-5
3,327;602;979,-8.777234623393151E-5
3,274;726;906,-8.763305561231164E-5
3,386;669;867,-8.76059150453194E-5
3,176;789;999,-8.758332705080638E-5
3,439;465;537,8.758329456034411E-5
3,294;507;835,8.75519866294055E-5
3,745;772;837,8.743915809075376E-5
3,282;778;963,-8.736053879624107E-5
3,111;375;830,-8.729084058498355E-5
3,506;623;691,8.72607196675141E-5
3,380;438;509,8.725580890099727E-5
3,604;645;932,8.724606889058567E-5
3,437;552;949,-8.723864378107071E-5
3,58;169;177,-8.717325337431708E-5
3,392;468;923,-8.716264701923392E-5
3,155;343;631,8.709310630279129E-5
3,291;565;956,-8.70796806637214E-5
3,75;133;827,-8.704444838748495E-5
3,153;535;800,8.700550454286228E-5
3,103;745;837,8.688703083602745E-5
3,191;630;687,8.68779736825886E-5
3,364;772;870,8.685617790895705E-5
3,379;616;801,8.660263117946806E-5
3,33;113;961,-8.659825745922314E-5
3,146;335;855,-8.65523293984217E-5
3,284;787;895,-8.650698979164466E-5
3,16;605;950,-8.642100219136568E-5
3,192;379;961,8.641784958058959E-5
3,10;410;590,8.640941164629236E-5
3,142;576;795,-8.640775285900802E-5
3,418;879;946,8.636914069570004E-5
3,297;371;609,8.633171858335476E-5
3,180;217;255,8.62330411081145E-5
3,64;225;357,-8.623258387336209E-5
3,169;374;511,8.620950496720442E-5
3,45;377;494,-8.619973728160718E-5
3,8;131;612,8.618278697773813E-5
3,147;215;989,-8.604035046245032E-5
3,37;301;979,8.585639084569977E-5
3,22;92;713,8.582912061183127E-5
3,10;903;972,8.581126944579537E-5
3,584;716;754,-8.58028436988636E-5
3,323;460;587,-8.579300170391137E-5
3,460;480;824,-8.578475088915095E-5
3,179;208;864,-8.574599161112016E-5
3,584;599;955,8.572923044140643E-5
3,258;551;692,-8.567302424097024E-5
3,341;681;961,8.566029012331614E-5
3,175;917;920,-8.562265162315424E-5
3,258;401;551,8.561898111141606E-5
3,40;254;918,8.55846353001733E-5
3,257;327;775,8.546662111910871E-5
3,531;648;801,-8.536825577333831E-5
3,670;823;929,-8.535555537620879E-5
3,58;667;881,-8.521917367357868E-5
3,229;359;519,-8.518459410044574E-5
3,490;856;938,8.515905257156512E-5
3,68;154;183,-8.513738649561112E-5
3,240;916;961,-8.513426764841735E-5
3,331;850;929,8.509808940559857E-5
3,43;817;876,-8.508436187832451E-5
3,81;229;372,-8.508190960683527E-5
3,89;490;702,8.507484500647234E-5
3,284;291;835,-8.504116031230139E-5
3,436;546;706,8.49339329857236E-5
3,416;703;779,-8.489134861704484E-5
3,181;475;809,-8.483060272212495E-5
3,321;525;961,-8.481437818505556E-5
3,504;525;731,8.474714649720623E-5
3,147;419;785,-8.473393002334884E-5
3,39;518;652,8.472152453567544E-5
3,413;435;778,-8.466744378927132E-5
3,162;336;341,-8.458459283142486E-5
3,418;454;502,8.449781952775181E-5
3,8;125;173,8.44836114585829E-5
3,94;537;759,-8.44570166983471E-5
3,313;382;498,-8.444936944203055E-5
3,217;589;948,8.441388935818121E-5
3,72;237;710,8.441013276045931E-5
3,636;806;937,-8.440790029420139E-5
3,403;624;955,8.43703281089645E-5
3,424;839;863,8.433669336371752E-5
3,499;550;946,-8.420499230452972E-5
3,284;291;763,8.418006543117053E-5
3,449;533;820,8.417742027824006E-5
3,524;604;622,8.414022714335273E-5
3,87;850;908,8.413922348783443E-5
3,96;274;593,-8.398525573813204E-5
3,296;382;951,-8.39640747887121E-5
3,338;957;980,8.392446720821503E-5
3,320;688;842,-8.388543206030033E-5
3,330;440;465,-8.386993154948078E-5
3,23;318;688,-8.376216833661948E-5
3,350;379;961,-8.3761103627921E-5
3,292;525;898,-8.375686262336886E-5
3,559;637;962,-8.375512471076358E-5
3,494;851;897,-8.362075009972634E-5
3,683;925;947,-8.358656971860009E-5
3,42;266;995,-8.358492673161544E-5
3,661;703;781,8.344770530208493E-5
3,174;423;428,-8.343824183519768E-5
3,351;459;550,-8.342981284887843E-5
3,54;260;588,8.321844686999991E-5
3,40;367;928,-8.321334986934895E-5
3,319;743;744,8.318759998852688E-5
3,24;776;806,8.313078760412507E-5
3,180;379;408,8.311741844844188E-5
3,145;264;830,8.309731988508009E-5
3,134;465;565,-8.303001940150685E-5
3,19;161;428,-8.295250829123533E-5
3,86;683;844,-8.283248166332333E-5
3,95;472;525,8.28275672412597E-5
3,77;128;695,-8.276873863649834E-5
3,369;554;860,-8.271186028160122E-5
3,275;290;616,8.268980679665811E-5
3,498;762;984,8.265552260206685E-5
3,15;296;434,8.258497014163483E-5
3,228;459;882,8.256882010427597E-5
3,409;669;858,8.249051545444211E-5
3,190;657;778,8.246185354041549E-5
3,500;629;680,-8.244517134927082E-5
3,150;238;482,8.239796452663307E-5
3,323;725;918,8.236018714443976E-5
3,162;341;496,-8.235516407086332E-5
3,154;816;944,8.233916099238239E-5
3,228;442;882,-8.233839265103516E-5
3,480;818;822,8.232530365854394E-5
3,152;462;892,8.229973529443446E-5
3,7;504;760,-8.228201684232081E-5
3,133;143;939,-8.2208147647119E-5
3,331;521;635,8.217042942217079E-5
3,62;455;912,8.210679363111658E-5
3,878;890;998,-8.204116660844322E-5
3,9;37;317,8.20171034735255E-5
3,424;738;811,-8.193101710924696E-5
3,416;779;932,-8.181133806133575E-5
3,236;735;765,-8.179151995029569E-5
3,24;182;432,-8.175957761883072E-5
3,297;754;969,-8.170602557699108E-5
3,348;356;643,8.165702702258119E-5
3,228;291;371,8.165486541989345E-5
3,294;380;803,-8.157210903605919E-5
3,704;914;924,-8.152692225601757E-5
3,35;159;988,-8.149196022691737E-5
3,58;221;881,8.144900427823521E-5
3,282;764;971,-8.135605515006243E-5
3,742;771;815,8.133790545258635E-5
3,104;208;868,-8.126906193999566E-5
3,171;606;676,8.126864721978639E-5
3,454;605;736,-8.116878962662877E-5
3,448;504;701,-8.116647343788128E-5
3,161;323;587,8.10469436671978E-5
3,30;119;795,8.103917636368049E-5
3,425;634;755,-8.099234835760558E-5
3,474;638;687,-8.087457717814248E-5
3,540;648;878,-8.085518614791374E-5
3,187;580;870,8.084247265826482E-5
3,127;156;295,8.059946115836172E-5
3,287;388;940,8.050137507569291E-5
3,72;405;820,-8.04860529239687E-5
3,766;893;919,-8.043930404847931E-5
3,132;143;518,8.042955827899656E-5
3,188;456;663,-8.038364947429157E-5
3,247;473;976,8.037404586932867E-5
3,152;485;713,-8.034925719426235E-5
3,75;656;928,-8.021442875401862E-5
3,34;110;921,-8.016757504164345E-5
3,137;167;627,8.009789784579247E-5
3,612;843;864,8.006771506358485E-5
3,212;341;380,-7.999034142001923E-5
3,90;406;546,-7.99033583857482E-5
3,37;170;530,-7.982958437626603E-5
3,346;741;892,-7.981481314826277E-5
3,513;783;915,-7.967207291242431E-5
3,71;123;321,7.963583801803133E-5
3,145;475;650,-7.958768584492153E-5
3,6;111;316,7.958644623492482E-5
3,43;211;764,7.953296430100063E-5
3,140;761;763,7.949055422184078E-5
3,243;313;568,-7.948312028939136E-5
3,694;888;974,-7.947059264401521E-5
3,121;522;530,-7.945180125147808E-5
3,191;380;805,-7.935265340321852E-5
3,104;125;477,-7.933378013222036E-5
3,88;711;727,7.926828075429571E-5
3,138;268;836,-7.925426464235235E-5
3,271;273;821,-7.919763136316262E-5
3,446;643;734,7.911290294886472E-5
3,22;506;541,7.909102934212276E-5
3,154;364;405,7.906374175350107E-5
3,122;936;943,-7.90503585474051E-5
3,61;670;802,-7.904462770004611E-5
3,369;374;848,7.89863522447403E-5
3,193;429;983,-7.894778700301828E-5
3,607;637;980,7.894347689738404E-5
3,143;269;801,-7.892405163155367E-5
3,372;754;930,7.885307488384716E-5
3,157;642;970,-7.88055854911926E-5
3,316;370;698,7.878200940337197E-5
3,0;9;490,-7.878032974272867E-5
3,107;398;460,-7.876672099142078E-5
3,90;686;821,7.874432600088955E-5
3,137;167;818,-7.873838768051684E-5
3,29;469;791,-7.86958539055584E-5
3,397;620;677,7.858997817095613E-5
3,67;333;549,7.858226451066508E-5
3,453;838;969,-7.856681243245392E-5
3,192;816;944,7.840554130252362E-5
3,123;559;938,7.840534469307361E-5
3,185;615;987,7.816880634390586E-5
3,124;875;935,7.810561129168278E-5
3,227;822;922,7.808931945318068E-5
3,676;823;948,7.804622310632387E-5
3,226;265;447,7.803121055454618E-5
3,590;766;802,-7.802389460386802E-5
3,198;509;773,-7.800027867547755E-5
3,62;336;578,-7.795490010104717E-5
3,637;840;965,-7.790988875814145E-5
3,439;537;870,-7.788759314353258E-5
3,42;235;911,7.786295568714686E-5
3,442;819;938,7.783761418013924E-5
3,407;625;743,-7.780812834871967E-5
3,670;877;946,7.771030004727826E-5
3,275;791;962,-7.770830383341982E-5
3,242;483;793,7.770606183931177E-5
3,669;858;974,7.761033167036866E-5
3,0;41;596,7.757882948865494E-5
3,367;544;629,-7.753659472430593E-5
3,650;812;977,-7.750917630431626E-5
3,84;257;327,7.749286451638365E-5
3,405;613;820,-7.741299951632757E-5
3,205;317;578,7.738506557335662E-5
3,48;530;856,7.732413367777338E-5
3,34;112;520,-7.726284073446766E-5
3,123;331;521,7.726193849078226E-5
3,263;559;637,-7.725918987573666E-5
3,146;260;931,7.724179490713457E-5
3,13;251;731,-7.722685095888293E-5
3,315;485;925,-7.721242384743105E-5
3,491;600;734,7.717862590791469E-5
3,418;502;504,-7.715251573994475E-5
3,292;381;670,7.713778204896412E-5
3,145;359;814,7.713591137002735E-5
3,30;688;841,7.712441843815854E-5
3,112;506;520,-7.706341828139252E-5
3,344;458;996,7.706277154659079E-5
3,394;756;815,-7.702477833280161E-5
3,216;351;465,7.701350478773164E-5
3,141;312;629,7.691798656612875E-5
3,27;212;520,7.689129778034835E-5
3,45;579;695,7.686919707595564E-5
3,12;18;890,-7.673693948107233E-5
3,193;598;932,-7.672991103153776E-5
3,99;557;786,7.669195149261171E-5
3,374;539;848,7.667165130181075E-5
3,97;362;551,7.639529699160458E-5
3,375;613;783,7.638887903920971E-5
3,102;382;592,-7.631947979950454E-5
3,24;377;492,-7.625555307498896E-5
3,564;762;987,-7.622655166974862E-5
3,251;405;896,-7.618576133595845E-5
3,666;699;882,-7.612488931718058E-5
3,283;570;914,7.605279678785723E-5
3,152;208;650,7.599876340060521E-5
3,747;884;921,-7.586784067072223E-5
3,102;262;565,7.567651874762435E-5
3,485;673;800,7.567323422238543E-5
3,584;739;884,-7.566979546030702E-5
3,240;590;802,7.562308593934106E-5
3,141;179;770,-7.551413481058949E-5
3,85;371;722,-7.543154798718496E-5
3,435;517;562,-7.541537526165597E-5
3,54;260;973,7.538763616366091E-5
3,38;85;722,7.524658668606032E-5
3,41;263;289,-7.522417280542715E-5
3,362;725;918,-7.517025461337281E-5
3,34;267;564,7.51062956891517E-5
3,344;458;686,7.506308129803055E-5
3,167;252;341,7.500233127581746E-5
3,304;484;604,7.496967933189207E-5
3,636;693;743,-7.49552532432722E-5
3,385;415;552,7.492888327975787E-5
3,410;590;860,7.491563660934683E-5
3,264;757;990,7.478314143774528E-5
3,5;771;815,7.475505282726017E-5
3,88;614;793,7.470639583842841E-5
3,114;566;668,7.467533591948525E-5
3,113;194;280,-7.463797349348934E-5
3,329;573;714,-7.457966647452609E-5
3,117;921;999,-7.45517771253825E-5
3,489;535;557,7.454748760416416E-5
3,131;601;775,7.44829978669774E-5
3,328;518;753,7.446808556715909E-5
3,514;618;940,7.444337368545334E-5
3,99;566;580,-7.433167309197462E-5
3,178;346;592,7.423711393899722E-5
3,373;982;999,7.422579128508933E-5
3,45;200;920,7.418378323301882E-5
3,489;724;738,-7.417893731057168E-5
3,433;807;969,7.417018037353565E-5
3,136;459;774,-7.416696329639516E-5
3,538;684;920,7.414607381208694E-5
3,134;604;670,-7.413918696640545E-5
3,185;578;615,7.41176359267125E-5
3,552;593;628,-7.411361650866871E-5
3,233;607;760,-7.411317350229876E-5
3,386;687;991,7.409494588778372E-5
3,75;133;174,-7.408708632286556E-5
3,148;161;934,7.408461286263265E-5
3,30;258;515,7.407636789383452E-5
3,30;108;396,7.402366981675846E-5
3,296;435;611,7.399240773886942E-5
3,243;313;974,-7.395123837896985E-5
3,657;842;994,-7.389555580021353E-5
3,424;775;915,-7.387795138284959E-5
3,277;822;860,-7.382461745664602E-5
3,94;269;483,-7.382266698522284E-5
3,73;463;744,7.375561957195928E-5
3,438;542;968,-7.372852813119677E-5
3,601;686;775,7.366304509755038E-5
3,411;704;998,-7.364835827515773E-5
3,423;428;602,-7.347675823550085E-5
3,122;248;905,7.336098084802462E-5
3,541;770;838,-7.326826487019253E-5
3,114;406;910,7.323421898363363E-5
3,380;619;850,7.321238521035464E-5
3,231;846;928,-7.313970802739136E-5
3,310;649;883,-7.312834046655905E-5
3,42;54;266,7.30737966442164E-5
3,64;357;516,-7.30469734842221E-5
3,228;478;936,7.299831491416489E-5
3,47;168;436,7.299113019702999E-5
3,255;437;822,-7.298626133859895E-5
3,239;642;681,7.293154813411227E-5
3,571;696;951,7.291845605632214E-5
3,291;763;835,7.287026056220342E-5
3,37;886;964,-7.286864138270756E-5
3,215;355;842,-7.286197467687619E-5
3,663;683;844,7.281643541386172E-5
3,185;268;857,-7.279649332538788E-5
3,150;392;590,-7.2529015604422E-5
3,161;387;708,7.244484868140189E-5
3,89;718;811,7.238704468738859E-5
3,34;110;855,7.236916349268491E-5
3,437;504;760,-7.233144693067495E-5
3,110;400;505,7.232341251804547E-5
3,173;437;955,-7.231180904630961E-5
3,231;379;587,7.230498622440606E-5
3,9;267;750,7.226933041921095E-5
3,271;574;770,7.217204091798649E-5
3,203;289;308,7.207964694132966E-5
3,68;113;781,-7.207310821053476E-5
3,225;318;688,-7.206347406668936E-5
3,508;522;752,-7.20158252341008E-5
3,152;566;971,-7.199727479961643E-5
3,57;424;783,-7.199039537175697E-5
3,318;380;610,7.191721330581683E-5
3,879;888;974,7.187660920847706E-5
3,124;359;519,7.180108990004386E-5
3,101;546;879,-7.179646012700841E-5
3,19;232;815,-7.179434081271541E-5
3,195;568;653,-7.165054322316279E-5
3,619;850;921,-7.163671890719207E-5
3,629;705;926,-7.161755186244284E-5
3,12;407;590,-7.159343868271764E-5
3,69;310;418,-7.157787386439854E-5
3,542;705;968,7.157012727082893E-5
3,737;879;881,7.156970293583529E-5
3,87;347;908,7.147810510550227E-5
3,508;800;846,-7.14650922807664E-5
3,214;368;813,7.139340145353781E-5
3,321;525;835,7.137487481434316E-5
3,152;922;954,7.136418252960935E-5
3,74;806;888,7.131271766779842E-5
3,424;445;915,7.124151807535229E-5
3,132;358;398,-7.122186408973184E-5
3,166;546;901,-7.118366880374436E-5
3,703;779;932,-7.112040945643616E-5
3,40;367;900,-7.110775351335965E-5
3,29;293;919,-7.10751204792299E-5
3,358;469;526,-7.101568758426532E-5
3,341;797;965,-7.101324175814622E-5
3,62;181;395,7.095217556088291E-5
3,133;251;680,7.094565905602099E-5
3,58;221;667,-7.092387112096024E-5
3,186;407;856,-7.090037404334296E-5
3,58;322;830,7.082829903693158E-5
3,445;889;900,7.081472984975113E-5
3,236;765;964,7.081101306395607E-5
3,22;506;588,7.072609666359376E-5
3,174;330;437,-7.069436641446706E-5
3,322;588;899,7.067973976231185E-5
3,125;508;711,7.063370651610804E-5
3,173;379;556,-7.06088120709335E-5
3,638;687;910,7.051504596400609E-5
3,235;412;548,-7.047550722785685E-5
3,169;264;990,7.046305195244063E-5
3,403;624;813,7.044807829013035E-5
3,206;222;842,7.040984696830294E-5
3,222;842;980,-7.03381148204271E-5
3,106;559;618,7.027603252025272E-5
3,596;737;881,-7.027256311598544E-5
3,73;372;986,7.024100254263592E-5
3,158;347;590,-7.02342648197202E-5
3,231;450;888,-7.022179778006105E-5
3,203;238;949,7.017489940891992E-5
3,108;366;865,7.012040313614229E-5
3,74;597;659,7.008525915003064E-5
3,156;269;889,-7.006814296092921E-5
3,56;264;589,-7.004329095328946E-5
3,667;732;994,-7.002361646761252E-5
3,27;344;993,-6.994994130907844E-5
3,492;864;912,-6.993466665412235E-5
3,22;302;339,6.992654801340674E-5
3,282;417;860,6.985494450459788E-5
3,396;469;528,6.981438695066488E-5
3,448;559;618,-6.979331543932874E-5
3,473;682;833,6.979094402617262E-5
3,82;384;401,6.972894738832807E-5
3,142;414;739,6.962613287618983E-5
3,591;771;807,-6.962298024625143E-5
3,63;419;638,-6.960667632584854E-5
3,394;653;756,6.960489494076362E-5
3,163;332;916,-6.958381591274503E-5
3,113;857;983,-6.95555240963712E-5
3,23;311;918,6.952832866329789E-5
3,414;543;676,-6.952584590622577E-5
3,30;258;416,6.952151037546677E-5
3,92;419;964,-6.951484188194085E-5
3,354;419;720,-6.946402517484676E-5
3,5;386;991,-6.946047756661211E-5
3,318;610;681,-6.94410196466928E-5
3,7;358;359,-6.94122975408496E-5
3,489;738;845,-6.938923190230462E-5
3,449;624;673,6.935543270661476E-5
3,455;608;850,-6.934779216486026E-5
3,418;709;879,6.933700623486202E-5
3,671;715;751,6.925404300832375E-5
3,179;227;908,6.921239685902237E-5
3,309;578;971,-6.920767896170464E-5
3,394;756;758,6.919523200633047E-5
3,70;224;742,-6.918988734273204E-5
3,599;814;863,-6.915095102151095E-5
3,290;462;910,-6.911072756804575E-5
3,42;468;810,-6.910597503810074E-5
3,290;530;910,-6.908373166101686E-5
3,193;429;998,-6.907949735255379E-5
3,344;414;979,6.899794497578105E-5
3,3;123;321,-6.895134283013038E-5
3,307;348;443,6.887479145529069E-5
3,47;430;582,6.882444655816373E-5
3,33;243;662,-6.879804305682777E-5
3,123;909;983,6.876975133187718E-5
3,107;352;560,-6.87346784038499E-5
3,111;375;849,-6.867911167246736E-5
3,313;770;985,6.866529138071331E-5
3,705;707;747,-6.863320685122311E-5
3,50;249;550,-6.852334095904635E-5
3,182;563;756,-6.851994349603605E-5
3,217;240;978,-6.848957178907605E-5
3,84;118;485,6.846339344824035E-5
3,298;801;911,6.841763286366458E-5
3,51;786;790,6.834952361577046E-5
3,568;878;998,-6.832611057297863E-5
3,152;154;462,-6.830862587290112E-5
3,47;566;877,-6.828570820165121E-5
3,332;437;552,6.826374704317677E-5
3,91;122;169,6.826137709838728E-5
3,238;500;680,-6.812010595027799E-5
3,101;367;474,-6.811823517963076E-5
3,22;102;382,-6.811036359819556E-5
3,425;528;714,-6.80779793270547E-5
3,25;405;804,6.804101792925467E-5
3,51;867;952,-6.800180642446302E-5
3,176;785;870,6.797438611253895E-5
3,181;272;621,-6.795004584963524E-5
3,170;241;700,6.788374692991027E-5
3,219;384;489,6.784999857127988E-5
3,29;467;469,-6.784763183655994E-5
3,149;234;536,-6.7816912496874E-5
3,330;342;508,6.775735442147257E-5
3,121;494;758,6.771704214337024E-5
3,39;341;681,6.771488247558857E-5
3,315;404;445,6.764419426901959E-5
3,367;778;963,-6.762570220690809E-5
3,342;586;970,6.76226045749426E-5
3,267;492;982,6.759575642130246E-5
3,301;845;979,6.747254066324537E-5
3,123;791;909,-6.745825136292912E-5
3,351;542;548,6.743444869224763E-5
3,309;578;960,6.737196907000533E-5
3,113;155;188,6.735457281868762E-5
3,473;566;644,6.734943836258329E-5
3,299;661;781,-6.73416940938672E-5
3,53;57;181,6.733970962027006E-5
3,163;454;736,-6.731219699932653E-5
3,19;291;663,6.729043943686063E-5
3,148;882;934,-6.720386109409977E-5
3,515;682;896,6.716385309917207E-5
3,463;732;744,6.716194536869899E-5
3,627;649;722,6.705062411188063E-5
3,435;474;708,6.704737051302611E-5
3,180;278;408,6.703047900755763E-5
3,399;835;879,-6.699951592282882E-5
3,244;333;799,6.697350804697353E-5
3,9;267;658,6.69315546371663E-5
3,556;686;811,6.687181155521874E-5
3,258;608;959,-6.684103161443402E-5
3,537;629;955,6.677450711079907E-5
3,190;598;933,6.67643566665373E-5
3,91;182;432,-6.670176485284138E-5
3,357;360;460,-6.670097905330536E-5
3,319;386;939,6.668953650631404E-5
3,117;228;478,-6.668618020567493E-5
3,119;151;795,6.666738667366248E-5
3,239;681;910,6.666362421344818E-5
3,226;329;901,-6.664740595764834E-5
3,121;185;947,6.650766258220674E-5
3,29;242;293,6.649253259456501E-5
3,441;444;795,-6.647129816786183E-5
3,23;56;183,6.643643605628891E-5
3,72;405;613,6.643370094772054E-5
3,247;620;677,6.635328144574984E-5
3,211;783;815,-6.633809631774293E-5
3,385;877;946,6.633427039715016E-5
3,90;96;336,6.627819094627774E-5
3,16;180;475,-6.627708597570053E-5
3,220;238;482,6.620149131298418E-5
3,150;636;768,-6.619864002249506E-5
3,46;266;606,-6.617971804436026E-5
3,34;85;294,-6.617512860077441E-5
3,65;379;587,-6.616490956255343E-5
3,757;909;933,6.611449304389949E-5
3,266;750;821,6.611258997533252E-5
3,14;187;695,-6.607291012153452E-5
3,414;641;680,6.60257459310606E-5
3,160;322;604,-6.601234056893315E-5
3,332;460;885,6.598237431679077E-5
3,37;170;604,6.596828584456917E-5
3,722;843;888,-6.595987319975227E-5
3,445;900;937,-6.59586866847153E-5
3,354;498;762,-6.594308566701573E-5
3,153;456;940,-6.571345562346533E-5
3,6;106;887,6.568437238262067E-5
3,233;607;862,6.567265429347275E-5
3,324;719;933,6.566359644969108E-5
3,320;650;812,6.555710178713484E-5
3,90;739;884,6.545210227167108E-5
3,93;136;488,6.54442070779219E-5
3,68;499;794,6.544268726426464E-5
3,8;585;694,-6.53489639558461E-5
3,34;45;555,-6.534459015857841E-5
3,155;446;874,-6.531665188601813E-5
3,109;246;411,6.529308410096267E-5
3,51;708;790,-6.528124608067945E-5
3,316;812;841,-6.525910903467204E-5
3,198;509;649,6.524448165605075E-5
3,196;269;889,6.523745955551449E-5
3,474;687;910,6.519682178077985E-5
3,186;630;859,6.510729879398436E-5
3,158;623;758,-6.508739231535156E-5
3,301;899;959,-6.507544225970368E-5
3,118;675;894,-6.504397038351659E-5
3,154;192;944,-6.504320640324929E-5
3,583;605;950,6.501393981176173E-5
3,471;594;737,6.500925510310276E-5
3,401;670;746,6.50030471342836E-5
3,465;565;859,-6.497597041458295E-5
3,331;844;850,6.488047788949809E-5
3,240;442;901,-6.483732363741093E-5
3,343;586;631,-6.470858777384329E-5
3,323;362;725,6.470386496651842E-5
3,471;515;737,6.469853985049128E-5
3,126;166;520,6.46603725901202E-5
3,62;584;981,6.460411529046772E-5
3,24;63;310,6.457318654737971E-5
3,206;292;525,6.451966557135414E-5
3,105;446;745,-6.451826557335542E-5
3,654;705;814,6.442919921459652E-5
3,478;601;757,6.437081627773523E-5
3,236;380;690,-6.428088780965187E-5
3,388;432;967,6.425180902136785E-5
3,10;82;273,6.424869043653196E-5
3,84;155;479,-6.423841901629293E-5
3,110;855;921,6.417761679713842E-5
3,37;301;845,6.411383796998768E-5
3,472;710;811,-6.401486431002724E-5
3,327;602;891,6.399821570758697E-5
3,122;234;963,6.392996658338625E-5
3,3;184;529,-6.392874168860835E-5
3,146;360;433,6.39023307528772E-5
3,253;449;481,-6.389599539896314E-5
3,402;433;625,6.38771986469697E-5
3,354;762;984,6.387136482827516E-5
3,68;499;764,-6.3867771535796E-5
3,486;601;686,-6.38623950678189E-5
3,15;526;659,-6.378713815595314E-5
3,8;173;801,6.378052383518857E-5
3,70;197;719,-6.373921708792218E-5
3,40;212;483,6.373262776540732E-5
3,127;313;770,6.365091509214194E-5
3,568;833;922,-6.360328450226979E-5
3,316;375;388,-6.357845274688709E-5
3,95;384;422,-6.357522050287723E-5
3,191;687;768,6.355648252725993E-5
3,256;448;451,-6.35492676348346E-5
3,10;386;972,-6.353718558303972E-5
3,263;422;958,6.34912756448023E-5
3,30;750;950,-6.348591996343667E-5
3,43;685;764,-6.344599703122989E-5
3,400;607;980,6.343056067613762E-5
3,168;368;872,-6.339906016002312E-5
3,278;512;786,6.334419836961367E-5
3,459;774;776,-6.331446540252285E-5
3,526;639;659,6.329945660754049E-5
3,136;459;776,-6.32931866199233E-5
3,21;236;749,6.32559754632466E-5
3,226;736;776,-6.323811856456674E-5
3,604;670;987,-6.323726686447998E-5
3,21;227;236,6.322862678277532E-5
3,670;918;929,6.320524254605494E-5
3,40;383;483,-6.320380122716479E-5
3,13;212;341,6.319228119121994E-5
3,383;702;956,6.31393161085678E-5
3,529;928;991,6.309528980996642E-5
3,300;683;925,-6.307870702348763E-5
3,200;564;920,6.305103044026289E-5
3,736;842;994,-6.29676639205647E-5
3,123;377;872,-6.296371302903855E-5
3,147;441;726,6.294102190904393E-5
3,112;936;966,6.2926814335876E-5
3,223;491;729,-6.288425098056033E-5
3,288;806;966,6.287851334130058E-5
3,247;528;714,-6.282509480963591E-5
3,147;766;907,-6.280991054368196E-5
3,303;333;642,-6.278655991179398E-5
3,435;436;517,-6.277776333337796E-5
3,33;863;961,6.276267407474312E-5
3,255;666;882,6.273347298444996E-5
3,123;521;635,6.264301473824528E-5
3,207;587;594,-6.26008932267507E-5
3,355;842;853,6.2468985409204E-5
3,0;232;815,6.245512431390888E-5
3,151;265;447,6.245315141182547E-5
3,88;237;519,6.241489892293411E-5
3,596;677;739,6.241105803241729E-5
3,709;879;946,-6.237528629563254E-5
3,415;552;959,6.232518216145532E-5
3,99;505;580,6.231858973194754E-5
3,450;694;888,6.229148081796379E-5
3,224;415;463,-6.228253639013188E-5
3,455;783;843,-6.225355284046505E-5
3,323;505;848,-6.22184226255335E-5
3,109;399;655,-6.221604631481346E-5
3,8;441;728,6.214961152636795E-5
3,298;426;861,-6.210158543168454E-5
3,876;878;988,6.210041213867066E-5
3,465;515;896,6.207897449153465E-5
3,141;184;464,6.205882537994153E-5
3,92;419;594,-6.186386080513795E-5
3,42;342;810,-6.182762016807463E-5
3,152;438;801,-6.18195974860391E-5
3,312;525;914,-6.179597646692463E-5
3,19;32;291,-6.179238228406544E-5
3,190;303;975,6.17147481809393E-5
3,206;525;898,-6.170100942400644E-5
3,320;650;977,6.159271013922489E-5
3,238;593;783,-6.157610475851661E-5
3,188;907;912,-6.155744312915572E-5
3,319;398;873,6.154884870046342E-5
3,630;807;859,-6.149052731073984E-5
3,612;864;935,-6.14633361087257E-5
3,47;213;694,-6.145909116703479E-5
3,70;274;656,-6.143945088052026E-5
3,65;401;962,6.141462637428384E-5
3,424;811;840,6.139900258178147E-5
3,45;367;513,6.134476164699599E-5
3,4;190;408,-6.12655920116832E-5
3,567;783;915,6.126105854841923E-5
3,132;518;791,-6.123753735532263E-5
3,193;569;932,-6.123244529552319E-5
3,169;492;588,6.1219207269962E-5
3,398;460;737,-6.111157289052383E-5
3,144;238;559,6.110583197602618E-5
3,4;190;818,-6.108595644069565E-5
3,691;811;981,-6.104507142417878E-5
3,379;565;801,6.099524705875706E-5
3,36;550;946,-6.097893253919178E-5
3,316;589;805,6.095172596782545E-5
3,270;759;962,6.0917471320373314E-5
3,112;310;966,6.0879944381182993E-5
3,187;272;382,-6.084041980619007E-5
3,186;807;859,6.082973003138641E-5
3,207;594;619,-6.0821741170793636E-5
3,225;813;978,6.0811704024817845E-5
3,227;250;524,6.079651339537892E-5
3,432;468;967,6.07291426188567E-5
3,323;362;918,-6.0669757591129395E-5
3,627;846;928,-6.06154119905651E-5
3,2;208;864,6.05077949805966E-5
3,120;667;994,6.0500317034177556E-5
3,42;235;840,-6.046869431246877E-5
3,243;306;537,6.0442690758952264E-5
3,698;722;778,6.038420445867833E-5
3,404;445;926,-6.0360495106122765E-5
3,134;604;987,6.033526517196986E-5
3,391;427;710,6.032043809340698E-5
3,151;316;388,-6.028122612672291E-5
3,75;298;801,-6.0252248776555324E-5
3,361;571;894,-6.020684961058776E-5
3,869;883;899,6.0206664132381325E-5
3,139;440;794,-6.020051852166905E-5
3,121;522;988,6.01649909196161E-5
3,383;702;985,-6.013525875143892E-5
3,22;174;713,6.006818721137304E-5
3,553;833;910,6.005087055729513E-5
3,5;386;687,-6.004512670888309E-5
3,13;251;312,5.996445718044204E-5
3,608;964;985,5.995867361184235E-5
3,27;196;460,-5.994339251829266E-5
3,442;459;882,5.993029572122432E-5
3,122;488;963,-5.992084725296148E-5
3,52;725;887,5.991364154415761E-5
3,359;825;850,5.981703794965597E-5
3,297;323;371,5.978209638532198E-5
3,328;518;930,-5.97462825500959E-5
3,152;256;485,5.9742533215877646E-5
3,143;238;430,-5.974084597905012E-5
3,344;497;838,-5.9737891924211606E-5
3,276;502;731,-5.972508209667957E-5
3,262;520;565,5.9700065606589274E-5
3,5;588;857,-5.967343887311233E-5
3,46;606;806,5.9659933639305643E-5
3,285;761;767,5.9635200525654865E-5
3,164;534;731,5.962783170702715E-5
3,155;385;446,-5.960802194713203E-5
3,34;45;869,5.958167023364203E-5
3,52;526;887,5.947872366030339E-5
3,282;682;764,5.9467400250668924E-5
3,84;295;880,5.9446658078990965E-5
3,511;900;955,-5.9437280529483466E-5
3,339;455;783,5.942853971214679E-5
3,380;687;690,5.933567732925506E-5
3,526;576;857,5.9317822933211756E-5
3,249;511;955,-5.931777112646195E-5
3,232;281;547,5.926930368593004E-5
3,9;394;659,5.926126824336165E-5
3,98;470;614,-5.925806695419249E-5
3,19;428;889,-5.925029305630857E-5
3,222;397;538,5.911689095524874E-5
3,94;600;706,-5.908808319901626E-5
3,471;717;794,5.908784825555855E-5
3,187;367;382,5.903592137915248E-5
3,210;228;865,5.902746140161071E-5
3,2;42;450,5.899443937492129E-5
3,574;770;837,5.898444362448598E-5
3,139;301;794,5.8961409877541135E-5
3,54;159;988,-5.89561821757728E-5
3,61;586;670,5.895319831409828E-5
3,438;542;705,5.894267561101437E-5
3,437;747;921,5.892477550946327E-5
3,411;683;998,5.892158588838071E-5
3,30;706;750,-5.8882853981201106E-5
3,249;746;813,5.8863890174319547E-5
3,634;755;796,5.886087744658357E-5
3,422;696;915,5.8840151113156506E-5
3,508;835;886,5.881768673983622E-5
3,111;274;285,5.87900979316591E-5
3,180;277;283,5.8751418164034426E-5
3,542;926;941,-5.872468475529541E-5
3,311;344;436,5.867186204905472E-5
3,18;234;443,-5.866330467395653E-5
3,624;813;955,5.864522415530345E-5
3,161;882;934,-5.8623281687755394E-5
3,25;198;333,5.856652405592959E-5
3,38;85;371,5.854448190445426E-5
3,254;371;522,5.8537080306234534E-5
3,159;373;818,5.849270411218766E-5
3,322;336;901,-5.847663007367849E-5
3,348;643;900,-5.8459505025706026E-5
3,386;474;867,-5.843597720411991E-5
3,128;158;500,-5.8386796107978355E-5
3,163;658;677,5.832459664396512E-5
3,0;41;234,-5.8236265993928804E-5
3,62;116;179,5.8235744198641595E-5
3,489;564;762,5.823091058946515E-5
3,36;92;871,5.820729753146198E-5
3,349;540;826,5.820023155942015E-5
3,67;427;537,-5.8196264862832455E-5
3,216;351;671,5.819100261226488E-5
3,694;879;888,5.8183193980878515E-5
3,252;456;776,-5.8173379836233965E-5
3,294;727;803,5.815181671255367E-5
3,492;912;944,-5.80950736632074E-5
3,47;367;841,-5.8061911048174576E-5
3,316;536;841,5.8039245961618766E-5
3,24;806;855,5.797834907208022E-5
3,566;621;635,5.797628892449862E-5
3,330;593;646,5.7930571682467854E-5
3,301;769;899,-5.787831072005188E-5
3,542;548;802,-5.785565312596712E-5
3,204;917;920,-5.7835206111300646E-5
3,158;203;386,-5.7827770551748975E-5
3,679;856;969,5.78052675263753E-5
3,6;111;486,5.779937375898793E-5
3,606;702;855,5.777280085879114E-5
3,696;718;973,-5.7755004780265944E-5
3,165;572;650,-5.773832609334091E-5
3,120;190;609,5.7623793485177636E-5
3,525;750;914,-5.7586822049255294E-5
3,507;540;648,5.755826693085857E-5
3,153;280;618,5.7533378767212134E-5
3,352;711;730,-5.752624955358923E-5
3,443;881;905,-5.7499352271618525E-5
3,399;516;893,-5.7493064178225905E-5
3,514;869;899,5.74670486925518E-5
3,766;915;919,-5.741767972041442E-5
3,51;194;280,5.739904789816238E-5
3,205;317;640,5.736607405372148E-5
3,132;358;593,5.735530818855869E-5
3,256;538;774,-5.730465738334189E-5
3,62;572;981,5.730252062756249E-5
3,322;819;830,5.7302224132406185E-5
3,321;835;961,5.7282030542175185E-5
3,265;295;771,-5.728179426317616E-5
3,127;295;633,-5.726943317903214E-5
3,436;441;532,5.72095746592371E-5
3,120;204;209,-5.720653216750749E-5
3,312;345;556,-5.718052129524483E-5
3,45;564;920,5.716784617376964E-5
3,188;663;946,-5.710925610308856E-5
3,100;501;814,-5.7074361199753236E-5
3,393;463;636,5.701421325566247E-5
3,48;306;904,-5.696778065371038E-5
3,117;228;936,-5.6942201524624765E-5
3,483;785;870,-5.6928264268839255E-5
3,41;234;596,-5.692793343929266E-5
3,637;775;798,5.691431391319767E-5
3,274;383;558,-5.6904729253765864E-5
3,124;311;321,-5.690295945223579E-5
3,12;67;960,5.689090999438191E-5
3,123;139;833,-5.6870609384933054E-5
3,203;425;433,-5.684619242683986E-5
3,511;600;974,-5.681406074968704E-5
3,195;568;666,5.6803902608901986E-5
3,198;464;739,5.6791000623045675E-5
3,329;401;520,5.6740573993663874E-5
3,13;285;761,5.6679538924951754E-5
3,286;483;793,-5.665030928134946E-5
3,448;715;751,5.6572010705885234E-5
3,274;656;824,-5.6544926658216265E-5
3,327;416;908,-5.643497815095674E-5
3,47;582;640,-5.6427550117094266E-5
3,169;264;757,5.642577006521992E-5
3,199;292;498,-5.6408359024838694E-5
3,554;860;999,5.6380790120014275E-5
3,325;557;689,-5.636969280920895E-5
3,318;753;997,5.634045260724322E-5
3,93;400;798,5.6327660423206436E-5
3,312;750;914,-5.630405660248332E-5
3,556;906;972,-5.628928139612585E-5
3,60;393;463,-5.628322289142472E-5
3,698;822;945,5.619648365483551E-5
3,537;955;994,5.6139734656019544E-5
3,343;366;720,-5.613928589521104E-5
3,422;478;995,5.610950751584343E-5
3,60;109;180,-5.6075510194387986E-5
3,725;817;894,-5.59931224638502E-5
3,274;508;613,5.5988748849615665E-5
3,738;754;969,5.596572175035143E-5
3,248;900;984,-5.594309863479096E-5
3,606;855;973,5.586808085199614E-5
3,45;287;368,5.581327278887082E-5
3,289;338;980,-5.578796501698927E-5
3,90;102;361,-5.578050488008025E-5
3,0;493;858,5.562813998307337E-5
3,489;535;830,-5.558804747662516E-5
3,344;497;511,-5.553362596795941E-5
3,108;926;941,-5.5513931458360856E-5
3,356;643;900,5.546595301896567E-5
3,387;681;925,5.545618986286563E-5
3,14;187;322,-5.543496291623336E-5
3,336;350;400,-5.541566998616037E-5
3,246;295;658,5.5412511864055127E-5
3,233;571;951,5.5392424304160574E-5
3,440;482;845,5.5377979202467485E-5
3,166;405;914,-5.531676778661752E-5
3,12;396;722,5.5314206782189895E-5
3,85;747;880,5.527675379658748E-5
3,77;100;227,5.525359286688687E-5
3,16;146;182,5.523349582179793E-5
3,137;320;696,5.5219175653129995E-5
3,675;795;899,-5.5218338484582606E-5
3,203;296;949,-5.521725377088072E-5
3,215;631;783,5.518664488015563E-5
3,353;369;878,5.512676399940075E-5
3,193;983;998,5.507914368381139E-5
3,425;634;796,5.5061445190106276E-5
3,246;443;881,5.502467218090497E-5
3,166;561;733,5.500810739201845E-5
3,2;721;809,5.4932356848801575E-5
3,554;705;814,-5.493058309035278E-5
3,1;821;945,-5.4872535293307E-5
3,173;527;727,5.487107482910703E-5
3,29;305;533,-5.484077448141665E-5
3,595;862;869,-5.4836485858015524E-5
3,429;983;998,-5.482287971539771E-5
3,182;756;834,5.479870388867999E-5
3,591;771;956,-5.477819036425839E-5
3,207;587;619,-5.4742799678098654E-5
3,139;301;440,-5.459082504648424E-5
3,178;322;541,5.45856906601665E-5
3,132;398;593,-5.456958662967296E-5
3,21;67;549,-5.456388155788384E-5
3,287;358;791,-5.455105893858681E-5
3,22;541;588,5.4549051170362255E-5
3,466;541;838,5.4528844923378675E-5
3,245;376;860,5.4418352414219266E-5
3,134;181;685,5.440788381887192E-5
3,24;716;754,5.4377203961198453E-5
3,244;460;885,-5.437178011446169E-5
3,108;396;814,-5.4355331598631946E-5
3,121;185;614,-5.431579710305122E-5
3,118;435;441,-5.429736554844253E-5
3,240;876;988,5.421681291880714E-5
3,463;543;968,-5.420187344914121E-5
3,203;829;910,5.4198544741141984E-5
3,80;411;608,-5.4174102260068936E-5
3,47;244;436,-5.415613024340084E-5
3,474;622;708,5.415161535742895E-5
3,307;443;696,5.404829226113448E-5
3,565;700;749,5.40057453431042E-5
3,433;856;969,-5.399926188741401E-5
3,388;438;663,-5.398240104123892E-5
3,60;82;802,5.3981687447806366E-5
3,23;225;318,5.3981007493329135E-5
3,361;585;869,-5.397353314481185E-5
3,362;551;894,-5.394567121053943E-5
3,91;600;979,5.394266492571367E-5
3,158;178;623,5.3933765021936886E-5
3,184;349;464,-5.390419828453683E-5
3,889;900;937,-5.383804667007683E-5
3,51;344;573,-5.381338310576127E-5
3,333;528;573,-5.380616867768826E-5
3,93;115;400,5.378155783236891E-5
3,274;508;561,-5.3758564135640995E-5
3,255;437;668,-5.369054427549624E-5
3,608;850;931,5.3679109478054964E-5
3,400;637;980,-5.3666481763637736E-5
3,384;401;947,-5.364035162960661E-5
3,232;817;894,-5.3620215853513007E-5
3,104;759;868,-5.3611092936952736E-5
3,430;434;867,-5.347969959528644E-5
3,513;567;783,-5.346909669640219E-5
3,709;866;907,-5.3381907974136675E-5
3,22;382;592,5.335979561410053E-5
3,691;756;981,5.334810170019213E-5
3,203;578;829,5.331777318200448E-5
3,34;112;506,-5.330888179361687E-5
3,354;498;984,-5.330177620682337E-5
3,226;743;776,-5.329836434203596E-5
3,13;341;380,5.325155388626248E-5
3,645;714;722,5.322163335874713E-5
3,163;454;605,-5.3207768740199285E-5
3,45;513;874,-5.320633775093496E-5
3,232;687;740,-5.3198422203321154E-5
3,375;783;860,-5.316482121513837E-5
3,27;196;840,5.3157980552004406E-5
3,535;800;862,5.3138412296141E-5
3,89;402;884,-5.311438349319675E-5
3,330;508;790,-5.311188400930732E-5
3,150;294;463,5.311172727702437E-5
3,110;157;505,5.309053682595172E-5
3,710;716;912,-5.307421813789212E-5
3,67;390;478,-5.305406955294333E-5
3,485;535;925,-5.2947623145068836E-5
3,70;517;969,-5.293311999368106E-5
3,706;750;950,-5.291475146361222E-5
3,179;743;770,5.28696520202766E-5
3,479;684;697,5.2852169259823905E-5
3,34;351;702,5.2738006296944685E-5
3,435;510;778,5.2715379852315325E-5
3,599;899;955,-5.258105286567885E-5
3,535;557;830,-5.257699948882052E-5
3,339;783;843,5.2551613368693935E-5
3,65;401;478,5.2524443372111466E-5
3,259;893;922,5.2474751341729067E-5
3,335;713;855,-5.241623921540456E-5
3,200;220;803,5.240288491380971E-5
3,296;625;743,-5.236170952748947E-5
3,332;600;753,-5.234741784677559E-5
3,189;239;765,5.223420544927427E-5
3,30;108;814,5.2228695593634005E-5
3,385;446;874,-5.222485565607639E-5
3,400;607;637,-5.221989219467424E-5
3,35;327;908,5.2192680494575224E-5
3,460;675;899,5.219243194613885E-5
3,32;300;882,-5.2128352231447954E-5
3,277;283;572,5.210016096007777E-5
3,365;513;640,5.209514577579695E-5
3,24;195;908,-5.204389670245227E-5
3,50;249;873,5.199380791367424E-5
3,286;701;823,-5.1989557876641116E-5
3,45;200;564,-5.198188317875328E-5
3,252;341;925,5.195242677698138E-5
3,60;82;602,-5.194020686129704E-5
3,61;430;716,-5.189501659123517E-5
3,385;536;641,5.1821097129307924E-5
3,565;887;981,5.182048268068637E-5
3,649;722;965,5.181272104493186E-5
3,524;686;811,5.178169222091966E-5
3,133;710;817,-5.1747862310765664E-5
3,83;114;855,-5.171914444274382E-5
3,194;623;691,5.17032769776606E-5
3,44;246;942,5.1683589247993565E-5
3,165;253;841,5.167582697436289E-5
3,14;711;902,5.1635141609594544E-5
3,570;583;953,-5.155852512110548E-5
3,194;506;623,5.1515543064364214E-5
3,86;663;683,5.150479373318893E-5
3,178;646;656,-5.146951264123065E-5
3,35;478;757,-5.144461696592212E-5
3,199;292;734,5.143577047766799E-5
3,256;448;746,5.141884284241893E-5
3,95;384;510,5.141711917052444E-5
3,247;397;620,-5.140206639500605E-5
3,250;464;662,5.138755625939036E-5
3,14;91;409,-5.1384377694471525E-5
3,212;406;912,5.134412444783836E-5
3,517;872;946,5.1334959322222457E-5
3,309;960;971,-5.133114652297874E-5
3,0;234;596,5.1298684360565466E-5
3,198;739;963,5.1257144756404814E-5
3,133;223;665,5.1251718158786895E-5
3,379;804;958,-5.125116876359493E-5
3,366;464;525,-5.119035562044145E-5
3,5;255;522,-5.108709437431233E-5
3,244;332;460,-5.104984205296244E-5
3,136;407;590,-5.1042272954463594E-5
3,82;384;947,5.102483685571332E-5
3,66;202;401,-5.09937148385325E-5
3,83;192;855,5.0966978325088116E-5
3,514;611;618,5.0956921721050184E-5
3,638;722;778,5.094405159515974E-5
3,48;566;635,5.0872548588138766E-5
3,354;419;596,5.087136351006392E-5
3,535;677;717,-5.0861614972581105E-5
3,244;799;946,-5.084958930026344E-5
3,638;698;722,5.080254527983237E-5
3,154;192;816,5.078778219132664E-5
3,95;422;510,5.074927275623042E-5
3,162;446;825,5.065328451530315E-5
3,568;878;890,5.062304697801654E-5
3,54;266;995,-5.0587890029219604E-5
3,0;181;253,-5.043289855955124E-5
3,604;622;933,5.042781775595274E-5
3,127;677;978,5.0415217387079635E-5
3,255;668;822,5.04036249401604E-5
3,282;569;779,-5.0402786219317734E-5
3,45;330;695,-5.040118163841503E-5
3,63;214;299,-5.0370791313622525E-5
3,315;404;926,-5.0359578470698816E-5
3,227;880;908,-5.029255389743509E-5
3,272;367;382,-5.028722944838661E-5
3,249;550;873,5.027020935438924E-5
3,260;363;456,5.024424066710002E-5
3,72;592;710,5.0198231038015125E-5
3,252;333;559,-5.01438155153588E-5
3,343;593;940,5.014141705808789E-5
3,161;460;587,-5.0121949008134734E-5
3,38;279;329,5.0064397728592194E-5
3,212;406;837,-4.998950807687972E-5
3,53;678;758,-4.996167239036885E-5
3,390;478;511,4.9936727500427377E-5
3,95;222;785,4.9935638700403576E-5
3,322;588;868,4.993394880647753E-5
3,41;60;277,-4.990535797681891E-5
3,72;252;333,-4.985434212875114E-5
3,490;774;938,4.982377089072643E-5
3,348;450;617,-4.981659835177796E-5
3,348;747;880,-4.981480816984109E-5
3,22;41;703,4.978819677416819E-5
3,195;407;856,4.9759764467952316E-5
3,377;494;597,-4.97519234250837E-5
3,269;483;633,4.972990791118816E-5
3,349;406;913,4.9675579869888876E-5
3,497;545;950,4.965981993927302E-5
3,214;855;899,4.962190945644539E-5
3,211;474;815,4.958352645093878E-5
3,22;41;91,4.952802007966085E-5
3,14;166;493,4.949084537065232E-5
3,53;57;309,4.944928567755969E-5
3,612;772;925,-4.9433414183598496E-5
3,376;601;642,4.939509642899822E-5
3,129;659;983,4.935731120114157E-5
3,228;709;866,-4.935506765915547E-5
3,468;570;914,4.933858407779369E-5
3,482;563;845,-4.932898314891933E-5
3,312;461;629,-4.929437025971039E-5
3,16;486;996,4.927763656525994E-5
3,159;818;990,4.923765707534772E-5
3,276;288;300,-4.9234406893807415E-5
3,200;674;680,-4.9220402037978795E-5
3,140;570;763,4.9171906349783244E-5
3,325;435;777,4.9164484530524236E-5
3,535;536;915,-4.906019256748517E-5
3,127;770;985,4.9051204994872255E-5
3,310;936;966,-4.90490710522947E-5
3,22;92;174,-4.9037635940258676E-5
3,424;458;512,4.902882040163819E-5
3,39;259;652,4.902561153396851E-5
3,2;21;697,-4.892677738626303E-5
3,134;181;493,-4.8886849568519036E-5
3,471;513;653,-4.887251306289518E-5
3,384;489;735,-4.88299041363086E-5
3,663;720;837,-4.882471087643866E-5
3,754;908;937,4.8819778606210025E-5
3,188;456;946,4.88004273324215E-5
3,275;612;962,-4.8711211690089186E-5
3,381;547;659,4.866549109051885E-5
3,797;804;876,-4.8655084622454254E-5
3,240;264;484,-4.855724733871092E-5
3,39;681;961,4.855493921485499E-5
3,54;336;350,4.8543201741934836E-5
3,206;842;980,-4.85316049871635E-5
3,24;91;182,4.850456906906094E-5
3,653;656;928,-4.846274719558042E-5
3,136;253;711,-4.845296834097505E-5
3,156;267;477,-4.843840623206336E-5
3,229;690;810,4.837005717433666E-5
3,14;705;926,4.8352620179525424E-5
3,172;174;933,-4.832649365041677E-5
3,440;482;563,4.832185813279685E-5
3,419;737;779,-4.8309399422890136E-5
3,133;174;827,4.8303237178956544E-5
3,102;309;361,4.828870175593263E-5
3,47;511;566,4.8255381985049085E-5
3,442;819;941,-4.821019893488726E-5
3,179;307;587,4.817260144509453E-5
3,587;662;867,4.8167282836585886E-5
3,36;92;345,-4.8144644445829294E-5
3,329;573;848,4.8114712809037314E-5
3,44;565;956,-4.809837048965938E-5
3,234;241;577,-4.808864956701312E-5
3,217;886;964,-4.806407154441544E-5
3,234;371;577,4.806292847761791E-5
3,553;715;833,4.8055691717687645E-5
3,141;513;529,-4.805433282884671E-5
3,29;533;957,4.8049024181897174E-5
3,604;618;645,-4.803108098549998E-5
3,42;149;494,4.802928528998944E-5
3,385;536;579,-4.794901285945384E-5
3,67;478;511,4.790658540393292E-5
3,118;692;852,-4.790459702687469E-5
3,174;272;882,4.78808461535341E-5
3,57;181;309,-4.785773340641234E-5
3,723;897;994,-4.785633121845762E-5
3,40;486;918,4.7842724291240394E-5
3,366;464;548,4.781547416581092E-5
3,273;525;956,-4.77822027574619E-5
3,658;677;883,4.766520692250647E-5
3,360;721;940,4.762919704646567E-5
3,607;760;862,-4.761612417620553E-5
3,284;773;787,-4.758842437549101E-5
3,253;317;481,-4.7586831185772894E-5
3,198;649;773,4.7563413320051794E-5
3,10;145;225,4.749827607818035E-5
3,288;300;971,4.745416993895693E-5
3,100;534;997,-4.736172946253996E-5
3,82;401;947,4.7316383188747726E-5
3,77;695;834,-4.7315720978741386E-5
3,158;178;758,-4.728273064161459E-5
3,124;288;792,-4.7277574977115976E-5
3,148;470;864,-4.721918441366162E-5
3,332;437;949,-4.720369884159137E-5
3,118;449;673,4.718749940868163E-5
3,44;291;565,4.706941626813723E-5
3,62;201;470,-4.706910131082089E-5
3,35;418;508,4.695121253680117E-5
3,282;682;971,-4.694451217088054E-5
3,250;607;775,4.6930035690333745E-5
3,694;879;974,-4.6918850084656185E-5
3,252;700;817,-4.6837321695959854E-5
3,329;520;540,-4.678864722228225E-5
3,260;378;383,-4.6737693503483206E-5
3,145;175;650,-4.673411219873446E-5
3,40;212;383,4.670030353483984E-5
3,221;225;911,-4.6672796432432885E-5
3,10;225;385,-4.663849251722051E-5
3,199;646;756,4.661838754022335E-5
3,274;561;613,4.659910545229289E-5
3,255;666;699,-4.655245455420329E-5
3,281;547;890,-4.652930452929624E-5
3,134;442;838,-4.650605984834821E-5
3,314;521;940,4.647935519761682E-5
3,89;376;811,4.6431926090303005E-5
3,726;886;992,4.640621855323305E-5
3,199;498;734,-4.6400814374306105E-5
3,1;480;824,-4.634649972405043E-5
3,671;700;749,4.6316468174866444E-5
3,482;554;713,-4.625835466496446E-5
3,843;864;935,-4.622741934188161E-5
3,342;657;826,4.620152977073434E-5
3,320;533;696,4.620061879070401E-5
3,449;742;837,-4.614553063410151E-5
3,89;422;884,-4.613530385837158E-5
3,332;365;753,-4.609445320803724E-5
3,98;372;517,-4.608644418593562E-5
3,414;543;834,-4.607592760581652E-5
3,361;869;942,4.607203429233912E-5
3,412;462;493,-4.6004894379844194E-5
3,79;162;192,-4.600374773895418E-5
3,95;525;730,4.5985737243928925E-5
3,156;631;783,-4.595032158553016E-5
3,0;9;351,4.592503139911106E-5
3,102;344;573,-4.592442368189764E-5
3,64;262;286,4.58650425793973E-5
3,109;444;720,4.5858883830461224E-5
3,34;85;538,4.584770915324289E-5
3,276;300;971,4.578310023356929E-5
3,644;746;813,-4.577484353170288E-5
3,66;94;267,4.5753738338454145E-5
3,295;441;570,4.571851057238024E-5
3,337;512;713,-4.5662556446236694E-5
3,641;680;717,-4.564341668469655E-5
3,151;375;388,-4.559895897004226E-5
3,242;411;608,-4.5498734997659446E-5
3,95;785;867,4.54889154596798E-5
3,583;893;922,4.5480177831594616E-5
3,12;67;478,4.5480137637344174E-5
3,178;429;775,4.546862441479311E-5
3,97;551;894,-4.545756247769709E-5
3,212;383;483,-4.543663012236048E-5
3,3;34;973,-4.534984853259597E-5
3,508;522;958,4.534797752128491E-5
3,489;934;947,-4.534221958138829E-5
3,122;169;502,4.532178530593402E-5
3,400;458;889,-4.531587817834744E-5
3,104;190;975,-4.5313744710091165E-5
3,382;489;947,-4.530343816640222E-5
3,39;259;518,-4.524307613513689E-5
3,99;209;811,4.522832527745658E-5
3,173;746;939,4.5201365610966106E-5
3,239;642;910,4.519327782469002E-5
3,502;968;994,4.515464729350724E-5
3,272;882;992,4.514479378730415E-5
3,55;81;106,4.511949441440159E-5
3,55;106;305,4.5077516966568683E-5
3,90;626;686,-4.502561300438061E-5
3,178;211;346,-4.5006896207968855E-5
3,575;588;811,4.494513853287887E-5
3,190;725;933,4.489772770489298E-5
3,196;608;729,-4.488087024510147E-5
3,6;119;341,-4.4869191459910114E-5
3,57;446;783,4.482309223597484E-5
3,461;816;987,4.481143428314247E-5
3,431;435;611,-4.465723075980776E-5
3,426;768;861,-4.465121517169577E-5
3,17;626;827,4.463782254082628E-5
3,345;738;890,-4.461995916798966E-5
3,189;622;765,4.461508310624612E-5
3,271;359;825,-4.460596230999882E-5
3,118;177;712,-4.459034585560602E-5
3,524;622;933,-4.4516334014843946E-5
3,80;419;449,-4.44536661726644E-5
3,319;805;939,-4.445191032759209E-5
3,652;872;972,4.44464704543498E-5
3,275;612;791,4.442223560778754E-5
3,797;876;939,-4.4372790732899346E-5
3,756;811;981,4.432295301721864E-5
3,405;566;668,-4.431861114279757E-5
3,596;618;677,4.430917872986999E-5
3,193;569;598,-4.4305705440772593E-5
3,296;382;812,4.427135741078727E-5
3,68;183;569,-4.4244293169969955E-5
3,214;722;899,-4.420927143299871E-5
3,70;688;719,4.4188220077777614E-5
3,341;553;953,-4.416713696348015E-5
3,10;590;860,-4.4151113687841033E-5
3,175;439;599,4.414828391363618E-5
3,99;209;759,-4.414814755384886E-5
3,13;212;380,4.411758024637302E-5
3,629;955;994,-4.4112320070629425E-5
3,131;686;775,-4.405009743234221E-5
3,16;55;311,-4.4046813571119414E-5
3,417;651;860,-4.403483378544288E-5
3,382;934;947,4.40058480984016E-5
3,99;118;675,4.397888837147591E-5
3,514;611;940,-4.394034389779183E-5
3,216;465;671,-4.393428257215004E-5
3,193;319;743,4.392921700104883E-5
3,167;652;798,4.391203244459622E-5
3,29;305;957,4.391145272685924E-5
3,166;457;546,-4.385973242397965E-5
3,593;783;885,-4.385516866439681E-5
3,84;327;775,-4.383480984850368E-5
3,67;390;511,4.3833257683799366E-5
3,171;230;907,-4.383039287739548E-5
3,81;646;725,4.3823015642411374E-5
3,122;444;905,-4.379860825101E-5
3,570;583;685,-4.379809240299109E-5
3,708;786;790,-4.378038508425062E-5
3,294;522;835,4.377732128809963E-5
3,343;444;720,4.376953121000933E-5
3,278;379;408,-4.3764480639863274E-5
3,74;789;888,-4.3743052250997675E-5
3,771;807;956,-4.3739491136300184E-5
3,200;680;855,4.3729677066721124E-5
3,210;845;924,-4.3663828558543856E-5
3,276;441;502,-4.3632773710875104E-5
3,134;302;443,-4.363242494421456E-5
3,126;166;297,4.355941504257491E-5
3,331;844;929,-4.3558416443758254E-5
3,320;812;977,-4.355368341547896E-5
3,26;678;789,-4.355171991410126E-5
3,136;224;662,-4.35377547186139E-5
3,274;558;886,-4.3483690831479E-5
3,174;428;602,4.3460318363375695E-5
3,373;793;908,4.3459446090784834E-5
3,351;542;802,4.343334457678638E-5
3,342;508;790,-4.341118578630283E-5
3,29;161;387,-4.340915751776325E-5
3,386;903;972,4.340842781170954E-5
3,82;602;802,-4.3387302988875176E-5
3,109;343;720,-4.338321569671963E-5
3,174;207;584,-4.337510203841568E-5
3,453;609;724,4.335015196664293E-5
3,15;101;367,-4.332176617465945E-5
3,318;380;681,-4.331635683322152E-5
3,133;143;780,-4.330668617707092E-5
3,124;229;359,-4.3299440774707626E-5
3,613;783;860,-4.32742806906156E-5
3,92;494;897,-4.326776179342991E-5
3,582;946;996,4.321803186241845E-5
3,118;441;534,4.317077037589517E-5
3,143;436;728,-4.315839744621182E-5
3,61;173;556,4.31351062649292E-5
3,526;725;887,-4.310141180940865E-5
3,226;298;607,4.307637963967376E-5
3,98;149;694,4.306985418427342E-5
3,744;921;999,-4.306336454814577E-5
3,495;754;883,-4.305668211705157E-5
3,225;357;516,4.305278284433656E-5
3,158;347;991,4.304608584778113E-5
3,154;405;433,4.3031776795640346E-5
3,414;449;979,-4.30250783263011E-5
3,179;307;996,4.3009733746577624E-5
3,390;822;860,4.300905875943652E-5
3,24;492;755,4.3001040827552355E-5
3,285;663;672,-4.296904412416492E-5
3,417;685;774,4.2958560785559E-5
3,8;283;612,4.295687728396202E-5
3,94;388;600,4.287910172344744E-5
3,481;586;655,4.285140382890984E-5
3,577;806;966,4.284947058211858E-5
3,123;261;938,4.2820727470248964E-5
3,224;391;427,-4.279544744289444E-5
3,93;480;818,-4.271730412472792E-5
3,93;115;798,4.2675301456569296E-5
3,116;436;546,4.265961414870448E-5
3,53;69;758,-4.265630646818158E-5
3,193;438;801,4.2644336008892104E-5
3,441;643;726,-4.263787429967841E-5
3,45;190;888,4.263524808334411E-5
3,36;173;829,4.263004344456045E-5
3,186;205;408,4.262865784587882E-5
3,31;327;862,-4.2616166168929744E-5
3,95;472;730,4.2588701434127307E-5
3,62;572;584,4.258455947834471E-5
3,482;746;887,-4.256102694697535E-5
3,473;529;566,4.25559206878242E-5
3,446;734;750,4.253000251503111E-5
3,74;211;597,4.243062674379424E-5
3,146;260;446,-4.24269970376118E-5
3,170;384;597,-4.238185351070666E-5
3,20;839;863,-4.23743504645739E-5
3,169;177;615,4.237373080795237E-5
3,124;602;935,4.235174247774484E-5
3,134;266;442,4.2346255529359334E-5
3,79;266;763,-4.231555672316345E-5
3,486;964;985,4.231347333891536E-5
3,637;763;840,-4.231283174257111E-5
3,242;286;483,-4.229038145060849E-5
3,604;690;810,-4.228142426982455E-5
3,657;736;994,4.223680464354466E-5
3,336;419;940,-4.223170300052336E-5
3,74;789;806,4.22236383666979E-5
3,394;400;758,4.221787825862554E-5
3,125;542;996,4.22171587448976E-5
3,751;835;854,-4.218285036032169E-5
3,172;174;379,-4.2179147528840446E-5
3,290;616;776,4.2178436426419866E-5
3,274;285;481,4.2139671968687404E-5
3,278;440;786,4.213595502430039E-5
3,260;446;931,-4.212294396373695E-5
3,48;566;621,-4.2110615846994333E-5
3,332;552;949,4.204206141182408E-5
3,379;460;751,-4.203477433471644E-5
3,260;456;518,-4.196550478053283E-5
3,564;787;922,4.192684477944913E-5
3,196;423;608,-4.189910571264317E-5
3,166;783;914,-4.189861869467737E-5
3,418;454;504,4.185432654575519E-5
3,271;273;981,4.1828591355337284E-5
3,68;764;794,4.1828023038725136E-5
3,352;730;829,4.1825525020383404E-5
3,461;931;987,-4.180227796385704E-5
3,24;374;908,-4.177610167829519E-5
3,136;253;581,-4.17485031809432E-5
3,334;543;759,4.172935722153074E-5
3,685;879;890,-4.171367519615693E-5
3,31;341;953,-4.167132483499508E-5
3,23;183;522,-4.163347881332481E-5
3,44;246;843,4.157849758480417E-5
3,142;576;835,-4.153632687278993E-5
3,62;726;847,4.1531655444488445E-5
3,47;518;640,4.15146341326997E-5
3,109;592;655,-4.14931690754687E-5
3,99;414;557,-4.148269279818522E-5
3,155;829;878,4.1478593075095285E-5
3,42;840;911,-4.147028006104967E-5
3,459;717;902,4.1469121028368546E-5
3,295;441;502,-4.139428927247757E-5
3,179;880;908,4.1381042652518435E-5
3,424;681;864,4.1362657222165993E-5
3,43;397;803,-4.1270451128597494E-5
3,67;346;537,-4.126951351600773E-5
3,522;752;958,4.124105436747048E-5
3,152;154;892,4.123415291587356E-5
3,414;676;834,4.122590734043141E-5
3,72;333;559,-4.122122836697683E-5
3,61;379;556,4.121852629328022E-5
3,507;540;878,-4.1184127185284396E-5
3,181;305;621,4.108243544206836E-5
3,385;415;959,-4.1001315929949644E-5
3,170;241;264,-4.094311489279947E-5
3,96;642;970,-4.093865002530838E-5
3,294;554;736,-4.092460270800647E-5
3,1;35;821,4.089835696706435E-5
3,449;742;898,-4.082504825253612E-5
3,107;560;887,4.0794970831484874E-5
3,395;681;864,4.0766969469230753E-5
3,110;157;400,4.0746318711645846E-5
3,447;805;855,4.069008733711975E-5
3,250;285;663,-4.06421657104512E-5
3,441;502;731,4.058146328104764E-5
3,81;646;755,-4.055258398241188E-5
3,110;446;645,-4.0540321715997804E-5
3,232;725;817,4.053955259238189E-5
3,349;661;929,-4.044847130556024E-5
3,443;728;819,4.04416979852611E-5
3,91;781;979,-4.0372945542319334E-5
3,93;144;508,4.03676667700064E-5
3,200;674;855,4.0361185665697506E-5
3,259;583;922,4.0350086463087055E-5
3,376;718;811,4.03362201452048E-5
3,594;867;975,4.028307755775717E-5
3,224;415;534,-4.025269914086771E-5
3,65;231;587,4.018803470293695E-5
3,423;608;729,-4.009497568654181E-5
3,445;775;915,-4.006798327428064E-5
3,65;294;789,-4.004067155120401E-5
3,80;582;996,4.003768647660055E-5
3,625;723;994,4.0005877960726215E-5
3,90;223;491,3.9988224422368415E-5
3,129;173;718,3.995280989285514E-5
3,706;710;739,3.994723277908415E-5
3,307;772;925,-3.9909668386469476E-5
3,58;311;918,-3.98323221095245E-5
3,128;797;965,3.98075351842302E-5
3,6;327;977,3.980527478097451E-5
3,12;18;936,3.980148099993929E-5
3,441;444;535,-3.9763481302297264E-5
3,81;382;498,-3.975427935863018E-5
3,509;641;951,-3.972892055189648E-5
3,259;453;773,3.966794437279269E-5
3,14;711;729,3.964996360792534E-5
3,169;235;720,-3.964860184067104E-5
3,33;113;863,-3.961853627040924E-5
3,67;158;727,3.9568556715030864E-5
3,258;401;692,-3.955202531898465E-5
3,31;151;862,3.9509128816447584E-5
3,122;650;943,3.9401725303855676E-5
3,114;201;203,-3.931502958070302E-5
3,349;406;484,-3.930019206680546E-5
3,129;195;643,3.9254160770080524E-5
3,217;693;935,-3.924812490305446E-5
3,175;814;863,-3.923786325366001E-5
3,211;346;592,3.91618482514806E-5
3,323;505;823,-3.9105880272673885E-5
3,187;411;956,-3.910463610934195E-5
3,152;335;478,-3.907712868654437E-5
3,137;716;841,3.906629942130908E-5
3,228;407;865,3.901566934274246E-5
3,16;38;279,-3.892237171249714E-5
3,121;530;988,3.891855523333724E-5
3,680;718;819,3.891696859010859E-5
3,10;410;860,3.889518731436739E-5
3,322;604;814,-3.8816999991999135E-5
3,116;402;625,-3.8805377831811145E-5
3,26;459;717,-3.880246686709994E-5
3,166;457;901,-3.8789576960426034E-5
3,36;499;550,3.87744152019397E-5
3,374;511;672,3.865505507778725E-5
3,243;306;661,3.86348807824513E-5
3,612;843;935,3.8601868731506076E-5
3,149;234;319,-3.856152804665987E-5
3,145;175;475,3.851037286413456E-5
3,320;446;688,-3.84876352010348E-5
3,73;315;724,-3.8479260257412974E-5
3,263;637;962,-3.847465897507877E-5
3,105;125;542,3.847130356020142E-5
3,129;434;659,3.846386239306367E-5
3,125;508;567,3.845098200977962E-5
3,363;456;518,-3.8430438606232405E-5
3,330;440;959,3.840102838909447E-5
3,165;572;946,3.839069174675007E-5
3,540;727;806,3.828736010443744E-5
3,766;893;915,3.8275064610508575E-5
3,186;408;698,-3.825222493150675E-5
3,346;741;885,3.823314096432151E-5
3,231;550;941,3.822321166362255E-5
3,73;732;744,3.822118727007346E-5
3,508;561;613,3.818258640144898E-5
3,25;804;920,3.816597428953364E-5
3,184;265;295,3.815625063736997E-5
3,187;899;959,-3.8148612586713575E-5
3,96;642;651,-3.813935071839272E-5
3,275;290;776,-3.812913755985483E-5
3,23;58;311,3.8120213594185607E-5
3,418;932;943,3.808591871628793E-5
3,7;60;667,3.808347960716214E-5
3,8;606;678,-3.807174007412009E-5
3,382;568;603,-3.806533517825056E-5
3,296;407;625,3.806226813310218E-5
3,153;940;984,-3.805446086388534E-5
3,209;289;788,-3.801761811772607E-5
3,279;577;952,-3.800137439149919E-5
3,134;443;776,-3.795496168354842E-5
3,111;316;486,-3.7947224495202275E-5
3,86;347;455,-3.788673279982221E-5
3,271;825;850,-3.788169132480819E-5
3,12;136;590,-3.7847702679592734E-5
3,29;103;912,-3.783039620371304E-5
3,232;725;894,-3.778977403195925E-5
3,249;644;813,3.773806967824645E-5
3,70;259;969,3.771544574200644E-5
3,150;294;784,-3.765729585912839E-5
3,584;599;899,-3.7622644125696926E-5
3,47;157;970,3.755555844629804E-5
3,375;830;849,3.754462917216969E-5
3,361;416;875,3.752490900698131E-5
3,42;494;887,3.7518906407680245E-5
3,5;687;991,-3.751769013846058E-5
3,672;704;924,-3.749338986280685E-5
3,492;579;735,3.7483243300613685E-5
3,263;840;945,-3.7459330765978655E-5
3,179;587;996,3.7455132247369786E-5
3,37;217;964,3.7440490247671385E-5
3,194;254;517,-3.7436038035033035E-5
3,277;312;556,-3.7431050275075344E-5
3,350;599;730,3.741966559805274E-5
3,408;811;980,3.739827432065606E-5
3,186;357;662,-3.738558511717691E-5
3,163;332;898,3.7377551443212536E-5
3,155;374;773,3.7359367809046816E-5
3,210;375;924,-3.724510637980189E-5
3,474;783;815,-3.723117825029442E-5
3,411;683;704,3.720914827417224E-5
3,255;522;832,-3.716322151801022E-5
3,267;372;492,3.715565413090125E-5
3,342;547;586,-3.713015719817865E-5
3,48;568;904,-3.710917183267264E-5
3,215;319;455,-3.70190702114792E-5
3,572;584;981,3.7001718152258825E-5
3,121;682;833,3.695903375576879E-5
3,126;297;520,3.695855380623236E-5
3,367;513;874,3.6938143224330966E-5
3,322;868;899,-3.693499613934197E-5
3,190;721;809,-3.69196672585834E-5
3,60;393;636,-3.688263064151265E-5
3,398;408;873,-3.683212537301422E-5
3,327;504;701,-3.682885112201498E-5
3,187;580;998,3.6781895314513566E-5
3,42;222;558,-3.678125558328875E-5
3,152;331;954,-3.6598674568979564E-5
3,283;468;570,3.649454578376596E-5
3,381;670;866,3.640341910889331E-5
3,143;213;712,-3.639605932002823E-5
3,245;376;389,3.636665883109357E-5
3,242;293;919,-3.6359718205345424E-5
3,342;822;945,-3.633457221977308E-5
3,344;436;590,-3.6317172676069866E-5
3,163;658;883,3.6279133628910417E-5
3,103;745;772,-3.625305538296855E-5
3,129;195;713,-3.624190178871321E-5
3,236;687;690,-3.6230705145545995E-5
3,715;793;908,-3.623035248231581E-5
3,253;613;841,3.6174459821381786E-5
3,258;416;515,-3.61711843237184E-5
3,69;678;758,-3.6131565340670616E-5
3,307;348;696,-3.6071718199602635E-5
3,141;934;988,3.6052720479481725E-5
3,247;397;677,-3.603550126875081E-5
3,250;663;672,3.600079292455851E-5
3,722;870;888,-3.598110653026038E-5
3,37;317;999,-3.5954711685657416E-5
3,577;903;952,-3.594300141383139E-5
3,816;931;987,-3.592331136384292E-5
3,215;250;464,3.592256754941547E-5
3,464;525;548,-3.591898947694733E-5
3,240;916;984,-3.5915877072879247E-5
3,583;685;953,3.58893064734107E-5
3,21;600;697,-3.587724275364026E-5
3,544;554;629,3.5846222242003116E-5
3,533;820;858,-3.580486538221479E-5
3,554;713;977,3.5787175969241275E-5
3,554;654;814,3.5756434148155876E-5
3,155;385;874,-3.567065409851647E-5
3,235;548;786,-3.565239923229739E-5
3,754;930;959,-3.557420332483947E-5
3,54;145;830,-3.551407229520303E-5
3,383;600;792,3.5503546836734554E-5
3,388;438;920,-3.546589429555438E-5
3,670;823;918,-3.5444159895666025E-5
3,646;725;755,3.5438112935821605E-5
3,387;740;925,3.540280554828213E-5
3,152;208;293,3.54013002901027E-5
3,144;508;555,-3.539041300142764E-5
3,210;407;865,3.538358995572072E-5
3,136;293;662,3.527051919806654E-5
3,284;430;716,-3.52189934271089E-5
3,140;284;902,-3.521831608854349E-5
3,433;679;969,3.5204646396684385E-5
3,310;433;458,3.5129095281197166E-5
3,515;598;947,-3.5110878891378E-5
3,173;527;878,3.507755500980312E-5
3,159;501;591,-3.505024169591986E-5
3,550;933;941,-3.497601402786422E-5
3,199;233;756,3.4939669066991926E-5
3,277;390;860,-3.49032181458283E-5
3,129;643;713,-3.490110092276007E-5
3,200;304;957,-3.4892282082488855E-5
3,136;774;776,-3.489153648718651E-5
3,456;663;946,3.4882709887324504E-5
3,254;517;739,3.487063803041596E-5
3,359;471;653,-3.479076918444327E-5
3,726;802;906,3.478102737644E-5
3,276;288;971,3.4758658616608843E-5
3,59;572;719,-3.47109216284197E-5
3,8;125;801,3.4682752867206834E-5
3,572;650;946,3.466502149768147E-5
3,111;478;696,-3.4584907032209526E-5
3,37;530;604,3.4577060896918155E-5
3,683;704;998,-3.4568024867442366E-5
3,250;409;607,3.456531660820172E-5
3,16;583;950,-3.4555805704996004E-5
3,347;590;991,-3.454526812633078E-5
3,67;598;603,3.445582434390813E-5
3,138;268;932,3.4443213534522E-5
3,418;814;932,-3.443385716656511E-5
3,35;54;988,-3.440021233478729E-5
3,187;272;367,-3.438743122619141E-5
3,233;646;756,-3.4368878139513945E-5
3,261;291;336,3.4343131024188955E-5
3,80;582;946,3.4295402401502164E-5
3,7;676;823,-3.4281806408410804E-5
3,26;678;896,-3.419195929677678E-5
3,570;685;953,3.4177755730835856E-5
3,176;529;991,-3.415063776497897E-5
3,63;310;847,-3.414700016521299E-5
3,358;526;887,-3.411595156250383E-5
3,39;884;907,3.4081317181279506E-5
3,60;602;802,3.4077469881759945E-5
3,300;382;638,-3.407378311985643E-5
3,288;370;792,-3.4069078587169455E-5
3,435;622;708,3.4066035852258684E-5
3,249;644;746,-3.4058840300131254E-5
3,652;737;779,3.3922969964129745E-5
3,511;600;624,-3.392002114419236E-5
3,175;599;814,-3.3915525283306106E-5
3,376;601;868,-3.390569662631326E-5
3,489;724;845,3.388082487386968E-5
3,15;367;474,3.386786248683692E-5
3,152;328;713,-3.3845310051454446E-5
3,806;837;937,-3.382116970229814E-5
3,506;541;588,-3.3809193815292084E-5
3,128;341;797,-3.379478790248101E-5
3,62;610;676,-3.373844242064272E-5
3,241;807;969,3.3712305236956857E-5
3,341;719;987,-3.360652390517369E-5
3,12;243;275,3.36020781472138E-5
3,209;759;811,3.352341919560964E-5
3,38;520;553,3.3512532019434286E-5
3,104;190;303,-3.35122257339264E-5
3,54;145;264,3.3454837545131484E-5
3,94;267;476,-3.341864194304176E-5
3,147;441;643,3.3386340135038985E-5
3,392;718;819,3.334945642149654E-5
3,122;336;499,-3.333714924309461E-5
3,176;366;720,-3.3312114233385963E-5
3,367;544;554,-3.328014648030457E-5
3,47;521;621,-3.3265425701528554E-5
3,11;167;798,3.324050098460563E-5
3,401;489;782,3.32094900666476E-5
3,59;345;992,3.3174541893072614E-5
3,196;468;549,3.31724276880484E-5
3,16;294;789,-3.313937476633597E-5
3,7;41;358,-3.308008731889666E-5
3,185;578;987,3.306968757264459E-5
3,49;67;158,3.306242196582956E-5
3,374;617;876,-3.306045530221636E-5
3,424;446;783,-3.3053030098689034E-5
3,300;534;997,3.303206083648155E-5
3,468;684;697,3.299768996172012E-5
3,108;395;503,-3.2958360101912134E-5
3,75;653;928,3.29478042103274E-5
3,37;845;979,3.2939940381175074E-5
3,585;869;942,-3.2922761184207476E-5
3,152;452;485,-3.29134403007321E-5
3,60;180;354,-3.2909335913376656E-5
3,79;424;458,-3.283764480737501E-5
3,437;937;955,-3.2821465311897794E-5
3,642;681;910,-3.279490904226138E-5
3,378;606;741,3.2760374840333406E-5
3,449;533;858,3.273208982984436E-5
3,36;521;539,-3.2702059756349316E-5
3,132;188;912,-3.270122464779454E-5
3,41;263;908,3.2681524224720295E-5
3,530;849;856,3.266800431257927E-5
3,120;303;563,3.2621320163395326E-5
3,95;222;867,3.2594885608228956E-5
3,408;963;980,3.2553239225313195E-5
3,155;586;631,3.255211535470825E-5
3,247;256;473,3.254325248346341E-5
3,262;334;573,3.254250926362452E-5
3,45;330;579,3.253051314817071E-5
3,52;526;725,3.2526967903516396E-5
3,56;589;973,3.246683225956375E-5
3,175;588;857,3.2456645060447524E-5
3,241;371;577,3.243692483486701E-5
3,627;649;965,3.243507648273841E-5
3,80;771;795,-3.2408442090962334E-5
3,401;551;692,-3.2402822551769494E-5
3,714;769;855,3.23951880484624E-5
3,88;458;727,-3.238972650526376E-5
3,227;620;922,3.2377101636084794E-5
3,110;312;389,3.234206529965866E-5
3,572;754;937,3.2333704129748686E-5
3,864;912;944,3.2295294684627335E-5
3,27;804;958,3.229242404154073E-5
3,237;568;603,3.2242474392189106E-5
3,722;855;899,3.223206948093748E-5
3,104;125;287,3.2176052419490255E-5
3,383;410;600,-3.2171906629631105E-5
3,259;453;951,-3.2150363844883633E-5
3,136;862;869,3.2126641226615185E-5
3,152;335;679,3.21120343914098E-5
3,66;94;476,-3.201945929064884E-5
3,33;243;441,3.201884167205303E-5
3,593;647;940,3.2013485049668765E-5
3,5;501;664,-3.200930860306228E-5
3,552;593;602,-3.198997638324649E-5
3,643;734;750,-3.194421205882195E-5
3,2;179;208,3.191970040856453E-5
3,344;414;449,3.189877894854083E-5
3,32;291;663,3.1837158715974005E-5
3,85;97;218,-3.1824024580785675E-5
3,165;757;933,-3.180145078373894E-5
3,655;670;738,-3.177241645937639E-5
3,81;372;940,-3.172790334012799E-5
3,226;329;654,3.168303931924708E-5
3,248;260;526,-3.1656793633446934E-5
3,189;239;622,-3.165103655298541E-5
3,791;909;983,-3.161292633922816E-5
3,243;275;391,3.1598691890290915E-5
3,41;73;784,-3.157225140264447E-5
3,401;489;899,-3.147465626821748E-5
3,175;382;439,-3.1418841134647844E-5
3,300;627;933,-3.141187134655844E-5
3,360;837;940,3.13577057608778E-5
3,487;556;906,-3.133441465450269E-5
3,314;398;521,-3.1305319081885655E-5
3,448;671;715,-3.12992819199306E-5
3,39;204;907,3.125403060077536E-5
3,154;462;892,3.1138463998392096E-5
3,12;275;391,3.11272027347862E-5
3,200;220;678,-3.112401898331726E-5
3,87;347;850,3.1099043542423466E-5
3,282;651;860,3.10965453559517E-5
3,508;672;835,-3.1079415188698416E-5
3,43;876;975,3.105435667039866E-5
3,36;406;613,-3.104487034456459E-5
3,588;868;899,3.103224407660451E-5
3,342;638;657,-3.102019599332029E-5
3,282;367;778,3.098564057640821E-5
3,6;191;349,-3.096616082018739E-5
3,352;560;887,-3.0965388173605956E-5
3,49;158;727,3.092987221997457E-5
3,181;493;685,-3.089033512026461E-5
3,34;587;660,3.084966483846577E-5
3,269;507;801,3.0805243951343325E-5
3,584;685;774,-3.0746886922819815E-5
3,314;373;999,3.071835438428086E-5
3,516;886;992,3.070811654007325E-5
3,602;875;935,-3.070022100449788E-5
3,8;215;319,3.068551062326322E-5
3,102;262;520,3.067823795239289E-5
3,454;486;601,-3.065598364417444E-5
3,380;619;921,-3.062977277648031E-5
3,510;718;973,-3.0620893089469255E-5
3,509;649;773,3.0560175940472835E-5
3,8;215;455,-3.0426515076884966E-5
3,39;196;583,-3.0380084041614214E-5
3,366;680;865,-3.0306475917436212E-5
3,90;159;336,-3.0268830122481085E-5
3,28;109;776,-3.0264502254998507E-5
3,401;473;830,-3.0219096446701025E-5
3,241;522;848,-3.019087619094498E-5
3,406;484;913,-3.0172643900252587E-5
3,36;562;613,3.0154627267948195E-5
3,5;766;855,-3.0068779846773564E-5
3,162;223;446,-3.0065523222121886E-5
3,166;195;222,3.005126732983629E-5
3,375;845;924,-3.0045264090098603E-5
3,137;841;926,2.997158040239241E-5
3,5;522;832,2.9961470516116764E-5
3,24;91;432,2.9900692041627693E-5
3,45;287;722,-2.9892269731316016E-5
3,65;478;962,2.9891716651604026E-5
3,9;317;999,-2.9846540828765132E-5
3,192;350;961,2.9784561485267313E-5
3,789;908;999,-2.9777039431009872E-5
3,239;651;778,2.9771994540725128E-5
3,330;593;743,2.9767589730583945E-5
3,452;538;920,2.975650153656169E-5
3,261;425;818,-2.9729276435708623E-5
3,182;563;834,2.96821948245532E-5
3,365;473;640,2.9655751177045018E-5
3,183;501;926,-2.9643491009235502E-5
3,246;254;295,2.958450191503682E-5
3,141;225;230,-2.9575566801263616E-5
3,465;682;896,2.957399313994006E-5
3,347;850;908,-2.9566437424860884E-5
3,501;814;984,-2.9550464052527487E-5
3,534;731;863,-2.9459310518587924E-5
3,274;593;845,2.944418567174874E-5
3,468;482;887,-2.9396293734381637E-5
3,80;305;684,2.9392749935911614E-5
3,73;969;986,2.9359695370538147E-5
3,399;675;879,-2.9354135811471407E-5
3,6;640;887,2.934313388590594E-5
3,176;789;908,-2.9296038847985754E-5
3,241;433;807,-2.92914287040046E-5
3,92;494;851,2.9239042535054904E-5
3,61;111;478,-2.9235627409401353E-5
3,100;109;246,-2.9213679013718617E-5
3,2;21;600,-2.9207147883046486E-5
3,308;326;970,2.9198372739388648E-5
3,405;783;914,-2.9198278391309453E-5
3,515;563;947,-2.917361796765021E-5
3,178;623;758,-2.9160603371333354E-5
3,354;596;720,-2.9158569871156836E-5
3,221;481;911,2.9157482806044966E-5
3,226;298;566,-2.9120857027244144E-5
3,28;109;214,-2.9091223043668292E-5
3,300;741;991,-2.906479416832016E-5
3,162;192;519,2.9047423604025526E-5
3,74;256;774,2.9037728859167492E-5
3,8;663;837,2.9028517603758012E-5
3,256;473;976,-2.9016529048188106E-5
3,330;595;925,2.9013894619650226E-5
3,310;433;962,2.8968658477606186E-5
3,209;289;831,-2.896798370950665E-5
3,49;67;727,2.8954613773770545E-5
3,396;469;953,2.8907654530137334E-5
3,384;422;510,2.8895191803092157E-5
3,440;465;959,-2.8888204894036262E-5
3,147;505;907,2.8883317079990314E-5
3,54;336;400,2.884958404978384E-5
3,630;687;768,2.884696321459994E-5
3,437;587;662,-2.8820812829838192E-5
3,114;252;700,-2.8768964648380072E-5
3,118;449;624,2.8751826628011893E-5
3,285;594;975,-2.874901045655552E-5
3,543;676;834,2.869949632852567E-5
3,148;436;728,-2.86805369907492E-5
3,80;242;608,-2.8619100402501534E-5
3,380;727;803,-2.8591522173764366E-5
3,14;62;912,-2.8586249331830634E-5
3,48;710;817,-2.8582052170557606E-5
3,232;565;740,2.8545995931180667E-5
3,16;38;329,2.8503229538106314E-5
3,48;766;948,-2.8472707132419644E-5
3,63;175;273,-2.8460958968798967E-5
3,332;365;600,2.841189704592207E-5
3,0;253;341,2.840857421754852E-5
3,586;593;680,-2.8397009303480193E-5
3,89;225;230,-2.8392914355743967E-5
3,18;890;936,2.8327115117815537E-5
3,194;517;739,-2.822284949201838E-5
3,546;627;879,2.8161459459103657E-5
3,6;106;640,-2.815399857156023E-5
3,110;304;446,2.814982396836474E-5
3,179;453;724,-2.809452138373808E-5
3,314;373;982,-2.8088388812116332E-5
3,219;710;739,-2.8076303729992278E-5
3,48;500;679,-2.8064666754557677E-5
3,122;336;512,2.806254566383567E-5
3,525;835;961,-2.805658273255716E-5
3,174;272;992,-2.8008806714465726E-5
3,683;829;878,2.7993217535212918E-5
3,234;319;536,-2.793782206816965E-5
3,672;835;886,-2.7908969650294826E-5
3,133;138;680,-2.7907094944796368E-5
3,96;159;336,-2.789566516052495E-5
3,247;256;976,-2.7893839102000718E-5
3,494;759;962,-2.7888020460044017E-5
3,104;303;975,2.78635757623149E-5
3,122;234;488,-2.782989234628436E-5
3,92;594;964,-2.7801561463770073E-5
3,29;316;589,-2.77882655253403E-5
3,41;289;908,2.7779267695017777E-5
3,83;499;767,-2.7770689097842942E-5
3,90;406;707,-2.772892518073399E-5
3,508;752;958,-2.7693764381114964E-5
3,585;668;694,2.767298272730967E-5
3,163;605;736,-2.764746038226456E-5
3,258;764;769,-2.7621312929014693E-5
3,253;581;711,2.7612859738353354E-5
3,361;571;714,2.758803755458231E-5
3,380;692;852,2.7584334674864887E-5
3,431;707;747,-2.7584268415613235E-5
3,117;744;999,2.756476802445273E-5
3,152;566;668,2.7539627730409447E-5
3,153;800;862,-2.7533996004037796E-5
3,209;277;776,2.745742444129083E-5
3,159;655;670,2.7392920085659203E-5
3,345;889;992,-2.7373714139401518E-5
3,90;223;729,-2.727675184556739E-5
3,2;450;950,-2.7226161145951007E-5
3,27;212;878,2.7175070453556336E-5
3,31;520;927,2.7173701636991954E-5
3,209;277;510,-2.7128664429237075E-5
3,1;441;728,2.711929608018269E-5
3,917;940;973,-2.7105266389788475E-5
3,408;811;963,2.7061585100607125E-5
3,210;375;845,-2.7044871735580145E-5
3,126;592;696,-2.70345106578972E-5
3,84;502;994,2.699967530684668E-5
3,572;802;938,2.697543189441458E-5
3,214;236;299,-2.6971520345255843E-5
3,153;327;977,2.695430677355862E-5
3,108;542;941,2.694769802149532E-5
3,78;183;918,-2.6927331025348793E-5
3,117;478;936,2.6906533566467613E-5
3,121;614;947,2.6870424463630102E-5
3,143;712;828,2.6855783111561366E-5
3,704;719;987,2.6842288012665293E-5
3,510;696;718,2.6803344868225083E-5
3,153;618;644,2.678875705588956E-5
3,79;458;512,-2.6760406623617005E-5
3,699;726;847,-2.671966537236679E-5
3,625;723;897,2.670381434272659E-5
3,186;195;407,2.6691635302772397E-5
3,195;643;713,-2.665712825348697E-5
3,6;153;327,-2.6644505384138263E-5
3,437;668;822,2.6608564142554076E-5
3,263;559;962,-2.6531195548367728E-5
3,515;563;598,2.65076026300788E-5
3,5;213;855,2.646054637641982E-5
3,38;523;553,2.6459146188123034E-5
3,339;449;996,2.64424884591606E-5
3,602;891;979,-2.6425324085120975E-5
3,41;358;359,-2.6373859062100206E-5
3,116;177;179,-2.6344534596657538E-5
3,84;295;900,-2.6335921448194826E-5
3,152;478;679,2.6301008617728863E-5
3,289;315;691,2.629767191204985E-5
3,30;416;515,2.629738134941671E-5
3,187;870;998,-2.6268711808667808E-5
3,521;766;995,-2.6262056934449197E-5
3,187;301;899,2.6260362807032832E-5
3,753;929;997,2.625388108156452E-5
3,93;144;555,2.6186764961999946E-5
3,536;760;915,2.6174885651727168E-5
3,186;357;435,-2.612065265397079E-5
3,32;450;617,2.611828098107466E-5
3,165;252;776,2.6055911511685853E-5
3,110;389;390,-2.6053648978622184E-5
3,426;673;800,2.6020757455688346E-5
3,658;745;918,2.6011509421026286E-5
3,742;837;898,-2.5970963429169393E-5
3,266;763;985,2.5961499517207048E-5
3,431;705;707,2.5932692030180866E-5
3,294;736;878,-2.5904549882365056E-5
3,436;441;659,2.5895418590548927E-5
3,292;670;866,-2.5891022175156242E-5
3,471;515;594,2.5889809816605117E-5
3,380;610;681,-2.5850858102265637E-5
3,231;627;846,-2.5808930841402582E-5
3,519;688;832,-2.5796588772748632E-5
3,568;890;998,2.5787803994339816E-5
3,147;776;785,-2.575113830288061E-5
3,605;635;874,2.5742780738165987E-5
3,288;534;981,-2.572922930995744E-5
3,62;181;872,-2.5704202353544487E-5
3,388;600;706,2.5697843637647613E-5
3,120;667;732,2.567191399673333E-5
3,16;279;329,2.561749512373053E-5
3,504;693;935,2.5568992304425888E-5
3,14;409;934,2.5546332113290027E-5
3,251;289;315,-2.5546237474238698E-5
3,364;576;857,-2.5522543856527122E-5
3,426;485;673,2.5499856407226623E-5
3,368;813;957,-2.549487053657105E-5
3,319;386;805,2.548053601188796E-5
3,471;515;713,2.544259555543403E-5
3,59;889;992,2.5431784583510683E-5
3,19;32;663,2.5418077233758512E-5
3,711;724;915,-2.5409950726044573E-5
3,47;264;841,-2.540535516229845E-5
3,575;747;811,2.5371445498298694E-5
3,0;181;341,-2.535991329617973E-5
3,478;918;995,2.530701384218236E-5
3,266;750;796,2.5269385173616226E-5
3,222;785;867,-2.5253364581287435E-5
3,675;835;879,-2.524025603922464E-5
3,664;734;824,2.5237855249835364E-5
3,195;653;666,2.5178743225433043E-5
3,455;850;931,-2.5137646037987975E-5
3,380;438;779,2.5082489978616404E-5
3,330;342;790,2.4996023155669123E-5
3,393;466;728,2.4913658503435638E-5
3,86;663;844,-2.4906004991730992E-5
3,150;392;685,-2.4866415230727252E-5
3,129;434;983,-2.48561364267604E-5
3,88;122;237,-2.484377782676555E-5
3,3;949;966,-2.481113285495517E-5
3,236;380;687,2.4758391050751672E-5
3,215;258;959,2.4741644848300967E-5
3,304;446;645,2.4692450993942864E-5
3,458;711;727,2.4685352665661317E-5
3,14;455;912,2.467270430916875E-5
3,138;251;680,2.467249376472528E-5
3,350;599;929,-2.4651601166058643E-5
3,21;67;333,-2.457728184316001E-5
3,91;661;929,2.4546783105230925E-5
3,113;863;961,2.44835687202333E-5
3,73;315;705,-2.4435188171533333E-5
3,19;161;889,2.4398587749855525E-5
3,240;961;984,2.4354184010758702E-5
3,8;663;720,2.432616723589357E-5
3,106;640;887,2.4295467956180652E-5
3,34;587;615,-2.4279724092653867E-5
3,159;655;738,-2.425703231599419E-5
3,58;177;615,-2.4206784378010187E-5
3,152;256;452,2.4190649539126258E-5
3,158;260;526,-2.418852730521885E-5
3,91;409;934,2.418159604388078E-5
3,105;446;844,2.4154920271223297E-5
3,180;475;715,2.4128624006031512E-5
3,7;823;948,2.4084346029617407E-5
3,301;440;794,-2.3933301069060235E-5
3,72;252;559,2.3883277733010687E-5
3,433;458;962,2.3873623088893334E-5
3,271;770;837,-2.3872330950011775E-5
3,143;507;801,2.385541900943971E-5
3,240;420;978,-2.383735948429802E-5
3,173;746;989,-2.379374770137975E-5
3,78;227;918,2.377894018240046E-5
3,464;739;963,-2.3763227238065058E-5
3,43;178;978,2.3701450465628563E-5
3,814;932;943,-2.361251210269549E-5
3,823;918;929,2.3612006801013295E-5
3,348;356;900,2.3608826616458115E-5
3,217;871;948,-2.3604093667647145E-5
3,156;333;642,-2.356296842287957E-5
3,217;504;935,2.3562889525836615E-5
3,34;855;921,-2.3468833101744817E-5
3,480;606;973,-2.3443410659381326E-5
3,380;850;921,2.344265520592679E-5
3,486;595;996,-2.343242316435079E-5
3,5;175;857,-2.3382857467645777E-5
3,224;391;710,-2.3355394010667814E-5
3,606;653;678,-2.332005089795422E-5
3,201;296;434,-2.3312600787370597E-5
3,387;651;677,2.330344577960384E-5
3,352;711;829,-2.3253489906282977E-5
3,152;374;876,-2.3190334285821494E-5
3,81;418;508,2.3181978959442648E-5
3,329;401;540,2.31770509151666E-5
3,42;149;887,2.3164680307805045E-5
3,364;526;576,2.316396663015669E-5
3,180;277;572,-2.3152203224931405E-5
3,251;289;691,-2.3150350861101156E-5
3,229;604;690,-2.310397383731011E-5
3,578;960;971,2.309040737176467E-5
3,51;102;344,2.3055209412842683E-5
3,83;114;192,-2.298940992041007E-5
3,261;336;522,-2.297089027240657E-5
3,168;371;872,-2.2961639785531166E-5
3,90;546;707,-2.2880615078737113E-5
3,76;287;791,2.286578924942751E-5
3,672;704;914,-2.2860189642488878E-5
3,118;624;673,-2.2825821523284342E-5
3,66;267;476,2.2799900879101227E-5
3,16;475;715,2.278883769782972E-5
3,287;654;940,-2.2783147367543E-5
3,642;651;970,2.271157104243652E-5
3,214;368;957,-2.2685666412344477E-5
3,186;630;807,2.266370760995569E-5
3,454;502;504,2.258880487553481E-5
3,80;564;684,2.2581998683947517E-5
3,134;266;838,-2.2579752102639823E-5
3,415;463;534,2.2523717431145312E-5
3,8;720;837,2.2521425434799335E-5
3,98;153;517,-2.246860787646806E-5
3,24;776;855,2.23698639594887E-5
3,282;367;963,2.2349528594484304E-5
3,545;591;950,-2.234574993461403E-5
3,399;592;655,2.2320722643352506E-5
3,123;791;983,2.226262798518465E-5
3,711;729;902,-2.2253791797324564E-5
3,270;494;759,2.2207191418737116E-5
3,200;304;454,-2.2200827174578864E-5
3,587;766;995,2.219413768931214E-5
3,226;654;901,2.21924473958E-5
3,266;442;838,2.2186416578153233E-5
3,226;392;923,-2.215155787910389E-5
3,674;680;855,2.2149371766342436E-5
3,43;94;614,-2.2145620253922014E-5
3,170;530;604,-2.2104305311901253E-5
3,519;688;765,2.2085823998264538E-5
3,857;891;983,-2.205693292639345E-5
3,535;677;743,-2.203878834837053E-5
3,18;234;277,-2.1993048867805592E-5
3,246;254;658,-2.198869131358196E-5
3,311;344;590,2.1979611684036936E-5
3,702;956;985,-2.1975253107139325E-5
3,47;264;367,-2.196134494833995E-5
3,388;654;940,-2.1959435022890558E-5
3,402;422;884,-2.195122174575586E-5
3,100;227;775,2.194715684062832E-5
3,4;688;841,2.1890640195900346E-5
3,134;670;987,-2.181405927838185E-5
3,254;371;707,-2.1800329375357136E-5
3,167;627;818,2.1774570503326935E-5
3,327;448;701,2.173119650828604E-5
3,738;811;840,-2.1707969068916472E-5
3,238;500;629,-2.1694466424881634E-5
3,136;266;488,-2.1640341086794106E-5
3,50;479;653,2.1624613341109907E-5
3,24;310;847,2.158287844403616E-5
3,211;474;783,2.1523965320274044E-5
3,127;300;382,2.1509739670217827E-5
3,78;408;993,2.1496496154691217E-5
3,288;577;806,2.1436906674339244E-5
3,388;663;920,2.1421599961725097E-5
3,217;589;871,-2.14014106363458E-5
3,231;933;941,-2.1395269605410382E-5
3,63;236;299,2.1394421115493695E-5
3,34;267;826,-2.1387571425301164E-5
3,461;816;931,-2.1302308705571794E-5
3,116;546;706,-2.1286602413391593E-5
3,51;113;194,-2.12731074204916E-5
3,219;384;735,-2.125455597984889E-5
3,341;704;987,-2.124357561604233E-5
3,134;565;859,2.1211538542190955E-5
3,489;762;987,2.1161430768839063E-5
3,123;472;833,2.116090710636027E-5
3,351;459;659,-2.11528908043542E-5
3,44;291;956,-2.1136763700504927E-5
3,101;546;627,-2.0985960590309064E-5
3,25;405;920,-2.0968495283412603E-5
3,163;898;916,2.0902915367315686E-5
3,732;741;991,2.090211638376522E-5
3,166;258;733,-2.0877876461410803E-5
3,51;113;280,2.0862789248080903E-5
3,136;595;869,2.0771785838102464E-5
3,41;91;703,2.076586745950769E-5
3,34;555;869,-2.0720798136320525E-5
3,210;548;751,-2.0716309984099173E-5
3,606;702;973,-2.068933027691288E-5
3,36;406;562,-2.067654537039243E-5
3,401;520;540,2.064915002108312E-5
3,45;367;874,-2.0624736213485914E-5
3,100;300;534,-2.0618683022823916E-5
3,273;956;966,-2.061664617697658E-5
3,387;579;651,-2.0609426317143265E-5
3,14;493;819,2.059485298824016E-5
3,147;326;970,-2.0580515336769856E-5
3,148;192;864,-2.0579920825178766E-5
3,272;305;621,2.0576114877955084E-5
3,191;630;768,-2.056108770771821E-5
3,702;855;973,2.0550404780503066E-5
3,205;357;550,2.0535010150348575E-5
3,327;448;504,-2.0534960478254768E-5
3,351;465;671,2.0527596374071653E-5
3,43;178;263,-2.0517525905027866E-5
3,251;896;997,2.0470102140956238E-5
3,534;881;981,-2.0452946402573094E-5
3,200;454;957,2.0435855981891593E-5
3,510;696;973,-2.040934914844699E-5
3,260;588;973,-2.039354157721627E-5
3,599;730;929,-2.0365580703018033E-5
3,203;625;742,2.0344736799130958E-5
3,144;559;719,-2.033993700853522E-5
3,62;336;679,2.0337732556699968E-5
3,124;311;567,-2.0317340860440173E-5
3,127;313;985,2.0316010774937894E-5
3,419;594;964,2.0312962829926263E-5
3,25;299;923,-2.030114699667694E-5
3,174;196;207,2.0265248161251687E-5
3,414;641;717,2.025012529057703E-5
3,882;885;894,2.0205103718805775E-5
3,763;840;965,-2.019471454282902E-5
3,55;272;936,2.0179262060456588E-5
3,294;556;952,-2.014979065014873E-5
3,6;191;668,-2.0133859845255918E-5
3,600;781;979,-2.0123438185966875E-5
3,53;69;678,2.0110358673376843E-5
3,153;456;984,-2.009941199641708E-5
3,487;906;972,-2.008773547597431E-5
3,248;444;905,-2.007021459562123E-5
3,403;770;773,-2.0032377842089784E-5
3,707;748;827,2.0022093372762605E-5
3,567;745;968,-1.9984839501649177E-5
3,145;225;385,1.9974689930993198E-5
3,657;736;842,1.99713192886389E-5
3,168;368;371,-1.9970804172264393E-5
3,34;702;839,1.9937912652077727E-5
3,58;169;615,1.9923173435654695E-5
3,177;422;915,-1.9905181532207072E-5
3,72;613;820,1.9862432652707664E-5
3,212;837;912,-1.9861482491218144E-5
3,409;669;974,1.985681302186182E-5
3,92;174;713,1.9789057074916045E-5
3,229;615;748,1.9786976248475224E-5
3,130;140;284,-1.9773816655159447E-5
3,525;956;966,1.9767142399642912E-5
3,56;114;406,1.9765346716202184E-5
3,62;177;179,1.9748573967752912E-5
3,419;652;779,1.9700684124329036E-5
3,231;550;933,1.9672828598958846E-5
3,158;248;526,1.9654714619851564E-5
3,144;190;657,1.9638455360832538E-5
3,276;441;731,-1.962567247629597E-5
3,339;554;996,1.956506806255949E-5
3,251;312;731,-1.9545236244789556E-5
3,3;677;949,-1.9520706111324284E-5
3,174;427;437,1.951160701616498E-5
3,442;938;941,-1.9495091328794115E-5
3,142;414;798,-1.9494235626242218E-5
3,261;559;938,-1.9482164748935473E-5
3,58;322;819,-1.9419643047586545E-5
3,405;413;726,-1.9397624003101565E-5
3,289;338;957,-1.9391871969128553E-5
3,130;140;902,1.937103142515475E-5
3,797;804;939,1.9355969095430873E-5
3,85;97;922,1.934793617513529E-5
3,606;760;973,1.9336862716963138E-5
3,141;349;464,-1.9328642106753634E-5
3,30;151;795,1.9310027345391918E-5
3,123;331;635,-1.9288172984806173E-5
3,122;650;936,-1.927713739203022E-5
3,408;841;993,-1.9275727569901612E-5
3,543;908;968,1.927213154609133E-5
3,79;763;985,-1.9186116441748024E-5
3,186;195;856,1.918361296962161E-5
3,593;646;743,1.9180737458188533E-5
3,330;579;695,1.9169734045553625E-5
3,205;408;698,-1.916185791507115E-5
3,72;237;592,-1.9122428431886004E-5
3,155;683;829,-1.9060247785986625E-5
3,31;151;327,-1.9027696556157174E-5
3,172;294;556,-1.8995499666408357E-5
3,130;567;745,-1.8993460498153064E-5
3,385;579;641,1.8993103043182693E-5
3,69;150;415,-1.8971688582289903E-5
3,466;770;838,1.8954670156466597E-5
3,184;529;937,-1.8948767575481757E-5
3,196;468;653,-1.8866756573144017E-5
3,109;400;458,1.8804595888615786E-5
3,322;336;892,1.8790197383471084E-5
3,61;111;696,1.878076261447219E-5
3,298;426;768,-1.8758652566975634E-5
3,413;501;664,1.8742193105409797E-5
3,174;196;584,-1.8729324315649456E-5
3,101;627;879,1.8725960058115222E-5
3,12;241;396,1.8725916070486653E-5
3,315;485;535,1.872543852525769E-5
3,396;469;835,1.870376730637155E-5
3,459;550;659,-1.8646712520077727E-5
3,439;531;648,1.8630615947716865E-5
3,63;457;638,1.860027656303167E-5
3,50;550;873,1.8583207309830582E-5
3,43;230;614,1.8558584897831175E-5
3,103;912;936,1.8504507845600074E-5
3,66;202;357,-1.8472154279083665E-5
3,38;118;257,-1.8455897101966774E-5
3,565;671;700,1.8454251087227683E-5
3,35;334;759,-1.84003020120765E-5
3,299;703;781,-1.8395620641751624E-5
3,257;853;980,1.8381091524280497E-5
3,234;241;371,1.8374209487458146E-5
3,435;441;534,1.836665779928537E-5
3,600;625;734,-1.8364541863852557E-5
3,223;446;825,1.8355596442047074E-5
3,177;712;775,-1.8321275107229084E-5
3,469;649;883,1.831616549052402E-5
3,243;463;773,-1.8312479130537214E-5
3,244;716;912,-1.8281389192564932E-5
3,150;703;768,1.8279241763218246E-5
3,167;252;925,1.8224579913012115E-5
3,346;885;892,1.8185058565494864E-5
3,424;738;840,1.8177824994428328E-5
3,179;609;724,1.8172820423667325E-5
3,84;257;775,-1.8152157919030146E-5
3,419;596;720,1.8105753184447205E-5
3,152;293;650,1.8097761149017732E-5
3,342;698;945,1.8084292016161928E-5
3,12;890;936,-1.8069052020030508E-5
3,101;485;489,-1.8062084915466874E-5
3,497;545;591,1.7998108295125928E-5
3,119;341;892,1.799639418248603E-5
3,292;381;866,1.7976037445834057E-5
3,98;181;475,-1.796606249195036E-5
3,658;872;918,-1.7965361690397696E-5
3,140;422;958,-1.794391218044551E-5
3,205;578;640,-1.793546500417808E-5
3,343;647;940,-1.793389811736352E-5
3,527;727;878,-1.793282621726433E-5
3,47;213;538,1.791349939360258E-5
3,507;522;835,1.7913127832732795E-5
3,101;485;961,-1.7911468987573703E-5
3,311;321;567,1.7904228285728435E-5
3,45;555;869,1.7870922427713487E-5
3,53;181;309,1.7845587007375077E-5
3,93;508;555,-1.78302993344337E-5
3,499;767;995,-1.7829771361212E-5
3,277;466;728,1.78004138678896E-5
3,121;481;655,-1.776680585193284E-5
3,734;824;952,1.7737366557215245E-5
3,225;640;978,1.7715089351423733E-5
3,325;557;988,1.7683953476631216E-5
3,425;433;506,1.7681405954842766E-5
3,169;374;672,-1.765270131888481E-5
3,176;908;999,1.764636065822524E-5
3,318;929;997,-1.7596963864753463E-5
3,166;222;795,-1.7577294752918956E-5
3,288;881;981,1.7572248933728476E-5
3,45;399;516,1.7531973249529246E-5
3,254;295;658,-1.7525718684247868E-5
3,41;60;298,1.7495388765321877E-5
3,158;386;553,-1.7450226018098877E-5
3,165;650;946,-1.744482733600007E-5
3,113;478;915,1.7444672208737507E-5
3,484;543;604,1.7409156960423915E-5
3,325;483;930,1.7397317106052357E-5
3,357;435;662,1.7393473127748E-5
3,819;938;941,1.7376435746539513E-5
3,192;470;864,-1.7365072404639102E-5
3,260;383;500,1.7356971898930728E-5
3,48;133;710,-1.721076598445994E-5
3,88;692;793,1.720267961808457E-5
3,360;433;513,-1.7200376611178778E-5
3,0;19;815,1.7120148101045627E-5
3,1;460;480,-1.7110240306690685E-5
3,143;148;728,-1.7086834963068773E-5
3,187;411;662,1.7066881935951405E-5
3,219;489;735,1.703969587475411E-5
3,294;507;522,-1.700042548258423E-5
3,36;173;889,1.699994519372458E-5
3,165;558;844,-1.6977450175453877E-5
3,258;769;944,1.690146437588328E-5
3,802;938;965,1.6860515839256416E-5
3,378;728;819,1.6844529718301985E-5
3,58;819;830,1.6786731846750842E-5
3,88;458;711,-1.6744329351054432E-5
3,12;243;391,1.6726348013148964E-5
3,478;872;972,1.6718400747674216E-5
3,419;449;569,-1.669048315105366E-5
3,153;535;862,1.6688584705464944E-5
3,34;294;538,-1.6631839239784486E-5
3,69;310;586,-1.6612277934629257E-5
3,51;708;786,1.6555212893372964E-5
3,41;277;298,1.6548614427576104E-5
3,26;103;487,1.654227250562213E-5
3,147;419;776,-1.6519484932511897E-5
3,73;463;732,-1.6471488476031768E-5
3,250;409;775,1.644463342459531E-5
3,289;788;831,-1.6438496658353632E-5
3,711;808;915,1.6408280909175427E-5
3,221;413;683,1.64011605570702E-5
3,208;442;901,1.6363355254768232E-5
3,113;857;891,-1.6338273338233082E-5
3,413;435;510,1.632207104625906E-5
3,358;469;887,1.6321366348266032E-5
3,38;147;215,1.6303672297411107E-5
3,494;758;846,1.6274421628663132E-5
3,271;821;981,-1.627056118387033E-5
3,226;468;923,1.6255992244819376E-5
3,175;413;683,-1.625343273265388E-5
3,114;203;716,1.6204324439118552E-5
3,229;554;615,1.6181901771760363E-5
3,122;248;444,-1.6181773412112738E-5
3,146;433;513,-1.6152500594066756E-5
3,121;758;846,1.6110206357490123E-5
3,505;766;907,-1.6094860333841202E-5
3,438;626;827,-1.6069124012307667E-5
3,26;789;896,-1.606419224961847E-5
3,568;632;833,1.6024896627714052E-5
3,6;341;892,1.601728182083102E-5
3,846;917;940,-1.6004166137848177E-5
3,191;349;668,-1.5956237267355338E-5
3,125;287;477,-1.5954668404634694E-5
3,224;293;662,-1.591165882716983E-5
3,846;917;973,-1.5901120283231457E-5
3,373;715;908,-1.5895818057024176E-5
3,435;436;562,-1.588146198273814E-5
3,501;591;636,-1.580747182854871E-5
3,64;262;718,1.5796536629090244E-5
3,291;379;788,-1.57712437664677E-5
3,294;463;784,-1.5762203373925962E-5
3,171;230;657,-1.5750962843933526E-5
3,26;421;487,1.5724322007318657E-5
3,397;404;562,-1.5712401828709858E-5
3,359;471;513,1.570634974744066E-5
3,220;678;803,-1.5701582642324033E-5
3,835;879;890,-1.5699922757831608E-5
3,193;319;744,-1.5696263136429025E-5
3,233;696;951,1.568686922604134E-5
3,495;754;829,-1.5664107279274803E-5
3,80;449;569,1.5644838993627354E-5
3,283;468;914,1.562658974033063E-5
3,224;463;534,1.557178584577143E-5
3,109;399;592,1.5566399710169917E-5
3,235;409;720,1.5543029309496457E-5
3,787;922;942,1.5542764717794684E-5
3,71;751;854,1.5484376033888963E-5
3,383;956;985,1.5473296000569974E-5
3,178;263;978,-1.547202991718029E-5
3,241;522;527,-1.5455476911454955E-5
3,328;485;713,-1.5452296827889816E-5
3,441;502;570,-1.542459426131921E-5
3,277;393;728,-1.540646874172931E-5
3,47;518;582,-1.540497644692452E-5
3,5;742;771,-1.5377075415250754E-5
3,143;213;828,1.5354305377122345E-5
3,177;696;915,-1.5316497071176843E-5
3,277;312;345,1.5296405523361243E-5
3,342;468;810,-1.5225824102769147E-5
3,4;30;688,-1.5209746519528597E-5
3,199;233;646,-1.5199558785627163E-5
3,336;499;512,-1.5168649045542923E-5
3,175;396;953,1.512906954712554E-5
3,56;264;973,-1.5099197606479493E-5
3,224;427;710,1.508344155082536E-5
3,364;405;433,-1.507300438484107E-5
3,141;743;770,-1.5067586672851699E-5
3,612;791;962,1.5063317971980017E-5
3,45;377;597,1.5033726079077977E-5
3,91;600;781,-1.5021823784843638E-5
3,122;540;826,1.5016997508540957E-5
3,45;399;893,1.5016381622842371E-5
3,256;452;485,1.4997434792908209E-5
3,152;668;971,-1.4997070967475192E-5
3,347;455;576,1.4975410301889029E-5
3,141;529;874,1.4969375541795886E-5
3,116;402;433,1.4942770543357514E-5
3,152;617;876,-1.4928051502456012E-5
3,431;705;747,-1.4917744648029405E-5
3,448;671;751,1.4907060993716283E-5
3,24;584;716,1.4855505393797736E-5
3,342;522;849,1.483810699384005E-5
3,2;600;697,-1.4816435950320104E-5
3,409;858;974,1.4814695421472665E-5
3,29;467;791,1.474914061694388E-5
3,61;173;379,1.4714150838727119E-5
3,385;552;959,1.4708862381541636E-5
3,108;542;926,1.4696274055641473E-5
3,70;263;945,1.4680932315561453E-5
3,215;565;887,-1.4679852042551422E-5
3,322;541;790,-1.46788136295634E-5
3,438;705;968,1.467281947057164E-5
3,151;327;862,-1.4648802236638102E-5
3,442;571;632,1.4640238729525315E-5
3,141;312;461,1.4609873939624506E-5
3,96;651;970,-1.459440098347916E-5
3,203;578;910,1.4586518432110813E-5
3,414;680;717,1.4568183615014378E-5
3,273;525;966,-1.4562634496317014E-5
3,96;274;845,1.4559715160738444E-5
3,741;885;892,1.4535873289780067E-5
3,71;204;209,1.4535747079447444E-5
3,224;263;742,-1.4520283749869052E-5
3,215;464;662,-1.4512075112888961E-5
3,342;840;849,-1.4511676469421732E-5
3,7;437;504,-1.4471117221059795E-5
3,361;714;894,-1.4446643267235508E-5
3,124;321;567,1.4422642440030165E-5
3,38;257;402,1.441572907497845E-5
3,133;628;665,1.4410380777455546E-5
3,394;659;719,-1.4395401120574255E-5
3,224;345;890,1.4367046690497876E-5
3,348;443;696,1.4296565370380051E-5
3,472;717;765,-1.4278433261142317E-5
3,517;816;946,1.4272152780531122E-5
3,342;638;826,-1.4232973537593369E-5
3,1;8;728,-1.4212846372772439E-5
3,7;41;359,-1.4155388473762714E-5
3,373;715;793,-1.414823933280547E-5
3,148;161;882,-1.4057310913417609E-5
3,208;759;868,-1.3952887746124541E-5
3,146;360;513,-1.3942126990216194E-5
3,474;669;867,1.391892656628968E-5
3,27;460;840,-1.3916637840951132E-5
3,677;717;743,1.3887186639799438E-5
3,627;895;933,1.3862909415836067E-5
3,405;645;714,1.3846186852270147E-5
3,189;500;679,1.3825786819007396E-5
3,90;309;361,-1.3777019896349344E-5
3,28;214;776,-1.3761917234830848E-5
3,84;968;994,1.3673933320091086E-5
3,67;357;537,-1.3658495679722806E-5
3,88;614;692,1.3653549019226816E-5
3,405;726;888,1.3637617824630696E-5
3,218;743;806,-1.3628137628609858E-5
3,126;592;920,1.3616953620587312E-5
3,722;843;870,-1.3552289832559427E-5
3,203;308;349,-1.3532252216913164E-5
3,122;499;512,-1.35093641895188E-5
3,5;742;815,1.3477110946720022E-5
3,77;100;775,-1.3385315173870053E-5
3,16;595;996,-1.3378557304348616E-5
3,14;629;705,1.3358981051063957E-5
3,227;620;822,-1.3332631968159141E-5
3,413;510;778,1.3278341615812789E-5
3,664;734;952,1.3236368911426447E-5
3,173;939;989,1.3223375929995743E-5
3,174;379;933,1.3223049983928606E-5
3,47;642;970,-1.3212297637111743E-5
3,38;215;989,1.3206932952223999E-5
3,219;706;710,1.3196241028263327E-5
3,19;47;521,1.3172725132431624E-5
3,254;522;707,-1.3131642303533426E-5
3,520;523;553,-1.3124449384235654E-5
3,328;753;930,-1.310244597367647E-5
3,226;392;468,1.3079504160764228E-5
3,127;300;638,1.3047914042678105E-5
3,84;155;898,1.303706317458333E-5
3,109;180;354,1.302900227367209E-5
3,4;408;818,1.3027955047258961E-5
3,279;903;952,-1.3001739666770061E-5
3,9;658;750,-1.2995875412729174E-5
3,36;345;871,1.2982546189469895E-5
3,221;267;788,-1.2969835496205534E-5
3,183;926;931,1.2940792736711996E-5
3,15;526;639,1.2904981301175137E-5
3,405;645;722,-1.286264017677638E-5
3,304;454;957,1.2861856184671713E-5
3,165;909;933,1.285083051444079E-5
3,23;58;918,-1.284939529866376E-5
3,241;264;700,-1.2824091312565158E-5
3,159;373;990,-1.2802862909908896E-5
3,205;550;581,-1.2797145525437912E-5
3,108;354;395,1.2794713222943705E-5
3,330;427;437,1.2759487408392106E-5
3,572;938;965,1.2755677518894394E-5
3,8;131;283,-1.2751621511580103E-5
3,94;230;614,-1.2739427154998928E-5
3,96;223;801,-1.272957706654087E-5
3,20;424;839,1.2717619283180631E-5
3,377;492;755,-1.2712195074938336E-5
3,13;285;767,1.2633088002445294E-5
3,221;276;788,1.2583754334761936E-5
3,171;606;952,1.25046704652002E-5
3,439;465;870,-1.2471168217092758E-5
3,473;529;644,1.2462580965300195E-5
3,122;349;540,-1.2454012880482757E-5
3,22;91;703,1.2439888160773773E-5
3,9;787;922,-1.237153754803342E-5
3,573;714;848,1.2345616263715303E-5
3,51;476;952,-1.2338260195292488E-5
3,554;736;878,-1.232276857254707E-5
3,130;567;968,1.2315685572919233E-5
3,677;876;978,1.2305830129206601E-5
3,287;368;722,1.230006527731424E-5
3,249;511;900,-1.2258939262118005E-5
3,487;556;972,-1.2257063367988194E-5
3,128;341;965,1.225533197246822E-5
3,43;817;975,-1.2221864051112808E-5
3,43;94;230,1.221014030399864E-5
3,521;587;995,1.2155438680506288E-5
3,536;812;841,-1.2123667360661345E-5
3,116;203;625,1.2082766445688121E-5
3,180;255;447,-1.2062369112768437E-5
3,249;900;955,1.2054182506532223E-5
3,133;223;628,-1.2019672742977162E-5
3,186;205;698,1.2015604066538948E-5
3,29;242;919,-1.2011338665303226E-5
3,357;552;593,1.197092263830115E-5
3,229;604;810,-1.1961188315058838E-5
3,139;472;833,-1.1956930258996517E-5
3,109;343;444,1.1936894075162796E-5
3,15;639;659,1.1935295453827973E-5
3,300;683;947,-1.1913302095906492E-5
3,8;668;694,-1.1901470845413487E-5
3,474;569;856,-1.1878065328583682E-5
3,435;777;822,1.1812546872546688E-5
3,14;91;934,-1.178728116760143E-5
3,17;282;569,1.1690446812206566E-5
3,296;812;951,-1.1668667786770414E-5
3,278;440;512,-1.1662707817618412E-5
3,284;773;895,-1.1652257494578266E-5
3,372;969;986,1.1614465951314788E-5
3,449;820;858,1.1586088667455613E-5
3,121;481;586,1.158066075327207E-5
3,715;833;910,1.1580249489290442E-5
3,84;118;204,1.1571839229388933E-5
3,29;103;936,1.1566472549317885E-5
3,572;802;965,-1.1542714672429122E-5
3,141;179;743,-1.1520229786508546E-5
3,120;563;727,1.1519971546150192E-5
3,163;677;883,-1.1485816568066847E-5
3,261;460;818,1.1435532163625701E-5
3,16;486;595,1.1394176726054431E-5
3,180;283;572,-1.138982221136782E-5
3,322;892;901,1.1359939448057564E-5
3,508;672;886,-1.1352434094132724E-5
3,7;676;948,-1.1326078498286909E-5
3,27;344;844,1.1270275624975575E-5
3,489;557;830,-1.1262439718147644E-5
3,11;167;652,1.1255744011429051E-5
3,34;615;660,1.1229572289099572E-5
3,70;197;688,-1.1148925354744404E-5
3,143;269;507,1.113022376401502E-5
3,6;153;977,1.1094321191071704E-5
3,3;184;937,-1.1092546159574661E-5
3,237;382;603,-1.1090657629969886E-5
3,218;771;795,1.1089481843843188E-5
3,107;637;798,-1.1078398564230867E-5
3,42;54;995,-1.1048903262505648E-5
3,190;264;888,-1.1034194139746413E-5
3,90;96;159,-1.0930824078779385E-5
3,70;263;840,1.0923267882717262E-5
3,27;379;958,-1.0908827219270445E-5
3,333;799;946,-1.090537593028794E-5
3,264;589;973,-1.0873618545235477E-5
3,307;587;996,-1.0851543402262188E-5
3,198;464;963,-1.082368620497571E-5
3,9;394;719,1.0813475578406708E-5
3,743;806;887,-1.0801864667398888E-5
3,114;700;817,1.0767588773285223E-5
3,435;474;622,1.075856275852452E-5
3,323;371;609,-1.0736312613578956E-5
3,169;588;644,1.0734240831732079E-5
3,324;492;735,-1.0682105546012448E-5
3,7;437;760,1.0629192024799332E-5
3,48;476;948,-1.0615776867156299E-5
3,81;313;382,-1.0613446149429919E-5
3,265;430;434,-1.058655366862256E-5
3,311;436;590,1.057837924795256E-5
3,261;291;522,1.0563288056555653E-5
3,467;469;791,-1.053176975009345E-5
3,578;829;910,1.0523364934366745E-5
3,535;717;743,1.0512078034821674E-5
3,108;354;503,-1.0505597531576295E-5
3,114;405;566,1.0487235761960659E-5
3,307;612;925,-1.0391338714070178E-5
3,505;566;580,-1.0328664031969068E-5
3,412;548;786,1.0322194703498996E-5
3,285;867;975,-1.0321965836913881E-5
3,129;173;812,1.0264757608190892E-5
3,535;760;915,-1.0256438664326212E-5
3,267;477;504,-1.0256072256443656E-5
3,336;892;901,-1.0244281700820313E-5
3,35;543;759,-1.023662095235521E-5
3,203;386;553,1.0228631189039751E-5
3,41;73;535,-1.0205010783977745E-5
3,73;705;724,1.0137700577092374E-5
3,215;250;662,-1.0136624676973613E-5
3,369;860;999,-1.009329764194395E-5
3,280;618;644,1.0072982541496197E-5
3,156;215;783,1.0060904164769499E-5
3,196;549;653,-1.005315516703606E-5
3,55;81;305,1.0041561192018648E-5
3,174;882;992,1.00351788085222E-5
3,332;898;916,9.961941705709971E-6
3,29;161;708,-9.960084590823613E-6
3,436;532;659,9.934858960033834E-6
3,116;203;742,-9.922789252109932E-6
3,132;907;912,9.896774093732304E-6
3,433;679;856,-9.883914670353725E-6
3,466;541;770,9.826697014684513E-6
3,260;378;500,9.819986627229105E-6
3,152;331;922,9.8171036212241E-6
3,56;183;522,-9.760685894541169E-6
3,155;380;805,-9.743014060124269E-6
3,142;739;798,9.724258207943114E-6
3,70;224;263,-9.714758847292137E-6
3,149;494;887,9.701879968383099E-6
3,155;683;878,9.677965936795916E-6
3,234;488;963,-9.67596400982923E-6
3,194;254;739,-9.62777136769663E-6
3,816;872;946,-9.626411241686576E-6
3,70;840;945,9.621360346689589E-6
3,69;155;374,-9.616335429644734E-6
3,524;556;811,-9.593356259866633E-6
3,329;654;901,9.562384133118725E-6
3,282;417;651,-9.546499929349493E-6
3,39;340;583,9.543552998584975E-6
3,251;315;691,-9.542748092178691E-6
3,392;680;718,-9.51453142268547E-6
3,42;222;662,-9.513197185937038E-6
3,478;652;872,-9.504889392191026E-6
3,131;601;686,-9.490502006090813E-6
3,128;412;493,9.487959417845956E-6
3,315;535;925,9.46904544672799E-6
3,454;486;686,-9.411528922496852E-6
3,419;457;638,9.407623984536414E-6
3,401;759;813,-9.403381726414327E-6
3,25;198;769,9.397137194938607E-6
3,325;504;731,9.38613223196573E-6
3,69;418;586,9.2763241755199E-6
3,604;618;932,9.23239522831091E-6
3,507;648;878,9.231240031591835E-6
3,588;747;811,9.23027242439979E-6
3,141;513;874,-9.203235978532718E-6
3,50;238;430,-9.196318986893153E-6
3,181;395;872,9.194795047871172E-6
3,658;745;872,-9.142998184713959E-6
3,331;922;954,-9.103517094098145E-6
3,382;812;951,-9.085880395215316E-6
3,170;264;700,9.056109026732603E-6
3,2;190;809,9.03252056572304E-6
3,108;366;680,-9.024031962754856E-6
3,465;537;870,8.980885970576092E-6
3,244;333;946,8.947622186819777E-6
3,73;535;784,8.925421001959817E-6
3,297;364;772,8.850228188492307E-6
3,228;709;907,-8.840997727610635E-6
3,36;460;521,-8.822835972660634E-6
3,365;473;513,8.653609916755012E-6
3,486;608;964,8.590852143206471E-6
3,30;119;151,-8.540976499966824E-6
3,425;755;796,8.53702508125065E-6
3,158;414;500,-8.523712459463533E-6
3,89;402;422,-8.50814264226013E-6
3,381;547;989,8.475459067293196E-6
3,7;60;629,8.362624018232192E-6
3,419;652;737,-8.357352001553153E-6
3,155;191;380,8.357089780409354E-6
3,406;546;707,8.285081370141674E-6
3,416;447;875,8.262434298095992E-6
3,147;643;726,8.2615316311875E-6
3,313;568;974,8.260576463721214E-6
3,638;698;778,-8.223581357868603E-6
3,398;521;940,8.163591255597221E-6
3,372;492;982,8.159738637405906E-6
3,259;569;856,8.152449052339778E-6
3,294;380;727,8.131081717228892E-6
3,93;266;488,8.121455443200754E-6
3,620;822;922,-8.096084817412385E-6
3,112;310;936,-8.068240880215246E-6
3,48;621;635,-8.042733825240692E-6
3,417;584;685,8.011825498194451E-6
3,547;586;970,-7.998773338154887E-6
3,324;690;933,-7.935017899543456E-6
3,99;759;811,-7.906058465140483E-6
3,664;824;952,7.89751152533387E-6
3,103;421;487,-7.866446545300617E-6
3,486;608;985,7.858356407514013E-6
3,178;429;832,7.852681954449166E-6
3,4;509;641,7.821900579061695E-6
3,235;412;786,-7.800198402386611E-6
3,211;597;659,7.740929450684532E-6
3,17;282;779,7.733329984352714E-6
3,65;231;379,7.725523692091057E-6
3,116;436;706,-7.703420140531498E-6
3,156;267;504,-7.662461493349114E-6
3,298;768;861,-7.617125905524269E-6
3,804;876;939,-7.608906614067476E-6
3,554;615;748,-7.6037000788316544E-6
3,147;308;326,-7.584541335421704E-6
3,143;780;939,7.579395211647251E-6
3,176;928;991,7.555137387799476E-6
3,431;838;969,7.536234930191198E-6
3,515;594;737,7.4672767833424E-6
3,70;259;517,-7.433742824409138E-6
3,473;690;830,7.423618180230268E-6
3,399;675;835,-7.407537465383224E-6
3,89;141;230,-7.371778145175493E-6
3,152;193;801,7.35039792668965E-6
3,246;881;905,7.349921830363419E-6
3,173;727;878,7.332743478387381E-6
3,231;627;928,7.3110603943974536E-6
3,244;332;885,-7.289010216585026E-6
3,325;689;988,7.274442541116047E-6
3,161;323;460,7.238125014320342E-6
3,107;460;737,-7.197738890870678E-6
3,267;658;750,7.091565423555282E-6
3,306;537;661,7.0820733264653975E-6
3,175;221;683,7.075398787184148E-6
3,67;514;537,7.037844423225512E-6
3,20;424;863,-7.031546137521466E-6
3,118;712;775,7.016596906261809E-6
3,161;250;524,-7.010550863526179E-6
3,74;256;538,6.989365813039182E-6
3,68;744;781,6.967392024038316E-6
3,312;389;390,-6.963700797791586E-6
3,53;769;855,-6.938728870655553E-6
3,717;765;995,6.915560066160363E-6
3,274;726;802,-6.846195521589854E-6
3,221;267;276,6.833100461606144E-6
3,243;537;661,6.806163271623984E-6
3,403;813;955,6.795270923844798E-6
3,646;656;891,6.744749592803745E-6
3,122;349;826,6.723279332392085E-6
3,93;818;822,-6.707033247375462E-6
3,489;782;899,-6.677866134929919E-6
3,764;769;944,-6.665477511115341E-6
3,29;316;805,6.525456285552713E-6
3,198;333;769,6.517516863338818E-6
3,240;766;802,-6.515877248380348E-6
3,844;850;929,6.51499265759898E-6
3,724;808;915,6.479092332673117E-6
3,18;277;443,6.478084212826009E-6
3,113;772;915,6.452059234951138E-6
3,106;448;559,6.431174722740928E-6
3,223;628;665,-6.409830172042656E-6
3,146;182;190,-6.389541124353991E-6
3,253;437;680,6.38559297627183E-6
3,215;565;981,-6.348881489752676E-6
3,164;534;863,-6.2579839556630646E-6
3,431;453;969,-6.2368493353415E-6
3,178;775;832,6.2279206982998535E-6
3,410;600;792,6.2025664789955655E-6
3,141;461;629,6.199117892528812E-6
3,288;534;881,6.197775930197637E-6
3,166;405;783,6.1148822554832545E-6
3,520;927;959,-6.090415565090837E-6
3,19;521;621,-6.042399953734075E-6
3,259;583;893,-5.986718448520153E-6
3,9;564;922,-5.984252391306712E-6
3,430;582;831,-5.900076780364555E-6
3,463;543;908,5.892998810451015E-6
3,625;897;994,-5.883701491096537E-6
3,279;577;903,-5.873701283611567E-6
3,15;201;434,-5.857209660865954E-6
3,146;335;713,5.843711719521805E-6
3,596;737;879,-5.821779004029415E-6
3,228;866;907,5.781915621015564E-6
3,458;686;996,5.758331446810316E-6
3,0;98;612,5.750796482894352E-6
3,171;676;952,-5.729693169065006E-6
3,134;302;776,5.694986449227759E-6
3,45;516;893,-5.692779234656942E-6
3,378;432;661,5.656569814849667E-6
3,190;419;940,-5.632626274390637E-6
3,217;397;803,5.583884865490337E-6
3,16;182;190,5.557533469773085E-6
3,226;566;607,-5.5502029465842945E-6
3,440;563;845,5.544765193439591E-6
3,16;180;715,5.517349500579215E-6
3,537;759;939,5.506359187455713E-6
3,131;262;334,-5.5041920540467096E-6
3,131;283;612,-5.472667817219681E-6
3,401;687;746,-5.469914509308713E-6
3,121;473;833,5.462690343494385E-6
3,325;525;731,5.4452257126264E-6
3,62;470;756,5.443277787673124E-6
3,571;900;984,-5.44079502792564E-6
3,893;915;919,5.406838868568569E-6
3,116;625;742,-5.389768989805282E-6
3,300;925;947,5.349602794084335E-6
3,593;602;628,5.32601048981917E-6
3,196;340;583,-5.304396690203092E-6
3,102;520;565,-5.283957412901989E-6
3,34;564;826,-5.209460936787494E-6
3,31;927;959,5.179559877303272E-6
3,386;474;669,-5.173349737963358E-6
3,587;615;660,5.171986819727428E-6
3,364;526;857,-5.167482097581965E-6
3,124;370;792,-5.16233464971852E-6
3,113;158;188,-5.157678696506734E-6
3,245;389;860,5.114519876741268E-6
3,115;400;798,-5.111152885071371E-6
3,401;690;830,-5.088668983471392E-6
3,408;934;988,-5.0540566839455405E-6
3,378;443;819,5.0532810936962385E-6
3,508;800;805,5.041360987118534E-6
3,162;223;825,5.0117043538983265E-6
3,372;930;959,4.9976871012725745E-6
3,369;586;878,-4.9927677501400145E-6
3,221;667;881,-4.971623112930632E-6
3,127;876;978,4.928064549469792E-6
3,178;656;891,4.87587433006953E-6
3,62;201;756,-4.858385889999657E-6
3,62;531;610,-4.8491405989395315E-6
3,422;918;995,-4.807080201146584E-6
3,325;504;525,-4.7764945302562615E-6
3,32;348;617,-4.753193962883811E-6
3,310;469;883,-4.740190601418476E-6
3,712;805;855,-4.728309989411372E-6
3,94;388;706,-4.706942249765811E-6
3,174;423;602,4.67005998747115E-6
3,418;709;946,-4.633128264658288E-6
3,180;217;447,-4.594013911695769E-6
3,124;602;875,4.579053174191286E-6
3,79;162;519,4.544653473966293E-6
3,2;190;721,-4.4879013199068395E-6
3,267;316;698,-4.4775276913811975E-6
3,175;273;727,-4.473498025639844E-6
3,277;390;822,4.4436005811044345E-6
3,297;772;870,-4.415414794607511E-6
3,580;870;998,-4.3850328087034346E-6
3,6;119;892,-4.355853415023605E-6
3,357;427;537,4.307214082001E-6
3,324;579;735,-4.259428629497401E-6
3,436;517;562,-4.255006700490588E-6
3,11;652;798,-4.234628635579191E-6
3,160;228;291,4.183193212853494E-6
3,175;475;650,-4.129050377979573E-6
3,528;573;875,4.11369747330858E-6
3,437;884;921,4.110616106038169E-6
3,175;469;953,4.10028634204053E-6
3,339;455;843,4.075074123543202E-6
3,176;483;785,-4.075029190248998E-6
3,76;358;791,-4.073401310258622E-6
3,71;751;835,-4.0720940019903095E-6
3,172;294;952,-4.062863139263697E-6
3,128;695;834,4.049984058274038E-6
3,118;177;775,-4.004621799320991E-6
3,351;550;659,3.9936137318868496E-6
3,299;661;703,-3.9725626099785595E-6
3,448;451;746,-3.968661508410993E-6
3,392;590;685,3.964241557813275E-6
3,190;336;940,3.954500110640566E-6
3,531;610;676,3.9147451021082986E-6
3,90;491;729,3.909609221097225E-6
3,586;593;899,-3.908860198583636E-6
3,297;738;969,-3.905273630635426E-6
3,172;556;952,3.874700450454155E-6
3,212;520;878,-3.860709753551732E-6
3,244;710;716,-3.8220606929827085E-6
3,401;670;687,-3.794647659293063E-6
3,314;398;940,3.7858234280174E-6
3,441;532;659,-3.6530822207573242E-6
3,137;320;533,-3.63740234459798E-6
3,60;277;298,3.613491607497188E-6
3,414;557;786,3.584809301482299E-6
3,284;397;562,3.5590668357351196E-6
3,690;719;933,3.5484467570760655E-6
3,97;218;922,3.460452746296125E-6
3,43;263;978,-3.458863354301553E-6
3,210;548;770,-3.4079958509469627E-6
3,63;214;236,-3.390191161149081E-6
3,190;609;884,-3.348441335122611E-6
3,289;957;980,-3.341048201509829E-6
3,225;640;813,-3.2553699385321974E-6
3,483;930;982,3.248258347069502E-6
3,522;530;988,-3.2066372205165133E-6
3,144;657;778,-3.1834413017752737E-6
3,173;829;889,-3.1449051837251496E-6
3,456;940;984,-3.088791550421417E-6
3,173;718;812,3.057655990726306E-6
3,446;688;842,3.0565969015544578E-6
3,274;802;906,-3.038594723723538E-6
3,638;657;826,3.030857275924628E-6
3,151;226;265,-3.027930135438596E-6
3,3;320;973,3.007334166725273E-6
3,593;680;899,-2.997816789736152E-6
3,45;494;597,-2.9808733857355634E-6
3,262;442;571,-2.963616081574576E-6
3,215;355;853,2.9580725705063427E-6
3,346;514;537,-2.951045729241986E-6
3,377;872;945,2.9412463979872973E-6
3,262;442;632,-2.9328291443916146E-6
3,350;730;929,2.8908797653909234E-6
3,9;37;999,2.877542501465838E-6
3,91;349;929,2.86407362855106E-6
3,811;963;980,-2.8393596336248955E-6
3,47;168;244,2.8173571641848738E-6
3,482;713;977,2.8069581762055485E-6
3,286;701;955,-2.7901513798204157E-6
3,344;686;996,2.7722794700872562E-6
3,517;816;872,-2.742551494816864E-6
3,369;539;848,-2.7363020941904292E-6
3,0;98;370,-2.706218192090937E-6
3,143;518;791,2.657641122961775E-6
3,843;870;888,2.6434186786584226E-6
3,253;317;449,2.6397252282753526E-6
3,3;71;321,-2.58835976156354E-6
3,215;608;959,-2.5851407253917534E-6
3,55;311;671,-2.5834251613461106E-6
3,61;586;802,2.558205282463151E-6
3,497;511;838,2.484088809628693E-6
3,437;662;867,2.4575545852658433E-6
3,240;876;878,-2.3889288924766745E-6
3,29;589;805,2.313937617140327E-6
3,77;128;834,2.2422532641403203E-6
3,37;217;886,2.2325928607938236E-6
3,100;300;997,2.2200654657057382E-6
3,379;565;616,-2.1917662073989845E-6
3,14;166;819,-2.1160073708114194E-6
3,444;535;795,-2.101961788780478E-6
3,3;71;123,2.0968678062166372E-6
3,254;486;918,-2.0854220559610724E-6
3,9;564;787,2.0669436543579513E-6
3,508;567;711,-2.042941387874142E-6
3,32;215;300,-1.9909429404792248E-6
3,47;538;694,-1.9731333046945703E-6
3,505;823;848,-1.963035781495294E-6
3,13;761;767,1.9593634455084274E-6
3,101;489;961,1.9485906851815643E-6
3,208;240;901,-1.936460665058912E-6
3,319;408;873,1.934730118947653E-6
3,188;330;595,-1.9036669994299468E-6
3,405;896;997,-1.8979757014388477E-6
3,554;654;705,-1.8308444701612207E-6
3,342;547;970,1.735291969884506E-6
3,636;703;768,1.7302124058432359E-6
3,124;337;512,1.7016821075541837E-6
3,653;756;815,1.6976507429379978E-6
3,472;765;995,-1.6799813486214898E-6
3,39;204;884,1.6603527876518505E-6
3,141;184;349,-1.6192321804927925E-6
3,259;474;569,1.5296167783227511E-6
3,145;359;813,-1.5027713511513095E-6
3,35;478;601,1.5003660107000065E-6
3,84;204;485,-1.4373545621694239E-6
3,21;227;749,1.4313434962466774E-6
3,156;196;889,-1.4127264894566658E-6
3,83;499;995,-1.4061510369680342E-6
3,437;747;884,1.3846098095649032E-6
3,40;900;928,-1.3694112787605435E-6
3,68;113;744,1.2830028475208089E-6
3,27;379;804,-1.2757250939525385E-6
3,153;280;644,1.2608007073279318E-6
3,84;357;552,1.1817575065676752E-6
3,144;190;778,1.1664312345996893E-6
3,89;449;490,1.0962620986485275E-6
3,231;694;888,-1.081351909202999E-6
3,36;460;539,-1.076421234226889E-6
3,800;805;846,1.0709076433561143E-6
3,1;35;945,-1.066402646366496E-6
3,174;330;427,-1.062866350092305E-6
3,401;473;690,-1.0361983653813245E-6
3,79;424;512,1.0199893225065204E-6
3,187;662;956,-1.008663648295785E-6
3,155;479;898,9.758056026909074E-7
3,181;253;341,9.440395492808507E-7
3,70;263;742,8.570447219658981E-7
3,48;849;856,-8.553011486041734E-7
3,93;136;266,8.537057347497088E-7
3,297;738;754,-8.431235334848755E-7
3,244;710;912,8.42328771369312E-7
3,195;222;795,-8.260990524830148E-7
3,170;597;723,8.102023044466098E-7
3,385;670;946,7.881507381236122E-7
3,186;435;662,-7.573252692263527E-7
3,111;830;849,7.329661708457627E-7
3,62;395;872,-7.252142296598485E-7
3,247;425;528,-6.560647827962979E-7
3,636;743;991,-6.423493155279028E-7
3,286;748;827,6.383920097632126E-7
3,237;592;710,6.017189413670896E-7
3,575;588;747,5.872972329033568E-7
3,12;478;960,4.7997715896448E-7
3,586;680;899,4.3717694918050944E-7
3,155;343;586,4.2757411395692727E-7
3,48;306;568,-4.186638597793585E-7
3,243;568;974,4.121276053518086E-7
3,262;286;718,-3.7278304489788553E-7
3,354;395;503,3.6829567501697747E-7
3,3;34;320,3.661758766492079E-7
3,53;714;855,-3.365748192736759E-7
3,266;796;821,3.0305575545748474E-7
3,335;478;679,3.016242535472044E-7
3,16;65;294,-2.9627224959474783E-7
3,535;536;760,-2.7538648357042924E-7
3,529;566;644,-2.5491548356036675E-7
3,240;264;337,2.0336206214552344E-7
3,8;606;653,-2.0251898261103297E-7
3,548;751;770,-1.8919813459326167E-7
3,232;565;687,1.6040717735279348E-7
3,38;118;402,1.5093963811325244E-7
3,39;341;961,-1.4039676234111483E-7
3,424;445;775,1.2891175622151836E-7
3,215;258;608,1.2339335640546013E-7
3,185;268;793,2.2510539064844737E-8
3,39;196;340,-1.6783655559085565E-8
4,606;702;855;973,2.7034744544821856E-4
4,45;377;494;597,-2.1916990351136695E-4
4,344;497;511;838,-2.1727588552468768E-4
4,72;237;592;710,2.0347065943736683E-4
4,297;364;772;870,2.0146505287292287E-4
4,508;800;805;846,-1.9436107567042706E-4
4,446;643;734;750,1.9413300401324826E-4
4,449;742;837;898,-1.9303003233801292E-4
4,84;118;204;485,-1.9221850806375225E-4
4,625;723;897;994,1.8969749519654437E-4
4,568;878;890;998,1.8439285049938055E-4
4,215;250;464;662,-1.831010941681031E-4
4,91;600;781;979,-1.8276477935351822E-4
4,289;338;957;980,-1.7976997379962932E-4
4,231;550;933;941,1.7789904137592428E-4
4,401;759;813;855,-1.7765373031350303E-4
4,288;577;806;966,1.7765034361069264E-4
4,12;136;407;590,-1.7673390775542637E-4
4,132;188;907;912,-1.7619882848109966E-4
4,138;268;836;932,-1.7328985989842045E-4
4,176;483;785;870,-1.7011370589289492E-4
4,137;167;627;818,-1.6986842483707404E-4
4,16;486;595;996,1.698134505926664E-4
4,136;595;862;869,1.6795749996090077E-4
4,435;474;622;708,1.6784654145175684E-4
4,480;606;760;973,-1.664723836502809E-4
4,461;816;931;987,1.6646471648291592E-4
4,274;383;558;886,1.6221839042448988E-4
4,179;307;587;996,1.6198471310037454E-4
4,72;252;333;559,1.619004118417812E-4
4,150;220;238;482,1.6162085257209958E-4
4,123;791;909;983,-1.606903740419449E-4
4,299;661;703;781,1.6013058876559558E-4
4,200;220;678;803,-1.589017658621874E-4
4,54;145;264;830,-1.5687097577443045E-4
4,148;192;470;864,-1.5526235303224756E-4
4,439;531;648;801,-1.498096763860273E-4
4,344;458;686;996,1.493388194410355E-4
4,120;303;563;727,1.4833499144570905E-4
4,68;499;764;794,1.4832924405465213E-4
4,5;413;501;664,-1.4830877169717693E-4
4,158;248;260;526,-1.48077562875439E-4
4,67;417;598;603,1.4650524356141724E-4
4,381;547;659;989,1.458992114236083E-4
4,165;572;650;946,-1.451210099548771E-4
4,392;680;718;819,1.442485632556404E-4
4,466;541;770;838,1.4406161083378377E-4
4,12;243;275;391,1.4363293689905894E-4
4,48;530;849;856,1.4320161262042192E-4
4,310;469;649;883,-1.4241586032980136E-4
4,41;60;277;298,1.4227301092823463E-4
4,246;254;295;658,-1.410820033411686E-4
4,136;459;774;776,-1.410003878899067E-4
4,383;410;600;792,-1.4068854407804098E-4
4,411;683;704;998,1.4028209708735946E-4
4,172;294;556;952,-1.3791494812508506E-4
4,122;349;540;826,-1.3789360029876113E-4
4,186;357;435;662,1.370270378504135E-4
4,260;378;383;500,-1.3655295444209083E-4
4,287;388;654;940,-1.3645452643725814E-4
4,256;448;451;746,1.361278111939676E-4
4,63;214;236;299,-1.3606197141767496E-4
4,5;175;588;857,-1.3511811968103523E-4
4,250;285;663;672,-1.3408926719169346E-4
4,237;382;568;603,-1.33964746770325E-4
4,408;811;963;980,1.3347386046228744E-4
4,3;184;529;937,1.3346191260882328E-4
4,22;506;541;588,1.328473036884783E-4
4,98;153;372;517,1.322342662951312E-4
4,0;19;232;815,-1.3160245228872931E-4
4,394;400;756;758,1.3147658753458657E-4
4,114;405;566;668,1.312938910292021E-4
4,93;115;400;798,1.3040580031606477E-4
4,414;543;676;834,1.2939545398922529E-4
4,114;201;203;716,-1.2887948523290172E-4
4,274;508;561;613,-1.287330124186355E-4
4,244;332;460;885,1.2752109173501904E-4
4,612;843;864;935,1.2742237290778446E-4
4,508;672;835;886,-1.2690238369556707E-4
4,320;650;812;977,-1.26494227634317E-4
4,354;498;762;984,-1.2579044669820794E-4
4,27;196;460;840,-1.251075199157413E-4
4,8;663;720;837,1.2506988336980575E-4
4,400;607;637;980,-1.2501580035646597E-4
4,50;249;550;873,-1.2498141984260822E-4
4,61;284;430;716,-1.249300935642183E-4
4,27;212;520;878,1.24920273718521E-4
4,70;224;263;742,1.2480354460983714E-4
4,122;336;499;512,-1.2472134492564103E-4
4,277;393;466;728,-1.2465350011323046E-4
4,156;215;631;783,1.2464471194645208E-4
4,19;161;428;889,1.2449348075624982E-4
4,42;342;468;810,-1.244410290885225E-4
4,261;291;336;522,-1.240289776871498E-4
4,454;486;601;686,-1.2340036486187763E-4
4,143;148;436;728,-1.2281823006778084E-4
4,367;544;554;629,1.226221542814412E-4
4,73;372;969;986,1.221692294880633E-4
4,342;522;840;849,-1.2206113839407082E-4
4,186;630;807;859,-1.2159721820953282E-4
4,175;382;439;599,1.2099303499421523E-4
4,403;770;773;843,1.2054971914189255E-4
4,79;162;192;519,1.2043292539636922E-4
4,16;180;475;715,-1.199303774892464E-4
4,341;704;719;987,1.1942917512338088E-4
4,63;419;457;638,-1.184329996148836E-4
4,161;227;250;524,-1.1803715347772397E-4
4,267;372;492;982,1.1786345237146775E-4
4,537;629;955;994,1.1733452572132735E-4
4,159;501;591;636,-1.1721934750711854E-4
4,190;336;419;940,1.1667995370788689E-4
4,284;291;763;835,-1.164552314561113E-4
4,95;222;785;867,1.1635628571443147E-4
4,159;655;670;738,-1.1610750789940465E-4
4,121;185;614;947,-1.1589518165084045E-4
4,171;230;657;907,1.1443648158216591E-4
4,42;54;266;995,-1.1431938231368094E-4
4,35;478;601;757,-1.1428110987053972E-4
4,271;273;821;981,1.1418409680733186E-4
4,176;789;908;999,1.1399634183029223E-4
4,125;508;567;711,1.1321581138880168E-4
4,241;433;807;969,1.132102450521628E-4
4,93;144;508;555,-1.1306100608542369E-4
4,174;272;882;992,-1.1282950456816718E-4
4,123;377;872;945,1.1271858115145644E-4
4,253;317;449;481,-1.1266958951371798E-4
4,0;253;437;680,1.1241540854755909E-4
4,46;266;606;806,1.121951603902985E-4
4,524;604;622;933,-1.1215527760937047E-4
4,286;707;748;827,1.1198261926068083E-4
4,361;416;447;875,-1.1197828389387884E-4
4,226;329;654;901,1.1194635723745459E-4
4,51;476;867;952,1.1190201617199289E-4
4,27;379;804;958,-1.1179922021086314E-4
4,178;211;346;592,-1.1160554314429588E-4
4,294;380;727;803,-1.112938157934543E-4
4,136;224;293;662,1.108025093788643E-4
4,1;460;480;824,-1.1061544221704072E-4
4,132;143;518;791,1.1053428379089856E-4
4,14;91;409;934,-1.0963079662823483E-4
4,81;229;372;940,-1.088737083288529E-4
4,385;536;579;641,1.0817463196630157E-4
4,353;369;586;878,-1.0764818895171583E-4
4,14;711;729;902,-1.0744107939434585E-4
4,463;543;908;968,1.0736536282674647E-4
4,10;82;273;863,-1.0715552966253523E-4
4,535;677;717;743,-1.0628061985688859E-4
4,387;681;740;925,-1.0595797256276596E-4
4,93;480;818;822,-1.0564804360560528E-4
4,77;100;227;775,1.052984742140225E-4
4,163;454;605;736,1.0346321541746582E-4
4,224;415;463;534,1.0345033816767373E-4
4,47;511;566;877,1.0291286358179588E-4
4,330;342;508;790,1.0258684073561342E-4
4,0;9;351;490,1.0256232910722238E-4
4,395;424;681;864,-1.023059406707965E-4
4,84;155;479;898,1.022680545101901E-4
4,43;211;685;764,1.0216592064853857E-4
4,9;394;659;719,-1.016848481960014E-4
4,47;430;582;831,-1.0162204438937573E-4
4,85;97;218;922,-1.0160877737934253E-4
4,95;98;470;614,1.0129732455530588E-4
4,116;203;625;742,1.0123415831662019E-4
4,87;347;850;908,1.0103038542841814E-4
4,133;223;628;665,-1.0081091114547059E-4
4,39;259;518;652,1.0059135880832765E-4
4,380;619;850;921,1.0027309061601683E-4
4,552;593;602;628,-1.0010005864892466E-4
4,39;341;681;961,-1.0003256500920959E-4
4,69;155;374;773,-9.986250383279427E-5
4,348;356;643;900,-9.975680063536418E-5
4,93;136;266;488,-9.970088678567215E-5
4,79;424;458;512,9.965305811615535E-5
4,242;286;483;793,9.940035992900659E-5
4,226;736;743;776,9.93184355656667E-5
4,153;280;618;644,-9.916234240075958E-5
4,85;348;747;880,-9.88952725962047E-5
4,489;724;738;845,-9.831629491113472E-5
4,96;274;593;845,9.809721343783372E-5
4,233;571;696;951,9.804001391418039E-5
4,283;468;570;914,-9.802246716154096E-5
4,495;754;829;883,-9.784377962158871E-5
4,277;390;822;860,9.761261950946163E-5
4,275;290;616;776,9.750802371337217E-5
4,98;100;149;694,9.741117215975823E-5
4,295;441;502;570,9.681982817056054E-5
4,99;118;675;894,-9.634757730917578E-5
4,128;412;462;493,9.632928782520378E-5
4,83;114;192;855,9.62377486392258E-5
4,90;102;309;361,9.575675678033319E-5
4,178;429;775;832,-9.537960039784427E-5
4,424;445;775;915,-9.531474702080375E-5
4,323;505;823;848,-9.526475597303533E-5
4,88;614;692;793,-9.521316898745781E-5
4,203;578;829;910,-9.511165052776038E-5
4,169;264;757;990,9.504083265191271E-5
4,75;298;801;911,-9.49550635190074E-5
4,171;606;676;952,-9.475434065812124E-5
4,342;698;822;945,-9.466730629782485E-5
4,658;745;872;918,-9.457670593786824E-5
4,357;360;460;701,-9.430061826505657E-5
4,365;473;513;640,9.402187690789776E-5
4,187;580;870;998,9.394608167184944E-5
4,72;405;613;820,9.39266984010966E-5
4,62;531;610;676,-9.391601793301499E-5
4,146;260;446;931,9.331365867073999E-5
4,246;443;881;905,9.309176976251424E-5
4,318;380;610;681,-9.289000185311547E-5
4,29;316;589;805,-9.276308414631887E-5
4,236;380;687;690,-9.265363167766616E-5
4,62;201;470;756,9.241615951071273E-5
4,43;217;397;803,-9.223803635736947E-5
4,132;358;398;593,9.21512316534072E-5
4,2;179;208;864,-9.211352440309657E-5
4,209;289;788;831,-9.206147437262602E-5
4,320;446;688;842,9.198038436422954E-5
4,572;754;908;937,-9.1845232192244E-5
4,5;386;687;991,-9.136956268146467E-5
4,282;367;778;963,-9.112220335787187E-5
4,175;396;469;953,-9.110065049893627E-5
4,101;485;489;961,9.084256495061279E-5
4,263;559;637;962,9.056242026215584E-5
4,21;227;236;749,-9.041649769257645E-5
4,127;300;382;638,9.031585805171522E-5
4,185;472;710;811,-9.021096950541035E-5
4,54;260;588;973,9.015801539038948E-5
4,109;399;592;655,8.994177482245069E-5
4,121;494;758;846,-8.949160566938944E-5
4,124;602;875;935,-8.924734793662371E-5
4,192;350;379;961,-8.908559065704014E-5
4,71;751;835;854,8.893552225002608E-5
4,203;289;308;349,-8.862676542055455E-5
4,99;209;759;811,8.859906431518627E-5
4,324;492;579;735,8.836230300508415E-5
4,134;160;846;986,8.824528298017272E-5
4,517;816;872;946,-8.804082036372937E-5
4,379;565;616;801,-8.76992954953747E-5
4,262;442;571;632,8.763073767675472E-5
4,312;525;750;914,-8.754835781384719E-5
4,34;112;506;520,-8.748118161062041E-5
4,80;305;564;684,8.692038950925241E-5
4,492;864;912;944,8.61905619201912E-5
4,394;653;756;815,8.600142728684715E-5
4,591;771;807;956,8.597608210711644E-5
4,30;108;396;814,-8.556937206700204E-5
4,627;649;722;965,8.556443857646468E-5
4,247;425;528;714,-8.498024279713143E-5
4,134;604;670;987,-8.487284686293953E-5
4,65;231;379;587,-8.453964190645544E-5
4,217;240;420;978,-8.429173718505806E-5
4,48;566;621;635,8.377322254804657E-5
4,487;556;906;972,-8.366230801887865E-5
4,238;500;629;680,8.353491751349204E-5
4,342;638;657;826,-8.336921242067483E-5
4,284;397;404;562,8.335665709805523E-5
4,439;465;537;870,8.316636985057091E-5
4,442;819;938;941,-8.292153299504452E-5
4,34;267;564;826,8.275317944006525E-5
4,49;67;158;727,-8.250989146430921E-5
4,97;362;551;894,-8.249135600668342E-5
4,329;573;714;848,-8.234806131712337E-5
4,107;398;460;737,8.212163447852892E-5
4,124;311;321;567,8.208880360721759E-5
4,104;190;303;975,8.190231806154039E-5
4,146;360;433;513,-8.187962277831603E-5
4,40;367;900;928,-8.166666641075091E-5
4,10;145;225;385,-8.162577200830221E-5
4,236;735;765;964,8.15731170142322E-5
4,403;624;813;955,8.137770790232823E-5
4,131;601;686;775,8.118247240119628E-5
4,266;750;796;821,8.111482433501869E-5
4,55;138;272;936,-8.08057870389255E-5
4,2;42;450;950,-8.053941242636556E-5
4,198;464;739;963,8.045177889546277E-5
4,62;181;395;872,-7.997585607337962E-5
4,111;375;830;849,-7.957793749271635E-5
4,199;233;646;756,7.940137083657181E-5
4,416;703;779;932,-7.931554200491703E-5
4,67;390;478;511,7.91736151763012E-5
4,58;221;667;881,7.862212145063943E-5
4,152;335;478;679,-7.85852855659665E-5
4,359;471;513;653,-7.853703834934252E-5
4,296;431;435;611,7.850793917830668E-5
4,155;191;380;805,7.823583249813652E-5
4,586;593;680;899,7.814499597383902E-5
4,53;69;678;758,7.78997360587984E-5
4,489;564;762;987,7.788960929662287E-5
4,290;462;530;910,7.761767382766473E-5
4,274;726;802;906,-7.756371572503851E-5
4,234;241;371;577,-7.726707513238231E-5
4,111;274;285;481,-7.711641566212235E-5
4,112;310;936;966,7.684259484989145E-5
4,176;529;928;991,-7.680927786339442E-5
4,226;392;468;923,7.664120955505193E-5
4,134;302;443;776,7.631287455645153E-5
4,90;96;159;336,-7.613258336481824E-5
4,175;599;814;863,-7.612700366643937E-5
4,369;374;539;848,-7.60677292944867E-5
4,352;711;730;829,7.588515381553138E-5
4,232;565;687;740,7.55109747603835E-5
4,123;331;521;635,-7.545698446790575E-5
4,79;266;763;985,7.529705257570901E-5
4,244;710;716;912,7.495944964415727E-5
4,37;217;886;964,7.493195699179225E-5
4,23;56;183;522,7.488763741283725E-5
4,165;253;613;841,-7.481345418263493E-5
4,307;612;772;925,7.447708462217881E-5
4,6;153;327;977,7.440403139971693E-5
4,84;295;880;900,7.408010346184999E-5
4,471;515;665;713,7.376499964673089E-5
4,211;474;783;815,7.374938123825534E-5
4,156;303;333;642,7.37344158340398E-5
4,385;415;552;959,-7.361782265648338E-5
4,260;363;456;518,7.337551315935115E-5
4,7;60;629;667,-7.336277852679226E-5
4,104;125;287;477,7.30792396484333E-5
4,304;484;543;604,7.295674999370887E-5
4,36;173;829;889,7.244330313032704E-5
4,169;374;511;672,-7.243123226962217E-5
4,637;763;840;965,7.233803370700715E-5
4,241;522;527;848,7.221182041684132E-5
4,210;548;751;770,-7.211863091555137E-5
4,301;309;769;899,7.196420253018323E-5
4,491;600;625;734,7.188332601717736E-5
4,80;218;771;795,-7.184993055250073E-5
4,137;320;533;696,-7.169038701747609E-5
4,378;432;661;784,-7.156075243600754E-5
4,90;626;686;821,7.12526332439038E-5
4,203;425;433;506,7.116209253401529E-5
4,100;501;814;984,-7.101722771359184E-5
4,445;889;900;937,7.094730398788063E-5
4,71;120;204;209,7.082577861254316E-5
4,307;348;443;696,-7.080741110734976E-5
4,297;323;371;609,7.075767018250964E-5
4,468;482;746;887,7.075022469785245E-5
4,215;355;842;853,-7.05214607851535E-5
4,14;629;705;926,7.015149623630704E-5
4,228;442;459;882,7.002456689838009E-5
4,30;258;416;515,7.001238563463423E-5
4,219;706;710;739,6.988204761130304E-5
4,62;116;177;179,6.9868400752021E-5
4,74;211;597;659,-6.946500697009625E-5
4,425;634;755;796,-6.936604382247883E-5
4,346;741;885;892,6.908795497611077E-5
4,165;757;909;933,6.90785298122576E-5
4,361;571;714;894,6.867556964544902E-5
4,3;34;320;973,-6.854523726828708E-5
4,141;513;529;874,6.851303491308588E-5
4,672;704;914;924,-6.848569020875306E-5
4,419;652;737;779,-6.829606227109588E-5
4,638;698;722;778,-6.818312772115514E-5
4,6;111;316;486,-6.781120311265761E-5
4,177;422;696;915,6.777096572385423E-5
4,32;215;300;882,-6.77195302604588E-5
4,278;440;512;786,-6.760938325659113E-5
4,104;208;759;868,6.667902669374065E-5
4,300;683;925;947,6.666362139749917E-5
4,196;423;608;729,6.659745603129422E-5
4,514;869;883;899,-6.657445455353998E-5
4,53;714;769;855,-6.649294335351022E-5
4,296;407;625;743,6.629509204487963E-5
4,127;677;876;978,-6.626386032501266E-5
4,226;298;566;607,-6.602275157127119E-5
4,89;449;490;702,-6.597662721664854E-5
4,37;301;845;979,-6.581681059439904E-5
4,116;436;546;706,-6.539294574251962E-5
4,142;576;795;835,6.509649428652172E-5
4,319;398;408;873,-6.508380598573651E-5
4,217;504;693;935,6.486120951503095E-5
4,388;432;468;967,-6.476860825082476E-5
4,258;401;551;692,6.468773283507009E-5
4,88;122;237;519,-6.454341067056244E-5
4,4;30;688;841,6.454310585306216E-5
4,186;195;407;856,-6.44151931722231E-5
4,55;81;106;305,6.405556369173173E-5
4,259;474;569;856,6.403925230316976E-5
4,22;41;91;703,6.39929821281502E-5
4,86;663;683;844,-6.38922436294063E-5
4,110;157;400;505,6.383862363138307E-5
4,62;336;578;679,-6.379847555613961E-5
4,60;109;180;354,-6.339460685230625E-5
4,91;122;169;502,6.332437890594214E-5
4,568;632;833;922,6.321011093764495E-5
4,35;54;159;988,-6.306057987485259E-5
4,196;468;549;653,6.301450059314046E-5
4,180;217;255;447,-6.289296730410921E-5
4,694;879;888;974,6.28825513536979E-5
4,108;366;680;865,6.280665302883703E-5
4,151;226;265;447,6.265159244027824E-5
4,248;571;900;984,-6.253703456611356E-5
4,95;472;525;730,6.252013779266938E-5
4,235;412;548;786,6.241719772526541E-5
4,78;408;841;993,6.224613900408319E-5
4,319;386;805;939,6.208613198631218E-5
4,4;509;641;951,6.192816877723826E-5
4,140;570;761;763,-6.179226164502328E-5
4,153;456;940;984,-6.177603060945643E-5
4,212;406;837;912,6.16073262570845E-5
4,8;125;173;801,6.15154889249238E-5
4,62;572;584;981,6.127289978911429E-5
4,92;494;851;897,-6.112052992949003E-5
4,53;57;181;309,6.103348207973481E-5
4,60;393;463;636,6.0852576718971156E-5
4,5;742;771;815,-6.085189960879868E-5
4,16;146;182;190,-6.082588969461611E-5
4,183;501;926;931,6.077012069317073E-5
4,575;588;747;811,-6.0731407274621477E-5
4,193;319;743;744,-6.07163393323773E-5
4,149;234;319;536,-6.0635304026406465E-5
4,75;133;174;827,6.062135231834888E-5
4,20;424;839;863,6.035799543202147E-5
4,170;384;597;723,5.95172795377876E-5
4,227;620;822;922,5.950544563979162E-5
4,216;351;465;671,5.928958575859857E-5
4,67;346;514;537,5.922678824536971E-5
4,162;336;341;496,5.909215414732438E-5
4,152;193;438;801,5.904950966377996E-5
4,180;278;379;408,-5.904754129340953E-5
4,16;38;279;329,-5.9029874438728905E-5
4,401;473;690;830,5.8991476976260156E-5
4,325;504;525;731,5.896684208087405E-5
4,34;587;615;660,-5.892181891846847E-5
4,288;534;881;981,5.89038112025078E-5
4,158;178;623;758,5.889627183456897E-5
4,243;313;568;974,-5.883378800034369E-5
4,691;756;811;981,5.874871772910775E-5
4,10;386;903;972,-5.864854787656002E-5
4,460;675;795;899,-5.854473841215954E-5
4,179;227;880;908,-5.8511433189747524E-5
4,152;566;668;971,5.842710035725494E-5
4,521;587;766;995,-5.838817843794014E-5
4,261;425;460;818,-5.83743135230982E-5
4,330;440;465;959,5.836448323472958E-5
4,405;413;726;888,5.822358070131922E-5
4,0;181;253;341,-5.81741262237452E-5
4,474;638;687;910,5.79883538406536E-5
4,388;438;663;920,-5.79063648569612E-5
4,133;143;780;939,5.788134248534542E-5
4,118;449;624;673,-5.774794420140123E-5
4,73;463;732;744,-5.765785401909723E-5
4,98;181;475;809,-5.7543303596432256E-5
4,275;612;791;962,-5.729962828341661E-5
4,117;228;478;936,-5.720776902166009E-5
4,510;696;718;973,-5.71406500932821E-5
4,47;518;582;640,-5.6923975351589584E-5
4,73;315;705;724,5.6828221240561765E-5
4,318;753;929;997,5.6816508684365226E-5
4,35;334;543;759,5.670176267265108E-5
4,331;844;850;929,5.666831520399204E-5
4,328;518;753;930,5.662353927842013E-5
4,325;557;689;988,-5.6508762460818584E-5
4,797;804;876;939,5.6457537317388274E-5
4,516;726;886;992,-5.6312522820940884E-5
4,146;335;713;855,5.624970583237298E-5
4,94;269;483;633,5.617736057635111E-5
4,160;228;291;371,-5.616714490287708E-5
4,6;191;349;668,-5.603232545863209E-5
4,70;259;517;969,-5.5920516312816957E-5
4,417;584;685;774,-5.5683146792506104E-5
4,16;25;299;923,5.561329965798868E-5
4,173;746;939;989,5.5516442135900694E-5
4,56;114;406;910,5.5462717746756145E-5
4,766;893;915;919,5.539451191490698E-5
4,113;857;891;983,5.532842387139666E-5
4,123;261;559;938,-5.5108125491143445E-5
4,321;525;835;961,5.490060788495354E-5
4,482;554;713;977,5.473740381884035E-5
4,36;499;550;946,-5.458516894946847E-5
4,117;744;921;999,5.4544160244906135E-5
4,401;489;782;899,5.4530262745804966E-5
4,162;223;446;825,-5.4482100954919505E-5
4,296;382;812;951,-5.428836943181182E-5
4,30;706;750;950,5.4189050966541005E-5
4,349;406;484;913,-5.41741275476208E-5
4,26;103;421;487,5.4127822224552114E-5
4,61;173;379;556,-5.394996095822214E-5
4,323;362;725;918,5.376775622374502E-5
4,69;310;418;586,5.357775308651731E-5
4,9;267;658;750,5.352262321933444E-5
4,80;419;449;569,5.336657445838748E-5
4,214;368;813;957,-5.3143492418963524E-5
4,113;155;158;188,5.311375956694725E-5
4,325;483;930;982,-5.3022844141405026E-5
4,218;743;806;887,-5.299748898119697E-5
4,300;732;741;991,5.297246486680122E-5
4,251;289;315;691,-5.276334628734946E-5
4,14;166;493;819,5.265606151727582E-5
4,38;147;215;989,5.2617112466983834E-5
4,90;406;546;707,5.25234414063608E-5
4,186;205;408;698,-5.228967289648798E-5
4,75;653;656;928,5.216485213181649E-5
4,670;823;918;929,5.2134469433559576E-5
4,38;85;371;722,-5.206448937649246E-5
4,194;254;517;739,-5.197984535314618E-5
4,26;678;789;896,-5.174464826366719E-5
4,9;37;317;999,-5.169725110335404E-5
4,711;724;808;915,-5.1402434752152044E-5
4,276;441;502;731,-5.1339892914195095E-5
4,309;578;960;971,5.1151313425418064E-5
4,173;437;937;955,5.114612466187028E-5
4,584;599;899;955,5.106771154630395E-5
4,147;505;766;907,-5.0535987573751614E-5
4,228;709;866;907,5.041099079874812E-5
4,16;583;605;950,5.038063489699325E-5
4,489;535;557;830,5.0245778675768915E-5
4,554;654;705;814,-5.0238636283238137E-5
4,33;243;441;662,5.019547839453676E-5
4,511;600;624;974,-5.00102463981377E-5
4,147;441;643;726,-4.981847678777378E-5
4,175;221;413;683,-4.970562897111612E-5
4,245;376;389;860,-4.9628767897656195E-5
4,200;304;454;957,-4.934286845091588E-5
4,378;443;728;819,4.9285272714630534E-5
4,48;476;766;948,-4.923421682594142E-5
4,25;405;804;920,4.912007763353729E-5
4,131;262;334;573,-4.8984852713814676E-5
4,155;343;586;631,-4.8781062559564245E-5
4,449;533;820;858,4.876833816292034E-5
4,0;493;718;858,-4.863276223027592E-5
4,78;183;227;918,-4.847738929629757E-5
4,74;789;806;888,4.8340126379975734E-5
4,166;195;222;795,4.8320814838746287E-5
4,324;690;719;933,-4.830108303720612E-5
4,121;473;682;833,-4.816581628332861E-5
4,279;577;903;952,-4.7496484428264566E-5
4,664;734;824;952,-4.74608796645689E-5
4,150;392;590;685,4.708665804900109E-5
4,310;433;458;962,4.698014297269067E-5
4,160;322;604;814,4.6941615716115134E-5
4,136;253;581;711,-4.6858736243327315E-5
4,121;522;530;988,4.6468610884057284E-5
4,22;94;302;339,-4.627686168728956E-5
4,255;666;699;882,-4.600261815957207E-5
4,126;166;297;520,-4.572386609475181E-5
4,486;608;964;985,4.558828105563795E-5
4,29;305;533;957,4.547585887615342E-5
4,60;82;602;802,4.546344757645399E-5
4,94;537;759;939,4.5351559528475026E-5
4,163;658;677;883,-4.515805151944503E-5
4,9;564;787;922,4.504674374277722E-5
4,130;140;284;902,-4.494143013442384E-5
4,6;119;341;892,4.4872887971107776E-5
4,44;291;565;956,4.4792934998886374E-5
4,515;563;598;947,4.4713699499217945E-5
4,604;618;645;932,-4.440612259296295E-5
4,70;263;840;945,4.438847052743204E-5
4,2;21;600;697,-4.4326237545018E-5
4,19;32;291;663,-4.4286476091101204E-5
4,144;190;657;778,-4.4099259118600294E-5
4,385;670;877;946,-4.364053797697068E-5
4,92;419;594;964,-4.3476053367873436E-5
4,255;437;668;822,-4.3376833493796435E-5
4,31;520;927;959,-4.317534067415689E-5
4,84;357;552;593,4.316387891677355E-5
4,41;73;535;784,-4.3090885421718504E-5
4,52;526;725;887,-4.305506965170127E-5
4,176;343;366;720,-4.294083988517526E-5
4,206;222;842;980,4.28073559730529E-5
4,239;642;681;910,-4.26382284212776E-5
4,107;352;560;887,-4.263724764908986E-5
4,254;371;522;707,4.261795584033589E-5
4,25;198;333;769,4.2552703497523326E-5
4,8;606;653;678,-4.2435740237504474E-5
4,297;738;754;969,4.2410624321398855E-5
4,100;109;246;411,4.2321609543471155E-5
4,118;435;441;534,4.218035791370129E-5
4,514;611;618;940,-4.187717391408721E-5
4,124;288;370;792,4.1857563704548435E-5
4,465;515;682;896,4.1760794648051916E-5
4,344;414;449;979,4.175708601637024E-5
4,422;478;918;995,4.158651329482522E-5
4,63;175;273;727,-4.148314964316252E-5
4,165;252;456;776,4.127801345680347E-5
4,354;419;596;720,4.121776335505034E-5
4,267;316;370;698,4.10933141940767E-5
4,478;652;872;972,4.106260540288575E-5
4,257;736;853;980,4.0567871039544555E-5
4,120;190;609;884,-4.046630522030726E-5
4,316;536;812;841,-4.043989797190078E-5
4,259;583;893;922,-4.0391045295590216E-5
4,339;449;554;996,-4.0325473134135526E-5
4,43;817;876;975,-4.02645668796555E-5
4,40;212;383;483,4.0250893019732946E-5
4,15;101;367;474,4.0226948875118545E-5
4,332;437;552;949,-4.0226817437293253E-5
4,2;190;721;809,-4.020479970902924E-5
4,424;738;811;840,-4.020241835868343E-5
4,99;414;557;786,4.009370089532096E-5
4,17;282;569;779,-3.991713461447925E-5
4,56;264;589;973,3.983199150168048E-5
4,224;391;427;710,-3.9798772396599236E-5
4,23;225;318;688,-3.9751417238068375E-5
4,0;98;370;612,-3.974538748646937E-5
4,36;460;521;539,-3.939479469972846E-5
4,447;712;805;855,-3.929733926759595E-5
4,441;444;535;795,-3.924903873251046E-5
4,205;317;578;640,-3.9194842379654866E-5
4,90;584;739;884,-3.918782278237271E-5
4,151;316;375;388,-3.916379062912505E-5
4,508;522;752;958,3.909814997258595E-5
4,250;409;607;775,-3.8942416442234125E-5
4,122;234;488;963,-3.891338265956265E-5
4,124;337;512;713,-3.884840990242931E-5
4,294;554;736;878,3.87588600538198E-5
4,47;168;244;436,-3.8701128790367254E-5
4,139;301;440;794,3.8651719032123684E-5
4,58;169;177;615,3.8639445167380925E-5
4,405;645;714;722,3.8581852771530605E-5
4,298;426;768;861,-3.8554817743750593E-5
4,84;257;327;775,3.851618827145126E-5
4,535;536;760;915,-3.84772839187669E-5
4,83;499;767;995,3.839027842005738E-5
4,29;161;387;708,3.830562414692696E-5
4,12;241;396;722,-3.827424449381603E-5
4,232;725;817;894,3.807744783625461E-5
4,351;459;550;659,-3.797259287331785E-5
4,351;542;548;802,-3.78735090198773E-5
4,339;455;783;843,3.7316605285813265E-5
4,77;128;695;834,-3.711593848435832E-5
4,3;677;949;966,-3.690351958441709E-5
4,240;590;766;802,3.687889875361442E-5
4,396;469;528;835,-3.6875153342335515E-5
4,37;170;530;604,-3.681582371979113E-5
4,100;300;534;997,3.6804101905065646E-5
4,121;481;586;655,3.653915725607605E-5
4,137;716;841;926,3.65284307959317E-5
4,152;328;485;713,-3.6489423717567274E-5
4,343;593;647;940,3.6474494962612255E-5
4,329;401;520;540,3.6444867900469705E-5
4,38;520;523;553,-3.628732856930195E-5
4,271;359;825;850,3.620235448708188E-5
4,376;601;642;868,3.6197312525633715E-5
4,215;565;887;981,3.612219980789557E-5
4,27;344;844;993,3.6110936474356847E-5
4,70;197;688;719,-3.596201135254995E-5
4,448;671;715;751,3.57702853155839E-5
4,169;492;588;644,-3.567449293329987E-5
4,657;736;842;994,3.553847781409087E-5
4,0;41;234;596,-3.546079397167352E-5
4,251;405;896;997,-3.527271474524014E-5
4,258;764;769;944,-3.5221881790268306E-5
4,13;251;312;731,3.519080214598523E-5
4,166;405;783;914,3.500772943498678E-5
4,224;345;738;890,3.490138938900443E-5
4,380;438;509;779,3.487273218031515E-5
4,135;243;463;773,3.484810214136367E-5
4,596;618;677;739,-3.4635336703617003E-5
4,722;843;870;888,-3.4583733164387014E-5
4,366;464;525;548,3.454194372130692E-5
4,17;438;626;827,-3.449677670021109E-5
4,178;322;541;790,-3.44644808900291E-5
4,41;263;289;908,-3.437854891132796E-5
4,36;406;562;613,3.409059924694526E-5
4,74;256;538;774,3.395827623272397E-5
4,572;802;938;965,3.391458471030298E-5
4,6;106;640;887,3.390099646900617E-5
4,32;348;450;617,-3.3889761871953357E-5
4,208;240;442;901,3.387068995536496E-5
4,48;189;500;679,-3.3816496962049254E-5
4,127;313;770;985,-3.3786859950704624E-5
4,105;446;745;844,-3.364586174085247E-5
4,154;364;405;433,3.3547838016103846E-5
4,90;223;491;729,3.341541080796511E-5
4,154;192;816;944,3.328642931241191E-5
4,472;717;765;995,-3.283487393510683E-5
4,29;467;469;791,-3.2811254451700075E-5
4,129;195;643;713,3.262412089808668E-5
4,31;50;479;653,-3.260063667685703E-5
4,244;333;799;946,-3.251426519360312E-5
4,96;223;801;971,3.25102748920525E-5
4,342;547;586;970,3.2495795675125565E-5
4,70;274;656;824,-3.2450427084336113E-5
4,122;248;444;905,3.2418565120367264E-5
4,180;277;283;572,3.23950584543497E-5
4,152;374;617;876,-3.237778435801639E-5
4,145;175;475;650,-3.2311006819979615E-5
4,414;641;680;717,3.22818916999924E-5
4,182;563;756;834,3.225386984897608E-5
4,437;747;884;921,3.2166286120618677E-5
4,210;375;845;924,-3.214915400646135E-5
4,282;417;651;860,-3.210172101959629E-5
4,39;204;884;907,3.195973364779957E-5
4,34;351;702;839,3.188643241093978E-5
4,156;196;269;889,-3.183302055054959E-5
4,189;239;622;765,3.1827521133062897E-5
4,193;569;598;932,-3.1509950536623695E-5
4,99;505;566;580,3.1305963345110666E-5
4,373;715;793;908,3.1269669288409106E-5
4,5;255;522;832,-3.1122330954496275E-5
4,222;397;538;722,3.0895742702751494E-5
4,152;208;293;650,-3.086950099504708E-5
4,80;242;411;608,-3.079682312159737E-5
4,468;479;684;697,3.070626951647955E-5
4,89;402;422;884,-3.069672154520744E-5
4,322;588;868;899,-3.0435514786511964E-5
4,142;414;739;798,3.041150132148663E-5
4,300;627;895;933,3.0390541755891218E-5
4,203;238;296;949,-3.0356685482570763E-5
4,360;721;837;940,3.0321936221533404E-5
4,247;256;473;976,-3.000430036968449E-5
4,33;113;863;961,-2.9946442399740357E-5
4,145;359;813;814,2.9937178276352595E-5
4,152;331;922;954,-2.9823519671131277E-5
4,14;62;455;912,2.963953682021727E-5
4,292;381;670;866,-2.9625028790384832E-5
4,107;637;775;798,2.9309882626837947E-5
4,379;460;510;751,-2.9046840680995246E-5
4,431;453;838;969,2.9026316523676064E-5
4,409;669;858;974,-2.8700353934880698E-5
4,418;709;879;946,2.8655960867135352E-5
4,36;92;345;871,-2.862502075678694E-5
4,48;133;710;817,-2.852216971099416E-5
4,231;450;694;888,-2.8457513879473708E-5
4,270;494;759;962,2.8158693508783167E-5
4,34;45;555;869,-2.8123894397438142E-5
4,101;546;627;879,-2.8101490920936224E-5
4,440;482;563;845,-2.800718541655667E-5
4,8;215;319;455,-2.800581875885975E-5
4,190;598;725;933,2.7953395925760752E-5
4,110;312;389;390,-2.793765396619509E-5
4,271;540;727;806,-2.7707687298018585E-5
4,249;644;746;813,-2.765385606519471E-5
4,332;365;600;753,2.7609259071641316E-5
4,11;167;652;798,2.760378503541734E-5
4,369;554;860;999,-2.7355644082811887E-5
4,7;41;358;359,2.734082432782883E-5
4,565;671;700;749,-2.7259714339372835E-5
4,16;65;294;789,2.7206895277154796E-5
4,172;174;379;933,2.712271321100279E-5
4,68;154;183;569,2.710799133481761E-5
4,69;150;415;957,2.7066640318143937E-5
4,184;265;295;771,-2.704346280401826E-5
4,86;347;455;576,-2.7005619422758477E-5
4,129;434;659;983,2.6877114661378926E-5
4,314;398;521;940,-2.6783608710539206E-5
4,91;349;661;929,2.662553609229734E-5
4,238;593;783;885,2.6454870112975426E-5
4,89;141;225;230,2.633066762156446E-5
4,22;102;382;592,2.6306096400420024E-5
4,333;528;573;875,-2.6056644746170657E-5
4,96;642;651;970,2.5937486870286457E-5
4,133;138;251;680,-2.5555760001826946E-5
4,685;835;879;890,2.544866190368326E-5
4,490;774;856;938,-2.5233963931670476E-5
4,199;292;498;734,2.5185155940797205E-5
4,364;526;576;857,-2.506769247143275E-5
4,221;267;276;788,2.5034622305638862E-5
4,45;200;564;920,2.482242179835057E-5
4,386;474;669;867,2.468335426181816E-5
4,378;606;741;916,-2.4657915083257285E-5
4,19;47;521;621,-2.4639815623820594E-5
4,636;806;837;937,-2.4559090868410452E-5
4,435;436;517;562,2.4543941720886088E-5
4,437;587;662;867,2.4541834449939425E-5
4,42;222;558;662,2.429689906053393E-5
4,120;667;732;994,-2.3776503501448916E-5
4,187;411;662;956,-2.3722607557064707E-5
4,13;285;761;767,2.368291200408637E-5
4,181;272;305;621,2.3579659017836923E-5
4,76;287;358;791,2.343347669411531E-5
4,34;85;294;538,2.336430948807878E-5
4,225;640;813;978,-2.3272700363119675E-5
4,173;527;727;878,-2.3235016445473927E-5
4,134;181;493;685,2.3155036248449613E-5
4,286;701;823;955,-2.3037523516072452E-5
4,401;670;687;746,-2.2973034895931138E-5
4,114;252;700;817,2.2920448569808733E-5
4,327;602;891;979,2.2866211740722918E-5
4,82;384;401;947,2.283175336032122E-5
4,243;306;537;661,2.2611446908299366E-5
4,115;605;635;874,-2.259547710204671E-5
4,45;190;264;888,2.2224951288099593E-5
4,166;457;546;901,2.204459545700895E-5
4,110;304;446;645,-2.198473354388139E-5
4,159;373;818;990,2.1973629669640062E-5
4,240;916;961;984,-2.1873614198410538E-5
4,178;646;656;891,-2.1826490017627397E-5
4,95;384;422;510,2.1583403343956982E-5
4,570;583;685;953,-2.1527231390775768E-5
4,163;332;898;916,2.150399267145342E-5
4,497;545;591;950,2.1359185898207296E-5
4,519;688;765;832,2.1322468315480847E-5
4,141;408;934;988,-2.1202284498054802E-5
4,43;94;230;614,-2.118176907975586E-5
4,5;882;885;894,-2.1159379720835425E-5
4,399;675;835;879,-2.1069394057371587E-5
4,239;651;675;778,2.0854641173558952E-5
4,124;229;359;519,2.0733522468313065E-5
4,51;113;194;280,-2.067317925037101E-5
4,116;402;433;625,2.049794641222643E-5
4,210;228;407;865,-2.043733326939552E-5
4,10;410;590;860,-2.0428202583749467E-5
4,102;262;520;565,2.041488830106753E-5
4,294;507;522;835,-2.016281996099501E-5
4,311;344;436;590,-2.0162365221585543E-5
4,413;435;510;778,-2.0034977137481688E-5
4,130;567;745;968,1.99684340253225E-5
4,7;437;504;760,-1.995797531205159E-5
4,418;814;932;943,-1.9752068418951338E-5
4,315;485;535;925,1.94253859597418E-5
4,108;542;926;941,1.9417052173557006E-5
4,185;268;793;857,1.9322591081994154E-5
4,158;347;590;991,1.9322205521407668E-5
4,15;526;639;659,-1.918423798863332E-5
4,68;113;744;781,1.9156911938629687E-5
4,315;404;445;926,-1.9096058443973566E-5
4,140;263;422;958,-1.8751843342771523E-5
4,209;277;510;776,-1.832224865953111E-5
4,134;465;565;859,1.8183284125839242E-5
4,123;139;472;833,-1.817976994944453E-5
4,141;184;349;464,1.8150979541045103E-5
4,13;212;341;380,1.8115488251518638E-5
4,65;401;478;962,1.8111833814005142E-5
4,29;242;293;919,1.8036917036278377E-5
4,47;264;367;841,-1.794024749536365E-5
4,158;203;386;553,1.785829215758985E-5
4,240;876;878;988,-1.7802628375210227E-5
4,106;448;559;618,-1.777866546333603E-5
4,3;71;123;321,1.772079686568702E-5
4,8;131;283;612,-1.768572955482699E-5
4,40;254;486;918,1.7605109790003503E-5
4,285;594;867;975,-1.7587491370391173E-5
4,39;196;340;583,1.758551458854109E-5
4,143;213;712;828,-1.7535558144972376E-5
4,23;58;311;918,-1.744258864616072E-5
4,42;149;494;887,-1.727253341911459E-5
4,127;156;295;633,1.720294292246683E-5
4,24;63;310;847,1.71057488595377E-5
4,438;542;705;968,-1.7096901456203863E-5
4,327;448;504;701,1.7001025334426247E-5
4,314;373;982;999,1.6813976499391266E-5
4,22;92;174;713,-1.6709189584133157E-5
4,12;67;478;960,-1.6586718270985546E-5
4,553;715;833;910,-1.6513626490554546E-5
4,94;388;600;706,1.6308244294949786E-5
4,233;607;760;862,-1.6269999083546054E-5
4,174;196;207;584,-1.6240702607639634E-5
4,54;336;350;400,-1.6213744948617708E-5
4,38;118;257;402,1.6146418648000643E-5
4,164;534;731;863,-1.6004092928333554E-5
4,284;773;787;895,1.5892891783352967E-5
4,15;201;296;434,-1.587721710345411E-5
4,360;471;717;794,-1.5843499767220925E-5
4,350;599;730;929,-1.5815570404270875E-5
4,81;646;725;755,1.569417730425557E-5
4,118;380;692;852,-1.546542790878161E-5
4,191;630;687;768,1.5450150813308598E-5
4,507;540;648;878,-1.535193949224195E-5
4,161;323;460;587,1.533891456896027E-5
4,24;91;182;432,-1.533003546924415E-5
4,43;178;263;978,1.5166610969733915E-5
4,45;287;368;722,-1.4839349796959715E-5
4,42;235;840;911,1.4728294015417802E-5
4,45;399;516;893,-1.4710542530748716E-5
4,64;262;286;718,-1.4697608867945349E-5
4,282;682;764;971,1.4600603992054665E-5
4,188;456;663;946,1.459364346278147E-5
4,259;453;773;951,1.4557551394521965E-5
4,473;529;566;644,-1.45381341190347E-5
4,28;109;214;776,1.4345672043776417E-5
4,426;485;673;800,1.4228906194624241E-5
4,66;94;267;476,-1.415170399581324E-5
4,524;556;686;811,1.4044417456920123E-5
4,436;441;532;659,-1.4022290701725552E-5
4,1;8;441;728,-1.3955221091976188E-5
4,45;330;579;695,1.3778524307249678E-5
4,51;102;344;573,1.3755519245793089E-5
4,129;173;718;812,1.3354247423204478E-5
4,61;111;478;696,1.3259012710148385E-5
4,219;384;489;735,-1.3248255475391894E-5
4,720;787;922;942,-1.3110296650362528E-5
4,249;511;900;955,1.3109989033658738E-5
4,58;322;819;830,1.3097897234613216E-5
4,62;699;726;847,1.3033414489120293E-5
4,5;213;766;855,1.2956441797201713E-5
4,221;225;481;911,1.2954429940324572E-5
4,187;301;899;959,-1.2846866022424998E-5
4,61;586;670;802,-1.2749904426284702E-5
4,155;385;446;874,-1.2736099703661498E-5
4,88;458;711;727,1.2643469818517904E-5
4,14;187;322;695,1.2564139323528394E-5
4,147;419;776;785,1.238725538295509E-5
4,200;674;680;855,-1.2378915813329783E-5
4,4;190;408;818,-1.2361010486875219E-5
4,165;558;844;899,1.2062207802680303E-5
4,26;459;717;902,-1.1971379004425083E-5
4,215;258;608;959,1.1885883170736773E-5
4,153;535;800;862,-1.1815613424110916E-5
4,846;917;940;973,1.1621831610224371E-5
4,141;312;461;629,-1.1381190553672156E-5
4,134;266;442;838,-1.1283219494921698E-5
4,147;308;326;970,-1.1135956630610747E-5
4,59;345;889;992,1.091130512665582E-5
4,67;357;427;537,1.0794653001874745E-5
4,383;702;956;985,1.0657749583756066E-5
4,35;327;416;908,-1.0655804135155731E-5
4,187;272;367;382,-1.0583430776006388E-5
4,18;234;277;443,1.0556691263752138E-5
4,47;157;642;970,1.048100703282804E-5
4,169;235;409;720,1.0462340171270081E-5
4,64;225;357;516,-1.0225416270809785E-5
4,1;35;821;945,1.0163563792725824E-5
4,24;377;492;755,-1.016327142474787E-5
4,21;67;333;549,1.0083590911628727E-5
4,358;469;526;887,-1.0060115226979639E-5
4,418;454;502;504,-1.0023195987668411E-5
4,35;81;418;508,-9.940014927502593E-6
4,170;241;264;700,-9.804505788909409E-6
4,455;608;850;931,9.695395147532108E-6
4,185;578;615;987,9.557704059823737E-6
4,330;593;646;743,9.54789947240474E-6
4,143;269;507;801,9.406855730065993E-6
4,8;585;668;694,-9.375527777737494E-6
4,81;313;382;498,9.331663522869037E-6
4,361;585;869;942,-9.202669269357812E-6
4,30;119;151;795,-9.194023245448283E-6
4,387;579;651;677,-9.123049364587917E-6
4,31;341;553;953,-9.112006679056254E-6
4,452;538;684;920,9.108165579165232E-6
4,247;397;620;677,9.051961400540599E-6
4,89;376;718;811,-9.041598250780824E-6
4,80;582;946;996,-8.910118212356856E-6
4,433;679;856;969,8.822374600717844E-6
4,166;258;561;733,-8.80747577332565E-6
4,113;478;772;915,-8.753294657025534E-6
4,150;294;463;784,-8.738764013858702E-6
4,167;252;341;925,-8.718880346108849E-6
4,12;18;890;936,-8.455776148198383E-6
4,513;567;783;915,-8.441881317963959E-6
4,372;754;930;959,8.313730377343051E-6
4,217;589;871;948,8.201028862381208E-6
4,193;429;983;998,-8.194701761268692E-6
4,108;354;395;503,-8.05828196756788E-6
4,198;509;649;773,-7.942019297210112E-6
4,214;722;855;899,7.866258116276351E-6
4,84;502;968;994,7.856095402447998E-6
4,47;213;538;694,-7.85499091062361E-6
4,203;291;379;788,-7.770163782562699E-6
4,144;238;559;719,7.70008036907499E-6
4,59;572;719;731,-7.68745090520171E-6
4,66;202;357;401,7.539772736076242E-6
4,103;745;772;837,-7.4229610581720424E-6
4,175;204;917;920,-7.305525532940997E-6
4,207;587;594;619,-7.09497944247696E-6
4,50;143;238;430,-6.950052696607257E-6
4,7;676;823;948,6.948521311364427E-6
4,51;708;786;790,-6.895474763893177E-6
4,109;400;458;889,-6.718388052996877E-6
4,45;367;513;874,6.561557113952066E-6
4,44;246;843;942,6.380989571078508E-6
4,118;177;712;775,6.290446098497514E-6
4,636;693;743;991,-6.150366726753558E-6
4,277;312;345;556,-6.147358968827996E-6
4,29;103;912;936,5.8922014805161755E-6
4,375;613;783;860,5.8912845389462945E-6
4,34;110;855;921,-5.851785850367344E-6
4,122;650;936;943,5.417281899749334E-6
4,31;151;327;862,-5.414413435108983E-6
4,229;554;615;748,-5.396980115811051E-6
4,431;705;707;747,-5.39457585586546E-6
4,128;158;414;500,5.269254843638549E-6
4,325;435;777;822,-5.248221839632909E-6
4,128;341;797;965,5.22109899780563E-6
4,229;604;690;810,5.139935132250515E-6
4,174;423;428;602,-4.974139130836261E-6
4,152;256;452;485,-4.749890325797361E-6
4,195;568;653;666,4.730933695643188E-6
4,471;515;594;737,-4.517624835667672E-6
4,141;179;743;770,-4.517550656204197E-6
4,322;336;892;901,-4.39687970537872E-6
4,231;627;846;928,-4.222813483407424E-6
4,155;683;829;878,-4.14080201671739E-6
4,194;506;623;691,3.998737798289194E-6
4,265;430;434;867,3.8968068060221686E-6
4,232;281;547;890,-3.7672645553245845E-6
4,206;292;525;898,-3.7325641464051873E-6
4,168;368;371;872,-3.53242641758144E-6
4,24;195;374;908,3.287541899315266E-6
4,156;267;477;504,-3.1163565272573844E-6
4,109;343;444;720,-2.970330548259362E-6
4,205;357;550;581,2.8590144226623705E-6
4,48;306;568;904,-2.8064886449566467E-6
4,273;525;956;966,-2.639623335359019E-6
4,188;330;595;925,1.5554399625425999E-6
4,148;161;882;934,-1.5505082408246857E-6
4,179;453;609;724,1.4445971776862673E-6
4,382;489;934;947,-1.3806043769665766E-6
4,24;584;716;754,-1.1183441921720218E-6
4,16;55;311;671,-8.097129137070933E-7
4,150;636;703;768,-6.770144566479522E-7
4,126;592;696;920,-6.472147272262932E-7
4,271;574;770;837,-5.452667868990069E-7
4,57;424;446;783,-5.056429035114607E-7
4,240;264;337;484,-4.78107351015597E-7
4,276;288;300;971,4.2655581406923773E-7
4,24;776;806;855,4.1725040561173963E-7
4,105;125;542;996,-4.015520655074045E-7
4,596;737;879;881,3.678152295944689E-7
4,152;154;462;892,-2.826016747928609E-7
4,174;330;427;437,-1.4121452309157763E-7
